zone_id,origin_side,current_side,lower,upper,origin_timestamp,available_timestamp,qualified_timestamp,qualified_lower,qualified_upper,qualified_score,qualified_sources,status,score,current_score,sources,source_details,pivot_count,last_pivot_bar_index,approach_ready,pending_touch_bar_index,rejection_cooldown_until,touches,retests,last_touch_timestamp,break_timestamp,invalidated_timestamp
1,demand,demand,410.59,410.85,2021-04-20T18:00:00Z,2021-04-21T15:00:00Z,,,,,,expired,2,2,pivot|role_flip,pivot:2021-04-20T18:00:00Z,1,15,True,,165,1,2,2021-05-19T20:00:00Z,2021-05-13T19:00:00Z,2021-06-09T18:00:00Z
2,supply,supply,416.1,416.78,2021-04-22T16:00:00Z,2021-04-22T18:00:00Z,,,,,,expired,4,4,order_block|pivot|role_flip|volume_profile,order_block:2021-04-22T16:00:00Z|structure_break:2021-04-22T17:00:00Z|pivot:2021-04-22T17:00:00Z|volume:POC:2021-05-05:416.565208,1,28,False,,176,5,6,2021-05-21T17:00:00Z,2021-05-24T14:30:00Z,2021-06-01T20:00:00Z
4,demand,demand,411.13,411.83,2021-04-22T18:00:00Z,2021-04-23T15:00:00Z,,,,,,expired,2,2,pivot|role_flip,pivot:2021-04-22T18:00:00Z,1,29,False,,158,2,2,2021-05-18T20:00:00Z,2021-05-19T14:30:00Z,2021-05-26T20:00:00Z
5,supply,supply,417.5323495740133,418.25,2021-04-23T19:00:00Z,2021-04-26T16:00:00Z,,,,,,expired,3,3,pivot|role_flip|volume_profile,pivot:2021-04-23T19:00:00Z|volume:POC:2021-04-26:417.725208,1,37,False,,92,1,4,2021-05-05T17:00:00Z,2021-05-06T20:00:00Z,2021-05-14T19:00:00Z
6,supply,demand,418.0866820613339,418.22,2021-04-26T19:00:00Z,2021-04-27T16:00:00Z,,,,,,expired,2,2,pivot|role_flip,pivot:2021-04-26T19:00:00Z,1,44,False,,68,1,3,2021-04-30T14:30:00Z,2021-04-30T15:00:00Z,2021-05-10T14:30:00Z
7,demand,demand,416.3,416.85,2021-04-27T14:00:00Z,2021-04-27T18:00:00Z,,,,,,expired,3,3,pivot|role_flip|volume_profile,pivot:2021-04-27T14:00:00Z|volume:POC:2021-05-05:416.565208,1,46,False,,174,3,4,2021-05-21T15:00:00Z,2021-05-21T16:00:00Z,2021-06-01T15:00:00Z
8,supply,supply,418.33626033318296,418.45,2021-04-28T14:00:00Z,2021-04-28T18:00:00Z,,,,,,expired,2,2,pivot|role_flip,pivot:2021-04-28T14:00:00Z,1,53,False,,81,0,2,2021-05-03T20:00:00Z,2021-05-06T20:00:00Z,2021-05-14T19:00:00Z
9,demand,demand,416.9,417.49,2021-04-28T18:00:00Z,2021-04-29T15:00:00Z,2021-05-17T15:00:00Z,416.9,417.49,3,pivot|repeated_pivot|role_flip,expired,3,3,pivot|repeated_pivot|role_flip,pivot:2021-04-28T18:00:00Z|pivot:2021-05-14T18:00:00Z,2,141,True,,230,2,4,2021-06-03T14:30:00Z,2021-05-21T14:30:00Z,2021-06-17T18:00:00Z
10,supply,supply,420.33,420.72,2021-04-29T13:30:00Z,2021-04-29T17:00:00Z,,,,,,expired,1,1,pivot,pivot:2021-04-29T13:30:00Z,1,59,False,,69,1,0,2021-04-29T19:00:00Z,2021-05-07T14:30:00Z,2021-05-14T20:00:00Z
11,demand,supply,416.44,417.1711421753041,2021-04-29T16:00:00Z,2021-04-29T20:00:00Z,,,,,,expired,3,3,pivot|role_flip|volume_profile,pivot:2021-04-29T16:00:00Z|volume:POC:2021-05-05:416.565208,1,62,False,,311,4,5,2021-06-18T19:00:00Z,2021-06-18T15:00:00Z,2021-06-18T20:00:00Z
12,demand,supply,416.34,417.07,2021-04-30T19:00:00Z,2021-05-03T16:00:00Z,,,,,,expired,3,3,pivot|role_flip|volume_profile,pivot:2021-04-30T19:00:00Z|volume:POC:2021-05-05:416.565208,1,72,False,,95,0,1,2021-05-05T20:00:00Z,2021-05-06T20:00:00Z,2021-05-14T19:00:00Z
13,supply,supply,419.49,419.84,2021-05-03T13:30:00Z,2021-05-03T17:00:00Z,,,,,,expired,1,1,pivot,pivot:2021-05-03T13:30:00Z,1,73,False,,-1,0,0,,2021-05-07T14:30:00Z,2021-05-14T20:00:00Z
14,supply,demand,418.57,419.27,2021-05-03T18:00:00Z,2021-05-04T14:30:00Z,,,,,,expired,3,3,order_block|role_flip|volume_profile,order_block:2021-05-03T18:00:00Z|structure_break:2021-05-04T13:30:00Z|volume:POC:2021-05-03:418.613750,0,,False,,115,1,1,2021-05-10T19:00:00Z,2021-05-10T20:00:00Z,2021-05-18T19:00:00Z
15,demand,demand,411.67,412.12,2021-05-04T15:00:00Z,2021-05-04T19:00:00Z,2021-05-13T18:00:00Z,411.67,412.12,3,pivot|repeated_pivot|role_flip,expired,3,3,pivot|repeated_pivot|role_flip,pivot:2021-05-04T15:00:00Z|pivot:2021-05-13T14:00:00Z,2,130,True,,166,1,2,2021-05-20T14:30:00Z,2021-05-14T14:30:00Z,2021-06-23T15:00:00Z
16,supply,supply,416.9,417.63,2021-05-05T16:00:00Z,2021-05-05T20:00:00Z,2021-05-06T19:00:00Z,416.9,417.63,2,pivot|repeated_pivot,expired,2,2,pivot|repeated_pivot,pivot:2021-05-05T16:00:00Z|pivot:2021-05-06T15:00:00Z,2,96,False,,100,1,0,2021-05-06T16:00:00Z,2021-05-06T20:00:00Z,2021-05-14T19:00:00Z
17,demand,demand,413.67,414.50088271314974,2021-05-06T14:00:00Z,2021-05-06T18:00:00Z,,,,,,expired,2,2,pivot|role_flip,pivot:2021-05-06T14:00:00Z,1,95,False,,155,2,2,2021-05-18T15:00:00Z,2021-05-18T20:00:00Z,2021-05-26T19:00:00Z
19,demand,supply,415.66,416.23,2021-05-06T18:00:00Z,2021-05-06T20:00:00Z,,,,,,expired,2,2,order_block|role_flip,order_block:2021-05-06T18:00:00Z|structure_break:2021-05-06T19:00:00Z,0,,False,,140,0,1,2021-05-14T16:00:00Z,2021-05-14T18:00:00Z,2021-05-24T17:00:00Z
20,supply,demand,422.54,422.82,2021-05-07T15:00:00Z,2021-05-07T19:00:00Z,2021-06-01T17:00:00Z,422.54,422.82,2,pivot|repeated_pivot,expired,3,3,pivot|repeated_pivot|role_flip,pivot:2021-05-07T15:00:00Z|pivot:2021-06-01T13:30:00Z|pivot:2021-06-04T19:00:00Z|pivot:2021-06-23T19:00:00Z,4,331,True,,330,10,3,2021-06-23T17:00:00Z,2021-06-22T19:00:00Z,2021-06-28T15:00:00Z
21,demand,demand,421.03,421.59,2021-05-10T14:00:00Z,2021-05-10T18:00:00Z,,,,,,expired,1,1,pivot,pivot:2021-05-10T14:00:00Z,1,109,False,,-1,0,0,,2021-05-10T19:00:00Z,2021-05-18T18:00:00Z
22,supply,supply,421.7805924001876,422.48,2021-05-10T15:00:00Z,2021-05-10T19:00:00Z,,,,,,expired,3,3,order_block|role_flip|volume_profile,order_block:2021-05-10T15:00:00Z|structure_break:2021-05-10T18:00:00Z|volume:POC:2021-05-07:421.981250,0,,False,,297,4,2,2021-06-22T15:00:00Z,2021-06-22T19:00:00Z,2021-06-30T18:00:00Z
23,supply,demand,413.8926372096254,414.89,2021-05-11T13:30:00Z,2021-05-11T15:00:00Z,,,,,,expired,3,3,order_block|role_flip|volume_profile,order_block:2021-05-11T13:30:00Z|structure_break:2021-05-11T14:00:00Z|volume:POC:2021-05-17:414.811875,0,,False,,140,2,1,2021-05-18T19:00:00Z,2021-05-18T20:00:00Z,2021-05-26T19:00:00Z
24,demand,supply,410.06,411.24181492547314,2021-05-11T14:00:00Z,2021-05-11T18:00:00Z,,,,,,expired,2,2,pivot|role_flip,pivot:2021-05-11T14:00:00Z,1,116,False,,126,1,1,2021-05-12T16:00:00Z,2021-05-13T15:00:00Z,2021-05-21T14:30:00Z
25,demand,demand,404.0,405.3361561963673,2021-05-12T19:00:00Z,2021-05-13T16:00:00Z,,,,,,expired,1,1,pivot,pivot:2021-05-12T19:00:00Z,1,128,True,,161,1,0,2021-05-19T15:00:00Z,,2021-07-01T19:00:00Z
28,demand,demand,413.36,414.03,2021-05-17T17:00:00Z,2021-05-18T14:30:00Z,,,,,,expired,1,1,pivot,pivot:2021-05-17T17:00:00Z,1,147,False,,-1,1,0,2021-05-18T19:00:00Z,2021-05-18T20:00:00Z,2021-05-26T19:00:00Z
29,supply,supply,415.56,416.14,2021-05-18T13:30:00Z,2021-05-18T17:00:00Z,2021-05-20T19:00:00Z,415.56,416.14,2,pivot|repeated_pivot,expired,2,2,pivot|repeated_pivot,pivot:2021-05-18T13:30:00Z|pivot:2021-05-20T15:00:00Z,2,166,False,,169,1,0,2021-05-20T16:00:00Z,2021-05-21T14:30:00Z,2021-05-28T20:00:00Z
30,supply,demand,414.89,415.52,2021-05-18T16:00:00Z,2021-05-18T20:00:00Z,,,,,,expired,3,3,order_block|role_flip|volume_profile,order_block:2021-05-18T16:00:00Z|structure_break:2021-05-18T19:00:00Z|volume:POC:2021-05-18:414.898125,0,,True,,313,2,1,2021-06-18T20:00:00Z,2021-05-21T14:30:00Z,2021-07-08T16:00:00Z
31,demand,demand,405.33,406.3702461859678,2021-05-19T14:00:00Z,2021-05-19T18:00:00Z,,,,,,expired,1,1,pivot,pivot:2021-05-19T14:00:00Z,1,158,True,,-1,0,0,,,2021-07-09T14:30:00Z
33,supply,supply,417.98202196855095,418.2,2021-05-21T14:00:00Z,2021-05-21T18:00:00Z,,,,,,expired,2,2,pivot|role_flip,pivot:2021-05-21T14:00:00Z,1,172,False,,229,1,2,2021-06-03T14:30:00Z,2021-06-03T15:00:00Z,2021-06-11T14:30:00Z
34,demand,demand,414.45,415.0,2021-05-21T16:00:00Z,2021-05-21T20:00:00Z,2021-06-21T16:00:00Z,414.45,415.0,2,pivot|repeated_pivot,expired,2,2,pivot|repeated_pivot,pivot:2021-05-21T16:00:00Z|pivot:2021-06-18T19:00:00Z,2,310,True,,313,1,0,2021-06-18T20:00:00Z,,2021-07-13T16:00:00Z
35,supply,demand,420.33,420.71,2021-05-25T13:30:00Z,2021-05-25T17:00:00Z,,,,,,expired,3,3,pivot|role_flip|volume_profile,pivot:2021-05-25T13:30:00Z|volume:POC:2021-06-02:420.462083,1,185,True,,321,3,5,2021-06-22T15:00:00Z,2021-06-21T20:00:00Z,2021-07-14T20:00:00Z
36,demand,demand,417.94,418.6618255151956,2021-05-25T15:00:00Z,2021-05-25T19:00:00Z,,,,,,expired,1,1,pivot,pivot:2021-05-25T15:00:00Z,1,187,False,,200,1,0,2021-05-26T18:00:00Z,2021-06-03T14:30:00Z,2021-06-10T20:00:00Z
37,demand,demand,417.62,418.25,2021-05-25T19:00:00Z,2021-05-26T16:00:00Z,,,,,,expired,1,1,pivot,pivot:2021-05-25T19:00:00Z,1,191,False,,-1,0,0,,2021-06-03T14:30:00Z,2021-06-10T20:00:00Z
38,supply,demand,420.1478355900539,420.72,2021-05-27T14:00:00Z,2021-05-27T18:00:00Z,,,,,,expired,3,3,pivot|role_flip|volume_profile,pivot:2021-05-27T14:00:00Z|volume:POC:2021-06-02:420.462083,1,200,True,,321,2,5,2021-06-22T15:00:00Z,2021-06-21T20:00:00Z,2021-07-19T14:30:00Z
39,demand,supply,419.12,419.6,2021-05-27T19:00:00Z,2021-05-28T16:00:00Z,2021-06-02T14:30:00Z,419.12,419.6,2,pivot|repeated_pivot,expired,4,4,pivot|repeated_pivot|role_flip|volume_profile,pivot:2021-05-27T19:00:00Z|pivot:2021-06-01T17:00:00Z|volume:POC:2021-06-03:419.139792,2,217,False,,234,1,1,2021-06-03T19:00:00Z,2021-06-04T14:30:00Z,2021-06-11T20:00:00Z
40,supply,supply,420.84,421.25,2021-05-28T16:00:00Z,2021-05-28T20:00:00Z,2021-06-02T19:00:00Z,420.84,421.25,2,pivot|repeated_pivot,expired,3,3,pivot|repeated_pivot|role_flip,pivot:2021-05-28T16:00:00Z|pivot:2021-06-02T15:00:00Z,2,222,False,,317,4,2,2021-06-21T18:00:00Z,2021-06-22T15:00:00Z,2021-06-30T14:30:00Z
44,demand,supply,416.28,416.94608207250536,2021-06-03T13:30:00Z,2021-06-03T17:00:00Z,,,,,,expired,3,3,pivot|role_flip|volume_profile,pivot:2021-06-03T13:30:00Z|volume:POC:2021-06-18:416.330208,1,227,False,,311,1,1,2021-06-18T19:00:00Z,2021-06-21T14:30:00Z,2021-06-28T20:00:00Z
46,demand,demand,421.19,421.29989494285087,2021-06-07T17:00:00Z,2021-06-08T14:30:00Z,,,,,,expired,1,1,pivot,pivot:2021-06-07T17:00:00Z,1,245,False,,298,2,0,2021-06-16T19:00:00Z,2021-06-17T17:00:00Z,2021-06-25T16:00:00Z
47,supply,demand,423.1353110825644,423.26,2021-06-08T13:30:00Z,2021-06-08T17:00:00Z,2021-06-09T17:00:00Z,423.1353110825644,423.26,2,pivot|repeated_pivot,expired,4,4,order_block|pivot|repeated_pivot|role_flip,pivot:2021-06-08T13:30:00Z|pivot:2021-06-09T13:30:00Z|pivot:2021-06-11T16:00:00Z|order_block:2021-06-14T16:00:00Z|structure_break:2021-06-14T19:00:00Z|pivot:2021-06-14T17:00:00Z,4,280,False,,328,4,3,2021-06-23T15:00:00Z,2021-06-23T20:00:00Z,2021-07-01T19:00:00Z
48,demand,supply,420.32,420.8166562447127,2021-06-08T15:00:00Z,2021-06-08T19:00:00Z,,,,,,expired,2,2,pivot|role_flip,pivot:2021-06-08T15:00:00Z,1,250,False,,315,1,1,2021-06-21T16:00:00Z,2021-06-22T15:00:00Z,2021-06-30T14:30:00Z
50,demand,demand,421.41,421.8937832574478,2021-06-09T19:00:00Z,2021-06-10T14:30:00Z,,,,,,expired,4,4,order_block|pivot|role_flip|volume_profile,order_block:2021-06-09T19:00:00Z|structure_break:2021-06-10T13:30:00Z|pivot:2021-06-09T19:00:00Z|volume:POC:2021-06-17:421.709583,1,261,False,,305,1,2,2021-06-17T20:00:00Z,2021-06-18T14:30:00Z,2021-06-25T20:00:00Z
52,supply,supply,424.19,424.63,2021-06-10T14:00:00Z,2021-06-10T18:00:00Z,2021-06-11T17:00:00Z,424.19,424.63,2,pivot|repeated_pivot,expired,3,3,pivot|repeated_pivot|role_flip,pivot:2021-06-10T14:00:00Z|pivot:2021-06-11T13:30:00Z,2,269,False,,287,1,2,2021-06-15T16:00:00Z,2021-06-15T19:00:00Z,2021-06-23T18:00:00Z
55,supply,supply,424.21,424.57,2021-06-14T13:30:00Z,2021-06-14T17:00:00Z,,,,,,expired,4,4,order_block|pivot|role_flip|volume_profile,pivot:2021-06-14T13:30:00Z|order_block:2021-06-16T15:00:00Z|structure_break:2021-06-16T18:00:00Z|volume:POC:2021-06-15:424.460000,1,276,False,,294,0,2,2021-06-16T16:00:00Z,2021-06-24T14:30:00Z,2021-07-01T20:00:00Z
58,supply,supply,425.35966274991875,425.46,2021-06-15T13:30:00Z,2021-06-15T17:00:00Z,,,,,,expired,1,1,pivot,pivot:2021-06-15T13:30:00Z,1,283,False,,336,1,0,2021-06-24T15:00:00Z,2021-06-25T14:30:00Z,2021-07-02T20:00:00Z
60,demand,demand,419.94,420.5676746714046,2021-06-16T18:00:00Z,2021-06-17T15:00:00Z,,,,,,expired,3,3,pivot|role_flip|volume_profile,pivot:2021-06-16T18:00:00Z|volume:POC:2021-06-21:420.311875,1,295,True,,318,1,2,2021-06-21T19:00:00Z,2021-06-21T18:00:00Z,2021-08-05T18:00:00Z
61,demand,demand,419.32,419.99706887991204,2021-06-17T16:00:00Z,2021-06-17T20:00:00Z,,,,,,expired,1,1,pivot,pivot:2021-06-17T16:00:00Z,1,300,False,,-1,0,0,,2021-06-18T14:30:00Z,2021-06-25T20:00:00Z
62,supply,demand,422.17423020074096,423.02,2021-06-17T19:00:00Z,2021-06-18T16:00:00Z,,,,,,expired,3,3,pivot|role_flip|volume_profile,pivot:2021-06-17T19:00:00Z|volume:POC:2021-06-22:422.285000,1,303,True,,448,2,1,2021-07-19T15:00:00Z,2021-06-23T14:30:00Z,2021-08-06T19:00:00Z
63,demand,demand,415.58,416.19,2021-06-18T15:00:00Z,2021-06-18T19:00:00Z,,,,,,expired,1,1,pivot,pivot:2021-06-18T15:00:00Z,1,306,False,,-1,0,0,,2021-06-18T20:00:00Z,2021-06-28T19:00:00Z
65,supply,supply,423.64,424.05,2021-06-23T14:00:00Z,2021-06-23T18:00:00Z,,,,,,expired,1,1,pivot,pivot:2021-06-23T14:00:00Z,1,326,False,,-1,1,0,2021-06-23T20:00:00Z,2021-06-24T14:30:00Z,2021-07-01T20:00:00Z
67,supply,demand,426.0189345275723,426.48,2021-06-25T14:00:00Z,2021-06-25T18:00:00Z,,,,,,expired,3,3,pivot|role_flip|volume_profile,pivot:2021-06-25T14:00:00Z|volume:POC:2021-06-25:426.421875,1,340,False,,347,0,1,2021-06-25T20:00:00Z,2021-07-19T14:30:00Z,2021-07-26T20:00:00Z
68,supply,demand,427.15670903209866,427.25,2021-06-28T13:30:00Z,2021-06-28T17:00:00Z,,,,,,expired,2,2,pivot|role_flip,pivot:2021-06-28T13:30:00Z,1,346,False,,360,0,1,2021-06-29T19:00:00Z,2021-07-19T14:30:00Z,2021-07-26T20:00:00Z
69,demand,demand,425.89,426.18,2021-06-28T17:00:00Z,2021-06-29T14:30:00Z,,,,,,expired,1,1,pivot,pivot:2021-06-28T17:00:00Z,1,350,False,,-1,0,0,,2021-07-19T14:30:00Z,2021-07-26T20:00:00Z
70,supply,demand,428.1823397418096,428.56,2021-06-29T14:00:00Z,2021-06-29T18:00:00Z,,,,,,expired,2,2,pivot|role_flip,pivot:2021-06-29T14:00:00Z,1,354,False,,397,1,1,2021-07-08T14:30:00Z,2021-07-19T14:30:00Z,2021-07-26T20:00:00Z
71,demand,demand,427.13,427.5171885447255,2021-06-29T18:00:00Z,2021-06-30T15:00:00Z,,,,,,expired,1,1,pivot,pivot:2021-06-29T18:00:00Z,1,358,False,,-1,0,0,,2021-07-19T14:30:00Z,2021-07-26T20:00:00Z
72,supply,demand,428.22,428.38,2021-06-30T15:00:00Z,2021-06-30T19:00:00Z,,,,,,expired,2,2,pivot|role_flip,pivot:2021-06-30T15:00:00Z,1,362,False,,397,0,1,2021-07-08T14:30:00Z,2021-07-08T15:00:00Z,2021-07-16T14:30:00Z
73,supply,demand,433.75,434.1,2021-07-02T19:00:00Z,2021-07-06T16:00:00Z,,,,,,expired,2,2,pivot|role_flip,pivot:2021-07-02T19:00:00Z,1,380,True,,467,2,5,2021-07-22T14:30:00Z,2021-07-21T20:00:00Z,2021-08-23T19:00:00Z
74,demand,demand,430.01,430.5041435665202,2021-07-06T16:00:00Z,2021-07-06T20:00:00Z,,,,,,expired,1,1,pivot,pivot:2021-07-06T16:00:00Z,1,384,False,,-1,0,0,,2021-07-08T14:30:00Z,2021-07-15T20:00:00Z
75,supply,demand,434.48,434.76,2021-07-07T19:00:00Z,2021-07-08T16:00:00Z,,,,,,expired,2,2,pivot|role_flip,pivot:2021-07-07T19:00:00Z,1,394,True,,470,2,3,2021-07-22T17:00:00Z,2021-07-22T15:00:00Z,2021-08-25T19:00:00Z
76,demand,demand,427.52,428.14,2021-07-08T14:00:00Z,2021-07-08T18:00:00Z,,,,,,expired,1,1,pivot,pivot:2021-07-08T14:00:00Z,1,396,False,,-1,0,0,,2021-07-19T14:30:00Z,2021-07-26T20:00:00Z
77,supply,demand,437.39,437.92,2021-07-13T16:00:00Z,2021-07-13T20:00:00Z,,,,,,expired,2,2,pivot|role_flip,pivot:2021-07-13T16:00:00Z|pivot:2021-07-14T13:30:00Z,1,419,False,,512,3,1,2021-08-02T20:00:00Z,2021-08-03T14:30:00Z,2021-08-10T20:00:00Z
79,demand,demand,434.81,435.42,2021-07-14T15:00:00Z,2021-07-14T19:00:00Z,2021-07-22T18:00:00Z,434.81,435.42,4,order_block|pivot|repeated_pivot|role_flip,expired,5,5,order_block|pivot|repeated_pivot|role_flip|volume_profile,pivot:2021-07-14T15:00:00Z|order_block:2021-07-15T13:30:00Z|structure_break:2021-07-15T17:00:00Z|pivot:2021-07-22T14:00:00Z|volume:POC:2021-07-22:435.170208,2,466,True,,473,2,2,2021-07-22T20:00:00Z,2021-07-22T19:00:00Z,2021-09-01T15:00:00Z
80,demand,demand,433.98,434.63882630343613,2021-07-15T13:30:00Z,2021-07-15T17:00:00Z,,,,,,expired,3,3,pivot|role_flip|volume_profile,pivot:2021-07-15T13:30:00Z|volume:POC:2021-07-15:434.183542,1,430,True,,470,1,2,2021-07-22T17:00:00Z,2021-07-22T15:00:00Z,2021-09-01T20:00:00Z
82,demand,demand,432.72,432.868322795724,2021-07-15T17:00:00Z,2021-07-16T14:30:00Z,,,,,,expired,1,1,pivot,pivot:2021-07-15T17:00:00Z,1,434,False,,-1,0,0,,2021-07-16T19:00:00Z,2021-07-26T18:00:00Z
83,supply,demand,435.911212542928,436.34,2021-07-16T13:30:00Z,2021-07-16T17:00:00Z,2021-07-28T14:30:00Z,435.911212542928,436.34,3,pivot|repeated_pivot|role_flip,expired,3,3,pivot|repeated_pivot|role_flip,pivot:2021-07-16T13:30:00Z|pivot:2021-07-27T17:00:00Z|pivot:2021-08-03T14:00:00Z|pivot:2021-08-19T13:30:00Z,4,605,True,,608,2,1,2021-08-19T14:30:00Z,2021-07-23T14:30:00Z,2021-09-02T20:00:00Z
84,demand,demand,421.97,422.20534289343595,2021-07-19T18:00:00Z,2021-07-20T15:00:00Z,,,,,,expired,1,1,pivot,pivot:2021-07-19T18:00:00Z,1,449,True,,-1,0,0,,,2021-08-19T18:00:00Z
86,supply,supply,440.85,441.03,2021-07-26T19:00:00Z,2021-07-27T16:00:00Z,2021-08-18T14:30:00Z,440.85,441.03,3,pivot|repeated_pivot|role_flip,expired,3,3,pivot|repeated_pivot|role_flip,pivot:2021-07-26T19:00:00Z|pivot:2021-08-17T17:00:00Z,2,595,False,,609,2,4,2021-08-19T16:00:00Z,2021-08-20T14:30:00Z,2021-08-27T20:00:00Z
88,supply,supply,439.68,439.84,2021-07-28T13:30:00Z,2021-07-28T17:00:00Z,,,,,,expired,2,2,pivot|role_flip,pivot:2021-07-28T13:30:00Z,1,493,False,,531,1,2,2021-08-04T15:00:00Z,2021-08-05T14:30:00Z,2021-08-12T20:00:00Z
89,demand,demand,437.31,438.06938252448964,2021-07-28T18:00:00Z,2021-07-29T15:00:00Z,,,,,,expired,1,1,pivot,pivot:2021-07-28T18:00:00Z,1,498,False,,512,2,0,2021-08-02T20:00:00Z,2021-08-03T14:30:00Z,2021-08-10T20:00:00Z
90,supply,supply,441.52,441.8,2021-07-29T17:00:00Z,2021-07-30T14:30:00Z,,,,,,expired,2,2,pivot|role_flip,pivot:2021-07-29T17:00:00Z,1,504,False,,606,2,2,2021-08-20T14:30:00Z,2021-08-20T15:00:00Z,2021-08-30T14:30:00Z
91,demand,supply,437.9,438.04653608249635,2021-07-30T13:30:00Z,2021-07-30T17:00:00Z,,,,,,expired,2,2,pivot|role_flip,pivot:2021-07-30T13:30:00Z,1,507,False,,523,1,1,2021-08-03T14:30:00Z,2021-08-03T16:00:00Z,2021-08-11T15:00:00Z
92,demand,supply,437.77,438.4515446227619,2021-07-30T18:00:00Z,2021-08-02T15:00:00Z,,,,,,expired,2,2,pivot|role_flip,pivot:2021-07-30T18:00:00Z,1,512,False,,523,1,1,2021-08-03T14:30:00Z,2021-08-03T16:00:00Z,2021-08-11T15:00:00Z
93,supply,supply,440.34,440.93,2021-08-02T13:30:00Z,2021-08-02T17:00:00Z,,,,,,expired,3,3,pivot|role_flip|volume_profile,pivot:2021-08-02T13:30:00Z|volume:POC:2021-08-05:440.741875,1,514,False,,611,2,2,2021-08-19T18:00:00Z,2021-08-20T14:30:00Z,2021-08-27T20:00:00Z
94,supply,supply,438.56,438.97,2021-08-02T18:00:00Z,2021-08-03T14:30:00Z,,,,,,expired,3,3,order_block|role_flip|volume_profile,order_block:2021-08-02T18:00:00Z|structure_break:2021-08-03T13:30:00Z|volume:POC:2021-07-30:438.581042,0,,False,,771,1,2,2021-09-22T17:00:00Z,2021-09-20T14:30:00Z,2021-09-22T18:00:00Z
96,supply,supply,441.12,441.28,2021-08-03T19:00:00Z,2021-08-04T16:00:00Z,,,,,,expired,1,1,pivot,pivot:2021-08-03T19:00:00Z,1,527,False,,540,1,0,2021-08-05T16:00:00Z,2021-08-05T20:00:00Z,2021-08-13T19:00:00Z
97,demand,demand,438.73,439.3642717289401,2021-08-04T15:00:00Z,2021-08-04T19:00:00Z,,,,,,expired,1,1,pivot,pivot:2021-08-04T15:00:00Z,1,530,False,,-1,1,0,2021-08-18T20:00:00Z,2021-08-19T14:30:00Z,2021-08-26T20:00:00Z
98,supply,demand,442.41984559038906,442.94,2021-08-06T13:30:00Z,2021-08-06T17:00:00Z,,,,,,expired,3,3,pivot|role_flip|volume_profile,pivot:2021-08-06T13:30:00Z|volume:POC:2021-08-06:442.488750,1,542,False,,787,7,5,2021-09-24T18:00:00Z,2021-09-23T15:00:00Z,2021-09-24T20:00:00Z
99,demand,demand,441.31,441.75,2021-08-09T13:30:00Z,2021-08-09T17:00:00Z,,,,,,expired,2,2,pivot|role_flip,pivot:2021-08-09T13:30:00Z,1,549,False,,750,1,2,2021-09-17T16:00:00Z,2021-09-20T14:30:00Z,2021-09-27T20:00:00Z
100,demand,supply,441.88,442.3299644086506,2021-08-10T14:00:00Z,2021-08-10T18:00:00Z,,,,,,expired,3,3,pivot|role_flip|volume_profile,pivot:2021-08-10T14:00:00Z|volume:POC:2021-08-09:442.210208,1,557,False,,606,2,1,2021-08-20T14:30:00Z,2021-08-20T16:00:00Z,2021-08-30T15:00:00Z
101,supply,supply,442.9900355913494,443.44,2021-08-10T14:00:00Z,2021-08-10T18:00:00Z,,,,,,expired,3,3,pivot|role_flip|volume_profile,pivot:2021-08-10T14:00:00Z|volume:POC:2021-08-11:443.387292,1,557,False,,618,3,2,2021-08-20T17:00:00Z,2021-08-23T14:30:00Z,2021-08-30T20:00:00Z
102,supply,supply,443.7959717784994,443.89,2021-08-11T13:30:00Z,2021-08-11T17:00:00Z,,,,,,expired,2,2,pivot|role_flip,pivot:2021-08-11T13:30:00Z,1,563,False,,605,1,4,2021-08-18T19:00:00Z,2021-08-23T14:30:00Z,2021-08-30T20:00:00Z
103,demand,demand,442.66,443.047042579372,2021-08-12T14:00:00Z,2021-08-12T18:00:00Z,,,,,,expired,3,3,pivot|role_flip|volume_profile,pivot:2021-08-12T14:00:00Z|volume:POC:2021-08-20:442.793333,1,571,False,,790,5,4,2021-09-27T14:30:00Z,2021-09-27T17:00:00Z,2021-10-05T16:00:00Z
104,supply,demand,445.59,445.85,2021-08-13T13:30:00Z,2021-08-13T17:00:00Z,,,,,,expired,2,2,pivot|role_flip,pivot:2021-08-13T13:30:00Z,1,577,False,,591,0,1,2021-08-16T19:00:00Z,2021-08-17T14:30:00Z,2021-08-24T20:00:00Z
105,supply,demand,445.5431590890606,445.93,2021-08-13T19:00:00Z,2021-08-16T14:30:00Z,,,,,,expired,3,3,order_block|pivot|role_flip,order_block:2021-08-13T19:00:00Z|structure_break:2021-08-16T13:30:00Z|pivot:2021-08-13T19:00:00Z,1,583,False,,740,3,5,2021-09-16T14:30:00Z,2021-09-16T15:00:00Z,2021-09-24T14:30:00Z
107,demand,demand,442.87,443.13,2021-08-16T14:00:00Z,2021-08-16T18:00:00Z,,,,,,expired,2,2,pivot|role_flip,pivot:2021-08-16T14:00:00Z,1,585,False,,794,3,8,2021-09-27T19:00:00Z,2021-09-27T20:00:00Z,2021-10-05T19:00:00Z
108,supply,demand,446.9735728304973,447.11,2021-08-16T19:00:00Z,2021-08-17T16:00:00Z,,,,,,expired,2,2,pivot|role_flip,pivot:2021-08-16T19:00:00Z,1,590,False,,644,0,1,2021-08-26T16:00:00Z,2021-08-26T19:00:00Z,2021-09-03T18:00:00Z
109,supply,supply,444.346799641805,444.96,2021-08-17T14:00:00Z,2021-08-17T17:00:00Z,,,,,,expired,1,1,order_block,order_block:2021-08-17T14:00:00Z|structure_break:2021-08-17T16:00:00Z,0,,False,,602,1,0,2021-08-18T15:00:00Z,2021-08-23T14:30:00Z,2021-08-30T20:00:00Z
111,supply,supply,444.09,444.63,2021-08-18T14:00:00Z,2021-08-18T18:00:00Z,,,,,,expired,1,1,pivot,pivot:2021-08-18T14:00:00Z,1,599,False,,-1,0,0,,2021-08-23T14:30:00Z,2021-08-30T20:00:00Z
112,supply,supply,443.40883061661833,444.12,2021-08-18T13:30:00Z,2021-08-18T20:00:00Z,,,,,,expired,2,2,order_block|volume_profile,order_block:2021-08-18T13:30:00Z|structure_break:2021-08-18T19:00:00Z|volume:POC:2021-08-18:443.559375,0,,False,,618,1,0,2021-08-20T17:00:00Z,2021-08-23T14:30:00Z,2021-08-30T20:00:00Z
114,supply,supply,448.0794170958048,448.46,2021-08-23T17:00:00Z,2021-08-24T14:30:00Z,2021-09-14T17:00:00Z,448.0794170958048,448.46,4,pivot|repeated_pivot|role_flip|volume_profile,expired,4,4,pivot|repeated_pivot|role_flip|volume_profile,pivot:2021-08-23T17:00:00Z|pivot:2021-08-24T14:00:00Z|volume:POC:2021-08-24:448.190000|pivot:2021-09-14T13:30:00Z|pivot:2021-09-15T19:00:00Z,3,737,True,,740,4,2,2021-09-15T20:00:00Z,2021-09-10T16:00:00Z,2021-10-12T17:00:00Z
116,supply,supply,449.07,449.46,2021-08-25T18:00:00Z,2021-08-26T15:00:00Z,,,,,,expired,3,3,order_block|pivot|role_flip,order_block:2021-08-25T18:00:00Z|structure_break:2021-08-26T14:00:00Z|pivot:2021-08-25T19:00:00Z,1,639,True,,713,2,2,2021-09-10T15:00:00Z,2021-09-09T20:00:00Z,2021-10-14T18:00:00Z
118,demand,demand,446.16,446.6783668731454,2021-08-26T15:00:00Z,2021-08-26T19:00:00Z,,,,,,expired,3,3,pivot|role_flip|volume_profile,pivot:2021-08-26T15:00:00Z|volume:POC:2021-08-26:446.666250|pivot:2021-08-26T19:00:00Z,1,642,False,,744,1,2,2021-09-16T18:00:00Z,2021-09-17T14:30:00Z,2021-09-24T20:00:00Z
119,demand,demand,446.16,446.70393934544813,2021-08-26T19:00:00Z,2021-08-27T15:00:00Z,,,,,,expired,3,3,order_block|role_flip|volume_profile,order_block:2021-08-26T19:00:00Z|structure_break:2021-08-27T14:00:00Z|volume:POC:2021-08-26:446.666250,0,,False,,744,1,2,2021-09-16T18:00:00Z,2021-09-17T14:30:00Z,2021-09-24T20:00:00Z
121,demand,supply,449.99,450.35,2021-08-27T18:00:00Z,2021-08-30T15:00:00Z,,,,,,expired,3,3,order_block|role_flip|volume_profile,order_block:2021-08-27T18:00:00Z|structure_break:2021-08-30T14:00:00Z|volume:POC:2021-08-27:450.126458,0,,False,,700,1,1,2021-09-08T16:00:00Z,2021-09-08T19:00:00Z,2021-09-16T18:00:00Z
122,supply,supply,452.94,453.07,2021-08-30T18:00:00Z,2021-08-31T15:00:00Z,,,,,,expired,2,2,pivot|role_flip,pivot:2021-08-30T18:00:00Z,1,659,False,,685,1,2,2021-09-03T15:00:00Z,2021-09-03T18:00:00Z,2021-09-14T17:00:00Z
123,demand,supply,450.92,451.12,2021-08-31T13:30:00Z,2021-08-31T17:00:00Z,,,,,,expired,2,2,pivot|role_flip,pivot:2021-08-31T13:30:00Z,1,661,True,,709,1,3,2021-09-09T18:00:00Z,2021-09-09T17:00:00Z,2021-10-19T20:00:00Z
124,demand,demand,451.54,451.82,2021-09-01T19:00:00Z,2021-09-02T16:00:00Z,,,,,,expired,3,3,pivot|role_flip|volume_profile,pivot:2021-09-01T19:00:00Z|volume:POC:2021-09-07:451.731875,1,674,False,,910,3,2,2021-10-20T16:00:00Z,2021-10-20T15:00:00Z,2021-10-21T19:00:00Z
125,supply,supply,453.60043935756585,454.05,2021-09-02T13:30:00Z,2021-09-02T17:00:00Z,,,,,,expired,1,1,pivot,pivot:2021-09-02T13:30:00Z,1,675,True,,691,1,0,2021-09-03T20:00:00Z,,2021-09-14T16:00:00Z
126,demand,demand,451.55,451.98,2021-09-03T13:30:00Z,2021-09-03T17:00:00Z,,,,,,expired,3,3,pivot|role_flip|volume_profile,pivot:2021-09-03T13:30:00Z|volume:POC:2021-09-07:451.731875,1,682,False,,925,4,2,2021-10-22T16:00:00Z,2021-10-20T15:00:00Z,2021-10-22T20:00:00Z
127,supply,supply,453.37,453.63,2021-09-03T19:00:00Z,2021-09-07T16:00:00Z,,,,,,expired,1,1,pivot,pivot:2021-09-03T19:00:00Z,1,688,True,,-1,0,0,,,2021-09-15T16:00:00Z
128,demand,demand,450.74,451.21704200890395,2021-09-07T14:00:00Z,2021-09-07T18:00:00Z,,,,,,expired,2,2,pivot|role_flip,pivot:2021-09-07T14:00:00Z,1,690,True,,925,2,4,2021-10-22T16:00:00Z,2021-10-20T14:30:00Z,2021-10-26T14:30:00Z
129,supply,supply,450.9235915003146,451.43,2021-09-08T13:30:00Z,2021-09-08T15:00:00Z,,,,,,expired,1,1,order_block,order_block:2021-09-08T13:30:00Z|structure_break:2021-09-08T14:00:00Z,0,,False,,-1,1,0,2021-09-08T19:00:00Z,2021-09-09T14:30:00Z,2021-09-16T20:00:00Z
130,demand,supply,448.86,449.43,2021-09-08T14:00:00Z,2021-09-08T18:00:00Z,,,,,,expired,3,3,pivot|role_flip|volume_profile,pivot:2021-09-08T14:00:00Z|volume:POC:2021-09-09:448.960625,1,697,False,,716,2,1,2021-10-19T14:30:00Z,2021-10-19T15:00:00Z,2021-10-27T14:30:00Z
131,supply,supply,451.95964772196305,452.57,2021-09-09T14:00:00Z,2021-09-09T18:00:00Z,,,,,,expired,1,1,pivot,pivot:2021-09-09T14:00:00Z,1,704,True,,-1,0,0,,,2021-10-01T18:00:00Z
132,demand,supply,447.34,447.92,2021-09-10T15:00:00Z,2021-09-10T19:00:00Z,,,,,,expired,3,3,pivot|role_flip|volume_profile,pivot:2021-09-10T15:00:00Z|volume:POC:2021-09-10:447.756250,1,712,False,,740,3,1,2021-10-18T20:00:00Z,2021-10-19T14:30:00Z,2021-10-26T20:00:00Z
133,supply,supply,448.64034002741994,449.32,2021-09-10T16:00:00Z,2021-09-10T20:00:00Z,,,,,,expired,2,2,order_block|volume_profile,order_block:2021-09-10T16:00:00Z|structure_break:2021-09-10T19:00:00Z|volume:POC:2021-09-09:448.960625,0,,False,,-1,1,0,2021-10-19T14:30:00Z,2021-10-19T15:00:00Z,2021-10-27T14:30:00Z
134,demand,demand,444.11,444.89,2021-09-13T19:00:00Z,2021-09-14T16:00:00Z,2021-09-24T14:30:00Z,444.11,444.89,3,pivot|repeated_pivot|role_flip,expired,3,3,pivot|repeated_pivot|role_flip,pivot:2021-09-13T19:00:00Z|pivot:2021-09-23T17:00:00Z,2,777,True,,888,2,2,2021-10-15T15:00:00Z,2021-10-15T14:30:00Z,2021-11-01T19:00:00Z
136,demand,demand,443.22,444.08812336390696,2021-09-14T18:00:00Z,2021-09-15T15:00:00Z,,,,,,expired,3,3,pivot|role_flip|volume_profile,pivot:2021-09-14T18:00:00Z|volume:POC:2021-09-14:443.966667,1,729,True,,894,2,4,2021-10-18T14:30:00Z,2021-10-15T14:30:00Z,2021-11-02T18:00:00Z
138,demand,supply,444.02,444.58,2021-09-16T14:00:00Z,2021-09-16T18:00:00Z,,,,,,expired,2,2,pivot|role_flip,pivot:2021-09-16T14:00:00Z,1,739,False,,778,0,1,2021-09-23T17:00:00Z,2021-09-23T18:00:00Z,2021-10-01T17:00:00Z
139,supply,supply,447.46053328764214,448.36,2021-09-16T19:00:00Z,2021-09-17T16:00:00Z,,,,,,expired,1,1,pivot,pivot:2021-09-16T19:00:00Z,1,744,True,,-1,0,0,,,2021-10-06T15:00:00Z
140,demand,demand,428.86,429.69,2021-09-20T19:00:00Z,2021-09-21T16:00:00Z,,,,,,expired,3,3,pivot|role_flip|volume_profile,pivot:2021-09-20T19:00:00Z|volume:POC:2021-10-06:429.277083,1,758,True,,839,1,2,2021-10-06T15:00:00Z,2021-10-05T14:30:00Z,2021-11-08T20:00:00Z
141,supply,demand,436.5424147865544,437.91,2021-09-21T13:30:00Z,2021-09-21T17:00:00Z,,,,,,expired,3,3,pivot|role_flip|volume_profile,pivot:2021-09-21T13:30:00Z|volume:POC:2021-09-22:437.860000,1,759,False,,855,3,3,2021-10-11T17:00:00Z,2021-10-11T20:00:00Z,2021-10-19T19:00:00Z
143,demand,demand,441.21,441.44,2021-09-24T13:30:00Z,2021-09-24T17:00:00Z,,,,,,expired,1,1,pivot,pivot:2021-09-24T13:30:00Z,1,780,False,,-1,0,0,,2021-09-28T14:30:00Z,2021-10-05T20:00:00Z
144,supply,supply,443.96,444.67,2021-09-24T19:00:00Z,2021-09-27T16:00:00Z,,,,,,expired,1,1,pivot,pivot:2021-09-24T19:00:00Z,1,786,True,,-1,0,0,,,2021-10-06T18:00:00Z
145,demand,demand,441.9,442.81,2021-09-27T13:30:00Z,2021-09-27T17:00:00Z,,,,,,expired,1,1,pivot,pivot:2021-09-27T13:30:00Z,1,787,False,,-1,1,0,2021-09-27T20:00:00Z,2021-09-28T14:30:00Z,2021-10-05T20:00:00Z
146,supply,demand,442.4661503301377,443.43,2021-09-27T17:00:00Z,2021-09-28T15:00:00Z,,,,,,expired,3,3,order_block|role_flip|volume_profile,order_block:2021-09-27T17:00:00Z|structure_break:2021-09-28T14:00:00Z|volume:POC:2021-09-27:443.109375,0,,True,,894,1,1,2021-10-18T14:30:00Z,2021-10-15T14:30:00Z,2021-11-15T19:00:00Z
147,demand,supply,432.94,433.31,2021-09-28T17:00:00Z,2021-09-29T14:30:00Z,,,,,,expired,2,2,pivot|role_flip,pivot:2021-09-28T17:00:00Z,1,798,False,,874,0,3,2021-10-13T15:00:00Z,2021-10-13T16:00:00Z,2021-10-21T15:00:00Z
148,supply,supply,436.75,437.04,2021-09-29T14:00:00Z,2021-09-29T18:00:00Z,,,,,,expired,1,1,pivot,pivot:2021-09-29T14:00:00Z,1,802,True,,-1,0,0,,,2021-10-06T18:00:00Z
149,supply,demand,432.64266360630415,433.86,2021-09-30T18:00:00Z,2021-09-30T20:00:00Z,,,,,,expired,3,3,order_block|role_flip|volume_profile,order_block:2021-09-30T18:00:00Z|structure_break:2021-09-30T19:00:00Z|volume:POC:2021-10-01:433.653958,0,,True,,866,1,3,2021-10-12T14:30:00Z,2021-10-06T20:00:00Z,2021-11-18T17:00:00Z
150,demand,demand,427.23,428.62081212494604,2021-10-01T14:00:00Z,2021-10-01T18:00:00Z,,,,,,expired,2,2,pivot|volume_profile,pivot:2021-10-01T14:00:00Z|volume:POC:2021-10-04:427.468333,1,816,True,,842,2,0,2021-10-06T15:00:00Z,,2021-11-19T15:30:00Z
151,supply,supply,434.75,436.04,2021-10-01T19:00:00Z,2021-10-04T16:00:00Z,,,,,,expired,2,2,pivot|role_flip,pivot:2021-10-01T19:00:00Z,1,821,False,,878,3,2,2021-10-13T18:00:00Z,2021-10-14T14:30:00Z,2021-10-21T20:00:00Z
152,demand,demand,426.36,427.7252198424439,2021-10-04T15:00:00Z,2021-10-04T19:00:00Z,,,,,,expired,2,2,pivot|volume_profile,pivot:2021-10-04T15:00:00Z|volume:POC:2021-10-04:427.468333,1,824,True,,842,1,0,2021-10-06T15:00:00Z,,2021-11-22T16:00:00Z
153,supply,supply,435.0,435.49,2021-10-05T18:00:00Z,2021-10-06T15:00:00Z,,,,,,expired,1,1,pivot,pivot:2021-10-05T18:00:00Z,1,834,False,,-1,1,0,2021-10-06T20:00:00Z,2021-10-07T14:30:00Z,2021-10-14T20:00:00Z
154,demand,demand,427.54,428.87,2021-10-06T14:00:00Z,2021-10-06T18:00:00Z,,,,,,expired,1,1,pivot,pivot:2021-10-06T14:00:00Z,1,837,True,,-1,0,0,,,2021-10-11T19:00:00Z
155,supply,demand,441.34,441.68,2021-10-07T14:00:00Z,2021-10-07T18:00:00Z,,,,,,expired,2,2,pivot|role_flip,pivot:2021-10-07T14:00:00Z,1,844,True,,884,1,1,2021-10-14T18:00:00Z,2021-10-14T17:00:00Z,2021-11-26T15:30:00Z
156,demand,supply,436.9,437.16,2021-10-11T13:30:00Z,2021-10-11T17:00:00Z,,,,,,expired,2,2,pivot|role_flip,pivot:2021-10-11T13:30:00Z,1,857,False,,864,0,1,2021-10-11T19:00:00Z,2021-10-14T14:30:00Z,2021-10-21T20:00:00Z
157,supply,supply,439.64,440.26,2021-10-11T14:00:00Z,2021-10-11T18:00:00Z,,,,,,expired,1,1,pivot,pivot:2021-10-11T14:00:00Z,1,858,False,,-1,1,0,2021-10-14T14:30:00Z,2021-10-14T15:00:00Z,2021-10-22T14:30:00Z
158,demand,demand,433.5,434.11,2021-10-12T13:30:00Z,2021-10-12T17:00:00Z,,,,,,expired,2,2,pivot|volume_profile,pivot:2021-10-12T13:30:00Z|volume:POC:2021-10-12:434.094167,1,864,False,,-1,0,0,,2021-10-13T14:30:00Z,2021-10-20T20:00:00Z
159,demand,demand,431.54,432.5071790657663,2021-10-13T14:00:00Z,2021-10-13T18:00:00Z,,,,,,expired,1,1,pivot,pivot:2021-10-13T14:00:00Z,1,872,True,,-1,0,0,,,2021-11-10T18:00:00Z
160,supply,supply,446.04,446.26,2021-10-15T18:00:00Z,2021-10-18T15:00:00Z,,,,,,expired,1,1,pivot,pivot:2021-10-15T18:00:00Z,1,890,False,,-1,0,0,,2021-10-18T16:00:00Z,2021-10-26T15:00:00Z
161,demand,demand,443.27,443.97,2021-10-18T13:30:00Z,2021-10-18T17:00:00Z,,,,,,expired,1,1,pivot,pivot:2021-10-18T13:30:00Z,1,892,True,,-1,0,0,,,2021-11-11T16:00:00Z
162,supply,supply,452.1525710973968,452.74,2021-10-20T14:00:00Z,2021-10-20T18:00:00Z,,,,,,expired,2,2,pivot|role_flip,pivot:2021-10-20T14:00:00Z,1,907,False,,1123,0,2,2021-12-03T16:00:00Z,2021-12-03T21:00:00Z,2021-12-13T20:00:00Z
163,supply,supply,452.33,452.86,2021-10-21T14:00:00Z,2021-10-21T18:00:00Z,,,,,,expired,2,2,pivot|role_flip,pivot:2021-10-21T14:00:00Z,1,914,False,,1123,0,2,2021-12-03T16:00:00Z,2021-12-03T21:00:00Z,2021-12-13T20:00:00Z
164,supply,supply,454.01581009893994,454.67,2021-10-22T14:00:00Z,2021-10-22T18:00:00Z,,,,,,expired,1,1,pivot,pivot:2021-10-22T14:00:00Z,1,921,False,,-1,1,0,2021-10-25T14:30:00Z,2021-10-25T16:00:00Z,2021-11-02T15:00:00Z
165,demand,demand,451.05,451.71835490812725,2021-10-22T15:00:00Z,2021-10-22T19:00:00Z,,,,,,expired,1,1,pivot,pivot:2021-10-22T15:00:00Z,1,922,True,,-1,0,0,,,2021-11-12T17:00:00Z
166,supply,supply,457.77,458.94,2021-10-26T14:00:00Z,2021-10-26T18:00:00Z,2021-11-29T17:00:00Z,457.77,458.94,4,pivot|repeated_pivot|role_flip|volume_profile,expired,4,4,pivot|repeated_pivot|role_flip|volume_profile,pivot:2021-10-26T14:00:00Z|volume:POC:2021-10-29:458.476667|pivot:2021-11-26T17:00:00Z,2,1091,False,,1131,6,4,2021-12-06T16:00:00Z,2021-12-06T18:00:00Z,2021-12-14T17:00:00Z
167,demand,demand,455.33,455.98861890644366,2021-10-27T13:30:00Z,2021-10-27T17:00:00Z,,,,,,expired,1,1,pivot,pivot:2021-10-27T13:30:00Z,1,941,False,,-1,0,0,,2021-10-27T20:00:00Z,2021-11-04T19:00:00Z
168,supply,demand,456.34583761679806,456.97,2021-10-27T17:00:00Z,2021-10-27T20:00:00Z,,,,,,expired,3,3,order_block|role_flip|volume_profile,order_block:2021-10-27T17:00:00Z|structure_break:2021-10-27T19:00:00Z|volume:POC:2021-11-30:456.936875,0,,True,,1131,1,5,2021-12-06T17:00:00Z,2021-12-06T16:00:00Z,2021-12-16T20:00:00Z
169,demand,demand,453.86,454.02733656757096,2021-10-27T19:00:00Z,2021-10-28T16:00:00Z,,,,,,expired,1,1,pivot,pivot:2021-10-27T19:00:00Z,1,947,True,,-1,0,0,,,2021-11-12T21:00:00Z
170,supply,demand,457.47,457.98,2021-10-28T14:00:00Z,2021-10-28T18:00:00Z,,,,,,expired,2,2,pivot|role_flip,pivot:2021-10-28T14:00:00Z,1,949,True,,1132,2,5,2021-12-06T18:00:00Z,2021-12-06T16:00:00Z,2021-12-17T18:00:00Z
171,demand,demand,455.56,455.87,2021-10-29T13:30:00Z,2021-10-29T17:00:00Z,,,,,,expired,1,1,pivot,pivot:2021-10-29T13:30:00Z,1,955,True,,-1,0,0,,,2021-11-15T21:00:00Z
172,supply,supply,460.3,460.71,2021-11-01T13:30:00Z,2021-11-01T17:00:00Z,,,,,,expired,1,1,pivot,pivot:2021-11-01T13:30:00Z,1,962,False,,-1,0,0,,2021-11-02T14:30:00Z,2021-11-09T21:00:00Z
173,supply,supply,461.60247422933327,462.23,2021-11-02T15:00:00Z,2021-11-02T19:00:00Z,,,,,,expired,2,2,pivot|role_flip,pivot:2021-11-02T15:00:00Z,1,971,False,,1102,2,2,2021-11-30T16:00:00Z,2021-12-01T16:00:00Z,2021-12-09T15:30:00Z
174,demand,demand,460.83,461.3529359381622,2021-11-03T14:00:00Z,2021-11-03T18:00:00Z,,,,,,expired,4,4,order_block|pivot|role_flip|volume_profile,pivot:2021-11-03T14:00:00Z|order_block:2021-11-03T17:00:00Z|structure_break:2021-11-03T18:00:00Z|volume:POC:2021-11-03:461.280000,1,977,True,,1210,1,8,2021-12-21T19:00:00Z,2021-12-21T18:00:00Z,2021-12-23T18:00:00Z
176,supply,supply,466.5,467.0,2021-11-04T14:00:00Z,2021-11-04T18:00:00Z,,,,,,expired,3,3,pivot|role_flip|volume_profile,pivot:2021-11-04T14:00:00Z|volume:POC:2021-11-09:466.571875,1,984,False,,1217,6,8,2021-12-22T17:00:00Z,2021-12-22T21:00:00Z,2021-12-31T20:00:00Z
177,supply,demand,470.26,470.65,2021-11-05T14:00:00Z,2021-11-05T18:00:00Z,2021-11-17T16:00:00Z,470.26,470.65,2,pivot|repeated_pivot,expired,3,3,pivot|repeated_pivot|role_flip,pivot:2021-11-05T14:00:00Z|pivot:2021-11-16T19:00:00Z,2,1044,False,,1072,2,1,2021-11-22T18:00:00Z,2021-11-22T21:00:00Z,2021-12-02T16:00:00Z
178,supply,demand,469.29649401092524,469.57,2021-11-09T14:30:00Z,2021-11-09T18:00:00Z,2021-11-26T17:00:00Z,469.29649401092524,469.57,4,pivot|repeated_pivot|role_flip|volume_profile,expired,4,4,pivot|repeated_pivot|role_flip|volume_profile,pivot:2021-11-09T14:30:00Z|volume:POC:2021-11-18:469.321875|pivot:2021-11-24T20:00:00Z|pivot:2021-12-08T20:00:00Z|pivot:2021-12-10T14:30:00Z,4,1155,False,,1184,3,5,2021-12-15T21:00:00Z,2021-12-16T18:00:00Z,2021-12-27T17:00:00Z
179,demand,demand,465.88,466.56,2021-11-09T17:00:00Z,2021-11-09T21:00:00Z,,,,,,expired,1,1,pivot,pivot:2021-11-09T17:00:00Z,1,1007,False,,-1,1,0,2021-11-10T17:00:00Z,2021-11-10T19:00:00Z,2021-11-18T18:00:00Z
180,demand,demand,465.31,465.58,2021-11-10T14:30:00Z,2021-11-10T18:00:00Z,,,,,,expired,1,1,pivot,pivot:2021-11-10T14:30:00Z,1,1011,False,,-1,0,0,,2021-11-10T19:00:00Z,2021-11-18T18:00:00Z
181,supply,demand,466.75,467.3,2021-11-10T16:00:00Z,2021-11-10T19:00:00Z,,,,,,expired,3,3,order_block|role_flip|volume_profile,order_block:2021-11-10T16:00:00Z|structure_break:2021-11-10T18:00:00Z|volume:POC:2021-11-23:467.065625,0,,False,,1082,3,3,2021-11-23T21:00:00Z,2021-11-24T15:30:00Z,2021-12-03T17:00:00Z
182,demand,demand,462.04,462.75,2021-11-10T19:00:00Z,2021-11-11T16:00:00Z,,,,,,expired,1,1,pivot,pivot:2021-11-10T19:00:00Z,1,1016,True,,-1,0,0,,,2021-11-18T19:00:00Z
183,demand,demand,463.75,463.90336170761134,2021-11-11T20:00:00Z,2021-11-12T17:00:00Z,,,,,,expired,1,1,pivot,pivot:2021-11-11T20:00:00Z,1,1024,True,,-1,0,0,,,2021-11-22T20:00:00Z
184,demand,supply,464.11,465.06,2021-11-12T14:30:00Z,2021-11-12T17:00:00Z,,,,,,expired,4,4,order_block|pivot|role_flip|volume_profile,order_block:2021-11-12T14:30:00Z|structure_break:2021-11-12T16:00:00Z|volume:POC:2021-11-11:464.231250|pivot:2021-11-23T16:00:00Z,1,1076,False,,1194,2,5,2021-12-17T17:00:00Z,2021-12-22T16:00:00Z,2021-12-31T15:30:00Z
185,supply,supply,468.1442293776282,469.1,2021-11-15T14:30:00Z,2021-11-15T18:00:00Z,,,,,,expired,3,3,order_block|pivot|role_flip,pivot:2021-11-15T14:30:00Z|order_block:2021-11-23T14:30:00Z|structure_break:2021-11-23T15:00:00Z,1,1032,False,,1076,4,4,2021-11-24T17:00:00Z,2021-11-24T21:00:00Z,2021-12-06T16:00:00Z
186,demand,supply,466.23,466.85621026216006,2021-11-15T17:00:00Z,2021-11-15T21:00:00Z,2021-11-30T15:30:00Z,466.23,466.85621026216006,4,pivot|repeated_pivot|role_flip|volume_profile,expired,4,4,pivot|repeated_pivot|role_flip|volume_profile,pivot:2021-11-15T17:00:00Z|volume:POC:2021-11-12:466.688125|pivot:2021-11-29T18:00:00Z|pivot:2021-12-09T20:00:00Z,3,1154,False,,1217,5,5,2021-12-22T16:00:00Z,2021-12-22T21:00:00Z,2021-12-31T20:00:00Z
188,demand,demand,467.48,467.6199191986564,2021-11-17T14:30:00Z,2021-11-17T18:00:00Z,,,,,,expired,2,2,pivot|role_flip,pivot:2021-11-17T14:30:00Z,1,1046,False,,1088,2,2,2021-11-24T20:00:00Z,2021-11-26T15:30:00Z,2021-12-06T17:00:00Z
189,demand,supply,466.34,467.00658258278014,2021-11-18T15:00:00Z,2021-11-18T19:00:00Z,,,,,,expired,2,2,pivot|role_flip,pivot:2021-11-18T15:00:00Z,1,1054,False,,1217,5,5,2021-12-22T17:00:00Z,2021-12-22T21:00:00Z,2021-12-31T20:00:00Z
190,supply,demand,470.31,470.94,2021-11-19T17:00:00Z,2021-11-19T21:00:00Z,,,,,,expired,2,2,pivot|role_flip,pivot:2021-11-19T17:00:00Z,1,1063,False,,1074,0,1,2021-11-22T20:00:00Z,2021-11-22T21:00:00Z,2021-12-02T16:00:00Z
191,demand,supply,468.5,469.24488677970896,2021-11-19T18:00:00Z,2021-11-22T15:30:00Z,,,,,,expired,2,2,pivot|role_flip,pivot:2021-11-19T18:00:00Z,1,1064,False,,1077,1,1,2021-11-24T17:00:00Z,2021-11-24T21:00:00Z,2021-12-06T16:00:00Z
192,demand,supply,468.46,469.3371697997355,2021-11-19T20:00:00Z,2021-11-22T15:30:00Z,,,,,,expired,4,4,order_block|pivot|role_flip|volume_profile,order_block:2021-11-19T20:00:00Z|structure_break:2021-11-22T14:30:00Z|volume:POC:2021-11-18:469.321875|pivot:2021-12-07T16:00:00Z|pivot:2021-12-08T14:30:00Z,1,1136,False,1303,1289,7,5,2022-01-11T19:00:00Z,2022-01-06T15:30:00Z,2022-01-11T21:00:00Z
193,supply,supply,472.57,473.54,2021-11-22T15:00:00Z,2021-11-22T19:00:00Z,2021-12-16T18:00:00Z,472.57,473.54,2,pivot|repeated_pivot,expired,2,2,pivot|repeated_pivot,pivot:2021-11-22T15:00:00Z|pivot:2021-12-16T14:30:00Z,2,1183,False,,1187,2,0,2021-12-27T15:30:00Z,2021-12-27T16:00:00Z,2022-01-04T15:30:00Z
194,supply,supply,471.0336033018647,471.88,2021-11-22T19:00:00Z,2021-11-22T21:00:00Z,,,,,,expired,1,1,order_block,order_block:2021-11-22T19:00:00Z|structure_break:2021-11-22T20:00:00Z,0,,False,,1187,2,0,2021-12-23T16:00:00Z,2021-12-27T15:30:00Z,2022-01-03T21:00:00Z
200,demand,demand,455.3,456.16,2021-11-30T20:00:00Z,2021-12-01T17:00:00Z,,,,,,expired,2,2,pivot|role_flip,pivot:2021-11-30T20:00:00Z,1,1105,False,,1119,0,2,2021-12-02T19:00:00Z,2021-12-03T16:00:00Z,2021-12-13T15:30:00Z
201,supply,supply,463.45,464.67,2021-12-01T16:00:00Z,2021-12-01T20:00:00Z,,,,,,expired,1,1,pivot,pivot:2021-12-01T16:00:00Z,1,1108,False,,-1,0,0,,2021-12-07T15:30:00Z,2021-12-14T21:00:00Z
202,supply,supply,461.938378656889,463.54,2021-12-01T15:00:00Z,2021-12-01T21:00:00Z,,,,,,expired,3,3,order_block|role_flip|volume_profile,order_block:2021-12-01T15:00:00Z|structure_break:2021-12-01T20:00:00Z|volume:POC:2021-12-01:461.973750,0,,False,,1209,0,4,2021-12-21T18:00:00Z,2021-12-22T16:00:00Z,2021-12-31T15:30:00Z
203,demand,demand,450.29,450.69861199045033,2021-12-01T20:00:00Z,2021-12-02T17:00:00Z,,,,,,expired,1,1,pivot,pivot:2021-12-01T20:00:00Z,1,1112,False,,1125,1,0,2021-12-03T17:00:00Z,2021-12-03T20:00:00Z,2021-12-13T19:00:00Z
204,supply,supply,459.17,460.3,2021-12-03T14:30:00Z,2021-12-03T18:00:00Z,,,,,,expired,3,3,pivot|role_flip|volume_profile,pivot:2021-12-03T14:30:00Z|volume:POC:2021-12-06:459.434375,1,1120,False,,1206,2,2,2021-12-21T15:30:00Z,2021-12-21T18:00:00Z,2021-12-30T17:00:00Z
205,demand,demand,448.92,449.64,2021-12-03T20:00:00Z,2021-12-06T17:00:00Z,,,,,,expired,1,1,pivot,pivot:2021-12-03T20:00:00Z,1,1126,False,,-1,0,0,,2022-01-20T21:00:00Z,2022-01-28T20:00:00Z
207,demand,supply,466.24,467.53911854796104,2021-12-07T20:00:00Z,2021-12-08T17:00:00Z,,,,,,expired,3,3,pivot|role_flip|volume_profile,pivot:2021-12-07T20:00:00Z|volume:POC:2021-12-13:467.431875,1,1140,False,,1217,3,1,2021-12-22T16:00:00Z,2021-12-22T21:00:00Z,2021-12-31T20:00:00Z
210,demand,supply,467.06,468.0684914423287,2021-12-09T15:00:00Z,2021-12-09T19:00:00Z,,,,,,expired,3,3,pivot|role_flip|volume_profile,pivot:2021-12-09T15:00:00Z|volume:POC:2021-12-13:467.431875,1,1149,False,,1191,1,3,2021-12-22T21:00:00Z,2021-12-23T15:30:00Z,2021-12-31T21:00:00Z
213,supply,demand,470.67764389336963,470.9,2021-12-10T20:00:00Z,2021-12-13T17:00:00Z,,,,,,expired,2,2,pivot|role_flip,pivot:2021-12-10T20:00:00Z,1,1161,False,,1221,1,1,2021-12-23T16:00:00Z,2021-12-23T21:00:00Z,2022-01-03T20:00:00Z
214,supply,supply,464.65,465.74,2021-12-14T14:30:00Z,2021-12-14T16:00:00Z,,,,,,expired,3,3,order_block|pivot|role_flip,order_block:2021-12-14T14:30:00Z|structure_break:2021-12-14T15:00:00Z|pivot:2022-01-07T15:00:00Z,1,1289,False,,1304,2,4,2022-01-11T15:30:00Z,2022-01-11T17:00:00Z,2022-01-20T16:00:00Z
215,demand,supply,460.25,460.66,2021-12-14T17:00:00Z,2021-12-14T21:00:00Z,,,,,,expired,2,2,pivot|role_flip,pivot:2021-12-14T17:00:00Z,1,1172,False,,1208,1,1,2021-12-21T17:00:00Z,2021-12-21T18:00:00Z,2021-12-30T17:00:00Z
216,demand,supply,460.79,461.94827854895624,2021-12-15T16:00:00Z,2021-12-15T21:00:00Z,,,,,,expired,3,3,order_block|role_flip|volume_profile,order_block:2021-12-15T16:00:00Z|structure_break:2021-12-15T20:00:00Z|volume:POC:2021-12-14:461.050625,0,,False,,1328,1,3,2022-01-14T18:00:00Z,2022-01-14T20:00:00Z,2022-01-25T19:00:00Z
217,demand,supply,460.74,462.0203442971988,2021-12-15T19:00:00Z,2021-12-16T16:00:00Z,,,,,,expired,3,3,pivot|role_flip|volume_profile,pivot:2021-12-15T19:00:00Z|volume:POC:2021-12-15:461.794167,1,1181,False,,1328,1,3,2022-01-14T18:00:00Z,2022-01-14T20:00:00Z,2022-01-25T19:00:00Z
219,demand,supply,458.06,459.742395151683,2021-12-17T15:00:00Z,2021-12-17T19:00:00Z,,,,,,expired,2,2,pivot|role_flip,pivot:2021-12-17T15:00:00Z,1,1191,False,,1206,1,1,2021-12-21T15:30:00Z,2021-12-21T18:00:00Z,2021-12-30T17:00:00Z
220,demand,demand,451.14,451.92,2021-12-20T16:00:00Z,2021-12-20T20:00:00Z,2022-01-20T17:00:00Z,451.14,451.92,2,pivot|repeated_pivot,expired,2,2,pivot|repeated_pivot,pivot:2021-12-20T16:00:00Z|pivot:2022-01-19T20:00:00Z,2,1343,False,,1346,1,0,2022-01-19T21:00:00Z,2022-01-20T21:00:00Z,2022-01-28T20:00:00Z
221,supply,supply,478.24,478.81,2021-12-28T14:30:00Z,2021-12-28T18:00:00Z,,,,,,expired,2,2,order_block|pivot,pivot:2021-12-28T14:30:00Z|order_block:2021-12-30T17:00:00Z|structure_break:2021-12-30T20:00:00Z,1,1232,False,,-1,1,0,2021-12-29T21:00:00Z,2022-01-04T15:30:00Z,2022-01-11T21:00:00Z
222,demand,supply,475.92,476.6421701090369,2021-12-29T15:00:00Z,2021-12-29T19:00:00Z,,,,,,expired,3,3,pivot|role_flip|volume_profile,pivot:2021-12-29T15:00:00Z|volume:POC:2022-01-03:476.600000,1,1240,True,,1280,1,3,2022-01-05T19:00:00Z,2022-01-04T19:00:00Z,2022-02-17T15:30:00Z
223,supply,supply,478.3914539203507,479.0,2021-12-30T15:00:00Z,2021-12-30T19:00:00Z,,,,,,expired,1,1,pivot,pivot:2021-12-30T15:00:00Z,1,1247,False,,-1,0,0,,2022-01-04T15:30:00Z,2022-01-11T21:00:00Z
225,demand,demand,474.87,475.4917687719038,2021-12-31T15:00:00Z,2021-12-31T19:00:00Z,,,,,,expired,1,1,pivot,pivot:2021-12-31T15:00:00Z,1,1254,False,,1263,2,0,2022-01-05T19:00:00Z,2022-01-05T20:00:00Z,2022-01-13T19:00:00Z
226,demand,demand,473.85,474.62614199010994,2022-01-03T14:30:00Z,2022-01-03T18:00:00Z,,,,,,expired,1,1,pivot,pivot:2022-01-03T14:30:00Z,1,1260,False,,-1,0,0,,2022-01-05T20:00:00Z,2022-01-13T19:00:00Z
227,supply,supply,476.9438580098901,477.72,2022-01-03T14:30:00Z,2022-01-03T18:00:00Z,,,,,,expired,1,1,pivot,pivot:2022-01-03T14:30:00Z,1,1260,False,,-1,1,0,2022-01-03T20:00:00Z,2022-01-04T15:30:00Z,2022-01-11T21:00:00Z
228,supply,supply,479.69,479.98,2022-01-04T14:30:00Z,2022-01-04T18:00:00Z,,,,,,expired,1,1,pivot,pivot:2022-01-04T14:30:00Z,1,1267,True,,-1,0,0,,,2022-02-16T21:00:00Z
229,demand,demand,475.58,475.76393705220687,2022-01-04T18:00:00Z,2022-01-05T15:30:00Z,,,,,,expired,1,1,pivot,pivot:2022-01-04T18:00:00Z,1,1271,False,,-1,1,0,2022-01-05T19:00:00Z,2022-01-05T20:00:00Z,2022-01-13T19:00:00Z
230,supply,supply,477.22,477.98,2022-01-05T15:00:00Z,2022-01-05T20:00:00Z,,,,,,expired,2,2,order_block|volume_profile,order_block:2022-01-05T15:00:00Z|structure_break:2022-01-05T19:00:00Z|volume:POC:2022-01-04:477.505000|structure_break:2022-01-05T20:00:00Z,0,,True,,-1,0,0,,,2022-02-25T16:00:00Z
232,demand,supply,465.43,466.5826980742282,2022-01-06T15:00:00Z,2022-01-06T19:00:00Z,,,,,,expired,2,2,pivot|role_flip,pivot:2022-01-06T15:00:00Z,1,1282,False,,1304,0,1,2022-01-11T15:30:00Z,2022-01-11T17:00:00Z,2022-01-20T16:00:00Z
233,supply,supply,468.0563152971766,469.2,2022-01-07T14:30:00Z,2022-01-07T16:00:00Z,,,,,,expired,3,3,order_block|role_flip|volume_profile,order_block:2022-01-07T14:30:00Z|structure_break:2022-01-07T15:00:00Z|volume:POC:2022-01-06:468.686458,0,,True,,1323,2,2,2022-01-13T20:00:00Z,2022-01-13T18:00:00Z,2022-02-28T19:00:00Z
235,supply,demand,466.91,467.73,2022-01-07T19:00:00Z,2022-01-10T15:30:00Z,,,,,,expired,2,2,order_block|role_flip,order_block:2022-01-07T19:00:00Z|structure_break:2022-01-10T14:30:00Z,0,,False,,1322,2,1,2022-01-13T18:00:00Z,2022-01-13T21:00:00Z,2022-01-24T20:00:00Z
236,demand,supply,456.59,457.79,2022-01-10T15:00:00Z,2022-01-10T19:00:00Z,,,,,,expired,3,3,pivot|role_flip|volume_profile,pivot:2022-01-10T15:00:00Z|volume:POC:2022-01-18:457.150625,1,1296,False,,1344,1,3,2022-01-19T20:00:00Z,2022-01-20T16:00:00Z,2022-01-28T15:30:00Z
237,supply,supply,472.36,473.2,2022-01-12T15:00:00Z,2022-01-12T19:00:00Z,2022-01-13T18:00:00Z,472.36,473.2,2,pivot|repeated_pivot,expired,2,2,pivot|repeated_pivot,pivot:2022-01-12T15:00:00Z|pivot:2022-01-13T14:30:00Z,2,1316,True,,1319,1,0,2022-01-13T15:30:00Z,,2022-03-04T15:30:00Z
239,supply,supply,470.1367493992103,471.36,2022-01-13T16:00:00Z,2022-01-13T18:00:00Z,,,,,,expired,2,2,order_block|volume_profile,order_block:2022-01-13T16:00:00Z|structure_break:2022-01-13T17:00:00Z|volume:POC:2022-01-12:470.803750,0,,True,,-1,0,0,,,2022-03-04T21:00:00Z
240,supply,supply,464.69,465.09,2022-01-14T20:00:00Z,2022-01-18T17:00:00Z,,,,,,expired,1,1,pivot,pivot:2022-01-14T20:00:00Z,1,1329,True,,-1,0,0,,,2022-02-23T19:00:00Z
241,supply,supply,459.2922564008228,459.62,2022-01-19T14:30:00Z,2022-01-19T18:00:00Z,,,,,,expired,1,1,pivot,pivot:2022-01-19T14:30:00Z,1,1337,True,,-1,0,0,,,2022-03-09T21:00:00Z
242,supply,supply,456.7663037819624,458.38,2022-01-19T17:00:00Z,2022-01-19T21:00:00Z,,,,,,expired,2,2,order_block|volume_profile,order_block:2022-01-19T17:00:00Z|structure_break:2022-01-19T20:00:00Z|volume:POC:2022-01-18:457.150625|order_block:2022-01-20T15:00:00Z|structure_break:2022-01-20T20:00:00Z,0,,True,,1446,2,0,2022-02-09T16:00:00Z,,2022-03-10T17:00:00Z
244,supply,supply,457.3,458.74,2022-01-20T16:00:00Z,2022-01-20T20:00:00Z,2022-02-03T17:00:00Z,457.3,458.74,2,pivot|repeated_pivot,expired,2,2,pivot|repeated_pivot,pivot:2022-01-20T16:00:00Z|pivot:2022-02-02T20:00:00Z,2,1413,True,,1454,3,0,2022-02-10T16:00:00Z,,2022-03-11T16:00:00Z
246,demand,supply,440.66,443.1,2022-01-21T15:00:00Z,2022-01-21T19:00:00Z,2022-01-26T19:00:00Z,440.66,443.1,3,pivot|repeated_pivot|role_flip,expired,3,3,pivot|repeated_pivot|role_flip,pivot:2022-01-21T15:00:00Z|pivot:2022-01-26T15:00:00Z,2,1373,False,,1375,2,1,2022-01-28T21:00:00Z,2022-01-31T16:00:00Z,2022-02-08T15:30:00Z
247,demand,supply,420.76,423.51117947507845,2022-01-24T17:00:00Z,2022-01-24T21:00:00Z,,,,,,expired,3,3,pivot|role_flip|volume_profile,pivot:2022-01-24T17:00:00Z|volume:POC:2022-02-23:423.086875,1,1361,False,,1518,1,1,2022-02-24T19:00:00Z,2022-02-24T21:00:00Z,2022-03-04T20:00:00Z
248,supply,demand,439.7264490612181,440.77,2022-01-24T20:00:00Z,2022-01-25T17:00:00Z,2022-02-17T19:00:00Z,439.7264490612181,440.77,3,pivot|repeated_pivot|role_flip,expired,3,3,pivot|repeated_pivot|role_flip,pivot:2022-01-24T20:00:00Z|pivot:2022-02-17T15:00:00Z,2,1485,False,,1487,1,5,2022-02-17T16:00:00Z,2022-02-17T20:00:00Z,2022-02-28T19:00:00Z
250,supply,supply,440.97254500144066,444.04,2022-01-26T19:00:00Z,2022-01-27T16:00:00Z,,,,,,expired,3,3,pivot|role_flip|volume_profile,pivot:2022-01-26T19:00:00Z|volume:POC:2022-02-16:442.832500,1,1377,True,,1550,5,4,2022-03-03T15:30:00Z,2022-02-17T15:30:00Z,2022-03-17T18:00:00Z
251,demand,demand,428.86,431.839958212948,2022-01-26T20:00:00Z,2022-01-27T17:00:00Z,,,,,,expired,1,1,pivot,pivot:2022-01-26T20:00:00Z,1,1378,False,,-1,1,0,2022-01-27T19:00:00Z,2022-01-28T15:30:00Z,2022-02-04T21:00:00Z
252,demand,demand,427.82,428.51,2022-01-28T15:00:00Z,2022-01-28T19:00:00Z,2022-03-04T20:00:00Z,427.82,428.51,3,pivot|repeated_pivot|role_flip,expired,3,3,pivot|repeated_pivot|role_flip,pivot:2022-01-28T15:00:00Z|pivot:2022-03-04T16:00:00Z|pivot:2022-03-11T14:30:00Z,3,1589,True,,1617,3,4,2022-03-16T19:00:00Z,2022-03-16T14:30:00Z,2022-03-21T14:30:00Z
253,supply,supply,449.9,451.02,2022-02-01T16:00:00Z,2022-02-01T20:00:00Z,2022-02-08T17:00:00Z,449.9,451.02,3,pivot|repeated_pivot|role_flip,expired,3,3,pivot|repeated_pivot|role_flip,pivot:2022-02-01T16:00:00Z|pivot:2022-02-07T20:00:00Z,2,1434,False,,1647,4,4,2022-03-22T20:00:00Z,2022-02-10T21:00:00Z,2022-03-23T15:00:00Z
255,demand,supply,443.83,444.71,2022-02-04T16:00:00Z,2022-02-04T20:00:00Z,,,,,,expired,2,2,pivot|role_flip,pivot:2022-02-04T16:00:00Z,1,1423,False,,1482,1,3,2022-02-16T18:00:00Z,2022-02-16T20:00:00Z,2022-02-25T19:00:00Z
256,supply,supply,451.1616927211343,452.78,2022-02-04T20:00:00Z,2022-02-07T17:00:00Z,,,,,,expired,3,3,pivot|role_flip|volume_profile,pivot:2022-02-04T20:00:00Z|volume:POC:2022-03-25:451.178958,1,1427,False,,1698,2,4,2022-04-01T16:00:00Z,2022-03-28T16:00:00Z,2022-04-01T17:00:00Z
258,demand,demand,445.22,446.41,2022-02-08T15:00:00Z,2022-02-08T19:00:00Z,2022-02-15T20:00:00Z,445.22,446.41,3,pivot|repeated_pivot|role_flip,expired,3,3,pivot|repeated_pivot|role_flip,pivot:2022-02-08T15:00:00Z|pivot:2022-02-15T16:00:00Z|pivot:2022-02-15T20:00:00Z,2,1472,False,,1485,1,2,2022-02-16T21:00:00Z,2022-02-17T15:30:00Z,2022-02-25T21:00:00Z
259,supply,supply,457.5,457.88,2022-02-09T20:00:00Z,2022-02-10T17:00:00Z,,,,,,expired,1,1,pivot,pivot:2022-02-09T20:00:00Z,1,1448,True,,-1,0,0,,,2022-03-17T14:30:00Z
260,demand,supply,451.29,451.61093570185585,2022-02-10T14:30:00Z,2022-02-10T18:00:00Z,,,,,,expired,2,2,pivot|role_flip,pivot:2022-02-10T14:30:00Z,1,1449,False,,1698,1,3,2022-04-01T16:00:00Z,2022-03-28T16:00:00Z,2022-04-01T17:00:00Z
261,supply,supply,440.18,441.49,2022-02-14T17:00:00Z,2022-02-14T19:00:00Z,,,,,,expired,2,2,order_block|volume_profile,order_block:2022-02-14T17:00:00Z|structure_break:2022-02-14T18:00:00Z|volume:POC:2022-02-11:440.787708,0,,False,,-1,1,0,2022-02-14T21:00:00Z,2022-02-15T15:30:00Z,2022-02-23T21:00:00Z
262,demand,demand,435.34,436.26,2022-02-14T19:00:00Z,2022-02-15T16:00:00Z,,,,,,expired,3,3,pivot|role_flip|volume_profile,pivot:2022-02-14T19:00:00Z|volume:POC:2022-02-25:435.552917,1,1468,False,,1544,1,4,2022-03-02T17:00:00Z,2022-03-03T16:00:00Z,2022-03-11T15:30:00Z
265,demand,demand,441.94,443.3229672480905,2022-02-16T17:00:00Z,2022-02-16T20:00:00Z,,,,,,expired,3,3,order_block|role_flip|volume_profile,order_block:2022-02-16T17:00:00Z|structure_break:2022-02-16T19:00:00Z|volume:POC:2022-02-16:442.832500,0,,True,,1634,1,2,2022-03-21T15:00:00Z,2022-03-18T20:00:00Z,2022-04-07T15:00:00Z
266,demand,demand,441.94,442.88,2022-02-16T17:00:00Z,2022-02-16T21:00:00Z,,,,,,expired,3,3,pivot|role_flip|volume_profile,pivot:2022-02-16T17:00:00Z|volume:POC:2022-02-16:442.832500,1,1480,True,,1634,1,2,2022-03-21T15:00:00Z,2022-03-18T20:00:00Z,2022-04-07T16:00:00Z
267,supply,supply,446.61,448.06,2022-02-16T20:00:00Z,2022-02-17T17:00:00Z,,,,,,expired,1,1,pivot,pivot:2022-02-16T20:00:00Z,1,1483,True,,-1,0,0,,,2022-03-17T15:00:00Z
269,demand,demand,425.86,427.29,2022-02-22T19:00:00Z,2022-02-23T16:00:00Z,,,,,,expired,1,1,pivot,pivot:2022-02-22T19:00:00Z,1,1503,False,,-1,1,0,2022-02-23T19:00:00Z,2022-02-23T20:00:00Z,2022-03-03T19:00:00Z
270,supply,demand,432.69,433.26,2022-02-23T14:30:00Z,2022-02-23T18:00:00Z,,,,,,expired,3,3,pivot|role_flip|volume_profile,pivot:2022-02-23T14:30:00Z|volume:POC:2022-02-28:432.731250,1,1505,True,,1619,3,3,2022-03-17T14:30:00Z,2022-03-16T20:00:00Z,2022-04-12T20:00:00Z
271,demand,demand,410.64,411.09472410875486,2022-02-24T14:30:00Z,2022-02-24T18:00:00Z,,,,,,expired,1,1,pivot,pivot:2022-02-24T14:30:00Z,1,1512,True,,-1,0,0,,,2022-03-23T16:00:00Z
272,demand,demand,431.85,433.98867707777987,2022-02-28T15:00:00Z,2022-02-28T19:00:00Z,,,,,,expired,3,3,pivot|role_flip|volume_profile,pivot:2022-02-28T15:00:00Z|volume:POC:2022-02-28:432.731250,1,1527,True,,1619,3,4,2022-03-17T14:30:00Z,2022-03-16T20:00:00Z,2022-04-19T14:30:00Z
273,supply,supply,437.34,438.2,2022-02-28T16:00:00Z,2022-02-28T20:00:00Z,,,,,,expired,1,1,pivot,pivot:2022-02-28T16:00:00Z,1,1528,False,,-1,1,0,2022-03-02T17:00:00Z,2022-03-02T19:00:00Z,2022-03-10T18:00:00Z
274,demand,demand,430.7,432.847308699981,2022-02-28T19:00:00Z,2022-03-01T16:00:00Z,,,,,,expired,3,3,pivot|role_flip|volume_profile,pivot:2022-02-28T19:00:00Z|volume:POC:2022-02-28:432.731250,1,1531,False,,1614,2,4,2022-03-16T16:00:00Z,2022-03-16T19:00:00Z,2022-03-24T18:00:00Z
275,demand,demand,427.11,429.3561359957948,2022-03-01T20:00:00Z,2022-03-02T17:00:00Z,,,,,,expired,2,2,pivot|role_flip,pivot:2022-03-01T20:00:00Z,1,1539,True,,1617,3,2,2022-03-16T19:00:00Z,2022-03-16T14:30:00Z,2022-04-20T19:00:00Z
276,supply,supply,440.47,441.11,2022-03-03T14:30:00Z,2022-03-03T18:00:00Z,2022-03-18T16:00:00Z,440.47,441.11,2,pivot|repeated_pivot,expired,3,3,pivot|repeated_pivot|role_flip,pivot:2022-03-03T14:30:00Z|pivot:2022-03-17T19:00:00Z,2,1623,False,,1764,2,4,2022-04-14T19:00:00Z,2022-04-19T14:30:00Z,2022-04-26T20:00:00Z
277,demand,demand,433.84,434.9,2022-03-03T16:00:00Z,2022-03-03T20:00:00Z,,,,,,expired,1,1,pivot,pivot:2022-03-03T16:00:00Z,1,1549,False,,-1,0,0,,2022-03-04T15:30:00Z,2022-03-11T21:00:00Z
279,demand,demand,415.12,417.36959346257146,2022-03-08T16:00:00Z,2022-03-08T20:00:00Z,,,,,,expired,2,2,pivot|volume_profile,pivot:2022-03-08T16:00:00Z|volume:POC:2022-03-14:415.972500,1,1570,False,,1815,2,0,2022-04-26T20:00:00Z,,2022-04-27T15:00:00Z
280,supply,supply,425.18,427.21,2022-03-08T18:00:00Z,2022-03-09T15:30:00Z,,,,,,expired,3,3,pivot|role_flip|volume_profile,pivot:2022-03-08T18:00:00Z|volume:POC:2022-03-09:426.861875,1,1572,True,,1808,3,4,2022-04-26T14:30:00Z,2022-04-25T14:30:00Z,2022-04-27T17:00:00Z
281,supply,supply,427.43508874051753,429.51,2022-03-09T20:00:00Z,2022-03-10T17:00:00Z,,,,,,expired,2,2,pivot|role_flip,pivot:2022-03-09T20:00:00Z,1,1581,False,,1826,2,2,2022-04-28T18:00:00Z,2022-04-22T20:00:00Z,2022-04-28T19:00:00Z
282,demand,demand,420.44,421.77,2022-03-10T16:00:00Z,2022-03-10T20:00:00Z,,,,,,expired,2,2,pivot|role_flip,pivot:2022-03-10T16:00:00Z,1,1584,False,,1855,1,6,2022-05-04T19:00:00Z,2022-04-28T17:00:00Z,2022-05-04T20:00:00Z
284,demand,demand,415.79,416.71,2022-03-14T18:00:00Z,2022-03-15T15:00:00Z,,,,,,expired,3,3,pivot|role_flip|volume_profile,pivot:2022-03-14T18:00:00Z|volume:POC:2022-03-14:415.972500,1,1601,False,,1846,3,2,2022-05-03T17:00:00Z,2022-05-03T16:00:00Z,2022-05-03T18:00:00Z
285,supply,supply,433.31,434.55,2022-03-16T14:00:00Z,2022-03-16T18:00:00Z,,,,,,expired,2,2,pivot|role_flip,pivot:2022-03-16T14:00:00Z,1,1611,True,,1796,1,2,2022-04-22T16:00:00Z,2022-04-22T15:00:00Z,2022-05-05T14:30:00Z
286,demand,demand,424.8,426.53731569582123,2022-03-16T18:00:00Z,2022-03-16T20:00:00Z,,,,,,expired,1,1,order_block,order_block:2022-03-16T18:00:00Z|structure_break:2022-03-16T19:00:00Z,0,,True,,-1,0,0,,,2022-03-23T17:00:00Z
287,demand,demand,424.8,426.6765177951692,2022-03-16T18:00:00Z,2022-03-17T15:00:00Z,,,,,,expired,1,1,pivot,pivot:2022-03-16T18:00:00Z,1,1615,True,,-1,0,0,,,2022-03-31T20:00:00Z
289,supply,demand,444.99792666774306,446.46,2022-03-21T13:30:00Z,2022-03-21T17:00:00Z,,,,,,expired,2,2,pivot|role_flip,pivot:2022-03-21T13:30:00Z,1,1631,False,,1648,0,1,2022-03-23T15:00:00Z,2022-03-23T20:00:00Z,2022-03-31T19:00:00Z
290,demand,demand,440.68,442.1288714452986,2022-03-21T17:00:00Z,2022-03-22T14:30:00Z,,,,,,expired,1,1,pivot,pivot:2022-03-21T17:00:00Z,1,1635,True,,-1,0,0,,,2022-04-01T16:00:00Z
291,supply,supply,448.84,449.7,2022-03-22T15:00:00Z,2022-03-22T19:00:00Z,,,,,,expired,3,3,pivot|role_flip|volume_profile,pivot:2022-03-22T15:00:00Z|volume:POC:2022-03-22:448.908333,1,1640,False,,1723,3,2,2022-04-08T15:00:00Z,2022-04-08T17:00:00Z,2022-04-19T16:00:00Z
292,supply,demand,449.58,450.58,2022-03-22T19:00:00Z,2022-03-23T16:00:00Z,,,,,,expired,2,2,pivot|role_flip,pivot:2022-03-22T19:00:00Z,1,1644,False,,1662,1,1,2022-03-25T15:00:00Z,2022-03-25T16:00:00Z,2022-04-04T15:00:00Z
293,demand,supply,445.64,446.08,2022-03-23T13:30:00Z,2022-03-23T17:00:00Z,,,,,,expired,3,3,pivot|role_flip|volume_profile,pivot:2022-03-23T13:30:00Z|volume:POC:2022-03-23:446.042083,1,1645,False,,1653,0,1,2022-03-23T20:00:00Z,2022-03-24T15:00:00Z,2022-04-01T14:30:00Z
294,demand,demand,443.79,444.0581776151504,2022-03-23T19:00:00Z,2022-03-24T16:00:00Z,,,,,,expired,1,1,pivot,pivot:2022-03-23T19:00:00Z,1,1651,True,,-1,0,0,,,2022-04-01T16:00:00Z
295,supply,demand,447.99,448.94,2022-03-24T15:00:00Z,2022-03-24T19:00:00Z,2022-04-07T16:00:00Z,447.99,448.94,3,pivot|repeated_pivot|role_flip,expired,3,3,pivot|repeated_pivot|role_flip,pivot:2022-03-24T15:00:00Z|pivot:2022-04-06T19:00:00Z,2,1721,False,,1732,0,3,2022-04-08T15:00:00Z,2022-04-08T20:00:00Z,2022-04-19T19:00:00Z
296,supply,demand,452.33,452.98,2022-03-25T14:00:00Z,2022-03-25T18:00:00Z,,,,,,expired,2,2,pivot|role_flip,pivot:2022-03-25T14:00:00Z,1,1660,False,,1713,1,3,2022-04-05T17:00:00Z,2022-04-05T20:00:00Z,2022-04-13T19:00:00Z
297,supply,supply,453.39228259661496,453.65,2022-03-28T13:30:00Z,2022-03-28T17:00:00Z,,,,,,expired,2,2,pivot|role_flip,pivot:2022-03-28T13:30:00Z,1,1666,True,,1715,1,2,2022-04-05T19:00:00Z,2022-04-05T18:00:00Z,2022-05-16T20:00:00Z
298,supply,supply,460.48819309387176,461.75,2022-03-29T13:30:00Z,2022-03-29T17:00:00Z,,,,,,expired,1,1,pivot,pivot:2022-03-29T13:30:00Z,1,1673,True,,1683,1,0,2022-03-29T19:00:00Z,,2022-04-05T17:00:00Z
299,supply,supply,461.6,462.07,2022-03-29T19:00:00Z,2022-03-30T16:00:00Z,,,,,,expired,1,1,pivot,pivot:2022-03-29T19:00:00Z,1,1679,True,,-1,0,0,,,2022-04-05T19:00:00Z
300,demand,supply,456.46,457.50472914350826,2022-03-30T19:00:00Z,2022-03-31T16:00:00Z,,,,,,expired,2,2,pivot|role_flip,pivot:2022-03-30T19:00:00Z,1,1686,True,,1711,0,1,2022-04-05T15:00:00Z,2022-03-31T20:00:00Z,2022-05-19T19:00:00Z
301,supply,supply,456.7,457.48,2022-03-31T17:00:00Z,2022-03-31T20:00:00Z,,,,,,expired,2,2,order_block|volume_profile,order_block:2022-03-31T17:00:00Z|structure_break:2022-03-31T19:00:00Z|volume:POC:2022-03-31:457.018333,0,,True,,1711,1,0,2022-04-04T20:00:00Z,,2022-05-20T16:00:00Z
302,demand,supply,449.14,449.95,2022-04-01T17:00:00Z,2022-04-04T14:30:00Z,,,,,,expired,2,2,pivot|role_flip,pivot:2022-04-01T17:00:00Z,1,1698,False,,1730,1,1,2022-04-07T20:00:00Z,2022-04-08T17:00:00Z,2022-04-19T16:00:00Z
303,supply,supply,456.91,457.83,2022-04-05T14:00:00Z,2022-04-05T18:00:00Z,,,,,,expired,1,1,pivot,pivot:2022-04-05T14:00:00Z,1,1709,True,,-1,0,0,,,2022-05-25T14:30:00Z
304,demand,supply,444.5,445.75,2022-04-06T14:00:00Z,2022-04-06T18:00:00Z,2022-04-12T17:00:00Z,444.5,445.75,3,pivot|repeated_pivot|role_flip,expired,3,3,pivot|repeated_pivot|role_flip,pivot:2022-04-06T14:00:00Z|pivot:2022-04-12T13:30:00Z,2,1743,True,,1790,3,5,2022-04-21T17:00:00Z,2022-04-20T19:00:00Z,2022-05-26T14:30:00Z
305,demand,supply,443.47,444.8167143132715,2022-04-06T18:00:00Z,2022-04-07T15:00:00Z,,,,,,expired,3,3,pivot|role_flip|volume_profile,pivot:2022-04-06T18:00:00Z|volume:POC:2022-04-19:443.600833,1,1720,True,,1791,4,3,2022-04-21T18:00:00Z,2022-04-21T17:00:00Z,2022-05-26T18:00:00Z
307,supply,supply,449.317501502772,450.69,2022-04-07T19:00:00Z,2022-04-08T16:00:00Z,,,,,,expired,1,1,pivot,pivot:2022-04-07T19:00:00Z,1,1728,True,,1788,1,0,2022-04-21T14:30:00Z,,2022-05-27T19:00:00Z
308,demand,supply,439.39,439.97,2022-04-11T19:00:00Z,2022-04-12T16:00:00Z,,,,,,expired,3,3,pivot|role_flip|volume_profile,pivot:2022-04-11T19:00:00Z|volume:POC:2022-04-14:439.592083,1,1742,False,,1766,1,3,2022-04-18T14:30:00Z,2022-04-19T14:30:00Z,2022-04-26T20:00:00Z
310,demand,demand,436.65,438.0146660550903,2022-04-12T19:00:00Z,2022-04-13T16:00:00Z,,,,,,expired,1,1,pivot,pivot:2022-04-12T19:00:00Z,1,1749,False,,1767,2,0,2022-04-21T20:00:00Z,2022-04-22T14:30:00Z,2022-04-29T20:00:00Z
311,supply,supply,443.55,444.74,2022-04-14T13:30:00Z,2022-04-14T17:00:00Z,,,,,,expired,3,3,pivot|role_flip|volume_profile,pivot:2022-04-14T13:30:00Z|volume:POC:2022-04-19:443.600833,1,1757,True,,1791,2,2,2022-04-21T18:00:00Z,2022-04-21T17:00:00Z,2022-06-03T20:00:00Z
312,demand,supply,435.61,436.56,2022-04-18T16:00:00Z,2022-04-18T20:00:00Z,,,,,,expired,2,2,pivot|role_flip,pivot:2022-04-18T16:00:00Z,1,1767,True,,1795,0,1,2022-04-22T15:00:00Z,2022-04-22T14:30:00Z,2022-06-07T16:00:00Z
313,supply,supply,443.48,444.28,2022-04-19T15:00:00Z,2022-04-19T19:00:00Z,2022-04-21T15:00:00Z,443.48,444.28,3,pivot|repeated_pivot|role_flip,expired,3,3,pivot|repeated_pivot|role_flip,pivot:2022-04-19T15:00:00Z|pivot:2022-04-20T18:00:00Z,2,1783,True,,1791,0,2,2022-04-21T18:00:00Z,2022-04-21T17:00:00Z,2022-06-08T15:00:00Z
314,supply,supply,446.91,447.57,2022-04-20T13:30:00Z,2022-04-20T17:00:00Z,,,,,,expired,1,1,pivot,pivot:2022-04-20T13:30:00Z,1,1778,False,,-1,0,0,,2022-04-21T14:30:00Z,2022-04-28T20:00:00Z
316,supply,supply,449.36,450.01,2022-04-21T13:30:00Z,2022-04-21T17:00:00Z,,,,,,expired,1,1,pivot,pivot:2022-04-21T13:30:00Z,1,1785,True,,-1,0,0,,,2022-06-09T20:00:00Z
317,demand,supply,418.84,419.77,2022-04-25T15:00:00Z,2022-04-25T19:00:00Z,,,,,,expired,2,2,pivot|role_flip,pivot:2022-04-25T15:00:00Z,1,1801,False,,1846,3,3,2022-05-04T18:00:00Z,2022-05-04T19:00:00Z,2022-05-12T18:00:00Z
318,supply,supply,428.2692322988279,429.64,2022-04-25T19:00:00Z,2022-04-26T16:00:00Z,2022-04-29T16:00:00Z,428.2692322988279,429.64,2,pivot|repeated_pivot,expired,2,2,pivot|repeated_pivot,pivot:2022-04-25T19:00:00Z|pivot:2022-04-28T19:00:00Z|pivot:2022-05-04T19:00:00Z,3,1854,True,,1857,2,0,2022-05-04T20:00:00Z,,2022-06-14T19:00:00Z
319,supply,demand,419.41,421.0,2022-04-26T18:00:00Z,2022-04-26T20:00:00Z,,,,,,expired,3,3,order_block|role_flip|volume_profile,order_block:2022-04-26T18:00:00Z|structure_break:2022-04-26T19:00:00Z|volume:POC:2022-04-26:420.431875,0,,False,,1855,0,3,2022-05-04T19:00:00Z,2022-05-05T15:00:00Z,2022-05-13T14:30:00Z
320,demand,supply,415.01,417.09041975367126,2022-04-27T14:00:00Z,2022-04-27T18:00:00Z,,,,,,expired,3,3,pivot|role_flip|volume_profile,pivot:2022-04-27T14:00:00Z|volume:POC:2022-05-04:416.027500,1,1814,False,,1976,5,3,2022-06-02T18:00:00Z,2022-06-02T20:00:00Z,2022-06-10T19:00:00Z
321,supply,supply,422.06,422.92,2022-04-27T16:00:00Z,2022-04-27T20:00:00Z,,,,,,expired,2,2,pivot|role_flip,pivot:2022-04-27T16:00:00Z,1,1816,False,,1831,0,2,2022-04-29T16:00:00Z,2022-05-04T19:00:00Z,2022-05-12T18:00:00Z
322,demand,supply,417.6,419.5114610841526,2022-04-28T14:00:00Z,2022-04-28T17:00:00Z,,,,,,expired,3,3,order_block|role_flip|volume_profile,order_block:2022-04-28T14:00:00Z|structure_break:2022-04-28T16:00:00Z|volume:POC:2022-04-27:418.800208,0,,False,,1846,2,1,2022-05-04T17:00:00Z,2022-05-04T19:00:00Z,2022-05-12T18:00:00Z
324,demand,supply,405.02,406.46,2022-05-02T18:00:00Z,2022-05-03T15:00:00Z,2022-05-06T17:00:00Z,405.02,406.46,2,pivot|repeated_pivot,expired,3,3,pivot|repeated_pivot|role_flip,pivot:2022-05-02T18:00:00Z|pivot:2022-05-06T13:30:00Z|pivot:2022-05-10T13:30:00Z,3,1876,False,,1914,2,1,2022-05-17T14:30:00Z,2022-05-17T19:00:00Z,2022-05-25T18:00:00Z
325,supply,supply,417.9,418.93,2022-05-03T15:00:00Z,2022-05-03T19:00:00Z,,,,,,expired,1,1,pivot,pivot:2022-05-03T15:00:00Z,1,1843,False,,-1,1,0,2022-05-04T17:00:00Z,2022-05-04T19:00:00Z,2022-05-12T18:00:00Z
326,demand,demand,413.7,415.07,2022-05-04T15:00:00Z,2022-05-04T19:00:00Z,,,,,,expired,3,3,pivot|role_flip|volume_profile,pivot:2022-05-04T15:00:00Z|volume:POC:2022-05-03:414.868542,1,1850,False,,2018,2,6,2022-06-08T14:30:00Z,2022-06-08T17:00:00Z,2022-06-16T16:00:00Z
327,demand,supply,414.25,416.05,2022-05-04T14:00:00Z,2022-05-04T19:00:00Z,,,,,,expired,3,3,order_block|role_flip|volume_profile,order_block:2022-05-04T14:00:00Z|structure_break:2022-05-04T18:00:00Z|volume:POC:2022-05-03:414.868542|structure_break:2022-05-04T19:00:00Z,0,,True,,2019,4,3,2022-06-07T19:00:00Z,2022-06-03T14:30:00Z,2022-06-24T15:00:00Z
332,demand,demand,394.82,395.95,2022-05-10T16:00:00Z,2022-05-10T20:00:00Z,,,,,,expired,3,3,pivot|role_flip|volume_profile,pivot:2022-05-10T16:00:00Z|volume:POC:2022-05-11:395.231667,1,1879,False,,1960,1,6,2022-05-25T19:00:00Z,2022-06-10T14:30:00Z,2022-06-17T20:00:00Z
333,supply,demand,402.25,404.04,2022-05-11T14:00:00Z,2022-05-11T18:00:00Z,,,,,,expired,2,2,pivot|role_flip,pivot:2022-05-11T14:00:00Z,1,1884,False,,1915,2,1,2022-05-17T16:00:00Z,2022-05-18T14:30:00Z,2022-05-25T20:00:00Z
334,demand,demand,386.92,388.6,2022-05-12T13:30:00Z,2022-05-12T17:00:00Z,2022-05-24T18:00:00Z,386.92,388.6,3,pivot|repeated_pivot|role_flip,expired,3,3,pivot|repeated_pivot|role_flip,pivot:2022-05-12T13:30:00Z|pivot:2022-05-24T14:00:00Z,2,1947,False,,1950,0,2,2022-05-24T16:00:00Z,2022-06-13T14:30:00Z,2022-06-21T20:00:00Z
335,demand,demand,385.15,385.75382180385753,2022-05-12T18:00:00Z,2022-05-13T15:00:00Z,,,,,,expired,1,1,pivot,pivot:2022-05-12T18:00:00Z,1,1895,False,,-1,1,0,2022-05-20T16:00:00Z,2022-05-20T17:00:00Z,2022-05-31T16:00:00Z
336,supply,supply,401.76,403.18,2022-05-13T16:00:00Z,2022-05-13T20:00:00Z,,,,,,expired,2,2,pivot|role_flip,pivot:2022-05-13T16:00:00Z,1,1900,False,,1921,2,2,2022-05-26T14:30:00Z,2022-05-26T15:00:00Z,2022-06-06T14:30:00Z
337,supply,demand,408.11147067604503,408.57,2022-05-17T19:00:00Z,2022-05-18T16:00:00Z,,,,,,expired,2,2,pivot|role_flip,pivot:2022-05-17T19:00:00Z,1,1917,False,,2028,3,1,2022-06-09T16:00:00Z,2022-06-09T19:00:00Z,2022-06-17T18:00:00Z
338,demand,demand,387.11,388.56,2022-05-19T13:30:00Z,2022-05-19T17:00:00Z,,,,,,expired,1,1,pivot,pivot:2022-05-19T13:30:00Z,1,1925,False,,-1,1,0,2022-05-20T15:00:00Z,2022-05-20T16:00:00Z,2022-05-31T15:00:00Z
339,supply,demand,394.71145184520896,397.03,2022-05-20T13:30:00Z,2022-05-20T17:00:00Z,,,,,,expired,3,3,pivot|role_flip|volume_profile,pivot:2022-05-20T13:30:00Z|volume:POC:2022-05-23:396.045625,1,1932,False,,1961,2,1,2022-05-25T20:00:00Z,2022-06-10T14:30:00Z,2022-06-17T20:00:00Z
340,demand,supply,380.54,382.94,2022-05-20T17:00:00Z,2022-05-23T14:30:00Z,,,,,,expired,3,3,pivot|role_flip|volume_profile,pivot:2022-05-20T17:00:00Z|volume:POC:2022-05-20:382.257708,1,1936,False,,2181,3,5,2022-07-13T16:00:00Z,2022-07-13T14:30:00Z,2022-07-13T17:00:00Z
341,supply,supply,396.36,397.73,2022-05-23T18:00:00Z,2022-05-24T15:00:00Z,2022-05-25T18:00:00Z,396.36,397.73,2,pivot|repeated_pivot,expired,3,3,pivot|repeated_pivot|volume_profile,pivot:2022-05-23T18:00:00Z|pivot:2022-05-25T14:00:00Z|volume:POC:2022-05-25:396.457500,2,1954,False,,1957,1,0,2022-05-25T15:00:00Z,2022-05-26T14:30:00Z,2022-06-03T20:00:00Z
344,supply,supply,415.0373691114746,415.39,2022-05-27T19:00:00Z,2022-05-31T16:00:00Z,,,,,,expired,2,2,pivot|role_flip,pivot:2022-05-27T19:00:00Z,1,1973,False,,2006,0,2,2022-06-06T16:00:00Z,2022-06-07T20:00:00Z,2022-06-15T19:00:00Z
345,demand,supply,410.03,411.16,2022-05-31T14:00:00Z,2022-05-31T18:00:00Z,,,,,,expired,2,2,pivot|role_flip,pivot:2022-05-31T14:00:00Z,1,1975,True,,2026,2,3,2022-06-09T15:00:00Z,2022-06-07T14:30:00Z,2022-07-21T14:30:00Z
346,supply,supply,416.07006344183594,416.46,2022-05-31T18:00:00Z,2022-06-01T15:00:00Z,,,,,,expired,1,1,pivot,pivot:2022-05-31T18:00:00Z,1,1979,False,,-1,0,0,,2022-06-02T20:00:00Z,2022-06-10T19:00:00Z
347,demand,demand,406.93,408.1,2022-06-01T16:00:00Z,2022-06-01T20:00:00Z,2022-06-07T17:00:00Z,406.93,408.1,2,pivot|repeated_pivot,expired,2,2,pivot|repeated_pivot,pivot:2022-06-01T16:00:00Z|pivot:2022-06-07T13:30:00Z,2,2009,False,,2012,1,0,2022-06-07T14:30:00Z,2022-06-09T19:00:00Z,2022-06-17T18:00:00Z
348,supply,supply,416.08,417.44,2022-06-02T19:00:00Z,2022-06-03T16:00:00Z,2022-06-06T18:00:00Z,416.08,417.44,2,pivot|repeated_pivot,expired,2,2,pivot|repeated_pivot,pivot:2022-06-02T19:00:00Z|pivot:2022-06-06T14:00:00Z,2,2003,True,,2019,1,0,2022-06-07T20:00:00Z,,2022-07-25T19:00:00Z
349,demand,supply,409.44,410.53,2022-06-03T15:00:00Z,2022-06-03T19:00:00Z,,,,,,expired,3,3,order_block|pivot|role_flip,pivot:2022-06-03T15:00:00Z|order_block:2022-06-09T16:00:00Z|structure_break:2022-06-09T19:00:00Z,1,1997,True,,2027,2,1,2022-06-09T16:00:00Z,2022-06-09T15:00:00Z,2022-07-26T15:00:00Z
352,supply,supply,415.7,416.22,2022-06-07T19:00:00Z,2022-06-08T16:00:00Z,,,,,,expired,1,1,pivot,pivot:2022-06-07T19:00:00Z,1,2015,True,,-1,0,0,,,2022-07-28T19:00:00Z
354,demand,demand,389.87,390.85,2022-06-10T15:00:00Z,2022-06-10T19:00:00Z,,,,,,expired,1,1,pivot,pivot:2022-06-10T15:00:00Z,1,2032,False,,-1,0,0,,2022-06-13T14:30:00Z,2022-06-21T20:00:00Z
355,supply,supply,393.1,394.25,2022-06-10T19:00:00Z,2022-06-13T16:00:00Z,,,,,,expired,2,2,pivot|role_flip,pivot:2022-06-10T19:00:00Z,1,2036,False,,2243,1,2,2022-07-26T15:00:00Z,2022-07-27T14:30:00Z,2022-08-03T20:00:00Z
356,demand,supply,374.93,376.28,2022-06-13T15:00:00Z,2022-06-13T19:00:00Z,2022-06-21T19:00:00Z,374.93,376.28,3,pivot|repeated_pivot|role_flip,expired,3,3,pivot|repeated_pivot|role_flip,pivot:2022-06-13T15:00:00Z|pivot:2022-06-21T15:00:00Z,2,2074,False,,2189,0,9,2022-07-14T17:00:00Z,2022-07-14T19:00:00Z,2022-07-22T18:00:00Z
357,demand,demand,370.59,372.19,2022-06-14T19:00:00Z,2022-06-15T16:00:00Z,,,,,,expired,1,1,pivot,pivot:2022-06-14T19:00:00Z,1,2050,False,,2059,1,0,2022-06-15T19:00:00Z,2022-06-16T14:30:00Z,2022-06-24T20:00:00Z
358,supply,demand,378.61,379.5,2022-06-15T14:00:00Z,2022-06-15T18:00:00Z,,,,,,expired,2,2,pivot|role_flip,pivot:2022-06-15T14:00:00Z,1,2052,False,,2136,2,3,2022-07-01T20:00:00Z,2022-07-05T14:30:00Z,2022-07-12T20:00:00Z
359,supply,demand,381.5068856325253,383.9,2022-06-15T19:00:00Z,2022-06-16T16:00:00Z,,,,,,expired,3,3,pivot|role_flip|volume_profile,pivot:2022-06-15T19:00:00Z|volume:POC:2022-07-15:383.778125,1,2057,True,,2207,6,5,2022-07-18T19:00:00Z,2022-07-15T18:00:00Z,2022-08-05T19:00:00Z
360,demand,supply,365.76,366.2520114969609,2022-06-16T14:00:00Z,2022-06-16T18:00:00Z,,,,,,expired,3,3,pivot|role_flip|volume_profile,pivot:2022-06-16T14:00:00Z|volume:POC:2022-06-16:366.216875,1,2059,False,,2068,0,1,2022-06-17T15:00:00Z,2022-06-17T18:00:00Z,2022-06-28T17:00:00Z
361,supply,supply,368.39,369.38,2022-06-17T13:30:00Z,2022-06-17T17:00:00Z,,,,,,expired,1,1,pivot,pivot:2022-06-17T13:30:00Z,1,2065,False,,-1,0,0,,2022-06-21T14:30:00Z,2022-06-28T20:00:00Z
362,demand,demand,362.17,363.54,2022-06-17T14:00:00Z,2022-06-17T18:00:00Z,,,,,,expired,1,1,pivot,pivot:2022-06-17T14:00:00Z,1,2066,True,,-1,0,0,,,2022-08-09T14:30:00Z
364,demand,demand,370.18,370.65,2022-06-22T13:30:00Z,2022-06-22T17:00:00Z,,,,,,expired,1,1,pivot,pivot:2022-06-22T13:30:00Z,1,2079,True,,-1,0,0,,,2022-08-10T20:00:00Z
365,supply,demand,376.79,377.96,2022-06-22T14:00:00Z,2022-06-22T18:00:00Z,,,,,,expired,3,3,pivot|role_flip|volume_profile,pivot:2022-06-22T14:00:00Z|volume:POC:2022-06-30:377.791250,1,2080,False,,2180,0,5,2022-07-13T15:00:00Z,2022-07-14T14:30:00Z,2022-07-21T20:00:00Z
366,supply,demand,377.25,378.72,2022-06-22T18:00:00Z,2022-06-23T15:00:00Z,,,,,,expired,3,3,pivot|role_flip|volume_profile,pivot:2022-06-22T18:00:00Z|volume:POC:2022-06-30:377.791250,1,2084,False,,2180,2,3,2022-07-13T14:30:00Z,2022-07-14T14:30:00Z,2022-07-21T20:00:00Z
367,demand,demand,372.56,373.58,2022-06-23T17:00:00Z,2022-06-24T14:30:00Z,2022-06-30T18:00:00Z,372.56,373.58,2,pivot|repeated_pivot,expired,4,4,pivot|repeated_pivot|role_flip|volume_profile,pivot:2022-06-23T17:00:00Z|pivot:2022-06-30T14:00:00Z|pivot:2022-07-05T14:00:00Z|volume:POC:2022-07-14:373.079375,3,2136,True,,2189,2,2,2022-07-14T17:00:00Z,2022-07-14T16:00:00Z,2022-08-12T17:00:00Z
368,supply,supply,391.0451090232692,391.36,2022-06-27T13:30:00Z,2022-06-27T17:00:00Z,,,,,,expired,1,1,pivot,pivot:2022-06-27T13:30:00Z,1,2100,False,,-1,0,0,,2022-06-28T14:30:00Z,2022-07-06T20:00:00Z
369,supply,supply,391.71082273080805,393.16,2022-06-28T13:30:00Z,2022-06-28T16:00:00Z,,,,,,expired,2,2,order_block|role_flip,order_block:2022-06-28T13:30:00Z|structure_break:2022-06-28T15:00:00Z,0,,False,,2245,3,2,2022-07-26T17:00:00Z,2022-07-27T14:30:00Z,2022-08-03T20:00:00Z
370,supply,supply,391.92,393.16,2022-06-28T13:30:00Z,2022-06-28T17:00:00Z,,,,,,expired,2,2,pivot|role_flip,pivot:2022-06-28T13:30:00Z,1,2107,False,,2246,3,2,2022-07-26T18:00:00Z,2022-07-27T14:30:00Z,2022-08-03T20:00:00Z
371,demand,supply,378.42,379.8828604678261,2022-06-29T13:30:00Z,2022-06-29T17:00:00Z,,,,,,expired,3,3,pivot|role_flip|volume_profile,pivot:2022-06-29T13:30:00Z|volume:POC:2022-06-29:379.623125,1,2114,False,,2192,2,3,2022-07-14T20:00:00Z,2022-07-15T14:30:00Z,2022-07-22T20:00:00Z
373,demand,demand,373.8,375.4,2022-07-01T14:00:00Z,2022-07-01T18:00:00Z,,,,,,expired,2,2,pivot|volume_profile,pivot:2022-07-01T14:00:00Z|volume:POC:2022-07-05:375.359167,1,2129,False,,2180,2,0,2022-07-13T14:30:00Z,2022-07-14T14:30:00Z,2022-07-21T20:00:00Z
374,supply,demand,381.2,381.7,2022-07-01T19:00:00Z,2022-07-05T16:00:00Z,,,,,,expired,2,2,pivot|role_flip,pivot:2022-07-01T19:00:00Z,1,2134,True,,2206,1,3,2022-07-18T20:00:00Z,2022-07-15T15:00:00Z,2022-08-22T19:00:00Z
376,supply,demand,382.12,383.66,2022-07-06T13:30:00Z,2022-07-06T17:00:00Z,,,,,,expired,2,2,pivot|role_flip,pivot:2022-07-06T13:30:00Z,1,2142,False,,2196,2,3,2022-07-18T19:00:00Z,2022-07-18T20:00:00Z,2022-07-26T19:00:00Z
377,demand,demand,385.66,386.33,2022-07-08T14:00:00Z,2022-07-08T18:00:00Z,,,,,,expired,2,2,pivot|role_flip,pivot:2022-07-08T14:00:00Z,1,2157,True,,2207,0,2,2022-07-19T14:30:00Z,2022-07-18T14:30:00Z,2022-08-26T14:30:00Z
378,supply,demand,389.94,390.74,2022-07-08T15:00:00Z,2022-07-08T19:00:00Z,2022-07-27T16:00:00Z,389.94,390.74,3,pivot|repeated_pivot|role_flip,expired,3,3,pivot|repeated_pivot|role_flip,pivot:2022-07-08T15:00:00Z|pivot:2022-07-26T19:00:00Z,2,2246,True,,2245,1,1,2022-07-26T17:00:00Z,2022-07-19T18:00:00Z,2022-08-26T15:00:00Z
379,demand,supply,383.66,384.1,2022-07-11T14:00:00Z,2022-07-11T18:00:00Z,,,,,,expired,3,3,pivot|role_flip|volume_profile,pivot:2022-07-11T14:00:00Z|volume:POC:2022-07-15:383.778125,1,2164,False,,2205,1,1,2022-07-18T19:00:00Z,2022-07-19T14:30:00Z,2022-07-26T20:00:00Z
380,demand,demand,382.52,383.67789230463353,2022-07-12T14:00:00Z,2022-07-12T18:00:00Z,,,,,,expired,2,2,pivot|role_flip,pivot:2022-07-12T14:00:00Z,1,2171,False,,2196,1,2,2022-07-18T19:00:00Z,2022-07-18T20:00:00Z,2022-07-26T19:00:00Z
381,demand,supply,374.65,375.1,2022-07-13T13:30:00Z,2022-07-13T17:00:00Z,,,,,,expired,2,2,pivot|role_flip,pivot:2022-07-13T13:30:00Z,1,2177,False,,2189,0,1,2022-07-14T17:00:00Z,2022-07-14T18:00:00Z,2022-07-22T17:00:00Z
382,demand,demand,371.04,372.33,2022-07-14T14:00:00Z,2022-07-14T18:00:00Z,,,,,,expired,1,1,pivot,pivot:2022-07-14T14:00:00Z,1,2185,True,,-1,0,0,,,2022-09-01T14:30:00Z
383,supply,supply,384.0,384.85,2022-07-15T15:00:00Z,2022-07-15T19:00:00Z,,,,,,expired,1,1,pivot,pivot:2022-07-15T15:00:00Z,1,2193,False,,-1,0,0,,2022-07-15T20:00:00Z,2022-07-25T19:00:00Z
384,supply,demand,388.38,389.09,2022-07-18T13:30:00Z,2022-07-18T17:00:00Z,,,,,,expired,2,2,pivot|role_flip,pivot:2022-07-18T13:30:00Z,1,2198,True,,2210,1,1,2022-07-19T17:00:00Z,2022-07-19T16:00:00Z,2022-09-02T20:00:00Z
385,demand,demand,380.66,381.99,2022-07-18T19:00:00Z,2022-07-19T16:00:00Z,,,,,,expired,1,1,pivot,pivot:2022-07-18T19:00:00Z,1,2204,True,,-1,0,0,,,2022-09-06T19:00:00Z
386,demand,supply,391.31,392.41,2022-07-20T13:30:00Z,2022-07-20T15:00:00Z,,,,,,expired,3,3,order_block|role_flip|volume_profile,order_block:2022-07-20T13:30:00Z|structure_break:2022-07-20T14:00:00Z|volume:POC:2022-07-19:391.467500,0,,False,,2246,2,1,2022-07-26T18:00:00Z,2022-07-27T14:30:00Z,2022-08-03T20:00:00Z
387,supply,demand,395.77,396.47,2022-07-20T16:00:00Z,2022-07-20T20:00:00Z,2022-07-25T20:00:00Z,395.77,396.47,3,pivot|repeated_pivot|role_flip,expired,5,5,order_block|pivot|repeated_pivot|role_flip|volume_profile,pivot:2022-07-20T16:00:00Z|pivot:2022-07-25T16:00:00Z|order_block:2022-07-27T16:00:00Z|structure_break:2022-07-27T18:00:00Z|volume:POC:2022-07-27:396.073542,2,2236,False,,2459,5,5,2022-09-08T14:30:00Z,2022-09-07T19:00:00Z,2022-09-08T16:00:00Z
388,demand,supply,391.63,392.9473594214436,2022-07-21T14:00:00Z,2022-07-21T18:00:00Z,,,,,,expired,2,2,pivot|role_flip,pivot:2022-07-21T14:00:00Z,1,2220,False,,2245,2,1,2022-07-26T17:00:00Z,2022-07-27T14:30:00Z,2022-08-03T20:00:00Z
389,supply,supply,398.92,400.16,2022-07-22T13:30:00Z,2022-07-22T17:00:00Z,,,,,,expired,2,2,pivot|role_flip,pivot:2022-07-22T13:30:00Z,1,2226,False,,2462,2,4,2022-09-08T17:00:00Z,2022-09-08T20:00:00Z,2022-09-16T19:00:00Z
390,demand,demand,392.75,393.71,2022-07-22T18:00:00Z,2022-07-25T15:00:00Z,,,,,,expired,2,2,pivot|volume_profile,pivot:2022-07-22T18:00:00Z|volume:POC:2022-07-22:393.521875,1,2231,False,,2241,1,0,2022-07-25T19:00:00Z,2022-07-26T16:00:00Z,2022-08-03T15:00:00Z
394,supply,supply,412.63,413.41,2022-08-01T14:00:00Z,2022-08-01T18:00:00Z,2022-08-02T20:00:00Z,412.63,413.41,2,pivot|repeated_pivot,expired,4,4,pivot|repeated_pivot|role_flip|volume_profile,pivot:2022-08-01T14:00:00Z|pivot:2022-08-02T16:00:00Z|volume:POC:2022-08-08:412.915625,2,2278,False,,2312,1,4,2022-08-09T14:30:00Z,2022-08-10T14:30:00Z,2022-08-17T20:00:00Z
395,demand,demand,406.82,408.1793258909739,2022-08-02T14:00:00Z,2022-08-02T18:00:00Z,,,,,,expired,1,1,pivot,pivot:2022-08-02T14:00:00Z,1,2276,False,,2284,2,0,2022-08-26T19:00:00Z,2022-08-26T20:00:00Z,2022-09-06T19:00:00Z
397,supply,supply,414.81,415.68,2022-08-03T19:00:00Z,2022-08-04T16:00:00Z,,,,,,expired,1,1,pivot,pivot:2022-08-03T19:00:00Z,1,2288,False,,2300,1,0,2022-08-04T20:00:00Z,2022-08-08T14:30:00Z,2022-08-15T20:00:00Z
398,demand,demand,412.44,413.5608879298658,2022-08-04T14:00:00Z,2022-08-04T18:00:00Z,,,,,,expired,3,3,pivot|role_flip|volume_profile,pivot:2022-08-04T14:00:00Z|volume:POC:2022-08-08:412.915625,1,2290,False,,2307,0,2,2022-08-08T16:00:00Z,2022-08-09T14:30:00Z,2022-08-16T20:00:00Z
399,demand,demand,409.6,409.8603659426712,2022-08-05T13:30:00Z,2022-08-05T17:00:00Z,,,,,,expired,1,1,pivot,pivot:2022-08-05T13:30:00Z,1,2296,False,,-1,1,0,2022-08-26T17:00:00Z,2022-08-26T18:00:00Z,2022-09-06T17:00:00Z
400,supply,supply,417.09,417.85,2022-08-08T14:00:00Z,2022-08-08T18:00:00Z,2022-08-25T18:00:00Z,417.09,417.85,3,pivot|repeated_pivot|role_flip,expired,3,3,pivot|repeated_pivot|role_flip,pivot:2022-08-08T14:00:00Z|pivot:2022-08-25T14:00:00Z,2,2395,False,,2397,0,2,2022-08-25T15:00:00Z,2022-08-25T20:00:00Z,2022-09-02T19:00:00Z
401,demand,demand,410.22,411.04,2022-08-09T18:00:00Z,2022-08-10T15:00:00Z,,,,,,expired,2,2,pivot|volume_profile,pivot:2022-08-09T18:00:00Z|volume:POC:2022-08-09:410.905208,1,2315,False,,-1,1,0,2022-08-26T16:00:00Z,2022-08-26T18:00:00Z,2022-09-06T17:00:00Z
402,supply,supply,419.21,420.04,2022-08-10T15:00:00Z,2022-08-10T19:00:00Z,2022-08-12T16:00:00Z,419.21,420.04,3,pivot|repeated_pivot|role_flip,expired,4,4,pivot|repeated_pivot|role_flip|volume_profile,pivot:2022-08-10T15:00:00Z|pivot:2022-08-11T19:00:00Z|volume:POC:2022-08-11:419.568750|pivot:2022-08-26T14:00:00Z,3,2402,True,,2403,0,2,2022-08-26T14:30:00Z,2022-08-22T14:30:00Z,2022-09-29T15:00:00Z
403,supply,demand,423.85791418721027,424.95,2022-08-11T14:00:00Z,2022-08-11T18:00:00Z,,,,,,expired,2,2,pivot|role_flip,pivot:2022-08-11T14:00:00Z,1,2325,False,,2357,2,1,2022-08-17T16:00:00Z,2022-08-19T14:30:00Z,2022-08-26T20:00:00Z
405,demand,supply,426.88,427.7334279430005,2022-08-16T14:00:00Z,2022-08-16T16:00:00Z,,,,,,expired,2,2,order_block|role_flip,order_block:2022-08-16T14:00:00Z|structure_break:2022-08-16T15:00:00Z,0,,False,,2358,1,1,2022-08-17T18:00:00Z,2022-08-18T20:00:00Z,2022-08-26T19:00:00Z
406,demand,demand,426.88,427.5,2022-08-16T14:00:00Z,2022-08-16T18:00:00Z,,,,,,expired,2,2,pivot|role_flip,pivot:2022-08-16T14:00:00Z,1,2346,False,,2363,1,2,2022-08-18T16:00:00Z,2022-08-18T17:00:00Z,2022-08-26T16:00:00Z
407,supply,supply,430.99,431.73,2022-08-16T18:00:00Z,2022-08-17T15:00:00Z,,,,,,expired,1,1,pivot,pivot:2022-08-16T18:00:00Z,1,2350,True,,-1,0,0,,,2022-10-05T18:00:00Z
408,demand,demand,424.54,424.89,2022-08-17T15:00:00Z,2022-08-17T19:00:00Z,,,,,,expired,1,1,pivot,pivot:2022-08-17T15:00:00Z,1,2354,False,,-1,0,0,,2022-08-19T14:30:00Z,2022-08-26T20:00:00Z
409,supply,supply,428.4281205295527,429.5,2022-08-17T18:00:00Z,2022-08-18T15:00:00Z,,,,,,expired,1,1,pivot,pivot:2022-08-17T18:00:00Z,1,2357,True,,2368,1,0,2022-08-18T20:00:00Z,,2022-10-06T18:00:00Z
410,supply,supply,427.83,428.61,2022-08-18T19:00:00Z,2022-08-19T16:00:00Z,,,,,,expired,1,1,pivot,pivot:2022-08-18T19:00:00Z,1,2365,True,,-1,0,0,,,2022-10-07T19:00:00Z
411,demand,demand,411.77,412.75910510434005,2022-08-23T16:00:00Z,2022-08-23T20:00:00Z,,,,,,expired,2,2,pivot|volume_profile,pivot:2022-08-23T16:00:00Z|volume:POC:2022-08-23:412.758542,1,2383,False,,2394,2,0,2022-08-26T15:00:00Z,2022-08-26T16:00:00Z,2022-09-06T15:00:00Z
412,demand,demand,411.39,412.14,2022-08-24T13:30:00Z,2022-08-24T17:00:00Z,,,,,,expired,1,1,pivot,pivot:2022-08-24T13:30:00Z,1,2387,False,,-1,1,0,2022-08-26T15:00:00Z,2022-08-26T16:00:00Z,2022-09-06T15:00:00Z
413,supply,demand,414.7,415.12,2022-08-24T15:00:00Z,2022-08-24T19:00:00Z,,,,,,expired,2,2,pivot|role_flip,pivot:2022-08-24T15:00:00Z,1,2389,False,,2398,0,1,2022-08-25T16:00:00Z,2022-08-26T15:00:00Z,2022-09-06T14:30:00Z
415,demand,demand,416.07,416.77,2022-08-25T18:00:00Z,2022-08-25T20:00:00Z,,,,,,expired,2,2,order_block|volume_profile,order_block:2022-08-25T18:00:00Z|structure_break:2022-08-25T19:00:00Z|volume:POC:2022-08-25:416.483125,0,,False,,-1,0,0,,2022-08-26T15:00:00Z,2022-09-06T14:30:00Z
417,demand,supply,400.38,401.56,2022-08-29T14:00:00Z,2022-08-29T18:00:00Z,2022-09-02T18:00:00Z,400.38,401.56,3,pivot|repeated_pivot|role_flip,expired,3,3,pivot|repeated_pivot|role_flip,pivot:2022-08-29T14:00:00Z|pivot:2022-09-02T14:00:00Z,2,2437,False,,2462,2,1,2022-09-08T16:00:00Z,2022-09-09T14:30:00Z,2022-09-16T20:00:00Z
418,supply,demand,404.64,405.84,2022-08-29T17:00:00Z,2022-08-30T15:00:00Z,,,,,,expired,2,2,order_block|role_flip,order_block:2022-08-29T17:00:00Z|structure_break:2022-08-30T14:00:00Z,0,,False,,2470,1,1,2022-09-09T18:00:00Z,2022-09-13T14:30:00Z,2022-09-20T20:00:00Z
419,demand,supply,396.0,397.37227062399717,2022-08-30T17:00:00Z,2022-08-31T14:30:00Z,,,,,,expired,3,3,pivot|role_flip|volume_profile,pivot:2022-08-30T17:00:00Z|volume:POC:2022-09-07:397.366458,1,2419,True,,2486,2,3,2022-09-13T20:00:00Z,2022-09-13T19:00:00Z,2022-10-19T17:00:00Z
420,supply,supply,399.91,401.24,2022-08-31T13:30:00Z,2022-08-31T17:00:00Z,2022-09-08T19:00:00Z,399.91,401.24,2,pivot|repeated_pivot,expired,2,2,pivot|repeated_pivot,pivot:2022-08-31T13:30:00Z|pivot:2022-09-08T15:00:00Z,2,2459,False,,2461,2,0,2022-09-08T15:00:00Z,2022-09-09T14:30:00Z,2022-09-16T20:00:00Z
421,demand,demand,390.04,390.3471409972788,2022-09-01T15:00:00Z,2022-09-01T19:00:00Z,,,,,,expired,1,1,pivot,pivot:2022-09-01T15:00:00Z,1,2431,False,,2498,2,0,2022-09-15T17:00:00Z,2022-09-16T14:30:00Z,2022-09-23T20:00:00Z
423,demand,supply,388.42,390.1258553997371,2022-09-06T14:00:00Z,2022-09-06T18:00:00Z,,,,,,expired,2,2,pivot|role_flip,pivot:2022-09-06T14:00:00Z,1,2444,True,,2527,1,1,2022-09-21T19:00:00Z,2022-09-16T14:30:00Z,2022-10-25T14:30:00Z
425,supply,supply,411.02,411.73,2022-09-12T14:00:00Z,2022-09-12T18:00:00Z,,,,,,expired,1,1,pivot,pivot:2022-09-12T14:00:00Z,1,2472,True,,2480,1,0,2022-09-12T20:00:00Z,,2022-10-31T14:30:00Z
426,demand,supply,391.76,393.21265962181417,2022-09-14T14:00:00Z,2022-09-14T18:00:00Z,,,,,,expired,2,2,pivot|role_flip,pivot:2022-09-14T14:00:00Z,1,2486,True,,2496,0,1,2022-09-15T16:00:00Z,2022-09-15T15:00:00Z,2022-11-02T14:30:00Z
427,supply,supply,395.18,395.96,2022-09-15T14:00:00Z,2022-09-15T18:00:00Z,,,,,,expired,1,1,pivot,pivot:2022-09-15T14:00:00Z,1,2493,True,,-1,0,0,,,2022-11-01T16:00:00Z
428,demand,supply,382.11,383.52,2022-09-16T16:00:00Z,2022-09-16T20:00:00Z,,,,,,expired,3,3,pivot|role_flip|volume_profile,pivot:2022-09-16T16:00:00Z|volume:POC:2022-10-25:383.478750,1,2502,True,,2738,2,5,2022-11-02T20:00:00Z,2022-11-02T19:00:00Z,2022-11-04T16:00:00Z
429,supply,demand,386.21,387.16,2022-09-19T14:00:00Z,2022-09-19T18:00:00Z,,,,,,expired,2,2,pivot|role_flip,pivot:2022-09-19T14:00:00Z,1,2507,False,,2527,0,1,2022-09-21T19:00:00Z,2022-09-21T20:00:00Z,2022-09-29T19:00:00Z
430,supply,supply,387.6317440591294,389.31,2022-09-19T19:00:00Z,2022-09-20T16:00:00Z,,,,,,expired,3,3,order_block|pivot|volume_profile,pivot:2022-09-19T19:00:00Z|order_block:2022-09-21T18:00:00Z|structure_break:2022-09-21T19:00:00Z|volume:POC:2022-10-28:388.085000,1,2512,True,,2738,4,0,2022-11-02T19:00:00Z,,2022-11-07T20:00:00Z
431,demand,demand,381.19,381.50662357332965,2022-09-20T17:00:00Z,2022-09-21T14:30:00Z,,,,,,expired,1,1,pivot,pivot:2022-09-20T17:00:00Z,1,2517,False,,-1,1,0,2022-09-21T19:00:00Z,2022-09-21T20:00:00Z,2022-09-29T19:00:00Z
433,supply,supply,387.5,389.31,2022-09-21T18:00:00Z,2022-09-22T15:00:00Z,,,,,,expired,2,2,pivot|volume_profile,pivot:2022-09-21T18:00:00Z|volume:POC:2022-10-28:388.085000,1,2525,True,,2738,4,0,2022-11-02T19:00:00Z,,2022-11-09T19:00:00Z
434,demand,demand,373.44,374.09,2022-09-22T15:00:00Z,2022-09-22T19:00:00Z,,,,,,expired,1,1,pivot,pivot:2022-09-22T15:00:00Z,1,2529,False,,-1,0,0,,2022-09-23T14:30:00Z,2022-09-30T20:00:00Z
435,supply,supply,375.8540304127382,377.54,2022-09-22T19:00:00Z,2022-09-23T16:00:00Z,,,,,,expired,3,3,pivot|role_flip|volume_profile,pivot:2022-09-22T19:00:00Z|volume:POC:2022-10-04:376.451667,1,2533,False,,2773,2,6,2022-11-09T21:00:00Z,2022-11-10T15:30:00Z,2022-11-17T21:00:00Z
436,demand,demand,363.02,363.65291894203955,2022-09-23T18:00:00Z,2022-09-26T15:00:00Z,2022-09-27T14:30:00Z,363.02,363.65291894203955,2,pivot|repeated_pivot,expired,4,4,pivot|repeated_pivot|role_flip|volume_profile,pivot:2022-09-23T18:00:00Z|pivot:2022-09-26T17:00:00Z|volume:POC:2022-10-07:363.574375,2,2545,True,,2676,3,4,2022-10-21T14:30:00Z,2022-10-13T18:00:00Z,2022-11-11T19:00:00Z
437,supply,supply,368.5492443403382,370.21,2022-09-26T14:00:00Z,2022-09-26T18:00:00Z,,,,,,expired,1,1,pivot,pivot:2022-09-26T14:00:00Z,1,2542,False,,2552,2,0,2022-09-28T17:00:00Z,2022-09-28T20:00:00Z,2022-10-06T19:00:00Z
439,supply,supply,368.5953916446038,370.4,2022-09-27T13:30:00Z,2022-09-27T17:00:00Z,,,,,,expired,2,2,pivot|volume_profile,pivot:2022-09-27T13:30:00Z|volume:POC:2022-09-28:369.268750,1,2548,False,,-1,1,0,2022-09-28T17:00:00Z,2022-10-04T14:30:00Z,2022-10-11T20:00:00Z
440,demand,supply,360.87,361.76,2022-09-27T17:00:00Z,2022-09-28T14:30:00Z,,,,,,expired,2,2,pivot|role_flip,pivot:2022-09-27T17:00:00Z,1,2552,False,,2643,2,7,2022-10-14T16:00:00Z,2022-10-17T14:30:00Z,2022-10-24T20:00:00Z
441,supply,demand,370.6131723989454,372.3,2022-09-28T19:00:00Z,2022-09-29T16:00:00Z,,,,,,expired,2,2,pivot|role_flip,pivot:2022-09-28T19:00:00Z,1,2561,False,,2594,0,1,2022-10-05T16:00:00Z,2022-10-07T14:30:00Z,2022-10-14T20:00:00Z
442,demand,demand,359.7,360.05403888127216,2022-09-29T18:00:00Z,2022-09-30T15:00:00Z,,,,,,expired,3,3,pivot|role_flip|volume_profile,pivot:2022-09-29T18:00:00Z|volume:POC:2022-10-10:359.986250,1,2567,False,,2645,0,4,2022-10-14T18:00:00Z,2022-10-14T19:00:00Z,2022-10-24T18:00:00Z
443,supply,demand,364.36109794781515,365.91,2022-09-30T15:00:00Z,2022-09-30T19:00:00Z,,,,,,expired,3,3,pivot|role_flip|volume_profile,pivot:2022-09-30T15:00:00Z|volume:POC:2022-10-13:364.680833,1,2571,False,,2640,3,3,2022-10-13T20:00:00Z,2022-10-14T15:00:00Z,2022-10-24T14:30:00Z
444,demand,demand,356.96,357.68,2022-09-30T19:00:00Z,2022-10-03T16:00:00Z,2022-10-17T16:00:00Z,356.96,357.68,4,pivot|repeated_pivot|role_flip|volume_profile,expired,4,4,pivot|repeated_pivot|role_flip|volume_profile,pivot:2022-09-30T19:00:00Z|volume:POC:2022-10-11:357.387500|pivot:2022-10-14T19:00:00Z,2,2645,True,,2647,0,2,2022-10-14T20:00:00Z,2022-10-13T16:00:00Z,2022-11-18T20:00:00Z
445,supply,demand,377.22,377.66,2022-10-04T15:00:00Z,2022-10-04T19:00:00Z,,,,,,expired,2,2,pivot|role_flip,pivot:2022-10-04T15:00:00Z,1,2585,False,,2597,0,1,2022-10-05T19:00:00Z,2022-10-06T14:30:00Z,2022-10-13T20:00:00Z
446,supply,demand,377.6391407196952,378.76,2022-10-04T19:00:00Z,2022-10-05T16:00:00Z,2022-10-24T17:00:00Z,377.6391407196952,378.76,2,pivot|repeated_pivot,expired,4,4,pivot|repeated_pivot|role_flip|volume_profile,pivot:2022-10-04T19:00:00Z|pivot:2022-10-24T13:30:00Z|volume:POC:2022-10-24:378.177708|pivot:2022-11-07T15:00:00Z,3,2752,False,,2765,3,3,2022-11-08T20:00:00Z,2022-11-09T19:00:00Z,2022-11-17T18:00:00Z
447,demand,demand,370.95,371.35,2022-10-05T14:00:00Z,2022-10-05T18:00:00Z,,,,,,expired,1,1,pivot,pivot:2022-10-05T14:00:00Z,1,2591,False,,-1,0,0,,2022-10-07T14:30:00Z,2022-10-14T20:00:00Z
448,supply,demand,377.8681458094395,379.46,2022-10-05T19:00:00Z,2022-10-06T16:00:00Z,,,,,,expired,3,3,pivot|role_flip|volume_profile,pivot:2022-10-05T19:00:00Z|volume:POC:2022-10-24:378.177708,1,2596,False,,2765,3,3,2022-11-08T20:00:00Z,2022-11-09T19:00:00Z,2022-11-17T18:00:00Z
449,demand,demand,355.81,356.59,2022-10-11T14:00:00Z,2022-10-11T18:00:00Z,,,,,,expired,1,1,pivot,pivot:2022-10-11T14:00:00Z,1,2619,False,,2627,1,0,2022-10-11T20:00:00Z,2022-10-13T14:30:00Z,2022-10-20T20:00:00Z
450,supply,supply,362.15,363.03,2022-10-11T16:00:00Z,2022-10-11T20:00:00Z,,,,,,expired,1,1,pivot,pivot:2022-10-11T16:00:00Z,1,2621,False,,-1,1,0,2022-10-13T16:00:00Z,2022-10-13T18:00:00Z,2022-10-21T17:00:00Z
451,demand,demand,355.71,357.2770036869575,2022-10-11T19:00:00Z,2022-10-12T16:00:00Z,,,,,,expired,1,1,pivot,pivot:2022-10-11T19:00:00Z,1,2624,False,,-1,1,0,2022-10-12T19:00:00Z,2022-10-13T14:30:00Z,2022-10-20T20:00:00Z
452,demand,demand,356.5,357.69,2022-10-12T19:00:00Z,2022-10-13T16:00:00Z,,,,,,expired,1,1,order_block,order_block:2022-10-12T19:00:00Z|structure_break:2022-10-13T15:00:00Z,0,,True,,2648,1,0,2022-10-14T19:00:00Z,,2022-11-01T17:00:00Z
453,demand,demand,348.11,349.23,2022-10-13T13:30:00Z,2022-10-13T17:00:00Z,,,,,,expired,1,1,pivot,pivot:2022-10-13T13:30:00Z,1,2632,True,,-1,0,0,,,2022-11-01T19:00:00Z
454,supply,supply,368.53,370.26,2022-10-14T13:30:00Z,2022-10-14T17:00:00Z,,,,,,expired,3,3,pivot|role_flip|volume_profile,pivot:2022-10-14T13:30:00Z|volume:POC:2022-10-19:368.568750,1,2639,False,,2672,0,2,2022-10-20T17:00:00Z,2022-10-21T17:00:00Z,2022-10-31T16:00:00Z
456,supply,demand,366.067106366183,367.98,2022-10-17T14:00:00Z,2022-10-17T18:00:00Z,,,,,,expired,3,3,pivot|role_flip|volume_profile,pivot:2022-10-17T14:00:00Z|volume:POC:2022-10-17:366.225625,1,2647,True,,2678,1,3,2022-10-21T16:00:00Z,2022-10-21T14:30:00Z,2022-12-06T18:00:00Z
457,supply,supply,375.0191227655631,375.45,2022-10-18T13:30:00Z,2022-10-18T17:00:00Z,,,,,,expired,2,2,pivot|role_flip,pivot:2022-10-18T13:30:00Z,1,2653,False,,2748,0,2,2022-11-04T16:00:00Z,2022-11-04T20:00:00Z,2022-11-14T20:00:00Z
458,demand,demand,365.55,366.93,2022-10-19T17:00:00Z,2022-10-20T14:30:00Z,,,,,,expired,1,1,pivot,pivot:2022-10-19T17:00:00Z,1,2664,True,,2676,1,0,2022-10-20T18:00:00Z,,2022-11-04T18:00:00Z
459,supply,supply,371.96,372.67,2022-10-20T14:00:00Z,2022-10-20T18:00:00Z,,,,,,expired,1,1,pivot,pivot:2022-10-20T14:00:00Z,1,2668,False,,-1,1,0,2022-10-21T18:00:00Z,2022-10-21T19:00:00Z,2022-10-31T18:00:00Z
460,demand,demand,363.54,365.12,2022-10-21T13:30:00Z,2022-10-21T17:00:00Z,,,,,,expired,1,1,pivot,pivot:2022-10-21T13:30:00Z,1,2674,True,,-1,0,0,,,2022-12-12T17:00:00Z
462,demand,demand,378.13,379.35,2022-10-24T19:00:00Z,2022-10-25T14:30:00Z,,,,,,expired,3,3,order_block|role_flip|volume_profile,order_block:2022-10-24T19:00:00Z|structure_break:2022-10-25T13:30:00Z|volume:POC:2022-10-24:378.177708,0,,False,,2765,3,2,2022-11-08T20:00:00Z,2022-11-09T19:00:00Z,2022-11-17T18:00:00Z
463,demand,demand,381.35,381.6658142625496,2022-10-26T13:30:00Z,2022-10-26T17:00:00Z,,,,,,expired,2,2,pivot|role_flip,pivot:2022-10-26T13:30:00Z,1,2695,False,,2766,2,4,2022-11-08T21:00:00Z,2022-11-09T15:30:00Z,2022-11-16T21:00:00Z
464,supply,supply,386.82,387.58,2022-10-26T15:00:00Z,2022-10-26T19:00:00Z,,,,,,expired,1,1,pivot,pivot:2022-10-26T15:00:00Z,1,2697,False,,-1,1,0,2022-10-28T17:00:00Z,2022-10-28T19:00:00Z,2022-11-07T19:00:00Z
465,demand,supply,379.33,379.96,2022-10-27T19:00:00Z,2022-10-28T16:00:00Z,,,,,,expired,2,2,pivot|role_flip,pivot:2022-10-27T19:00:00Z,1,2708,False,,2767,1,1,2022-11-09T15:30:00Z,2022-11-10T15:30:00Z,2022-11-17T21:00:00Z
466,supply,demand,388.97,389.52,2022-10-28T19:00:00Z,2022-10-31T16:00:00Z,,,,,,expired,3,3,pivot|role_flip|volume_profile,pivot:2022-10-28T19:00:00Z|volume:POC:2022-11-10:389.360833,1,2715,False,,2775,2,1,2022-12-15T17:00:00Z,2022-12-15T19:00:00Z,2022-12-23T18:00:00Z
467,supply,supply,386.31528412723947,387.59,2022-10-31T17:00:00Z,2022-11-01T15:00:00Z,,,,,,expired,2,2,order_block|volume_profile,order_block:2022-10-31T17:00:00Z|structure_break:2022-11-01T14:00:00Z|volume:POC:2022-10-31:386.502917,0,,False,,2738,1,0,2022-11-02T19:00:00Z,2022-11-10T15:30:00Z,2022-11-17T21:00:00Z
468,supply,supply,390.09646287857566,390.44554686712956,2022-11-01T13:30:00Z,2022-11-01T17:00:00Z,2022-11-17T19:00:00Z,390.09646287857566,390.44554686712956,3,pivot|repeated_pivot|role_flip,expired,4,4,pivot|repeated_pivot|role_flip|volume_profile,pivot:2022-11-01T13:30:00Z|pivot:2022-11-17T15:00:00Z|volume:POC:2022-12-15:390.183125,2,2808,True,,2942,3,2,2022-12-15T18:00:00Z,2022-12-15T17:00:00Z,2022-12-21T17:00:00Z
469,demand,supply,383.29,384.01,2022-11-01T15:00:00Z,2022-11-01T19:00:00Z,,,,,,expired,2,2,pivot|role_flip,pivot:2022-11-01T15:00:00Z,1,2725,False,,2766,1,3,2022-11-08T21:00:00Z,2022-11-10T15:30:00Z,2022-11-17T21:00:00Z
470,supply,supply,382.48,383.94,2022-11-02T17:00:00Z,2022-11-02T20:00:00Z,,,,,,expired,3,3,order_block|role_flip|volume_profile,order_block:2022-11-02T17:00:00Z|structure_break:2022-11-02T19:00:00Z|volume:POC:2022-11-02:382.596875,0,,False,,2766,1,2,2022-11-08T21:00:00Z,2022-11-10T15:30:00Z,2022-11-17T21:00:00Z
471,supply,supply,386.82961323788743,388.63,2022-11-02T18:00:00Z,2022-11-03T15:00:00Z,,,,,,expired,2,2,pivot|role_flip,pivot:2022-11-02T18:00:00Z,1,2735,True,,2969,1,2,2022-12-21T17:00:00Z,2022-12-16T15:30:00Z,2022-12-23T15:30:00Z
472,demand,demand,368.79,369.22,2022-11-03T14:00:00Z,2022-11-03T18:00:00Z,,,,,,expired,1,1,pivot,pivot:2022-11-03T14:00:00Z,1,2738,True,,-1,0,0,,,2022-12-23T18:00:00Z
473,supply,demand,377.01173091295334,378.87,2022-11-04T14:00:00Z,2022-11-04T18:00:00Z,,,,,,expired,3,3,pivot|role_flip|volume_profile,pivot:2022-11-04T14:00:00Z|volume:POC:2022-11-07:377.945000,1,2745,False,,2765,1,1,2022-11-08T20:00:00Z,2022-11-09T19:00:00Z,2022-11-17T18:00:00Z
474,demand,demand,370.0,370.77,2022-11-04T18:00:00Z,2022-11-07T16:00:00Z,,,,,,expired,1,1,pivot,pivot:2022-11-04T18:00:00Z,1,2749,True,,-1,0,0,,,2022-12-28T15:30:00Z
476,supply,supply,384.54,385.12,2022-11-08T16:00:00Z,2022-11-08T20:00:00Z,,,,,,expired,1,1,pivot,pivot:2022-11-08T16:00:00Z,1,2760,False,,-1,0,0,,2022-11-10T15:30:00Z,2022-11-17T21:00:00Z
477,demand,demand,373.61,374.15,2022-11-09T20:00:00Z,2022-11-10T17:00:00Z,,,,,,expired,1,1,pivot,pivot:2022-11-09T20:00:00Z,1,2771,True,,-1,0,0,,,2023-01-03T16:00:00Z
478,supply,demand,399.0161742116751,399.35,2022-11-11T20:00:00Z,2022-11-14T17:00:00Z,,,,,,expired,3,3,pivot|role_flip|volume_profile,pivot:2022-11-11T20:00:00Z|volume:POC:2022-11-15:399.214583,1,2785,False,,2889,2,5,2022-12-05T21:00:00Z,2022-12-06T15:30:00Z,2022-12-13T21:00:00Z
479,demand,demand,394.83,395.64,2022-11-14T20:00:00Z,2022-11-15T17:00:00Z,2022-12-07T20:00:00Z,394.83,395.64,3,pivot|repeated_pivot|role_flip,expired,4,4,pivot|repeated_pivot|role_flip|volume_profile,pivot:2022-11-14T20:00:00Z|pivot:2022-12-07T16:00:00Z|volume:POC:2022-12-12:395.365000,2,2897,False,,2922,2,10,2022-12-12T19:00:00Z,2022-12-15T15:30:00Z,2022-12-22T21:00:00Z
480,supply,supply,401.62,402.31,2022-11-15T14:30:00Z,2022-11-15T18:00:00Z,,,,,,expired,3,3,pivot|role_flip|volume_profile,pivot:2022-11-15T14:30:00Z|volume:POC:2022-11-23:401.647917,1,2793,False,,2930,1,4,2022-12-13T20:00:00Z,2022-12-14T15:30:00Z,2022-12-21T21:00:00Z
481,demand,supply,394.49,396.17146638888164,2022-11-15T18:00:00Z,2022-11-16T15:30:00Z,,,,,,expired,3,3,pivot|role_flip|volume_profile,pivot:2022-11-15T18:00:00Z|volume:POC:2022-11-16:395.724375,1,2797,True,,2939,2,5,2022-12-15T15:30:00Z,2022-12-09T21:00:00Z,2023-01-06T21:00:00Z
483,supply,demand,397.36,397.81,2022-11-18T14:30:00Z,2022-11-18T18:00:00Z,2022-12-09T20:00:00Z,397.36,397.81,3,pivot|repeated_pivot|role_flip,expired,4,4,order_block|pivot|repeated_pivot|role_flip,pivot:2022-11-18T14:30:00Z|pivot:2022-12-09T16:00:00Z|order_block:2022-12-09T16:00:00Z|structure_break:2022-12-09T20:00:00Z,2,2911,False,,2937,1,3,2022-12-14T20:00:00Z,2022-12-15T15:30:00Z,2022-12-22T21:00:00Z
484,supply,supply,396.09,397.01,2022-11-18T20:00:00Z,2022-11-21T17:00:00Z,,,,,,expired,2,2,pivot|role_flip,pivot:2022-11-18T20:00:00Z,1,2820,False,,2863,3,2,2022-11-30T15:30:00Z,2022-11-30T19:00:00Z,2022-12-08T18:00:00Z
485,demand,demand,392.66,393.22,2022-11-21T16:00:00Z,2022-11-21T20:00:00Z,,,,,,expired,1,1,pivot,pivot:2022-11-21T16:00:00Z,1,2823,False,,-1,1,0,2022-12-06T19:00:00Z,2022-12-06T20:00:00Z,2022-12-14T19:00:00Z
486,supply,demand,402.09,402.74,2022-11-23T15:00:00Z,2022-11-23T19:00:00Z,2022-12-02T18:00:00Z,402.09,402.74,4,pivot|repeated_pivot|role_flip|volume_profile,expired,4,4,pivot|repeated_pivot|role_flip|volume_profile,pivot:2022-11-23T15:00:00Z|volume:POC:2022-11-25:402.306250|pivot:2022-12-02T14:30:00Z,2,2874,False,,2876,1,1,2022-12-05T16:00:00Z,2022-12-05T17:00:00Z,2022-12-13T16:00:00Z
487,supply,demand,402.39,402.93,2022-11-23T20:00:00Z,2022-11-25T17:00:00Z,,,,,,expired,2,2,pivot|role_flip,pivot:2022-11-23T20:00:00Z,1,2841,False,,2876,1,1,2022-12-05T16:00:00Z,2022-12-05T17:00:00Z,2022-12-13T16:00:00Z
488,demand,demand,393.3,394.22,2022-11-29T16:00:00Z,2022-11-29T20:00:00Z,2022-11-30T21:00:00Z,393.3,394.22,2,pivot|repeated_pivot,expired,3,3,pivot|repeated_pivot|role_flip,pivot:2022-11-29T16:00:00Z|pivot:2022-11-30T17:00:00Z,2,2863,False,,2912,3,2,2022-12-09T15:30:00Z,2022-12-15T15:30:00Z,2022-12-22T21:00:00Z
489,demand,demand,393.38,394.5129862310091,2022-11-30T17:00:00Z,2022-11-30T19:00:00Z,,,,,,expired,3,3,order_block|pivot|role_flip,order_block:2022-11-30T17:00:00Z|structure_break:2022-11-30T18:00:00Z|structure_break:2022-11-30T19:00:00Z|pivot:2023-01-09T16:00:00Z,1,3044,False,,3122,6,6,2023-01-25T16:00:00Z,2023-01-20T21:00:00Z,2023-01-25T17:00:00Z
492,demand,demand,393.48,394.59920150022276,2022-11-30T17:00:00Z,2022-11-30T21:00:00Z,,,,,,expired,2,2,order_block|role_flip,order_block:2022-11-30T17:00:00Z|structure_break:2022-11-30T20:00:00Z,0,,False,,3122,6,6,2023-01-25T16:00:00Z,2023-01-20T21:00:00Z,2023-01-25T17:00:00Z
493,supply,supply,409.14,410.49,2022-12-01T15:00:00Z,2022-12-01T19:00:00Z,2022-12-13T18:00:00Z,409.14,410.49,2,pivot|repeated_pivot,expired,2,2,pivot|repeated_pivot,pivot:2022-12-01T15:00:00Z|pivot:2022-12-13T14:30:00Z,2,2923,True,,2926,1,0,2022-12-13T15:30:00Z,,2023-01-24T15:30:00Z
495,supply,supply,406.87,407.86,2022-12-02T20:00:00Z,2022-12-05T17:00:00Z,,,,,,expired,1,1,pivot,pivot:2022-12-02T20:00:00Z,1,2880,False,,-1,0,0,,2022-12-13T15:30:00Z,2022-12-20T21:00:00Z
496,demand,demand,391.64,392.49,2022-12-06T19:00:00Z,2022-12-07T16:00:00Z,,,,,,expired,1,1,pivot,pivot:2022-12-06T19:00:00Z,1,2893,False,,2904,2,0,2022-12-15T15:30:00Z,2022-12-15T16:00:00Z,2022-12-23T15:30:00Z
498,supply,demand,396.63,397.36,2022-12-08T15:00:00Z,2022-12-08T19:00:00Z,,,,,,expired,2,2,pivot|role_flip,pivot:2022-12-08T15:00:00Z,1,2903,False,,2937,2,1,2022-12-14T20:00:00Z,2022-12-15T15:30:00Z,2022-12-22T21:00:00Z
499,demand,demand,394.12,394.94,2022-12-09T14:30:00Z,2022-12-09T18:00:00Z,,,,,,expired,2,2,pivot|role_flip,pivot:2022-12-09T14:30:00Z,1,2909,False,,3066,2,2,2023-01-18T17:00:00Z,2023-01-18T18:00:00Z,2023-01-26T17:00:00Z
502,demand,demand,393.15,393.3684491466672,2022-12-09T20:00:00Z,2022-12-12T17:00:00Z,,,,,,expired,1,1,pivot,pivot:2022-12-09T20:00:00Z,1,2915,False,,-1,0,0,,2022-12-15T15:30:00Z,2022-12-22T21:00:00Z
503,demand,demand,393.81,394.64,2022-12-12T15:00:00Z,2022-12-12T21:00:00Z,,,,,,expired,1,1,order_block,order_block:2022-12-12T15:00:00Z|structure_break:2022-12-12T20:00:00Z,0,,False,,-1,0,0,,2022-12-15T15:30:00Z,2022-12-22T21:00:00Z
505,supply,demand,404.07724603339057,405.5,2022-12-14T18:00:00Z,2022-12-14T20:00:00Z,,,,,,expired,4,4,order_block|pivot|role_flip|volume_profile,order_block:2022-12-14T18:00:00Z|structure_break:2022-12-14T19:00:00Z|volume:POC:2022-12-14:404.159792|pivot:2022-12-14T18:00:00Z,1,2934,True,,3155,1,1,2023-01-31T21:00:00Z,2023-01-27T17:00:00Z,2023-02-06T16:00:00Z
507,demand,supply,381.04,381.3690174970304,2022-12-16T17:00:00Z,2022-12-16T21:00:00Z,,,,,,expired,2,2,pivot|role_flip,pivot:2022-12-16T17:00:00Z,1,2947,False,,3031,1,11,2023-01-05T16:00:00Z,2023-01-06T16:00:00Z,2023-01-17T15:30:00Z
508,demand,demand,377.85,379.15737942867173,2022-12-20T14:30:00Z,2022-12-20T18:00:00Z,,,,,,expired,3,3,pivot|role_flip|volume_profile,pivot:2022-12-20T14:30:00Z|volume:POC:2022-12-28:378.598125,1,2958,True,,3034,4,2,2023-01-05T17:00:00Z,2022-12-29T15:30:00Z,2023-02-09T21:00:00Z
509,demand,supply,382.69,383.25,2022-12-21T14:30:00Z,2022-12-21T16:00:00Z,,,,,,expired,2,2,order_block|role_flip,order_block:2022-12-21T14:30:00Z|structure_break:2022-12-21T15:00:00Z,0,,False,,3037,3,5,2023-01-06T15:30:00Z,2023-01-06T16:00:00Z,2023-01-17T15:30:00Z
510,supply,demand,386.39,387.41,2022-12-21T19:00:00Z,2022-12-22T16:00:00Z,,,,,,expired,2,2,pivot|role_flip,pivot:2022-12-21T19:00:00Z,1,2970,True,,3096,3,1,2023-01-19T17:00:00Z,2023-01-06T20:00:00Z,2023-02-13T19:00:00Z
511,demand,demand,374.77,375.53,2022-12-22T18:00:00Z,2022-12-23T15:30:00Z,,,,,,expired,1,1,pivot,pivot:2022-12-22T18:00:00Z,1,2976,True,,-1,0,0,,,2023-02-03T16:00:00Z
512,demand,demand,379.65,380.52,2022-12-27T15:00:00Z,2022-12-27T19:00:00Z,,,,,,expired,3,3,pivot|role_flip|volume_profile,pivot:2022-12-27T15:00:00Z|volume:POC:2023-01-03:380.159167,1,2987,True,,3037,0,6,2023-01-06T15:30:00Z,2023-01-05T20:00:00Z,2023-02-16T15:30:00Z
513,supply,supply,381.93,383.15,2022-12-27T15:00:00Z,2022-12-27T19:00:00Z,,,,,,expired,2,2,pivot|role_flip,pivot:2022-12-27T15:00:00Z,1,2987,False,,3037,3,4,2023-01-06T15:30:00Z,2023-01-06T16:00:00Z,2023-01-17T15:30:00Z
514,supply,supply,382.1730919563221,383.39,2022-12-28T14:30:00Z,2022-12-28T18:00:00Z,,,,,,expired,3,3,pivot|role_flip|volume_profile,pivot:2022-12-28T14:30:00Z|volume:POC:2022-12-29:383.361875,1,2993,False,,3037,2,4,2023-01-06T15:30:00Z,2023-01-06T16:00:00Z,2023-01-17T15:30:00Z
515,demand,demand,376.42,376.6927975834531,2022-12-28T20:00:00Z,2022-12-29T17:00:00Z,,,,,,expired,1,1,pivot,pivot:2022-12-28T20:00:00Z,1,2999,True,,-1,0,0,,,2023-02-03T18:00:00Z
516,supply,demand,383.87,384.35,2022-12-29T19:00:00Z,2022-12-30T16:00:00Z,,,,,,expired,2,2,pivot|role_flip,pivot:2022-12-29T19:00:00Z,1,3005,True,,3038,1,1,2023-01-06T16:00:00Z,2023-01-04T17:00:00Z,2023-02-21T19:00:00Z
517,demand,demand,379.02,380.0801799556252,2022-12-30T14:30:00Z,2022-12-30T18:00:00Z,,,,,,expired,2,2,pivot|volume_profile,pivot:2022-12-30T14:30:00Z|volume:POC:2022-12-30:379.540417,1,3007,False,,-1,1,0,2023-01-03T16:00:00Z,2023-01-03T18:00:00Z,2023-01-11T17:00:00Z
518,demand,demand,378.43,379.32,2022-12-30T18:00:00Z,2023-01-03T15:30:00Z,2023-01-05T20:00:00Z,378.43,379.32,2,pivot|repeated_pivot,expired,2,2,pivot|repeated_pivot,pivot:2022-12-30T18:00:00Z|pivot:2023-01-05T16:00:00Z,2,3030,True,,3038,3,0,2023-01-05T21:00:00Z,,2023-02-22T18:00:00Z
519,supply,demand,385.1514025825087,386.43,2023-01-03T14:30:00Z,2023-01-03T18:00:00Z,,,,,,expired,2,2,pivot|role_flip,pivot:2023-01-03T14:30:00Z,1,3014,True,,3052,2,1,2023-01-10T16:00:00Z,2023-01-06T19:00:00Z,2023-02-22T21:00:00Z
520,demand,demand,377.83,378.61,2023-01-03T17:00:00Z,2023-01-03T21:00:00Z,,,,,,expired,1,1,pivot,pivot:2023-01-03T17:00:00Z,1,3017,True,,-1,0,0,,,2023-02-07T18:00:00Z
521,supply,demand,385.48,385.88,2023-01-04T16:00:00Z,2023-01-04T20:00:00Z,,,,,,expired,2,2,pivot|role_flip,pivot:2023-01-04T16:00:00Z,1,3023,True,,3041,1,1,2023-01-06T19:00:00Z,2023-01-06T17:00:00Z,2023-02-24T16:00:00Z
524,demand,demand,386.27,387.482175747239,2023-01-10T15:00:00Z,2023-01-10T19:00:00Z,,,,,,expired,1,1,pivot,pivot:2023-01-10T15:00:00Z,1,3050,True,,3096,1,0,2023-01-19T17:00:00Z,,2023-02-07T19:00:00Z
525,supply,supply,397.64,398.49,2023-01-12T19:00:00Z,2023-01-13T16:00:00Z,2023-01-24T19:00:00Z,397.64,398.49,3,pivot|repeated_pivot|role_flip,expired,3,3,pivot|repeated_pivot|role_flip,pivot:2023-01-12T19:00:00Z|pivot:2023-01-24T15:00:00Z,2,3113,False,,3123,1,4,2023-01-25T17:00:00Z,2023-01-25T19:00:00Z,2023-02-02T18:00:00Z
526,demand,demand,393.34,394.41,2023-01-13T14:30:00Z,2023-01-13T18:00:00Z,2023-01-25T19:00:00Z,393.34,394.41,3,pivot|repeated_pivot|role_flip,expired,3,3,pivot|repeated_pivot|role_flip,pivot:2023-01-13T14:30:00Z|pivot:2023-01-25T15:00:00Z|pivot:2023-02-24T15:00:00Z,3,3267,False,,3295,5,2,2023-03-01T19:00:00Z,2023-03-02T15:30:00Z,2023-03-09T21:00:00Z
527,supply,supply,399.25021737084637,400.23,2023-01-17T15:00:00Z,2023-01-17T19:00:00Z,,,,,,expired,3,3,pivot|role_flip|volume_profile,pivot:2023-01-17T15:00:00Z|volume:POC:2023-01-23:399.906875,1,3078,False,,3325,5,8,2023-03-08T16:00:00Z,2023-03-07T19:00:00Z,2023-03-08T17:00:00Z
528,supply,supply,399.03,399.69,2023-01-18T14:30:00Z,2023-01-18T17:00:00Z,,,,,,expired,2,2,order_block|role_flip,order_block:2023-01-18T14:30:00Z|structure_break:2023-01-18T16:00:00Z,0,,False,,3125,0,2,2023-01-25T19:00:00Z,2023-01-25T21:00:00Z,2023-02-02T20:00:00Z
529,supply,demand,399.54,400.12,2023-01-18T15:00:00Z,2023-01-18T19:00:00Z,,,,,,expired,3,3,pivot|role_flip|volume_profile,pivot:2023-01-18T15:00:00Z|volume:POC:2023-01-23:399.906875,1,3085,False,,3113,1,1,2023-01-23T21:00:00Z,2023-01-24T15:30:00Z,2023-01-31T21:00:00Z
530,demand,demand,387.26,387.83,2023-01-19T16:00:00Z,2023-01-19T20:00:00Z,,,,,,expired,1,1,pivot,pivot:2023-01-19T16:00:00Z,1,3093,True,,-1,0,0,,,2023-02-08T18:00:00Z
531,supply,supply,401.56,402.65,2023-01-23T18:00:00Z,2023-01-24T15:30:00Z,,,,,,expired,3,3,order_block|pivot|role_flip,pivot:2023-01-23T18:00:00Z|order_block:2023-02-23T14:30:00Z|structure_break:2023-02-23T16:00:00Z,1,3109,True,,3320,5,6,2023-03-07T18:00:00Z,2023-03-07T16:00:00Z,2023-03-14T17:00:00Z
533,supply,demand,400.78,401.15,2023-01-24T18:00:00Z,2023-01-25T15:30:00Z,,,,,,expired,2,2,pivot|role_flip,pivot:2023-01-24T18:00:00Z,1,3116,False,,3130,1,1,2023-01-30T20:00:00Z,2023-01-30T21:00:00Z,2023-02-07T20:00:00Z
535,supply,demand,403.12,404.07,2023-01-26T14:30:00Z,2023-01-26T18:00:00Z,,,,,,expired,3,3,pivot|role_flip|volume_profile,pivot:2023-01-26T14:30:00Z|volume:POC:2023-01-26:403.188125,1,3126,False,,3244,2,3,2023-02-17T18:00:00Z,2023-02-21T15:30:00Z,2023-02-28T21:00:00Z
536,supply,supply,407.46,408.91,2023-01-27T20:00:00Z,2023-01-30T17:00:00Z,2023-02-08T15:30:00Z,407.46,408.91,3,pivot|repeated_pivot|role_flip,expired,4,4,pivot|repeated_pivot|role_flip|volume_profile,pivot:2023-01-27T20:00:00Z|pivot:2023-02-07T18:00:00Z|volume:POC:2023-02-07:408.870833,2,3186,True,,3246,3,4,2023-02-17T21:00:00Z,2023-02-17T15:30:00Z,2023-03-20T19:00:00Z
537,demand,demand,400.28,400.63,2023-01-30T20:00:00Z,2023-01-31T17:00:00Z,,,,,,expired,1,1,pivot,pivot:2023-01-30T20:00:00Z,1,3146,True,,-1,0,0,,,2023-02-09T17:00:00Z
538,supply,supply,406.3108519326296,406.53,2023-01-31T20:00:00Z,2023-02-01T17:00:00Z,,,,,,expired,1,1,pivot,pivot:2023-01-31T20:00:00Z,1,3153,False,,-1,0,0,,2023-02-01T20:00:00Z,2023-02-09T19:00:00Z
539,demand,demand,403.76,404.56,2023-02-01T17:00:00Z,2023-02-01T20:00:00Z,,,,,,expired,1,1,order_block,order_block:2023-02-01T17:00:00Z|structure_break:2023-02-01T19:00:00Z,0,,True,,-1,0,0,,,2023-02-09T18:00:00Z
540,demand,demand,402.35,403.7880630088779,2023-02-01T19:00:00Z,2023-02-02T16:00:00Z,,,,,,expired,1,1,pivot,pivot:2023-02-01T19:00:00Z,1,3159,True,,-1,0,0,,,2023-02-15T16:00:00Z
541,supply,supply,417.9603936797182,418.31,2023-02-02T19:00:00Z,2023-02-03T16:00:00Z,,,,,,expired,1,1,pivot,pivot:2023-02-02T19:00:00Z,1,3166,True,,-1,0,0,,,2023-03-24T17:00:00Z
542,demand,demand,411.44,411.78268708228376,2023-02-03T14:30:00Z,2023-02-03T18:00:00Z,,,,,,expired,2,2,pivot|role_flip,pivot:2023-02-03T14:30:00Z,1,3168,False,,3237,1,10,2023-02-16T19:00:00Z,2023-02-16T21:00:00Z,2023-02-27T20:00:00Z
543,demand,demand,408.1,409.4373300797259,2023-02-06T15:00:00Z,2023-02-06T19:00:00Z,,,,,,expired,3,3,pivot|role_flip|volume_profile,pivot:2023-02-06T15:00:00Z|volume:POC:2023-02-07:408.870833,1,3176,False,,3234,3,2,2023-02-16T15:30:00Z,2023-02-17T15:30:00Z,2023-02-27T21:00:00Z
544,demand,demand,408.26,408.99,2023-02-07T15:00:00Z,2023-02-07T18:00:00Z,,,,,,expired,4,4,order_block|pivot|role_flip|volume_profile,order_block:2023-02-07T15:00:00Z|structure_break:2023-02-07T17:00:00Z|volume:POC:2023-02-07:408.870833|pivot:2023-02-16T14:30:00Z,1,3231,False,,3234,2,2,2023-02-16T15:30:00Z,2023-02-17T15:30:00Z,2023-02-27T21:00:00Z
546,supply,supply,415.18,416.49,2023-02-07T20:00:00Z,2023-02-08T17:00:00Z,,,,,,expired,1,1,pivot,pivot:2023-02-07T20:00:00Z,1,3188,True,,-1,0,0,,,2023-03-24T18:00:00Z
547,demand,supply,409.93,410.66,2023-02-08T20:00:00Z,2023-02-09T17:00:00Z,,,,,,expired,2,2,pivot|role_flip,pivot:2023-02-08T20:00:00Z,1,3195,True,,3239,0,3,2023-02-16T21:00:00Z,2023-02-16T15:30:00Z,2023-03-30T19:00:00Z
548,supply,supply,413.71627297077555,414.57,2023-02-09T14:30:00Z,2023-02-09T18:00:00Z,2023-02-16T17:00:00Z,413.71627297077555,414.57,2,pivot|repeated_pivot,expired,2,2,pivot|repeated_pivot,pivot:2023-02-09T14:30:00Z|pivot:2023-02-15T20:00:00Z,2,3230,True,,3221,1,0,2023-02-14T16:00:00Z,,2023-03-30T20:00:00Z
549,demand,supply,405.01,406.2504473230772,2023-02-10T15:00:00Z,2023-02-10T19:00:00Z,,,,,,expired,2,2,pivot|role_flip,pivot:2023-02-10T15:00:00Z,1,3204,False,,3241,0,1,2023-02-17T16:00:00Z,2023-02-17T20:00:00Z,2023-02-28T19:00:00Z
550,supply,supply,413.735172076712,415.05,2023-02-14T15:00:00Z,2023-02-14T19:00:00Z,,,,,,expired,1,1,pivot,pivot:2023-02-14T15:00:00Z,1,3218,True,,-1,1,0,2023-02-15T21:00:00Z,,2023-03-24T19:00:00Z
551,demand,demand,408.51,409.56,2023-02-14T16:00:00Z,2023-02-14T20:00:00Z,,,,,,expired,1,1,pivot,pivot:2023-02-14T16:00:00Z,1,3219,False,,3228,1,0,2023-02-15T16:00:00Z,2023-02-16T21:00:00Z,2023-02-27T20:00:00Z
554,supply,supply,412.18,412.91,2023-02-16T19:00:00Z,2023-02-17T16:00:00Z,,,,,,expired,1,1,pivot,pivot:2023-02-16T19:00:00Z,1,3236,True,,-1,0,0,,,2023-04-10T18:00:00Z
555,demand,demand,404.05,404.47,2023-02-17T17:00:00Z,2023-02-17T21:00:00Z,,,,,,expired,1,1,pivot,pivot:2023-02-17T17:00:00Z,1,3241,False,,-1,0,0,,2023-02-21T15:30:00Z,2023-02-28T21:00:00Z
556,supply,demand,406.79,407.51,2023-02-17T20:00:00Z,2023-02-21T17:00:00Z,2023-03-06T20:00:00Z,406.79,407.51,2,pivot|repeated_pivot,expired,4,4,pivot|repeated_pivot|role_flip|volume_profile,pivot:2023-02-17T20:00:00Z|pivot:2023-03-06T16:00:00Z|volume:POC:2023-04-05:406.996250,2,3310,False,,3498,2,5,2023-04-12T20:00:00Z,2023-04-10T17:00:00Z,2023-04-13T14:30:00Z
557,demand,supply,397.62,398.6174048677064,2023-02-22T15:00:00Z,2023-02-22T19:00:00Z,,,,,,expired,3,3,pivot|role_flip|volume_profile,pivot:2023-02-22T15:00:00Z|volume:POC:2023-02-27:398.168750,1,3253,False,,3329,0,5,2023-03-08T20:00:00Z,2023-03-08T21:00:00Z,2023-03-16T19:00:00Z
558,supply,supply,400.11,400.89,2023-02-22T18:00:00Z,2023-02-22T20:00:00Z,,,,,,expired,1,1,order_block,order_block:2023-02-22T18:00:00Z|structure_break:2023-02-22T19:00:00Z,0,,False,,-1,0,0,,2023-02-23T15:30:00Z,2023-03-02T21:00:00Z
560,supply,supply,401.81,402.2,2023-02-23T14:30:00Z,2023-02-23T18:00:00Z,,,,,,expired,1,1,pivot,pivot:2023-02-23T14:30:00Z,1,3259,False,,-1,1,0,2023-03-03T17:00:00Z,2023-03-03T18:00:00Z,2023-03-13T16:00:00Z
561,demand,supply,396.25,397.23,2023-02-23T17:00:00Z,2023-02-23T21:00:00Z,2023-02-28T18:00:00Z,396.25,397.23,3,pivot|repeated_pivot|role_flip,expired,4,4,pivot|repeated_pivot|role_flip|volume_profile,pivot:2023-02-23T17:00:00Z|pivot:2023-02-28T14:30:00Z|pivot:2023-03-16T19:00:00Z|volume:POC:2023-03-27:396.330000,3,3370,False,,3423,1,9,2023-03-28T15:00:00Z,2023-03-29T14:30:00Z,2023-04-05T20:00:00Z
563,supply,supply,400.33,401.29,2023-02-27T15:00:00Z,2023-02-27T19:00:00Z,,,,,,expired,1,1,pivot,pivot:2023-02-27T15:00:00Z,1,3274,False,,-1,1,0,2023-03-03T15:30:00Z,2023-03-03T17:00:00Z,2023-03-13T15:00:00Z
565,supply,supply,398.94,399.28,2023-02-28T18:00:00Z,2023-03-01T15:30:00Z,,,,,,expired,2,2,pivot|role_flip,pivot:2023-02-28T18:00:00Z,1,3284,False,,3322,1,2,2023-03-08T21:00:00Z,2023-03-09T15:30:00Z,2023-03-16T20:00:00Z
566,demand,demand,393.38,394.3632714737542,2023-03-01T16:00:00Z,2023-03-01T20:00:00Z,,,,,,expired,1,1,pivot,pivot:2023-03-01T16:00:00Z,1,3289,False,,-1,0,0,,2023-03-02T15:30:00Z,2023-03-09T21:00:00Z
567,demand,demand,392.33,393.45,2023-03-02T14:30:00Z,2023-03-02T18:00:00Z,2023-03-14T19:00:00Z,392.33,393.45,3,pivot|repeated_pivot|role_flip,expired,3,3,pivot|repeated_pivot|role_flip,pivot:2023-03-02T14:30:00Z|pivot:2023-03-14T15:00:00Z,2,3352,True,,3412,1,4,2023-03-24T18:00:00Z,2023-03-23T14:30:00Z,2023-04-20T20:00:00Z
569,supply,demand,406.65,407.45,2023-03-06T16:00:00Z,2023-03-07T16:00:00Z,,,,,,expired,3,3,order_block|role_flip|volume_profile,order_block:2023-03-06T16:00:00Z|structure_break:2023-03-07T15:00:00Z|volume:POC:2023-04-05:406.996250,0,,False,,3473,1,3,2023-04-06T16:00:00Z,2023-04-10T14:30:00Z,2023-04-17T20:00:00Z
570,demand,demand,396.59,397.01,2023-03-08T18:00:00Z,2023-03-09T15:30:00Z,,,,,,expired,1,1,pivot,pivot:2023-03-08T18:00:00Z,1,3326,False,,-1,0,0,,2023-03-09T19:00:00Z,2023-03-17T17:00:00Z
571,supply,supply,400.54497681065504,401.48,2023-03-09T14:30:00Z,2023-03-09T18:00:00Z,,,,,,expired,2,2,order_block|pivot,pivot:2023-03-09T14:30:00Z|order_block:2023-03-09T14:30:00Z|structure_break:2023-03-09T18:00:00Z,1,3329,False,,3400,2,0,2023-03-29T19:00:00Z,2023-03-30T14:30:00Z,2023-04-06T20:00:00Z
573,demand,demand,387.48,388.7473551860424,2023-03-10T14:30:00Z,2023-03-10T18:00:00Z,,,,,,expired,3,3,pivot|role_flip|volume_profile,pivot:2023-03-10T14:30:00Z|volume:POC:2023-03-10:387.819167,1,3336,False,,3356,0,2,2023-03-14T18:00:00Z,2023-03-15T14:30:00Z,2023-03-22T20:00:00Z
574,supply,demand,390.16336899879536,391.38,2023-03-10T15:00:00Z,2023-03-10T19:00:00Z,,,,,,expired,2,2,order_block|role_flip,order_block:2023-03-10T15:00:00Z|structure_break:2023-03-10T18:00:00Z,0,,True,,3407,2,3,2023-03-23T19:00:00Z,2023-03-20T14:30:00Z,2023-05-01T14:30:00Z
575,demand,demand,380.65,381.81,2023-03-13T13:30:00Z,2023-03-13T17:00:00Z,,,,,,expired,1,1,pivot,pivot:2023-03-13T13:30:00Z,1,3343,True,,-1,0,0,,,2023-04-17T16:00:00Z
576,supply,demand,388.85,390.39,2023-03-13T16:00:00Z,2023-03-13T20:00:00Z,,,,,,expired,3,3,pivot|role_flip|volume_profile,pivot:2023-03-13T16:00:00Z|volume:POC:2023-03-17:390.134375,1,3346,True,,3410,1,3,2023-03-23T20:00:00Z,2023-03-16T15:00:00Z,2023-05-02T16:00:00Z
578,demand,demand,383.71,384.14,2023-03-15T16:00:00Z,2023-03-15T20:00:00Z,,,,,,expired,1,1,pivot,pivot:2023-03-15T16:00:00Z,1,3360,True,,-1,0,0,,,2023-04-17T17:00:00Z
580,demand,demand,388.55,389.65,2023-03-17T18:00:00Z,2023-03-20T15:00:00Z,,,,,,expired,1,1,pivot,pivot:2023-03-17T18:00:00Z,1,3376,True,,3410,1,0,2023-03-24T14:30:00Z,,2023-04-18T17:00:00Z
581,supply,demand,393.04,394.17,2023-03-20T15:00:00Z,2023-03-20T19:00:00Z,,,,,,expired,3,3,pivot|role_flip|volume_profile,pivot:2023-03-20T15:00:00Z|volume:POC:2023-03-24:394.095833,1,3380,True,,3427,1,1,2023-03-28T18:00:00Z,2023-03-21T14:30:00Z,2023-05-09T15:00:00Z
582,supply,supply,397.87,398.34,2023-03-21T14:00:00Z,2023-03-21T18:00:00Z,2023-03-28T16:00:00Z,397.87,398.34,3,pivot|repeated_pivot|role_flip,expired,3,3,pivot|repeated_pivot|role_flip,pivot:2023-03-21T14:00:00Z|pivot:2023-03-27T19:00:00Z,2,3419,False,,3416,1,2,2023-03-27T14:30:00Z,2023-03-29T14:30:00Z,2023-04-05T20:00:00Z
583,supply,supply,399.25,399.88,2023-03-22T14:00:00Z,2023-03-22T18:00:00Z,,,,,,expired,1,1,pivot,pivot:2023-03-22T14:00:00Z,1,3393,False,,3430,2,0,2023-03-29T14:30:00Z,2023-03-29T19:00:00Z,2023-04-06T18:00:00Z
584,supply,demand,397.94,398.92,2023-03-22T17:00:00Z,2023-03-22T20:00:00Z,,,,,,expired,4,4,order_block|pivot|role_flip|volume_profile,order_block:2023-03-22T17:00:00Z|structure_break:2023-03-22T19:00:00Z|volume:POC:2023-03-22:398.365417|pivot:2023-03-27T13:30:00Z,1,3413,True,,3431,2,1,2023-03-29T16:00:00Z,2023-03-29T14:30:00Z,2023-05-11T16:00:00Z
585,supply,demand,401.02381346712076,402.49,2023-03-22T18:00:00Z,2023-03-23T15:00:00Z,,,,,,expired,2,2,pivot|role_flip,pivot:2023-03-22T18:00:00Z,1,3397,True,,3441,1,1,2023-03-30T19:00:00Z,2023-03-30T14:30:00Z,2023-05-11T18:00:00Z
586,demand,demand,392.07,392.3800741547132,2023-03-22T19:00:00Z,2023-03-23T16:00:00Z,,,,,,expired,2,2,pivot|role_flip,pivot:2023-03-22T19:00:00Z,1,3398,True,,3411,1,2,2023-03-24T17:00:00Z,2023-03-24T16:00:00Z,2023-05-11T19:00:00Z
587,demand,demand,389.4,390.9783455353014,2023-03-24T13:30:00Z,2023-03-24T17:00:00Z,,,,,,expired,1,1,pivot,pivot:2023-03-24T13:30:00Z,1,3406,True,,-1,0,0,,,2023-04-20T19:00:00Z
590,demand,demand,393.69,393.9505141918111,2023-03-28T17:00:00Z,2023-03-29T14:30:00Z,,,,,,expired,1,1,pivot,pivot:2023-03-28T17:00:00Z,1,3424,True,,-1,0,0,,,2023-04-27T14:30:00Z
591,supply,supply,404.08,404.35,2023-03-30T14:00:00Z,2023-03-30T18:00:00Z,,,,,,expired,1,1,pivot,pivot:2023-03-30T14:00:00Z,1,3435,False,,-1,0,0,,2023-03-31T14:30:00Z,2023-04-10T20:00:00Z
592,demand,supply,406.68,407.23,2023-03-31T17:00:00Z,2023-03-31T20:00:00Z,,,,,,expired,3,3,order_block|role_flip|volume_profile,order_block:2023-03-31T17:00:00Z|structure_break:2023-03-31T19:00:00Z|volume:POC:2023-04-05:406.996250,0,,False,,3608,1,7,2023-05-04T18:00:00Z,2023-05-05T14:30:00Z,2023-05-12T20:00:00Z
593,supply,demand,410.58652450403633,411.37,2023-04-03T14:00:00Z,2023-04-03T18:00:00Z,,,,,,expired,2,2,pivot|role_flip,pivot:2023-04-03T14:00:00Z,1,3449,False,,3503,3,1,2023-04-13T18:00:00Z,2023-04-14T17:00:00Z,2023-04-24T16:00:00Z
594,supply,supply,411.13952254143305,411.92,2023-04-04T14:00:00Z,2023-04-04T18:00:00Z,,,,,,expired,3,3,pivot|role_flip|volume_profile,pivot:2023-04-04T14:00:00Z|volume:POC:2023-04-14:411.631875,1,3456,False,,3667,5,16,2023-05-17T14:30:00Z,2023-05-17T16:00:00Z,2023-05-25T15:00:00Z
595,demand,demand,407.24,408.0087076045807,2023-04-04T16:00:00Z,2023-04-04T20:00:00Z,,,,,,expired,2,2,pivot|role_flip,pivot:2023-04-04T16:00:00Z,1,3458,False,,3592,3,4,2023-05-03T20:00:00Z,2023-05-04T14:30:00Z,2023-05-11T20:00:00Z
596,supply,demand,407.89838550475815,408.62,2023-04-05T13:30:00Z,2023-04-05T15:00:00Z,,,,,,expired,3,3,order_block|role_flip|volume_profile,order_block:2023-04-05T13:30:00Z|structure_break:2023-04-05T14:00:00Z|volume:POC:2023-04-04:408.117500,0,,False,,3477,1,1,2023-04-06T20:00:00Z,2023-04-10T14:30:00Z,2023-04-17T20:00:00Z
597,demand,supply,405.67,406.2,2023-04-05T16:00:00Z,2023-04-05T20:00:00Z,2023-04-10T17:00:00Z,405.67,406.2,2,pivot|repeated_pivot,expired,3,3,pivot|repeated_pivot|role_flip,pivot:2023-04-05T16:00:00Z|pivot:2023-04-06T13:30:00Z|pivot:2023-04-10T13:30:00Z,2,3476,False,,3604,3,1,2023-05-04T14:30:00Z,2023-05-05T14:30:00Z,2023-05-12T20:00:00Z
599,supply,demand,408.93,409.48,2023-04-06T18:00:00Z,2023-04-10T15:00:00Z,,,,,,expired,2,2,pivot|role_flip,pivot:2023-04-06T18:00:00Z,1,3474,False,,3494,2,1,2023-04-12T15:00:00Z,2023-04-12T20:00:00Z,2023-04-20T19:00:00Z
601,supply,supply,411.87,412.3165147479237,2023-04-12T13:30:00Z,2023-04-12T17:00:00Z,2023-04-19T17:00:00Z,411.87,412.3165147479237,3,pivot|repeated_pivot|role_flip,expired,4,4,pivot|repeated_pivot|role_flip|volume_profile,pivot:2023-04-12T13:30:00Z|pivot:2023-04-19T13:30:00Z|volume:POC:2023-04-24:411.989375,2,3525,False,,3661,2,12,2023-05-16T15:00:00Z,2023-05-17T16:00:00Z,2023-05-25T15:00:00Z
602,demand,demand,408.23,409.04195140347645,2023-04-12T15:00:00Z,2023-04-12T19:00:00Z,,,,,,expired,1,1,pivot,pivot:2023-04-12T15:00:00Z,1,3492,False,,-1,0,0,,2023-04-12T20:00:00Z,2023-04-20T19:00:00Z
603,demand,demand,407.44,408.07,2023-04-12T19:00:00Z,2023-04-13T16:00:00Z,,,,,,expired,2,2,pivot|role_flip,pivot:2023-04-12T19:00:00Z,1,3496,False,,3592,1,2,2023-05-03T20:00:00Z,2023-05-04T14:30:00Z,2023-05-11T20:00:00Z
604,demand,supply,413.13,413.56,2023-04-13T19:00:00Z,2023-04-14T14:30:00Z,,,,,,expired,2,2,order_block|role_flip,order_block:2023-04-13T19:00:00Z|structure_break:2023-04-14T13:30:00Z,0,,False,,3539,1,3,2023-04-28T15:00:00Z,2023-04-28T16:00:00Z,2023-05-08T15:00:00Z
605,supply,demand,414.54,415.09,2023-04-14T13:30:00Z,2023-04-14T17:00:00Z,2023-04-20T15:00:00Z,414.54,415.09,2,pivot|repeated_pivot,expired,4,4,pivot|repeated_pivot|role_flip|volume_profile,pivot:2023-04-14T13:30:00Z|pivot:2023-04-19T18:00:00Z|volume:POC:2023-04-28:414.718542,2,3530,False,,3582,3,1,2023-04-28T20:00:00Z,2023-05-02T14:30:00Z,2023-05-09T20:00:00Z
606,demand,demand,410.06,410.35,2023-04-14T17:00:00Z,2023-04-17T14:30:00Z,,,,,,expired,2,2,pivot|role_flip,pivot:2023-04-14T17:00:00Z,1,3508,False,,3594,4,2,2023-05-03T19:00:00Z,2023-05-03T20:00:00Z,2023-05-11T19:00:00Z
607,supply,demand,412.68,413.19,2023-04-17T13:30:00Z,2023-04-17T17:00:00Z,2023-04-24T18:00:00Z,412.68,413.19,4,pivot|repeated_pivot|role_flip|volume_profile,expired,4,4,pivot|repeated_pivot|role_flip|volume_profile,pivot:2023-04-17T13:30:00Z|volume:POC:2023-04-17:412.700000|pivot:2023-04-24T14:00:00Z|pivot:2023-05-08T18:00:00Z,3,3621,True,,3710,8,5,2023-05-25T15:00:00Z,2023-05-17T17:00:00Z,2023-06-05T20:00:00Z
608,demand,supply,411.08,411.32,2023-04-17T18:00:00Z,2023-04-18T15:00:00Z,2023-04-20T17:00:00Z,411.08,411.32,2,pivot|repeated_pivot,expired,5,5,order_block|pivot|repeated_pivot|role_flip|volume_profile,pivot:2023-04-17T18:00:00Z|pivot:2023-04-20T13:30:00Z|pivot:2023-05-09T13:30:00Z|volume:POC:2023-05-09:411.179375|order_block:2023-05-17T13:30:00Z|structure_break:2023-05-17T16:00:00Z,3,3623,False,,3704,5,13,2023-05-24T16:00:00Z,2023-05-25T14:30:00Z,2023-06-02T20:00:00Z
609,supply,demand,415.548758394913,415.72,2023-04-18T13:30:00Z,2023-04-18T17:00:00Z,,,,,,expired,2,2,pivot|role_flip,pivot:2023-04-18T13:30:00Z,1,3518,False,,3583,1,1,2023-05-01T14:30:00Z,2023-05-02T14:30:00Z,2023-05-09T20:00:00Z
613,demand,demand,410.17,410.82,2023-04-21T14:00:00Z,2023-04-21T18:00:00Z,2023-05-17T16:00:00Z,410.17,410.82,4,pivot|repeated_pivot|role_flip|volume_profile,expired,4,4,pivot|repeated_pivot|role_flip|volume_profile,pivot:2023-04-21T14:00:00Z|volume:POC:2023-05-02:410.594792|pivot:2023-05-16T19:00:00Z,2,3664,True,,3706,8,6,2023-05-24T15:00:00Z,2023-05-12T20:00:00Z,2023-06-12T14:30:00Z
615,demand,demand,410.6,410.92,2023-04-24T16:00:00Z,2023-04-24T20:00:00Z,,,,,,expired,3,3,pivot|role_flip|volume_profile,pivot:2023-04-24T16:00:00Z|volume:POC:2023-05-24:410.914792,1,3549,True,,3708,3,8,2023-05-24T20:00:00Z,2023-05-24T18:00:00Z,2023-06-13T16:00:00Z
616,supply,demand,412.1,412.65,2023-04-24T19:00:00Z,2023-04-25T18:00:00Z,,,,,,expired,4,4,order_block|pivot|role_flip|volume_profile,order_block:2023-04-24T19:00:00Z|structure_break:2023-04-25T17:00:00Z|pivot:2023-05-03T13:30:00Z|volume:POC:2023-05-08:412.382500,1,3595,True,,3709,2,9,2023-05-25T14:30:00Z,2023-05-17T17:00:00Z,2023-06-14T14:30:00Z
617,supply,demand,407.33,407.84,2023-04-26T16:00:00Z,2023-04-26T20:00:00Z,,,,,,expired,2,2,pivot|role_flip,pivot:2023-04-26T16:00:00Z,1,3563,False,,3592,1,1,2023-05-03T20:00:00Z,2023-05-04T14:30:00Z,2023-05-11T20:00:00Z
618,demand,demand,403.74,404.37,2023-04-26T19:00:00Z,2023-04-27T16:00:00Z,2023-05-04T20:00:00Z,403.74,404.37,2,pivot|repeated_pivot,expired,2,2,pivot|repeated_pivot,pivot:2023-04-26T19:00:00Z|pivot:2023-05-04T16:00:00Z,2,3605,True,,3607,1,0,2023-05-04T15:00:00Z,,2023-06-15T19:00:00Z
619,supply,demand,417.16,417.62,2023-05-01T16:00:00Z,2023-05-01T20:00:00Z,,,,,,expired,2,2,pivot|role_flip,pivot:2023-05-01T16:00:00Z,1,3584,True,,3734,2,3,2023-05-31T18:00:00Z,2023-05-26T15:00:00Z,2023-06-21T16:00:00Z
620,supply,demand,416.774728548546,417.62,2023-05-01T16:00:00Z,2023-05-02T15:00:00Z,,,,,,expired,3,3,order_block|role_flip|volume_profile,order_block:2023-05-01T16:00:00Z|structure_break:2023-05-02T14:00:00Z|volume:POC:2023-05-18:416.857500,0,,True,,3734,3,3,2023-05-31T18:00:00Z,2023-05-26T15:00:00Z,2023-06-21T18:00:00Z
621,demand,demand,407.82,408.71,2023-05-02T15:00:00Z,2023-05-02T19:00:00Z,,,,,,expired,1,1,pivot,pivot:2023-05-02T15:00:00Z,1,3590,False,,-1,1,0,2023-05-03T20:00:00Z,2023-05-04T14:30:00Z,2023-05-11T20:00:00Z
623,supply,demand,412.90642947493507,413.87,2023-05-03T18:00:00Z,2023-05-03T20:00:00Z,,,,,,expired,2,2,order_block|role_flip,order_block:2023-05-03T18:00:00Z|structure_break:2023-05-03T19:00:00Z,0,,False,,3700,5,1,2023-05-23T19:00:00Z,2023-05-24T14:30:00Z,2023-06-01T20:00:00Z
624,supply,demand,412.760103262196,413.87,2023-05-03T18:00:00Z,2023-05-04T15:00:00Z,,,,,,expired,2,2,pivot|role_flip,pivot:2023-05-03T18:00:00Z,1,3600,True,,3714,5,3,2023-05-25T19:00:00Z,2023-05-25T18:00:00Z,2023-06-23T18:00:00Z
626,supply,supply,413.26,413.72,2023-05-05T18:00:00Z,2023-05-08T15:00:00Z,2023-05-12T17:00:00Z,413.26,413.72,2,pivot|repeated_pivot,expired,3,3,pivot|repeated_pivot|role_flip,pivot:2023-05-05T18:00:00Z|pivot:2023-05-12T13:30:00Z,2,3644,False,,3709,3,2,2023-05-25T14:30:00Z,2023-05-25T18:00:00Z,2023-06-05T17:00:00Z
629,supply,demand,413.89,414.54,2023-05-10T13:30:00Z,2023-05-10T17:00:00Z,,,,,,expired,3,3,pivot|role_flip|volume_profile,pivot:2023-05-10T13:30:00Z|volume:POC:2023-05-17:414.443542,1,3630,True,,3715,2,3,2023-05-25T20:00:00Z,2023-05-25T18:00:00Z,2023-06-29T20:00:00Z
630,demand,demand,408.87,409.8301917265017,2023-05-10T17:00:00Z,2023-05-11T14:30:00Z,,,,,,expired,2,2,pivot|volume_profile,pivot:2023-05-10T17:00:00Z|volume:POC:2023-05-12:409.736458,1,3634,True,,3651,1,0,2023-05-12T17:00:00Z,,2023-06-30T17:00:00Z
631,supply,demand,412.8679061133735,413.79,2023-05-10T19:00:00Z,2023-05-11T16:00:00Z,,,,,,expired,2,2,pivot|role_flip,pivot:2023-05-10T19:00:00Z,1,3636,False,,3700,3,1,2023-05-23T19:00:00Z,2023-05-24T14:30:00Z,2023-06-01T20:00:00Z
633,demand,demand,409.07,409.32,2023-05-12T18:00:00Z,2023-05-15T15:00:00Z,,,,,,expired,1,1,pivot,pivot:2023-05-12T18:00:00Z,1,3649,True,,-1,0,0,,,2023-06-09T18:00:00Z
634,supply,demand,412.77,413.43,2023-05-15T17:00:00Z,2023-05-16T14:30:00Z,,,,,,expired,2,2,pivot|role_flip,pivot:2023-05-15T17:00:00Z,1,3655,True,,3710,1,1,2023-05-25T15:00:00Z,2023-05-17T17:00:00Z,2023-07-06T20:00:00Z
635,demand,supply,410.7,411.4365728177518,2023-05-16T14:00:00Z,2023-05-16T18:00:00Z,,,,,,expired,3,3,pivot|role_flip|volume_profile,pivot:2023-05-16T14:00:00Z|volume:POC:2023-05-24:410.914792,1,3659,False,,3703,0,1,2023-05-24T15:00:00Z,2023-05-25T14:30:00Z,2023-06-02T20:00:00Z
638,supply,supply,415.69466383831696,415.86,2023-05-17T17:00:00Z,2023-05-18T14:30:00Z,,,,,,expired,2,2,pivot|role_flip,pivot:2023-05-17T17:00:00Z,1,3669,False,,3714,1,2,2023-05-25T19:00:00Z,2023-05-26T14:30:00Z,2023-06-05T20:00:00Z
639,demand,supply,414.51,415.2418363398451,2023-05-17T18:00:00Z,2023-05-18T15:00:00Z,,,,,,expired,3,3,order_block|pivot|role_flip,order_block:2023-05-17T18:00:00Z|structure_break:2023-05-18T14:00:00Z|pivot:2023-05-25T13:30:00Z,1,3707,False,,3709,1,1,2023-05-25T14:30:00Z,2023-05-26T14:30:00Z,2023-06-05T20:00:00Z
640,supply,demand,417.28,418.06,2023-05-18T15:00:00Z,2023-05-18T19:00:00Z,,,,,,expired,3,3,pivot|role_flip|volume_profile,pivot:2023-05-18T15:00:00Z|volume:POC:2023-05-19:417.981875,1,3674,False,,3735,1,5,2023-05-31T19:00:00Z,2023-06-01T14:30:00Z,2023-06-08T20:00:00Z
641,demand,supply,415.39,416.183374384799,2023-05-18T17:00:00Z,2023-05-18T20:00:00Z,,,,,,expired,2,2,order_block|role_flip,order_block:2023-05-18T17:00:00Z|structure_break:2023-05-18T19:00:00Z,0,,False,,3714,1,1,2023-05-25T19:00:00Z,2023-05-26T14:30:00Z,2023-06-05T20:00:00Z
642,supply,demand,420.5286746651149,420.72,2023-05-19T14:00:00Z,2023-05-19T18:00:00Z,,,,,,expired,2,2,pivot|role_flip,pivot:2023-05-19T14:00:00Z,1,3680,True,,3739,1,1,2023-06-01T16:00:00Z,2023-05-30T14:30:00Z,2023-07-12T17:00:00Z
643,demand,demand,417.35,418.1489364302851,2023-05-22T14:00:00Z,2023-05-22T18:00:00Z,,,,,,expired,3,3,pivot|role_flip|volume_profile,pivot:2023-05-22T14:00:00Z|volume:POC:2023-05-19:417.981875,1,3687,False,,3734,1,2,2023-05-31T18:00:00Z,2023-06-01T14:30:00Z,2023-06-08T20:00:00Z
644,demand,demand,409.87,410.43,2023-05-24T16:00:00Z,2023-05-24T20:00:00Z,,,,,,expired,1,1,pivot,pivot:2023-05-24T16:00:00Z,1,3703,True,,-1,0,0,,,2023-06-28T16:00:00Z
646,demand,demand,413.82,414.78808928414634,2023-05-25T18:00:00Z,2023-05-26T15:00:00Z,,,,,,expired,2,2,order_block|volume_profile,order_block:2023-05-25T18:00:00Z|structure_break:2023-05-26T14:00:00Z|volume:POC:2023-05-25:414.050625,0,,True,,-1,0,0,,,2023-07-19T14:30:00Z
647,supply,supply,422.03,422.58,2023-05-30T13:30:00Z,2023-05-30T17:00:00Z,,,,,,expired,1,1,pivot,pivot:2023-05-30T13:30:00Z,1,3721,False,,3743,1,0,2023-06-01T18:00:00Z,2023-06-02T14:30:00Z,2023-06-09T20:00:00Z
648,demand,demand,416.22,416.75,2023-05-31T15:00:00Z,2023-05-31T19:00:00Z,,,,,,expired,1,1,pivot,pivot:2023-05-31T15:00:00Z,1,3730,True,,-1,0,0,,,2023-06-28T20:00:00Z
649,demand,demand,424.3,424.5,2023-06-02T13:30:00Z,2023-06-02T15:00:00Z,,,,,,expired,1,1,order_block,order_block:2023-06-02T13:30:00Z|structure_break:2023-06-02T14:00:00Z,0,,True,,-1,0,0,,,2023-07-07T18:00:00Z
650,supply,demand,428.84137887040504,429.67,2023-06-05T13:30:00Z,2023-06-05T17:00:00Z,,,,,,expired,2,2,pivot|role_flip,pivot:2023-06-05T13:30:00Z,1,3749,True,,3782,2,1,2023-06-09T17:00:00Z,2023-06-09T14:30:00Z,2023-07-26T16:00:00Z
651,demand,demand,425.99,426.6,2023-06-06T13:30:00Z,2023-06-06T17:00:00Z,,,,,,expired,1,1,pivot,pivot:2023-06-06T13:30:00Z,1,3756,True,,3770,1,0,2023-06-07T18:00:00Z,,2023-07-10T15:00:00Z
652,supply,demand,429.29,429.62,2023-06-07T13:30:00Z,2023-06-07T17:00:00Z,,,,,,expired,2,2,pivot|role_flip,pivot:2023-06-07T13:30:00Z,1,3763,True,,3782,1,1,2023-06-09T17:00:00Z,2023-06-09T14:30:00Z,2023-07-28T16:00:00Z
653,demand,demand,425.82,426.5,2023-06-08T13:30:00Z,2023-06-08T17:00:00Z,,,,,,expired,1,1,pivot,pivot:2023-06-08T13:30:00Z,1,3770,True,,-1,0,0,,,2023-07-11T15:00:00Z
654,supply,supply,431.22934762966497,431.99,2023-06-09T14:00:00Z,2023-06-09T18:00:00Z,,,,,,expired,1,1,pivot,pivot:2023-06-09T14:00:00Z,1,3778,False,,3787,1,0,2023-06-12T14:30:00Z,2023-06-12T19:00:00Z,2023-06-21T18:00:00Z
655,supply,demand,438.2869581712099,439.07,2023-06-14T15:00:00Z,2023-06-14T19:00:00Z,,,,,,expired,3,3,pivot|role_flip|volume_profile,pivot:2023-06-14T15:00:00Z|volume:POC:2023-07-10:438.757083,1,3800,True,,3909,2,3,2023-07-07T20:00:00Z,2023-06-30T14:30:00Z,2023-08-04T18:00:00Z
656,demand,demand,433.59,434.4732743796836,2023-06-14T18:00:00Z,2023-06-15T15:00:00Z,,,,,,expired,2,2,pivot|role_flip,pivot:2023-06-14T18:00:00Z,1,3803,True,,3863,3,4,2023-06-28T14:30:00Z,2023-06-27T17:00:00Z,2023-08-07T14:30:00Z
657,supply,supply,443.63,443.9,2023-06-15T18:00:00Z,2023-06-16T15:00:00Z,,,,,,expired,1,1,pivot,pivot:2023-06-15T18:00:00Z,1,3810,False,,3895,2,0,2023-07-05T20:00:00Z,2023-07-12T14:30:00Z,2023-07-19T20:00:00Z
658,demand,demand,435.03,435.76,2023-06-20T14:00:00Z,2023-06-20T18:00:00Z,,,,,,expired,3,3,pivot|role_flip|volume_profile,pivot:2023-06-20T14:00:00Z|volume:POC:2023-06-21:435.715417,1,3820,True,,3864,2,4,2023-06-28T15:00:00Z,2023-06-27T18:00:00Z,2023-08-09T17:00:00Z
659,demand,demand,434.33,435.1650217160669,2023-06-21T14:00:00Z,2023-06-21T18:00:00Z,,,,,,expired,2,2,pivot|role_flip,pivot:2023-06-21T14:00:00Z,1,3827,True,,3863,2,2,2023-06-28T14:30:00Z,2023-06-27T18:00:00Z,2023-08-10T17:00:00Z
660,supply,demand,436.43548077785886,436.99,2023-06-21T18:00:00Z,2023-06-22T15:00:00Z,2023-06-23T16:00:00Z,436.43548077785886,436.99,2,pivot|repeated_pivot,expired,3,3,pivot|repeated_pivot|role_flip,pivot:2023-06-21T18:00:00Z|pivot:2023-06-22T19:00:00Z,2,3839,True,,3874,3,1,2023-06-29T18:00:00Z,2023-06-29T16:00:00Z,2023-08-11T14:30:00Z
661,demand,demand,433.6,433.95,2023-06-22T13:30:00Z,2023-06-22T17:00:00Z,,,,,,expired,2,2,pivot|role_flip,pivot:2023-06-22T13:30:00Z,1,3833,False,,3849,0,2,2023-06-26T14:30:00Z,2023-06-26T15:00:00Z,2023-07-05T17:00:00Z
663,demand,demand,432.71,432.93,2023-06-23T13:30:00Z,2023-06-23T17:00:00Z,,,,,,expired,2,2,pivot|role_flip,pivot:2023-06-23T13:30:00Z,1,3840,True,,3858,1,2,2023-06-27T16:00:00Z,2023-06-27T15:00:00Z,2023-08-14T16:00:00Z
664,demand,demand,431.19,431.43,2023-06-26T19:00:00Z,2023-06-27T16:00:00Z,,,,,,expired,1,1,pivot,pivot:2023-06-26T19:00:00Z,1,3853,True,,-1,0,0,,,2023-07-26T15:00:00Z
665,supply,demand,436.15,436.81,2023-06-27T19:00:00Z,2023-06-28T16:00:00Z,,,,,,expired,2,2,pivot|role_flip,pivot:2023-06-27T19:00:00Z,1,3860,True,,3875,1,1,2023-06-29T19:00:00Z,2023-06-29T16:00:00Z,2023-08-17T15:00:00Z
666,supply,demand,436.62,437.44,2023-06-28T16:00:00Z,2023-06-28T20:00:00Z,,,,,,expired,3,3,pivot|role_flip|volume_profile,pivot:2023-06-28T16:00:00Z|volume:POC:2023-06-29:437.309583,1,3864,True,,3897,1,1,2023-07-06T15:00:00Z,2023-06-29T16:00:00Z,2023-08-17T19:00:00Z
667,supply,demand,437.72,438.28,2023-06-29T16:00:00Z,2023-06-29T20:00:00Z,,,,,,expired,2,2,pivot|role_flip,pivot:2023-06-29T16:00:00Z,1,3871,False,,3895,0,1,2023-07-06T14:30:00Z,2023-07-06T15:00:00Z,2023-07-14T14:30:00Z
668,supply,supply,443.88,444.3,2023-06-30T19:00:00Z,2023-07-03T16:00:00Z,,,,,,expired,1,1,pivot,pivot:2023-06-30T19:00:00Z,1,3881,False,,-1,1,0,2023-07-05T16:00:00Z,2023-07-12T14:30:00Z,2023-07-19T20:00:00Z
669,demand,supply,441.9,442.0383666192416,2023-07-05T13:30:00Z,2023-07-05T17:00:00Z,,,,,,expired,2,2,pivot|role_flip,pivot:2023-07-05T13:30:00Z,1,3886,False,,3906,0,1,2023-07-07T18:00:00Z,2023-07-11T20:00:00Z,2023-07-19T19:00:00Z
670,demand,demand,437.06,437.21221402940307,2023-07-06T15:00:00Z,2023-07-06T19:00:00Z,,,,,,expired,1,1,pivot,pivot:2023-07-06T15:00:00Z,1,3895,True,,-1,0,0,,,2023-07-31T17:00:00Z
671,demand,demand,438.6757060615852,439.4600212400584,2023-07-07T14:00:00Z,2023-07-07T17:00:00Z,,,,,,expired,4,4,order_block|pivot|role_flip|volume_profile,order_block:2023-07-07T14:00:00Z|structure_break:2023-07-07T16:00:00Z|pivot:2023-08-21T14:00:00Z|volume:POC:2023-08-22:438.698125,1,4118,False,,4143,1,6,2023-08-24T17:00:00Z,2023-08-23T14:30:00Z,2023-08-24T20:00:00Z
672,supply,supply,442.25,442.64,2023-07-07T17:00:00Z,2023-07-10T14:30:00Z,,,,,,expired,1,1,pivot,pivot:2023-07-07T17:00:00Z,1,3904,False,,-1,1,0,2023-07-11T20:00:00Z,2023-07-12T14:30:00Z,2023-07-19T20:00:00Z
673,demand,demand,437.58,438.2695563853755,2023-07-10T16:00:00Z,2023-07-10T20:00:00Z,,,,,,expired,1,1,pivot,pivot:2023-07-10T16:00:00Z,1,3910,True,,-1,0,0,,,2023-08-01T16:00:00Z
674,supply,supply,446.99,447.48,2023-07-12T14:00:00Z,2023-07-12T18:00:00Z,,,,,,expired,1,1,pivot,pivot:2023-07-12T14:00:00Z,1,3922,False,,-1,0,0,,2023-07-13T14:30:00Z,2023-07-20T20:00:00Z
675,supply,supply,451.03,451.36,2023-07-14T14:00:00Z,2023-07-14T18:00:00Z,,,,,,expired,2,2,pivot|role_flip,pivot:2023-07-14T14:00:00Z,1,3936,False,,4030,2,2,2023-08-04T14:30:00Z,2023-08-04T16:00:00Z,2023-08-14T15:00:00Z
676,demand,demand,448.49,449.0933884077378,2023-07-14T19:00:00Z,2023-07-17T16:00:00Z,,,,,,expired,1,1,pivot,pivot:2023-07-14T19:00:00Z,1,3941,True,,-1,0,0,,,2023-08-01T20:00:00Z
677,supply,demand,455.98,456.43,2023-07-19T16:00:00Z,2023-07-19T20:00:00Z,,,,,,expired,3,3,pivot|role_flip|volume_profile,pivot:2023-07-19T16:00:00Z|volume:POC:2023-08-01:456.406667,1,3959,False,,4020,2,1,2023-07-31T18:00:00Z,2023-08-02T14:30:00Z,2023-08-09T20:00:00Z
678,demand,supply,452.6885423238871,453.4469453972882,2023-07-20T14:00:00Z,2023-07-20T18:00:00Z,2023-08-04T20:00:00Z,452.6885423238871,453.4469453972882,4,pivot|repeated_pivot|role_flip|volume_profile,expired,4,4,pivot|repeated_pivot|role_flip|volume_profile,pivot:2023-07-20T14:00:00Z|volume:POC:2023-07-21:453.128333|pivot:2023-08-04T16:00:00Z,2,4043,True,,4177,4,3,2023-08-31T15:00:00Z,2023-07-27T20:00:00Z,2023-09-08T14:30:00Z
679,demand,supply,451.44,452.11463729379,2023-07-20T19:00:00Z,2023-07-21T16:00:00Z,,,,,,expired,2,2,pivot|role_flip,pivot:2023-07-20T19:00:00Z,1,3969,False,,4030,2,1,2023-08-04T14:30:00Z,2023-08-04T17:00:00Z,2023-08-14T16:00:00Z
680,demand,supply,452.00692068410876,452.9,2023-07-21T19:00:00Z,2023-07-24T16:00:00Z,,,,,,expired,3,3,order_block|pivot|role_flip,pivot:2023-07-21T19:00:00Z|order_block:2023-08-04T16:00:00Z|structure_break:2023-08-04T18:00:00Z,1,3976,True,,4177,2,1,2023-08-31T14:30:00Z,2023-08-02T15:00:00Z,2023-09-11T19:00:00Z
681,supply,demand,456.1647194705037,456.74,2023-07-25T18:00:00Z,2023-07-26T15:00:00Z,,,,,,expired,3,3,pivot|role_flip|volume_profile,pivot:2023-07-25T18:00:00Z|volume:POC:2023-07-28:456.590000,1,3989,False,,4008,1,1,2023-07-28T15:00:00Z,2023-08-02T14:30:00Z,2023-08-09T20:00:00Z
682,demand,supply,453.38,454.1777539947015,2023-07-26T19:00:00Z,2023-07-27T16:00:00Z,,,,,,expired,2,2,pivot|role_flip,pivot:2023-07-26T19:00:00Z,1,3997,False,,4006,0,1,2023-07-27T20:00:00Z,2023-07-28T14:30:00Z,2023-08-04T20:00:00Z
683,supply,supply,459.02,459.44,2023-07-27T13:30:00Z,2023-07-27T17:00:00Z,,,,,,expired,1,1,pivot,pivot:2023-07-27T13:30:00Z,1,3998,True,,-1,0,0,,,2023-09-13T18:00:00Z
684,supply,supply,457.7615935507689,458.6,2023-07-27T16:00:00Z,2023-07-27T19:00:00Z,,,,,,expired,1,1,order_block,order_block:2023-07-27T16:00:00Z|structure_break:2023-07-27T18:00:00Z,0,,True,,4022,2,0,2023-07-31T20:00:00Z,,2023-09-15T15:00:00Z
685,demand,supply,451.55,452.48,2023-07-27T19:00:00Z,2023-07-28T16:00:00Z,,,,,,expired,2,2,pivot|role_flip,pivot:2023-07-27T19:00:00Z,1,4004,False,,4030,3,1,2023-08-04T16:00:00Z,2023-08-04T17:00:00Z,2023-08-14T16:00:00Z
686,supply,supply,457.41,458.16,2023-07-31T13:30:00Z,2023-07-31T17:00:00Z,,,,,,expired,1,1,pivot,pivot:2023-07-31T13:30:00Z,1,4012,True,,4022,1,0,2023-07-31T20:00:00Z,,2023-09-18T20:00:00Z
687,supply,supply,457.66891051614135,457.84,2023-07-31T19:00:00Z,2023-08-01T16:00:00Z,,,,,,expired,1,1,pivot,pivot:2023-07-31T19:00:00Z,1,4018,True,,-1,0,0,,,2023-09-19T19:00:00Z
688,demand,demand,455.49,456.14,2023-08-01T16:00:00Z,2023-08-01T20:00:00Z,,,,,,expired,1,1,pivot,pivot:2023-08-01T16:00:00Z,1,4022,False,,-1,0,0,,2023-08-02T14:30:00Z,2023-08-09T20:00:00Z
689,supply,supply,456.44,456.97,2023-08-01T18:00:00Z,2023-08-02T15:00:00Z,,,,,,expired,1,1,order_block,order_block:2023-08-01T18:00:00Z|structure_break:2023-08-02T14:00:00Z,0,,True,,-1,0,0,,,2023-09-20T18:00:00Z
690,demand,supply,447.37,448.2057154435587,2023-08-03T14:00:00Z,2023-08-03T18:00:00Z,,,,,,expired,2,2,pivot|role_flip,pivot:2023-08-03T14:00:00Z,1,4034,False,,4069,0,5,2023-08-09T20:00:00Z,2023-08-10T14:30:00Z,2023-08-17T20:00:00Z
691,demand,supply,448.77,449.65872472805574,2023-08-04T14:00:00Z,2023-08-04T18:00:00Z,,,,,,expired,3,3,pivot|role_flip|volume_profile,pivot:2023-08-04T14:00:00Z|volume:POC:2023-08-03:449.293750,1,4041,False,,4062,0,3,2023-08-08T20:00:00Z,2023-08-10T14:30:00Z,2023-08-17T20:00:00Z
694,demand,demand,446.27,446.8,2023-08-04T19:00:00Z,2023-08-07T16:00:00Z,,,,,,expired,3,3,pivot|role_flip|volume_profile,pivot:2023-08-04T19:00:00Z|volume:POC:2023-08-08:446.507500,1,4046,False,,4085,1,4,2023-08-14T15:00:00Z,2023-08-15T14:30:00Z,2023-08-22T20:00:00Z
695,supply,supply,450.6616221766977,450.87,2023-08-07T19:00:00Z,2023-08-08T16:00:00Z,,,,,,expired,1,1,pivot,pivot:2023-08-07T19:00:00Z,1,4053,False,,-1,0,0,,2023-08-10T14:30:00Z,2023-08-17T20:00:00Z
696,demand,supply,444.97,445.54,2023-08-08T15:00:00Z,2023-08-08T19:00:00Z,2023-08-09T19:00:00Z,444.97,445.54,2,pivot|repeated_pivot,expired,3,3,pivot|repeated_pivot|role_flip,pivot:2023-08-08T15:00:00Z|pivot:2023-08-09T15:00:00Z|pivot:2023-08-24T14:00:00Z,3,4139,True,,4249,4,7,2023-09-15T18:00:00Z,2023-09-15T15:00:00Z,2023-09-27T15:00:00Z
697,supply,demand,448.75,449.23,2023-08-08T19:00:00Z,2023-08-09T16:00:00Z,,,,,,expired,2,2,pivot|role_flip,pivot:2023-08-08T19:00:00Z,1,4060,False,,4071,1,1,2023-08-10T15:00:00Z,2023-08-10T16:00:00Z,2023-08-18T15:00:00Z
699,demand,demand,445.43,446.4275084665602,2023-08-09T19:00:00Z,2023-08-10T14:30:00Z,,,,,,expired,2,2,order_block|role_flip,order_block:2023-08-09T19:00:00Z|structure_break:2023-08-10T13:30:00Z,0,,False,,4087,1,2,2023-08-14T17:00:00Z,2023-08-15T14:30:00Z,2023-08-22T20:00:00Z
700,supply,supply,451.22,451.7,2023-08-10T14:00:00Z,2023-08-10T18:00:00Z,2023-08-30T20:00:00Z,451.22,451.7,2,pivot|repeated_pivot,expired,4,4,pivot|repeated_pivot|role_flip|volume_profile,pivot:2023-08-10T14:00:00Z|pivot:2023-08-30T16:00:00Z|volume:POC:2023-08-31:451.439375,2,4169,False,,4180,1,2,2023-08-31T19:00:00Z,2023-09-01T14:30:00Z,2023-09-11T20:00:00Z
701,demand,supply,443.34,443.97,2023-08-11T13:30:00Z,2023-08-11T17:00:00Z,2023-08-15T18:00:00Z,443.34,443.97,2,pivot|repeated_pivot,expired,5,5,order_block|pivot|repeated_pivot|role_flip|volume_profile,pivot:2023-08-11T13:30:00Z|pivot:2023-08-15T14:00:00Z|order_block:2023-09-20T16:00:00Z|structure_break:2023-09-20T19:00:00Z|volume:POC:2023-09-20:443.563542,2,4090,True,,4271,4,3,2023-09-20T19:00:00Z,2023-09-18T14:30:00Z,2023-09-29T20:00:00Z
702,supply,supply,447.23,447.76,2023-08-14T15:00:00Z,2023-08-14T19:00:00Z,,,,,,expired,1,1,pivot,pivot:2023-08-14T15:00:00Z,1,4084,False,,-1,0,0,,2023-08-14T20:00:00Z,2023-08-22T19:00:00Z
703,supply,supply,447.8990504106417,448.11,2023-08-14T19:00:00Z,2023-08-15T16:00:00Z,,,,,,expired,1,1,pivot,pivot:2023-08-14T19:00:00Z,1,4088,False,,-1,1,0,2023-08-29T16:00:00Z,2023-08-29T19:00:00Z,2023-09-07T18:00:00Z
705,supply,supply,441.77,442.62,2023-08-16T17:00:00Z,2023-08-16T20:00:00Z,,,,,,expired,3,3,order_block|role_flip|volume_profile,order_block:2023-08-16T17:00:00Z|structure_break:2023-08-16T19:00:00Z|volume:POC:2023-08-23:442.432292,0,,False,,4156,1,2,2023-08-28T16:00:00Z,2023-08-29T14:30:00Z,2023-09-06T20:00:00Z
706,demand,supply,433.01,433.37,2023-08-18T13:30:00Z,2023-08-18T17:00:00Z,,,,,,expired,2,2,pivot|role_flip,pivot:2023-08-18T13:30:00Z,1,4110,True,,4282,1,1,2023-09-22T16:00:00Z,2023-09-21T20:00:00Z,2023-10-06T20:00:00Z
708,supply,supply,440.97774067079484,441.18,2023-08-22T13:30:00Z,2023-08-22T17:00:00Z,,,,,,expired,2,2,pivot|role_flip,pivot:2023-08-22T13:30:00Z,1,4124,False,,4261,0,2,2023-09-19T16:00:00Z,2023-09-19T18:00:00Z,2023-09-27T17:00:00Z
709,demand,demand,437.57,438.11,2023-08-22T19:00:00Z,2023-08-23T16:00:00Z,,,,,,expired,2,2,pivot|role_flip,pivot:2023-08-22T19:00:00Z,1,4130,False,,4151,0,2,2023-08-25T18:00:00Z,2023-09-21T14:30:00Z,2023-09-28T20:00:00Z
711,supply,supply,439.9515382191685,440.82,2023-08-24T16:00:00Z,2023-08-24T20:00:00Z,,,,,,expired,1,1,order_block,order_block:2023-08-24T16:00:00Z|structure_break:2023-08-24T19:00:00Z,0,,False,,4153,2,0,2023-08-25T19:00:00Z,2023-08-28T14:30:00Z,2023-09-05T20:00:00Z
712,supply,supply,438.68,439.5,2023-08-25T13:30:00Z,2023-08-25T15:00:00Z,,,,,,expired,2,2,order_block|volume_profile,order_block:2023-08-25T13:30:00Z|structure_break:2023-08-25T14:00:00Z|volume:POC:2023-08-24:439.116875,0,,False,,-1,0,0,,2023-08-25T19:00:00Z,2023-09-05T18:00:00Z
713,supply,demand,440.0000583741348,441.2,2023-08-25T14:00:00Z,2023-08-25T18:00:00Z,,,,,,expired,2,2,pivot|role_flip,pivot:2023-08-25T14:00:00Z,1,4146,False,,4263,1,1,2023-09-19T15:00:00Z,2023-09-20T20:00:00Z,2023-09-28T19:00:00Z
714,demand,demand,435.0,435.26410505666877,2023-08-25T15:00:00Z,2023-08-25T19:00:00Z,,,,,,expired,3,3,pivot|role_flip|volume_profile,pivot:2023-08-25T15:00:00Z|volume:POC:2023-10-10:435.168125,1,4147,False,,4393,1,6,2023-10-16T15:00:00Z,2023-10-13T14:30:00Z,2023-10-16T16:00:00Z
716,supply,supply,452.43,452.83,2023-08-31T14:00:00Z,2023-08-31T18:00:00Z,,,,,,expired,1,1,pivot,pivot:2023-08-31T14:00:00Z,1,4174,True,,4183,1,0,2023-09-01T14:30:00Z,,2023-10-16T14:30:00Z
717,supply,supply,453.17,453.67,2023-09-01T13:30:00Z,2023-09-01T17:00:00Z,,,,,,expired,1,1,pivot,pivot:2023-09-01T13:30:00Z,1,4180,True,,-1,0,0,,,2023-10-16T15:00:00Z
718,demand,supply,449.68,449.88,2023-09-01T16:00:00Z,2023-09-01T20:00:00Z,,,,,,expired,2,2,pivot|role_flip,pivot:2023-09-01T16:00:00Z,1,4183,False,,4195,1,1,2023-09-14T16:00:00Z,2023-09-14T17:00:00Z,2023-09-22T16:00:00Z
719,demand,demand,449.17,449.59,2023-09-05T14:00:00Z,2023-09-05T18:00:00Z,,,,,,expired,1,1,pivot,pivot:2023-09-05T14:00:00Z,1,4188,False,,-1,1,0,2023-09-05T20:00:00Z,2023-09-06T14:30:00Z,2023-09-13T20:00:00Z
720,supply,supply,450.03,450.64,2023-09-05T18:00:00Z,2023-09-06T15:00:00Z,,,,,,expired,2,2,order_block|volume_profile,order_block:2023-09-05T18:00:00Z|structure_break:2023-09-06T14:00:00Z|volume:POC:2023-09-05:450.154375|order_block:2023-09-14T18:00:00Z|structure_break:2023-09-15T14:00:00Z,0,,True,,-1,1,0,2023-09-14T16:00:00Z,,2023-10-24T18:00:00Z
721,demand,demand,442.75,443.43,2023-09-07T14:00:00Z,2023-09-07T18:00:00Z,,,,,,expired,3,3,pivot|role_flip|volume_profile,pivot:2023-09-07T14:00:00Z|volume:POC:2023-09-15:443.205000,1,4202,False,,4267,2,2,2023-09-20T15:00:00Z,2023-09-20T19:00:00Z,2023-09-28T18:00:00Z
722,supply,supply,446.36722836200545,447.11,2023-09-08T14:00:00Z,2023-09-08T18:00:00Z,,,,,,expired,2,2,pivot|role_flip,pivot:2023-09-08T14:00:00Z,1,4209,True,,4246,1,4,2023-09-15T15:00:00Z,2023-09-13T19:00:00Z,2023-10-27T14:30:00Z
723,demand,supply,444.53,444.97,2023-09-08T19:00:00Z,2023-09-11T16:00:00Z,2023-09-18T20:00:00Z,444.53,444.97,3,pivot|repeated_pivot|role_flip,expired,3,3,pivot|repeated_pivot|role_flip,pivot:2023-09-08T19:00:00Z|pivot:2023-09-18T16:00:00Z,2,4253,True,,4255,1,1,2023-09-18T17:00:00Z,2023-09-15T18:00:00Z,2023-10-27T19:00:00Z
724,supply,demand,448.24,448.77,2023-09-11T13:30:00Z,2023-09-11T17:00:00Z,2023-09-12T16:00:00Z,448.24,448.77,2,pivot|repeated_pivot,expired,3,3,pivot|repeated_pivot|role_flip,pivot:2023-09-11T13:30:00Z|pivot:2023-09-11T19:00:00Z,2,4221,False,,4239,1,1,2023-09-14T15:00:00Z,2023-09-15T14:30:00Z,2023-09-22T20:00:00Z
726,demand,supply,445.07,445.7305459276731,2023-09-13T14:00:00Z,2023-09-13T18:00:00Z,,,,,,expired,2,2,pivot|role_flip,pivot:2023-09-13T14:00:00Z,1,4230,True,,4249,0,1,2023-09-15T18:00:00Z,2023-09-15T15:00:00Z,2023-11-01T14:30:00Z
728,supply,supply,450.58,451.08,2023-09-14T19:00:00Z,2023-09-15T16:00:00Z,,,,,,expired,1,1,pivot,pivot:2023-09-14T19:00:00Z,1,4242,True,,-1,0,0,,,2023-10-18T15:00:00Z
729,demand,supply,442.56,443.04,2023-09-18T13:30:00Z,2023-09-18T17:00:00Z,,,,,,expired,2,2,pivot|role_flip,pivot:2023-09-18T13:30:00Z,1,4250,False,,4264,0,1,2023-09-19T19:00:00Z,2023-09-20T14:30:00Z,2023-09-27T20:00:00Z
731,supply,demand,443.53,443.73,2023-09-18T19:00:00Z,2023-09-19T15:00:00Z,,,,,,expired,2,2,order_block|role_flip,order_block:2023-09-18T19:00:00Z|structure_break:2023-09-19T14:00:00Z,0,,False,,4268,0,1,2023-09-20T16:00:00Z,2023-09-20T19:00:00Z,2023-09-28T18:00:00Z
732,demand,demand,439.94,440.61,2023-09-19T16:00:00Z,2023-09-19T20:00:00Z,,,,,,expired,1,1,pivot,pivot:2023-09-19T16:00:00Z,1,4260,False,,-1,0,0,,2023-09-20T20:00:00Z,2023-09-28T19:00:00Z
733,supply,supply,444.11,444.44,2023-09-20T14:00:00Z,2023-09-20T18:00:00Z,,,,,,expired,1,1,pivot,pivot:2023-09-20T14:00:00Z,1,4265,True,,-1,0,0,,,2023-11-08T15:30:00Z
735,demand,supply,431.23,431.41428561424163,2023-09-21T19:00:00Z,2023-09-22T16:00:00Z,,,,,,expired,2,2,pivot|role_flip,pivot:2023-09-21T19:00:00Z,1,4277,False,,4286,1,1,2023-09-22T20:00:00Z,2023-09-25T20:00:00Z,2023-10-03T19:00:00Z
736,demand,demand,428.54,429.16,2023-09-25T13:30:00Z,2023-09-25T17:00:00Z,,,,,,expired,3,3,order_block|pivot|role_flip,pivot:2023-09-25T13:30:00Z|order_block:2023-10-09T16:00:00Z|structure_break:2023-10-09T17:00:00Z,1,4285,False,,4415,4,4,2023-10-19T15:00:00Z,2023-10-19T19:00:00Z,2023-10-27T18:00:00Z
737,supply,supply,431.6058171113202,432.27,2023-09-25T19:00:00Z,2023-09-26T16:00:00Z,2023-09-29T17:00:00Z,431.6058171113202,432.27,2,pivot|repeated_pivot,expired,3,3,pivot|repeated_pivot|role_flip,pivot:2023-09-25T19:00:00Z|pivot:2023-09-29T13:30:00Z,2,4313,False,,4416,1,4,2023-10-19T17:00:00Z,2023-11-03T14:30:00Z,2023-11-10T21:00:00Z
738,demand,demand,422.29,423.31,2023-09-27T17:00:00Z,2023-09-28T14:30:00Z,,,,,,expired,3,3,pivot|role_flip|volume_profile,pivot:2023-09-27T17:00:00Z|volume:POC:2023-10-04:423.299375,1,4303,False,,4440,1,8,2023-10-24T20:00:00Z,2023-10-25T14:30:00Z,2023-11-01T20:00:00Z
739,supply,supply,429.44,430.25,2023-09-28T16:00:00Z,2023-09-28T20:00:00Z,,,,,,expired,3,3,pivot|role_flip|volume_profile,pivot:2023-09-28T16:00:00Z|volume:POC:2023-10-06:429.594375,1,4309,False,,4418,4,4,2023-11-02T17:00:00Z,2023-11-02T20:00:00Z,2023-11-10T20:00:00Z
741,demand,supply,424.46,425.43,2023-10-02T16:00:00Z,2023-10-02T20:00:00Z,2023-10-05T16:00:00Z,424.46,425.43,3,pivot|repeated_pivot|role_flip,expired,3,3,pivot|repeated_pivot|role_flip,pivot:2023-10-02T16:00:00Z|pivot:2023-10-04T19:00:00Z|pivot:2023-10-05T18:00:00Z,3,4346,False,,4343,0,1,2023-10-05T14:30:00Z,2023-10-06T16:00:00Z,2023-10-16T15:00:00Z
742,supply,supply,425.4851009293794,426.65,2023-10-03T13:30:00Z,2023-10-03T15:00:00Z,,,,,,expired,2,2,order_block|volume_profile,order_block:2023-10-03T13:30:00Z|structure_break:2023-10-03T14:00:00Z|volume:POC:2023-10-02:425.926250,0,,False,,-1,0,0,,2023-10-06T16:00:00Z,2023-10-16T15:00:00Z
743,demand,supply,420.18,420.9,2023-10-03T18:00:00Z,2023-10-04T15:00:00Z,,,,,,expired,2,2,pivot|role_flip,pivot:2023-10-03T18:00:00Z,1,4332,False,,4479,3,1,2023-11-01T17:00:00Z,2023-11-01T19:00:00Z,2023-11-09T19:00:00Z
745,demand,supply,421.0,421.98,2023-10-05T15:00:00Z,2023-10-05T19:00:00Z,,,,,,expired,3,3,order_block|pivot|role_flip,pivot:2023-10-05T15:00:00Z|order_block:2023-10-06T13:30:00Z|structure_break:2023-10-06T15:00:00Z,1,4343,False,,4478,3,3,2023-11-01T15:00:00Z,2023-11-01T20:00:00Z,2023-11-09T20:00:00Z
748,demand,supply,420.6,421.8497552472288,2023-10-06T14:00:00Z,2023-10-06T18:00:00Z,,,,,,expired,2,2,pivot|role_flip,pivot:2023-10-06T14:00:00Z,1,4349,False,,4479,2,1,2023-11-01T15:00:00Z,2023-11-01T20:00:00Z,2023-11-09T20:00:00Z
749,supply,supply,430.69,431.13,2023-10-06T18:00:00Z,2023-10-09T15:00:00Z,,,,,,expired,3,3,pivot|role_flip|volume_profile,pivot:2023-10-06T18:00:00Z|volume:POC:2023-10-13:431.111875,1,4353,False,,4414,2,2,2023-11-02T20:00:00Z,2023-11-03T14:30:00Z,2023-11-10T21:00:00Z
750,demand,demand,427.01,427.37,2023-10-09T14:00:00Z,2023-10-09T18:00:00Z,,,,,,expired,1,1,pivot,pivot:2023-10-09T14:00:00Z,1,4356,False,,-1,1,0,2023-10-19T19:00:00Z,2023-10-19T20:00:00Z,2023-10-27T19:00:00Z
752,supply,demand,436.56,437.34,2023-10-10T16:00:00Z,2023-10-10T20:00:00Z,2023-10-12T20:00:00Z,436.56,437.34,2,pivot|repeated_pivot,expired,4,4,pivot|repeated_pivot|role_flip|volume_profile,pivot:2023-10-10T16:00:00Z|pivot:2023-10-12T16:00:00Z|pivot:2023-10-16T15:00:00Z|volume:POC:2023-11-07:436.755833,3,4392,False,,4518,5,1,2023-11-09T15:30:00Z,2023-11-09T19:00:00Z,2023-11-17T18:00:00Z
753,demand,demand,433.18,433.85,2023-10-11T17:00:00Z,2023-10-12T14:30:00Z,2023-11-10T17:00:00Z,433.18,433.85,4,pivot|repeated_pivot|role_flip|volume_profile,expired,4,4,pivot|repeated_pivot|role_flip|volume_profile,pivot:2023-10-11T17:00:00Z|volume:POC:2023-10-18:433.530625|pivot:2023-11-09T20:00:00Z,2,4522,True,,4502,2,4,2023-11-09T20:00:00Z,2023-11-03T14:30:00Z,2023-11-30T21:00:00Z
754,supply,supply,436.13,436.9,2023-10-12T15:00:00Z,2023-10-12T18:00:00Z,,,,,,expired,2,2,order_block|volume_profile,order_block:2023-10-12T15:00:00Z|structure_break:2023-10-12T17:00:00Z|volume:POC:2023-10-12:436.194375,0,,False,,4394,2,0,2023-10-16T15:00:00Z,2023-10-17T16:00:00Z,2023-10-25T15:00:00Z
756,demand,supply,431.23,432.31107643443096,2023-10-12T18:00:00Z,2023-10-13T15:00:00Z,,,,,,expired,2,2,pivot|role_flip,pivot:2023-10-12T18:00:00Z,1,4381,False,,4413,1,1,2023-10-19T14:30:00Z,2023-11-03T14:30:00Z,2023-11-10T21:00:00Z
757,demand,supply,429.88,431.013858349359,2023-10-13T17:00:00Z,2023-10-16T14:30:00Z,,,,,,expired,3,3,pivot|role_flip|volume_profile,pivot:2023-10-13T17:00:00Z|volume:POC:2023-11-02:430.102500,1,4387,False,,4417,2,1,2023-11-02T18:00:00Z,2023-11-03T14:30:00Z,2023-11-10T21:00:00Z
759,demand,supply,432.45,432.72,2023-10-17T13:30:00Z,2023-10-17T17:00:00Z,,,,,,expired,2,2,pivot|role_flip,pivot:2023-10-17T13:30:00Z,1,4397,False,,4411,1,1,2023-10-18T19:00:00Z,2023-11-03T14:30:00Z,2023-11-10T21:00:00Z
760,supply,supply,437.27,438.14,2023-10-17T16:00:00Z,2023-10-17T20:00:00Z,,,,,,expired,1,1,pivot,pivot:2023-10-17T16:00:00Z,1,4400,False,,4519,2,0,2023-11-08T21:00:00Z,2023-11-10T18:00:00Z,2023-11-20T17:00:00Z
761,demand,demand,421.91,422.41,2023-10-20T15:00:00Z,2023-10-20T19:00:00Z,,,,,,expired,2,2,pivot|role_flip,pivot:2023-10-20T15:00:00Z,1,4420,False,,4439,0,2,2023-10-24T19:00:00Z,2023-10-25T14:30:00Z,2023-11-01T20:00:00Z
762,demand,supply,417.8,419.05851782598256,2023-10-23T13:30:00Z,2023-10-23T17:00:00Z,,,,,,expired,3,3,pivot|role_flip|volume_profile,pivot:2023-10-23T13:30:00Z|volume:POC:2023-10-25:418.339792,1,4425,False,,4447,3,1,2023-10-31T18:00:00Z,2023-11-01T14:30:00Z,2023-11-08T21:00:00Z
763,supply,supply,424.1712120785209,424.82,2023-10-23T17:00:00Z,2023-10-24T14:30:00Z,,,,,,expired,1,1,pivot,pivot:2023-10-23T17:00:00Z|pivot:2023-10-24T14:00:00Z,1,4429,False,,4441,1,0,2023-10-24T20:00:00Z,2023-11-02T14:30:00Z,2023-11-09T21:00:00Z
765,demand,demand,411.6,412.19,2023-10-26T17:00:00Z,2023-10-27T14:30:00Z,,,,,,expired,1,1,pivot,pivot:2023-10-26T17:00:00Z,1,4450,False,,-1,1,0,2023-10-27T17:00:00Z,2023-10-27T18:00:00Z,2023-11-06T18:00:00Z
766,demand,demand,409.21,409.55,2023-10-27T19:00:00Z,2023-10-30T16:00:00Z,,,,,,expired,1,1,pivot,pivot:2023-10-27T19:00:00Z,1,4459,True,,-1,0,0,,,2023-12-19T16:00:00Z
767,supply,demand,414.9,415.35,2023-10-30T13:30:00Z,2023-10-30T17:00:00Z,,,,,,expired,2,2,pivot|role_flip,pivot:2023-10-30T13:30:00Z,1,4460,False,,4467,0,1,2023-10-30T19:00:00Z,2023-10-31T14:30:00Z,2023-11-07T21:00:00Z
768,supply,supply,415.84,416.68,2023-10-30T19:00:00Z,2023-10-31T16:00:00Z,,,,,,expired,1,1,pivot,pivot:2023-10-30T19:00:00Z,1,4466,False,,-1,0,0,,2023-10-31T18:00:00Z,2023-11-08T18:00:00Z
769,supply,supply,421.25,421.9,2023-11-01T14:00:00Z,2023-11-01T18:00:00Z,,,,,,expired,1,1,pivot,pivot:2023-11-01T14:00:00Z,1,4475,False,,-1,0,0,,2023-11-01T20:00:00Z,2023-11-09T20:00:00Z
770,supply,supply,436.0906440599814,436.29,2023-11-03T19:00:00Z,2023-11-06T17:00:00Z,,,,,,expired,2,2,pivot|role_flip,pivot:2023-11-03T19:00:00Z,1,4494,False,,4522,0,2,2023-11-09T19:00:00Z,2023-11-10T17:00:00Z,2023-11-20T16:00:00Z
771,demand,demand,433.68,434.29,2023-11-06T18:00:00Z,2023-11-07T15:30:00Z,,,,,,expired,2,2,pivot|volume_profile,pivot:2023-11-06T18:00:00Z|volume:POC:2023-11-09:433.716875,1,4499,True,,-1,1,0,2023-11-09T20:00:00Z,,2023-12-27T21:00:00Z
772,supply,supply,437.17,437.51,2023-11-07T16:00:00Z,2023-11-07T20:00:00Z,,,,,,expired,2,2,pivot|role_flip,pivot:2023-11-07T16:00:00Z,1,4504,False,,4522,0,2,2023-11-09T19:00:00Z,2023-11-10T18:00:00Z,2023-11-20T17:00:00Z
773,supply,supply,437.71,438.09,2023-11-08T14:30:00Z,2023-11-08T18:00:00Z,,,,,,expired,1,1,pivot,pivot:2023-11-08T14:30:00Z,1,4509,False,,4519,1,0,2023-11-08T21:00:00Z,2023-11-10T18:00:00Z,2023-11-20T17:00:00Z
774,demand,demand,434.87,435.57974076916054,2023-11-08T17:00:00Z,2023-11-08T21:00:00Z,,,,,,expired,1,1,pivot,pivot:2023-11-08T17:00:00Z,1,4512,False,,-1,1,0,2023-11-09T19:00:00Z,2023-11-09T20:00:00Z,2023-11-17T19:00:00Z
775,supply,demand,438.31333751689834,438.47,2023-11-09T14:30:00Z,2023-11-09T18:00:00Z,,,,,,expired,2,2,pivot|role_flip,pivot:2023-11-09T14:30:00Z,1,4516,True,,4529,0,1,2023-11-10T19:00:00Z,2023-11-10T18:00:00Z,2024-01-02T17:00:00Z
777,demand,demand,434.43,435.19148143893443,2023-11-10T15:00:00Z,2023-11-10T18:00:00Z,,,,,,expired,1,1,order_block,order_block:2023-11-10T15:00:00Z|structure_break:2023-11-10T17:00:00Z,0,,True,,-1,0,0,,,2023-12-22T18:00:00Z
778,supply,supply,440.99,441.33,2023-11-13T16:00:00Z,2023-11-13T20:00:00Z,,,,,,expired,1,1,pivot,pivot:2023-11-13T16:00:00Z,1,4532,False,,-1,0,0,,2023-11-14T15:30:00Z,2023-11-21T21:00:00Z
779,supply,demand,448.98,449.73,2023-11-14T16:00:00Z,2023-11-14T20:00:00Z,,,,,,expired,3,3,pivot|role_flip|volume_profile,pivot:2023-11-14T16:00:00Z|volume:POC:2023-11-15:449.713750,1,4539,True,,4560,0,3,2023-11-17T15:30:00Z,2023-11-16T21:00:00Z,2024-01-05T19:00:00Z
780,supply,supply,451.09,451.38,2023-11-15T16:00:00Z,2023-11-15T20:00:00Z,,,,,,expired,1,1,pivot,pivot:2023-11-15T16:00:00Z,1,4546,False,,-1,1,0,2023-11-17T19:00:00Z,2023-11-20T15:30:00Z,2023-11-29T17:00:00Z
781,demand,demand,448.12,448.75,2023-11-16T16:00:00Z,2023-11-16T20:00:00Z,,,,,,expired,1,1,pivot,pivot:2023-11-16T16:00:00Z,1,4553,True,,-1,0,0,,,2023-12-27T19:00:00Z
782,demand,demand,450.2,450.8256358032952,2023-11-17T20:00:00Z,2023-11-20T15:30:00Z,,,,,,expired,2,2,order_block|volume_profile,order_block:2023-11-17T20:00:00Z|structure_break:2023-11-20T14:30:00Z|volume:POC:2023-11-17:450.221875,0,,True,,-1,0,0,,,2024-01-10T21:00:00Z
783,supply,demand,454.56,455.13,2023-11-20T20:00:00Z,2023-11-21T17:00:00Z,,,,,,expired,3,3,pivot|role_flip|volume_profile,pivot:2023-11-20T20:00:00Z|volume:POC:2023-11-22:454.973750,1,4571,True,,4649,2,5,2023-12-06T21:00:00Z,2023-12-04T17:00:00Z,2024-01-12T16:00:00Z
784,demand,demand,451.95,452.5619408897065,2023-11-21T15:00:00Z,2023-11-21T19:00:00Z,,,,,,expired,1,1,pivot,pivot:2023-11-21T15:00:00Z,1,4573,True,,-1,0,0,,,2023-12-29T15:30:00Z
785,supply,supply,455.700589915912,456.38,2023-11-22T14:30:00Z,2023-11-22T18:00:00Z,,,,,,expired,3,3,pivot|role_flip|volume_profile,pivot:2023-11-22T14:30:00Z|volume:POC:2023-12-04:455.802500,1,4579,False,,4647,1,4,2023-12-06T21:00:00Z,2023-12-07T15:30:00Z,2023-12-14T21:00:00Z
786,demand,demand,454.07,454.55,2023-11-27T14:30:00Z,2023-11-27T18:00:00Z,2023-12-04T19:00:00Z,454.07,454.55,4,pivot|repeated_pivot|role_flip|volume_profile,expired,4,4,pivot|repeated_pivot|role_flip|volume_profile,pivot:2023-11-27T14:30:00Z|volume:POC:2023-11-30:454.123750|pivot:2023-12-04T15:00:00Z|pivot:2023-12-06T20:00:00Z,3,4645,True,,4649,3,2,2023-12-06T21:00:00Z,2023-11-30T20:00:00Z,2024-01-17T21:00:00Z
787,supply,supply,455.18,455.5,2023-11-27T18:00:00Z,2023-11-28T15:30:00Z,,,,,,expired,2,2,pivot|role_flip,pivot:2023-11-27T18:00:00Z,1,4594,False,,4647,0,4,2023-12-06T21:00:00Z,2023-12-07T15:30:00Z,2023-12-14T21:00:00Z
788,demand,demand,453.34,453.92,2023-11-28T14:30:00Z,2023-11-28T18:00:00Z,2023-12-01T15:30:00Z,453.34,453.92,2,pivot|repeated_pivot,expired,3,3,order_block|pivot|repeated_pivot,pivot:2023-11-28T14:30:00Z|pivot:2023-11-30T18:00:00Z|order_block:2023-11-30T18:00:00Z|structure_break:2023-12-01T16:00:00Z,2,4615,True,,4618,1,0,2023-11-30T18:00:00Z,,2024-01-18T21:00:00Z
789,supply,supply,456.02,456.27,2023-11-28T16:00:00Z,2023-11-28T20:00:00Z,,,,,,expired,3,3,pivot|role_flip|volume_profile,pivot:2023-11-28T16:00:00Z|volume:POC:2023-12-05:456.060000,1,4599,False,,4646,2,6,2023-12-06T20:00:00Z,2023-12-07T15:30:00Z,2023-12-14T21:00:00Z
790,supply,demand,458.11,458.32,2023-11-29T14:30:00Z,2023-11-29T18:00:00Z,,,,,,expired,2,2,pivot|role_flip,pivot:2023-11-29T14:30:00Z,1,4604,True,,4658,2,3,2023-12-08T18:00:00Z,2023-12-08T16:00:00Z,2024-01-19T21:00:00Z
793,supply,demand,459.41,459.65,2023-12-01T17:00:00Z,2023-12-01T21:00:00Z,,,,,,expired,2,2,pivot|role_flip,pivot:2023-12-01T17:00:00Z,1,4621,True,,4660,0,1,2023-12-08T20:00:00Z,2023-12-08T16:00:00Z,2024-01-24T17:00:00Z
795,supply,demand,457.39,457.59,2023-12-05T16:00:00Z,2023-12-05T20:00:00Z,,,,,,expired,2,2,pivot|role_flip,pivot:2023-12-05T16:00:00Z,1,4634,True,,4659,1,1,2023-12-08T18:00:00Z,2023-12-06T15:30:00Z,2024-01-26T16:00:00Z
796,supply,demand,458.6682710883425,458.84,2023-12-06T14:30:00Z,2023-12-06T18:00:00Z,,,,,,expired,2,2,pivot|role_flip,pivot:2023-12-06T14:30:00Z,1,4639,True,,4658,2,1,2023-12-08T18:00:00Z,2023-12-08T16:00:00Z,2024-01-26T21:00:00Z
798,supply,demand,460.01,460.42,2023-12-08T15:00:00Z,2023-12-08T19:00:00Z,,,,,,expired,2,2,pivot|role_flip,pivot:2023-12-08T15:00:00Z,1,4654,True,,4664,0,1,2023-12-11T17:00:00Z,2023-12-11T16:00:00Z,2024-01-31T15:30:00Z
799,demand,demand,464.12,464.5,2023-12-13T18:00:00Z,2023-12-13T20:00:00Z,,,,,,expired,1,1,order_block,order_block:2023-12-13T18:00:00Z|structure_break:2023-12-13T19:00:00Z,0,,True,,-1,0,0,,,2024-02-05T16:00:00Z
800,supply,demand,473.14,473.73,2023-12-14T14:30:00Z,2023-12-14T18:00:00Z,,,,,,expired,2,2,pivot|role_flip,pivot:2023-12-14T14:30:00Z,1,4681,False,,4707,1,1,2023-12-19T18:00:00Z,2023-12-20T20:00:00Z,2023-12-29T19:00:00Z
801,demand,demand,468.71,469.39,2023-12-15T14:30:00Z,2023-12-15T18:00:00Z,2024-01-03T19:00:00Z,468.71,469.39,3,pivot|repeated_pivot|role_flip,expired,4,4,pivot|repeated_pivot|role_flip|volume_profile,pivot:2023-12-15T14:30:00Z|pivot:2024-01-03T15:00:00Z|volume:POC:2024-01-04:468.923542,2,4766,True,,4789,2,4,2024-01-08T16:00:00Z,2024-01-08T15:30:00Z,2024-02-06T21:00:00Z
802,demand,demand,468.44,468.68,2023-12-15T18:00:00Z,2023-12-18T15:30:00Z,,,,,,expired,1,1,pivot,pivot:2023-12-15T18:00:00Z,1,4692,False,,-1,0,0,,2023-12-20T21:00:00Z,2023-12-29T20:00:00Z
803,supply,demand,474.07,474.48,2023-12-19T16:00:00Z,2023-12-19T20:00:00Z,,,,,,expired,3,3,pivot|role_flip|volume_profile,pivot:2023-12-19T16:00:00Z|volume:POC:2023-12-22:474.076667,1,4704,True,,4842,1,9,2024-01-18T20:00:00Z,2024-01-16T21:00:00Z,2024-02-09T16:00:00Z
804,supply,demand,475.1838938787722,475.9,2023-12-20T17:00:00Z,2023-12-20T20:00:00Z,,,,,,expired,4,4,order_block|pivot|role_flip|volume_profile,order_block:2023-12-20T17:00:00Z|structure_break:2023-12-20T19:00:00Z|pivot:2023-12-20T17:00:00Z|structure_break:2023-12-20T20:00:00Z|volume:POC:2023-12-27:475.516875,1,4712,True,,4843,5,5,2024-01-18T21:00:00Z,2024-01-16T16:00:00Z,2024-02-12T16:00:00Z
807,demand,supply,467.82,468.3,2023-12-20T20:00:00Z,2023-12-21T17:00:00Z,2024-01-04T18:00:00Z,467.82,468.3,2,pivot|repeated_pivot,expired,4,4,pivot|repeated_pivot|role_flip|volume_profile,pivot:2023-12-20T20:00:00Z|pivot:2024-01-04T14:30:00Z|volume:POC:2024-01-05:468.184375,2,4772,False,,4784,1,1,2024-01-05T18:00:00Z,2024-01-08T15:30:00Z,2024-01-16T21:00:00Z
808,supply,demand,474.91,475.38,2023-12-22T14:30:00Z,2023-12-22T18:00:00Z,,,,,,expired,3,3,pivot|role_flip|volume_profile,pivot:2023-12-22T14:30:00Z|volume:POC:2023-12-26:475.123125,1,4723,False,,4738,2,1,2023-12-29T16:00:00Z,2023-12-29T17:00:00Z,2024-01-09T16:00:00Z
809,demand,demand,471.7,472.50627305829903,2023-12-22T19:00:00Z,2023-12-26T16:00:00Z,,,,,,expired,1,1,pivot,pivot:2023-12-22T19:00:00Z,1,4728,False,,4762,1,0,2024-01-02T15:30:00Z,2024-01-02T20:00:00Z,2024-01-10T19:00:00Z
810,supply,demand,475.9391707945121,476.58,2023-12-26T20:00:00Z,2023-12-27T17:00:00Z,,,,,,expired,2,2,pivot|role_flip,pivot:2023-12-26T20:00:00Z,1,4736,False,,4750,0,1,2023-12-28T19:00:00Z,2023-12-29T16:00:00Z,2024-01-09T15:30:00Z
811,demand,demand,474.89,475.497892922155,2023-12-27T19:00:00Z,2023-12-28T16:00:00Z,,,,,,expired,1,1,pivot,pivot:2023-12-27T19:00:00Z,1,4742,False,,-1,1,0,2023-12-29T16:00:00Z,2023-12-29T17:00:00Z,2024-01-09T16:00:00Z
812,supply,demand,477.27,477.55,2023-12-28T18:00:00Z,2023-12-29T15:30:00Z,,,,,,expired,2,2,pivot|role_flip,pivot:2023-12-28T18:00:00Z,1,4748,True,,4845,2,1,2024-01-19T16:00:00Z,2024-01-19T15:30:00Z,2024-02-20T18:00:00Z
813,demand,supply,473.3,473.9128239989641,2023-12-29T17:00:00Z,2023-12-29T21:00:00Z,,,,,,expired,3,3,pivot|role_flip|volume_profile,pivot:2023-12-29T17:00:00Z|volume:POC:2024-01-09:473.811250,1,4754,False,,4840,2,3,2024-01-18T18:00:00Z,2024-01-18T20:00:00Z,2024-01-26T19:00:00Z
814,demand,demand,471.3,471.68,2024-01-02T15:00:00Z,2024-01-02T19:00:00Z,,,,,,expired,1,1,pivot,pivot:2024-01-02T15:00:00Z,1,4759,False,,-1,0,0,,2024-01-02T20:00:00Z,2024-01-10T19:00:00Z
816,supply,demand,470.35584659034504,471.19,2024-01-03T19:00:00Z,2024-01-04T16:00:00Z,,,,,,expired,2,2,pivot|role_flip,pivot:2024-01-03T19:00:00Z,1,4770,True,,4830,1,1,2024-01-17T15:30:00Z,2024-01-08T18:00:00Z,2024-02-23T19:00:00Z
818,demand,demand,467.05,467.27,2024-01-04T20:00:00Z,2024-01-05T17:00:00Z,,,,,,expired,1,1,pivot,pivot:2024-01-04T20:00:00Z,1,4778,False,,-1,0,0,,2024-01-05T20:00:00Z,2024-01-16T19:00:00Z
819,supply,supply,470.14,470.44,2024-01-05T16:00:00Z,2024-01-05T20:00:00Z,,,,,,expired,1,1,pivot,pivot:2024-01-05T16:00:00Z,1,4781,False,,-1,1,0,2024-01-08T16:00:00Z,2024-01-08T17:00:00Z,2024-01-17T16:00:00Z
820,demand,demand,466.43,466.82,2024-01-05T20:00:00Z,2024-01-08T17:00:00Z,,,,,,expired,1,1,pivot,pivot:2024-01-05T20:00:00Z,1,4785,True,,-1,0,0,,,2024-02-27T20:00:00Z
821,supply,demand,474.5507462880021,474.75,2024-01-08T20:00:00Z,2024-01-09T17:00:00Z,,,,,,expired,2,2,pivot|role_flip,pivot:2024-01-08T20:00:00Z,1,4792,True,,4842,1,5,2024-01-18T20:00:00Z,2024-01-16T21:00:00Z,2024-02-28T20:00:00Z
822,supply,demand,477.58,478.12,2024-01-11T14:30:00Z,2024-01-11T18:00:00Z,,,,,,expired,2,2,pivot|role_flip,pivot:2024-01-11T14:30:00Z,1,4807,True,,4846,2,1,2024-01-19T17:00:00Z,2024-01-19T16:00:00Z,2024-03-01T21:00:00Z
823,demand,demand,472.26,472.61,2024-01-11T16:00:00Z,2024-01-11T20:00:00Z,,,,,,expired,2,2,pivot|role_flip,pivot:2024-01-11T16:00:00Z,1,4809,True,,4841,0,2,2024-01-18T19:00:00Z,2024-01-18T15:30:00Z,2024-03-04T16:00:00Z
824,supply,demand,477.84,478.6,2024-01-12T14:30:00Z,2024-01-12T18:00:00Z,,,,,,expired,2,2,pivot|role_flip,pivot:2024-01-12T14:30:00Z,1,4814,True,,4847,1,1,2024-01-19T18:00:00Z,2024-01-19T17:00:00Z,2024-03-04T21:00:00Z
825,demand,supply,473.47,474.4280368849257,2024-01-16T14:30:00Z,2024-01-16T18:00:00Z,,,,,,expired,3,3,pivot|role_flip|volume_profile,pivot:2024-01-16T14:30:00Z|volume:POC:2024-01-16:474.169375,1,4821,False,,4840,0,1,2024-01-18T18:00:00Z,2024-01-18T20:00:00Z,2024-01-26T19:00:00Z
826,demand,demand,469.87,470.66,2024-01-17T18:00:00Z,2024-01-18T15:30:00Z,,,,,,expired,1,1,pivot,pivot:2024-01-17T18:00:00Z,1,4832,True,,-1,0,0,,,2024-03-07T18:00:00Z
827,supply,supply,485.01,485.32,2024-01-22T15:00:00Z,2024-01-22T19:00:00Z,2024-01-25T17:00:00Z,485.01,485.32,3,pivot|repeated_pivot|role_flip,expired,3,3,pivot|repeated_pivot|role_flip,pivot:2024-01-22T15:00:00Z|pivot:2024-01-24T20:00:00Z,2,4869,False,,4908,1,2,2024-02-01T16:00:00Z,2024-02-01T17:00:00Z,2024-02-09T16:00:00Z
828,supply,supply,484.02,484.38,2024-01-23T14:30:00Z,2024-01-23T18:00:00Z,,,,,,expired,1,1,pivot,pivot:2024-01-23T14:30:00Z,1,4856,False,,-1,0,0,,2024-01-23T21:00:00Z,2024-01-31T20:00:00Z
829,supply,supply,488.5991113862579,488.77,2024-01-24T17:00:00Z,2024-01-24T21:00:00Z,,,,,,expired,2,2,pivot|role_flip,pivot:2024-01-24T17:00:00Z,1,4866,False,,4905,0,2,2024-01-31T20:00:00Z,2024-02-01T21:00:00Z,2024-02-09T20:00:00Z
831,demand,supply,485.39,485.95,2024-01-25T19:00:00Z,2024-01-26T16:00:00Z,,,,,,expired,2,2,pivot|role_flip,pivot:2024-01-25T19:00:00Z,1,4875,False,,4907,1,1,2024-02-01T15:30:00Z,2024-02-01T18:00:00Z,2024-02-09T17:00:00Z
832,supply,demand,488.94461265586466,489.12,2024-01-26T16:00:00Z,2024-01-26T20:00:00Z,,,,,,expired,2,2,pivot|role_flip,pivot:2024-01-26T16:00:00Z,1,4879,True,,4913,1,1,2024-02-01T21:00:00Z,2024-01-29T21:00:00Z,2024-03-18T15:00:00Z
833,demand,supply,487.18,487.84237584609843,2024-01-29T15:00:00Z,2024-01-29T21:00:00Z,,,,,,expired,2,2,order_block|role_flip,order_block:2024-01-29T15:00:00Z|structure_break:2024-01-29T20:00:00Z|order_block:2024-01-31T18:00:00Z|structure_break:2024-01-31T20:00:00Z,0,,False,,4902,2,1,2024-02-01T18:00:00Z,2024-02-01T20:00:00Z,2024-02-09T19:00:00Z
834,supply,demand,491.38,491.62,2024-01-30T20:00:00Z,2024-01-31T17:00:00Z,,,,,,expired,2,2,pivot|role_flip,pivot:2024-01-30T20:00:00Z,1,4897,True,,4969,1,1,2024-02-13T20:00:00Z,2024-02-02T16:00:00Z,2024-03-20T19:00:00Z
836,demand,demand,482.89,483.09660501393745,2024-01-31T20:00:00Z,2024-02-01T17:00:00Z,,,,,,expired,1,1,pivot,pivot:2024-01-31T20:00:00Z,1,4904,True,,-1,0,0,,,2024-03-21T19:00:00Z
837,supply,supply,495.68,496.05,2024-02-02T20:00:00Z,2024-02-05T17:00:00Z,,,,,,expired,3,3,pivot|role_flip|volume_profile,pivot:2024-02-02T20:00:00Z|volume:POC:2024-02-20:495.687500,1,4918,False,,4999,1,4,2024-02-21T16:00:00Z,2024-02-21T21:00:00Z,2024-02-29T20:00:00Z
838,demand,demand,490.23,490.86,2024-02-05T15:00:00Z,2024-02-05T19:00:00Z,,,,,,expired,1,1,pivot,pivot:2024-02-05T15:00:00Z,1,4920,True,,-1,1,0,2024-02-13T21:00:00Z,,2024-03-26T14:30:00Z
839,supply,demand,493.52,494.32,2024-02-06T14:30:00Z,2024-02-06T18:00:00Z,,,,,,expired,2,2,pivot|role_flip,pivot:2024-02-06T14:30:00Z,1,4926,False,,4964,0,1,2024-02-13T16:00:00Z,2024-02-13T20:00:00Z,2024-02-22T19:00:00Z
840,supply,demand,498.33,498.53,2024-02-07T20:00:00Z,2024-02-08T17:00:00Z,,,,,,expired,2,2,pivot|role_flip,pivot:2024-02-07T20:00:00Z,1,4939,False,,4976,1,1,2024-02-14T21:00:00Z,2024-02-20T15:30:00Z,2024-02-27T21:00:00Z
841,supply,supply,503.3,503.5,2024-02-12T16:00:00Z,2024-02-12T20:00:00Z,,,,,,expired,1,1,pivot,pivot:2024-02-12T16:00:00Z,1,4956,False,,-1,0,0,,2024-02-22T15:30:00Z,2024-02-29T21:00:00Z
842,demand,demand,493.22,493.83,2024-02-13T15:00:00Z,2024-02-13T19:00:00Z,,,,,,expired,1,1,pivot,pivot:2024-02-13T15:00:00Z,1,4962,False,,-1,0,0,,2024-02-13T20:00:00Z,2024-02-22T19:00:00Z
843,supply,demand,495.05405662184893,495.85,2024-02-13T16:00:00Z,2024-02-13T20:00:00Z,,,,,,expired,3,3,order_block|role_flip|volume_profile,order_block:2024-02-13T16:00:00Z|structure_break:2024-02-13T19:00:00Z|volume:POC:2024-02-20:495.687500,0,,False,,4995,1,1,2024-02-20T16:00:00Z,2024-02-21T20:00:00Z,2024-02-29T19:00:00Z
844,demand,demand,490.71,491.39,2024-02-13T20:00:00Z,2024-02-14T17:00:00Z,,,,,,expired,1,1,pivot,pivot:2024-02-13T20:00:00Z,1,4967,True,,-1,0,0,,,2024-03-27T16:00:00Z
845,supply,supply,496.99908616490245,497.99,2024-02-14T15:00:00Z,2024-02-14T19:00:00Z,,,,,,expired,1,1,pivot,pivot:2024-02-14T15:00:00Z,1,4969,False,,-1,0,0,,2024-02-14T21:00:00Z,2024-02-23T20:00:00Z
846,supply,supply,501.84,502.2,2024-02-15T19:00:00Z,2024-02-16T16:00:00Z,,,,,,expired,1,1,pivot,pivot:2024-02-15T19:00:00Z,1,4980,False,,-1,0,0,,2024-02-16T19:00:00Z,2024-02-27T18:00:00Z
847,demand,demand,498.75,499.65,2024-02-16T15:00:00Z,2024-02-16T19:00:00Z,,,,,,expired,1,1,pivot,pivot:2024-02-16T15:00:00Z,1,4983,False,,-1,1,0,2024-02-16T21:00:00Z,2024-02-20T15:30:00Z,2024-02-27T21:00:00Z
848,supply,supply,502.37,502.87,2024-02-16T19:00:00Z,2024-02-20T16:00:00Z,,,,,,expired,1,1,pivot,pivot:2024-02-16T19:00:00Z,1,4987,False,,-1,0,0,,2024-02-22T15:30:00Z,2024-02-29T21:00:00Z
849,demand,demand,494.45,495.400506444084,2024-02-20T17:00:00Z,2024-02-20T21:00:00Z,,,,,,expired,2,2,pivot|volume_profile,pivot:2024-02-20T17:00:00Z|volume:POC:2024-02-21:495.226875,1,4992,True,,-1,0,0,,,2024-04-10T16:00:00Z
850,demand,demand,493.9,494.79991698711245,2024-02-21T19:00:00Z,2024-02-21T21:00:00Z,,,,,,expired,1,1,order_block,order_block:2024-02-21T19:00:00Z|structure_break:2024-02-21T20:00:00Z,0,,True,,-1,0,0,,,2024-04-01T17:00:00Z
851,demand,demand,493.56,494.6,2024-02-21T20:00:00Z,2024-02-22T17:00:00Z,,,,,,expired,1,1,pivot,pivot:2024-02-21T20:00:00Z,1,5002,True,,-1,0,0,,,2024-04-09T18:00:00Z
852,supply,demand,509.74,510.13,2024-02-23T14:30:00Z,2024-02-23T18:00:00Z,,,,,,expired,2,2,pivot|role_flip,pivot:2024-02-23T14:30:00Z,1,5010,False,,5118,2,3,2024-03-15T14:30:00Z,2024-03-15T17:00:00Z,2024-03-25T16:00:00Z
853,demand,demand,504.75,505.05,2024-02-27T18:00:00Z,2024-02-28T15:30:00Z,,,,,,expired,1,1,pivot,pivot:2024-02-27T18:00:00Z,1,5028,True,,5069,1,0,2024-03-05T21:00:00Z,,2024-04-11T14:30:00Z
854,supply,supply,506.87,507.16,2024-02-27T20:00:00Z,2024-02-28T17:00:00Z,,,,,,expired,2,2,pivot|role_flip,pivot:2024-02-27T20:00:00Z,1,5030,False,,5065,0,2,2024-03-05T19:00:00Z,2024-03-06T15:30:00Z,2024-03-13T20:00:00Z
855,supply,demand,508.49,509.43,2024-02-29T14:30:00Z,2024-02-29T18:00:00Z,2024-03-11T18:00:00Z,508.49,509.43,3,pivot|repeated_pivot|role_flip,expired,3,3,pivot|repeated_pivot|role_flip,pivot:2024-02-29T14:30:00Z|pivot:2024-03-11T14:00:00Z|pivot:2024-04-12T19:00:00Z,3,5254,False,,5256,5,3,2024-04-12T18:00:00Z,2024-04-15T18:00:00Z,2024-04-23T17:00:00Z
856,supply,supply,513.1,513.29,2024-03-01T19:00:00Z,2024-03-04T16:00:00Z,,,,,,expired,2,2,pivot|role_flip,pivot:2024-03-01T19:00:00Z,1,5050,False,,5130,2,4,2024-03-18T20:00:00Z,2024-03-19T17:00:00Z,2024-03-27T16:00:00Z
857,supply,supply,513.82,514.2,2024-03-04T20:00:00Z,2024-03-05T17:00:00Z,,,,,,expired,3,3,pivot|role_flip|volume_profile,pivot:2024-03-04T20:00:00Z|volume:POC:2024-03-14:514.143125,1,5058,False,,5127,2,4,2024-03-18T17:00:00Z,2024-03-19T17:00:00Z,2024-03-27T16:00:00Z
858,demand,demand,504.91,505.73,2024-03-05T20:00:00Z,2024-03-06T17:00:00Z,,,,,,expired,1,1,pivot,pivot:2024-03-05T20:00:00Z,1,5065,True,,-1,0,0,,,2024-04-11T20:00:00Z
859,supply,demand,511.33,512.07,2024-03-06T17:00:00Z,2024-03-06T21:00:00Z,,,,,,expired,2,2,pivot|role_flip,pivot:2024-03-06T17:00:00Z,1,5069,False,,5259,1,7,2024-04-15T16:00:00Z,2024-04-15T17:00:00Z,2024-04-23T16:00:00Z
860,demand,supply,514.07,515.3,2024-03-07T20:00:00Z,2024-03-08T15:30:00Z,,,,,,expired,4,4,order_block|pivot|role_flip|volume_profile,order_block:2024-03-07T20:00:00Z|structure_break:2024-03-08T14:30:00Z|volume:POC:2024-03-07:514.730625|pivot:2024-04-15T13:30:00Z,1,5255,True,,5258,3,7,2024-04-15T15:00:00Z,2024-04-12T15:00:00Z,2024-04-26T17:00:00Z
861,supply,supply,517.76,518.23,2024-03-08T15:00:00Z,2024-03-08T19:00:00Z,,,,,,expired,1,1,pivot,pivot:2024-03-08T15:00:00Z,1,5081,False,,-1,0,0,,2024-03-20T19:00:00Z,2024-03-28T18:00:00Z
863,demand,demand,510.86,511.87752844202856,2024-03-12T13:30:00Z,2024-03-12T15:00:00Z,,,,,,expired,2,2,order_block|role_flip,order_block:2024-03-12T13:30:00Z|structure_break:2024-03-12T14:00:00Z,0,,False,,5259,1,4,2024-04-15T16:00:00Z,2024-04-15T17:00:00Z,2024-04-23T16:00:00Z
864,supply,supply,516.81,517.38,2024-03-12T19:00:00Z,2024-03-13T16:00:00Z,,,,,,expired,1,1,pivot,pivot:2024-03-12T19:00:00Z,1,5100,False,,5108,1,0,2024-03-13T18:00:00Z,2024-03-20T19:00:00Z,2024-03-28T18:00:00Z
865,demand,demand,508.36,508.58804279549867,2024-03-15T16:00:00Z,2024-03-15T20:00:00Z,,,,,,expired,1,1,pivot,pivot:2024-03-15T16:00:00Z,1,5118,False,,-1,0,0,,2024-04-15T18:00:00Z,2024-04-23T17:00:00Z
866,supply,supply,515.14,515.48,2024-03-18T14:00:00Z,2024-03-18T18:00:00Z,,,,,,expired,2,2,pivot|role_flip,pivot:2024-03-18T14:00:00Z,1,5123,False,,5237,2,2,2024-04-11T16:00:00Z,2024-04-11T18:00:00Z,2024-04-19T17:00:00Z
867,demand,demand,511.12,511.69,2024-03-19T13:30:00Z,2024-03-19T17:00:00Z,,,,,,expired,2,2,pivot|role_flip,pivot:2024-03-19T13:30:00Z,1,5129,False,,5259,0,2,2024-04-15T16:00:00Z,2024-04-15T17:00:00Z,2024-04-23T16:00:00Z
868,supply,supply,515.87,516.44,2024-03-20T14:00:00Z,2024-03-20T18:00:00Z,,,,,,expired,1,1,pivot,pivot:2024-03-20T14:00:00Z,1,5137,False,,-1,0,0,,2024-03-20T19:00:00Z,2024-03-28T18:00:00Z
869,demand,supply,515.08,515.8934955928285,2024-03-20T17:00:00Z,2024-03-20T19:00:00Z,,,,,,expired,4,4,order_block|pivot|role_flip|volume_profile,order_block:2024-03-20T17:00:00Z|structure_break:2024-03-20T18:00:00Z|volume:POC:2024-03-20:515.657083|pivot:2024-04-11T13:30:00Z,1,5241,False,,5237,2,1,2024-04-11T16:00:00Z,2024-04-11T18:00:00Z,2024-04-19T17:00:00Z
870,supply,supply,523.27,524.11,2024-03-21T16:00:00Z,2024-03-21T20:00:00Z,2024-04-04T20:00:00Z,523.27,524.11,3,order_block|pivot|repeated_pivot,expired,3,3,order_block|pivot|repeated_pivot,pivot:2024-03-21T16:00:00Z|order_block:2024-04-04T16:00:00Z|structure_break:2024-04-04T18:00:00Z|pivot:2024-04-04T16:00:00Z|structure_break:2024-04-04T19:00:00Z,2,5209,True,,5212,2,0,2024-04-04T17:00:00Z,,2024-05-10T16:00:00Z
871,demand,demand,520.97,521.6725679454586,2024-03-22T16:00:00Z,2024-03-22T20:00:00Z,,,,,,expired,2,2,pivot|role_flip,pivot:2024-03-22T16:00:00Z,1,5153,False,,5397,1,4,2024-05-13T14:30:00Z,2024-05-10T14:30:00Z,2024-05-13T16:00:00Z
872,supply,demand,522.4575020599824,522.61,2024-03-22T18:00:00Z,2024-03-25T15:00:00Z,,,,,,expired,2,2,pivot|role_flip,pivot:2024-03-22T18:00:00Z,1,5155,False,,5208,0,1,2024-04-04T14:30:00Z,2024-04-04T18:00:00Z,2024-04-12T17:00:00Z
873,demand,demand,519.61,519.81,2024-03-25T13:30:00Z,2024-03-25T17:00:00Z,2024-03-26T16:00:00Z,519.61,519.81,2,pivot|repeated_pivot,expired,3,3,pivot|repeated_pivot|role_flip,pivot:2024-03-25T13:30:00Z|pivot:2024-03-25T19:00:00Z,2,5163,False,,5402,3,6,2024-05-13T18:00:00Z,2024-05-09T19:00:00Z,2024-05-13T20:00:00Z
875,supply,demand,521.3,521.78,2024-03-26T14:00:00Z,2024-03-26T18:00:00Z,2024-03-27T17:00:00Z,521.3,521.78,2,pivot|repeated_pivot,expired,3,3,pivot|repeated_pivot|role_flip,pivot:2024-03-26T14:00:00Z|pivot:2024-03-27T13:30:00Z,2,5171,False,,5409,1,3,2024-05-14T19:00:00Z,2024-05-10T14:30:00Z,2024-05-15T14:30:00Z
876,supply,supply,520.66,521.110124092093,2024-03-26T18:00:00Z,2024-03-26T20:00:00Z,2024-04-03T19:00:00Z,520.66,521.110124092093,5,order_block|pivot|repeated_pivot|role_flip|volume_profile,expired,5,5,order_block|pivot|repeated_pivot|role_flip|volume_profile,order_block:2024-03-26T18:00:00Z|structure_break:2024-03-26T19:00:00Z|volume:POC:2024-03-26:520.851250|pivot:2024-04-01T16:00:00Z|pivot:2024-04-03T15:00:00Z,2,5201,False,,5203,1,2,2024-04-03T16:00:00Z,2024-04-04T14:30:00Z,2024-04-11T20:00:00Z
877,demand,demand,517.89,518.66,2024-03-26T19:00:00Z,2024-03-27T16:00:00Z,2024-05-08T14:30:00Z,517.89,518.66,3,pivot|repeated_pivot|role_flip,expired,3,3,pivot|repeated_pivot|role_flip,pivot:2024-03-26T19:00:00Z|pivot:2024-05-07T17:00:00Z,2,5371,True,,5386,1,6,2024-05-09T17:00:00Z,2024-05-09T15:00:00Z,2024-05-15T19:00:00Z
879,demand,demand,519.73,520.31,2024-03-27T17:00:00Z,2024-03-27T20:00:00Z,,,,,,expired,3,3,order_block|role_flip|volume_profile,order_block:2024-03-27T17:00:00Z|structure_break:2024-03-27T19:00:00Z|volume:POC:2024-03-27:520.022500,0,,True,,5402,2,4,2024-05-13T18:00:00Z,2024-05-10T14:30:00Z,2024-05-16T16:00:00Z
880,supply,supply,524.14,524.61,2024-03-28T19:00:00Z,2024-04-01T16:00:00Z,,,,,,expired,1,1,pivot,pivot:2024-03-28T19:00:00Z,1,5184,True,,-1,0,0,,,2024-05-02T18:00:00Z
882,demand,demand,516.48,516.97,2024-04-02T14:00:00Z,2024-04-02T18:00:00Z,,,,,,expired,2,2,pivot|role_flip,pivot:2024-04-02T14:00:00Z,1,5193,False,,5247,0,2,2024-04-11T18:00:00Z,2024-04-12T14:30:00Z,2024-04-19T20:00:00Z
884,demand,demand,517.77,518.5629505780781,2024-04-03T19:00:00Z,2024-04-04T16:00:00Z,,,,,,expired,3,3,pivot|role_flip|volume_profile,pivot:2024-04-03T19:00:00Z|volume:POC:2024-04-11:518.092500,1,5205,False,,5248,0,2,2024-04-11T19:00:00Z,2024-04-12T14:30:00Z,2024-04-19T20:00:00Z
888,demand,supply,512.67,513.48,2024-04-04T19:00:00Z,2024-04-05T16:00:00Z,2024-04-10T17:00:00Z,512.67,513.48,2,pivot|repeated_pivot,expired,4,4,pivot|repeated_pivot|role_flip|volume_profile,pivot:2024-04-04T19:00:00Z|pivot:2024-04-10T13:30:00Z|volume:POC:2024-04-10:513.361875,2,5234,False,,5253,2,1,2024-04-12T17:00:00Z,2024-04-15T14:30:00Z,2024-04-22T20:00:00Z
889,supply,supply,518.69,519.48,2024-04-08T16:00:00Z,2024-04-09T15:00:00Z,2024-04-12T15:00:00Z,518.69,519.48,3,order_block|pivot|repeated_pivot,expired,3,3,order_block|pivot|repeated_pivot,order_block:2024-04-08T16:00:00Z|structure_break:2024-04-09T14:00:00Z|pivot:2024-04-09T19:00:00Z|pivot:2024-04-11T18:00:00Z,2,5246,False,,5385,3,0,2024-05-09T15:00:00Z,2024-05-09T19:00:00Z,2024-05-17T18:00:00Z
890,supply,supply,520.5,520.75,2024-04-09T13:30:00Z,2024-04-09T17:00:00Z,,,,,,expired,1,1,pivot,pivot:2024-04-09T13:30:00Z,1,5227,True,,-1,0,0,,,2024-05-02T18:00:00Z
891,demand,supply,514.35,515.411566864768,2024-04-09T14:00:00Z,2024-04-09T18:00:00Z,,,,,,expired,2,2,pivot|role_flip,pivot:2024-04-09T14:00:00Z,1,5228,False,,5238,0,1,2024-04-10T16:00:00Z,2024-04-11T18:00:00Z,2024-04-19T17:00:00Z
894,demand,supply,512.09,513.3383830658973,2024-04-10T17:00:00Z,2024-04-11T14:30:00Z,,,,,,expired,2,2,pivot|role_flip,pivot:2024-04-10T17:00:00Z,1,5238,False,,5258,2,1,2024-05-03T15:00:00Z,2024-05-06T14:30:00Z,2024-05-13T20:00:00Z
896,demand,supply,512.08,513.22,2024-04-11T14:00:00Z,2024-04-11T18:00:00Z,,,,,,expired,2,2,pivot|role_flip,pivot:2024-04-11T14:00:00Z,1,5242,False,,5258,2,1,2024-05-03T15:00:00Z,2024-05-06T14:30:00Z,2024-05-13T20:00:00Z
900,supply,supply,511.2234101292788,512.6,2024-04-15T15:00:00Z,2024-04-15T18:00:00Z,,,,,,expired,2,2,order_block|volume_profile,order_block:2024-04-15T15:00:00Z|structure_break:2024-04-15T17:00:00Z|volume:POC:2024-05-03:511.303125,0,,False,,5356,1,0,2024-05-03T14:30:00Z,2024-05-06T14:30:00Z,2024-05-13T20:00:00Z
901,demand,demand,502.21,503.6714755361143,2024-04-16T17:00:00Z,2024-04-17T14:30:00Z,,,,,,expired,3,3,pivot|role_flip|volume_profile,pivot:2024-04-16T17:00:00Z|volume:POC:2024-04-16:503.550625,1,5266,True,,5352,1,4,2024-05-02T18:00:00Z,2024-05-01T19:00:00Z,2024-06-05T17:00:00Z
902,supply,supply,505.8,506.5,2024-04-16T18:00:00Z,2024-04-17T15:00:00Z,,,,,,expired,2,2,pivot|role_flip,pivot:2024-04-16T18:00:00Z,1,5267,False,,5339,2,2,2024-04-30T19:00:00Z,2024-05-01T19:00:00Z,2024-05-09T18:00:00Z
903,demand,demand,499.12,500.24,2024-04-17T16:00:00Z,2024-04-17T20:00:00Z,2024-05-01T20:00:00Z,499.12,500.24,3,pivot|repeated_pivot|role_flip,expired,3,3,pivot|repeated_pivot|role_flip,pivot:2024-04-17T16:00:00Z|pivot:2024-05-01T16:00:00Z,2,5342,True,,5345,2,2,2024-05-01T17:00:00Z,2024-04-22T18:00:00Z,2024-06-06T16:00:00Z
904,supply,demand,503.13,504.13,2024-04-18T15:00:00Z,2024-04-18T19:00:00Z,2024-04-24T20:00:00Z,503.13,504.13,3,pivot|repeated_pivot|role_flip,expired,4,4,pivot|repeated_pivot|role_flip|volume_profile,pivot:2024-04-18T15:00:00Z|pivot:2024-04-24T16:00:00Z|volume:POC:2024-05-02:503.908750,2,5307,True,,5354,2,5,2024-05-02T20:00:00Z,2024-05-02T19:00:00Z,2024-06-07T15:00:00Z
905,demand,demand,493.86,494.91,2024-04-19T19:00:00Z,2024-04-22T16:00:00Z,,,,,,expired,1,1,pivot,pivot:2024-04-19T19:00:00Z,1,5289,True,,-1,0,0,,,2024-05-28T19:00:00Z
906,demand,demand,495.95,497.16218332690113,2024-04-22T14:00:00Z,2024-04-22T18:00:00Z,,,,,,expired,1,1,order_block,order_block:2024-04-22T14:00:00Z|structure_break:2024-04-22T17:00:00Z,0,,True,,-1,0,0,,,2024-06-03T19:00:00Z
907,supply,supply,506.56,507.37,2024-04-24T13:30:00Z,2024-04-24T17:00:00Z,,,,,,expired,2,2,pivot|role_flip,pivot:2024-04-24T13:30:00Z,1,5304,False,,5347,0,2,2024-05-01T20:00:00Z,2024-05-03T14:30:00Z,2024-05-10T20:00:00Z
909,demand,demand,497.49,498.2,2024-04-25T14:00:00Z,2024-04-25T18:00:00Z,,,,,,expired,1,1,pivot,pivot:2024-04-25T14:00:00Z,1,5312,True,,-1,0,0,,,2024-06-14T14:30:00Z
910,supply,demand,510.08,510.75,2024-04-29T13:30:00Z,2024-04-29T17:00:00Z,,,,,,expired,2,2,pivot|role_flip,pivot:2024-04-29T13:30:00Z,1,5325,True,,5359,0,1,2024-05-03T18:00:00Z,2024-05-03T14:30:00Z,2024-06-17T20:00:00Z
911,supply,supply,505.3,506.27,2024-04-30T17:00:00Z,2024-04-30T20:00:00Z,,,,,,expired,1,1,order_block,order_block:2024-04-30T17:00:00Z|structure_break:2024-04-30T19:00:00Z,0,,False,,-1,0,0,,2024-05-01T19:00:00Z,2024-05-09T18:00:00Z
913,supply,supply,507.35,508.19,2024-05-01T19:00:00Z,2024-05-02T16:00:00Z,,,,,,expired,1,1,pivot,pivot:2024-05-01T19:00:00Z,1,5345,False,,-1,0,0,,2024-05-03T14:30:00Z,2024-05-10T20:00:00Z
914,demand,demand,499.55,500.96430119256974,2024-05-02T14:00:00Z,2024-05-02T18:00:00Z,,,,,,expired,2,2,pivot|volume_profile,pivot:2024-05-02T14:00:00Z|volume:POC:2024-05-01:500.727708,1,5347,True,,-1,0,0,,,2024-06-24T14:30:00Z
915,supply,supply,511.59,512.55,2024-05-03T14:00:00Z,2024-05-03T18:00:00Z,,,,,,expired,1,1,pivot,pivot:2024-05-03T14:00:00Z,1,5354,False,,-1,0,0,,2024-05-06T14:30:00Z,2024-05-13T20:00:00Z
917,demand,demand,515.14,515.3237033822111,2024-05-08T13:30:00Z,2024-05-08T17:00:00Z,,,,,,expired,1,1,pivot,pivot:2024-05-08T13:30:00Z,1,5374,True,,-1,0,0,,,2024-06-21T15:00:00Z
918,supply,supply,522.42,522.67,2024-05-10T13:30:00Z,2024-05-10T17:00:00Z,2024-05-13T17:00:00Z,522.42,522.67,2,pivot|repeated_pivot,expired,2,2,pivot|repeated_pivot,pivot:2024-05-10T13:30:00Z|pivot:2024-05-13T13:30:00Z,2,5395,False,,5398,1,0,2024-05-13T14:30:00Z,2024-05-14T19:00:00Z,2024-05-22T18:00:00Z
920,demand,demand,519.74,520.344094469988,2024-05-13T17:00:00Z,2024-05-14T14:30:00Z,,,,,,expired,1,1,pivot,pivot:2024-05-13T17:00:00Z,1,5399,False,,-1,1,0,2024-05-31T15:00:00Z,2024-05-31T17:00:00Z,2024-06-10T16:00:00Z
921,supply,supply,521.8064164239554,522.41,2024-05-14T14:00:00Z,2024-05-14T18:00:00Z,,,,,,expired,1,1,pivot,pivot:2024-05-14T14:00:00Z,1,5403,False,,-1,0,0,,2024-05-14T19:00:00Z,2024-05-22T18:00:00Z
922,demand,demand,520.68,521.1,2024-05-14T16:00:00Z,2024-05-14T19:00:00Z,,,,,,expired,1,1,order_block,order_block:2024-05-14T16:00:00Z|structure_break:2024-05-14T18:00:00Z,0,,False,,-1,1,0,2024-05-31T15:00:00Z,2024-05-31T16:00:00Z,2024-06-10T15:00:00Z
923,supply,supply,531.23,531.57,2024-05-16T15:00:00Z,2024-05-16T19:00:00Z,2024-05-20T19:00:00Z,531.23,531.57,2,pivot|repeated_pivot,expired,2,2,pivot|repeated_pivot,pivot:2024-05-16T15:00:00Z|pivot:2024-05-20T15:00:00Z|pivot:2024-05-21T19:00:00Z,3,5443,False,,5456,4,0,2024-05-23T16:00:00Z,2024-06-05T16:00:00Z,2024-06-13T15:00:00Z
924,demand,demand,528.48,528.78,2024-05-17T17:00:00Z,2024-05-20T14:30:00Z,,,,,,expired,3,3,order_block|role_flip|volume_profile,order_block:2024-05-17T17:00:00Z|structure_break:2024-05-20T13:30:00Z|volume:POC:2024-05-17:528.649167,0,,True,,5510,1,2,2024-06-05T15:00:00Z,2024-05-28T20:00:00Z,2024-07-10T20:00:00Z
925,demand,demand,527.32,527.9501321579944,2024-05-17T18:00:00Z,2024-05-20T15:00:00Z,,,,,,expired,2,2,pivot|role_flip,pivot:2024-05-17T18:00:00Z,1,5428,True,,5508,2,4,2024-06-04T20:00:00Z,2024-06-04T19:00:00Z,2024-07-11T14:30:00Z
927,demand,demand,529.07,529.28,2024-05-21T13:30:00Z,2024-05-21T17:00:00Z,,,,,,expired,3,3,pivot|role_flip|volume_profile,pivot:2024-05-21T13:30:00Z|volume:POC:2024-05-24:529.210625,1,5437,True,,5510,0,4,2024-06-05T15:00:00Z,2024-05-28T20:00:00Z,2024-07-12T16:00:00Z
929,supply,supply,530.6763564440711,531.49,2024-05-22T16:00:00Z,2024-05-22T19:00:00Z,,,,,,expired,2,2,order_block|volume_profile,order_block:2024-05-22T16:00:00Z|structure_break:2024-05-22T18:00:00Z|volume:POC:2024-05-22:530.828750|order_block:2024-05-23T15:00:00Z|structure_break:2024-05-23T17:00:00Z,0,,False,,5454,2,0,2024-06-05T14:30:00Z,2024-06-05T16:00:00Z,2024-06-13T15:00:00Z
930,demand,supply,527.6,528.3655453842586,2024-05-22T18:00:00Z,2024-05-23T15:00:00Z,,,,,,expired,2,2,pivot|role_flip,pivot:2024-05-22T18:00:00Z,1,5449,False,,5504,1,3,2024-06-04T15:00:00Z,2024-06-05T14:30:00Z,2024-06-12T20:00:00Z
931,supply,demand,532.57,533.09,2024-05-23T13:30:00Z,2024-05-23T17:00:00Z,2024-06-10T17:00:00Z,532.57,533.09,3,pivot|repeated_pivot|role_flip,expired,3,3,pivot|repeated_pivot|role_flip,pivot:2024-05-23T13:30:00Z|pivot:2024-06-10T13:30:00Z,2,5528,True,,5531,2,1,2024-06-10T14:30:00Z,2024-06-05T18:00:00Z,2024-07-16T16:00:00Z
933,demand,demand,524.67,525.2,2024-05-23T19:00:00Z,2024-05-24T16:00:00Z,,,,,,expired,4,4,order_block|pivot|role_flip|volume_profile,pivot:2024-05-23T19:00:00Z|volume:POC:2024-05-23:524.893958|order_block:2024-05-30T17:00:00Z|structure_break:2024-05-31T14:00:00Z,1,5457,True,,5500,0,2,2024-06-03T19:00:00Z,2024-05-31T20:00:00Z,2024-07-17T15:00:00Z
934,supply,supply,529.45,530.27,2024-05-24T15:00:00Z,2024-05-24T19:00:00Z,,,,,,expired,1,1,pivot,pivot:2024-05-24T15:00:00Z,1,5460,False,,5476,2,0,2024-06-05T14:30:00Z,2024-06-05T15:00:00Z,2024-06-13T14:30:00Z
935,supply,supply,530.26,530.51,2024-05-28T13:30:00Z,2024-05-28T17:00:00Z,,,,,,expired,1,1,pivot,pivot:2024-05-28T13:30:00Z,1,5465,False,,-1,1,0,2024-06-05T14:30:00Z,2024-06-05T15:00:00Z,2024-06-13T14:30:00Z
936,demand,demand,525.37,525.68,2024-05-29T13:30:00Z,2024-05-29T17:00:00Z,,,,,,expired,2,2,pivot|role_flip,pivot:2024-05-29T13:30:00Z,1,5472,True,,5505,1,2,2024-06-04T17:00:00Z,2024-06-03T20:00:00Z,2024-07-19T16:00:00Z
937,demand,demand,522.89,523.38,2024-05-30T15:00:00Z,2024-05-30T19:00:00Z,,,,,,expired,2,2,pivot|role_flip,pivot:2024-05-30T15:00:00Z,1,5481,True,,5498,0,2,2024-06-03T17:00:00Z,2024-05-31T20:00:00Z,2024-07-22T18:00:00Z
939,demand,demand,518.36,519.4431587871339,2024-05-31T16:00:00Z,2024-05-31T20:00:00Z,,,,,,expired,1,1,pivot,pivot:2024-05-31T16:00:00Z,1,5489,True,,-1,0,0,,,2024-06-21T17:00:00Z
940,demand,demand,518.36,519.3446898064855,2024-05-31T16:00:00Z,2024-05-31T20:00:00Z,,,,,,expired,1,1,order_block,order_block:2024-05-31T16:00:00Z|structure_break:2024-05-31T19:00:00Z,0,,True,,-1,0,0,,,2024-06-26T14:30:00Z
941,supply,demand,528.1183821630285,529.31,2024-06-03T14:00:00Z,2024-06-03T18:00:00Z,,,,,,expired,2,2,pivot|role_flip,pivot:2024-06-03T14:00:00Z,1,5494,True,,5510,1,1,2024-06-05T15:00:00Z,2024-06-05T14:30:00Z,2024-07-24T17:00:00Z
942,supply,demand,534.98,535.42,2024-06-06T13:30:00Z,2024-06-06T17:00:00Z,,,,,,expired,2,2,pivot|role_flip,pivot:2024-06-06T13:30:00Z,1,5514,False,,5536,1,1,2024-06-10T20:00:00Z,2024-06-11T14:30:00Z,2024-06-18T20:00:00Z
943,demand,demand,532.53,533.4220033395985,2024-06-07T13:30:00Z,2024-06-07T17:00:00Z,,,,,,expired,1,1,pivot,pivot:2024-06-07T13:30:00Z,1,5521,True,,5531,1,0,2024-06-10T14:30:00Z,,2024-06-26T19:00:00Z
944,supply,supply,536.35,536.89,2024-06-07T17:00:00Z,2024-06-10T14:30:00Z,,,,,,expired,1,1,pivot,pivot:2024-06-07T17:00:00Z,1,5525,False,,-1,1,0,2024-06-11T19:00:00Z,2024-06-12T14:30:00Z,2024-06-20T20:00:00Z
946,supply,demand,535.66,535.99,2024-06-10T19:00:00Z,2024-06-11T16:00:00Z,,,,,,expired,2,2,pivot|role_flip,pivot:2024-06-10T19:00:00Z,1,5534,True,,5543,0,1,2024-06-11T20:00:00Z,2024-06-11T19:00:00Z,2024-08-01T15:00:00Z
947,demand,demand,532.05,532.76,2024-06-11T13:30:00Z,2024-06-11T17:00:00Z,,,,,,expired,1,1,pivot,pivot:2024-06-11T13:30:00Z,1,5535,True,,-1,0,0,,,2024-06-27T18:00:00Z
948,supply,supply,543.09,543.96,2024-06-12T14:00:00Z,2024-06-12T18:00:00Z,,,,,,expired,2,2,pivot|role_flip,pivot:2024-06-12T14:00:00Z,1,5543,False,,5771,7,6,2024-07-30T20:00:00Z,2024-07-31T14:30:00Z,2024-08-07T20:00:00Z
949,supply,supply,543.1110548210596,544.12,2024-06-12T19:00:00Z,2024-06-13T16:00:00Z,,,,,,expired,2,2,pivot|role_flip,pivot:2024-06-12T19:00:00Z,1,5548,False,,5771,6,6,2024-07-30T20:00:00Z,2024-07-31T14:30:00Z,2024-08-07T20:00:00Z
950,demand,demand,539.59,540.5318538956611,2024-06-13T16:00:00Z,2024-06-13T20:00:00Z,,,,,,expired,1,1,pivot,pivot:2024-06-13T16:00:00Z,1,5552,True,,5561,1,0,2024-06-14T15:00:00Z,,2024-07-02T18:00:00Z
951,supply,demand,542.5,543.33,2024-06-13T19:00:00Z,2024-06-14T16:00:00Z,,,,,,expired,2,2,pivot|role_flip,pivot:2024-06-13T19:00:00Z,1,5555,False,,5782,7,5,2024-08-01T17:00:00Z,2024-08-01T19:00:00Z,2024-08-09T18:00:00Z
952,supply,demand,547.77,548.53,2024-06-17T18:00:00Z,2024-06-18T15:00:00Z,,,,,,expired,2,2,pivot|role_flip,pivot:2024-06-17T18:00:00Z,1,5568,False,,5641,2,3,2024-07-19T18:00:00Z,2024-07-24T14:30:00Z,2024-07-31T20:00:00Z
953,supply,supply,549.61,550.12,2024-06-20T13:30:00Z,2024-06-20T17:00:00Z,,,,,,expired,1,1,pivot,pivot:2024-06-20T13:30:00Z,1,5577,True,,5623,1,0,2024-06-28T15:00:00Z,,2024-07-02T18:00:00Z
954,demand,supply,543.02,543.85,2024-06-21T13:30:00Z,2024-06-21T17:00:00Z,,,,,,expired,2,2,pivot|role_flip,pivot:2024-06-21T13:30:00Z,1,5584,False,,5771,5,5,2024-07-30T20:00:00Z,2024-07-31T14:30:00Z,2024-08-07T20:00:00Z
955,supply,supply,546.1003021632825,547.34,2024-06-24T14:00:00Z,2024-06-24T18:00:00Z,2024-07-30T17:00:00Z,546.1003021632825,547.34,3,pivot|repeated_pivot|role_flip,expired,3,3,pivot|repeated_pivot|role_flip,pivot:2024-06-24T14:00:00Z|pivot:2024-07-30T13:30:00Z,2,5763,True,,5782,3,4,2024-08-01T17:00:00Z,2024-08-01T16:00:00Z,2024-08-13T17:00:00Z
956,demand,demand,542.44,542.95,2024-06-24T19:00:00Z,2024-06-25T16:00:00Z,,,,,,expired,1,1,pivot,pivot:2024-06-24T19:00:00Z|pivot:2024-06-25T17:00:00Z,1,5597,True,,5630,2,0,2024-07-01T15:00:00Z,,2024-07-02T20:00:00Z
958,supply,supply,545.280599780638,545.45,2024-06-26T15:00:00Z,2024-06-26T19:00:00Z,,,,,,expired,2,2,pivot|role_flip,pivot:2024-06-26T15:00:00Z,1,5607,False,,5763,1,6,2024-07-29T19:00:00Z,2024-07-30T14:30:00Z,2024-08-06T20:00:00Z
959,supply,supply,546.13,547.46,2024-06-27T14:00:00Z,2024-06-27T18:00:00Z,2024-07-26T14:30:00Z,546.13,547.46,3,pivot|repeated_pivot|role_flip,expired,3,3,pivot|repeated_pivot|role_flip,pivot:2024-06-27T14:00:00Z|pivot:2024-07-25T17:00:00Z|pivot:2024-07-26T17:00:00Z,3,5753,False,,5782,4,4,2024-08-01T17:00:00Z,2024-08-15T14:30:00Z,2024-08-22T20:00:00Z
960,demand,supply,544.61,545.39,2024-06-27T18:00:00Z,2024-06-28T15:00:00Z,2024-08-14T20:00:00Z,544.61,545.39,4,pivot|repeated_pivot|role_flip|volume_profile,expired,4,4,pivot|repeated_pivot|role_flip|volume_profile,pivot:2024-06-27T18:00:00Z|volume:POC:2024-07-26:544.696250|pivot:2024-08-14T16:00:00Z,2,5843,False,,5845,3,7,2024-08-14T16:00:00Z,2024-08-15T14:30:00Z,2024-08-22T20:00:00Z
961,supply,supply,549.4610059924163,550.28,2024-06-28T14:00:00Z,2024-06-28T18:00:00Z,,,,,,expired,1,1,pivot,pivot:2024-06-28T14:00:00Z,1,5620,False,,-1,1,0,2024-07-03T14:30:00Z,2024-07-03T16:00:00Z,2024-07-12T18:00:00Z
962,demand,demand,542.52,543.35,2024-07-01T14:00:00Z,2024-07-01T18:00:00Z,,,,,,expired,1,1,pivot,pivot:2024-07-01T14:00:00Z,1,5627,True,,-1,0,0,,,2024-07-09T15:00:00Z
963,supply,supply,556.02,556.74,2024-07-08T13:30:00Z,2024-07-08T17:00:00Z,2024-07-23T19:00:00Z,556.02,556.74,4,pivot|repeated_pivot|role_flip|volume_profile,expired,4,4,pivot|repeated_pivot|role_flip|volume_profile,pivot:2024-07-08T13:30:00Z|volume:POC:2024-07-09:556.107917|pivot:2024-07-23T15:00:00Z,2,5730,False,,5733,2,4,2024-08-19T15:00:00Z,2024-08-19T17:00:00Z,2024-08-27T16:00:00Z
964,demand,demand,554.19,554.8501750686572,2024-07-08T18:00:00Z,2024-07-09T15:00:00Z,,,,,,expired,1,1,pivot,pivot:2024-07-08T18:00:00Z,1,5656,True,,-1,0,0,,,2024-07-10T17:00:00Z
965,demand,supply,555.52,556.021486701079,2024-07-09T19:00:00Z,2024-07-10T16:00:00Z,2024-07-12T15:00:00Z,555.52,556.021486701079,2,pivot|repeated_pivot,expired,3,3,pivot|repeated_pivot|role_flip,pivot:2024-07-09T19:00:00Z|pivot:2024-07-11T18:00:00Z,2,5677,False,,5731,2,1,2024-07-23T15:00:00Z,2024-07-23T16:00:00Z,2024-07-31T15:00:00Z
966,demand,demand,556.61,557.32,2024-07-10T14:00:00Z,2024-07-10T17:00:00Z,,,,,,expired,4,4,order_block|pivot|role_flip|volume_profile,order_block:2024-07-10T14:00:00Z|structure_break:2024-07-10T16:00:00Z|pivot:2024-07-17T17:00:00Z|volume:POC:2024-08-22:557.200833,1,5704,True,,5894,2,6,2024-08-23T17:00:00Z,2024-08-23T14:30:00Z,2024-08-27T20:00:00Z
967,supply,demand,561.95,562.33,2024-07-11T14:00:00Z,2024-07-11T18:00:00Z,,,,,,expired,3,3,pivot|role_flip|volume_profile,pivot:2024-07-11T14:00:00Z|volume:POC:2024-07-15:562.126458,1,5673,False,,5696,0,3,2024-07-16T15:00:00Z,2024-07-17T14:30:00Z,2024-07-24T20:00:00Z
969,supply,demand,563.05,563.67,2024-07-12T17:00:00Z,2024-07-15T14:30:00Z,,,,,,expired,2,2,pivot|role_flip,pivot:2024-07-12T17:00:00Z,1,5683,False,,5700,0,1,2024-07-16T19:00:00Z,2024-07-17T14:30:00Z,2024-07-24T20:00:00Z
970,supply,supply,563.8437124925374,564.84,2024-07-15T15:00:00Z,2024-07-15T19:00:00Z,,,,,,expired,1,1,pivot,pivot:2024-07-15T15:00:00Z,1,5688,False,,5933,3,0,2024-08-30T20:00:00Z,,2024-09-03T15:00:00Z
971,demand,demand,559.63,560.6593580799833,2024-07-15T19:00:00Z,2024-07-16T16:00:00Z,,,,,,expired,1,1,pivot,pivot:2024-07-15T19:00:00Z,1,5692,False,,-1,1,0,2024-07-17T14:30:00Z,2024-07-17T15:00:00Z,2024-07-25T14:30:00Z
972,supply,supply,564.85,565.16,2024-07-16T19:00:00Z,2024-07-17T16:00:00Z,,,,,,expired,1,1,pivot,pivot:2024-07-16T19:00:00Z,1,5699,True,,-1,0,0,,,2024-09-04T19:00:00Z
974,supply,demand,558.51,559.52,2024-07-18T13:30:00Z,2024-07-18T16:00:00Z,,,,,,expired,3,3,order_block|pivot|role_flip,order_block:2024-07-18T13:30:00Z|structure_break:2024-07-18T15:00:00Z|pivot:2024-07-18T14:00:00Z,1,5708,False,,5931,3,5,2024-08-30T19:00:00Z,2024-09-03T15:00:00Z,2024-09-11T14:30:00Z
976,demand,demand,547.91,549.2571803542577,2024-07-19T17:00:00Z,2024-07-22T14:30:00Z,,,,,,expired,1,1,pivot,pivot:2024-07-19T17:00:00Z,1,5718,False,,-1,0,0,,2024-07-24T14:30:00Z,2024-07-31T20:00:00Z
978,demand,demand,537.45,538.87,2024-07-25T14:00:00Z,2024-07-25T18:00:00Z,2024-07-31T14:30:00Z,537.45,538.87,2,pivot|repeated_pivot,expired,2,2,pivot|repeated_pivot,pivot:2024-07-25T14:00:00Z|pivot:2024-07-30T17:00:00Z,2,5767,False,,5769,2,0,2024-07-30T17:00:00Z,2024-08-02T14:30:00Z,2024-08-09T20:00:00Z
981,demand,supply,542.72,544.1089697244415,2024-07-29T15:00:00Z,2024-07-29T19:00:00Z,,,,,,expired,2,2,pivot|role_flip,pivot:2024-07-29T15:00:00Z,1,5758,False,,5771,1,1,2024-07-30T20:00:00Z,2024-07-31T14:30:00Z,2024-08-07T20:00:00Z
982,supply,supply,545.62,546.78,2024-07-29T16:00:00Z,2024-07-30T16:00:00Z,,,,,,expired,2,2,order_block|volume_profile,order_block:2024-07-29T16:00:00Z|structure_break:2024-07-30T15:00:00Z|volume:POC:2024-07-29:545.696875,0,,False,,-1,0,0,,2024-07-31T14:30:00Z,2024-08-07T20:00:00Z
985,supply,supply,554.04,554.87,2024-08-01T13:30:00Z,2024-08-01T17:00:00Z,,,,,,expired,2,2,pivot|role_flip,pivot:2024-08-01T13:30:00Z,1,5777,False,,5982,3,2,2024-09-11T20:00:00Z,2024-09-12T17:00:00Z,2024-09-20T16:00:00Z
986,supply,demand,541.5215546449627,543.47,2024-08-01T19:00:00Z,2024-08-02T15:00:00Z,,,,,,expired,3,3,order_block|role_flip|volume_profile,order_block:2024-08-01T19:00:00Z|structure_break:2024-08-02T14:00:00Z|volume:POC:2024-08-01:542.968333,0,,False,,5972,3,3,2024-09-10T17:00:00Z,2024-09-11T15:00:00Z,2024-09-19T14:30:00Z
987,demand,demand,528.6,529.27,2024-08-02T15:00:00Z,2024-08-02T19:00:00Z,,,,,,expired,2,2,pivot|role_flip,pivot:2024-08-02T15:00:00Z,1,5786,True,,5820,0,4,2024-08-08T20:00:00Z,2024-08-08T18:00:00Z,2024-09-23T15:00:00Z
988,demand,demand,510.27,511.64,2024-08-05T13:30:00Z,2024-08-05T17:00:00Z,,,,,,expired,1,1,pivot,pivot:2024-08-05T13:30:00Z,1,5791,True,,-1,0,0,,,2024-09-23T20:00:00Z
989,supply,demand,531.04,531.59,2024-08-07T14:00:00Z,2024-08-07T18:00:00Z,,,,,,expired,2,2,pivot|role_flip,pivot:2024-08-07T14:00:00Z,1,5806,True,,5826,2,1,2024-08-09T19:00:00Z,2024-08-09T18:00:00Z,2024-09-26T14:30:00Z
990,demand,demand,518.05,518.65,2024-08-07T19:00:00Z,2024-08-08T16:00:00Z,,,,,,expired,1,1,pivot,pivot:2024-08-07T19:00:00Z,1,5811,True,,-1,0,0,,,2024-09-26T19:00:00Z
991,supply,demand,532.732215740209,534.51,2024-08-09T17:00:00Z,2024-08-12T14:30:00Z,,,,,,expired,2,2,pivot|role_flip,pivot:2024-08-09T17:00:00Z,1,5823,False,,5830,0,1,2024-08-12T16:00:00Z,2024-08-12T18:00:00Z,2024-08-20T17:00:00Z
992,supply,supply,535.22,535.73,2024-08-12T15:00:00Z,2024-08-12T19:00:00Z,,,,,,expired,1,1,pivot,pivot:2024-08-12T15:00:00Z,1,5828,False,,-1,0,0,,2024-08-13T14:30:00Z,2024-08-20T20:00:00Z
994,supply,demand,554.7927461078375,555.02,2024-08-16T16:00:00Z,2024-08-16T20:00:00Z,,,,,,expired,2,2,pivot|role_flip,pivot:2024-08-16T16:00:00Z,1,5857,False,,5890,1,1,2024-09-03T17:00:00Z,2024-09-03T18:00:00Z,2024-09-11T17:00:00Z
995,supply,demand,560.6297434016091,560.84,2024-08-20T13:30:00Z,2024-08-20T17:00:00Z,,,,,,expired,2,2,pivot|role_flip,pivot:2024-08-20T13:30:00Z,1,5868,False,,5932,1,5,2024-08-30T20:00:00Z,2024-09-03T14:30:00Z,2024-09-10T20:00:00Z
996,demand,demand,557.32,558.05,2024-08-20T17:00:00Z,2024-08-21T14:30:00Z,,,,,,expired,3,3,pivot|role_flip|volume_profile,pivot:2024-08-20T17:00:00Z|volume:POC:2024-08-19:557.792500,1,5872,False,,5924,1,2,2024-08-29T19:00:00Z,2024-09-03T15:00:00Z,2024-09-11T14:30:00Z
997,supply,supply,561.1535740338963,562.11,2024-08-21T14:00:00Z,2024-08-21T18:00:00Z,,,,,,expired,2,2,pivot|role_flip,pivot:2024-08-21T14:00:00Z,1,5876,False,,5927,0,2,2024-08-30T15:00:00Z,2024-08-30T20:00:00Z,2024-09-10T19:00:00Z
998,demand,demand,557.99,558.89,2024-08-21T16:00:00Z,2024-08-21T20:00:00Z,,,,,,expired,3,3,pivot|role_flip|volume_profile,pivot:2024-08-21T16:00:00Z|volume:POC:2024-08-20:558.420000,1,5878,True,,5988,2,4,2024-09-12T20:00:00Z,2024-09-12T18:00:00Z,2024-10-10T16:00:00Z
999,supply,supply,560.7138401296327,561.71,2024-08-21T18:00:00Z,2024-08-22T16:00:00Z,,,,,,expired,3,3,order_block|role_flip|volume_profile,order_block:2024-08-21T18:00:00Z|structure_break:2024-08-22T15:00:00Z|volume:POC:2024-08-27:561.358750,0,,False,,5924,2,2,2024-08-30T19:00:00Z,2024-08-30T20:00:00Z,2024-09-10T19:00:00Z
1000,supply,supply,562.56,563.18,2024-08-22T13:30:00Z,2024-08-22T17:00:00Z,,,,,,expired,1,1,pivot,pivot:2024-08-22T13:30:00Z,1,5882,False,,5893,2,0,2024-08-29T15:00:00Z,2024-08-30T20:00:00Z,2024-09-10T19:00:00Z
1001,demand,demand,554.98,556.03,2024-08-22T19:00:00Z,2024-08-23T16:00:00Z,2024-08-29T15:00:00Z,554.98,556.03,2,pivot|repeated_pivot,expired,2,2,pivot|repeated_pivot,pivot:2024-08-22T19:00:00Z|pivot:2024-08-28T18:00:00Z,2,5915,False,,5917,2,0,2024-09-03T15:00:00Z,2024-09-03T18:00:00Z,2024-09-11T17:00:00Z
1002,supply,supply,561.7405465074679,563.09,2024-08-23T14:00:00Z,2024-08-23T18:00:00Z,,,,,,expired,1,1,pivot,pivot:2024-08-23T14:00:00Z,1,5890,False,,5927,5,0,2024-08-30T14:30:00Z,2024-08-30T20:00:00Z,2024-09-10T19:00:00Z
1003,supply,supply,563.11,563.91,2024-08-26T13:30:00Z,2024-08-26T17:00:00Z,2024-08-29T20:00:00Z,563.11,563.91,2,pivot|repeated_pivot,expired,2,2,pivot|repeated_pivot,pivot:2024-08-26T13:30:00Z|pivot:2024-08-29T16:00:00Z|pivot:2024-08-30T19:00:00Z,3,5930,False,,5933,3,0,2024-09-16T20:00:00Z,2024-09-17T14:30:00Z,2024-09-24T20:00:00Z
1004,demand,supply,558.32,559.49,2024-08-27T13:30:00Z,2024-08-27T17:00:00Z,,,,,,expired,2,2,pivot|role_flip,pivot:2024-08-27T13:30:00Z,1,5903,False,,5934,2,1,2024-09-12T18:00:00Z,2024-09-13T14:30:00Z,2024-09-20T20:00:00Z
1005,supply,supply,561.8403425742914,562.06,2024-08-27T18:00:00Z,2024-08-28T15:00:00Z,,,,,,expired,2,2,pivot|role_flip,pivot:2024-08-27T18:00:00Z,1,5908,False,,5926,1,2,2024-08-30T14:30:00Z,2024-08-30T20:00:00Z,2024-09-10T19:00:00Z
1006,supply,demand,558.45,558.67,2024-08-28T16:00:00Z,2024-08-28T18:00:00Z,,,,,,expired,2,2,order_block|role_flip,order_block:2024-08-28T16:00:00Z|structure_break:2024-08-28T17:00:00Z,0,,False,,5928,1,1,2024-08-30T16:00:00Z,2024-09-03T15:00:00Z,2024-09-11T14:30:00Z
1009,demand,demand,557.18,558.4821597209802,2024-08-29T18:00:00Z,2024-08-30T15:00:00Z,,,,,,expired,1,1,pivot,pivot:2024-08-29T18:00:00Z,1,5922,False,,-1,1,0,2024-09-03T14:30:00Z,2024-09-03T15:00:00Z,2024-09-11T14:30:00Z
1010,demand,demand,557.14,558.475835884568,2024-08-30T16:00:00Z,2024-08-30T20:00:00Z,,,,,,expired,1,1,pivot,pivot:2024-08-30T16:00:00Z,1,5927,False,,-1,0,0,,2024-09-03T15:00:00Z,2024-09-11T14:30:00Z
1011,supply,supply,562.8285307769388,564.2,2024-08-30T19:00:00Z,2024-09-03T15:00:00Z,,,,,,expired,1,1,order_block,order_block:2024-08-30T19:00:00Z|structure_break:2024-09-03T14:00:00Z,0,,False,,5994,2,0,2024-09-16T20:00:00Z,2024-09-17T14:30:00Z,2024-09-24T20:00:00Z
1013,demand,supply,549.51,550.997519521016,2024-09-03T19:00:00Z,2024-09-04T16:00:00Z,,,,,,expired,3,3,pivot|role_flip|volume_profile,pivot:2024-09-03T19:00:00Z|volume:POC:2024-09-05:550.310417,1,5937,False,,5954,2,1,2024-09-11T18:00:00Z,2024-09-11T19:00:00Z,2024-09-19T18:00:00Z
1014,supply,demand,552.3815958310824,553.8,2024-09-05T14:00:00Z,2024-09-05T18:00:00Z,,,,,,expired,2,2,pivot|role_flip,pivot:2024-09-05T14:00:00Z,1,5946,True,,5983,1,1,2024-09-12T15:00:00Z,2024-09-11T20:00:00Z,2024-10-24T14:30:00Z
1015,demand,demand,547.1,547.48,2024-09-05T16:00:00Z,2024-09-05T20:00:00Z,,,,,,expired,2,2,pivot|role_flip,pivot:2024-09-05T16:00:00Z,1,5948,False,,5973,0,2,2024-09-10T19:00:00Z,2024-09-11T14:30:00Z,2024-09-18T20:00:00Z
1016,supply,supply,549.2706251427329,550.7,2024-09-05T17:00:00Z,2024-09-06T15:00:00Z,,,,,,expired,2,2,order_block|volume_profile,order_block:2024-09-05T17:00:00Z|structure_break:2024-09-06T14:00:00Z|volume:POC:2024-09-05:550.310417,0,,False,,-1,1,0,2024-09-11T18:00:00Z,2024-09-11T19:00:00Z,2024-09-19T18:00:00Z
1017,supply,supply,549.9930495613982,551.6,2024-09-06T13:30:00Z,2024-09-06T17:00:00Z,,,,,,expired,2,2,pivot|volume_profile,pivot:2024-09-06T13:30:00Z|volume:POC:2024-09-05:550.310417,1,5952,False,,-1,1,0,2024-09-11T18:00:00Z,2024-09-11T20:00:00Z,2024-09-19T19:00:00Z
1018,demand,demand,539.44,540.45,2024-09-06T18:00:00Z,2024-09-09T15:00:00Z,,,,,,expired,2,2,pivot|volume_profile,pivot:2024-09-06T18:00:00Z|volume:POC:2024-09-06:540.200000,1,5957,True,,5977,1,0,2024-09-11T15:00:00Z,,2024-10-25T18:00:00Z
1019,supply,demand,548.3370989491273,548.66,2024-09-10T13:30:00Z,2024-09-10T17:00:00Z,,,,,,expired,2,2,pivot|role_flip,pivot:2024-09-10T13:30:00Z,1,5966,True,,5979,1,1,2024-09-11T18:00:00Z,2024-09-10T20:00:00Z,2024-10-28T20:00:00Z
1020,demand,demand,543.38,544.15,2024-09-10T16:00:00Z,2024-09-10T20:00:00Z,,,,,,expired,1,1,pivot,pivot:2024-09-10T16:00:00Z,1,5969,False,,-1,0,0,,2024-09-11T15:00:00Z,2024-09-19T14:30:00Z
1021,supply,supply,548.2,549.15,2024-09-10T19:00:00Z,2024-09-11T15:00:00Z,,,,,,expired,2,2,order_block|pivot,order_block:2024-09-10T19:00:00Z|structure_break:2024-09-11T14:00:00Z|pivot:2024-09-10T19:00:00Z,1,5972,False,,-1,0,0,,2024-09-11T18:00:00Z,2024-09-19T17:00:00Z
1023,demand,demand,539.96,541.16,2024-09-11T14:00:00Z,2024-09-11T18:00:00Z,,,,,,expired,1,1,pivot,pivot:2024-09-11T14:00:00Z,1,5974,True,,-1,0,0,,,2024-10-04T20:00:00Z
1024,supply,supply,562.57,563.03,2024-09-13T17:00:00Z,2024-09-16T14:30:00Z,,,,,,expired,3,3,pivot|role_flip|volume_profile,pivot:2024-09-13T17:00:00Z|volume:POC:2024-09-18:562.958750,1,5991,False,,6016,1,2,2024-09-18T20:00:00Z,2024-09-19T14:30:00Z,2024-09-26T20:00:00Z
1025,demand,demand,559.9,560.73,2024-09-16T14:00:00Z,2024-09-16T18:00:00Z,,,,,,expired,1,1,pivot,pivot:2024-09-16T14:00:00Z,1,5995,True,,-1,0,0,,,2024-10-18T16:00:00Z
1026,supply,demand,565.3852379914018,566.58,2024-09-17T14:00:00Z,2024-09-17T18:00:00Z,2024-10-04T14:30:00Z,565.3852379914018,566.58,3,pivot|repeated_pivot|role_flip,expired,3,3,pivot|repeated_pivot|role_flip,pivot:2024-09-17T14:00:00Z|pivot:2024-10-03T17:00:00Z,2,6089,True,,6089,3,1,2024-10-03T15:00:00Z,2024-09-19T14:30:00Z,2024-11-05T15:30:00Z
1027,demand,demand,560.79,561.83,2024-09-17T17:00:00Z,2024-09-18T14:30:00Z,2024-09-19T16:00:00Z,560.79,561.83,3,pivot|repeated_pivot|volume_profile,expired,3,3,pivot|repeated_pivot|volume_profile,pivot:2024-09-17T17:00:00Z|volume:POC:2024-09-17:561.393125|pivot:2024-09-18T19:00:00Z,2,6014,True,,6013,1,0,2024-09-18T16:00:00Z,,2024-11-05T18:00:00Z
1029,supply,supply,572.5,572.88,2024-09-19T17:00:00Z,2024-09-20T14:30:00Z,,,,,,expired,3,3,pivot|role_flip|volume_profile,pivot:2024-09-19T17:00:00Z|volume:POC:2024-11-01:572.571458,1,6019,False,,6238,0,6,2024-11-01T18:00:00Z,2024-11-05T15:30:00Z,2024-11-12T21:00:00Z
1030,demand,demand,565.17,566.4,2024-09-20T15:00:00Z,2024-09-20T19:00:00Z,,,,,,expired,1,1,pivot,pivot:2024-09-20T15:00:00Z,1,6024,True,,6089,2,0,2024-10-03T15:00:00Z,,2024-10-21T15:00:00Z
1031,supply,demand,569.85,570.34,2024-09-23T14:00:00Z,2024-09-23T18:00:00Z,,,,,,expired,2,2,pivot|role_flip,pivot:2024-09-23T14:00:00Z,1,6030,False,,6097,6,3,2024-10-07T17:00:00Z,2024-10-07T19:00:00Z,2024-10-15T18:00:00Z
1032,demand,demand,567.6,568.5508282278827,2024-09-24T14:00:00Z,2024-09-24T18:00:00Z,,,,,,expired,2,2,pivot|role_flip,pivot:2024-09-24T14:00:00Z,1,6037,False,,6095,2,2,2024-10-04T15:00:00Z,2024-10-07T19:00:00Z,2024-10-15T18:00:00Z
1033,supply,supply,570.8743525986293,571.96,2024-09-25T14:00:00Z,2024-09-25T18:00:00Z,,,,,,expired,4,4,order_block|pivot|role_flip|volume_profile,pivot:2024-09-25T14:00:00Z|volume:POC:2024-09-26:571.803958|order_block:2024-10-07T14:00:00Z|structure_break:2024-10-07T18:00:00Z,1,6044,False,,6245,2,10,2024-11-04T19:00:00Z,2024-11-05T15:30:00Z,2024-11-12T21:00:00Z
1034,demand,demand,568.91,569.8320095283028,2024-09-25T17:00:00Z,2024-09-26T14:30:00Z,,,,,,expired,2,2,pivot|role_flip,pivot:2024-09-25T17:00:00Z,1,6047,False,,6095,2,2,2024-10-07T18:00:00Z,2024-10-07T19:00:00Z,2024-10-15T18:00:00Z
1035,supply,demand,574.4,574.71,2024-09-26T13:30:00Z,2024-09-26T17:00:00Z,,,,,,expired,2,2,pivot|role_flip,pivot:2024-09-26T13:30:00Z,1,6050,True,,6252,2,3,2024-11-05T19:00:00Z,2024-11-05T17:00:00Z,2024-11-13T21:00:00Z
1036,supply,supply,573.71,574.38,2024-09-27T14:00:00Z,2024-09-27T18:00:00Z,2024-10-01T16:00:00Z,573.71,574.38,2,pivot|repeated_pivot,expired,2,2,pivot|repeated_pivot,pivot:2024-09-27T14:00:00Z|pivot:2024-09-30T19:00:00Z,2,6070,False,,6073,2,0,2024-10-08T20:00:00Z,2024-10-09T15:00:00Z,2024-10-17T14:30:00Z
1037,demand,demand,570.25,570.62,2024-09-30T14:00:00Z,2024-09-30T18:00:00Z,,,,,,expired,2,2,pivot|role_flip,pivot:2024-09-30T14:00:00Z,1,6065,False,,6099,1,2,2024-10-04T19:00:00Z,2024-10-07T19:00:00Z,2024-10-15T18:00:00Z
1038,demand,supply,568.08,568.9476375448521,2024-09-30T18:00:00Z,2024-09-30T20:00:00Z,,,,,,expired,3,3,order_block|role_flip|volume_profile,order_block:2024-09-30T18:00:00Z|structure_break:2024-09-30T19:00:00Z|volume:POC:2024-10-02:568.646042,0,,False,,6107,2,3,2024-10-07T20:00:00Z,2024-10-08T14:30:00Z,2024-10-15T20:00:00Z
1040,demand,demand,566.0,567.2587680101076,2024-10-01T15:00:00Z,2024-10-01T19:00:00Z,,,,,,expired,2,2,pivot|volume_profile,pivot:2024-10-01T15:00:00Z|volume:POC:2024-10-03:566.840000,1,6073,True,,6107,2,0,2024-10-07T19:00:00Z,,2024-11-19T16:00:00Z
1041,demand,demand,565.27,566.5456369319272,2024-10-02T13:30:00Z,2024-10-02T17:00:00Z,,,,,,expired,1,1,pivot,pivot:2024-10-02T13:30:00Z,1,6078,True,,6089,1,0,2024-10-03T15:00:00Z,,2024-10-21T19:00:00Z
1042,supply,supply,568.5445101892642,569.81,2024-10-03T14:00:00Z,2024-10-03T18:00:00Z,,,,,,expired,3,3,pivot|role_flip|volume_profile,pivot:2024-10-03T14:00:00Z|volume:POC:2024-10-02:568.646042,1,6086,False,,6107,0,2,2024-10-07T20:00:00Z,2024-10-08T14:30:00Z,2024-10-15T20:00:00Z
1044,supply,supply,572.35,572.71,2024-10-04T13:30:00Z,2024-10-04T17:00:00Z,,,,,,expired,3,3,pivot|role_flip|volume_profile,pivot:2024-10-04T13:30:00Z|volume:POC:2024-11-01:572.571458,1,6092,False,,6238,0,2,2024-11-01T18:00:00Z,2024-11-05T15:30:00Z,2024-11-12T21:00:00Z
1045,supply,supply,572.92,573.36,2024-10-04T19:00:00Z,2024-10-07T16:00:00Z,,,,,,expired,1,1,pivot,pivot:2024-10-04T19:00:00Z,1,6098,False,,-1,1,0,2024-10-08T20:00:00Z,2024-10-09T14:30:00Z,2024-10-16T20:00:00Z
1047,demand,demand,566.63,566.8962602630447,2024-10-07T18:00:00Z,2024-10-08T15:00:00Z,,,,,,expired,1,1,pivot,pivot:2024-10-07T18:00:00Z,1,6104,True,,-1,0,0,,,2024-10-22T18:00:00Z
1048,supply,demand,571.81,572.55,2024-10-08T14:00:00Z,2024-10-08T18:00:00Z,,,,,,expired,3,3,pivot|role_flip|volume_profile,pivot:2024-10-08T14:00:00Z|volume:POC:2024-10-08:572.271250,1,6107,True,,6248,0,3,2024-11-05T15:30:00Z,2024-11-01T14:30:00Z,2024-11-26T15:30:00Z
1049,supply,supply,576.8467142808229,577.71,2024-10-09T15:00:00Z,2024-10-09T19:00:00Z,,,,,,expired,1,1,pivot,pivot:2024-10-09T15:00:00Z|pivot:2024-10-09T19:00:00Z,1,6115,False,,6125,1,0,2024-10-10T16:00:00Z,2024-10-11T15:00:00Z,2024-10-21T14:30:00Z
1051,demand,demand,574.49,575.39,2024-10-10T13:30:00Z,2024-10-10T17:00:00Z,,,,,,expired,1,1,pivot,pivot:2024-10-10T13:30:00Z|pivot:2024-10-10T18:00:00Z,1,6120,True,,6191,1,0,2024-10-23T19:00:00Z,,2024-10-28T16:00:00Z
1053,supply,demand,579.1447899382075,580.1,2024-10-11T14:00:00Z,2024-10-11T18:00:00Z,,,,,,expired,3,3,pivot|role_flip|volume_profile,pivot:2024-10-11T14:00:00Z|volume:POC:2024-10-11:579.501250,1,6128,False,,6204,1,3,2024-10-25T19:00:00Z,2024-10-25T20:00:00Z,2024-11-04T20:00:00Z
1054,supply,supply,584.3945189352753,585.27,2024-10-14T19:00:00Z,2024-10-15T16:00:00Z,,,,,,expired,1,1,pivot,pivot:2024-10-14T19:00:00Z,1,6140,True,,6201,4,0,2024-10-25T15:00:00Z,,2024-10-28T18:00:00Z
1055,demand,demand,578.54,579.3703358396715,2024-10-15T19:00:00Z,2024-10-16T16:00:00Z,,,,,,expired,3,3,pivot|role_flip|volume_profile,pivot:2024-10-15T19:00:00Z|volume:POC:2024-10-24:578.678542,1,6147,False,,6214,2,2,2024-10-29T14:30:00Z,2024-10-31T14:30:00Z,2024-11-07T21:00:00Z
1056,supply,supply,585.91,586.12,2024-10-17T13:30:00Z,2024-10-17T17:00:00Z,,,,,,expired,1,1,pivot,pivot:2024-10-17T13:30:00Z,1,6155,True,,-1,0,0,,,2024-10-30T20:00:00Z
1057,demand,supply,582.16,582.338415898252,2024-10-17T19:00:00Z,2024-10-18T16:00:00Z,,,,,,expired,2,2,pivot|role_flip,pivot:2024-10-17T19:00:00Z,1,6161,False,,6219,2,3,2024-10-29T18:00:00Z,2024-10-30T16:00:00Z,2024-11-07T16:00:00Z
1058,supply,supply,584.85,585.39,2024-10-18T18:00:00Z,2024-10-21T15:00:00Z,,,,,,expired,1,1,pivot,pivot:2024-10-18T18:00:00Z,1,6167,False,,-1,0,0,,2024-11-06T15:30:00Z,2024-11-13T21:00:00Z
1059,demand,supply,580.6,581.365551757996,2024-10-21T15:00:00Z,2024-10-21T19:00:00Z,,,,,,expired,2,2,pivot|role_flip,pivot:2024-10-21T15:00:00Z,1,6171,False,,6226,1,3,2024-10-30T20:00:00Z,2024-11-06T15:30:00Z,2024-11-13T21:00:00Z
1060,demand,supply,580.38,581.05,2024-10-22T13:30:00Z,2024-10-22T17:00:00Z,,,,,,expired,3,3,pivot|role_flip|volume_profile,pivot:2024-10-22T13:30:00Z|volume:POC:2024-10-30:580.549375,1,6176,False,,6226,1,3,2024-10-30T20:00:00Z,2024-11-06T15:30:00Z,2024-11-13T21:00:00Z
1061,supply,supply,583.96,584.5,2024-10-22T18:00:00Z,2024-10-23T15:00:00Z,,,,,,expired,1,1,pivot,pivot:2024-10-22T18:00:00Z,1,6181,False,,6201,1,0,2024-10-25T15:00:00Z,2024-11-06T15:30:00Z,2024-11-13T21:00:00Z
1062,supply,supply,581.26,581.71,2024-10-23T13:30:00Z,2024-10-23T18:00:00Z,,,,,,expired,3,3,order_block|role_flip|volume_profile,order_block:2024-10-23T13:30:00Z|structure_break:2024-10-23T17:00:00Z|volume:POC:2024-10-22:581.495833,0,,False,,6225,0,4,2024-10-30T19:00:00Z,2024-11-06T15:30:00Z,2024-11-13T21:00:00Z
1063,demand,demand,574.41,575.3602375917941,2024-10-23T18:00:00Z,2024-10-24T15:00:00Z,,,,,,expired,3,3,pivot|role_flip|volume_profile,pivot:2024-10-23T18:00:00Z|volume:POC:2024-11-05:575.033542,1,6188,True,,6254,1,2,2024-11-05T21:00:00Z,2024-11-05T18:00:00Z,2024-12-13T15:30:00Z
1064,supply,supply,583.46,584.46,2024-10-25T14:00:00Z,2024-10-25T18:00:00Z,,,,,,expired,1,1,pivot,pivot:2024-10-25T14:00:00Z,1,6198,False,,-1,0,0,,2024-11-06T15:30:00Z,2024-11-13T21:00:00Z
1065,demand,demand,578.08,579.1992988299678,2024-10-25T18:00:00Z,2024-10-28T15:00:00Z,,,,,,expired,1,1,pivot,pivot:2024-10-25T18:00:00Z,1,6202,False,,6214,1,0,2024-10-29T14:30:00Z,2024-10-31T14:30:00Z,2024-11-07T21:00:00Z
1066,demand,demand,578.43,579.3943660817614,2024-10-29T13:30:00Z,2024-10-29T17:00:00Z,,,,,,expired,1,1,pivot,pivot:2024-10-29T13:30:00Z,1,6211,False,,6221,1,0,2024-10-30T14:30:00Z,2024-10-31T14:30:00Z,2024-11-07T21:00:00Z
1067,demand,demand,579.29,580.2089575705085,2024-10-30T13:30:00Z,2024-10-30T17:00:00Z,,,,,,expired,1,1,pivot,pivot:2024-10-30T13:30:00Z,1,6218,False,,-1,1,0,2024-10-30T20:00:00Z,2024-10-31T14:30:00Z,2024-11-07T21:00:00Z
1068,supply,supply,583.11,583.32,2024-10-30T15:00:00Z,2024-10-30T19:00:00Z,,,,,,expired,1,1,pivot,pivot:2024-10-30T15:00:00Z,1,6220,False,,-1,0,0,,2024-11-06T15:30:00Z,2024-11-13T21:00:00Z
1069,supply,supply,580.7622335876913,581.81,2024-10-30T18:00:00Z,2024-10-31T15:00:00Z,,,,,,expired,1,1,order_block,order_block:2024-10-30T18:00:00Z|structure_break:2024-10-31T14:00:00Z,0,,False,,-1,0,0,,2024-11-06T15:30:00Z,2024-11-13T21:00:00Z
1070,demand,demand,567.89,568.87,2024-10-31T19:00:00Z,2024-11-01T16:00:00Z,2024-11-04T21:00:00Z,567.89,568.87,2,pivot|repeated_pivot,expired,2,2,pivot|repeated_pivot,pivot:2024-10-31T19:00:00Z|pivot:2024-11-04T17:00:00Z,2,6242,True,,6244,1,0,2024-11-04T17:00:00Z,,2024-12-23T16:00:00Z
1071,supply,demand,574.44,575.55,2024-11-01T14:00:00Z,2024-11-01T18:00:00Z,,,,,,expired,3,3,pivot|role_flip|volume_profile,pivot:2024-11-01T14:00:00Z|volume:POC:2024-11-05:575.033542,1,6233,True,,6254,1,1,2024-11-05T21:00:00Z,2024-11-05T18:00:00Z,2024-12-23T18:00:00Z
1073,demand,demand,569.17,570.3197401718317,2024-11-04T20:00:00Z,2024-11-05T15:30:00Z,,,,,,expired,2,2,order_block|volume_profile,order_block:2024-11-04T20:00:00Z|structure_break:2024-11-05T14:30:00Z|volume:POC:2024-11-04:570.098958,0,,True,,-1,0,0,,,2024-12-26T17:00:00Z
1074,supply,demand,599.82,600.17,2024-11-11T14:30:00Z,2024-11-11T18:00:00Z,,,,,,expired,3,3,pivot|role_flip|volume_profile,pivot:2024-11-11T14:30:00Z|volume:POC:2024-11-26:599.903750,1,6274,False,,6360,2,1,2024-11-27T15:30:00Z,2024-11-27T16:00:00Z,2024-12-06T18:00:00Z
1075,demand,supply,597.0,597.8044835514022,2024-11-11T18:00:00Z,2024-11-12T15:30:00Z,,,,,,expired,3,3,pivot|role_flip|volume_profile,pivot:2024-11-11T18:00:00Z|volume:POC:2024-11-12:597.342500,1,6278,False,,6289,0,1,2024-11-12T21:00:00Z,2024-11-13T17:00:00Z,2024-11-21T16:00:00Z
1076,demand,supply,594.37,595.75,2024-11-12T18:00:00Z,2024-11-13T15:30:00Z,2024-12-20T21:00:00Z,594.37,595.75,3,pivot|repeated_pivot|role_flip,expired,3,3,pivot|repeated_pivot|role_flip,pivot:2024-11-12T18:00:00Z|pivot:2024-12-20T17:00:00Z,2,6470,False,,6473,3,3,2024-12-23T21:00:00Z,2024-12-24T15:30:00Z,2025-01-03T17:00:00Z
1077,supply,supply,599.0304203487786,599.23,2024-11-13T18:00:00Z,2024-11-14T15:30:00Z,,,,,,expired,2,2,pivot|role_flip,pivot:2024-11-13T18:00:00Z,1,6292,False,,6362,1,2,2024-11-27T17:00:00Z,2024-11-29T15:30:00Z,2024-12-09T17:00:00Z
1078,demand,demand,583.86,584.71,2024-11-15T18:00:00Z,2024-11-18T15:30:00Z,2024-11-19T18:00:00Z,583.86,584.71,2,pivot|repeated_pivot,expired,2,2,pivot|repeated_pivot,pivot:2024-11-15T18:00:00Z|pivot:2024-11-19T14:30:00Z,2,6316,False,,6327,2,0,2024-11-20T16:00:00Z,2024-12-20T15:30:00Z,2024-12-31T17:00:00Z
1079,supply,supply,588.5070802451909,589.49,2024-11-18T16:00:00Z,2024-11-18T20:00:00Z,,,,,,expired,3,3,pivot|role_flip|volume_profile,pivot:2024-11-18T16:00:00Z|volume:POC:2024-11-19:589.441250,1,6311,False,,6517,1,8,2025-01-02T17:00:00Z,2025-01-03T17:00:00Z,2025-01-14T16:00:00Z
1081,supply,supply,590.18,591.13,2024-11-19T18:00:00Z,2024-11-20T15:30:00Z,2025-01-02T19:00:00Z,590.18,591.13,3,pivot|repeated_pivot|role_flip,expired,4,4,pivot|repeated_pivot|role_flip|volume_profile,pivot:2024-11-19T18:00:00Z|pivot:2025-01-02T15:00:00Z|volume:POC:2025-01-03:590.928958,2,6514,True,,6548,4,6,2025-01-08T20:00:00Z,2025-01-07T20:00:00Z,2025-01-14T17:00:00Z
1082,demand,demand,584.63,585.8228718835346,2024-11-20T15:00:00Z,2024-11-20T19:00:00Z,,,,,,expired,1,1,pivot,pivot:2024-11-20T15:00:00Z,1,6324,False,,-1,0,0,,2024-12-20T15:30:00Z,2024-12-31T17:00:00Z
1083,supply,demand,595.8658865587817,596.14,2024-11-22T14:30:00Z,2024-11-22T18:00:00Z,,,,,,expired,2,2,pivot|role_flip,pivot:2024-11-22T14:30:00Z,1,6337,False,,6536,2,3,2025-01-07T15:30:00Z,2025-01-07T16:00:00Z,2025-01-16T15:30:00Z
1084,supply,supply,599.6143037781259,600.86,2024-11-25T14:30:00Z,2024-11-25T18:00:00Z,,,,,,expired,2,2,pivot|volume_profile,pivot:2024-11-25T14:30:00Z|volume:POC:2024-11-26:599.903750,1,6344,False,,-1,2,0,2024-11-29T15:30:00Z,2024-11-29T16:00:00Z,2024-12-09T18:00:00Z
1085,supply,supply,600.74,601.33,2024-11-26T20:00:00Z,2024-11-27T17:00:00Z,,,,,,expired,1,1,pivot,pivot:2024-11-26T20:00:00Z,1,6357,False,,-1,0,0,,2024-11-29T16:00:00Z,2024-12-09T18:00:00Z
1086,demand,demand,597.28,598.0800298458578,2024-11-27T17:00:00Z,2024-11-27T21:00:00Z,,,,,,expired,2,2,pivot|role_flip,pivot:2024-11-27T17:00:00Z,1,6361,True,,6588,1,4,2025-01-17T18:00:00Z,2025-01-17T17:00:00Z,2025-01-23T16:00:00Z
1087,supply,demand,603.93,604.32,2024-12-02T20:00:00Z,2024-12-03T17:00:00Z,,,,,,expired,3,3,pivot|role_flip|volume_profile,pivot:2024-12-02T20:00:00Z|volume:POC:2024-12-13:603.980000,1,6375,False,,6632,1,5,2025-01-28T20:00:00Z,2025-01-22T15:30:00Z,2025-01-28T21:00:00Z
1088,demand,demand,602.34,602.978688370674,2024-12-03T15:00:00Z,2024-12-03T19:00:00Z,2024-12-16T15:30:00Z,602.34,602.978688370674,2,pivot|repeated_pivot,expired,3,3,pivot|repeated_pivot|role_flip,pivot:2024-12-03T15:00:00Z|pivot:2024-12-13T18:00:00Z,2,6436,False,,6628,4,2,2025-01-28T16:00:00Z,2025-01-22T15:30:00Z,2025-01-28T17:00:00Z
1089,supply,demand,608.13,608.48,2024-12-05T17:00:00Z,2024-12-05T21:00:00Z,2024-12-12T15:30:00Z,608.13,608.48,3,pivot|repeated_pivot|role_flip,expired,3,3,pivot|repeated_pivot|role_flip,pivot:2024-12-05T17:00:00Z|pivot:2024-12-11T18:00:00Z,2,6422,False,,6649,2,3,2025-01-31T16:00:00Z,2025-01-23T21:00:00Z,2025-01-31T17:00:00Z
1090,demand,supply,606.3,606.8937951737811,2024-12-05T20:00:00Z,2024-12-06T15:30:00Z,,,,,,expired,2,2,order_block|role_flip,order_block:2024-12-05T20:00:00Z|structure_break:2024-12-06T14:30:00Z,0,,False,,6647,3,5,2025-01-30T21:00:00Z,2025-01-27T15:30:00Z,2025-01-31T15:30:00Z
1091,demand,supply,606.3,606.61,2024-12-05T20:00:00Z,2024-12-06T17:00:00Z,,,,,,expired,2,2,pivot|role_flip,pivot:2024-12-05T20:00:00Z,1,6396,False,,6647,2,7,2025-01-30T21:00:00Z,2025-01-27T15:30:00Z,2025-01-31T15:30:00Z
1092,supply,supply,608.9337781718554,609.07,2024-12-06T15:00:00Z,2024-12-06T19:00:00Z,,,,,,expired,2,2,pivot|role_flip,pivot:2024-12-06T15:00:00Z,1,6398,False,,6650,0,2,2025-01-31T17:00:00Z,2025-01-24T18:00:00Z,2025-01-31T18:00:00Z
1093,supply,demand,607.51,608.12,2024-12-06T20:00:00Z,2024-12-09T16:00:00Z,2025-01-22T21:00:00Z,607.51,608.12,4,order_block|pivot|repeated_pivot|volume_profile,expired,5,5,order_block|pivot|repeated_pivot|role_flip|volume_profile,order_block:2024-12-06T20:00:00Z|structure_break:2024-12-09T15:00:00Z|volume:POC:2024-12-06:607.575208|pivot:2024-12-16T20:00:00Z|pivot:2025-01-22T17:00:00Z,2,6600,False,,6649,3,1,2025-01-31T16:00:00Z,2025-01-23T21:00:00Z,2025-01-31T17:00:00Z
1094,demand,supply,604.08,604.66,2024-12-09T20:00:00Z,2024-12-10T17:00:00Z,,,,,,expired,3,3,pivot|role_flip|volume_profile,pivot:2024-12-09T20:00:00Z|volume:POC:2024-12-17:604.263542,1,6410,False,,6681,0,7,2025-02-06T20:00:00Z,2025-01-31T20:00:00Z,2025-02-06T21:00:00Z
1095,demand,supply,601.84,602.8257918273472,2024-12-10T20:00:00Z,2024-12-11T17:00:00Z,2024-12-26T21:00:00Z,601.84,602.8257918273472,3,pivot|repeated_pivot|role_flip,expired,4,4,pivot|repeated_pivot|role_flip|volume_profile,pivot:2024-12-10T20:00:00Z|pivot:2024-12-26T17:00:00Z|volume:POC:2025-01-21:601.992292,2,6488,False,,6664,3,5,2025-02-04T17:00:00Z,2025-02-03T15:30:00Z,2025-02-04T18:00:00Z
1097,demand,supply,605.13,605.8002255970267,2024-12-12T15:00:00Z,2024-12-12T19:00:00Z,,,,,,expired,2,2,pivot|role_flip,pivot:2024-12-12T15:00:00Z,1,6426,False,,6450,0,3,2024-12-17T17:00:00Z,2024-12-18T16:00:00Z,2024-12-27T18:00:00Z
1098,supply,supply,606.1775651296647,606.89,2024-12-12T17:00:00Z,2024-12-13T16:00:00Z,,,,,,expired,1,1,order_block,order_block:2024-12-12T17:00:00Z|structure_break:2024-12-13T15:00:00Z,0,,False,,-1,1,0,2024-12-16T15:30:00Z,2024-12-16T18:00:00Z,2024-12-24T17:00:00Z
1101,demand,demand,603.16,603.871057479757,2024-12-17T15:00:00Z,2024-12-17T19:00:00Z,,,,,,expired,1,1,pivot,pivot:2024-12-17T15:00:00Z,1,6447,False,,-1,0,0,,2024-12-18T20:00:00Z,2024-12-30T15:30:00Z
1102,demand,demand,602.88,603.4,2024-12-17T20:00:00Z,2024-12-18T17:00:00Z,,,,,,expired,1,1,pivot,pivot:2024-12-17T20:00:00Z,1,6452,False,,-1,0,0,,2024-12-18T20:00:00Z,2024-12-30T15:30:00Z
1103,supply,supply,605.96,606.41,2024-12-18T15:00:00Z,2024-12-18T19:00:00Z,,,,,,expired,2,2,pivot|role_flip,pivot:2024-12-18T15:00:00Z,1,6454,False,,6641,1,2,2025-01-30T15:30:00Z,2025-01-31T15:30:00Z,2025-02-07T21:00:00Z
1104,supply,supply,605.1453243582924,606.41,2024-12-18T15:00:00Z,2024-12-18T20:00:00Z,,,,,,expired,2,2,order_block|role_flip,order_block:2024-12-18T15:00:00Z|structure_break:2024-12-18T19:00:00Z|structure_break:2024-12-18T20:00:00Z,0,,False,,6642,2,2,2025-01-30T15:30:00Z,2025-01-31T15:30:00Z,2025-02-07T21:00:00Z
1106,demand,demand,585.89,586.3,2024-12-18T20:00:00Z,2024-12-19T17:00:00Z,,,,,,expired,2,2,pivot|role_flip,pivot:2024-12-18T20:00:00Z,1,6459,False,,6544,1,4,2025-01-08T16:00:00Z,2025-01-10T15:30:00Z,2025-01-17T21:00:00Z
1107,demand,demand,580.5,581.9,2024-12-20T14:30:00Z,2024-12-20T18:00:00Z,2025-01-03T15:30:00Z,580.5,581.9,2,pivot|repeated_pivot,expired,4,4,pivot|repeated_pivot|role_flip|volume_profile,pivot:2024-12-20T14:30:00Z|pivot:2025-01-02T18:00:00Z|volume:POC:2025-01-10:581.174375,2,6517,True,,6568,2,2,2025-01-14T19:00:00Z,2025-01-14T15:30:00Z,2025-02-13T17:00:00Z
1109,demand,supply,587.66,589.08,2024-12-23T15:00:00Z,2024-12-23T19:00:00Z,,,,,,expired,2,2,pivot|role_flip,pivot:2024-12-23T15:00:00Z,1,6475,False,,6546,1,3,2025-01-08T18:00:00Z,2025-01-08T21:00:00Z,2025-01-17T20:00:00Z
1111,demand,demand,590.76,592.03,2024-12-27T17:00:00Z,2024-12-27T21:00:00Z,2025-01-17T15:30:00Z,590.76,592.03,4,pivot|repeated_pivot|role_flip|volume_profile,expired,4,4,pivot|repeated_pivot|role_flip|volume_profile,pivot:2024-12-27T17:00:00Z|volume:POC:2025-01-03:590.928958|pivot:2025-01-16T18:00:00Z|pivot:2025-02-03T15:00:00Z,3,6654,True,,6656,3,4,2025-02-03T15:30:00Z,2025-01-15T19:00:00Z,2025-02-20T17:00:00Z
1112,demand,supply,584.41,585.36,2024-12-30T15:00:00Z,2024-12-30T19:00:00Z,2025-01-02T16:00:00Z,584.41,585.36,2,pivot|repeated_pivot,expired,3,3,pivot|repeated_pivot|role_flip,pivot:2024-12-30T15:00:00Z|pivot:2024-12-31T19:00:00Z|pivot:2025-01-14T14:30:00Z,3,6562,False,,6565,2,1,2025-01-14T15:30:00Z,2025-01-15T15:30:00Z,2025-01-23T21:00:00Z
1114,supply,supply,587.59,588.77,2025-01-02T16:00:00Z,2025-01-02T18:00:00Z,,,,,,expired,2,2,order_block|role_flip,order_block:2025-01-02T16:00:00Z|structure_break:2025-01-02T17:00:00Z,0,,False,,6546,2,2,2025-01-08T18:00:00Z,2025-01-08T21:00:00Z,2025-01-17T20:00:00Z
1117,supply,supply,599.3815844214677,599.7,2025-01-06T16:00:00Z,2025-01-06T20:00:00Z,,,,,,expired,3,3,pivot|role_flip|volume_profile,pivot:2025-01-06T16:00:00Z|volume:POC:2025-02-21:599.695625,1,6529,False,,6769,2,8,2025-02-26T17:00:00Z,2025-02-24T21:00:00Z,2025-02-27T16:00:00Z
1118,demand,demand,585.19,586.7138147028414,2025-01-08T17:00:00Z,2025-01-08T21:00:00Z,,,,,,expired,1,1,pivot,pivot:2025-01-08T17:00:00Z,1,6544,False,,-1,0,0,,2025-01-10T15:30:00Z,2025-01-17T21:00:00Z
1119,supply,supply,588.8453485470399,590.58,2025-01-08T19:00:00Z,2025-01-10T16:00:00Z,,,,,,expired,2,2,pivot|role_flip,pivot:2025-01-08T19:00:00Z,1,6546,False,,6783,3,2,2025-02-28T17:00:00Z,2025-02-28T21:00:00Z,2025-03-10T19:00:00Z
1120,demand,supply,578.35,579.12,2025-01-10T17:00:00Z,2025-01-10T21:00:00Z,2025-01-14T21:00:00Z,578.35,579.12,3,pivot|repeated_pivot|role_flip,expired,3,3,pivot|repeated_pivot|role_flip,pivot:2025-01-10T17:00:00Z|pivot:2025-01-14T17:00:00Z,2,6565,False,,6798,1,3,2025-03-04T18:00:00Z,2025-03-04T15:30:00Z,2025-03-04T19:00:00Z
1121,demand,supply,575.35,575.77,2025-01-13T14:30:00Z,2025-01-13T18:00:00Z,,,,,,expired,2,2,pivot|role_flip,pivot:2025-01-13T14:30:00Z,1,6555,False,,6809,1,1,2025-03-06T15:30:00Z,2025-03-04T16:00:00Z,2025-03-06T16:00:00Z
1124,supply,supply,591.95,592.97,2025-01-15T15:00:00Z,2025-01-15T19:00:00Z,,,,,,expired,3,3,pivot|role_flip|volume_profile,pivot:2025-01-15T15:00:00Z|volume:POC:2025-01-15:592.653542,1,6570,False,,6584,0,2,2025-01-16T21:00:00Z,2025-01-17T15:30:00Z,2025-01-27T21:00:00Z
1125,supply,supply,593.51,594.35,2025-01-16T16:00:00Z,2025-01-16T20:00:00Z,,,,,,expired,1,1,pivot,pivot:2025-01-16T16:00:00Z,1,6578,False,,-1,0,0,,2025-01-17T15:30:00Z,2025-01-27T21:00:00Z
1128,demand,demand,604.94,605.98,2025-01-23T14:30:00Z,2025-01-23T18:00:00Z,2025-01-30T18:00:00Z,604.94,605.98,3,pivot|repeated_pivot|role_flip,expired,4,4,pivot|repeated_pivot|role_flip|volume_profile,pivot:2025-01-23T14:30:00Z|pivot:2025-01-30T14:30:00Z|volume:POC:2025-02-06:605.103542|pivot:2025-02-11T19:00:00Z,3,6700,False,,6713,3,4,2025-02-21T16:00:00Z,2025-02-21T18:00:00Z,2025-03-03T17:00:00Z
1129,supply,supply,609.46,610.78,2025-01-24T14:30:00Z,2025-01-24T18:00:00Z,2025-01-31T20:00:00Z,609.46,610.78,2,pivot|repeated_pivot,expired,4,4,pivot|repeated_pivot|role_flip|volume_profile,pivot:2025-01-24T14:30:00Z|pivot:2025-01-31T16:00:00Z|volume:POC:2025-02-14:609.830000,2,6648,True,,6740,1,2,2025-02-20T16:00:00Z,2025-02-20T15:30:00Z,2025-03-14T20:00:00Z
1130,demand,demand,594.64,594.9148488118815,2025-01-27T14:30:00Z,2025-01-27T18:00:00Z,,,,,,expired,1,1,pivot,pivot:2025-01-27T14:30:00Z,1,6618,False,,-1,0,0,,2025-02-03T15:30:00Z,2025-02-10T21:00:00Z
1131,supply,demand,604.87,605.37,2025-01-28T20:00:00Z,2025-01-29T17:00:00Z,2025-02-10T19:00:00Z,604.87,605.37,3,pivot|repeated_pivot|role_flip,expired,3,3,pivot|repeated_pivot|role_flip,pivot:2025-01-28T20:00:00Z|pivot:2025-02-10T15:00:00Z|pivot:2025-02-10T19:00:00Z,2,6689,False,,6715,3,5,2025-02-13T19:00:00Z,2025-02-21T18:00:00Z,2025-03-03T17:00:00Z
1132,demand,supply,599.22,600.6317565409583,2025-01-29T19:00:00Z,2025-01-30T16:00:00Z,,,,,,expired,3,3,pivot|role_flip|volume_profile,pivot:2025-01-29T19:00:00Z|volume:POC:2025-02-21:599.695625,1,6637,True,,6769,4,3,2025-02-26T16:00:00Z,2025-02-24T15:30:00Z,2025-03-20T18:00:00Z
1136,supply,supply,601.48,602.3,2025-02-04T19:00:00Z,2025-02-05T16:00:00Z,,,,,,expired,2,2,pivot|role_flip,pivot:2025-02-04T19:00:00Z,1,6665,True,,6753,2,4,2025-02-24T15:30:00Z,2025-02-21T20:00:00Z,2025-03-26T18:00:00Z
1137,demand,supply,598.58,599.90765860954,2025-02-05T15:00:00Z,2025-02-05T19:00:00Z,2025-02-26T20:00:00Z,598.58,599.90765860954,4,pivot|repeated_pivot|role_flip|volume_profile,expired,4,4,pivot|repeated_pivot|role_flip|volume_profile,pivot:2025-02-05T15:00:00Z|volume:POC:2025-02-21:599.695625|pivot:2025-02-26T16:00:00Z,2,6767,True,,6769,3,1,2025-02-26T16:00:00Z,2025-02-24T16:00:00Z,2025-03-27T14:30:00Z
1138,supply,demand,605.8559009757417,606.1,2025-02-06T14:30:00Z,2025-02-06T18:00:00Z,,,,,,expired,2,2,pivot|role_flip,pivot:2025-02-06T14:30:00Z,1,6674,False,,6712,1,1,2025-02-21T16:00:00Z,2025-02-21T18:00:00Z,2025-03-03T17:00:00Z
1139,demand,supply,602.63,603.6730751279996,2025-02-06T19:00:00Z,2025-02-06T21:00:00Z,,,,,,expired,3,3,order_block|role_flip|volume_profile,order_block:2025-02-06T19:00:00Z|structure_break:2025-02-06T20:00:00Z|volume:POC:2025-02-05:602.801875,0,,True,,6753,3,5,2025-02-24T15:30:00Z,2025-02-21T19:00:00Z,2025-03-28T16:00:00Z
1140,supply,supply,607.09,608.13,2025-02-07T14:30:00Z,2025-02-07T18:00:00Z,2025-02-13T19:00:00Z,607.09,608.13,2,pivot|repeated_pivot,expired,3,3,pivot|repeated_pivot|role_flip,pivot:2025-02-07T14:30:00Z|pivot:2025-02-13T15:00:00Z,2,6710,True,,6748,0,2,2025-02-21T17:00:00Z,2025-02-21T16:00:00Z,2025-03-28T20:00:00Z
1141,demand,supply,600.05,600.78,2025-02-07T20:00:00Z,2025-02-10T17:00:00Z,,,,,,expired,2,2,pivot|role_flip,pivot:2025-02-07T20:00:00Z,1,6687,True,,6755,2,1,2025-02-24T17:00:00Z,2025-02-24T15:30:00Z,2025-03-31T19:00:00Z
1144,demand,demand,602.43,602.6564054306834,2025-02-11T14:30:00Z,2025-02-11T18:00:00Z,,,,,,expired,1,1,pivot,pivot:2025-02-11T14:30:00Z,1,6695,False,,-1,0,0,,2025-02-12T15:30:00Z,2025-02-20T21:00:00Z
1146,demand,supply,598.51,599.23,2025-02-12T14:30:00Z,2025-02-12T18:00:00Z,,,,,,expired,2,2,pivot|role_flip,pivot:2025-02-12T14:30:00Z,1,6702,True,,6769,2,1,2025-02-26T16:00:00Z,2025-02-24T16:00:00Z,2025-04-02T20:00:00Z
1148,supply,supply,610.51,611.0,2025-02-14T15:00:00Z,2025-02-14T19:00:00Z,2025-02-18T18:00:00Z,610.51,611.0,2,pivot|repeated_pivot,expired,3,3,pivot|repeated_pivot|role_flip,pivot:2025-02-14T15:00:00Z|pivot:2025-02-18T14:30:00Z|pivot:2025-02-20T20:00:00Z,3,6743,True,,6745,1,2,2025-02-20T21:00:00Z,2025-02-20T15:30:00Z,2025-04-07T14:30:00Z
1150,demand,supply,608.38,609.2141432979776,2025-02-18T19:00:00Z,2025-02-19T16:00:00Z,,,,,,expired,2,2,pivot|role_flip,pivot:2025-02-18T19:00:00Z,1,6728,False,,6741,1,1,2025-02-20T17:00:00Z,2025-02-20T20:00:00Z,2025-02-28T19:00:00Z
1151,supply,supply,613.0170607538693,613.23,2025-02-19T19:00:00Z,2025-02-20T16:00:00Z,,,,,,expired,1,1,pivot,pivot:2025-02-19T19:00:00Z,1,6735,True,,-1,0,0,,,2025-03-05T20:00:00Z
1152,demand,supply,607.02,607.35,2025-02-20T15:00:00Z,2025-02-20T19:00:00Z,,,,,,expired,2,2,pivot|role_flip,pivot:2025-02-20T15:00:00Z,1,6738,True,,6748,0,1,2025-02-21T17:00:00Z,2025-02-21T16:00:00Z,2025-04-10T14:30:00Z
1154,supply,supply,609.87,610.7,2025-02-20T20:00:00Z,2025-02-21T18:00:00Z,,,,,,expired,1,1,order_block,order_block:2025-02-20T20:00:00Z|structure_break:2025-02-21T17:00:00Z,0,,True,,-1,0,0,,,2025-03-06T15:30:00Z
1155,demand,supply,596.49,597.6888573978865,2025-02-24T15:00:00Z,2025-02-24T19:00:00Z,,,,,,expired,2,2,pivot|role_flip,pivot:2025-02-24T15:00:00Z,1,6752,False,,6766,1,1,2025-02-25T21:00:00Z,2025-02-26T16:00:00Z,2025-03-06T15:30:00Z
1156,demand,supply,589.56,591.0132528571366,2025-02-25T16:00:00Z,2025-02-25T20:00:00Z,,,,,,expired,2,2,pivot|role_flip,pivot:2025-02-25T16:00:00Z,1,6760,True,,6792,1,1,2025-03-03T19:00:00Z,2025-02-27T20:00:00Z,2025-04-15T15:00:00Z
1158,demand,supply,590.52,592.2676664437001,2025-02-27T15:00:00Z,2025-02-27T19:00:00Z,,,,,,expired,2,2,pivot|role_flip,pivot:2025-02-27T15:00:00Z,1,6773,True,,6792,0,1,2025-03-03T19:00:00Z,2025-02-27T20:00:00Z,2025-04-17T14:30:00Z
1159,supply,supply,593.44,595.16,2025-02-27T18:00:00Z,2025-02-27T20:00:00Z,,,,,,expired,1,1,order_block,order_block:2025-02-27T18:00:00Z|structure_break:2025-02-27T19:00:00Z|structure_break:2025-02-27T20:00:00Z,0,,True,,6788,1,0,2025-02-28T21:00:00Z,,2025-03-12T16:00:00Z
1161,demand,supply,583.05,585.1990685129136,2025-02-28T14:30:00Z,2025-02-28T18:00:00Z,2025-03-06T17:00:00Z,583.05,585.1990685129136,3,pivot|repeated_pivot|role_flip,expired,3,3,pivot|repeated_pivot|role_flip,pivot:2025-02-28T14:30:00Z|pivot:2025-03-05T20:00:00Z,2,6806,True,,6801,1,1,2025-03-04T21:00:00Z,2025-03-04T15:30:00Z,2025-04-17T20:00:00Z
1162,demand,supply,582.44,583.6,2025-02-28T18:00:00Z,2025-03-03T15:30:00Z,,,,,,expired,2,2,pivot|role_flip,pivot:2025-02-28T18:00:00Z,1,6783,True,,6801,1,1,2025-03-04T21:00:00Z,2025-03-04T15:30:00Z,2025-04-21T17:00:00Z
1163,supply,supply,596.18,597.34,2025-03-03T14:30:00Z,2025-03-03T18:00:00Z,,,,,,expired,1,1,pivot,pivot:2025-03-03T14:30:00Z,1,6786,True,,-1,0,0,,,2025-03-19T19:00:00Z
1164,demand,demand,572.25,574.09,2025-03-04T15:00:00Z,2025-03-04T19:00:00Z,,,,,,expired,2,2,pivot|role_flip,pivot:2025-03-04T15:00:00Z,1,6794,False,,6822,2,2,2025-03-07T21:00:00Z,2025-03-10T14:30:00Z,2025-03-17T20:00:00Z
1165,supply,supply,582.8735934639211,585.39,2025-03-04T20:00:00Z,2025-03-05T17:00:00Z,,,,,,expired,1,1,pivot,pivot:2025-03-04T20:00:00Z,1,6799,True,,6809,1,0,2025-03-05T20:00:00Z,,2025-03-19T19:00:00Z
1166,demand,supply,573.07,575.5364975072032,2025-03-05T16:00:00Z,2025-03-05T20:00:00Z,,,,,,expired,3,3,pivot|role_flip|volume_profile,pivot:2025-03-05T16:00:00Z|volume:POC:2025-03-06:574.102083,1,6802,False,,6814,1,1,2025-03-06T20:00:00Z,2025-03-07T21:00:00Z,2025-03-17T19:00:00Z
1168,demand,supply,565.63,567.1,2025-03-07T16:00:00Z,2025-03-07T20:00:00Z,2025-03-17T17:00:00Z,565.63,567.1,3,pivot|repeated_pivot|role_flip,expired,4,4,pivot|repeated_pivot|role_flip|volume_profile,pivot:2025-03-07T16:00:00Z|pivot:2025-03-17T13:30:00Z|volume:POC:2025-03-20:565.754792|pivot:2025-04-02T17:00:00Z,3,6944,True,,6946,2,5,2025-04-02T18:00:00Z,2025-03-28T14:30:00Z,2025-04-28T15:00:00Z
1169,supply,supply,575.85,577.39,2025-03-07T20:00:00Z,2025-03-10T16:00:00Z,,,,,,expired,1,1,pivot,pivot:2025-03-07T20:00:00Z,1,6820,True,,-1,0,0,,,2025-03-20T16:00:00Z
1170,demand,supply,552.02,554.28,2025-03-11T17:00:00Z,2025-03-12T14:30:00Z,,,,,,expired,3,3,pivot|role_flip|volume_profile,pivot:2025-03-11T17:00:00Z|volume:POC:2025-03-13:552.233958,1,6832,False,,6850,1,1,2025-03-13T20:00:00Z,2025-03-14T14:30:00Z,2025-03-21T20:00:00Z
1171,supply,supply,561.55,564.02,2025-03-11T19:00:00Z,2025-03-12T16:00:00Z,,,,,,expired,2,2,pivot|role_flip,pivot:2025-03-11T19:00:00Z,1,6834,False,,6888,3,4,2025-03-21T16:00:00Z,2025-03-21T20:00:00Z,2025-03-31T19:00:00Z
1172,demand,demand,549.68,550.2674858661596,2025-03-13T17:00:00Z,2025-03-14T14:30:00Z,,,,,,expired,1,1,pivot,pivot:2025-03-13T17:00:00Z,1,6846,False,,6929,1,0,2025-03-31T14:30:00Z,2025-04-03T14:30:00Z,2025-04-10T20:00:00Z
1174,supply,supply,569.2,569.71,2025-03-17T18:00:00Z,2025-03-18T15:00:00Z,,,,,,expired,3,3,pivot|role_flip|volume_profile,pivot:2025-03-17T18:00:00Z|volume:POC:2025-03-26:569.284583,1,6861,True,,6917,2,2,2025-03-27T17:00:00Z,2025-03-27T16:00:00Z,2025-05-06T18:00:00Z
1175,demand,supply,559.06,559.61,2025-03-18T15:00:00Z,2025-03-18T19:00:00Z,,,,,,expired,3,3,pivot|role_flip|volume_profile,pivot:2025-03-18T15:00:00Z|volume:POC:2025-04-01:559.274583,1,6865,False,,6942,3,3,2025-04-02T14:30:00Z,2025-04-02T15:00:00Z,2025-04-10T14:30:00Z
1176,demand,supply,562.72,564.3286208661411,2025-03-19T17:00:00Z,2025-03-19T19:00:00Z,,,,,,expired,2,2,order_block|role_flip,order_block:2025-03-19T17:00:00Z|structure_break:2025-03-19T18:00:00Z,0,,False,,6891,1,1,2025-03-21T19:00:00Z,2025-03-24T14:30:00Z,2025-03-31T20:00:00Z
1177,supply,supply,569.1113283367962,570.95,2025-03-19T19:00:00Z,2025-03-20T16:00:00Z,,,,,,expired,1,1,pivot,pivot:2025-03-19T19:00:00Z,1,6876,False,,-1,0,0,,2025-03-24T14:30:00Z,2025-03-31T20:00:00Z
1178,demand,demand,558.03,559.85,2025-03-21T14:00:00Z,2025-03-21T18:00:00Z,,,,,,expired,2,2,pivot|role_flip,pivot:2025-03-21T14:00:00Z,1,6885,False,,6938,1,2,2025-04-01T17:00:00Z,2025-04-01T19:00:00Z,2025-04-09T18:00:00Z
1179,supply,supply,575.19,576.41,2025-03-25T14:00:00Z,2025-03-25T18:00:00Z,2025-03-26T17:00:00Z,575.19,576.41,2,pivot|repeated_pivot,expired,2,2,pivot|repeated_pivot,pivot:2025-03-25T14:00:00Z|pivot:2025-03-26T13:30:00Z,2,6905,False,,6909,1,0,2025-03-26T14:30:00Z,2025-05-12T14:30:00Z,2025-05-19T20:00:00Z
1181,demand,supply,564.94,566.4024287277784,2025-03-27T13:30:00Z,2025-03-27T17:00:00Z,,,,,,expired,2,2,pivot|role_flip,pivot:2025-03-27T13:30:00Z,1,6912,False,,7127,2,5,2025-05-09T17:00:00Z,2025-05-12T14:30:00Z,2025-05-19T20:00:00Z
1182,supply,supply,570.5879299202287,570.9,2025-03-27T15:00:00Z,2025-03-27T19:00:00Z,,,,,,expired,1,1,pivot,pivot:2025-03-27T15:00:00Z,1,6914,True,,-1,0,0,,,2025-05-08T15:00:00Z
1183,supply,supply,567.7216776523666,569.19,2025-03-27T18:00:00Z,2025-03-28T15:00:00Z,,,,,,expired,2,2,order_block|volume_profile,order_block:2025-03-27T18:00:00Z|structure_break:2025-03-28T14:00:00Z|volume:POC:2025-03-27:567.795833,0,,False,,-1,2,0,2025-05-08T16:00:00Z,2025-05-08T17:00:00Z,2025-05-16T16:00:00Z
1184,demand,demand,546.87,548.5073584292953,2025-03-31T13:30:00Z,2025-03-31T17:00:00Z,,,,,,expired,1,1,pivot,pivot:2025-03-31T13:30:00Z,1,6926,False,,-1,0,0,,2025-04-03T14:30:00Z,2025-04-10T20:00:00Z
1185,supply,demand,561.59,562.94,2025-04-01T16:00:00Z,2025-04-01T20:00:00Z,,,,,,expired,2,2,pivot|role_flip,pivot:2025-04-01T16:00:00Z,1,6936,False,,6948,1,1,2025-04-02T20:00:00Z,2025-04-03T14:30:00Z,2025-04-10T20:00:00Z
1186,demand,demand,554.81,555.2340026184121,2025-04-02T13:30:00Z,2025-04-02T17:00:00Z,,,,,,expired,1,1,pivot,pivot:2025-04-02T13:30:00Z,1,6940,False,,-1,0,0,,2025-04-03T14:30:00Z,2025-04-10T20:00:00Z
1188,demand,demand,539.58,540.2,2025-04-03T15:00:00Z,2025-04-03T19:00:00Z,,,,,,expired,3,3,pivot|role_flip|volume_profile,pivot:2025-04-03T15:00:00Z|volume:POC:2025-04-14:539.721250,1,6949,True,,7048,0,6,2025-04-24T15:00:00Z,2025-04-23T14:30:00Z,2025-05-23T15:00:00Z
1189,supply,demand,541.3926276749967,546.33,2025-04-03T15:00:00Z,2025-04-04T15:00:00Z,,,,,,expired,4,4,order_block|pivot|role_flip|volume_profile,order_block:2025-04-03T15:00:00Z|structure_break:2025-04-04T14:00:00Z|volume:POC:2025-04-03:541.743125|pivot:2025-04-09T19:00:00Z,1,6981,True,,7076,4,1,2025-04-30T14:30:00Z,2025-04-25T16:00:00Z,2025-05-23T18:00:00Z
1190,demand,demand,481.8,487.2030366953266,2025-04-07T13:30:00Z,2025-04-07T17:00:00Z,,,,,,expired,1,1,pivot,pivot:2025-04-07T13:30:00Z,1,6961,True,,-1,0,0,,,2025-05-09T20:00:00Z
1191,supply,demand,517.6119302114824,523.17,2025-04-07T14:00:00Z,2025-04-07T18:00:00Z,,,,,,expired,2,2,pivot|role_flip,pivot:2025-04-07T14:00:00Z,1,6962,False,,7018,3,1,2025-04-21T14:30:00Z,2025-04-21T15:00:00Z,2025-04-29T14:30:00Z
1192,supply,demand,522.59,524.98,2025-04-08T14:00:00Z,2025-04-08T18:00:00Z,,,,,,expired,2,2,pivot|role_flip,pivot:2025-04-08T14:00:00Z,1,6969,True,,7039,1,3,2025-04-22T20:00:00Z,2025-04-22T19:00:00Z,2025-05-29T14:30:00Z
1193,demand,demand,489.16,494.35111551949484,2025-04-08T19:00:00Z,2025-04-09T16:00:00Z,,,,,,expired,1,1,pivot,pivot:2025-04-08T19:00:00Z,1,6974,True,,-1,0,0,,,2025-05-27T18:00:00Z
1194,demand,demand,493.09,498.80882199811975,2025-04-09T14:00:00Z,2025-04-09T18:00:00Z,,,,,,expired,2,2,order_block|volume_profile,order_block:2025-04-09T14:00:00Z|structure_break:2025-04-09T17:00:00Z|volume:POC:2025-04-09:498.600000,0,,True,,-1,0,0,,,2025-05-30T14:30:00Z
1196,demand,supply,509.32,515.5561614390862,2025-04-10T16:00:00Z,2025-04-10T20:00:00Z,,,,,,expired,3,3,pivot|role_flip|volume_profile,pivot:2025-04-10T16:00:00Z|volume:POC:2025-04-21:510.942500,1,6985,False,,7031,1,1,2025-04-21T19:00:00Z,2025-04-22T14:30:00Z,2025-04-29T20:00:00Z
1197,supply,demand,541.52,544.28,2025-04-14T13:30:00Z,2025-04-14T17:00:00Z,2025-04-15T18:00:00Z,541.52,544.28,2,pivot|repeated_pivot,expired,3,3,pivot|repeated_pivot|role_flip,pivot:2025-04-14T13:30:00Z|pivot:2025-04-15T14:00:00Z,2,7004,True,,7076,2,1,2025-04-30T14:30:00Z,2025-04-24T17:00:00Z,2025-06-03T20:00:00Z
1199,supply,supply,530.2461984789678,532.96,2025-04-16T14:00:00Z,2025-04-16T18:00:00Z,,,,,,expired,2,2,order_block|volume_profile,order_block:2025-04-16T14:00:00Z|structure_break:2025-04-16T17:00:00Z|volume:POC:2025-04-16:531.096250,0,,False,,7024,1,0,2025-04-17T17:00:00Z,2025-04-23T14:30:00Z,2025-04-30T20:00:00Z
1200,demand,demand,520.29,522.83,2025-04-16T19:00:00Z,2025-04-17T16:00:00Z,,,,,,expired,1,1,pivot,pivot:2025-04-16T19:00:00Z,1,7016,False,,-1,0,0,,2025-04-21T14:30:00Z,2025-04-28T20:00:00Z
1201,supply,supply,529.58,531.17,2025-04-17T18:00:00Z,2025-04-21T15:00:00Z,,,,,,expired,1,1,pivot,pivot:2025-04-17T18:00:00Z,1,7022,False,,-1,0,0,,2025-04-23T14:30:00Z,2025-04-30T20:00:00Z
1202,demand,demand,508.46,509.01290561934684,2025-04-21T18:00:00Z,2025-04-22T15:00:00Z,,,,,,expired,1,1,pivot,pivot:2025-04-21T18:00:00Z,1,7029,True,,-1,0,0,,,2025-05-28T14:30:00Z
1203,supply,supply,527.56,529.31,2025-04-22T16:00:00Z,2025-04-22T20:00:00Z,,,,,,expired,1,1,pivot,pivot:2025-04-22T16:00:00Z,1,7034,False,,-1,0,0,,2025-04-23T14:30:00Z,2025-04-30T20:00:00Z
1204,supply,demand,543.6,545.43,2025-04-23T14:00:00Z,2025-04-23T18:00:00Z,,,,,,expired,3,3,pivot|role_flip|volume_profile,pivot:2025-04-23T14:00:00Z|volume:POC:2025-04-24:545.183750,1,7039,False,,7066,2,1,2025-04-28T18:00:00Z,2025-04-30T14:30:00Z,2025-05-07T20:00:00Z
1205,demand,demand,533.88,535.41,2025-04-23T19:00:00Z,2025-04-24T16:00:00Z,,,,,,expired,1,1,pivot,pivot:2025-04-23T19:00:00Z,1,7044,True,,-1,0,0,,,2025-05-28T17:00:00Z
1206,supply,demand,551.6098213214572,553.55,2025-04-28T13:30:00Z,2025-04-28T17:00:00Z,,,,,,expired,2,2,pivot|role_flip,pivot:2025-04-28T13:30:00Z,1,7059,True,,7081,1,1,2025-04-30T20:00:00Z,2025-04-29T18:00:00Z,2025-06-16T20:00:00Z
1207,demand,demand,545.02,546.46,2025-04-28T17:00:00Z,2025-04-29T14:30:00Z,,,,,,expired,1,1,pivot,pivot:2025-04-28T17:00:00Z,1,7063,False,,-1,0,0,,2025-04-30T14:30:00Z,2025-05-07T20:00:00Z
1208,supply,supply,553.2108421543401,555.1,2025-04-29T17:00:00Z,2025-04-30T14:30:00Z,,,,,,expired,2,2,order_block|volume_profile,order_block:2025-04-29T17:00:00Z|structure_break:2025-04-30T13:30:00Z|volume:POC:2025-04-29:554.156250,0,,False,,-1,1,0,2025-04-30T20:00:00Z,2025-05-01T14:30:00Z,2025-05-08T20:00:00Z
1209,supply,supply,554.34,555.45,2025-04-29T19:00:00Z,2025-04-30T16:00:00Z,,,,,,expired,1,1,pivot,pivot:2025-04-29T19:00:00Z,1,7072,False,,-1,1,0,2025-04-30T20:00:00Z,2025-05-01T14:30:00Z,2025-05-08T20:00:00Z
1210,demand,demand,541.52,541.9738400688263,2025-04-30T13:30:00Z,2025-04-30T17:00:00Z,,,,,,expired,1,1,pivot,pivot:2025-04-30T13:30:00Z,1,7073,True,,-1,0,0,,,2025-06-06T16:00:00Z
1211,supply,demand,563.36,564.07,2025-05-01T15:00:00Z,2025-05-01T19:00:00Z,,,,,,expired,3,3,pivot|role_flip|volume_profile,pivot:2025-05-01T15:00:00Z|volume:POC:2025-05-09:564.043750,1,7082,True,,7125,1,3,2025-05-09T15:00:00Z,2025-05-08T16:00:00Z,2025-06-23T15:00:00Z
1212,demand,demand,557.86,558.46,2025-05-01T19:00:00Z,2025-05-02T16:00:00Z,,,,,,expired,1,1,pivot,pivot:2025-05-01T19:00:00Z,1,7086,False,,-1,0,0,,2025-05-06T14:30:00Z,2025-05-13T20:00:00Z
1213,supply,supply,567.25,568.38,2025-05-02T18:00:00Z,2025-05-05T15:00:00Z,,,,,,expired,1,1,pivot,pivot:2025-05-02T18:00:00Z,1,7092,False,,-1,1,0,2025-05-08T16:00:00Z,2025-05-08T17:00:00Z,2025-05-16T16:00:00Z
1214,demand,demand,561.7,562.55,2025-05-05T13:30:00Z,2025-05-05T17:00:00Z,,,,,,expired,2,2,pivot|role_flip,pivot:2025-05-05T13:30:00Z,1,7094,True,,7118,1,2,2025-05-08T15:00:00Z,2025-05-08T14:30:00Z,2025-06-24T20:00:00Z
1215,supply,supply,565.79,566.65,2025-05-05T18:00:00Z,2025-05-06T15:00:00Z,,,,,,expired,2,2,pivot|role_flip,pivot:2025-05-05T18:00:00Z,1,7099,False,,7130,0,2,2025-05-09T20:00:00Z,2025-05-12T14:30:00Z,2025-05-19T20:00:00Z
1216,demand,demand,556.96,557.4,2025-05-06T13:30:00Z,2025-05-06T17:00:00Z,,,,,,expired,1,1,pivot,pivot:2025-05-06T13:30:00Z,1,7101,True,,-1,1,0,2025-05-07T19:00:00Z,,2025-06-10T19:00:00Z
1217,demand,demand,556.04,557.9485156354723,2025-05-07T18:00:00Z,2025-05-08T15:00:00Z,,,,,,expired,1,1,pivot,pivot:2025-05-07T18:00:00Z,1,7113,True,,-1,0,0,,,2025-06-11T18:00:00Z
1218,demand,demand,561.7,563.5832274844897,2025-05-08T14:00:00Z,2025-05-08T16:00:00Z,,,,,,expired,1,1,order_block,order_block:2025-05-08T14:00:00Z|structure_break:2025-05-08T15:00:00Z,0,,True,,7126,1,0,2025-05-09T15:00:00Z,,2025-06-12T15:00:00Z
1219,supply,supply,569.8861526331663,570.31,2025-05-08T16:00:00Z,2025-05-08T20:00:00Z,,,,,,expired,1,1,pivot,pivot:2025-05-08T16:00:00Z,1,7118,False,,-1,0,0,,2025-05-12T14:30:00Z,2025-05-19T20:00:00Z
1220,demand,demand,562.76,564.56,2025-05-09T14:00:00Z,2025-05-09T18:00:00Z,,,,,,expired,2,2,pivot|volume_profile,pivot:2025-05-09T14:00:00Z|volume:POC:2025-05-09:564.043750,1,7123,True,,-1,0,0,,,2025-07-01T14:30:00Z
1221,supply,supply,581.2714682610389,581.73,2025-05-12T13:30:00Z,2025-05-12T17:00:00Z,,,,,,expired,1,1,pivot,pivot:2025-05-12T13:30:00Z,1,7129,False,,-1,0,0,,2025-05-12T20:00:00Z,2025-05-20T19:00:00Z
1222,supply,demand,588.09,589.08,2025-05-13T19:00:00Z,2025-05-14T16:00:00Z,2025-05-19T17:00:00Z,588.09,589.08,3,pivot|repeated_pivot|role_flip,expired,4,4,pivot|repeated_pivot|role_flip|volume_profile,pivot:2025-05-13T19:00:00Z|pivot:2025-05-19T13:30:00Z|pivot:2025-05-21T13:30:00Z|volume:POC:2025-05-29:588.595208,3,7178,True,,7230,4,7,2025-06-02T15:00:00Z,2025-05-30T20:00:00Z,2025-07-07T15:00:00Z
1223,demand,demand,585.09,585.56,2025-05-15T13:30:00Z,2025-05-15T17:00:00Z,,,,,,expired,2,2,pivot|role_flip,pivot:2025-05-15T13:30:00Z,1,7150,False,,7201,1,2,2025-05-27T14:30:00Z,2025-05-30T17:00:00Z,2025-06-09T16:00:00Z
1224,supply,supply,594.2058476093003,594.5,2025-05-16T19:00:00Z,2025-05-19T16:00:00Z,,,,,,expired,1,1,pivot,pivot:2025-05-16T19:00:00Z,1,7163,False,,-1,0,0,,2025-05-19T20:00:00Z,2025-05-28T19:00:00Z
1226,supply,supply,594.54,595.54,2025-05-19T17:00:00Z,2025-05-20T14:30:00Z,,,,,,expired,2,2,pivot|role_flip,pivot:2025-05-19T17:00:00Z,1,7168,False,,7256,1,2,2025-06-05T20:00:00Z,2025-06-06T14:30:00Z,2025-06-13T20:00:00Z
1228,supply,demand,590.8691096848834,592.24,2025-05-21T15:00:00Z,2025-05-21T18:00:00Z,,,,,,expired,3,3,order_block|role_flip|volume_profile,order_block:2025-05-21T15:00:00Z|structure_break:2025-05-21T17:00:00Z|volume:POC:2025-05-21:591.459167,0,,True,,7331,5,1,2025-06-23T17:00:00Z,2025-06-02T20:00:00Z,2025-07-14T17:00:00Z
1229,demand,demand,581.4,582.66,2025-05-22T13:30:00Z,2025-05-22T17:00:00Z,,,,,,expired,2,2,pivot|role_flip,pivot:2025-05-22T13:30:00Z,1,7185,True,,7205,1,2,2025-05-27T18:00:00Z,2025-05-27T14:30:00Z,2025-07-15T16:00:00Z
1230,supply,demand,585.85,587.18,2025-05-22T19:00:00Z,2025-05-23T16:00:00Z,2025-05-29T20:00:00Z,585.85,587.18,3,pivot|repeated_pivot|role_flip,expired,3,3,pivot|repeated_pivot|role_flip,pivot:2025-05-22T19:00:00Z|pivot:2025-05-29T16:00:00Z,2,7216,False,,7218,2,1,2025-05-29T16:00:00Z,2025-05-30T17:00:00Z,2025-06-09T16:00:00Z
1231,demand,demand,575.6,575.98,2025-05-23T13:30:00Z,2025-05-23T17:00:00Z,,,,,,expired,1,1,pivot,pivot:2025-05-23T13:30:00Z,1,7192,True,,-1,0,0,,,2025-06-13T18:00:00Z
1232,demand,demand,578.43,580.1802115839588,2025-05-27T17:00:00Z,2025-05-28T14:30:00Z,,,,,,expired,2,2,pivot|volume_profile,pivot:2025-05-27T17:00:00Z|volume:POC:2025-05-23:578.839583,1,7203,True,,-1,0,0,,,2025-07-17T20:00:00Z
1233,supply,demand,591.57,592.77,2025-05-28T13:30:00Z,2025-05-28T17:00:00Z,,,,,,expired,2,2,pivot|role_flip,pivot:2025-05-28T13:30:00Z,1,7206,True,,7331,3,1,2025-06-23T17:00:00Z,2025-06-03T15:00:00Z,2025-07-18T16:00:00Z
1234,supply,demand,591.89,593.22054190711,2025-05-29T13:30:00Z,2025-05-29T17:00:00Z,,,,,,expired,3,3,order_block|pivot|role_flip,pivot:2025-05-29T13:30:00Z|order_block:2025-06-23T16:00:00Z|structure_break:2025-06-23T17:00:00Z,1,7213,True,,7326,2,1,2025-06-20T18:00:00Z,2025-06-03T15:00:00Z,2025-07-21T16:00:00Z
1236,demand,demand,583.23,584.4,2025-05-30T16:00:00Z,2025-05-30T20:00:00Z,,,,,,expired,1,1,pivot,pivot:2025-05-30T16:00:00Z,1,7223,True,,-1,0,0,,,2025-06-13T18:00:00Z
1237,supply,demand,589.4343949325831,591.13,2025-05-30T19:00:00Z,2025-06-02T16:00:00Z,,,,,,expired,2,2,pivot|role_flip,pivot:2025-05-30T19:00:00Z,1,7226,True,,7256,0,1,2025-06-05T20:00:00Z,2025-06-02T19:00:00Z,2025-07-23T15:00:00Z
1238,supply,supply,597.57,597.95,2025-06-04T13:30:00Z,2025-06-04T17:00:00Z,,,,,,expired,3,3,pivot|role_flip|volume_profile,pivot:2025-06-04T13:30:00Z|volume:POC:2025-06-13:597.736042,1,7241,False,,7329,2,4,2025-06-23T15:00:00Z,2025-06-23T18:00:00Z,2025-07-01T17:00:00Z
1239,supply,supply,596.77,597.67,2025-06-04T17:00:00Z,2025-06-05T14:30:00Z,,,,,,expired,3,3,order_block|role_flip|volume_profile,order_block:2025-06-04T17:00:00Z|structure_break:2025-06-05T13:30:00Z|volume:POC:2025-06-04:596.873750,0,,False,,7328,2,2,2025-06-23T15:00:00Z,2025-06-23T18:00:00Z,2025-07-01T17:00:00Z
1240,demand,demand,593.91,594.29,2025-06-05T13:30:00Z,2025-06-05T17:00:00Z,,,,,,expired,1,1,pivot,pivot:2025-06-05T13:30:00Z,1,7248,False,,-1,1,0,2025-06-05T19:00:00Z,2025-06-05T20:00:00Z,2025-06-13T19:00:00Z
1241,supply,supply,598.712173691653,599.0,2025-06-05T15:00:00Z,2025-06-05T19:00:00Z,,,,,,expired,3,3,pivot|role_flip|volume_profile,pivot:2025-06-05T15:00:00Z|volume:POC:2025-06-18:598.746042,1,7250,False,,7319,1,6,2025-06-23T18:00:00Z,2025-06-23T20:00:00Z,2025-07-01T19:00:00Z
1242,demand,demand,591.05,592.6259704801786,2025-06-05T19:00:00Z,2025-06-06T16:00:00Z,,,,,,expired,1,1,pivot,pivot:2025-06-05T19:00:00Z,1,7254,True,,-1,0,0,,,2025-06-23T15:00:00Z
1243,supply,supply,600.3,600.83,2025-06-06T13:30:00Z,2025-06-06T17:00:00Z,,,,,,expired,3,3,pivot|role_flip|volume_profile,pivot:2025-06-06T13:30:00Z|volume:POC:2025-06-09:600.387500,1,7255,False,,7315,3,4,2025-06-23T20:00:00Z,2025-06-24T14:30:00Z,2025-07-01T20:00:00Z
1244,demand,supply,599.09,600.1795474373256,2025-06-10T15:00:00Z,2025-06-10T19:00:00Z,,,,,,expired,2,2,pivot|role_flip,pivot:2025-06-10T15:00:00Z,1,7271,False,,7318,2,3,2025-06-23T18:00:00Z,2025-06-24T14:30:00Z,2025-07-01T20:00:00Z
1245,supply,supply,603.92,605.06,2025-06-11T14:00:00Z,2025-06-11T18:00:00Z,2025-06-16T18:00:00Z,603.92,605.06,2,pivot|repeated_pivot,expired,2,2,pivot|repeated_pivot,pivot:2025-06-11T14:00:00Z|pivot:2025-06-16T14:00:00Z,2,7298,False,,-1,1,0,2025-06-24T14:30:00Z,2025-06-24T16:00:00Z,2025-07-02T15:00:00Z
1246,demand,supply,599.27,600.4091664391287,2025-06-11T18:00:00Z,2025-06-12T15:00:00Z,,,,,,expired,2,2,pivot|role_flip,pivot:2025-06-11T18:00:00Z,1,7281,False,,7310,0,3,2025-06-17T18:00:00Z,2025-06-18T15:00:00Z,2025-06-27T14:30:00Z
1247,supply,demand,603.4516144570921,603.72,2025-06-12T19:00:00Z,2025-06-13T16:00:00Z,,,,,,expired,2,2,pivot|role_flip,pivot:2025-06-12T19:00:00Z,1,7289,True,,7335,0,1,2025-06-24T15:00:00Z,2025-06-16T15:00:00Z,2025-08-05T15:00:00Z
1248,demand,supply,596.63,597.8347421859394,2025-06-13T14:00:00Z,2025-06-13T18:00:00Z,,,,,,expired,3,3,pivot|role_flip|volume_profile,pivot:2025-06-13T14:00:00Z|volume:POC:2025-06-13:597.736042,1,7291,False,,7328,1,1,2025-06-23T15:00:00Z,2025-06-23T18:00:00Z,2025-07-01T17:00:00Z
1249,demand,supply,595.48,596.8428571845883,2025-06-13T19:00:00Z,2025-06-16T16:00:00Z,,,,,,expired,2,2,pivot|role_flip,pivot:2025-06-13T19:00:00Z,1,7296,False,,7322,1,1,2025-06-20T16:00:00Z,2025-06-23T18:00:00Z,2025-07-01T17:00:00Z
1251,demand,supply,599.18,600.22,2025-06-17T13:30:00Z,2025-06-17T17:00:00Z,,,,,,expired,2,2,pivot|role_flip,pivot:2025-06-17T13:30:00Z,1,7304,False,,7313,0,1,2025-06-18T14:30:00Z,2025-06-18T15:00:00Z,2025-06-27T14:30:00Z
1252,demand,supply,596.76,597.9217673263574,2025-06-17T18:00:00Z,2025-06-18T15:00:00Z,,,,,,expired,3,3,pivot|role_flip|volume_profile,pivot:2025-06-17T18:00:00Z|volume:POC:2025-06-17:597.487708,1,7309,False,,7328,1,1,2025-06-23T15:00:00Z,2025-06-23T18:00:00Z,2025-07-01T17:00:00Z
1253,supply,supply,597.792812329106,598.93,2025-06-18T19:00:00Z,2025-06-20T15:00:00Z,,,,,,expired,2,2,order_block|volume_profile,order_block:2025-06-18T19:00:00Z|structure_break:2025-06-20T14:00:00Z|volume:POC:2025-06-18:598.746042,0,,False,,7329,1,0,2025-06-23T15:00:00Z,2025-06-23T20:00:00Z,2025-07-01T19:00:00Z
1254,demand,demand,592.86,594.04,2025-06-20T17:00:00Z,2025-06-23T14:30:00Z,,,,,,expired,1,1,pivot,pivot:2025-06-20T17:00:00Z,1,7322,True,,7331,1,0,2025-06-23T17:00:00Z,,2025-07-17T18:00:00Z
1256,demand,demand,591.89,593.2772435741416,2025-06-23T16:00:00Z,2025-06-23T20:00:00Z,,,,,,expired,1,1,pivot,pivot:2025-06-23T16:00:00Z,1,7328,True,,-1,0,0,,,2025-07-29T17:00:00Z
1257,supply,supply,608.16,608.61,2025-06-25T13:30:00Z,2025-06-25T17:00:00Z,,,,,,expired,1,1,pivot,pivot:2025-06-25T13:30:00Z,1,7339,False,,-1,0,0,,2025-06-26T14:30:00Z,2025-07-07T16:00:00Z
1258,demand,demand,605.54,606.24,2025-06-25T17:00:00Z,2025-06-26T14:30:00Z,,,,,,expired,1,1,pivot,pivot:2025-06-25T17:00:00Z,1,7343,True,,-1,0,0,,,2025-07-30T16:00:00Z
1259,supply,demand,615.97,616.39,2025-06-27T16:00:00Z,2025-06-27T20:00:00Z,,,,,,expired,2,2,pivot|role_flip,pivot:2025-06-27T16:00:00Z,1,7356,True,,7367,0,1,2025-06-30T19:00:00Z,2025-06-30T17:00:00Z,2025-08-18T19:00:00Z
1260,demand,demand,610.83,611.19,2025-06-27T18:00:00Z,2025-06-30T15:00:00Z,,,,,,expired,1,1,pivot,pivot:2025-06-27T18:00:00Z,1,7358,True,,-1,0,0,,,2025-08-19T14:30:00Z
1261,supply,demand,617.2745749394427,617.49,2025-06-30T13:30:00Z,2025-06-30T17:00:00Z,,,,,,expired,2,2,pivot|role_flip,pivot:2025-06-30T13:30:00Z,1,7360,True,,7373,0,1,2025-07-01T18:00:00Z,2025-06-30T20:00:00Z,2025-08-19T16:00:00Z
1262,supply,demand,618.2163822859978,619.22,2025-06-30T19:00:00Z,2025-07-01T16:00:00Z,,,,,,expired,2,2,pivot|role_flip,pivot:2025-06-30T19:00:00Z,1,7366,True,,7439,3,1,2025-07-16T16:00:00Z,2025-07-02T17:00:00Z,2025-08-20T15:00:00Z
1263,supply,demand,625.9,626.28,2025-07-03T16:00:00Z,2025-07-07T16:00:00Z,,,,,,expired,2,2,pivot|role_flip,pivot:2025-07-03T16:00:00Z,1,7384,False,,7465,1,1,2025-07-22T14:30:00Z,2025-08-01T14:30:00Z,2025-08-08T20:00:00Z
1264,demand,demand,617.87,618.8216667395876,2025-07-07T18:00:00Z,2025-07-08T15:00:00Z,,,,,,expired,1,1,pivot,pivot:2025-07-07T18:00:00Z,1,7390,True,,7439,1,0,2025-07-16T16:00:00Z,,2025-08-25T18:00:00Z
1265,supply,demand,621.2365542468508,622.11,2025-07-08T16:00:00Z,2025-07-08T20:00:00Z,,,,,,expired,2,2,pivot|role_flip,pivot:2025-07-08T16:00:00Z,1,7395,False,,7522,3,1,2025-08-01T14:30:00Z,2025-08-01T18:00:00Z,2025-08-11T17:00:00Z
1266,supply,supply,624.25,624.72,2025-07-09T13:30:00Z,2025-07-09T17:00:00Z,,,,,,expired,3,3,pivot|role_flip|volume_profile,pivot:2025-07-09T13:30:00Z|volume:POC:2025-07-14:624.528125,1,7399,False,,7432,2,2,2025-07-16T19:00:00Z,2025-07-17T14:30:00Z,2025-07-24T20:00:00Z
1267,supply,demand,626.46,626.88,2025-07-10T18:00:00Z,2025-07-11T15:00:00Z,2025-07-21T14:30:00Z,626.46,626.88,3,pivot|repeated_pivot|role_flip,expired,3,3,pivot|repeated_pivot|role_flip,pivot:2025-07-10T18:00:00Z|pivot:2025-07-18T17:00:00Z|pivot:2025-07-22T13:30:00Z,3,7462,False,,7465,2,1,2025-07-22T14:30:00Z,2025-08-01T14:30:00Z,2025-08-08T20:00:00Z
1268,demand,supply,621.53,622.4439743243174,2025-07-11T13:30:00Z,2025-07-11T17:00:00Z,,,,,,expired,2,2,pivot|role_flip,pivot:2025-07-11T13:30:00Z,1,7413,False,,7524,3,1,2025-08-01T18:00:00Z,2025-08-04T14:30:00Z,2025-08-11T20:00:00Z
1269,supply,supply,624.49,624.86,2025-07-11T18:00:00Z,2025-07-14T15:00:00Z,,,,,,expired,2,2,pivot|role_flip,pivot:2025-07-11T18:00:00Z,1,7418,False,,7523,1,2,2025-08-01T17:00:00Z,2025-08-04T14:30:00Z,2025-08-11T20:00:00Z
1270,demand,supply,621.79,622.602257395006,2025-07-14T13:30:00Z,2025-07-14T17:00:00Z,,,,,,expired,2,2,pivot|role_flip,pivot:2025-07-14T13:30:00Z,1,7420,False,,7523,1,1,2025-08-01T17:00:00Z,2025-08-04T14:30:00Z,2025-08-11T20:00:00Z
1271,supply,demand,627.51,627.86,2025-07-15T13:30:00Z,2025-07-15T17:00:00Z,,,,,,expired,3,3,pivot|role_flip|volume_profile,pivot:2025-07-15T13:30:00Z|volume:POC:2025-07-17:627.616875,1,7427,False,,7465,1,3,2025-07-22T15:00:00Z,2025-08-01T14:30:00Z,2025-08-08T20:00:00Z
1272,demand,demand,618.05,619.0548961968346,2025-07-16T15:00:00Z,2025-07-16T19:00:00Z,,,,,,expired,1,1,pivot,pivot:2025-07-16T15:00:00Z,1,7436,True,,-1,0,0,,,2025-09-04T15:00:00Z
1273,supply,supply,629.283795104737,629.47,2025-07-18T13:30:00Z,2025-07-18T17:00:00Z,,,,,,expired,1,1,pivot,pivot:2025-07-18T13:30:00Z,1,7448,False,,-1,0,0,,2025-07-21T14:30:00Z,2025-07-28T20:00:00Z
1275,supply,demand,631.18,631.54,2025-07-21T15:00:00Z,2025-07-21T19:00:00Z,,,,,,expired,2,2,pivot|role_flip,pivot:2025-07-21T15:00:00Z,1,7457,False,,7543,3,3,2025-08-07T16:00:00Z,2025-08-07T18:00:00Z,2025-08-15T17:00:00Z
1277,supply,supply,635.3896308096485,636.15,2025-07-24T18:00:00Z,2025-07-25T15:00:00Z,,,,,,expired,3,3,pivot|role_flip|volume_profile,pivot:2025-07-24T18:00:00Z|volume:POC:2025-07-30:636.017083,1,7481,False,,7621,2,8,2025-08-21T17:00:00Z,2025-08-22T14:30:00Z,2025-08-29T20:00:00Z
1278,supply,supply,637.44,638.04,2025-07-28T14:00:00Z,2025-07-28T18:00:00Z,,,,,,expired,1,1,pivot,pivot:2025-07-28T14:00:00Z,1,7491,False,,7500,2,0,2025-07-30T19:00:00Z,2025-07-31T14:30:00Z,2025-08-07T20:00:00Z
1279,demand,supply,635.54,636.08,2025-07-28T18:00:00Z,2025-07-29T15:00:00Z,,,,,,expired,3,3,pivot|role_flip|volume_profile,pivot:2025-07-28T18:00:00Z|volume:POC:2025-07-30:636.017083,1,7495,False,,7621,1,7,2025-08-21T17:00:00Z,2025-08-22T14:30:00Z,2025-08-29T20:00:00Z
1280,supply,supply,638.36,638.67,2025-07-29T13:30:00Z,2025-07-29T17:00:00Z,,,,,,expired,1,1,pivot,pivot:2025-07-29T13:30:00Z,1,7497,False,,-1,0,0,,2025-07-31T14:30:00Z,2025-08-07T20:00:00Z
1281,demand,demand,634.69,635.3757114686631,2025-07-29T15:00:00Z,2025-07-29T19:00:00Z,,,,,,expired,3,3,pivot|role_flip|volume_profile,pivot:2025-07-29T15:00:00Z|volume:POC:2025-07-29:635.143750,1,7499,False,,7570,3,2,2025-08-20T14:30:00Z,2025-08-20T15:00:00Z,2025-08-28T14:30:00Z
1282,demand,demand,633.6402420860269,635.13,2025-07-29T19:00:00Z,2025-07-30T16:00:00Z,,,,,,expired,3,3,order_block|pivot|role_flip,pivot:2025-07-29T19:00:00Z|order_block:2025-07-31T18:00:00Z|structure_break:2025-08-01T13:30:00Z,1,7503,False,,7570,2,2,2025-08-20T14:30:00Z,2025-08-20T15:00:00Z,2025-08-28T14:30:00Z
1283,supply,demand,636.47,636.98,2025-07-30T17:00:00Z,2025-07-30T19:00:00Z,,,,,,expired,4,4,order_block|pivot|role_flip|volume_profile,order_block:2025-07-30T17:00:00Z|structure_break:2025-07-30T18:00:00Z|pivot:2025-08-07T13:30:00Z|volume:POC:2025-08-08:636.916875,1,7546,False,,7560,1,3,2025-08-08T19:00:00Z,2025-08-11T20:00:00Z,2025-08-19T19:00:00Z
1284,demand,supply,631.54,632.637724886699,2025-07-30T19:00:00Z,2025-07-31T16:00:00Z,2025-08-05T17:00:00Z,631.54,632.637724886699,3,pivot|repeated_pivot|role_flip,expired,4,4,pivot|repeated_pivot|role_flip|volume_profile,pivot:2025-07-30T19:00:00Z|pivot:2025-08-05T13:30:00Z|volume:POC:2025-08-06:632.444375,2,7532,False,,7552,2,3,2025-08-07T18:00:00Z,2025-08-08T14:30:00Z,2025-08-15T20:00:00Z
1285,supply,supply,639.47,639.85,2025-07-31T13:30:00Z,2025-07-31T17:00:00Z,,,,,,expired,1,1,pivot,pivot:2025-07-31T13:30:00Z,1,7511,False,,-1,1,0,2025-08-12T14:30:00Z,2025-08-12T16:00:00Z,2025-08-20T15:00:00Z
1287,demand,demand,619.65,621.2970754987267,2025-08-01T14:00:00Z,2025-08-01T18:00:00Z,,,,,,expired,1,1,pivot,pivot:2025-08-01T14:00:00Z,1,7519,True,,-1,0,0,,,2025-09-15T19:00:00Z
1288,demand,demand,619.29,620.61,2025-08-01T18:00:00Z,2025-08-04T15:00:00Z,,,,,,expired,1,1,pivot,pivot:2025-08-01T18:00:00Z,1,7523,True,,-1,0,0,,,2025-09-16T15:00:00Z
1290,demand,demand,627.04,627.91,2025-08-05T14:00:00Z,2025-08-05T18:00:00Z,,,,,,expired,1,1,pivot,pivot:2025-08-05T14:00:00Z,1,7533,True,,-1,0,0,,,2025-09-16T17:00:00Z
1292,demand,demand,629.11,630.3825891531935,2025-08-07T18:00:00Z,2025-08-08T15:00:00Z,,,,,,expired,2,2,pivot|volume_profile,pivot:2025-08-07T18:00:00Z|volume:POC:2025-08-07:629.929792,1,7551,True,,-1,0,0,,,2025-09-26T18:00:00Z
1293,supply,demand,637.983833308364,638.95,2025-08-11T16:00:00Z,2025-08-11T20:00:00Z,,,,,,expired,2,2,pivot|role_flip,pivot:2025-08-11T16:00:00Z,1,7563,False,,7608,0,1,2025-08-19T18:00:00Z,2025-08-20T14:30:00Z,2025-08-27T20:00:00Z
1294,demand,demand,634.66,635.7532105399141,2025-08-11T19:00:00Z,2025-08-12T16:00:00Z,,,,,,expired,1,1,pivot,pivot:2025-08-11T19:00:00Z,1,7566,False,,-1,1,0,2025-08-20T14:30:00Z,2025-08-20T15:00:00Z,2025-08-28T14:30:00Z
1295,supply,demand,645.62,646.19,2025-08-13T13:30:00Z,2025-08-13T17:00:00Z,2025-08-15T17:00:00Z,645.62,646.19,2,pivot|repeated_pivot,expired,3,3,pivot|repeated_pivot|role_flip,pivot:2025-08-13T13:30:00Z|pivot:2025-08-15T13:30:00Z|pivot:2025-08-22T15:00:00Z,3,7625,False,,7691,4,3,2025-09-05T17:00:00Z,2025-09-05T18:00:00Z,2025-09-15T17:00:00Z
1296,demand,demand,642.18,642.78,2025-08-14T13:30:00Z,2025-08-14T17:00:00Z,2025-08-18T20:00:00Z,642.18,642.78,2,pivot|repeated_pivot,expired,2,2,pivot|repeated_pivot,pivot:2025-08-14T13:30:00Z|pivot:2025-08-18T16:00:00Z,2,7598,False,,7593,2,0,2025-08-19T14:30:00Z,2025-08-19T15:00:00Z,2025-08-27T14:30:00Z
1297,supply,demand,644.74,645.55,2025-08-14T14:00:00Z,2025-08-14T18:00:00Z,,,,,,expired,2,2,pivot|role_flip,pivot:2025-08-14T14:00:00Z,1,7582,True,,7690,4,3,2025-09-05T16:00:00Z,2025-09-04T16:00:00Z,2025-10-03T14:30:00Z
1299,demand,demand,642.51,643.3510206587545,2025-08-15T15:00:00Z,2025-08-15T19:00:00Z,,,,,,expired,3,3,pivot|role_flip|volume_profile,pivot:2025-08-15T15:00:00Z|volume:POC:2025-08-18:643.052083,1,7590,True,,7691,1,4,2025-09-05T16:00:00Z,2025-09-03T15:00:00Z,2025-10-06T15:00:00Z
1301,supply,demand,643.2897262326155,644.11,2025-08-19T14:00:00Z,2025-08-19T18:00:00Z,2025-08-25T17:00:00Z,643.2897262326155,644.11,3,pivot|repeated_pivot|role_flip,expired,4,4,pivot|repeated_pivot|role_flip|volume_profile,pivot:2025-08-19T14:00:00Z|pivot:2025-08-25T13:30:00Z|volume:POC:2025-08-25:644.003750|pivot:2025-09-03T15:00:00Z|pivot:2025-09-05T15:00:00Z,4,7688,True,,7690,1,5,2025-09-05T15:00:00Z,2025-09-04T14:30:00Z,2025-10-08T14:30:00Z
1302,supply,supply,639.12,639.91,2025-08-19T19:00:00Z,2025-08-20T14:30:00Z,,,,,,expired,2,2,order_block|volume_profile,order_block:2025-08-19T19:00:00Z|structure_break:2025-08-20T13:30:00Z|volume:POC:2025-08-19:639.301042,0,,False,,-1,1,0,2025-08-22T14:30:00Z,2025-08-22T15:00:00Z,2025-09-02T14:30:00Z
1303,demand,demand,632.95,633.38,2025-08-20T14:00:00Z,2025-08-20T18:00:00Z,,,,,,expired,1,1,pivot,pivot:2025-08-20T14:00:00Z,1,7610,True,,-1,0,0,,,2025-09-16T19:00:00Z
1304,supply,supply,638.05,639.06,2025-08-20T19:00:00Z,2025-08-21T16:00:00Z,,,,,,expired,1,1,pivot,pivot:2025-08-20T19:00:00Z,1,7615,False,,-1,1,0,2025-08-22T14:30:00Z,2025-08-22T15:00:00Z,2025-09-02T14:30:00Z
1305,demand,demand,633.81,634.87,2025-08-21T17:00:00Z,2025-08-22T14:30:00Z,,,,,,expired,1,1,pivot,pivot:2025-08-21T17:00:00Z,1,7620,True,,-1,0,0,,,2025-09-17T19:00:00Z
1306,demand,demand,635.08,636.11,2025-08-21T19:00:00Z,2025-08-22T15:00:00Z,,,,,,expired,2,2,order_block|volume_profile,order_block:2025-08-21T19:00:00Z|structure_break:2025-08-22T14:00:00Z|volume:POC:2025-08-21:635.283333,0,,True,,7670,2,0,2025-09-02T16:00:00Z,,2025-10-10T18:00:00Z
1309,demand,supply,641.57,642.2,2025-08-26T13:30:00Z,2025-08-26T17:00:00Z,,,,,,expired,2,2,pivot|role_flip,pivot:2025-08-26T13:30:00Z,1,7637,False,,7678,0,1,2025-09-03T18:00:00Z,2025-09-03T20:00:00Z,2025-09-11T19:00:00Z
1310,demand,demand,645.34,645.94,2025-08-28T13:30:00Z,2025-08-28T17:00:00Z,,,,,,expired,3,3,pivot|role_flip|volume_profile,pivot:2025-08-28T13:30:00Z|volume:POC:2025-09-05:645.735000,1,7651,True,,7693,1,2,2025-09-05T19:00:00Z,2025-09-05T17:00:00Z,2025-10-16T20:00:00Z
1311,supply,demand,648.96,649.48,2025-08-28T19:00:00Z,2025-08-29T16:00:00Z,,,,,,expired,2,2,pivot|role_flip,pivot:2025-08-28T19:00:00Z,1,7657,True,,7706,1,1,2025-09-09T18:00:00Z,2025-09-05T14:30:00Z,2025-10-17T19:00:00Z
1312,demand,demand,643.14,643.82,2025-08-29T14:00:00Z,2025-08-29T18:00:00Z,,,,,,expired,2,2,pivot|role_flip,pivot:2025-08-29T14:00:00Z,1,7659,True,,7691,2,2,2025-09-05T16:00:00Z,2025-09-03T15:00:00Z,2025-10-20T14:30:00Z
1313,demand,demand,634.92,635.21,2025-09-02T15:00:00Z,2025-09-02T19:00:00Z,,,,,,expired,1,1,pivot,pivot:2025-09-02T15:00:00Z,1,7667,True,,-1,0,0,,,2025-09-17T19:00:00Z
1315,demand,demand,640.46,640.88,2025-09-03T18:00:00Z,2025-09-04T15:00:00Z,,,,,,expired,1,1,pivot,pivot:2025-09-03T18:00:00Z,1,7677,True,,-1,0,0,,,2025-09-23T17:00:00Z
1316,supply,demand,651.46,652.21,2025-09-05T13:30:00Z,2025-09-05T17:00:00Z,,,,,,expired,2,2,pivot|role_flip,pivot:2025-09-05T13:30:00Z,1,7686,True,,7712,0,1,2025-09-10T17:00:00Z,2025-09-10T14:30:00Z,2025-10-23T20:00:00Z
1318,supply,supply,649.38,649.84,2025-09-08T15:00:00Z,2025-09-08T19:00:00Z,,,,,,expired,1,1,pivot,pivot:2025-09-08T15:00:00Z,1,7695,False,,7703,1,0,2025-09-09T14:30:00Z,2025-09-09T20:00:00Z,2025-09-17T19:00:00Z
1319,demand,demand,647.22,648.1717303789552,2025-09-09T14:00:00Z,2025-09-09T18:00:00Z,,,,,,expired,1,1,pivot,pivot:2025-09-09T14:00:00Z,1,7701,True,,-1,0,0,,,2025-09-24T17:00:00Z
1320,supply,demand,653.6422876512122,654.55,2025-09-10T14:00:00Z,2025-09-10T18:00:00Z,,,,,,expired,2,2,pivot|role_flip,pivot:2025-09-10T14:00:00Z,1,7708,False,,7793,1,1,2025-09-25T19:00:00Z,2025-10-10T20:00:00Z,2025-10-20T19:00:00Z
1321,demand,demand,650.63,651.5753201514221,2025-09-10T19:00:00Z,2025-09-11T16:00:00Z,,,,,,expired,1,1,pivot,pivot:2025-09-10T19:00:00Z,1,7713,True,,-1,0,0,,,2025-09-24T17:00:00Z
1322,supply,supply,657.21,657.8,2025-09-11T15:00:00Z,2025-09-11T19:00:00Z,,,,,,expired,3,3,pivot|role_flip|volume_profile,pivot:2025-09-11T15:00:00Z|volume:POC:2025-09-11:657.441250,1,7716,False,,7790,1,2,2025-09-25T18:00:00Z,2025-09-25T20:00:00Z,2025-10-03T19:00:00Z
1323,supply,demand,658.3218369851271,658.48,2025-09-12T14:00:00Z,2025-09-12T18:00:00Z,,,,,,expired,2,2,pivot|role_flip,pivot:2025-09-12T14:00:00Z,1,7722,False,,7795,1,3,2025-10-10T18:00:00Z,2025-10-10T19:00:00Z,2025-10-20T18:00:00Z
1324,demand,demand,656.9,657.4,2025-09-12T19:00:00Z,2025-09-15T16:00:00Z,,,,,,expired,1,1,pivot,pivot:2025-09-12T19:00:00Z,1,7727,True,,7750,1,0,2025-09-17T19:00:00Z,,2025-09-24T18:00:00Z
1325,supply,demand,660.56,661.15,2025-09-15T15:00:00Z,2025-09-15T19:00:00Z,,,,,,expired,3,3,order_block|pivot|role_flip,pivot:2025-09-15T15:00:00Z|order_block:2025-09-24T18:00:00Z|structure_break:2025-09-25T13:30:00Z,1,7730,True,,7902,2,7,2025-10-17T18:00:00Z,2025-10-17T16:00:00Z,2025-11-03T16:00:00Z
1326,demand,demand,659.34,660.0,2025-09-15T18:00:00Z,2025-09-16T15:00:00Z,,,,,,expired,3,3,pivot|role_flip|volume_profile,pivot:2025-09-15T18:00:00Z|volume:POC:2025-09-17:659.710417,1,7733,False,,7871,2,6,2025-10-13T15:00:00Z,2025-10-14T14:30:00Z,2025-10-21T20:00:00Z
1327,supply,supply,661.46,662.1521605218844,2025-09-16T13:30:00Z,2025-09-16T17:00:00Z,2025-09-24T15:00:00Z,661.46,662.1521605218844,3,pivot|repeated_pivot|role_flip,expired,4,4,pivot|repeated_pivot|role_flip|volume_profile,pivot:2025-09-16T13:30:00Z|pivot:2025-09-23T18:00:00Z|volume:POC:2025-09-23:662.091667|pivot:2025-09-26T14:00:00Z,3,7792,False,,7896,3,6,2025-10-16T19:00:00Z,2025-10-17T18:00:00Z,2025-10-27T17:00:00Z
1328,demand,demand,659.21,659.67,2025-09-16T15:00:00Z,2025-09-16T19:00:00Z,,,,,,expired,2,2,pivot|role_flip,pivot:2025-09-16T15:00:00Z,1,7737,False,,7796,2,4,2025-10-10T16:00:00Z,2025-10-10T19:00:00Z,2025-10-20T18:00:00Z
1329,supply,supply,658.8698466563407,659.66,2025-09-17T17:00:00Z,2025-09-17T19:00:00Z,,,,,,expired,1,1,order_block,order_block:2025-09-17T17:00:00Z|structure_break:2025-09-17T18:00:00Z,0,,False,,-1,0,0,,2025-09-18T14:30:00Z,2025-09-25T20:00:00Z
1330,demand,demand,654.3,655.3360833037979,2025-09-17T18:00:00Z,2025-09-18T15:00:00Z,,,,,,expired,1,1,pivot,pivot:2025-09-17T18:00:00Z,1,7747,True,,-1,0,0,,,2025-09-24T20:00:00Z
1331,supply,demand,663.8630429961938,664.89,2025-09-18T14:00:00Z,2025-09-18T18:00:00Z,,,,,,expired,3,3,pivot|role_flip|volume_profile,pivot:2025-09-18T14:00:00Z|volume:POC:2025-10-15:663.873750,1,7750,True,,7922,5,7,2025-10-22T17:00:00Z,2025-10-20T14:30:00Z,2025-11-06T15:30:00Z
1332,demand,demand,660.37,661.2278634606959,2025-09-19T15:00:00Z,2025-09-19T19:00:00Z,,,,,,expired,3,3,pivot|role_flip|volume_profile,pivot:2025-09-19T15:00:00Z|volume:POC:2025-09-24:660.390417,1,7758,True,,7902,2,6,2025-10-17T18:00:00Z,2025-10-17T16:00:00Z,2025-11-07T16:00:00Z
1333,supply,supply,666.89,667.34,2025-09-23T13:30:00Z,2025-09-23T17:00:00Z,,,,,,expired,1,1,pivot,pivot:2025-09-23T13:30:00Z,1,7770,True,,-1,0,0,,,2025-09-26T17:00:00Z
1335,supply,demand,662.7714027427093,663.54,2025-09-23T19:00:00Z,2025-09-24T16:00:00Z,,,,,,expired,3,3,order_block|role_flip|volume_profile,order_block:2025-09-23T19:00:00Z|structure_break:2025-09-24T15:00:00Z|volume:POC:2025-09-29:662.928750,0,,False,,7806,0,1,2025-09-29T20:00:00Z,2025-09-30T18:00:00Z,2025-10-08T17:00:00Z
1336,demand,supply,659.67,660.39,2025-09-24T16:00:00Z,2025-09-24T20:00:00Z,,,,,,expired,2,2,pivot|role_flip,pivot:2025-09-24T16:00:00Z,1,7780,False,,7794,0,1,2025-09-26T15:00:00Z,2025-09-26T17:00:00Z,2025-10-06T16:00:00Z
1338,demand,demand,655.08,655.64,2025-09-25T13:30:00Z,2025-09-25T17:00:00Z,,,,,,expired,1,1,pivot,pivot:2025-09-25T13:30:00Z,1,7784,True,,-1,0,0,,,2025-10-02T17:00:00Z
1339,demand,demand,654.4,655.59,2025-09-25T18:00:00Z,2025-09-26T15:00:00Z,,,,,,expired,1,1,pivot,pivot:2025-09-25T18:00:00Z,1,7789,True,,-1,0,0,,,2025-10-02T19:00:00Z
1341,supply,demand,664.24,665.28,2025-09-29T14:00:00Z,2025-09-29T18:00:00Z,2025-10-13T20:00:00Z,664.24,665.28,3,pivot|repeated_pivot|role_flip,expired,4,4,pivot|repeated_pivot|role_flip|volume_profile,pivot:2025-09-29T14:00:00Z|pivot:2025-10-13T16:00:00Z|volume:POC:2025-10-14:664.511250,2,7871,False,,8039,5,7,2025-11-14T15:30:00Z,2025-11-07T19:00:00Z,2025-11-17T15:30:00Z
1342,demand,supply,661.61,662.6076249298369,2025-09-30T15:00:00Z,2025-09-30T19:00:00Z,,,,,,expired,3,3,pivot|role_flip|volume_profile,pivot:2025-09-30T15:00:00Z|volume:POC:2025-09-30:662.555000,1,7807,False,,7896,1,3,2025-10-16T19:00:00Z,2025-10-17T18:00:00Z,2025-10-27T17:00:00Z
1343,supply,supply,670.365608886848,670.57,2025-10-02T13:30:00Z,2025-10-02T17:00:00Z,,,,,,expired,2,2,pivot|role_flip,pivot:2025-10-02T13:30:00Z,1,7819,False,,7860,1,4,2025-10-09T18:00:00Z,2025-10-09T20:00:00Z,2025-10-17T19:00:00Z
1344,demand,demand,666.78,667.57,2025-10-02T15:00:00Z,2025-10-02T19:00:00Z,,,,,,expired,1,1,pivot,pivot:2025-10-02T15:00:00Z,1,7821,True,,-1,0,0,,,2025-10-06T14:30:00Z
1345,supply,supply,672.4671980567448,672.99,2025-10-03T16:00:00Z,2025-10-03T20:00:00Z,2025-10-07T17:00:00Z,672.4671980567448,672.99,2,pivot|repeated_pivot,expired,3,3,pivot|repeated_pivot|volume_profile,pivot:2025-10-03T16:00:00Z|pivot:2025-10-07T13:30:00Z|volume:POC:2025-10-08:672.499375|pivot:2025-10-21T16:00:00Z,3,7913,False,,7932,5,0,2025-10-23T18:00:00Z,2025-10-24T14:30:00Z,2025-10-31T20:00:00Z
1346,demand,demand,668.16,669.24,2025-10-03T17:00:00Z,2025-10-06T14:30:00Z,2025-11-06T21:00:00Z,668.16,669.24,4,pivot|repeated_pivot|role_flip|volume_profile,expired,4,4,pivot|repeated_pivot|role_flip|volume_profile,pivot:2025-10-03T17:00:00Z|volume:POC:2025-10-02:668.911875|pivot:2025-11-06T17:00:00Z,2,7997,False,,7999,4,4,2025-11-06T17:00:00Z,2025-11-07T15:30:00Z,2025-11-14T21:00:00Z
1347,supply,supply,671.72,672.35,2025-10-06T17:00:00Z,2025-10-07T16:00:00Z,,,,,,expired,2,2,order_block|role_flip,order_block:2025-10-06T17:00:00Z|structure_break:2025-10-07T15:00:00Z,0,,False,,7858,1,2,2025-10-09T16:00:00Z,2025-10-10T14:30:00Z,2025-10-17T20:00:00Z
1349,demand,demand,667.67,668.26,2025-10-07T16:00:00Z,2025-10-07T20:00:00Z,,,,,,expired,1,1,pivot,pivot:2025-10-07T16:00:00Z,1,7843,True,,-1,0,0,,,2025-10-09T18:00:00Z
1350,supply,supply,672.7328544502423,673.95,2025-10-09T13:30:00Z,2025-10-09T17:00:00Z,2025-10-10T17:00:00Z,672.7328544502423,673.95,3,order_block|pivot|repeated_pivot,expired,3,3,order_block|pivot|repeated_pivot,pivot:2025-10-09T13:30:00Z|order_block:2025-10-10T13:30:00Z|structure_break:2025-10-10T14:00:00Z|structure_break:2025-10-10T15:00:00Z|pivot:2025-10-10T13:30:00Z,2,7861,False,,7915,2,0,2025-10-21T16:00:00Z,2025-10-24T14:30:00Z,2025-10-31T20:00:00Z
1351,demand,demand,669.02,670.23,2025-10-09T17:00:00Z,2025-10-10T14:30:00Z,2025-10-15T18:00:00Z,669.02,670.23,3,pivot|repeated_pivot|role_flip,expired,3,3,pivot|repeated_pivot|role_flip,pivot:2025-10-09T17:00:00Z|pivot:2025-10-15T14:00:00Z,2,7883,False,,7907,2,2,2025-10-22T15:00:00Z,2025-10-22T17:00:00Z,2025-10-30T16:00:00Z
1355,supply,demand,659.5134269823345,660.93,2025-10-10T17:00:00Z,2025-10-10T20:00:00Z,,,,,,expired,2,2,order_block|role_flip,order_block:2025-10-10T17:00:00Z|structure_break:2025-10-10T19:00:00Z,0,,False,,7872,0,1,2025-10-13T16:00:00Z,2025-10-14T14:30:00Z,2025-10-21T20:00:00Z
1356,demand,supply,652.84,653.2408669900709,2025-10-10T19:00:00Z,2025-10-13T16:00:00Z,,,,,,expired,2,2,pivot|role_flip,pivot:2025-10-10T19:00:00Z,1,7867,False,,8074,1,1,2025-11-21T16:00:00Z,2025-11-21T17:00:00Z,2025-12-02T19:00:00Z
1358,demand,supply,653.17,655.1606525479809,2025-10-14T13:30:00Z,2025-10-14T17:00:00Z,,,,,,expired,2,2,pivot|role_flip,pivot:2025-10-14T13:30:00Z,1,7875,False,,8074,1,1,2025-11-21T16:00:00Z,2025-11-21T17:00:00Z,2025-12-02T19:00:00Z
1360,demand,supply,658.93,660.8632084684074,2025-10-15T17:00:00Z,2025-10-16T14:30:00Z,,,,,,expired,3,3,pivot|role_flip|volume_profile,pivot:2025-10-15T17:00:00Z|volume:POC:2025-11-18:659.911250,1,7886,False,,8070,4,3,2025-11-20T19:00:00Z,2025-11-21T19:00:00Z,2025-12-02T21:00:00Z
1361,supply,demand,667.09,668.71,2025-10-16T14:00:00Z,2025-10-16T18:00:00Z,,,,,,expired,2,2,pivot|role_flip,pivot:2025-10-16T14:00:00Z,1,7890,False,,7920,1,1,2025-10-22T15:00:00Z,2025-10-22T18:00:00Z,2025-10-30T17:00:00Z
1362,demand,demand,657.11,659.1987384157075,2025-10-16T18:00:00Z,2025-10-17T15:00:00Z,,,,,,expired,2,2,pivot|role_flip,pivot:2025-10-16T18:00:00Z,1,7894,True,,8077,2,2,2025-11-21T19:00:00Z,2025-11-21T17:00:00Z,2025-12-08T15:30:00Z
1363,demand,demand,669.98,670.56,2025-10-21T14:00:00Z,2025-10-21T18:00:00Z,,,,,,expired,3,3,pivot|role_flip|volume_profile,pivot:2025-10-21T14:00:00Z|volume:POC:2025-11-17:670.103750,1,7911,True,,8089,1,6,2025-11-25T17:00:00Z,2025-11-20T15:30:00Z,2025-12-10T18:00:00Z
1365,demand,demand,663.3,664.74,2025-10-22T17:00:00Z,2025-10-23T14:30:00Z,,,,,,expired,1,1,pivot,pivot:2025-10-22T17:00:00Z,1,7921,False,,-1,1,0,2025-11-07T15:30:00Z,2025-11-07T17:00:00Z,2025-11-17T16:00:00Z
1366,supply,supply,689.4978533237493,689.7,2025-10-29T14:00:00Z,2025-10-29T18:00:00Z,,,,,,expired,1,1,pivot,pivot:2025-10-29T14:00:00Z,1,7953,True,,-1,0,0,,,2025-12-11T19:00:00Z
1367,demand,demand,681.32,682.6909497442648,2025-10-30T13:30:00Z,2025-10-30T17:00:00Z,2025-11-11T17:00:00Z,681.32,682.6909497442648,4,pivot|repeated_pivot|role_flip|volume_profile,expired,4,4,pivot|repeated_pivot|role_flip|volume_profile,pivot:2025-10-30T13:30:00Z|volume:POC:2025-10-31:682.281667|pivot:2025-11-10T20:00:00Z,2,8014,False,,8030,2,4,2025-11-12T20:00:00Z,2025-11-13T15:30:00Z,2025-11-20T21:00:00Z
1368,demand,demand,679.24,680.37,2025-10-30T19:00:00Z,2025-10-31T16:00:00Z,,,,,,expired,3,3,pivot|role_flip|volume_profile,pivot:2025-10-30T19:00:00Z|pivot:2025-10-31T17:00:00Z|volume:POC:2025-11-26:680.351250,1,7965,False,,8208,9,6,2025-12-19T20:00:00Z,2025-12-19T18:00:00Z,2025-12-22T16:00:00Z
1370,supply,demand,684.6751468164755,685.8,2025-11-03T14:30:00Z,2025-11-03T18:00:00Z,2025-11-12T18:00:00Z,684.6751468164755,685.8,2,pivot|repeated_pivot,expired,3,3,pivot|repeated_pivot|role_flip,pivot:2025-11-03T14:30:00Z|pivot:2025-11-12T14:30:00Z|pivot:2025-12-15T14:30:00Z,3,8173,False,,8249,2,5,2025-12-31T15:30:00Z,2025-12-23T16:00:00Z,2025-12-31T16:00:00Z
1371,demand,supply,674.67,676.0780984848317,2025-11-04T14:30:00Z,2025-11-04T18:00:00Z,2025-11-14T21:00:00Z,674.67,676.0780984848317,4,pivot|repeated_pivot|role_flip|volume_profile,expired,4,4,pivot|repeated_pivot|role_flip|volume_profile,pivot:2025-11-04T14:30:00Z|volume:POC:2025-11-04:675.588750|pivot:2025-11-14T17:00:00Z|pivot:2025-11-20T15:00:00Z,3,8065,False,,8067,4,3,2025-11-25T21:00:00Z,2025-11-26T15:30:00Z,2025-12-05T17:00:00Z
1372,demand,supply,674.17,674.98,2025-11-05T14:30:00Z,2025-11-05T18:00:00Z,,,,,,expired,2,2,pivot|role_flip,pivot:2025-11-05T14:30:00Z,1,7987,False,,8067,4,1,2025-11-25T21:00:00Z,2025-11-26T15:30:00Z,2025-12-05T17:00:00Z
1373,supply,supply,680.03,680.86,2025-11-05T18:00:00Z,2025-11-06T15:30:00Z,2025-12-18T20:00:00Z,680.03,680.86,5,order_block|pivot|repeated_pivot|role_flip|volume_profile,expired,5,5,order_block|pivot|repeated_pivot|role_flip|volume_profile,pivot:2025-11-05T18:00:00Z|order_block:2025-11-05T18:00:00Z|structure_break:2025-11-06T15:00:00Z|volume:POC:2025-12-15:680.470625|pivot:2025-12-18T16:00:00Z,2,8196,False,,8198,3,6,2025-12-18T16:00:00Z,2025-12-22T15:30:00Z,2025-12-31T17:00:00Z
1376,demand,demand,661.2,661.97,2025-11-07T17:00:00Z,2025-11-07T21:00:00Z,,,,,,expired,2,2,pivot|role_flip,pivot:2025-11-07T17:00:00Z,1,8004,True,,8080,1,4,2025-11-24T15:30:00Z,2025-11-21T19:00:00Z,2025-12-31T16:00:00Z
1379,demand,demand,680.94,681.76,2025-11-12T16:00:00Z,2025-11-12T20:00:00Z,,,,,,expired,1,1,pivot,pivot:2025-11-12T16:00:00Z,1,8024,False,,-1,0,0,,2025-11-13T15:30:00Z,2025-11-20T21:00:00Z
1380,demand,demand,663.26,665.0992101938043,2025-11-14T14:30:00Z,2025-11-14T18:00:00Z,,,,,,expired,2,2,pivot|role_flip,pivot:2025-11-14T14:30:00Z,1,8036,True,,8081,0,2,2025-11-24T16:00:00Z,2025-11-19T15:30:00Z,2026-01-07T20:00:00Z
1382,demand,demand,655.86,657.23,2025-11-18T16:00:00Z,2025-11-18T20:00:00Z,,,,,,expired,2,2,pivot|role_flip,pivot:2025-11-18T16:00:00Z,1,8052,True,,8077,1,2,2025-11-21T19:00:00Z,2025-11-21T17:00:00Z,2026-01-12T15:30:00Z
1383,supply,demand,665.67,667.34,2025-11-19T15:00:00Z,2025-11-19T19:00:00Z,,,,,,expired,2,2,pivot|role_flip,pivot:2025-11-19T15:00:00Z,1,8058,True,,8082,0,1,2025-11-24T17:00:00Z,2025-11-20T15:30:00Z,2026-01-12T21:00:00Z
1384,demand,supply,658.74,660.9015769281942,2025-11-19T17:00:00Z,2025-11-19T21:00:00Z,,,,,,expired,3,3,pivot|role_flip|volume_profile,pivot:2025-11-19T17:00:00Z|volume:POC:2025-11-18:659.911250,1,8060,False,,8070,1,1,2025-11-20T19:00:00Z,2025-11-21T19:00:00Z,2025-12-02T21:00:00Z
1386,demand,demand,650.85,652.77,2025-11-21T15:00:00Z,2025-11-21T19:00:00Z,,,,,,expired,1,1,pivot,pivot:2025-11-21T15:00:00Z,1,8072,True,,-1,0,0,,,2025-12-15T19:00:00Z
1387,demand,demand,664.48,666.7383705835603,2025-11-25T14:30:00Z,2025-11-25T18:00:00Z,,,,,,expired,1,1,pivot,pivot:2025-11-25T14:30:00Z,1,8085,True,,-1,0,0,,,2025-12-17T17:00:00Z
1388,supply,supply,681.33408678624,682.11,2025-11-26T17:00:00Z,2025-11-26T21:00:00Z,2025-12-09T15:30:00Z,681.33408678624,682.11,4,pivot|repeated_pivot|role_flip|volume_profile,expired,4,4,pivot|repeated_pivot|role_flip|volume_profile,pivot:2025-11-26T17:00:00Z|volume:POC:2025-12-02:681.476250|pivot:2025-12-08T18:00:00Z,2,8142,False,,8176,4,4,2025-12-15T16:00:00Z,2025-12-22T15:30:00Z,2025-12-31T17:00:00Z
1389,supply,supply,683.3319649060243,683.82,2025-11-28T17:00:00Z,2025-12-01T17:00:00Z,2025-12-02T20:00:00Z,683.3319649060243,683.82,2,pivot|repeated_pivot,expired,4,4,pivot|repeated_pivot|role_flip|volume_profile,pivot:2025-11-28T17:00:00Z|pivot:2025-12-02T16:00:00Z|volume:POC:2025-12-04:683.438958,2,8112,False,,8257,3,6,2026-01-02T16:00:00Z,2026-01-05T15:30:00Z,2026-01-12T21:00:00Z
1390,demand,demand,678.74,679.0667468729774,2025-12-01T14:30:00Z,2025-12-01T18:00:00Z,,,,,,expired,2,2,pivot|role_flip,pivot:2025-12-01T14:30:00Z,1,8103,False,,8205,2,4,2026-01-20T19:00:00Z,2026-01-20T20:00:00Z,2026-01-28T19:00:00Z
1391,demand,supply,679.32,680.56,2025-12-02T16:00:00Z,2025-12-02T20:00:00Z,,,,,,expired,3,3,pivot|role_flip|volume_profile,pivot:2025-12-02T16:00:00Z|volume:POC:2025-12-01:680.068125,1,8112,False,,8199,3,1,2025-12-18T16:00:00Z,2025-12-22T15:30:00Z,2025-12-31T17:00:00Z
1393,supply,demand,684.97,685.39,2025-12-04T14:30:00Z,2025-12-04T18:00:00Z,2025-12-09T20:00:00Z,684.97,685.39,3,pivot|repeated_pivot|role_flip,expired,4,4,pivot|repeated_pivot|role_flip|volume_profile,pivot:2025-12-04T14:30:00Z|pivot:2025-12-09T16:00:00Z|pivot:2025-12-22T17:00:00Z|volume:POC:2025-12-31:685.358958,3,8211,False,,8256,1,7,2026-01-02T15:30:00Z,2026-01-02T16:00:00Z,2026-01-12T15:30:00Z
1394,demand,supply,681.34,682.529864488583,2025-12-04T19:00:00Z,2025-12-05T16:00:00Z,,,,,,expired,3,3,pivot|role_flip|volume_profile,pivot:2025-12-04T19:00:00Z|volume:POC:2025-12-12:682.204375,1,8129,False,,8176,3,1,2025-12-15T16:00:00Z,2025-12-22T15:30:00Z,2025-12-31T17:00:00Z
1395,supply,demand,687.2417411510871,688.39,2025-12-05T15:00:00Z,2025-12-05T19:00:00Z,,,,,,expired,3,3,pivot|role_flip|volume_profile,pivot:2025-12-05T15:00:00Z|volume:POC:2025-12-11:687.920625,1,8132,False,,8167,1,1,2025-12-11T21:00:00Z,2025-12-12T16:00:00Z,2025-12-22T15:30:00Z
1398,demand,supply,681.31,682.252394261914,2025-12-10T14:30:00Z,2025-12-10T18:00:00Z,,,,,,expired,3,3,pivot|role_flip|volume_profile,pivot:2025-12-10T14:30:00Z|volume:POC:2025-12-12:682.204375,1,8152,False,,8176,1,1,2025-12-15T16:00:00Z,2025-12-22T15:30:00Z,2025-12-31T17:00:00Z
1399,demand,supply,682.44,683.4249287117973,2025-12-10T18:00:00Z,2025-12-10T20:00:00Z,,,,,,expired,3,3,order_block|role_flip|volume_profile,order_block:2025-12-10T18:00:00Z|structure_break:2025-12-10T19:00:00Z|volume:POC:2025-12-10:683.065417,0,,False,,8257,1,3,2026-01-02T16:00:00Z,2026-01-05T15:30:00Z,2026-01-12T21:00:00Z
1400,supply,supply,687.87,688.97,2025-12-10T20:00:00Z,2025-12-11T17:00:00Z,,,,,,expired,1,1,pivot,pivot:2025-12-10T20:00:00Z,1,8158,False,,-1,0,0,,2025-12-11T21:00:00Z,2025-12-19T20:00:00Z
1401,demand,supply,682.16,682.65,2025-12-11T15:00:00Z,2025-12-11T19:00:00Z,,,,,,expired,3,3,pivot|role_flip|volume_profile,pivot:2025-12-11T15:00:00Z|volume:POC:2025-12-12:682.204375,1,8160,False,,8170,0,1,2025-12-12T17:00:00Z,2025-12-22T15:30:00Z,2025-12-31T17:00:00Z
1402,supply,supply,688.83,689.25,2025-12-11T19:00:00Z,2025-12-12T16:00:00Z,,,,,,expired,2,2,order_block|pivot,pivot:2025-12-11T19:00:00Z|order_block:2025-12-11T20:00:00Z|structure_break:2025-12-12T15:00:00Z,1,8164,False,,-1,0,0,,2025-12-24T16:00:00Z,2026-01-05T18:00:00Z
1404,demand,demand,679.17,680.5103755911761,2025-12-12T16:00:00Z,2025-12-12T20:00:00Z,,,,,,expired,3,3,pivot|role_flip|volume_profile,pivot:2025-12-12T16:00:00Z|volume:POC:2025-12-15:680.470625,1,8168,True,,8343,5,4,2026-01-21T18:00:00Z,2026-01-21T15:30:00Z,2026-02-04T19:00:00Z
1406,demand,supply,679.25,680.6459666588179,2025-12-15T15:00:00Z,2025-12-15T19:00:00Z,,,,,,expired,3,3,pivot|role_flip|volume_profile,pivot:2025-12-15T15:00:00Z|volume:POC:2025-12-15:680.470625,1,8174,False,,8199,1,1,2025-12-18T16:00:00Z,2025-12-22T15:30:00Z,2025-12-31T17:00:00Z
1407,demand,demand,674.98,675.61,2025-12-16T18:00:00Z,2025-12-17T15:30:00Z,,,,,,expired,2,2,pivot|role_flip,pivot:2025-12-16T18:00:00Z,1,8184,True,,8199,0,2,2025-12-18T18:00:00Z,2025-12-18T15:30:00Z,2026-02-06T21:00:00Z
1408,supply,supply,679.0793904821696,680.56,2025-12-16T20:00:00Z,2025-12-17T16:00:00Z,,,,,,expired,1,1,order_block,order_block:2025-12-16T20:00:00Z|structure_break:2025-12-17T15:00:00Z,0,,False,8192,-1,1,0,2025-12-18T16:00:00Z,,2025-12-18T17:00:00Z
1409,demand,demand,671.19,671.5519072352483,2025-12-17T20:00:00Z,2025-12-18T17:00:00Z,,,,,,expired,1,1,pivot,pivot:2025-12-17T20:00:00Z,1,8193,True,,-1,0,0,,,2025-12-18T19:00:00Z
1412,supply,demand,690.9168327542064,691.66,2025-12-26T14:30:00Z,2025-12-26T18:00:00Z,,,,,,expired,3,3,pivot|role_flip|volume_profile,pivot:2025-12-26T14:30:00Z|volume:POC:2026-01-30:691.108125,1,8226,False,,8444,4,9,2026-02-10T21:00:00Z,2026-02-12T16:00:00Z,2026-02-23T15:30:00Z
1413,demand,supply,685.8535658214627,686.84,2025-12-29T17:00:00Z,2025-12-29T21:00:00Z,2026-01-14T21:00:00Z,685.8535658214627,686.84,4,order_block|pivot|repeated_pivot|role_flip,expired,5,5,order_block|pivot|repeated_pivot|role_flip|volume_profile,pivot:2025-12-29T17:00:00Z|order_block:2026-01-02T14:30:00Z|structure_break:2026-01-02T15:00:00Z|pivot:2026-01-14T17:00:00Z|volume:POC:2026-02-03:686.454375,2,8313,False,,8481,3,9,2026-02-19T16:00:00Z,2026-02-18T20:00:00Z,2026-02-19T17:00:00Z
1414,supply,supply,688.3,688.62,2025-12-29T20:00:00Z,2025-12-30T17:00:00Z,,,,,,expired,2,2,pivot|role_flip,pivot:2025-12-29T20:00:00Z,1,8239,True,,8475,3,8,2026-02-18T17:00:00Z,2026-02-12T17:00:00Z,2026-02-19T20:00:00Z
1415,supply,supply,687.49,688.28,2025-12-30T18:00:00Z,2025-12-31T16:00:00Z,,,,,,expired,4,4,order_block|pivot|role_flip|volume_profile,order_block:2025-12-30T18:00:00Z|structure_break:2025-12-31T15:00:00Z|pivot:2026-01-08T14:30:00Z|volume:POC:2026-02-04:688.018125,1,8282,False,,8412,4,6,2026-02-06T17:00:00Z,2026-02-06T18:00:00Z,2026-02-17T17:00:00Z
1416,demand,supply,684.18,684.3333227441842,2025-12-31T15:00:00Z,2025-12-31T19:00:00Z,,,,,,expired,2,2,pivot|role_flip,pivot:2025-12-31T15:00:00Z,1,8248,False,,8257,0,1,2026-01-02T16:00:00Z,2026-01-05T15:30:00Z,2026-01-12T21:00:00Z
1417,supply,supply,685.3372716035898,686.05,2025-12-31T18:00:00Z,2025-12-31T20:00:00Z,,,,,,expired,2,2,order_block|volume_profile,order_block:2025-12-31T18:00:00Z|structure_break:2025-12-31T19:00:00Z|structure_break:2025-12-31T20:00:00Z|volume:POC:2025-12-31:685.358958,0,,False,,-1,0,0,,2026-01-02T15:30:00Z,2026-01-09T21:00:00Z
1420,supply,supply,686.21,686.87,2026-01-02T15:00:00Z,2026-01-02T19:00:00Z,,,,,,expired,3,3,pivot|role_flip|volume_profile,pivot:2026-01-02T15:00:00Z|volume:POC:2026-02-03:686.454375,1,8255,False,,8495,2,8,2026-02-23T16:00:00Z,2026-02-18T20:00:00Z,2026-02-24T15:30:00Z
1421,demand,demand,679.82,680.52,2026-01-02T18:00:00Z,2026-01-05T15:30:00Z,,,,,,expired,1,1,pivot,pivot:2026-01-02T18:00:00Z,1,8258,False,,-1,1,0,2026-01-20T18:00:00Z,2026-01-20T19:00:00Z,2026-01-28T18:00:00Z
1422,supply,supply,688.5,689.43,2026-01-05T16:00:00Z,2026-01-05T20:00:00Z,2026-02-19T15:30:00Z,688.5,689.43,4,pivot|repeated_pivot|role_flip|volume_profile,expired,4,4,pivot|repeated_pivot|role_flip|volume_profile,pivot:2026-01-05T16:00:00Z|volume:POC:2026-01-08:689.120208|pivot:2026-02-18T18:00:00Z,2,8475,False,,8490,4,10,2026-02-20T16:00:00Z,2026-02-25T15:30:00Z,2026-03-04T21:00:00Z
1423,supply,supply,693.52,694.79,2026-01-07T17:00:00Z,2026-01-07T21:00:00Z,2026-01-30T17:00:00Z,693.52,694.79,3,pivot|repeated_pivot|role_flip,expired,4,4,pivot|repeated_pivot|role_flip|volume_profile,pivot:2026-01-07T17:00:00Z|pivot:2026-01-29T20:00:00Z|volume:POC:2026-02-09:694.458125,2,8386,True,,8515,6,8,2026-02-25T21:00:00Z,2026-02-10T21:00:00Z,2026-02-27T17:00:00Z
1425,supply,supply,694.89,695.31,2026-01-09T20:00:00Z,2026-01-12T17:00:00Z,,,,,,expired,1,1,pivot,pivot:2026-01-09T20:00:00Z,1,8295,False,,-1,1,0,2026-01-12T19:00:00Z,2026-01-12T20:00:00Z,2026-01-21T19:00:00Z
1426,demand,demand,690.63,691.13,2026-01-12T14:30:00Z,2026-01-12T18:00:00Z,2026-01-23T15:30:00Z,690.63,691.13,3,pivot|repeated_pivot|role_flip,expired,4,4,pivot|repeated_pivot|role_flip|volume_profile,pivot:2026-01-12T14:30:00Z|pivot:2026-01-22T18:00:00Z|volume:POC:2026-01-30:691.108125,2,8349,False,,8446,3,8,2026-02-11T16:00:00Z,2026-02-12T16:00:00Z,2026-02-23T15:30:00Z
1427,supply,supply,695.52,696.54,2026-01-13T14:30:00Z,2026-01-13T18:00:00Z,2026-02-10T19:00:00Z,695.52,696.54,4,pivot|repeated_pivot|role_flip|volume_profile,expired,4,4,pivot|repeated_pivot|role_flip|volume_profile,pivot:2026-01-13T14:30:00Z|volume:POC:2026-01-27:695.975000|pivot:2026-02-10T15:00:00Z,2,8437,True,,8446,2,2,2026-02-11T15:30:00Z,2026-02-03T15:30:00Z,2026-03-04T21:00:00Z
1428,demand,supply,692.09,693.0368853413214,2026-01-13T15:00:00Z,2026-01-13T19:00:00Z,,,,,,expired,3,3,pivot|role_flip|volume_profile,pivot:2026-01-13T15:00:00Z|volume:POC:2026-01-13:692.436250,1,8304,True,,8453,3,7,2026-02-25T17:00:00Z,2026-02-11T21:00:00Z,2026-03-05T15:30:00Z
1430,supply,supply,695.04,695.45,2026-01-15T17:00:00Z,2026-01-15T21:00:00Z,,,,,,expired,2,2,pivot|role_flip,pivot:2026-01-15T17:00:00Z,1,8320,False,,8434,2,4,2026-02-09T18:00:00Z,2026-02-10T15:30:00Z,2026-02-18T21:00:00Z
1431,demand,demand,690.1,691.2002639333518,2026-01-16T15:00:00Z,2026-01-16T19:00:00Z,,,,,,expired,2,2,pivot|role_flip,pivot:2026-01-16T15:00:00Z,1,8325,False,,8446,2,4,2026-02-11T16:00:00Z,2026-02-12T16:00:00Z,2026-02-23T15:30:00Z
1432,demand,supply,675.79,677.65,2026-01-20T20:00:00Z,2026-01-21T17:00:00Z,2026-02-05T20:00:00Z,675.79,677.65,2,pivot|repeated_pivot,expired,4,4,pivot|repeated_pivot|role_flip|volume_profile,pivot:2026-01-20T20:00:00Z|pivot:2026-02-05T16:00:00Z|volume:POC:2026-03-05:676.230000,2,8417,False,,8582,2,3,2026-03-11T18:00:00Z,2026-03-11T16:00:00Z,2026-03-11T19:00:00Z
1433,supply,demand,684.03,685.13,2026-01-21T15:00:00Z,2026-01-21T19:00:00Z,2026-02-04T16:00:00Z,684.03,685.13,3,pivot|repeated_pivot|role_flip,expired,3,3,pivot|repeated_pivot|role_flip,pivot:2026-01-21T15:00:00Z|pivot:2026-02-03T19:00:00Z,2,8406,False,,8408,2,1,2026-02-03T19:00:00Z,2026-02-04T18:00:00Z,2026-02-12T17:00:00Z
1434,demand,demand,679.91,681.5947592220393,2026-01-21T16:00:00Z,2026-01-21T20:00:00Z,,,,,,expired,3,3,order_block|role_flip|volume_profile,order_block:2026-01-21T16:00:00Z|structure_break:2026-01-21T19:00:00Z|volume:POC:2026-01-21:680.119375,0,,False,,8460,1,2,2026-02-13T16:00:00Z,2026-02-17T15:30:00Z,2026-02-24T21:00:00Z
1436,demand,supply,687.16,688.15,2026-01-23T14:30:00Z,2026-01-23T18:00:00Z,,,,,,expired,3,3,pivot|role_flip|volume_profile,pivot:2026-01-23T14:30:00Z|volume:POC:2026-02-04:688.018125,1,8352,False,,8416,1,3,2026-02-06T17:00:00Z,2026-02-06T18:00:00Z,2026-02-17T17:00:00Z
1437,supply,supply,696.01,696.53,2026-01-27T16:00:00Z,2026-01-27T20:00:00Z,,,,,,expired,1,1,pivot,pivot:2026-01-27T16:00:00Z,1,8368,False,,-1,0,0,,2026-01-28T15:30:00Z,2026-02-04T21:00:00Z
1438,supply,supply,697.12,697.84,2026-01-28T14:30:00Z,2026-01-28T18:00:00Z,,,,,,expired,1,1,pivot,pivot:2026-01-28T14:30:00Z,1,8373,True,,8446,1,0,2026-02-11T15:30:00Z,,2026-03-16T16:00:00Z
1439,supply,supply,695.1624295464464,696.29,2026-01-28T20:00:00Z,2026-01-29T15:30:00Z,,,,,,expired,2,2,order_block|volume_profile,order_block:2026-01-28T20:00:00Z|structure_break:2026-01-29T14:30:00Z|volume:POC:2026-01-27:695.975000|structure_break:2026-01-29T15:00:00Z,0,,False,,-1,1,0,2026-02-02T16:00:00Z,2026-02-02T19:00:00Z,2026-02-10T18:00:00Z
1441,supply,supply,696.35,697.06,2026-01-29T14:30:00Z,2026-01-29T18:00:00Z,2026-02-02T21:00:00Z,696.35,697.06,2,pivot|repeated_pivot,expired,2,2,pivot|repeated_pivot,pivot:2026-01-29T14:30:00Z|pivot:2026-02-02T17:00:00Z|pivot:2026-02-03T14:30:00Z|pivot:2026-02-11T14:30:00Z,3,8443,True,,8440,2,0,2026-02-10T16:00:00Z,,2026-03-19T20:00:00Z
1442,demand,supply,684.83,686.07,2026-01-29T16:00:00Z,2026-01-29T20:00:00Z,,,,,,expired,2,2,pivot|role_flip,pivot:2026-01-29T16:00:00Z,1,8382,False,,8424,1,3,2026-02-06T15:30:00Z,2026-02-06T17:00:00Z,2026-02-17T16:00:00Z
1444,demand,supply,687.12,688.7249855003263,2026-01-30T18:00:00Z,2026-02-02T15:30:00Z,2026-03-03T16:00:00Z,687.12,688.7249855003263,4,pivot|repeated_pivot|role_flip|volume_profile,expired,4,4,pivot|repeated_pivot|role_flip|volume_profile,pivot:2026-01-30T18:00:00Z|volume:POC:2026-02-20:688.151042|pivot:2026-03-02T19:00:00Z,2,8532,True,,8533,4,7,2026-03-02T19:00:00Z,2026-02-27T15:30:00Z,2026-03-23T17:00:00Z
1448,demand,demand,681.76,683.6005148870073,2026-02-04T17:00:00Z,2026-02-04T21:00:00Z,,,,,,expired,3,3,pivot|role_flip|volume_profile,pivot:2026-02-04T17:00:00Z|volume:POC:2026-02-13:682.082500,1,8411,False,,8484,4,4,2026-02-23T16:00:00Z,2026-02-23T20:00:00Z,2026-03-03T19:00:00Z
1450,demand,supply,693.45,694.9267117473407,2026-02-10T14:30:00Z,2026-02-10T18:00:00Z,,,,,,expired,3,3,pivot|role_flip|volume_profile,pivot:2026-02-10T14:30:00Z|volume:POC:2026-02-09:694.458125,1,8436,True,,8515,1,1,2026-02-25T21:00:00Z,2026-02-10T21:00:00Z,2026-03-31T20:00:00Z
1453,demand,supply,689.18,690.6973876717896,2026-02-11T15:00:00Z,2026-02-11T19:00:00Z,2026-02-23T15:30:00Z,689.18,690.6973876717896,3,pivot|repeated_pivot|role_flip,expired,3,3,pivot|repeated_pivot|role_flip,pivot:2026-02-11T15:00:00Z|pivot:2026-02-20T18:00:00Z,2,8489,True,,8520,0,3,2026-02-26T20:00:00Z,2026-02-26T16:00:00Z,2026-04-02T14:30:00Z
1454,supply,supply,692.73,693.96,2026-02-11T19:00:00Z,2026-02-12T16:00:00Z,,,,,,expired,2,2,order_block|pivot,order_block:2026-02-11T19:00:00Z|structure_break:2026-02-12T15:00:00Z|structure_break:2026-02-12T16:00:00Z|pivot:2026-02-25T20:00:00Z,1,8512,True,,8515,1,0,2026-02-25T20:00:00Z,,2026-04-02T18:00:00Z
1456,supply,supply,694.28,695.35,2026-02-12T14:30:00Z,2026-02-12T18:00:00Z,,,,,,expired,1,1,pivot,pivot:2026-02-12T14:30:00Z,1,8450,True,,-1,0,0,,,2026-03-17T17:00:00Z
1457,supply,supply,684.7,686.28,2026-02-12T19:00:00Z,2026-02-12T21:00:00Z,,,,,,expired,4,4,order_block|pivot|role_flip|volume_profile,order_block:2026-02-12T19:00:00Z|structure_break:2026-02-12T20:00:00Z|pivot:2026-02-13T17:00:00Z|volume:POC:2026-02-18:686.121667,1,8460,True,,8551,2,8,2026-03-05T16:00:00Z,2026-03-03T15:30:00Z,2026-04-06T16:00:00Z
1458,demand,demand,677.52,679.3405044652905,2026-02-13T14:30:00Z,2026-02-13T18:00:00Z,,,,,,expired,1,1,pivot,pivot:2026-02-13T14:30:00Z,1,8457,False,,-1,0,0,,2026-02-17T15:30:00Z,2026-02-24T21:00:00Z
1460,demand,supply,675.78,676.62,2026-02-17T15:00:00Z,2026-02-17T19:00:00Z,,,,,,expired,3,3,pivot|role_flip|volume_profile,pivot:2026-02-17T15:00:00Z|volume:POC:2026-03-05:676.230000,1,8465,True,,8582,0,3,2026-03-11T18:00:00Z,2026-03-11T16:00:00Z,2026-04-08T14:30:00Z
1462,demand,demand,681.54,682.42,2026-02-19T18:00:00Z,2026-02-20T15:30:00Z,,,,,,expired,1,1,pivot,pivot:2026-02-19T18:00:00Z,1,8482,False,,-1,1,0,2026-02-23T16:00:00Z,2026-02-23T20:00:00Z,2026-03-03T19:00:00Z
1463,demand,demand,681.88,683.44500779584,2026-02-19T19:00:00Z,2026-02-20T16:00:00Z,,,,,,expired,1,1,order_block,order_block:2026-02-19T19:00:00Z|structure_break:2026-02-20T15:00:00Z,0,,False,,-1,1,0,2026-02-23T16:00:00Z,2026-02-23T20:00:00Z,2026-03-03T19:00:00Z
1465,demand,demand,680.37,681.96,2026-02-23T16:00:00Z,2026-02-23T20:00:00Z,,,,,,expired,3,3,pivot|role_flip|volume_profile,pivot:2026-02-23T16:00:00Z|volume:POC:2026-03-10:680.672500,1,8494,False,,8736,3,4,2026-04-13T18:00:00Z,2026-04-13T17:00:00Z,2026-04-14T15:00:00Z
1466,demand,supply,680.0,681.6286590674918,2026-02-24T14:30:00Z,2026-02-24T18:00:00Z,,,,,,expired,2,2,pivot|role_flip,pivot:2026-02-24T14:30:00Z,1,8499,False,,8553,2,1,2026-03-10T15:00:00Z,2026-03-10T18:00:00Z,2026-03-18T17:00:00Z
1468,demand,supply,684.35,685.7752988813822,2026-02-26T15:00:00Z,2026-02-26T19:00:00Z,,,,,,expired,3,3,pivot|role_flip|volume_profile,pivot:2026-02-26T15:00:00Z|volume:POC:2026-02-27:684.576250,1,8514,False,,8551,0,3,2026-03-05T16:00:00Z,2026-04-13T20:00:00Z,2026-04-21T19:00:00Z
1469,demand,supply,681.64,683.36,2026-02-27T14:30:00Z,2026-02-27T18:00:00Z,2026-03-11T14:30:00Z,681.64,683.36,3,pivot|repeated_pivot|role_flip,expired,3,3,pivot|repeated_pivot|role_flip,pivot:2026-02-27T14:30:00Z|pivot:2026-03-10T17:00:00Z,2,8573,False,,8727,4,3,2026-04-13T17:00:00Z,2026-04-13T20:00:00Z,2026-04-21T19:00:00Z
1470,demand,supply,678.02,678.7,2026-03-02T14:30:00Z,2026-03-02T18:00:00Z,,,,,,expired,2,2,pivot|role_flip,pivot:2026-03-02T14:30:00Z,1,8527,False,,8571,0,3,2026-03-10T14:30:00Z,2026-03-10T15:00:00Z,2026-03-18T14:30:00Z
1472,demand,demand,669.66,671.8832811502166,2026-03-03T15:00:00Z,2026-03-03T19:00:00Z,,,,,,expired,3,3,pivot|role_flip|volume_profile,pivot:2026-03-03T15:00:00Z|volume:POC:2026-03-17:671.576250,1,8535,False,,8607,1,2,2026-03-17T15:00:00Z,2026-03-18T14:30:00Z,2026-03-25T20:00:00Z
1473,supply,supply,686.6711128544699,687.09,2026-03-04T19:00:00Z,2026-03-05T16:00:00Z,,,,,,expired,1,1,pivot,pivot:2026-03-04T19:00:00Z,1,8546,True,,-1,0,0,,,2026-03-17T18:00:00Z
1474,supply,supply,683.2657583419519,685.11,2026-03-05T14:30:00Z,2026-03-05T18:00:00Z,,,,,,expired,1,1,order_block,order_block:2026-03-05T14:30:00Z|structure_break:2026-03-05T17:00:00Z,0,,False,,8576,2,0,2026-04-13T19:00:00Z,2026-04-13T20:00:00Z,2026-04-21T19:00:00Z
1475,demand,demand,669.76,671.4,2026-03-06T14:30:00Z,2026-03-06T18:00:00Z,2026-03-16T18:00:00Z,669.76,671.4,4,pivot|repeated_pivot|role_flip|volume_profile,expired,4,4,pivot|repeated_pivot|role_flip|volume_profile,pivot:2026-03-06T14:30:00Z|volume:POC:2026-03-09:670.059375|pivot:2026-03-16T14:00:00Z,2,8598,False,,8610,1,4,2026-03-17T18:00:00Z,2026-03-18T14:30:00Z,2026-03-25T20:00:00Z
1476,demand,supply,662.39,664.05,2026-03-09T14:00:00Z,2026-03-09T18:00:00Z,,,,,,expired,3,3,pivot|role_flip|volume_profile,pivot:2026-03-09T14:00:00Z|volume:POC:2026-03-13:662.961250,1,8563,False,,8626,3,1,2026-03-23T16:00:00Z,2026-04-08T14:30:00Z,2026-04-15T20:00:00Z
1477,demand,demand,668.09,670.3327697390263,2026-03-09T17:00:00Z,2026-03-09T20:00:00Z,,,,,,expired,3,3,order_block|role_flip|volume_profile,order_block:2026-03-09T17:00:00Z|structure_break:2026-03-09T19:00:00Z|volume:POC:2026-03-09:670.059375,0,,False,,8610,2,2,2026-03-17T16:00:00Z,2026-03-18T15:00:00Z,2026-03-26T14:30:00Z
1479,demand,supply,666.92,668.51,2026-03-12T15:00:00Z,2026-03-12T19:00:00Z,,,,,,expired,3,3,pivot|role_flip|volume_profile,pivot:2026-03-12T15:00:00Z|volume:POC:2026-03-12:668.176042,1,8585,False,,8618,1,3,2026-03-18T19:00:00Z,2026-04-08T14:30:00Z,2026-04-15T20:00:00Z
1480,supply,demand,670.3201600833722,672.34,2026-03-13T13:30:00Z,2026-03-13T15:00:00Z,,,,,,expired,3,3,order_block|role_flip|volume_profile,order_block:2026-03-13T13:30:00Z|structure_break:2026-03-13T14:00:00Z|volume:POC:2026-03-17:671.576250,0,,False,,8607,1,1,2026-03-17T15:00:00Z,2026-03-18T14:30:00Z,2026-03-25T20:00:00Z
1481,supply,demand,670.53,672.34,2026-03-13T13:30:00Z,2026-03-13T17:00:00Z,,,,,,expired,3,3,pivot|role_flip|volume_profile,pivot:2026-03-13T13:30:00Z|volume:POC:2026-03-17:671.576250,1,8590,False,,8607,1,1,2026-03-17T15:00:00Z,2026-03-18T14:30:00Z,2026-03-25T20:00:00Z
1482,demand,supply,661.07,662.62,2026-03-13T19:00:00Z,2026-03-16T16:00:00Z,2026-03-23T19:00:00Z,661.07,662.62,3,pivot|repeated_pivot|role_flip,expired,3,3,pivot|repeated_pivot|role_flip,pivot:2026-03-13T19:00:00Z|pivot:2026-03-23T15:00:00Z,2,8634,False,,8636,2,1,2026-03-23T15:00:00Z,2026-04-08T14:30:00Z,2026-04-15T20:00:00Z
1484,supply,demand,673.89,674.44,2026-03-17T13:30:00Z,2026-03-17T17:00:00Z,,,,,,expired,2,2,pivot|role_flip,pivot:2026-03-17T13:30:00Z,1,8604,True,,8717,1,1,2026-04-08T20:00:00Z,2026-04-08T16:00:00Z,2026-05-05T20:00:00Z
1485,demand,supply,655.17,656.887815906999,2026-03-19T13:30:00Z,2026-03-19T17:00:00Z,,,,,,expired,3,3,pivot|role_flip|volume_profile,pivot:2026-03-19T13:30:00Z|volume:POC:2026-03-23:656.652500,1,8618,False,,8705,0,7,2026-04-07T15:00:00Z,2026-04-07T20:00:00Z,2026-04-15T19:00:00Z
1486,supply,supply,661.1717396464077,662.98,2026-03-19T19:00:00Z,2026-03-20T16:00:00Z,,,,,,expired,1,1,pivot,pivot:2026-03-19T19:00:00Z,1,8624,False,,8636,1,0,2026-03-23T15:00:00Z,2026-04-08T14:30:00Z,2026-04-15T20:00:00Z
1487,demand,demand,644.72,646.9635822975566,2026-03-20T19:00:00Z,2026-03-23T16:00:00Z,,,,,,expired,2,2,pivot|volume_profile,pivot:2026-03-20T19:00:00Z|volume:POC:2026-03-26:646.282708,1,8631,False,,8660,1,0,2026-03-26T18:00:00Z,2026-03-27T14:30:00Z,2026-04-06T20:00:00Z
1489,demand,demand,649.88,651.34,2026-03-24T13:30:00Z,2026-03-24T17:00:00Z,,,,,,expired,2,2,pivot|role_flip,pivot:2026-03-24T13:30:00Z,1,8639,True,,8707,3,2,2026-04-07T16:00:00Z,2026-04-01T14:30:00Z,2026-05-12T20:00:00Z
1490,supply,supply,658.6809455970355,660.89,2026-03-25T13:30:00Z,2026-03-25T17:00:00Z,,,,,,expired,1,1,pivot,pivot:2026-03-25T13:30:00Z,1,8646,False,,8701,2,0,2026-04-07T20:00:00Z,2026-04-08T14:30:00Z,2026-04-15T20:00:00Z
1491,demand,demand,633.1,634.04,2026-03-27T19:00:00Z,2026-03-30T16:00:00Z,,,,,,expired,1,1,pivot,pivot:2026-03-27T19:00:00Z,1,8666,False,,-1,1,0,2026-03-30T18:00:00Z,2026-03-30T19:00:00Z,2026-04-08T18:00:00Z
1492,demand,demand,629.28,631.4175258527521,2026-03-30T19:00:00Z,2026-03-31T16:00:00Z,,,,,,expired,1,1,pivot,pivot:2026-03-30T19:00:00Z,1,8673,True,,-1,0,0,,,2026-05-04T17:00:00Z
1493,demand,demand,637.98,640.1394049406349,2026-03-31T14:00:00Z,2026-03-31T17:00:00Z,,,,,,expired,1,1,order_block,order_block:2026-03-31T14:00:00Z|structure_break:2026-03-31T16:00:00Z,0,,True,,-1,0,0,,,2026-05-04T20:00:00Z
1494,supply,demand,657.82,658.52,2026-04-01T17:00:00Z,2026-04-02T14:30:00Z,,,,,,expired,3,3,pivot|role_flip|volume_profile,pivot:2026-04-01T17:00:00Z|volume:POC:2026-04-06:657.882500,1,8685,True,,8710,1,1,2026-04-07T20:00:00Z,2026-04-06T20:00:00Z,2026-05-21T17:00:00Z
1495,demand,demand,645.11,646.42,2026-04-02T13:30:00Z,2026-04-02T17:00:00Z,,,,,,expired,1,1,pivot,pivot:2026-04-02T13:30:00Z,1,8688,True,,-1,0,0,,,2026-05-12T15:00:00Z
1496,supply,supply,657.93,659.72,2026-04-06T14:00:00Z,2026-04-06T18:00:00Z,,,,,,expired,1,1,pivot,pivot:2026-04-06T14:00:00Z,1,8696,False,,8709,1,0,2026-04-07T18:00:00Z,2026-04-08T14:30:00Z,2026-04-15T20:00:00Z
1497,demand,demand,651.06,652.58,2026-04-07T15:00:00Z,2026-04-07T19:00:00Z,,,,,,expired,1,1,pivot,pivot:2026-04-07T15:00:00Z,1,8704,True,,-1,0,0,,,2026-05-12T18:00:00Z
1498,demand,demand,653.43,655.1714111971147,2026-04-07T18:00:00Z,2026-04-07T20:00:00Z,,,,,,expired,2,2,order_block|volume_profile,order_block:2026-04-07T18:00:00Z|structure_break:2026-04-07T19:00:00Z|volume:POC:2026-04-07:654.088125,0,,True,,-1,0,0,,,2026-05-27T16:00:00Z
1499,supply,demand,676.39,677.4,2026-04-08T13:30:00Z,2026-04-08T17:00:00Z,2026-04-13T17:00:00Z,676.39,677.4,3,pivot|repeated_pivot|role_flip,expired,3,3,pivot|repeated_pivot|role_flip,pivot:2026-04-08T13:30:00Z|pivot:2026-04-13T13:30:00Z,2,8730,True,,8732,0,1,2026-04-13T14:30:00Z,2026-04-09T16:00:00Z,2026-05-27T20:00:00Z
1500,supply,demand,681.36,682.03,2026-04-10T15:00:00Z,2026-04-10T19:00:00Z,,,,,,expired,2,2,pivot|role_flip,pivot:2026-04-10T15:00:00Z,1,8725,True,,8736,0,1,2026-04-13T18:00:00Z,2026-04-13T17:00:00Z,2026-06-01T15:00:00Z
1502,supply,demand,702.22,702.78,2026-04-16T16:00:00Z,2026-04-16T20:00:00Z,,,,,,expired,2,2,pivot|role_flip,pivot:2026-04-16T16:00:00Z,1,8754,True,,8793,1,1,2026-04-23T18:00:00Z,2026-04-17T14:30:00Z,2026-06-05T16:00:00Z
1503,supply,supply,711.7,712.39,2026-04-17T16:00:00Z,2026-04-17T20:00:00Z,2026-04-23T19:00:00Z,711.7,712.39,2,pivot|repeated_pivot,expired,3,3,pivot|repeated_pivot|role_flip,pivot:2026-04-17T16:00:00Z|pivot:2026-04-23T15:00:00Z,2,8788,False,,8818,2,2,2026-04-29T15:00:00Z,2026-04-30T15:00:00Z,2026-05-08T14:30:00Z
1504,demand,demand,706.14,707.16,2026-04-20T15:00:00Z,2026-04-20T19:00:00Z,,,,,,expired,2,2,pivot|role_flip,pivot:2026-04-20T15:00:00Z,1,8767,True,,8794,1,2,2026-04-23T20:00:00Z,2026-04-22T14:30:00Z,2026-06-09T15:00:00Z
1505,supply,demand,710.77,711.28,2026-04-21T14:00:00Z,2026-04-21T18:00:00Z,,,,,,expired,3,3,pivot|role_flip|volume_profile,pivot:2026-04-21T14:00:00Z|volume:POC:2026-04-23:710.890000,1,8773,False,,8815,2,3,2026-04-28T20:00:00Z,2026-04-29T16:00:00Z,2026-05-07T15:00:00Z
1506,demand,demand,702.64,704.0314055145469,2026-04-21T19:00:00Z,2026-04-22T16:00:00Z,,,,,,expired,1,1,pivot,pivot:2026-04-21T19:00:00Z,1,8778,True,,8793,1,0,2026-04-23T18:00:00Z,,2026-05-15T15:00:00Z
1507,supply,demand,710.04,710.7,2026-04-22T14:00:00Z,2026-04-22T18:00:00Z,,,,,,expired,2,2,pivot|role_flip,pivot:2026-04-22T14:00:00Z,1,8780,False,,8813,0,3,2026-04-28T18:00:00Z,2026-04-29T17:00:00Z,2026-05-07T16:00:00Z
1508,supply,demand,710.736791169632,712.06,2026-04-23T14:00:00Z,2026-04-23T18:00:00Z,,,,,,expired,3,3,order_block|role_flip|volume_profile,order_block:2026-04-23T14:00:00Z|structure_break:2026-04-23T17:00:00Z|volume:POC:2026-04-23:710.890000,0,,True,,8824,1,1,2026-04-30T15:00:00Z,2026-04-24T16:00:00Z,2026-06-12T14:30:00Z
1510,demand,demand,702.28,703.7516748470663,2026-04-23T17:00:00Z,2026-04-24T14:30:00Z,,,,,,expired,1,1,pivot,pivot:2026-04-23T17:00:00Z,1,8790,True,,-1,0,0,,,2026-05-15T17:00:00Z
1511,supply,demand,713.9,714.6,2026-04-24T19:00:00Z,2026-04-27T16:00:00Z,,,,,,expired,3,3,order_block|pivot|role_flip,pivot:2026-04-24T19:00:00Z|order_block:2026-04-30T16:00:00Z|structure_break:2026-04-30T17:00:00Z|structure_break:2026-05-01T13:30:00Z,1,8799,True,,8825,0,1,2026-04-30T16:00:00Z,2026-04-27T18:00:00Z,2026-06-15T19:00:00Z
1512,demand,supply,712.29,713.3432240762713,2026-04-27T15:00:00Z,2026-04-27T19:00:00Z,,,,,,expired,2,2,pivot|role_flip,pivot:2026-04-27T15:00:00Z,1,8802,False,,8810,1,1,2026-04-30T14:30:00Z,2026-04-30T15:00:00Z,2026-05-08T14:30:00Z
1513,supply,demand,715.15,715.63,2026-04-27T19:00:00Z,2026-04-28T16:00:00Z,,,,,,expired,2,2,pivot|role_flip,pivot:2026-04-27T19:00:00Z,1,8806,True,,8840,1,1,2026-05-04T17:00:00Z,2026-04-30T18:00:00Z,2026-06-16T19:00:00Z
1514,demand,demand,709.25,710.3440908118857,2026-04-28T14:00:00Z,2026-04-28T18:00:00Z,,,,,,expired,2,2,pivot|volume_profile,pivot:2026-04-28T14:00:00Z|volume:POC:2026-04-29:710.205208,1,8808,True,,8817,1,0,2026-04-29T14:30:00Z,,2026-06-17T14:30:00Z
1515,supply,supply,711.44,712.2,2026-04-29T14:00:00Z,2026-04-29T18:00:00Z,,,,,,expired,1,1,pivot,pivot:2026-04-29T14:00:00Z,1,8815,False,,8823,1,0,2026-04-29T20:00:00Z,2026-04-30T15:00:00Z,2026-05-08T14:30:00Z
1516,demand,demand,708.37,709.5492907389502,2026-04-29T18:00:00Z,2026-04-30T15:00:00Z,,,,,,expired,1,1,pivot,pivot:2026-04-29T18:00:00Z,1,8819,True,,-1,0,0,,,2026-05-20T19:00:00Z
1519,supply,supply,724.19,724.87,2026-05-01T14:00:00Z,2026-05-01T18:00:00Z,,,,,,expired,1,1,pivot,pivot:2026-05-01T14:00:00Z,1,8829,False,,8850,1,0,2026-05-05T18:00:00Z,2026-05-06T14:30:00Z,2026-05-13T20:00:00Z
1520,supply,demand,720.9382819871787,722.12,2026-05-04T14:00:00Z,2026-05-04T16:00:00Z,,,,,,expired,2,2,order_block|role_flip,order_block:2026-05-04T14:00:00Z|structure_break:2026-05-04T15:00:00Z,0,,True,,8845,0,1,2026-05-05T15:00:00Z,2026-05-05T14:30:00Z,2026-06-23T19:00:00Z
1521,demand,demand,714.99,716.243733938479,2026-05-04T16:00:00Z,2026-05-04T20:00:00Z,,,,,,expired,1,1,pivot,pivot:2026-05-04T16:00:00Z,1,8838,True,,-1,0,0,,,2026-05-22T17:00:00Z
1522,supply,supply,731.83,732.56,2026-05-06T14:00:00Z,2026-05-06T18:00:00Z,2026-05-12T20:00:00Z,731.83,732.56,3,pivot|repeated_pivot|role_flip,expired,3,3,pivot|repeated_pivot|role_flip,pivot:2026-05-06T14:00:00Z|pivot:2026-05-12T16:00:00Z,2,8880,False,,9022,1,2,2026-06-10T17:00:00Z,2026-06-11T18:00:00Z,2026-06-22T17:00:00Z
1523,supply,demand,735.4,736.53,2026-05-07T15:00:00Z,2026-05-07T19:00:00Z,2026-06-26T19:00:00Z,735.4,736.53,4,pivot|repeated_pivot|role_flip|volume_profile,expired,4,4,pivot|repeated_pivot|role_flip|volume_profile,pivot:2026-05-07T15:00:00Z|volume:POC:2026-05-12:736.065208|pivot:2026-06-26T15:00:00Z,2,9096,False,,9104,8,9,2026-06-29T15:00:00Z,2026-06-29T14:30:00Z,2026-06-29T16:00:00Z
1524,demand,supply,729.75,731.0315660325084,2026-05-07T18:00:00Z,2026-05-08T15:00:00Z,,,,,,expired,2,2,pivot|role_flip,pivot:2026-05-07T18:00:00Z,1,8861,False,,9026,0,3,2026-06-11T14:30:00Z,2026-06-11T18:00:00Z,2026-06-22T17:00:00Z
1525,supply,demand,740.2,740.79,2026-05-11T17:00:00Z,2026-05-12T14:30:00Z,,,,,,expired,3,3,pivot|role_flip|volume_profile,pivot:2026-05-11T17:00:00Z|volume:POC:2026-05-15:740.595417,1,8874,False,,9034,2,5,2026-06-12T15:00:00Z,2026-06-12T16:00:00Z,2026-06-23T15:00:00Z
1527,demand,demand,742.22,742.65,2026-05-13T19:00:00Z,2026-05-14T15:00:00Z,,,,,,expired,3,3,order_block|role_flip|volume_profile,order_block:2026-05-13T19:00:00Z|structure_break:2026-05-14T14:00:00Z|volume:POC:2026-05-13:742.327500,0,,False,,8932,0,2,2026-05-21T18:00:00Z,2026-05-21T19:00:00Z,2026-06-01T18:00:00Z
1528,supply,demand,749.2744023988998,749.53,2026-05-14T16:00:00Z,2026-05-14T20:00:00Z,,,,,,expired,2,2,pivot|role_flip,pivot:2026-05-14T16:00:00Z,1,8894,False,,8948,0,1,2026-05-26T20:00:00Z,2026-05-27T16:00:00Z,2026-06-04T15:00:00Z
1529,demand,demand,737.96,739.17,2026-05-15T13:30:00Z,2026-05-15T17:00:00Z,,,,,,expired,1,1,pivot,pivot:2026-05-15T13:30:00Z,1,8898,False,,8907,1,0,2026-05-15T20:00:00Z,2026-05-18T16:00:00Z,2026-05-27T15:00:00Z
1530,supply,supply,742.97,743.46,2026-05-15T18:00:00Z,2026-05-18T15:00:00Z,,,,,,expired,1,1,pivot,pivot:2026-05-15T18:00:00Z,1,8903,False,,-1,0,0,,2026-05-21T18:00:00Z,2026-06-01T17:00:00Z
1531,demand,demand,731.53,733.16,2026-05-19T14:00:00Z,2026-05-19T18:00:00Z,,,,,,expired,3,3,pivot|role_flip|volume_profile,pivot:2026-05-19T14:00:00Z|volume:POC:2026-06-25:731.838958,1,8913,True,,9104,3,4,2026-06-29T15:00:00Z,2026-06-29T14:30:00Z,2026-07-10T14:30:00Z
1532,supply,demand,740.24,741.87,2026-05-20T15:00:00Z,2026-05-20T19:00:00Z,,,,,,expired,3,3,pivot|role_flip|volume_profile,pivot:2026-05-20T15:00:00Z|volume:POC:2026-06-08:740.722292,1,8921,False,,9034,1,3,2026-06-12T15:00:00Z,2026-06-12T16:00:00Z,2026-06-23T15:00:00Z
1533,demand,demand,738.09,739.3,2026-05-21T16:00:00Z,2026-05-21T18:00:00Z,,,,,,expired,3,3,order_block|role_flip|volume_profile,order_block:2026-05-21T16:00:00Z|structure_break:2026-05-21T17:00:00Z|volume:POC:2026-05-21:738.826667,0,,True,,9107,4,4,2026-06-29T18:00:00Z,2026-06-24T15:00:00Z,2026-07-14T14:30:00Z
1534,demand,demand,737.03,738.8062347919936,2026-05-21T15:00:00Z,2026-05-21T19:00:00Z,,,,,,expired,3,3,pivot|role_flip|volume_profile,pivot:2026-05-21T15:00:00Z|volume:POC:2026-06-05:738.763750,1,8928,True,,9107,4,4,2026-06-29T18:00:00Z,2026-06-24T15:00:00Z,2026-07-14T15:00:00Z
1535,supply,supply,747.54,748.16,2026-05-22T13:30:00Z,2026-05-22T17:00:00Z,,,,,,expired,1,1,pivot,pivot:2026-05-22T13:30:00Z,1,8933,False,,-1,0,0,,2026-05-26T14:30:00Z,2026-06-02T20:00:00Z
1536,supply,demand,751.4,752.13,2026-05-26T14:00:00Z,2026-05-26T18:00:00Z,2026-06-04T17:00:00Z,751.4,752.13,3,pivot|repeated_pivot|role_flip,expired,3,3,pivot|repeated_pivot|role_flip,pivot:2026-05-26T14:00:00Z|pivot:2026-06-04T13:30:00Z,2,8989,False,,8991,0,1,2026-06-04T14:30:00Z,2026-06-05T14:30:00Z,2026-06-12T20:00:00Z
1537,supply,supply,750.5,751.38,2026-05-27T14:00:00Z,2026-05-27T18:00:00Z,,,,,,expired,1,1,pivot,pivot:2026-05-27T14:00:00Z,1,8948,False,,-1,0,0,,2026-05-28T15:00:00Z,2026-06-05T14:30:00Z
1538,demand,demand,748.22,749.400016970783,2026-05-27T17:00:00Z,2026-05-28T14:30:00Z,,,,,,expired,2,2,pivot|volume_profile,pivot:2026-05-27T17:00:00Z|volume:POC:2026-05-26:749.075000,1,8951,False,,8999,1,0,2026-06-05T14:30:00Z,2026-06-05T16:00:00Z,2026-06-15T15:00:00Z
1539,supply,supply,757.64,758.31,2026-05-29T14:00:00Z,2026-05-29T18:00:00Z,2026-06-05T16:00:00Z,757.64,758.31,3,pivot|repeated_pivot|role_flip,active,3,3,pivot|repeated_pivot|role_flip,pivot:2026-05-29T14:00:00Z|pivot:2026-06-04T19:00:00Z,2,8995,True,,8997,2,2,2026-06-04T19:00:00Z,2026-06-02T14:30:00Z,
1540,demand,demand,754.69,755.34,2026-06-01T13:30:00Z,2026-06-01T17:00:00Z,,,,,,expired,1,1,pivot,pivot:2026-06-01T13:30:00Z,1,8968,False,,8988,2,0,2026-06-03T16:00:00Z,2026-06-03T20:00:00Z,2026-06-11T19:00:00Z
1541,supply,supply,759.55,760.4,2026-06-01T17:00:00Z,2026-06-02T14:30:00Z,,,,,,expired,1,1,pivot,pivot:2026-06-01T17:00:00Z|pivot:2026-06-02T15:00:00Z,1,8972,True,,8984,1,0,2026-06-02T20:00:00Z,,2026-06-10T18:00:00Z
1543,demand,demand,753.57,754.5336890103099,2026-06-03T16:00:00Z,2026-06-03T20:00:00Z,,,,,,expired,1,1,pivot,pivot:2026-06-03T16:00:00Z,1,8985,False,,-1,0,0,,2026-06-04T14:30:00Z,2026-06-11T20:00:00Z
1545,supply,supply,756.15,757.74,2026-06-04T17:00:00Z,2026-06-05T14:30:00Z,,,,,,candidate,3,3,order_block|pivot|volume_profile,order_block:2026-06-04T17:00:00Z|structure_break:2026-06-05T13:30:00Z|volume:POC:2026-06-04:757.597500|pivot:2026-06-15T16:00:00Z,1,9041,True,,-1,0,0,,,
1547,supply,supply,749.7981569207375,750.96,2026-06-05T14:00:00Z,2026-06-05T16:00:00Z,,,,,,expired,1,1,order_block,order_block:2026-06-05T14:00:00Z|structure_break:2026-06-05T15:00:00Z,0,,False,,-1,0,0,,2026-06-15T14:30:00Z,2026-06-23T20:00:00Z
1548,supply,supply,744.54,745.34,2026-06-05T17:00:00Z,2026-06-05T19:00:00Z,,,,,,expired,3,3,order_block|pivot|role_flip,order_block:2026-06-05T17:00:00Z|structure_break:2026-06-05T18:00:00Z|pivot:2026-06-08T15:00:00Z,1,9005,False,,9145,3,4,2026-07-08T14:30:00Z,2026-07-09T14:30:00Z,2026-07-16T20:00:00Z
1549,demand,demand,735.52,737.3089537825247,2026-06-05T19:00:00Z,2026-06-08T16:00:00Z,,,,,,verified,2,2,pivot|role_flip,pivot:2026-06-05T19:00:00Z,1,9002,True,,9104,3,4,2026-06-29T15:00:00Z,2026-06-24T15:00:00Z,
1551,supply,demand,744.7720881892895,746.9,2026-06-09T13:30:00Z,2026-06-09T16:00:00Z,,,,,,verified,3,3,order_block|role_flip|volume_profile,order_block:2026-06-09T13:30:00Z|structure_break:2026-06-09T15:00:00Z|volume:POC:2026-06-18:746.500208,0,,True,,9153,2,5,2026-07-09T15:00:00Z,2026-07-09T14:30:00Z,
1552,supply,demand,744.41299007906,746.9,2026-06-09T13:30:00Z,2026-06-09T17:00:00Z,,,,,,verified,3,3,pivot|role_flip|volume_profile,pivot:2026-06-09T13:30:00Z|volume:POC:2026-06-18:746.500208,1,9010,True,,9153,3,5,2026-07-09T15:00:00Z,2026-07-09T14:30:00Z,
1553,demand,demand,722.59,725.2217348018604,2026-06-09T16:00:00Z,2026-06-09T20:00:00Z,,,,,,expired,1,1,pivot,pivot:2026-06-09T16:00:00Z,1,9013,True,,9104,2,0,2026-06-26T20:00:00Z,,2026-07-08T16:00:00Z
1554,supply,supply,735.7563321081112,738.38,2026-06-10T14:00:00Z,2026-06-10T18:00:00Z,,,,,,expired,2,2,pivot|role_flip,pivot:2026-06-10T14:00:00Z,1,9018,False,,9099,4,2,2026-06-26T16:00:00Z,2026-06-29T17:00:00Z,2026-07-08T16:00:00Z
1555,demand,demand,724.4,725.57,2026-06-11T15:00:00Z,2026-06-11T19:00:00Z,,,,,,expired,1,1,pivot,pivot:2026-06-11T15:00:00Z,1,9026,True,,9104,1,0,2026-06-26T20:00:00Z,,2026-07-08T16:00:00Z
1556,supply,demand,742.39,744.44,2026-06-12T15:00:00Z,2026-06-12T19:00:00Z,,,,,,expired,2,2,pivot|role_flip,pivot:2026-06-12T15:00:00Z,1,9033,False,,9059,0,1,2026-06-17T19:00:00Z,2026-06-17T20:00:00Z,2026-06-26T19:00:00Z
1558,demand,supply,747.85,749.06,2026-06-17T14:00:00Z,2026-06-17T18:00:00Z,,,,,,expired,2,2,pivot|role_flip,pivot:2026-06-17T14:00:00Z,1,9053,False,,9061,0,1,2026-06-18T14:30:00Z,2026-06-22T14:30:00Z,2026-06-29T20:00:00Z
1559,supply,demand,749.8038968563882,751.31,2026-06-17T17:00:00Z,2026-06-17T19:00:00Z,2026-07-02T18:00:00Z,749.8038968563882,751.31,3,order_block|pivot|repeated_pivot,touched,5,5,order_block|pivot|repeated_pivot|role_flip|volume_profile,order_block:2026-06-17T17:00:00Z|structure_break:2026-06-17T18:00:00Z|structure_break:2026-06-17T19:00:00Z|pivot:2026-06-22T14:00:00Z|pivot:2026-07-02T14:00:00Z|volume:POC:2026-07-09:750.773750,2,9123,False,9186,9184,6,3,2026-07-16T18:00:00Z,2026-07-14T15:00:00Z,
1561,demand,demand,739.22,741.02,2026-06-17T19:00:00Z,2026-06-18T16:00:00Z,,,,,,rejected,3,3,pivot|role_flip|volume_profile,pivot:2026-06-17T19:00:00Z|volume:POC:2026-06-29:740.178958,1,9058,True,,9148,4,2,2026-07-08T15:00:00Z,2026-06-30T14:30:00Z,
1562,demand,demand,743.15,744.72,2026-06-22T14:00:00Z,2026-06-22T18:00:00Z,,,,,,expired,2,2,pivot|volume_profile,pivot:2026-06-22T14:00:00Z|volume:POC:2026-06-22:743.864375,1,9067,False,,-1,0,0,,2026-06-23T14:30:00Z,2026-06-30T20:00:00Z
1564,demand,demand,731.93,733.74,2026-06-23T13:30:00Z,2026-06-23T17:00:00Z,,,,,,verified,4,4,order_block|pivot|role_flip|volume_profile,pivot:2026-06-23T13:30:00Z|order_block:2026-06-24T19:00:00Z|structure_break:2026-06-25T13:30:00Z|volume:POC:2026-06-26:733.620625,1,9073,True,,9104,1,4,2026-06-29T15:00:00Z,2026-06-29T14:30:00Z,
1565,supply,demand,739.5288454920249,739.95,2026-06-24T15:00:00Z,2026-06-24T19:00:00Z,,,,,,verified,2,2,pivot|role_flip,pivot:2026-06-24T15:00:00Z,1,9082,True,,9147,1,1,2026-07-08T16:00:00Z,2026-06-29T18:00:00Z,
1567,demand,demand,729.6,730.111269328869,2026-06-25T13:30:00Z,2026-06-25T17:00:00Z,,,,,,expired,1,1,pivot,pivot:2026-06-25T13:30:00Z,1,9087,True,,9097,1,0,2026-06-26T14:30:00Z,,2026-07-08T18:00:00Z
1568,demand,demand,726.86,728.95,2026-06-26T13:30:00Z,2026-06-26T17:00:00Z,,,,,,expired,1,1,pivot,pivot:2026-06-26T13:30:00Z,1,9094,True,,9104,1,0,2026-06-26T20:00:00Z,,2026-07-14T18:00:00Z
1570,demand,demand,716.58,719.4177266009278,2026-06-26T19:00:00Z,2026-06-29T16:00:00Z,,,,,,expired,1,1,pivot,pivot:2026-06-26T19:00:00Z,1,9100,True,,-1,0,0,,,2026-07-16T14:30:00Z
1571,supply,demand,737.2193967277099,739.9,2026-06-29T13:30:00Z,2026-06-29T17:00:00Z,,,,,,verified,2,2,pivot|role_flip,pivot:2026-06-29T13:30:00Z,1,9101,True,,9147,0,1,2026-07-08T16:00:00Z,2026-06-29T18:00:00Z,
1572,demand,demand,742.37,744.0665710442573,2026-07-01T13:30:00Z,2026-07-01T17:00:00Z,,,,,,verified,2,2,pivot|role_flip,pivot:2026-07-01T13:30:00Z,1,9115,True,,9149,1,2,2026-07-08T18:00:00Z,2026-07-08T17:00:00Z,
1573,supply,demand,748.81,749.44,2026-07-01T16:00:00Z,2026-07-01T20:00:00Z,,,,,,touched,3,3,pivot|role_flip|volume_profile,pivot:2026-07-01T16:00:00Z|volume:POC:2026-07-13:749.110000,1,9118,False,9188,9160,3,3,2026-07-16T20:00:00Z,2026-07-09T16:00:00Z,
1575,demand,demand,739.51,740.64,2026-07-02T17:00:00Z,2026-07-06T14:30:00Z,2026-07-08T19:00:00Z,739.51,740.64,2,pivot|repeated_pivot,active,2,2,pivot|repeated_pivot,pivot:2026-07-02T17:00:00Z|pivot:2026-07-08T15:00:00Z,2,9145,True,,9148,1,0,2026-07-08T16:00:00Z,,
1576,supply,demand,751.94,752.41,2026-07-06T19:00:00Z,2026-07-07T16:00:00Z,,,,,,broken,2,2,pivot|role_flip,pivot:2026-07-06T19:00:00Z,1,9135,False,,9190,1,5,2026-07-16T17:00:00Z,2026-07-16T18:00:00Z,
1577,demand,demand,745.21,746.45,2026-07-07T14:00:00Z,2026-07-07T18:00:00Z,,,,,,verified,2,2,pivot|role_flip,pivot:2026-07-07T14:00:00Z,1,9137,True,,9153,1,2,2026-07-09T15:00:00Z,2026-07-09T14:30:00Z,
1579,demand,demand,748.15,749.4107589634248,2026-07-10T14:00:00Z,2026-07-10T18:00:00Z,,,,,,touched,2,2,pivot|volume_profile,pivot:2026-07-10T14:00:00Z|volume:POC:2026-07-13:749.110000,1,9158,False,9188,9176,3,0,2026-07-16T20:00:00Z,,
1580,supply,supply,754.9,755.42,2026-07-10T19:00:00Z,2026-07-13T16:00:00Z,,,,,,expired,1,1,pivot,pivot:2026-07-10T19:00:00Z,1,9163,True,,9181,1,0,2026-07-15T14:30:00Z,,2026-07-16T14:30:00Z
1581,demand,demand,748.0,749.1,2026-07-13T19:00:00Z,2026-07-14T16:00:00Z,,,,,,touched,1,1,pivot,pivot:2026-07-13T19:00:00Z,1,9170,False,9188,-1,1,0,2026-07-16T20:00:00Z,,
1582,supply,demand,752.1056170490913,753.34,2026-07-14T14:00:00Z,2026-07-14T18:00:00Z,,,,,,broken,3,3,pivot|role_flip|volume_profile,pivot:2026-07-14T14:00:00Z|volume:POC:2026-07-15:753.226250,1,9172,False,,9189,0,3,2026-07-16T16:00:00Z,2026-07-16T18:00:00Z,
1583,supply,supply,754.45,755.58,2026-07-15T13:30:00Z,2026-07-15T17:00:00Z,,,,,,rejected,1,1,pivot,pivot:2026-07-15T13:30:00Z,1,9178,False,,9189,1,0,2026-07-16T15:00:00Z,,
1584,demand,demand,750.2,751.422996506627,2026-07-15T16:00:00Z,2026-07-15T20:00:00Z,,,,,,touched,2,2,pivot|volume_profile,pivot:2026-07-15T16:00:00Z|volume:POC:2026-07-16:751.085625,1,9181,False,9186,-1,1,0,2026-07-16T18:00:00Z,,
