timestamp,zone_id,event,side,lower,upper,score,details
2021-04-21T15:00:00Z,1,created,demand,410.59,410.85,1,pivot
2021-04-22T18:00:00Z,2,created,supply,416.1,416.76,1,order_block
2021-04-23T14:30:00Z,2,merged,supply,416.1,416.78,2,pivot;geometry=updated
2021-04-23T15:00:00Z,4,created,demand,411.13,411.83,1,pivot
2021-04-23T16:00:00Z,2,touch,supply,416.1,416.78,2,
2021-04-23T17:00:00Z,2,broken,supply,416.1,416.78,2,
2021-04-23T19:00:00Z,2,role_flip_retest,demand,416.1,416.78,3,
2021-04-26T16:00:00Z,5,created,supply,417.5323495740133,418.25,1,pivot
2021-04-26T20:00:00Z,5,volume_confluence,supply,417.5323495740133,418.25,2,POC:2021-04-26:417.725208
2021-04-27T14:30:00Z,2,touch,demand,416.1,416.78,3,
2021-04-27T15:00:00Z,2,rejection,demand,416.1,416.78,3,
2021-04-27T16:00:00Z,5,touch,supply,417.5323495740133,418.25,2,
2021-04-27T16:00:00Z,6,created,supply,418.0866820613339,418.22,1,pivot
2021-04-27T17:00:00Z,5,rejection,supply,417.5323495740133,418.25,2,
2021-04-27T18:00:00Z,7,created,demand,416.3,416.85,1,pivot
2021-04-27T20:00:00Z,6,touch,supply,418.0866820613339,418.22,1,
2021-04-28T14:30:00Z,5,broken,supply,417.5323495740133,418.25,2,
2021-04-28T14:30:00Z,6,broken,supply,418.0866820613339,418.22,1,
2021-04-28T18:00:00Z,8,created,supply,418.33626033318296,418.45,1,pivot
2021-04-28T19:00:00Z,5,role_flip_retest,demand,417.5323495740133,418.25,3,
2021-04-28T19:00:00Z,6,role_flip_retest,demand,418.0866820613339,418.22,2,
2021-04-28T20:00:00Z,5,broken,demand,417.5323495740133,418.25,3,
2021-04-28T20:00:00Z,6,broken,demand,418.0866820613339,418.22,2,
2021-04-29T14:30:00Z,8,broken,supply,418.33626033318296,418.45,1,
2021-04-29T15:00:00Z,9,created,demand,416.9,417.31,1,pivot
2021-04-29T16:00:00Z,6,role_flip_retest,supply,418.0866820613339,418.22,2,
2021-04-29T17:00:00Z,2,touch,demand,416.1,416.78,3,
2021-04-29T17:00:00Z,7,touch,demand,416.3,416.85,1,
2021-04-29T17:00:00Z,9,touch,demand,416.9,417.31,1,
2021-04-29T17:00:00Z,10,created,supply,420.33,420.72,1,pivot
2021-04-29T18:00:00Z,2,rejection,demand,416.1,416.78,3,
2021-04-29T18:00:00Z,6,broken,supply,418.0866820613339,418.22,2,
2021-04-29T18:00:00Z,7,rejection,demand,416.3,416.85,1,
2021-04-29T18:00:00Z,8,role_flip_retest,demand,418.33626033318296,418.45,2,
2021-04-29T18:00:00Z,9,rejection,demand,416.9,417.31,1,
2021-04-29T19:00:00Z,10,touch,supply,420.33,420.72,1,
2021-04-29T20:00:00Z,11,created,demand,416.44,417.1711421753041,1,pivot
2021-04-30T14:30:00Z,6,role_flip_retest,demand,418.0866820613339,418.22,2,
2021-04-30T15:00:00Z,5,role_flip_retest,supply,417.5323495740133,418.25,3,
2021-04-30T15:00:00Z,6,broken,demand,418.0866820613339,418.22,2,
2021-04-30T15:00:00Z,8,broken,demand,418.33626033318296,418.45,2,
2021-04-30T15:00:00Z,10,rejection,supply,420.33,420.72,1,
2021-04-30T16:00:00Z,11,touch,demand,416.44,417.1711421753041,1,
2021-04-30T18:00:00Z,2,touch,demand,416.1,416.78,3,
2021-04-30T18:00:00Z,7,touch,demand,416.3,416.85,1,
2021-04-30T18:00:00Z,9,broken,demand,416.9,417.31,1,
2021-04-30T19:00:00Z,2,rejection,demand,416.1,416.78,3,
2021-04-30T19:00:00Z,7,rejection,demand,416.3,416.85,1,
2021-05-03T14:30:00Z,5,broken,supply,417.5323495740133,418.25,3,
2021-05-03T16:00:00Z,5,role_flip_retest,demand,417.5323495740133,418.25,3,
2021-05-03T16:00:00Z,12,created,demand,416.34,417.07,1,pivot
2021-05-03T17:00:00Z,13,created,supply,419.49,419.84,1,pivot
2021-05-03T20:00:00Z,8,role_flip_retest,supply,418.33626033318296,418.45,2,
2021-05-04T14:30:00Z,2,broken,demand,416.1,416.78,3,
2021-05-04T14:30:00Z,5,broken,demand,417.5323495740133,418.25,3,
2021-05-04T14:30:00Z,7,broken,demand,416.3,416.85,1,
2021-05-04T14:30:00Z,11,broken,demand,416.44,417.1711421753041,1,
2021-05-04T14:30:00Z,12,broken,demand,416.34,417.07,1,
2021-05-04T14:30:00Z,14,created,supply,418.57,419.27,1,order_block
2021-05-04T14:30:00Z,14,volume_confluence,supply,418.57,419.27,2,POC:2021-05-03:418.613750
2021-05-04T16:00:00Z,4,touch,demand,411.13,411.83,1,
2021-05-04T17:00:00Z,4,rejection,demand,411.13,411.83,1,
2021-05-04T19:00:00Z,15,created,demand,411.67,412.12,1,pivot
2021-05-05T14:30:00Z,9,role_flip_retest,supply,416.9,417.31,2,
2021-05-05T15:00:00Z,11,role_flip_retest,supply,416.44,417.1711421753041,2,
2021-05-05T16:00:00Z,9,broken,supply,416.9,417.31,2,
2021-05-05T16:00:00Z,11,broken,supply,416.44,417.1711421753041,2,
2021-05-05T17:00:00Z,5,role_flip_retest,supply,417.5323495740133,418.25,3,
2021-05-05T20:00:00Z,2,role_flip_retest,supply,416.1,416.78,3,
2021-05-05T20:00:00Z,7,role_flip_retest,supply,416.3,416.85,2,
2021-05-05T20:00:00Z,12,role_flip_retest,supply,416.34,417.07,2,
2021-05-05T20:00:00Z,16,created,supply,417.4587223285406,417.63,1,pivot
2021-05-05T20:00:00Z,2,volume_confluence,supply,416.1,416.78,4,POC:2021-05-05:416.565208
2021-05-05T20:00:00Z,7,volume_confluence,supply,416.3,416.85,3,POC:2021-05-05:416.565208
2021-05-05T20:00:00Z,12,volume_confluence,supply,416.34,417.07,3,POC:2021-05-05:416.565208
2021-05-06T16:00:00Z,2,broken,supply,416.1,416.78,4,
2021-05-06T16:00:00Z,16,touch,supply,417.4587223285406,417.63,1,
2021-05-06T17:00:00Z,2,role_flip_retest,demand,416.1,416.78,4,
2021-05-06T17:00:00Z,7,broken,supply,416.3,416.85,3,
2021-05-06T18:00:00Z,16,rejection,supply,417.4587223285406,417.63,1,
2021-05-06T18:00:00Z,17,created,demand,413.67,414.50088271314974,1,pivot
2021-05-06T19:00:00Z,16,merged,supply,416.9,417.63,2,pivot;geometry=updated
2021-05-06T19:00:00Z,16,qualified,supply,416.9,417.63,2,pivot|repeated_pivot
2021-05-06T20:00:00Z,5,broken,supply,417.5323495740133,418.25,3,
2021-05-06T20:00:00Z,7,role_flip_retest,demand,416.3,416.85,3,
2021-05-06T20:00:00Z,8,broken,supply,418.33626033318296,418.45,2,
2021-05-06T20:00:00Z,9,role_flip_retest,demand,416.9,417.31,2,
2021-05-06T20:00:00Z,11,role_flip_retest,demand,416.44,417.1711421753041,2,
2021-05-06T20:00:00Z,12,broken,supply,416.34,417.07,3,
2021-05-06T20:00:00Z,14,touch,supply,418.57,419.27,2,
2021-05-06T20:00:00Z,16,broken,supply,416.9,417.63,2,
2021-05-06T20:00:00Z,19,created,demand,415.66,416.23,1,order_block
2021-05-06T20:00:00Z,11,volume_confluence,demand,416.44,417.1711421753041,3,POC:2021-05-05:416.565208
2021-05-07T14:30:00Z,10,broken,supply,420.33,420.72,1,
2021-05-07T14:30:00Z,13,broken,supply,419.49,419.84,1,
2021-05-07T14:30:00Z,14,broken,supply,418.57,419.27,2,
2021-05-07T19:00:00Z,20,created,supply,422.54,422.82,1,pivot
2021-05-10T14:30:00Z,6,broken_zone_expired,demand,418.0866820613339,418.22,2,
2021-05-10T17:00:00Z,20,touch,supply,422.54,422.82,1,
2021-05-10T18:00:00Z,20,rejection,supply,422.54,422.82,1,
2021-05-10T18:00:00Z,21,created,demand,421.03,421.59,1,pivot
2021-05-10T19:00:00Z,14,role_flip_retest,demand,418.57,419.27,3,
2021-05-10T19:00:00Z,21,broken,demand,421.03,421.59,1,
2021-05-10T19:00:00Z,22,created,supply,421.7805924001876,422.48,1,order_block
2021-05-10T19:00:00Z,22,volume_confluence,supply,421.7805924001876,422.48,2,POC:2021-05-07:421.981250
2021-05-10T20:00:00Z,14,broken,demand,418.57,419.27,3,
2021-05-11T14:30:00Z,2,broken,demand,416.1,416.78,4,
2021-05-11T14:30:00Z,7,broken,demand,416.3,416.85,3,
2021-05-11T14:30:00Z,9,broken,demand,416.9,417.31,2,
2021-05-11T14:30:00Z,11,broken,demand,416.44,417.1711421753041,3,
2021-05-11T14:30:00Z,17,touch,demand,413.67,414.50088271314974,1,
2021-05-11T14:30:00Z,19,broken,demand,415.66,416.23,1,
2021-05-11T15:00:00Z,1,touch,demand,410.59,410.85,1,
2021-05-11T15:00:00Z,4,touch,demand,411.13,411.83,1,
2021-05-11T15:00:00Z,15,touch,demand,411.67,412.12,1,
2021-05-11T15:00:00Z,17,broken,demand,413.67,414.50088271314974,1,
2021-05-11T15:00:00Z,23,created,supply,413.8926372096254,414.89,1,order_block
2021-05-11T16:00:00Z,1,rejection,demand,410.59,410.85,1,
2021-05-11T16:00:00Z,4,rejection,demand,411.13,411.83,1,
2021-05-11T16:00:00Z,15,rejection,demand,411.67,412.12,1,
2021-05-11T17:00:00Z,17,role_flip_retest,supply,413.67,414.50088271314974,2,
2021-05-11T18:00:00Z,24,created,demand,410.06,411.24181492547314,1,pivot
2021-05-12T14:30:00Z,15,broken,demand,411.67,412.12,1,
2021-05-12T14:30:00Z,24,touch,demand,410.06,411.24181492547314,1,
2021-05-12T15:00:00Z,1,broken,demand,410.59,410.85,1,
2021-05-12T15:00:00Z,4,broken,demand,411.13,411.83,1,
2021-05-12T15:00:00Z,24,broken,demand,410.06,411.24181492547314,1,
2021-05-12T16:00:00Z,24,role_flip_retest,supply,410.06,411.24181492547314,2,
2021-05-13T15:00:00Z,24,broken,supply,410.06,411.24181492547314,2,
2021-05-13T16:00:00Z,1,role_flip_retest,supply,410.59,410.85,2,
2021-05-13T16:00:00Z,4,role_flip_retest,supply,411.13,411.83,2,
2021-05-13T16:00:00Z,15,role_flip_retest,supply,411.67,412.12,2,
2021-05-13T16:00:00Z,25,created,demand,404.0,405.3361561963673,1,pivot
2021-05-13T18:00:00Z,15,merged,supply,411.67,412.12,3,pivot;geometry=updated
2021-05-13T18:00:00Z,15,qualified,supply,411.67,412.12,3,pivot|repeated_pivot|role_flip
2021-05-13T19:00:00Z,1,broken,supply,410.59,410.85,2,
2021-05-14T14:30:00Z,4,broken,supply,411.13,411.83,2,
2021-05-14T14:30:00Z,15,broken,supply,411.67,412.12,3,
2021-05-14T14:30:00Z,17,broken,supply,413.67,414.50088271314974,2,
2021-05-14T14:30:00Z,23,touch,supply,413.8926372096254,414.89,1,
2021-05-14T15:00:00Z,17,role_flip_retest,demand,413.67,414.50088271314974,2,
2021-05-14T15:00:00Z,23,broken,supply,413.8926372096254,414.89,1,
2021-05-14T16:00:00Z,19,role_flip_retest,supply,415.66,416.23,2,
2021-05-14T16:00:00Z,23,role_flip_retest,demand,413.8926372096254,414.89,2,
2021-05-14T18:00:00Z,11,role_flip_retest,supply,416.44,417.1711421753041,3,
2021-05-14T18:00:00Z,19,broken,supply,415.66,416.23,2,
2021-05-14T19:00:00Z,5,broken_zone_expired,supply,417.5323495740133,418.25,3,
2021-05-14T19:00:00Z,8,broken_zone_expired,supply,418.33626033318296,418.45,2,
2021-05-14T19:00:00Z,12,broken_zone_expired,supply,416.34,417.07,3,
2021-05-14T19:00:00Z,16,broken_zone_expired,supply,416.9,417.63,2,
2021-05-14T20:00:00Z,9,role_flip_retest,supply,416.9,417.31,2,
2021-05-14T20:00:00Z,10,broken_zone_expired,supply,420.33,420.72,1,
2021-05-14T20:00:00Z,13,broken_zone_expired,supply,419.49,419.84,1,
2021-05-17T14:30:00Z,2,role_flip_retest,supply,416.1,416.78,4,
2021-05-17T14:30:00Z,7,role_flip_retest,supply,416.3,416.85,3,
2021-05-17T15:00:00Z,9,merged,supply,416.9,417.49,3,pivot;geometry=updated
2021-05-17T15:00:00Z,9,qualified,supply,416.9,417.49,3,pivot|repeated_pivot|role_flip
2021-05-17T20:00:00Z,23,volume_confluence,demand,413.8926372096254,414.89,3,POC:2021-05-17:414.811875
2021-05-18T14:30:00Z,28,created,demand,413.36,414.03,1,pivot
2021-05-18T15:00:00Z,17,touch,demand,413.67,414.50088271314974,2,
2021-05-18T17:00:00Z,17,rejection,demand,413.67,414.50088271314974,2,
2021-05-18T17:00:00Z,29,created,supply,415.8,416.06,1,pivot
2021-05-18T18:00:00Z,21,broken_zone_expired,demand,421.03,421.59,1,
2021-05-18T19:00:00Z,14,broken_zone_expired,demand,418.57,419.27,3,
2021-05-18T19:00:00Z,23,touch,demand,413.8926372096254,414.89,3,
2021-05-18T19:00:00Z,28,touch,demand,413.36,414.03,1,
2021-05-18T20:00:00Z,4,role_flip_retest,demand,411.13,411.83,2,
2021-05-18T20:00:00Z,17,broken,demand,413.67,414.50088271314974,2,
2021-05-18T20:00:00Z,23,broken,demand,413.8926372096254,414.89,3,
2021-05-18T20:00:00Z,28,broken,demand,413.36,414.03,1,
2021-05-18T20:00:00Z,30,created,supply,414.89,415.52,1,order_block
2021-05-18T20:00:00Z,30,volume_confluence,supply,414.89,415.52,2,POC:2021-05-18:414.898125
2021-05-19T14:30:00Z,4,broken,demand,411.13,411.83,2,
2021-05-19T15:00:00Z,25,touch,demand,404.0,405.3361561963673,1,
2021-05-19T16:00:00Z,25,rejection,demand,404.0,405.3361561963673,1,
2021-05-19T18:00:00Z,31,created,demand,405.33,406.3702461859678,1,pivot
2021-05-19T20:00:00Z,1,role_flip_retest,demand,410.59,410.85,2,
2021-05-20T14:30:00Z,15,role_flip_retest,demand,411.67,412.12,3,
2021-05-20T16:00:00Z,2,touch,supply,416.1,416.78,4,
2021-05-20T16:00:00Z,29,touch,supply,415.8,416.06,1,
2021-05-20T16:00:00Z,30,touch,supply,414.89,415.52,2,
2021-05-20T17:00:00Z,2,rejection,supply,416.1,416.78,4,
2021-05-20T17:00:00Z,29,rejection,supply,415.8,416.06,1,
2021-05-20T17:00:00Z,30,rejection,supply,414.89,415.52,2,
2021-05-20T19:00:00Z,29,merged,supply,415.56,416.14,2,pivot;geometry=updated
2021-05-20T19:00:00Z,29,qualified,supply,415.56,416.14,2,pivot|repeated_pivot
2021-05-20T20:00:00Z,7,touch,supply,416.3,416.85,3,
2021-05-20T20:00:00Z,11,touch,supply,416.44,417.1711421753041,3,
2021-05-21T14:30:00Z,2,broken,supply,416.1,416.78,4,
2021-05-21T14:30:00Z,7,broken,supply,416.3,416.85,3,
2021-05-21T14:30:00Z,9,broken,supply,416.9,417.49,3,
2021-05-21T14:30:00Z,11,broken,supply,416.44,417.1711421753041,3,
2021-05-21T14:30:00Z,24,broken_zone_expired,supply,410.06,411.24181492547314,2,
2021-05-21T14:30:00Z,29,broken,supply,415.56,416.14,2,
2021-05-21T14:30:00Z,30,broken,supply,414.89,415.52,2,
2021-05-21T15:00:00Z,2,role_flip_retest,demand,416.1,416.78,4,
2021-05-21T15:00:00Z,7,role_flip_retest,demand,416.3,416.85,3,
2021-05-21T16:00:00Z,2,broken,demand,416.1,416.78,4,
2021-05-21T16:00:00Z,7,broken,demand,416.3,416.85,3,
2021-05-21T17:00:00Z,2,role_flip_retest,supply,416.1,416.78,4,
2021-05-21T18:00:00Z,30,role_flip_retest,demand,414.89,415.52,3,
2021-05-21T18:00:00Z,33,created,supply,417.98202196855095,418.2,1,pivot
2021-05-21T20:00:00Z,34,created,demand,414.45,414.89,1,pivot
2021-05-24T14:30:00Z,2,broken,supply,416.1,416.78,4,
2021-05-24T14:30:00Z,9,role_flip_retest,demand,416.9,417.49,3,
2021-05-24T14:30:00Z,11,role_flip_retest,demand,416.44,417.1711421753041,3,
2021-05-24T14:30:00Z,33,touch,supply,417.98202196855095,418.2,1,
2021-05-24T15:00:00Z,33,broken,supply,417.98202196855095,418.2,1,
2021-05-24T17:00:00Z,19,broken_zone_expired,supply,415.66,416.23,2,
2021-05-25T16:00:00Z,33,role_flip_retest,demand,417.98202196855095,418.2,2,
2021-05-25T17:00:00Z,35,created,supply,420.33,420.71,1,pivot
2021-05-25T19:00:00Z,36,created,demand,417.94,418.6618255151956,1,pivot
2021-05-26T14:30:00Z,33,broken,demand,417.98202196855095,418.2,2,
2021-05-26T16:00:00Z,37,created,demand,417.62,418.25,1,pivot
2021-05-26T18:00:00Z,36,touch,demand,417.94,418.6618255151956,1,
2021-05-26T19:00:00Z,17,broken_zone_expired,demand,413.67,414.50088271314974,2,
2021-05-26T19:00:00Z,23,broken_zone_expired,demand,413.8926372096254,414.89,3,
2021-05-26T19:00:00Z,28,broken_zone_expired,demand,413.36,414.03,1,
2021-05-26T20:00:00Z,4,broken_zone_expired,demand,411.13,411.83,2,
2021-05-26T20:00:00Z,36,rejection,demand,417.94,418.6618255151956,1,
2021-05-27T14:30:00Z,35,touch,supply,420.33,420.71,1,
2021-05-27T17:00:00Z,35,rejection,supply,420.33,420.71,1,
2021-05-27T18:00:00Z,38,created,supply,420.1478355900539,420.72,1,pivot
2021-05-28T14:30:00Z,35,broken,supply,420.33,420.71,1,
2021-05-28T14:30:00Z,38,broken,supply,420.1478355900539,420.72,1,
2021-05-28T16:00:00Z,35,role_flip_retest,demand,420.33,420.71,2,
2021-05-28T16:00:00Z,38,role_flip_retest,demand,420.1478355900539,420.72,2,
2021-05-28T16:00:00Z,39,created,demand,419.12,419.24474306380546,1,pivot
2021-05-28T20:00:00Z,29,broken_zone_expired,supply,415.56,416.14,2,
2021-05-28T20:00:00Z,35,broken,demand,420.33,420.71,2,
2021-05-28T20:00:00Z,38,broken,demand,420.1478355900539,420.72,2,
2021-05-28T20:00:00Z,40,created,supply,420.95,421.25,1,pivot
2021-06-01T14:30:00Z,20,touch,supply,422.54,422.82,1,
2021-06-01T14:30:00Z,22,touch,supply,421.7805924001876,422.48,2,
2021-06-01T15:00:00Z,7,broken_zone_expired,demand,416.3,416.85,3,
2021-06-01T15:00:00Z,20,rejection,supply,422.54,422.82,1,
2021-06-01T15:00:00Z,22,rejection,supply,421.7805924001876,422.48,2,
2021-06-01T15:00:00Z,35,role_flip_retest,supply,420.33,420.71,2,
2021-06-01T15:00:00Z,38,role_flip_retest,supply,420.1478355900539,420.72,2,
2021-06-01T17:00:00Z,20,merged,supply,422.54,422.82,2,pivot;geometry=updated
2021-06-01T17:00:00Z,20,qualified,supply,422.54,422.82,2,pivot|repeated_pivot
2021-06-01T18:00:00Z,39,touch,demand,419.12,419.24474306380546,1,
2021-06-01T19:00:00Z,39,rejection,demand,419.12,419.24474306380546,1,
2021-06-01T20:00:00Z,2,broken_zone_expired,supply,416.1,416.78,4,
2021-06-02T14:30:00Z,39,merged,demand,419.12,419.6,2,pivot;geometry=updated
2021-06-02T14:30:00Z,39,qualified,demand,419.12,419.6,2,pivot|repeated_pivot
2021-06-02T15:00:00Z,40,touch,supply,420.95,421.25,1,
2021-06-02T16:00:00Z,35,broken,supply,420.33,420.71,2,
2021-06-02T16:00:00Z,38,broken,supply,420.1478355900539,420.72,2,
2021-06-02T17:00:00Z,40,rejection,supply,420.95,421.25,1,
2021-06-02T19:00:00Z,40,merged,supply,420.84,421.25,2,pivot;geometry=updated
2021-06-02T19:00:00Z,40,qualified,supply,420.84,421.25,2,pivot|repeated_pivot
2021-06-03T14:30:00Z,9,touch,demand,416.9,417.49,3,
2021-06-03T14:30:00Z,11,touch,demand,416.44,417.1711421753041,3,
2021-06-03T14:30:00Z,33,role_flip_retest,supply,417.98202196855095,418.2,2,
2021-06-03T14:30:00Z,36,broken,demand,417.94,418.6618255151956,1,
2021-06-03T14:30:00Z,37,broken,demand,417.62,418.25,1,
2021-06-03T14:30:00Z,39,broken,demand,419.12,419.6,2,
2021-06-03T15:00:00Z,9,rejection,demand,416.9,417.49,3,
2021-06-03T15:00:00Z,11,rejection,demand,416.44,417.1711421753041,3,
2021-06-03T15:00:00Z,33,broken,supply,417.98202196855095,418.2,2,
2021-06-03T17:00:00Z,44,created,demand,416.28,416.94608207250536,1,pivot
2021-06-03T19:00:00Z,39,role_flip_retest,supply,419.12,419.6,3,
2021-06-03T20:00:00Z,39,volume_confluence,supply,419.12,419.6,4,POC:2021-06-03:419.139792
2021-06-03T20:00:00Z,39,evidence_upgrade,supply,419.12,419.6,4,volume_profile;score:3->4;qualified_score:2
2021-06-04T14:30:00Z,35,role_flip_retest,demand,420.33,420.71,2,
2021-06-04T14:30:00Z,38,role_flip_retest,demand,420.1478355900539,420.72,2,
2021-06-04T14:30:00Z,39,broken,supply,419.12,419.6,4,
2021-06-04T14:30:00Z,40,touch,supply,420.84,421.25,2,
2021-06-04T14:30:00Z,35,volume_confluence,demand,420.33,420.71,3,POC:2021-06-02:420.462083
2021-06-04T14:30:00Z,38,volume_confluence,demand,420.1478355900539,420.72,3,POC:2021-06-02:420.462083
2021-06-04T15:00:00Z,22,touch,supply,421.7805924001876,422.48,2,
2021-06-04T15:00:00Z,40,broken,supply,420.84,421.25,2,
2021-06-04T19:00:00Z,20,touch,supply,422.54,422.82,2,
2021-06-04T20:00:00Z,22,broken,supply,421.7805924001876,422.48,2,
2021-06-07T14:30:00Z,20,rejection,supply,422.54,422.82,2,
2021-06-07T16:00:00Z,40,role_flip_retest,demand,420.84,421.25,3,
2021-06-07T16:00:00Z,20,merged,supply,422.54,422.82,2,pivot;geometry=frozen
2021-06-08T14:30:00Z,20,touch,supply,422.54,422.82,2,
2021-06-08T14:30:00Z,46,created,demand,421.19,421.29989494285087,1,pivot
2021-06-08T16:00:00Z,35,touch,demand,420.33,420.71,3,
2021-06-08T16:00:00Z,38,touch,demand,420.1478355900539,420.72,3,
2021-06-08T16:00:00Z,40,touch,demand,420.84,421.25,3,
2021-06-08T16:00:00Z,46,touch,demand,421.19,421.29989494285087,1,
2021-06-08T17:00:00Z,20,touch,supply,422.54,422.82,2,
2021-06-08T17:00:00Z,22,role_flip_retest,demand,421.7805924001876,422.48,3,
2021-06-08T17:00:00Z,35,rejection,demand,420.33,420.71,3,
2021-06-08T17:00:00Z,38,rejection,demand,420.1478355900539,420.72,3,
2021-06-08T17:00:00Z,40,rejection,demand,420.84,421.25,3,
2021-06-08T17:00:00Z,46,rejection,demand,421.19,421.29989494285087,1,
2021-06-08T17:00:00Z,47,created,supply,423.1353110825644,423.25,1,pivot
2021-06-08T18:00:00Z,20,rejection,supply,422.54,422.82,2,
2021-06-08T19:00:00Z,48,created,demand,420.32,420.8166562447127,1,pivot
2021-06-09T14:30:00Z,47,touch,supply,423.1353110825644,423.25,1,
2021-06-09T16:00:00Z,47,rejection,supply,423.1353110825644,423.25,1,
2021-06-09T17:00:00Z,47,merged,supply,423.1353110825644,423.26,2,pivot;geometry=updated
2021-06-09T17:00:00Z,47,qualified,supply,423.1353110825644,423.26,2,pivot|repeated_pivot
2021-06-09T18:00:00Z,1,age_expired,demand,410.59,410.85,2,
2021-06-09T19:00:00Z,22,touch,demand,421.7805924001876,422.48,3,
2021-06-09T20:00:00Z,22,broken,demand,421.7805924001876,422.48,3,
2021-06-10T14:30:00Z,20,broken,supply,422.54,422.82,2,
2021-06-10T14:30:00Z,47,broken,supply,423.1353110825644,423.26,2,
2021-06-10T14:30:00Z,50,created,demand,421.41,421.8937832574478,1,order_block
2021-06-10T16:00:00Z,20,role_flip_retest,demand,422.54,422.82,3,
2021-06-10T16:00:00Z,47,role_flip_retest,demand,423.1353110825644,423.26,3,
2021-06-10T16:00:00Z,50,merged,demand,421.41,421.8937832574478,2,pivot;geometry=updated
2021-06-10T18:00:00Z,52,created,supply,424.25,424.63,1,pivot
2021-06-10T20:00:00Z,36,broken_zone_expired,demand,417.94,418.6618255151956,1,
2021-06-10T20:00:00Z,37,broken_zone_expired,demand,417.62,418.25,1,
2021-06-11T14:30:00Z,33,broken_zone_expired,supply,417.98202196855095,418.2,2,
2021-06-11T14:30:00Z,52,touch,supply,424.25,424.63,1,
2021-06-11T15:00:00Z,52,rejection,supply,424.25,424.63,1,
2021-06-11T17:00:00Z,20,touch,demand,422.54,422.82,3,
2021-06-11T17:00:00Z,52,merged,supply,424.19,424.63,2,pivot;geometry=updated
2021-06-11T17:00:00Z,52,qualified,supply,424.19,424.63,2,pivot|repeated_pivot
2021-06-11T18:00:00Z,20,rejection,demand,422.54,422.82,3,
2021-06-11T20:00:00Z,39,broken_zone_expired,supply,419.12,419.6,4,
2021-06-11T20:00:00Z,47,merged,demand,423.1353110825644,423.26,3,pivot;geometry=frozen
2021-06-14T15:00:00Z,47,touch,demand,423.1353110825644,423.26,3,
2021-06-14T17:00:00Z,55,created,supply,424.34880861789946,424.45,1,pivot
2021-06-14T18:00:00Z,47,rejection,demand,423.1353110825644,423.26,3,
2021-06-14T20:00:00Z,52,broken,supply,424.19,424.63,2,
2021-06-14T20:00:00Z,55,broken,supply,424.34880861789946,424.45,1,
2021-06-14T20:00:00Z,47,merged,demand,423.1353110825644,423.26,4,order_block;geometry=frozen
2021-06-14T20:00:00Z,47,evidence_upgrade,demand,423.1353110825644,423.26,4,score:3->4;qualified_score:2
2021-06-15T14:30:00Z,52,role_flip_retest,demand,424.19,424.63,3,
2021-06-15T14:30:00Z,47,merged,demand,423.1353110825644,423.26,4,pivot;geometry=frozen
2021-06-15T15:00:00Z,52,broken,demand,424.19,424.63,3,
2021-06-15T16:00:00Z,52,role_flip_retest,supply,424.19,424.63,3,
2021-06-15T17:00:00Z,58,created,supply,425.35966274991875,425.46,1,pivot
2021-06-15T18:00:00Z,55,role_flip_retest,demand,424.34880861789946,424.45,2,
2021-06-15T19:00:00Z,52,broken,supply,424.19,424.63,3,
2021-06-16T15:00:00Z,55,broken,demand,424.34880861789946,424.45,2,
2021-06-16T16:00:00Z,55,role_flip_retest,supply,424.34880861789946,424.45,2,
2021-06-16T17:00:00Z,47,touch,demand,423.1353110825644,423.26,4,
2021-06-16T18:00:00Z,20,touch,demand,422.54,422.82,3,
2021-06-16T19:00:00Z,20,broken,demand,422.54,422.82,3,
2021-06-16T19:00:00Z,22,role_flip_retest,supply,421.7805924001876,422.48,3,
2021-06-16T19:00:00Z,35,touch,demand,420.33,420.71,3,
2021-06-16T19:00:00Z,38,touch,demand,420.1478355900539,420.72,3,
2021-06-16T19:00:00Z,40,touch,demand,420.84,421.25,3,
2021-06-16T19:00:00Z,46,touch,demand,421.19,421.29989494285087,1,
2021-06-16T19:00:00Z,47,broken,demand,423.1353110825644,423.26,4,
2021-06-16T19:00:00Z,48,touch,demand,420.32,420.8166562447127,1,
2021-06-16T19:00:00Z,50,touch,demand,421.41,421.8937832574478,2,
2021-06-16T19:00:00Z,55,merged,supply,424.21,424.57,3,order_block;geometry=updated
2021-06-16T19:00:00Z,55,volume_confluence,supply,424.21,424.57,4,POC:2021-06-15:424.460000
2021-06-16T20:00:00Z,20,role_flip_retest,supply,422.54,422.82,3,
2021-06-16T20:00:00Z,35,rejection,demand,420.33,420.71,3,
2021-06-16T20:00:00Z,38,rejection,demand,420.1478355900539,420.72,3,
2021-06-16T20:00:00Z,40,rejection,demand,420.84,421.25,3,
2021-06-16T20:00:00Z,46,rejection,demand,421.19,421.29989494285087,1,
2021-06-16T20:00:00Z,47,role_flip_retest,supply,423.1353110825644,423.26,4,
2021-06-16T20:00:00Z,48,rejection,demand,420.32,420.8166562447127,1,
2021-06-16T20:00:00Z,50,rejection,demand,421.41,421.8937832574478,2,
2021-06-17T15:00:00Z,60,created,demand,419.94,420.5676746714046,1,pivot
2021-06-17T16:00:00Z,50,broken,demand,421.41,421.8937832574478,2,
2021-06-17T17:00:00Z,46,broken,demand,421.19,421.29989494285087,1,
2021-06-17T17:00:00Z,50,role_flip_retest,supply,421.41,421.8937832574478,3,
2021-06-17T17:00:00Z,60,touch,demand,419.94,420.5676746714046,1,
2021-06-17T18:00:00Z,9,age_expired,demand,416.9,417.49,3,
2021-06-17T18:00:00Z,50,broken,supply,421.41,421.8937832574478,3,
2021-06-17T18:00:00Z,60,rejection,demand,419.94,420.5676746714046,1,
2021-06-17T20:00:00Z,20,touch,supply,422.54,422.82,3,
2021-06-17T20:00:00Z,50,role_flip_retest,demand,421.41,421.8937832574478,3,
2021-06-17T20:00:00Z,61,created,demand,419.32,419.99706887991204,1,pivot
2021-06-17T20:00:00Z,50,volume_confluence,demand,421.41,421.8937832574478,4,POC:2021-06-17:421.709583
2021-06-18T14:30:00Z,11,touch,demand,416.44,417.1711421753041,3,
2021-06-18T14:30:00Z,35,broken,demand,420.33,420.71,3,
2021-06-18T14:30:00Z,38,broken,demand,420.1478355900539,420.72,3,
2021-06-18T14:30:00Z,40,broken,demand,420.84,421.25,3,
2021-06-18T14:30:00Z,44,touch,demand,416.28,416.94608207250536,1,
2021-06-18T14:30:00Z,48,broken,demand,420.32,420.8166562447127,1,
2021-06-18T14:30:00Z,50,broken,demand,421.41,421.8937832574478,4,
2021-06-18T14:30:00Z,60,broken,demand,419.94,420.5676746714046,1,
2021-06-18T14:30:00Z,61,broken,demand,419.32,419.99706887991204,1,
2021-06-18T15:00:00Z,11,broken,demand,416.44,417.1711421753041,3,
2021-06-18T15:00:00Z,20,rejection,supply,422.54,422.82,3,
2021-06-18T15:00:00Z,44,broken,demand,416.28,416.94608207250536,1,
2021-06-18T16:00:00Z,62,created,supply,422.17423020074096,423.02,1,pivot
2021-06-18T19:00:00Z,11,role_flip_retest,supply,416.44,417.1711421753041,3,
2021-06-18T19:00:00Z,44,role_flip_retest,supply,416.28,416.94608207250536,2,
2021-06-18T19:00:00Z,63,created,demand,415.58,416.19,1,pivot
2021-06-18T20:00:00Z,11,age_expired,supply,416.44,417.1711421753041,3,
2021-06-18T20:00:00Z,30,touch,demand,414.89,415.52,3,
2021-06-18T20:00:00Z,34,touch,demand,414.45,414.89,1,
2021-06-18T20:00:00Z,63,broken,demand,415.58,416.19,1,
2021-06-18T20:00:00Z,44,volume_confluence,supply,416.28,416.94608207250536,3,POC:2021-06-18:416.330208
2021-06-21T14:30:00Z,30,rejection,demand,414.89,415.52,3,
2021-06-21T14:30:00Z,34,rejection,demand,414.45,414.89,1,
2021-06-21T14:30:00Z,44,broken,supply,416.28,416.94608207250536,3,
2021-06-21T15:00:00Z,38,role_flip_retest,supply,420.1478355900539,420.72,3,
2021-06-21T16:00:00Z,35,role_flip_retest,supply,420.33,420.71,3,
2021-06-21T16:00:00Z,48,role_flip_retest,supply,420.32,420.8166562447127,2,
2021-06-21T16:00:00Z,34,merged,demand,414.45,415.0,2,pivot;geometry=updated
2021-06-21T16:00:00Z,34,qualified,demand,414.45,415.0,2,pivot|repeated_pivot
2021-06-21T17:00:00Z,60,role_flip_retest,supply,419.94,420.5676746714046,2,
2021-06-21T18:00:00Z,40,role_flip_retest,supply,420.84,421.25,3,
2021-06-21T18:00:00Z,60,broken,supply,419.94,420.5676746714046,2,
2021-06-21T19:00:00Z,60,role_flip_retest,demand,419.94,420.5676746714046,2,
2021-06-21T20:00:00Z,35,broken,supply,420.33,420.71,3,
2021-06-21T20:00:00Z,38,broken,supply,420.1478355900539,420.72,3,
2021-06-21T20:00:00Z,60,volume_confluence,demand,419.94,420.5676746714046,3,POC:2021-06-21:420.311875
2021-06-22T15:00:00Z,22,touch,supply,421.7805924001876,422.48,3,
2021-06-22T15:00:00Z,35,role_flip_retest,demand,420.33,420.71,3,
2021-06-22T15:00:00Z,38,role_flip_retest,demand,420.1478355900539,420.72,3,
2021-06-22T15:00:00Z,40,broken,supply,420.84,421.25,3,
2021-06-22T15:00:00Z,48,broken,supply,420.32,420.8166562447127,2,
2021-06-22T16:00:00Z,20,touch,supply,422.54,422.82,3,
2021-06-22T16:00:00Z,62,touch,supply,422.17423020074096,423.02,1,
2021-06-22T18:00:00Z,20,touch,supply,422.54,422.82,3,
2021-06-22T19:00:00Z,20,broken,supply,422.54,422.82,3,
2021-06-22T19:00:00Z,22,broken,supply,421.7805924001876,422.48,3,
2021-06-22T20:00:00Z,47,touch,supply,423.1353110825644,423.26,4,
2021-06-22T20:00:00Z,62,volume_confluence,supply,422.17423020074096,423.02,2,POC:2021-06-22:422.285000
2021-06-23T14:30:00Z,47,broken,supply,423.1353110825644,423.26,4,
2021-06-23T14:30:00Z,62,broken,supply,422.17423020074096,423.02,2,
2021-06-23T15:00:00Z,15,age_expired,demand,411.67,412.12,3,
2021-06-23T15:00:00Z,47,role_flip_retest,demand,423.1353110825644,423.26,4,
2021-06-23T16:00:00Z,62,role_flip_retest,demand,422.17423020074096,423.02,3,
2021-06-23T17:00:00Z,20,role_flip_retest,demand,422.54,422.82,3,
2021-06-23T18:00:00Z,52,broken_zone_expired,supply,424.19,424.63,3,
2021-06-23T18:00:00Z,65,created,supply,423.64,424.05,1,pivot
2021-06-23T20:00:00Z,47,broken,demand,423.1353110825644,423.26,4,
2021-06-23T20:00:00Z,65,touch,supply,423.64,424.05,1,
2021-06-24T14:30:00Z,55,broken,supply,424.21,424.57,4,
2021-06-24T14:30:00Z,65,broken,supply,423.64,424.05,1,
2021-06-24T15:00:00Z,58,touch,supply,425.35966274991875,425.46,1,
2021-06-24T16:00:00Z,58,rejection,supply,425.35966274991875,425.46,1,
2021-06-24T16:00:00Z,20,merged,demand,422.54,422.82,3,pivot;geometry=frozen
2021-06-25T14:30:00Z,58,broken,supply,425.35966274991875,425.46,1,
2021-06-25T16:00:00Z,46,broken_zone_expired,demand,421.19,421.29989494285087,1,
2021-06-25T18:00:00Z,67,created,supply,426.0189345275723,426.48,1,pivot
2021-06-25T19:00:00Z,67,broken,supply,426.0189345275723,426.48,1,
2021-06-25T20:00:00Z,50,broken_zone_expired,demand,421.41,421.8937832574478,4,
2021-06-25T20:00:00Z,61,broken_zone_expired,demand,419.32,419.99706887991204,1,
2021-06-25T20:00:00Z,67,role_flip_retest,demand,426.0189345275723,426.48,2,
2021-06-25T20:00:00Z,67,volume_confluence,demand,426.0189345275723,426.48,3,POC:2021-06-25:426.421875
2021-06-28T15:00:00Z,20,age_expired,demand,422.54,422.82,3,
2021-06-28T17:00:00Z,68,created,supply,427.15670903209866,427.25,1,pivot
2021-06-28T19:00:00Z,63,broken_zone_expired,demand,415.58,416.19,1,
2021-06-28T20:00:00Z,44,broken_zone_expired,supply,416.28,416.94608207250536,3,
2021-06-28T20:00:00Z,68,broken,supply,427.15670903209866,427.25,1,
2021-06-29T14:30:00Z,69,created,demand,425.89,426.18,1,pivot
2021-06-29T18:00:00Z,70,created,supply,428.1823397418096,428.56,1,pivot
2021-06-29T19:00:00Z,68,role_flip_retest,demand,427.15670903209866,427.25,2,
2021-06-30T14:30:00Z,40,broken_zone_expired,supply,420.84,421.25,3,
2021-06-30T14:30:00Z,48,broken_zone_expired,supply,420.32,420.8166562447127,2,
2021-06-30T15:00:00Z,70,touch,supply,428.1823397418096,428.56,1,
2021-06-30T15:00:00Z,71,created,demand,427.13,427.5171885447255,1,pivot
2021-06-30T16:00:00Z,70,rejection,supply,428.1823397418096,428.56,1,
2021-06-30T18:00:00Z,22,broken_zone_expired,supply,421.7805924001876,422.48,3,
2021-06-30T19:00:00Z,72,created,supply,428.22,428.38,1,pivot
2021-07-01T14:30:00Z,70,broken,supply,428.1823397418096,428.56,1,
2021-07-01T14:30:00Z,72,broken,supply,428.22,428.38,1,
2021-07-01T19:00:00Z,25,age_expired,demand,404.0,405.3361561963673,1,
2021-07-01T19:00:00Z,47,broken_zone_expired,demand,423.1353110825644,423.26,4,
2021-07-01T20:00:00Z,55,broken_zone_expired,supply,424.21,424.57,4,
2021-07-01T20:00:00Z,65,broken_zone_expired,supply,423.64,424.05,1,
2021-07-02T20:00:00Z,58,broken_zone_expired,supply,425.35966274991875,425.46,1,
2021-07-06T16:00:00Z,73,created,supply,433.75,434.1,1,pivot
2021-07-06T20:00:00Z,74,created,demand,430.01,430.5041435665202,1,pivot
2021-07-07T14:30:00Z,73,touch,supply,433.75,434.1,1,
2021-07-07T15:00:00Z,73,rejection,supply,433.75,434.1,1,
2021-07-07T19:00:00Z,73,broken,supply,433.75,434.1,1,
2021-07-07T20:00:00Z,73,role_flip_retest,demand,433.75,434.1,2,
2021-07-08T14:30:00Z,70,role_flip_retest,demand,428.1823397418096,428.56,2,
2021-07-08T14:30:00Z,72,role_flip_retest,demand,428.22,428.38,2,
2021-07-08T14:30:00Z,73,broken,demand,433.75,434.1,2,
2021-07-08T14:30:00Z,74,broken,demand,430.01,430.5041435665202,1,
2021-07-08T15:00:00Z,72,broken,demand,428.22,428.38,2,
2021-07-08T16:00:00Z,30,age_expired,demand,414.89,415.52,3,
2021-07-08T16:00:00Z,75,created,supply,434.48,434.76,1,pivot
2021-07-08T18:00:00Z,76,created,demand,427.52,428.14,1,pivot
2021-07-09T14:30:00Z,31,age_expired,demand,405.33,406.3702461859678,1,
2021-07-09T16:00:00Z,75,touch,supply,434.48,434.76,1,
2021-07-09T18:00:00Z,75,broken,supply,434.48,434.76,1,
2021-07-13T16:00:00Z,34,age_expired,demand,414.45,415.0,2,
2021-07-13T20:00:00Z,77,created,supply,437.71959071482854,437.84,1,pivot
2021-07-14T17:00:00Z,77,merged,supply,437.39,437.92,1,pivot;geometry=updated
2021-07-14T19:00:00Z,79,created,demand,434.91,435.04635759368824,1,pivot
2021-07-14T20:00:00Z,35,age_expired,demand,420.33,420.71,3,
2021-07-15T14:30:00Z,75,role_flip_retest,demand,434.48,434.76,2,
2021-07-15T14:30:00Z,79,touch,demand,434.91,435.04635759368824,1,
2021-07-15T15:00:00Z,79,broken,demand,434.91,435.04635759368824,1,
2021-07-15T16:00:00Z,79,role_flip_retest,supply,434.91,435.04635759368824,2,
2021-07-15T17:00:00Z,80,created,demand,433.98,434.63882630343613,1,pivot
2021-07-15T18:00:00Z,73,role_flip_retest,supply,433.75,434.1,2,
2021-07-15T18:00:00Z,75,broken,demand,434.48,434.76,2,
2021-07-15T18:00:00Z,80,broken,demand,433.98,434.63882630343613,1,
2021-07-15T18:00:00Z,79,merged,supply,434.81,435.42,3,order_block;geometry=updated
2021-07-15T19:00:00Z,73,broken,supply,433.75,434.1,2,
2021-07-15T20:00:00Z,73,role_flip_retest,demand,433.75,434.1,2,
2021-07-15T20:00:00Z,74,broken_zone_expired,demand,430.01,430.5041435665202,1,
2021-07-16T14:30:00Z,72,broken_zone_expired,demand,428.22,428.38,2,
2021-07-16T14:30:00Z,82,created,demand,432.72,432.868322795724,1,pivot
2021-07-16T15:00:00Z,75,role_flip_retest,supply,434.48,434.76,2,
2021-07-16T15:00:00Z,80,role_flip_retest,supply,433.98,434.63882630343613,2,
2021-07-16T15:00:00Z,80,volume_confluence,supply,433.98,434.63882630343613,3,POC:2021-07-15:434.183542
2021-07-16T16:00:00Z,73,broken,demand,433.75,434.1,2,
2021-07-16T17:00:00Z,73,role_flip_retest,supply,433.75,434.1,2,
2021-07-16T17:00:00Z,83,created,supply,435.911212542928,436.06,1,pivot
2021-07-16T19:00:00Z,82,broken,demand,432.72,432.868322795724,1,
2021-07-19T14:30:00Z,38,age_expired,demand,420.1478355900539,420.72,3,
2021-07-19T14:30:00Z,67,broken,demand,426.0189345275723,426.48,3,
2021-07-19T14:30:00Z,68,broken,demand,427.15670903209866,427.25,2,
2021-07-19T14:30:00Z,69,broken,demand,425.89,426.18,1,
2021-07-19T14:30:00Z,70,broken,demand,428.1823397418096,428.56,2,
2021-07-19T14:30:00Z,71,broken,demand,427.13,427.5171885447255,1,
2021-07-19T14:30:00Z,76,broken,demand,427.52,428.14,1,
2021-07-19T15:00:00Z,62,touch,demand,422.17423020074096,423.02,3,
2021-07-19T16:00:00Z,62,rejection,demand,422.17423020074096,423.02,3,
2021-07-20T15:00:00Z,84,created,demand,421.97,422.20534289343595,1,pivot
2021-07-21T16:00:00Z,73,touch,supply,433.75,434.1,2,
2021-07-21T16:00:00Z,80,touch,supply,433.98,434.63882630343613,3,
2021-07-21T17:00:00Z,73,rejection,supply,433.75,434.1,2,
2021-07-21T17:00:00Z,80,rejection,supply,433.98,434.63882630343613,3,
2021-07-21T20:00:00Z,73,broken,supply,433.75,434.1,2,
2021-07-21T20:00:00Z,75,touch,supply,434.48,434.76,2,
2021-07-22T14:30:00Z,73,role_flip_retest,demand,433.75,434.1,2,
2021-07-22T14:30:00Z,75,rejection,supply,434.48,434.76,2,
2021-07-22T14:30:00Z,79,touch,supply,434.81,435.42,3,
2021-07-22T15:00:00Z,75,broken,supply,434.48,434.76,2,
2021-07-22T15:00:00Z,80,broken,supply,433.98,434.63882630343613,3,
2021-07-22T16:00:00Z,79,rejection,supply,434.81,435.42,3,
2021-07-22T17:00:00Z,75,role_flip_retest,demand,434.48,434.76,2,
2021-07-22T17:00:00Z,80,role_flip_retest,demand,433.98,434.63882630343613,3,
2021-07-22T18:00:00Z,79,merged,supply,434.81,435.42,4,pivot;geometry=updated
2021-07-22T18:00:00Z,79,qualified,supply,434.81,435.42,4,order_block|pivot|repeated_pivot|role_flip
2021-07-22T19:00:00Z,79,broken,supply,434.81,435.42,4,
2021-07-22T20:00:00Z,79,role_flip_retest,demand,434.81,435.42,4,
2021-07-22T20:00:00Z,79,volume_confluence,demand,434.81,435.42,5,POC:2021-07-22:435.170208
2021-07-22T20:00:00Z,79,evidence_upgrade,demand,434.81,435.42,5,volume_profile;score:4->5;qualified_score:4
2021-07-23T14:30:00Z,77,touch,supply,437.39,437.92,1,
2021-07-23T14:30:00Z,83,broken,supply,435.911212542928,436.06,1,
2021-07-23T15:00:00Z,77,broken,supply,437.39,437.92,1,
2021-07-26T18:00:00Z,82,broken_zone_expired,demand,432.72,432.868322795724,1,
2021-07-26T20:00:00Z,67,broken_zone_expired,demand,426.0189345275723,426.48,3,
2021-07-26T20:00:00Z,68,broken_zone_expired,demand,427.15670903209866,427.25,2,
2021-07-26T20:00:00Z,69,broken_zone_expired,demand,425.89,426.18,1,
2021-07-26T20:00:00Z,70,broken_zone_expired,demand,428.1823397418096,428.56,2,
2021-07-26T20:00:00Z,71,broken_zone_expired,demand,427.13,427.5171885447255,1,
2021-07-26T20:00:00Z,76,broken_zone_expired,demand,427.52,428.14,1,
2021-07-27T16:00:00Z,86,created,supply,440.8829742141959,441.03,1,pivot
2021-07-27T18:00:00Z,83,role_flip_retest,demand,435.911212542928,436.06,2,
2021-07-27T19:00:00Z,77,role_flip_retest,demand,437.39,437.92,2,
2021-07-28T14:30:00Z,83,merged,demand,435.911212542928,436.34,3,pivot;geometry=updated
2021-07-28T14:30:00Z,83,qualified,demand,435.911212542928,436.34,3,pivot|repeated_pivot|role_flip
2021-07-28T17:00:00Z,88,created,supply,439.68,439.84,1,pivot
2021-07-28T19:00:00Z,88,touch,supply,439.68,439.84,1,
2021-07-28T20:00:00Z,88,rejection,supply,439.68,439.84,1,
2021-07-29T14:30:00Z,86,touch,supply,440.8829742141959,441.03,1,
2021-07-29T14:30:00Z,88,broken,supply,439.68,439.84,1,
2021-07-29T15:00:00Z,86,broken,supply,440.8829742141959,441.03,1,
2021-07-29T15:00:00Z,89,created,demand,437.31,438.06938252448964,1,pivot
2021-07-29T19:00:00Z,86,role_flip_retest,demand,440.8829742141959,441.03,2,
2021-07-29T20:00:00Z,86,broken,demand,440.8829742141959,441.03,2,
2021-07-30T14:30:00Z,77,touch,demand,437.39,437.92,2,
2021-07-30T14:30:00Z,89,touch,demand,437.31,438.06938252448964,1,
2021-07-30T14:30:00Z,90,created,supply,441.52,441.8,1,pivot
2021-07-30T17:00:00Z,77,rejection,demand,437.39,437.92,2,
2021-07-30T17:00:00Z,89,rejection,demand,437.31,438.06938252448964,1,
2021-07-30T17:00:00Z,91,created,demand,437.9,438.04653608249635,1,pivot
2021-07-30T19:00:00Z,91,touch,demand,437.9,438.04653608249635,1,
2021-08-02T14:30:00Z,86,role_flip_retest,supply,440.8829742141959,441.03,2,
2021-08-02T15:00:00Z,88,role_flip_retest,demand,439.68,439.84,2,
2021-08-02T15:00:00Z,92,created,demand,437.77,438.4515446227619,1,pivot
2021-08-02T16:00:00Z,88,broken,demand,439.68,439.84,2,
2021-08-02T17:00:00Z,92,touch,demand,437.77,438.4515446227619,1,
2021-08-02T17:00:00Z,93,created,supply,440.34,440.93,1,pivot
2021-08-02T19:00:00Z,92,rejection,demand,437.77,438.4515446227619,1,
2021-08-02T20:00:00Z,77,touch,demand,437.39,437.92,2,
2021-08-02T20:00:00Z,89,touch,demand,437.31,438.06938252448964,1,
2021-08-02T20:00:00Z,91,broken,demand,437.9,438.04653608249635,1,
2021-08-02T20:00:00Z,92,broken,demand,437.77,438.4515446227619,1,
2021-08-03T14:30:00Z,77,broken,demand,437.39,437.92,2,
2021-08-03T14:30:00Z,83,touch,demand,435.911212542928,436.34,3,
2021-08-03T14:30:00Z,89,broken,demand,437.31,438.06938252448964,1,
2021-08-03T14:30:00Z,91,role_flip_retest,supply,437.9,438.04653608249635,2,
2021-08-03T14:30:00Z,92,role_flip_retest,supply,437.77,438.4515446227619,2,
2021-08-03T14:30:00Z,94,created,supply,438.56,438.97,1,order_block
2021-08-03T14:30:00Z,94,volume_confluence,supply,438.56,438.97,2,POC:2021-07-30:438.581042
2021-08-03T15:00:00Z,83,rejection,demand,435.911212542928,436.34,3,
2021-08-03T16:00:00Z,91,broken,supply,437.9,438.04653608249635,2,
2021-08-03T16:00:00Z,92,broken,supply,437.77,438.4515446227619,2,
2021-08-03T16:00:00Z,94,broken,supply,438.56,438.97,2,
2021-08-03T18:00:00Z,83,merged,demand,435.911212542928,436.34,3,pivot;geometry=frozen
2021-08-03T19:00:00Z,93,touch,supply,440.34,440.93,1,
2021-08-03T20:00:00Z,86,broken,supply,440.8829742141959,441.03,2,
2021-08-03T20:00:00Z,93,broken,supply,440.34,440.93,1,
2021-08-04T15:00:00Z,88,role_flip_retest,supply,439.68,439.84,2,
2021-08-04T16:00:00Z,94,role_flip_retest,demand,438.56,438.97,3,
2021-08-04T16:00:00Z,96,created,supply,441.12,441.28,1,pivot
2021-08-04T19:00:00Z,97,created,demand,438.73,439.3642717289401,1,pivot
2021-08-05T14:30:00Z,88,broken,supply,439.68,439.84,2,
2021-08-05T15:00:00Z,93,role_flip_retest,demand,440.34,440.93,2,
2021-08-05T16:00:00Z,96,touch,supply,441.12,441.28,1,
2021-08-05T17:00:00Z,96,rejection,supply,441.12,441.28,1,
2021-08-05T18:00:00Z,60,age_expired,demand,419.94,420.5676746714046,3,
2021-08-05T20:00:00Z,86,role_flip_retest,demand,440.8829742141959,441.03,2,
2021-08-05T20:00:00Z,90,touch,supply,441.52,441.8,1,
2021-08-05T20:00:00Z,96,broken,supply,441.12,441.28,1,
2021-08-05T20:00:00Z,93,volume_confluence,demand,440.34,440.93,3,POC:2021-08-05:440.741875
2021-08-06T14:30:00Z,90,broken,supply,441.52,441.8,1,
2021-08-06T15:00:00Z,90,role_flip_retest,demand,441.52,441.8,2,
2021-08-06T17:00:00Z,98,created,supply,442.41984559038906,442.94,1,pivot
2021-08-06T19:00:00Z,62,age_expired,demand,422.17423020074096,423.02,3,
2021-08-06T20:00:00Z,98,volume_confluence,supply,442.41984559038906,442.94,2,POC:2021-08-06:442.488750
2021-08-09T17:00:00Z,99,created,demand,441.31,441.75,1,pivot
2021-08-09T19:00:00Z,98,touch,supply,442.41984559038906,442.94,2,
2021-08-09T20:00:00Z,98,rejection,supply,442.41984559038906,442.94,2,
2021-08-10T16:00:00Z,98,broken,supply,442.41984559038906,442.94,2,
2021-08-10T18:00:00Z,98,role_flip_retest,demand,442.41984559038906,442.94,3,
2021-08-10T18:00:00Z,100,created,demand,441.88,442.3299644086506,1,pivot
2021-08-10T18:00:00Z,101,created,supply,442.9900355913494,443.44,1,pivot
2021-08-10T18:00:00Z,100,volume_confluence,demand,441.88,442.3299644086506,2,POC:2021-08-09:442.210208
2021-08-10T20:00:00Z,77,broken_zone_expired,demand,437.39,437.92,2,
2021-08-10T20:00:00Z,89,broken_zone_expired,demand,437.31,438.06938252448964,1,
2021-08-10T20:00:00Z,100,touch,demand,441.88,442.3299644086506,2,
2021-08-11T14:30:00Z,101,broken,supply,442.9900355913494,443.44,1,
2021-08-11T15:00:00Z,91,broken_zone_expired,supply,437.9,438.04653608249635,2,
2021-08-11T15:00:00Z,92,broken_zone_expired,supply,437.77,438.4515446227619,2,
2021-08-11T17:00:00Z,102,created,supply,443.7959717784994,443.89,1,pivot
2021-08-11T20:00:00Z,101,role_flip_retest,demand,442.9900355913494,443.44,2,
2021-08-11T20:00:00Z,101,volume_confluence,demand,442.9900355913494,443.44,3,POC:2021-08-11:443.387292
2021-08-12T14:30:00Z,98,touch,demand,442.41984559038906,442.94,3,
2021-08-12T15:00:00Z,98,rejection,demand,442.41984559038906,442.94,3,
2021-08-12T16:00:00Z,102,touch,supply,443.7959717784994,443.89,1,
2021-08-12T17:00:00Z,102,broken,supply,443.7959717784994,443.89,1,
2021-08-12T18:00:00Z,103,created,demand,442.66,443.047042579372,1,pivot
2021-08-12T20:00:00Z,88,broken_zone_expired,supply,439.68,439.84,2,
2021-08-13T17:00:00Z,104,created,supply,445.59,445.85,1,pivot
2021-08-13T19:00:00Z,96,broken_zone_expired,supply,441.12,441.28,1,
2021-08-13T20:00:00Z,104,broken,supply,445.59,445.85,1,
2021-08-16T14:30:00Z,101,touch,demand,442.9900355913494,443.44,3,
2021-08-16T14:30:00Z,105,created,supply,445.5431590890606,445.93,1,order_block
2021-08-16T15:00:00Z,98,touch,demand,442.41984559038906,442.94,3,
2021-08-16T15:00:00Z,103,touch,demand,442.66,443.047042579372,1,
2021-08-16T16:00:00Z,98,rejection,demand,442.41984559038906,442.94,3,
2021-08-16T16:00:00Z,101,rejection,demand,442.9900355913494,443.44,3,
2021-08-16T16:00:00Z,102,role_flip_retest,demand,443.7959717784994,443.89,2,
2021-08-16T16:00:00Z,103,rejection,demand,442.66,443.047042579372,1,
2021-08-16T16:00:00Z,105,merged,supply,445.5431590890606,445.93,2,pivot;geometry=updated
2021-08-16T18:00:00Z,105,touch,supply,445.5431590890606,445.93,2,
2021-08-16T18:00:00Z,107,created,demand,442.87,443.13,1,pivot
2021-08-16T19:00:00Z,104,role_flip_retest,demand,445.59,445.85,2,
2021-08-16T19:00:00Z,105,broken,supply,445.5431590890606,445.93,2,
2021-08-17T14:30:00Z,102,broken,demand,443.7959717784994,443.89,2,
2021-08-17T14:30:00Z,104,broken,demand,445.59,445.85,2,
2021-08-17T16:00:00Z,102,role_flip_retest,supply,443.7959717784994,443.89,2,
2021-08-17T16:00:00Z,103,touch,demand,442.66,443.047042579372,1,
2021-08-17T16:00:00Z,107,touch,demand,442.87,443.13,1,
2021-08-17T16:00:00Z,108,created,supply,446.9735728304973,447.11,1,pivot
2021-08-17T17:00:00Z,86,touch,demand,440.8829742141959,441.03,2,
2021-08-17T17:00:00Z,90,broken,demand,441.52,441.8,2,
2021-08-17T17:00:00Z,93,touch,demand,440.34,440.93,3,
2021-08-17T17:00:00Z,98,broken,demand,442.41984559038906,442.94,3,
2021-08-17T17:00:00Z,99,broken,demand,441.31,441.75,1,
2021-08-17T17:00:00Z,100,broken,demand,441.88,442.3299644086506,2,
2021-08-17T17:00:00Z,101,broken,demand,442.9900355913494,443.44,3,
2021-08-17T17:00:00Z,103,broken,demand,442.66,443.047042579372,1,
2021-08-17T17:00:00Z,107,broken,demand,442.87,443.13,1,
2021-08-17T17:00:00Z,109,created,supply,444.346799641805,444.96,1,order_block
2021-08-17T18:00:00Z,86,rejection,demand,440.8829742141959,441.03,2,
2021-08-17T18:00:00Z,93,rejection,demand,440.34,440.93,3,
2021-08-17T20:00:00Z,102,broken,supply,443.7959717784994,443.89,2,
2021-08-18T14:30:00Z,102,role_flip_retest,demand,443.7959717784994,443.89,2,
2021-08-18T14:30:00Z,86,merged,demand,440.85,441.03,3,pivot;geometry=updated
2021-08-18T14:30:00Z,86,qualified,demand,440.85,441.03,3,pivot|repeated_pivot|role_flip
2021-08-18T15:00:00Z,109,touch,supply,444.346799641805,444.96,1,
2021-08-18T16:00:00Z,102,broken,demand,443.7959717784994,443.89,2,
2021-08-18T16:00:00Z,109,rejection,supply,444.346799641805,444.96,1,
2021-08-18T18:00:00Z,111,created,supply,444.09,444.63,1,pivot
2021-08-18T19:00:00Z,101,role_flip_retest,supply,442.9900355913494,443.44,3,
2021-08-18T19:00:00Z,102,role_flip_retest,supply,443.7959717784994,443.89,2,
2021-08-18T19:00:00Z,107,role_flip_retest,supply,442.87,443.13,2,
2021-08-18T20:00:00Z,86,broken,demand,440.85,441.03,3,
2021-08-18T20:00:00Z,90,role_flip_retest,supply,441.52,441.8,2,
2021-08-18T20:00:00Z,93,broken,demand,440.34,440.93,3,
2021-08-18T20:00:00Z,94,touch,demand,438.56,438.97,3,
2021-08-18T20:00:00Z,97,touch,demand,438.73,439.3642717289401,1,
2021-08-18T20:00:00Z,98,role_flip_retest,supply,442.41984559038906,442.94,3,
2021-08-18T20:00:00Z,99,role_flip_retest,supply,441.31,441.75,2,
2021-08-18T20:00:00Z,100,role_flip_retest,supply,441.88,442.3299644086506,3,
2021-08-18T20:00:00Z,103,role_flip_retest,supply,442.66,443.047042579372,2,
2021-08-18T20:00:00Z,112,created,supply,443.40883061661833,444.12,1,order_block
2021-08-18T20:00:00Z,112,volume_confluence,supply,443.40883061661833,444.12,2,POC:2021-08-18:443.559375
2021-08-19T14:30:00Z,83,touch,demand,435.911212542928,436.34,3,
2021-08-19T14:30:00Z,97,broken,demand,438.73,439.3642717289401,1,
2021-08-19T15:00:00Z,83,rejection,demand,435.911212542928,436.34,3,
2021-08-19T15:00:00Z,94,rejection,demand,438.56,438.97,3,
2021-08-19T16:00:00Z,86,role_flip_retest,supply,440.85,441.03,3,
2021-08-19T17:00:00Z,83,merged,demand,435.911212542928,436.34,3,pivot;geometry=frozen
2021-08-19T18:00:00Z,93,role_flip_retest,supply,440.34,440.93,3,
2021-08-19T18:00:00Z,84,capacity_expired,demand,421.97,422.20534289343595,1,
2021-08-20T14:30:00Z,86,broken,supply,440.85,441.03,3,
2021-08-20T14:30:00Z,90,touch,supply,441.52,441.8,2,
2021-08-20T14:30:00Z,93,broken,supply,440.34,440.93,3,
2021-08-20T14:30:00Z,99,broken,supply,441.31,441.75,2,
2021-08-20T14:30:00Z,100,touch,supply,441.88,442.3299644086506,3,
2021-08-20T15:00:00Z,90,broken,supply,441.52,441.8,2,
2021-08-20T15:00:00Z,98,touch,supply,442.41984559038906,442.94,3,
2021-08-20T15:00:00Z,99,role_flip_retest,demand,441.31,441.75,2,
2021-08-20T15:00:00Z,101,touch,supply,442.9900355913494,443.44,3,
2021-08-20T15:00:00Z,103,touch,supply,442.66,443.047042579372,2,
2021-08-20T15:00:00Z,107,touch,supply,442.87,443.13,2,
2021-08-20T16:00:00Z,100,broken,supply,441.88,442.3299644086506,3,
2021-08-20T17:00:00Z,98,broken,supply,442.41984559038906,442.94,3,
2021-08-20T17:00:00Z,101,touch,supply,442.9900355913494,443.44,3,
2021-08-20T17:00:00Z,103,broken,supply,442.66,443.047042579372,2,
2021-08-20T17:00:00Z,107,broken,supply,442.87,443.13,2,
2021-08-20T17:00:00Z,112,touch,supply,443.40883061661833,444.12,2,
2021-08-20T18:00:00Z,101,rejection,supply,442.9900355913494,443.44,3,
2021-08-20T18:00:00Z,112,rejection,supply,443.40883061661833,444.12,2,
2021-08-20T20:00:00Z,98,role_flip_retest,demand,442.41984559038906,442.94,3,
2021-08-20T20:00:00Z,103,role_flip_retest,demand,442.66,443.047042579372,2,
2021-08-20T20:00:00Z,107,role_flip_retest,demand,442.87,443.13,2,
2021-08-20T20:00:00Z,103,volume_confluence,demand,442.66,443.047042579372,3,POC:2021-08-20:442.793333
2021-08-23T14:30:00Z,101,broken,supply,442.9900355913494,443.44,3,
2021-08-23T14:30:00Z,102,broken,supply,443.7959717784994,443.89,2,
2021-08-23T14:30:00Z,105,role_flip_retest,demand,445.5431590890606,445.93,3,
2021-08-23T14:30:00Z,109,broken,supply,444.346799641805,444.96,1,
2021-08-23T14:30:00Z,111,broken,supply,444.09,444.63,1,
2021-08-23T14:30:00Z,112,broken,supply,443.40883061661833,444.12,2,
2021-08-23T15:00:00Z,108,broken,supply,446.9735728304973,447.11,1,
2021-08-23T19:00:00Z,73,age_expired,demand,433.75,434.1,2,
2021-08-24T14:30:00Z,114,created,supply,448.0794170958048,448.23,1,pivot
2021-08-24T18:00:00Z,114,touch,supply,448.0794170958048,448.23,1,
2021-08-24T18:00:00Z,114,merged,supply,448.0794170958048,448.46,1,pivot;geometry=updated
2021-08-24T20:00:00Z,104,broken_zone_expired,demand,445.59,445.85,2,
2021-08-24T20:00:00Z,114,rejection,supply,448.0794170958048,448.46,1,
2021-08-24T20:00:00Z,114,volume_confluence,supply,448.0794170958048,448.46,2,POC:2021-08-24:448.190000
2021-08-25T16:00:00Z,114,broken,supply,448.0794170958048,448.46,2,
2021-08-25T19:00:00Z,75,age_expired,demand,434.48,434.76,2,
2021-08-26T15:00:00Z,116,created,supply,449.07,449.3,1,order_block
2021-08-26T16:00:00Z,108,role_flip_retest,demand,446.9735728304973,447.11,2,
2021-08-26T16:00:00Z,116,merged,supply,449.07,449.46,2,pivot;geometry=updated
2021-08-26T19:00:00Z,108,broken,demand,446.9735728304973,447.11,2,
2021-08-26T19:00:00Z,118,created,demand,446.18,446.6783668731454,1,pivot
2021-08-26T20:00:00Z,97,broken_zone_expired,demand,438.73,439.3642717289401,1,
2021-08-26T20:00:00Z,118,volume_confluence,demand,446.18,446.6783668731454,2,POC:2021-08-26:446.666250
2021-08-27T15:00:00Z,114,role_flip_retest,demand,448.0794170958048,448.46,3,
2021-08-27T15:00:00Z,116,broken,supply,449.07,449.46,2,
2021-08-27T15:00:00Z,119,created,demand,446.16,446.70393934544813,1,order_block
2021-08-27T15:00:00Z,119,volume_confluence,demand,446.16,446.70393934544813,2,POC:2021-08-26:446.666250
2021-08-27T16:00:00Z,116,role_flip_retest,demand,449.07,449.46,3,
2021-08-27T16:00:00Z,118,merged,demand,446.16,446.6783668731454,2,pivot;geometry=updated
2021-08-27T20:00:00Z,86,broken_zone_expired,supply,440.85,441.03,3,
2021-08-27T20:00:00Z,93,broken_zone_expired,supply,440.34,440.93,3,
2021-08-30T14:30:00Z,90,broken_zone_expired,supply,441.52,441.8,2,
2021-08-30T15:00:00Z,100,broken_zone_expired,supply,441.88,442.3299644086506,3,
2021-08-30T15:00:00Z,121,created,demand,449.99,450.35,1,order_block
2021-08-30T15:00:00Z,121,volume_confluence,demand,449.99,450.35,2,POC:2021-08-27:450.126458
2021-08-30T20:00:00Z,101,broken_zone_expired,supply,442.9900355913494,443.44,3,
2021-08-30T20:00:00Z,102,broken_zone_expired,supply,443.7959717784994,443.89,2,
2021-08-30T20:00:00Z,109,broken_zone_expired,supply,444.346799641805,444.96,1,
2021-08-30T20:00:00Z,111,broken_zone_expired,supply,444.09,444.63,1,
2021-08-30T20:00:00Z,112,broken_zone_expired,supply,443.40883061661833,444.12,2,
2021-08-31T15:00:00Z,122,created,supply,452.94,453.07,1,pivot
2021-08-31T17:00:00Z,123,created,demand,450.92,451.12,1,pivot
2021-09-01T15:00:00Z,79,age_expired,demand,434.81,435.42,5,
2021-09-01T17:00:00Z,122,touch,supply,452.94,453.07,1,
2021-09-01T19:00:00Z,122,rejection,supply,452.94,453.07,1,
2021-09-01T20:00:00Z,80,age_expired,demand,433.98,434.63882630343613,3,
2021-09-02T14:30:00Z,122,broken,supply,452.94,453.07,1,
2021-09-02T15:00:00Z,122,role_flip_retest,demand,452.94,453.07,2,
2021-09-02T16:00:00Z,124,created,demand,451.54,451.82,1,pivot
2021-09-02T17:00:00Z,125,created,supply,453.60043935756585,454.05,1,pivot
2021-09-02T18:00:00Z,122,broken,demand,452.94,453.07,2,
2021-09-02T20:00:00Z,83,age_expired,demand,435.911212542928,436.34,3,
2021-09-03T14:30:00Z,124,touch,demand,451.54,451.82,1,
2021-09-03T15:00:00Z,122,role_flip_retest,supply,452.94,453.07,2,
2021-09-03T17:00:00Z,124,rejection,demand,451.54,451.82,1,
2021-09-03T17:00:00Z,126,created,demand,451.55,451.98,1,pivot
2021-09-03T18:00:00Z,108,broken_zone_expired,demand,446.9735728304973,447.11,2,
2021-09-03T18:00:00Z,122,broken,supply,452.94,453.07,2,
2021-09-03T20:00:00Z,125,touch,supply,453.60043935756585,454.05,1,
2021-09-07T14:30:00Z,125,rejection,supply,453.60043935756585,454.05,1,
2021-09-07T14:30:00Z,126,touch,demand,451.55,451.98,1,
2021-09-07T15:00:00Z,123,touch,demand,450.92,451.12,1,
2021-09-07T16:00:00Z,124,broken,demand,451.54,451.82,1,
2021-09-07T16:00:00Z,126,broken,demand,451.55,451.98,1,
2021-09-07T16:00:00Z,127,created,supply,453.37,453.63,1,pivot
2021-09-07T17:00:00Z,123,rejection,demand,450.92,451.12,1,
2021-09-07T18:00:00Z,128,created,demand,450.74,451.21704200890395,1,pivot
2021-09-07T20:00:00Z,124,role_flip_retest,supply,451.54,451.82,2,
2021-09-07T20:00:00Z,126,role_flip_retest,supply,451.55,451.98,2,
2021-09-07T20:00:00Z,124,volume_confluence,supply,451.54,451.82,3,POC:2021-09-07:451.731875
2021-09-07T20:00:00Z,126,volume_confluence,supply,451.55,451.98,3,POC:2021-09-07:451.731875
2021-09-08T14:30:00Z,121,touch,demand,449.99,450.35,2,
2021-09-08T14:30:00Z,128,touch,demand,450.74,451.21704200890395,1,
2021-09-08T15:00:00Z,116,touch,demand,449.07,449.46,3,
2021-09-08T15:00:00Z,121,broken,demand,449.99,450.35,2,
2021-09-08T15:00:00Z,123,broken,demand,450.92,451.12,1,
2021-09-08T15:00:00Z,128,broken,demand,450.74,451.21704200890395,1,
2021-09-08T15:00:00Z,129,created,supply,450.9235915003146,451.43,1,order_block
2021-09-08T16:00:00Z,121,role_flip_retest,supply,449.99,450.35,3,
2021-09-08T17:00:00Z,116,rejection,demand,449.07,449.46,3,
2021-09-08T17:00:00Z,128,role_flip_retest,supply,450.74,451.21704200890395,2,
2021-09-08T18:00:00Z,130,created,demand,448.86,449.43,1,pivot
2021-09-08T19:00:00Z,121,broken,supply,449.99,450.35,3,
2021-09-08T19:00:00Z,123,role_flip_retest,supply,450.92,451.12,2,
2021-09-08T19:00:00Z,129,touch,supply,450.9235915003146,451.43,1,
2021-09-09T14:30:00Z,123,broken,supply,450.92,451.12,2,
2021-09-09T14:30:00Z,124,touch,supply,451.54,451.82,3,
2021-09-09T14:30:00Z,126,touch,supply,451.55,451.98,3,
2021-09-09T14:30:00Z,128,broken,supply,450.74,451.21704200890395,2,
2021-09-09T14:30:00Z,129,broken,supply,450.9235915003146,451.43,1,
2021-09-09T16:00:00Z,123,role_flip_retest,demand,450.92,451.12,2,
2021-09-09T16:00:00Z,124,rejection,supply,451.54,451.82,3,
2021-09-09T16:00:00Z,126,rejection,supply,451.55,451.98,3,
2021-09-09T16:00:00Z,128,role_flip_retest,demand,450.74,451.21704200890395,2,
2021-09-09T17:00:00Z,123,broken,demand,450.92,451.12,2,
2021-09-09T17:00:00Z,128,broken,demand,450.74,451.21704200890395,2,
2021-09-09T18:00:00Z,116,touch,demand,449.07,449.46,3,
2021-09-09T18:00:00Z,123,role_flip_retest,supply,450.92,451.12,2,
2021-09-09T18:00:00Z,128,role_flip_retest,supply,450.74,451.21704200890395,2,
2021-09-09T18:00:00Z,130,touch,demand,448.86,449.43,1,
2021-09-09T18:00:00Z,131,created,supply,451.95964772196305,452.57,1,pivot
2021-09-09T19:00:00Z,116,rejection,demand,449.07,449.46,3,
2021-09-09T19:00:00Z,130,rejection,demand,448.86,449.43,1,
2021-09-09T20:00:00Z,116,broken,demand,449.07,449.46,3,
2021-09-09T20:00:00Z,130,volume_confluence,demand,448.86,449.43,2,POC:2021-09-09:448.960625
2021-09-10T15:00:00Z,114,touch,demand,448.0794170958048,448.46,3,
2021-09-10T15:00:00Z,116,role_flip_retest,supply,449.07,449.46,3,
2021-09-10T15:00:00Z,130,broken,demand,448.86,449.43,2,
2021-09-10T16:00:00Z,114,broken,demand,448.0794170958048,448.46,3,
2021-09-10T18:00:00Z,130,role_flip_retest,supply,448.86,449.43,3,
2021-09-10T19:00:00Z,114,role_flip_retest,supply,448.0794170958048,448.46,3,
2021-09-10T19:00:00Z,132,created,demand,447.34,447.92,1,pivot
2021-09-10T20:00:00Z,105,touch,demand,445.5431590890606,445.93,3,
2021-09-10T20:00:00Z,118,broken,demand,446.16,446.6783668731454,2,
2021-09-10T20:00:00Z,119,broken,demand,446.16,446.70393934544813,2,
2021-09-10T20:00:00Z,132,broken,demand,447.34,447.92,1,
2021-09-10T20:00:00Z,133,created,supply,448.64034002741994,449.32,1,order_block
2021-09-10T20:00:00Z,133,volume_confluence,supply,448.64034002741994,449.32,2,POC:2021-09-09:448.960625
2021-09-13T14:30:00Z,132,role_flip_retest,supply,447.34,447.92,2,
2021-09-13T14:30:00Z,132,volume_confluence,supply,447.34,447.92,3,POC:2021-09-10:447.756250
2021-09-13T15:00:00Z,105,touch,demand,445.5431590890606,445.93,3,
2021-09-13T16:00:00Z,105,broken,demand,445.5431590890606,445.93,3,
2021-09-13T16:00:00Z,118,role_flip_retest,supply,446.16,446.6783668731454,3,
2021-09-13T16:00:00Z,119,role_flip_retest,supply,446.16,446.70393934544813,3,
2021-09-13T18:00:00Z,105,role_flip_retest,supply,445.5431590890606,445.93,3,
2021-09-13T20:00:00Z,105,broken,supply,445.5431590890606,445.93,3,
2021-09-14T14:30:00Z,114,touch,supply,448.0794170958048,448.46,3,
2021-09-14T14:30:00Z,132,touch,supply,447.34,447.92,3,
2021-09-14T15:00:00Z,114,rejection,supply,448.0794170958048,448.46,3,
2021-09-14T15:00:00Z,132,rejection,supply,447.34,447.92,3,
2021-09-14T16:00:00Z,105,role_flip_retest,demand,445.5431590890606,445.93,3,
2021-09-14T16:00:00Z,134,created,demand,444.11,444.86,1,pivot
2021-09-14T16:00:00Z,125,capacity_expired,supply,453.60043935756585,454.05,1,
2021-09-14T17:00:00Z,105,broken,demand,445.5431590890606,445.93,3,
2021-09-14T17:00:00Z,118,touch,supply,446.16,446.6783668731454,3,
2021-09-14T17:00:00Z,119,touch,supply,446.16,446.70393934544813,3,
2021-09-14T17:00:00Z,122,broken_zone_expired,supply,452.94,453.07,2,
2021-09-14T17:00:00Z,114,merged,supply,448.0794170958048,448.46,4,pivot;geometry=updated
2021-09-14T17:00:00Z,114,qualified,supply,448.0794170958048,448.46,4,pivot|repeated_pivot|role_flip|volume_profile
2021-09-14T19:00:00Z,118,rejection,supply,446.16,446.6783668731454,3,
2021-09-14T19:00:00Z,119,rejection,supply,446.16,446.70393934544813,3,
2021-09-15T15:00:00Z,136,created,demand,443.22,444.08812336390696,1,pivot
2021-09-15T15:00:00Z,136,volume_confluence,demand,443.22,444.08812336390696,2,POC:2021-09-14:443.966667
2021-09-15T16:00:00Z,105,role_flip_retest,supply,445.5431590890606,445.93,3,
2021-09-15T16:00:00Z,127,capacity_expired,supply,453.37,453.63,1,
2021-09-15T17:00:00Z,105,broken,supply,445.5431590890606,445.93,3,
2021-09-15T17:00:00Z,118,broken,supply,446.16,446.6783668731454,3,
2021-09-15T17:00:00Z,119,broken,supply,446.16,446.70393934544813,3,
2021-09-15T18:00:00Z,132,touch,supply,447.34,447.92,3,
2021-09-15T20:00:00Z,114,touch,supply,448.0794170958048,448.46,4,
2021-09-16T14:30:00Z,105,role_flip_retest,demand,445.5431590890606,445.93,3,
2021-09-16T14:30:00Z,114,rejection,supply,448.0794170958048,448.46,4,
2021-09-16T14:30:00Z,132,rejection,supply,447.34,447.92,3,
2021-09-16T15:00:00Z,105,broken,demand,445.5431590890606,445.93,3,
2021-09-16T15:00:00Z,134,touch,demand,444.11,444.86,1,
2021-09-16T15:00:00Z,136,touch,demand,443.22,444.08812336390696,2,
2021-09-16T16:00:00Z,134,rejection,demand,444.11,444.86,1,
2021-09-16T16:00:00Z,136,rejection,demand,443.22,444.08812336390696,2,
2021-09-16T16:00:00Z,114,merged,supply,448.0794170958048,448.46,4,pivot;geometry=frozen
2021-09-16T18:00:00Z,118,role_flip_retest,demand,446.16,446.6783668731454,3,
2021-09-16T18:00:00Z,119,role_flip_retest,demand,446.16,446.70393934544813,3,
2021-09-16T18:00:00Z,121,broken_zone_expired,supply,449.99,450.35,3,
2021-09-16T18:00:00Z,138,created,demand,444.02,444.58,1,pivot
2021-09-16T20:00:00Z,129,broken_zone_expired,supply,450.9235915003146,451.43,1,
2021-09-17T14:30:00Z,107,touch,demand,442.87,443.13,2,
2021-09-17T14:30:00Z,118,broken,demand,446.16,446.6783668731454,3,
2021-09-17T14:30:00Z,119,broken,demand,446.16,446.70393934544813,3,
2021-09-17T14:30:00Z,134,broken,demand,444.11,444.86,1,
2021-09-17T14:30:00Z,138,broken,demand,444.02,444.58,1,
2021-09-17T15:00:00Z,98,touch,demand,442.41984559038906,442.94,3,
2021-09-17T15:00:00Z,103,broken,demand,442.66,443.047042579372,3,
2021-09-17T15:00:00Z,107,broken,demand,442.87,443.13,2,
2021-09-17T15:00:00Z,136,broken,demand,443.22,444.08812336390696,2,
2021-09-17T16:00:00Z,98,broken,demand,442.41984559038906,442.94,3,
2021-09-17T16:00:00Z,99,touch,demand,441.31,441.75,2,
2021-09-17T16:00:00Z,103,role_flip_retest,supply,442.66,443.047042579372,3,
2021-09-17T16:00:00Z,107,role_flip_retest,supply,442.87,443.13,2,
2021-09-17T16:00:00Z,139,created,supply,447.46053328764214,448.36,1,pivot
2021-09-17T17:00:00Z,99,rejection,demand,441.31,441.75,2,
2021-09-17T17:00:00Z,136,role_flip_retest,supply,443.22,444.08812336390696,3,
2021-09-17T18:00:00Z,98,role_flip_retest,supply,442.41984559038906,442.94,3,
2021-09-20T14:30:00Z,94,broken,demand,438.56,438.97,3,
2021-09-20T14:30:00Z,99,broken,demand,441.31,441.75,2,
2021-09-21T16:00:00Z,140,created,demand,428.86,429.69,1,pivot
2021-09-21T17:00:00Z,141,created,supply,436.5424147865544,437.91,1,pivot
2021-09-22T14:30:00Z,141,touch,supply,436.5424147865544,437.91,1,
2021-09-22T16:00:00Z,141,broken,supply,436.5424147865544,437.91,1,
2021-09-22T17:00:00Z,94,role_flip_retest,supply,438.56,438.97,3,
2021-09-22T18:00:00Z,94,age_expired,supply,438.56,438.97,3,
2021-09-22T18:00:00Z,141,role_flip_retest,demand,436.5424147865544,437.91,2,
2021-09-22T20:00:00Z,141,volume_confluence,demand,436.5424147865544,437.91,3,POC:2021-09-22:437.860000
2021-09-23T14:30:00Z,98,touch,supply,442.41984559038906,442.94,3,
2021-09-23T14:30:00Z,103,touch,supply,442.66,443.047042579372,3,
2021-09-23T15:00:00Z,98,broken,supply,442.41984559038906,442.94,3,
2021-09-23T15:00:00Z,103,broken,supply,442.66,443.047042579372,3,
2021-09-23T15:00:00Z,107,broken,supply,442.87,443.13,2,
2021-09-23T15:00:00Z,136,touch,supply,443.22,444.08812336390696,3,
2021-09-23T16:00:00Z,98,role_flip_retest,demand,442.41984559038906,442.94,3,
2021-09-23T16:00:00Z,103,role_flip_retest,demand,442.66,443.047042579372,3,
2021-09-23T16:00:00Z,107,role_flip_retest,demand,442.87,443.13,2,
2021-09-23T17:00:00Z,134,role_flip_retest,supply,444.11,444.86,2,
2021-09-23T17:00:00Z,138,role_flip_retest,supply,444.02,444.58,2,
2021-09-23T18:00:00Z,136,broken,supply,443.22,444.08812336390696,3,
2021-09-23T18:00:00Z,138,broken,supply,444.02,444.58,2,
2021-09-23T19:00:00Z,136,role_flip_retest,demand,443.22,444.08812336390696,3,
2021-09-23T20:00:00Z,136,broken,demand,443.22,444.08812336390696,3,
2021-09-24T14:30:00Z,105,broken_zone_expired,demand,445.5431590890606,445.93,3,
2021-09-24T14:30:00Z,134,merged,supply,444.11,444.89,3,pivot;geometry=updated
2021-09-24T14:30:00Z,134,qualified,supply,444.11,444.89,3,pivot|repeated_pivot|role_flip
2021-09-24T15:00:00Z,107,broken,demand,442.87,443.13,2,
2021-09-24T15:00:00Z,136,role_flip_retest,supply,443.22,444.08812336390696,3,
2021-09-24T17:00:00Z,143,created,demand,441.21,441.44,1,pivot
2021-09-24T18:00:00Z,98,touch,demand,442.41984559038906,442.94,3,
2021-09-24T18:00:00Z,107,role_flip_retest,supply,442.87,443.13,2,
2021-09-24T19:00:00Z,98,rejection,demand,442.41984559038906,442.94,3,
2021-09-24T19:00:00Z,107,broken,supply,442.87,443.13,2,
2021-09-24T20:00:00Z,98,age_expired,demand,442.41984559038906,442.94,3,
2021-09-24T20:00:00Z,118,broken_zone_expired,demand,446.16,446.6783668731454,3,
2021-09-24T20:00:00Z,119,broken_zone_expired,demand,446.16,446.70393934544813,3,
2021-09-24T20:00:00Z,134,touch,supply,444.11,444.89,3,
2021-09-27T14:30:00Z,103,touch,demand,442.66,443.047042579372,3,
2021-09-27T15:00:00Z,103,rejection,demand,442.66,443.047042579372,3,
2021-09-27T15:00:00Z,107,role_flip_retest,demand,442.87,443.13,2,
2021-09-27T16:00:00Z,107,broken,demand,442.87,443.13,2,
2021-09-27T16:00:00Z,134,rejection,supply,444.11,444.89,3,
2021-09-27T16:00:00Z,144,created,supply,443.96,444.67,1,pivot
2021-09-27T17:00:00Z,103,broken,demand,442.66,443.047042579372,3,
2021-09-27T17:00:00Z,107,role_flip_retest,supply,442.87,443.13,2,
2021-09-27T17:00:00Z,145,created,demand,441.9,442.81,1,pivot
2021-09-27T18:00:00Z,107,broken,supply,442.87,443.13,2,
2021-09-27T19:00:00Z,107,role_flip_retest,demand,442.87,443.13,2,
2021-09-27T20:00:00Z,99,broken_zone_expired,demand,441.31,441.75,2,
2021-09-27T20:00:00Z,107,broken,demand,442.87,443.13,2,
2021-09-27T20:00:00Z,145,touch,demand,441.9,442.81,1,
2021-09-28T14:30:00Z,141,touch,demand,436.5424147865544,437.91,3,
2021-09-28T14:30:00Z,143,broken,demand,441.21,441.44,1,
2021-09-28T14:30:00Z,145,broken,demand,441.9,442.81,1,
2021-09-28T15:00:00Z,141,broken,demand,436.5424147865544,437.91,3,
2021-09-28T15:00:00Z,146,created,supply,442.4661503301377,443.43,1,order_block
2021-09-28T15:00:00Z,146,volume_confluence,supply,442.4661503301377,443.43,2,POC:2021-09-27:443.109375
2021-09-28T20:00:00Z,141,role_flip_retest,supply,436.5424147865544,437.91,3,
2021-09-29T14:30:00Z,147,created,demand,432.94,433.31,1,pivot
2021-09-29T18:00:00Z,148,created,supply,436.75,437.04,1,pivot
2021-09-30T16:00:00Z,147,broken,demand,432.94,433.31,1,
2021-09-30T19:00:00Z,147,role_flip_retest,supply,432.94,433.31,2,
2021-09-30T20:00:00Z,140,touch,demand,428.86,429.69,1,
2021-09-30T20:00:00Z,149,created,supply,432.64266360630415,433.86,1,order_block
2021-10-01T16:00:00Z,140,rejection,demand,428.86,429.69,1,
2021-10-01T17:00:00Z,138,broken_zone_expired,supply,444.02,444.58,2,
2021-10-01T18:00:00Z,149,touch,supply,432.64266360630415,433.86,1,
2021-10-01T18:00:00Z,150,created,demand,427.23,428.62081212494604,1,pivot
2021-10-01T18:00:00Z,131,capacity_expired,supply,451.95964772196305,452.57,1,
2021-10-01T19:00:00Z,147,broken,supply,432.94,433.31,2,
2021-10-01T19:00:00Z,149,broken,supply,432.64266360630415,433.86,1,
2021-10-01T20:00:00Z,149,role_flip_retest,demand,432.64266360630415,433.86,2,
2021-10-01T20:00:00Z,149,volume_confluence,demand,432.64266360630415,433.86,3,POC:2021-10-01:433.653958
2021-10-04T15:00:00Z,140,broken,demand,428.86,429.69,1,
2021-10-04T15:00:00Z,149,broken,demand,432.64266360630415,433.86,3,
2021-10-04T15:00:00Z,150,touch,demand,427.23,428.62081212494604,1,
2021-10-04T16:00:00Z,151,created,supply,434.75,436.04,1,pivot
2021-10-04T19:00:00Z,152,created,demand,426.36,427.7252198424439,1,pivot
2021-10-04T20:00:00Z,140,role_flip_retest,supply,428.86,429.69,2,
2021-10-04T20:00:00Z,150,volume_confluence,demand,427.23,428.62081212494604,2,POC:2021-10-04:427.468333
2021-10-04T20:00:00Z,152,volume_confluence,demand,426.36,427.7252198424439,2,POC:2021-10-04:427.468333
2021-10-05T14:30:00Z,140,broken,supply,428.86,429.69,2,
2021-10-05T15:00:00Z,147,role_flip_retest,demand,432.94,433.31,2,
2021-10-05T16:00:00Z,103,broken_zone_expired,demand,442.66,443.047042579372,3,
2021-10-05T16:00:00Z,151,touch,supply,434.75,436.04,1,
2021-10-05T19:00:00Z,107,broken_zone_expired,demand,442.87,443.13,2,
2021-10-05T20:00:00Z,143,broken_zone_expired,demand,441.21,441.44,1,
2021-10-05T20:00:00Z,145,broken_zone_expired,demand,441.9,442.81,1,
2021-10-06T14:30:00Z,147,broken,demand,432.94,433.31,2,
2021-10-06T15:00:00Z,140,role_flip_retest,demand,428.86,429.69,2,
2021-10-06T15:00:00Z,150,touch,demand,427.23,428.62081212494604,2,
2021-10-06T15:00:00Z,152,touch,demand,426.36,427.7252198424439,2,
2021-10-06T15:00:00Z,153,created,supply,435.0,435.49,1,pivot
2021-10-06T15:00:00Z,139,capacity_expired,supply,447.46053328764214,448.36,1,
2021-10-06T18:00:00Z,149,role_flip_retest,supply,432.64266360630415,433.86,3,
2021-10-06T18:00:00Z,150,rejection,demand,427.23,428.62081212494604,2,
2021-10-06T18:00:00Z,152,rejection,demand,426.36,427.7252198424439,2,
2021-10-06T18:00:00Z,154,created,demand,427.54,428.87,1,pivot
2021-10-06T18:00:00Z,144,capacity_expired,supply,443.96,444.67,1,
2021-10-06T18:00:00Z,148,capacity_expired,supply,436.75,437.04,1,
2021-10-06T20:00:00Z,149,broken,supply,432.64266360630415,433.86,3,
2021-10-06T20:00:00Z,151,touch,supply,434.75,436.04,1,
2021-10-06T20:00:00Z,153,touch,supply,435.0,435.49,1,
2021-10-06T20:00:00Z,140,volume_confluence,demand,428.86,429.69,3,POC:2021-10-06:429.277083
2021-10-07T14:30:00Z,141,broken,supply,436.5424147865544,437.91,3,
2021-10-07T14:30:00Z,151,broken,supply,434.75,436.04,1,
2021-10-07T14:30:00Z,153,broken,supply,435.0,435.49,1,
2021-10-07T18:00:00Z,155,created,supply,441.34,441.68,1,pivot
2021-10-08T17:00:00Z,141,role_flip_retest,demand,436.5424147865544,437.91,3,
2021-10-11T17:00:00Z,141,touch,demand,436.5424147865544,437.91,3,
2021-10-11T17:00:00Z,156,created,demand,436.9,437.16,1,pivot
2021-10-11T18:00:00Z,151,role_flip_retest,demand,434.75,436.04,2,
2021-10-11T18:00:00Z,156,broken,demand,436.9,437.16,1,
2021-10-11T18:00:00Z,157,created,supply,439.64,440.26,1,pivot
2021-10-11T19:00:00Z,156,role_flip_retest,supply,436.9,437.16,2,
2021-10-11T19:00:00Z,154,capacity_expired,demand,427.54,428.87,1,
2021-10-11T20:00:00Z,141,broken,demand,436.5424147865544,437.91,3,
2021-10-12T14:30:00Z,149,role_flip_retest,demand,432.64266360630415,433.86,3,
2021-10-12T14:30:00Z,151,broken,demand,434.75,436.04,2,
2021-10-12T15:00:00Z,151,role_flip_retest,supply,434.75,436.04,2,
2021-10-12T17:00:00Z,114,age_expired,supply,448.0794170958048,448.46,4,
2021-10-12T17:00:00Z,158,created,demand,433.5,434.11,1,pivot
2021-10-12T20:00:00Z,158,volume_confluence,demand,433.5,434.11,2,POC:2021-10-12:434.094167
2021-10-13T14:30:00Z,158,broken,demand,433.5,434.11,2,
2021-10-13T15:00:00Z,147,role_flip_retest,supply,432.94,433.31,2,
2021-10-13T16:00:00Z,147,broken,supply,432.94,433.31,2,
2021-10-13T18:00:00Z,151,touch,supply,434.75,436.04,2,
2021-10-13T18:00:00Z,159,created,demand,431.54,432.5071790657663,1,pivot
2021-10-13T19:00:00Z,151,rejection,supply,434.75,436.04,2,
2021-10-14T14:30:00Z,151,broken,supply,434.75,436.04,2,
2021-10-14T14:30:00Z,156,broken,supply,436.9,437.16,2,
2021-10-14T14:30:00Z,157,touch,supply,439.64,440.26,1,
2021-10-14T15:00:00Z,157,broken,supply,439.64,440.26,1,
2021-10-14T16:00:00Z,155,touch,supply,441.34,441.68,1,
2021-10-14T17:00:00Z,155,broken,supply,441.34,441.68,1,
2021-10-14T18:00:00Z,116,age_expired,supply,449.07,449.46,3,
2021-10-14T18:00:00Z,155,role_flip_retest,demand,441.34,441.68,2,
2021-10-14T19:00:00Z,146,touch,supply,442.4661503301377,443.43,2,
2021-10-14T20:00:00Z,153,broken_zone_expired,supply,435.0,435.49,1,
2021-10-15T14:30:00Z,134,broken,supply,444.11,444.89,3,
2021-10-15T14:30:00Z,136,broken,supply,443.22,444.08812336390696,3,
2021-10-15T14:30:00Z,146,broken,supply,442.4661503301377,443.43,2,
2021-10-15T15:00:00Z,134,role_flip_retest,demand,444.11,444.89,3,
2021-10-18T14:30:00Z,136,role_flip_retest,demand,443.22,444.08812336390696,3,
2021-10-18T14:30:00Z,146,role_flip_retest,demand,442.4661503301377,443.43,3,
2021-10-18T15:00:00Z,160,created,supply,446.04,446.26,1,pivot
2021-10-18T16:00:00Z,160,broken,supply,446.04,446.26,1,
2021-10-18T17:00:00Z,161,created,demand,443.27,443.97,1,pivot
2021-10-18T20:00:00Z,132,touch,supply,447.34,447.92,3,
2021-10-19T14:30:00Z,130,touch,supply,448.86,449.43,3,
2021-10-19T14:30:00Z,132,broken,supply,447.34,447.92,3,
2021-10-19T14:30:00Z,133,touch,supply,448.64034002741994,449.32,2,
2021-10-19T15:00:00Z,130,broken,supply,448.86,449.43,3,
2021-10-19T15:00:00Z,133,broken,supply,448.64034002741994,449.32,2,
2021-10-19T19:00:00Z,141,broken_zone_expired,demand,436.5424147865544,437.91,3,
2021-10-19T20:00:00Z,123,age_expired,supply,450.92,451.12,2,
2021-10-20T14:30:00Z,124,touch,supply,451.54,451.82,3,
2021-10-20T14:30:00Z,126,touch,supply,451.55,451.98,3,
2021-10-20T14:30:00Z,128,broken,supply,450.74,451.21704200890395,2,
2021-10-20T15:00:00Z,124,broken,supply,451.54,451.82,3,
2021-10-20T15:00:00Z,126,broken,supply,451.55,451.98,3,
2021-10-20T16:00:00Z,124,role_flip_retest,demand,451.54,451.82,3,
2021-10-20T16:00:00Z,126,role_flip_retest,demand,451.55,451.98,3,
2021-10-20T18:00:00Z,128,role_flip_retest,demand,450.74,451.21704200890395,2,
2021-10-20T18:00:00Z,162,created,supply,452.1525710973968,452.74,1,pivot
2021-10-20T20:00:00Z,158,broken_zone_expired,demand,433.5,434.11,2,
2021-10-21T15:00:00Z,147,broken_zone_expired,supply,432.94,433.31,2,
2021-10-21T18:00:00Z,163,created,supply,452.33,452.86,1,pivot
2021-10-21T19:00:00Z,124,age_expired,demand,451.54,451.82,3,
2021-10-21T20:00:00Z,151,broken_zone_expired,supply,434.75,436.04,2,
2021-10-21T20:00:00Z,156,broken_zone_expired,supply,436.9,437.16,2,
2021-10-21T20:00:00Z,162,broken,supply,452.1525710973968,452.74,1,
2021-10-21T20:00:00Z,163,broken,supply,452.33,452.86,1,
2021-10-22T14:30:00Z,157,broken_zone_expired,supply,439.64,440.26,1,
2021-10-22T16:00:00Z,126,touch,demand,451.55,451.98,3,
2021-10-22T16:00:00Z,128,touch,demand,450.74,451.21704200890395,2,
2021-10-22T17:00:00Z,126,rejection,demand,451.55,451.98,3,
2021-10-22T17:00:00Z,128,rejection,demand,450.74,451.21704200890395,2,
2021-10-22T18:00:00Z,164,created,supply,454.01581009893994,454.67,1,pivot
2021-10-22T19:00:00Z,162,role_flip_retest,demand,452.1525710973968,452.74,2,
2021-10-22T19:00:00Z,163,role_flip_retest,demand,452.33,452.86,2,
2021-10-22T19:00:00Z,165,created,demand,451.05,451.71835490812725,1,pivot
2021-10-22T20:00:00Z,126,age_expired,demand,451.55,451.98,3,
2021-10-25T14:30:00Z,164,touch,supply,454.01581009893994,454.67,1,
2021-10-25T16:00:00Z,164,broken,supply,454.01581009893994,454.67,1,
2021-10-26T14:30:00Z,128,age_expired,demand,450.74,451.21704200890395,2,
2021-10-26T15:00:00Z,160,broken_zone_expired,supply,446.04,446.26,1,
2021-10-26T18:00:00Z,166,created,supply,458.13,458.49,1,pivot
2021-10-26T20:00:00Z,132,broken_zone_expired,supply,447.34,447.92,3,
2021-10-27T14:30:00Z,130,broken_zone_expired,supply,448.86,449.43,3,
2021-10-27T14:30:00Z,133,broken_zone_expired,supply,448.64034002741994,449.32,2,
2021-10-27T17:00:00Z,167,created,demand,455.33,455.98861890644366,1,pivot
2021-10-27T20:00:00Z,167,broken,demand,455.33,455.98861890644366,1,
2021-10-27T20:00:00Z,168,created,supply,456.34583761679806,456.97,1,order_block
2021-10-28T15:00:00Z,168,broken,supply,456.34583761679806,456.97,1,
2021-10-28T16:00:00Z,168,role_flip_retest,demand,456.34583761679806,456.97,2,
2021-10-28T16:00:00Z,169,created,demand,453.86,454.02733656757096,1,pivot
2021-10-28T18:00:00Z,170,created,supply,457.47,457.98,1,pivot
2021-10-28T20:00:00Z,166,touch,supply,458.13,458.49,1,
2021-10-28T20:00:00Z,170,broken,supply,457.47,457.98,1,
2021-10-29T16:00:00Z,166,touch,supply,458.13,458.49,1,
2021-10-29T16:00:00Z,170,role_flip_retest,demand,457.47,457.98,2,
2021-10-29T17:00:00Z,166,broken,supply,458.13,458.49,1,
2021-10-29T17:00:00Z,171,created,demand,455.56,455.87,1,pivot
2021-10-29T18:00:00Z,166,role_flip_retest,demand,458.13,458.49,2,
2021-10-29T20:00:00Z,166,volume_confluence,demand,458.13,458.49,3,POC:2021-10-29:458.476667
2021-11-01T17:00:00Z,172,created,supply,460.3,460.71,1,pivot
2021-11-01T19:00:00Z,134,age_expired,demand,444.11,444.89,3,
2021-11-01T19:00:00Z,166,touch,demand,458.13,458.49,3,
2021-11-01T20:00:00Z,166,rejection,demand,458.13,458.49,3,
2021-11-02T14:30:00Z,172,broken,supply,460.3,460.71,1,
2021-11-02T15:00:00Z,164,broken_zone_expired,supply,454.01581009893994,454.67,1,
2021-11-02T18:00:00Z,136,age_expired,demand,443.22,444.08812336390696,3,
2021-11-02T19:00:00Z,173,created,supply,461.60247422933327,462.23,1,pivot
2021-11-03T15:00:00Z,173,touch,supply,461.60247422933327,462.23,1,
2021-11-03T18:00:00Z,173,rejection,supply,461.60247422933327,462.23,1,
2021-11-03T18:00:00Z,174,created,demand,460.83,461.3529359381622,1,pivot
2021-11-03T19:00:00Z,173,broken,supply,461.60247422933327,462.23,1,
2021-11-03T19:00:00Z,174,merged,demand,460.83,461.3529359381622,2,order_block;geometry=updated
2021-11-03T20:00:00Z,174,volume_confluence,demand,460.83,461.3529359381622,3,POC:2021-11-03:461.280000
2021-11-04T18:00:00Z,176,created,supply,466.5,467.0,1,pivot
2021-11-04T19:00:00Z,167,broken_zone_expired,demand,455.33,455.98861890644366,1,
2021-11-04T20:00:00Z,176,touch,supply,466.5,467.0,1,
2021-11-05T14:30:00Z,176,broken,supply,466.5,467.0,1,
2021-11-05T18:00:00Z,176,role_flip_retest,demand,466.5,467.0,2,
2021-11-05T18:00:00Z,177,created,supply,470.26,470.65,1,pivot
2021-11-08T20:00:00Z,140,age_expired,demand,428.86,429.69,3,
2021-11-09T15:30:00Z,176,touch,demand,466.5,467.0,2,
2021-11-09T16:00:00Z,176,rejection,demand,466.5,467.0,2,
2021-11-09T18:00:00Z,178,created,supply,469.32,469.57,1,pivot
2021-11-09T19:00:00Z,176,broken,demand,466.5,467.0,2,
2021-11-09T21:00:00Z,172,broken_zone_expired,supply,460.3,460.71,1,
2021-11-09T21:00:00Z,179,created,demand,465.88,466.56,1,pivot
2021-11-10T17:00:00Z,179,touch,demand,465.88,466.56,1,
2021-11-10T18:00:00Z,176,role_flip_retest,supply,466.5,467.0,2,
2021-11-10T18:00:00Z,180,created,demand,465.31,465.58,1,pivot
2021-11-10T18:00:00Z,176,volume_confluence,supply,466.5,467.0,3,POC:2021-11-09:466.571875
2021-11-10T18:00:00Z,159,capacity_expired,demand,431.54,432.5071790657663,1,
2021-11-10T19:00:00Z,179,broken,demand,465.88,466.56,1,
2021-11-10T19:00:00Z,180,broken,demand,465.31,465.58,1,
2021-11-10T19:00:00Z,181,created,supply,466.75,467.3,1,order_block
2021-11-10T20:00:00Z,173,role_flip_retest,demand,461.60247422933327,462.23,2,
2021-11-11T16:00:00Z,182,created,demand,462.04,462.75,1,pivot
2021-11-11T16:00:00Z,161,capacity_expired,demand,443.27,443.97,1,
2021-11-12T17:00:00Z,176,broken,supply,466.5,467.0,3,
2021-11-12T17:00:00Z,181,touch,supply,466.75,467.3,1,
2021-11-12T17:00:00Z,183,created,demand,463.75,463.90336170761134,1,pivot
2021-11-12T17:00:00Z,184,created,demand,464.11,464.74900711504716,1,order_block
2021-11-12T17:00:00Z,184,volume_confluence,demand,464.11,464.74900711504716,2,POC:2021-11-11:464.231250
2021-11-12T17:00:00Z,165,capacity_expired,demand,451.05,451.71835490812725,1,
2021-11-12T20:00:00Z,181,rejection,supply,466.75,467.3,1,
2021-11-12T21:00:00Z,176,role_flip_retest,demand,466.5,467.0,3,
2021-11-12T21:00:00Z,169,capacity_expired,demand,453.86,454.02733656757096,1,
2021-11-15T15:30:00Z,181,broken,supply,466.75,467.3,1,
2021-11-15T18:00:00Z,185,created,supply,468.64,468.81,1,pivot
2021-11-15T19:00:00Z,146,age_expired,demand,442.4661503301377,443.43,3,
2021-11-15T21:00:00Z,181,role_flip_retest,demand,466.75,467.3,2,
2021-11-15T21:00:00Z,186,created,demand,466.23,466.85621026216006,1,pivot
2021-11-15T21:00:00Z,186,volume_confluence,demand,466.23,466.85621026216006,2,POC:2021-11-12:466.688125
2021-11-15T21:00:00Z,171,capacity_expired,demand,455.56,455.87,1,
2021-11-16T15:30:00Z,185,touch,supply,468.64,468.81,1,
2021-11-16T17:00:00Z,178,broken,supply,469.32,469.57,1,
2021-11-16T17:00:00Z,185,broken,supply,468.64,468.81,1,
2021-11-16T18:00:00Z,178,role_flip_retest,demand,469.32,469.57,2,
2021-11-16T19:00:00Z,177,touch,supply,470.26,470.65,1,
2021-11-16T20:00:00Z,177,rejection,supply,470.26,470.65,1,
2021-11-16T21:00:00Z,178,broken,demand,469.32,469.57,2,
2021-11-17T16:00:00Z,177,merged,supply,470.26,470.65,2,pivot;geometry=updated
2021-11-17T16:00:00Z,177,qualified,supply,470.26,470.65,2,pivot|repeated_pivot
2021-11-17T17:00:00Z,185,role_flip_retest,demand,468.64,468.81,2,
2021-11-17T18:00:00Z,185,broken,demand,468.64,468.81,2,
2021-11-17T18:00:00Z,188,created,demand,467.48,467.6199191986564,1,pivot
2021-11-17T20:00:00Z,185,role_flip_retest,supply,468.64,468.81,2,
2021-11-18T16:00:00Z,176,touch,demand,466.5,467.0,3,
2021-11-18T16:00:00Z,181,touch,demand,466.75,467.3,2,
2021-11-18T16:00:00Z,186,touch,demand,466.23,466.85621026216006,2,
2021-11-18T16:00:00Z,188,touch,demand,467.48,467.6199191986564,1,
2021-11-18T17:00:00Z,149,age_expired,demand,432.64266360630415,433.86,3,
2021-11-18T17:00:00Z,176,rejection,demand,466.5,467.0,3,
2021-11-18T17:00:00Z,181,rejection,demand,466.75,467.3,2,
2021-11-18T17:00:00Z,185,broken,supply,468.64,468.81,2,
2021-11-18T17:00:00Z,186,rejection,demand,466.23,466.85621026216006,2,
2021-11-18T17:00:00Z,188,rejection,demand,467.48,467.6199191986564,1,
2021-11-18T18:00:00Z,178,role_flip_retest,supply,469.32,469.57,2,
2021-11-18T18:00:00Z,179,broken_zone_expired,demand,465.88,466.56,1,
2021-11-18T18:00:00Z,180,broken_zone_expired,demand,465.31,465.58,1,
2021-11-18T18:00:00Z,185,role_flip_retest,demand,468.64,468.81,2,
2021-11-18T19:00:00Z,189,created,demand,466.34,467.00658258278014,1,pivot
2021-11-18T19:00:00Z,182,capacity_expired,demand,462.04,462.75,1,
2021-11-18T21:00:00Z,178,broken,supply,469.32,469.57,2,
2021-11-19T15:30:00Z,150,age_expired,demand,427.23,428.62081212494604,2,
2021-11-19T15:30:00Z,178,role_flip_retest,demand,469.32,469.57,2,
2021-11-19T15:30:00Z,178,volume_confluence,demand,469.32,469.57,3,POC:2021-11-18:469.321875
2021-11-19T18:00:00Z,177,touch,supply,470.26,470.65,2,
2021-11-19T19:00:00Z,177,rejection,supply,470.26,470.65,2,
2021-11-19T19:00:00Z,185,touch,demand,468.64,468.81,2,
2021-11-19T21:00:00Z,178,broken,demand,469.32,469.57,3,
2021-11-19T21:00:00Z,185,touch,demand,468.64,468.81,2,
2021-11-19T21:00:00Z,190,created,supply,470.31,470.94,1,pivot
2021-11-22T15:30:00Z,177,broken,supply,470.26,470.65,2,
2021-11-22T15:30:00Z,185,rejection,demand,468.64,468.81,2,
2021-11-22T15:30:00Z,190,broken,supply,470.31,470.94,1,
2021-11-22T15:30:00Z,191,created,demand,468.5,469.24488677970896,1,pivot
2021-11-22T15:30:00Z,192,created,demand,468.66,469.3371697997355,1,order_block
2021-11-22T15:30:00Z,192,volume_confluence,demand,468.66,469.3371697997355,2,POC:2021-11-18:469.321875
2021-11-22T16:00:00Z,152,age_expired,demand,426.36,427.7252198424439,2,
2021-11-22T17:00:00Z,192,touch,demand,468.66,469.3371697997355,2,
2021-11-22T18:00:00Z,177,role_flip_retest,demand,470.26,470.65,3,
2021-11-22T18:00:00Z,192,rejection,demand,468.66,469.3371697997355,2,
2021-11-22T19:00:00Z,193,created,supply,472.79,473.54,1,pivot
2021-11-22T20:00:00Z,190,role_flip_retest,demand,470.31,470.94,2,
2021-11-22T20:00:00Z,183,capacity_expired,demand,463.75,463.90336170761134,1,
2021-11-22T21:00:00Z,177,broken,demand,470.26,470.65,3,
2021-11-22T21:00:00Z,178,role_flip_retest,supply,469.32,469.57,3,
2021-11-22T21:00:00Z,185,broken,demand,468.64,468.81,2,
2021-11-22T21:00:00Z,188,touch,demand,467.48,467.6199191986564,1,
2021-11-22T21:00:00Z,190,broken,demand,470.31,470.94,2,
2021-11-22T21:00:00Z,191,broken,demand,468.5,469.24488677970896,1,
2021-11-22T21:00:00Z,192,broken,demand,468.66,469.3371697997355,2,
2021-11-22T21:00:00Z,194,created,supply,471.0336033018647,471.88,1,order_block
2021-11-23T15:30:00Z,176,touch,demand,466.5,467.0,3,
2021-11-23T15:30:00Z,181,touch,demand,466.75,467.3,2,
2021-11-23T15:30:00Z,185,role_flip_retest,supply,468.64,468.81,2,
2021-11-23T15:30:00Z,186,touch,demand,466.23,466.85621026216006,2,
2021-11-23T15:30:00Z,188,rejection,demand,467.48,467.6199191986564,1,
2021-11-23T15:30:00Z,189,touch,demand,466.34,467.00658258278014,1,
2021-11-23T15:30:00Z,192,role_flip_retest,supply,468.66,469.3371697997355,3,
2021-11-23T16:00:00Z,176,broken,demand,466.5,467.0,3,
2021-11-23T16:00:00Z,181,broken,demand,466.75,467.3,2,
2021-11-23T16:00:00Z,186,broken,demand,466.23,466.85621026216006,2,
2021-11-23T16:00:00Z,188,broken,demand,467.48,467.6199191986564,1,
2021-11-23T16:00:00Z,189,broken,demand,466.34,467.00658258278014,1,
2021-11-23T16:00:00Z,191,role_flip_retest,supply,468.5,469.24488677970896,2,
2021-11-23T16:00:00Z,185,merged,supply,468.1442293776282,469.1,3,order_block;geometry=updated
2021-11-23T17:00:00Z,176,role_flip_retest,supply,466.5,467.0,3,
2021-11-23T17:00:00Z,181,role_flip_retest,supply,466.75,467.3,2,
2021-11-23T17:00:00Z,184,touch,demand,464.11,464.74900711504716,2,
2021-11-23T17:00:00Z,186,role_flip_retest,supply,466.23,466.85621026216006,3,
2021-11-23T17:00:00Z,189,role_flip_retest,supply,466.34,467.00658258278014,2,
2021-11-23T19:00:00Z,184,rejection,demand,464.11,464.74900711504716,2,
2021-11-23T20:00:00Z,176,broken,supply,466.5,467.0,3,
2021-11-23T20:00:00Z,181,broken,supply,466.75,467.3,2,
2021-11-23T20:00:00Z,186,broken,supply,466.23,466.85621026216006,3,
2021-11-23T20:00:00Z,189,broken,supply,466.34,467.00658258278014,2,
2021-11-23T20:00:00Z,184,merged,demand,464.11,465.06,3,pivot;geometry=updated
2021-11-23T21:00:00Z,176,role_flip_retest,demand,466.5,467.0,3,
2021-11-23T21:00:00Z,181,role_flip_retest,demand,466.75,467.3,2,
2021-11-23T21:00:00Z,189,role_flip_retest,demand,466.34,467.00658258278014,2,
2021-11-23T21:00:00Z,181,volume_confluence,demand,466.75,467.3,3,POC:2021-11-23:467.065625
2021-11-24T15:30:00Z,176,broken,demand,466.5,467.0,3,
2021-11-24T15:30:00Z,181,broken,demand,466.75,467.3,3,
2021-11-24T16:00:00Z,186,role_flip_retest,demand,466.23,466.85621026216006,3,
2021-11-24T16:00:00Z,188,role_flip_retest,supply,467.48,467.6199191986564,2,
2021-11-24T17:00:00Z,185,touch,supply,468.1442293776282,469.1,3,
2021-11-24T17:00:00Z,188,broken,supply,467.48,467.6199191986564,2,
2021-11-24T17:00:00Z,191,touch,supply,468.5,469.24488677970896,2,
2021-11-24T17:00:00Z,192,touch,supply,468.66,469.3371697997355,3,
2021-11-24T20:00:00Z,188,role_flip_retest,demand,467.48,467.6199191986564,2,
2021-11-24T21:00:00Z,178,touch,supply,469.32,469.57,3,
2021-11-24T21:00:00Z,185,broken,supply,468.1442293776282,469.1,3,
2021-11-24T21:00:00Z,191,broken,supply,468.5,469.24488677970896,2,
2021-11-26T15:30:00Z,155,age_expired,demand,441.34,441.68,2,
2021-11-26T15:30:00Z,173,touch,demand,461.60247422933327,462.23,2,
2021-11-26T15:30:00Z,174,touch,demand,460.83,461.3529359381622,3,
2021-11-26T15:30:00Z,178,rejection,supply,469.32,469.57,3,
2021-11-26T15:30:00Z,184,broken,demand,464.11,465.06,3,
2021-11-26T15:30:00Z,186,broken,demand,466.23,466.85621026216006,3,
2021-11-26T15:30:00Z,188,broken,demand,467.48,467.6199191986564,2,
2021-11-26T15:30:00Z,189,broken,demand,466.34,467.00658258278014,2,
2021-11-26T16:00:00Z,173,broken,demand,461.60247422933327,462.23,2,
2021-11-26T16:00:00Z,174,broken,demand,460.83,461.3529359381622,3,
2021-11-26T17:00:00Z,166,touch,demand,458.13,458.49,3,
2021-11-26T17:00:00Z,178,merged,supply,469.29649401092524,469.57,4,pivot;geometry=updated
2021-11-26T17:00:00Z,178,qualified,supply,469.29649401092524,469.57,4,pivot|repeated_pivot|role_flip|volume_profile
2021-11-26T18:00:00Z,170,touch,demand,457.47,457.98,2,
2021-11-26T18:00:00Z,174,role_flip_retest,supply,460.83,461.3529359381622,4,
2021-11-29T15:30:00Z,174,broken,supply,460.83,461.3529359381622,4,
2021-11-29T15:30:00Z,184,role_flip_retest,supply,464.11,465.06,4,
2021-11-29T17:00:00Z,170,rejection,demand,457.47,457.98,2,
2021-11-29T17:00:00Z,166,merged,demand,457.77,458.94,4,pivot;geometry=updated
2021-11-29T17:00:00Z,166,qualified,demand,457.77,458.94,4,pivot|repeated_pivot|role_flip|volume_profile
2021-11-29T18:00:00Z,184,broken,supply,464.11,465.06,4,
2021-11-29T18:00:00Z,186,role_flip_retest,supply,466.23,466.85621026216006,3,
2021-11-29T19:00:00Z,176,role_flip_retest,supply,466.5,467.0,3,
2021-11-29T19:00:00Z,189,role_flip_retest,supply,466.34,467.00658258278014,2,
2021-11-30T15:30:00Z,174,role_flip_retest,demand,460.83,461.3529359381622,4,
2021-11-30T15:30:00Z,186,merged,supply,466.23,466.85621026216006,4,pivot;geometry=updated
2021-11-30T15:30:00Z,186,qualified,supply,466.23,466.85621026216006,4,pivot|repeated_pivot|role_flip|volume_profile
2021-11-30T16:00:00Z,166,touch,demand,457.77,458.94,4,
2021-11-30T16:00:00Z,170,touch,demand,457.47,457.98,2,
2021-11-30T16:00:00Z,173,role_flip_retest,supply,461.60247422933327,462.23,2,
2021-11-30T16:00:00Z,174,broken,demand,460.83,461.3529359381622,4,
2021-11-30T17:00:00Z,166,broken,demand,457.77,458.94,4,
2021-11-30T17:00:00Z,168,touch,demand,456.34583761679806,456.97,2,
2021-11-30T17:00:00Z,170,broken,demand,457.47,457.98,2,
2021-11-30T18:00:00Z,166,role_flip_retest,supply,457.77,458.94,4,
2021-11-30T18:00:00Z,170,role_flip_retest,supply,457.47,457.98,2,
2021-11-30T19:00:00Z,168,rejection,demand,456.34583761679806,456.97,2,
2021-11-30T19:00:00Z,170,broken,supply,457.47,457.98,2,
2021-11-30T21:00:00Z,168,broken,demand,456.34583761679806,456.97,2,
2021-12-01T15:30:00Z,166,broken,supply,457.77,458.94,4,
2021-12-01T16:00:00Z,173,broken,supply,461.60247422933327,462.23,2,
2021-12-01T17:00:00Z,200,created,demand,455.3,456.16,1,pivot
2021-12-01T18:00:00Z,174,role_flip_retest,supply,460.83,461.3529359381622,4,
2021-12-01T19:00:00Z,166,role_flip_retest,demand,457.77,458.94,4,
2021-12-01T19:00:00Z,170,role_flip_retest,demand,457.47,457.98,2,
2021-12-01T20:00:00Z,166,broken,demand,457.77,458.94,4,
2021-12-01T20:00:00Z,201,created,supply,463.45,464.67,1,pivot
2021-12-01T21:00:00Z,162,broken,demand,452.1525710973968,452.74,2,
2021-12-01T21:00:00Z,163,broken,demand,452.33,452.86,2,
2021-12-01T21:00:00Z,166,role_flip_retest,supply,457.77,458.94,4,
2021-12-01T21:00:00Z,168,role_flip_retest,supply,456.34583761679806,456.97,2,
2021-12-01T21:00:00Z,170,broken,demand,457.47,457.98,2,
2021-12-01T21:00:00Z,200,broken,demand,455.3,456.16,1,
2021-12-01T21:00:00Z,202,created,supply,461.938378656889,463.54,1,order_block
2021-12-01T21:00:00Z,168,volume_confluence,supply,456.34583761679806,456.97,3,POC:2021-11-30:456.936875
2021-12-01T21:00:00Z,202,volume_confluence,supply,461.938378656889,463.54,2,POC:2021-12-01:461.973750
2021-12-02T16:00:00Z,177,broken_zone_expired,demand,470.26,470.65,3,
2021-12-02T16:00:00Z,190,broken_zone_expired,demand,470.31,470.94,2,
2021-12-02T16:00:00Z,200,role_flip_retest,supply,455.3,456.16,2,
2021-12-02T17:00:00Z,200,broken,supply,455.3,456.16,2,
2021-12-02T17:00:00Z,203,created,demand,450.29,450.69861199045033,1,pivot
2021-12-02T18:00:00Z,168,broken,supply,456.34583761679806,456.97,3,
2021-12-02T19:00:00Z,168,role_flip_retest,demand,456.34583761679806,456.97,3,
2021-12-02T19:00:00Z,200,role_flip_retest,demand,455.3,456.16,2,
2021-12-02T21:00:00Z,170,role_flip_retest,supply,457.47,457.98,2,
2021-12-03T15:30:00Z,168,broken,demand,456.34583761679806,456.97,3,
2021-12-03T16:00:00Z,162,role_flip_retest,supply,452.1525710973968,452.74,2,
2021-12-03T16:00:00Z,163,role_flip_retest,supply,452.33,452.86,2,
2021-12-03T16:00:00Z,200,broken,demand,455.3,456.16,2,
2021-12-03T17:00:00Z,181,broken_zone_expired,demand,466.75,467.3,3,
2021-12-03T17:00:00Z,203,touch,demand,450.29,450.69861199045033,1,
2021-12-03T18:00:00Z,203,rejection,demand,450.29,450.69861199045033,1,
2021-12-03T18:00:00Z,204,created,supply,459.17,460.3,1,pivot
2021-12-03T20:00:00Z,203,broken,demand,450.29,450.69861199045033,1,
2021-12-03T21:00:00Z,162,broken,supply,452.1525710973968,452.74,2,
2021-12-03T21:00:00Z,163,broken,supply,452.33,452.86,2,
2021-12-06T15:30:00Z,168,role_flip_retest,supply,456.34583761679806,456.97,3,
2021-12-06T16:00:00Z,166,touch,supply,457.77,458.94,4,
2021-12-06T16:00:00Z,168,broken,supply,456.34583761679806,456.97,3,
2021-12-06T16:00:00Z,170,broken,supply,457.47,457.98,2,
2021-12-06T16:00:00Z,185,broken_zone_expired,supply,468.1442293776282,469.1,3,
2021-12-06T16:00:00Z,191,broken_zone_expired,supply,468.5,469.24488677970896,2,
2021-12-06T17:00:00Z,166,rejection,supply,457.77,458.94,4,
2021-12-06T17:00:00Z,168,role_flip_retest,demand,456.34583761679806,456.97,3,
2021-12-06T17:00:00Z,188,broken_zone_expired,demand,467.48,467.6199191986564,2,
2021-12-06T17:00:00Z,205,created,demand,448.92,449.64,1,pivot
2021-12-06T18:00:00Z,166,broken,supply,457.77,458.94,4,
2021-12-06T18:00:00Z,170,role_flip_retest,demand,457.47,457.98,2,
2021-12-06T18:00:00Z,204,touch,supply,459.17,460.3,1,
2021-12-06T20:00:00Z,204,rejection,supply,459.17,460.3,1,
2021-12-06T21:00:00Z,204,volume_confluence,supply,459.17,460.3,2,POC:2021-12-06:459.434375
2021-12-07T15:30:00Z,174,broken,supply,460.83,461.3529359381622,4,
2021-12-07T15:30:00Z,176,broken,supply,466.5,467.0,3,
2021-12-07T15:30:00Z,184,role_flip_retest,demand,464.11,465.06,4,
2021-12-07T15:30:00Z,186,broken,supply,466.23,466.85621026216006,4,
2021-12-07T15:30:00Z,189,broken,supply,466.34,467.00658258278014,2,
2021-12-07T15:30:00Z,201,broken,supply,463.45,464.67,1,
2021-12-07T15:30:00Z,202,broken,supply,461.938378656889,463.54,2,
2021-12-07T15:30:00Z,204,broken,supply,459.17,460.3,2,
2021-12-07T16:00:00Z,176,role_flip_retest,demand,466.5,467.0,3,
2021-12-07T16:00:00Z,189,role_flip_retest,demand,466.34,467.00658258278014,2,
2021-12-07T16:00:00Z,192,touch,supply,468.66,469.3371697997355,3,
2021-12-07T19:00:00Z,192,touch,supply,468.66,469.3371697997355,3,
2021-12-07T20:00:00Z,192,merged,supply,468.46,469.3371697997355,4,pivot;geometry=updated
2021-12-07T21:00:00Z,186,role_flip_retest,demand,466.23,466.85621026216006,4,
2021-12-07T21:00:00Z,192,touch,supply,468.46,469.3371697997355,4,
2021-12-08T15:30:00Z,192,rejection,supply,468.46,469.3371697997355,4,
2021-12-08T16:00:00Z,176,touch,demand,466.5,467.0,3,
2021-12-08T16:00:00Z,189,touch,demand,466.34,467.00658258278014,2,
2021-12-08T17:00:00Z,176,rejection,demand,466.5,467.0,3,
2021-12-08T17:00:00Z,189,rejection,demand,466.34,467.00658258278014,2,
2021-12-08T17:00:00Z,207,created,demand,466.24,467.53911854796104,1,pivot
2021-12-08T18:00:00Z,192,merged,supply,468.46,469.3371697997355,4,pivot;geometry=updated
2021-12-08T21:00:00Z,178,touch,supply,469.29649401092524,469.57,4,
2021-12-08T21:00:00Z,192,broken,supply,468.46,469.3371697997355,4,
2021-12-09T15:30:00Z,173,broken_zone_expired,supply,461.60247422933327,462.23,2,
2021-12-09T16:00:00Z,207,touch,demand,466.24,467.53911854796104,1,
2021-12-09T17:00:00Z,178,merged,supply,469.29649401092524,469.57,4,pivot;geometry=frozen
2021-12-09T18:00:00Z,207,rejection,demand,466.24,467.53911854796104,1,
2021-12-09T19:00:00Z,210,created,demand,467.06,468.0684914423287,1,pivot
2021-12-09T21:00:00Z,176,broken,demand,466.5,467.0,3,
2021-12-09T21:00:00Z,186,touch,demand,466.23,466.85621026216006,4,
2021-12-09T21:00:00Z,189,touch,demand,466.34,467.00658258278014,2,
2021-12-09T21:00:00Z,210,broken,demand,467.06,468.0684914423287,1,
2021-12-10T15:30:00Z,178,touch,supply,469.29649401092524,469.57,4,
2021-12-10T16:00:00Z,178,rejection,supply,469.29649401092524,469.57,4,
2021-12-10T17:00:00Z,186,rejection,demand,466.23,466.85621026216006,4,
2021-12-10T17:00:00Z,189,rejection,demand,466.34,467.00658258278014,2,
2021-12-10T17:00:00Z,186,merged,demand,466.23,466.85621026216006,4,pivot;geometry=frozen
2021-12-10T18:00:00Z,178,merged,supply,469.29649401092524,469.57,4,pivot;geometry=frozen
2021-12-10T21:00:00Z,178,broken,supply,469.29649401092524,469.57,4,
2021-12-10T21:00:00Z,192,role_flip_retest,demand,468.46,469.3371697997355,4,
2021-12-13T15:30:00Z,200,broken_zone_expired,demand,455.3,456.16,2,
2021-12-13T16:00:00Z,192,broken,demand,468.46,469.3371697997355,4,
2021-12-13T16:00:00Z,207,touch,demand,466.24,467.53911854796104,1,
2021-12-13T17:00:00Z,186,touch,demand,466.23,466.85621026216006,4,
2021-12-13T17:00:00Z,189,touch,demand,466.34,467.00658258278014,2,
2021-12-13T17:00:00Z,213,created,supply,470.67764389336963,470.9,1,pivot
2021-12-13T19:00:00Z,203,broken_zone_expired,demand,450.29,450.69861199045033,1,
2021-12-13T20:00:00Z,162,broken_zone_expired,supply,452.1525710973968,452.74,2,
2021-12-13T20:00:00Z,163,broken_zone_expired,supply,452.33,452.86,2,
2021-12-13T20:00:00Z,186,rejection,demand,466.23,466.85621026216006,4,
2021-12-13T20:00:00Z,189,rejection,demand,466.34,467.00658258278014,2,
2021-12-13T21:00:00Z,192,role_flip_retest,supply,468.46,469.3371697997355,4,
2021-12-13T21:00:00Z,210,role_flip_retest,supply,467.06,468.0684914423287,2,
2021-12-13T21:00:00Z,207,volume_confluence,demand,466.24,467.53911854796104,2,POC:2021-12-13:467.431875
2021-12-13T21:00:00Z,210,volume_confluence,supply,467.06,468.0684914423287,3,POC:2021-12-13:467.431875
2021-12-14T15:30:00Z,184,touch,demand,464.11,465.06,4,
2021-12-14T15:30:00Z,186,broken,demand,466.23,466.85621026216006,4,
2021-12-14T15:30:00Z,189,broken,demand,466.34,467.00658258278014,2,
2021-12-14T15:30:00Z,202,role_flip_retest,demand,461.938378656889,463.54,3,
2021-12-14T15:30:00Z,207,broken,demand,466.24,467.53911854796104,2,
2021-12-14T16:00:00Z,174,role_flip_retest,demand,460.83,461.3529359381622,4,
2021-12-14T16:00:00Z,184,broken,demand,464.11,465.06,4,
2021-12-14T16:00:00Z,202,broken,demand,461.938378656889,463.54,3,
2021-12-14T16:00:00Z,214,created,supply,464.73522067213685,465.74,1,order_block
2021-12-14T17:00:00Z,166,broken_zone_expired,supply,457.77,458.94,4,
2021-12-14T17:00:00Z,202,role_flip_retest,supply,461.938378656889,463.54,3,
2021-12-14T18:00:00Z,174,broken,demand,460.83,461.3529359381622,4,
2021-12-14T18:00:00Z,204,role_flip_retest,demand,459.17,460.3,3,
2021-12-14T19:00:00Z,174,role_flip_retest,supply,460.83,461.3529359381622,4,
2021-12-14T20:00:00Z,174,broken,supply,460.83,461.3529359381622,4,
2021-12-14T21:00:00Z,184,role_flip_retest,supply,464.11,465.06,4,
2021-12-14T21:00:00Z,201,broken_zone_expired,supply,463.45,464.67,1,
2021-12-14T21:00:00Z,215,created,demand,460.25,460.66,1,pivot
2021-12-15T16:00:00Z,174,role_flip_retest,demand,460.83,461.3529359381622,4,
2021-12-15T20:00:00Z,202,broken,supply,461.938378656889,463.54,3,
2021-12-15T20:00:00Z,214,touch,supply,464.73522067213685,465.74,1,
2021-12-15T21:00:00Z,178,role_flip_retest,demand,469.29649401092524,469.57,4,
2021-12-15T21:00:00Z,184,broken,supply,464.11,465.06,4,
2021-12-15T21:00:00Z,192,broken,supply,468.46,469.3371697997355,4,
2021-12-15T21:00:00Z,210,broken,supply,467.06,468.0684914423287,3,
2021-12-15T21:00:00Z,213,touch,supply,470.67764389336963,470.9,1,
2021-12-15T21:00:00Z,214,broken,supply,464.73522067213685,465.74,1,
2021-12-15T21:00:00Z,216,created,demand,460.79,461.94827854895624,1,order_block
2021-12-15T21:00:00Z,216,volume_confluence,demand,460.79,461.94827854895624,2,POC:2021-12-14:461.050625
2021-12-16T15:30:00Z,193,touch,supply,472.79,473.54,1,
2021-12-16T15:30:00Z,194,touch,supply,471.0336033018647,471.88,1,
2021-12-16T16:00:00Z,213,broken,supply,470.67764389336963,470.9,1,
2021-12-16T16:00:00Z,217,created,demand,460.74,462.0203442971988,1,pivot
2021-12-16T16:00:00Z,217,volume_confluence,demand,460.74,462.0203442971988,2,POC:2021-12-15:461.794167
2021-12-16T17:00:00Z,193,rejection,supply,472.79,473.54,1,
2021-12-16T17:00:00Z,194,rejection,supply,471.0336033018647,471.88,1,
2021-12-16T18:00:00Z,178,broken,demand,469.29649401092524,469.57,4,
2021-12-16T18:00:00Z,193,merged,supply,472.57,473.54,2,pivot;geometry=updated
2021-12-16T18:00:00Z,193,qualified,supply,472.57,473.54,2,pivot|repeated_pivot
2021-12-16T19:00:00Z,210,role_flip_retest,demand,467.06,468.0684914423287,3,
2021-12-16T20:00:00Z,168,age_expired,demand,456.34583761679806,456.97,3,
2021-12-16T20:00:00Z,176,role_flip_retest,supply,466.5,467.0,3,
2021-12-16T20:00:00Z,184,role_flip_retest,demand,464.11,465.06,4,
2021-12-16T20:00:00Z,186,role_flip_retest,supply,466.23,466.85621026216006,4,
2021-12-16T20:00:00Z,189,role_flip_retest,supply,466.34,467.00658258278014,2,
2021-12-16T20:00:00Z,207,role_flip_retest,supply,466.24,467.53911854796104,3,
2021-12-16T20:00:00Z,210,broken,demand,467.06,468.0684914423287,3,
2021-12-16T20:00:00Z,214,role_flip_retest,demand,464.73522067213685,465.74,2,
2021-12-16T21:00:00Z,210,role_flip_retest,supply,467.06,468.0684914423287,3,
2021-12-17T15:30:00Z,174,broken,demand,460.83,461.3529359381622,4,
2021-12-17T15:30:00Z,184,broken,demand,464.11,465.06,4,
2021-12-17T15:30:00Z,204,touch,demand,459.17,460.3,3,
2021-12-17T15:30:00Z,214,broken,demand,464.73522067213685,465.74,2,
2021-12-17T15:30:00Z,215,touch,demand,460.25,460.66,1,
2021-12-17T15:30:00Z,216,broken,demand,460.79,461.94827854895624,2,
2021-12-17T15:30:00Z,217,broken,demand,460.74,462.0203442971988,2,
2021-12-17T16:00:00Z,204,rejection,demand,459.17,460.3,3,
2021-12-17T16:00:00Z,215,rejection,demand,460.25,460.66,1,
2021-12-17T17:00:00Z,184,role_flip_retest,supply,464.11,465.06,4,
2021-12-17T17:00:00Z,214,role_flip_retest,supply,464.73522067213685,465.74,2,
2021-12-17T18:00:00Z,170,age_expired,demand,457.47,457.98,2,
2021-12-17T19:00:00Z,202,role_flip_retest,demand,461.938378656889,463.54,3,
2021-12-17T19:00:00Z,219,created,demand,458.06,459.742395151683,1,pivot
2021-12-17T21:00:00Z,174,role_flip_retest,supply,460.83,461.3529359381622,4,
2021-12-17T21:00:00Z,202,broken,demand,461.938378656889,463.54,3,
2021-12-17T21:00:00Z,215,broken,demand,460.25,460.66,1,
2021-12-17T21:00:00Z,216,role_flip_retest,supply,460.79,461.94827854895624,3,
2021-12-17T21:00:00Z,217,role_flip_retest,supply,460.74,462.0203442971988,3,
2021-12-17T21:00:00Z,219,touch,demand,458.06,459.742395151683,1,
2021-12-20T15:30:00Z,204,broken,demand,459.17,460.3,3,
2021-12-20T15:30:00Z,219,broken,demand,458.06,459.742395151683,1,
2021-12-20T20:00:00Z,220,created,demand,451.14,451.92,1,pivot
2021-12-21T15:30:00Z,204,role_flip_retest,supply,459.17,460.3,3,
2021-12-21T15:30:00Z,219,role_flip_retest,supply,458.06,459.742395151683,2,
2021-12-21T17:00:00Z,215,role_flip_retest,supply,460.25,460.66,2,
2021-12-21T18:00:00Z,174,broken,supply,460.83,461.3529359381622,4,
2021-12-21T18:00:00Z,202,role_flip_retest,supply,461.938378656889,463.54,3,
2021-12-21T18:00:00Z,204,broken,supply,459.17,460.3,3,
2021-12-21T18:00:00Z,215,broken,supply,460.25,460.66,2,
2021-12-21T18:00:00Z,216,touch,supply,460.79,461.94827854895624,3,
2021-12-21T18:00:00Z,217,touch,supply,460.74,462.0203442971988,3,
2021-12-21T18:00:00Z,219,broken,supply,458.06,459.742395151683,2,
2021-12-21T19:00:00Z,174,role_flip_retest,demand,460.83,461.3529359381622,4,
2021-12-21T19:00:00Z,216,broken,supply,460.79,461.94827854895624,3,
2021-12-21T20:00:00Z,216,role_flip_retest,demand,460.79,461.94827854895624,3,
2021-12-21T20:00:00Z,217,broken,supply,460.74,462.0203442971988,3,
2021-12-21T21:00:00Z,217,role_flip_retest,demand,460.74,462.0203442971988,3,
2021-12-22T16:00:00Z,184,broken,supply,464.11,465.06,4,
2021-12-22T16:00:00Z,186,touch,supply,466.23,466.85621026216006,4,
2021-12-22T16:00:00Z,202,broken,supply,461.938378656889,463.54,3,
2021-12-22T16:00:00Z,207,touch,supply,466.24,467.53911854796104,3,
2021-12-22T16:00:00Z,214,broken,supply,464.73522067213685,465.74,2,
2021-12-22T17:00:00Z,176,touch,supply,466.5,467.0,3,
2021-12-22T17:00:00Z,189,touch,supply,466.34,467.00658258278014,2,
2021-12-22T19:00:00Z,176,rejection,supply,466.5,467.0,3,
2021-12-22T19:00:00Z,186,rejection,supply,466.23,466.85621026216006,4,
2021-12-22T19:00:00Z,189,rejection,supply,466.34,467.00658258278014,2,
2021-12-22T19:00:00Z,207,rejection,supply,466.24,467.53911854796104,3,
2021-12-22T19:00:00Z,214,role_flip_retest,demand,464.73522067213685,465.74,2,
2021-12-22T21:00:00Z,176,broken,supply,466.5,467.0,3,
2021-12-22T21:00:00Z,186,broken,supply,466.23,466.85621026216006,4,
2021-12-22T21:00:00Z,189,broken,supply,466.34,467.00658258278014,2,
2021-12-22T21:00:00Z,207,broken,supply,466.24,467.53911854796104,3,
2021-12-22T21:00:00Z,210,touch,supply,467.06,468.0684914423287,3,
2021-12-23T15:30:00Z,192,role_flip_retest,demand,468.46,469.3371697997355,4,
2021-12-23T15:30:00Z,210,broken,supply,467.06,468.0684914423287,3,
2021-12-23T16:00:00Z,194,touch,supply,471.0336033018647,471.88,1,
2021-12-23T16:00:00Z,213,role_flip_retest,demand,470.67764389336963,470.9,2,
2021-12-23T18:00:00Z,174,age_expired,demand,460.83,461.3529359381622,4,
2021-12-23T21:00:00Z,213,broken,demand,470.67764389336963,470.9,2,
2021-12-27T15:30:00Z,193,touch,supply,472.57,473.54,2,
2021-12-27T15:30:00Z,194,broken,supply,471.0336033018647,471.88,1,
2021-12-27T16:00:00Z,193,broken,supply,472.57,473.54,2,
2021-12-27T17:00:00Z,178,broken_zone_expired,demand,469.29649401092524,469.57,4,
2021-12-28T18:00:00Z,221,created,supply,478.47,478.81,1,pivot
2021-12-29T19:00:00Z,222,created,demand,475.92,476.6421701090369,1,pivot
2021-12-29T21:00:00Z,221,touch,supply,478.47,478.81,1,
2021-12-30T17:00:00Z,204,broken_zone_expired,supply,459.17,460.3,3,
2021-12-30T17:00:00Z,215,broken_zone_expired,supply,460.25,460.66,2,
2021-12-30T17:00:00Z,219,broken_zone_expired,supply,458.06,459.742395151683,2,
2021-12-30T19:00:00Z,223,created,supply,478.3914539203507,479.0,1,pivot
2021-12-30T21:00:00Z,222,touch,demand,475.92,476.6421701090369,1,
2021-12-30T21:00:00Z,221,merged,supply,478.24,478.81,2,order_block;geometry=updated
2021-12-31T15:30:00Z,184,broken_zone_expired,supply,464.11,465.06,4,
2021-12-31T15:30:00Z,202,broken_zone_expired,supply,461.938378656889,463.54,3,
2021-12-31T15:30:00Z,222,broken,demand,475.92,476.6421701090369,1,
2021-12-31T16:00:00Z,222,role_flip_retest,supply,475.92,476.6421701090369,2,
2021-12-31T19:00:00Z,225,created,demand,474.87,475.4917687719038,1,pivot
2021-12-31T20:00:00Z,176,broken_zone_expired,supply,466.5,467.0,3,
2021-12-31T20:00:00Z,186,broken_zone_expired,supply,466.23,466.85621026216006,4,
2021-12-31T20:00:00Z,189,broken_zone_expired,supply,466.34,467.00658258278014,2,
2021-12-31T20:00:00Z,207,broken_zone_expired,supply,466.24,467.53911854796104,3,
2021-12-31T21:00:00Z,210,broken_zone_expired,supply,467.06,468.0684914423287,3,
2021-12-31T21:00:00Z,225,touch,demand,474.87,475.4917687719038,1,
2022-01-03T16:00:00Z,225,rejection,demand,474.87,475.4917687719038,1,
2022-01-03T18:00:00Z,226,created,demand,473.85,474.62614199010994,1,pivot
2022-01-03T18:00:00Z,227,created,supply,476.9438580098901,477.72,1,pivot
2022-01-03T19:00:00Z,222,broken,supply,475.92,476.6421701090369,2,
2022-01-03T20:00:00Z,213,broken_zone_expired,demand,470.67764389336963,470.9,2,
2022-01-03T20:00:00Z,222,role_flip_retest,demand,475.92,476.6421701090369,2,
2022-01-03T20:00:00Z,227,touch,supply,476.9438580098901,477.72,1,
2022-01-03T21:00:00Z,194,broken_zone_expired,supply,471.0336033018647,471.88,1,
2022-01-03T21:00:00Z,222,volume_confluence,demand,475.92,476.6421701090369,3,POC:2022-01-03:476.600000
2022-01-04T15:30:00Z,193,broken_zone_expired,supply,472.57,473.54,2,
2022-01-04T15:30:00Z,221,broken,supply,478.24,478.81,2,
2022-01-04T15:30:00Z,223,broken,supply,478.3914539203507,479.0,1,
2022-01-04T15:30:00Z,227,broken,supply,476.9438580098901,477.72,1,
2022-01-04T18:00:00Z,228,created,supply,479.69,479.98,1,pivot
2022-01-04T19:00:00Z,222,broken,demand,475.92,476.6421701090369,3,
2022-01-05T15:30:00Z,229,created,demand,475.58,475.76393705220687,1,pivot
2022-01-05T19:00:00Z,222,role_flip_retest,supply,475.92,476.6421701090369,3,
2022-01-05T19:00:00Z,225,touch,demand,474.87,475.4917687719038,1,
2022-01-05T19:00:00Z,229,touch,demand,475.58,475.76393705220687,1,
2022-01-05T20:00:00Z,225,broken,demand,474.87,475.4917687719038,1,
2022-01-05T20:00:00Z,226,broken,demand,473.85,474.62614199010994,1,
2022-01-05T20:00:00Z,229,broken,demand,475.58,475.76393705220687,1,
2022-01-05T20:00:00Z,230,created,supply,477.22,477.98,1,order_block
2022-01-05T20:00:00Z,230,volume_confluence,supply,477.22,477.98,2,POC:2022-01-04:477.505000
2022-01-05T21:00:00Z,192,touch,demand,468.46,469.3371697997355,4,
2022-01-05T21:00:00Z,230,merged,supply,477.22,477.98,2,order_block;geometry=updated
2022-01-06T15:30:00Z,192,broken,demand,468.46,469.3371697997355,4,
2022-01-06T16:00:00Z,214,touch,demand,464.73522067213685,465.74,2,
2022-01-06T17:00:00Z,214,rejection,demand,464.73522067213685,465.74,2,
2022-01-06T19:00:00Z,232,created,demand,465.43,466.5826980742282,1,pivot
2022-01-06T21:00:00Z,192,role_flip_retest,supply,468.46,469.3371697997355,4,
2022-01-07T16:00:00Z,232,broken,demand,465.43,466.5826980742282,1,
2022-01-07T16:00:00Z,233,created,supply,468.0563152971766,469.2,1,order_block
2022-01-07T16:00:00Z,233,volume_confluence,supply,468.0563152971766,469.2,2,POC:2022-01-06:468.686458
2022-01-07T19:00:00Z,214,merged,demand,464.65,465.74,3,pivot;geometry=updated
2022-01-10T15:30:00Z,214,broken,demand,464.65,465.74,3,
2022-01-10T15:30:00Z,216,broken,demand,460.79,461.94827854895624,3,
2022-01-10T15:30:00Z,217,broken,demand,460.74,462.0203442971988,3,
2022-01-10T15:30:00Z,235,created,supply,466.91,467.73,1,order_block
2022-01-10T19:00:00Z,236,created,demand,456.59,457.79,1,pivot
2022-01-11T15:30:00Z,214,role_flip_retest,supply,464.65,465.74,3,
2022-01-11T15:30:00Z,232,role_flip_retest,supply,465.43,466.5826980742282,2,
2022-01-11T17:00:00Z,214,broken,supply,464.65,465.74,3,
2022-01-11T17:00:00Z,232,broken,supply,465.43,466.5826980742282,2,
2022-01-11T17:00:00Z,233,touch,supply,468.0563152971766,469.2,2,
2022-01-11T17:00:00Z,235,touch,supply,466.91,467.73,1,
2022-01-11T19:00:00Z,192,touch,supply,468.46,469.3371697997355,4,
2022-01-11T19:00:00Z,233,touch,supply,468.0563152971766,469.2,2,
2022-01-11T19:00:00Z,235,broken,supply,466.91,467.73,1,
2022-01-11T20:00:00Z,235,role_flip_retest,demand,466.91,467.73,2,
2022-01-11T21:00:00Z,192,age_expired,supply,468.46,469.3371697997355,4,
2022-01-11T21:00:00Z,221,broken_zone_expired,supply,478.24,478.81,2,
2022-01-11T21:00:00Z,223,broken_zone_expired,supply,478.3914539203507,479.0,1,
2022-01-11T21:00:00Z,227,broken_zone_expired,supply,476.9438580098901,477.72,1,
2022-01-11T21:00:00Z,233,broken,supply,468.0563152971766,469.2,2,
2022-01-12T17:00:00Z,233,role_flip_retest,demand,468.0563152971766,469.2,3,
2022-01-12T19:00:00Z,237,created,supply,472.64,473.2,1,pivot
2022-01-13T15:30:00Z,237,touch,supply,472.64,473.2,1,
2022-01-13T16:00:00Z,237,rejection,supply,472.64,473.2,1,
2022-01-13T18:00:00Z,233,broken,demand,468.0563152971766,469.2,3,
2022-01-13T18:00:00Z,235,touch,demand,466.91,467.73,2,
2022-01-13T18:00:00Z,237,merged,supply,472.36,473.2,2,pivot;geometry=updated
2022-01-13T18:00:00Z,237,qualified,supply,472.36,473.2,2,pivot|repeated_pivot
2022-01-13T18:00:00Z,239,created,supply,470.1367493992103,471.36,1,order_block
2022-01-13T18:00:00Z,239,volume_confluence,supply,470.1367493992103,471.36,2,POC:2022-01-12:470.803750
2022-01-13T19:00:00Z,225,broken_zone_expired,demand,474.87,475.4917687719038,1,
2022-01-13T19:00:00Z,226,broken_zone_expired,demand,473.85,474.62614199010994,1,
2022-01-13T19:00:00Z,229,broken_zone_expired,demand,475.58,475.76393705220687,1,
2022-01-13T19:00:00Z,235,rejection,demand,466.91,467.73,2,
2022-01-13T20:00:00Z,233,role_flip_retest,supply,468.0563152971766,469.2,3,
2022-01-13T21:00:00Z,235,broken,demand,466.91,467.73,2,
2022-01-14T18:00:00Z,216,role_flip_retest,supply,460.79,461.94827854895624,3,
2022-01-14T18:00:00Z,217,role_flip_retest,supply,460.74,462.0203442971988,3,
2022-01-14T20:00:00Z,216,broken,supply,460.79,461.94827854895624,3,
2022-01-14T20:00:00Z,217,broken,supply,460.74,462.0203442971988,3,
2022-01-18T15:30:00Z,236,touch,demand,456.59,457.79,1,
2022-01-18T17:00:00Z,236,rejection,demand,456.59,457.79,1,
2022-01-18T17:00:00Z,240,created,supply,464.69,465.09,1,pivot
2022-01-18T18:00:00Z,236,broken,demand,456.59,457.79,1,
2022-01-18T21:00:00Z,236,role_flip_retest,supply,456.59,457.79,2,
2022-01-18T21:00:00Z,236,volume_confluence,supply,456.59,457.79,3,POC:2022-01-18:457.150625
2022-01-19T15:30:00Z,236,broken,supply,456.59,457.79,3,
2022-01-19T18:00:00Z,236,role_flip_retest,demand,456.59,457.79,3,
2022-01-19T18:00:00Z,241,created,supply,459.2922564008228,459.62,1,pivot
2022-01-19T19:00:00Z,236,broken,demand,456.59,457.79,3,
2022-01-19T20:00:00Z,236,role_flip_retest,supply,456.59,457.79,3,
2022-01-19T21:00:00Z,220,touch,demand,451.14,451.92,1,
2022-01-19T21:00:00Z,242,created,supply,456.8562702147225,458.26,1,order_block
2022-01-19T21:00:00Z,242,volume_confluence,supply,456.8562702147225,458.26,2,POC:2022-01-18:457.150625
2022-01-20T15:30:00Z,220,rejection,demand,451.14,451.92,1,
2022-01-20T16:00:00Z,214,broken_zone_expired,supply,464.65,465.74,3,
2022-01-20T16:00:00Z,232,broken_zone_expired,supply,465.43,466.5826980742282,2,
2022-01-20T16:00:00Z,236,broken,supply,456.59,457.79,3,
2022-01-20T17:00:00Z,220,merged,demand,451.14,451.92,2,pivot;geometry=updated
2022-01-20T17:00:00Z,220,qualified,demand,451.14,451.92,2,pivot|repeated_pivot
2022-01-20T20:00:00Z,244,created,supply,458.07,458.74,1,pivot
2022-01-20T21:00:00Z,205,broken,demand,448.92,449.64,1,
2022-01-20T21:00:00Z,220,broken,demand,451.14,451.92,2,
2022-01-20T21:00:00Z,242,merged,supply,456.7663037819624,458.38,2,order_block;geometry=updated
2022-01-21T19:00:00Z,246,created,demand,440.66,442.56314238184285,1,pivot
2022-01-21T20:00:00Z,246,broken,demand,440.66,442.56314238184285,1,
2022-01-21T21:00:00Z,246,role_flip_retest,supply,440.66,442.56314238184285,2,
2022-01-24T20:00:00Z,235,broken_zone_expired,demand,466.91,467.73,2,
2022-01-24T21:00:00Z,247,created,demand,420.76,423.51117947507845,1,pivot
2022-01-25T17:00:00Z,248,created,supply,439.7264490612181,440.38,1,pivot
2022-01-25T19:00:00Z,216,broken_zone_expired,supply,460.79,461.94827854895624,3,
2022-01-25T19:00:00Z,217,broken_zone_expired,supply,460.74,462.0203442971988,3,
2022-01-26T15:30:00Z,246,touch,supply,440.66,442.56314238184285,2,
2022-01-26T15:30:00Z,248,broken,supply,439.7264490612181,440.38,1,
2022-01-26T16:00:00Z,246,rejection,supply,440.66,442.56314238184285,2,
2022-01-26T17:00:00Z,248,role_flip_retest,demand,439.7264490612181,440.38,2,
2022-01-26T19:00:00Z,246,merged,supply,440.66,443.1,3,pivot;geometry=updated
2022-01-26T19:00:00Z,246,qualified,supply,440.66,443.1,3,pivot|repeated_pivot|role_flip
2022-01-26T20:00:00Z,248,broken,demand,439.7264490612181,440.38,2,
2022-01-27T16:00:00Z,248,role_flip_retest,supply,439.7264490612181,440.38,2,
2022-01-27T16:00:00Z,250,created,supply,440.97254500144066,444.04,1,pivot
2022-01-27T17:00:00Z,251,created,demand,428.86,431.839958212948,1,pivot
2022-01-27T19:00:00Z,251,touch,demand,428.86,431.839958212948,1,
2022-01-28T15:30:00Z,236,broken_zone_expired,supply,456.59,457.79,3,
2022-01-28T15:30:00Z,251,broken,demand,428.86,431.839958212948,1,
2022-01-28T19:00:00Z,252,created,demand,427.82,428.5,1,pivot
2022-01-28T20:00:00Z,205,broken_zone_expired,demand,448.92,449.64,1,
2022-01-28T20:00:00Z,220,broken_zone_expired,demand,451.14,451.92,2,
2022-01-28T21:00:00Z,246,touch,supply,440.66,443.1,3,
2022-01-28T21:00:00Z,248,broken,supply,439.7264490612181,440.38,2,
2022-01-28T21:00:00Z,250,touch,supply,440.97254500144066,444.04,1,
2022-01-31T15:30:00Z,248,role_flip_retest,demand,439.7264490612181,440.38,2,
2022-01-31T16:00:00Z,246,broken,supply,440.66,443.1,3,
2022-01-31T16:00:00Z,250,broken,supply,440.97254500144066,444.04,1,
2022-01-31T17:00:00Z,250,role_flip_retest,demand,440.97254500144066,444.04,2,
2022-02-01T20:00:00Z,253,created,supply,450.62458111997097,451.02,1,pivot
2022-02-01T21:00:00Z,253,broken,supply,450.62458111997097,451.02,1,
2022-02-02T18:00:00Z,242,touch,supply,456.7663037819624,458.38,2,
2022-02-02T19:00:00Z,242,rejection,supply,456.7663037819624,458.38,2,
2022-02-02T21:00:00Z,244,touch,supply,458.07,458.74,1,
2022-02-03T15:30:00Z,244,rejection,supply,458.07,458.74,1,
2022-02-03T16:00:00Z,253,role_flip_retest,demand,450.62458111997097,451.02,2,
2022-02-03T17:00:00Z,253,broken,demand,450.62458111997097,451.02,2,
2022-02-03T17:00:00Z,244,merged,supply,457.3,458.74,2,pivot;geometry=updated
2022-02-03T17:00:00Z,244,qualified,supply,457.3,458.74,2,pivot|repeated_pivot
2022-02-03T18:00:00Z,253,role_flip_retest,supply,450.62458111997097,451.02,2,
2022-02-04T17:00:00Z,250,touch,demand,440.97254500144066,444.04,2,
2022-02-04T18:00:00Z,250,rejection,demand,440.97254500144066,444.04,2,
2022-02-04T19:00:00Z,253,touch,supply,450.62458111997097,451.02,2,
2022-02-04T20:00:00Z,255,created,demand,443.83,444.71,1,pivot
2022-02-04T21:00:00Z,251,broken_zone_expired,demand,428.86,431.839958212948,1,
2022-02-04T21:00:00Z,253,rejection,supply,450.62458111997097,451.02,2,
2022-02-07T17:00:00Z,256,created,supply,451.1616927211343,452.78,1,pivot
2022-02-07T21:00:00Z,253,touch,supply,450.62458111997097,451.02,2,
2022-02-08T15:30:00Z,246,broken_zone_expired,supply,440.66,443.1,3,
2022-02-08T17:00:00Z,253,merged,supply,449.9,451.02,3,pivot;geometry=updated
2022-02-08T17:00:00Z,253,qualified,supply,449.9,451.02,3,pivot|repeated_pivot|role_flip
2022-02-08T18:00:00Z,253,touch,supply,449.9,451.02,3,
2022-02-08T18:00:00Z,256,touch,supply,451.1616927211343,452.78,1,
2022-02-08T19:00:00Z,258,created,demand,445.22,446.41,1,pivot
2022-02-08T20:00:00Z,253,rejection,supply,449.9,451.02,3,
2022-02-08T20:00:00Z,256,rejection,supply,451.1616927211343,452.78,1,
2022-02-09T15:30:00Z,253,broken,supply,449.9,451.02,3,
2022-02-09T15:30:00Z,256,broken,supply,451.1616927211343,452.78,1,
2022-02-09T16:00:00Z,242,touch,supply,456.7663037819624,458.38,2,
2022-02-09T17:00:00Z,242,rejection,supply,456.7663037819624,458.38,2,
2022-02-09T20:00:00Z,244,touch,supply,457.3,458.74,2,
2022-02-10T15:30:00Z,256,role_flip_retest,demand,451.1616927211343,452.78,2,
2022-02-10T16:00:00Z,244,touch,supply,457.3,458.74,2,
2022-02-10T17:00:00Z,259,created,supply,457.5,457.88,1,pivot
2022-02-10T18:00:00Z,244,rejection,supply,457.3,458.74,2,
2022-02-10T18:00:00Z,260,created,demand,451.29,451.61093570185585,1,pivot
2022-02-10T19:00:00Z,253,role_flip_retest,demand,449.9,451.02,3,
2022-02-10T20:00:00Z,256,broken,demand,451.1616927211343,452.78,2,
2022-02-10T20:00:00Z,260,broken,demand,451.29,451.61093570185585,1,
2022-02-10T21:00:00Z,253,broken,demand,449.9,451.02,3,
2022-02-11T15:30:00Z,253,role_flip_retest,supply,449.9,451.02,3,
2022-02-11T15:30:00Z,256,role_flip_retest,supply,451.1616927211343,452.78,2,
2022-02-11T15:30:00Z,260,role_flip_retest,supply,451.29,451.61093570185585,2,
2022-02-11T18:00:00Z,258,touch,demand,445.22,446.41,1,
2022-02-11T19:00:00Z,250,touch,demand,440.97254500144066,444.04,2,
2022-02-11T19:00:00Z,255,broken,demand,443.83,444.71,1,
2022-02-11T19:00:00Z,258,broken,demand,445.22,446.41,1,
2022-02-11T20:00:00Z,248,touch,demand,439.7264490612181,440.38,2,
2022-02-11T20:00:00Z,255,role_flip_retest,supply,443.83,444.71,2,
2022-02-11T21:00:00Z,250,broken,demand,440.97254500144066,444.04,2,
2022-02-14T15:30:00Z,250,role_flip_retest,supply,440.97254500144066,444.04,2,
2022-02-14T16:00:00Z,248,broken,demand,439.7264490612181,440.38,2,
2022-02-14T19:00:00Z,248,role_flip_retest,supply,439.7264490612181,440.38,2,
2022-02-14T19:00:00Z,261,created,supply,440.18,441.49,1,order_block
2022-02-14T19:00:00Z,261,volume_confluence,supply,440.18,441.49,2,POC:2022-02-11:440.787708
2022-02-14T21:00:00Z,261,touch,supply,440.18,441.49,2,
2022-02-15T15:30:00Z,248,broken,supply,439.7264490612181,440.38,2,
2022-02-15T15:30:00Z,250,touch,supply,440.97254500144066,444.04,2,
2022-02-15T15:30:00Z,255,touch,supply,443.83,444.71,2,
2022-02-15T15:30:00Z,258,role_flip_retest,supply,445.22,446.41,2,
2022-02-15T15:30:00Z,261,broken,supply,440.18,441.49,2,
2022-02-15T16:00:00Z,250,broken,supply,440.97254500144066,444.04,2,
2022-02-15T16:00:00Z,255,broken,supply,443.83,444.71,2,
2022-02-15T16:00:00Z,262,created,demand,435.34,436.26,1,pivot
2022-02-15T19:00:00Z,250,role_flip_retest,demand,440.97254500144066,444.04,2,
2022-02-15T19:00:00Z,255,role_flip_retest,demand,443.83,444.71,2,
2022-02-15T20:00:00Z,258,merged,supply,445.22,446.41,3,pivot;geometry=updated
2022-02-15T20:00:00Z,258,qualified,supply,445.22,446.41,3,pivot|repeated_pivot|role_flip
2022-02-16T15:30:00Z,255,broken,demand,443.83,444.71,2,
2022-02-16T17:00:00Z,258,merged,supply,445.22,446.41,3,pivot;geometry=frozen
2022-02-16T18:00:00Z,255,role_flip_retest,supply,443.83,444.71,2,
2022-02-16T20:00:00Z,255,broken,supply,443.83,444.71,2,
2022-02-16T20:00:00Z,258,broken,supply,445.22,446.41,3,
2022-02-16T20:00:00Z,265,created,demand,441.94,443.3229672480905,1,order_block
2022-02-16T21:00:00Z,258,role_flip_retest,demand,445.22,446.41,3,
2022-02-16T21:00:00Z,266,created,demand,441.94,442.88,1,pivot
2022-02-16T21:00:00Z,250,volume_confluence,demand,440.97254500144066,444.04,3,POC:2022-02-16:442.832500
2022-02-16T21:00:00Z,265,volume_confluence,demand,441.94,443.3229672480905,2,POC:2022-02-16:442.832500
2022-02-16T21:00:00Z,266,volume_confluence,demand,441.94,442.88,2,POC:2022-02-16:442.832500
2022-02-16T21:00:00Z,228,capacity_expired,supply,479.69,479.98,1,
2022-02-17T15:30:00Z,222,age_expired,supply,475.92,476.6421701090369,3,
2022-02-17T15:30:00Z,250,broken,demand,440.97254500144066,444.04,3,
2022-02-17T15:30:00Z,258,broken,demand,445.22,446.41,3,
2022-02-17T15:30:00Z,265,broken,demand,441.94,443.3229672480905,2,
2022-02-17T15:30:00Z,266,broken,demand,441.94,442.88,2,
2022-02-17T16:00:00Z,248,role_flip_retest,demand,439.7264490612181,440.38,2,
2022-02-17T16:00:00Z,250,role_flip_retest,supply,440.97254500144066,444.04,3,
2022-02-17T17:00:00Z,265,role_flip_retest,supply,441.94,443.3229672480905,3,
2022-02-17T17:00:00Z,266,role_flip_retest,supply,441.94,442.88,3,
2022-02-17T17:00:00Z,267,created,supply,446.61,448.06,1,pivot
2022-02-17T19:00:00Z,248,merged,demand,439.7264490612181,440.77,3,pivot;geometry=updated
2022-02-17T19:00:00Z,248,qualified,demand,439.7264490612181,440.77,3,pivot|repeated_pivot|role_flip
2022-02-17T20:00:00Z,248,broken,demand,439.7264490612181,440.77,3,
2022-02-18T15:30:00Z,262,touch,demand,435.34,436.26,1,
2022-02-18T17:00:00Z,262,broken,demand,435.34,436.26,1,
2022-02-18T21:00:00Z,262,role_flip_retest,supply,435.34,436.26,2,
2022-02-22T19:00:00Z,252,broken,demand,427.82,428.5,1,
2022-02-23T16:00:00Z,269,created,demand,425.86,427.29,1,pivot
2022-02-23T18:00:00Z,270,created,supply,432.69,433.26,1,pivot
2022-02-23T19:00:00Z,252,role_flip_retest,supply,427.82,428.5,2,
2022-02-23T19:00:00Z,269,touch,demand,425.86,427.29,1,
2022-02-23T19:00:00Z,240,capacity_expired,supply,464.69,465.09,1,
2022-02-23T20:00:00Z,247,touch,demand,420.76,423.51117947507845,1,
2022-02-23T20:00:00Z,269,broken,demand,425.86,427.29,1,
2022-02-23T21:00:00Z,261,broken_zone_expired,supply,440.18,441.49,2,
2022-02-23T21:00:00Z,247,volume_confluence,demand,420.76,423.51117947507845,2,POC:2022-02-23:423.086875
2022-02-24T15:30:00Z,247,broken,demand,420.76,423.51117947507845,2,
2022-02-24T18:00:00Z,271,created,demand,410.64,411.09472410875486,1,pivot
2022-02-24T19:00:00Z,247,role_flip_retest,supply,420.76,423.51117947507845,3,
2022-02-24T21:00:00Z,247,broken,supply,420.76,423.51117947507845,3,
2022-02-24T21:00:00Z,252,touch,supply,427.82,428.5,2,
2022-02-25T16:00:00Z,230,age_expired,supply,477.22,477.98,2,
2022-02-25T16:00:00Z,252,broken,supply,427.82,428.5,2,
2022-02-25T16:00:00Z,270,touch,supply,432.69,433.26,1,
2022-02-25T17:00:00Z,262,broken,supply,435.34,436.26,2,
2022-02-25T17:00:00Z,270,broken,supply,432.69,433.26,1,
2022-02-25T19:00:00Z,255,broken_zone_expired,supply,443.83,444.71,2,
2022-02-25T19:00:00Z,262,role_flip_retest,demand,435.34,436.26,2,
2022-02-25T21:00:00Z,258,broken_zone_expired,demand,445.22,446.41,3,
2022-02-25T21:00:00Z,262,volume_confluence,demand,435.34,436.26,3,POC:2022-02-25:435.552917
2022-02-28T15:30:00Z,262,broken,demand,435.34,436.26,3,
2022-02-28T15:30:00Z,270,role_flip_retest,demand,432.69,433.26,2,
2022-02-28T18:00:00Z,262,role_flip_retest,supply,435.34,436.26,3,
2022-02-28T19:00:00Z,233,age_expired,supply,468.0563152971766,469.2,3,
2022-02-28T19:00:00Z,248,broken_zone_expired,demand,439.7264490612181,440.77,3,
2022-02-28T19:00:00Z,272,created,demand,431.85,433.98867707777987,1,pivot
2022-02-28T20:00:00Z,273,created,supply,437.34,438.2,1,pivot
2022-02-28T21:00:00Z,262,broken,supply,435.34,436.26,3,
2022-02-28T21:00:00Z,270,volume_confluence,demand,432.69,433.26,3,POC:2022-02-28:432.731250
2022-02-28T21:00:00Z,272,volume_confluence,demand,431.85,433.98867707777987,2,POC:2022-02-28:432.731250
2022-03-01T16:00:00Z,270,touch,demand,432.69,433.26,3,
2022-03-01T16:00:00Z,272,touch,demand,431.85,433.98867707777987,2,
2022-03-01T16:00:00Z,274,created,demand,430.7,432.847308699981,1,pivot
2022-03-01T16:00:00Z,274,volume_confluence,demand,430.7,432.847308699981,2,POC:2022-02-28:432.731250
2022-03-01T17:00:00Z,270,broken,demand,432.69,433.26,3,
2022-03-01T17:00:00Z,272,broken,demand,431.85,433.98867707777987,2,
2022-03-01T17:00:00Z,274,broken,demand,430.7,432.847308699981,2,
2022-03-01T18:00:00Z,252,role_flip_retest,demand,427.82,428.5,2,
2022-03-01T19:00:00Z,272,role_flip_retest,supply,431.85,433.98867707777987,3,
2022-03-01T19:00:00Z,274,role_flip_retest,supply,430.7,432.847308699981,3,
2022-03-02T15:30:00Z,274,broken,supply,430.7,432.847308699981,3,
2022-03-02T16:00:00Z,272,broken,supply,431.85,433.98867707777987,3,
2022-03-02T16:00:00Z,274,role_flip_retest,demand,430.7,432.847308699981,3,
2022-03-02T17:00:00Z,262,role_flip_retest,demand,435.34,436.26,3,
2022-03-02T17:00:00Z,272,role_flip_retest,demand,431.85,433.98867707777987,3,
2022-03-02T17:00:00Z,273,touch,supply,437.34,438.2,1,
2022-03-02T17:00:00Z,275,created,demand,427.11,429.3561359957948,1,pivot
2022-03-02T19:00:00Z,273,broken,supply,437.34,438.2,1,
2022-03-03T15:30:00Z,250,touch,supply,440.97254500144066,444.04,3,
2022-03-03T16:00:00Z,250,rejection,supply,440.97254500144066,444.04,3,
2022-03-03T16:00:00Z,262,broken,demand,435.34,436.26,3,
2022-03-03T17:00:00Z,272,touch,demand,431.85,433.98867707777987,3,
2022-03-03T18:00:00Z,272,rejection,demand,431.85,433.98867707777987,3,
2022-03-03T18:00:00Z,276,created,supply,440.47,441.11,1,pivot
2022-03-03T19:00:00Z,269,broken_zone_expired,demand,425.86,427.29,1,
2022-03-03T20:00:00Z,277,created,demand,433.84,434.9,1,pivot
2022-03-04T15:30:00Z,237,age_expired,supply,472.36,473.2,2,
2022-03-04T15:30:00Z,274,touch,demand,430.7,432.847308699981,3,
2022-03-04T15:30:00Z,277,broken,demand,433.84,434.9,1,
2022-03-04T16:00:00Z,252,touch,demand,427.82,428.5,2,
2022-03-04T16:00:00Z,272,broken,demand,431.85,433.98867707777987,3,
2022-03-04T16:00:00Z,274,broken,demand,430.7,432.847308699981,3,
2022-03-04T16:00:00Z,275,touch,demand,427.11,429.3561359957948,1,
2022-03-04T17:00:00Z,252,rejection,demand,427.82,428.5,2,
2022-03-04T18:00:00Z,275,rejection,demand,427.11,429.3561359957948,1,
2022-03-04T19:00:00Z,270,role_flip_retest,supply,432.69,433.26,3,
2022-03-04T19:00:00Z,272,role_flip_retest,supply,431.85,433.98867707777987,3,
2022-03-04T19:00:00Z,274,role_flip_retest,supply,430.7,432.847308699981,3,
2022-03-04T20:00:00Z,247,broken_zone_expired,supply,420.76,423.51117947507845,3,
2022-03-04T20:00:00Z,252,merged,demand,427.82,428.51,3,pivot;geometry=updated
2022-03-04T20:00:00Z,252,qualified,demand,427.82,428.51,3,pivot|repeated_pivot|role_flip
2022-03-04T21:00:00Z,239,age_expired,supply,470.1367493992103,471.36,2,
2022-03-07T16:00:00Z,252,broken,demand,427.82,428.51,3,
2022-03-07T16:00:00Z,275,broken,demand,427.11,429.3561359957948,1,
2022-03-07T17:00:00Z,275,role_flip_retest,supply,427.11,429.3561359957948,2,
2022-03-08T19:00:00Z,275,touch,supply,427.11,429.3561359957948,2,
2022-03-08T20:00:00Z,279,created,demand,415.12,417.36959346257146,1,pivot
2022-03-08T21:00:00Z,275,rejection,supply,427.11,429.3561359957948,2,
2022-03-09T15:30:00Z,280,created,supply,425.18,427.21,1,pivot
2022-03-09T18:00:00Z,280,broken,supply,425.18,427.21,1,
2022-03-09T19:00:00Z,252,role_flip_retest,supply,427.82,428.51,3,
2022-03-09T20:00:00Z,280,role_flip_retest,demand,425.18,427.21,2,
2022-03-09T21:00:00Z,241,age_expired,supply,459.2922564008228,459.62,1,
2022-03-09T21:00:00Z,280,volume_confluence,demand,425.18,427.21,3,POC:2022-03-09:426.861875
2022-03-10T15:30:00Z,280,broken,demand,425.18,427.21,3,
2022-03-10T16:00:00Z,280,role_flip_retest,supply,425.18,427.21,3,
2022-03-10T17:00:00Z,242,age_expired,supply,456.7663037819624,458.38,2,
2022-03-10T17:00:00Z,281,created,supply,427.43508874051753,429.51,1,pivot
2022-03-10T18:00:00Z,273,broken_zone_expired,supply,437.34,438.2,1,
2022-03-10T20:00:00Z,282,created,demand,420.44,421.77,1,pivot
2022-03-11T15:30:00Z,252,touch,supply,427.82,428.51,3,
2022-03-11T15:30:00Z,262,broken_zone_expired,demand,435.34,436.26,3,
2022-03-11T15:30:00Z,275,touch,supply,427.11,429.3561359957948,2,
2022-03-11T15:30:00Z,281,touch,supply,427.43508874051753,429.51,1,
2022-03-11T16:00:00Z,244,age_expired,supply,457.3,458.74,2,
2022-03-11T17:00:00Z,252,rejection,supply,427.82,428.51,3,
2022-03-11T17:00:00Z,275,rejection,supply,427.11,429.3561359957948,2,
2022-03-11T17:00:00Z,281,rejection,supply,427.43508874051753,429.51,1,
2022-03-11T18:00:00Z,252,merged,supply,427.82,428.51,3,pivot;geometry=frozen
2022-03-11T19:00:00Z,280,touch,supply,425.18,427.21,3,
2022-03-11T20:00:00Z,280,rejection,supply,425.18,427.21,3,
2022-03-11T21:00:00Z,277,broken_zone_expired,demand,433.84,434.9,1,
2022-03-11T21:00:00Z,282,broken,demand,420.44,421.77,1,
2022-03-14T17:00:00Z,282,role_flip_retest,supply,420.44,421.77,2,
2022-03-14T18:00:00Z,279,touch,demand,415.12,417.36959346257146,1,
2022-03-14T20:00:00Z,279,volume_confluence,demand,415.12,417.36959346257146,2,POC:2022-03-14:415.972500
2022-03-15T14:30:00Z,279,rejection,demand,415.12,417.36959346257146,2,
2022-03-15T15:00:00Z,284,created,demand,415.79,416.71,1,pivot
2022-03-15T15:00:00Z,284,volume_confluence,demand,415.79,416.71,2,POC:2022-03-14:415.972500
2022-03-15T16:00:00Z,282,broken,supply,420.44,421.77,2,
2022-03-15T17:00:00Z,282,role_flip_retest,demand,420.44,421.77,2,
2022-03-15T20:00:00Z,280,touch,supply,425.18,427.21,3,
2022-03-16T14:30:00Z,252,broken,supply,427.82,428.51,3,
2022-03-16T14:30:00Z,272,touch,supply,431.85,433.98867707777987,3,
2022-03-16T14:30:00Z,274,touch,supply,430.7,432.847308699981,3,
2022-03-16T14:30:00Z,275,broken,supply,427.11,429.3561359957948,2,
2022-03-16T14:30:00Z,280,broken,supply,425.18,427.21,3,
2022-03-16T14:30:00Z,281,broken,supply,427.43508874051753,429.51,1,
2022-03-16T15:00:00Z,270,touch,supply,432.69,433.26,3,
2022-03-16T15:00:00Z,274,broken,supply,430.7,432.847308699981,3,
2022-03-16T16:00:00Z,274,role_flip_retest,demand,430.7,432.847308699981,3,
2022-03-16T17:00:00Z,270,rejection,supply,432.69,433.26,3,
2022-03-16T17:00:00Z,272,rejection,supply,431.85,433.98867707777987,3,
2022-03-16T18:00:00Z,285,created,supply,433.31,434.55,1,pivot
2022-03-16T19:00:00Z,252,role_flip_retest,demand,427.82,428.51,3,
2022-03-16T19:00:00Z,274,broken,demand,430.7,432.847308699981,3,
2022-03-16T19:00:00Z,275,role_flip_retest,demand,427.11,429.3561359957948,2,
2022-03-16T19:00:00Z,280,role_flip_retest,demand,425.18,427.21,3,
2022-03-16T19:00:00Z,281,role_flip_retest,demand,427.43508874051753,429.51,2,
2022-03-16T20:00:00Z,270,broken,supply,432.69,433.26,3,
2022-03-16T20:00:00Z,272,broken,supply,431.85,433.98867707777987,3,
2022-03-16T20:00:00Z,285,broken,supply,433.31,434.55,1,
2022-03-16T20:00:00Z,286,created,demand,424.8,426.53731569582123,1,order_block
2022-03-17T14:30:00Z,270,role_flip_retest,demand,432.69,433.26,3,
2022-03-17T14:30:00Z,272,role_flip_retest,demand,431.85,433.98867707777987,3,
2022-03-17T14:30:00Z,285,role_flip_retest,demand,433.31,434.55,2,
2022-03-17T14:30:00Z,259,capacity_expired,supply,457.5,457.88,1,
2022-03-17T15:00:00Z,287,created,demand,424.8,426.6765177951692,1,pivot
2022-03-17T15:00:00Z,267,capacity_expired,supply,446.61,448.06,1,
2022-03-17T18:00:00Z,250,age_expired,supply,440.97254500144066,444.04,3,
2022-03-17T20:00:00Z,276,touch,supply,440.47,441.11,1,
2022-03-18T15:00:00Z,276,touch,supply,440.47,441.11,1,
2022-03-18T16:00:00Z,276,merged,supply,440.47,441.11,2,pivot;geometry=updated
2022-03-18T16:00:00Z,276,qualified,supply,440.47,441.11,2,pivot|repeated_pivot
2022-03-18T17:00:00Z,276,broken,supply,440.47,441.11,2,
2022-03-18T18:00:00Z,265,touch,supply,441.94,443.3229672480905,3,
2022-03-18T18:00:00Z,266,touch,supply,441.94,442.88,3,
2022-03-18T20:00:00Z,265,broken,supply,441.94,443.3229672480905,3,
2022-03-18T20:00:00Z,266,broken,supply,441.94,442.88,3,
2022-03-21T14:30:00Z,252,age_expired,demand,427.82,428.51,3,
2022-03-21T15:00:00Z,265,role_flip_retest,demand,441.94,443.3229672480905,3,
2022-03-21T15:00:00Z,266,role_flip_retest,demand,441.94,442.88,3,
2022-03-21T17:00:00Z,289,created,supply,444.99792666774306,446.46,1,pivot
2022-03-21T18:00:00Z,276,role_flip_retest,demand,440.47,441.11,3,
2022-03-22T14:30:00Z,289,broken,supply,444.99792666774306,446.46,1,
2022-03-22T14:30:00Z,290,created,demand,440.68,442.1288714452986,1,pivot
2022-03-22T19:00:00Z,291,created,supply,448.84,449.7,1,pivot
2022-03-22T20:00:00Z,253,touch,supply,449.9,451.02,3,
2022-03-22T20:00:00Z,291,volume_confluence,supply,448.84,449.7,2,POC:2022-03-22:448.908333
2022-03-23T14:30:00Z,253,rejection,supply,449.9,451.02,3,
2022-03-23T15:00:00Z,253,age_expired,supply,449.9,451.02,3,
2022-03-23T15:00:00Z,289,role_flip_retest,demand,444.99792666774306,446.46,2,
2022-03-23T16:00:00Z,292,created,supply,449.58,450.58,1,pivot
2022-03-23T16:00:00Z,271,capacity_expired,demand,410.64,411.09472410875486,1,
2022-03-23T17:00:00Z,293,created,demand,445.64,446.08,1,pivot
2022-03-23T17:00:00Z,286,capacity_expired,demand,424.8,426.53731569582123,1,
2022-03-23T19:00:00Z,293,broken,demand,445.64,446.08,1,
2022-03-23T20:00:00Z,289,broken,demand,444.99792666774306,446.46,2,
2022-03-23T20:00:00Z,293,role_flip_retest,supply,445.64,446.08,2,
2022-03-23T20:00:00Z,293,volume_confluence,supply,445.64,446.08,3,POC:2022-03-23:446.042083
2022-03-24T15:00:00Z,293,broken,supply,445.64,446.08,3,
2022-03-24T16:00:00Z,291,touch,supply,448.84,449.7,2,
2022-03-24T16:00:00Z,294,created,demand,443.79,444.0581776151504,1,pivot
2022-03-24T17:00:00Z,291,rejection,supply,448.84,449.7,2,
2022-03-24T18:00:00Z,274,broken_zone_expired,demand,430.7,432.847308699981,3,
2022-03-24T19:00:00Z,295,created,supply,448.42,448.94,1,pivot
2022-03-24T20:00:00Z,291,broken,supply,448.84,449.7,2,
2022-03-24T20:00:00Z,292,touch,supply,449.58,450.58,1,
2022-03-24T20:00:00Z,295,broken,supply,448.42,448.94,1,
2022-03-25T14:30:00Z,256,touch,supply,451.1616927211343,452.78,2,
2022-03-25T14:30:00Z,260,touch,supply,451.29,451.61093570185585,2,
2022-03-25T14:30:00Z,292,broken,supply,449.58,450.58,1,
2022-03-25T15:00:00Z,260,broken,supply,451.29,451.61093570185585,2,
2022-03-25T15:00:00Z,292,role_flip_retest,demand,449.58,450.58,2,
2022-03-25T16:00:00Z,256,rejection,supply,451.1616927211343,452.78,2,
2022-03-25T16:00:00Z,292,broken,demand,449.58,450.58,2,
2022-03-25T16:00:00Z,295,role_flip_retest,demand,448.42,448.94,2,
2022-03-25T17:00:00Z,291,role_flip_retest,demand,448.84,449.7,3,
2022-03-25T18:00:00Z,296,created,supply,452.33,452.98,1,pivot
2022-03-25T19:00:00Z,260,role_flip_retest,demand,451.29,451.61093570185585,2,
2022-03-25T20:00:00Z,296,touch,supply,452.33,452.98,1,
2022-03-25T20:00:00Z,256,volume_confluence,supply,451.1616927211343,452.78,3,POC:2022-03-25:451.178958
2022-03-28T14:30:00Z,256,broken,supply,451.1616927211343,452.78,3,
2022-03-28T14:30:00Z,296,broken,supply,452.33,452.98,1,
2022-03-28T15:00:00Z,256,role_flip_retest,demand,451.1616927211343,452.78,3,
2022-03-28T15:00:00Z,296,role_flip_retest,demand,452.33,452.98,2,
2022-03-28T16:00:00Z,256,broken,demand,451.1616927211343,452.78,3,
2022-03-28T16:00:00Z,260,broken,demand,451.29,451.61093570185585,2,
2022-03-28T16:00:00Z,296,broken,demand,452.33,452.98,2,
2022-03-28T17:00:00Z,297,created,supply,453.39228259661496,453.65,1,pivot
2022-03-28T19:00:00Z,297,broken,supply,453.39228259661496,453.65,1,
2022-03-29T17:00:00Z,298,created,supply,460.48819309387176,461.75,1,pivot
2022-03-29T19:00:00Z,298,touch,supply,460.48819309387176,461.75,1,
2022-03-30T15:00:00Z,298,rejection,supply,460.48819309387176,461.75,1,
2022-03-30T16:00:00Z,299,created,supply,461.6,462.07,1,pivot
2022-03-31T16:00:00Z,300,created,demand,456.46,457.50472914350826,1,pivot
2022-03-31T19:00:00Z,289,broken_zone_expired,demand,444.99792666774306,446.46,2,
2022-03-31T20:00:00Z,296,role_flip_retest,supply,452.33,452.98,2,
2022-03-31T20:00:00Z,300,broken,demand,456.46,457.50472914350826,1,
2022-03-31T20:00:00Z,301,created,supply,456.7,457.48,1,order_block
2022-03-31T20:00:00Z,301,volume_confluence,supply,456.7,457.48,2,POC:2022-03-31:457.018333
2022-03-31T20:00:00Z,287,capacity_expired,demand,424.8,426.6765177951692,1,
2022-04-01T14:30:00Z,293,broken_zone_expired,supply,445.64,446.08,3,
2022-04-01T16:00:00Z,256,role_flip_retest,supply,451.1616927211343,452.78,3,
2022-04-01T16:00:00Z,260,role_flip_retest,supply,451.29,451.61093570185585,2,
2022-04-01T16:00:00Z,290,capacity_expired,demand,440.68,442.1288714452986,1,
2022-04-01T16:00:00Z,294,capacity_expired,demand,443.79,444.0581776151504,1,
2022-04-01T17:00:00Z,256,age_expired,supply,451.1616927211343,452.78,3,
2022-04-01T17:00:00Z,260,age_expired,supply,451.29,451.61093570185585,2,
2022-04-01T17:00:00Z,291,touch,demand,448.84,449.7,3,
2022-04-01T18:00:00Z,291,rejection,demand,448.84,449.7,3,
2022-04-04T14:30:00Z,296,broken,supply,452.33,452.98,2,
2022-04-04T14:30:00Z,297,role_flip_retest,demand,453.39228259661496,453.65,2,
2022-04-04T14:30:00Z,302,created,demand,449.14,449.95,1,pivot
2022-04-04T15:00:00Z,292,broken_zone_expired,demand,449.58,450.58,2,
2022-04-04T20:00:00Z,301,touch,supply,456.7,457.48,2,
2022-04-05T15:00:00Z,300,role_flip_retest,supply,456.46,457.50472914350826,2,
2022-04-05T15:00:00Z,301,rejection,supply,456.7,457.48,2,
2022-04-05T16:00:00Z,297,touch,demand,453.39228259661496,453.65,2,
2022-04-05T17:00:00Z,296,role_flip_retest,demand,452.33,452.98,2,
2022-04-05T17:00:00Z,298,capacity_expired,supply,460.48819309387176,461.75,1,
2022-04-05T18:00:00Z,297,broken,demand,453.39228259661496,453.65,2,
2022-04-05T18:00:00Z,303,created,supply,456.91,457.83,1,pivot
2022-04-05T19:00:00Z,297,role_flip_retest,supply,453.39228259661496,453.65,2,
2022-04-05T19:00:00Z,299,capacity_expired,supply,461.6,462.07,1,
2022-04-05T20:00:00Z,296,broken,demand,452.33,452.98,2,
2022-04-05T20:00:00Z,302,touch,demand,449.14,449.95,1,
2022-04-06T14:30:00Z,291,broken,demand,448.84,449.7,3,
2022-04-06T14:30:00Z,295,broken,demand,448.42,448.94,2,
2022-04-06T14:30:00Z,302,broken,demand,449.14,449.95,1,
2022-04-06T18:00:00Z,304,created,demand,444.5,444.97,1,pivot
2022-04-06T19:00:00Z,295,role_flip_retest,supply,448.42,448.94,2,
2022-04-06T20:00:00Z,291,role_flip_retest,supply,448.84,449.7,3,
2022-04-07T15:00:00Z,265,age_expired,demand,441.94,443.3229672480905,3,
2022-04-07T15:00:00Z,304,touch,demand,444.5,444.97,1,
2022-04-07T15:00:00Z,305,created,demand,443.47,444.8167143132715,1,pivot
2022-04-07T16:00:00Z,266,age_expired,demand,441.94,442.88,3,
2022-04-07T16:00:00Z,304,broken,demand,444.5,444.97,1,
2022-04-07T16:00:00Z,295,merged,supply,447.99,448.94,3,pivot;geometry=updated
2022-04-07T16:00:00Z,295,qualified,supply,447.99,448.94,3,pivot|repeated_pivot|role_flip
2022-04-07T17:00:00Z,304,role_flip_retest,supply,444.5,444.97,2,
2022-04-07T18:00:00Z,304,broken,supply,444.5,444.97,2,
2022-04-07T19:00:00Z,295,broken,supply,447.99,448.94,3,
2022-04-07T20:00:00Z,302,role_flip_retest,supply,449.14,449.95,2,
2022-04-08T15:00:00Z,291,touch,supply,448.84,449.7,3,
2022-04-08T15:00:00Z,295,role_flip_retest,demand,447.99,448.94,3,
2022-04-08T16:00:00Z,307,created,supply,449.317501502772,450.69,1,pivot
2022-04-08T17:00:00Z,291,broken,supply,448.84,449.7,3,
2022-04-08T17:00:00Z,302,broken,supply,449.14,449.95,2,
2022-04-08T20:00:00Z,295,broken,demand,447.99,448.94,3,
2022-04-11T14:30:00Z,305,touch,demand,443.47,444.8167143132715,1,
2022-04-11T15:00:00Z,305,broken,demand,443.47,444.8167143132715,1,
2022-04-11T20:00:00Z,276,broken,demand,440.47,441.11,3,
2022-04-12T14:30:00Z,304,role_flip_retest,demand,444.5,444.97,2,
2022-04-12T15:00:00Z,304,broken,demand,444.5,444.97,2,
2022-04-12T15:00:00Z,305,role_flip_retest,supply,443.47,444.8167143132715,2,
2022-04-12T16:00:00Z,304,role_flip_retest,supply,444.5,444.97,2,
2022-04-12T16:00:00Z,308,created,demand,439.39,439.97,1,pivot
2022-04-12T17:00:00Z,304,merged,supply,444.5,445.75,3,pivot;geometry=updated
2022-04-12T17:00:00Z,304,qualified,supply,444.5,445.75,3,pivot|repeated_pivot|role_flip
2022-04-12T18:00:00Z,276,role_flip_retest,supply,440.47,441.11,3,
2022-04-12T18:00:00Z,308,touch,demand,439.39,439.97,1,
2022-04-12T19:00:00Z,308,broken,demand,439.39,439.97,1,
2022-04-12T20:00:00Z,270,age_expired,demand,432.69,433.26,3,
2022-04-13T14:30:00Z,308,role_flip_retest,supply,439.39,439.97,2,
2022-04-13T16:00:00Z,308,broken,supply,439.39,439.97,2,
2022-04-13T16:00:00Z,310,created,demand,436.65,438.0146660550903,1,pivot
2022-04-13T17:00:00Z,276,broken,supply,440.47,441.11,3,
2022-04-13T19:00:00Z,296,broken_zone_expired,demand,452.33,452.98,2,
2022-04-13T20:00:00Z,305,touch,supply,443.47,444.8167143132715,2,
2022-04-14T14:30:00Z,304,touch,supply,444.5,445.75,3,
2022-04-14T14:30:00Z,305,rejection,supply,443.47,444.8167143132715,2,
2022-04-14T15:00:00Z,276,role_flip_retest,demand,440.47,441.11,3,
2022-04-14T15:00:00Z,304,rejection,supply,444.5,445.75,3,
2022-04-14T17:00:00Z,276,broken,demand,440.47,441.11,3,
2022-04-14T17:00:00Z,308,role_flip_retest,demand,439.39,439.97,2,
2022-04-14T17:00:00Z,311,created,supply,443.55,444.74,1,pivot
2022-04-14T19:00:00Z,276,role_flip_retest,supply,440.47,441.11,3,
2022-04-14T20:00:00Z,308,broken,demand,439.39,439.97,2,
2022-04-14T20:00:00Z,310,touch,demand,436.65,438.0146660550903,1,
2022-04-18T14:30:00Z,308,role_flip_retest,supply,439.39,439.97,2,
2022-04-18T14:30:00Z,308,volume_confluence,supply,439.39,439.97,3,POC:2022-04-14:439.592083
2022-04-18T15:00:00Z,310,rejection,demand,436.65,438.0146660550903,1,
2022-04-18T20:00:00Z,312,created,demand,435.61,436.56,1,pivot
2022-04-19T14:30:00Z,272,age_expired,demand,431.85,433.98867707777987,3,
2022-04-19T14:30:00Z,276,broken,supply,440.47,441.11,3,
2022-04-19T14:30:00Z,308,broken,supply,439.39,439.97,3,
2022-04-19T15:00:00Z,305,touch,supply,443.47,444.8167143132715,2,
2022-04-19T15:00:00Z,311,touch,supply,443.55,444.74,1,
2022-04-19T16:00:00Z,291,broken_zone_expired,supply,448.84,449.7,3,
2022-04-19T16:00:00Z,302,broken_zone_expired,supply,449.14,449.95,2,
2022-04-19T19:00:00Z,295,broken_zone_expired,demand,447.99,448.94,3,
2022-04-19T19:00:00Z,313,created,supply,443.71,444.28,1,pivot
2022-04-19T20:00:00Z,304,touch,supply,444.5,445.75,3,
2022-04-19T20:00:00Z,305,broken,supply,443.47,444.8167143132715,2,
2022-04-19T20:00:00Z,311,broken,supply,443.55,444.74,1,
2022-04-19T20:00:00Z,313,broken,supply,443.71,444.28,1,
2022-04-20T14:30:00Z,305,role_flip_retest,demand,443.47,444.8167143132715,2,
2022-04-20T14:30:00Z,311,role_flip_retest,demand,443.55,444.74,2,
2022-04-20T14:30:00Z,305,volume_confluence,demand,443.47,444.8167143132715,3,POC:2022-04-19:443.600833
2022-04-20T14:30:00Z,311,volume_confluence,demand,443.55,444.74,3,POC:2022-04-19:443.600833
2022-04-20T15:00:00Z,304,broken,supply,444.5,445.75,3,
2022-04-20T16:00:00Z,304,role_flip_retest,demand,444.5,445.75,3,
2022-04-20T17:00:00Z,314,created,supply,446.91,447.57,1,pivot
2022-04-20T19:00:00Z,275,age_expired,demand,427.11,429.3561359957948,2,
2022-04-20T19:00:00Z,304,broken,demand,444.5,445.75,3,
2022-04-20T20:00:00Z,313,role_flip_retest,demand,443.71,444.28,2,
2022-04-21T14:30:00Z,307,touch,supply,449.317501502772,450.69,1,
2022-04-21T14:30:00Z,314,broken,supply,446.91,447.57,1,
2022-04-21T15:00:00Z,307,rejection,supply,449.317501502772,450.69,1,
2022-04-21T15:00:00Z,313,merged,demand,443.48,444.28,3,pivot;geometry=updated
2022-04-21T15:00:00Z,313,qualified,demand,443.48,444.28,3,pivot|repeated_pivot|role_flip
2022-04-21T16:00:00Z,305,touch,demand,443.47,444.8167143132715,3,
2022-04-21T16:00:00Z,311,touch,demand,443.55,444.74,3,
2022-04-21T17:00:00Z,304,role_flip_retest,supply,444.5,445.75,3,
2022-04-21T17:00:00Z,305,broken,demand,443.47,444.8167143132715,3,
2022-04-21T17:00:00Z,311,broken,demand,443.55,444.74,3,
2022-04-21T17:00:00Z,313,broken,demand,443.48,444.28,3,
2022-04-21T17:00:00Z,316,created,supply,449.36,450.01,1,pivot
2022-04-21T18:00:00Z,305,role_flip_retest,supply,443.47,444.8167143132715,3,
2022-04-21T18:00:00Z,311,role_flip_retest,supply,443.55,444.74,3,
2022-04-21T18:00:00Z,313,role_flip_retest,supply,443.48,444.28,3,
2022-04-21T20:00:00Z,310,touch,demand,436.65,438.0146660550903,1,
2022-04-22T14:30:00Z,285,touch,demand,433.31,434.55,2,
2022-04-22T14:30:00Z,310,broken,demand,436.65,438.0146660550903,1,
2022-04-22T14:30:00Z,312,broken,demand,435.61,436.56,1,
2022-04-22T15:00:00Z,285,broken,demand,433.31,434.55,2,
2022-04-22T15:00:00Z,312,role_flip_retest,supply,435.61,436.56,2,
2022-04-22T16:00:00Z,285,role_flip_retest,supply,433.31,434.55,2,
2022-04-22T18:00:00Z,281,touch,demand,427.43508874051753,429.51,2,
2022-04-22T19:00:00Z,280,touch,demand,425.18,427.21,3,
2022-04-22T20:00:00Z,281,broken,demand,427.43508874051753,429.51,2,
2022-04-25T14:30:00Z,280,broken,demand,425.18,427.21,3,
2022-04-25T14:30:00Z,282,touch,demand,420.44,421.77,2,
2022-04-25T16:00:00Z,282,broken,demand,420.44,421.77,2,
2022-04-25T19:00:00Z,317,created,demand,418.84,419.77,1,pivot
2022-04-26T14:30:00Z,280,role_flip_retest,supply,425.18,427.21,3,
2022-04-26T16:00:00Z,282,role_flip_retest,supply,420.44,421.77,2,
2022-04-26T16:00:00Z,317,touch,demand,418.84,419.77,1,
2022-04-26T16:00:00Z,318,created,supply,428.2692322988279,428.69,1,pivot
2022-04-26T17:00:00Z,282,broken,supply,420.44,421.77,2,
2022-04-26T17:00:00Z,317,rejection,demand,418.84,419.77,1,
2022-04-26T20:00:00Z,276,broken_zone_expired,supply,440.47,441.11,3,
2022-04-26T20:00:00Z,279,touch,demand,415.12,417.36959346257146,2,
2022-04-26T20:00:00Z,284,touch,demand,415.79,416.71,2,
2022-04-26T20:00:00Z,308,broken_zone_expired,supply,439.39,439.97,3,
2022-04-26T20:00:00Z,317,broken,demand,418.84,419.77,1,
2022-04-26T20:00:00Z,319,created,supply,419.41,421.0,1,order_block
2022-04-26T20:00:00Z,319,volume_confluence,supply,419.41,421.0,2,POC:2022-04-26:420.431875
2022-04-27T14:30:00Z,279,rejection,demand,415.12,417.36959346257146,2,
2022-04-27T14:30:00Z,284,rejection,demand,415.79,416.71,2,
2022-04-27T15:00:00Z,279,age_expired,demand,415.12,417.36959346257146,2,
2022-04-27T15:00:00Z,317,role_flip_retest,supply,418.84,419.77,2,
2022-04-27T17:00:00Z,280,age_expired,supply,425.18,427.21,3,
2022-04-27T17:00:00Z,282,role_flip_retest,demand,420.44,421.77,2,
2022-04-27T17:00:00Z,317,broken,supply,418.84,419.77,2,
2022-04-27T17:00:00Z,319,broken,supply,419.41,421.0,2,
2022-04-27T18:00:00Z,317,role_flip_retest,demand,418.84,419.77,2,
2022-04-27T18:00:00Z,319,role_flip_retest,demand,419.41,421.0,3,
2022-04-27T18:00:00Z,320,created,demand,415.01,417.09041975367126,1,pivot
2022-04-27T19:00:00Z,282,broken,demand,420.44,421.77,2,
2022-04-27T19:00:00Z,319,broken,demand,419.41,421.0,3,
2022-04-27T20:00:00Z,317,broken,demand,418.84,419.77,2,
2022-04-27T20:00:00Z,320,touch,demand,415.01,417.09041975367126,1,
2022-04-27T20:00:00Z,321,created,supply,422.06,422.92,1,pivot
2022-04-28T15:00:00Z,282,role_flip_retest,supply,420.44,421.77,2,
2022-04-28T15:00:00Z,319,role_flip_retest,supply,419.41,421.0,3,
2022-04-28T16:00:00Z,320,rejection,demand,415.01,417.09041975367126,1,
2022-04-28T17:00:00Z,282,broken,supply,420.44,421.77,2,
2022-04-28T17:00:00Z,319,broken,supply,419.41,421.0,3,
2022-04-28T17:00:00Z,321,broken,supply,422.06,422.92,1,
2022-04-28T17:00:00Z,322,created,demand,417.6,419.5114610841526,1,order_block
2022-04-28T17:00:00Z,322,volume_confluence,demand,417.6,419.5114610841526,2,POC:2022-04-27:418.800208
2022-04-28T18:00:00Z,281,role_flip_retest,supply,427.43508874051753,429.51,2,
2022-04-28T19:00:00Z,281,age_expired,supply,427.43508874051753,429.51,2,
2022-04-28T19:00:00Z,318,touch,supply,428.2692322988279,428.69,1,
2022-04-28T20:00:00Z,314,broken_zone_expired,supply,446.91,447.57,1,
2022-04-28T20:00:00Z,318,rejection,supply,428.2692322988279,428.69,1,
2022-04-29T14:30:00Z,321,role_flip_retest,demand,422.06,422.92,2,
2022-04-29T15:00:00Z,321,broken,demand,422.06,422.92,2,
2022-04-29T16:00:00Z,321,role_flip_retest,supply,422.06,422.92,2,
2022-04-29T16:00:00Z,318,merged,supply,428.2692322988279,429.64,2,pivot;geometry=updated
2022-04-29T16:00:00Z,318,qualified,supply,428.2692322988279,429.64,2,pivot|repeated_pivot
2022-04-29T17:00:00Z,317,role_flip_retest,supply,418.84,419.77,2,
2022-04-29T17:00:00Z,322,touch,demand,417.6,419.5114610841526,2,
2022-04-29T19:00:00Z,284,touch,demand,415.79,416.71,2,
2022-04-29T19:00:00Z,320,touch,demand,415.01,417.09041975367126,1,
2022-04-29T19:00:00Z,322,broken,demand,417.6,419.5114610841526,2,
2022-04-29T20:00:00Z,284,broken,demand,415.79,416.71,2,
2022-04-29T20:00:00Z,310,broken_zone_expired,demand,436.65,438.0146660550903,1,
2022-04-29T20:00:00Z,320,broken,demand,415.01,417.09041975367126,1,
2022-05-02T15:00:00Z,284,role_flip_retest,supply,415.79,416.71,3,
2022-05-02T15:00:00Z,320,role_flip_retest,supply,415.01,417.09041975367126,2,
2022-05-03T15:00:00Z,284,touch,supply,415.79,416.71,3,
2022-05-03T15:00:00Z,324,created,demand,405.02,406.46,1,pivot
2022-05-03T16:00:00Z,284,broken,supply,415.79,416.71,3,
2022-05-03T16:00:00Z,317,touch,supply,418.84,419.77,2,
2022-05-03T16:00:00Z,320,broken,supply,415.01,417.09041975367126,2,
2022-05-03T17:00:00Z,284,role_flip_retest,demand,415.79,416.71,3,
2022-05-03T17:00:00Z,317,rejection,supply,418.84,419.77,2,
2022-05-03T17:00:00Z,322,role_flip_retest,supply,417.6,419.5114610841526,3,
2022-05-03T18:00:00Z,284,age_expired,demand,415.79,416.71,3,
2022-05-03T18:00:00Z,320,role_flip_retest,demand,415.01,417.09041975367126,2,
2022-05-03T19:00:00Z,325,created,supply,417.9,418.93,1,pivot
2022-05-04T17:00:00Z,322,touch,supply,417.6,419.5114610841526,3,
2022-05-04T17:00:00Z,325,touch,supply,417.9,418.93,1,
2022-05-04T18:00:00Z,317,touch,supply,418.84,419.77,2,
2022-05-04T19:00:00Z,282,role_flip_retest,demand,420.44,421.77,2,
2022-05-04T19:00:00Z,317,broken,supply,418.84,419.77,2,
2022-05-04T19:00:00Z,319,role_flip_retest,demand,419.41,421.0,3,
2022-05-04T19:00:00Z,321,broken,supply,422.06,422.92,2,
2022-05-04T19:00:00Z,322,broken,supply,417.6,419.5114610841526,3,
2022-05-04T19:00:00Z,325,broken,supply,417.9,418.93,1,
2022-05-04T19:00:00Z,326,created,demand,413.7,415.07,1,pivot
2022-05-04T19:00:00Z,327,created,demand,414.25,416.05,1,order_block
2022-05-04T19:00:00Z,326,volume_confluence,demand,413.7,415.07,2,POC:2022-05-03:414.868542
2022-05-04T19:00:00Z,327,volume_confluence,demand,414.25,416.05,2,POC:2022-05-03:414.868542
2022-05-04T20:00:00Z,282,age_expired,demand,420.44,421.77,2,
2022-05-04T20:00:00Z,318,touch,supply,428.2692322988279,429.64,2,
2022-05-04T20:00:00Z,327,merged,demand,414.25,416.05,2,order_block;geometry=updated
2022-05-04T20:00:00Z,320,volume_confluence,demand,415.01,417.09041975367126,3,POC:2022-05-04:416.027500
2022-05-05T14:30:00Z,285,age_expired,supply,433.31,434.55,2,
2022-05-05T14:30:00Z,318,rejection,supply,428.2692322988279,429.64,2,
2022-05-05T15:00:00Z,319,broken,demand,419.41,421.0,3,
2022-05-05T15:00:00Z,320,touch,demand,415.01,417.09041975367126,3,
2022-05-05T15:00:00Z,327,touch,demand,414.25,416.05,2,
2022-05-05T16:00:00Z,320,broken,demand,415.01,417.09041975367126,3,
2022-05-05T16:00:00Z,326,broken,demand,413.7,415.07,2,
2022-05-05T16:00:00Z,327,broken,demand,414.25,416.05,2,
2022-05-05T16:00:00Z,318,merged,supply,428.2692322988279,429.64,2,pivot;geometry=frozen
2022-05-05T18:00:00Z,320,role_flip_retest,supply,415.01,417.09041975367126,3,
2022-05-05T18:00:00Z,326,role_flip_retest,supply,413.7,415.07,3,
2022-05-05T18:00:00Z,327,role_flip_retest,supply,414.25,416.05,3,
2022-05-06T14:30:00Z,324,touch,demand,405.02,406.46,1,
2022-05-06T15:00:00Z,324,rejection,demand,405.02,406.46,1,
2022-05-06T17:00:00Z,324,merged,demand,405.02,406.46,2,pivot;geometry=updated
2022-05-06T17:00:00Z,324,qualified,demand,405.02,406.46,2,pivot|repeated_pivot
2022-05-06T18:00:00Z,327,touch,supply,414.25,416.05,3,
2022-05-06T19:00:00Z,327,rejection,supply,414.25,416.05,3,
2022-05-09T15:00:00Z,324,broken,demand,405.02,406.46,2,
2022-05-10T14:30:00Z,324,role_flip_retest,supply,405.02,406.46,3,
2022-05-10T17:00:00Z,324,merged,supply,405.02,406.46,3,pivot;geometry=frozen
2022-05-10T20:00:00Z,332,created,demand,394.82,395.95,1,pivot
2022-05-11T18:00:00Z,332,broken,demand,394.82,395.95,1,
2022-05-11T18:00:00Z,333,created,supply,402.25,404.04,1,pivot
2022-05-11T20:00:00Z,332,role_flip_retest,supply,394.82,395.95,2,
2022-05-11T20:00:00Z,332,volume_confluence,supply,394.82,395.95,3,POC:2022-05-11:395.231667
2022-05-12T17:00:00Z,334,created,demand,386.92,388.6,1,pivot
2022-05-12T18:00:00Z,317,broken_zone_expired,supply,418.84,419.77,2,
2022-05-12T18:00:00Z,321,broken_zone_expired,supply,422.06,422.92,2,
2022-05-12T18:00:00Z,322,broken_zone_expired,supply,417.6,419.5114610841526,3,
2022-05-12T18:00:00Z,325,broken_zone_expired,supply,417.9,418.93,1,
2022-05-12T19:00:00Z,334,broken,demand,386.92,388.6,1,
2022-05-13T14:30:00Z,319,broken_zone_expired,demand,419.41,421.0,3,
2022-05-13T14:30:00Z,332,broken,supply,394.82,395.95,3,
2022-05-13T15:00:00Z,335,created,demand,385.15,385.75382180385753,1,pivot
2022-05-13T17:00:00Z,333,touch,supply,402.25,404.04,1,
2022-05-13T18:00:00Z,333,rejection,supply,402.25,404.04,1,
2022-05-13T20:00:00Z,336,created,supply,401.76,403.18,1,pivot
2022-05-16T15:00:00Z,336,touch,supply,401.76,403.18,1,
2022-05-16T17:00:00Z,336,rejection,supply,401.76,403.18,1,
2022-05-16T18:00:00Z,333,touch,supply,402.25,404.04,1,
2022-05-16T20:00:00Z,297,age_expired,supply,453.39228259661496,453.65,2,
2022-05-16T20:00:00Z,333,rejection,supply,402.25,404.04,1,
2022-05-17T14:30:00Z,324,touch,supply,405.02,406.46,3,
2022-05-17T14:30:00Z,333,broken,supply,402.25,404.04,1,
2022-05-17T14:30:00Z,336,broken,supply,401.76,403.18,1,
2022-05-17T15:00:00Z,324,rejection,supply,405.02,406.46,3,
2022-05-17T15:00:00Z,336,role_flip_retest,demand,401.76,403.18,2,
2022-05-17T16:00:00Z,333,role_flip_retest,demand,402.25,404.04,2,
2022-05-17T19:00:00Z,324,broken,supply,405.02,406.46,3,
2022-05-18T14:30:00Z,333,broken,demand,402.25,404.04,2,
2022-05-18T14:30:00Z,336,broken,demand,401.76,403.18,2,
2022-05-18T15:00:00Z,336,role_flip_retest,supply,401.76,403.18,2,
2022-05-18T16:00:00Z,337,created,supply,408.11147067604503,408.57,1,pivot
2022-05-18T17:00:00Z,332,role_flip_retest,demand,394.82,395.95,3,
2022-05-18T18:00:00Z,332,broken,demand,394.82,395.95,3,
2022-05-19T17:00:00Z,338,created,demand,387.11,388.56,1,pivot
2022-05-19T19:00:00Z,300,age_expired,supply,456.46,457.50472914350826,2,
2022-05-20T14:30:00Z,332,role_flip_retest,supply,394.82,395.95,3,
2022-05-20T15:00:00Z,338,touch,demand,387.11,388.56,1,
2022-05-20T16:00:00Z,301,age_expired,supply,456.7,457.48,2,
2022-05-20T16:00:00Z,334,role_flip_retest,supply,386.92,388.6,2,
2022-05-20T16:00:00Z,335,touch,demand,385.15,385.75382180385753,1,
2022-05-20T16:00:00Z,338,broken,demand,387.11,388.56,1,
2022-05-20T17:00:00Z,335,broken,demand,385.15,385.75382180385753,1,
2022-05-20T17:00:00Z,339,created,supply,394.71145184520896,397.03,1,pivot
2022-05-20T20:00:00Z,334,broken,supply,386.92,388.6,2,
2022-05-23T14:30:00Z,340,created,demand,380.54,382.94,1,pivot
2022-05-23T14:30:00Z,340,volume_confluence,demand,380.54,382.94,2,POC:2022-05-20:382.257708
2022-05-23T15:00:00Z,332,touch,supply,394.82,395.95,3,
2022-05-23T15:00:00Z,339,touch,supply,394.71145184520896,397.03,1,
2022-05-23T16:00:00Z,332,broken,supply,394.82,395.95,3,
2022-05-23T18:00:00Z,332,role_flip_retest,demand,394.82,395.95,3,
2022-05-23T20:00:00Z,339,volume_confluence,supply,394.71145184520896,397.03,2,POC:2022-05-23:396.045625
2022-05-24T14:30:00Z,332,broken,demand,394.82,395.95,3,
2022-05-24T15:00:00Z,341,created,supply,396.74,397.73,1,pivot
2022-05-24T16:00:00Z,334,role_flip_retest,demand,386.92,388.6,2,
2022-05-24T18:00:00Z,334,merged,demand,386.92,388.6,3,pivot;geometry=updated
2022-05-24T18:00:00Z,334,qualified,demand,386.92,388.6,3,pivot|repeated_pivot|role_flip
2022-05-24T20:00:00Z,332,role_flip_retest,supply,394.82,395.95,3,
2022-05-24T20:00:00Z,339,touch,supply,394.71145184520896,397.03,2,
2022-05-25T14:30:00Z,303,age_expired,supply,456.91,457.83,1,
2022-05-25T15:00:00Z,332,broken,supply,394.82,395.95,3,
2022-05-25T15:00:00Z,341,touch,supply,396.74,397.73,1,
2022-05-25T16:00:00Z,341,rejection,supply,396.74,397.73,1,
2022-05-25T18:00:00Z,324,broken_zone_expired,supply,405.02,406.46,3,
2022-05-25T18:00:00Z,341,merged,supply,396.36,397.73,2,pivot;geometry=updated
2022-05-25T18:00:00Z,341,qualified,supply,396.36,397.73,2,pivot|repeated_pivot
2022-05-25T19:00:00Z,332,role_flip_retest,demand,394.82,395.95,3,
2022-05-25T19:00:00Z,339,broken,supply,394.71145184520896,397.03,2,
2022-05-25T20:00:00Z,333,broken_zone_expired,demand,402.25,404.04,2,
2022-05-25T20:00:00Z,339,role_flip_retest,demand,394.71145184520896,397.03,3,
2022-05-25T20:00:00Z,341,volume_confluence,supply,396.36,397.73,3,POC:2022-05-25:396.457500
2022-05-25T20:00:00Z,341,evidence_upgrade,supply,396.36,397.73,3,volume_profile;score:2->3;qualified_score:2
2022-05-26T14:30:00Z,304,age_expired,supply,444.5,445.75,3,
2022-05-26T14:30:00Z,336,touch,supply,401.76,403.18,2,
2022-05-26T14:30:00Z,341,broken,supply,396.36,397.73,3,
2022-05-26T15:00:00Z,336,broken,supply,401.76,403.18,2,
2022-05-26T18:00:00Z,305,age_expired,supply,443.47,444.8167143132715,3,
2022-05-27T14:30:00Z,337,broken,supply,408.11147067604503,408.57,1,
2022-05-27T19:00:00Z,307,age_expired,supply,449.317501502772,450.69,1,
2022-05-27T20:00:00Z,320,touch,supply,415.01,417.09041975367126,3,
2022-05-27T20:00:00Z,326,broken,supply,413.7,415.07,3,
2022-05-27T20:00:00Z,327,touch,supply,414.25,416.05,3,
2022-05-31T14:30:00Z,320,rejection,supply,415.01,417.09041975367126,3,
2022-05-31T14:30:00Z,327,rejection,supply,414.25,416.05,3,
2022-05-31T15:00:00Z,338,broken_zone_expired,demand,387.11,388.56,1,
2022-05-31T16:00:00Z,335,broken_zone_expired,demand,385.15,385.75382180385753,1,
2022-05-31T16:00:00Z,344,created,supply,415.0373691114746,415.39,1,pivot
2022-05-31T17:00:00Z,326,role_flip_retest,demand,413.7,415.07,3,
2022-05-31T18:00:00Z,327,broken,supply,414.25,416.05,3,
2022-05-31T18:00:00Z,344,broken,supply,415.0373691114746,415.39,1,
2022-05-31T18:00:00Z,345,created,demand,410.03,411.16,1,pivot
2022-05-31T19:00:00Z,326,broken,demand,413.7,415.07,3,
2022-05-31T20:00:00Z,326,role_flip_retest,supply,413.7,415.07,3,
2022-06-01T15:00:00Z,345,touch,demand,410.03,411.16,1,
2022-06-01T15:00:00Z,346,created,supply,416.07006344183594,416.46,1,pivot
2022-06-01T16:00:00Z,345,broken,demand,410.03,411.16,1,
2022-06-01T18:00:00Z,337,role_flip_retest,demand,408.11147067604503,408.57,2,
2022-06-01T18:00:00Z,345,role_flip_retest,supply,410.03,411.16,2,
2022-06-01T20:00:00Z,347,created,demand,406.93,407.64,1,pivot
2022-06-02T16:00:00Z,345,broken,supply,410.03,411.16,2,
2022-06-02T17:00:00Z,326,touch,supply,413.7,415.07,3,
2022-06-02T18:00:00Z,320,touch,supply,415.01,417.09041975367126,3,
2022-06-02T20:00:00Z,320,broken,supply,415.01,417.09041975367126,3,
2022-06-02T20:00:00Z,326,broken,supply,413.7,415.07,3,
2022-06-02T20:00:00Z,327,role_flip_retest,demand,414.25,416.05,3,
2022-06-02T20:00:00Z,344,role_flip_retest,demand,415.0373691114746,415.39,2,
2022-06-02T20:00:00Z,346,broken,supply,416.07006344183594,416.46,1,
2022-06-03T14:30:00Z,327,broken,demand,414.25,416.05,3,
2022-06-03T14:30:00Z,344,broken,demand,415.0373691114746,415.39,2,
2022-06-03T15:00:00Z,345,role_flip_retest,demand,410.03,411.16,2,
2022-06-03T16:00:00Z,348,created,supply,417.08020715122035,417.44,1,pivot
2022-06-03T19:00:00Z,349,created,demand,409.51,410.46,1,pivot
2022-06-03T20:00:00Z,311,age_expired,supply,443.55,444.74,3,
2022-06-03T20:00:00Z,341,broken_zone_expired,supply,396.36,397.73,3,
2022-06-06T14:30:00Z,326,role_flip_retest,demand,413.7,415.07,3,
2022-06-06T14:30:00Z,336,broken_zone_expired,supply,401.76,403.18,2,
2022-06-06T16:00:00Z,327,role_flip_retest,supply,414.25,416.05,3,
2022-06-06T16:00:00Z,344,role_flip_retest,supply,415.0373691114746,415.39,2,
2022-06-06T17:00:00Z,326,broken,demand,413.7,415.07,3,
2022-06-06T17:00:00Z,345,touch,demand,410.03,411.16,2,
2022-06-06T18:00:00Z,345,rejection,demand,410.03,411.16,2,
2022-06-06T18:00:00Z,348,merged,supply,416.08,417.44,2,pivot;geometry=updated
2022-06-06T18:00:00Z,348,qualified,supply,416.08,417.44,2,pivot|repeated_pivot
2022-06-06T19:00:00Z,326,role_flip_retest,supply,413.7,415.07,3,
2022-06-07T14:30:00Z,337,touch,demand,408.11147067604503,408.57,2,
2022-06-07T14:30:00Z,345,broken,demand,410.03,411.16,2,
2022-06-07T14:30:00Z,347,touch,demand,406.93,407.64,1,
2022-06-07T14:30:00Z,349,touch,demand,409.51,410.46,1,
2022-06-07T15:00:00Z,337,rejection,demand,408.11147067604503,408.57,2,
2022-06-07T15:00:00Z,347,rejection,demand,406.93,407.64,1,
2022-06-07T15:00:00Z,349,rejection,demand,409.51,410.46,1,
2022-06-07T16:00:00Z,312,age_expired,supply,435.61,436.56,2,
2022-06-07T17:00:00Z,347,merged,demand,406.93,408.1,2,pivot;geometry=updated
2022-06-07T17:00:00Z,347,qualified,demand,406.93,408.1,2,pivot|repeated_pivot
2022-06-07T19:00:00Z,326,touch,supply,413.7,415.07,3,
2022-06-07T19:00:00Z,327,touch,supply,414.25,416.05,3,
2022-06-07T20:00:00Z,326,broken,supply,413.7,415.07,3,
2022-06-07T20:00:00Z,344,broken,supply,415.0373691114746,415.39,2,
2022-06-07T20:00:00Z,348,touch,supply,416.08,417.44,2,
2022-06-08T14:30:00Z,326,role_flip_retest,demand,413.7,415.07,3,
2022-06-08T15:00:00Z,313,age_expired,supply,443.48,444.28,3,
2022-06-08T15:00:00Z,327,rejection,supply,414.25,416.05,3,
2022-06-08T15:00:00Z,348,rejection,supply,416.08,417.44,2,
2022-06-08T16:00:00Z,352,created,supply,415.7,416.22,1,pivot
2022-06-08T17:00:00Z,326,broken,demand,413.7,415.07,3,
2022-06-08T19:00:00Z,349,touch,demand,409.51,410.46,1,
2022-06-09T14:30:00Z,337,touch,demand,408.11147067604503,408.57,2,
2022-06-09T14:30:00Z,349,rejection,demand,409.51,410.46,1,
2022-06-09T15:00:00Z,345,role_flip_retest,supply,410.03,411.16,2,
2022-06-09T15:00:00Z,349,broken,demand,409.51,410.46,1,
2022-06-09T16:00:00Z,337,touch,demand,408.11147067604503,408.57,2,
2022-06-09T16:00:00Z,349,role_flip_retest,supply,409.51,410.46,2,
2022-06-09T17:00:00Z,337,rejection,demand,408.11147067604503,408.57,2,
2022-06-09T19:00:00Z,337,broken,demand,408.11147067604503,408.57,2,
2022-06-09T19:00:00Z,347,broken,demand,406.93,408.1,2,
2022-06-09T20:00:00Z,316,age_expired,supply,449.36,450.01,1,
2022-06-09T20:00:00Z,349,merged,supply,409.44,410.53,3,order_block;geometry=updated
2022-06-10T14:30:00Z,332,broken,demand,394.82,395.95,3,
2022-06-10T14:30:00Z,339,broken,demand,394.71145184520896,397.03,3,
2022-06-10T19:00:00Z,320,broken_zone_expired,supply,415.01,417.09041975367126,3,
2022-06-10T19:00:00Z,346,broken_zone_expired,supply,416.07006344183594,416.46,1,
2022-06-10T19:00:00Z,354,created,demand,389.87,390.85,1,pivot
2022-06-13T14:30:00Z,334,broken,demand,386.92,388.6,3,
2022-06-13T14:30:00Z,340,broken,demand,380.54,382.94,2,
2022-06-13T14:30:00Z,354,broken,demand,389.87,390.85,1,
2022-06-13T15:00:00Z,340,role_flip_retest,supply,380.54,382.94,3,
2022-06-13T16:00:00Z,355,created,supply,393.1,394.25,1,pivot
2022-06-13T19:00:00Z,356,created,demand,374.93,376.14,1,pivot
2022-06-14T17:00:00Z,356,broken,demand,374.93,376.14,1,
2022-06-14T18:00:00Z,356,role_flip_retest,supply,374.93,376.14,2,
2022-06-14T19:00:00Z,318,age_expired,supply,428.2692322988279,429.64,2,
2022-06-15T14:30:00Z,356,broken,supply,374.93,376.14,2,
2022-06-15T16:00:00Z,356,role_flip_retest,demand,374.93,376.14,2,
2022-06-15T16:00:00Z,357,created,demand,370.59,372.19,1,pivot
2022-06-15T18:00:00Z,358,created,supply,378.61,379.5,1,pivot
2022-06-15T19:00:00Z,340,touch,supply,380.54,382.94,3,
2022-06-15T19:00:00Z,344,broken_zone_expired,supply,415.0373691114746,415.39,2,
2022-06-15T19:00:00Z,357,touch,demand,370.59,372.19,1,
2022-06-15T20:00:00Z,357,rejection,demand,370.59,372.19,1,
2022-06-16T14:30:00Z,340,rejection,supply,380.54,382.94,3,
2022-06-16T14:30:00Z,356,broken,demand,374.93,376.14,2,
2022-06-16T14:30:00Z,357,broken,demand,370.59,372.19,1,
2022-06-16T16:00:00Z,326,broken_zone_expired,demand,413.7,415.07,3,
2022-06-16T16:00:00Z,359,created,supply,381.5068856325253,383.9,1,pivot
2022-06-16T18:00:00Z,360,created,demand,365.76,366.2520114969609,1,pivot
2022-06-16T19:00:00Z,360,broken,demand,365.76,366.2520114969609,1,
2022-06-17T15:00:00Z,360,role_flip_retest,supply,365.76,366.2520114969609,2,
2022-06-17T15:00:00Z,360,volume_confluence,supply,365.76,366.2520114969609,3,POC:2022-06-16:366.216875
2022-06-17T17:00:00Z,361,created,supply,368.39,369.38,1,pivot
2022-06-17T18:00:00Z,337,broken_zone_expired,demand,408.11147067604503,408.57,2,
2022-06-17T18:00:00Z,347,broken_zone_expired,demand,406.93,408.1,2,
2022-06-17T18:00:00Z,360,broken,supply,365.76,366.2520114969609,3,
2022-06-17T18:00:00Z,362,created,demand,362.17,363.54,1,pivot
2022-06-17T20:00:00Z,332,broken_zone_expired,demand,394.82,395.95,3,
2022-06-17T20:00:00Z,339,broken_zone_expired,demand,394.71145184520896,397.03,3,
2022-06-21T14:30:00Z,361,broken,supply,368.39,369.38,1,
2022-06-21T16:00:00Z,356,role_flip_retest,supply,374.93,376.14,2,
2022-06-21T19:00:00Z,356,merged,supply,374.93,376.28,3,pivot;geometry=updated
2022-06-21T19:00:00Z,356,qualified,supply,374.93,376.28,3,pivot|repeated_pivot|role_flip
2022-06-21T20:00:00Z,334,broken_zone_expired,demand,386.92,388.6,3,
2022-06-21T20:00:00Z,354,broken_zone_expired,demand,389.87,390.85,1,
2022-06-22T15:00:00Z,356,broken,supply,374.93,376.28,3,
2022-06-22T17:00:00Z,356,role_flip_retest,demand,374.93,376.28,3,
2022-06-22T17:00:00Z,364,created,demand,370.18,370.65,1,pivot
2022-06-22T18:00:00Z,365,created,supply,376.79,377.96,1,pivot
2022-06-22T19:00:00Z,358,touch,supply,378.61,379.5,1,
2022-06-22T20:00:00Z,356,broken,demand,374.93,376.28,3,
2022-06-22T20:00:00Z,358,rejection,supply,378.61,379.5,1,
2022-06-23T15:00:00Z,366,created,supply,377.25,378.72,1,pivot
2022-06-23T17:00:00Z,356,role_flip_retest,supply,374.93,376.28,3,
2022-06-23T20:00:00Z,356,broken,supply,374.93,376.28,3,
2022-06-23T20:00:00Z,358,touch,supply,378.61,379.5,1,
2022-06-23T20:00:00Z,365,broken,supply,376.79,377.96,1,
2022-06-23T20:00:00Z,366,touch,supply,377.25,378.72,1,
2022-06-24T14:30:00Z,340,broken,supply,380.54,382.94,3,
2022-06-24T14:30:00Z,358,broken,supply,378.61,379.5,1,
2022-06-24T14:30:00Z,359,touch,supply,381.5068856325253,383.9,1,
2022-06-24T14:30:00Z,366,broken,supply,377.25,378.72,1,
2022-06-24T14:30:00Z,367,created,demand,372.89,373.58,1,pivot
2022-06-24T15:00:00Z,327,age_expired,supply,414.25,416.05,3,
2022-06-24T15:00:00Z,359,broken,supply,381.5068856325253,383.9,1,
2022-06-24T20:00:00Z,357,broken_zone_expired,demand,370.59,372.19,1,
2022-06-27T17:00:00Z,368,created,supply,391.0451090232692,391.36,1,pivot
2022-06-28T14:30:00Z,355,touch,supply,393.1,394.25,1,
2022-06-28T14:30:00Z,368,broken,supply,391.0451090232692,391.36,1,
2022-06-28T15:00:00Z,355,rejection,supply,393.1,394.25,1,
2022-06-28T16:00:00Z,359,role_flip_retest,demand,381.5068856325253,383.9,2,
2022-06-28T16:00:00Z,369,created,supply,391.71082273080805,393.16,1,order_block
2022-06-28T17:00:00Z,360,broken_zone_expired,supply,365.76,366.2520114969609,3,
2022-06-28T17:00:00Z,370,created,supply,391.92,393.16,1,pivot
2022-06-28T18:00:00Z,340,role_flip_retest,demand,380.54,382.94,3,
2022-06-28T20:00:00Z,359,broken,demand,381.5068856325253,383.9,2,
2022-06-28T20:00:00Z,361,broken_zone_expired,supply,368.39,369.38,1,
2022-06-29T14:30:00Z,358,role_flip_retest,demand,378.61,379.5,2,
2022-06-29T14:30:00Z,359,role_flip_retest,supply,381.5068856325253,383.9,2,
2022-06-29T14:30:00Z,366,role_flip_retest,demand,377.25,378.72,2,
2022-06-29T17:00:00Z,340,broken,demand,380.54,382.94,3,
2022-06-29T17:00:00Z,371,created,demand,378.42,379.8828604678261,1,pivot
2022-06-29T19:00:00Z,340,role_flip_retest,supply,380.54,382.94,3,
2022-06-29T20:00:00Z,371,volume_confluence,demand,378.42,379.8828604678261,2,POC:2022-06-29:379.623125
2022-06-30T14:30:00Z,358,broken,demand,378.61,379.5,2,
2022-06-30T14:30:00Z,366,broken,demand,377.25,378.72,2,
2022-06-30T14:30:00Z,367,touch,demand,372.89,373.58,1,
2022-06-30T14:30:00Z,371,broken,demand,378.42,379.8828604678261,2,
2022-06-30T15:00:00Z,367,rejection,demand,372.89,373.58,1,
2022-06-30T16:00:00Z,356,role_flip_retest,demand,374.93,376.28,3,
2022-06-30T16:00:00Z,365,role_flip_retest,demand,376.79,377.96,2,
2022-06-30T16:00:00Z,371,role_flip_retest,supply,378.42,379.8828604678261,3,
2022-06-30T18:00:00Z,367,merged,demand,372.56,373.58,2,pivot;geometry=updated
2022-06-30T18:00:00Z,367,qualified,demand,372.56,373.58,2,pivot|repeated_pivot
2022-06-30T19:00:00Z,358,role_flip_retest,supply,378.61,379.5,2,
2022-06-30T19:00:00Z,366,role_flip_retest,supply,377.25,378.72,2,
2022-06-30T20:00:00Z,365,volume_confluence,demand,376.79,377.96,3,POC:2022-06-30:377.791250
2022-06-30T20:00:00Z,366,volume_confluence,supply,377.25,378.72,3,POC:2022-06-30:377.791250
2022-07-01T15:00:00Z,365,broken,demand,376.79,377.96,3,
2022-07-01T16:00:00Z,365,role_flip_retest,supply,376.79,377.96,3,
2022-07-01T18:00:00Z,365,broken,supply,376.79,377.96,3,
2022-07-01T18:00:00Z,373,created,demand,373.8,375.4,1,pivot
2022-07-01T19:00:00Z,358,broken,supply,378.61,379.5,2,
2022-07-01T19:00:00Z,365,role_flip_retest,demand,376.79,377.96,3,
2022-07-01T19:00:00Z,366,broken,supply,377.25,378.72,3,
2022-07-01T19:00:00Z,371,touch,supply,378.42,379.8828604678261,3,
2022-07-01T20:00:00Z,340,touch,supply,380.54,382.94,3,
2022-07-01T20:00:00Z,358,role_flip_retest,demand,378.61,379.5,2,
2022-07-01T20:00:00Z,359,touch,supply,381.5068856325253,383.9,2,
2022-07-01T20:00:00Z,371,broken,supply,378.42,379.8828604678261,3,
2022-07-05T14:30:00Z,340,rejection,supply,380.54,382.94,3,
2022-07-05T14:30:00Z,356,broken,demand,374.93,376.28,3,
2022-07-05T14:30:00Z,358,broken,demand,378.61,379.5,2,
2022-07-05T14:30:00Z,359,rejection,supply,381.5068856325253,383.9,2,
2022-07-05T14:30:00Z,365,broken,demand,376.79,377.96,3,
2022-07-05T14:30:00Z,367,touch,demand,372.56,373.58,2,
2022-07-05T14:30:00Z,373,touch,demand,373.8,375.4,1,
2022-07-05T15:00:00Z,356,role_flip_retest,supply,374.93,376.28,3,
2022-07-05T16:00:00Z,367,rejection,demand,372.56,373.58,2,
2022-07-05T16:00:00Z,374,created,supply,381.2,381.7,1,pivot
2022-07-05T17:00:00Z,365,role_flip_retest,supply,376.79,377.96,3,
2022-07-05T18:00:00Z,356,broken,supply,374.93,376.28,3,
2022-07-05T18:00:00Z,367,merged,demand,372.56,373.58,2,pivot;geometry=frozen
2022-07-05T19:00:00Z,365,broken,supply,376.79,377.96,3,
2022-07-05T19:00:00Z,366,role_flip_retest,demand,377.25,378.72,3,
2022-07-05T19:00:00Z,371,role_flip_retest,demand,378.42,379.8828604678261,3,
2022-07-05T20:00:00Z,374,broken,supply,381.2,381.7,1,
2022-07-05T20:00:00Z,373,volume_confluence,demand,373.8,375.4,2,POC:2022-07-05:375.359167
2022-07-06T14:30:00Z,374,role_flip_retest,demand,381.2,381.7,2,
2022-07-06T16:00:00Z,374,broken,demand,381.2,381.7,2,
2022-07-06T17:00:00Z,376,created,supply,382.12,383.66,1,pivot
2022-07-06T18:00:00Z,359,touch,supply,381.5068856325253,383.9,2,
2022-07-06T19:00:00Z,340,broken,supply,380.54,382.94,3,
2022-07-06T19:00:00Z,359,broken,supply,381.5068856325253,383.9,2,
2022-07-06T19:00:00Z,376,broken,supply,382.12,383.66,1,
2022-07-06T20:00:00Z,340,role_flip_retest,demand,380.54,382.94,3,
2022-07-06T20:00:00Z,368,broken_zone_expired,supply,391.0451090232692,391.36,1,
2022-07-08T18:00:00Z,377,created,demand,385.66,386.33,1,pivot
2022-07-08T19:00:00Z,378,created,supply,389.94,390.64,1,pivot
2022-07-11T14:30:00Z,359,role_flip_retest,demand,381.5068856325253,383.9,2,
2022-07-11T14:30:00Z,377,broken,demand,385.66,386.33,1,
2022-07-11T15:00:00Z,376,role_flip_retest,demand,382.12,383.66,2,
2022-07-11T18:00:00Z,379,created,demand,383.66,384.1,1,pivot
2022-07-11T19:00:00Z,377,role_flip_retest,supply,385.66,386.33,2,
2022-07-11T20:00:00Z,379,touch,demand,383.66,384.1,1,
2022-07-12T15:00:00Z,340,touch,demand,380.54,382.94,3,
2022-07-12T17:00:00Z,340,rejection,demand,380.54,382.94,3,
2022-07-12T18:00:00Z,359,touch,demand,381.5068856325253,383.9,2,
2022-07-12T18:00:00Z,376,touch,demand,382.12,383.66,2,
2022-07-12T18:00:00Z,380,created,demand,382.52,383.67789230463353,1,pivot
2022-07-12T19:00:00Z,379,broken,demand,383.66,384.1,1,
2022-07-12T20:00:00Z,358,broken_zone_expired,demand,378.61,379.5,2,
2022-07-12T20:00:00Z,359,broken,demand,381.5068856325253,383.9,2,
2022-07-12T20:00:00Z,371,touch,demand,378.42,379.8828604678261,3,
2022-07-12T20:00:00Z,374,role_flip_retest,supply,381.2,381.7,2,
2022-07-12T20:00:00Z,376,broken,demand,382.12,383.66,2,
2022-07-12T20:00:00Z,380,broken,demand,382.52,383.67789230463353,1,
2022-07-13T14:30:00Z,340,broken,demand,380.54,382.94,3,
2022-07-13T14:30:00Z,356,role_flip_retest,demand,374.93,376.28,3,
2022-07-13T14:30:00Z,366,touch,demand,377.25,378.72,3,
2022-07-13T14:30:00Z,371,broken,demand,378.42,379.8828604678261,3,
2022-07-13T14:30:00Z,373,touch,demand,373.8,375.4,2,
2022-07-13T15:00:00Z,365,role_flip_retest,demand,376.79,377.96,3,
2022-07-13T15:00:00Z,366,rejection,demand,377.25,378.72,3,
2022-07-13T15:00:00Z,373,rejection,demand,373.8,375.4,2,
2022-07-13T16:00:00Z,340,role_flip_retest,supply,380.54,382.94,3,
2022-07-13T17:00:00Z,340,age_expired,supply,380.54,382.94,3,
2022-07-13T17:00:00Z,381,created,demand,374.65,375.1,1,pivot
2022-07-13T18:00:00Z,359,role_flip_retest,supply,381.5068856325253,383.9,2,
2022-07-14T14:30:00Z,356,broken,demand,374.93,376.28,3,
2022-07-14T14:30:00Z,365,broken,demand,376.79,377.96,3,
2022-07-14T14:30:00Z,366,broken,demand,377.25,378.72,3,
2022-07-14T14:30:00Z,367,broken,demand,372.56,373.58,2,
2022-07-14T14:30:00Z,373,broken,demand,373.8,375.4,2,
2022-07-14T14:30:00Z,381,broken,demand,374.65,375.1,1,
2022-07-14T15:00:00Z,367,role_flip_retest,supply,372.56,373.58,3,
2022-07-14T16:00:00Z,367,broken,supply,372.56,373.58,3,
2022-07-14T17:00:00Z,356,role_flip_retest,supply,374.93,376.28,3,
2022-07-14T17:00:00Z,367,role_flip_retest,demand,372.56,373.58,3,
2022-07-14T17:00:00Z,381,role_flip_retest,supply,374.65,375.1,2,
2022-07-14T18:00:00Z,381,broken,supply,374.65,375.1,2,
2022-07-14T18:00:00Z,382,created,demand,371.04,372.33,1,pivot
2022-07-14T19:00:00Z,356,broken,supply,374.93,376.28,3,
2022-07-14T20:00:00Z,371,role_flip_retest,supply,378.42,379.8828604678261,3,
2022-07-14T20:00:00Z,367,volume_confluence,demand,372.56,373.58,4,POC:2022-07-14:373.079375
2022-07-14T20:00:00Z,367,evidence_upgrade,demand,372.56,373.58,4,volume_profile;score:3->4;qualified_score:2
2022-07-15T14:30:00Z,359,touch,supply,381.5068856325253,383.9,2,
2022-07-15T14:30:00Z,371,broken,supply,378.42,379.8828604678261,3,
2022-07-15T14:30:00Z,374,touch,supply,381.2,381.7,2,
2022-07-15T14:30:00Z,376,role_flip_retest,supply,382.12,383.66,2,
2022-07-15T14:30:00Z,380,role_flip_retest,supply,382.52,383.67789230463353,2,
2022-07-15T15:00:00Z,374,broken,supply,381.2,381.7,2,
2022-07-15T16:00:00Z,376,broken,supply,382.12,383.66,2,
2022-07-15T16:00:00Z,380,broken,supply,382.52,383.67789230463353,2,
2022-07-15T17:00:00Z,376,role_flip_retest,demand,382.12,383.66,2,
2022-07-15T17:00:00Z,380,role_flip_retest,demand,382.52,383.67789230463353,2,
2022-07-15T18:00:00Z,359,broken,supply,381.5068856325253,383.9,2,
2022-07-15T19:00:00Z,359,role_flip_retest,demand,381.5068856325253,383.9,2,
2022-07-15T19:00:00Z,383,created,supply,384.0,384.85,1,pivot
2022-07-15T20:00:00Z,383,broken,supply,384.0,384.85,1,
2022-07-15T20:00:00Z,359,volume_confluence,demand,381.5068856325253,383.9,3,POC:2022-07-15:383.778125
2022-07-18T14:30:00Z,377,broken,supply,385.66,386.33,2,
2022-07-18T17:00:00Z,384,created,supply,388.38,389.09,1,pivot
2022-07-18T19:00:00Z,359,touch,demand,381.5068856325253,383.9,3,
2022-07-18T19:00:00Z,376,touch,demand,382.12,383.66,2,
2022-07-18T19:00:00Z,379,role_flip_retest,supply,383.66,384.1,2,
2022-07-18T19:00:00Z,380,touch,demand,382.52,383.67789230463353,2,
2022-07-18T19:00:00Z,379,volume_confluence,supply,383.66,384.1,3,POC:2022-07-15:383.778125
2022-07-18T20:00:00Z,374,role_flip_retest,demand,381.2,381.7,2,
2022-07-18T20:00:00Z,376,broken,demand,382.12,383.66,2,
2022-07-18T20:00:00Z,380,broken,demand,382.52,383.67789230463353,2,
2022-07-19T14:30:00Z,359,rejection,demand,381.5068856325253,383.9,3,
2022-07-19T14:30:00Z,377,role_flip_retest,demand,385.66,386.33,2,
2022-07-19T14:30:00Z,379,broken,supply,383.66,384.1,3,
2022-07-19T15:00:00Z,384,touch,supply,388.38,389.09,1,
2022-07-19T16:00:00Z,384,broken,supply,388.38,389.09,1,
2022-07-19T16:00:00Z,385,created,demand,380.66,381.99,1,pivot
2022-07-19T17:00:00Z,378,touch,supply,389.94,390.64,1,
2022-07-19T17:00:00Z,384,role_flip_retest,demand,388.38,389.09,2,
2022-07-19T18:00:00Z,378,broken,supply,389.94,390.64,1,
2022-07-19T19:00:00Z,369,touch,supply,391.71082273080805,393.16,1,
2022-07-19T19:00:00Z,370,touch,supply,391.92,393.16,1,
2022-07-20T14:30:00Z,369,rejection,supply,391.71082273080805,393.16,1,
2022-07-20T14:30:00Z,370,rejection,supply,391.92,393.16,1,
2022-07-20T15:00:00Z,355,broken,supply,393.1,394.25,1,
2022-07-20T15:00:00Z,369,broken,supply,391.71082273080805,393.16,1,
2022-07-20T15:00:00Z,370,broken,supply,391.92,393.16,1,
2022-07-20T15:00:00Z,386,created,demand,391.31,392.41,1,order_block
2022-07-20T15:00:00Z,386,volume_confluence,demand,391.31,392.41,2,POC:2022-07-19:391.467500
2022-07-20T17:00:00Z,355,role_flip_retest,demand,393.1,394.25,2,
2022-07-20T18:00:00Z,355,broken,demand,393.1,394.25,2,
2022-07-20T19:00:00Z,369,role_flip_retest,demand,391.71082273080805,393.16,2,
2022-07-20T19:00:00Z,370,role_flip_retest,demand,391.92,393.16,2,
2022-07-20T20:00:00Z,387,created,supply,395.77,396.26,1,pivot
2022-07-21T14:30:00Z,345,age_expired,supply,410.03,411.16,2,
2022-07-21T15:00:00Z,386,touch,demand,391.31,392.41,2,
2022-07-21T16:00:00Z,386,rejection,demand,391.31,392.41,2,
2022-07-21T16:00:00Z,387,touch,supply,395.77,396.26,1,
2022-07-21T17:00:00Z,387,broken,supply,395.77,396.26,1,
2022-07-21T18:00:00Z,387,role_flip_retest,demand,395.77,396.26,2,
2022-07-21T18:00:00Z,388,created,demand,391.63,392.9473594214436,1,pivot
2022-07-21T20:00:00Z,365,broken_zone_expired,demand,376.79,377.96,3,
2022-07-21T20:00:00Z,366,broken_zone_expired,demand,377.25,378.72,3,
2022-07-21T20:00:00Z,373,broken_zone_expired,demand,373.8,375.4,2,
2022-07-22T17:00:00Z,381,broken_zone_expired,supply,374.65,375.1,2,
2022-07-22T17:00:00Z,387,broken,demand,395.77,396.26,2,
2022-07-22T17:00:00Z,389,created,supply,398.92,400.16,1,pivot
2022-07-22T18:00:00Z,356,broken_zone_expired,supply,374.93,376.28,3,
2022-07-22T19:00:00Z,369,touch,demand,391.71082273080805,393.16,2,
2022-07-22T19:00:00Z,370,touch,demand,391.92,393.16,2,
2022-07-22T19:00:00Z,388,touch,demand,391.63,392.9473594214436,1,
2022-07-22T20:00:00Z,369,rejection,demand,391.71082273080805,393.16,2,
2022-07-22T20:00:00Z,370,rejection,demand,391.92,393.16,2,
2022-07-22T20:00:00Z,371,broken_zone_expired,supply,378.42,379.8828604678261,3,
2022-07-22T20:00:00Z,388,rejection,demand,391.63,392.9473594214436,1,
2022-07-25T14:30:00Z,387,role_flip_retest,supply,395.77,396.26,2,
2022-07-25T15:00:00Z,390,created,demand,392.75,393.71,1,pivot
2022-07-25T15:00:00Z,390,volume_confluence,demand,392.75,393.71,2,POC:2022-07-22:393.521875
2022-07-25T19:00:00Z,348,age_expired,supply,416.08,417.44,2,
2022-07-25T19:00:00Z,383,broken_zone_expired,supply,384.0,384.85,1,
2022-07-25T19:00:00Z,390,touch,demand,392.75,393.71,2,
2022-07-25T20:00:00Z,390,rejection,demand,392.75,393.71,2,
2022-07-25T20:00:00Z,387,merged,supply,395.77,396.47,3,pivot;geometry=updated
2022-07-25T20:00:00Z,387,qualified,supply,395.77,396.47,3,pivot|repeated_pivot|role_flip
2022-07-26T14:30:00Z,369,touch,demand,391.71082273080805,393.16,2,
2022-07-26T14:30:00Z,370,touch,demand,391.92,393.16,2,
2022-07-26T14:30:00Z,388,touch,demand,391.63,392.9473594214436,1,
2022-07-26T15:00:00Z,349,age_expired,supply,409.44,410.53,3,
2022-07-26T15:00:00Z,355,role_flip_retest,supply,393.1,394.25,2,
2022-07-26T15:00:00Z,386,touch,demand,391.31,392.41,2,
2022-07-26T16:00:00Z,369,broken,demand,391.71082273080805,393.16,2,
2022-07-26T16:00:00Z,370,broken,demand,391.92,393.16,2,
2022-07-26T16:00:00Z,386,broken,demand,391.31,392.41,2,
2022-07-26T16:00:00Z,388,broken,demand,391.63,392.9473594214436,1,
2022-07-26T16:00:00Z,390,broken,demand,392.75,393.71,2,
2022-07-26T17:00:00Z,369,role_flip_retest,supply,391.71082273080805,393.16,2,
2022-07-26T17:00:00Z,378,role_flip_retest,demand,389.94,390.64,2,
2022-07-26T17:00:00Z,388,role_flip_retest,supply,391.63,392.9473594214436,2,
2022-07-26T18:00:00Z,370,role_flip_retest,supply,391.92,393.16,2,
2022-07-26T18:00:00Z,386,role_flip_retest,supply,391.31,392.41,3,
2022-07-26T19:00:00Z,376,broken_zone_expired,demand,382.12,383.66,2,
2022-07-26T19:00:00Z,380,broken_zone_expired,demand,382.52,383.67789230463353,2,
2022-07-26T20:00:00Z,379,broken_zone_expired,supply,383.66,384.1,3,
2022-07-27T14:30:00Z,355,broken,supply,393.1,394.25,2,
2022-07-27T14:30:00Z,369,broken,supply,391.71082273080805,393.16,2,
2022-07-27T14:30:00Z,370,broken,supply,391.92,393.16,2,
2022-07-27T14:30:00Z,386,broken,supply,391.31,392.41,3,
2022-07-27T14:30:00Z,388,broken,supply,391.63,392.9473594214436,2,
2022-07-27T15:00:00Z,387,touch,supply,395.77,396.47,3,
2022-07-27T16:00:00Z,387,broken,supply,395.77,396.47,3,
2022-07-27T16:00:00Z,378,merged,demand,389.94,390.74,3,pivot;geometry=updated
2022-07-27T16:00:00Z,378,qualified,demand,389.94,390.74,3,pivot|repeated_pivot|role_flip
2022-07-27T19:00:00Z,387,role_flip_retest,demand,395.77,396.47,3,
2022-07-27T19:00:00Z,389,touch,supply,398.92,400.16,1,
2022-07-27T19:00:00Z,387,merged,demand,395.77,396.47,4,order_block;geometry=frozen
2022-07-27T19:00:00Z,387,evidence_upgrade,demand,395.77,396.47,4,score:3->4;qualified_score:3
2022-07-27T20:00:00Z,389,broken,supply,398.92,400.16,1,
2022-07-27T20:00:00Z,387,volume_confluence,demand,395.77,396.47,5,POC:2022-07-27:396.073542
2022-07-27T20:00:00Z,387,evidence_upgrade,demand,395.77,396.47,5,volume_profile;score:4->5;qualified_score:3
2022-07-28T15:00:00Z,389,role_flip_retest,demand,398.92,400.16,2,
2022-07-28T19:00:00Z,352,age_expired,supply,415.7,416.22,1,
2022-08-01T18:00:00Z,394,created,supply,413.05,413.41,1,pivot
2022-08-02T18:00:00Z,395,created,demand,406.82,408.1793258909739,1,pivot
2022-08-02T20:00:00Z,395,touch,demand,406.82,408.1793258909739,1,
2022-08-02T20:00:00Z,394,merged,supply,412.63,413.41,2,pivot;geometry=updated
2022-08-02T20:00:00Z,394,qualified,supply,412.63,413.41,2,pivot|repeated_pivot
2022-08-03T14:30:00Z,395,rejection,demand,406.82,408.1793258909739,1,
2022-08-03T15:00:00Z,390,broken_zone_expired,demand,392.75,393.71,2,
2022-08-03T16:00:00Z,394,touch,supply,412.63,413.41,2,
2022-08-03T17:00:00Z,394,broken,supply,412.63,413.41,2,
2022-08-03T20:00:00Z,355,broken_zone_expired,supply,393.1,394.25,2,
2022-08-03T20:00:00Z,369,broken_zone_expired,supply,391.71082273080805,393.16,2,
2022-08-03T20:00:00Z,370,broken_zone_expired,supply,391.92,393.16,2,
2022-08-03T20:00:00Z,386,broken_zone_expired,supply,391.31,392.41,3,
2022-08-03T20:00:00Z,388,broken_zone_expired,supply,391.63,392.9473594214436,2,
2022-08-04T15:00:00Z,394,role_flip_retest,demand,412.63,413.41,3,
2022-08-04T16:00:00Z,397,created,supply,414.81,415.68,1,pivot
2022-08-04T18:00:00Z,398,created,demand,412.44,413.5608879298658,1,pivot
2022-08-04T20:00:00Z,397,touch,supply,414.81,415.68,1,
2022-08-05T14:30:00Z,394,broken,demand,412.63,413.41,3,
2022-08-05T14:30:00Z,398,broken,demand,412.44,413.5608879298658,1,
2022-08-05T16:00:00Z,394,role_flip_retest,supply,412.63,413.41,3,
2022-08-05T16:00:00Z,397,rejection,supply,414.81,415.68,1,
2022-08-05T16:00:00Z,398,role_flip_retest,supply,412.44,413.5608879298658,2,
2022-08-05T17:00:00Z,399,created,demand,409.6,409.8603659426712,1,pivot
2022-08-05T19:00:00Z,359,age_expired,demand,381.5068856325253,383.9,3,
2022-08-08T14:30:00Z,394,broken,supply,412.63,413.41,3,
2022-08-08T14:30:00Z,397,broken,supply,414.81,415.68,1,
2022-08-08T14:30:00Z,398,broken,supply,412.44,413.5608879298658,2,
2022-08-08T16:00:00Z,398,role_flip_retest,demand,412.44,413.5608879298658,2,
2022-08-08T18:00:00Z,394,role_flip_retest,demand,412.63,413.41,3,
2022-08-08T18:00:00Z,400,created,supply,417.19,417.62,1,pivot
2022-08-08T19:00:00Z,394,broken,demand,412.63,413.41,3,
2022-08-08T20:00:00Z,398,volume_confluence,demand,412.44,413.5608879298658,3,POC:2022-08-08:412.915625
2022-08-09T14:30:00Z,362,age_expired,demand,362.17,363.54,1,
2022-08-09T14:30:00Z,394,role_flip_retest,supply,412.63,413.41,3,
2022-08-09T14:30:00Z,398,broken,demand,412.44,413.5608879298658,3,
2022-08-09T14:30:00Z,394,volume_confluence,supply,412.63,413.41,4,POC:2022-08-08:412.915625
2022-08-09T14:30:00Z,394,evidence_upgrade,supply,412.63,413.41,4,volume_profile;score:3->4;qualified_score:2
2022-08-10T14:30:00Z,394,broken,supply,412.63,413.41,4,
2022-08-10T14:30:00Z,400,broken,supply,417.19,417.62,1,
2022-08-10T15:00:00Z,400,role_flip_retest,demand,417.19,417.62,2,
2022-08-10T15:00:00Z,401,created,demand,410.22,411.04,1,pivot
2022-08-10T15:00:00Z,401,volume_confluence,demand,410.22,411.04,2,POC:2022-08-09:410.905208
2022-08-10T19:00:00Z,402,created,supply,419.59,420.04,1,pivot
2022-08-10T20:00:00Z,364,age_expired,demand,370.18,370.65,1,
2022-08-11T14:30:00Z,402,broken,supply,419.59,420.04,1,
2022-08-11T18:00:00Z,403,created,supply,423.85791418721027,424.95,1,pivot
2022-08-11T19:00:00Z,402,role_flip_retest,demand,419.59,420.04,2,
2022-08-12T16:00:00Z,402,merged,demand,419.21,420.04,3,pivot;geometry=updated
2022-08-12T16:00:00Z,402,qualified,demand,419.21,420.04,3,pivot|repeated_pivot|role_flip
2022-08-12T16:00:00Z,402,volume_confluence,demand,419.21,420.04,4,POC:2022-08-11:419.568750
2022-08-12T16:00:00Z,402,evidence_upgrade,demand,419.21,420.04,4,volume_profile;score:3->4;qualified_score:3
2022-08-12T17:00:00Z,367,age_expired,demand,372.56,373.58,4,
2022-08-12T17:00:00Z,403,touch,supply,423.85791418721027,424.95,1,
2022-08-12T19:00:00Z,403,broken,supply,423.85791418721027,424.95,1,
2022-08-15T14:30:00Z,403,role_flip_retest,demand,423.85791418721027,424.95,2,
2022-08-15T20:00:00Z,397,broken_zone_expired,supply,414.81,415.68,1,
2022-08-16T16:00:00Z,405,created,demand,426.88,427.7334279430005,1,order_block
2022-08-16T18:00:00Z,406,created,demand,426.88,427.5,1,pivot
2022-08-16T20:00:00Z,398,broken_zone_expired,demand,412.44,413.5608879298658,3,
2022-08-17T14:30:00Z,405,touch,demand,426.88,427.7334279430005,1,
2022-08-17T14:30:00Z,406,touch,demand,426.88,427.5,1,
2022-08-17T15:00:00Z,405,broken,demand,426.88,427.7334279430005,1,
2022-08-17T15:00:00Z,406,broken,demand,426.88,427.5,1,
2022-08-17T15:00:00Z,407,created,supply,430.99,431.73,1,pivot
2022-08-17T16:00:00Z,403,touch,demand,423.85791418721027,424.95,2,
2022-08-17T17:00:00Z,403,rejection,demand,423.85791418721027,424.95,2,
2022-08-17T18:00:00Z,405,role_flip_retest,supply,426.88,427.7334279430005,2,
2022-08-17T18:00:00Z,406,role_flip_retest,supply,426.88,427.5,2,
2022-08-17T19:00:00Z,406,broken,supply,426.88,427.5,2,
2022-08-17T19:00:00Z,408,created,demand,424.54,424.89,1,pivot
2022-08-17T20:00:00Z,394,broken_zone_expired,supply,412.63,413.41,4,
2022-08-18T15:00:00Z,409,created,supply,428.4281205295527,429.5,1,pivot
2022-08-18T16:00:00Z,406,role_flip_retest,demand,426.88,427.5,2,
2022-08-18T17:00:00Z,406,broken,demand,426.88,427.5,2,
2022-08-18T20:00:00Z,405,broken,supply,426.88,427.7334279430005,2,
2022-08-18T20:00:00Z,409,touch,supply,428.4281205295527,429.5,1,
2022-08-19T14:30:00Z,403,broken,demand,423.85791418721027,424.95,2,
2022-08-19T14:30:00Z,408,broken,demand,424.54,424.89,1,
2022-08-19T14:30:00Z,409,rejection,supply,428.4281205295527,429.5,1,
2022-08-19T16:00:00Z,410,created,supply,427.83,428.61,1,pivot
2022-08-22T14:30:00Z,400,broken,demand,417.19,417.62,2,
2022-08-22T14:30:00Z,402,broken,demand,419.21,420.04,4,
2022-08-22T19:00:00Z,374,age_expired,demand,381.2,381.7,2,
2022-08-23T20:00:00Z,411,created,demand,411.77,412.75910510434005,1,pivot
2022-08-23T20:00:00Z,411,volume_confluence,demand,411.77,412.75910510434005,2,POC:2022-08-23:412.758542
2022-08-24T17:00:00Z,412,created,demand,411.39,412.14,1,pivot
2022-08-24T18:00:00Z,411,touch,demand,411.77,412.75910510434005,2,
2022-08-24T19:00:00Z,411,rejection,demand,411.77,412.75910510434005,2,
2022-08-24T19:00:00Z,413,created,supply,414.7,415.12,1,pivot
2022-08-25T14:30:00Z,413,broken,supply,414.7,415.12,1,
2022-08-25T15:00:00Z,400,role_flip_retest,supply,417.19,417.62,2,
2022-08-25T16:00:00Z,413,role_flip_retest,demand,414.7,415.12,2,
2022-08-25T18:00:00Z,400,merged,supply,417.09,417.85,3,pivot;geometry=updated
2022-08-25T18:00:00Z,400,qualified,supply,417.09,417.85,3,pivot|repeated_pivot|role_flip
2022-08-25T20:00:00Z,400,broken,supply,417.09,417.85,3,
2022-08-25T20:00:00Z,415,created,demand,416.07,416.77,1,order_block
2022-08-25T20:00:00Z,415,volume_confluence,demand,416.07,416.77,2,POC:2022-08-25:416.483125
2022-08-26T14:30:00Z,377,age_expired,demand,385.66,386.33,2,
2022-08-26T14:30:00Z,402,role_flip_retest,supply,419.21,420.04,4,
2022-08-26T15:00:00Z,378,age_expired,demand,389.94,390.74,3,
2022-08-26T15:00:00Z,411,touch,demand,411.77,412.75910510434005,2,
2022-08-26T15:00:00Z,412,touch,demand,411.39,412.14,1,
2022-08-26T15:00:00Z,413,broken,demand,414.7,415.12,2,
2022-08-26T15:00:00Z,415,broken,demand,416.07,416.77,2,
2022-08-26T16:00:00Z,401,touch,demand,410.22,411.04,2,
2022-08-26T16:00:00Z,406,broken_zone_expired,demand,426.88,427.5,2,
2022-08-26T16:00:00Z,411,broken,demand,411.77,412.75910510434005,2,
2022-08-26T16:00:00Z,412,broken,demand,411.39,412.14,1,
2022-08-26T17:00:00Z,399,touch,demand,409.6,409.8603659426712,1,
2022-08-26T18:00:00Z,399,broken,demand,409.6,409.8603659426712,1,
2022-08-26T18:00:00Z,401,broken,demand,410.22,411.04,2,
2022-08-26T18:00:00Z,402,merged,supply,419.21,420.04,4,pivot;geometry=frozen
2022-08-26T19:00:00Z,395,touch,demand,406.82,408.1793258909739,1,
2022-08-26T19:00:00Z,405,broken_zone_expired,supply,426.88,427.7334279430005,2,
2022-08-26T20:00:00Z,395,broken,demand,406.82,408.1793258909739,1,
2022-08-26T20:00:00Z,403,broken_zone_expired,demand,423.85791418721027,424.95,2,
2022-08-26T20:00:00Z,408,broken_zone_expired,demand,424.54,424.89,1,
2022-08-29T18:00:00Z,417,created,demand,401.19,401.4717810837741,1,pivot
2022-08-30T15:00:00Z,387,touch,demand,395.77,396.47,5,
2022-08-30T15:00:00Z,389,broken,demand,398.92,400.16,2,
2022-08-30T15:00:00Z,417,broken,demand,401.19,401.4717810837741,1,
2022-08-30T15:00:00Z,418,created,supply,404.64,405.84,1,order_block
2022-08-30T16:00:00Z,389,role_flip_retest,supply,398.92,400.16,2,
2022-08-30T18:00:00Z,387,touch,demand,395.77,396.47,5,
2022-08-30T20:00:00Z,387,rejection,demand,395.77,396.47,5,
2022-08-31T14:30:00Z,417,role_flip_retest,supply,401.19,401.4717810837741,2,
2022-08-31T14:30:00Z,419,created,demand,396.0,397.37227062399717,1,pivot
2022-08-31T16:00:00Z,419,touch,demand,396.0,397.37227062399717,1,
2022-08-31T17:00:00Z,420,created,supply,399.93,401.24,1,pivot
2022-08-31T20:00:00Z,387,broken,demand,395.77,396.47,5,
2022-08-31T20:00:00Z,419,broken,demand,396.0,397.37227062399717,1,
2022-09-01T14:30:00Z,382,age_expired,demand,371.04,372.33,1,
2022-09-01T19:00:00Z,421,created,demand,390.04,390.3471409972788,1,pivot
2022-09-02T14:30:00Z,389,touch,supply,398.92,400.16,2,
2022-09-02T14:30:00Z,420,touch,supply,399.93,401.24,1,
2022-09-02T15:00:00Z,389,broken,supply,398.92,400.16,2,
2022-09-02T15:00:00Z,417,touch,supply,401.19,401.4717810837741,2,
2022-09-02T16:00:00Z,389,role_flip_retest,demand,398.92,400.16,2,
2022-09-02T17:00:00Z,389,broken,demand,398.92,400.16,2,
2022-09-02T17:00:00Z,417,rejection,supply,401.19,401.4717810837741,2,
2022-09-02T17:00:00Z,420,rejection,supply,399.93,401.24,1,
2022-09-02T18:00:00Z,387,role_flip_retest,supply,395.77,396.47,5,
2022-09-02T18:00:00Z,419,role_flip_retest,supply,396.0,397.37227062399717,2,
2022-09-02T18:00:00Z,417,merged,supply,400.38,401.56,3,pivot;geometry=updated
2022-09-02T18:00:00Z,417,qualified,supply,400.38,401.56,3,pivot|repeated_pivot|role_flip
2022-09-02T19:00:00Z,400,broken_zone_expired,supply,417.09,417.85,3,
2022-09-02T20:00:00Z,384,age_expired,demand,388.38,389.09,2,
2022-09-02T20:00:00Z,421,touch,demand,390.04,390.3471409972788,1,
2022-09-06T14:30:00Z,413,broken_zone_expired,demand,414.7,415.12,2,
2022-09-06T14:30:00Z,415,broken_zone_expired,demand,416.07,416.77,2,
2022-09-06T15:00:00Z,411,broken_zone_expired,demand,411.77,412.75910510434005,2,
2022-09-06T15:00:00Z,412,broken_zone_expired,demand,411.39,412.14,1,
2022-09-06T15:00:00Z,421,rejection,demand,390.04,390.3471409972788,1,
2022-09-06T17:00:00Z,399,broken_zone_expired,demand,409.6,409.8603659426712,1,
2022-09-06T17:00:00Z,401,broken_zone_expired,demand,410.22,411.04,2,
2022-09-06T18:00:00Z,423,created,demand,388.42,390.1258553997371,1,pivot
2022-09-06T19:00:00Z,385,age_expired,demand,380.66,381.99,1,
2022-09-06T19:00:00Z,395,broken_zone_expired,demand,406.82,408.1793258909739,1,
2022-09-07T18:00:00Z,387,touch,supply,395.77,396.47,5,
2022-09-07T18:00:00Z,419,touch,supply,396.0,397.37227062399717,2,
2022-09-07T19:00:00Z,387,broken,supply,395.77,396.47,5,
2022-09-07T19:00:00Z,419,broken,supply,396.0,397.37227062399717,2,
2022-09-08T14:30:00Z,387,role_flip_retest,demand,395.77,396.47,5,
2022-09-08T15:00:00Z,419,role_flip_retest,demand,396.0,397.37227062399717,2,
2022-09-08T15:00:00Z,420,touch,supply,399.93,401.24,1,
2022-09-08T15:00:00Z,419,volume_confluence,demand,396.0,397.37227062399717,3,POC:2022-09-07:397.366458
2022-09-08T16:00:00Z,387,age_expired,demand,395.77,396.47,5,
2022-09-08T16:00:00Z,417,touch,supply,400.38,401.56,3,
2022-09-08T16:00:00Z,420,rejection,supply,399.93,401.24,1,
2022-09-08T17:00:00Z,389,role_flip_retest,supply,398.92,400.16,2,
2022-09-08T17:00:00Z,417,rejection,supply,400.38,401.56,3,
2022-09-08T19:00:00Z,420,merged,supply,399.91,401.24,2,pivot;geometry=updated
2022-09-08T19:00:00Z,420,qualified,supply,399.91,401.24,2,pivot|repeated_pivot
2022-09-08T20:00:00Z,389,broken,supply,398.92,400.16,2,
2022-09-09T14:30:00Z,417,broken,supply,400.38,401.56,3,
2022-09-09T14:30:00Z,420,broken,supply,399.91,401.24,2,
2022-09-09T15:00:00Z,418,touch,supply,404.64,405.84,1,
2022-09-09T17:00:00Z,418,broken,supply,404.64,405.84,1,
2022-09-09T18:00:00Z,418,role_flip_retest,demand,404.64,405.84,2,
2022-09-12T18:00:00Z,425,created,supply,411.02,411.73,1,pivot
2022-09-12T20:00:00Z,425,touch,supply,411.02,411.73,1,
2022-09-13T14:30:00Z,418,broken,demand,404.64,405.84,2,
2022-09-13T14:30:00Z,425,rejection,supply,411.02,411.73,1,
2022-09-13T19:00:00Z,419,broken,demand,396.0,397.37227062399717,3,
2022-09-13T20:00:00Z,419,role_flip_retest,supply,396.0,397.37227062399717,3,
2022-09-14T18:00:00Z,426,created,demand,391.76,393.21265962181417,1,pivot
2022-09-15T15:00:00Z,426,broken,demand,391.76,393.21265962181417,1,
2022-09-15T16:00:00Z,426,role_flip_retest,supply,391.76,393.21265962181417,2,
2022-09-15T17:00:00Z,421,touch,demand,390.04,390.3471409972788,1,
2022-09-15T18:00:00Z,421,rejection,demand,390.04,390.3471409972788,1,
2022-09-15T18:00:00Z,427,created,supply,395.18,395.96,1,pivot
2022-09-15T20:00:00Z,423,touch,demand,388.42,390.1258553997371,1,
2022-09-16T14:30:00Z,421,broken,demand,390.04,390.3471409972788,1,
2022-09-16T14:30:00Z,423,broken,demand,388.42,390.1258553997371,1,
2022-09-16T19:00:00Z,389,broken_zone_expired,supply,398.92,400.16,2,
2022-09-16T20:00:00Z,417,broken_zone_expired,supply,400.38,401.56,3,
2022-09-16T20:00:00Z,420,broken_zone_expired,supply,399.91,401.24,2,
2022-09-16T20:00:00Z,428,created,demand,382.11,383.52,1,pivot
2022-09-19T18:00:00Z,429,created,supply,386.21,387.16,1,pivot
2022-09-19T20:00:00Z,429,broken,supply,386.21,387.16,1,
2022-09-20T14:30:00Z,428,touch,demand,382.11,383.52,1,
2022-09-20T15:00:00Z,428,rejection,demand,382.11,383.52,1,
2022-09-20T16:00:00Z,430,created,supply,388.23218675842946,388.55,1,pivot
2022-09-20T18:00:00Z,428,broken,demand,382.11,383.52,1,
2022-09-20T20:00:00Z,418,broken_zone_expired,demand,404.64,405.84,2,
2022-09-21T14:30:00Z,431,created,demand,381.19,381.50662357332965,1,pivot
2022-09-21T19:00:00Z,423,role_flip_retest,supply,388.42,390.1258553997371,2,
2022-09-21T19:00:00Z,429,role_flip_retest,demand,386.21,387.16,2,
2022-09-21T19:00:00Z,430,touch,supply,388.23218675842946,388.55,1,
2022-09-21T19:00:00Z,431,touch,demand,381.19,381.50662357332965,1,
2022-09-21T20:00:00Z,428,role_flip_retest,supply,382.11,383.52,2,
2022-09-21T20:00:00Z,429,broken,demand,386.21,387.16,2,
2022-09-21T20:00:00Z,430,rejection,supply,388.23218675842946,388.55,1,
2022-09-21T20:00:00Z,431,broken,demand,381.19,381.50662357332965,1,
2022-09-21T20:00:00Z,430,merged,supply,387.6317440591294,389.31,2,order_block;geometry=updated
2022-09-22T15:00:00Z,433,created,supply,387.5,389.31,1,pivot
2022-09-22T19:00:00Z,434,created,demand,373.44,374.09,1,pivot
2022-09-23T14:30:00Z,434,broken,demand,373.44,374.09,1,
2022-09-23T16:00:00Z,435,created,supply,375.8540304127382,377.54,1,pivot
2022-09-23T20:00:00Z,421,broken_zone_expired,demand,390.04,390.3471409972788,1,
2022-09-26T15:00:00Z,436,created,demand,363.29,363.65291894203955,1,pivot
2022-09-26T18:00:00Z,436,touch,demand,363.29,363.65291894203955,1,
2022-09-26T18:00:00Z,437,created,supply,368.5492443403382,370.21,1,pivot
2022-09-26T19:00:00Z,436,rejection,demand,363.29,363.65291894203955,1,
2022-09-27T14:30:00Z,437,touch,supply,368.5492443403382,370.21,1,
2022-09-27T14:30:00Z,436,merged,demand,363.02,363.65291894203955,2,pivot;geometry=updated
2022-09-27T14:30:00Z,436,qualified,demand,363.02,363.65291894203955,2,pivot|repeated_pivot
2022-09-27T16:00:00Z,437,rejection,supply,368.5492443403382,370.21,1,
2022-09-27T17:00:00Z,436,broken,demand,363.02,363.65291894203955,2,
2022-09-27T17:00:00Z,439,created,supply,368.5953916446038,370.4,1,pivot
2022-09-28T14:30:00Z,440,created,demand,360.87,361.76,1,pivot
2022-09-28T17:00:00Z,437,touch,supply,368.5492443403382,370.21,1,
2022-09-28T17:00:00Z,439,touch,supply,368.5953916446038,370.4,1,
2022-09-28T20:00:00Z,437,broken,supply,368.5492443403382,370.21,1,
2022-09-28T20:00:00Z,439,volume_confluence,supply,368.5953916446038,370.4,2,POC:2022-09-28:369.268750
2022-09-29T15:00:00Z,402,age_expired,supply,419.21,420.04,4,
2022-09-29T15:00:00Z,436,role_flip_retest,supply,363.02,363.65291894203955,3,
2022-09-29T15:00:00Z,440,touch,demand,360.87,361.76,1,
2022-09-29T16:00:00Z,436,broken,supply,363.02,363.65291894203955,3,
2022-09-29T16:00:00Z,440,rejection,demand,360.87,361.76,1,
2022-09-29T16:00:00Z,441,created,supply,370.6131723989454,372.3,1,pivot
2022-09-29T18:00:00Z,440,broken,demand,360.87,361.76,1,
2022-09-29T19:00:00Z,429,broken_zone_expired,demand,386.21,387.16,2,
2022-09-29T19:00:00Z,431,broken_zone_expired,demand,381.19,381.50662357332965,1,
2022-09-29T19:00:00Z,440,role_flip_retest,supply,360.87,361.76,2,
2022-09-29T20:00:00Z,440,broken,supply,360.87,361.76,2,
2022-09-30T14:30:00Z,440,role_flip_retest,demand,360.87,361.76,2,
2022-09-30T15:00:00Z,436,role_flip_retest,demand,363.02,363.65291894203955,3,
2022-09-30T15:00:00Z,442,created,demand,359.7,360.05403888127216,1,pivot
2022-09-30T17:00:00Z,436,broken,demand,363.02,363.65291894203955,3,
2022-09-30T19:00:00Z,440,broken,demand,360.87,361.76,2,
2022-09-30T19:00:00Z,442,broken,demand,359.7,360.05403888127216,1,
2022-09-30T19:00:00Z,443,created,supply,364.36109794781515,365.91,1,pivot
2022-09-30T20:00:00Z,434,broken_zone_expired,demand,373.44,374.09,1,
2022-09-30T20:00:00Z,442,role_flip_retest,supply,359.7,360.05403888127216,2,
2022-10-03T14:30:00Z,440,role_flip_retest,supply,360.87,361.76,2,
2022-10-03T14:30:00Z,442,broken,supply,359.7,360.05403888127216,2,
2022-10-03T15:00:00Z,440,broken,supply,360.87,361.76,2,
2022-10-03T15:00:00Z,443,touch,supply,364.36109794781515,365.91,1,
2022-10-03T16:00:00Z,443,rejection,supply,364.36109794781515,365.91,1,
2022-10-03T16:00:00Z,444,created,demand,357.11,357.4708955502203,1,pivot
2022-10-03T19:00:00Z,443,broken,supply,364.36109794781515,365.91,1,
2022-10-04T14:30:00Z,435,touch,supply,375.8540304127382,377.54,1,
2022-10-04T14:30:00Z,439,broken,supply,368.5953916446038,370.4,2,
2022-10-04T14:30:00Z,441,broken,supply,370.6131723989454,372.3,1,
2022-10-04T19:00:00Z,445,created,supply,377.22,377.66,1,pivot
2022-10-04T20:00:00Z,435,broken,supply,375.8540304127382,377.54,1,
2022-10-04T20:00:00Z,445,broken,supply,377.22,377.66,1,
2022-10-05T16:00:00Z,441,role_flip_retest,demand,370.6131723989454,372.3,2,
2022-10-05T16:00:00Z,446,created,supply,377.6391407196952,377.99,1,pivot
2022-10-05T18:00:00Z,407,age_expired,supply,430.99,431.73,1,
2022-10-05T18:00:00Z,447,created,demand,370.95,371.35,1,pivot
2022-10-05T19:00:00Z,435,role_flip_retest,demand,375.8540304127382,377.54,2,
2022-10-05T19:00:00Z,445,role_flip_retest,demand,377.22,377.66,2,
2022-10-05T19:00:00Z,446,touch,supply,377.6391407196952,377.99,1,
2022-10-05T19:00:00Z,435,volume_confluence,demand,375.8540304127382,377.54,3,POC:2022-10-04:376.451667
2022-10-05T20:00:00Z,446,rejection,supply,377.6391407196952,377.99,1,
2022-10-06T14:30:00Z,445,broken,demand,377.22,377.66,2,
2022-10-06T16:00:00Z,435,broken,demand,375.8540304127382,377.54,3,
2022-10-06T16:00:00Z,448,created,supply,377.8681458094395,379.46,1,pivot
2022-10-06T17:00:00Z,435,role_flip_retest,supply,375.8540304127382,377.54,3,
2022-10-06T18:00:00Z,409,age_expired,supply,428.4281205295527,429.5,1,
2022-10-06T19:00:00Z,437,broken_zone_expired,supply,368.5492443403382,370.21,1,
2022-10-07T14:30:00Z,441,broken,demand,370.6131723989454,372.3,2,
2022-10-07T14:30:00Z,447,broken,demand,370.95,371.35,1,
2022-10-07T15:00:00Z,443,role_flip_retest,demand,364.36109794781515,365.91,2,
2022-10-07T17:00:00Z,443,broken,demand,364.36109794781515,365.91,2,
2022-10-07T18:00:00Z,443,role_flip_retest,supply,364.36109794781515,365.91,2,
2022-10-07T19:00:00Z,410,age_expired,supply,427.83,428.61,1,
2022-10-07T19:00:00Z,436,role_flip_retest,supply,363.02,363.65291894203955,3,
2022-10-07T20:00:00Z,440,role_flip_retest,demand,360.87,361.76,2,
2022-10-07T20:00:00Z,436,volume_confluence,supply,363.02,363.65291894203955,4,POC:2022-10-07:363.574375
2022-10-07T20:00:00Z,436,evidence_upgrade,supply,363.02,363.65291894203955,4,volume_profile;score:3->4;qualified_score:2
2022-10-10T15:00:00Z,440,broken,demand,360.87,361.76,2,
2022-10-10T15:00:00Z,442,role_flip_retest,demand,359.7,360.05403888127216,2,
2022-10-10T16:00:00Z,440,role_flip_retest,supply,360.87,361.76,2,
2022-10-10T17:00:00Z,442,broken,demand,359.7,360.05403888127216,2,
2022-10-11T14:30:00Z,444,broken,demand,357.11,357.4708955502203,1,
2022-10-11T16:00:00Z,440,touch,supply,360.87,361.76,2,
2022-10-11T17:00:00Z,436,touch,supply,363.02,363.65291894203955,4,
2022-10-11T17:00:00Z,440,broken,supply,360.87,361.76,2,
2022-10-11T18:00:00Z,440,role_flip_retest,demand,360.87,361.76,2,
2022-10-11T18:00:00Z,449,created,demand,355.81,356.59,1,pivot
2022-10-11T19:00:00Z,436,rejection,supply,363.02,363.65291894203955,4,
2022-10-11T19:00:00Z,440,broken,demand,360.87,361.76,2,
2022-10-11T19:00:00Z,442,role_flip_retest,supply,359.7,360.05403888127216,2,
2022-10-11T19:00:00Z,442,volume_confluence,supply,359.7,360.05403888127216,3,POC:2022-10-10:359.986250
2022-10-11T20:00:00Z,439,broken_zone_expired,supply,368.5953916446038,370.4,2,
2022-10-11T20:00:00Z,449,touch,demand,355.81,356.59,1,
2022-10-11T20:00:00Z,450,created,supply,362.15,363.03,1,pivot
2022-10-12T14:30:00Z,449,rejection,demand,355.81,356.59,1,
2022-10-12T16:00:00Z,451,created,demand,355.71,357.2770036869575,1,pivot
2022-10-12T19:00:00Z,451,touch,demand,355.71,357.2770036869575,1,
2022-10-12T20:00:00Z,444,role_flip_retest,supply,357.11,357.4708955502203,2,
2022-10-12T20:00:00Z,444,volume_confluence,supply,357.11,357.4708955502203,3,POC:2022-10-11:357.387500
2022-10-13T14:30:00Z,449,broken,demand,355.81,356.59,1,
2022-10-13T14:30:00Z,451,broken,demand,355.71,357.2770036869575,1,
2022-10-13T16:00:00Z,436,touch,supply,363.02,363.65291894203955,4,
2022-10-13T16:00:00Z,442,broken,supply,359.7,360.05403888127216,3,
2022-10-13T16:00:00Z,443,touch,supply,364.36109794781515,365.91,2,
2022-10-13T16:00:00Z,444,broken,supply,357.11,357.4708955502203,3,
2022-10-13T16:00:00Z,450,touch,supply,362.15,363.03,1,
2022-10-13T16:00:00Z,452,created,demand,356.5,357.69,1,order_block
2022-10-13T17:00:00Z,453,created,demand,348.11,349.23,1,pivot
2022-10-13T18:00:00Z,436,broken,supply,363.02,363.65291894203955,4,
2022-10-13T18:00:00Z,443,touch,supply,364.36109794781515,365.91,2,
2022-10-13T18:00:00Z,450,broken,supply,362.15,363.03,1,
2022-10-13T19:00:00Z,443,broken,supply,364.36109794781515,365.91,2,
2022-10-13T20:00:00Z,443,role_flip_retest,demand,364.36109794781515,365.91,2,
2022-10-13T20:00:00Z,445,broken_zone_expired,demand,377.22,377.66,2,
2022-10-13T20:00:00Z,443,volume_confluence,demand,364.36109794781515,365.91,3,POC:2022-10-13:364.680833
2022-10-14T15:00:00Z,443,broken,demand,364.36109794781515,365.91,3,
2022-10-14T16:00:00Z,440,role_flip_retest,supply,360.87,361.76,2,
2022-10-14T17:00:00Z,454,created,supply,368.53,370.26,1,pivot
2022-10-14T18:00:00Z,442,role_flip_retest,demand,359.7,360.05403888127216,3,
2022-10-14T19:00:00Z,442,broken,demand,359.7,360.05403888127216,3,
2022-10-14T19:00:00Z,452,touch,demand,356.5,357.69,1,
2022-10-14T20:00:00Z,441,broken_zone_expired,demand,370.6131723989454,372.3,2,
2022-10-14T20:00:00Z,444,role_flip_retest,demand,357.11,357.4708955502203,3,
2022-10-14T20:00:00Z,447,broken_zone_expired,demand,370.95,371.35,1,
2022-10-17T14:30:00Z,440,broken,supply,360.87,361.76,2,
2022-10-17T14:30:00Z,452,rejection,demand,356.5,357.69,1,
2022-10-17T16:00:00Z,444,merged,demand,356.96,357.68,4,pivot;geometry=updated
2022-10-17T16:00:00Z,444,qualified,demand,356.96,357.68,4,pivot|repeated_pivot|role_flip|volume_profile
2022-10-17T18:00:00Z,456,created,supply,366.067106366183,367.98,1,pivot
2022-10-17T20:00:00Z,456,volume_confluence,supply,366.067106366183,367.98,2,POC:2022-10-17:366.225625
2022-10-18T14:30:00Z,454,broken,supply,368.53,370.26,1,
2022-10-18T14:30:00Z,456,broken,supply,366.067106366183,367.98,2,
2022-10-18T16:00:00Z,456,role_flip_retest,demand,366.067106366183,367.98,3,
2022-10-18T17:00:00Z,454,role_flip_retest,demand,368.53,370.26,2,
2022-10-18T17:00:00Z,457,created,supply,375.0191227655631,375.45,1,pivot
2022-10-19T17:00:00Z,419,age_expired,supply,396.0,397.37227062399717,3,
2022-10-19T17:00:00Z,454,broken,demand,368.53,370.26,2,
2022-10-19T17:00:00Z,456,touch,demand,366.067106366183,367.98,3,
2022-10-19T20:00:00Z,456,rejection,demand,366.067106366183,367.98,3,
2022-10-20T14:30:00Z,458,created,demand,365.55,366.93,1,pivot
2022-10-20T17:00:00Z,454,role_flip_retest,supply,368.53,370.26,2,
2022-10-20T17:00:00Z,454,volume_confluence,supply,368.53,370.26,3,POC:2022-10-19:368.568750
2022-10-20T18:00:00Z,458,touch,demand,365.55,366.93,1,
2022-10-20T18:00:00Z,459,created,supply,371.96,372.67,1,pivot
2022-10-20T19:00:00Z,456,broken,demand,366.067106366183,367.98,3,
2022-10-20T20:00:00Z,449,broken_zone_expired,demand,355.81,356.59,1,
2022-10-20T20:00:00Z,451,broken_zone_expired,demand,355.71,357.2770036869575,1,
2022-10-20T20:00:00Z,456,role_flip_retest,supply,366.067106366183,367.98,3,
2022-10-21T14:30:00Z,436,role_flip_retest,demand,363.02,363.65291894203955,4,
2022-10-21T14:30:00Z,456,broken,supply,366.067106366183,367.98,3,
2022-10-21T14:30:00Z,458,rejection,demand,365.55,366.93,1,
2022-10-21T16:00:00Z,456,role_flip_retest,demand,366.067106366183,367.98,3,
2022-10-21T17:00:00Z,450,broken_zone_expired,supply,362.15,363.03,1,
2022-10-21T17:00:00Z,454,broken,supply,368.53,370.26,3,
2022-10-21T17:00:00Z,460,created,demand,363.54,365.12,1,pivot
2022-10-21T18:00:00Z,459,touch,supply,371.96,372.67,1,
2022-10-21T19:00:00Z,459,broken,supply,371.96,372.67,1,
2022-10-24T14:30:00Z,435,touch,supply,375.8540304127382,377.54,3,
2022-10-24T14:30:00Z,443,broken_zone_expired,demand,364.36109794781515,365.91,3,
2022-10-24T14:30:00Z,446,touch,supply,377.6391407196952,377.99,1,
2022-10-24T14:30:00Z,448,touch,supply,377.8681458094395,379.46,1,
2022-10-24T14:30:00Z,457,broken,supply,375.0191227655631,375.45,1,
2022-10-24T15:00:00Z,446,rejection,supply,377.6391407196952,377.99,1,
2022-10-24T15:00:00Z,448,rejection,supply,377.8681458094395,379.46,1,
2022-10-24T15:00:00Z,457,role_flip_retest,demand,375.0191227655631,375.45,2,
2022-10-24T16:00:00Z,435,broken,supply,375.8540304127382,377.54,3,
2022-10-24T17:00:00Z,435,role_flip_retest,demand,375.8540304127382,377.54,3,
2022-10-24T17:00:00Z,446,merged,supply,377.6391407196952,378.76,2,pivot;geometry=updated
2022-10-24T17:00:00Z,446,qualified,supply,377.6391407196952,378.76,2,pivot|repeated_pivot
2022-10-24T18:00:00Z,442,broken_zone_expired,demand,359.7,360.05403888127216,3,
2022-10-24T19:00:00Z,446,broken,supply,377.6391407196952,378.76,2,
2022-10-24T20:00:00Z,440,broken_zone_expired,supply,360.87,361.76,2,
2022-10-24T20:00:00Z,446,role_flip_retest,demand,377.6391407196952,378.76,3,
2022-10-24T20:00:00Z,446,volume_confluence,demand,377.6391407196952,378.76,4,POC:2022-10-24:378.177708
2022-10-24T20:00:00Z,446,evidence_upgrade,demand,377.6391407196952,378.76,4,volume_profile;score:3->4;qualified_score:2
2022-10-24T20:00:00Z,448,volume_confluence,supply,377.8681458094395,379.46,2,POC:2022-10-24:378.177708
2022-10-25T14:30:00Z,423,age_expired,supply,388.42,390.1258553997371,2,
2022-10-25T14:30:00Z,428,touch,supply,382.11,383.52,2,
2022-10-25T14:30:00Z,448,broken,supply,377.8681458094395,379.46,2,
2022-10-25T14:30:00Z,462,created,demand,378.13,379.35,1,order_block
2022-10-25T14:30:00Z,462,volume_confluence,demand,378.13,379.35,2,POC:2022-10-24:378.177708
2022-10-25T20:00:00Z,428,broken,supply,382.11,383.52,2,
2022-10-26T15:00:00Z,428,role_flip_retest,demand,382.11,383.52,2,
2022-10-26T15:00:00Z,428,volume_confluence,demand,382.11,383.52,3,POC:2022-10-25:383.478750
2022-10-26T16:00:00Z,433,touch,supply,387.5,389.31,1,
2022-10-26T17:00:00Z,433,rejection,supply,387.5,389.31,1,
2022-10-26T17:00:00Z,463,created,demand,381.35,381.6658142625496,1,pivot
2022-10-26T19:00:00Z,464,created,supply,386.82,387.58,1,pivot
2022-10-26T20:00:00Z,463,touch,demand,381.35,381.6658142625496,1,
2022-10-27T14:30:00Z,428,broken,demand,382.11,383.52,3,
2022-10-27T14:30:00Z,463,broken,demand,381.35,381.6658142625496,1,
2022-10-27T16:00:00Z,428,role_flip_retest,supply,382.11,383.52,3,
2022-10-27T18:00:00Z,463,role_flip_retest,supply,381.35,381.6658142625496,2,
2022-10-27T20:00:00Z,448,role_flip_retest,demand,377.8681458094395,379.46,3,
2022-10-27T20:00:00Z,462,touch,demand,378.13,379.35,2,
2022-10-28T14:30:00Z,462,rejection,demand,378.13,379.35,2,
2022-10-28T14:30:00Z,463,broken,supply,381.35,381.6658142625496,2,
2022-10-28T15:00:00Z,428,broken,supply,382.11,383.52,3,
2022-10-28T15:00:00Z,463,role_flip_retest,demand,381.35,381.6658142625496,2,
2022-10-28T16:00:00Z,465,created,demand,379.33,379.96,1,pivot
2022-10-28T17:00:00Z,464,touch,supply,386.82,387.58,1,
2022-10-28T18:00:00Z,430,touch,supply,387.6317440591294,389.31,2,
2022-10-28T18:00:00Z,433,touch,supply,387.5,389.31,1,
2022-10-28T19:00:00Z,464,broken,supply,386.82,387.58,1,
2022-10-28T20:00:00Z,430,volume_confluence,supply,387.6317440591294,389.31,3,POC:2022-10-28:388.085000
2022-10-28T20:00:00Z,433,volume_confluence,supply,387.5,389.31,2,POC:2022-10-28:388.085000
2022-10-31T14:30:00Z,425,age_expired,supply,411.02,411.73,1,
2022-10-31T14:30:00Z,430,rejection,supply,387.6317440591294,389.31,3,
2022-10-31T14:30:00Z,433,rejection,supply,387.5,389.31,2,
2022-10-31T16:00:00Z,454,broken_zone_expired,supply,368.53,370.26,3,
2022-10-31T16:00:00Z,466,created,supply,388.97,389.52,1,pivot
2022-10-31T18:00:00Z,459,broken_zone_expired,supply,371.96,372.67,1,
2022-11-01T14:30:00Z,430,touch,supply,387.6317440591294,389.31,3,
2022-11-01T14:30:00Z,433,touch,supply,387.5,389.31,2,
2022-11-01T14:30:00Z,466,touch,supply,388.97,389.52,1,
2022-11-01T15:00:00Z,430,rejection,supply,387.6317440591294,389.31,3,
2022-11-01T15:00:00Z,433,rejection,supply,387.5,389.31,2,
2022-11-01T15:00:00Z,466,rejection,supply,388.97,389.52,1,
2022-11-01T15:00:00Z,467,created,supply,386.31528412723947,387.59,1,order_block
2022-11-01T15:00:00Z,467,volume_confluence,supply,386.31528412723947,387.59,2,POC:2022-10-31:386.502917
2022-11-01T16:00:00Z,428,role_flip_retest,demand,382.11,383.52,3,
2022-11-01T16:00:00Z,427,capacity_expired,supply,395.18,395.96,1,
2022-11-01T17:00:00Z,468,created,supply,390.09646287857566,390.39,1,pivot
2022-11-01T17:00:00Z,452,capacity_expired,demand,356.5,357.69,1,
2022-11-01T19:00:00Z,469,created,demand,383.29,384.01,1,pivot
2022-11-01T19:00:00Z,453,capacity_expired,demand,348.11,349.23,1,
2022-11-02T14:30:00Z,426,age_expired,supply,391.76,393.21265962181417,2,
2022-11-02T14:30:00Z,469,broken,demand,383.29,384.01,1,
2022-11-02T17:00:00Z,463,touch,demand,381.35,381.6658142625496,2,
2022-11-02T18:00:00Z,463,rejection,demand,381.35,381.6658142625496,2,
2022-11-02T19:00:00Z,428,broken,demand,382.11,383.52,3,
2022-11-02T19:00:00Z,430,touch,supply,387.6317440591294,389.31,3,
2022-11-02T19:00:00Z,433,touch,supply,387.5,389.31,2,
2022-11-02T19:00:00Z,448,touch,demand,377.8681458094395,379.46,3,
2022-11-02T19:00:00Z,462,touch,demand,378.13,379.35,2,
2022-11-02T19:00:00Z,463,broken,demand,381.35,381.6658142625496,2,
2022-11-02T19:00:00Z,465,touch,demand,379.33,379.96,1,
2022-11-02T19:00:00Z,467,touch,supply,386.31528412723947,387.59,2,
2022-11-02T19:00:00Z,469,role_flip_retest,supply,383.29,384.01,2,
2022-11-02T20:00:00Z,428,role_flip_retest,supply,382.11,383.52,3,
2022-11-02T20:00:00Z,430,rejection,supply,387.6317440591294,389.31,3,
2022-11-02T20:00:00Z,433,rejection,supply,387.5,389.31,2,
2022-11-02T20:00:00Z,435,broken,demand,375.8540304127382,377.54,3,
2022-11-02T20:00:00Z,446,broken,demand,377.6391407196952,378.76,4,
2022-11-02T20:00:00Z,448,broken,demand,377.8681458094395,379.46,3,
2022-11-02T20:00:00Z,457,broken,demand,375.0191227655631,375.45,2,
2022-11-02T20:00:00Z,462,broken,demand,378.13,379.35,2,
2022-11-02T20:00:00Z,463,role_flip_retest,supply,381.35,381.6658142625496,2,
2022-11-02T20:00:00Z,465,broken,demand,379.33,379.96,1,
2022-11-02T20:00:00Z,467,rejection,supply,386.31528412723947,387.59,2,
2022-11-02T20:00:00Z,470,created,supply,382.48,383.94,1,order_block
2022-11-02T20:00:00Z,470,volume_confluence,supply,382.48,383.94,2,POC:2022-11-02:382.596875
2022-11-03T15:00:00Z,471,created,supply,386.82961323788743,388.63,1,pivot
2022-11-03T18:00:00Z,472,created,demand,368.79,369.22,1,pivot
2022-11-04T14:30:00Z,435,role_flip_retest,supply,375.8540304127382,377.54,3,
2022-11-04T15:00:00Z,446,role_flip_retest,supply,377.6391407196952,378.76,4,
2022-11-04T15:00:00Z,448,role_flip_retest,supply,377.8681458094395,379.46,3,
2022-11-04T15:00:00Z,462,role_flip_retest,supply,378.13,379.35,3,
2022-11-04T16:00:00Z,428,age_expired,supply,382.11,383.52,3,
2022-11-04T16:00:00Z,457,role_flip_retest,supply,375.0191227655631,375.45,2,
2022-11-04T18:00:00Z,473,created,supply,377.01173091295334,378.87,1,pivot
2022-11-04T18:00:00Z,458,capacity_expired,demand,365.55,366.93,1,
2022-11-04T20:00:00Z,457,broken,supply,375.0191227655631,375.45,2,
2022-11-07T15:30:00Z,473,touch,supply,377.01173091295334,378.87,1,
2022-11-07T16:00:00Z,474,created,demand,370.0,370.77,1,pivot
2022-11-07T17:00:00Z,473,rejection,supply,377.01173091295334,378.87,1,
2022-11-07T19:00:00Z,435,broken,supply,375.8540304127382,377.54,3,
2022-11-07T19:00:00Z,446,touch,supply,377.6391407196952,378.76,4,
2022-11-07T19:00:00Z,448,touch,supply,377.8681458094395,379.46,3,
2022-11-07T19:00:00Z,464,broken_zone_expired,supply,386.82,387.58,1,
2022-11-07T19:00:00Z,446,merged,supply,377.6391407196952,378.76,4,pivot;geometry=frozen
2022-11-07T20:00:00Z,430,age_expired,supply,387.6317440591294,389.31,3,
2022-11-07T20:00:00Z,446,broken,supply,377.6391407196952,378.76,4,
2022-11-07T20:00:00Z,462,touch,supply,378.13,379.35,3,
2022-11-07T20:00:00Z,473,broken,supply,377.01173091295334,378.87,1,
2022-11-07T21:00:00Z,448,broken,supply,377.8681458094395,379.46,3,
2022-11-07T21:00:00Z,462,broken,supply,378.13,379.35,3,
2022-11-08T16:00:00Z,463,broken,supply,381.35,381.6658142625496,2,
2022-11-08T16:00:00Z,469,touch,supply,383.29,384.01,2,
2022-11-08T16:00:00Z,470,touch,supply,382.48,383.94,2,
2022-11-08T17:00:00Z,469,broken,supply,383.29,384.01,2,
2022-11-08T17:00:00Z,470,broken,supply,382.48,383.94,2,
2022-11-08T18:00:00Z,469,role_flip_retest,demand,383.29,384.01,2,
2022-11-08T18:00:00Z,470,role_flip_retest,demand,382.48,383.94,3,
2022-11-08T19:00:00Z,469,broken,demand,383.29,384.01,2,
2022-11-08T19:00:00Z,470,broken,demand,382.48,383.94,3,
2022-11-08T20:00:00Z,446,role_flip_retest,demand,377.6391407196952,378.76,4,
2022-11-08T20:00:00Z,448,role_flip_retest,demand,377.8681458094395,379.46,3,
2022-11-08T20:00:00Z,462,role_flip_retest,demand,378.13,379.35,3,
2022-11-08T20:00:00Z,473,role_flip_retest,demand,377.01173091295334,378.87,2,
2022-11-08T20:00:00Z,476,created,supply,384.54,385.12,1,pivot
2022-11-08T20:00:00Z,473,volume_confluence,demand,377.01173091295334,378.87,3,POC:2022-11-07:377.945000
2022-11-08T21:00:00Z,463,role_flip_retest,demand,381.35,381.6658142625496,2,
2022-11-08T21:00:00Z,469,role_flip_retest,supply,383.29,384.01,2,
2022-11-08T21:00:00Z,470,role_flip_retest,supply,382.48,383.94,3,
2022-11-09T15:30:00Z,463,broken,demand,381.35,381.6658142625496,2,
2022-11-09T15:30:00Z,465,role_flip_retest,supply,379.33,379.96,2,
2022-11-09T16:00:00Z,435,role_flip_retest,demand,375.8540304127382,377.54,3,
2022-11-09T19:00:00Z,433,age_expired,supply,387.5,389.31,2,
2022-11-09T19:00:00Z,446,broken,demand,377.6391407196952,378.76,4,
2022-11-09T19:00:00Z,448,broken,demand,377.8681458094395,379.46,3,
2022-11-09T19:00:00Z,462,broken,demand,378.13,379.35,3,
2022-11-09T19:00:00Z,473,broken,demand,377.01173091295334,378.87,3,
2022-11-09T20:00:00Z,435,broken,demand,375.8540304127382,377.54,3,
2022-11-09T21:00:00Z,435,role_flip_retest,supply,375.8540304127382,377.54,3,
2022-11-10T15:30:00Z,435,broken,supply,375.8540304127382,377.54,3,
2022-11-10T15:30:00Z,465,broken,supply,379.33,379.96,2,
2022-11-10T15:30:00Z,466,broken,supply,388.97,389.52,1,
2022-11-10T15:30:00Z,467,broken,supply,386.31528412723947,387.59,2,
2022-11-10T15:30:00Z,469,broken,supply,383.29,384.01,2,
2022-11-10T15:30:00Z,470,broken,supply,382.48,383.94,3,
2022-11-10T15:30:00Z,471,broken,supply,386.82961323788743,388.63,1,
2022-11-10T15:30:00Z,476,broken,supply,384.54,385.12,1,
2022-11-10T16:00:00Z,466,role_flip_retest,demand,388.97,389.52,2,
2022-11-10T16:00:00Z,468,touch,supply,390.09646287857566,390.39,1,
2022-11-10T16:00:00Z,471,role_flip_retest,demand,386.82961323788743,388.63,2,
2022-11-10T17:00:00Z,468,broken,supply,390.09646287857566,390.39,1,
2022-11-10T17:00:00Z,477,created,demand,373.61,374.15,1,pivot
2022-11-10T19:00:00Z,468,role_flip_retest,demand,390.09646287857566,390.39,2,
2022-11-10T21:00:00Z,466,volume_confluence,demand,388.97,389.52,3,POC:2022-11-10:389.360833
2022-11-11T19:00:00Z,436,age_expired,demand,363.02,363.65291894203955,4,
2022-11-14T17:00:00Z,478,created,supply,399.0161742116751,399.35,1,pivot
2022-11-14T19:00:00Z,478,broken,supply,399.0161742116751,399.35,1,
2022-11-14T20:00:00Z,457,broken_zone_expired,supply,375.0191227655631,375.45,2,
2022-11-15T17:00:00Z,478,role_flip_retest,demand,399.0161742116751,399.35,2,
2022-11-15T17:00:00Z,479,created,demand,394.83,395.18220036044096,1,pivot
2022-11-15T18:00:00Z,480,created,supply,401.62,402.31,1,pivot
2022-11-15T19:00:00Z,478,broken,demand,399.0161742116751,399.35,2,
2022-11-15T19:00:00Z,479,touch,demand,394.83,395.18220036044096,1,
2022-11-15T20:00:00Z,478,role_flip_retest,supply,399.0161742116751,399.35,2,
2022-11-15T20:00:00Z,479,rejection,demand,394.83,395.18220036044096,1,
2022-11-15T21:00:00Z,478,volume_confluence,supply,399.0161742116751,399.35,3,POC:2022-11-15:399.214583
2022-11-16T15:30:00Z,481,created,demand,394.49,396.17146638888164,1,pivot
2022-11-16T21:00:00Z,463,broken_zone_expired,demand,381.35,381.6658142625496,2,
2022-11-16T21:00:00Z,481,volume_confluence,demand,394.49,396.17146638888164,2,POC:2022-11-16:395.724375
2022-11-17T15:30:00Z,468,touch,demand,390.09646287857566,390.39,2,
2022-11-17T15:30:00Z,479,broken,demand,394.83,395.18220036044096,1,
2022-11-17T15:30:00Z,481,broken,demand,394.49,396.17146638888164,2,
2022-11-17T17:00:00Z,468,rejection,demand,390.09646287857566,390.39,2,
2022-11-17T18:00:00Z,446,broken_zone_expired,demand,377.6391407196952,378.76,4,
2022-11-17T18:00:00Z,448,broken_zone_expired,demand,377.8681458094395,379.46,3,
2022-11-17T18:00:00Z,462,broken_zone_expired,demand,378.13,379.35,3,
2022-11-17T18:00:00Z,473,broken_zone_expired,demand,377.01173091295334,378.87,3,
2022-11-17T18:00:00Z,481,role_flip_retest,supply,394.49,396.17146638888164,3,
2022-11-17T19:00:00Z,479,role_flip_retest,supply,394.83,395.18220036044096,2,
2022-11-17T19:00:00Z,468,merged,demand,390.09646287857566,390.44554686712956,3,pivot;geometry=updated
2022-11-17T19:00:00Z,468,qualified,demand,390.09646287857566,390.44554686712956,3,pivot|repeated_pivot|role_flip
2022-11-17T21:00:00Z,435,broken_zone_expired,supply,375.8540304127382,377.54,3,
2022-11-17T21:00:00Z,465,broken_zone_expired,supply,379.33,379.96,2,
2022-11-17T21:00:00Z,467,broken_zone_expired,supply,386.31528412723947,387.59,2,
2022-11-17T21:00:00Z,469,broken_zone_expired,supply,383.29,384.01,2,
2022-11-17T21:00:00Z,470,broken_zone_expired,supply,382.48,383.94,3,
2022-11-17T21:00:00Z,476,broken_zone_expired,supply,384.54,385.12,1,
2022-11-18T15:30:00Z,479,broken,supply,394.83,395.18220036044096,2,
2022-11-18T18:00:00Z,483,created,supply,397.51202640739314,397.81,1,pivot
2022-11-18T20:00:00Z,444,age_expired,demand,356.96,357.68,4,
2022-11-18T21:00:00Z,479,role_flip_retest,demand,394.83,395.18220036044096,2,
2022-11-21T16:00:00Z,479,broken,demand,394.83,395.18220036044096,2,
2022-11-21T17:00:00Z,484,created,supply,396.09,397.01,1,pivot
2022-11-21T18:00:00Z,481,touch,supply,394.49,396.17146638888164,3,
2022-11-21T19:00:00Z,479,role_flip_retest,supply,394.83,395.18220036044096,2,
2022-11-21T20:00:00Z,485,created,demand,392.66,393.22,1,pivot
2022-11-22T15:30:00Z,479,broken,supply,394.83,395.18220036044096,2,
2022-11-22T15:30:00Z,484,touch,supply,396.09,397.01,1,
2022-11-22T16:00:00Z,481,broken,supply,394.49,396.17146638888164,3,
2022-11-22T16:00:00Z,483,touch,supply,397.51202640739314,397.81,1,
2022-11-22T16:00:00Z,484,broken,supply,396.09,397.01,1,
2022-11-22T17:00:00Z,484,role_flip_retest,demand,396.09,397.01,2,
2022-11-22T19:00:00Z,483,broken,supply,397.51202640739314,397.81,1,
2022-11-22T20:00:00Z,478,touch,supply,399.0161742116751,399.35,3,
2022-11-22T21:00:00Z,478,broken,supply,399.0161742116751,399.35,3,
2022-11-23T15:30:00Z,480,touch,supply,401.62,402.31,1,
2022-11-23T17:00:00Z,480,rejection,supply,401.62,402.31,1,
2022-11-23T18:00:00Z,478,role_flip_retest,demand,399.0161742116751,399.35,3,
2022-11-23T19:00:00Z,486,created,supply,402.09,402.74,1,pivot
2022-11-23T21:00:00Z,480,volume_confluence,supply,401.62,402.31,2,POC:2022-11-23:401.647917
2022-11-25T15:30:00Z,480,broken,supply,401.62,402.31,2,
2022-11-25T16:00:00Z,480,role_flip_retest,demand,401.62,402.31,3,
2022-11-25T17:00:00Z,487,created,supply,402.39,402.93,1,pivot
2022-11-25T18:00:00Z,486,volume_confluence,supply,402.09,402.74,2,POC:2022-11-25:402.306250
2022-11-28T15:30:00Z,478,touch,demand,399.0161742116751,399.35,3,
2022-11-28T15:30:00Z,480,broken,demand,401.62,402.31,3,
2022-11-28T16:00:00Z,478,broken,demand,399.0161742116751,399.35,3,
2022-11-28T17:00:00Z,478,role_flip_retest,supply,399.0161742116751,399.35,3,
2022-11-28T19:00:00Z,484,touch,demand,396.09,397.01,2,
2022-11-28T20:00:00Z,484,broken,demand,396.09,397.01,2,
2022-11-28T21:00:00Z,479,role_flip_retest,demand,394.83,395.18220036044096,2,
2022-11-28T21:00:00Z,484,role_flip_retest,supply,396.09,397.01,2,
2022-11-29T16:00:00Z,481,role_flip_retest,demand,394.49,396.17146638888164,3,
2022-11-29T17:00:00Z,479,broken,demand,394.83,395.18220036044096,2,
2022-11-29T20:00:00Z,479,role_flip_retest,supply,394.83,395.18220036044096,2,
2022-11-29T20:00:00Z,488,created,demand,393.3,394.20735553966745,1,pivot
2022-11-30T15:30:00Z,484,touch,supply,396.09,397.01,2,
2022-11-30T16:00:00Z,481,broken,demand,394.49,396.17146638888164,3,
2022-11-30T16:00:00Z,484,rejection,supply,396.09,397.01,2,
2022-11-30T16:00:00Z,488,touch,demand,393.3,394.20735553966745,1,
2022-11-30T17:00:00Z,488,rejection,demand,393.3,394.20735553966745,1,
2022-11-30T18:00:00Z,481,role_flip_retest,supply,394.49,396.17146638888164,3,
2022-11-30T19:00:00Z,478,broken,supply,399.0161742116751,399.35,3,
2022-11-30T19:00:00Z,479,broken,supply,394.83,395.18220036044096,2,
2022-11-30T19:00:00Z,481,broken,supply,394.49,396.17146638888164,3,
2022-11-30T19:00:00Z,483,role_flip_retest,demand,397.51202640739314,397.81,2,
2022-11-30T19:00:00Z,484,broken,supply,396.09,397.01,2,
2022-11-30T19:00:00Z,489,created,demand,393.48,394.44590824877906,1,order_block
2022-11-30T20:00:00Z,486,broken,supply,402.09,402.74,2,
2022-11-30T20:00:00Z,487,broken,supply,402.39,402.93,1,
2022-11-30T20:00:00Z,489,merged,demand,393.48,394.5129862310091,1,order_block;geometry=updated
2022-11-30T21:00:00Z,488,merged,demand,393.3,394.22,2,pivot;geometry=updated
2022-11-30T21:00:00Z,488,qualified,demand,393.3,394.22,2,pivot|repeated_pivot
2022-11-30T21:00:00Z,492,created,demand,393.48,394.59920150022276,1,order_block
2022-12-01T19:00:00Z,493,created,supply,409.14,410.0,1,pivot
2022-12-02T15:30:00Z,486,role_flip_retest,demand,402.09,402.74,3,
2022-12-02T15:30:00Z,487,role_flip_retest,demand,402.39,402.93,2,
2022-12-02T18:00:00Z,486,merged,demand,402.09,402.74,4,pivot;geometry=updated
2022-12-02T18:00:00Z,486,qualified,demand,402.09,402.74,4,pivot|repeated_pivot|role_flip|volume_profile
2022-12-05T16:00:00Z,486,touch,demand,402.09,402.74,4,
2022-12-05T16:00:00Z,487,touch,demand,402.39,402.93,2,
2022-12-05T17:00:00Z,480,role_flip_retest,supply,401.62,402.31,3,
2022-12-05T17:00:00Z,486,broken,demand,402.09,402.74,4,
2022-12-05T17:00:00Z,487,broken,demand,402.39,402.93,2,
2022-12-05T17:00:00Z,495,created,supply,406.87,407.86,1,pivot
2022-12-05T21:00:00Z,478,role_flip_retest,demand,399.0161742116751,399.35,3,
2022-12-06T15:30:00Z,478,broken,demand,399.0161742116751,399.35,3,
2022-12-06T15:30:00Z,483,broken,demand,397.51202640739314,397.81,2,
2022-12-06T16:00:00Z,479,role_flip_retest,demand,394.83,395.18220036044096,2,
2022-12-06T18:00:00Z,456,age_expired,demand,366.067106366183,367.98,3,
2022-12-06T18:00:00Z,479,broken,demand,394.83,395.18220036044096,2,
2022-12-06T18:00:00Z,488,touch,demand,393.3,394.22,2,
2022-12-06T18:00:00Z,489,touch,demand,393.48,394.5129862310091,1,
2022-12-06T18:00:00Z,492,touch,demand,393.48,394.59920150022276,1,
2022-12-06T19:00:00Z,485,touch,demand,392.66,393.22,1,
2022-12-06T19:00:00Z,489,broken,demand,393.48,394.5129862310091,1,
2022-12-06T19:00:00Z,492,broken,demand,393.48,394.59920150022276,1,
2022-12-06T20:00:00Z,485,broken,demand,392.66,393.22,1,
2022-12-06T20:00:00Z,488,broken,demand,393.3,394.22,2,
2022-12-07T15:30:00Z,479,role_flip_retest,supply,394.83,395.18220036044096,2,
2022-12-07T15:30:00Z,488,role_flip_retest,supply,393.3,394.22,3,
2022-12-07T15:30:00Z,489,role_flip_retest,supply,393.48,394.5129862310091,2,
2022-12-07T15:30:00Z,492,role_flip_retest,supply,393.48,394.59920150022276,2,
2022-12-07T16:00:00Z,488,broken,supply,393.3,394.22,3,
2022-12-07T16:00:00Z,489,broken,supply,393.48,394.5129862310091,2,
2022-12-07T16:00:00Z,492,broken,supply,393.48,394.59920150022276,2,
2022-12-07T16:00:00Z,496,created,demand,391.64,392.49,1,pivot
2022-12-07T20:00:00Z,496,touch,demand,391.64,392.49,1,
2022-12-07T20:00:00Z,479,merged,supply,394.83,395.64,3,pivot;geometry=updated
2022-12-07T20:00:00Z,479,qualified,supply,394.83,395.64,3,pivot|repeated_pivot|role_flip
2022-12-08T15:30:00Z,479,broken,supply,394.83,395.64,3,
2022-12-08T15:30:00Z,481,role_flip_retest,demand,394.49,396.17146638888164,3,
2022-12-08T15:30:00Z,488,role_flip_retest,demand,393.3,394.22,3,
2022-12-08T15:30:00Z,489,role_flip_retest,demand,393.48,394.5129862310091,2,
2022-12-08T15:30:00Z,492,role_flip_retest,demand,393.48,394.59920150022276,2,
2022-12-08T15:30:00Z,496,rejection,demand,391.64,392.49,1,
2022-12-08T17:00:00Z,479,role_flip_retest,demand,394.83,395.64,3,
2022-12-08T18:00:00Z,484,broken_zone_expired,supply,396.09,397.01,2,
2022-12-08T19:00:00Z,498,created,supply,396.63,397.36,1,pivot
2022-12-09T15:30:00Z,488,touch,demand,393.3,394.22,3,
2022-12-09T15:30:00Z,489,touch,demand,393.48,394.5129862310091,2,
2022-12-09T15:30:00Z,492,touch,demand,393.48,394.59920150022276,2,
2022-12-09T15:30:00Z,498,touch,supply,396.63,397.36,1,
2022-12-09T16:00:00Z,488,rejection,demand,393.3,394.22,3,
2022-12-09T16:00:00Z,489,rejection,demand,393.48,394.5129862310091,2,
2022-12-09T16:00:00Z,492,rejection,demand,393.48,394.59920150022276,2,
2022-12-09T17:00:00Z,483,role_flip_retest,supply,397.51202640739314,397.81,2,
2022-12-09T18:00:00Z,498,rejection,supply,396.63,397.36,1,
2022-12-09T18:00:00Z,499,created,demand,394.12,394.94,1,pivot
2022-12-09T19:00:00Z,479,touch,demand,394.83,395.64,3,
2022-12-09T19:00:00Z,481,touch,demand,394.49,396.17146638888164,3,
2022-12-09T20:00:00Z,483,merged,supply,397.36,397.81,3,pivot;geometry=updated
2022-12-09T20:00:00Z,483,qualified,supply,397.36,397.81,3,pivot|repeated_pivot|role_flip
2022-12-09T21:00:00Z,479,broken,demand,394.83,395.64,3,
2022-12-09T21:00:00Z,481,broken,demand,394.49,396.17146638888164,3,
2022-12-09T21:00:00Z,489,broken,demand,393.48,394.5129862310091,2,
2022-12-09T21:00:00Z,492,broken,demand,393.48,394.59920150022276,2,
2022-12-09T21:00:00Z,499,broken,demand,394.12,394.94,1,
2022-12-09T21:00:00Z,483,merged,supply,397.36,397.81,4,order_block;geometry=frozen
2022-12-09T21:00:00Z,483,evidence_upgrade,supply,397.36,397.81,4,score:3->4;qualified_score:3
2022-12-12T16:00:00Z,479,role_flip_retest,supply,394.83,395.64,3,
2022-12-12T17:00:00Z,460,age_expired,demand,363.54,365.12,1,
2022-12-12T17:00:00Z,502,created,demand,393.15,393.3684491466672,1,pivot
2022-12-12T18:00:00Z,479,broken,supply,394.83,395.64,3,
2022-12-12T19:00:00Z,479,role_flip_retest,demand,394.83,395.64,3,
2022-12-12T20:00:00Z,498,touch,supply,396.63,397.36,1,
2022-12-12T21:00:00Z,483,broken,supply,397.36,397.81,4,
2022-12-12T21:00:00Z,498,broken,supply,396.63,397.36,1,
2022-12-12T21:00:00Z,503,created,demand,393.81,394.64,1,order_block
2022-12-12T21:00:00Z,479,volume_confluence,demand,394.83,395.64,4,POC:2022-12-12:395.365000
2022-12-12T21:00:00Z,479,evidence_upgrade,demand,394.83,395.64,4,volume_profile;score:3->4;qualified_score:3
2022-12-13T15:30:00Z,480,broken,supply,401.62,402.31,3,
2022-12-13T15:30:00Z,493,touch,supply,409.14,410.0,1,
2022-12-13T15:30:00Z,495,broken,supply,406.87,407.86,1,
2022-12-13T16:00:00Z,486,broken_zone_expired,demand,402.09,402.74,4,
2022-12-13T16:00:00Z,487,broken_zone_expired,demand,402.39,402.93,2,
2022-12-13T16:00:00Z,493,rejection,supply,409.14,410.0,1,
2022-12-13T17:00:00Z,480,role_flip_retest,demand,401.62,402.31,3,
2022-12-13T18:00:00Z,480,broken,demand,401.62,402.31,3,
2022-12-13T18:00:00Z,493,merged,supply,409.14,410.49,2,pivot;geometry=updated
2022-12-13T18:00:00Z,493,qualified,supply,409.14,410.49,2,pivot|repeated_pivot
2022-12-13T20:00:00Z,480,role_flip_retest,supply,401.62,402.31,3,
2022-12-13T21:00:00Z,478,broken_zone_expired,demand,399.0161742116751,399.35,3,
2022-12-14T15:30:00Z,480,broken,supply,401.62,402.31,3,
2022-12-14T19:00:00Z,485,broken_zone_expired,demand,392.66,393.22,1,
2022-12-14T20:00:00Z,483,role_flip_retest,demand,397.36,397.81,4,
2022-12-14T20:00:00Z,498,role_flip_retest,demand,396.63,397.36,2,
2022-12-14T20:00:00Z,505,created,supply,404.07724603339057,405.5,1,order_block
2022-12-14T21:00:00Z,505,volume_confluence,supply,404.07724603339057,405.5,2,POC:2022-12-14:404.159792
2022-12-15T15:30:00Z,479,broken,demand,394.83,395.64,4,
2022-12-15T15:30:00Z,481,role_flip_retest,supply,394.49,396.17146638888164,3,
2022-12-15T15:30:00Z,483,broken,demand,397.36,397.81,4,
2022-12-15T15:30:00Z,488,broken,demand,393.3,394.22,3,
2022-12-15T15:30:00Z,489,role_flip_retest,supply,393.48,394.5129862310091,2,
2022-12-15T15:30:00Z,492,role_flip_retest,supply,393.48,394.59920150022276,2,
2022-12-15T15:30:00Z,496,touch,demand,391.64,392.49,1,
2022-12-15T15:30:00Z,498,broken,demand,396.63,397.36,2,
2022-12-15T15:30:00Z,499,role_flip_retest,supply,394.12,394.94,2,
2022-12-15T15:30:00Z,502,broken,demand,393.15,393.3684491466672,1,
2022-12-15T15:30:00Z,503,broken,demand,393.81,394.64,1,
2022-12-15T15:30:00Z,505,merged,supply,404.07724603339057,405.5,3,pivot;geometry=updated
2022-12-15T16:00:00Z,468,touch,demand,390.09646287857566,390.44554686712956,3,
2022-12-15T16:00:00Z,496,broken,demand,391.64,392.49,1,
2022-12-15T17:00:00Z,466,touch,demand,388.97,389.52,3,
2022-12-15T17:00:00Z,468,broken,demand,390.09646287857566,390.44554686712956,3,
2022-12-15T18:00:00Z,468,role_flip_retest,supply,390.09646287857566,390.44554686712956,3,
2022-12-15T18:00:00Z,471,touch,demand,386.82961323788743,388.63,2,
2022-12-15T19:00:00Z,466,broken,demand,388.97,389.52,3,
2022-12-15T20:00:00Z,471,rejection,demand,386.82961323788743,388.63,2,
2022-12-15T21:00:00Z,468,volume_confluence,supply,390.09646287857566,390.44554686712956,4,POC:2022-12-15:390.183125
2022-12-15T21:00:00Z,468,evidence_upgrade,supply,390.09646287857566,390.44554686712956,4,volume_profile;score:3->4;qualified_score:3
2022-12-16T15:30:00Z,471,broken,demand,386.82961323788743,388.63,2,
2022-12-16T21:00:00Z,507,created,demand,381.04,381.3690174970304,1,pivot
2022-12-19T17:00:00Z,507,touch,demand,381.04,381.3690174970304,1,
2022-12-19T18:00:00Z,507,rejection,demand,381.04,381.3690174970304,1,
2022-12-19T19:00:00Z,507,broken,demand,381.04,381.3690174970304,1,
2022-12-20T17:00:00Z,507,role_flip_retest,supply,381.04,381.3690174970304,2,
2022-12-20T18:00:00Z,508,created,demand,377.85,379.15737942867173,1,pivot
2022-12-20T21:00:00Z,495,broken_zone_expired,supply,406.87,407.86,1,
2022-12-21T15:30:00Z,507,broken,supply,381.04,381.3690174970304,2,
2022-12-21T16:00:00Z,509,created,demand,382.69,383.25,1,order_block
2022-12-21T17:00:00Z,468,age_expired,supply,390.09646287857566,390.44554686712956,4,
2022-12-21T17:00:00Z,471,role_flip_retest,supply,386.82961323788743,388.63,2,
2022-12-21T21:00:00Z,480,broken_zone_expired,supply,401.62,402.31,3,
2022-12-22T15:30:00Z,507,role_flip_retest,demand,381.04,381.3690174970304,2,
2022-12-22T15:30:00Z,509,broken,demand,382.69,383.25,1,
2022-12-22T16:00:00Z,507,broken,demand,381.04,381.3690174970304,2,
2022-12-22T16:00:00Z,508,touch,demand,377.85,379.15737942867173,1,
2022-12-22T16:00:00Z,510,created,supply,386.39,387.41,1,pivot
2022-12-22T18:00:00Z,508,broken,demand,377.85,379.15737942867173,1,
2022-12-22T21:00:00Z,479,broken_zone_expired,demand,394.83,395.64,4,
2022-12-22T21:00:00Z,483,broken_zone_expired,demand,397.36,397.81,4,
2022-12-22T21:00:00Z,488,broken_zone_expired,demand,393.3,394.22,3,
2022-12-22T21:00:00Z,498,broken_zone_expired,demand,396.63,397.36,2,
2022-12-22T21:00:00Z,502,broken_zone_expired,demand,393.15,393.3684491466672,1,
2022-12-22T21:00:00Z,503,broken_zone_expired,demand,393.81,394.64,1,
2022-12-23T15:30:00Z,471,age_expired,supply,386.82961323788743,388.63,2,
2022-12-23T15:30:00Z,496,broken_zone_expired,demand,391.64,392.49,1,
2022-12-23T15:30:00Z,507,role_flip_retest,supply,381.04,381.3690174970304,2,
2022-12-23T15:30:00Z,511,created,demand,374.77,375.53,1,pivot
2022-12-23T16:00:00Z,509,role_flip_retest,supply,382.69,383.25,2,
2022-12-23T17:00:00Z,507,broken,supply,381.04,381.3690174970304,2,
2022-12-23T18:00:00Z,466,broken_zone_expired,demand,388.97,389.52,3,
2022-12-23T18:00:00Z,472,age_expired,demand,368.79,369.22,1,
2022-12-23T19:00:00Z,507,role_flip_retest,demand,381.04,381.3690174970304,2,
2022-12-27T15:30:00Z,507,broken,demand,381.04,381.3690174970304,2,
2022-12-27T19:00:00Z,512,created,demand,379.65,380.52,1,pivot
2022-12-27T19:00:00Z,513,created,supply,381.93,383.15,1,pivot
2022-12-27T21:00:00Z,513,touch,supply,381.93,383.15,1,
2022-12-28T15:30:00Z,474,age_expired,demand,370.0,370.77,1,
2022-12-28T15:30:00Z,509,touch,supply,382.69,383.25,2,
2022-12-28T16:00:00Z,507,role_flip_retest,supply,381.04,381.3690174970304,2,
2022-12-28T16:00:00Z,509,rejection,supply,382.69,383.25,2,
2022-12-28T16:00:00Z,512,broken,demand,379.65,380.52,1,
2022-12-28T16:00:00Z,513,rejection,supply,381.93,383.15,1,
2022-12-28T17:00:00Z,512,role_flip_retest,supply,379.65,380.52,2,
2022-12-28T18:00:00Z,514,created,supply,382.1730919563221,383.39,1,pivot
2022-12-28T21:00:00Z,508,role_flip_retest,supply,377.85,379.15737942867173,2,
2022-12-28T21:00:00Z,508,volume_confluence,supply,377.85,379.15737942867173,3,POC:2022-12-28:378.598125
2022-12-29T15:30:00Z,507,broken,supply,381.04,381.3690174970304,2,
2022-12-29T15:30:00Z,508,broken,supply,377.85,379.15737942867173,3,
2022-12-29T15:30:00Z,512,broken,supply,379.65,380.52,2,
2022-12-29T16:00:00Z,507,role_flip_retest,demand,381.04,381.3690174970304,2,
2022-12-29T16:00:00Z,509,touch,supply,382.69,383.25,2,
2022-12-29T16:00:00Z,513,touch,supply,381.93,383.15,1,
2022-12-29T16:00:00Z,514,touch,supply,382.1730919563221,383.39,1,
2022-12-29T17:00:00Z,509,broken,supply,382.69,383.25,2,
2022-12-29T17:00:00Z,513,broken,supply,381.93,383.15,1,
2022-12-29T17:00:00Z,514,broken,supply,382.1730919563221,383.39,1,
2022-12-29T17:00:00Z,515,created,demand,376.42,376.6927975834531,1,pivot
2022-12-29T18:00:00Z,514,role_flip_retest,demand,382.1730919563221,383.39,2,
2022-12-29T19:00:00Z,509,role_flip_retest,demand,382.69,383.25,2,
2022-12-29T21:00:00Z,513,role_flip_retest,demand,381.93,383.15,2,
2022-12-29T21:00:00Z,514,volume_confluence,demand,382.1730919563221,383.39,3,POC:2022-12-29:383.361875
2022-12-30T15:30:00Z,507,broken,demand,381.04,381.3690174970304,2,
2022-12-30T15:30:00Z,508,role_flip_retest,demand,377.85,379.15737942867173,3,
2022-12-30T15:30:00Z,509,broken,demand,382.69,383.25,2,
2022-12-30T15:30:00Z,513,broken,demand,381.93,383.15,2,
2022-12-30T15:30:00Z,514,broken,demand,382.1730919563221,383.39,3,
2022-12-30T16:00:00Z,507,role_flip_retest,supply,381.04,381.3690174970304,2,
2022-12-30T16:00:00Z,516,created,supply,383.87,384.35,1,pivot
2022-12-30T17:00:00Z,512,role_flip_retest,demand,379.65,380.52,2,
2022-12-30T18:00:00Z,517,created,demand,379.02,380.0801799556252,1,pivot
2022-12-30T19:00:00Z,512,broken,demand,379.65,380.52,2,
2022-12-30T21:00:00Z,507,broken,supply,381.04,381.3690174970304,2,
2022-12-30T21:00:00Z,517,volume_confluence,demand,379.02,380.0801799556252,2,POC:2022-12-30:379.540417
2023-01-03T15:30:00Z,509,role_flip_retest,supply,382.69,383.25,2,
2023-01-03T15:30:00Z,510,touch,supply,386.39,387.41,1,
2023-01-03T15:30:00Z,513,role_flip_retest,supply,381.93,383.15,2,
2023-01-03T15:30:00Z,514,role_flip_retest,supply,382.1730919563221,383.39,3,
2023-01-03T15:30:00Z,516,touch,supply,383.87,384.35,1,
2023-01-03T15:30:00Z,518,created,demand,378.43,379.32,1,pivot
2023-01-03T16:00:00Z,477,age_expired,demand,373.61,374.15,1,
2023-01-03T16:00:00Z,507,role_flip_retest,demand,381.04,381.3690174970304,2,
2023-01-03T16:00:00Z,517,touch,demand,379.02,380.0801799556252,2,
2023-01-03T17:00:00Z,507,broken,demand,381.04,381.3690174970304,2,
2023-01-03T17:00:00Z,508,touch,demand,377.85,379.15737942867173,3,
2023-01-03T17:00:00Z,510,rejection,supply,386.39,387.41,1,
2023-01-03T17:00:00Z,512,role_flip_retest,supply,379.65,380.52,2,
2023-01-03T17:00:00Z,516,rejection,supply,383.87,384.35,1,
2023-01-03T17:00:00Z,518,touch,demand,378.43,379.32,1,
2023-01-03T18:00:00Z,517,broken,demand,379.02,380.0801799556252,2,
2023-01-03T18:00:00Z,519,created,supply,385.1514025825087,386.43,1,pivot
2023-01-03T19:00:00Z,508,rejection,demand,377.85,379.15737942867173,3,
2023-01-03T19:00:00Z,518,rejection,demand,378.43,379.32,1,
2023-01-03T21:00:00Z,507,role_flip_retest,supply,381.04,381.3690174970304,2,
2023-01-03T21:00:00Z,512,broken,supply,379.65,380.52,2,
2023-01-03T21:00:00Z,520,created,demand,377.83,378.61,1,pivot
2023-01-04T15:30:00Z,507,broken,supply,381.04,381.3690174970304,2,
2023-01-04T15:30:00Z,509,touch,supply,382.69,383.25,2,
2023-01-04T15:30:00Z,513,touch,supply,381.93,383.15,2,
2023-01-04T15:30:00Z,514,touch,supply,382.1730919563221,383.39,3,
2023-01-04T16:00:00Z,507,role_flip_retest,demand,381.04,381.3690174970304,2,
2023-01-04T16:00:00Z,512,role_flip_retest,demand,379.65,380.52,2,
2023-01-04T16:00:00Z,512,volume_confluence,demand,379.65,380.52,3,POC:2023-01-03:380.159167
2023-01-04T17:00:00Z,509,broken,supply,382.69,383.25,2,
2023-01-04T17:00:00Z,513,broken,supply,381.93,383.15,2,
2023-01-04T17:00:00Z,514,broken,supply,382.1730919563221,383.39,3,
2023-01-04T17:00:00Z,516,broken,supply,383.87,384.35,1,
2023-01-04T17:00:00Z,519,touch,supply,385.1514025825087,386.43,1,
2023-01-04T18:00:00Z,519,rejection,supply,385.1514025825087,386.43,1,
2023-01-04T20:00:00Z,513,role_flip_retest,demand,381.93,383.15,2,
2023-01-04T20:00:00Z,521,created,supply,385.48,385.88,1,pivot
2023-01-04T21:00:00Z,509,role_flip_retest,demand,382.69,383.25,2,
2023-01-04T21:00:00Z,514,role_flip_retest,demand,382.1730919563221,383.39,3,
2023-01-05T15:30:00Z,507,broken,demand,381.04,381.3690174970304,2,
2023-01-05T15:30:00Z,508,touch,demand,377.85,379.15737942867173,3,
2023-01-05T15:30:00Z,509,broken,demand,382.69,383.25,2,
2023-01-05T15:30:00Z,513,broken,demand,381.93,383.15,2,
2023-01-05T15:30:00Z,514,broken,demand,382.1730919563221,383.39,3,
2023-01-05T15:30:00Z,518,touch,demand,378.43,379.32,1,
2023-01-05T16:00:00Z,507,role_flip_retest,supply,381.04,381.3690174970304,2,
2023-01-05T16:00:00Z,512,broken,demand,379.65,380.52,3,
2023-01-05T17:00:00Z,508,touch,demand,377.85,379.15737942867173,3,
2023-01-05T17:00:00Z,512,role_flip_retest,supply,379.65,380.52,3,
2023-01-05T19:00:00Z,508,rejection,demand,377.85,379.15737942867173,3,
2023-01-05T20:00:00Z,512,broken,supply,379.65,380.52,3,
2023-01-05T20:00:00Z,518,merged,demand,378.43,379.32,2,pivot;geometry=updated
2023-01-05T20:00:00Z,518,qualified,demand,378.43,379.32,2,pivot|repeated_pivot
2023-01-05T21:00:00Z,518,touch,demand,378.43,379.32,2,
2023-01-06T15:30:00Z,509,role_flip_retest,supply,382.69,383.25,2,
2023-01-06T15:30:00Z,512,role_flip_retest,demand,379.65,380.52,3,
2023-01-06T15:30:00Z,513,role_flip_retest,supply,381.93,383.15,2,
2023-01-06T15:30:00Z,514,role_flip_retest,supply,382.1730919563221,383.39,3,
2023-01-06T16:00:00Z,507,broken,supply,381.04,381.3690174970304,2,
2023-01-06T16:00:00Z,509,broken,supply,382.69,383.25,2,
2023-01-06T16:00:00Z,513,broken,supply,381.93,383.15,2,
2023-01-06T16:00:00Z,514,broken,supply,382.1730919563221,383.39,3,
2023-01-06T16:00:00Z,516,role_flip_retest,demand,383.87,384.35,2,
2023-01-06T16:00:00Z,518,rejection,demand,378.43,379.32,2,
2023-01-06T16:00:00Z,519,touch,supply,385.1514025825087,386.43,1,
2023-01-06T16:00:00Z,521,touch,supply,385.48,385.88,1,
2023-01-06T17:00:00Z,510,touch,supply,386.39,387.41,1,
2023-01-06T17:00:00Z,521,broken,supply,385.48,385.88,1,
2023-01-06T18:00:00Z,510,rejection,supply,386.39,387.41,1,
2023-01-06T19:00:00Z,519,broken,supply,385.1514025825087,386.43,1,
2023-01-06T19:00:00Z,521,role_flip_retest,demand,385.48,385.88,2,
2023-01-06T20:00:00Z,510,broken,supply,386.39,387.41,1,
2023-01-06T21:00:00Z,481,age_expired,supply,394.49,396.17146638888164,3,
2023-01-09T17:00:00Z,489,touch,supply,393.48,394.5129862310091,2,
2023-01-09T17:00:00Z,492,touch,supply,393.48,394.59920150022276,2,
2023-01-09T18:00:00Z,489,rejection,supply,393.48,394.5129862310091,2,
2023-01-09T18:00:00Z,492,rejection,supply,393.48,394.59920150022276,2,
2023-01-09T20:00:00Z,489,merged,supply,393.38,394.5129862310091,3,pivot;geometry=updated
2023-01-10T15:30:00Z,510,role_flip_retest,demand,386.39,387.41,2,
2023-01-10T16:00:00Z,519,role_flip_retest,demand,385.1514025825087,386.43,2,
2023-01-10T19:00:00Z,524,created,demand,386.27,387.482175747239,1,pivot
2023-01-11T17:00:00Z,517,broken_zone_expired,demand,379.02,380.0801799556252,2,
2023-01-11T18:00:00Z,489,touch,supply,393.38,394.5129862310091,3,
2023-01-11T18:00:00Z,492,touch,supply,393.48,394.59920150022276,2,
2023-01-11T19:00:00Z,499,touch,supply,394.12,394.94,2,
2023-01-11T21:00:00Z,489,broken,supply,393.38,394.5129862310091,3,
2023-01-11T21:00:00Z,492,broken,supply,393.48,394.59920150022276,2,
2023-01-11T21:00:00Z,499,broken,supply,394.12,394.94,2,
2023-01-12T16:00:00Z,489,role_flip_retest,demand,393.38,394.5129862310091,3,
2023-01-12T16:00:00Z,492,role_flip_retest,demand,393.48,394.59920150022276,2,
2023-01-12T16:00:00Z,499,role_flip_retest,demand,394.12,394.94,2,
2023-01-13T16:00:00Z,525,created,supply,398.2199877932297,398.49,1,pivot
2023-01-13T18:00:00Z,526,created,demand,393.34,393.62,1,pivot
2023-01-13T21:00:00Z,525,touch,supply,398.2199877932297,398.49,1,
2023-01-17T15:30:00Z,507,broken_zone_expired,supply,381.04,381.3690174970304,2,
2023-01-17T15:30:00Z,509,broken_zone_expired,supply,382.69,383.25,2,
2023-01-17T15:30:00Z,513,broken_zone_expired,supply,381.93,383.15,2,
2023-01-17T15:30:00Z,514,broken_zone_expired,supply,382.1730919563221,383.39,3,
2023-01-17T19:00:00Z,525,broken,supply,398.2199877932297,398.49,1,
2023-01-17T19:00:00Z,527,created,supply,399.25021737084637,400.23,1,pivot
2023-01-18T15:30:00Z,525,role_flip_retest,demand,398.2199877932297,398.49,2,
2023-01-18T15:30:00Z,527,touch,supply,399.25021737084637,400.23,1,
2023-01-18T16:00:00Z,525,broken,demand,398.2199877932297,398.49,2,
2023-01-18T16:00:00Z,527,rejection,supply,399.25021737084637,400.23,1,
2023-01-18T17:00:00Z,489,touch,demand,393.38,394.5129862310091,3,
2023-01-18T17:00:00Z,492,touch,demand,393.48,394.59920150022276,2,
2023-01-18T17:00:00Z,499,touch,demand,394.12,394.94,2,
2023-01-18T17:00:00Z,528,created,supply,399.03,399.69,1,order_block
2023-01-18T18:00:00Z,492,broken,demand,393.48,394.59920150022276,2,
2023-01-18T18:00:00Z,499,broken,demand,394.12,394.94,2,
2023-01-18T18:00:00Z,526,touch,demand,393.34,393.62,1,
2023-01-18T19:00:00Z,529,created,supply,399.54,400.12,1,pivot
2023-01-18T20:00:00Z,489,broken,demand,393.38,394.5129862310091,3,
2023-01-18T20:00:00Z,492,role_flip_retest,supply,393.48,394.59920150022276,2,
2023-01-18T20:00:00Z,526,broken,demand,393.34,393.62,1,
2023-01-18T21:00:00Z,489,role_flip_retest,supply,393.38,394.5129862310091,3,
2023-01-18T21:00:00Z,526,role_flip_retest,supply,393.34,393.62,2,
2023-01-19T17:00:00Z,510,touch,demand,386.39,387.41,2,
2023-01-19T17:00:00Z,524,touch,demand,386.27,387.482175747239,1,
2023-01-19T18:00:00Z,510,rejection,demand,386.39,387.41,2,
2023-01-19T18:00:00Z,524,rejection,demand,386.27,387.482175747239,1,
2023-01-19T20:00:00Z,530,created,demand,387.26,387.83,1,pivot
2023-01-20T19:00:00Z,489,touch,supply,393.38,394.5129862310091,3,
2023-01-20T19:00:00Z,492,touch,supply,393.48,394.59920150022276,2,
2023-01-20T19:00:00Z,526,touch,supply,393.34,393.62,2,
2023-01-20T20:00:00Z,526,broken,supply,393.34,393.62,2,
2023-01-20T21:00:00Z,489,broken,supply,393.38,394.5129862310091,3,
2023-01-20T21:00:00Z,492,broken,supply,393.48,394.59920150022276,2,
2023-01-23T15:30:00Z,525,role_flip_retest,supply,398.2199877932297,398.49,2,
2023-01-23T16:00:00Z,525,broken,supply,398.2199877932297,398.49,2,
2023-01-23T16:00:00Z,527,touch,supply,399.25021737084637,400.23,1,
2023-01-23T16:00:00Z,528,broken,supply,399.03,399.69,1,
2023-01-23T16:00:00Z,529,touch,supply,399.54,400.12,1,
2023-01-23T17:00:00Z,527,broken,supply,399.25021737084637,400.23,1,
2023-01-23T17:00:00Z,529,broken,supply,399.54,400.12,1,
2023-01-23T21:00:00Z,527,role_flip_retest,demand,399.25021737084637,400.23,2,
2023-01-23T21:00:00Z,528,role_flip_retest,demand,399.03,399.69,2,
2023-01-23T21:00:00Z,529,role_flip_retest,demand,399.54,400.12,2,
2023-01-23T21:00:00Z,527,volume_confluence,demand,399.25021737084637,400.23,3,POC:2023-01-23:399.906875
2023-01-23T21:00:00Z,529,volume_confluence,demand,399.54,400.12,3,POC:2023-01-23:399.906875
2023-01-24T15:30:00Z,493,age_expired,supply,409.14,410.49,2,
2023-01-24T15:30:00Z,527,broken,demand,399.25021737084637,400.23,3,
2023-01-24T15:30:00Z,528,broken,demand,399.03,399.69,2,
2023-01-24T15:30:00Z,529,broken,demand,399.54,400.12,3,
2023-01-24T15:30:00Z,531,created,supply,402.0,402.65,1,pivot
2023-01-24T16:00:00Z,525,role_flip_retest,demand,398.2199877932297,398.49,2,
2023-01-24T19:00:00Z,525,merged,demand,397.64,398.49,3,pivot;geometry=updated
2023-01-24T19:00:00Z,525,qualified,demand,397.64,398.49,3,pivot|repeated_pivot|role_flip
2023-01-25T15:30:00Z,525,broken,demand,397.64,398.49,3,
2023-01-25T15:30:00Z,533,created,supply,400.78,401.15,1,pivot
2023-01-25T16:00:00Z,489,role_flip_retest,demand,393.38,394.5129862310091,3,
2023-01-25T16:00:00Z,492,role_flip_retest,demand,393.48,394.59920150022276,2,
2023-01-25T16:00:00Z,526,role_flip_retest,demand,393.34,393.62,2,
2023-01-25T17:00:00Z,489,age_expired,demand,393.38,394.5129862310091,3,
2023-01-25T17:00:00Z,492,age_expired,demand,393.48,394.59920150022276,2,
2023-01-25T17:00:00Z,525,role_flip_retest,supply,397.64,398.49,3,
2023-01-25T19:00:00Z,525,broken,supply,397.64,398.49,3,
2023-01-25T19:00:00Z,527,role_flip_retest,supply,399.25021737084637,400.23,3,
2023-01-25T19:00:00Z,528,role_flip_retest,supply,399.03,399.69,2,
2023-01-25T19:00:00Z,526,merged,demand,393.34,394.41,3,pivot;geometry=updated
2023-01-25T19:00:00Z,526,qualified,demand,393.34,394.41,3,pivot|repeated_pivot|role_flip
2023-01-25T21:00:00Z,527,broken,supply,399.25021737084637,400.23,3,
2023-01-25T21:00:00Z,528,broken,supply,399.03,399.69,2,
2023-01-26T15:30:00Z,531,touch,supply,402.0,402.65,1,
2023-01-26T15:30:00Z,533,broken,supply,400.78,401.15,1,
2023-01-26T16:00:00Z,527,role_flip_retest,demand,399.25021737084637,400.23,3,
2023-01-26T16:00:00Z,531,rejection,supply,402.0,402.65,1,
2023-01-26T17:00:00Z,499,broken_zone_expired,demand,394.12,394.94,2,
2023-01-26T17:00:00Z,533,role_flip_retest,demand,400.78,401.15,2,
2023-01-26T18:00:00Z,535,created,supply,403.12,404.07,1,pivot
2023-01-26T19:00:00Z,531,broken,supply,402.0,402.65,1,
2023-01-26T20:00:00Z,531,role_flip_retest,demand,402.0,402.65,2,
2023-01-26T21:00:00Z,505,touch,supply,404.07724603339057,405.5,3,
2023-01-26T21:00:00Z,535,broken,supply,403.12,404.07,1,
2023-01-27T15:30:00Z,535,role_flip_retest,demand,403.12,404.07,2,
2023-01-27T15:30:00Z,535,volume_confluence,demand,403.12,404.07,3,POC:2023-01-26:403.188125
2023-01-27T17:00:00Z,505,broken,supply,404.07724603339057,405.5,3,
2023-01-30T15:30:00Z,535,touch,demand,403.12,404.07,3,
2023-01-30T16:00:00Z,531,touch,demand,402.0,402.65,2,
2023-01-30T16:00:00Z,535,broken,demand,403.12,404.07,3,
2023-01-30T17:00:00Z,536,created,supply,407.46,408.16,1,pivot
2023-01-30T18:00:00Z,535,role_flip_retest,supply,403.12,404.07,3,
2023-01-30T20:00:00Z,531,broken,demand,402.0,402.65,2,
2023-01-30T20:00:00Z,533,touch,demand,400.78,401.15,2,
2023-01-30T21:00:00Z,533,broken,demand,400.78,401.15,2,
2023-01-31T15:30:00Z,531,role_flip_retest,supply,402.0,402.65,2,
2023-01-31T16:00:00Z,531,broken,supply,402.0,402.65,2,
2023-01-31T17:00:00Z,537,created,demand,400.28,400.63,1,pivot
2023-01-31T18:00:00Z,531,role_flip_retest,demand,402.0,402.65,2,
2023-01-31T19:00:00Z,535,broken,supply,403.12,404.07,3,
2023-01-31T21:00:00Z,505,role_flip_retest,demand,404.07724603339057,405.5,4,
2023-01-31T21:00:00Z,529,broken_zone_expired,demand,399.54,400.12,3,
2023-01-31T21:00:00Z,535,role_flip_retest,demand,403.12,404.07,3,
2023-02-01T17:00:00Z,538,created,supply,406.3108519326296,406.53,1,pivot
2023-02-01T20:00:00Z,531,touch,demand,402.0,402.65,2,
2023-02-01T20:00:00Z,536,broken,supply,407.46,408.16,1,
2023-02-01T20:00:00Z,538,broken,supply,406.3108519326296,406.53,1,
2023-02-01T20:00:00Z,539,created,demand,403.76,404.56,1,order_block
2023-02-01T21:00:00Z,531,rejection,demand,402.0,402.65,2,
2023-02-02T16:00:00Z,540,created,demand,402.35,403.7880630088779,1,pivot
2023-02-02T18:00:00Z,525,broken_zone_expired,supply,397.64,398.49,3,
2023-02-02T20:00:00Z,528,broken_zone_expired,supply,399.03,399.69,2,
2023-02-03T16:00:00Z,541,created,supply,417.9603936797182,418.31,1,pivot
2023-02-03T16:00:00Z,511,capacity_expired,demand,374.77,375.53,1,
2023-02-03T18:00:00Z,542,created,demand,411.44,411.78268708228376,1,pivot
2023-02-03T18:00:00Z,515,capacity_expired,demand,376.42,376.6927975834531,1,
2023-02-06T15:30:00Z,542,broken,demand,411.44,411.78268708228376,1,
2023-02-06T16:00:00Z,505,age_expired,demand,404.07724603339057,405.5,4,
2023-02-06T16:00:00Z,536,role_flip_retest,demand,407.46,408.16,2,
2023-02-06T19:00:00Z,543,created,demand,408.1,409.4373300797259,1,pivot
2023-02-06T21:00:00Z,543,touch,demand,408.1,409.4373300797259,1,
2023-02-07T17:00:00Z,543,rejection,demand,408.1,409.4373300797259,1,
2023-02-07T18:00:00Z,544,created,demand,408.36,408.99,1,order_block
2023-02-07T18:00:00Z,520,capacity_expired,demand,377.83,378.61,1,
2023-02-07T19:00:00Z,536,touch,demand,407.46,408.16,2,
2023-02-07T19:00:00Z,542,role_flip_retest,supply,411.44,411.78268708228376,2,
2023-02-07T19:00:00Z,524,capacity_expired,demand,386.27,387.482175747239,1,
2023-02-07T20:00:00Z,533,broken_zone_expired,demand,400.78,401.15,2,
2023-02-07T20:00:00Z,536,rejection,demand,407.46,408.16,2,
2023-02-07T20:00:00Z,542,broken,supply,411.44,411.78268708228376,2,
2023-02-07T21:00:00Z,543,volume_confluence,demand,408.1,409.4373300797259,2,POC:2023-02-07:408.870833
2023-02-07T21:00:00Z,544,volume_confluence,demand,408.36,408.99,2,POC:2023-02-07:408.870833
2023-02-08T15:30:00Z,536,merged,demand,407.46,408.91,3,pivot;geometry=updated
2023-02-08T15:30:00Z,536,qualified,demand,407.46,408.91,3,pivot|repeated_pivot|role_flip
2023-02-08T15:30:00Z,536,volume_confluence,demand,407.46,408.91,4,POC:2023-02-07:408.870833
2023-02-08T15:30:00Z,536,evidence_upgrade,demand,407.46,408.91,4,volume_profile;score:3->4;qualified_score:3
2023-02-08T17:00:00Z,546,created,supply,415.18,416.49,1,pivot
2023-02-08T18:00:00Z,542,role_flip_retest,demand,411.44,411.78268708228376,2,
2023-02-08T18:00:00Z,530,capacity_expired,demand,387.26,387.83,1,
2023-02-08T21:00:00Z,542,broken,demand,411.44,411.78268708228376,2,
2023-02-09T17:00:00Z,542,role_flip_retest,supply,411.44,411.78268708228376,2,
2023-02-09T17:00:00Z,547,created,demand,409.93,410.66,1,pivot
2023-02-09T17:00:00Z,537,capacity_expired,demand,400.28,400.63,1,
2023-02-09T18:00:00Z,543,touch,demand,408.1,409.4373300797259,2,
2023-02-09T18:00:00Z,548,created,supply,414.25937963358984,414.57,1,pivot
2023-02-09T18:00:00Z,539,capacity_expired,demand,403.76,404.56,1,
2023-02-09T19:00:00Z,538,broken_zone_expired,supply,406.3108519326296,406.53,1,
2023-02-09T19:00:00Z,547,broken,demand,409.93,410.66,1,
2023-02-09T20:00:00Z,536,touch,demand,407.46,408.91,4,
2023-02-09T20:00:00Z,544,touch,demand,408.36,408.99,2,
2023-02-09T21:00:00Z,508,age_expired,demand,377.85,379.15737942867173,3,
2023-02-09T21:00:00Z,536,broken,demand,407.46,408.91,4,
2023-02-09T21:00:00Z,543,broken,demand,408.1,409.4373300797259,2,
2023-02-09T21:00:00Z,544,broken,demand,408.36,408.99,2,
2023-02-10T16:00:00Z,536,role_flip_retest,supply,407.46,408.91,4,
2023-02-10T16:00:00Z,543,role_flip_retest,supply,408.1,409.4373300797259,3,
2023-02-10T19:00:00Z,549,created,demand,405.01,406.2504473230772,1,pivot
2023-02-10T21:00:00Z,544,role_flip_retest,supply,408.36,408.99,3,
2023-02-13T15:30:00Z,536,broken,supply,407.46,408.91,4,
2023-02-13T15:30:00Z,543,broken,supply,408.1,409.4373300797259,3,
2023-02-13T15:30:00Z,544,broken,supply,408.36,408.99,3,
2023-02-13T16:00:00Z,542,touch,supply,411.44,411.78268708228376,2,
2023-02-13T17:00:00Z,542,broken,supply,411.44,411.78268708228376,2,
2023-02-13T19:00:00Z,510,age_expired,demand,386.39,387.41,2,
2023-02-13T19:00:00Z,542,role_flip_retest,demand,411.44,411.78268708228376,2,
2023-02-14T16:00:00Z,542,broken,demand,411.44,411.78268708228376,2,
2023-02-14T16:00:00Z,543,role_flip_retest,demand,408.1,409.4373300797259,3,
2023-02-14T16:00:00Z,548,touch,supply,414.25937963358984,414.57,1,
2023-02-14T17:00:00Z,536,role_flip_retest,demand,407.46,408.91,4,
2023-02-14T17:00:00Z,542,role_flip_retest,supply,411.44,411.78268708228376,2,
2023-02-14T17:00:00Z,544,role_flip_retest,demand,408.36,408.99,3,
2023-02-14T17:00:00Z,547,role_flip_retest,supply,409.93,410.66,2,
2023-02-14T17:00:00Z,548,rejection,supply,414.25937963358984,414.57,1,
2023-02-14T18:00:00Z,547,broken,supply,409.93,410.66,2,
2023-02-14T19:00:00Z,542,broken,supply,411.44,411.78268708228376,2,
2023-02-14T19:00:00Z,550,created,supply,413.735172076712,415.05,1,pivot
2023-02-14T20:00:00Z,542,role_flip_retest,demand,411.44,411.78268708228376,2,
2023-02-14T20:00:00Z,551,created,demand,408.51,409.56,1,pivot
2023-02-15T15:30:00Z,542,broken,demand,411.44,411.78268708228376,2,
2023-02-15T16:00:00Z,542,role_flip_retest,supply,411.44,411.78268708228376,2,
2023-02-15T16:00:00Z,547,role_flip_retest,demand,409.93,410.66,2,
2023-02-15T16:00:00Z,551,touch,demand,408.51,409.56,1,
2023-02-15T16:00:00Z,540,capacity_expired,demand,402.35,403.7880630088779,1,
2023-02-15T17:00:00Z,542,broken,supply,411.44,411.78268708228376,2,
2023-02-15T17:00:00Z,551,rejection,demand,408.51,409.56,1,
2023-02-15T19:00:00Z,542,role_flip_retest,demand,411.44,411.78268708228376,2,
2023-02-15T21:00:00Z,550,touch,supply,413.735172076712,415.05,1,
2023-02-16T15:30:00Z,512,age_expired,demand,379.65,380.52,3,
2023-02-16T15:30:00Z,536,touch,demand,407.46,408.91,4,
2023-02-16T15:30:00Z,542,broken,demand,411.44,411.78268708228376,2,
2023-02-16T15:30:00Z,543,touch,demand,408.1,409.4373300797259,3,
2023-02-16T15:30:00Z,544,touch,demand,408.36,408.99,3,
2023-02-16T15:30:00Z,547,broken,demand,409.93,410.66,2,
2023-02-16T16:00:00Z,536,rejection,demand,407.46,408.91,4,
2023-02-16T16:00:00Z,542,role_flip_retest,supply,411.44,411.78268708228376,2,
2023-02-16T16:00:00Z,543,rejection,demand,408.1,409.4373300797259,3,
2023-02-16T16:00:00Z,544,rejection,demand,408.36,408.99,3,
2023-02-16T17:00:00Z,548,merged,supply,413.71627297077555,414.57,2,pivot;geometry=updated
2023-02-16T17:00:00Z,548,qualified,supply,413.71627297077555,414.57,2,pivot|repeated_pivot
2023-02-16T18:00:00Z,542,broken,supply,411.44,411.78268708228376,2,
2023-02-16T18:00:00Z,544,merged,demand,408.26,408.99,4,pivot;geometry=updated
2023-02-16T19:00:00Z,542,role_flip_retest,demand,411.44,411.78268708228376,2,
2023-02-16T21:00:00Z,542,broken,demand,411.44,411.78268708228376,2,
2023-02-16T21:00:00Z,547,role_flip_retest,supply,409.93,410.66,2,
2023-02-16T21:00:00Z,551,broken,demand,408.51,409.56,1,
2023-02-17T15:30:00Z,536,broken,demand,407.46,408.91,4,
2023-02-17T15:30:00Z,543,broken,demand,408.1,409.4373300797259,3,
2023-02-17T15:30:00Z,544,broken,demand,408.26,408.99,4,
2023-02-17T15:30:00Z,549,broken,demand,405.01,406.2504473230772,1,
2023-02-17T16:00:00Z,549,role_flip_retest,supply,405.01,406.2504473230772,2,
2023-02-17T16:00:00Z,554,created,supply,412.18,412.91,1,pivot
2023-02-17T18:00:00Z,535,touch,demand,403.12,404.07,3,
2023-02-17T19:00:00Z,535,rejection,demand,403.12,404.07,3,
2023-02-17T20:00:00Z,549,broken,supply,405.01,406.2504473230772,2,
2023-02-17T21:00:00Z,536,role_flip_retest,supply,407.46,408.91,4,
2023-02-17T21:00:00Z,555,created,demand,404.05,404.47,1,pivot
2023-02-21T15:30:00Z,531,touch,demand,402.0,402.65,2,
2023-02-21T15:30:00Z,535,broken,demand,403.12,404.07,3,
2023-02-21T15:30:00Z,555,broken,demand,404.05,404.47,1,
2023-02-21T16:00:00Z,531,broken,demand,402.0,402.65,2,
2023-02-21T17:00:00Z,556,created,supply,407.2378670690775,407.51,1,pivot
2023-02-21T18:00:00Z,527,touch,demand,399.25021737084637,400.23,3,
2023-02-21T19:00:00Z,516,age_expired,demand,383.87,384.35,2,
2023-02-21T21:00:00Z,527,broken,demand,399.25021737084637,400.23,3,
2023-02-22T16:00:00Z,527,role_flip_retest,supply,399.25021737084637,400.23,3,
2023-02-22T18:00:00Z,518,age_expired,demand,378.43,379.32,2,
2023-02-22T19:00:00Z,527,broken,supply,399.25021737084637,400.23,3,
2023-02-22T19:00:00Z,557,created,demand,397.62,398.6174048677064,1,pivot
2023-02-22T20:00:00Z,558,created,supply,400.11,400.89,1,order_block
2023-02-22T21:00:00Z,519,age_expired,demand,385.1514025825087,386.43,2,
2023-02-23T15:30:00Z,531,role_flip_retest,supply,402.0,402.65,2,
2023-02-23T15:30:00Z,558,broken,supply,400.11,400.89,1,
2023-02-23T17:00:00Z,557,broken,demand,397.62,398.6174048677064,1,
2023-02-23T17:00:00Z,531,merged,supply,401.56,402.65,3,order_block;geometry=updated
2023-02-23T18:00:00Z,557,role_flip_retest,supply,397.62,398.6174048677064,2,
2023-02-23T18:00:00Z,560,created,supply,401.81,402.2,1,pivot
2023-02-23T20:00:00Z,557,broken,supply,397.62,398.6174048677064,2,
2023-02-23T21:00:00Z,527,role_flip_retest,demand,399.25021737084637,400.23,3,
2023-02-23T21:00:00Z,561,created,demand,396.25,396.50218875016265,1,pivot
2023-02-24T15:30:00Z,526,touch,demand,393.34,394.41,3,
2023-02-24T15:30:00Z,527,broken,demand,399.25021737084637,400.23,3,
2023-02-24T15:30:00Z,561,broken,demand,396.25,396.50218875016265,1,
2023-02-24T16:00:00Z,521,age_expired,demand,385.48,385.88,2,
2023-02-24T17:00:00Z,526,rejection,demand,393.34,394.41,3,
2023-02-24T17:00:00Z,561,role_flip_retest,supply,396.25,396.50218875016265,2,
2023-02-24T19:00:00Z,526,merged,demand,393.34,394.41,3,pivot;geometry=frozen
2023-02-24T20:00:00Z,561,broken,supply,396.25,396.50218875016265,2,
2023-02-27T16:00:00Z,527,role_flip_retest,supply,399.25021737084637,400.23,3,
2023-02-27T16:00:00Z,557,role_flip_retest,demand,397.62,398.6174048677064,2,
2023-02-27T19:00:00Z,563,created,supply,400.33,401.29,1,pivot
2023-02-27T20:00:00Z,542,broken_zone_expired,demand,411.44,411.78268708228376,2,
2023-02-27T20:00:00Z,551,broken_zone_expired,demand,408.51,409.56,1,
2023-02-27T21:00:00Z,543,broken_zone_expired,demand,408.1,409.4373300797259,3,
2023-02-27T21:00:00Z,544,broken_zone_expired,demand,408.26,408.99,4,
2023-02-27T21:00:00Z,557,volume_confluence,demand,397.62,398.6174048677064,3,POC:2023-02-27:398.168750
2023-02-28T15:30:00Z,557,broken,demand,397.62,398.6174048677064,3,
2023-02-28T15:30:00Z,561,role_flip_retest,demand,396.25,396.50218875016265,2,
2023-02-28T16:00:00Z,557,role_flip_retest,supply,397.62,398.6174048677064,3,
2023-02-28T18:00:00Z,557,broken,supply,397.62,398.6174048677064,3,
2023-02-28T18:00:00Z,561,merged,demand,396.25,397.23,3,pivot;geometry=updated
2023-02-28T18:00:00Z,561,qualified,demand,396.25,397.23,3,pivot|repeated_pivot|role_flip
2023-02-28T19:00:00Z,527,touch,supply,399.25021737084637,400.23,3,
2023-02-28T19:00:00Z,549,broken_zone_expired,supply,405.01,406.2504473230772,2,
2023-02-28T20:00:00Z,527,rejection,supply,399.25021737084637,400.23,3,
2023-02-28T21:00:00Z,535,broken_zone_expired,demand,403.12,404.07,3,
2023-02-28T21:00:00Z,555,broken_zone_expired,demand,404.05,404.47,1,
2023-03-01T15:30:00Z,561,broken,demand,396.25,397.23,3,
2023-03-01T15:30:00Z,565,created,supply,398.94,399.28,1,pivot
2023-03-01T16:00:00Z,526,touch,demand,393.34,394.41,3,
2023-03-01T16:00:00Z,561,role_flip_retest,supply,396.25,397.23,3,
2023-03-01T19:00:00Z,526,touch,demand,393.34,394.41,3,
2023-03-01T20:00:00Z,566,created,demand,393.38,394.3632714737542,1,pivot
2023-03-01T21:00:00Z,526,rejection,demand,393.34,394.41,3,
2023-03-02T15:30:00Z,526,broken,demand,393.34,394.41,3,
2023-03-02T15:30:00Z,566,broken,demand,393.38,394.3632714737542,1,
2023-03-02T18:00:00Z,567,created,demand,392.33,392.69,1,pivot
2023-03-02T20:00:00Z,561,touch,supply,396.25,397.23,3,
2023-03-02T21:00:00Z,558,broken_zone_expired,supply,400.11,400.89,1,
2023-03-02T21:00:00Z,561,broken,supply,396.25,397.23,3,
2023-03-03T15:30:00Z,527,broken,supply,399.25021737084637,400.23,3,
2023-03-03T15:30:00Z,563,touch,supply,400.33,401.29,1,
2023-03-03T15:30:00Z,565,broken,supply,398.94,399.28,1,
2023-03-03T16:00:00Z,527,role_flip_retest,demand,399.25021737084637,400.23,3,
2023-03-03T16:00:00Z,565,role_flip_retest,demand,398.94,399.28,2,
2023-03-03T17:00:00Z,531,touch,supply,401.56,402.65,3,
2023-03-03T17:00:00Z,560,touch,supply,401.81,402.2,1,
2023-03-03T17:00:00Z,563,broken,supply,400.33,401.29,1,
2023-03-03T18:00:00Z,531,broken,supply,401.56,402.65,3,
2023-03-03T18:00:00Z,560,broken,supply,401.81,402.2,1,
2023-03-03T19:00:00Z,531,role_flip_retest,demand,401.56,402.65,3,
2023-03-06T16:00:00Z,556,touch,supply,407.2378670690775,407.51,1,
2023-03-06T18:00:00Z,556,rejection,supply,407.2378670690775,407.51,1,
2023-03-06T20:00:00Z,556,merged,supply,406.79,407.51,2,pivot;geometry=updated
2023-03-06T20:00:00Z,556,qualified,supply,406.79,407.51,2,pivot|repeated_pivot
2023-03-07T16:00:00Z,531,broken,demand,401.56,402.65,3,
2023-03-07T16:00:00Z,569,created,supply,406.65,407.45,1,order_block
2023-03-07T17:00:00Z,527,touch,demand,399.25021737084637,400.23,3,
2023-03-07T18:00:00Z,527,rejection,demand,399.25021737084637,400.23,3,
2023-03-07T18:00:00Z,531,role_flip_retest,supply,401.56,402.65,3,
2023-03-07T19:00:00Z,527,broken,demand,399.25021737084637,400.23,3,
2023-03-07T19:00:00Z,565,broken,demand,398.94,399.28,2,
2023-03-07T20:00:00Z,565,role_flip_retest,supply,398.94,399.28,2,
2023-03-08T15:30:00Z,557,role_flip_retest,demand,397.62,398.6174048677064,3,
2023-03-08T16:00:00Z,527,role_flip_retest,supply,399.25021737084637,400.23,3,
2023-03-08T16:00:00Z,561,role_flip_retest,demand,396.25,397.23,3,
2023-03-08T17:00:00Z,527,age_expired,supply,399.25021737084637,400.23,3,
2023-03-08T19:00:00Z,557,broken,demand,397.62,398.6174048677064,3,
2023-03-08T20:00:00Z,557,role_flip_retest,supply,397.62,398.6174048677064,3,
2023-03-08T21:00:00Z,557,broken,supply,397.62,398.6174048677064,3,
2023-03-08T21:00:00Z,565,touch,supply,398.94,399.28,2,
2023-03-09T15:30:00Z,565,broken,supply,398.94,399.28,2,
2023-03-09T15:30:00Z,570,created,demand,396.59,397.01,1,pivot
2023-03-09T18:00:00Z,571,created,supply,400.78,401.48,1,pivot
2023-03-09T19:00:00Z,561,broken,demand,396.25,397.23,3,
2023-03-09T19:00:00Z,570,broken,demand,396.59,397.01,1,
2023-03-09T19:00:00Z,571,merged,supply,400.54497681065504,401.48,2,order_block;geometry=updated
2023-03-09T21:00:00Z,526,broken_zone_expired,demand,393.34,394.41,3,
2023-03-09T21:00:00Z,566,broken_zone_expired,demand,393.38,394.3632714737542,1,
2023-03-09T21:00:00Z,567,broken,demand,392.33,392.69,1,
2023-03-10T17:00:00Z,567,role_flip_retest,supply,392.33,392.69,2,
2023-03-10T18:00:00Z,573,created,demand,387.48,388.7473551860424,1,pivot
2023-03-10T19:00:00Z,573,broken,demand,387.48,388.7473551860424,1,
2023-03-10T19:00:00Z,574,created,supply,390.16336899879536,391.38,1,order_block
2023-03-10T20:00:00Z,573,role_flip_retest,supply,387.48,388.7473551860424,2,
2023-03-10T21:00:00Z,573,volume_confluence,supply,387.48,388.7473551860424,3,POC:2023-03-10:387.819167
2023-03-13T15:00:00Z,563,broken_zone_expired,supply,400.33,401.29,1,
2023-03-13T16:00:00Z,560,broken_zone_expired,supply,401.81,402.2,1,
2023-03-13T17:00:00Z,574,touch,supply,390.16336899879536,391.38,1,
2023-03-13T17:00:00Z,575,created,demand,380.65,381.81,1,pivot
2023-03-13T20:00:00Z,574,rejection,supply,390.16336899879536,391.38,1,
2023-03-13T20:00:00Z,576,created,supply,388.85,390.39,1,pivot
2023-03-14T14:30:00Z,573,broken,supply,387.48,388.7473551860424,3,
2023-03-14T14:30:00Z,576,broken,supply,388.85,390.39,1,
2023-03-14T15:00:00Z,567,touch,supply,392.33,392.69,2,
2023-03-14T15:00:00Z,574,broken,supply,390.16336899879536,391.38,1,
2023-03-14T17:00:00Z,531,age_expired,supply,401.56,402.65,3,
2023-03-14T17:00:00Z,567,rejection,supply,392.33,392.69,2,
2023-03-14T17:00:00Z,574,role_flip_retest,demand,390.16336899879536,391.38,2,
2023-03-14T18:00:00Z,573,role_flip_retest,demand,387.48,388.7473551860424,3,
2023-03-14T18:00:00Z,574,broken,demand,390.16336899879536,391.38,2,
2023-03-14T19:00:00Z,567,merged,supply,392.33,393.45,3,pivot;geometry=updated
2023-03-14T19:00:00Z,567,qualified,supply,392.33,393.45,3,pivot|repeated_pivot|role_flip
2023-03-14T20:00:00Z,576,role_flip_retest,demand,388.85,390.39,2,
2023-03-15T14:30:00Z,573,broken,demand,387.48,388.7473551860424,3,
2023-03-15T14:30:00Z,576,broken,demand,388.85,390.39,2,
2023-03-15T19:00:00Z,576,role_flip_retest,supply,388.85,390.39,2,
2023-03-15T20:00:00Z,578,created,demand,383.71,384.14,1,pivot
2023-03-16T15:00:00Z,576,broken,supply,388.85,390.39,2,
2023-03-16T16:00:00Z,567,broken,supply,392.33,393.45,3,
2023-03-16T17:00:00Z,567,role_flip_retest,demand,392.33,393.45,3,
2023-03-16T19:00:00Z,557,broken_zone_expired,supply,397.62,398.6174048677064,3,
2023-03-16T20:00:00Z,561,role_flip_retest,supply,396.25,397.23,3,
2023-03-16T20:00:00Z,565,broken_zone_expired,supply,398.94,399.28,2,
2023-03-17T15:00:00Z,567,broken,demand,392.33,393.45,3,
2023-03-17T16:00:00Z,574,role_flip_retest,supply,390.16336899879536,391.38,2,
2023-03-17T16:00:00Z,561,merged,supply,396.25,397.23,3,pivot;geometry=frozen
2023-03-17T17:00:00Z,570,broken_zone_expired,demand,396.59,397.01,1,
2023-03-17T18:00:00Z,576,role_flip_retest,demand,388.85,390.39,2,
2023-03-17T20:00:00Z,576,volume_confluence,demand,388.85,390.39,3,POC:2023-03-17:390.134375
2023-03-20T14:30:00Z,574,broken,supply,390.16336899879536,391.38,2,
2023-03-20T15:00:00Z,574,role_flip_retest,demand,390.16336899879536,391.38,2,
2023-03-20T15:00:00Z,580,created,demand,388.55,389.65,1,pivot
2023-03-20T19:00:00Z,536,age_expired,supply,407.46,408.91,4,
2023-03-20T19:00:00Z,581,created,supply,393.04,394.17,1,pivot
2023-03-21T14:30:00Z,561,broken,supply,396.25,397.23,3,
2023-03-21T14:30:00Z,581,broken,supply,393.04,394.17,1,
2023-03-21T18:00:00Z,582,created,supply,397.87,398.34,1,pivot
2023-03-21T19:00:00Z,561,role_flip_retest,demand,396.25,397.23,3,
2023-03-21T20:00:00Z,582,broken,supply,397.87,398.34,1,
2023-03-22T14:30:00Z,582,role_flip_retest,demand,397.87,398.34,2,
2023-03-22T18:00:00Z,583,created,supply,399.25,399.88,1,pivot
2023-03-22T19:00:00Z,571,touch,supply,400.54497681065504,401.48,2,
2023-03-22T20:00:00Z,561,broken,demand,396.25,397.23,3,
2023-03-22T20:00:00Z,567,role_flip_retest,supply,392.33,393.45,3,
2023-03-22T20:00:00Z,571,rejection,supply,400.54497681065504,401.48,2,
2023-03-22T20:00:00Z,573,broken_zone_expired,demand,387.48,388.7473551860424,3,
2023-03-22T20:00:00Z,582,broken,demand,397.87,398.34,2,
2023-03-22T20:00:00Z,584,created,supply,397.94,398.77,1,order_block
2023-03-22T20:00:00Z,584,volume_confluence,supply,397.94,398.77,2,POC:2023-03-22:398.365417
2023-03-23T14:30:00Z,567,broken,supply,392.33,393.45,3,
2023-03-23T15:00:00Z,584,touch,supply,397.94,398.77,2,
2023-03-23T15:00:00Z,585,created,supply,401.02381346712076,402.49,1,pivot
2023-03-23T16:00:00Z,583,touch,supply,399.25,399.88,1,
2023-03-23T16:00:00Z,586,created,demand,392.07,392.3800741547132,1,pivot
2023-03-23T17:00:00Z,582,role_flip_retest,supply,397.87,398.34,2,
2023-03-23T17:00:00Z,583,rejection,supply,399.25,399.88,1,
2023-03-23T17:00:00Z,584,rejection,supply,397.94,398.77,2,
2023-03-23T18:00:00Z,561,role_flip_retest,supply,396.25,397.23,3,
2023-03-23T19:00:00Z,574,touch,demand,390.16336899879536,391.38,2,
2023-03-23T19:00:00Z,586,touch,demand,392.07,392.3800741547132,1,
2023-03-23T20:00:00Z,574,rejection,demand,390.16336899879536,391.38,2,
2023-03-23T20:00:00Z,576,touch,demand,388.85,390.39,3,
2023-03-23T20:00:00Z,586,rejection,demand,392.07,392.3800741547132,1,
2023-03-24T14:30:00Z,580,touch,demand,388.55,389.65,1,
2023-03-24T14:30:00Z,586,broken,demand,392.07,392.3800741547132,1,
2023-03-24T15:00:00Z,586,role_flip_retest,supply,392.07,392.3800741547132,2,
2023-03-24T16:00:00Z,576,rejection,demand,388.85,390.39,3,
2023-03-24T16:00:00Z,580,rejection,demand,388.55,389.65,1,
2023-03-24T16:00:00Z,586,broken,supply,392.07,392.3800741547132,2,
2023-03-24T17:00:00Z,586,role_flip_retest,demand,392.07,392.3800741547132,2,
2023-03-24T17:00:00Z,587,created,demand,389.4,390.9783455353014,1,pivot
2023-03-24T17:00:00Z,541,capacity_expired,supply,417.9603936797182,418.31,1,
2023-03-24T18:00:00Z,567,role_flip_retest,demand,392.33,393.45,3,
2023-03-24T18:00:00Z,546,capacity_expired,supply,415.18,416.49,1,
2023-03-24T19:00:00Z,581,role_flip_retest,demand,393.04,394.17,2,
2023-03-24T19:00:00Z,550,capacity_expired,supply,413.735172076712,415.05,1,
2023-03-24T20:00:00Z,581,volume_confluence,demand,393.04,394.17,3,POC:2023-03-24:394.095833
2023-03-27T14:30:00Z,561,broken,supply,396.25,397.23,3,
2023-03-27T14:30:00Z,582,touch,supply,397.87,398.34,2,
2023-03-27T14:30:00Z,584,touch,supply,397.94,398.77,2,
2023-03-27T15:00:00Z,582,rejection,supply,397.87,398.34,2,
2023-03-27T15:00:00Z,584,rejection,supply,397.94,398.77,2,
2023-03-27T17:00:00Z,584,merged,supply,397.94,398.92,3,pivot;geometry=updated
2023-03-27T19:00:00Z,561,role_flip_retest,demand,396.25,397.23,3,
2023-03-27T20:00:00Z,561,volume_confluence,demand,396.25,397.23,4,POC:2023-03-27:396.330000
2023-03-27T20:00:00Z,561,evidence_upgrade,demand,396.25,397.23,4,volume_profile;score:3->4;qualified_score:3
2023-03-28T14:30:00Z,561,broken,demand,396.25,397.23,4,
2023-03-28T15:00:00Z,561,role_flip_retest,supply,396.25,397.23,4,
2023-03-28T16:00:00Z,582,merged,supply,397.87,398.34,3,pivot;geometry=updated
2023-03-28T16:00:00Z,582,qualified,supply,397.87,398.34,3,pivot|repeated_pivot|role_flip
2023-03-28T18:00:00Z,581,touch,demand,393.04,394.17,3,
2023-03-28T19:00:00Z,581,rejection,demand,393.04,394.17,3,
2023-03-29T14:30:00Z,561,broken,supply,396.25,397.23,4,
2023-03-29T14:30:00Z,582,broken,supply,397.87,398.34,3,
2023-03-29T14:30:00Z,583,touch,supply,399.25,399.88,1,
2023-03-29T14:30:00Z,584,broken,supply,397.94,398.92,3,
2023-03-29T14:30:00Z,590,created,demand,393.69,393.9505141918111,1,pivot
2023-03-29T15:00:00Z,583,rejection,supply,399.25,399.88,1,
2023-03-29T16:00:00Z,584,role_flip_retest,demand,397.94,398.92,4,
2023-03-29T19:00:00Z,571,touch,supply,400.54497681065504,401.48,2,
2023-03-29T19:00:00Z,583,broken,supply,399.25,399.88,1,
2023-03-29T20:00:00Z,585,touch,supply,401.02381346712076,402.49,1,
2023-03-30T14:30:00Z,571,broken,supply,400.54497681065504,401.48,2,
2023-03-30T14:30:00Z,585,broken,supply,401.02381346712076,402.49,1,
2023-03-30T18:00:00Z,591,created,supply,404.08,404.35,1,pivot
2023-03-30T19:00:00Z,547,age_expired,supply,409.93,410.66,2,
2023-03-30T19:00:00Z,585,role_flip_retest,demand,401.02381346712076,402.49,2,
2023-03-30T20:00:00Z,548,age_expired,supply,413.71627297077555,414.57,2,
2023-03-31T14:30:00Z,591,broken,supply,404.08,404.35,1,
2023-03-31T16:00:00Z,556,touch,supply,406.79,407.51,2,
2023-03-31T16:00:00Z,569,touch,supply,406.65,407.45,1,
2023-03-31T19:00:00Z,569,broken,supply,406.65,407.45,1,
2023-03-31T20:00:00Z,556,broken,supply,406.79,407.51,2,
2023-03-31T20:00:00Z,592,created,demand,406.68,407.23,1,order_block
2023-04-03T18:00:00Z,593,created,supply,410.58652450403633,411.37,1,pivot
2023-04-03T20:00:00Z,593,touch,supply,410.58652450403633,411.37,1,
2023-04-04T15:00:00Z,593,rejection,supply,410.58652450403633,411.37,1,
2023-04-04T17:00:00Z,556,role_flip_retest,demand,406.79,407.51,3,
2023-04-04T17:00:00Z,569,role_flip_retest,demand,406.65,407.45,2,
2023-04-04T18:00:00Z,594,created,supply,411.13952254143305,411.92,1,pivot
2023-04-04T20:00:00Z,595,created,demand,407.24,408.0087076045807,1,pivot
2023-04-05T15:00:00Z,556,broken,demand,406.79,407.51,3,
2023-04-05T15:00:00Z,569,broken,demand,406.65,407.45,2,
2023-04-05T15:00:00Z,592,broken,demand,406.68,407.23,1,
2023-04-05T15:00:00Z,595,broken,demand,407.24,408.0087076045807,1,
2023-04-05T15:00:00Z,596,created,supply,407.89838550475815,408.62,1,order_block
2023-04-05T15:00:00Z,596,volume_confluence,supply,407.89838550475815,408.62,2,POC:2023-04-04:408.117500
2023-04-05T16:00:00Z,595,role_flip_retest,supply,407.24,408.0087076045807,2,
2023-04-05T17:00:00Z,556,role_flip_retest,supply,406.79,407.51,3,
2023-04-05T17:00:00Z,569,role_flip_retest,supply,406.65,407.45,2,
2023-04-05T17:00:00Z,592,role_flip_retest,supply,406.68,407.23,2,
2023-04-05T19:00:00Z,592,broken,supply,406.68,407.23,2,
2023-04-05T20:00:00Z,556,broken,supply,406.79,407.51,3,
2023-04-05T20:00:00Z,561,broken_zone_expired,supply,396.25,397.23,4,
2023-04-05T20:00:00Z,569,broken,supply,406.65,407.45,2,
2023-04-05T20:00:00Z,582,broken_zone_expired,supply,397.87,398.34,3,
2023-04-05T20:00:00Z,592,role_flip_retest,demand,406.68,407.23,2,
2023-04-05T20:00:00Z,597,created,demand,405.88,406.16,1,pivot
2023-04-05T20:00:00Z,592,volume_confluence,demand,406.68,407.23,3,POC:2023-04-05:406.996250
2023-04-06T14:30:00Z,592,broken,demand,406.68,407.23,3,
2023-04-06T15:00:00Z,592,role_flip_retest,supply,406.68,407.23,3,
2023-04-06T16:00:00Z,556,role_flip_retest,demand,406.79,407.51,3,
2023-04-06T16:00:00Z,569,role_flip_retest,demand,406.65,407.45,2,
2023-04-06T16:00:00Z,592,broken,supply,406.68,407.23,3,
2023-04-06T16:00:00Z,595,broken,supply,407.24,408.0087076045807,2,
2023-04-06T16:00:00Z,596,touch,supply,407.89838550475815,408.62,2,
2023-04-06T16:00:00Z,556,volume_confluence,demand,406.79,407.51,4,POC:2023-04-05:406.996250
2023-04-06T16:00:00Z,556,evidence_upgrade,demand,406.79,407.51,4,volume_profile;score:3->4;qualified_score:2
2023-04-06T16:00:00Z,569,volume_confluence,demand,406.65,407.45,3,POC:2023-04-05:406.996250
2023-04-06T17:00:00Z,597,merged,demand,405.67,406.16,1,pivot;geometry=updated
2023-04-06T18:00:00Z,583,broken_zone_expired,supply,399.25,399.88,1,
2023-04-06T18:00:00Z,596,broken,supply,407.89838550475815,408.62,2,
2023-04-06T20:00:00Z,571,broken_zone_expired,supply,400.54497681065504,401.48,2,
2023-04-06T20:00:00Z,596,role_flip_retest,demand,407.89838550475815,408.62,3,
2023-04-10T14:30:00Z,556,broken,demand,406.79,407.51,4,
2023-04-10T14:30:00Z,569,broken,demand,406.65,407.45,3,
2023-04-10T14:30:00Z,596,broken,demand,407.89838550475815,408.62,3,
2023-04-10T14:30:00Z,597,touch,demand,405.67,406.16,1,
2023-04-10T15:00:00Z,556,role_flip_retest,supply,406.79,407.51,4,
2023-04-10T15:00:00Z,597,rejection,demand,405.67,406.16,1,
2023-04-10T15:00:00Z,599,created,supply,408.93,409.48,1,pivot
2023-04-10T17:00:00Z,556,broken,supply,406.79,407.51,4,
2023-04-10T17:00:00Z,592,role_flip_retest,demand,406.68,407.23,3,
2023-04-10T17:00:00Z,595,role_flip_retest,demand,407.24,408.0087076045807,2,
2023-04-10T17:00:00Z,597,merged,demand,405.67,406.2,2,pivot;geometry=updated
2023-04-10T17:00:00Z,597,qualified,demand,405.67,406.2,2,pivot|repeated_pivot
2023-04-10T18:00:00Z,554,age_expired,supply,412.18,412.91,1,
2023-04-10T19:00:00Z,599,touch,supply,408.93,409.48,1,
2023-04-10T20:00:00Z,591,broken_zone_expired,supply,404.08,404.35,1,
2023-04-10T20:00:00Z,599,broken,supply,408.93,409.48,1,
2023-04-11T14:30:00Z,599,role_flip_retest,demand,408.93,409.48,2,
2023-04-11T18:00:00Z,593,touch,supply,410.58652450403633,411.37,1,
2023-04-11T20:00:00Z,593,rejection,supply,410.58652450403633,411.37,1,
2023-04-11T20:00:00Z,594,touch,supply,411.13952254143305,411.92,1,
2023-04-12T14:30:00Z,594,rejection,supply,411.13952254143305,411.92,1,
2023-04-12T15:00:00Z,599,touch,demand,408.93,409.48,2,
2023-04-12T16:00:00Z,599,rejection,demand,408.93,409.48,2,
2023-04-12T17:00:00Z,601,created,supply,411.87,412.17,1,pivot
2023-04-12T19:00:00Z,602,created,demand,408.23,409.04195140347645,1,pivot
2023-04-12T20:00:00Z,556,role_flip_retest,demand,406.79,407.51,4,
2023-04-12T20:00:00Z,595,touch,demand,407.24,408.0087076045807,2,
2023-04-12T20:00:00Z,599,broken,demand,408.93,409.48,2,
2023-04-12T20:00:00Z,602,broken,demand,408.23,409.04195140347645,1,
2023-04-13T14:30:00Z,556,age_expired,demand,406.79,407.51,4,
2023-04-13T15:00:00Z,593,touch,supply,410.58652450403633,411.37,1,
2023-04-13T15:00:00Z,595,rejection,demand,407.24,408.0087076045807,2,
2023-04-13T16:00:00Z,603,created,demand,407.44,408.07,1,pivot
2023-04-13T17:00:00Z,593,broken,supply,410.58652450403633,411.37,1,
2023-04-13T17:00:00Z,594,touch,supply,411.13952254143305,411.92,1,
2023-04-13T18:00:00Z,593,role_flip_retest,demand,410.58652450403633,411.37,2,
2023-04-13T18:00:00Z,594,broken,supply,411.13952254143305,411.92,1,
2023-04-13T18:00:00Z,601,broken,supply,411.87,412.17,1,
2023-04-14T14:30:00Z,604,created,demand,413.13,413.56,1,order_block
2023-04-14T15:00:00Z,594,role_flip_retest,demand,411.13952254143305,411.92,2,
2023-04-14T15:00:00Z,601,role_flip_retest,demand,411.87,412.17,2,
2023-04-14T15:00:00Z,604,broken,demand,413.13,413.56,1,
2023-04-14T16:00:00Z,601,broken,demand,411.87,412.17,2,
2023-04-14T17:00:00Z,593,broken,demand,410.58652450403633,411.37,2,
2023-04-14T17:00:00Z,594,broken,demand,411.13952254143305,411.92,2,
2023-04-14T17:00:00Z,605,created,supply,414.83,415.09,1,pivot
2023-04-14T18:00:00Z,594,role_flip_retest,supply,411.13952254143305,411.92,2,
2023-04-14T19:00:00Z,594,broken,supply,411.13952254143305,411.92,2,
2023-04-14T20:00:00Z,594,role_flip_retest,demand,411.13952254143305,411.92,2,
2023-04-14T20:00:00Z,594,volume_confluence,demand,411.13952254143305,411.92,3,POC:2023-04-14:411.631875
2023-04-17T14:30:00Z,604,role_flip_retest,supply,413.13,413.56,2,
2023-04-17T14:30:00Z,606,created,demand,410.06,410.35,1,pivot
2023-04-17T16:00:00Z,601,role_flip_retest,supply,411.87,412.17,2,
2023-04-17T16:00:00Z,575,capacity_expired,demand,380.65,381.81,1,
2023-04-17T17:00:00Z,607,created,supply,412.68,413.19,1,pivot
2023-04-17T17:00:00Z,578,capacity_expired,demand,383.71,384.14,1,
2023-04-17T19:00:00Z,601,broken,supply,411.87,412.17,2,
2023-04-17T19:00:00Z,607,touch,supply,412.68,413.19,1,
2023-04-17T20:00:00Z,569,broken_zone_expired,demand,406.65,407.45,3,
2023-04-17T20:00:00Z,596,broken_zone_expired,demand,407.89838550475815,408.62,3,
2023-04-17T20:00:00Z,604,broken,supply,413.13,413.56,2,
2023-04-17T20:00:00Z,607,broken,supply,412.68,413.19,1,
2023-04-18T14:30:00Z,605,touch,supply,414.83,415.09,1,
2023-04-18T15:00:00Z,605,rejection,supply,414.83,415.09,1,
2023-04-18T15:00:00Z,607,role_flip_retest,demand,412.68,413.19,2,
2023-04-18T15:00:00Z,608,created,demand,411.08,411.32,1,pivot
2023-04-18T15:00:00Z,607,volume_confluence,demand,412.68,413.19,3,POC:2023-04-17:412.700000
2023-04-18T17:00:00Z,604,role_flip_retest,demand,413.13,413.56,2,
2023-04-18T17:00:00Z,609,created,supply,415.548758394913,415.72,1,pivot
2023-04-18T17:00:00Z,580,capacity_expired,demand,388.55,389.65,1,
2023-04-19T14:30:00Z,601,role_flip_retest,demand,411.87,412.17,2,
2023-04-19T14:30:00Z,604,broken,demand,413.13,413.56,2,
2023-04-19T14:30:00Z,607,broken,demand,412.68,413.19,3,
2023-04-19T17:00:00Z,601,merged,demand,411.87,412.3165147479237,3,pivot;geometry=updated
2023-04-19T17:00:00Z,601,qualified,demand,411.87,412.3165147479237,3,pivot|repeated_pivot|role_flip
2023-04-19T19:00:00Z,605,touch,supply,414.83,415.09,1,
2023-04-19T20:00:00Z,605,rejection,supply,414.83,415.09,1,
2023-04-20T14:30:00Z,594,touch,demand,411.13952254143305,411.92,3,
2023-04-20T14:30:00Z,601,broken,demand,411.87,412.3165147479237,3,
2023-04-20T14:30:00Z,608,touch,demand,411.08,411.32,1,
2023-04-20T15:00:00Z,594,rejection,demand,411.13952254143305,411.92,3,
2023-04-20T15:00:00Z,608,rejection,demand,411.08,411.32,1,
2023-04-20T15:00:00Z,605,merged,supply,414.54,415.09,2,pivot;geometry=updated
2023-04-20T15:00:00Z,605,qualified,supply,414.54,415.09,2,pivot|repeated_pivot
2023-04-20T16:00:00Z,607,role_flip_retest,supply,412.68,413.19,3,
2023-04-20T17:00:00Z,608,merged,demand,411.08,411.32,2,pivot;geometry=updated
2023-04-20T17:00:00Z,608,qualified,demand,411.08,411.32,2,pivot|repeated_pivot
2023-04-20T19:00:00Z,599,broken_zone_expired,demand,408.93,409.48,2,
2023-04-20T19:00:00Z,601,role_flip_retest,supply,411.87,412.3165147479237,3,
2023-04-20T19:00:00Z,602,broken_zone_expired,demand,408.23,409.04195140347645,1,
2023-04-20T19:00:00Z,604,role_flip_retest,supply,413.13,413.56,2,
2023-04-20T19:00:00Z,587,capacity_expired,demand,389.4,390.9783455353014,1,
2023-04-20T20:00:00Z,567,age_expired,demand,392.33,393.45,3,
2023-04-20T20:00:00Z,606,touch,demand,410.06,410.35,1,
2023-04-21T14:30:00Z,594,broken,demand,411.13952254143305,411.92,3,
2023-04-21T14:30:00Z,608,broken,demand,411.08,411.32,2,
2023-04-21T15:00:00Z,594,role_flip_retest,supply,411.13952254143305,411.92,3,
2023-04-21T15:00:00Z,606,touch,demand,410.06,410.35,1,
2023-04-21T15:00:00Z,608,role_flip_retest,supply,411.08,411.32,3,
2023-04-21T16:00:00Z,606,rejection,demand,410.06,410.35,1,
2023-04-21T16:00:00Z,608,broken,supply,411.08,411.32,3,
2023-04-21T17:00:00Z,608,role_flip_retest,demand,411.08,411.32,3,
2023-04-21T18:00:00Z,594,broken,supply,411.13952254143305,411.92,3,
2023-04-21T18:00:00Z,613,created,demand,410.17,410.82,1,pivot
2023-04-21T19:00:00Z,594,role_flip_retest,demand,411.13952254143305,411.92,3,
2023-04-21T19:00:00Z,607,touch,supply,412.68,413.19,3,
2023-04-24T14:30:00Z,601,broken,supply,411.87,412.3165147479237,3,
2023-04-24T14:30:00Z,607,touch,supply,412.68,413.19,3,
2023-04-24T15:00:00Z,607,rejection,supply,412.68,413.19,3,
2023-04-24T16:00:00Z,593,broken_zone_expired,demand,410.58652450403633,411.37,2,
2023-04-24T16:00:00Z,594,broken,demand,411.13952254143305,411.92,3,
2023-04-24T16:00:00Z,608,broken,demand,411.08,411.32,3,
2023-04-24T16:00:00Z,613,touch,demand,410.17,410.82,1,
2023-04-24T17:00:00Z,613,rejection,demand,410.17,410.82,1,
2023-04-24T18:00:00Z,607,merged,supply,412.68,413.19,4,pivot;geometry=updated
2023-04-24T18:00:00Z,607,qualified,supply,412.68,413.19,4,pivot|repeated_pivot|role_flip|volume_profile
2023-04-24T20:00:00Z,601,role_flip_retest,demand,411.87,412.3165147479237,3,
2023-04-24T20:00:00Z,615,created,demand,410.6,410.92,1,pivot
2023-04-24T20:00:00Z,601,volume_confluence,demand,411.87,412.3165147479237,4,POC:2023-04-24:411.989375
2023-04-24T20:00:00Z,601,evidence_upgrade,demand,411.87,412.3165147479237,4,volume_profile;score:3->4;qualified_score:3
2023-04-25T14:30:00Z,594,role_flip_retest,supply,411.13952254143305,411.92,3,
2023-04-25T14:30:00Z,601,broken,demand,411.87,412.3165147479237,4,
2023-04-25T14:30:00Z,606,touch,demand,410.06,410.35,1,
2023-04-25T14:30:00Z,608,role_flip_retest,supply,411.08,411.32,3,
2023-04-25T14:30:00Z,615,broken,demand,410.6,410.92,1,
2023-04-25T15:00:00Z,606,broken,demand,410.06,410.35,1,
2023-04-25T15:00:00Z,613,broken,demand,410.17,410.82,1,
2023-04-25T15:00:00Z,615,role_flip_retest,supply,410.6,410.92,2,
2023-04-25T16:00:00Z,606,role_flip_retest,supply,410.06,410.35,2,
2023-04-25T16:00:00Z,613,role_flip_retest,supply,410.17,410.82,2,
2023-04-25T18:00:00Z,592,touch,demand,406.68,407.23,3,
2023-04-25T18:00:00Z,595,broken,demand,407.24,408.0087076045807,2,
2023-04-25T18:00:00Z,603,broken,demand,407.44,408.07,1,
2023-04-25T18:00:00Z,616,created,supply,412.1,412.64,1,order_block
2023-04-25T19:00:00Z,595,role_flip_retest,supply,407.24,408.0087076045807,2,
2023-04-25T20:00:00Z,592,broken,demand,406.68,407.23,3,
2023-04-25T20:00:00Z,597,touch,demand,405.67,406.2,2,
2023-04-26T15:00:00Z,592,role_flip_retest,supply,406.68,407.23,3,
2023-04-26T15:00:00Z,597,touch,demand,405.67,406.2,2,
2023-04-26T16:00:00Z,592,broken,supply,406.68,407.23,3,
2023-04-26T16:00:00Z,597,rejection,demand,405.67,406.2,2,
2023-04-26T16:00:00Z,603,role_flip_retest,supply,407.44,408.07,2,
2023-04-26T18:00:00Z,597,broken,demand,405.67,406.2,2,
2023-04-26T20:00:00Z,617,created,supply,407.33,407.84,1,pivot
2023-04-27T14:30:00Z,592,role_flip_retest,demand,406.68,407.23,3,
2023-04-27T14:30:00Z,595,touch,supply,407.24,408.0087076045807,2,
2023-04-27T14:30:00Z,590,capacity_expired,demand,393.69,393.9505141918111,1,
2023-04-27T16:00:00Z,595,broken,supply,407.24,408.0087076045807,2,
2023-04-27T16:00:00Z,603,broken,supply,407.44,408.07,2,
2023-04-27T16:00:00Z,617,broken,supply,407.33,407.84,1,
2023-04-27T16:00:00Z,618,created,demand,403.78,404.37,1,pivot
2023-04-27T18:00:00Z,594,touch,supply,411.13952254143305,411.92,3,
2023-04-27T18:00:00Z,606,broken,supply,410.06,410.35,2,
2023-04-27T18:00:00Z,608,touch,supply,411.08,411.32,3,
2023-04-27T18:00:00Z,613,touch,supply,410.17,410.82,2,
2023-04-27T18:00:00Z,615,touch,supply,410.6,410.92,2,
2023-04-27T19:00:00Z,594,broken,supply,411.13952254143305,411.92,3,
2023-04-27T19:00:00Z,608,broken,supply,411.08,411.32,3,
2023-04-27T19:00:00Z,613,broken,supply,410.17,410.82,2,
2023-04-27T19:00:00Z,615,broken,supply,410.6,410.92,2,
2023-04-27T19:00:00Z,616,touch,supply,412.1,412.64,1,
2023-04-27T20:00:00Z,607,touch,supply,412.68,413.19,4,
2023-04-28T14:30:00Z,594,role_flip_retest,demand,411.13952254143305,411.92,3,
2023-04-28T15:00:00Z,604,touch,supply,413.13,413.56,2,
2023-04-28T15:00:00Z,605,touch,supply,414.54,415.09,2,
2023-04-28T15:00:00Z,616,broken,supply,412.1,412.64,1,
2023-04-28T16:00:00Z,604,broken,supply,413.13,413.56,2,
2023-04-28T16:00:00Z,607,broken,supply,412.68,413.19,4,
2023-04-28T16:00:00Z,616,role_flip_retest,demand,412.1,412.64,2,
2023-04-28T17:00:00Z,605,broken,supply,414.54,415.09,2,
2023-04-28T18:00:00Z,609,touch,supply,415.548758394913,415.72,1,
2023-04-28T20:00:00Z,605,role_flip_retest,demand,414.54,415.09,3,
2023-04-28T20:00:00Z,609,broken,supply,415.548758394913,415.72,1,
2023-04-28T20:00:00Z,605,volume_confluence,demand,414.54,415.09,4,POC:2023-04-28:414.718542
2023-04-28T20:00:00Z,605,evidence_upgrade,demand,414.54,415.09,4,volume_profile;score:3->4;qualified_score:2
2023-05-01T14:30:00Z,574,age_expired,demand,390.16336899879536,391.38,2,
2023-05-01T14:30:00Z,609,role_flip_retest,demand,415.548758394913,415.72,2,
2023-05-01T20:00:00Z,619,created,supply,417.16,417.62,1,pivot
2023-05-02T14:30:00Z,605,broken,demand,414.54,415.09,4,
2023-05-02T14:30:00Z,609,broken,demand,415.548758394913,415.72,2,
2023-05-02T15:00:00Z,594,broken,demand,411.13952254143305,411.92,3,
2023-05-02T15:00:00Z,601,role_flip_retest,supply,411.87,412.3165147479237,4,
2023-05-02T15:00:00Z,616,broken,demand,412.1,412.64,2,
2023-05-02T15:00:00Z,620,created,supply,416.774728548546,417.62,1,order_block
2023-05-02T16:00:00Z,576,age_expired,demand,388.85,390.39,3,
2023-05-02T16:00:00Z,595,role_flip_retest,demand,407.24,408.0087076045807,2,
2023-05-02T16:00:00Z,603,role_flip_retest,demand,407.44,408.07,2,
2023-05-02T16:00:00Z,617,role_flip_retest,demand,407.33,407.84,2,
2023-05-02T18:00:00Z,594,role_flip_retest,supply,411.13952254143305,411.92,3,
2023-05-02T18:00:00Z,606,role_flip_retest,demand,410.06,410.35,2,
2023-05-02T19:00:00Z,613,role_flip_retest,demand,410.17,410.82,2,
2023-05-02T19:00:00Z,615,role_flip_retest,demand,410.6,410.92,2,
2023-05-02T19:00:00Z,621,created,demand,407.82,408.71,1,pivot
2023-05-02T20:00:00Z,613,volume_confluence,demand,410.17,410.82,3,POC:2023-05-02:410.594792
2023-05-03T14:30:00Z,594,broken,supply,411.13952254143305,411.92,3,
2023-05-03T14:30:00Z,608,role_flip_retest,demand,411.08,411.32,3,
2023-05-03T15:00:00Z,608,broken,demand,411.08,411.32,3,
2023-05-03T15:00:00Z,616,role_flip_retest,supply,412.1,412.64,2,
2023-05-03T17:00:00Z,594,role_flip_retest,demand,411.13952254143305,411.92,3,
2023-05-03T17:00:00Z,601,touch,supply,411.87,412.3165147479237,4,
2023-05-03T17:00:00Z,616,merged,supply,412.1,412.65,3,pivot;geometry=updated
2023-05-03T19:00:00Z,606,touch,demand,410.06,410.35,2,
2023-05-03T19:00:00Z,613,touch,demand,410.17,410.82,3,
2023-05-03T19:00:00Z,615,touch,demand,410.6,410.92,2,
2023-05-03T20:00:00Z,594,broken,demand,411.13952254143305,411.92,3,
2023-05-03T20:00:00Z,595,touch,demand,407.24,408.0087076045807,2,
2023-05-03T20:00:00Z,601,rejection,supply,411.87,412.3165147479237,4,
2023-05-03T20:00:00Z,603,touch,demand,407.44,408.07,2,
2023-05-03T20:00:00Z,606,broken,demand,410.06,410.35,2,
2023-05-03T20:00:00Z,608,role_flip_retest,supply,411.08,411.32,3,
2023-05-03T20:00:00Z,613,broken,demand,410.17,410.82,3,
2023-05-03T20:00:00Z,615,broken,demand,410.6,410.92,2,
2023-05-03T20:00:00Z,617,touch,demand,407.33,407.84,2,
2023-05-03T20:00:00Z,621,touch,demand,407.82,408.71,1,
2023-05-03T20:00:00Z,623,created,supply,412.90642947493507,413.87,1,order_block
2023-05-04T14:30:00Z,592,broken,demand,406.68,407.23,3,
2023-05-04T14:30:00Z,595,broken,demand,407.24,408.0087076045807,2,
2023-05-04T14:30:00Z,597,role_flip_retest,supply,405.67,406.2,3,
2023-05-04T14:30:00Z,603,broken,demand,407.44,408.07,2,
2023-05-04T14:30:00Z,617,broken,demand,407.33,407.84,2,
2023-05-04T14:30:00Z,621,broken,demand,407.82,408.71,1,
2023-05-04T15:00:00Z,618,touch,demand,403.78,404.37,1,
2023-05-04T15:00:00Z,624,created,supply,412.760103262196,413.87,1,pivot
2023-05-04T17:00:00Z,618,rejection,demand,403.78,404.37,1,
2023-05-04T18:00:00Z,592,role_flip_retest,supply,406.68,407.23,3,
2023-05-04T20:00:00Z,618,merged,demand,403.74,404.37,2,pivot;geometry=updated
2023-05-04T20:00:00Z,618,qualified,demand,403.74,404.37,2,pivot|repeated_pivot
2023-05-05T14:30:00Z,592,broken,supply,406.68,407.23,3,
2023-05-05T14:30:00Z,597,broken,supply,405.67,406.2,3,
2023-05-05T14:30:00Z,613,role_flip_retest,supply,410.17,410.82,3,
2023-05-05T15:00:00Z,594,role_flip_retest,supply,411.13952254143305,411.92,3,
2023-05-05T15:00:00Z,608,touch,supply,411.08,411.32,3,
2023-05-05T15:00:00Z,613,broken,supply,410.17,410.82,3,
2023-05-05T16:00:00Z,613,role_flip_retest,demand,410.17,410.82,3,
2023-05-05T18:00:00Z,601,touch,supply,411.87,412.3165147479237,4,
2023-05-05T18:00:00Z,608,broken,supply,411.08,411.32,3,
2023-05-05T19:00:00Z,594,broken,supply,411.13952254143305,411.92,3,
2023-05-05T19:00:00Z,601,broken,supply,411.87,412.3165147479237,4,
2023-05-05T19:00:00Z,607,role_flip_retest,demand,412.68,413.19,4,
2023-05-05T19:00:00Z,616,broken,supply,412.1,412.65,3,
2023-05-05T19:00:00Z,623,touch,supply,412.90642947493507,413.87,1,
2023-05-05T19:00:00Z,624,touch,supply,412.760103262196,413.87,1,
2023-05-05T20:00:00Z,601,role_flip_retest,demand,411.87,412.3165147479237,4,
2023-05-05T20:00:00Z,623,rejection,supply,412.90642947493507,413.87,1,
2023-05-05T20:00:00Z,624,rejection,supply,412.760103262196,413.87,1,
2023-05-08T14:30:00Z,594,role_flip_retest,demand,411.13952254143305,411.92,3,
2023-05-08T14:30:00Z,607,broken,demand,412.68,413.19,4,
2023-05-08T15:00:00Z,604,broken_zone_expired,supply,413.13,413.56,2,
2023-05-08T15:00:00Z,626,created,supply,413.26,413.72,1,pivot
2023-05-08T16:00:00Z,607,role_flip_retest,supply,412.68,413.19,4,
2023-05-08T18:00:00Z,616,role_flip_retest,demand,412.1,412.65,3,
2023-05-08T19:00:00Z,608,role_flip_retest,demand,411.08,411.32,3,
2023-05-08T20:00:00Z,616,volume_confluence,demand,412.1,412.65,4,POC:2023-05-08:412.382500
2023-05-09T14:30:00Z,594,touch,demand,411.13952254143305,411.92,3,
2023-05-09T14:30:00Z,601,broken,demand,411.87,412.3165147479237,4,
2023-05-09T14:30:00Z,613,touch,demand,410.17,410.82,3,
2023-05-09T14:30:00Z,616,broken,demand,412.1,412.65,4,
2023-05-09T15:00:00Z,581,age_expired,demand,393.04,394.17,3,
2023-05-09T15:00:00Z,607,merged,supply,412.68,413.19,4,pivot;geometry=frozen
2023-05-09T16:00:00Z,594,broken,demand,411.13952254143305,411.92,3,
2023-05-09T17:00:00Z,613,rejection,demand,410.17,410.82,3,
2023-05-09T17:00:00Z,608,merged,demand,411.08,411.32,3,pivot;geometry=frozen
2023-05-09T18:00:00Z,601,role_flip_retest,supply,411.87,412.3165147479237,4,
2023-05-09T20:00:00Z,594,role_flip_retest,supply,411.13952254143305,411.92,3,
2023-05-09T20:00:00Z,605,broken_zone_expired,demand,414.54,415.09,4,
2023-05-09T20:00:00Z,608,broken,demand,411.08,411.32,3,
2023-05-09T20:00:00Z,609,broken_zone_expired,demand,415.548758394913,415.72,2,
2023-05-10T14:30:00Z,594,broken,supply,411.13952254143305,411.92,3,
2023-05-10T14:30:00Z,601,broken,supply,411.87,412.3165147479237,4,
2023-05-10T14:30:00Z,607,touch,supply,412.68,413.19,4,
2023-05-10T14:30:00Z,623,touch,supply,412.90642947493507,413.87,1,
2023-05-10T14:30:00Z,624,touch,supply,412.760103262196,413.87,1,
2023-05-10T14:30:00Z,626,touch,supply,413.26,413.72,1,
2023-05-10T15:00:00Z,607,rejection,supply,412.68,413.19,4,
2023-05-10T15:00:00Z,608,role_flip_retest,supply,411.08,411.32,3,
2023-05-10T15:00:00Z,616,role_flip_retest,supply,412.1,412.65,4,
2023-05-10T15:00:00Z,623,rejection,supply,412.90642947493507,413.87,1,
2023-05-10T15:00:00Z,624,rejection,supply,412.760103262196,413.87,1,
2023-05-10T15:00:00Z,626,rejection,supply,413.26,413.72,1,
2023-05-10T15:00:00Z,608,volume_confluence,supply,411.08,411.32,4,POC:2023-05-09:411.179375
2023-05-10T15:00:00Z,608,evidence_upgrade,supply,411.08,411.32,4,volume_profile;score:3->4;qualified_score:2
2023-05-10T16:00:00Z,608,broken,supply,411.08,411.32,4,
2023-05-10T17:00:00Z,613,touch,demand,410.17,410.82,3,
2023-05-10T17:00:00Z,629,created,supply,413.89,414.54,1,pivot
2023-05-10T18:00:00Z,615,role_flip_retest,supply,410.6,410.92,2,
2023-05-10T19:00:00Z,594,role_flip_retest,demand,411.13952254143305,411.92,3,
2023-05-10T19:00:00Z,608,role_flip_retest,demand,411.08,411.32,4,
2023-05-10T19:00:00Z,613,rejection,demand,410.17,410.82,3,
2023-05-10T19:00:00Z,615,broken,supply,410.6,410.92,2,
2023-05-10T20:00:00Z,601,role_flip_retest,demand,411.87,412.3165147479237,4,
2023-05-10T20:00:00Z,616,broken,supply,412.1,412.65,4,
2023-05-11T14:30:00Z,594,broken,demand,411.13952254143305,411.92,3,
2023-05-11T14:30:00Z,601,broken,demand,411.87,412.3165147479237,4,
2023-05-11T14:30:00Z,608,broken,demand,411.08,411.32,4,
2023-05-11T14:30:00Z,630,created,demand,408.87,409.8301917265017,1,pivot
2023-05-11T15:00:00Z,615,role_flip_retest,demand,410.6,410.92,2,
2023-05-11T16:00:00Z,584,age_expired,demand,397.94,398.92,4,
2023-05-11T16:00:00Z,601,role_flip_retest,supply,411.87,412.3165147479237,4,
2023-05-11T16:00:00Z,631,created,supply,412.8679061133735,413.79,1,pivot
2023-05-11T18:00:00Z,585,age_expired,demand,401.02381346712076,402.49,2,
2023-05-11T19:00:00Z,586,age_expired,demand,392.07,392.3800741547132,2,
2023-05-11T19:00:00Z,606,broken_zone_expired,demand,410.06,410.35,2,
2023-05-11T20:00:00Z,595,broken_zone_expired,demand,407.24,408.0087076045807,2,
2023-05-11T20:00:00Z,603,broken_zone_expired,demand,407.44,408.07,2,
2023-05-11T20:00:00Z,617,broken_zone_expired,demand,407.33,407.84,2,
2023-05-11T20:00:00Z,621,broken_zone_expired,demand,407.82,408.71,1,
2023-05-12T14:30:00Z,601,broken,supply,411.87,412.3165147479237,4,
2023-05-12T14:30:00Z,607,touch,supply,412.68,413.19,4,
2023-05-12T14:30:00Z,616,role_flip_retest,demand,412.1,412.65,4,
2023-05-12T14:30:00Z,623,touch,supply,412.90642947493507,413.87,1,
2023-05-12T14:30:00Z,624,touch,supply,412.760103262196,413.87,1,
2023-05-12T14:30:00Z,626,touch,supply,413.26,413.72,1,
2023-05-12T14:30:00Z,631,touch,supply,412.8679061133735,413.79,1,
2023-05-12T15:00:00Z,607,rejection,supply,412.68,413.19,4,
2023-05-12T15:00:00Z,616,broken,demand,412.1,412.65,4,
2023-05-12T15:00:00Z,623,rejection,supply,412.90642947493507,413.87,1,
2023-05-12T15:00:00Z,624,rejection,supply,412.760103262196,413.87,1,
2023-05-12T15:00:00Z,626,rejection,supply,413.26,413.72,1,
2023-05-12T15:00:00Z,631,rejection,supply,412.8679061133735,413.79,1,
2023-05-12T16:00:00Z,613,touch,demand,410.17,410.82,3,
2023-05-12T16:00:00Z,615,touch,demand,410.6,410.92,2,
2023-05-12T17:00:00Z,594,role_flip_retest,supply,411.13952254143305,411.92,3,
2023-05-12T17:00:00Z,608,role_flip_retest,supply,411.08,411.32,4,
2023-05-12T17:00:00Z,613,broken,demand,410.17,410.82,3,
2023-05-12T17:00:00Z,615,broken,demand,410.6,410.92,2,
2023-05-12T17:00:00Z,630,touch,demand,408.87,409.8301917265017,1,
2023-05-12T17:00:00Z,626,merged,supply,413.26,413.72,2,pivot;geometry=updated
2023-05-12T17:00:00Z,626,qualified,supply,413.26,413.72,2,pivot|repeated_pivot
2023-05-12T18:00:00Z,613,role_flip_retest,supply,410.17,410.82,3,
2023-05-12T18:00:00Z,615,role_flip_retest,supply,410.6,410.92,2,
2023-05-12T19:00:00Z,630,rejection,demand,408.87,409.8301917265017,1,
2023-05-12T20:00:00Z,592,broken_zone_expired,supply,406.68,407.23,3,
2023-05-12T20:00:00Z,597,broken_zone_expired,supply,405.67,406.2,3,
2023-05-12T20:00:00Z,608,broken,supply,411.08,411.32,4,
2023-05-12T20:00:00Z,613,broken,supply,410.17,410.82,3,
2023-05-12T20:00:00Z,615,broken,supply,410.6,410.92,2,
2023-05-12T20:00:00Z,630,volume_confluence,demand,408.87,409.8301917265017,2,POC:2023-05-12:409.736458
2023-05-15T14:30:00Z,613,role_flip_retest,demand,410.17,410.82,3,
2023-05-15T14:30:00Z,616,role_flip_retest,supply,412.1,412.65,4,
2023-05-15T15:00:00Z,608,role_flip_retest,demand,411.08,411.32,4,
2023-05-15T15:00:00Z,615,role_flip_retest,demand,410.6,410.92,2,
2023-05-15T15:00:00Z,633,created,demand,409.07,409.32,1,pivot
2023-05-15T17:00:00Z,594,broken,supply,411.13952254143305,411.92,3,
2023-05-15T17:00:00Z,601,role_flip_retest,demand,411.87,412.3165147479237,4,
2023-05-15T17:00:00Z,607,touch,supply,412.68,413.19,4,
2023-05-15T17:00:00Z,616,broken,supply,412.1,412.65,4,
2023-05-15T17:00:00Z,624,touch,supply,412.760103262196,413.87,1,
2023-05-15T18:00:00Z,594,role_flip_retest,demand,411.13952254143305,411.92,3,
2023-05-15T18:00:00Z,607,rejection,supply,412.68,413.19,4,
2023-05-15T18:00:00Z,623,touch,supply,412.90642947493507,413.87,1,
2023-05-15T18:00:00Z,624,rejection,supply,412.760103262196,413.87,1,
2023-05-15T18:00:00Z,626,touch,supply,413.26,413.72,2,
2023-05-15T18:00:00Z,631,touch,supply,412.8679061133735,413.79,1,
2023-05-15T20:00:00Z,616,role_flip_retest,demand,412.1,412.65,4,
2023-05-15T20:00:00Z,623,touch,supply,412.90642947493507,413.87,1,
2023-05-15T20:00:00Z,631,touch,supply,412.8679061133735,413.79,1,
2023-05-16T14:30:00Z,601,broken,demand,411.87,412.3165147479237,4,
2023-05-16T14:30:00Z,616,broken,demand,412.1,412.65,4,
2023-05-16T14:30:00Z,623,rejection,supply,412.90642947493507,413.87,1,
2023-05-16T14:30:00Z,626,rejection,supply,413.26,413.72,2,
2023-05-16T14:30:00Z,631,rejection,supply,412.8679061133735,413.79,1,
2023-05-16T14:30:00Z,634,created,supply,412.77,413.43,1,pivot
2023-05-16T15:00:00Z,601,role_flip_retest,supply,411.87,412.3165147479237,4,
2023-05-16T15:00:00Z,613,touch,demand,410.17,410.82,3,
2023-05-16T15:00:00Z,616,role_flip_retest,supply,412.1,412.65,4,
2023-05-16T16:00:00Z,613,rejection,demand,410.17,410.82,3,
2023-05-16T18:00:00Z,635,created,demand,410.7,411.4365728177518,1,pivot
2023-05-16T19:00:00Z,608,touch,demand,411.08,411.32,4,
2023-05-16T20:00:00Z,594,broken,demand,411.13952254143305,411.92,3,
2023-05-16T20:00:00Z,608,broken,demand,411.08,411.32,4,
2023-05-16T20:00:00Z,615,broken,demand,410.6,410.92,2,
2023-05-16T20:00:00Z,635,broken,demand,410.7,411.4365728177518,1,
2023-05-17T14:30:00Z,594,role_flip_retest,supply,411.13952254143305,411.92,3,
2023-05-17T14:30:00Z,608,role_flip_retest,supply,411.08,411.32,4,
2023-05-17T15:00:00Z,608,broken,supply,411.08,411.32,4,
2023-05-17T16:00:00Z,594,broken,supply,411.13952254143305,411.92,3,
2023-05-17T16:00:00Z,601,broken,supply,411.87,412.3165147479237,4,
2023-05-17T16:00:00Z,607,touch,supply,412.68,413.19,4,
2023-05-17T16:00:00Z,608,role_flip_retest,demand,411.08,411.32,4,
2023-05-17T16:00:00Z,616,touch,supply,412.1,412.65,4,
2023-05-17T16:00:00Z,624,touch,supply,412.760103262196,413.87,1,
2023-05-17T16:00:00Z,634,touch,supply,412.77,413.43,1,
2023-05-17T16:00:00Z,613,merged,demand,410.17,410.82,4,pivot;geometry=updated
2023-05-17T16:00:00Z,613,qualified,demand,410.17,410.82,4,pivot|repeated_pivot|role_flip|volume_profile
2023-05-17T17:00:00Z,607,broken,supply,412.68,413.19,4,
2023-05-17T17:00:00Z,616,broken,supply,412.1,412.65,4,
2023-05-17T17:00:00Z,623,broken,supply,412.90642947493507,413.87,1,
2023-05-17T17:00:00Z,624,broken,supply,412.760103262196,413.87,1,
2023-05-17T17:00:00Z,626,broken,supply,413.26,413.72,2,
2023-05-17T17:00:00Z,629,touch,supply,413.89,414.54,1,
2023-05-17T17:00:00Z,631,broken,supply,412.8679061133735,413.79,1,
2023-05-17T17:00:00Z,634,broken,supply,412.77,413.43,1,
2023-05-17T17:00:00Z,608,merged,demand,411.08,411.32,5,order_block;geometry=frozen
2023-05-17T17:00:00Z,608,evidence_upgrade,demand,411.08,411.32,5,score:4->5;qualified_score:2
2023-05-17T18:00:00Z,629,broken,supply,413.89,414.54,1,
2023-05-17T19:00:00Z,629,role_flip_retest,demand,413.89,414.54,2,
2023-05-17T20:00:00Z,629,volume_confluence,demand,413.89,414.54,3,POC:2023-05-17:414.443542
2023-05-18T14:30:00Z,638,created,supply,415.69466383831696,415.86,1,pivot
2023-05-18T15:00:00Z,619,touch,supply,417.16,417.62,1,
2023-05-18T15:00:00Z,620,touch,supply,416.774728548546,417.62,1,
2023-05-18T15:00:00Z,638,broken,supply,415.69466383831696,415.86,1,
2023-05-18T15:00:00Z,639,created,demand,414.51,415.2418363398451,1,order_block
2023-05-18T17:00:00Z,619,rejection,supply,417.16,417.62,1,
2023-05-18T17:00:00Z,620,rejection,supply,416.774728548546,417.62,1,
2023-05-18T17:00:00Z,638,role_flip_retest,demand,415.69466383831696,415.86,2,
2023-05-18T19:00:00Z,640,created,supply,417.28,418.06,1,pivot
2023-05-18T20:00:00Z,619,broken,supply,417.16,417.62,1,
2023-05-18T20:00:00Z,620,broken,supply,416.774728548546,417.62,1,
2023-05-18T20:00:00Z,640,broken,supply,417.28,418.06,1,
2023-05-18T20:00:00Z,641,created,demand,415.39,416.183374384799,1,order_block
2023-05-19T16:00:00Z,619,role_flip_retest,demand,417.16,417.62,2,
2023-05-19T16:00:00Z,620,role_flip_retest,demand,416.774728548546,417.62,2,
2023-05-19T16:00:00Z,640,role_flip_retest,demand,417.28,418.06,2,
2023-05-19T16:00:00Z,620,volume_confluence,demand,416.774728548546,417.62,3,POC:2023-05-18:416.857500
2023-05-19T18:00:00Z,642,created,supply,420.5286746651149,420.72,1,pivot
2023-05-19T20:00:00Z,640,volume_confluence,demand,417.28,418.06,3,POC:2023-05-19:417.981875
2023-05-22T18:00:00Z,643,created,demand,417.35,418.1489364302851,1,pivot
2023-05-22T18:00:00Z,643,volume_confluence,demand,417.35,418.1489364302851,2,POC:2023-05-19:417.981875
2023-05-23T14:30:00Z,619,touch,demand,417.16,417.62,2,
2023-05-23T14:30:00Z,620,touch,demand,416.774728548546,417.62,3,
2023-05-23T14:30:00Z,640,touch,demand,417.28,418.06,3,
2023-05-23T14:30:00Z,643,touch,demand,417.35,418.1489364302851,2,
2023-05-23T16:00:00Z,619,rejection,demand,417.16,417.62,2,
2023-05-23T16:00:00Z,620,rejection,demand,416.774728548546,417.62,3,
2023-05-23T17:00:00Z,619,broken,demand,417.16,417.62,2,
2023-05-23T17:00:00Z,620,broken,demand,416.774728548546,417.62,3,
2023-05-23T17:00:00Z,640,broken,demand,417.28,418.06,3,
2023-05-23T17:00:00Z,641,touch,demand,415.39,416.183374384799,1,
2023-05-23T17:00:00Z,643,broken,demand,417.35,418.1489364302851,2,
2023-05-23T18:00:00Z,620,role_flip_retest,supply,416.774728548546,417.62,3,
2023-05-23T18:00:00Z,638,touch,demand,415.69466383831696,415.86,2,
2023-05-23T18:00:00Z,639,touch,demand,414.51,415.2418363398451,1,
2023-05-23T19:00:00Z,623,role_flip_retest,demand,412.90642947493507,413.87,2,
2023-05-23T19:00:00Z,624,role_flip_retest,demand,412.760103262196,413.87,2,
2023-05-23T19:00:00Z,626,role_flip_retest,demand,413.26,413.72,3,
2023-05-23T19:00:00Z,629,touch,demand,413.89,414.54,3,
2023-05-23T19:00:00Z,631,role_flip_retest,demand,412.8679061133735,413.79,2,
2023-05-23T19:00:00Z,638,broken,demand,415.69466383831696,415.86,2,
2023-05-23T19:00:00Z,641,broken,demand,415.39,416.183374384799,1,
2023-05-23T20:00:00Z,639,broken,demand,414.51,415.2418363398451,1,
2023-05-24T14:30:00Z,608,touch,demand,411.08,411.32,5,
2023-05-24T14:30:00Z,623,broken,demand,412.90642947493507,413.87,2,
2023-05-24T14:30:00Z,624,broken,demand,412.760103262196,413.87,2,
2023-05-24T14:30:00Z,626,broken,demand,413.26,413.72,3,
2023-05-24T14:30:00Z,629,broken,demand,413.89,414.54,3,
2023-05-24T14:30:00Z,631,broken,demand,412.8679061133735,413.79,2,
2023-05-24T15:00:00Z,608,broken,demand,411.08,411.32,5,
2023-05-24T15:00:00Z,613,touch,demand,410.17,410.82,4,
2023-05-24T15:00:00Z,615,role_flip_retest,supply,410.6,410.92,2,
2023-05-24T15:00:00Z,635,role_flip_retest,supply,410.7,411.4365728177518,2,
2023-05-24T16:00:00Z,608,role_flip_retest,supply,411.08,411.32,5,
2023-05-24T18:00:00Z,613,rejection,demand,410.17,410.82,4,
2023-05-24T18:00:00Z,615,broken,supply,410.6,410.92,2,
2023-05-24T20:00:00Z,615,role_flip_retest,demand,410.6,410.92,2,
2023-05-24T20:00:00Z,624,role_flip_retest,supply,412.760103262196,413.87,2,
2023-05-24T20:00:00Z,644,created,demand,409.87,410.43,1,pivot
2023-05-24T20:00:00Z,615,volume_confluence,demand,410.6,410.92,3,POC:2023-05-24:410.914792
2023-05-24T20:00:00Z,635,volume_confluence,supply,410.7,411.4365728177518,3,POC:2023-05-24:410.914792
2023-05-25T14:30:00Z,608,broken,supply,411.08,411.32,5,
2023-05-25T14:30:00Z,616,role_flip_retest,demand,412.1,412.65,4,
2023-05-25T14:30:00Z,626,role_flip_retest,supply,413.26,413.72,3,
2023-05-25T14:30:00Z,629,role_flip_retest,supply,413.89,414.54,3,
2023-05-25T14:30:00Z,635,broken,supply,410.7,411.4365728177518,3,
2023-05-25T14:30:00Z,639,role_flip_retest,supply,414.51,415.2418363398451,2,
2023-05-25T15:00:00Z,594,broken_zone_expired,supply,411.13952254143305,411.92,3,
2023-05-25T15:00:00Z,601,broken_zone_expired,supply,411.87,412.3165147479237,4,
2023-05-25T15:00:00Z,607,role_flip_retest,demand,412.68,413.19,4,
2023-05-25T15:00:00Z,634,role_flip_retest,demand,412.77,413.43,2,
2023-05-25T17:00:00Z,639,merged,supply,414.51,415.2418363398451,3,pivot;geometry=updated
2023-05-25T18:00:00Z,624,broken,supply,412.760103262196,413.87,2,
2023-05-25T18:00:00Z,626,broken,supply,413.26,413.72,3,
2023-05-25T18:00:00Z,629,broken,supply,413.89,414.54,3,
2023-05-25T19:00:00Z,624,role_flip_retest,demand,412.760103262196,413.87,2,
2023-05-25T19:00:00Z,638,role_flip_retest,supply,415.69466383831696,415.86,2,
2023-05-25T19:00:00Z,641,role_flip_retest,supply,415.39,416.183374384799,2,
2023-05-25T20:00:00Z,629,role_flip_retest,demand,413.89,414.54,3,
2023-05-26T14:30:00Z,619,role_flip_retest,supply,417.16,417.62,2,
2023-05-26T14:30:00Z,620,touch,supply,416.774728548546,417.62,3,
2023-05-26T14:30:00Z,638,broken,supply,415.69466383831696,415.86,2,
2023-05-26T14:30:00Z,639,broken,supply,414.51,415.2418363398451,3,
2023-05-26T14:30:00Z,640,role_flip_retest,supply,417.28,418.06,3,
2023-05-26T14:30:00Z,641,broken,supply,415.39,416.183374384799,2,
2023-05-26T14:30:00Z,643,role_flip_retest,supply,417.35,418.1489364302851,3,
2023-05-26T15:00:00Z,619,broken,supply,417.16,417.62,2,
2023-05-26T15:00:00Z,620,broken,supply,416.774728548546,417.62,3,
2023-05-26T15:00:00Z,640,broken,supply,417.28,418.06,3,
2023-05-26T15:00:00Z,643,broken,supply,417.35,418.1489364302851,3,
2023-05-26T15:00:00Z,646,created,demand,413.82,414.78808928414634,1,order_block
2023-05-26T15:00:00Z,646,volume_confluence,demand,413.82,414.78808928414634,2,POC:2023-05-25:414.050625
2023-05-26T20:00:00Z,642,touch,supply,420.5286746651149,420.72,1,
2023-05-30T14:30:00Z,642,broken,supply,420.5286746651149,420.72,1,
2023-05-30T17:00:00Z,647,created,supply,422.03,422.58,1,pivot
2023-05-31T14:30:00Z,640,role_flip_retest,demand,417.28,418.06,3,
2023-05-31T15:00:00Z,640,broken,demand,417.28,418.06,3,
2023-05-31T17:00:00Z,640,role_flip_retest,supply,417.28,418.06,3,
2023-05-31T18:00:00Z,619,role_flip_retest,demand,417.16,417.62,2,
2023-05-31T18:00:00Z,620,role_flip_retest,demand,416.774728548546,417.62,3,
2023-05-31T18:00:00Z,640,broken,supply,417.28,418.06,3,
2023-05-31T18:00:00Z,643,role_flip_retest,demand,417.35,418.1489364302851,3,
2023-05-31T19:00:00Z,640,role_flip_retest,demand,417.28,418.06,3,
2023-05-31T19:00:00Z,648,created,demand,416.22,416.75,1,pivot
2023-06-01T14:30:00Z,640,broken,demand,417.28,418.06,3,
2023-06-01T14:30:00Z,643,broken,demand,417.35,418.1489364302851,3,
2023-06-01T16:00:00Z,642,role_flip_retest,demand,420.5286746651149,420.72,2,
2023-06-01T18:00:00Z,647,touch,supply,422.03,422.58,1,
2023-06-01T20:00:00Z,623,broken_zone_expired,demand,412.90642947493507,413.87,2,
2023-06-01T20:00:00Z,631,broken_zone_expired,demand,412.8679061133735,413.79,2,
2023-06-01T20:00:00Z,647,rejection,supply,422.03,422.58,1,
2023-06-02T14:30:00Z,647,broken,supply,422.03,422.58,1,
2023-06-02T15:00:00Z,649,created,demand,424.3,424.5,1,order_block
2023-06-02T20:00:00Z,608,broken_zone_expired,supply,411.08,411.32,5,
2023-06-02T20:00:00Z,635,broken_zone_expired,supply,410.7,411.4365728177518,3,
2023-06-05T17:00:00Z,626,broken_zone_expired,supply,413.26,413.72,3,
2023-06-05T17:00:00Z,650,created,supply,428.84137887040504,429.67,1,pivot
2023-06-05T20:00:00Z,607,age_expired,demand,412.68,413.19,4,
2023-06-05T20:00:00Z,638,broken_zone_expired,supply,415.69466383831696,415.86,2,
2023-06-05T20:00:00Z,639,broken_zone_expired,supply,414.51,415.2418363398451,3,
2023-06-05T20:00:00Z,641,broken_zone_expired,supply,415.39,416.183374384799,2,
2023-06-06T17:00:00Z,651,created,demand,425.99,426.6,1,pivot
2023-06-07T14:30:00Z,650,touch,supply,428.84137887040504,429.67,1,
2023-06-07T15:00:00Z,650,rejection,supply,428.84137887040504,429.67,1,
2023-06-07T17:00:00Z,652,created,supply,429.29,429.62,1,pivot
2023-06-07T18:00:00Z,651,touch,demand,425.99,426.6,1,
2023-06-07T19:00:00Z,651,rejection,demand,425.99,426.6,1,
2023-06-08T17:00:00Z,650,touch,supply,428.84137887040504,429.67,1,
2023-06-08T17:00:00Z,653,created,demand,425.82,426.5,1,pivot
2023-06-08T18:00:00Z,650,rejection,supply,428.84137887040504,429.67,1,
2023-06-08T20:00:00Z,640,broken_zone_expired,demand,417.28,418.06,3,
2023-06-08T20:00:00Z,643,broken_zone_expired,demand,417.35,418.1489364302851,3,
2023-06-08T20:00:00Z,652,touch,supply,429.29,429.62,1,
2023-06-09T14:30:00Z,650,broken,supply,428.84137887040504,429.67,1,
2023-06-09T14:30:00Z,652,broken,supply,429.29,429.62,1,
2023-06-09T17:00:00Z,650,role_flip_retest,demand,428.84137887040504,429.67,2,
2023-06-09T17:00:00Z,652,role_flip_retest,demand,429.29,429.62,2,
2023-06-09T18:00:00Z,654,created,supply,431.22934762966497,431.99,1,pivot
2023-06-09T18:00:00Z,633,capacity_expired,demand,409.07,409.32,1,
2023-06-09T20:00:00Z,647,broken_zone_expired,supply,422.03,422.58,1,
2023-06-12T14:30:00Z,613,age_expired,demand,410.17,410.82,4,
2023-06-12T14:30:00Z,654,touch,supply,431.22934762966497,431.99,1,
2023-06-12T15:00:00Z,654,rejection,supply,431.22934762966497,431.99,1,
2023-06-12T19:00:00Z,654,broken,supply,431.22934762966497,431.99,1,
2023-06-13T16:00:00Z,615,age_expired,demand,410.6,410.92,3,
2023-06-14T14:30:00Z,616,age_expired,demand,412.1,412.65,4,
2023-06-14T19:00:00Z,655,created,supply,438.2869581712099,439.07,1,pivot
2023-06-15T14:30:00Z,655,touch,supply,438.2869581712099,439.07,1,
2023-06-15T15:00:00Z,655,broken,supply,438.2869581712099,439.07,1,
2023-06-15T15:00:00Z,656,created,demand,433.59,434.4732743796836,1,pivot
2023-06-15T19:00:00Z,618,age_expired,demand,403.74,404.37,2,
2023-06-16T15:00:00Z,657,created,supply,443.63,443.9,1,pivot
2023-06-16T20:00:00Z,655,role_flip_retest,demand,438.2869581712099,439.07,2,
2023-06-20T14:30:00Z,655,broken,demand,438.2869581712099,439.07,2,
2023-06-20T18:00:00Z,655,role_flip_retest,supply,438.2869581712099,439.07,2,
2023-06-20T18:00:00Z,658,created,demand,435.03,435.76,1,pivot
2023-06-21T14:30:00Z,658,touch,demand,435.03,435.76,1,
2023-06-21T15:00:00Z,656,touch,demand,433.59,434.4732743796836,1,
2023-06-21T16:00:00Z,619,age_expired,demand,417.16,417.62,2,
2023-06-21T18:00:00Z,620,age_expired,demand,416.774728548546,417.62,3,
2023-06-21T18:00:00Z,654,broken_zone_expired,supply,431.22934762966497,431.99,1,
2023-06-21T18:00:00Z,656,rejection,demand,433.59,434.4732743796836,1,
2023-06-21T18:00:00Z,659,created,demand,434.33,435.1650217160669,1,pivot
2023-06-21T20:00:00Z,658,broken,demand,435.03,435.76,1,
2023-06-21T20:00:00Z,659,touch,demand,434.33,435.1650217160669,1,
2023-06-22T14:30:00Z,658,role_flip_retest,supply,435.03,435.76,2,
2023-06-22T14:30:00Z,658,volume_confluence,supply,435.03,435.76,3,POC:2023-06-21:435.715417
2023-06-22T15:00:00Z,660,created,supply,436.52,436.99,1,pivot
2023-06-22T16:00:00Z,659,rejection,demand,434.33,435.1650217160669,1,
2023-06-22T17:00:00Z,661,created,demand,433.6,433.95,1,pivot
2023-06-22T18:00:00Z,656,touch,demand,433.59,434.4732743796836,1,
2023-06-22T19:00:00Z,656,rejection,demand,433.59,434.4732743796836,1,
2023-06-22T19:00:00Z,658,broken,supply,435.03,435.76,3,
2023-06-22T20:00:00Z,658,role_flip_retest,demand,435.03,435.76,3,
2023-06-22T20:00:00Z,660,touch,supply,436.52,436.99,1,
2023-06-23T14:30:00Z,656,broken,demand,433.59,434.4732743796836,1,
2023-06-23T14:30:00Z,658,broken,demand,435.03,435.76,3,
2023-06-23T14:30:00Z,659,broken,demand,434.33,435.1650217160669,1,
2023-06-23T14:30:00Z,661,broken,demand,433.6,433.95,1,
2023-06-23T15:00:00Z,656,role_flip_retest,supply,433.59,434.4732743796836,2,
2023-06-23T15:00:00Z,661,role_flip_retest,supply,433.6,433.95,2,
2023-06-23T16:00:00Z,660,merged,supply,436.43548077785886,436.99,2,pivot;geometry=updated
2023-06-23T16:00:00Z,660,qualified,supply,436.43548077785886,436.99,2,pivot|repeated_pivot
2023-06-23T17:00:00Z,656,broken,supply,433.59,434.4732743796836,2,
2023-06-23T17:00:00Z,661,broken,supply,433.6,433.95,2,
2023-06-23T17:00:00Z,663,created,demand,432.71,432.93,1,pivot
2023-06-23T18:00:00Z,624,age_expired,demand,412.760103262196,413.87,2,
2023-06-23T18:00:00Z,656,role_flip_retest,demand,433.59,434.4732743796836,2,
2023-06-23T18:00:00Z,658,role_flip_retest,supply,435.03,435.76,3,
2023-06-23T19:00:00Z,656,broken,demand,433.59,434.4732743796836,2,
2023-06-23T19:00:00Z,659,role_flip_retest,supply,434.33,435.1650217160669,2,
2023-06-23T19:00:00Z,663,touch,demand,432.71,432.93,1,
2023-06-23T20:00:00Z,656,role_flip_retest,supply,433.59,434.4732743796836,2,
2023-06-23T20:00:00Z,663,rejection,demand,432.71,432.93,1,
2023-06-26T14:30:00Z,661,role_flip_retest,demand,433.6,433.95,2,
2023-06-26T15:00:00Z,661,broken,demand,433.6,433.95,2,
2023-06-26T17:00:00Z,663,broken,demand,432.71,432.93,1,
2023-06-26T18:00:00Z,663,role_flip_retest,supply,432.71,432.93,2,
2023-06-27T15:00:00Z,663,broken,supply,432.71,432.93,2,
2023-06-27T16:00:00Z,656,touch,supply,433.59,434.4732743796836,2,
2023-06-27T16:00:00Z,663,role_flip_retest,demand,432.71,432.93,2,
2023-06-27T16:00:00Z,664,created,demand,431.19,431.43,1,pivot
2023-06-27T17:00:00Z,656,broken,supply,433.59,434.4732743796836,2,
2023-06-27T17:00:00Z,658,touch,supply,435.03,435.76,3,
2023-06-27T17:00:00Z,659,touch,supply,434.33,435.1650217160669,2,
2023-06-27T18:00:00Z,658,broken,supply,435.03,435.76,3,
2023-06-27T18:00:00Z,659,broken,supply,434.33,435.1650217160669,2,
2023-06-27T19:00:00Z,660,touch,supply,436.43548077785886,436.99,2,
2023-06-28T14:30:00Z,656,role_flip_retest,demand,433.59,434.4732743796836,2,
2023-06-28T14:30:00Z,659,role_flip_retest,demand,434.33,435.1650217160669,2,
2023-06-28T15:00:00Z,658,role_flip_retest,demand,435.03,435.76,3,
2023-06-28T15:00:00Z,660,touch,supply,436.43548077785886,436.99,2,
2023-06-28T16:00:00Z,665,created,supply,436.15,436.81,1,pivot
2023-06-28T16:00:00Z,644,capacity_expired,demand,409.87,410.43,1,
2023-06-28T17:00:00Z,660,rejection,supply,436.43548077785886,436.99,2,
2023-06-28T20:00:00Z,665,touch,supply,436.15,436.81,1,
2023-06-28T20:00:00Z,666,created,supply,436.62,437.44,1,pivot
2023-06-28T20:00:00Z,648,capacity_expired,demand,416.22,416.75,1,
2023-06-29T16:00:00Z,660,broken,supply,436.43548077785886,436.99,2,
2023-06-29T16:00:00Z,665,broken,supply,436.15,436.81,1,
2023-06-29T16:00:00Z,666,broken,supply,436.62,437.44,1,
2023-06-29T17:00:00Z,666,role_flip_retest,demand,436.62,437.44,2,
2023-06-29T18:00:00Z,660,role_flip_retest,demand,436.43548077785886,436.99,3,
2023-06-29T19:00:00Z,665,role_flip_retest,demand,436.15,436.81,2,
2023-06-29T20:00:00Z,629,age_expired,demand,413.89,414.54,3,
2023-06-29T20:00:00Z,667,created,supply,437.72,438.28,1,pivot
2023-06-29T20:00:00Z,666,volume_confluence,demand,436.62,437.44,3,POC:2023-06-29:437.309583
2023-06-30T14:30:00Z,655,broken,supply,438.2869581712099,439.07,2,
2023-06-30T14:30:00Z,667,broken,supply,437.72,438.28,1,
2023-06-30T17:00:00Z,630,age_expired,demand,408.87,409.8301917265017,2,
2023-06-30T18:00:00Z,657,touch,supply,443.63,443.9,1,
2023-06-30T20:00:00Z,657,rejection,supply,443.63,443.9,1,
2023-07-03T16:00:00Z,668,created,supply,443.88,444.3,1,pivot
2023-07-05T16:00:00Z,668,touch,supply,443.88,444.3,1,
2023-07-05T17:00:00Z,661,broken_zone_expired,demand,433.6,433.95,2,
2023-07-05T17:00:00Z,669,created,demand,441.9,442.0383666192416,1,pivot
2023-07-05T20:00:00Z,657,touch,supply,443.63,443.9,1,
2023-07-06T14:30:00Z,657,rejection,supply,443.63,443.9,1,
2023-07-06T14:30:00Z,667,role_flip_retest,demand,437.72,438.28,2,
2023-07-06T14:30:00Z,669,broken,demand,441.9,442.0383666192416,1,
2023-07-06T15:00:00Z,666,touch,demand,436.62,437.44,3,
2023-07-06T15:00:00Z,667,broken,demand,437.72,438.28,2,
2023-07-06T16:00:00Z,666,rejection,demand,436.62,437.44,3,
2023-07-06T17:00:00Z,655,role_flip_retest,demand,438.2869581712099,439.07,2,
2023-07-06T19:00:00Z,670,created,demand,437.06,437.21221402940307,1,pivot
2023-07-06T20:00:00Z,634,age_expired,demand,412.77,413.43,2,
2023-07-07T17:00:00Z,671,created,demand,438.82,439.4600212400584,1,order_block
2023-07-07T18:00:00Z,669,role_flip_retest,supply,441.9,442.0383666192416,2,
2023-07-07T18:00:00Z,649,capacity_expired,demand,424.3,424.5,1,
2023-07-07T20:00:00Z,655,touch,demand,438.2869581712099,439.07,2,
2023-07-07T20:00:00Z,671,broken,demand,438.82,439.4600212400584,1,
2023-07-10T14:30:00Z,655,rejection,demand,438.2869581712099,439.07,2,
2023-07-10T14:30:00Z,672,created,supply,442.25,442.64,1,pivot
2023-07-10T15:00:00Z,671,role_flip_retest,supply,438.82,439.4600212400584,2,
2023-07-10T15:00:00Z,651,capacity_expired,demand,425.99,426.6,1,
2023-07-10T20:00:00Z,671,broken,supply,438.82,439.4600212400584,2,
2023-07-10T20:00:00Z,673,created,demand,437.58,438.2695563853755,1,pivot
2023-07-10T20:00:00Z,655,volume_confluence,demand,438.2869581712099,439.07,3,POC:2023-07-10:438.757083
2023-07-11T15:00:00Z,671,role_flip_retest,demand,438.82,439.4600212400584,2,
2023-07-11T15:00:00Z,653,capacity_expired,demand,425.82,426.5,1,
2023-07-11T20:00:00Z,669,broken,supply,441.9,442.0383666192416,2,
2023-07-11T20:00:00Z,672,touch,supply,442.25,442.64,1,
2023-07-12T14:30:00Z,657,broken,supply,443.63,443.9,1,
2023-07-12T14:30:00Z,668,broken,supply,443.88,444.3,1,
2023-07-12T14:30:00Z,672,broken,supply,442.25,442.64,1,
2023-07-12T17:00:00Z,642,age_expired,demand,420.5286746651149,420.72,2,
2023-07-12T18:00:00Z,674,created,supply,446.99,447.48,1,pivot
2023-07-13T14:30:00Z,674,broken,supply,446.99,447.48,1,
2023-07-14T14:30:00Z,667,broken_zone_expired,demand,437.72,438.28,2,
2023-07-14T18:00:00Z,675,created,supply,451.03,451.36,1,pivot
2023-07-17T16:00:00Z,676,created,demand,448.49,449.0933884077378,1,pivot
2023-07-17T19:00:00Z,675,touch,supply,451.03,451.36,1,
2023-07-18T14:30:00Z,675,broken,supply,451.03,451.36,1,
2023-07-18T15:00:00Z,675,role_flip_retest,demand,451.03,451.36,2,
2023-07-19T14:30:00Z,646,age_expired,demand,413.82,414.78808928414634,2,
2023-07-19T19:00:00Z,669,broken_zone_expired,supply,441.9,442.0383666192416,2,
2023-07-19T20:00:00Z,657,broken_zone_expired,supply,443.63,443.9,1,
2023-07-19T20:00:00Z,668,broken_zone_expired,supply,443.88,444.3,1,
2023-07-19T20:00:00Z,672,broken_zone_expired,supply,442.25,442.64,1,
2023-07-19T20:00:00Z,677,created,supply,455.98,456.43,1,pivot
2023-07-20T18:00:00Z,678,created,demand,452.81,453.4469453972882,1,pivot
2023-07-20T19:00:00Z,678,broken,demand,452.81,453.4469453972882,1,
2023-07-20T20:00:00Z,674,broken_zone_expired,supply,446.99,447.48,1,
2023-07-21T16:00:00Z,679,created,demand,451.44,452.11463729379,1,pivot
2023-07-21T20:00:00Z,678,role_flip_retest,supply,452.81,453.4469453972882,2,
2023-07-21T20:00:00Z,678,volume_confluence,supply,452.81,453.4469453972882,3,POC:2023-07-21:453.128333
2023-07-24T15:00:00Z,678,broken,supply,452.81,453.4469453972882,3,
2023-07-24T16:00:00Z,680,created,demand,452.17,452.32040821786666,1,pivot
2023-07-24T20:00:00Z,678,role_flip_retest,demand,452.81,453.4469453972882,3,
2023-07-25T18:00:00Z,677,touch,supply,455.98,456.43,1,
2023-07-25T20:00:00Z,677,rejection,supply,455.98,456.43,1,
2023-07-26T15:00:00Z,681,created,supply,456.1647194705037,456.74,1,pivot
2023-07-26T15:00:00Z,664,capacity_expired,demand,431.19,431.43,1,
2023-07-26T16:00:00Z,650,age_expired,demand,428.84137887040504,429.67,2,
2023-07-26T19:00:00Z,681,touch,supply,456.1647194705037,456.74,1,
2023-07-26T20:00:00Z,678,touch,demand,452.81,453.4469453972882,3,
2023-07-26T20:00:00Z,681,rejection,supply,456.1647194705037,456.74,1,
2023-07-27T14:30:00Z,677,broken,supply,455.98,456.43,1,
2023-07-27T14:30:00Z,681,broken,supply,456.1647194705037,456.74,1,
2023-07-27T16:00:00Z,682,created,demand,453.38,454.1777539947015,1,pivot
2023-07-27T17:00:00Z,683,created,supply,459.02,459.44,1,pivot
2023-07-27T19:00:00Z,678,touch,demand,452.81,453.4469453972882,3,
2023-07-27T19:00:00Z,682,broken,demand,453.38,454.1777539947015,1,
2023-07-27T19:00:00Z,684,created,supply,457.7615935507689,458.6,1,order_block
2023-07-27T20:00:00Z,678,broken,demand,452.81,453.4469453972882,3,
2023-07-27T20:00:00Z,679,touch,demand,451.44,452.11463729379,1,
2023-07-27T20:00:00Z,680,touch,demand,452.17,452.32040821786666,1,
2023-07-27T20:00:00Z,682,role_flip_retest,supply,453.38,454.1777539947015,2,
2023-07-28T14:30:00Z,682,broken,supply,453.38,454.1777539947015,2,
2023-07-28T15:00:00Z,677,role_flip_retest,demand,455.98,456.43,2,
2023-07-28T15:00:00Z,679,rejection,demand,451.44,452.11463729379,1,
2023-07-28T15:00:00Z,680,rejection,demand,452.17,452.32040821786666,1,
2023-07-28T15:00:00Z,681,role_flip_retest,demand,456.1647194705037,456.74,2,
2023-07-28T16:00:00Z,652,age_expired,demand,429.29,429.62,2,
2023-07-28T16:00:00Z,684,touch,supply,457.7615935507689,458.6,1,
2023-07-28T16:00:00Z,685,created,demand,451.55,452.48,1,pivot
2023-07-28T17:00:00Z,684,rejection,supply,457.7615935507689,458.6,1,
2023-07-28T20:00:00Z,681,volume_confluence,demand,456.1647194705037,456.74,3,POC:2023-07-28:456.590000
2023-07-31T17:00:00Z,686,created,supply,457.41,458.16,1,pivot
2023-07-31T17:00:00Z,670,capacity_expired,demand,437.06,437.21221402940307,1,
2023-07-31T18:00:00Z,677,touch,demand,455.98,456.43,2,
2023-07-31T20:00:00Z,677,rejection,demand,455.98,456.43,2,
2023-07-31T20:00:00Z,684,touch,supply,457.7615935507689,458.6,1,
2023-07-31T20:00:00Z,686,touch,supply,457.41,458.16,1,
2023-08-01T15:00:00Z,684,rejection,supply,457.7615935507689,458.6,1,
2023-08-01T15:00:00Z,686,rejection,supply,457.41,458.16,1,
2023-08-01T16:00:00Z,687,created,supply,457.66891051614135,457.84,1,pivot
2023-08-01T16:00:00Z,673,capacity_expired,demand,437.58,438.2695563853755,1,
2023-08-01T20:00:00Z,688,created,demand,455.49,456.14,1,pivot
2023-08-01T20:00:00Z,677,volume_confluence,demand,455.98,456.43,3,POC:2023-08-01:456.406667
2023-08-01T20:00:00Z,676,capacity_expired,demand,448.49,449.0933884077378,1,
2023-08-02T14:30:00Z,677,broken,demand,455.98,456.43,3,
2023-08-02T14:30:00Z,681,broken,demand,456.1647194705037,456.74,3,
2023-08-02T14:30:00Z,685,touch,demand,451.55,452.48,1,
2023-08-02T14:30:00Z,688,broken,demand,455.49,456.14,1,
2023-08-02T15:00:00Z,675,broken,demand,451.03,451.36,2,
2023-08-02T15:00:00Z,678,role_flip_retest,supply,452.81,453.4469453972882,3,
2023-08-02T15:00:00Z,679,broken,demand,451.44,452.11463729379,1,
2023-08-02T15:00:00Z,680,broken,demand,452.17,452.32040821786666,1,
2023-08-02T15:00:00Z,685,broken,demand,451.55,452.48,1,
2023-08-02T15:00:00Z,689,created,supply,456.44,456.97,1,order_block
2023-08-02T16:00:00Z,675,role_flip_retest,supply,451.03,451.36,2,
2023-08-02T16:00:00Z,679,role_flip_retest,supply,451.44,452.11463729379,2,
2023-08-02T16:00:00Z,685,role_flip_retest,supply,451.55,452.48,2,
2023-08-03T18:00:00Z,690,created,demand,447.37,448.2057154435587,1,pivot
2023-08-04T14:30:00Z,675,touch,supply,451.03,451.36,2,
2023-08-04T14:30:00Z,679,touch,supply,451.44,452.11463729379,2,
2023-08-04T14:30:00Z,685,touch,supply,451.55,452.48,2,
2023-08-04T16:00:00Z,675,broken,supply,451.03,451.36,2,
2023-08-04T16:00:00Z,685,touch,supply,451.55,452.48,2,
2023-08-04T17:00:00Z,678,touch,supply,452.81,453.4469453972882,3,
2023-08-04T17:00:00Z,679,broken,supply,451.44,452.11463729379,2,
2023-08-04T17:00:00Z,685,broken,supply,451.55,452.48,2,
2023-08-04T18:00:00Z,655,age_expired,demand,438.2869581712099,439.07,3,
2023-08-04T18:00:00Z,678,rejection,supply,452.81,453.4469453972882,3,
2023-08-04T18:00:00Z,680,role_flip_retest,supply,452.17,452.32040821786666,2,
2023-08-04T18:00:00Z,691,created,demand,448.77,449.65872472805574,1,pivot
2023-08-04T18:00:00Z,691,volume_confluence,demand,448.77,449.65872472805574,2,POC:2023-08-03:449.293750
2023-08-04T19:00:00Z,690,broken,demand,447.37,448.2057154435587,1,
2023-08-04T19:00:00Z,691,broken,demand,448.77,449.65872472805574,2,
2023-08-04T19:00:00Z,680,merged,supply,452.00692068410876,452.9,3,order_block;geometry=updated
2023-08-04T20:00:00Z,682,broken_zone_expired,supply,453.38,454.1777539947015,2,
2023-08-04T20:00:00Z,690,role_flip_retest,supply,447.37,448.2057154435587,2,
2023-08-04T20:00:00Z,678,merged,supply,452.6885423238871,453.4469453972882,4,pivot;geometry=updated
2023-08-04T20:00:00Z,678,qualified,supply,452.6885423238871,453.4469453972882,4,pivot|repeated_pivot|role_flip|volume_profile
2023-08-07T14:30:00Z,656,age_expired,demand,433.59,434.4732743796836,2,
2023-08-07T14:30:00Z,690,broken,supply,447.37,448.2057154435587,2,
2023-08-07T14:30:00Z,691,role_flip_retest,supply,448.77,449.65872472805574,3,
2023-08-07T15:00:00Z,690,role_flip_retest,demand,447.37,448.2057154435587,2,
2023-08-07T16:00:00Z,694,created,demand,446.27,446.8,1,pivot
2023-08-07T18:00:00Z,691,broken,supply,448.77,449.65872472805574,3,
2023-08-07T19:00:00Z,691,role_flip_retest,demand,448.77,449.65872472805574,3,
2023-08-08T14:30:00Z,690,broken,demand,447.37,448.2057154435587,2,
2023-08-08T14:30:00Z,691,broken,demand,448.77,449.65872472805574,3,
2023-08-08T14:30:00Z,694,touch,demand,446.27,446.8,1,
2023-08-08T15:00:00Z,694,broken,demand,446.27,446.8,1,
2023-08-08T16:00:00Z,694,role_flip_retest,supply,446.27,446.8,2,
2023-08-08T16:00:00Z,695,created,supply,450.6616221766977,450.87,1,pivot
2023-08-08T18:00:00Z,690,role_flip_retest,supply,447.37,448.2057154435587,2,
2023-08-08T18:00:00Z,694,broken,supply,446.27,446.8,2,
2023-08-08T19:00:00Z,690,broken,supply,447.37,448.2057154435587,2,
2023-08-08T19:00:00Z,696,created,demand,445.27,445.54,1,pivot
2023-08-08T20:00:00Z,690,role_flip_retest,demand,447.37,448.2057154435587,2,
2023-08-08T20:00:00Z,691,role_flip_retest,supply,448.77,449.65872472805574,3,
2023-08-09T16:00:00Z,690,broken,demand,447.37,448.2057154435587,2,
2023-08-09T16:00:00Z,696,touch,demand,445.27,445.54,1,
2023-08-09T16:00:00Z,697,created,supply,448.75,449.23,1,pivot
2023-08-09T17:00:00Z,658,age_expired,demand,435.03,435.76,3,
2023-08-09T17:00:00Z,696,rejection,demand,445.27,445.54,1,
2023-08-09T18:00:00Z,694,role_flip_retest,demand,446.27,446.8,2,
2023-08-09T18:00:00Z,694,volume_confluence,demand,446.27,446.8,3,POC:2023-08-08:446.507500
2023-08-09T19:00:00Z,697,touch,supply,448.75,449.23,1,
2023-08-09T19:00:00Z,696,merged,demand,444.97,445.54,2,pivot;geometry=updated
2023-08-09T19:00:00Z,696,qualified,demand,444.97,445.54,2,pivot|repeated_pivot
2023-08-09T20:00:00Z,677,broken_zone_expired,demand,455.98,456.43,3,
2023-08-09T20:00:00Z,681,broken_zone_expired,demand,456.1647194705037,456.74,3,
2023-08-09T20:00:00Z,688,broken_zone_expired,demand,455.49,456.14,1,
2023-08-09T20:00:00Z,690,role_flip_retest,supply,447.37,448.2057154435587,2,
2023-08-09T20:00:00Z,694,broken,demand,446.27,446.8,3,
2023-08-09T20:00:00Z,697,rejection,supply,448.75,449.23,1,
2023-08-10T14:30:00Z,690,broken,supply,447.37,448.2057154435587,2,
2023-08-10T14:30:00Z,691,broken,supply,448.77,449.65872472805574,3,
2023-08-10T14:30:00Z,695,broken,supply,450.6616221766977,450.87,1,
2023-08-10T14:30:00Z,697,broken,supply,448.75,449.23,1,
2023-08-10T14:30:00Z,699,created,demand,445.43,446.4275084665602,1,order_block
2023-08-10T15:00:00Z,697,role_flip_retest,demand,448.75,449.23,2,
2023-08-10T16:00:00Z,697,broken,demand,448.75,449.23,2,
2023-08-10T17:00:00Z,659,age_expired,demand,434.33,435.1650217160669,2,
2023-08-10T17:00:00Z,699,touch,demand,445.43,446.4275084665602,1,
2023-08-10T18:00:00Z,694,role_flip_retest,supply,446.27,446.8,3,
2023-08-10T18:00:00Z,696,broken,demand,444.97,445.54,2,
2023-08-10T18:00:00Z,699,broken,demand,445.43,446.4275084665602,1,
2023-08-10T18:00:00Z,700,created,supply,451.22,451.7,1,pivot
2023-08-10T19:00:00Z,694,broken,supply,446.27,446.8,3,
2023-08-11T14:30:00Z,660,age_expired,demand,436.43548077785886,436.99,3,
2023-08-11T15:00:00Z,699,role_flip_retest,supply,445.43,446.4275084665602,2,
2023-08-11T17:00:00Z,696,role_flip_retest,supply,444.97,445.54,3,
2023-08-11T17:00:00Z,701,created,demand,443.34,443.97,1,pivot
2023-08-11T19:00:00Z,696,broken,supply,444.97,445.54,3,
2023-08-11T20:00:00Z,696,role_flip_retest,demand,444.97,445.54,3,
2023-08-14T15:00:00Z,675,broken_zone_expired,supply,451.03,451.36,2,
2023-08-14T15:00:00Z,694,role_flip_retest,demand,446.27,446.8,3,
2023-08-14T15:00:00Z,699,broken,supply,445.43,446.4275084665602,2,
2023-08-14T16:00:00Z,663,age_expired,demand,432.71,432.93,2,
2023-08-14T16:00:00Z,679,broken_zone_expired,supply,451.44,452.11463729379,2,
2023-08-14T16:00:00Z,685,broken_zone_expired,supply,451.55,452.48,2,
2023-08-14T17:00:00Z,699,role_flip_retest,demand,445.43,446.4275084665602,2,
2023-08-14T19:00:00Z,702,created,supply,447.23,447.76,1,pivot
2023-08-14T20:00:00Z,702,broken,supply,447.23,447.76,1,
2023-08-15T14:30:00Z,694,broken,demand,446.27,446.8,3,
2023-08-15T14:30:00Z,696,touch,demand,444.97,445.54,3,
2023-08-15T14:30:00Z,699,broken,demand,445.43,446.4275084665602,2,
2023-08-15T15:00:00Z,696,broken,demand,444.97,445.54,3,
2023-08-15T15:00:00Z,701,touch,demand,443.34,443.97,1,
2023-08-15T16:00:00Z,701,rejection,demand,443.34,443.97,1,
2023-08-15T16:00:00Z,703,created,supply,447.8990504106417,448.11,1,pivot
2023-08-15T17:00:00Z,696,role_flip_retest,supply,444.97,445.54,3,
2023-08-15T18:00:00Z,701,merged,demand,443.34,443.97,2,pivot;geometry=updated
2023-08-15T18:00:00Z,701,qualified,demand,443.34,443.97,2,pivot|repeated_pivot
2023-08-15T20:00:00Z,701,broken,demand,443.34,443.97,2,
2023-08-16T16:00:00Z,701,role_flip_retest,supply,443.34,443.97,3,
2023-08-16T20:00:00Z,705,created,supply,441.77,442.62,1,order_block
2023-08-17T15:00:00Z,665,age_expired,demand,436.15,436.81,2,
2023-08-17T15:00:00Z,671,touch,demand,438.82,439.4600212400584,2,
2023-08-17T17:00:00Z,671,rejection,demand,438.82,439.4600212400584,2,
2023-08-17T19:00:00Z,666,age_expired,demand,436.62,437.44,3,
2023-08-17T19:00:00Z,671,broken,demand,438.82,439.4600212400584,2,
2023-08-17T20:00:00Z,690,broken_zone_expired,supply,447.37,448.2057154435587,2,
2023-08-17T20:00:00Z,691,broken_zone_expired,supply,448.77,449.65872472805574,3,
2023-08-17T20:00:00Z,695,broken_zone_expired,supply,450.6616221766977,450.87,1,
2023-08-18T15:00:00Z,697,broken_zone_expired,demand,448.75,449.23,2,
2023-08-18T17:00:00Z,706,created,demand,433.01,433.37,1,pivot
2023-08-21T15:00:00Z,671,role_flip_retest,supply,438.82,439.4600212400584,2,
2023-08-21T18:00:00Z,671,merged,supply,438.6757060615852,439.4600212400584,3,pivot;geometry=updated
2023-08-22T14:30:00Z,671,broken,supply,438.6757060615852,439.4600212400584,3,
2023-08-22T15:00:00Z,671,role_flip_retest,demand,438.6757060615852,439.4600212400584,3,
2023-08-22T17:00:00Z,708,created,supply,440.97774067079484,441.18,1,pivot
2023-08-22T18:00:00Z,671,broken,demand,438.6757060615852,439.4600212400584,3,
2023-08-22T19:00:00Z,671,role_flip_retest,supply,438.6757060615852,439.4600212400584,3,
2023-08-22T19:00:00Z,702,broken_zone_expired,supply,447.23,447.76,1,
2023-08-22T20:00:00Z,694,broken_zone_expired,demand,446.27,446.8,3,
2023-08-22T20:00:00Z,699,broken_zone_expired,demand,445.43,446.4275084665602,2,
2023-08-22T20:00:00Z,671,volume_confluence,supply,438.6757060615852,439.4600212400584,4,POC:2023-08-22:438.698125
2023-08-23T14:30:00Z,671,broken,supply,438.6757060615852,439.4600212400584,4,
2023-08-23T15:00:00Z,705,touch,supply,441.77,442.62,1,
2023-08-23T15:00:00Z,708,broken,supply,440.97774067079484,441.18,1,
2023-08-23T16:00:00Z,709,created,demand,437.57,438.11,1,pivot
2023-08-23T18:00:00Z,701,touch,supply,443.34,443.97,3,
2023-08-23T18:00:00Z,705,broken,supply,441.77,442.62,1,
2023-08-23T19:00:00Z,701,rejection,supply,443.34,443.97,3,
2023-08-23T19:00:00Z,705,role_flip_retest,demand,441.77,442.62,2,
2023-08-23T20:00:00Z,705,volume_confluence,demand,441.77,442.62,3,POC:2023-08-23:442.432292
2023-08-24T14:30:00Z,696,touch,supply,444.97,445.54,3,
2023-08-24T14:30:00Z,701,broken,supply,443.34,443.97,3,
2023-08-24T15:00:00Z,696,rejection,supply,444.97,445.54,3,
2023-08-24T15:00:00Z,705,broken,demand,441.77,442.62,3,
2023-08-24T17:00:00Z,671,role_flip_retest,demand,438.6757060615852,439.4600212400584,4,
2023-08-24T18:00:00Z,696,merged,supply,444.97,445.54,3,pivot;geometry=frozen
2023-08-24T20:00:00Z,671,age_expired,demand,438.6757060615852,439.4600212400584,4,
2023-08-24T20:00:00Z,709,broken,demand,437.57,438.11,1,
2023-08-24T20:00:00Z,711,created,supply,439.9515382191685,440.82,1,order_block
2023-08-25T15:00:00Z,709,role_flip_retest,supply,437.57,438.11,2,
2023-08-25T15:00:00Z,711,touch,supply,439.9515382191685,440.82,1,
2023-08-25T15:00:00Z,712,created,supply,438.68,439.5,1,order_block
2023-08-25T15:00:00Z,712,volume_confluence,supply,438.68,439.5,2,POC:2023-08-24:439.116875
2023-08-25T17:00:00Z,709,broken,supply,437.57,438.11,2,
2023-08-25T18:00:00Z,709,role_flip_retest,demand,437.57,438.11,2,
2023-08-25T18:00:00Z,713,created,supply,440.0000583741348,441.2,1,pivot
2023-08-25T19:00:00Z,711,touch,supply,439.9515382191685,440.82,1,
2023-08-25T19:00:00Z,712,broken,supply,438.68,439.5,2,
2023-08-25T19:00:00Z,714,created,demand,435.0,435.26410505666877,1,pivot
2023-08-25T20:00:00Z,711,rejection,supply,439.9515382191685,440.82,1,
2023-08-28T14:30:00Z,711,broken,supply,439.9515382191685,440.82,1,
2023-08-28T14:30:00Z,713,broken,supply,440.0000583741348,441.2,1,
2023-08-28T16:00:00Z,705,role_flip_retest,supply,441.77,442.62,3,
2023-08-28T16:00:00Z,708,role_flip_retest,demand,440.97774067079484,441.18,2,
2023-08-28T16:00:00Z,713,role_flip_retest,demand,440.0000583741348,441.2,2,
2023-08-29T14:30:00Z,705,broken,supply,441.77,442.62,3,
2023-08-29T15:00:00Z,696,broken,supply,444.97,445.54,3,
2023-08-29T15:00:00Z,701,role_flip_retest,demand,443.34,443.97,3,
2023-08-29T16:00:00Z,703,touch,supply,447.8990504106417,448.11,1,
2023-08-29T19:00:00Z,703,broken,supply,447.8990504106417,448.11,1,
2023-08-30T14:30:00Z,700,touch,supply,451.22,451.7,1,
2023-08-30T15:00:00Z,700,rejection,supply,451.22,451.7,1,
2023-08-30T20:00:00Z,700,merged,supply,451.22,451.7,2,pivot;geometry=updated
2023-08-30T20:00:00Z,700,qualified,supply,451.22,451.7,2,pivot|repeated_pivot
2023-08-31T14:30:00Z,680,touch,supply,452.00692068410876,452.9,3,
2023-08-31T14:30:00Z,700,broken,supply,451.22,451.7,2,
2023-08-31T15:00:00Z,678,touch,supply,452.6885423238871,453.4469453972882,4,
2023-08-31T16:00:00Z,678,rejection,supply,452.6885423238871,453.4469453972882,4,
2023-08-31T16:00:00Z,680,rejection,supply,452.00692068410876,452.9,3,
2023-08-31T16:00:00Z,700,role_flip_retest,demand,451.22,451.7,3,
2023-08-31T17:00:00Z,700,broken,demand,451.22,451.7,3,
2023-08-31T18:00:00Z,716,created,supply,452.43,452.83,1,pivot
2023-08-31T19:00:00Z,700,role_flip_retest,supply,451.22,451.7,3,
2023-08-31T20:00:00Z,700,volume_confluence,supply,451.22,451.7,4,POC:2023-08-31:451.439375
2023-08-31T20:00:00Z,700,evidence_upgrade,supply,451.22,451.7,4,volume_profile;score:3->4;qualified_score:2
2023-09-01T14:30:00Z,700,broken,supply,451.22,451.7,4,
2023-09-01T14:30:00Z,716,touch,supply,452.43,452.83,1,
2023-09-01T15:00:00Z,716,rejection,supply,452.43,452.83,1,
2023-09-01T17:00:00Z,717,created,supply,453.17,453.67,1,pivot
2023-09-01T20:00:00Z,718,created,demand,449.68,449.88,1,pivot
2023-09-05T14:30:00Z,718,broken,demand,449.68,449.88,1,
2023-09-05T18:00:00Z,712,broken_zone_expired,supply,438.68,439.5,2,
2023-09-05T18:00:00Z,719,created,demand,449.17,449.59,1,pivot
2023-09-05T20:00:00Z,711,broken_zone_expired,supply,439.9515382191685,440.82,1,
2023-09-05T20:00:00Z,718,role_flip_retest,supply,449.68,449.88,2,
2023-09-05T20:00:00Z,719,touch,demand,449.17,449.59,1,
2023-09-06T14:30:00Z,719,broken,demand,449.17,449.59,1,
2023-09-06T15:00:00Z,720,created,supply,450.03,450.64,1,order_block
2023-09-06T15:00:00Z,720,volume_confluence,supply,450.03,450.64,2,POC:2023-09-05:450.154375
2023-09-06T16:00:00Z,696,role_flip_retest,demand,444.97,445.54,3,
2023-09-06T17:00:00Z,696,broken,demand,444.97,445.54,3,
2023-09-06T18:00:00Z,701,touch,demand,443.34,443.97,3,
2023-09-06T19:00:00Z,701,rejection,demand,443.34,443.97,3,
2023-09-06T20:00:00Z,705,broken_zone_expired,supply,441.77,442.62,3,
2023-09-07T16:00:00Z,696,role_flip_retest,supply,444.97,445.54,3,
2023-09-07T18:00:00Z,703,broken_zone_expired,supply,447.8990504106417,448.11,1,
2023-09-07T18:00:00Z,721,created,demand,442.75,443.43,1,pivot
2023-09-08T14:30:00Z,678,age_expired,supply,452.6885423238871,453.4469453972882,4,
2023-09-08T14:30:00Z,696,broken,supply,444.97,445.54,3,
2023-09-08T18:00:00Z,696,role_flip_retest,demand,444.97,445.54,3,
2023-09-08T18:00:00Z,722,created,supply,446.36722836200545,447.11,1,pivot
2023-09-11T14:30:00Z,722,touch,supply,446.36722836200545,447.11,1,
2023-09-11T16:00:00Z,723,created,demand,444.53,444.91,1,pivot
2023-09-11T17:00:00Z,722,broken,supply,446.36722836200545,447.11,1,
2023-09-11T17:00:00Z,724,created,supply,448.24,448.77,1,pivot
2023-09-11T19:00:00Z,680,age_expired,supply,452.00692068410876,452.9,3,
2023-09-11T20:00:00Z,700,broken_zone_expired,supply,451.22,451.7,4,
2023-09-12T14:30:00Z,722,role_flip_retest,demand,446.36722836200545,447.11,2,
2023-09-12T15:00:00Z,722,broken,demand,446.36722836200545,447.11,2,
2023-09-12T16:00:00Z,724,merged,supply,448.24,448.77,2,pivot;geometry=updated
2023-09-12T16:00:00Z,724,qualified,supply,448.24,448.77,2,pivot|repeated_pivot
2023-09-12T18:00:00Z,724,touch,supply,448.24,448.77,2,
2023-09-12T19:00:00Z,722,role_flip_retest,supply,446.36722836200545,447.11,2,
2023-09-12T19:00:00Z,724,rejection,supply,448.24,448.77,2,
2023-09-12T20:00:00Z,696,touch,demand,444.97,445.54,3,
2023-09-13T14:30:00Z,696,rejection,demand,444.97,445.54,3,
2023-09-13T16:00:00Z,722,broken,supply,446.36722836200545,447.11,2,
2023-09-13T17:00:00Z,722,role_flip_retest,demand,446.36722836200545,447.11,2,
2023-09-13T18:00:00Z,726,created,demand,445.07,445.7305459276731,1,pivot
2023-09-13T18:00:00Z,683,capacity_expired,supply,459.02,459.44,1,
2023-09-13T19:00:00Z,722,broken,demand,446.36722836200545,447.11,2,
2023-09-13T20:00:00Z,719,broken_zone_expired,demand,449.17,449.59,1,
2023-09-14T14:30:00Z,724,broken,supply,448.24,448.77,2,
2023-09-14T15:00:00Z,724,role_flip_retest,demand,448.24,448.77,3,
2023-09-14T16:00:00Z,718,touch,supply,449.68,449.88,2,
2023-09-14T16:00:00Z,720,touch,supply,450.03,450.64,2,
2023-09-14T17:00:00Z,718,broken,supply,449.68,449.88,2,
2023-09-15T14:30:00Z,724,broken,demand,448.24,448.77,3,
2023-09-15T15:00:00Z,684,age_expired,supply,457.7615935507689,458.6,1,
2023-09-15T15:00:00Z,696,broken,demand,444.97,445.54,3,
2023-09-15T15:00:00Z,722,role_flip_retest,supply,446.36722836200545,447.11,2,
2023-09-15T15:00:00Z,723,touch,demand,444.53,444.91,1,
2023-09-15T15:00:00Z,726,broken,demand,445.07,445.7305459276731,1,
2023-09-15T15:00:00Z,720,merged,supply,450.03,450.64,2,order_block;geometry=updated
2023-09-15T16:00:00Z,723,rejection,demand,444.53,444.91,1,
2023-09-15T16:00:00Z,728,created,supply,450.58,451.08,1,pivot
2023-09-15T18:00:00Z,696,role_flip_retest,supply,444.97,445.54,3,
2023-09-15T18:00:00Z,701,touch,demand,443.34,443.97,3,
2023-09-15T18:00:00Z,721,touch,demand,442.75,443.43,1,
2023-09-15T18:00:00Z,723,broken,demand,444.53,444.91,1,
2023-09-15T18:00:00Z,726,role_flip_retest,supply,445.07,445.7305459276731,2,
2023-09-15T20:00:00Z,721,volume_confluence,demand,442.75,443.43,2,POC:2023-09-15:443.205000
2023-09-18T14:30:00Z,701,broken,demand,443.34,443.97,3,
2023-09-18T17:00:00Z,723,role_flip_retest,supply,444.53,444.91,2,
2023-09-18T17:00:00Z,729,created,demand,442.56,443.04,1,pivot
2023-09-18T19:00:00Z,721,touch,demand,442.75,443.43,2,
2023-09-18T20:00:00Z,686,age_expired,supply,457.41,458.16,1,
2023-09-18T20:00:00Z,723,merged,supply,444.53,444.97,3,pivot;geometry=updated
2023-09-18T20:00:00Z,723,qualified,supply,444.53,444.97,3,pivot|repeated_pivot|role_flip
2023-09-19T14:30:00Z,721,broken,demand,442.75,443.43,2,
2023-09-19T14:30:00Z,729,broken,demand,442.56,443.04,1,
2023-09-19T15:00:00Z,708,broken,demand,440.97774067079484,441.18,2,
2023-09-19T15:00:00Z,713,touch,demand,440.0000583741348,441.2,2,
2023-09-19T15:00:00Z,731,created,supply,443.53,443.73,1,order_block
2023-09-19T16:00:00Z,708,role_flip_retest,supply,440.97774067079484,441.18,2,
2023-09-19T18:00:00Z,708,broken,supply,440.97774067079484,441.18,2,
2023-09-19T18:00:00Z,713,rejection,demand,440.0000583741348,441.2,2,
2023-09-19T19:00:00Z,687,age_expired,supply,457.66891051614135,457.84,1,
2023-09-19T19:00:00Z,721,role_flip_retest,supply,442.75,443.43,3,
2023-09-19T19:00:00Z,729,role_flip_retest,supply,442.56,443.04,2,
2023-09-19T20:00:00Z,732,created,demand,439.94,440.61,1,pivot
2023-09-20T14:30:00Z,721,broken,supply,442.75,443.43,3,
2023-09-20T14:30:00Z,729,broken,supply,442.56,443.04,2,
2023-09-20T14:30:00Z,731,broken,supply,443.53,443.73,1,
2023-09-20T15:00:00Z,721,role_flip_retest,demand,442.75,443.43,3,
2023-09-20T16:00:00Z,731,role_flip_retest,demand,443.53,443.73,2,
2023-09-20T18:00:00Z,689,age_expired,supply,456.44,456.97,1,
2023-09-20T18:00:00Z,733,created,supply,444.11,444.44,1,pivot
2023-09-20T19:00:00Z,701,role_flip_retest,supply,443.34,443.97,3,
2023-09-20T19:00:00Z,721,broken,demand,442.75,443.43,3,
2023-09-20T19:00:00Z,731,broken,demand,443.53,443.73,2,
2023-09-20T20:00:00Z,713,broken,demand,440.0000583741348,441.2,2,
2023-09-20T20:00:00Z,732,broken,demand,439.94,440.61,1,
2023-09-20T20:00:00Z,701,merged,supply,443.34,443.97,4,order_block;geometry=frozen
2023-09-20T20:00:00Z,701,evidence_upgrade,supply,443.34,443.97,4,score:3->4;qualified_score:2
2023-09-20T20:00:00Z,701,volume_confluence,supply,443.34,443.97,5,POC:2023-09-20:443.563542
2023-09-20T20:00:00Z,701,evidence_upgrade,supply,443.34,443.97,5,volume_profile;score:4->5;qualified_score:2
2023-09-21T14:30:00Z,709,broken,demand,437.57,438.11,2,
2023-09-21T14:30:00Z,714,broken,demand,435.0,435.26410505666877,1,
2023-09-21T15:00:00Z,714,role_flip_retest,supply,435.0,435.26410505666877,2,
2023-09-21T19:00:00Z,706,touch,demand,433.01,433.37,1,
2023-09-21T20:00:00Z,706,broken,demand,433.01,433.37,1,
2023-09-22T16:00:00Z,706,role_flip_retest,supply,433.01,433.37,2,
2023-09-22T16:00:00Z,718,broken_zone_expired,supply,449.68,449.88,2,
2023-09-22T16:00:00Z,735,created,demand,431.23,431.41428561424163,1,pivot
2023-09-22T18:00:00Z,735,touch,demand,431.23,431.41428561424163,1,
2023-09-22T19:00:00Z,735,broken,demand,431.23,431.41428561424163,1,
2023-09-22T20:00:00Z,724,broken_zone_expired,demand,448.24,448.77,3,
2023-09-22T20:00:00Z,735,role_flip_retest,supply,431.23,431.41428561424163,2,
2023-09-25T17:00:00Z,736,created,demand,428.72,429.16,1,pivot
2023-09-25T20:00:00Z,735,broken,supply,431.23,431.41428561424163,2,
2023-09-26T14:30:00Z,736,touch,demand,428.72,429.16,1,
2023-09-26T15:00:00Z,736,broken,demand,428.72,429.16,1,
2023-09-26T16:00:00Z,737,created,supply,432.0527317207429,432.27,1,pivot
2023-09-27T15:00:00Z,696,age_expired,supply,444.97,445.54,3,
2023-09-27T17:00:00Z,708,broken_zone_expired,supply,440.97774067079484,441.18,2,
2023-09-27T20:00:00Z,729,broken_zone_expired,supply,442.56,443.04,2,
2023-09-28T14:30:00Z,738,created,demand,422.29,423.31,1,pivot
2023-09-28T18:00:00Z,721,broken_zone_expired,demand,442.75,443.43,3,
2023-09-28T18:00:00Z,731,broken_zone_expired,demand,443.53,443.73,2,
2023-09-28T18:00:00Z,736,role_flip_retest,supply,428.72,429.16,2,
2023-09-28T19:00:00Z,713,broken_zone_expired,demand,440.0000583741348,441.2,2,
2023-09-28T19:00:00Z,732,broken_zone_expired,demand,439.94,440.61,1,
2023-09-28T20:00:00Z,709,broken_zone_expired,demand,437.57,438.11,2,
2023-09-28T20:00:00Z,739,created,supply,429.44,430.25,1,pivot
2023-09-29T14:30:00Z,736,broken,supply,428.72,429.16,2,
2023-09-29T14:30:00Z,739,broken,supply,429.44,430.25,1,
2023-09-29T15:00:00Z,739,role_flip_retest,demand,429.44,430.25,2,
2023-09-29T16:00:00Z,736,role_flip_retest,demand,428.72,429.16,2,
2023-09-29T16:00:00Z,739,broken,demand,429.44,430.25,2,
2023-09-29T17:00:00Z,736,broken,demand,428.72,429.16,2,
2023-09-29T17:00:00Z,739,role_flip_retest,supply,429.44,430.25,2,
2023-09-29T17:00:00Z,737,merged,supply,431.6058171113202,432.27,2,pivot;geometry=updated
2023-09-29T17:00:00Z,737,qualified,supply,431.6058171113202,432.27,2,pivot|repeated_pivot
2023-09-29T20:00:00Z,701,age_expired,supply,443.34,443.97,5,
2023-09-29T20:00:00Z,736,role_flip_retest,supply,428.72,429.16,2,
2023-10-02T20:00:00Z,741,created,demand,424.46,424.82,1,pivot
2023-10-03T15:00:00Z,738,broken,demand,422.29,423.31,1,
2023-10-03T15:00:00Z,741,broken,demand,424.46,424.82,1,
2023-10-03T15:00:00Z,742,created,supply,425.4851009293794,426.65,1,order_block
2023-10-03T15:00:00Z,742,volume_confluence,supply,425.4851009293794,426.65,2,POC:2023-10-02:425.926250
2023-10-03T17:00:00Z,738,role_flip_retest,supply,422.29,423.31,2,
2023-10-03T19:00:00Z,735,broken_zone_expired,supply,431.23,431.41428561424163,2,
2023-10-04T15:00:00Z,743,created,demand,420.18,420.9,1,pivot
2023-10-04T16:00:00Z,738,broken,supply,422.29,423.31,2,
2023-10-04T17:00:00Z,738,role_flip_retest,demand,422.29,423.31,2,
2023-10-04T20:00:00Z,738,volume_confluence,demand,422.29,423.31,3,POC:2023-10-04:423.299375
2023-10-05T14:30:00Z,741,role_flip_retest,supply,424.46,424.82,2,
2023-10-05T15:00:00Z,738,broken,demand,422.29,423.31,3,
2023-10-05T16:00:00Z,738,role_flip_retest,supply,422.29,423.31,3,
2023-10-05T16:00:00Z,741,merged,supply,424.46,425.43,3,pivot;geometry=updated
2023-10-05T16:00:00Z,741,qualified,supply,424.46,425.43,3,pivot|repeated_pivot|role_flip
2023-10-05T18:00:00Z,738,broken,supply,422.29,423.31,3,
2023-10-05T19:00:00Z,745,created,demand,421.17,421.98,1,pivot
2023-10-06T14:30:00Z,745,touch,demand,421.17,421.98,1,
2023-10-06T15:00:00Z,738,role_flip_retest,demand,422.29,423.31,3,
2023-10-06T15:00:00Z,743,touch,demand,420.18,420.9,1,
2023-10-06T15:00:00Z,745,rejection,demand,421.17,421.98,1,
2023-10-06T15:00:00Z,741,merged,supply,424.46,425.43,3,pivot;geometry=frozen
2023-10-06T16:00:00Z,736,touch,supply,428.72,429.16,2,
2023-10-06T16:00:00Z,741,broken,supply,424.46,425.43,3,
2023-10-06T16:00:00Z,742,broken,supply,425.4851009293794,426.65,2,
2023-10-06T16:00:00Z,743,rejection,demand,420.18,420.9,1,
2023-10-06T16:00:00Z,745,merged,demand,421.0,421.98,2,order_block;geometry=updated
2023-10-06T17:00:00Z,736,rejection,supply,428.72,429.16,2,
2023-10-06T18:00:00Z,736,broken,supply,428.72,429.16,2,
2023-10-06T18:00:00Z,739,touch,supply,429.44,430.25,2,
2023-10-06T18:00:00Z,748,created,demand,420.6,421.8497552472288,1,pivot
2023-10-06T19:00:00Z,739,broken,supply,429.44,430.25,2,
2023-10-06T20:00:00Z,706,age_expired,supply,433.01,433.37,2,
2023-10-09T15:00:00Z,749,created,supply,430.69,431.13,1,pivot
2023-10-09T18:00:00Z,736,role_flip_retest,demand,428.72,429.16,2,
2023-10-09T18:00:00Z,737,touch,supply,431.6058171113202,432.27,2,
2023-10-09T18:00:00Z,739,role_flip_retest,demand,429.44,430.25,2,
2023-10-09T18:00:00Z,749,broken,supply,430.69,431.13,1,
2023-10-09T18:00:00Z,750,created,demand,427.01,427.37,1,pivot
2023-10-09T18:00:00Z,736,merged,demand,428.54,429.16,3,order_block;geometry=updated
2023-10-09T18:00:00Z,739,volume_confluence,demand,429.44,430.25,3,POC:2023-10-06:429.594375
2023-10-09T19:00:00Z,737,broken,supply,431.6058171113202,432.27,2,
2023-10-10T15:00:00Z,714,touch,supply,435.0,435.26410505666877,2,
2023-10-10T16:00:00Z,714,broken,supply,435.0,435.26410505666877,2,
2023-10-10T18:00:00Z,714,role_flip_retest,demand,435.0,435.26410505666877,2,
2023-10-10T19:00:00Z,714,broken,demand,435.0,435.26410505666877,2,
2023-10-10T20:00:00Z,714,role_flip_retest,supply,435.0,435.26410505666877,2,
2023-10-10T20:00:00Z,752,created,supply,437.0,437.22,1,pivot
2023-10-10T20:00:00Z,714,volume_confluence,supply,435.0,435.26410505666877,3,POC:2023-10-10:435.168125
2023-10-11T14:30:00Z,714,broken,supply,435.0,435.26410505666877,3,
2023-10-11T15:00:00Z,714,role_flip_retest,demand,435.0,435.26410505666877,3,
2023-10-11T16:00:00Z,714,broken,demand,435.0,435.26410505666877,3,
2023-10-12T14:30:00Z,752,touch,supply,437.0,437.22,1,
2023-10-12T14:30:00Z,753,created,demand,433.18,433.83,1,pivot
2023-10-12T17:00:00Z,752,touch,supply,437.0,437.22,1,
2023-10-12T18:00:00Z,714,role_flip_retest,supply,435.0,435.26410505666877,3,
2023-10-12T18:00:00Z,752,rejection,supply,437.0,437.22,1,
2023-10-12T18:00:00Z,753,broken,demand,433.18,433.83,1,
2023-10-12T18:00:00Z,754,created,supply,436.13,436.9,1,order_block
2023-10-12T19:00:00Z,737,role_flip_retest,demand,431.6058171113202,432.27,3,
2023-10-12T19:00:00Z,753,role_flip_retest,supply,433.18,433.83,2,
2023-10-12T20:00:00Z,752,merged,supply,436.56,437.34,2,pivot;geometry=updated
2023-10-12T20:00:00Z,752,qualified,supply,436.56,437.34,2,pivot|repeated_pivot
2023-10-12T20:00:00Z,754,volume_confluence,supply,436.13,436.9,2,POC:2023-10-12:436.194375
2023-10-13T14:30:00Z,714,broken,supply,435.0,435.26410505666877,3,
2023-10-13T14:30:00Z,753,broken,supply,433.18,433.83,2,
2023-10-13T14:30:00Z,754,touch,supply,436.13,436.9,2,
2023-10-13T15:00:00Z,754,rejection,supply,436.13,436.9,2,
2023-10-13T15:00:00Z,756,created,demand,431.23,432.31107643443096,1,pivot
2023-10-13T16:00:00Z,737,broken,demand,431.6058171113202,432.27,3,
2023-10-13T16:00:00Z,749,role_flip_retest,demand,430.69,431.13,2,
2023-10-13T18:00:00Z,737,role_flip_retest,supply,431.6058171113202,432.27,3,
2023-10-13T18:00:00Z,739,touch,demand,429.44,430.25,3,
2023-10-13T20:00:00Z,749,volume_confluence,demand,430.69,431.13,3,POC:2023-10-13:431.111875
2023-10-16T14:30:00Z,737,broken,supply,431.6058171113202,432.27,3,
2023-10-16T14:30:00Z,739,rejection,demand,429.44,430.25,3,
2023-10-16T14:30:00Z,753,role_flip_retest,demand,433.18,433.83,2,
2023-10-16T14:30:00Z,757,created,demand,429.88,431.013858349359,1,pivot
2023-10-16T14:30:00Z,716,capacity_expired,supply,452.43,452.83,1,
2023-10-16T15:00:00Z,714,role_flip_retest,demand,435.0,435.26410505666877,3,
2023-10-16T15:00:00Z,741,broken_zone_expired,supply,424.46,425.43,3,
2023-10-16T15:00:00Z,742,broken_zone_expired,supply,425.4851009293794,426.65,2,
2023-10-16T15:00:00Z,752,touch,supply,436.56,437.34,2,
2023-10-16T15:00:00Z,754,touch,supply,436.13,436.9,2,
2023-10-16T15:00:00Z,717,capacity_expired,supply,453.17,453.67,1,
2023-10-16T16:00:00Z,714,age_expired,demand,435.0,435.26410505666877,3,
2023-10-16T16:00:00Z,752,rejection,supply,436.56,437.34,2,
2023-10-16T16:00:00Z,754,rejection,supply,436.13,436.9,2,
2023-10-16T19:00:00Z,752,merged,supply,436.56,437.34,2,pivot;geometry=frozen
2023-10-17T14:30:00Z,753,broken,demand,433.18,433.83,2,
2023-10-17T16:00:00Z,752,touch,supply,436.56,437.34,2,
2023-10-17T16:00:00Z,754,broken,supply,436.13,436.9,2,
2023-10-17T17:00:00Z,759,created,demand,432.45,432.72,1,pivot
2023-10-17T18:00:00Z,752,rejection,supply,436.56,437.34,2,
2023-10-17T20:00:00Z,760,created,supply,437.27,438.14,1,pivot
2023-10-18T15:00:00Z,737,role_flip_retest,demand,431.6058171113202,432.27,3,
2023-10-18T15:00:00Z,753,role_flip_retest,supply,433.18,433.83,2,
2023-10-18T15:00:00Z,756,touch,demand,431.23,432.31107643443096,1,
2023-10-18T15:00:00Z,759,touch,demand,432.45,432.72,1,
2023-10-18T15:00:00Z,728,capacity_expired,supply,450.58,451.08,1,
2023-10-18T17:00:00Z,759,broken,demand,432.45,432.72,1,
2023-10-18T18:00:00Z,749,touch,demand,430.69,431.13,3,
2023-10-18T18:00:00Z,756,rejection,demand,431.23,432.31107643443096,1,
2023-10-18T19:00:00Z,737,broken,demand,431.6058171113202,432.27,3,
2023-10-18T19:00:00Z,757,touch,demand,429.88,431.013858349359,1,
2023-10-18T19:00:00Z,759,role_flip_retest,supply,432.45,432.72,2,
2023-10-18T20:00:00Z,736,touch,demand,428.54,429.16,3,
2023-10-18T20:00:00Z,739,touch,demand,429.44,430.25,3,
2023-10-18T20:00:00Z,749,broken,demand,430.69,431.13,3,
2023-10-18T20:00:00Z,756,broken,demand,431.23,432.31107643443096,1,
2023-10-18T20:00:00Z,753,volume_confluence,supply,433.18,433.83,3,POC:2023-10-18:433.530625
2023-10-19T14:30:00Z,756,role_flip_retest,supply,431.23,432.31107643443096,2,
2023-10-19T15:00:00Z,736,touch,demand,428.54,429.16,3,
2023-10-19T15:00:00Z,739,broken,demand,429.44,430.25,3,
2023-10-19T15:00:00Z,749,role_flip_retest,supply,430.69,431.13,3,
2023-10-19T15:00:00Z,757,broken,demand,429.88,431.013858349359,1,
2023-10-19T16:00:00Z,736,rejection,demand,428.54,429.16,3,
2023-10-19T17:00:00Z,737,role_flip_retest,supply,431.6058171113202,432.27,3,
2023-10-19T18:00:00Z,757,role_flip_retest,supply,429.88,431.013858349359,2,
2023-10-19T19:00:00Z,736,broken,demand,428.54,429.16,3,
2023-10-19T19:00:00Z,739,role_flip_retest,supply,429.44,430.25,3,
2023-10-19T19:00:00Z,750,touch,demand,427.01,427.37,1,
2023-10-19T20:00:00Z,750,broken,demand,427.01,427.37,1,
2023-10-20T15:00:00Z,738,touch,demand,422.29,423.31,3,
2023-10-20T16:00:00Z,738,rejection,demand,422.29,423.31,3,
2023-10-20T16:00:00Z,745,touch,demand,421.0,421.98,2,
2023-10-20T17:00:00Z,745,rejection,demand,421.0,421.98,2,
2023-10-20T19:00:00Z,761,created,demand,421.91,422.41,1,pivot
2023-10-20T20:00:00Z,738,broken,demand,422.29,423.31,3,
2023-10-20T20:00:00Z,748,touch,demand,420.6,421.8497552472288,1,
2023-10-20T20:00:00Z,761,broken,demand,421.91,422.41,1,
2023-10-23T14:30:00Z,743,touch,demand,420.18,420.9,1,
2023-10-23T14:30:00Z,745,broken,demand,421.0,421.98,2,
2023-10-23T15:00:00Z,743,rejection,demand,420.18,420.9,1,
2023-10-23T16:00:00Z,748,rejection,demand,420.6,421.8497552472288,1,
2023-10-23T17:00:00Z,762,created,demand,417.8,419.05851782598256,1,pivot
2023-10-23T20:00:00Z,738,role_flip_retest,supply,422.29,423.31,3,
2023-10-23T20:00:00Z,745,role_flip_retest,supply,421.0,421.98,3,
2023-10-23T20:00:00Z,748,broken,demand,420.6,421.8497552472288,1,
2023-10-23T20:00:00Z,761,role_flip_retest,supply,421.91,422.41,2,
2023-10-24T14:30:00Z,738,broken,supply,422.29,423.31,3,
2023-10-24T14:30:00Z,745,broken,supply,421.0,421.98,3,
2023-10-24T14:30:00Z,761,broken,supply,421.91,422.41,2,
2023-10-24T14:30:00Z,763,created,supply,424.1712120785209,424.45,1,pivot
2023-10-24T15:00:00Z,738,role_flip_retest,demand,422.29,423.31,3,
2023-10-24T17:00:00Z,738,broken,demand,422.29,423.31,3,
2023-10-24T17:00:00Z,743,touch,demand,420.18,420.9,1,
2023-10-24T18:00:00Z,720,age_expired,supply,450.03,450.64,2,
2023-10-24T18:00:00Z,738,role_flip_retest,supply,422.29,423.31,3,
2023-10-24T18:00:00Z,743,rejection,demand,420.18,420.9,1,
2023-10-24T18:00:00Z,745,role_flip_retest,demand,421.0,421.98,3,
2023-10-24T18:00:00Z,763,merged,supply,424.1712120785209,424.82,1,pivot;geometry=updated
2023-10-24T19:00:00Z,738,broken,supply,422.29,423.31,3,
2023-10-24T19:00:00Z,761,role_flip_retest,demand,421.91,422.41,2,
2023-10-24T20:00:00Z,738,role_flip_retest,demand,422.29,423.31,3,
2023-10-24T20:00:00Z,763,touch,supply,424.1712120785209,424.82,1,
2023-10-25T14:30:00Z,738,broken,demand,422.29,423.31,3,
2023-10-25T14:30:00Z,745,broken,demand,421.0,421.98,3,
2023-10-25T14:30:00Z,748,role_flip_retest,supply,420.6,421.8497552472288,2,
2023-10-25T14:30:00Z,761,broken,demand,421.91,422.41,2,
2023-10-25T14:30:00Z,763,rejection,supply,424.1712120785209,424.82,1,
2023-10-25T15:00:00Z,745,role_flip_retest,supply,421.0,421.98,3,
2023-10-25T15:00:00Z,754,broken_zone_expired,supply,436.13,436.9,2,
2023-10-25T15:00:00Z,762,touch,demand,417.8,419.05851782598256,1,
2023-10-25T16:00:00Z,743,broken,demand,420.18,420.9,1,
2023-10-25T17:00:00Z,762,touch,demand,417.8,419.05851782598256,1,
2023-10-25T19:00:00Z,762,broken,demand,417.8,419.05851782598256,1,
2023-10-25T20:00:00Z,762,role_flip_retest,supply,417.8,419.05851782598256,2,
2023-10-25T20:00:00Z,762,volume_confluence,supply,417.8,419.05851782598256,3,POC:2023-10-25:418.339792
2023-10-27T14:30:00Z,722,age_expired,supply,446.36722836200545,447.11,2,
2023-10-27T14:30:00Z,765,created,demand,411.6,412.19,1,pivot
2023-10-27T17:00:00Z,765,touch,demand,411.6,412.19,1,
2023-10-27T18:00:00Z,736,broken_zone_expired,demand,428.54,429.16,3,
2023-10-27T18:00:00Z,765,broken,demand,411.6,412.19,1,
2023-10-27T19:00:00Z,723,age_expired,supply,444.53,444.97,3,
2023-10-27T19:00:00Z,750,broken_zone_expired,demand,427.01,427.37,1,
2023-10-30T16:00:00Z,766,created,demand,409.21,409.55,1,pivot
2023-10-30T17:00:00Z,767,created,supply,414.9,415.35,1,pivot
2023-10-30T18:00:00Z,767,broken,supply,414.9,415.35,1,
2023-10-30T19:00:00Z,767,role_flip_retest,demand,414.9,415.35,2,
2023-10-31T14:30:00Z,767,broken,demand,414.9,415.35,2,
2023-10-31T16:00:00Z,768,created,supply,415.84,416.68,1,pivot
2023-10-31T18:00:00Z,762,touch,supply,417.8,419.05851782598256,3,
2023-10-31T18:00:00Z,768,broken,supply,415.84,416.68,1,
2023-11-01T14:30:00Z,726,age_expired,supply,445.07,445.7305459276731,2,
2023-11-01T14:30:00Z,762,broken,supply,417.8,419.05851782598256,3,
2023-11-01T15:00:00Z,745,touch,supply,421.0,421.98,3,
2023-11-01T15:00:00Z,748,touch,supply,420.6,421.8497552472288,2,
2023-11-01T16:00:00Z,745,rejection,supply,421.0,421.98,3,
2023-11-01T17:00:00Z,743,role_flip_retest,supply,420.18,420.9,2,
2023-11-01T17:00:00Z,748,rejection,supply,420.6,421.8497552472288,2,
2023-11-01T18:00:00Z,769,created,supply,421.25,421.9,1,pivot
2023-11-01T19:00:00Z,743,broken,supply,420.18,420.9,2,
2023-11-01T20:00:00Z,738,broken_zone_expired,demand,422.29,423.31,3,
2023-11-01T20:00:00Z,745,broken,supply,421.0,421.98,3,
2023-11-01T20:00:00Z,748,broken,supply,420.6,421.8497552472288,2,
2023-11-01T20:00:00Z,761,broken_zone_expired,demand,421.91,422.41,2,
2023-11-01T20:00:00Z,769,broken,supply,421.25,421.9,1,
2023-11-02T14:30:00Z,763,broken,supply,424.1712120785209,424.82,1,
2023-11-02T17:00:00Z,739,touch,supply,429.44,430.25,3,
2023-11-02T18:00:00Z,757,touch,supply,429.88,431.013858349359,2,
2023-11-02T20:00:00Z,739,broken,supply,429.44,430.25,3,
2023-11-02T20:00:00Z,749,touch,supply,430.69,431.13,3,
2023-11-02T20:00:00Z,757,volume_confluence,supply,429.88,431.013858349359,3,POC:2023-11-02:430.102500
2023-11-03T14:30:00Z,737,broken,supply,431.6058171113202,432.27,3,
2023-11-03T14:30:00Z,749,broken,supply,430.69,431.13,3,
2023-11-03T14:30:00Z,753,broken,supply,433.18,433.83,3,
2023-11-03T14:30:00Z,756,broken,supply,431.23,432.31107643443096,2,
2023-11-03T14:30:00Z,757,broken,supply,429.88,431.013858349359,3,
2023-11-03T14:30:00Z,759,broken,supply,432.45,432.72,2,
2023-11-03T15:00:00Z,753,role_flip_retest,demand,433.18,433.83,3,
2023-11-06T17:00:00Z,770,created,supply,436.0906440599814,436.29,1,pivot
2023-11-06T18:00:00Z,765,broken_zone_expired,demand,411.6,412.19,1,
2023-11-06T19:00:00Z,753,touch,demand,433.18,433.83,3,
2023-11-06T20:00:00Z,753,rejection,demand,433.18,433.83,3,
2023-11-07T15:30:00Z,771,created,demand,433.68,434.29,1,pivot
2023-11-07T16:00:00Z,752,touch,supply,436.56,437.34,2,
2023-11-07T16:00:00Z,760,touch,supply,437.27,438.14,1,
2023-11-07T16:00:00Z,770,broken,supply,436.0906440599814,436.29,1,
2023-11-07T17:00:00Z,760,rejection,supply,437.27,438.14,1,
2023-11-07T18:00:00Z,770,role_flip_retest,demand,436.0906440599814,436.29,2,
2023-11-07T20:00:00Z,772,created,supply,437.17,437.51,1,pivot
2023-11-07T21:00:00Z,767,broken_zone_expired,demand,414.9,415.35,2,
2023-11-07T21:00:00Z,752,volume_confluence,supply,436.56,437.34,3,POC:2023-11-07:436.755833
2023-11-07T21:00:00Z,752,evidence_upgrade,supply,436.56,437.34,3,volume_profile;score:2->3;qualified_score:2
2023-11-08T15:30:00Z,733,age_expired,supply,444.11,444.44,1,
2023-11-08T15:30:00Z,752,broken,supply,436.56,437.34,3,
2023-11-08T15:30:00Z,772,broken,supply,437.17,437.51,1,
2023-11-08T18:00:00Z,768,broken_zone_expired,supply,415.84,416.68,1,
2023-11-08T18:00:00Z,770,broken,demand,436.0906440599814,436.29,2,
2023-11-08T18:00:00Z,773,created,supply,437.71,438.09,1,pivot
2023-11-08T21:00:00Z,760,touch,supply,437.27,438.14,1,
2023-11-08T21:00:00Z,762,broken_zone_expired,supply,417.8,419.05851782598256,3,
2023-11-08T21:00:00Z,773,touch,supply,437.71,438.09,1,
2023-11-08T21:00:00Z,774,created,demand,434.87,435.57974076916054,1,pivot
2023-11-09T15:30:00Z,752,role_flip_retest,demand,436.56,437.34,4,
2023-11-09T15:30:00Z,772,role_flip_retest,demand,437.17,437.51,2,
2023-11-09T16:00:00Z,760,rejection,supply,437.27,438.14,1,
2023-11-09T16:00:00Z,772,broken,demand,437.17,437.51,2,
2023-11-09T16:00:00Z,773,rejection,supply,437.71,438.09,1,
2023-11-09T18:00:00Z,775,created,supply,438.31333751689834,438.47,1,pivot
2023-11-09T19:00:00Z,743,broken_zone_expired,supply,420.18,420.9,2,
2023-11-09T19:00:00Z,752,broken,demand,436.56,437.34,4,
2023-11-09T19:00:00Z,770,role_flip_retest,supply,436.0906440599814,436.29,2,
2023-11-09T19:00:00Z,772,role_flip_retest,supply,437.17,437.51,2,
2023-11-09T19:00:00Z,774,touch,demand,434.87,435.57974076916054,1,
2023-11-09T20:00:00Z,745,broken_zone_expired,supply,421.0,421.98,3,
2023-11-09T20:00:00Z,748,broken_zone_expired,supply,420.6,421.8497552472288,2,
2023-11-09T20:00:00Z,753,touch,demand,433.18,433.83,3,
2023-11-09T20:00:00Z,769,broken_zone_expired,supply,421.25,421.9,1,
2023-11-09T20:00:00Z,771,touch,demand,433.68,434.29,1,
2023-11-09T20:00:00Z,774,broken,demand,434.87,435.57974076916054,1,
2023-11-09T21:00:00Z,763,broken_zone_expired,supply,424.1712120785209,424.82,1,
2023-11-09T21:00:00Z,771,volume_confluence,demand,433.68,434.29,2,POC:2023-11-09:433.716875
2023-11-10T17:00:00Z,770,broken,supply,436.0906440599814,436.29,2,
2023-11-10T17:00:00Z,753,merged,demand,433.18,433.85,4,pivot;geometry=updated
2023-11-10T17:00:00Z,753,qualified,demand,433.18,433.85,4,pivot|repeated_pivot|role_flip|volume_profile
2023-11-10T18:00:00Z,760,broken,supply,437.27,438.14,1,
2023-11-10T18:00:00Z,772,broken,supply,437.17,437.51,2,
2023-11-10T18:00:00Z,773,broken,supply,437.71,438.09,1,
2023-11-10T18:00:00Z,775,broken,supply,438.31333751689834,438.47,1,
2023-11-10T18:00:00Z,777,created,demand,434.43,435.19148143893443,1,order_block
2023-11-10T19:00:00Z,775,role_flip_retest,demand,438.31333751689834,438.47,2,
2023-11-10T20:00:00Z,739,broken_zone_expired,supply,429.44,430.25,3,
2023-11-10T21:00:00Z,737,broken_zone_expired,supply,431.6058171113202,432.27,3,
2023-11-10T21:00:00Z,749,broken_zone_expired,supply,430.69,431.13,3,
2023-11-10T21:00:00Z,756,broken_zone_expired,supply,431.23,432.31107643443096,2,
2023-11-10T21:00:00Z,757,broken_zone_expired,supply,429.88,431.013858349359,3,
2023-11-10T21:00:00Z,759,broken_zone_expired,supply,432.45,432.72,2,
2023-11-13T20:00:00Z,778,created,supply,440.99,441.33,1,pivot
2023-11-14T15:30:00Z,778,broken,supply,440.99,441.33,1,
2023-11-14T20:00:00Z,779,created,supply,448.98,449.73,1,pivot
2023-11-15T15:30:00Z,779,broken,supply,448.98,449.73,1,
2023-11-15T17:00:00Z,779,role_flip_retest,demand,448.98,449.73,2,
2023-11-15T20:00:00Z,780,created,supply,451.09,451.38,1,pivot
2023-11-15T21:00:00Z,779,volume_confluence,demand,448.98,449.73,3,POC:2023-11-15:449.713750
2023-11-16T17:00:00Z,779,broken,demand,448.98,449.73,3,
2023-11-16T19:00:00Z,779,role_flip_retest,supply,448.98,449.73,3,
2023-11-16T20:00:00Z,781,created,demand,448.12,448.75,1,pivot
2023-11-16T21:00:00Z,779,broken,supply,448.98,449.73,3,
2023-11-17T15:30:00Z,779,role_flip_retest,demand,448.98,449.73,3,
2023-11-17T18:00:00Z,752,broken_zone_expired,demand,436.56,437.34,4,
2023-11-17T19:00:00Z,774,broken_zone_expired,demand,434.87,435.57974076916054,1,
2023-11-17T19:00:00Z,780,touch,supply,451.09,451.38,1,
2023-11-20T15:30:00Z,780,broken,supply,451.09,451.38,1,
2023-11-20T15:30:00Z,782,created,demand,450.2,450.8256358032952,1,order_block
2023-11-20T15:30:00Z,782,volume_confluence,demand,450.2,450.8256358032952,2,POC:2023-11-17:450.221875
2023-11-20T16:00:00Z,770,broken_zone_expired,supply,436.0906440599814,436.29,2,
2023-11-20T17:00:00Z,760,broken_zone_expired,supply,437.27,438.14,1,
2023-11-20T17:00:00Z,772,broken_zone_expired,supply,437.17,437.51,2,
2023-11-20T17:00:00Z,773,broken_zone_expired,supply,437.71,438.09,1,
2023-11-21T17:00:00Z,783,created,supply,454.56,455.13,1,pivot
2023-11-21T19:00:00Z,784,created,demand,451.95,452.5619408897065,1,pivot
2023-11-21T21:00:00Z,778,broken_zone_expired,supply,440.99,441.33,1,
2023-11-22T15:30:00Z,783,touch,supply,454.56,455.13,1,
2023-11-22T16:00:00Z,783,rejection,supply,454.56,455.13,1,
2023-11-22T17:00:00Z,783,broken,supply,454.56,455.13,1,
2023-11-22T18:00:00Z,785,created,supply,455.700589915912,456.38,1,pivot
2023-11-22T19:00:00Z,783,role_flip_retest,demand,454.56,455.13,2,
2023-11-22T21:00:00Z,783,volume_confluence,demand,454.56,455.13,3,POC:2023-11-22:454.973750
2023-11-27T18:00:00Z,786,created,demand,454.07,454.52,1,pivot
2023-11-27T20:00:00Z,786,touch,demand,454.07,454.52,1,
2023-11-27T21:00:00Z,783,broken,demand,454.56,455.13,3,
2023-11-28T15:30:00Z,786,broken,demand,454.07,454.52,1,
2023-11-28T15:30:00Z,787,created,supply,455.18,455.5,1,pivot
2023-11-28T17:00:00Z,785,touch,supply,455.700589915912,456.38,1,
2023-11-28T17:00:00Z,787,broken,supply,455.18,455.5,1,
2023-11-28T18:00:00Z,785,rejection,supply,455.700589915912,456.38,1,
2023-11-28T18:00:00Z,788,created,demand,453.5,453.63141725335527,1,pivot
2023-11-28T19:00:00Z,783,role_flip_retest,supply,454.56,455.13,3,
2023-11-28T20:00:00Z,789,created,supply,456.02,456.27,1,pivot
2023-11-29T15:30:00Z,783,broken,supply,454.56,455.13,3,
2023-11-29T15:30:00Z,785,broken,supply,455.700589915912,456.38,1,
2023-11-29T15:30:00Z,789,broken,supply,456.02,456.27,1,
2023-11-29T16:00:00Z,785,role_flip_retest,demand,455.700589915912,456.38,2,
2023-11-29T16:00:00Z,789,role_flip_retest,demand,456.02,456.27,2,
2023-11-29T17:00:00Z,780,broken_zone_expired,supply,451.09,451.38,1,
2023-11-29T17:00:00Z,783,role_flip_retest,demand,454.56,455.13,3,
2023-11-29T17:00:00Z,787,role_flip_retest,demand,455.18,455.5,2,
2023-11-29T17:00:00Z,789,broken,demand,456.02,456.27,2,
2023-11-29T18:00:00Z,790,created,supply,458.11,458.32,1,pivot
2023-11-29T20:00:00Z,785,broken,demand,455.700589915912,456.38,2,
2023-11-29T20:00:00Z,789,role_flip_retest,supply,456.02,456.27,2,
2023-11-29T21:00:00Z,787,broken,demand,455.18,455.5,2,
2023-11-30T15:30:00Z,785,role_flip_retest,supply,455.700589915912,456.38,2,
2023-11-30T16:00:00Z,787,role_flip_retest,supply,455.18,455.5,2,
2023-11-30T17:00:00Z,783,broken,demand,454.56,455.13,3,
2023-11-30T17:00:00Z,786,role_flip_retest,supply,454.07,454.52,2,
2023-11-30T18:00:00Z,788,touch,demand,453.5,453.63141725335527,1,
2023-11-30T20:00:00Z,786,broken,supply,454.07,454.52,2,
2023-11-30T20:00:00Z,788,rejection,demand,453.5,453.63141725335527,1,
2023-11-30T21:00:00Z,753,age_expired,demand,433.18,433.85,4,
2023-11-30T21:00:00Z,786,role_flip_retest,demand,454.07,454.52,2,
2023-11-30T21:00:00Z,787,broken,supply,455.18,455.5,2,
2023-11-30T21:00:00Z,789,touch,supply,456.02,456.27,2,
2023-11-30T21:00:00Z,786,volume_confluence,demand,454.07,454.52,3,POC:2023-11-30:454.123750
2023-12-01T15:30:00Z,787,role_flip_retest,demand,455.18,455.5,2,
2023-12-01T15:30:00Z,788,merged,demand,453.34,453.92,2,pivot;geometry=updated
2023-12-01T15:30:00Z,788,qualified,demand,453.34,453.92,2,pivot|repeated_pivot
2023-12-01T17:00:00Z,785,broken,supply,455.700589915912,456.38,2,
2023-12-01T17:00:00Z,789,broken,supply,456.02,456.27,2,
2023-12-01T17:00:00Z,790,touch,supply,458.11,458.32,1,
2023-12-01T17:00:00Z,788,merged,demand,453.34,453.92,3,order_block;geometry=frozen
2023-12-01T17:00:00Z,788,evidence_upgrade,demand,453.34,453.92,3,score:2->3;qualified_score:2
2023-12-01T18:00:00Z,790,broken,supply,458.11,458.32,1,
2023-12-01T20:00:00Z,790,role_flip_retest,demand,458.11,458.32,2,
2023-12-01T21:00:00Z,793,created,supply,459.41,459.65,1,pivot
2023-12-04T15:30:00Z,790,broken,demand,458.11,458.32,2,
2023-12-04T16:00:00Z,783,role_flip_retest,supply,454.56,455.13,3,
2023-12-04T16:00:00Z,786,touch,demand,454.07,454.52,3,
2023-12-04T16:00:00Z,787,broken,demand,455.18,455.5,2,
2023-12-04T17:00:00Z,783,broken,supply,454.56,455.13,3,
2023-12-04T17:00:00Z,786,rejection,demand,454.07,454.52,3,
2023-12-04T18:00:00Z,785,role_flip_retest,demand,455.700589915912,456.38,2,
2023-12-04T18:00:00Z,789,role_flip_retest,demand,456.02,456.27,2,
2023-12-04T19:00:00Z,789,broken,demand,456.02,456.27,2,
2023-12-04T19:00:00Z,786,merged,demand,454.07,454.55,4,pivot;geometry=updated
2023-12-04T19:00:00Z,786,qualified,demand,454.07,454.55,4,pivot|repeated_pivot|role_flip|volume_profile
2023-12-04T20:00:00Z,789,role_flip_retest,supply,456.02,456.27,2,
2023-12-04T21:00:00Z,789,broken,supply,456.02,456.27,2,
2023-12-04T21:00:00Z,785,volume_confluence,demand,455.700589915912,456.38,3,POC:2023-12-04:455.802500
2023-12-05T15:30:00Z,783,role_flip_retest,demand,454.56,455.13,3,
2023-12-05T15:30:00Z,785,broken,demand,455.700589915912,456.38,3,
2023-12-05T16:00:00Z,789,role_flip_retest,demand,456.02,456.27,2,
2023-12-05T20:00:00Z,795,created,supply,457.39,457.59,1,pivot
2023-12-05T21:00:00Z,789,volume_confluence,demand,456.02,456.27,3,POC:2023-12-05:456.060000
2023-12-06T15:30:00Z,790,role_flip_retest,supply,458.11,458.32,2,
2023-12-06T15:30:00Z,795,broken,supply,457.39,457.59,1,
2023-12-06T17:00:00Z,789,touch,demand,456.02,456.27,3,
2023-12-06T18:00:00Z,789,broken,demand,456.02,456.27,3,
2023-12-06T18:00:00Z,796,created,supply,458.6682710883425,458.84,1,pivot
2023-12-06T20:00:00Z,789,role_flip_retest,supply,456.02,456.27,3,
2023-12-06T21:00:00Z,783,touch,demand,454.56,455.13,3,
2023-12-06T21:00:00Z,785,role_flip_retest,supply,455.700589915912,456.38,3,
2023-12-06T21:00:00Z,786,touch,demand,454.07,454.55,4,
2023-12-06T21:00:00Z,787,role_flip_retest,supply,455.18,455.5,2,
2023-12-07T15:30:00Z,785,broken,supply,455.700589915912,456.38,3,
2023-12-07T15:30:00Z,787,broken,supply,455.18,455.5,2,
2023-12-07T15:30:00Z,789,broken,supply,456.02,456.27,3,
2023-12-07T16:00:00Z,783,rejection,demand,454.56,455.13,3,
2023-12-07T16:00:00Z,786,rejection,demand,454.07,454.55,4,
2023-12-07T16:00:00Z,790,touch,supply,458.11,458.32,2,
2023-12-07T16:00:00Z,795,role_flip_retest,demand,457.39,457.59,2,
2023-12-07T17:00:00Z,786,merged,demand,454.07,454.55,4,pivot;geometry=frozen
2023-12-07T20:00:00Z,796,touch,supply,458.6682710883425,458.84,1,
2023-12-08T15:30:00Z,796,touch,supply,458.6682710883425,458.84,1,
2023-12-08T16:00:00Z,790,broken,supply,458.11,458.32,2,
2023-12-08T16:00:00Z,793,broken,supply,459.41,459.65,1,
2023-12-08T16:00:00Z,796,broken,supply,458.6682710883425,458.84,1,
2023-12-08T18:00:00Z,790,role_flip_retest,demand,458.11,458.32,2,
2023-12-08T18:00:00Z,795,touch,demand,457.39,457.59,2,
2023-12-08T18:00:00Z,796,role_flip_retest,demand,458.6682710883425,458.84,2,
2023-12-08T19:00:00Z,795,rejection,demand,457.39,457.59,2,
2023-12-08T19:00:00Z,798,created,supply,460.01,460.42,1,pivot
2023-12-08T20:00:00Z,793,role_flip_retest,demand,459.41,459.65,2,
2023-12-11T16:00:00Z,798,broken,supply,460.01,460.42,1,
2023-12-11T17:00:00Z,798,role_flip_retest,demand,460.01,460.42,2,
2023-12-13T20:00:00Z,799,created,demand,464.12,464.5,1,order_block
2023-12-14T18:00:00Z,800,created,supply,473.14,473.73,1,pivot
2023-12-14T21:00:00Z,785,broken_zone_expired,supply,455.700589915912,456.38,3,
2023-12-14T21:00:00Z,787,broken_zone_expired,supply,455.18,455.5,2,
2023-12-14T21:00:00Z,789,broken_zone_expired,supply,456.02,456.27,3,
2023-12-15T18:00:00Z,801,created,demand,468.81,469.15,1,pivot
2023-12-15T19:00:00Z,801,broken,demand,468.81,469.15,1,
2023-12-18T15:30:00Z,802,created,demand,468.44,468.68,1,pivot
2023-12-19T15:30:00Z,800,touch,supply,473.14,473.73,1,
2023-12-19T16:00:00Z,766,age_expired,demand,409.21,409.55,1,
2023-12-19T16:00:00Z,800,broken,supply,473.14,473.73,1,
2023-12-19T18:00:00Z,800,role_flip_retest,demand,473.14,473.73,2,
2023-12-19T20:00:00Z,803,created,supply,474.07,474.48,1,pivot
2023-12-19T21:00:00Z,803,broken,supply,474.07,474.48,1,
2023-12-20T15:30:00Z,803,role_flip_retest,demand,474.07,474.48,2,
2023-12-20T20:00:00Z,800,broken,demand,473.14,473.73,2,
2023-12-20T20:00:00Z,803,broken,demand,474.07,474.48,2,
2023-12-20T20:00:00Z,804,created,supply,475.2580395617547,475.9,1,order_block
2023-12-20T21:00:00Z,801,role_flip_retest,supply,468.81,469.15,2,
2023-12-20T21:00:00Z,802,broken,demand,468.44,468.68,1,
2023-12-20T21:00:00Z,804,merged,supply,475.2580395617547,475.9,2,pivot;geometry=updated
2023-12-20T21:00:00Z,804,merged,supply,475.1838938787722,475.9,2,order_block;geometry=updated
2023-12-21T15:30:00Z,801,broken,supply,468.81,469.15,2,
2023-12-21T17:00:00Z,807,created,demand,467.82,468.015535289942,1,pivot
2023-12-21T19:00:00Z,801,role_flip_retest,demand,468.81,469.15,2,
2023-12-22T15:30:00Z,804,touch,supply,475.1838938787722,475.9,2,
2023-12-22T16:00:00Z,804,rejection,supply,475.1838938787722,475.9,2,
2023-12-22T17:00:00Z,803,role_flip_retest,supply,474.07,474.48,2,
2023-12-22T18:00:00Z,808,created,supply,474.91,475.38,1,pivot
2023-12-22T18:00:00Z,777,capacity_expired,demand,434.43,435.19148143893443,1,
2023-12-22T21:00:00Z,803,volume_confluence,supply,474.07,474.48,3,POC:2023-12-22:474.076667
2023-12-26T15:30:00Z,803,broken,supply,474.07,474.48,3,
2023-12-26T16:00:00Z,804,touch,supply,475.1838938787722,475.9,2,
2023-12-26T16:00:00Z,808,touch,supply,474.91,475.38,1,
2023-12-26T16:00:00Z,809,created,demand,471.7,472.50627305829903,1,pivot
2023-12-26T18:00:00Z,804,touch,supply,475.1838938787722,475.9,2,
2023-12-26T20:00:00Z,808,broken,supply,474.91,475.38,1,
2023-12-26T21:00:00Z,808,role_flip_retest,demand,474.91,475.38,2,
2023-12-26T21:00:00Z,808,volume_confluence,demand,474.91,475.38,3,POC:2023-12-26:475.123125
2023-12-27T15:30:00Z,804,broken,supply,475.1838938787722,475.9,2,
2023-12-27T17:00:00Z,810,created,supply,475.9391707945121,476.58,1,pivot
2023-12-27T19:00:00Z,804,role_flip_retest,demand,475.1838938787722,475.9,3,
2023-12-27T19:00:00Z,781,capacity_expired,demand,448.12,448.75,1,
2023-12-27T21:00:00Z,771,age_expired,demand,433.68,434.29,2,
2023-12-27T21:00:00Z,804,volume_confluence,demand,475.1838938787722,475.9,4,POC:2023-12-27:475.516875
2023-12-28T15:30:00Z,810,broken,supply,475.9391707945121,476.58,1,
2023-12-28T16:00:00Z,811,created,demand,474.89,475.497892922155,1,pivot
2023-12-28T19:00:00Z,810,role_flip_retest,demand,475.9391707945121,476.58,2,
2023-12-29T15:30:00Z,812,created,supply,477.27,477.55,1,pivot
2023-12-29T15:30:00Z,784,capacity_expired,demand,451.95,452.5619408897065,1,
2023-12-29T16:00:00Z,804,touch,demand,475.1838938787722,475.9,4,
2023-12-29T16:00:00Z,808,touch,demand,474.91,475.38,3,
2023-12-29T16:00:00Z,810,broken,demand,475.9391707945121,476.58,2,
2023-12-29T16:00:00Z,811,touch,demand,474.89,475.497892922155,1,
2023-12-29T17:00:00Z,804,broken,demand,475.1838938787722,475.9,4,
2023-12-29T17:00:00Z,808,broken,demand,474.91,475.38,3,
2023-12-29T17:00:00Z,811,broken,demand,474.89,475.497892922155,1,
2023-12-29T19:00:00Z,800,broken_zone_expired,demand,473.14,473.73,2,
2023-12-29T19:00:00Z,803,role_flip_retest,demand,474.07,474.48,3,
2023-12-29T19:00:00Z,804,role_flip_retest,supply,475.1838938787722,475.9,4,
2023-12-29T20:00:00Z,802,broken_zone_expired,demand,468.44,468.68,1,
2023-12-29T21:00:00Z,813,created,demand,473.3,473.9128239989641,1,pivot
2024-01-02T15:30:00Z,803,broken,demand,474.07,474.48,3,
2024-01-02T15:30:00Z,809,touch,demand,471.7,472.50627305829903,1,
2024-01-02T15:30:00Z,813,broken,demand,473.3,473.9128239989641,1,
2024-01-02T17:00:00Z,775,age_expired,demand,438.31333751689834,438.47,2,
2024-01-02T17:00:00Z,809,rejection,demand,471.7,472.50627305829903,1,
2024-01-02T18:00:00Z,813,role_flip_retest,supply,473.3,473.9128239989641,2,
2024-01-02T19:00:00Z,814,created,demand,471.3,471.68,1,pivot
2024-01-02T20:00:00Z,809,broken,demand,471.7,472.50627305829903,1,
2024-01-02T20:00:00Z,814,broken,demand,471.3,471.68,1,
2024-01-03T16:00:00Z,801,touch,demand,468.81,469.15,2,
2024-01-03T18:00:00Z,801,rejection,demand,468.81,469.15,2,
2024-01-03T19:00:00Z,801,merged,demand,468.71,469.39,3,pivot;geometry=updated
2024-01-03T19:00:00Z,801,qualified,demand,468.71,469.39,3,pivot|repeated_pivot|role_flip
2024-01-04T16:00:00Z,816,created,supply,470.35584659034504,471.19,1,pivot
2024-01-04T18:00:00Z,801,touch,demand,468.71,469.39,3,
2024-01-04T18:00:00Z,807,merged,demand,467.82,468.3,2,pivot;geometry=updated
2024-01-04T18:00:00Z,807,qualified,demand,467.82,468.3,2,pivot|repeated_pivot
2024-01-04T20:00:00Z,807,touch,demand,467.82,468.3,2,
2024-01-04T21:00:00Z,801,broken,demand,468.71,469.39,3,
2024-01-04T21:00:00Z,807,broken,demand,467.82,468.3,2,
2024-01-05T16:00:00Z,816,touch,supply,470.35584659034504,471.19,1,
2024-01-05T17:00:00Z,816,rejection,supply,470.35584659034504,471.19,1,
2024-01-05T17:00:00Z,818,created,demand,467.05,467.27,1,pivot
2024-01-05T18:00:00Z,801,role_flip_retest,supply,468.71,469.39,3,
2024-01-05T18:00:00Z,807,role_flip_retest,supply,467.82,468.3,3,
2024-01-05T18:00:00Z,801,volume_confluence,supply,468.71,469.39,4,POC:2024-01-04:468.923542
2024-01-05T18:00:00Z,801,evidence_upgrade,supply,468.71,469.39,4,volume_profile;score:3->4;qualified_score:3
2024-01-05T19:00:00Z,779,age_expired,demand,448.98,449.73,3,
2024-01-05T20:00:00Z,818,broken,demand,467.05,467.27,1,
2024-01-05T20:00:00Z,819,created,supply,470.14,470.44,1,pivot
2024-01-05T21:00:00Z,807,volume_confluence,supply,467.82,468.3,4,POC:2024-01-05:468.184375
2024-01-05T21:00:00Z,807,evidence_upgrade,supply,467.82,468.3,4,volume_profile;score:3->4;qualified_score:2
2024-01-08T15:30:00Z,801,broken,supply,468.71,469.39,4,
2024-01-08T15:30:00Z,807,broken,supply,467.82,468.3,4,
2024-01-08T16:00:00Z,801,role_flip_retest,demand,468.71,469.39,4,
2024-01-08T16:00:00Z,819,touch,supply,470.14,470.44,1,
2024-01-08T17:00:00Z,819,broken,supply,470.14,470.44,1,
2024-01-08T17:00:00Z,820,created,demand,466.43,466.82,1,pivot
2024-01-08T18:00:00Z,816,broken,supply,470.35584659034504,471.19,1,
2024-01-08T20:00:00Z,813,touch,supply,473.3,473.9128239989641,2,
2024-01-08T21:00:00Z,813,broken,supply,473.3,473.9128239989641,2,
2024-01-09T15:30:00Z,810,broken_zone_expired,demand,475.9391707945121,476.58,2,
2024-01-09T16:00:00Z,808,broken_zone_expired,demand,474.91,475.38,3,
2024-01-09T16:00:00Z,811,broken_zone_expired,demand,474.89,475.497892922155,1,
2024-01-09T17:00:00Z,813,role_flip_retest,demand,473.3,473.9128239989641,2,
2024-01-09T17:00:00Z,821,created,supply,474.5507462880021,474.75,1,pivot
2024-01-09T19:00:00Z,821,touch,supply,474.5507462880021,474.75,1,
2024-01-09T20:00:00Z,803,role_flip_retest,supply,474.07,474.48,3,
2024-01-09T20:00:00Z,821,rejection,supply,474.5507462880021,474.75,1,
2024-01-09T21:00:00Z,813,volume_confluence,demand,473.3,473.9128239989641,3,POC:2024-01-09:473.811250
2024-01-10T15:30:00Z,803,broken,supply,474.07,474.48,3,
2024-01-10T15:30:00Z,804,touch,supply,475.1838938787722,475.9,4,
2024-01-10T16:00:00Z,803,role_flip_retest,demand,474.07,474.48,3,
2024-01-10T16:00:00Z,821,broken,supply,474.5507462880021,474.75,1,
2024-01-10T17:00:00Z,804,rejection,supply,475.1838938787722,475.9,4,
2024-01-10T17:00:00Z,821,role_flip_retest,demand,474.5507462880021,474.75,2,
2024-01-10T19:00:00Z,809,broken_zone_expired,demand,471.7,472.50627305829903,1,
2024-01-10T19:00:00Z,814,broken_zone_expired,demand,471.3,471.68,1,
2024-01-10T20:00:00Z,804,broken,supply,475.1838938787722,475.9,4,
2024-01-10T20:00:00Z,812,touch,supply,477.27,477.55,1,
2024-01-10T21:00:00Z,782,age_expired,demand,450.2,450.8256358032952,2,
2024-01-10T21:00:00Z,804,role_flip_retest,demand,475.1838938787722,475.9,4,
2024-01-10T21:00:00Z,812,rejection,supply,477.27,477.55,1,
2024-01-11T16:00:00Z,803,touch,demand,474.07,474.48,3,
2024-01-11T16:00:00Z,804,broken,demand,475.1838938787722,475.9,4,
2024-01-11T16:00:00Z,813,touch,demand,473.3,473.9128239989641,3,
2024-01-11T16:00:00Z,821,broken,demand,474.5507462880021,474.75,2,
2024-01-11T17:00:00Z,803,broken,demand,474.07,474.48,3,
2024-01-11T17:00:00Z,813,broken,demand,473.3,473.9128239989641,3,
2024-01-11T18:00:00Z,803,role_flip_retest,supply,474.07,474.48,3,
2024-01-11T18:00:00Z,822,created,supply,477.58,478.12,1,pivot
2024-01-11T19:00:00Z,803,broken,supply,474.07,474.48,3,
2024-01-11T20:00:00Z,823,created,demand,472.26,472.61,1,pivot
2024-01-12T15:30:00Z,812,touch,supply,477.27,477.55,1,
2024-01-12T15:30:00Z,822,touch,supply,477.58,478.12,1,
2024-01-12T16:00:00Z,783,age_expired,demand,454.56,455.13,3,
2024-01-12T16:00:00Z,812,rejection,supply,477.27,477.55,1,
2024-01-12T16:00:00Z,822,rejection,supply,477.58,478.12,1,
2024-01-12T18:00:00Z,824,created,supply,477.84,478.6,1,pivot
2024-01-16T15:30:00Z,803,role_flip_retest,demand,474.07,474.48,3,
2024-01-16T15:30:00Z,804,role_flip_retest,supply,475.1838938787722,475.9,4,
2024-01-16T15:30:00Z,821,role_flip_retest,supply,474.5507462880021,474.75,2,
2024-01-16T16:00:00Z,804,broken,supply,475.1838938787722,475.9,4,
2024-01-16T16:00:00Z,821,broken,supply,474.5507462880021,474.75,2,
2024-01-16T17:00:00Z,821,role_flip_retest,demand,474.5507462880021,474.75,2,
2024-01-16T18:00:00Z,803,broken,demand,474.07,474.48,3,
2024-01-16T18:00:00Z,821,broken,demand,474.5507462880021,474.75,2,
2024-01-16T18:00:00Z,825,created,demand,473.47,474.4280368849257,1,pivot
2024-01-16T19:00:00Z,803,role_flip_retest,supply,474.07,474.48,3,
2024-01-16T19:00:00Z,818,broken_zone_expired,demand,467.05,467.27,1,
2024-01-16T19:00:00Z,821,role_flip_retest,supply,474.5507462880021,474.75,2,
2024-01-16T21:00:00Z,803,broken,supply,474.07,474.48,3,
2024-01-16T21:00:00Z,807,broken_zone_expired,supply,467.82,468.3,4,
2024-01-16T21:00:00Z,821,broken,supply,474.5507462880021,474.75,2,
2024-01-16T21:00:00Z,825,volume_confluence,demand,473.47,474.4280368849257,2,POC:2024-01-16:474.169375
2024-01-17T15:30:00Z,816,role_flip_retest,demand,470.35584659034504,471.19,2,
2024-01-17T15:30:00Z,823,broken,demand,472.26,472.61,1,
2024-01-17T15:30:00Z,825,broken,demand,473.47,474.4280368849257,2,
2024-01-17T16:00:00Z,819,broken_zone_expired,supply,470.14,470.44,1,
2024-01-17T16:00:00Z,823,role_flip_retest,supply,472.26,472.61,2,
2024-01-17T21:00:00Z,786,age_expired,demand,454.07,454.55,4,
2024-01-18T15:30:00Z,823,broken,supply,472.26,472.61,2,
2024-01-18T15:30:00Z,826,created,demand,469.87,470.66,1,pivot
2024-01-18T18:00:00Z,813,role_flip_retest,supply,473.3,473.9128239989641,3,
2024-01-18T18:00:00Z,825,role_flip_retest,supply,473.47,474.4280368849257,3,
2024-01-18T19:00:00Z,823,role_flip_retest,demand,472.26,472.61,2,
2024-01-18T20:00:00Z,803,role_flip_retest,demand,474.07,474.48,3,
2024-01-18T20:00:00Z,813,broken,supply,473.3,473.9128239989641,3,
2024-01-18T20:00:00Z,821,role_flip_retest,demand,474.5507462880021,474.75,2,
2024-01-18T20:00:00Z,825,broken,supply,473.47,474.4280368849257,3,
2024-01-18T21:00:00Z,788,age_expired,demand,453.34,453.92,3,
2024-01-18T21:00:00Z,804,role_flip_retest,demand,475.1838938787722,475.9,4,
2024-01-19T15:30:00Z,812,broken,supply,477.27,477.55,1,
2024-01-19T15:30:00Z,822,touch,supply,477.58,478.12,1,
2024-01-19T15:30:00Z,824,touch,supply,477.84,478.6,1,
2024-01-19T16:00:00Z,812,role_flip_retest,demand,477.27,477.55,2,
2024-01-19T16:00:00Z,822,broken,supply,477.58,478.12,1,
2024-01-19T17:00:00Z,822,role_flip_retest,demand,477.58,478.12,2,
2024-01-19T17:00:00Z,824,broken,supply,477.84,478.6,1,
2024-01-19T18:00:00Z,824,role_flip_retest,demand,477.84,478.6,2,
2024-01-19T21:00:00Z,790,age_expired,demand,458.11,458.32,2,
2024-01-22T19:00:00Z,827,created,supply,485.02,485.22,1,pivot
2024-01-23T18:00:00Z,828,created,supply,484.02,484.38,1,pivot
2024-01-23T21:00:00Z,827,touch,supply,485.02,485.22,1,
2024-01-23T21:00:00Z,828,broken,supply,484.02,484.38,1,
2024-01-24T15:30:00Z,827,broken,supply,485.02,485.22,1,
2024-01-24T17:00:00Z,793,age_expired,demand,459.41,459.65,2,
2024-01-24T21:00:00Z,827,role_flip_retest,demand,485.02,485.22,2,
2024-01-24T21:00:00Z,829,created,supply,488.5991113862579,488.77,1,pivot
2024-01-25T17:00:00Z,827,merged,demand,485.01,485.32,3,pivot;geometry=updated
2024-01-25T17:00:00Z,827,qualified,demand,485.01,485.32,3,pivot|repeated_pivot|role_flip
2024-01-26T16:00:00Z,795,age_expired,demand,457.39,457.59,2,
2024-01-26T16:00:00Z,829,broken,supply,488.5991113862579,488.77,1,
2024-01-26T16:00:00Z,831,created,demand,485.39,485.95,1,pivot
2024-01-26T19:00:00Z,813,broken_zone_expired,supply,473.3,473.9128239989641,3,
2024-01-26T19:00:00Z,825,broken_zone_expired,supply,473.47,474.4280368849257,3,
2024-01-26T20:00:00Z,832,created,supply,488.94461265586466,489.12,1,pivot
2024-01-26T21:00:00Z,796,age_expired,demand,458.6682710883425,458.84,2,
2024-01-29T20:00:00Z,829,role_flip_retest,demand,488.5991113862579,488.77,2,
2024-01-29T20:00:00Z,832,touch,supply,488.94461265586466,489.12,1,
2024-01-29T21:00:00Z,832,broken,supply,488.94461265586466,489.12,1,
2024-01-29T21:00:00Z,833,created,demand,487.18,487.84237584609843,1,order_block
2024-01-31T15:30:00Z,798,age_expired,demand,460.01,460.42,2,
2024-01-31T15:30:00Z,829,broken,demand,488.5991113862579,488.77,2,
2024-01-31T15:30:00Z,833,touch,demand,487.18,487.84237584609843,1,
2024-01-31T16:00:00Z,833,broken,demand,487.18,487.84237584609843,1,
2024-01-31T17:00:00Z,833,role_flip_retest,supply,487.18,487.84237584609843,2,
2024-01-31T17:00:00Z,834,created,supply,491.38,491.62,1,pivot
2024-01-31T20:00:00Z,828,broken_zone_expired,supply,484.02,484.38,1,
2024-01-31T20:00:00Z,829,role_flip_retest,supply,488.5991113862579,488.77,2,
2024-01-31T20:00:00Z,831,touch,demand,485.39,485.95,1,
2024-01-31T21:00:00Z,827,broken,demand,485.01,485.32,3,
2024-01-31T21:00:00Z,831,broken,demand,485.39,485.95,1,
2024-01-31T21:00:00Z,833,merged,supply,487.18,487.84237584609843,2,order_block;geometry=updated
2024-02-01T15:30:00Z,831,role_flip_retest,supply,485.39,485.95,2,
2024-02-01T16:00:00Z,827,role_flip_retest,supply,485.01,485.32,3,
2024-02-01T17:00:00Z,827,broken,supply,485.01,485.32,3,
2024-02-01T17:00:00Z,836,created,demand,482.89,483.09660501393745,1,pivot
2024-02-01T18:00:00Z,831,broken,supply,485.39,485.95,2,
2024-02-01T18:00:00Z,833,touch,supply,487.18,487.84237584609843,2,
2024-02-01T20:00:00Z,833,broken,supply,487.18,487.84237584609843,2,
2024-02-01T21:00:00Z,829,broken,supply,488.5991113862579,488.77,2,
2024-02-01T21:00:00Z,832,role_flip_retest,demand,488.94461265586466,489.12,2,
2024-02-02T16:00:00Z,834,broken,supply,491.38,491.62,1,
2024-02-05T16:00:00Z,799,age_expired,demand,464.12,464.5,1,
2024-02-05T17:00:00Z,834,role_flip_retest,demand,491.38,491.62,2,
2024-02-05T17:00:00Z,837,created,supply,495.68,496.05,1,pivot
2024-02-05T19:00:00Z,838,created,demand,490.23,490.86,1,pivot
2024-02-06T18:00:00Z,839,created,supply,493.52,494.32,1,pivot
2024-02-06T21:00:00Z,801,age_expired,demand,468.71,469.39,4,
2024-02-07T15:30:00Z,837,touch,supply,495.68,496.05,1,
2024-02-07T15:30:00Z,839,broken,supply,493.52,494.32,1,
2024-02-07T16:00:00Z,837,broken,supply,495.68,496.05,1,
2024-02-08T17:00:00Z,840,created,supply,498.33,498.53,1,pivot
2024-02-08T19:00:00Z,840,touch,supply,498.33,498.53,1,
2024-02-09T15:30:00Z,840,broken,supply,498.33,498.53,1,
2024-02-09T16:00:00Z,803,age_expired,demand,474.07,474.48,3,
2024-02-09T16:00:00Z,827,broken_zone_expired,supply,485.01,485.32,3,
2024-02-09T17:00:00Z,831,broken_zone_expired,supply,485.39,485.95,2,
2024-02-09T19:00:00Z,833,broken_zone_expired,supply,487.18,487.84237584609843,2,
2024-02-09T20:00:00Z,829,broken_zone_expired,supply,488.5991113862579,488.77,2,
2024-02-12T16:00:00Z,804,age_expired,demand,475.1838938787722,475.9,4,
2024-02-12T20:00:00Z,841,created,supply,503.3,503.5,1,pivot
2024-02-13T16:00:00Z,839,role_flip_retest,demand,493.52,494.32,2,
2024-02-13T19:00:00Z,842,created,demand,493.22,493.83,1,pivot
2024-02-13T20:00:00Z,834,touch,demand,491.38,491.62,2,
2024-02-13T20:00:00Z,839,broken,demand,493.52,494.32,2,
2024-02-13T20:00:00Z,842,broken,demand,493.22,493.83,1,
2024-02-13T20:00:00Z,843,created,supply,495.05405662184893,495.85,1,order_block
2024-02-13T21:00:00Z,834,rejection,demand,491.38,491.62,2,
2024-02-13T21:00:00Z,838,touch,demand,490.23,490.86,1,
2024-02-14T15:30:00Z,837,role_flip_retest,demand,495.68,496.05,2,
2024-02-14T15:30:00Z,843,broken,supply,495.05405662184893,495.85,1,
2024-02-14T17:00:00Z,837,broken,demand,495.68,496.05,2,
2024-02-14T17:00:00Z,844,created,demand,490.71,491.39,1,pivot
2024-02-14T18:00:00Z,843,role_flip_retest,demand,495.05405662184893,495.85,2,
2024-02-14T19:00:00Z,845,created,supply,496.99908616490245,497.99,1,pivot
2024-02-14T21:00:00Z,840,role_flip_retest,demand,498.33,498.53,2,
2024-02-14T21:00:00Z,845,broken,supply,496.99908616490245,497.99,1,
2024-02-16T16:00:00Z,846,created,supply,501.84,502.2,1,pivot
2024-02-16T19:00:00Z,846,broken,supply,501.84,502.2,1,
2024-02-16T19:00:00Z,847,created,demand,498.75,499.65,1,pivot
2024-02-16T21:00:00Z,847,touch,demand,498.75,499.65,1,
2024-02-20T15:30:00Z,840,broken,demand,498.33,498.53,2,
2024-02-20T15:30:00Z,847,broken,demand,498.75,499.65,1,
2024-02-20T16:00:00Z,843,touch,demand,495.05405662184893,495.85,2,
2024-02-20T16:00:00Z,848,created,supply,502.37,502.87,1,pivot
2024-02-20T18:00:00Z,812,age_expired,demand,477.27,477.55,2,
2024-02-20T18:00:00Z,837,role_flip_retest,supply,495.68,496.05,2,
2024-02-20T19:00:00Z,843,rejection,demand,495.05405662184893,495.85,2,
2024-02-20T20:00:00Z,837,broken,supply,495.68,496.05,2,
2024-02-20T21:00:00Z,837,role_flip_retest,demand,495.68,496.05,2,
2024-02-20T21:00:00Z,849,created,demand,494.45,495.400506444084,1,pivot
2024-02-20T21:00:00Z,837,volume_confluence,demand,495.68,496.05,3,POC:2024-02-20:495.687500
2024-02-20T21:00:00Z,843,volume_confluence,demand,495.05405662184893,495.85,3,POC:2024-02-20:495.687500
2024-02-21T15:30:00Z,837,broken,demand,495.68,496.05,3,
2024-02-21T16:00:00Z,837,role_flip_retest,supply,495.68,496.05,3,
2024-02-21T20:00:00Z,843,broken,demand,495.05405662184893,495.85,3,
2024-02-21T21:00:00Z,837,broken,supply,495.68,496.05,3,
2024-02-21T21:00:00Z,850,created,demand,493.9,494.79991698711245,1,order_block
2024-02-21T21:00:00Z,849,volume_confluence,demand,494.45,495.400506444084,2,POC:2024-02-21:495.226875
2024-02-22T15:30:00Z,841,broken,supply,503.3,503.5,1,
2024-02-22T15:30:00Z,848,broken,supply,502.37,502.87,1,
2024-02-22T17:00:00Z,851,created,demand,493.56,494.6,1,pivot
2024-02-22T19:00:00Z,839,broken_zone_expired,demand,493.52,494.32,2,
2024-02-22T19:00:00Z,842,broken_zone_expired,demand,493.22,493.83,1,
2024-02-23T18:00:00Z,852,created,supply,509.74,510.13,1,pivot
2024-02-23T19:00:00Z,816,age_expired,demand,470.35584659034504,471.19,2,
2024-02-23T20:00:00Z,845,broken_zone_expired,supply,496.99908616490245,497.99,1,
2024-02-27T18:00:00Z,846,broken_zone_expired,supply,501.84,502.2,1,
2024-02-27T20:00:00Z,820,age_expired,demand,466.43,466.82,1,
2024-02-27T21:00:00Z,840,broken_zone_expired,demand,498.33,498.53,2,
2024-02-27T21:00:00Z,847,broken_zone_expired,demand,498.75,499.65,1,
2024-02-28T15:30:00Z,853,created,demand,504.75,505.05,1,pivot
2024-02-28T17:00:00Z,854,created,supply,506.87,507.16,1,pivot
2024-02-28T20:00:00Z,821,age_expired,demand,474.5507462880021,474.75,2,
2024-02-29T15:30:00Z,854,broken,supply,506.87,507.16,1,
2024-02-29T16:00:00Z,854,role_flip_retest,demand,506.87,507.16,2,
2024-02-29T17:00:00Z,854,broken,demand,506.87,507.16,2,
2024-02-29T18:00:00Z,855,created,supply,508.49,508.85,1,pivot
2024-02-29T19:00:00Z,843,broken_zone_expired,demand,495.05405662184893,495.85,3,
2024-02-29T20:00:00Z,837,broken_zone_expired,supply,495.68,496.05,3,
2024-02-29T21:00:00Z,841,broken_zone_expired,supply,503.3,503.5,1,
2024-02-29T21:00:00Z,848,broken_zone_expired,supply,502.37,502.87,1,
2024-02-29T21:00:00Z,852,touch,supply,509.74,510.13,1,
2024-02-29T21:00:00Z,855,touch,supply,508.49,508.85,1,
2024-03-01T15:30:00Z,855,broken,supply,508.49,508.85,1,
2024-03-01T16:00:00Z,852,broken,supply,509.74,510.13,1,
2024-03-01T16:00:00Z,855,role_flip_retest,demand,508.49,508.85,2,
2024-03-01T21:00:00Z,822,age_expired,demand,477.58,478.12,2,
2024-03-04T16:00:00Z,823,age_expired,demand,472.26,472.61,2,
2024-03-04T16:00:00Z,856,created,supply,513.1,513.29,1,pivot
2024-03-04T18:00:00Z,856,touch,supply,513.1,513.29,1,
2024-03-04T19:00:00Z,856,rejection,supply,513.1,513.29,1,
2024-03-04T20:00:00Z,856,broken,supply,513.1,513.29,1,
2024-03-04T21:00:00Z,824,age_expired,demand,477.84,478.6,2,
2024-03-05T16:00:00Z,855,broken,demand,508.49,508.85,2,
2024-03-05T17:00:00Z,857,created,supply,513.82,514.2,1,pivot
2024-03-05T18:00:00Z,855,role_flip_retest,supply,508.49,508.85,2,
2024-03-05T19:00:00Z,854,role_flip_retest,supply,506.87,507.16,2,
2024-03-05T21:00:00Z,853,touch,demand,504.75,505.05,1,
2024-03-06T15:30:00Z,854,broken,supply,506.87,507.16,2,
2024-03-06T15:30:00Z,855,broken,supply,508.49,508.85,2,
2024-03-06T16:00:00Z,852,role_flip_retest,demand,509.74,510.13,2,
2024-03-06T16:00:00Z,853,rejection,demand,504.75,505.05,1,
2024-03-06T16:00:00Z,855,role_flip_retest,demand,508.49,508.85,2,
2024-03-06T17:00:00Z,858,created,demand,504.91,505.73,1,pivot
2024-03-06T20:00:00Z,852,broken,demand,509.74,510.13,2,
2024-03-06T21:00:00Z,859,created,supply,511.33,512.07,1,pivot
2024-03-07T15:30:00Z,856,role_flip_retest,demand,513.1,513.29,2,
2024-03-07T15:30:00Z,859,broken,supply,511.33,512.07,1,
2024-03-07T16:00:00Z,857,broken,supply,513.82,514.2,1,
2024-03-07T17:00:00Z,857,role_flip_retest,demand,513.82,514.2,2,
2024-03-07T18:00:00Z,826,age_expired,demand,469.87,470.66,1,
2024-03-08T15:30:00Z,860,created,demand,514.07,514.9,1,order_block
2024-03-08T15:30:00Z,860,volume_confluence,demand,514.07,514.9,2,POC:2024-03-07:514.730625
2024-03-08T17:00:00Z,857,touch,demand,513.82,514.2,2,
2024-03-08T17:00:00Z,860,touch,demand,514.07,514.9,2,
2024-03-08T18:00:00Z,856,broken,demand,513.1,513.29,2,
2024-03-08T18:00:00Z,857,broken,demand,513.82,514.2,2,
2024-03-08T18:00:00Z,860,broken,demand,514.07,514.9,2,
2024-03-08T19:00:00Z,856,role_flip_retest,supply,513.1,513.29,2,
2024-03-08T19:00:00Z,861,created,supply,517.76,518.23,1,pivot
2024-03-08T20:00:00Z,856,broken,supply,513.1,513.29,2,
2024-03-08T20:00:00Z,859,role_flip_retest,demand,511.33,512.07,2,
2024-03-08T20:00:00Z,860,role_flip_retest,supply,514.07,514.9,3,
2024-03-08T21:00:00Z,857,role_flip_retest,supply,513.82,514.2,2,
2024-03-11T14:30:00Z,852,role_flip_retest,supply,509.74,510.13,2,
2024-03-11T14:30:00Z,859,broken,demand,511.33,512.07,2,
2024-03-11T15:00:00Z,852,broken,supply,509.74,510.13,2,
2024-03-11T15:00:00Z,855,touch,demand,508.49,508.85,2,
2024-03-11T16:00:00Z,852,role_flip_retest,demand,509.74,510.13,2,
2024-03-11T18:00:00Z,859,role_flip_retest,supply,511.33,512.07,2,
2024-03-11T18:00:00Z,855,merged,demand,508.49,509.43,3,pivot;geometry=updated
2024-03-11T18:00:00Z,855,qualified,demand,508.49,509.43,3,pivot|repeated_pivot|role_flip
2024-03-12T14:30:00Z,856,role_flip_retest,demand,513.1,513.29,2,
2024-03-12T14:30:00Z,859,broken,supply,511.33,512.07,2,
2024-03-12T15:00:00Z,857,broken,supply,513.82,514.2,2,
2024-03-12T15:00:00Z,860,broken,supply,514.07,514.9,3,
2024-03-12T15:00:00Z,863,created,demand,510.86,511.87752844202856,1,order_block
2024-03-12T17:00:00Z,857,role_flip_retest,demand,513.82,514.2,2,
2024-03-12T18:00:00Z,860,role_flip_retest,demand,514.07,514.9,3,
2024-03-13T16:00:00Z,864,created,supply,516.81,517.38,1,pivot
2024-03-13T18:00:00Z,864,touch,supply,516.81,517.38,1,
2024-03-13T19:00:00Z,864,rejection,supply,516.81,517.38,1,
2024-03-13T20:00:00Z,854,broken_zone_expired,supply,506.87,507.16,2,
2024-03-13T20:00:00Z,860,touch,demand,514.07,514.9,3,
2024-03-14T14:30:00Z,857,touch,demand,513.82,514.2,2,
2024-03-14T14:30:00Z,860,broken,demand,514.07,514.9,3,
2024-03-14T15:00:00Z,857,rejection,demand,513.82,514.2,2,
2024-03-14T17:00:00Z,860,role_flip_retest,supply,514.07,514.9,3,
2024-03-14T18:00:00Z,856,touch,demand,513.1,513.29,2,
2024-03-14T20:00:00Z,856,rejection,demand,513.1,513.29,2,
2024-03-14T20:00:00Z,859,role_flip_retest,demand,511.33,512.07,2,
2024-03-14T20:00:00Z,863,touch,demand,510.86,511.87752844202856,1,
2024-03-14T20:00:00Z,857,volume_confluence,demand,513.82,514.2,3,POC:2024-03-14:514.143125
2024-03-15T14:30:00Z,852,touch,demand,509.74,510.13,2,
2024-03-15T14:30:00Z,856,broken,demand,513.1,513.29,2,
2024-03-15T14:30:00Z,857,broken,demand,513.82,514.2,3,
2024-03-15T14:30:00Z,859,broken,demand,511.33,512.07,2,
2024-03-15T14:30:00Z,863,broken,demand,510.86,511.87752844202856,1,
2024-03-15T15:00:00Z,852,rejection,demand,509.74,510.13,2,
2024-03-15T15:00:00Z,855,touch,demand,508.49,509.43,3,
2024-03-15T15:00:00Z,859,role_flip_retest,supply,511.33,512.07,2,
2024-03-15T16:00:00Z,863,role_flip_retest,supply,510.86,511.87752844202856,2,
2024-03-15T17:00:00Z,852,broken,demand,509.74,510.13,2,
2024-03-15T17:00:00Z,855,touch,demand,508.49,509.43,3,
2024-03-15T18:00:00Z,855,rejection,demand,508.49,509.43,3,
2024-03-15T20:00:00Z,865,created,demand,508.36,508.58804279549867,1,pivot
2024-03-18T14:30:00Z,859,broken,supply,511.33,512.07,2,
2024-03-18T14:30:00Z,860,touch,supply,514.07,514.9,3,
2024-03-18T14:30:00Z,863,broken,supply,510.86,511.87752844202856,2,
2024-03-18T15:00:00Z,832,age_expired,demand,488.94461265586466,489.12,2,
2024-03-18T15:00:00Z,860,broken,supply,514.07,514.9,3,
2024-03-18T17:00:00Z,857,role_flip_retest,supply,513.82,514.2,3,
2024-03-18T18:00:00Z,866,created,supply,515.14,515.48,1,pivot
2024-03-18T20:00:00Z,856,role_flip_retest,supply,513.1,513.29,2,
2024-03-19T15:00:00Z,859,role_flip_retest,demand,511.33,512.07,2,
2024-03-19T15:00:00Z,863,role_flip_retest,demand,510.86,511.87752844202856,2,
2024-03-19T17:00:00Z,856,broken,supply,513.1,513.29,2,
2024-03-19T17:00:00Z,857,broken,supply,513.82,514.2,3,
2024-03-19T17:00:00Z,866,touch,supply,515.14,515.48,1,
2024-03-19T17:00:00Z,867,created,demand,511.12,511.69,1,pivot
2024-03-19T18:00:00Z,860,role_flip_retest,demand,514.07,514.9,3,
2024-03-19T20:00:00Z,866,broken,supply,515.14,515.48,1,
2024-03-20T15:00:00Z,866,role_flip_retest,demand,515.14,515.48,2,
2024-03-20T18:00:00Z,868,created,supply,515.87,516.44,1,pivot
2024-03-20T19:00:00Z,834,age_expired,demand,491.38,491.62,2,
2024-03-20T19:00:00Z,861,broken,supply,517.76,518.23,1,
2024-03-20T19:00:00Z,864,broken,supply,516.81,517.38,1,
2024-03-20T19:00:00Z,868,broken,supply,515.87,516.44,1,
2024-03-20T19:00:00Z,869,created,demand,515.08,515.8934955928285,1,order_block
2024-03-20T20:00:00Z,869,volume_confluence,demand,515.08,515.8934955928285,2,POC:2024-03-20:515.657083
2024-03-21T19:00:00Z,836,age_expired,demand,482.89,483.09660501393745,1,
2024-03-21T20:00:00Z,870,created,supply,523.76,524.11,1,pivot
2024-03-22T20:00:00Z,871,created,demand,520.97,521.6725679454586,1,pivot
2024-03-25T14:30:00Z,871,broken,demand,520.97,521.6725679454586,1,
2024-03-25T15:00:00Z,872,created,supply,522.4575020599824,522.61,1,pivot
2024-03-25T16:00:00Z,852,broken_zone_expired,demand,509.74,510.13,2,
2024-03-25T17:00:00Z,873,created,demand,519.61,519.79,1,pivot
2024-03-25T20:00:00Z,873,touch,demand,519.61,519.79,1,
2024-03-26T14:30:00Z,838,age_expired,demand,490.23,490.86,1,
2024-03-26T16:00:00Z,873,merged,demand,519.61,519.81,2,pivot;geometry=updated
2024-03-26T16:00:00Z,873,qualified,demand,519.61,519.81,2,pivot|repeated_pivot
2024-03-26T17:00:00Z,871,role_flip_retest,supply,520.97,521.6725679454586,2,
2024-03-26T18:00:00Z,875,created,supply,521.3,521.58,1,pivot
2024-03-26T20:00:00Z,873,broken,demand,519.61,519.81,2,
2024-03-26T20:00:00Z,876,created,supply,520.66,521.05,1,order_block
2024-03-26T20:00:00Z,876,volume_confluence,supply,520.66,521.05,2,POC:2024-03-26:520.851250
2024-03-27T14:30:00Z,875,touch,supply,521.3,521.58,1,
2024-03-27T15:00:00Z,875,rejection,supply,521.3,521.58,1,
2024-03-27T16:00:00Z,856,broken_zone_expired,supply,513.1,513.29,2,
2024-03-27T16:00:00Z,857,broken_zone_expired,supply,513.82,514.2,3,
2024-03-27T16:00:00Z,873,role_flip_retest,supply,519.61,519.81,3,
2024-03-27T16:00:00Z,877,created,demand,518.4,518.66,1,pivot
2024-03-27T16:00:00Z,844,capacity_expired,demand,490.71,491.39,1,
2024-03-27T17:00:00Z,873,broken,supply,519.61,519.81,3,
2024-03-27T17:00:00Z,875,merged,supply,521.3,521.78,2,pivot;geometry=updated
2024-03-27T17:00:00Z,875,qualified,supply,521.3,521.78,2,pivot|repeated_pivot
2024-03-27T18:00:00Z,873,role_flip_retest,demand,519.61,519.81,3,
2024-03-27T19:00:00Z,871,touch,supply,520.97,521.6725679454586,2,
2024-03-27T19:00:00Z,876,touch,supply,520.66,521.05,2,
2024-03-27T20:00:00Z,871,broken,supply,520.97,521.6725679454586,2,
2024-03-27T20:00:00Z,872,broken,supply,522.4575020599824,522.61,1,
2024-03-27T20:00:00Z,875,broken,supply,521.3,521.78,2,
2024-03-27T20:00:00Z,876,broken,supply,520.66,521.05,2,
2024-03-27T20:00:00Z,879,created,demand,519.73,520.31,1,order_block
2024-03-27T20:00:00Z,879,volume_confluence,demand,519.73,520.31,2,POC:2024-03-27:520.022500
2024-03-28T18:00:00Z,861,broken_zone_expired,supply,517.76,518.23,1,
2024-03-28T18:00:00Z,864,broken_zone_expired,supply,516.81,517.38,1,
2024-03-28T18:00:00Z,868,broken_zone_expired,supply,515.87,516.44,1,
2024-03-28T19:00:00Z,870,touch,supply,523.76,524.11,1,
2024-03-28T20:00:00Z,870,rejection,supply,523.76,524.11,1,
2024-04-01T16:00:00Z,880,created,supply,524.14,524.61,1,pivot
2024-04-01T17:00:00Z,871,role_flip_retest,demand,520.97,521.6725679454586,2,
2024-04-01T17:00:00Z,875,role_flip_retest,demand,521.3,521.78,3,
2024-04-01T17:00:00Z,876,role_flip_retest,demand,520.66,521.05,3,
2024-04-01T17:00:00Z,850,capacity_expired,demand,493.9,494.79991698711245,1,
2024-04-01T20:00:00Z,876,merged,demand,520.66,521.110124092093,4,pivot;geometry=updated
2024-04-02T14:30:00Z,871,broken,demand,520.97,521.6725679454586,2,
2024-04-02T14:30:00Z,873,broken,demand,519.61,519.81,3,
2024-04-02T14:30:00Z,875,broken,demand,521.3,521.78,3,
2024-04-02T14:30:00Z,876,broken,demand,520.66,521.110124092093,4,
2024-04-02T14:30:00Z,877,broken,demand,518.4,518.66,1,
2024-04-02T14:30:00Z,879,broken,demand,519.73,520.31,2,
2024-04-02T18:00:00Z,882,created,demand,516.48,516.97,1,pivot
2024-04-03T14:30:00Z,877,role_flip_retest,supply,518.4,518.66,2,
2024-04-03T15:00:00Z,877,broken,supply,518.4,518.66,2,
2024-04-03T16:00:00Z,876,role_flip_retest,supply,520.66,521.110124092093,4,
2024-04-03T19:00:00Z,876,merged,supply,520.66,521.110124092093,5,pivot;geometry=updated
2024-04-03T19:00:00Z,876,qualified,supply,520.66,521.110124092093,5,order_block|pivot|repeated_pivot|role_flip|volume_profile
2024-04-03T20:00:00Z,873,role_flip_retest,supply,519.61,519.81,3,
2024-04-03T20:00:00Z,877,role_flip_retest,demand,518.4,518.66,2,
2024-04-03T20:00:00Z,879,role_flip_retest,supply,519.73,520.31,3,
2024-04-04T14:30:00Z,872,role_flip_retest,demand,522.4575020599824,522.61,2,
2024-04-04T14:30:00Z,873,broken,supply,519.61,519.81,3,
2024-04-04T14:30:00Z,876,broken,supply,520.66,521.110124092093,5,
2024-04-04T14:30:00Z,879,broken,supply,519.73,520.31,3,
2024-04-04T16:00:00Z,884,created,demand,517.77,518.5629505780781,1,pivot
2024-04-04T17:00:00Z,870,touch,supply,523.76,524.11,1,
2024-04-04T18:00:00Z,870,rejection,supply,523.76,524.11,1,
2024-04-04T18:00:00Z,872,broken,demand,522.4575020599824,522.61,2,
2024-04-04T19:00:00Z,869,touch,demand,515.08,515.8934955928285,2,
2024-04-04T19:00:00Z,871,role_flip_retest,supply,520.97,521.6725679454586,2,
2024-04-04T19:00:00Z,875,role_flip_retest,supply,521.3,521.78,3,
2024-04-04T19:00:00Z,877,broken,demand,518.4,518.66,2,
2024-04-04T19:00:00Z,882,broken,demand,516.48,516.97,1,
2024-04-04T19:00:00Z,884,broken,demand,517.77,518.5629505780781,1,
2024-04-04T19:00:00Z,870,merged,supply,523.27,524.11,2,order_block;geometry=updated
2024-04-04T20:00:00Z,860,broken,demand,514.07,514.9,3,
2024-04-04T20:00:00Z,866,broken,demand,515.14,515.48,2,
2024-04-04T20:00:00Z,869,broken,demand,515.08,515.8934955928285,2,
2024-04-04T20:00:00Z,870,merged,supply,523.27,524.11,3,pivot;geometry=updated
2024-04-04T20:00:00Z,870,qualified,supply,523.27,524.11,3,order_block|pivot|repeated_pivot
2024-04-04T20:00:00Z,870,merged,supply,523.27,524.11,3,order_block;geometry=frozen
2024-04-05T16:00:00Z,888,created,demand,512.75,513.03,1,pivot
2024-04-05T17:00:00Z,873,role_flip_retest,demand,519.61,519.81,3,
2024-04-05T17:00:00Z,879,role_flip_retest,demand,519.73,520.31,3,
2024-04-05T18:00:00Z,873,broken,demand,519.61,519.81,3,
2024-04-05T18:00:00Z,877,role_flip_retest,supply,518.4,518.66,2,
2024-04-05T18:00:00Z,879,broken,demand,519.73,520.31,3,
2024-04-08T14:30:00Z,877,broken,supply,518.4,518.66,2,
2024-04-08T15:00:00Z,877,role_flip_retest,demand,518.4,518.66,2,
2024-04-08T16:00:00Z,873,role_flip_retest,supply,519.61,519.81,3,
2024-04-08T16:00:00Z,879,role_flip_retest,supply,519.73,520.31,3,
2024-04-09T15:00:00Z,877,broken,demand,518.4,518.66,2,
2024-04-09T15:00:00Z,882,role_flip_retest,supply,516.48,516.97,2,
2024-04-09T15:00:00Z,884,role_flip_retest,supply,517.77,518.5629505780781,2,
2024-04-09T15:00:00Z,889,created,supply,518.73,519.44,1,order_block
2024-04-09T17:00:00Z,890,created,supply,520.5,520.75,1,pivot
2024-04-09T18:00:00Z,891,created,demand,514.35,515.411566864768,1,pivot
2024-04-09T18:00:00Z,851,capacity_expired,demand,493.56,494.6,1,
2024-04-09T20:00:00Z,882,broken,supply,516.48,516.97,2,
2024-04-09T20:00:00Z,884,broken,supply,517.77,518.5629505780781,2,
2024-04-09T20:00:00Z,889,touch,supply,518.73,519.44,1,
2024-04-10T14:30:00Z,860,role_flip_retest,supply,514.07,514.9,3,
2024-04-10T14:30:00Z,888,touch,demand,512.75,513.03,1,
2024-04-10T14:30:00Z,891,broken,demand,514.35,515.411566864768,1,
2024-04-10T15:00:00Z,866,role_flip_retest,supply,515.14,515.48,2,
2024-04-10T15:00:00Z,869,role_flip_retest,supply,515.08,515.8934955928285,3,
2024-04-10T15:00:00Z,888,rejection,demand,512.75,513.03,1,
2024-04-10T16:00:00Z,849,age_expired,demand,494.45,495.400506444084,2,
2024-04-10T16:00:00Z,889,rejection,supply,518.73,519.44,1,
2024-04-10T16:00:00Z,891,role_flip_retest,supply,514.35,515.411566864768,2,
2024-04-10T16:00:00Z,889,merged,supply,518.73,519.44,2,pivot;geometry=updated
2024-04-10T17:00:00Z,888,merged,demand,512.67,513.48,2,pivot;geometry=updated
2024-04-10T17:00:00Z,888,qualified,demand,512.67,513.48,2,pivot|repeated_pivot
2024-04-10T20:00:00Z,888,volume_confluence,demand,512.67,513.48,3,POC:2024-04-10:513.361875
2024-04-10T20:00:00Z,888,evidence_upgrade,demand,512.67,513.48,3,volume_profile;score:2->3;qualified_score:2
2024-04-11T14:30:00Z,894,created,demand,512.09,513.3383830658973,1,pivot
2024-04-11T14:30:00Z,853,capacity_expired,demand,504.75,505.05,1,
2024-04-11T15:00:00Z,888,touch,demand,512.67,513.48,3,
2024-04-11T16:00:00Z,860,broken,supply,514.07,514.9,3,
2024-04-11T16:00:00Z,866,touch,supply,515.14,515.48,2,
2024-04-11T16:00:00Z,869,touch,supply,515.08,515.8934955928285,3,
2024-04-11T16:00:00Z,888,rejection,demand,512.67,513.48,3,
2024-04-11T17:00:00Z,860,role_flip_retest,demand,514.07,514.9,3,
2024-04-11T17:00:00Z,869,merged,supply,515.08,515.8934955928285,4,pivot;geometry=updated
2024-04-11T18:00:00Z,866,broken,supply,515.14,515.48,2,
2024-04-11T18:00:00Z,869,broken,supply,515.08,515.8934955928285,4,
2024-04-11T18:00:00Z,882,role_flip_retest,demand,516.48,516.97,2,
2024-04-11T18:00:00Z,891,broken,supply,514.35,515.411566864768,2,
2024-04-11T18:00:00Z,896,created,demand,512.08,513.22,1,pivot
2024-04-11T19:00:00Z,884,role_flip_retest,demand,517.77,518.5629505780781,2,
2024-04-11T19:00:00Z,889,touch,supply,518.73,519.44,2,
2024-04-11T20:00:00Z,876,broken_zone_expired,supply,520.66,521.110124092093,5,
2024-04-11T20:00:00Z,877,role_flip_retest,supply,518.4,518.66,2,
2024-04-11T20:00:00Z,889,rejection,supply,518.73,519.44,2,
2024-04-11T20:00:00Z,884,volume_confluence,demand,517.77,518.5629505780781,3,POC:2024-04-11:518.092500
2024-04-11T20:00:00Z,858,capacity_expired,demand,504.91,505.73,1,
2024-04-12T14:30:00Z,882,broken,demand,516.48,516.97,2,
2024-04-12T14:30:00Z,884,broken,demand,517.77,518.5629505780781,3,
2024-04-12T15:00:00Z,859,touch,demand,511.33,512.07,2,
2024-04-12T15:00:00Z,860,broken,demand,514.07,514.9,3,
2024-04-12T15:00:00Z,888,broken,demand,512.67,513.48,3,
2024-04-12T15:00:00Z,894,touch,demand,512.09,513.3383830658973,1,
2024-04-12T15:00:00Z,896,touch,demand,512.08,513.22,1,
2024-04-12T15:00:00Z,889,merged,supply,518.69,519.48,3,pivot;geometry=updated
2024-04-12T15:00:00Z,889,qualified,supply,518.69,519.48,3,order_block|pivot|repeated_pivot
2024-04-12T16:00:00Z,859,rejection,demand,511.33,512.07,2,
2024-04-12T16:00:00Z,894,rejection,demand,512.09,513.3383830658973,1,
2024-04-12T16:00:00Z,896,rejection,demand,512.08,513.22,1,
2024-04-12T17:00:00Z,859,broken,demand,511.33,512.07,2,
2024-04-12T17:00:00Z,863,broken,demand,510.86,511.87752844202856,2,
2024-04-12T17:00:00Z,867,broken,demand,511.12,511.69,1,
2024-04-12T17:00:00Z,872,broken_zone_expired,demand,522.4575020599824,522.61,2,
2024-04-12T17:00:00Z,888,role_flip_retest,supply,512.67,513.48,4,
2024-04-12T17:00:00Z,894,broken,demand,512.09,513.3383830658973,1,
2024-04-12T17:00:00Z,896,broken,demand,512.08,513.22,1,
2024-04-12T18:00:00Z,855,touch,demand,508.49,509.43,3,
2024-04-12T18:00:00Z,863,role_flip_retest,supply,510.86,511.87752844202856,2,
2024-04-12T18:00:00Z,867,role_flip_retest,supply,511.12,511.69,2,
2024-04-12T19:00:00Z,859,role_flip_retest,supply,511.33,512.07,2,
2024-04-12T20:00:00Z,855,rejection,demand,508.49,509.43,3,
2024-04-15T14:30:00Z,859,broken,supply,511.33,512.07,2,
2024-04-15T14:30:00Z,863,broken,supply,510.86,511.87752844202856,2,
2024-04-15T14:30:00Z,867,broken,supply,511.12,511.69,2,
2024-04-15T14:30:00Z,888,broken,supply,512.67,513.48,4,
2024-04-15T15:00:00Z,860,role_flip_retest,supply,514.07,514.9,3,
2024-04-15T15:00:00Z,894,role_flip_retest,supply,512.09,513.3383830658973,2,
2024-04-15T15:00:00Z,896,role_flip_retest,supply,512.08,513.22,2,
2024-04-15T16:00:00Z,859,role_flip_retest,demand,511.33,512.07,2,
2024-04-15T16:00:00Z,863,role_flip_retest,demand,510.86,511.87752844202856,2,
2024-04-15T16:00:00Z,867,role_flip_retest,demand,511.12,511.69,2,
2024-04-15T16:00:00Z,855,merged,demand,508.49,509.43,3,pivot;geometry=frozen
2024-04-15T17:00:00Z,859,broken,demand,511.33,512.07,2,
2024-04-15T17:00:00Z,863,broken,demand,510.86,511.87752844202856,2,
2024-04-15T17:00:00Z,867,broken,demand,511.12,511.69,2,
2024-04-15T17:00:00Z,860,merged,supply,514.07,515.3,4,pivot;geometry=updated
2024-04-15T18:00:00Z,855,broken,demand,508.49,509.43,3,
2024-04-15T18:00:00Z,865,broken,demand,508.36,508.58804279549867,1,
2024-04-15T18:00:00Z,900,created,supply,511.2234101292788,512.6,1,order_block
2024-04-17T14:30:00Z,901,created,demand,502.21,503.6714755361143,1,pivot
2024-04-17T14:30:00Z,901,volume_confluence,demand,502.21,503.6714755361143,2,POC:2024-04-16:503.550625
2024-04-17T15:00:00Z,902,created,supply,505.8,506.5,1,pivot
2024-04-17T16:00:00Z,901,broken,demand,502.21,503.6714755361143,2,
2024-04-17T19:00:00Z,901,role_flip_retest,supply,502.21,503.6714755361143,3,
2024-04-17T20:00:00Z,903,created,demand,499.12,499.89,1,pivot
2024-04-18T18:00:00Z,903,touch,demand,499.12,499.89,1,
2024-04-18T19:00:00Z,903,broken,demand,499.12,499.89,1,
2024-04-18T19:00:00Z,904,created,supply,503.39,504.13,1,pivot
2024-04-19T15:00:00Z,903,role_flip_retest,supply,499.12,499.89,2,
2024-04-19T17:00:00Z,866,broken_zone_expired,supply,515.14,515.48,2,
2024-04-19T17:00:00Z,869,broken_zone_expired,supply,515.08,515.8934955928285,4,
2024-04-19T17:00:00Z,891,broken_zone_expired,supply,514.35,515.411566864768,2,
2024-04-19T20:00:00Z,882,broken_zone_expired,demand,516.48,516.97,2,
2024-04-19T20:00:00Z,884,broken_zone_expired,demand,517.77,518.5629505780781,3,
2024-04-22T16:00:00Z,905,created,demand,493.86,494.91,1,pivot
2024-04-22T18:00:00Z,903,broken,supply,499.12,499.89,2,
2024-04-22T18:00:00Z,906,created,demand,495.95,497.16218332690113,1,order_block
2024-04-22T19:00:00Z,901,touch,supply,502.21,503.6714755361143,3,
2024-04-22T20:00:00Z,888,broken_zone_expired,supply,512.67,513.48,4,
2024-04-22T20:00:00Z,901,rejection,supply,502.21,503.6714755361143,3,
2024-04-23T14:30:00Z,904,touch,supply,503.39,504.13,1,
2024-04-23T15:00:00Z,901,broken,supply,502.21,503.6714755361143,3,
2024-04-23T15:00:00Z,904,broken,supply,503.39,504.13,1,
2024-04-23T16:00:00Z,859,broken_zone_expired,demand,511.33,512.07,2,
2024-04-23T16:00:00Z,863,broken_zone_expired,demand,510.86,511.87752844202856,2,
2024-04-23T16:00:00Z,867,broken_zone_expired,demand,511.12,511.69,2,
2024-04-23T16:00:00Z,904,role_flip_retest,demand,503.39,504.13,2,
2024-04-23T17:00:00Z,855,broken_zone_expired,demand,508.49,509.43,3,
2024-04-23T17:00:00Z,865,broken_zone_expired,demand,508.36,508.58804279549867,1,
2024-04-23T18:00:00Z,902,touch,supply,505.8,506.5,1,
2024-04-24T14:30:00Z,902,touch,supply,505.8,506.5,1,
2024-04-24T15:00:00Z,902,rejection,supply,505.8,506.5,1,
2024-04-24T16:00:00Z,901,role_flip_retest,demand,502.21,503.6714755361143,3,
2024-04-24T16:00:00Z,904,touch,demand,503.39,504.13,2,
2024-04-24T17:00:00Z,904,rejection,demand,503.39,504.13,2,
2024-04-24T17:00:00Z,907,created,supply,506.56,507.37,1,pivot
2024-04-24T20:00:00Z,904,merged,demand,503.13,504.13,3,pivot;geometry=updated
2024-04-24T20:00:00Z,904,qualified,demand,503.13,504.13,3,pivot|repeated_pivot|role_flip
2024-04-25T14:30:00Z,901,broken,demand,502.21,503.6714755361143,3,
2024-04-25T14:30:00Z,904,broken,demand,503.13,504.13,3,
2024-04-25T16:00:00Z,903,role_flip_retest,demand,499.12,499.89,2,
2024-04-25T18:00:00Z,909,created,demand,497.49,498.2,1,pivot
2024-04-25T19:00:00Z,904,role_flip_retest,supply,503.13,504.13,3,
2024-04-26T14:30:00Z,902,broken,supply,505.8,506.5,1,
2024-04-26T14:30:00Z,904,broken,supply,503.13,504.13,3,
2024-04-26T14:30:00Z,907,broken,supply,506.56,507.37,1,
2024-04-26T17:00:00Z,860,age_expired,supply,514.07,515.3,4,
2024-04-29T17:00:00Z,910,created,supply,510.08,510.75,1,pivot
2024-04-29T20:00:00Z,907,role_flip_retest,demand,506.56,507.37,2,
2024-04-30T16:00:00Z,902,role_flip_retest,demand,505.8,506.5,2,
2024-04-30T17:00:00Z,902,broken,demand,505.8,506.5,2,
2024-04-30T17:00:00Z,907,broken,demand,506.56,507.37,2,
2024-04-30T19:00:00Z,902,role_flip_retest,supply,505.8,506.5,2,
2024-04-30T20:00:00Z,901,role_flip_retest,supply,502.21,503.6714755361143,3,
2024-04-30T20:00:00Z,911,created,supply,505.3,506.27,1,order_block
2024-05-01T17:00:00Z,903,touch,demand,499.12,499.89,2,
2024-05-01T18:00:00Z,903,rejection,demand,499.12,499.89,2,
2024-05-01T19:00:00Z,901,broken,supply,502.21,503.6714755361143,3,
2024-05-01T19:00:00Z,902,broken,supply,505.8,506.5,2,
2024-05-01T19:00:00Z,904,role_flip_retest,demand,503.13,504.13,3,
2024-05-01T19:00:00Z,911,broken,supply,505.3,506.27,1,
2024-05-01T20:00:00Z,904,broken,demand,503.13,504.13,3,
2024-05-01T20:00:00Z,907,role_flip_retest,supply,506.56,507.37,2,
2024-05-01T20:00:00Z,903,merged,demand,499.12,500.24,3,pivot;geometry=updated
2024-05-01T20:00:00Z,903,qualified,demand,499.12,500.24,3,pivot|repeated_pivot|role_flip
2024-05-02T14:30:00Z,904,role_flip_retest,supply,503.13,504.13,3,
2024-05-02T16:00:00Z,913,created,supply,507.35,508.19,1,pivot
2024-05-02T18:00:00Z,901,role_flip_retest,demand,502.21,503.6714755361143,3,
2024-05-02T18:00:00Z,914,created,demand,499.55,500.96430119256974,1,pivot
2024-05-02T18:00:00Z,914,volume_confluence,demand,499.55,500.96430119256974,2,POC:2024-05-01:500.727708
2024-05-02T18:00:00Z,880,capacity_expired,supply,524.14,524.61,1,
2024-05-02T18:00:00Z,890,capacity_expired,supply,520.5,520.75,1,
2024-05-02T19:00:00Z,904,broken,supply,503.13,504.13,3,
2024-05-02T20:00:00Z,904,role_flip_retest,demand,503.13,504.13,3,
2024-05-02T20:00:00Z,904,volume_confluence,demand,503.13,504.13,4,POC:2024-05-02:503.908750
2024-05-02T20:00:00Z,904,evidence_upgrade,demand,503.13,504.13,4,volume_profile;score:3->4;qualified_score:3
2024-05-03T14:30:00Z,900,touch,supply,511.2234101292788,512.6,1,
2024-05-03T14:30:00Z,907,broken,supply,506.56,507.37,2,
2024-05-03T14:30:00Z,910,broken,supply,510.08,510.75,1,
2024-05-03T14:30:00Z,913,broken,supply,507.35,508.19,1,
2024-05-03T15:00:00Z,894,touch,supply,512.09,513.3383830658973,2,
2024-05-03T15:00:00Z,896,touch,supply,512.08,513.22,2,
2024-05-03T15:00:00Z,900,rejection,supply,511.2234101292788,512.6,1,
2024-05-03T18:00:00Z,910,role_flip_retest,demand,510.08,510.75,2,
2024-05-03T18:00:00Z,915,created,supply,511.59,512.55,1,pivot
2024-05-03T20:00:00Z,900,volume_confluence,supply,511.2234101292788,512.6,2,POC:2024-05-03:511.303125
2024-05-06T14:30:00Z,894,broken,supply,512.09,513.3383830658973,2,
2024-05-06T14:30:00Z,896,broken,supply,512.08,513.22,2,
2024-05-06T14:30:00Z,900,broken,supply,511.2234101292788,512.6,2,
2024-05-06T14:30:00Z,915,broken,supply,511.59,512.55,1,
2024-05-07T18:00:00Z,877,touch,supply,518.4,518.66,2,
2024-05-08T14:30:00Z,877,merged,supply,517.89,518.66,3,pivot;geometry=updated
2024-05-08T14:30:00Z,877,qualified,supply,517.89,518.66,3,pivot|repeated_pivot|role_flip
2024-05-08T17:00:00Z,917,created,demand,515.14,515.3237033822111,1,pivot
2024-05-09T15:00:00Z,877,broken,supply,517.89,518.66,3,
2024-05-09T15:00:00Z,889,touch,supply,518.69,519.48,3,
2024-05-09T16:00:00Z,889,rejection,supply,518.69,519.48,3,
2024-05-09T17:00:00Z,877,role_flip_retest,demand,517.89,518.66,3,
2024-05-09T18:00:00Z,873,touch,supply,519.61,519.81,3,
2024-05-09T18:00:00Z,902,broken_zone_expired,supply,505.8,506.5,2,
2024-05-09T18:00:00Z,911,broken_zone_expired,supply,505.3,506.27,1,
2024-05-09T19:00:00Z,873,broken,supply,519.61,519.81,3,
2024-05-09T19:00:00Z,879,touch,supply,519.73,520.31,3,
2024-05-09T19:00:00Z,889,broken,supply,518.69,519.48,3,
2024-05-09T20:00:00Z,873,role_flip_retest,demand,519.61,519.81,3,
2024-05-10T14:30:00Z,871,broken,supply,520.97,521.6725679454586,2,
2024-05-10T14:30:00Z,875,broken,supply,521.3,521.78,3,
2024-05-10T14:30:00Z,879,broken,supply,519.73,520.31,3,
2024-05-10T15:00:00Z,879,role_flip_retest,demand,519.73,520.31,3,
2024-05-10T16:00:00Z,870,age_expired,supply,523.27,524.11,3,
2024-05-10T17:00:00Z,918,created,supply,522.42,522.64,1,pivot
2024-05-10T20:00:00Z,907,broken_zone_expired,supply,506.56,507.37,2,
2024-05-10T20:00:00Z,913,broken_zone_expired,supply,507.35,508.19,1,
2024-05-13T14:30:00Z,871,role_flip_retest,demand,520.97,521.6725679454586,2,
2024-05-13T14:30:00Z,918,touch,supply,522.42,522.64,1,
2024-05-13T15:00:00Z,918,rejection,supply,522.42,522.64,1,
2024-05-13T16:00:00Z,871,age_expired,demand,520.97,521.6725679454586,2,
2024-05-13T17:00:00Z,918,merged,supply,522.42,522.67,2,pivot;geometry=updated
2024-05-13T17:00:00Z,918,qualified,supply,522.42,522.67,2,pivot|repeated_pivot
2024-05-13T18:00:00Z,873,touch,demand,519.61,519.81,3,
2024-05-13T18:00:00Z,879,touch,demand,519.73,520.31,3,
2024-05-13T19:00:00Z,873,rejection,demand,519.61,519.81,3,
2024-05-13T19:00:00Z,879,rejection,demand,519.73,520.31,3,
2024-05-13T20:00:00Z,873,age_expired,demand,519.61,519.81,3,
2024-05-13T20:00:00Z,894,broken_zone_expired,supply,512.09,513.3383830658973,2,
2024-05-13T20:00:00Z,896,broken_zone_expired,supply,512.08,513.22,2,
2024-05-13T20:00:00Z,900,broken_zone_expired,supply,511.2234101292788,512.6,2,
2024-05-13T20:00:00Z,915,broken_zone_expired,supply,511.59,512.55,1,
2024-05-14T14:30:00Z,920,created,demand,519.74,520.344094469988,1,pivot
2024-05-14T18:00:00Z,921,created,supply,521.8064164239554,522.41,1,pivot
2024-05-14T19:00:00Z,875,role_flip_retest,demand,521.3,521.78,3,
2024-05-14T19:00:00Z,918,broken,supply,522.42,522.67,2,
2024-05-14T19:00:00Z,921,broken,supply,521.8064164239554,522.41,1,
2024-05-14T19:00:00Z,922,created,demand,520.68,521.1,1,order_block
2024-05-15T14:30:00Z,875,age_expired,demand,521.3,521.78,3,
2024-05-15T19:00:00Z,877,age_expired,demand,517.89,518.66,3,
2024-05-16T16:00:00Z,879,age_expired,demand,519.73,520.31,3,
2024-05-16T19:00:00Z,923,created,supply,531.38,531.53,1,pivot
2024-05-17T18:00:00Z,889,broken_zone_expired,supply,518.69,519.48,3,
2024-05-20T14:30:00Z,924,created,demand,528.48,528.78,1,order_block
2024-05-20T14:30:00Z,924,volume_confluence,demand,528.48,528.78,2,POC:2024-05-17:528.649167
2024-05-20T15:00:00Z,923,touch,supply,531.38,531.53,1,
2024-05-20T15:00:00Z,925,created,demand,527.32,527.9501321579944,1,pivot
2024-05-20T16:00:00Z,923,rejection,supply,531.38,531.53,1,
2024-05-20T19:00:00Z,923,merged,supply,531.23,531.57,2,pivot;geometry=updated
2024-05-20T19:00:00Z,923,qualified,supply,531.23,531.57,2,pivot|repeated_pivot
2024-05-21T17:00:00Z,927,created,demand,529.07,529.28,1,pivot
2024-05-21T20:00:00Z,923,touch,supply,531.23,531.57,2,
2024-05-22T15:00:00Z,923,touch,supply,531.23,531.57,2,
2024-05-22T16:00:00Z,923,rejection,supply,531.23,531.57,2,
2024-05-22T16:00:00Z,923,merged,supply,531.23,531.57,2,pivot;geometry=frozen
2024-05-22T18:00:00Z,918,broken_zone_expired,supply,522.42,522.67,2,
2024-05-22T18:00:00Z,921,broken_zone_expired,supply,521.8064164239554,522.41,1,
2024-05-22T19:00:00Z,924,touch,demand,528.48,528.78,2,
2024-05-22T19:00:00Z,925,touch,demand,527.32,527.9501321579944,1,
2024-05-22T19:00:00Z,927,broken,demand,529.07,529.28,1,
2024-05-22T19:00:00Z,929,created,supply,530.69,531.17,1,order_block
2024-05-22T20:00:00Z,924,rejection,demand,528.48,528.78,2,
2024-05-22T20:00:00Z,925,rejection,demand,527.32,527.9501321579944,1,
2024-05-22T20:00:00Z,929,volume_confluence,supply,530.69,531.17,2,POC:2024-05-22:530.828750
2024-05-23T14:30:00Z,929,touch,supply,530.69,531.17,2,
2024-05-23T15:00:00Z,927,role_flip_retest,supply,529.07,529.28,2,
2024-05-23T15:00:00Z,929,rejection,supply,530.69,531.17,2,
2024-05-23T15:00:00Z,930,created,demand,527.6,528.3655453842586,1,pivot
2024-05-23T16:00:00Z,923,touch,supply,531.23,531.57,2,
2024-05-23T16:00:00Z,927,broken,supply,529.07,529.28,2,
2024-05-23T17:00:00Z,923,rejection,supply,531.23,531.57,2,
2024-05-23T17:00:00Z,931,created,supply,532.8898890501599,533.07,1,pivot
2024-05-23T18:00:00Z,924,broken,demand,528.48,528.78,2,
2024-05-23T18:00:00Z,925,broken,demand,527.32,527.9501321579944,1,
2024-05-23T18:00:00Z,930,broken,demand,527.6,528.3655453842586,1,
2024-05-23T18:00:00Z,929,merged,supply,530.6763564440711,531.49,2,order_block;geometry=updated
2024-05-24T14:30:00Z,925,role_flip_retest,supply,527.32,527.9501321579944,2,
2024-05-24T14:30:00Z,930,role_flip_retest,supply,527.6,528.3655453842586,2,
2024-05-24T15:00:00Z,925,broken,supply,527.32,527.9501321579944,2,
2024-05-24T15:00:00Z,930,broken,supply,527.6,528.3655453842586,2,
2024-05-24T16:00:00Z,927,role_flip_retest,demand,529.07,529.28,2,
2024-05-24T16:00:00Z,933,created,demand,524.72,524.94,1,pivot
2024-05-24T16:00:00Z,933,volume_confluence,demand,524.72,524.94,2,POC:2024-05-23:524.893958
2024-05-24T19:00:00Z,934,created,supply,529.45,530.27,1,pivot
2024-05-24T20:00:00Z,930,role_flip_retest,demand,527.6,528.3655453842586,2,
2024-05-24T20:00:00Z,927,volume_confluence,demand,529.07,529.28,3,POC:2024-05-24:529.210625
2024-05-28T17:00:00Z,935,created,supply,530.26,530.51,1,pivot
2024-05-28T18:00:00Z,927,broken,demand,529.07,529.28,3,
2024-05-28T19:00:00Z,924,role_flip_retest,supply,528.48,528.78,3,
2024-05-28T19:00:00Z,925,role_flip_retest,demand,527.32,527.9501321579944,2,
2024-05-28T19:00:00Z,927,role_flip_retest,supply,529.07,529.28,3,
2024-05-28T19:00:00Z,905,capacity_expired,demand,493.86,494.91,1,
2024-05-28T20:00:00Z,924,broken,supply,528.48,528.78,3,
2024-05-28T20:00:00Z,927,broken,supply,529.07,529.28,3,
2024-05-28T20:00:00Z,934,touch,supply,529.45,530.27,1,
2024-05-29T14:30:00Z,925,broken,demand,527.32,527.9501321579944,2,
2024-05-29T14:30:00Z,930,broken,demand,527.6,528.3655453842586,2,
2024-05-29T16:00:00Z,934,rejection,supply,529.45,530.27,1,
2024-05-29T17:00:00Z,936,created,demand,525.37,525.68,1,pivot
2024-05-29T20:00:00Z,936,touch,demand,525.37,525.68,1,
2024-05-30T14:30:00Z,933,broken,demand,524.72,524.94,2,
2024-05-30T14:30:00Z,936,broken,demand,525.37,525.68,1,
2024-05-30T15:00:00Z,933,role_flip_retest,supply,524.72,524.94,3,
2024-05-30T19:00:00Z,937,created,demand,522.89,523.38,1,pivot
2024-05-30T20:00:00Z,937,broken,demand,522.89,523.38,1,
2024-05-31T15:00:00Z,920,touch,demand,519.74,520.344094469988,1,
2024-05-31T15:00:00Z,922,touch,demand,520.68,521.1,1,
2024-05-31T15:00:00Z,937,role_flip_retest,supply,522.89,523.38,2,
2024-05-31T15:00:00Z,933,merged,supply,524.67,525.2,4,order_block;geometry=updated
2024-05-31T16:00:00Z,922,broken,demand,520.68,521.1,1,
2024-05-31T17:00:00Z,920,broken,demand,519.74,520.344094469988,1,
2024-05-31T20:00:00Z,933,broken,supply,524.67,525.2,4,
2024-05-31T20:00:00Z,937,broken,supply,522.89,523.38,2,
2024-05-31T20:00:00Z,939,created,demand,518.36,519.4431587871339,1,pivot
2024-05-31T20:00:00Z,940,created,demand,518.36,519.3446898064855,1,order_block
2024-06-03T15:00:00Z,925,role_flip_retest,supply,527.32,527.9501321579944,2,
2024-06-03T15:00:00Z,930,role_flip_retest,supply,527.6,528.3655453842586,2,
2024-06-03T17:00:00Z,936,role_flip_retest,supply,525.37,525.68,2,
2024-06-03T17:00:00Z,937,role_flip_retest,demand,522.89,523.38,2,
2024-06-03T18:00:00Z,941,created,supply,528.1183821630285,529.31,1,pivot
2024-06-03T19:00:00Z,933,role_flip_retest,demand,524.67,525.2,4,
2024-06-03T19:00:00Z,906,capacity_expired,demand,495.95,497.16218332690113,1,
2024-06-03T20:00:00Z,936,broken,supply,525.37,525.68,2,
2024-06-04T15:00:00Z,925,touch,supply,527.32,527.9501321579944,2,
2024-06-04T15:00:00Z,930,touch,supply,527.6,528.3655453842586,2,
2024-06-04T16:00:00Z,925,rejection,supply,527.32,527.9501321579944,2,
2024-06-04T16:00:00Z,930,rejection,supply,527.6,528.3655453842586,2,
2024-06-04T17:00:00Z,936,role_flip_retest,demand,525.37,525.68,2,
2024-06-04T19:00:00Z,925,broken,supply,527.32,527.9501321579944,2,
2024-06-04T19:00:00Z,941,touch,supply,528.1183821630285,529.31,1,
2024-06-04T20:00:00Z,925,role_flip_retest,demand,527.32,527.9501321579944,2,
2024-06-05T14:30:00Z,929,touch,supply,530.6763564440711,531.49,2,
2024-06-05T14:30:00Z,930,broken,supply,527.6,528.3655453842586,2,
2024-06-05T14:30:00Z,934,touch,supply,529.45,530.27,1,
2024-06-05T14:30:00Z,935,touch,supply,530.26,530.51,1,
2024-06-05T14:30:00Z,941,broken,supply,528.1183821630285,529.31,1,
2024-06-05T15:00:00Z,924,role_flip_retest,demand,528.48,528.78,3,
2024-06-05T15:00:00Z,927,role_flip_retest,demand,529.07,529.28,3,
2024-06-05T15:00:00Z,934,broken,supply,529.45,530.27,1,
2024-06-05T15:00:00Z,935,broken,supply,530.26,530.51,1,
2024-06-05T15:00:00Z,941,role_flip_retest,demand,528.1183821630285,529.31,2,
2024-06-05T16:00:00Z,923,broken,supply,531.23,531.57,2,
2024-06-05T16:00:00Z,929,broken,supply,530.6763564440711,531.49,2,
2024-06-05T17:00:00Z,901,age_expired,demand,502.21,503.6714755361143,3,
2024-06-05T18:00:00Z,931,broken,supply,532.8898890501599,533.07,1,
2024-06-05T19:00:00Z,931,role_flip_retest,demand,532.8898890501599,533.07,2,
2024-06-06T16:00:00Z,903,age_expired,demand,499.12,500.24,3,
2024-06-06T17:00:00Z,942,created,supply,534.98,535.42,1,pivot
2024-06-06T19:00:00Z,931,touch,demand,532.8898890501599,533.07,2,
2024-06-06T20:00:00Z,931,rejection,demand,532.8898890501599,533.07,2,
2024-06-07T15:00:00Z,904,age_expired,demand,503.13,504.13,4,
2024-06-07T15:00:00Z,942,touch,supply,534.98,535.42,1,
2024-06-07T17:00:00Z,942,broken,supply,534.98,535.42,1,
2024-06-07T17:00:00Z,943,created,demand,532.53,533.4220033395985,1,pivot
2024-06-10T14:30:00Z,931,touch,demand,532.8898890501599,533.07,2,
2024-06-10T14:30:00Z,943,touch,demand,532.53,533.4220033395985,1,
2024-06-10T14:30:00Z,944,created,supply,536.35,536.89,1,pivot
2024-06-10T15:00:00Z,922,broken_zone_expired,demand,520.68,521.1,1,
2024-06-10T15:00:00Z,931,rejection,demand,532.8898890501599,533.07,2,
2024-06-10T15:00:00Z,943,rejection,demand,532.53,533.4220033395985,1,
2024-06-10T16:00:00Z,920,broken_zone_expired,demand,519.74,520.344094469988,1,
2024-06-10T17:00:00Z,931,merged,demand,532.57,533.09,3,pivot;geometry=updated
2024-06-10T17:00:00Z,931,qualified,demand,532.57,533.09,3,pivot|repeated_pivot|role_flip
2024-06-10T20:00:00Z,942,role_flip_retest,demand,534.98,535.42,2,
2024-06-11T14:30:00Z,942,broken,demand,534.98,535.42,2,
2024-06-11T16:00:00Z,946,created,supply,535.66,535.99,1,pivot
2024-06-11T17:00:00Z,947,created,demand,532.05,532.76,1,pivot
2024-06-11T19:00:00Z,944,touch,supply,536.35,536.89,1,
2024-06-11T19:00:00Z,946,broken,supply,535.66,535.99,1,
2024-06-11T20:00:00Z,946,role_flip_retest,demand,535.66,535.99,2,
2024-06-12T14:30:00Z,944,broken,supply,536.35,536.89,1,
2024-06-12T18:00:00Z,948,created,supply,543.09,543.96,1,pivot
2024-06-12T20:00:00Z,930,broken_zone_expired,supply,527.6,528.3655453842586,2,
2024-06-12T20:00:00Z,948,touch,supply,543.09,543.96,1,
2024-06-13T14:30:00Z,934,broken_zone_expired,supply,529.45,530.27,1,
2024-06-13T14:30:00Z,935,broken_zone_expired,supply,530.26,530.51,1,
2024-06-13T14:30:00Z,948,rejection,supply,543.09,543.96,1,
2024-06-13T15:00:00Z,923,broken_zone_expired,supply,531.23,531.57,2,
2024-06-13T15:00:00Z,929,broken_zone_expired,supply,530.6763564440711,531.49,2,
2024-06-13T16:00:00Z,949,created,supply,543.1110548210596,544.12,1,pivot
2024-06-13T20:00:00Z,949,touch,supply,543.1110548210596,544.12,1,
2024-06-13T20:00:00Z,950,created,demand,539.59,540.5318538956611,1,pivot
2024-06-14T14:30:00Z,909,age_expired,demand,497.49,498.2,1,
2024-06-14T15:00:00Z,949,rejection,supply,543.1110548210596,544.12,1,
2024-06-14T15:00:00Z,950,touch,demand,539.59,540.5318538956611,1,
2024-06-14T16:00:00Z,951,created,supply,542.5,543.33,1,pivot
2024-06-14T17:00:00Z,950,rejection,demand,539.59,540.5318538956611,1,
2024-06-14T20:00:00Z,951,touch,supply,542.5,543.33,1,
2024-06-17T15:00:00Z,951,touch,supply,542.5,543.33,1,
2024-06-17T16:00:00Z,948,touch,supply,543.09,543.96,1,
2024-06-17T16:00:00Z,949,touch,supply,543.1110548210596,544.12,1,
2024-06-17T16:00:00Z,951,broken,supply,542.5,543.33,1,
2024-06-17T17:00:00Z,948,broken,supply,543.09,543.96,1,
2024-06-17T17:00:00Z,949,broken,supply,543.1110548210596,544.12,1,
2024-06-17T20:00:00Z,910,age_expired,demand,510.08,510.75,2,
2024-06-18T15:00:00Z,952,created,supply,547.77,548.53,1,pivot
2024-06-18T20:00:00Z,942,broken_zone_expired,demand,534.98,535.42,2,
2024-06-20T14:30:00Z,952,broken,supply,547.77,548.53,1,
2024-06-20T15:00:00Z,952,role_flip_retest,demand,547.77,548.53,2,
2024-06-20T17:00:00Z,952,broken,demand,547.77,548.53,2,
2024-06-20T17:00:00Z,953,created,supply,549.61,550.12,1,pivot
2024-06-20T19:00:00Z,952,role_flip_retest,supply,547.77,548.53,2,
2024-06-20T20:00:00Z,944,broken_zone_expired,supply,536.35,536.89,1,
2024-06-21T14:30:00Z,951,role_flip_retest,demand,542.5,543.33,2,
2024-06-21T15:00:00Z,948,role_flip_retest,demand,543.09,543.96,2,
2024-06-21T15:00:00Z,949,role_flip_retest,demand,543.1110548210596,544.12,2,
2024-06-21T15:00:00Z,917,capacity_expired,demand,515.14,515.3237033822111,1,
2024-06-21T17:00:00Z,954,created,demand,543.02,543.85,1,pivot
2024-06-21T17:00:00Z,939,capacity_expired,demand,518.36,519.4431587871339,1,
2024-06-24T14:30:00Z,914,age_expired,demand,499.55,500.96430119256974,2,
2024-06-24T14:30:00Z,954,touch,demand,543.02,543.85,1,
2024-06-24T15:00:00Z,954,rejection,demand,543.02,543.85,1,
2024-06-24T18:00:00Z,948,touch,demand,543.09,543.96,2,
2024-06-24T18:00:00Z,949,touch,demand,543.1110548210596,544.12,2,
2024-06-24T18:00:00Z,955,created,supply,546.1003021632825,546.95,1,pivot
2024-06-24T19:00:00Z,948,rejection,demand,543.09,543.96,2,
2024-06-24T19:00:00Z,949,rejection,demand,543.1110548210596,544.12,2,
2024-06-24T20:00:00Z,948,broken,demand,543.09,543.96,2,
2024-06-24T20:00:00Z,949,broken,demand,543.1110548210596,544.12,2,
2024-06-24T20:00:00Z,951,touch,demand,542.5,543.33,2,
2024-06-24T20:00:00Z,954,broken,demand,543.02,543.85,1,
2024-06-25T14:30:00Z,949,role_flip_retest,supply,543.1110548210596,544.12,2,
2024-06-25T15:00:00Z,951,rejection,demand,542.5,543.33,2,
2024-06-25T16:00:00Z,949,broken,supply,543.1110548210596,544.12,2,
2024-06-25T16:00:00Z,956,created,demand,542.63,542.8079910715861,1,pivot
2024-06-25T17:00:00Z,948,role_flip_retest,supply,543.09,543.96,2,
2024-06-25T17:00:00Z,954,role_flip_retest,supply,543.02,543.85,2,
2024-06-25T18:00:00Z,954,broken,supply,543.02,543.85,2,
2024-06-25T19:00:00Z,948,broken,supply,543.09,543.96,2,
2024-06-25T19:00:00Z,949,role_flip_retest,demand,543.1110548210596,544.12,2,
2024-06-25T19:00:00Z,954,role_flip_retest,demand,543.02,543.85,2,
2024-06-26T14:30:00Z,948,role_flip_retest,demand,543.09,543.96,2,
2024-06-26T14:30:00Z,956,merged,demand,542.44,542.95,1,pivot;geometry=updated
2024-06-26T14:30:00Z,940,capacity_expired,demand,518.36,519.3446898064855,1,
2024-06-26T16:00:00Z,951,touch,demand,542.5,543.33,2,
2024-06-26T19:00:00Z,958,created,supply,545.280599780638,545.45,1,pivot
2024-06-26T19:00:00Z,943,capacity_expired,demand,532.53,533.4220033395985,1,
2024-06-26T20:00:00Z,955,touch,supply,546.1003021632825,546.95,1,
2024-06-27T14:30:00Z,958,broken,supply,545.280599780638,545.45,1,
2024-06-27T16:00:00Z,955,rejection,supply,546.1003021632825,546.95,1,
2024-06-27T17:00:00Z,958,role_flip_retest,demand,545.280599780638,545.45,2,
2024-06-27T18:00:00Z,959,created,supply,546.1993271149995,546.96,1,pivot
2024-06-27T18:00:00Z,947,capacity_expired,demand,532.05,532.76,1,
2024-06-27T20:00:00Z,959,touch,supply,546.1993271149995,546.96,1,
2024-06-28T14:30:00Z,952,touch,supply,547.77,548.53,2,
2024-06-28T14:30:00Z,955,broken,supply,546.1003021632825,546.95,1,
2024-06-28T14:30:00Z,959,broken,supply,546.1993271149995,546.96,1,
2024-06-28T15:00:00Z,952,broken,supply,547.77,548.53,2,
2024-06-28T15:00:00Z,953,touch,supply,549.61,550.12,1,
2024-06-28T15:00:00Z,960,created,demand,544.61,545.39,1,pivot
2024-06-28T16:00:00Z,953,rejection,supply,549.61,550.12,1,
2024-06-28T18:00:00Z,961,created,supply,549.4610059924163,550.28,1,pivot
2024-06-28T19:00:00Z,958,broken,demand,545.280599780638,545.45,2,
2024-06-28T19:00:00Z,960,touch,demand,544.61,545.39,1,
2024-06-28T20:00:00Z,948,touch,demand,543.09,543.96,2,
2024-06-28T20:00:00Z,949,touch,demand,543.1110548210596,544.12,2,
2024-06-28T20:00:00Z,951,touch,demand,542.5,543.33,2,
2024-06-28T20:00:00Z,954,touch,demand,543.02,543.85,2,
2024-06-28T20:00:00Z,956,touch,demand,542.44,542.95,1,
2024-06-28T20:00:00Z,958,role_flip_retest,supply,545.280599780638,545.45,2,
2024-06-28T20:00:00Z,960,broken,demand,544.61,545.39,1,
2024-07-01T15:00:00Z,948,touch,demand,543.09,543.96,2,
2024-07-01T15:00:00Z,951,touch,demand,542.5,543.33,2,
2024-07-01T15:00:00Z,954,touch,demand,543.02,543.85,2,
2024-07-01T15:00:00Z,956,touch,demand,542.44,542.95,1,
2024-07-01T15:00:00Z,960,role_flip_retest,supply,544.61,545.39,2,
2024-07-01T16:00:00Z,948,rejection,demand,543.09,543.96,2,
2024-07-01T16:00:00Z,949,rejection,demand,543.1110548210596,544.12,2,
2024-07-01T16:00:00Z,951,rejection,demand,542.5,543.33,2,
2024-07-01T16:00:00Z,954,rejection,demand,543.02,543.85,2,
2024-07-01T16:00:00Z,956,rejection,demand,542.44,542.95,1,
2024-07-01T18:00:00Z,962,created,demand,542.52,543.35,1,pivot
2024-07-02T15:00:00Z,958,broken,supply,545.280599780638,545.45,2,
2024-07-02T15:00:00Z,960,broken,supply,544.61,545.39,2,
2024-07-02T16:00:00Z,958,role_flip_retest,demand,545.280599780638,545.45,2,
2024-07-02T17:00:00Z,960,role_flip_retest,demand,544.61,545.39,2,
2024-07-02T18:00:00Z,955,role_flip_retest,demand,546.1003021632825,546.95,2,
2024-07-02T18:00:00Z,959,role_flip_retest,demand,546.1993271149995,546.96,2,
2024-07-02T18:00:00Z,950,capacity_expired,demand,539.59,540.5318538956611,1,
2024-07-02T18:00:00Z,953,capacity_expired,supply,549.61,550.12,1,
2024-07-02T20:00:00Z,952,role_flip_retest,demand,547.77,548.53,2,
2024-07-02T20:00:00Z,956,capacity_expired,demand,542.44,542.95,1,
2024-07-03T14:30:00Z,961,touch,supply,549.4610059924163,550.28,1,
2024-07-03T16:00:00Z,961,broken,supply,549.4610059924163,550.28,1,
2024-07-08T17:00:00Z,963,created,supply,556.02,556.26,1,pivot
2024-07-09T14:30:00Z,963,broken,supply,556.02,556.26,1,
2024-07-09T15:00:00Z,963,role_flip_retest,demand,556.02,556.26,2,
2024-07-09T15:00:00Z,964,created,demand,554.19,554.8501750686572,1,pivot
2024-07-09T15:00:00Z,962,capacity_expired,demand,542.52,543.35,1,
2024-07-09T19:00:00Z,963,broken,demand,556.02,556.26,2,
2024-07-09T20:00:00Z,963,role_flip_retest,supply,556.02,556.26,2,
2024-07-09T20:00:00Z,963,volume_confluence,supply,556.02,556.26,3,POC:2024-07-09:556.107917
2024-07-10T14:30:00Z,963,broken,supply,556.02,556.26,3,
2024-07-10T16:00:00Z,965,created,demand,555.52,555.85,1,pivot
2024-07-10T17:00:00Z,966,created,demand,556.92,557.27,1,order_block
2024-07-10T17:00:00Z,964,capacity_expired,demand,554.19,554.8501750686572,1,
2024-07-10T20:00:00Z,924,age_expired,demand,528.48,528.78,3,
2024-07-11T14:30:00Z,925,age_expired,demand,527.32,527.9501321579944,2,
2024-07-11T16:00:00Z,966,broken,demand,556.92,557.27,1,
2024-07-11T17:00:00Z,963,role_flip_retest,demand,556.02,556.26,3,
2024-07-11T17:00:00Z,966,role_flip_retest,supply,556.92,557.27,2,
2024-07-11T18:00:00Z,963,broken,demand,556.02,556.26,3,
2024-07-11T18:00:00Z,965,touch,demand,555.52,555.85,1,
2024-07-11T18:00:00Z,967,created,supply,561.95,562.33,1,pivot
2024-07-11T19:00:00Z,965,rejection,demand,555.52,555.85,1,
2024-07-12T14:30:00Z,966,broken,supply,556.92,557.27,2,
2024-07-12T15:00:00Z,965,merged,demand,555.52,556.021486701079,2,pivot;geometry=updated
2024-07-12T15:00:00Z,965,qualified,demand,555.52,556.021486701079,2,pivot|repeated_pivot
2024-07-12T16:00:00Z,927,age_expired,demand,529.07,529.28,3,
2024-07-12T18:00:00Z,961,broken_zone_expired,supply,549.4610059924163,550.28,1,
2024-07-12T18:00:00Z,967,broken,supply,561.95,562.33,1,
2024-07-15T14:30:00Z,969,created,supply,563.05,563.67,1,pivot
2024-07-15T15:00:00Z,967,role_flip_retest,demand,561.95,562.33,2,
2024-07-15T16:00:00Z,969,broken,supply,563.05,563.67,1,
2024-07-15T18:00:00Z,967,broken,demand,561.95,562.33,2,
2024-07-15T19:00:00Z,970,created,supply,563.8437124925374,564.84,1,pivot
2024-07-15T20:00:00Z,967,role_flip_retest,supply,561.95,562.33,2,
2024-07-15T20:00:00Z,967,volume_confluence,supply,561.95,562.33,3,POC:2024-07-15:562.126458
2024-07-16T14:30:00Z,967,broken,supply,561.95,562.33,3,
2024-07-16T15:00:00Z,967,role_flip_retest,demand,561.95,562.33,3,
2024-07-16T16:00:00Z,931,age_expired,demand,532.57,533.09,3,
2024-07-16T16:00:00Z,970,touch,supply,563.8437124925374,564.84,1,
2024-07-16T16:00:00Z,971,created,demand,559.63,560.6593580799833,1,pivot
2024-07-16T18:00:00Z,970,rejection,supply,563.8437124925374,564.84,1,
2024-07-16T19:00:00Z,969,role_flip_retest,demand,563.05,563.67,2,
2024-07-17T14:30:00Z,967,broken,demand,561.95,562.33,3,
2024-07-17T14:30:00Z,969,broken,demand,563.05,563.67,2,
2024-07-17T14:30:00Z,971,touch,demand,559.63,560.6593580799833,1,
2024-07-17T15:00:00Z,933,age_expired,demand,524.67,525.2,4,
2024-07-17T15:00:00Z,971,broken,demand,559.63,560.6593580799833,1,
2024-07-17T16:00:00Z,972,created,supply,564.85,565.16,1,pivot
2024-07-17T17:00:00Z,966,role_flip_retest,demand,556.92,557.27,2,
2024-07-18T14:30:00Z,966,merged,demand,556.61,557.32,3,pivot;geometry=updated
2024-07-18T15:00:00Z,965,touch,demand,555.52,556.021486701079,2,
2024-07-18T16:00:00Z,963,role_flip_retest,supply,556.02,556.26,3,
2024-07-18T16:00:00Z,965,broken,demand,555.52,556.021486701079,2,
2024-07-18T16:00:00Z,966,broken,demand,556.61,557.32,3,
2024-07-18T16:00:00Z,974,created,supply,558.51,558.89,1,order_block
2024-07-18T18:00:00Z,974,merged,supply,558.51,559.52,2,pivot;geometry=updated
2024-07-19T16:00:00Z,936,age_expired,demand,525.37,525.68,2,
2024-07-19T18:00:00Z,952,touch,demand,547.77,548.53,2,
2024-07-22T14:30:00Z,976,created,demand,547.91,549.2571803542577,1,pivot
2024-07-22T18:00:00Z,937,age_expired,demand,522.89,523.38,2,
2024-07-23T15:00:00Z,963,touch,supply,556.02,556.26,3,
2024-07-23T15:00:00Z,965,role_flip_retest,supply,555.52,556.021486701079,3,
2024-07-23T16:00:00Z,965,broken,supply,555.52,556.021486701079,3,
2024-07-23T16:00:00Z,966,role_flip_retest,supply,556.61,557.32,3,
2024-07-23T17:00:00Z,963,rejection,supply,556.02,556.26,3,
2024-07-23T19:00:00Z,963,merged,supply,556.02,556.74,4,pivot;geometry=updated
2024-07-23T19:00:00Z,963,qualified,supply,556.02,556.74,4,pivot|repeated_pivot|role_flip|volume_profile
2024-07-24T14:30:00Z,952,broken,demand,547.77,548.53,2,
2024-07-24T14:30:00Z,955,touch,demand,546.1003021632825,546.95,2,
2024-07-24T14:30:00Z,959,touch,demand,546.1993271149995,546.96,2,
2024-07-24T14:30:00Z,976,broken,demand,547.91,549.2571803542577,1,
2024-07-24T15:00:00Z,955,broken,demand,546.1003021632825,546.95,2,
2024-07-24T15:00:00Z,958,touch,demand,545.280599780638,545.45,2,
2024-07-24T15:00:00Z,959,broken,demand,546.1993271149995,546.96,2,
2024-07-24T15:00:00Z,960,touch,demand,544.61,545.39,2,
2024-07-24T16:00:00Z,958,broken,demand,545.280599780638,545.45,2,
2024-07-24T16:00:00Z,960,broken,demand,544.61,545.39,2,
2024-07-24T17:00:00Z,941,age_expired,demand,528.1183821630285,529.31,2,
2024-07-24T17:00:00Z,948,touch,demand,543.09,543.96,2,
2024-07-24T17:00:00Z,949,touch,demand,543.1110548210596,544.12,2,
2024-07-24T17:00:00Z,954,touch,demand,543.02,543.85,2,
2024-07-24T17:00:00Z,960,role_flip_retest,supply,544.61,545.39,2,
2024-07-24T19:00:00Z,948,broken,demand,543.09,543.96,2,
2024-07-24T19:00:00Z,949,broken,demand,543.1110548210596,544.12,2,
2024-07-24T19:00:00Z,951,touch,demand,542.5,543.33,2,
2024-07-24T19:00:00Z,954,broken,demand,543.02,543.85,2,
2024-07-24T20:00:00Z,951,broken,demand,542.5,543.33,2,
2024-07-24T20:00:00Z,967,broken_zone_expired,demand,561.95,562.33,3,
2024-07-24T20:00:00Z,969,broken_zone_expired,demand,563.05,563.67,2,
2024-07-25T14:30:00Z,971,broken_zone_expired,demand,559.63,560.6593580799833,1,
2024-07-25T17:00:00Z,959,role_flip_retest,supply,546.1993271149995,546.96,2,
2024-07-25T17:00:00Z,960,broken,supply,544.61,545.39,2,
2024-07-25T18:00:00Z,955,role_flip_retest,supply,546.1003021632825,546.95,2,
2024-07-25T18:00:00Z,958,role_flip_retest,supply,545.280599780638,545.45,2,
2024-07-25T18:00:00Z,978,created,demand,537.45,538.8577585332373,1,pivot
2024-07-25T19:00:00Z,948,role_flip_retest,supply,543.09,543.96,2,
2024-07-25T19:00:00Z,949,role_flip_retest,supply,543.1110548210596,544.12,2,
2024-07-25T19:00:00Z,951,role_flip_retest,supply,542.5,543.33,2,
2024-07-25T19:00:00Z,954,role_flip_retest,supply,543.02,543.85,2,
2024-07-25T20:00:00Z,978,touch,demand,537.45,538.8577585332373,1,
2024-07-26T14:30:00Z,978,rejection,demand,537.45,538.8577585332373,1,
2024-07-26T14:30:00Z,959,merged,supply,546.13,547.46,3,pivot;geometry=updated
2024-07-26T14:30:00Z,959,qualified,supply,546.13,547.46,3,pivot|repeated_pivot|role_flip
2024-07-26T16:00:00Z,948,broken,supply,543.09,543.96,2,
2024-07-26T16:00:00Z,949,broken,supply,543.1110548210596,544.12,2,
2024-07-26T16:00:00Z,951,broken,supply,542.5,543.33,2,
2024-07-26T16:00:00Z,954,broken,supply,543.02,543.85,2,
2024-07-26T17:00:00Z,958,broken,supply,545.280599780638,545.45,2,
2024-07-26T17:00:00Z,959,touch,supply,546.13,547.46,3,
2024-07-26T17:00:00Z,960,role_flip_retest,demand,544.61,545.39,2,
2024-07-26T18:00:00Z,949,role_flip_retest,demand,543.1110548210596,544.12,2,
2024-07-26T18:00:00Z,959,rejection,supply,546.13,547.46,3,
2024-07-26T19:00:00Z,960,broken,demand,544.61,545.39,2,
2024-07-26T20:00:00Z,948,role_flip_retest,demand,543.09,543.96,2,
2024-07-26T20:00:00Z,951,role_flip_retest,demand,542.5,543.33,2,
2024-07-26T20:00:00Z,954,role_flip_retest,demand,543.02,543.85,2,
2024-07-26T20:00:00Z,960,role_flip_retest,supply,544.61,545.39,2,
2024-07-26T20:00:00Z,960,volume_confluence,supply,544.61,545.39,3,POC:2024-07-26:544.696250
2024-07-29T14:30:00Z,955,touch,supply,546.1003021632825,546.95,2,
2024-07-29T14:30:00Z,958,role_flip_retest,demand,545.280599780638,545.45,2,
2024-07-29T14:30:00Z,960,broken,supply,544.61,545.39,3,
2024-07-29T14:30:00Z,959,merged,supply,546.13,547.46,3,pivot;geometry=frozen
2024-07-29T15:00:00Z,955,rejection,supply,546.1003021632825,546.95,2,
2024-07-29T15:00:00Z,958,broken,demand,545.280599780638,545.45,2,
2024-07-29T16:00:00Z,960,role_flip_retest,demand,544.61,545.39,3,
2024-07-29T19:00:00Z,958,role_flip_retest,supply,545.280599780638,545.45,2,
2024-07-29T19:00:00Z,981,created,demand,542.72,544.1089697244415,1,pivot
2024-07-30T14:30:00Z,958,broken,supply,545.280599780638,545.45,2,
2024-07-30T14:30:00Z,959,touch,supply,546.13,547.46,3,
2024-07-30T15:00:00Z,948,touch,demand,543.09,543.96,2,
2024-07-30T15:00:00Z,949,touch,demand,543.1110548210596,544.12,2,
2024-07-30T15:00:00Z,954,touch,demand,543.02,543.85,2,
2024-07-30T15:00:00Z,959,rejection,supply,546.13,547.46,3,
2024-07-30T15:00:00Z,960,broken,demand,544.61,545.39,3,
2024-07-30T15:00:00Z,981,touch,demand,542.72,544.1089697244415,1,
2024-07-30T16:00:00Z,948,broken,demand,543.09,543.96,2,
2024-07-30T16:00:00Z,949,broken,demand,543.1110548210596,544.12,2,
2024-07-30T16:00:00Z,951,broken,demand,542.5,543.33,2,
2024-07-30T16:00:00Z,954,broken,demand,543.02,543.85,2,
2024-07-30T16:00:00Z,981,broken,demand,542.72,544.1089697244415,1,
2024-07-30T16:00:00Z,982,created,supply,545.62,546.78,1,order_block
2024-07-30T16:00:00Z,982,volume_confluence,supply,545.62,546.78,2,POC:2024-07-29:545.696875
2024-07-30T17:00:00Z,978,touch,demand,537.45,538.8577585332373,1,
2024-07-30T17:00:00Z,955,merged,supply,546.1003021632825,547.34,3,pivot;geometry=updated
2024-07-30T17:00:00Z,955,qualified,supply,546.1003021632825,547.34,3,pivot|repeated_pivot|role_flip
2024-07-30T18:00:00Z,978,rejection,demand,537.45,538.8577585332373,1,
2024-07-30T19:00:00Z,951,role_flip_retest,supply,542.5,543.33,2,
2024-07-30T20:00:00Z,948,role_flip_retest,supply,543.09,543.96,2,
2024-07-30T20:00:00Z,949,role_flip_retest,supply,543.1110548210596,544.12,2,
2024-07-30T20:00:00Z,954,role_flip_retest,supply,543.02,543.85,2,
2024-07-30T20:00:00Z,981,role_flip_retest,supply,542.72,544.1089697244415,2,
2024-07-31T14:30:00Z,948,broken,supply,543.09,543.96,2,
2024-07-31T14:30:00Z,949,broken,supply,543.1110548210596,544.12,2,
2024-07-31T14:30:00Z,951,broken,supply,542.5,543.33,2,
2024-07-31T14:30:00Z,954,broken,supply,543.02,543.85,2,
2024-07-31T14:30:00Z,955,broken,supply,546.1003021632825,547.34,3,
2024-07-31T14:30:00Z,959,broken,supply,546.13,547.46,3,
2024-07-31T14:30:00Z,981,broken,supply,542.72,544.1089697244415,2,
2024-07-31T14:30:00Z,982,broken,supply,545.62,546.78,2,
2024-07-31T14:30:00Z,978,merged,demand,537.45,538.87,2,pivot;geometry=updated
2024-07-31T14:30:00Z,978,qualified,demand,537.45,538.87,2,pivot|repeated_pivot
2024-07-31T15:00:00Z,965,broken_zone_expired,supply,555.52,556.021486701079,3,
2024-07-31T20:00:00Z,952,broken_zone_expired,demand,547.77,548.53,2,
2024-07-31T20:00:00Z,976,broken_zone_expired,demand,547.91,549.2571803542577,1,
2024-08-01T15:00:00Z,946,age_expired,demand,535.66,535.99,2,
2024-08-01T15:00:00Z,955,role_flip_retest,demand,546.1003021632825,547.34,3,
2024-08-01T15:00:00Z,959,role_flip_retest,demand,546.13,547.46,3,
2024-08-01T16:00:00Z,955,broken,demand,546.1003021632825,547.34,3,
2024-08-01T16:00:00Z,959,broken,demand,546.13,547.46,3,
2024-08-01T17:00:00Z,951,role_flip_retest,demand,542.5,543.33,2,
2024-08-01T17:00:00Z,955,role_flip_retest,supply,546.1003021632825,547.34,3,
2024-08-01T17:00:00Z,959,role_flip_retest,supply,546.13,547.46,3,
2024-08-01T17:00:00Z,960,role_flip_retest,supply,544.61,545.39,3,
2024-08-01T17:00:00Z,985,created,supply,554.04,554.87,1,pivot
2024-08-01T19:00:00Z,951,broken,demand,542.5,543.33,2,
2024-08-02T14:30:00Z,978,broken,demand,537.45,538.87,2,
2024-08-02T15:00:00Z,986,created,supply,541.5215546449627,543.47,1,order_block
2024-08-02T15:00:00Z,986,volume_confluence,supply,541.5215546449627,543.47,2,POC:2024-08-01:542.968333
2024-08-02T19:00:00Z,987,created,demand,528.6,529.27,1,pivot
2024-08-05T14:30:00Z,987,broken,demand,528.6,529.27,1,
2024-08-05T17:00:00Z,988,created,demand,510.27,511.64,1,pivot
2024-08-06T19:00:00Z,987,role_flip_retest,supply,528.6,529.27,2,
2024-08-06T20:00:00Z,958,broken_zone_expired,supply,545.280599780638,545.45,2,
2024-08-07T14:30:00Z,987,broken,supply,528.6,529.27,2,
2024-08-07T15:00:00Z,987,role_flip_retest,demand,528.6,529.27,2,
2024-08-07T16:00:00Z,987,broken,demand,528.6,529.27,2,
2024-08-07T18:00:00Z,989,created,supply,531.04,531.59,1,pivot
2024-08-07T20:00:00Z,948,broken_zone_expired,supply,543.09,543.96,2,
2024-08-07T20:00:00Z,949,broken_zone_expired,supply,543.1110548210596,544.12,2,
2024-08-07T20:00:00Z,954,broken_zone_expired,supply,543.02,543.85,2,
2024-08-07T20:00:00Z,981,broken_zone_expired,supply,542.72,544.1089697244415,2,
2024-08-07T20:00:00Z,982,broken_zone_expired,supply,545.62,546.78,2,
2024-08-08T16:00:00Z,990,created,demand,518.05,518.65,1,pivot
2024-08-08T17:00:00Z,987,role_flip_retest,supply,528.6,529.27,2,
2024-08-08T18:00:00Z,987,broken,supply,528.6,529.27,2,
2024-08-08T19:00:00Z,989,touch,supply,531.04,531.59,1,
2024-08-08T20:00:00Z,987,role_flip_retest,demand,528.6,529.27,2,
2024-08-09T14:30:00Z,989,touch,supply,531.04,531.59,1,
2024-08-09T16:00:00Z,989,rejection,supply,531.04,531.59,1,
2024-08-09T18:00:00Z,951,broken_zone_expired,demand,542.5,543.33,2,
2024-08-09T18:00:00Z,989,broken,supply,531.04,531.59,1,
2024-08-09T19:00:00Z,989,role_flip_retest,demand,531.04,531.59,2,
2024-08-09T20:00:00Z,978,broken_zone_expired,demand,537.45,538.87,2,
2024-08-12T14:30:00Z,991,created,supply,532.732215740209,534.51,1,pivot
2024-08-12T15:00:00Z,991,broken,supply,532.732215740209,534.51,1,
2024-08-12T16:00:00Z,991,role_flip_retest,demand,532.732215740209,534.51,2,
2024-08-12T18:00:00Z,991,broken,demand,532.732215740209,534.51,2,
2024-08-12T19:00:00Z,992,created,supply,535.22,535.73,1,pivot
2024-08-13T14:30:00Z,992,broken,supply,535.22,535.73,1,
2024-08-13T17:00:00Z,955,age_expired,supply,546.1003021632825,547.34,3,
2024-08-13T20:00:00Z,986,touch,supply,541.5215546449627,543.47,2,
2024-08-14T14:30:00Z,986,rejection,supply,541.5215546449627,543.47,2,
2024-08-14T16:00:00Z,960,touch,supply,544.61,545.39,3,
2024-08-14T16:00:00Z,986,broken,supply,541.5215546449627,543.47,2,
2024-08-14T17:00:00Z,960,rejection,supply,544.61,545.39,3,
2024-08-14T19:00:00Z,986,role_flip_retest,demand,541.5215546449627,543.47,3,
2024-08-14T20:00:00Z,960,merged,supply,544.61,545.39,4,pivot;geometry=updated
2024-08-14T20:00:00Z,960,qualified,supply,544.61,545.39,4,pivot|repeated_pivot|role_flip|volume_profile
2024-08-15T14:30:00Z,959,broken,supply,546.13,547.46,3,
2024-08-15T14:30:00Z,960,broken,supply,544.61,545.39,4,
2024-08-16T17:00:00Z,985,touch,supply,554.04,554.87,1,
2024-08-16T20:00:00Z,994,created,supply,554.7927461078375,555.02,1,pivot
2024-08-19T14:30:00Z,985,broken,supply,554.04,554.87,1,
2024-08-19T15:00:00Z,963,touch,supply,556.02,556.74,4,
2024-08-19T15:00:00Z,966,touch,supply,556.61,557.32,3,
2024-08-19T15:00:00Z,985,role_flip_retest,demand,554.04,554.87,2,
2024-08-19T15:00:00Z,994,broken,supply,554.7927461078375,555.02,1,
2024-08-19T16:00:00Z,966,rejection,supply,556.61,557.32,3,
2024-08-19T17:00:00Z,963,broken,supply,556.02,556.74,4,
2024-08-19T18:00:00Z,966,broken,supply,556.61,557.32,3,
2024-08-19T20:00:00Z,974,touch,supply,558.51,559.52,2,
2024-08-20T14:30:00Z,974,broken,supply,558.51,559.52,2,
2024-08-20T17:00:00Z,991,broken_zone_expired,demand,532.732215740209,534.51,2,
2024-08-20T17:00:00Z,995,created,supply,560.6297434016091,560.84,1,pivot
2024-08-20T18:00:00Z,966,role_flip_retest,demand,556.61,557.32,3,
2024-08-20T20:00:00Z,992,broken_zone_expired,supply,535.22,535.73,1,
2024-08-21T14:30:00Z,974,role_flip_retest,demand,558.51,559.52,3,
2024-08-21T14:30:00Z,996,created,demand,557.32,558.05,1,pivot
2024-08-21T14:30:00Z,996,volume_confluence,demand,557.32,558.05,2,POC:2024-08-19:557.792500
2024-08-21T15:00:00Z,995,touch,supply,560.6297434016091,560.84,1,
2024-08-21T16:00:00Z,995,rejection,supply,560.6297434016091,560.84,1,
2024-08-21T17:00:00Z,996,touch,demand,557.32,558.05,2,
2024-08-21T18:00:00Z,997,created,supply,561.1535740338963,562.11,1,pivot
2024-08-21T19:00:00Z,996,rejection,demand,557.32,558.05,2,
2024-08-21T20:00:00Z,998,created,demand,557.99,558.89,1,pivot
2024-08-21T20:00:00Z,998,volume_confluence,demand,557.99,558.89,2,POC:2024-08-20:558.420000
2024-08-22T14:30:00Z,995,broken,supply,560.6297434016091,560.84,1,
2024-08-22T14:30:00Z,997,broken,supply,561.1535740338963,562.11,1,
2024-08-22T16:00:00Z,966,touch,demand,556.61,557.32,3,
2024-08-22T16:00:00Z,974,broken,demand,558.51,559.52,3,
2024-08-22T16:00:00Z,998,broken,demand,557.99,558.89,2,
2024-08-22T16:00:00Z,999,created,supply,560.7138401296327,561.71,1,order_block
2024-08-22T17:00:00Z,974,role_flip_retest,supply,558.51,559.52,3,
2024-08-22T17:00:00Z,998,role_flip_retest,supply,557.99,558.89,3,
2024-08-22T17:00:00Z,1000,created,supply,562.56,563.18,1,pivot
2024-08-22T18:00:00Z,966,broken,demand,556.61,557.32,3,
2024-08-22T18:00:00Z,996,broken,demand,557.32,558.05,2,
2024-08-22T19:00:00Z,966,role_flip_retest,supply,556.61,557.32,3,
2024-08-22T20:00:00Z,959,broken_zone_expired,supply,546.13,547.46,3,
2024-08-22T20:00:00Z,960,broken_zone_expired,supply,544.61,545.39,4,
2024-08-22T20:00:00Z,994,role_flip_retest,demand,554.7927461078375,555.02,2,
2024-08-22T20:00:00Z,966,volume_confluence,supply,556.61,557.32,4,POC:2024-08-22:557.200833
2024-08-23T14:30:00Z,966,broken,supply,556.61,557.32,4,
2024-08-23T14:30:00Z,974,broken,supply,558.51,559.52,3,
2024-08-23T14:30:00Z,998,broken,supply,557.99,558.89,3,
2024-08-23T15:00:00Z,974,role_flip_retest,demand,558.51,559.52,3,
2024-08-23T15:00:00Z,998,role_flip_retest,demand,557.99,558.89,3,
2024-08-23T15:00:00Z,999,touch,supply,560.7138401296327,561.71,1,
2024-08-23T15:00:00Z,1000,touch,supply,562.56,563.18,1,
2024-08-23T16:00:00Z,999,rejection,supply,560.7138401296327,561.71,1,
2024-08-23T16:00:00Z,1000,rejection,supply,562.56,563.18,1,
2024-08-23T16:00:00Z,1001,created,demand,554.98,556.03,1,pivot
2024-08-23T17:00:00Z,966,role_flip_retest,demand,556.61,557.32,4,
2024-08-23T18:00:00Z,1002,created,supply,561.7405465074679,563.09,1,pivot
2024-08-23T20:00:00Z,995,role_flip_retest,demand,560.6297434016091,560.84,2,
2024-08-23T20:00:00Z,999,broken,supply,560.7138401296327,561.71,1,
2024-08-23T20:00:00Z,1002,touch,supply,561.7405465074679,563.09,1,
2024-08-26T14:30:00Z,970,touch,supply,563.8437124925374,564.84,1,
2024-08-26T15:00:00Z,970,rejection,supply,563.8437124925374,564.84,1,
2024-08-26T15:00:00Z,1002,rejection,supply,561.7405465074679,563.09,1,
2024-08-26T16:00:00Z,995,broken,demand,560.6297434016091,560.84,2,
2024-08-26T17:00:00Z,1003,created,supply,563.14,563.91,1,pivot
2024-08-26T18:00:00Z,974,touch,demand,558.51,559.52,3,
2024-08-26T18:00:00Z,995,role_flip_retest,supply,560.6297434016091,560.84,2,
2024-08-26T19:00:00Z,974,rejection,demand,558.51,559.52,3,
2024-08-27T14:30:00Z,998,touch,demand,557.99,558.89,3,
2024-08-27T15:00:00Z,995,broken,supply,560.6297434016091,560.84,2,
2024-08-27T15:00:00Z,998,rejection,demand,557.99,558.89,3,
2024-08-27T16:00:00Z,963,broken_zone_expired,supply,556.02,556.74,4,
2024-08-27T16:00:00Z,1002,touch,supply,561.7405465074679,563.09,1,
2024-08-27T17:00:00Z,1004,created,demand,558.32,559.49,1,pivot
2024-08-27T18:00:00Z,995,role_flip_retest,demand,560.6297434016091,560.84,2,
2024-08-27T18:00:00Z,999,role_flip_retest,demand,560.7138401296327,561.71,2,
2024-08-27T18:00:00Z,1002,touch,supply,561.7405465074679,563.09,1,
2024-08-27T19:00:00Z,1002,rejection,supply,561.7405465074679,563.09,1,
2024-08-27T20:00:00Z,966,age_expired,demand,556.61,557.32,4,
2024-08-27T20:00:00Z,999,volume_confluence,demand,560.7138401296327,561.71,3,POC:2024-08-27:561.358750
2024-08-28T15:00:00Z,974,touch,demand,558.51,559.52,3,
2024-08-28T15:00:00Z,995,broken,demand,560.6297434016091,560.84,2,
2024-08-28T15:00:00Z,999,broken,demand,560.7138401296327,561.71,3,
2024-08-28T15:00:00Z,1004,touch,demand,558.32,559.49,1,
2024-08-28T15:00:00Z,1005,created,supply,561.8403425742914,562.06,1,pivot
2024-08-28T16:00:00Z,998,touch,demand,557.99,558.89,3,
2024-08-28T18:00:00Z,974,broken,demand,558.51,559.52,3,
2024-08-28T18:00:00Z,996,role_flip_retest,supply,557.32,558.05,3,
2024-08-28T18:00:00Z,998,broken,demand,557.99,558.89,3,
2024-08-28T18:00:00Z,1001,touch,demand,554.98,556.03,1,
2024-08-28T18:00:00Z,1004,broken,demand,558.32,559.49,1,
2024-08-28T18:00:00Z,1006,created,supply,558.45,558.67,1,order_block
2024-08-28T19:00:00Z,1001,rejection,demand,554.98,556.03,1,
2024-08-28T20:00:00Z,974,role_flip_retest,supply,558.51,559.52,3,
2024-08-28T20:00:00Z,996,broken,supply,557.32,558.05,3,
2024-08-28T20:00:00Z,1006,touch,supply,558.45,558.67,1,
2024-08-29T14:30:00Z,974,broken,supply,558.51,559.52,3,
2024-08-29T14:30:00Z,1006,broken,supply,558.45,558.67,1,
2024-08-29T15:00:00Z,997,role_flip_retest,demand,561.1535740338963,562.11,2,
2024-08-29T15:00:00Z,1000,touch,supply,562.56,563.18,1,
2024-08-29T15:00:00Z,1002,touch,supply,561.7405465074679,563.09,1,
2024-08-29T15:00:00Z,1005,touch,supply,561.8403425742914,562.06,1,
2024-08-29T15:00:00Z,1001,merged,demand,554.98,556.03,2,pivot;geometry=updated
2024-08-29T15:00:00Z,1001,qualified,demand,554.98,556.03,2,pivot|repeated_pivot
2024-08-29T16:00:00Z,1003,touch,supply,563.14,563.91,1,
2024-08-29T16:00:00Z,1005,broken,supply,561.8403425742914,562.06,1,
2024-08-29T18:00:00Z,1005,role_flip_retest,demand,561.8403425742914,562.06,2,
2024-08-29T19:00:00Z,995,role_flip_retest,supply,560.6297434016091,560.84,2,
2024-08-29T19:00:00Z,996,role_flip_retest,demand,557.32,558.05,3,
2024-08-29T19:00:00Z,997,broken,demand,561.1535740338963,562.11,2,
2024-08-29T19:00:00Z,999,role_flip_retest,supply,560.7138401296327,561.71,3,
2024-08-29T19:00:00Z,1003,rejection,supply,563.14,563.91,1,
2024-08-29T19:00:00Z,1005,broken,demand,561.8403425742914,562.06,2,
2024-08-29T20:00:00Z,1003,merged,supply,563.11,563.91,2,pivot;geometry=updated
2024-08-29T20:00:00Z,1003,qualified,supply,563.11,563.91,2,pivot|repeated_pivot
2024-08-30T14:30:00Z,995,broken,supply,560.6297434016091,560.84,2,
2024-08-30T14:30:00Z,1002,touch,supply,561.7405465074679,563.09,1,
2024-08-30T14:30:00Z,1005,role_flip_retest,supply,561.8403425742914,562.06,2,
2024-08-30T15:00:00Z,997,role_flip_retest,supply,561.1535740338963,562.11,2,
2024-08-30T15:00:00Z,1002,rejection,supply,561.7405465074679,563.09,1,
2024-08-30T15:00:00Z,1009,created,demand,557.18,558.4821597209802,1,pivot
2024-08-30T16:00:00Z,1006,role_flip_retest,demand,558.45,558.67,2,
2024-08-30T19:00:00Z,974,role_flip_retest,demand,558.51,559.52,3,
2024-08-30T19:00:00Z,999,touch,supply,560.7138401296327,561.71,3,
2024-08-30T20:00:00Z,970,touch,supply,563.8437124925374,564.84,1,
2024-08-30T20:00:00Z,995,role_flip_retest,demand,560.6297434016091,560.84,2,
2024-08-30T20:00:00Z,997,broken,supply,561.1535740338963,562.11,2,
2024-08-30T20:00:00Z,999,broken,supply,560.7138401296327,561.71,3,
2024-08-30T20:00:00Z,1000,broken,supply,562.56,563.18,1,
2024-08-30T20:00:00Z,1002,broken,supply,561.7405465074679,563.09,1,
2024-08-30T20:00:00Z,1003,touch,supply,563.11,563.91,2,
2024-08-30T20:00:00Z,1005,broken,supply,561.8403425742914,562.06,2,
2024-08-30T20:00:00Z,1010,created,demand,557.14,558.475835884568,1,pivot
2024-09-03T14:30:00Z,970,rejection,supply,563.8437124925374,564.84,1,
2024-09-03T14:30:00Z,995,broken,demand,560.6297434016091,560.84,2,
2024-09-03T14:30:00Z,1003,rejection,supply,563.11,563.91,2,
2024-09-03T14:30:00Z,1009,touch,demand,557.18,558.4821597209802,1,
2024-09-03T15:00:00Z,970,age_expired,supply,563.8437124925374,564.84,1,
2024-09-03T15:00:00Z,974,broken,demand,558.51,559.52,3,
2024-09-03T15:00:00Z,996,broken,demand,557.32,558.05,3,
2024-09-03T15:00:00Z,998,role_flip_retest,supply,557.99,558.89,3,
2024-09-03T15:00:00Z,1001,touch,demand,554.98,556.03,2,
2024-09-03T15:00:00Z,1004,role_flip_retest,supply,558.32,559.49,2,
2024-09-03T15:00:00Z,1006,broken,demand,558.45,558.67,2,
2024-09-03T15:00:00Z,1009,broken,demand,557.18,558.4821597209802,1,
2024-09-03T15:00:00Z,1010,broken,demand,557.14,558.475835884568,1,
2024-09-03T15:00:00Z,1011,created,supply,562.8285307769388,564.2,1,order_block
2024-09-03T16:00:00Z,1003,merged,supply,563.11,563.91,2,pivot;geometry=frozen
2024-09-03T17:00:00Z,985,touch,demand,554.04,554.87,2,
2024-09-03T17:00:00Z,994,touch,demand,554.7927461078375,555.02,2,
2024-09-03T18:00:00Z,994,broken,demand,554.7927461078375,555.02,2,
2024-09-03T18:00:00Z,1001,broken,demand,554.98,556.03,2,
2024-09-03T19:00:00Z,985,broken,demand,554.04,554.87,2,
2024-09-04T16:00:00Z,985,role_flip_retest,supply,554.04,554.87,2,
2024-09-04T16:00:00Z,1013,created,demand,549.51,550.997519521016,1,pivot
2024-09-04T18:00:00Z,1013,touch,demand,549.51,550.997519521016,1,
2024-09-04T19:00:00Z,972,age_expired,supply,564.85,565.16,1,
2024-09-05T14:30:00Z,1013,rejection,demand,549.51,550.997519521016,1,
2024-09-05T16:00:00Z,1013,broken,demand,549.51,550.997519521016,1,
2024-09-05T18:00:00Z,1014,created,supply,552.3815958310824,553.8,1,pivot
2024-09-05T20:00:00Z,1015,created,demand,547.1,547.48,1,pivot
2024-09-06T14:30:00Z,1013,role_flip_retest,supply,549.51,550.997519521016,2,
2024-09-06T14:30:00Z,1013,volume_confluence,supply,549.51,550.997519521016,3,POC:2024-09-05:550.310417
2024-09-06T15:00:00Z,986,touch,demand,541.5215546449627,543.47,3,
2024-09-06T15:00:00Z,1015,broken,demand,547.1,547.48,1,
2024-09-06T15:00:00Z,1016,created,supply,549.2706251427329,550.7,1,order_block
2024-09-06T15:00:00Z,1016,volume_confluence,supply,549.2706251427329,550.7,2,POC:2024-09-05:550.310417
2024-09-06T16:00:00Z,986,broken,demand,541.5215546449627,543.47,3,
2024-09-06T17:00:00Z,1017,created,supply,549.9930495613982,551.6,1,pivot
2024-09-06T17:00:00Z,1017,volume_confluence,supply,549.9930495613982,551.6,2,POC:2024-09-05:550.310417
2024-09-06T18:00:00Z,986,role_flip_retest,supply,541.5215546449627,543.47,3,
2024-09-09T14:30:00Z,986,broken,supply,541.5215546449627,543.47,3,
2024-09-09T15:00:00Z,1018,created,demand,539.44,540.45,1,pivot
2024-09-09T15:00:00Z,1018,volume_confluence,demand,539.44,540.45,2,POC:2024-09-06:540.200000
2024-09-09T16:00:00Z,986,role_flip_retest,demand,541.5215546449627,543.47,3,
2024-09-09T18:00:00Z,1015,role_flip_retest,supply,547.1,547.48,2,
2024-09-10T14:30:00Z,1015,broken,supply,547.1,547.48,2,
2024-09-10T17:00:00Z,986,touch,demand,541.5215546449627,543.47,3,
2024-09-10T17:00:00Z,1019,created,supply,548.3370989491273,548.66,1,pivot
2024-09-10T18:00:00Z,986,rejection,demand,541.5215546449627,543.47,3,
2024-09-10T19:00:00Z,997,broken_zone_expired,supply,561.1535740338963,562.11,2,
2024-09-10T19:00:00Z,999,broken_zone_expired,supply,560.7138401296327,561.71,3,
2024-09-10T19:00:00Z,1000,broken_zone_expired,supply,562.56,563.18,1,
2024-09-10T19:00:00Z,1002,broken_zone_expired,supply,561.7405465074679,563.09,1,
2024-09-10T19:00:00Z,1005,broken_zone_expired,supply,561.8403425742914,562.06,2,
2024-09-10T19:00:00Z,1015,role_flip_retest,demand,547.1,547.48,2,
2024-09-10T19:00:00Z,1019,touch,supply,548.3370989491273,548.66,1,
2024-09-10T20:00:00Z,995,broken_zone_expired,demand,560.6297434016091,560.84,2,
2024-09-10T20:00:00Z,1019,broken,supply,548.3370989491273,548.66,1,
2024-09-10T20:00:00Z,1020,created,demand,543.38,544.15,1,pivot
2024-09-11T14:30:00Z,974,broken_zone_expired,demand,558.51,559.52,3,
2024-09-11T14:30:00Z,996,broken_zone_expired,demand,557.32,558.05,3,
2024-09-11T14:30:00Z,1006,broken_zone_expired,demand,558.45,558.67,2,
2024-09-11T14:30:00Z,1009,broken_zone_expired,demand,557.18,558.4821597209802,1,
2024-09-11T14:30:00Z,1010,broken_zone_expired,demand,557.14,558.475835884568,1,
2024-09-11T14:30:00Z,1015,broken,demand,547.1,547.48,2,
2024-09-11T15:00:00Z,986,broken,demand,541.5215546449627,543.47,3,
2024-09-11T15:00:00Z,1018,touch,demand,539.44,540.45,2,
2024-09-11T15:00:00Z,1020,broken,demand,543.38,544.15,1,
2024-09-11T15:00:00Z,1021,created,supply,548.2,549.15,1,order_block
2024-09-11T16:00:00Z,1018,rejection,demand,539.44,540.45,2,
2024-09-11T16:00:00Z,1021,merged,supply,548.2,549.15,2,pivot;geometry=updated
2024-09-11T17:00:00Z,994,broken_zone_expired,demand,554.7927461078375,555.02,2,
2024-09-11T17:00:00Z,1001,broken_zone_expired,demand,554.98,556.03,2,
2024-09-11T18:00:00Z,1013,touch,supply,549.51,550.997519521016,3,
2024-09-11T18:00:00Z,1016,touch,supply,549.2706251427329,550.7,2,
2024-09-11T18:00:00Z,1017,touch,supply,549.9930495613982,551.6,2,
2024-09-11T18:00:00Z,1019,role_flip_retest,demand,548.3370989491273,548.66,2,
2024-09-11T18:00:00Z,1021,broken,supply,548.2,549.15,2,
2024-09-11T18:00:00Z,1023,created,demand,539.96,541.16,1,pivot
2024-09-11T19:00:00Z,1013,broken,supply,549.51,550.997519521016,3,
2024-09-11T19:00:00Z,1014,touch,supply,552.3815958310824,553.8,1,
2024-09-11T19:00:00Z,1016,broken,supply,549.2706251427329,550.7,2,
2024-09-11T20:00:00Z,985,touch,supply,554.04,554.87,2,
2024-09-11T20:00:00Z,1014,broken,supply,552.3815958310824,553.8,1,
2024-09-11T20:00:00Z,1017,broken,supply,549.9930495613982,551.6,2,
2024-09-12T14:30:00Z,985,rejection,supply,554.04,554.87,2,
2024-09-12T15:00:00Z,1014,role_flip_retest,demand,552.3815958310824,553.8,2,
2024-09-12T17:00:00Z,985,broken,supply,554.04,554.87,2,
2024-09-12T18:00:00Z,998,broken,supply,557.99,558.89,3,
2024-09-12T18:00:00Z,1004,touch,supply,558.32,559.49,2,
2024-09-12T20:00:00Z,998,role_flip_retest,demand,557.99,558.89,3,
2024-09-13T14:30:00Z,1004,broken,supply,558.32,559.49,2,
2024-09-13T17:00:00Z,1011,touch,supply,562.8285307769388,564.2,1,
2024-09-13T19:00:00Z,1011,rejection,supply,562.8285307769388,564.2,1,
2024-09-16T14:30:00Z,1024,created,supply,562.57,563.03,1,pivot
2024-09-16T18:00:00Z,1025,created,demand,559.9,560.73,1,pivot
2024-09-16T19:00:00Z,1024,touch,supply,562.57,563.03,1,
2024-09-16T20:00:00Z,1003,touch,supply,563.11,563.91,2,
2024-09-16T20:00:00Z,1011,touch,supply,562.8285307769388,564.2,1,
2024-09-17T14:30:00Z,1003,broken,supply,563.11,563.91,2,
2024-09-17T14:30:00Z,1011,broken,supply,562.8285307769388,564.2,1,
2024-09-17T14:30:00Z,1024,broken,supply,562.57,563.03,1,
2024-09-17T18:00:00Z,1026,created,supply,565.3852379914018,566.58,1,pivot
2024-09-17T20:00:00Z,1024,role_flip_retest,demand,562.57,563.03,2,
2024-09-18T14:30:00Z,1027,created,demand,560.79,561.83,1,pivot
2024-09-18T14:30:00Z,1027,volume_confluence,demand,560.79,561.83,2,POC:2024-09-17:561.393125
2024-09-18T16:00:00Z,1024,broken,demand,562.57,563.03,2,
2024-09-18T16:00:00Z,1027,touch,demand,560.79,561.83,2,
2024-09-18T17:00:00Z,1027,rejection,demand,560.79,561.83,2,
2024-09-18T19:00:00Z,1026,touch,supply,565.3852379914018,566.58,1,
2024-09-18T20:00:00Z,1015,broken_zone_expired,demand,547.1,547.48,2,
2024-09-18T20:00:00Z,1024,role_flip_retest,supply,562.57,563.03,2,
2024-09-18T20:00:00Z,1026,rejection,supply,565.3852379914018,566.58,1,
2024-09-18T20:00:00Z,1024,volume_confluence,supply,562.57,563.03,3,POC:2024-09-18:562.958750
2024-09-19T14:30:00Z,986,broken_zone_expired,demand,541.5215546449627,543.47,3,
2024-09-19T14:30:00Z,1020,broken_zone_expired,demand,543.38,544.15,1,
2024-09-19T14:30:00Z,1024,broken,supply,562.57,563.03,3,
2024-09-19T14:30:00Z,1026,broken,supply,565.3852379914018,566.58,1,
2024-09-19T16:00:00Z,1027,merged,demand,560.79,561.83,3,pivot;geometry=updated
2024-09-19T16:00:00Z,1027,qualified,demand,560.79,561.83,3,pivot|repeated_pivot|volume_profile
2024-09-19T17:00:00Z,1021,broken_zone_expired,supply,548.2,549.15,2,
2024-09-19T18:00:00Z,1013,broken_zone_expired,supply,549.51,550.997519521016,3,
2024-09-19T18:00:00Z,1016,broken_zone_expired,supply,549.2706251427329,550.7,2,
2024-09-19T19:00:00Z,1017,broken_zone_expired,supply,549.9930495613982,551.6,2,
2024-09-20T14:30:00Z,1029,created,supply,572.5,572.88,1,pivot
2024-09-20T16:00:00Z,985,broken_zone_expired,supply,554.04,554.87,2,
2024-09-20T16:00:00Z,1026,role_flip_retest,demand,565.3852379914018,566.58,2,
2024-09-20T19:00:00Z,1030,created,demand,565.17,566.4,1,pivot
2024-09-20T20:00:00Z,1004,broken_zone_expired,supply,558.32,559.49,2,
2024-09-23T15:00:00Z,987,age_expired,demand,528.6,529.27,2,
2024-09-23T18:00:00Z,1031,created,supply,569.85,570.34,1,pivot
2024-09-23T20:00:00Z,988,age_expired,demand,510.27,511.64,1,
2024-09-23T20:00:00Z,1031,touch,supply,569.85,570.34,1,
2024-09-24T14:30:00Z,1031,rejection,supply,569.85,570.34,1,
2024-09-24T16:00:00Z,1031,broken,supply,569.85,570.34,1,
2024-09-24T17:00:00Z,1031,role_flip_retest,demand,569.85,570.34,2,
2024-09-24T18:00:00Z,1032,created,demand,567.6,568.5508282278827,1,pivot
2024-09-24T20:00:00Z,1003,broken_zone_expired,supply,563.11,563.91,2,
2024-09-24T20:00:00Z,1011,broken_zone_expired,supply,562.8285307769388,564.2,1,
2024-09-25T18:00:00Z,1033,created,supply,571.58,571.89,1,pivot
2024-09-26T14:30:00Z,989,age_expired,demand,531.04,531.59,2,
2024-09-26T14:30:00Z,1029,broken,supply,572.5,572.88,1,
2024-09-26T14:30:00Z,1033,broken,supply,571.58,571.89,1,
2024-09-26T14:30:00Z,1034,created,demand,568.91,569.8320095283028,1,pivot
2024-09-26T16:00:00Z,1033,role_flip_retest,demand,571.58,571.89,2,
2024-09-26T17:00:00Z,1033,broken,demand,571.58,571.89,2,
2024-09-26T17:00:00Z,1035,created,supply,574.4,574.71,1,pivot
2024-09-26T18:00:00Z,1031,touch,demand,569.85,570.34,2,
2024-09-26T18:00:00Z,1033,role_flip_retest,supply,571.58,571.89,2,
2024-09-26T19:00:00Z,990,age_expired,demand,518.05,518.65,1,
2024-09-26T19:00:00Z,1031,rejection,demand,569.85,570.34,2,
2024-09-26T19:00:00Z,1033,broken,supply,571.58,571.89,2,
2024-09-26T20:00:00Z,1024,broken_zone_expired,supply,562.57,563.03,3,
2024-09-26T20:00:00Z,1033,role_flip_retest,demand,571.58,571.89,2,
2024-09-26T20:00:00Z,1033,volume_confluence,demand,571.58,571.89,3,POC:2024-09-26:571.803958
2024-09-27T14:30:00Z,1029,role_flip_retest,demand,572.5,572.88,2,
2024-09-27T17:00:00Z,1029,broken,demand,572.5,572.88,2,
2024-09-27T18:00:00Z,1029,role_flip_retest,supply,572.5,572.88,2,
2024-09-27T18:00:00Z,1036,created,supply,573.71,574.22,1,pivot
2024-09-27T20:00:00Z,1033,broken,demand,571.58,571.89,3,
2024-09-30T15:00:00Z,1031,touch,demand,569.85,570.34,2,
2024-09-30T15:00:00Z,1033,role_flip_retest,supply,571.58,571.89,3,
2024-09-30T16:00:00Z,1031,rejection,demand,569.85,570.34,2,
2024-09-30T18:00:00Z,1037,created,demand,570.25,570.62,1,pivot
2024-09-30T19:00:00Z,1032,touch,demand,567.6,568.5508282278827,1,
2024-09-30T19:00:00Z,1034,touch,demand,568.91,569.8320095283028,1,
2024-09-30T20:00:00Z,1029,broken,supply,572.5,572.88,2,
2024-09-30T20:00:00Z,1032,rejection,demand,567.6,568.5508282278827,1,
2024-09-30T20:00:00Z,1033,broken,supply,571.58,571.89,3,
2024-09-30T20:00:00Z,1034,rejection,demand,568.91,569.8320095283028,1,
2024-09-30T20:00:00Z,1036,touch,supply,573.71,574.22,1,
2024-09-30T20:00:00Z,1038,created,demand,568.08,568.9476375448521,1,order_block
2024-10-01T14:30:00Z,1031,broken,demand,569.85,570.34,2,
2024-10-01T14:30:00Z,1036,rejection,supply,573.71,574.22,1,
2024-10-01T14:30:00Z,1037,broken,demand,570.25,570.62,1,
2024-10-01T15:00:00Z,1031,role_flip_retest,supply,569.85,570.34,2,
2024-10-01T15:00:00Z,1034,broken,demand,568.91,569.8320095283028,1,
2024-10-01T15:00:00Z,1037,role_flip_retest,supply,570.25,570.62,2,
2024-10-01T16:00:00Z,1026,touch,demand,565.3852379914018,566.58,2,
2024-10-01T16:00:00Z,1030,touch,demand,565.17,566.4,1,
2024-10-01T16:00:00Z,1034,role_flip_retest,supply,568.91,569.8320095283028,2,
2024-10-01T16:00:00Z,1036,merged,supply,573.71,574.38,2,pivot;geometry=updated
2024-10-01T16:00:00Z,1036,qualified,supply,573.71,574.38,2,pivot|repeated_pivot
2024-10-01T18:00:00Z,1026,rejection,demand,565.3852379914018,566.58,2,
2024-10-01T18:00:00Z,1030,rejection,demand,565.17,566.4,1,
2024-10-01T19:00:00Z,1034,broken,supply,568.91,569.8320095283028,2,
2024-10-01T19:00:00Z,1040,created,demand,566.0,567.2587680101076,1,pivot
2024-10-01T20:00:00Z,1032,touch,demand,567.6,568.5508282278827,1,
2024-10-01T20:00:00Z,1038,touch,demand,568.08,568.9476375448521,1,
2024-10-02T14:30:00Z,1032,broken,demand,567.6,568.5508282278827,1,
2024-10-02T14:30:00Z,1038,broken,demand,568.08,568.9476375448521,1,
2024-10-02T14:30:00Z,1040,touch,demand,566.0,567.2587680101076,1,
2024-10-02T15:00:00Z,1040,rejection,demand,566.0,567.2587680101076,1,
2024-10-02T16:00:00Z,1031,touch,supply,569.85,570.34,2,
2024-10-02T17:00:00Z,1031,rejection,supply,569.85,570.34,2,
2024-10-02T17:00:00Z,1038,role_flip_retest,supply,568.08,568.9476375448521,2,
2024-10-02T17:00:00Z,1041,created,demand,565.27,566.5456369319272,1,pivot
2024-10-02T20:00:00Z,1038,volume_confluence,supply,568.08,568.9476375448521,3,POC:2024-10-02:568.646042
2024-10-03T15:00:00Z,1026,touch,demand,565.3852379914018,566.58,2,
2024-10-03T15:00:00Z,1030,touch,demand,565.17,566.4,1,
2024-10-03T15:00:00Z,1032,role_flip_retest,supply,567.6,568.5508282278827,2,
2024-10-03T15:00:00Z,1041,touch,demand,565.27,566.5456369319272,1,
2024-10-03T16:00:00Z,1026,rejection,demand,565.3852379914018,566.58,2,
2024-10-03T16:00:00Z,1030,rejection,demand,565.17,566.4,1,
2024-10-03T16:00:00Z,1041,rejection,demand,565.27,566.5456369319272,1,
2024-10-03T18:00:00Z,1042,created,supply,568.5445101892642,569.81,1,pivot
2024-10-03T18:00:00Z,1042,volume_confluence,supply,568.5445101892642,569.81,2,POC:2024-10-02:568.646042
2024-10-03T20:00:00Z,1038,touch,supply,568.08,568.9476375448521,3,
2024-10-03T20:00:00Z,1040,volume_confluence,demand,566.0,567.2587680101076,2,POC:2024-10-03:566.840000
2024-10-04T14:30:00Z,1031,touch,supply,569.85,570.34,2,
2024-10-04T14:30:00Z,1032,broken,supply,567.6,568.5508282278827,2,
2024-10-04T14:30:00Z,1037,touch,supply,570.25,570.62,2,
2024-10-04T14:30:00Z,1038,broken,supply,568.08,568.9476375448521,3,
2024-10-04T14:30:00Z,1042,broken,supply,568.5445101892642,569.81,2,
2024-10-04T14:30:00Z,1026,merged,demand,565.3852379914018,566.58,3,pivot;geometry=updated
2024-10-04T14:30:00Z,1026,qualified,demand,565.3852379914018,566.58,3,pivot|repeated_pivot|role_flip
2024-10-04T15:00:00Z,1032,role_flip_retest,demand,567.6,568.5508282278827,2,
2024-10-04T15:00:00Z,1034,role_flip_retest,demand,568.91,569.8320095283028,2,
2024-10-04T15:00:00Z,1038,role_flip_retest,demand,568.08,568.9476375448521,3,
2024-10-04T15:00:00Z,1042,role_flip_retest,demand,568.5445101892642,569.81,3,
2024-10-04T16:00:00Z,1031,broken,supply,569.85,570.34,2,
2024-10-04T17:00:00Z,1031,role_flip_retest,demand,569.85,570.34,2,
2024-10-04T17:00:00Z,1037,broken,supply,570.25,570.62,2,
2024-10-04T17:00:00Z,1044,created,supply,572.35,572.71,1,pivot
2024-10-04T19:00:00Z,1037,role_flip_retest,demand,570.25,570.62,2,
2024-10-04T20:00:00Z,1029,role_flip_retest,demand,572.5,572.88,2,
2024-10-04T20:00:00Z,1033,role_flip_retest,demand,571.58,571.89,3,
2024-10-04T20:00:00Z,1044,broken,supply,572.35,572.71,1,
2024-10-04T20:00:00Z,1023,capacity_expired,demand,539.96,541.16,1,
2024-10-07T14:30:00Z,1029,broken,demand,572.5,572.88,2,
2024-10-07T14:30:00Z,1033,broken,demand,571.58,571.89,3,
2024-10-07T15:00:00Z,1033,role_flip_retest,supply,571.58,571.89,3,
2024-10-07T16:00:00Z,1045,created,supply,572.92,573.36,1,pivot
2024-10-07T17:00:00Z,1031,touch,demand,569.85,570.34,2,
2024-10-07T18:00:00Z,1034,touch,demand,568.91,569.8320095283028,2,
2024-10-07T19:00:00Z,1031,broken,demand,569.85,570.34,2,
2024-10-07T19:00:00Z,1032,broken,demand,567.6,568.5508282278827,2,
2024-10-07T19:00:00Z,1034,broken,demand,568.91,569.8320095283028,2,
2024-10-07T19:00:00Z,1037,broken,demand,570.25,570.62,2,
2024-10-07T19:00:00Z,1038,broken,demand,568.08,568.9476375448521,3,
2024-10-07T19:00:00Z,1040,touch,demand,566.0,567.2587680101076,2,
2024-10-07T19:00:00Z,1042,broken,demand,568.5445101892642,569.81,3,
2024-10-07T19:00:00Z,1033,merged,supply,570.8743525986293,571.96,4,order_block;geometry=updated
2024-10-07T20:00:00Z,1038,role_flip_retest,supply,568.08,568.9476375448521,3,
2024-10-07T20:00:00Z,1040,rejection,demand,566.0,567.2587680101076,2,
2024-10-07T20:00:00Z,1042,role_flip_retest,supply,568.5445101892642,569.81,3,
2024-10-08T14:30:00Z,1038,broken,supply,568.08,568.9476375448521,3,
2024-10-08T14:30:00Z,1042,broken,supply,568.5445101892642,569.81,3,
2024-10-08T15:00:00Z,1029,role_flip_retest,supply,572.5,572.88,2,
2024-10-08T15:00:00Z,1033,touch,supply,570.8743525986293,571.96,4,
2024-10-08T15:00:00Z,1047,created,demand,566.63,566.8962602630447,1,pivot
2024-10-08T16:00:00Z,1033,broken,supply,570.8743525986293,571.96,4,
2024-10-08T18:00:00Z,1048,created,supply,571.81,572.55,1,pivot
2024-10-08T19:00:00Z,1033,role_flip_retest,demand,570.8743525986293,571.96,4,
2024-10-08T19:00:00Z,1044,role_flip_retest,demand,572.35,572.71,2,
2024-10-08T19:00:00Z,1048,broken,supply,571.81,572.55,1,
2024-10-08T20:00:00Z,1029,broken,supply,572.5,572.88,2,
2024-10-08T20:00:00Z,1036,touch,supply,573.71,574.38,2,
2024-10-08T20:00:00Z,1045,touch,supply,572.92,573.36,1,
2024-10-08T20:00:00Z,1048,role_flip_retest,demand,571.81,572.55,2,
2024-10-08T20:00:00Z,1048,volume_confluence,demand,571.81,572.55,3,POC:2024-10-08:572.271250
2024-10-09T14:30:00Z,1029,role_flip_retest,demand,572.5,572.88,2,
2024-10-09T14:30:00Z,1045,broken,supply,572.92,573.36,1,
2024-10-09T15:00:00Z,1035,broken,supply,574.4,574.71,1,
2024-10-09T15:00:00Z,1036,broken,supply,573.71,574.38,2,
2024-10-09T19:00:00Z,1049,created,supply,576.8467142808229,577.06,1,pivot
2024-10-10T14:30:00Z,1035,role_flip_retest,demand,574.4,574.71,2,
2024-10-10T16:00:00Z,998,age_expired,demand,557.99,558.89,3,
2024-10-10T16:00:00Z,1049,touch,supply,576.8467142808229,577.06,1,
2024-10-10T16:00:00Z,1049,merged,supply,576.8467142808229,577.71,1,pivot;geometry=updated
2024-10-10T17:00:00Z,1049,rejection,supply,576.8467142808229,577.71,1,
2024-10-10T17:00:00Z,1051,created,demand,574.56,575.39,1,pivot
2024-10-11T15:00:00Z,1049,broken,supply,576.8467142808229,577.71,1,
2024-10-11T15:00:00Z,1051,merged,demand,574.49,575.39,1,pivot;geometry=updated
2024-10-11T18:00:00Z,1053,created,supply,579.1447899382075,580.1,1,pivot
2024-10-11T20:00:00Z,1053,volume_confluence,supply,579.1447899382075,580.1,2,POC:2024-10-11:579.501250
2024-10-14T14:30:00Z,1053,broken,supply,579.1447899382075,580.1,2,
2024-10-15T16:00:00Z,1054,created,supply,584.3945189352753,585.27,1,pivot
2024-10-15T18:00:00Z,1031,broken_zone_expired,demand,569.85,570.34,2,
2024-10-15T18:00:00Z,1032,broken_zone_expired,demand,567.6,568.5508282278827,2,
2024-10-15T18:00:00Z,1034,broken_zone_expired,demand,568.91,569.8320095283028,2,
2024-10-15T18:00:00Z,1037,broken_zone_expired,demand,570.25,570.62,2,
2024-10-15T19:00:00Z,1053,role_flip_retest,demand,579.1447899382075,580.1,3,
2024-10-15T20:00:00Z,1038,broken_zone_expired,supply,568.08,568.9476375448521,3,
2024-10-15T20:00:00Z,1042,broken_zone_expired,supply,568.5445101892642,569.81,3,
2024-10-16T16:00:00Z,1055,created,demand,578.54,579.3703358396715,1,pivot
2024-10-16T20:00:00Z,1045,broken_zone_expired,supply,572.92,573.36,1,
2024-10-17T14:30:00Z,1036,broken_zone_expired,supply,573.71,574.38,2,
2024-10-17T14:30:00Z,1054,touch,supply,584.3945189352753,585.27,1,
2024-10-17T15:00:00Z,1054,rejection,supply,584.3945189352753,585.27,1,
2024-10-17T17:00:00Z,1056,created,supply,585.91,586.12,1,pivot
2024-10-18T16:00:00Z,1054,touch,supply,584.3945189352753,585.27,1,
2024-10-18T16:00:00Z,1057,created,demand,582.16,582.338415898252,1,pivot
2024-10-18T16:00:00Z,1025,capacity_expired,demand,559.9,560.73,1,
2024-10-21T14:30:00Z,1049,broken_zone_expired,supply,576.8467142808229,577.71,1,
2024-10-21T15:00:00Z,1057,touch,demand,582.16,582.338415898252,1,
2024-10-21T15:00:00Z,1058,created,supply,584.85,585.39,1,pivot
2024-10-21T15:00:00Z,1030,capacity_expired,demand,565.17,566.4,1,
2024-10-21T17:00:00Z,1057,rejection,demand,582.16,582.338415898252,1,
2024-10-21T19:00:00Z,1059,created,demand,580.6,581.365551757996,1,pivot
2024-10-21T19:00:00Z,1041,capacity_expired,demand,565.27,566.5456369319272,1,
2024-10-22T14:30:00Z,1057,broken,demand,582.16,582.338415898252,1,
2024-10-22T14:30:00Z,1059,touch,demand,580.6,581.365551757996,1,
2024-10-22T15:00:00Z,1057,role_flip_retest,supply,582.16,582.338415898252,2,
2024-10-22T15:00:00Z,1059,rejection,demand,580.6,581.365551757996,1,
2024-10-22T17:00:00Z,1057,broken,supply,582.16,582.338415898252,2,
2024-10-22T17:00:00Z,1060,created,demand,580.38,581.05,1,pivot
2024-10-22T18:00:00Z,1057,role_flip_retest,demand,582.16,582.338415898252,2,
2024-10-22T18:00:00Z,1047,capacity_expired,demand,566.63,566.8962602630447,1,
2024-10-22T19:00:00Z,1054,touch,supply,584.3945189352753,585.27,1,
2024-10-23T14:30:00Z,1057,broken,demand,582.16,582.338415898252,2,
2024-10-23T14:30:00Z,1060,touch,demand,580.38,581.05,1,
2024-10-23T15:00:00Z,1053,touch,demand,579.1447899382075,580.1,3,
2024-10-23T15:00:00Z,1054,rejection,supply,584.3945189352753,585.27,1,
2024-10-23T15:00:00Z,1059,broken,demand,580.6,581.365551757996,1,
2024-10-23T15:00:00Z,1061,created,supply,583.96,584.5,1,pivot
2024-10-23T16:00:00Z,1055,touch,demand,578.54,579.3703358396715,1,
2024-10-23T16:00:00Z,1059,role_flip_retest,supply,580.6,581.365551757996,2,
2024-10-23T16:00:00Z,1060,broken,demand,580.38,581.05,1,
2024-10-23T17:00:00Z,1053,broken,demand,579.1447899382075,580.1,3,
2024-10-23T17:00:00Z,1055,broken,demand,578.54,579.3703358396715,1,
2024-10-23T18:00:00Z,1062,created,supply,581.26,581.71,1,order_block
2024-10-23T18:00:00Z,1062,volume_confluence,supply,581.26,581.71,2,POC:2024-10-22:581.495833
2024-10-23T19:00:00Z,1035,touch,demand,574.4,574.71,2,
2024-10-23T19:00:00Z,1051,touch,demand,574.49,575.39,1,
2024-10-23T20:00:00Z,1035,rejection,demand,574.4,574.71,2,
2024-10-23T20:00:00Z,1051,rejection,demand,574.49,575.39,1,
2024-10-24T14:30:00Z,1014,age_expired,demand,552.3815958310824,553.8,2,
2024-10-24T15:00:00Z,1053,role_flip_retest,supply,579.1447899382075,580.1,3,
2024-10-24T15:00:00Z,1063,created,demand,574.41,575.3602375917941,1,pivot
2024-10-24T16:00:00Z,1055,role_flip_retest,supply,578.54,579.3703358396715,2,
2024-10-24T20:00:00Z,1055,volume_confluence,supply,578.54,579.3703358396715,3,POC:2024-10-24:578.678542
2024-10-25T14:30:00Z,1053,broken,supply,579.1447899382075,580.1,3,
2024-10-25T14:30:00Z,1055,broken,supply,578.54,579.3703358396715,3,
2024-10-25T14:30:00Z,1059,broken,supply,580.6,581.365551757996,2,
2024-10-25T14:30:00Z,1062,broken,supply,581.26,581.71,2,
2024-10-25T15:00:00Z,1054,touch,supply,584.3945189352753,585.27,1,
2024-10-25T15:00:00Z,1061,touch,supply,583.96,584.5,1,
2024-10-25T16:00:00Z,1054,rejection,supply,584.3945189352753,585.27,1,
2024-10-25T16:00:00Z,1061,rejection,supply,583.96,584.5,1,
2024-10-25T16:00:00Z,1062,role_flip_retest,demand,581.26,581.71,3,
2024-10-25T17:00:00Z,1057,role_flip_retest,supply,582.16,582.338415898252,2,
2024-10-25T18:00:00Z,1018,age_expired,demand,539.44,540.45,2,
2024-10-25T18:00:00Z,1060,role_flip_retest,supply,580.38,581.05,2,
2024-10-25T18:00:00Z,1062,broken,demand,581.26,581.71,3,
2024-10-25T18:00:00Z,1064,created,supply,583.46,584.46,1,pivot
2024-10-25T19:00:00Z,1053,role_flip_retest,demand,579.1447899382075,580.1,3,
2024-10-25T19:00:00Z,1055,role_flip_retest,demand,578.54,579.3703358396715,3,
2024-10-25T20:00:00Z,1053,broken,demand,579.1447899382075,580.1,3,
2024-10-28T14:30:00Z,1059,role_flip_retest,demand,580.6,581.365551757996,2,
2024-10-28T14:30:00Z,1060,broken,supply,580.38,581.05,2,
2024-10-28T15:00:00Z,1065,created,demand,578.08,579.1992988299678,1,pivot
2024-10-28T16:00:00Z,1062,role_flip_retest,supply,581.26,581.71,3,
2024-10-28T16:00:00Z,1051,capacity_expired,demand,574.49,575.39,1,
2024-10-28T18:00:00Z,1060,role_flip_retest,demand,580.38,581.05,2,
2024-10-28T18:00:00Z,1054,capacity_expired,supply,584.3945189352753,585.27,1,
2024-10-28T20:00:00Z,1019,age_expired,demand,548.3370989491273,548.66,2,
2024-10-29T14:30:00Z,1055,touch,demand,578.54,579.3703358396715,3,
2024-10-29T14:30:00Z,1059,broken,demand,580.6,581.365551757996,2,
2024-10-29T14:30:00Z,1060,broken,demand,580.38,581.05,2,
2024-10-29T14:30:00Z,1065,touch,demand,578.08,579.1992988299678,1,
2024-10-29T15:00:00Z,1055,rejection,demand,578.54,579.3703358396715,3,
2024-10-29T15:00:00Z,1065,rejection,demand,578.08,579.1992988299678,1,
2024-10-29T17:00:00Z,1062,broken,supply,581.26,581.71,3,
2024-10-29T17:00:00Z,1066,created,demand,578.43,579.3943660817614,1,pivot
2024-10-29T18:00:00Z,1057,touch,supply,582.16,582.338415898252,2,
2024-10-29T18:00:00Z,1062,role_flip_retest,demand,581.26,581.71,3,
2024-10-29T20:00:00Z,1057,rejection,supply,582.16,582.338415898252,2,
2024-10-30T14:30:00Z,1066,touch,demand,578.43,579.3943660817614,1,
2024-10-30T15:00:00Z,1066,rejection,demand,578.43,579.3943660817614,1,
2024-10-30T16:00:00Z,1057,broken,supply,582.16,582.338415898252,2,
2024-10-30T17:00:00Z,1067,created,demand,579.29,580.2089575705085,1,pivot
2024-10-30T18:00:00Z,1062,broken,demand,581.26,581.71,3,
2024-10-30T19:00:00Z,1062,role_flip_retest,supply,581.26,581.71,3,
2024-10-30T19:00:00Z,1068,created,supply,583.11,583.32,1,pivot
2024-10-30T20:00:00Z,1059,role_flip_retest,supply,580.6,581.365551757996,2,
2024-10-30T20:00:00Z,1060,role_flip_retest,supply,580.38,581.05,2,
2024-10-30T20:00:00Z,1067,touch,demand,579.29,580.2089575705085,1,
2024-10-30T20:00:00Z,1060,volume_confluence,supply,580.38,581.05,3,POC:2024-10-30:580.549375
2024-10-30T20:00:00Z,1056,capacity_expired,supply,585.91,586.12,1,
2024-10-31T14:30:00Z,1035,broken,demand,574.4,574.71,2,
2024-10-31T14:30:00Z,1055,broken,demand,578.54,579.3703358396715,3,
2024-10-31T14:30:00Z,1063,broken,demand,574.41,575.3602375917941,1,
2024-10-31T14:30:00Z,1065,broken,demand,578.08,579.1992988299678,1,
2024-10-31T14:30:00Z,1066,broken,demand,578.43,579.3943660817614,1,
2024-10-31T14:30:00Z,1067,broken,demand,579.29,580.2089575705085,1,
2024-10-31T15:00:00Z,1029,broken,demand,572.5,572.88,2,
2024-10-31T15:00:00Z,1033,touch,demand,570.8743525986293,571.96,4,
2024-10-31T15:00:00Z,1044,broken,demand,572.35,572.71,2,
2024-10-31T15:00:00Z,1048,broken,demand,571.81,572.55,3,
2024-10-31T15:00:00Z,1069,created,supply,580.7622335876913,581.81,1,order_block
2024-10-31T17:00:00Z,1048,role_flip_retest,supply,571.81,572.55,3,
2024-10-31T18:00:00Z,1033,broken,demand,570.8743525986293,571.96,4,
2024-10-31T20:00:00Z,1033,role_flip_retest,supply,570.8743525986293,571.96,4,
2024-11-01T14:30:00Z,1033,broken,supply,570.8743525986293,571.96,4,
2024-11-01T14:30:00Z,1048,broken,supply,571.81,572.55,3,
2024-11-01T16:00:00Z,1035,role_flip_retest,supply,574.4,574.71,2,
2024-11-01T16:00:00Z,1063,role_flip_retest,supply,574.41,575.3602375917941,2,
2024-11-01T16:00:00Z,1070,created,demand,568.44,568.7129390791475,1,pivot
2024-11-01T18:00:00Z,1029,role_flip_retest,supply,572.5,572.88,2,
2024-11-01T18:00:00Z,1044,role_flip_retest,supply,572.35,572.71,2,
2024-11-01T18:00:00Z,1071,created,supply,574.44,575.55,1,pivot
2024-11-01T19:00:00Z,1033,role_flip_retest,demand,570.8743525986293,571.96,4,
2024-11-01T20:00:00Z,1029,volume_confluence,supply,572.5,572.88,3,POC:2024-11-01:572.571458
2024-11-01T20:00:00Z,1044,volume_confluence,supply,572.35,572.71,3,POC:2024-11-01:572.571458
2024-11-04T17:00:00Z,1033,broken,demand,570.8743525986293,571.96,4,
2024-11-04T17:00:00Z,1070,touch,demand,568.44,568.7129390791475,1,
2024-11-04T18:00:00Z,1070,rejection,demand,568.44,568.7129390791475,1,
2024-11-04T19:00:00Z,1033,role_flip_retest,supply,570.8743525986293,571.96,4,
2024-11-04T20:00:00Z,1053,broken_zone_expired,demand,579.1447899382075,580.1,3,
2024-11-04T21:00:00Z,1070,merged,demand,567.89,568.87,2,pivot;geometry=updated
2024-11-04T21:00:00Z,1070,qualified,demand,567.89,568.87,2,pivot|repeated_pivot
2024-11-05T15:30:00Z,1026,age_expired,demand,565.3852379914018,566.58,3,
2024-11-05T15:30:00Z,1029,broken,supply,572.5,572.88,3,
2024-11-05T15:30:00Z,1033,broken,supply,570.8743525986293,571.96,4,
2024-11-05T15:30:00Z,1044,broken,supply,572.35,572.71,3,
2024-11-05T15:30:00Z,1048,role_flip_retest,demand,571.81,572.55,3,
2024-11-05T15:30:00Z,1073,created,demand,569.17,570.3197401718317,1,order_block
2024-11-05T15:30:00Z,1073,volume_confluence,demand,569.17,570.3197401718317,2,POC:2024-11-04:570.098958
2024-11-05T16:00:00Z,1035,touch,supply,574.4,574.71,2,
2024-11-05T16:00:00Z,1063,touch,supply,574.41,575.3602375917941,2,
2024-11-05T16:00:00Z,1071,touch,supply,574.44,575.55,1,
2024-11-05T17:00:00Z,1035,broken,supply,574.4,574.71,2,
2024-11-05T18:00:00Z,1027,age_expired,demand,560.79,561.83,3,
2024-11-05T18:00:00Z,1063,broken,supply,574.41,575.3602375917941,2,
2024-11-05T18:00:00Z,1071,broken,supply,574.44,575.55,1,
2024-11-05T19:00:00Z,1035,role_flip_retest,demand,574.4,574.71,2,
2024-11-05T21:00:00Z,1063,role_flip_retest,demand,574.41,575.3602375917941,2,
2024-11-05T21:00:00Z,1071,role_flip_retest,demand,574.44,575.55,2,
2024-11-05T21:00:00Z,1063,volume_confluence,demand,574.41,575.3602375917941,3,POC:2024-11-05:575.033542
2024-11-05T21:00:00Z,1071,volume_confluence,demand,574.44,575.55,3,POC:2024-11-05:575.033542
2024-11-06T15:30:00Z,1058,broken,supply,584.85,585.39,1,
2024-11-06T15:30:00Z,1059,broken,supply,580.6,581.365551757996,2,
2024-11-06T15:30:00Z,1060,broken,supply,580.38,581.05,3,
2024-11-06T15:30:00Z,1061,broken,supply,583.96,584.5,1,
2024-11-06T15:30:00Z,1062,broken,supply,581.26,581.71,3,
2024-11-06T15:30:00Z,1064,broken,supply,583.46,584.46,1,
2024-11-06T15:30:00Z,1068,broken,supply,583.11,583.32,1,
2024-11-06T15:30:00Z,1069,broken,supply,580.7622335876913,581.81,1,
2024-11-07T16:00:00Z,1057,broken_zone_expired,supply,582.16,582.338415898252,2,
2024-11-07T21:00:00Z,1055,broken_zone_expired,demand,578.54,579.3703358396715,3,
2024-11-07T21:00:00Z,1065,broken_zone_expired,demand,578.08,579.1992988299678,1,
2024-11-07T21:00:00Z,1066,broken_zone_expired,demand,578.43,579.3943660817614,1,
2024-11-07T21:00:00Z,1067,broken_zone_expired,demand,579.29,580.2089575705085,1,
2024-11-11T18:00:00Z,1074,created,supply,599.82,600.17,1,pivot
2024-11-12T15:30:00Z,1075,created,demand,597.0,597.8044835514022,1,pivot
2024-11-12T17:00:00Z,1075,broken,demand,597.0,597.8044835514022,1,
2024-11-12T21:00:00Z,1029,broken_zone_expired,supply,572.5,572.88,3,
2024-11-12T21:00:00Z,1033,broken_zone_expired,supply,570.8743525986293,571.96,4,
2024-11-12T21:00:00Z,1044,broken_zone_expired,supply,572.35,572.71,3,
2024-11-12T21:00:00Z,1075,role_flip_retest,supply,597.0,597.8044835514022,2,
2024-11-12T21:00:00Z,1075,volume_confluence,supply,597.0,597.8044835514022,3,POC:2024-11-12:597.342500
2024-11-13T15:30:00Z,1076,created,demand,594.37,594.67,1,pivot
2024-11-13T17:00:00Z,1075,broken,supply,597.0,597.8044835514022,3,
2024-11-13T21:00:00Z,1035,age_expired,demand,574.4,574.71,2,
2024-11-13T21:00:00Z,1058,broken_zone_expired,supply,584.85,585.39,1,
2024-11-13T21:00:00Z,1059,broken_zone_expired,supply,580.6,581.365551757996,2,
2024-11-13T21:00:00Z,1060,broken_zone_expired,supply,580.38,581.05,3,
2024-11-13T21:00:00Z,1061,broken_zone_expired,supply,583.96,584.5,1,
2024-11-13T21:00:00Z,1062,broken_zone_expired,supply,581.26,581.71,3,
2024-11-13T21:00:00Z,1064,broken_zone_expired,supply,583.46,584.46,1,
2024-11-13T21:00:00Z,1068,broken_zone_expired,supply,583.11,583.32,1,
2024-11-13T21:00:00Z,1069,broken_zone_expired,supply,580.7622335876913,581.81,1,
2024-11-14T15:30:00Z,1077,created,supply,599.0304203487786,599.23,1,pivot
2024-11-14T18:00:00Z,1076,touch,demand,594.37,594.67,1,
2024-11-14T19:00:00Z,1076,broken,demand,594.37,594.67,1,
2024-11-14T21:00:00Z,1076,role_flip_retest,supply,594.37,594.67,2,
2024-11-18T15:30:00Z,1078,created,demand,583.86,584.5,1,pivot
2024-11-18T20:00:00Z,1079,created,supply,588.5070802451909,589.49,1,pivot
2024-11-19T15:30:00Z,1078,touch,demand,583.86,584.5,1,
2024-11-19T16:00:00Z,1040,age_expired,demand,566.0,567.2587680101076,2,
2024-11-19T16:00:00Z,1078,rejection,demand,583.86,584.5,1,
2024-11-19T17:00:00Z,1079,touch,supply,588.5070802451909,589.49,1,
2024-11-19T18:00:00Z,1078,merged,demand,583.86,584.71,2,pivot;geometry=updated
2024-11-19T18:00:00Z,1078,qualified,demand,583.86,584.71,2,pivot|repeated_pivot
2024-11-19T19:00:00Z,1079,broken,supply,588.5070802451909,589.49,1,
2024-11-19T20:00:00Z,1079,role_flip_retest,demand,588.5070802451909,589.49,2,
2024-11-19T21:00:00Z,1079,volume_confluence,demand,588.5070802451909,589.49,3,POC:2024-11-19:589.441250
2024-11-20T15:30:00Z,1079,broken,demand,588.5070802451909,589.49,3,
2024-11-20T15:30:00Z,1081,created,supply,590.8103243677268,591.05,1,pivot
2024-11-20T16:00:00Z,1078,touch,demand,583.86,584.71,2,
2024-11-20T17:00:00Z,1078,rejection,demand,583.86,584.71,2,
2024-11-20T17:00:00Z,1079,role_flip_retest,supply,588.5070802451909,589.49,3,
2024-11-20T19:00:00Z,1082,created,demand,584.63,585.8228718835346,1,pivot
2024-11-20T21:00:00Z,1079,broken,supply,588.5070802451909,589.49,3,
2024-11-21T15:30:00Z,1079,role_flip_retest,demand,588.5070802451909,589.49,3,
2024-11-21T15:30:00Z,1081,touch,supply,590.8103243677268,591.05,1,
2024-11-21T16:00:00Z,1075,broken_zone_expired,supply,597.0,597.8044835514022,3,
2024-11-21T16:00:00Z,1081,broken,supply,590.8103243677268,591.05,1,
2024-11-21T17:00:00Z,1081,role_flip_retest,demand,590.8103243677268,591.05,2,
2024-11-21T19:00:00Z,1076,touch,supply,594.37,594.67,2,
2024-11-21T21:00:00Z,1076,rejection,supply,594.37,594.67,2,
2024-11-22T15:30:00Z,1076,broken,supply,594.37,594.67,2,
2024-11-22T16:00:00Z,1076,role_flip_retest,demand,594.37,594.67,2,
2024-11-22T18:00:00Z,1083,created,supply,595.8658865587817,596.14,1,pivot
2024-11-22T21:00:00Z,1083,touch,supply,595.8658865587817,596.14,1,
2024-11-25T15:30:00Z,1074,touch,supply,599.82,600.17,1,
2024-11-25T15:30:00Z,1077,touch,supply,599.0304203487786,599.23,1,
2024-11-25T15:30:00Z,1083,broken,supply,595.8658865587817,596.14,1,
2024-11-25T16:00:00Z,1074,rejection,supply,599.82,600.17,1,
2024-11-25T16:00:00Z,1077,rejection,supply,599.0304203487786,599.23,1,
2024-11-25T18:00:00Z,1083,role_flip_retest,demand,595.8658865587817,596.14,2,
2024-11-25T18:00:00Z,1084,created,supply,599.6143037781259,600.86,1,pivot
2024-11-26T15:30:00Z,1048,age_expired,demand,571.81,572.55,3,
2024-11-26T17:00:00Z,1074,touch,supply,599.82,600.17,1,
2024-11-26T17:00:00Z,1077,broken,supply,599.0304203487786,599.23,1,
2024-11-26T17:00:00Z,1084,touch,supply,599.6143037781259,600.86,1,
2024-11-26T18:00:00Z,1077,role_flip_retest,demand,599.0304203487786,599.23,2,
2024-11-26T21:00:00Z,1074,broken,supply,599.82,600.17,1,
2024-11-26T21:00:00Z,1084,volume_confluence,supply,599.6143037781259,600.86,2,POC:2024-11-26:599.903750
2024-11-27T15:30:00Z,1074,role_flip_retest,demand,599.82,600.17,2,
2024-11-27T15:30:00Z,1074,volume_confluence,demand,599.82,600.17,3,POC:2024-11-26:599.903750
2024-11-27T16:00:00Z,1074,broken,demand,599.82,600.17,3,
2024-11-27T16:00:00Z,1077,broken,demand,599.0304203487786,599.23,2,
2024-11-27T17:00:00Z,1077,role_flip_retest,supply,599.0304203487786,599.23,2,
2024-11-27T17:00:00Z,1085,created,supply,600.74,601.33,1,pivot
2024-11-27T21:00:00Z,1086,created,demand,597.28,598.0800298458578,1,pivot
2024-11-29T15:30:00Z,1077,broken,supply,599.0304203487786,599.23,2,
2024-11-29T15:30:00Z,1084,touch,supply,599.6143037781259,600.86,2,
2024-11-29T16:00:00Z,1084,broken,supply,599.6143037781259,600.86,2,
2024-11-29T16:00:00Z,1085,broken,supply,600.74,601.33,1,
2024-12-03T17:00:00Z,1087,created,supply,603.93,604.32,1,pivot
2024-12-03T19:00:00Z,1088,created,demand,602.34,602.88,1,pivot
2024-12-03T20:00:00Z,1087,touch,supply,603.93,604.32,1,
2024-12-04T15:30:00Z,1087,broken,supply,603.93,604.32,1,
2024-12-05T21:00:00Z,1089,created,supply,608.3489575550843,608.48,1,pivot
2024-12-06T15:30:00Z,1089,broken,supply,608.3489575550843,608.48,1,
2024-12-06T15:30:00Z,1090,created,demand,606.3,606.8937951737811,1,order_block
2024-12-06T16:00:00Z,1089,role_flip_retest,demand,608.3489575550843,608.48,2,
2024-12-06T17:00:00Z,1089,broken,demand,608.3489575550843,608.48,2,
2024-12-06T17:00:00Z,1091,created,demand,606.3,606.61,1,pivot
2024-12-06T18:00:00Z,1074,broken_zone_expired,demand,599.82,600.17,3,
2024-12-06T19:00:00Z,1089,role_flip_retest,supply,608.3489575550843,608.48,2,
2024-12-06T19:00:00Z,1092,created,supply,608.9337781718554,609.07,1,pivot
2024-12-09T16:00:00Z,1090,broken,demand,606.3,606.8937951737811,1,
2024-12-09T16:00:00Z,1091,broken,demand,606.3,606.61,1,
2024-12-09T16:00:00Z,1093,created,supply,607.5323582585337,608.12,1,order_block
2024-12-09T16:00:00Z,1093,volume_confluence,supply,607.5323582585337,608.12,2,POC:2024-12-06:607.575208
2024-12-09T17:00:00Z,1077,broken_zone_expired,supply,599.0304203487786,599.23,2,
2024-12-09T18:00:00Z,1084,broken_zone_expired,supply,599.6143037781259,600.86,2,
2024-12-09T18:00:00Z,1085,broken_zone_expired,supply,600.74,601.33,1,
2024-12-09T19:00:00Z,1090,role_flip_retest,supply,606.3,606.8937951737811,2,
2024-12-09T19:00:00Z,1091,role_flip_retest,supply,606.3,606.61,2,
2024-12-09T21:00:00Z,1087,role_flip_retest,demand,603.93,604.32,2,
2024-12-10T17:00:00Z,1094,created,demand,604.08,604.66,1,pivot
2024-12-10T20:00:00Z,1087,broken,demand,603.93,604.32,2,
2024-12-10T20:00:00Z,1094,broken,demand,604.08,604.66,1,
2024-12-10T21:00:00Z,1088,touch,demand,602.34,602.88,1,
2024-12-11T15:30:00Z,1088,rejection,demand,602.34,602.88,1,
2024-12-11T15:30:00Z,1090,touch,supply,606.3,606.8937951737811,2,
2024-12-11T15:30:00Z,1091,touch,supply,606.3,606.61,2,
2024-12-11T16:00:00Z,1091,broken,supply,606.3,606.61,2,
2024-12-11T17:00:00Z,1090,broken,supply,606.3,606.8937951737811,2,
2024-12-11T17:00:00Z,1091,role_flip_retest,demand,606.3,606.61,2,
2024-12-11T17:00:00Z,1093,touch,supply,607.5323582585337,608.12,2,
2024-12-11T17:00:00Z,1095,created,demand,602.13,602.8257918273472,1,pivot
2024-12-11T19:00:00Z,1089,touch,supply,608.3489575550843,608.48,2,
2024-12-11T21:00:00Z,1089,rejection,supply,608.3489575550843,608.48,2,
2024-12-12T15:30:00Z,1091,broken,demand,606.3,606.61,2,
2024-12-12T15:30:00Z,1089,merged,supply,608.13,608.48,3,pivot;geometry=updated
2024-12-12T15:30:00Z,1089,qualified,supply,608.13,608.48,3,pivot|repeated_pivot|role_flip
2024-12-12T17:00:00Z,1091,role_flip_retest,supply,606.3,606.61,2,
2024-12-12T18:00:00Z,1091,broken,supply,606.3,606.61,2,
2024-12-12T19:00:00Z,1097,created,demand,605.13,605.8002255970267,1,pivot
2024-12-12T21:00:00Z,1097,broken,demand,605.13,605.8002255970267,1,
2024-12-13T15:30:00Z,1063,age_expired,demand,574.41,575.3602375917941,3,
2024-12-13T16:00:00Z,1087,role_flip_retest,supply,603.93,604.32,2,
2024-12-13T16:00:00Z,1094,role_flip_retest,supply,604.08,604.66,2,
2024-12-13T16:00:00Z,1097,role_flip_retest,supply,605.13,605.8002255970267,2,
2024-12-13T16:00:00Z,1098,created,supply,606.1775651296647,606.89,1,order_block
2024-12-13T18:00:00Z,1088,touch,demand,602.34,602.88,1,
2024-12-13T19:00:00Z,1088,rejection,demand,602.34,602.88,1,
2024-12-13T19:00:00Z,1095,touch,demand,602.13,602.8257918273472,1,
2024-12-13T21:00:00Z,1087,volume_confluence,supply,603.93,604.32,3,POC:2024-12-13:603.980000
2024-12-16T15:30:00Z,1087,broken,supply,603.93,604.32,3,
2024-12-16T15:30:00Z,1094,broken,supply,604.08,604.66,2,
2024-12-16T15:30:00Z,1095,rejection,demand,602.13,602.8257918273472,1,
2024-12-16T15:30:00Z,1097,broken,supply,605.13,605.8002255970267,2,
2024-12-16T15:30:00Z,1098,touch,supply,606.1775651296647,606.89,1,
2024-12-16T15:30:00Z,1088,merged,demand,602.34,602.978688370674,2,pivot;geometry=updated
2024-12-16T15:30:00Z,1088,qualified,demand,602.34,602.978688370674,2,pivot|repeated_pivot
2024-12-16T16:00:00Z,1091,role_flip_retest,demand,606.3,606.61,2,
2024-12-16T16:00:00Z,1097,role_flip_retest,demand,605.13,605.8002255970267,2,
2024-12-16T17:00:00Z,1090,role_flip_retest,demand,606.3,606.8937951737811,2,
2024-12-16T18:00:00Z,1098,broken,supply,606.1775651296647,606.89,1,
2024-12-16T19:00:00Z,1093,touch,supply,607.5323582585337,608.12,2,
2024-12-16T21:00:00Z,1093,rejection,supply,607.5323582585337,608.12,2,
2024-12-17T15:30:00Z,1087,role_flip_retest,demand,603.93,604.32,3,
2024-12-17T15:30:00Z,1090,broken,demand,606.3,606.8937951737811,2,
2024-12-17T15:30:00Z,1091,broken,demand,606.3,606.61,2,
2024-12-17T15:30:00Z,1097,broken,demand,605.13,605.8002255970267,2,
2024-12-17T17:00:00Z,1094,role_flip_retest,demand,604.08,604.66,2,
2024-12-17T17:00:00Z,1097,role_flip_retest,supply,605.13,605.8002255970267,2,
2024-12-17T17:00:00Z,1093,merged,supply,607.51,608.12,3,pivot;geometry=updated
2024-12-17T19:00:00Z,1101,created,demand,603.16,603.871057479757,1,pivot
2024-12-17T20:00:00Z,1087,broken,demand,603.93,604.32,3,
2024-12-17T20:00:00Z,1094,broken,demand,604.08,604.66,2,
2024-12-17T21:00:00Z,1088,touch,demand,602.34,602.978688370674,2,
2024-12-18T15:30:00Z,1088,rejection,demand,602.34,602.978688370674,2,
2024-12-18T16:00:00Z,1090,role_flip_retest,supply,606.3,606.8937951737811,2,
2024-12-18T16:00:00Z,1091,role_flip_retest,supply,606.3,606.61,2,
2024-12-18T16:00:00Z,1097,broken,supply,605.13,605.8002255970267,2,
2024-12-18T17:00:00Z,1102,created,demand,602.88,603.4,1,pivot
2024-12-18T19:00:00Z,1103,created,supply,605.96,606.41,1,pivot
2024-12-18T20:00:00Z,1083,touch,demand,595.8658865587817,596.14,2,
2024-12-18T20:00:00Z,1086,broken,demand,597.28,598.0800298458578,1,
2024-12-18T20:00:00Z,1087,role_flip_retest,supply,603.93,604.32,3,
2024-12-18T20:00:00Z,1088,broken,demand,602.34,602.978688370674,2,
2024-12-18T20:00:00Z,1094,role_flip_retest,supply,604.08,604.66,2,
2024-12-18T20:00:00Z,1095,broken,demand,602.13,602.8257918273472,1,
2024-12-18T20:00:00Z,1101,broken,demand,603.16,603.871057479757,1,
2024-12-18T20:00:00Z,1102,broken,demand,602.88,603.4,1,
2024-12-18T20:00:00Z,1104,created,supply,605.4718877704687,606.41,1,order_block
2024-12-18T20:00:00Z,1094,volume_confluence,supply,604.08,604.66,3,POC:2024-12-17:604.263542
2024-12-18T21:00:00Z,1076,broken,demand,594.37,594.67,2,
2024-12-18T21:00:00Z,1079,broken,demand,588.5070802451909,589.49,3,
2024-12-18T21:00:00Z,1081,broken,demand,590.8103243677268,591.05,2,
2024-12-18T21:00:00Z,1083,broken,demand,595.8658865587817,596.14,2,
2024-12-18T21:00:00Z,1104,merged,supply,605.1453243582924,606.41,1,order_block;geometry=updated
2024-12-19T15:30:00Z,1081,role_flip_retest,supply,590.8103243677268,591.05,2,
2024-12-19T17:00:00Z,1106,created,demand,585.89,586.3,1,pivot
2024-12-19T19:00:00Z,1081,broken,supply,590.8103243677268,591.05,2,
2024-12-19T20:00:00Z,1079,role_flip_retest,supply,588.5070802451909,589.49,3,
2024-12-19T21:00:00Z,1106,touch,demand,585.89,586.3,1,
2024-12-20T15:30:00Z,1078,broken,demand,583.86,584.71,2,
2024-12-20T15:30:00Z,1082,broken,demand,584.63,585.8228718835346,1,
2024-12-20T15:30:00Z,1106,broken,demand,585.89,586.3,1,
2024-12-20T17:00:00Z,1079,broken,supply,588.5070802451909,589.49,3,
2024-12-20T17:00:00Z,1081,role_flip_retest,demand,590.8103243677268,591.05,2,
2024-12-20T18:00:00Z,1107,created,demand,580.91,581.77,1,pivot
2024-12-20T19:00:00Z,1076,role_flip_retest,supply,594.37,594.67,2,
2024-12-20T21:00:00Z,1079,role_flip_retest,demand,588.5070802451909,589.49,3,
2024-12-20T21:00:00Z,1076,merged,supply,594.37,595.75,3,pivot;geometry=updated
2024-12-20T21:00:00Z,1076,qualified,supply,594.37,595.75,3,pivot|repeated_pivot|role_flip
2024-12-23T15:30:00Z,1081,broken,demand,590.8103243677268,591.05,2,
2024-12-23T16:00:00Z,1070,age_expired,demand,567.89,568.87,2,
2024-12-23T18:00:00Z,1071,age_expired,demand,574.44,575.55,3,
2024-12-23T19:00:00Z,1109,created,demand,587.66,589.08,1,pivot
2024-12-23T21:00:00Z,1076,touch,supply,594.37,595.75,3,
2024-12-24T15:30:00Z,1076,broken,supply,594.37,595.75,3,
2024-12-24T15:30:00Z,1086,role_flip_retest,supply,597.28,598.0800298458578,2,
2024-12-24T16:00:00Z,1086,broken,supply,597.28,598.0800298458578,2,
2024-12-24T17:00:00Z,1098,broken_zone_expired,supply,606.1775651296647,606.89,1,
2024-12-26T15:30:00Z,1086,role_flip_retest,demand,597.28,598.0800298458578,2,
2024-12-26T17:00:00Z,1073,age_expired,demand,569.17,570.3197401718317,2,
2024-12-26T18:00:00Z,1088,role_flip_retest,supply,602.34,602.978688370674,3,
2024-12-26T18:00:00Z,1095,role_flip_retest,supply,602.13,602.8257918273472,2,
2024-12-26T21:00:00Z,1095,merged,supply,601.84,602.8257918273472,3,pivot;geometry=updated
2024-12-26T21:00:00Z,1095,qualified,supply,601.84,602.8257918273472,3,pivot|repeated_pivot|role_flip
2024-12-27T15:30:00Z,1086,broken,demand,597.28,598.0800298458578,2,
2024-12-27T16:00:00Z,1083,role_flip_retest,supply,595.8658865587817,596.14,2,
2024-12-27T18:00:00Z,1097,broken_zone_expired,supply,605.13,605.8002255970267,2,
2024-12-27T21:00:00Z,1111,created,demand,590.76,592.03,1,pivot
2024-12-30T15:30:00Z,1079,broken,demand,588.5070802451909,589.49,3,
2024-12-30T15:30:00Z,1101,broken_zone_expired,demand,603.16,603.871057479757,1,
2024-12-30T15:30:00Z,1102,broken_zone_expired,demand,602.88,603.4,1,
2024-12-30T15:30:00Z,1106,role_flip_retest,supply,585.89,586.3,2,
2024-12-30T15:30:00Z,1109,broken,demand,587.66,589.08,1,
2024-12-30T15:30:00Z,1111,broken,demand,590.76,592.03,1,
2024-12-30T16:00:00Z,1106,broken,supply,585.89,586.3,2,
2024-12-30T19:00:00Z,1112,created,demand,584.41,585.21,1,pivot
2024-12-30T21:00:00Z,1079,role_flip_retest,supply,588.5070802451909,589.49,3,
2024-12-30T21:00:00Z,1081,role_flip_retest,supply,590.8103243677268,591.05,2,
2024-12-30T21:00:00Z,1111,role_flip_retest,supply,590.76,592.03,2,
2024-12-31T15:30:00Z,1079,broken,supply,588.5070802451909,589.49,3,
2024-12-31T17:00:00Z,1078,broken_zone_expired,demand,583.86,584.71,2,
2024-12-31T17:00:00Z,1082,broken_zone_expired,demand,584.63,585.8228718835346,1,
2024-12-31T17:00:00Z,1109,role_flip_retest,supply,587.66,589.08,2,
2024-12-31T18:00:00Z,1106,role_flip_retest,demand,585.89,586.3,2,
2024-12-31T18:00:00Z,1112,touch,demand,584.41,585.21,1,
2024-12-31T19:00:00Z,1106,broken,demand,585.89,586.3,2,
2024-12-31T20:00:00Z,1112,rejection,demand,584.41,585.21,1,
2025-01-02T15:30:00Z,1079,role_flip_retest,demand,588.5070802451909,589.49,3,
2025-01-02T15:30:00Z,1109,broken,supply,587.66,589.08,2,
2025-01-02T16:00:00Z,1079,broken,demand,588.5070802451909,589.49,3,
2025-01-02T16:00:00Z,1081,touch,supply,590.8103243677268,591.05,2,
2025-01-02T16:00:00Z,1111,touch,supply,590.76,592.03,2,
2025-01-02T16:00:00Z,1112,merged,demand,584.41,585.36,2,pivot;geometry=updated
2025-01-02T16:00:00Z,1112,qualified,demand,584.41,585.36,2,pivot|repeated_pivot
2025-01-02T17:00:00Z,1079,role_flip_retest,supply,588.5070802451909,589.49,3,
2025-01-02T18:00:00Z,1081,rejection,supply,590.8103243677268,591.05,2,
2025-01-02T18:00:00Z,1106,role_flip_retest,supply,585.89,586.3,2,
2025-01-02T18:00:00Z,1107,touch,demand,580.91,581.77,1,
2025-01-02T18:00:00Z,1111,rejection,supply,590.76,592.03,2,
2025-01-02T18:00:00Z,1112,broken,demand,584.41,585.36,2,
2025-01-02T18:00:00Z,1114,created,supply,587.59,588.77,1,order_block
2025-01-02T19:00:00Z,1081,merged,supply,590.18,591.13,3,pivot;geometry=updated
2025-01-02T19:00:00Z,1081,qualified,supply,590.18,591.13,3,pivot|repeated_pivot|role_flip
2025-01-02T21:00:00Z,1107,rejection,demand,580.91,581.77,1,
2025-01-03T15:30:00Z,1106,broken,supply,585.89,586.3,2,
2025-01-03T15:30:00Z,1114,touch,supply,587.59,588.77,1,
2025-01-03T15:30:00Z,1107,merged,demand,580.5,581.9,2,pivot;geometry=updated
2025-01-03T15:30:00Z,1107,qualified,demand,580.5,581.9,2,pivot|repeated_pivot
2025-01-03T16:00:00Z,1109,role_flip_retest,demand,587.66,589.08,2,
2025-01-03T16:00:00Z,1114,broken,supply,587.59,588.77,1,
2025-01-03T17:00:00Z,1076,broken_zone_expired,supply,594.37,595.75,3,
2025-01-03T17:00:00Z,1079,broken,supply,588.5070802451909,589.49,3,
2025-01-03T17:00:00Z,1081,touch,supply,590.18,591.13,3,
2025-01-03T17:00:00Z,1111,touch,supply,590.76,592.03,2,
2025-01-03T17:00:00Z,1114,role_flip_retest,demand,587.59,588.77,2,
2025-01-03T19:00:00Z,1081,broken,supply,590.18,591.13,3,
2025-01-03T20:00:00Z,1081,role_flip_retest,demand,590.18,591.13,3,
2025-01-03T21:00:00Z,1081,volume_confluence,demand,590.18,591.13,4,POC:2025-01-03:590.928958
2025-01-03T21:00:00Z,1081,evidence_upgrade,demand,590.18,591.13,4,volume_profile;score:3->4;qualified_score:3
2025-01-03T21:00:00Z,1111,volume_confluence,supply,590.76,592.03,3,POC:2025-01-03:590.928958
2025-01-06T15:30:00Z,1083,broken,supply,595.8658865587817,596.14,2,
2025-01-06T15:30:00Z,1111,broken,supply,590.76,592.03,3,
2025-01-06T19:00:00Z,1086,role_flip_retest,supply,597.28,598.0800298458578,2,
2025-01-06T20:00:00Z,1117,created,supply,599.3815844214677,599.7,1,pivot
2025-01-07T15:30:00Z,1083,role_flip_retest,demand,595.8658865587817,596.14,2,
2025-01-07T16:00:00Z,1081,touch,demand,590.18,591.13,4,
2025-01-07T16:00:00Z,1083,broken,demand,595.8658865587817,596.14,2,
2025-01-07T16:00:00Z,1111,role_flip_retest,demand,590.76,592.03,3,
2025-01-07T20:00:00Z,1081,broken,demand,590.18,591.13,4,
2025-01-07T20:00:00Z,1111,broken,demand,590.76,592.03,3,
2025-01-07T21:00:00Z,1109,touch,demand,587.66,589.08,2,
2025-01-07T21:00:00Z,1114,touch,demand,587.59,588.77,2,
2025-01-08T15:30:00Z,1109,broken,demand,587.66,589.08,2,
2025-01-08T15:30:00Z,1114,broken,demand,587.59,588.77,2,
2025-01-08T16:00:00Z,1106,role_flip_retest,demand,585.89,586.3,2,
2025-01-08T18:00:00Z,1109,role_flip_retest,supply,587.66,589.08,2,
2025-01-08T18:00:00Z,1114,role_flip_retest,supply,587.59,588.77,2,
2025-01-08T20:00:00Z,1081,role_flip_retest,supply,590.18,591.13,4,
2025-01-08T21:00:00Z,1109,broken,supply,587.66,589.08,2,
2025-01-08T21:00:00Z,1114,broken,supply,587.59,588.77,2,
2025-01-08T21:00:00Z,1118,created,demand,585.19,586.7138147028414,1,pivot
2025-01-10T15:30:00Z,1106,broken,demand,585.89,586.3,2,
2025-01-10T15:30:00Z,1112,role_flip_retest,supply,584.41,585.36,3,
2025-01-10T15:30:00Z,1118,broken,demand,585.19,586.7138147028414,1,
2025-01-10T16:00:00Z,1107,touch,demand,580.5,581.9,2,
2025-01-10T16:00:00Z,1119,created,supply,588.8453485470399,590.58,1,pivot
2025-01-10T17:00:00Z,1107,broken,demand,580.5,581.9,2,
2025-01-10T21:00:00Z,1120,created,demand,578.55,579.12,1,pivot
2025-01-13T15:30:00Z,1120,broken,demand,578.55,579.12,1,
2025-01-13T16:00:00Z,1120,role_flip_retest,supply,578.55,579.12,2,
2025-01-13T18:00:00Z,1120,broken,supply,578.55,579.12,2,
2025-01-13T18:00:00Z,1121,created,demand,575.35,575.77,1,pivot
2025-01-13T19:00:00Z,1120,role_flip_retest,demand,578.55,579.12,2,
2025-01-13T20:00:00Z,1107,role_flip_retest,supply,580.5,581.9,3,
2025-01-13T20:00:00Z,1107,volume_confluence,supply,580.5,581.9,4,POC:2025-01-10:581.174375
2025-01-13T20:00:00Z,1107,evidence_upgrade,supply,580.5,581.9,4,volume_profile;score:3->4;qualified_score:2
2025-01-14T15:30:00Z,1107,broken,supply,580.5,581.9,4,
2025-01-14T15:30:00Z,1112,touch,supply,584.41,585.36,3,
2025-01-14T16:00:00Z,1079,broken_zone_expired,supply,588.5070802451909,589.49,3,
2025-01-14T16:00:00Z,1112,rejection,supply,584.41,585.36,3,
2025-01-14T17:00:00Z,1081,age_expired,supply,590.18,591.13,4,
2025-01-14T18:00:00Z,1112,merged,supply,584.41,585.36,3,pivot;geometry=frozen
2025-01-14T19:00:00Z,1107,role_flip_retest,demand,580.5,581.9,4,
2025-01-14T21:00:00Z,1120,touch,demand,578.55,579.12,2,
2025-01-14T21:00:00Z,1120,merged,demand,578.35,579.12,3,pivot;geometry=updated
2025-01-14T21:00:00Z,1120,qualified,demand,578.35,579.12,3,pivot|repeated_pivot|role_flip
2025-01-15T15:30:00Z,1112,broken,supply,584.41,585.36,3,
2025-01-15T15:30:00Z,1119,broken,supply,588.8453485470399,590.58,1,
2025-01-15T15:30:00Z,1120,rejection,demand,578.35,579.12,3,
2025-01-15T17:00:00Z,1111,role_flip_retest,supply,590.76,592.03,3,
2025-01-15T18:00:00Z,1119,role_flip_retest,demand,588.8453485470399,590.58,2,
2025-01-15T19:00:00Z,1111,broken,supply,590.76,592.03,3,
2025-01-15T19:00:00Z,1124,created,supply,591.95,592.97,1,pivot
2025-01-15T20:00:00Z,1124,broken,supply,591.95,592.97,1,
2025-01-16T15:30:00Z,1083,broken_zone_expired,demand,595.8658865587817,596.14,2,
2025-01-16T16:00:00Z,1111,role_flip_retest,demand,590.76,592.03,3,
2025-01-16T16:00:00Z,1124,role_flip_retest,demand,591.95,592.97,2,
2025-01-16T16:00:00Z,1124,volume_confluence,demand,591.95,592.97,3,POC:2025-01-15:592.653542
2025-01-16T19:00:00Z,1124,broken,demand,591.95,592.97,3,
2025-01-16T20:00:00Z,1125,created,supply,593.51,594.35,1,pivot
2025-01-16T21:00:00Z,1124,role_flip_retest,supply,591.95,592.97,3,
2025-01-17T15:30:00Z,1086,touch,supply,597.28,598.0800298458578,2,
2025-01-17T15:30:00Z,1124,broken,supply,591.95,592.97,3,
2025-01-17T15:30:00Z,1125,broken,supply,593.51,594.35,1,
2025-01-17T15:30:00Z,1111,merged,demand,590.76,592.03,4,pivot;geometry=updated
2025-01-17T15:30:00Z,1111,qualified,demand,590.76,592.03,4,pivot|repeated_pivot|role_flip|volume_profile
2025-01-17T17:00:00Z,1086,broken,supply,597.28,598.0800298458578,2,
2025-01-17T18:00:00Z,1086,role_flip_retest,demand,597.28,598.0800298458578,2,
2025-01-17T20:00:00Z,1109,broken_zone_expired,supply,587.66,589.08,2,
2025-01-17T20:00:00Z,1114,broken_zone_expired,supply,587.59,588.77,2,
2025-01-17T21:00:00Z,1106,broken_zone_expired,demand,585.89,586.3,2,
2025-01-17T21:00:00Z,1118,broken_zone_expired,demand,585.19,586.7138147028414,1,
2025-01-21T15:30:00Z,1117,broken,supply,599.3815844214677,599.7,1,
2025-01-21T16:00:00Z,1117,role_flip_retest,demand,599.3815844214677,599.7,2,
2025-01-21T18:00:00Z,1088,touch,supply,602.34,602.978688370674,3,
2025-01-21T18:00:00Z,1095,touch,supply,601.84,602.8257918273472,3,
2025-01-21T20:00:00Z,1088,rejection,supply,602.34,602.978688370674,3,
2025-01-21T21:00:00Z,1095,volume_confluence,supply,601.84,602.8257918273472,4,POC:2025-01-21:601.992292
2025-01-21T21:00:00Z,1095,evidence_upgrade,supply,601.84,602.8257918273472,4,volume_profile;score:3->4;qualified_score:3
2025-01-22T15:30:00Z,1087,broken,supply,603.93,604.32,3,
2025-01-22T15:30:00Z,1088,broken,supply,602.34,602.978688370674,3,
2025-01-22T15:30:00Z,1090,touch,supply,606.3,606.8937951737811,2,
2025-01-22T15:30:00Z,1091,touch,supply,606.3,606.61,2,
2025-01-22T15:30:00Z,1094,broken,supply,604.08,604.66,3,
2025-01-22T15:30:00Z,1095,broken,supply,601.84,602.8257918273472,4,
2025-01-22T15:30:00Z,1103,touch,supply,605.96,606.41,1,
2025-01-22T15:30:00Z,1104,touch,supply,605.1453243582924,606.41,1,
2025-01-22T16:00:00Z,1103,broken,supply,605.96,606.41,1,
2025-01-22T16:00:00Z,1104,broken,supply,605.1453243582924,606.41,1,
2025-01-22T17:00:00Z,1090,broken,supply,606.3,606.8937951737811,2,
2025-01-22T17:00:00Z,1091,broken,supply,606.3,606.61,2,
2025-01-22T17:00:00Z,1093,touch,supply,607.51,608.12,3,
2025-01-22T17:00:00Z,1103,role_flip_retest,demand,605.96,606.41,2,
2025-01-22T17:00:00Z,1104,role_flip_retest,demand,605.1453243582924,606.41,2,
2025-01-22T18:00:00Z,1093,rejection,supply,607.51,608.12,3,
2025-01-22T20:00:00Z,1090,role_flip_retest,demand,606.3,606.8937951737811,2,
2025-01-22T21:00:00Z,1093,merged,supply,607.51,608.12,4,pivot;geometry=updated
2025-01-22T21:00:00Z,1093,qualified,supply,607.51,608.12,4,order_block|pivot|repeated_pivot|volume_profile
2025-01-23T16:00:00Z,1086,age_expired,demand,597.28,598.0800298458578,2,
2025-01-23T16:00:00Z,1091,role_flip_retest,demand,606.3,606.61,2,
2025-01-23T18:00:00Z,1128,created,demand,605.52,605.8,1,pivot
2025-01-23T19:00:00Z,1089,touch,supply,608.13,608.48,3,
2025-01-23T21:00:00Z,1089,broken,supply,608.13,608.48,3,
2025-01-23T21:00:00Z,1092,broken,supply,608.9337781718554,609.07,1,
2025-01-23T21:00:00Z,1093,broken,supply,607.51,608.12,4,
2025-01-23T21:00:00Z,1112,broken_zone_expired,supply,584.41,585.36,3,
2025-01-24T16:00:00Z,1092,role_flip_retest,demand,608.9337781718554,609.07,2,
2025-01-24T18:00:00Z,1092,broken,demand,608.9337781718554,609.07,2,
2025-01-24T18:00:00Z,1129,created,supply,610.33,610.78,1,pivot
2025-01-24T21:00:00Z,1090,touch,demand,606.3,606.8937951737811,2,
2025-01-27T15:30:00Z,1090,broken,demand,606.3,606.8937951737811,2,
2025-01-27T15:30:00Z,1091,broken,demand,606.3,606.61,2,
2025-01-27T15:30:00Z,1103,broken,demand,605.96,606.41,2,
2025-01-27T15:30:00Z,1104,broken,demand,605.1453243582924,606.41,2,
2025-01-27T15:30:00Z,1117,broken,demand,599.3815844214677,599.7,2,
2025-01-27T15:30:00Z,1128,broken,demand,605.52,605.8,1,
2025-01-27T16:00:00Z,1117,role_flip_retest,supply,599.3815844214677,599.7,2,
2025-01-27T18:00:00Z,1130,created,demand,594.64,594.9148488118815,1,pivot
2025-01-27T21:00:00Z,1124,broken_zone_expired,supply,591.95,592.97,3,
2025-01-27T21:00:00Z,1125,broken_zone_expired,supply,593.51,594.35,1,
2025-01-28T16:00:00Z,1088,role_flip_retest,demand,602.34,602.978688370674,3,
2025-01-28T16:00:00Z,1095,role_flip_retest,demand,601.84,602.8257918273472,4,
2025-01-28T16:00:00Z,1117,broken,supply,599.3815844214677,599.7,2,
2025-01-28T17:00:00Z,1088,age_expired,demand,602.34,602.978688370674,3,
2025-01-28T20:00:00Z,1087,role_flip_retest,demand,603.93,604.32,3,
2025-01-28T20:00:00Z,1094,role_flip_retest,demand,604.08,604.66,3,
2025-01-28T20:00:00Z,1104,role_flip_retest,supply,605.1453243582924,606.41,2,
2025-01-28T21:00:00Z,1087,age_expired,demand,603.93,604.32,3,
2025-01-29T15:30:00Z,1094,broken,demand,604.08,604.66,3,
2025-01-29T16:00:00Z,1094,role_flip_retest,supply,604.08,604.66,3,
2025-01-29T17:00:00Z,1131,created,supply,605.1117334544225,605.37,1,pivot
2025-01-29T19:00:00Z,1095,broken,demand,601.84,602.8257918273472,4,
2025-01-29T19:00:00Z,1117,role_flip_retest,demand,599.3815844214677,599.7,2,
2025-01-29T21:00:00Z,1095,role_flip_retest,supply,601.84,602.8257918273472,4,
2025-01-30T15:30:00Z,1094,broken,supply,604.08,604.66,3,
2025-01-30T15:30:00Z,1095,broken,supply,601.84,602.8257918273472,4,
2025-01-30T15:30:00Z,1103,role_flip_retest,supply,605.96,606.41,2,
2025-01-30T15:30:00Z,1104,touch,supply,605.1453243582924,606.41,2,
2025-01-30T15:30:00Z,1128,role_flip_retest,supply,605.52,605.8,2,
2025-01-30T15:30:00Z,1131,touch,supply,605.1117334544225,605.37,1,
2025-01-30T16:00:00Z,1104,rejection,supply,605.1453243582924,606.41,2,
2025-01-30T16:00:00Z,1131,rejection,supply,605.1117334544225,605.37,1,
2025-01-30T16:00:00Z,1132,created,demand,599.22,600.6317565409583,1,pivot
2025-01-30T17:00:00Z,1095,role_flip_retest,demand,601.84,602.8257918273472,4,
2025-01-30T18:00:00Z,1128,merged,supply,604.94,605.98,3,pivot;geometry=updated
2025-01-30T18:00:00Z,1128,qualified,supply,604.94,605.98,3,pivot|repeated_pivot|role_flip
2025-01-30T19:00:00Z,1094,role_flip_retest,demand,604.08,604.66,3,
2025-01-30T20:00:00Z,1131,broken,supply,605.1117334544225,605.37,1,
2025-01-30T21:00:00Z,1090,role_flip_retest,supply,606.3,606.8937951737811,2,
2025-01-30T21:00:00Z,1091,role_flip_retest,supply,606.3,606.61,2,
2025-01-31T15:30:00Z,1090,age_expired,supply,606.3,606.8937951737811,2,
2025-01-31T15:30:00Z,1091,age_expired,supply,606.3,606.61,2,
2025-01-31T15:30:00Z,1103,broken,supply,605.96,606.41,2,
2025-01-31T15:30:00Z,1104,broken,supply,605.1453243582924,606.41,2,
2025-01-31T15:30:00Z,1128,broken,supply,604.94,605.98,3,
2025-01-31T16:00:00Z,1089,role_flip_retest,demand,608.13,608.48,3,
2025-01-31T16:00:00Z,1093,role_flip_retest,demand,607.51,608.12,5,
2025-01-31T17:00:00Z,1089,age_expired,demand,608.13,608.48,3,
2025-01-31T17:00:00Z,1092,role_flip_retest,supply,608.9337781718554,609.07,2,
2025-01-31T17:00:00Z,1093,age_expired,demand,607.51,608.12,5,
2025-01-31T18:00:00Z,1092,age_expired,supply,608.9337781718554,609.07,2,
2025-01-31T19:00:00Z,1131,role_flip_retest,demand,605.1117334544225,605.37,2,
2025-01-31T20:00:00Z,1094,broken,demand,604.08,604.66,3,
2025-01-31T20:00:00Z,1095,touch,demand,601.84,602.8257918273472,4,
2025-01-31T20:00:00Z,1131,broken,demand,605.1117334544225,605.37,2,
2025-01-31T20:00:00Z,1129,merged,supply,609.46,610.78,2,pivot;geometry=updated
2025-01-31T20:00:00Z,1129,qualified,supply,609.46,610.78,2,pivot|repeated_pivot
2025-02-03T15:30:00Z,1095,broken,demand,601.84,602.8257918273472,4,
2025-02-03T15:30:00Z,1111,touch,demand,590.76,592.03,4,
2025-02-03T15:30:00Z,1117,broken,demand,599.3815844214677,599.7,2,
2025-02-03T15:30:00Z,1130,broken,demand,594.64,594.9148488118815,1,
2025-02-03T15:30:00Z,1132,broken,demand,599.22,600.6317565409583,1,
2025-02-03T16:00:00Z,1111,rejection,demand,590.76,592.03,4,
2025-02-03T16:00:00Z,1119,touch,demand,588.8453485470399,590.58,2,
2025-02-03T17:00:00Z,1132,role_flip_retest,supply,599.22,600.6317565409583,2,
2025-02-03T19:00:00Z,1119,rejection,demand,588.8453485470399,590.58,2,
2025-02-03T19:00:00Z,1111,merged,demand,590.76,592.03,4,pivot;geometry=frozen
2025-02-03T21:00:00Z,1117,role_flip_retest,supply,599.3815844214677,599.7,2,
2025-02-04T16:00:00Z,1117,broken,supply,599.3815844214677,599.7,2,
2025-02-04T17:00:00Z,1095,role_flip_retest,supply,601.84,602.8257918273472,4,
2025-02-04T17:00:00Z,1132,broken,supply,599.22,600.6317565409583,2,
2025-02-04T18:00:00Z,1095,age_expired,supply,601.84,602.8257918273472,4,
2025-02-04T18:00:00Z,1117,role_flip_retest,demand,599.3815844214677,599.7,2,
2025-02-04T18:00:00Z,1132,role_flip_retest,demand,599.22,600.6317565409583,2,
2025-02-05T16:00:00Z,1136,created,supply,601.48,602.3,1,pivot
2025-02-05T17:00:00Z,1136,broken,supply,601.48,602.3,1,
2025-02-05T19:00:00Z,1136,role_flip_retest,demand,601.48,602.3,2,
2025-02-05T19:00:00Z,1137,created,demand,598.58,599.90765860954,1,pivot
2025-02-06T16:00:00Z,1131,role_flip_retest,supply,605.1117334544225,605.37,2,
2025-02-06T18:00:00Z,1131,broken,supply,605.1117334544225,605.37,2,
2025-02-06T18:00:00Z,1138,created,supply,605.8559009757417,606.1,1,pivot
2025-02-06T20:00:00Z,1094,role_flip_retest,supply,604.08,604.66,3,
2025-02-06T21:00:00Z,1094,age_expired,supply,604.08,604.66,3,
2025-02-06T21:00:00Z,1128,role_flip_retest,demand,604.94,605.98,3,
2025-02-06T21:00:00Z,1131,role_flip_retest,demand,605.1117334544225,605.37,2,
2025-02-06T21:00:00Z,1138,broken,supply,605.8559009757417,606.1,1,
2025-02-06T21:00:00Z,1139,created,demand,602.63,603.6730751279996,1,order_block
2025-02-06T21:00:00Z,1128,volume_confluence,demand,604.94,605.98,4,POC:2025-02-06:605.103542
2025-02-06T21:00:00Z,1128,evidence_upgrade,demand,604.94,605.98,4,volume_profile;score:3->4;qualified_score:3
2025-02-06T21:00:00Z,1139,volume_confluence,demand,602.63,603.6730751279996,2,POC:2025-02-05:602.801875
2025-02-07T16:00:00Z,1128,broken,demand,604.94,605.98,4,
2025-02-07T16:00:00Z,1131,broken,demand,605.1117334544225,605.37,2,
2025-02-07T16:00:00Z,1136,touch,demand,601.48,602.3,2,
2025-02-07T16:00:00Z,1139,touch,demand,602.63,603.6730751279996,2,
2025-02-07T17:00:00Z,1139,broken,demand,602.63,603.6730751279996,2,
2025-02-07T18:00:00Z,1139,role_flip_retest,supply,602.63,603.6730751279996,3,
2025-02-07T18:00:00Z,1140,created,supply,607.81,608.13,1,pivot
2025-02-07T19:00:00Z,1136,broken,demand,601.48,602.3,2,
2025-02-07T20:00:00Z,1132,touch,demand,599.22,600.6317565409583,2,
2025-02-07T20:00:00Z,1136,role_flip_retest,supply,601.48,602.3,2,
2025-02-07T21:00:00Z,1103,broken_zone_expired,supply,605.96,606.41,2,
2025-02-07T21:00:00Z,1104,broken_zone_expired,supply,605.1453243582924,606.41,2,
2025-02-10T15:30:00Z,1136,broken,supply,601.48,602.3,2,
2025-02-10T16:00:00Z,1128,role_flip_retest,supply,604.94,605.98,4,
2025-02-10T16:00:00Z,1131,role_flip_retest,supply,605.1117334544225,605.37,2,
2025-02-10T16:00:00Z,1132,rejection,demand,599.22,600.6317565409583,2,
2025-02-10T16:00:00Z,1139,broken,supply,602.63,603.6730751279996,3,
2025-02-10T17:00:00Z,1141,created,demand,600.05,600.78,1,pivot
2025-02-10T18:00:00Z,1139,role_flip_retest,demand,602.63,603.6730751279996,3,
2025-02-10T19:00:00Z,1131,merged,supply,604.87,605.37,3,pivot;geometry=updated
2025-02-10T19:00:00Z,1131,qualified,supply,604.87,605.37,3,pivot|repeated_pivot|role_flip
2025-02-10T21:00:00Z,1130,broken_zone_expired,demand,594.64,594.9148488118815,1,
2025-02-11T16:00:00Z,1128,touch,supply,604.94,605.98,4,
2025-02-11T16:00:00Z,1131,touch,supply,604.87,605.37,3,
2025-02-11T16:00:00Z,1131,merged,supply,604.87,605.37,3,pivot;geometry=frozen
2025-02-11T17:00:00Z,1128,rejection,supply,604.94,605.98,4,
2025-02-11T17:00:00Z,1131,rejection,supply,604.87,605.37,3,
2025-02-11T18:00:00Z,1139,touch,demand,602.63,603.6730751279996,3,
2025-02-11T18:00:00Z,1144,created,demand,602.43,602.6564054306834,1,pivot
2025-02-11T19:00:00Z,1139,rejection,demand,602.63,603.6730751279996,3,
2025-02-12T15:30:00Z,1117,touch,demand,599.3815844214677,599.7,2,
2025-02-12T15:30:00Z,1132,touch,demand,599.22,600.6317565409583,2,
2025-02-12T15:30:00Z,1137,touch,demand,598.58,599.90765860954,1,
2025-02-12T15:30:00Z,1139,broken,demand,602.63,603.6730751279996,3,
2025-02-12T15:30:00Z,1141,touch,demand,600.05,600.78,1,
2025-02-12T15:30:00Z,1144,broken,demand,602.43,602.6564054306834,1,
2025-02-12T16:00:00Z,1117,rejection,demand,599.3815844214677,599.7,2,
2025-02-12T16:00:00Z,1132,rejection,demand,599.22,600.6317565409583,2,
2025-02-12T16:00:00Z,1136,role_flip_retest,demand,601.48,602.3,2,
2025-02-12T16:00:00Z,1137,rejection,demand,598.58,599.90765860954,1,
2025-02-12T16:00:00Z,1139,role_flip_retest,supply,602.63,603.6730751279996,3,
2025-02-12T16:00:00Z,1141,rejection,demand,600.05,600.78,1,
2025-02-12T16:00:00Z,1128,merged,supply,604.94,605.98,4,pivot;geometry=frozen
2025-02-12T18:00:00Z,1139,broken,supply,602.63,603.6730751279996,3,
2025-02-12T18:00:00Z,1146,created,demand,598.51,599.23,1,pivot
2025-02-12T20:00:00Z,1139,role_flip_retest,demand,602.63,603.6730751279996,3,
2025-02-13T15:30:00Z,1128,touch,supply,604.94,605.98,4,
2025-02-13T15:30:00Z,1131,touch,supply,604.87,605.37,3,
2025-02-13T16:00:00Z,1128,broken,supply,604.94,605.98,4,
2025-02-13T16:00:00Z,1131,broken,supply,604.87,605.37,3,
2025-02-13T16:00:00Z,1138,role_flip_retest,demand,605.8559009757417,606.1,2,
2025-02-13T17:00:00Z,1107,age_expired,demand,580.5,581.9,4,
2025-02-13T17:00:00Z,1128,role_flip_retest,demand,604.94,605.98,4,
2025-02-13T19:00:00Z,1131,role_flip_retest,demand,604.87,605.37,3,
2025-02-13T19:00:00Z,1140,merged,supply,607.09,608.13,2,pivot;geometry=updated
2025-02-13T19:00:00Z,1140,qualified,supply,607.09,608.13,2,pivot|repeated_pivot
2025-02-13T20:00:00Z,1140,broken,supply,607.09,608.13,2,
2025-02-13T21:00:00Z,1129,touch,supply,609.46,610.78,2,
2025-02-14T19:00:00Z,1148,created,supply,610.51,610.99,1,pivot
2025-02-14T21:00:00Z,1129,volume_confluence,supply,609.46,610.78,3,POC:2025-02-14:609.830000
2025-02-14T21:00:00Z,1129,evidence_upgrade,supply,609.46,610.78,3,volume_profile;score:2->3;qualified_score:2
2025-02-18T15:30:00Z,1148,touch,supply,610.51,610.99,1,
2025-02-18T17:00:00Z,1148,rejection,supply,610.51,610.99,1,
2025-02-18T18:00:00Z,1148,merged,supply,610.51,611.0,2,pivot;geometry=updated
2025-02-18T18:00:00Z,1148,qualified,supply,610.51,611.0,2,pivot|repeated_pivot
2025-02-18T21:00:00Z,1129,broken,supply,609.46,610.78,3,
2025-02-18T21:00:00Z,1148,broken,supply,610.51,611.0,2,
2025-02-19T16:00:00Z,1150,created,demand,608.38,609.2141432979776,1,pivot
2025-02-19T17:00:00Z,1129,role_flip_retest,demand,609.46,610.78,4,
2025-02-19T17:00:00Z,1148,role_flip_retest,demand,610.51,611.0,3,
2025-02-20T15:30:00Z,1129,broken,demand,609.46,610.78,4,
2025-02-20T15:30:00Z,1148,broken,demand,610.51,611.0,3,
2025-02-20T15:30:00Z,1150,touch,demand,608.38,609.2141432979776,1,
2025-02-20T16:00:00Z,1129,role_flip_retest,supply,609.46,610.78,4,
2025-02-20T16:00:00Z,1150,broken,demand,608.38,609.2141432979776,1,
2025-02-20T16:00:00Z,1151,created,supply,613.0170607538693,613.23,1,pivot
2025-02-20T17:00:00Z,1111,age_expired,demand,590.76,592.03,4,
2025-02-20T17:00:00Z,1150,role_flip_retest,supply,608.38,609.2141432979776,2,
2025-02-20T19:00:00Z,1140,role_flip_retest,demand,607.09,608.13,3,
2025-02-20T19:00:00Z,1152,created,demand,607.02,607.35,1,pivot
2025-02-20T20:00:00Z,1150,broken,supply,608.38,609.2141432979776,2,
2025-02-20T21:00:00Z,1144,broken_zone_expired,demand,602.43,602.6564054306834,1,
2025-02-20T21:00:00Z,1148,role_flip_retest,supply,610.51,611.0,3,
2025-02-21T16:00:00Z,1128,touch,demand,604.94,605.98,4,
2025-02-21T16:00:00Z,1138,touch,demand,605.8559009757417,606.1,2,
2025-02-21T16:00:00Z,1140,broken,demand,607.09,608.13,3,
2025-02-21T16:00:00Z,1152,broken,demand,607.02,607.35,1,
2025-02-21T17:00:00Z,1140,role_flip_retest,supply,607.09,608.13,3,
2025-02-21T17:00:00Z,1152,role_flip_retest,supply,607.02,607.35,2,
2025-02-21T17:00:00Z,1148,merged,supply,610.51,611.0,3,pivot;geometry=frozen
2025-02-21T18:00:00Z,1128,broken,demand,604.94,605.98,4,
2025-02-21T18:00:00Z,1131,broken,demand,604.87,605.37,3,
2025-02-21T18:00:00Z,1138,broken,demand,605.8559009757417,606.1,2,
2025-02-21T18:00:00Z,1139,touch,demand,602.63,603.6730751279996,3,
2025-02-21T18:00:00Z,1154,created,supply,609.87,610.7,1,order_block
2025-02-21T19:00:00Z,1136,touch,demand,601.48,602.3,2,
2025-02-21T19:00:00Z,1139,broken,demand,602.63,603.6730751279996,3,
2025-02-21T20:00:00Z,1117,touch,demand,599.3815844214677,599.7,2,
2025-02-21T20:00:00Z,1132,touch,demand,599.22,600.6317565409583,2,
2025-02-21T20:00:00Z,1136,broken,demand,601.48,602.3,2,
2025-02-21T20:00:00Z,1137,touch,demand,598.58,599.90765860954,1,
2025-02-21T20:00:00Z,1141,touch,demand,600.05,600.78,1,
2025-02-21T21:00:00Z,1117,volume_confluence,demand,599.3815844214677,599.7,3,POC:2025-02-21:599.695625
2025-02-21T21:00:00Z,1132,volume_confluence,demand,599.22,600.6317565409583,3,POC:2025-02-21:599.695625
2025-02-21T21:00:00Z,1137,volume_confluence,demand,598.58,599.90765860954,2,POC:2025-02-21:599.695625
2025-02-24T15:30:00Z,1117,broken,demand,599.3815844214677,599.7,3,
2025-02-24T15:30:00Z,1132,broken,demand,599.22,600.6317565409583,3,
2025-02-24T15:30:00Z,1136,role_flip_retest,supply,601.48,602.3,2,
2025-02-24T15:30:00Z,1139,role_flip_retest,supply,602.63,603.6730751279996,3,
2025-02-24T15:30:00Z,1141,broken,demand,600.05,600.78,1,
2025-02-24T15:30:00Z,1146,touch,demand,598.51,599.23,1,
2025-02-24T16:00:00Z,1117,role_flip_retest,supply,599.3815844214677,599.7,3,
2025-02-24T16:00:00Z,1132,role_flip_retest,supply,599.22,600.6317565409583,3,
2025-02-24T16:00:00Z,1137,broken,demand,598.58,599.90765860954,2,
2025-02-24T16:00:00Z,1146,broken,demand,598.51,599.23,1,
2025-02-24T17:00:00Z,1117,broken,supply,599.3815844214677,599.7,3,
2025-02-24T17:00:00Z,1141,role_flip_retest,supply,600.05,600.78,2,
2025-02-24T19:00:00Z,1155,created,demand,596.49,597.6888573978865,1,pivot
2025-02-24T20:00:00Z,1117,role_flip_retest,demand,599.3815844214677,599.7,3,
2025-02-24T21:00:00Z,1117,broken,demand,599.3815844214677,599.7,3,
2025-02-24T21:00:00Z,1137,role_flip_retest,supply,598.58,599.90765860954,3,
2025-02-24T21:00:00Z,1146,role_flip_retest,supply,598.51,599.23,2,
2025-02-24T21:00:00Z,1155,touch,demand,596.49,597.6888573978865,1,
2025-02-25T15:30:00Z,1155,broken,demand,596.49,597.6888573978865,1,
2025-02-25T16:00:00Z,1119,touch,demand,588.8453485470399,590.58,2,
2025-02-25T17:00:00Z,1119,rejection,demand,588.8453485470399,590.58,2,
2025-02-25T20:00:00Z,1156,created,demand,589.56,591.0132528571366,1,pivot
2025-02-25T21:00:00Z,1155,role_flip_retest,supply,596.49,597.6888573978865,2,
2025-02-26T16:00:00Z,1132,touch,supply,599.22,600.6317565409583,3,
2025-02-26T16:00:00Z,1137,touch,supply,598.58,599.90765860954,3,
2025-02-26T16:00:00Z,1146,touch,supply,598.51,599.23,2,
2025-02-26T16:00:00Z,1155,broken,supply,596.49,597.6888573978865,2,
2025-02-26T17:00:00Z,1117,role_flip_retest,supply,599.3815844214677,599.7,3,
2025-02-26T17:00:00Z,1132,rejection,supply,599.22,600.6317565409583,3,
2025-02-26T17:00:00Z,1137,rejection,supply,598.58,599.90765860954,3,
2025-02-26T17:00:00Z,1146,rejection,supply,598.51,599.23,2,
2025-02-26T20:00:00Z,1137,merged,supply,598.58,599.90765860954,4,pivot;geometry=updated
2025-02-26T20:00:00Z,1137,qualified,supply,598.58,599.90765860954,4,pivot|repeated_pivot|role_flip|volume_profile
2025-02-27T16:00:00Z,1117,age_expired,supply,599.3815844214677,599.7,3,
2025-02-27T16:00:00Z,1119,touch,demand,588.8453485470399,590.58,2,
2025-02-27T16:00:00Z,1156,touch,demand,589.56,591.0132528571366,1,
2025-02-27T18:00:00Z,1119,rejection,demand,588.8453485470399,590.58,2,
2025-02-27T18:00:00Z,1156,rejection,demand,589.56,591.0132528571366,1,
2025-02-27T19:00:00Z,1158,created,demand,590.52,592.2676664437001,1,pivot
2025-02-27T20:00:00Z,1156,broken,demand,589.56,591.0132528571366,1,
2025-02-27T20:00:00Z,1158,broken,demand,590.52,592.2676664437001,1,
2025-02-27T20:00:00Z,1159,created,supply,593.4882685864869,595.16,1,order_block
2025-02-27T21:00:00Z,1119,broken,demand,588.8453485470399,590.58,2,
2025-02-27T21:00:00Z,1159,merged,supply,593.44,595.16,1,order_block;geometry=updated
2025-02-28T17:00:00Z,1119,role_flip_retest,supply,588.8453485470399,590.58,2,
2025-02-28T18:00:00Z,1161,created,demand,583.27,585.1990685129136,1,pivot
2025-02-28T19:00:00Z,1150,broken_zone_expired,supply,608.38,609.2141432979776,2,
2025-02-28T21:00:00Z,1119,broken,supply,588.8453485470399,590.58,2,
2025-02-28T21:00:00Z,1159,touch,supply,593.44,595.16,1,
2025-03-03T15:30:00Z,1159,rejection,supply,593.44,595.16,1,
2025-03-03T15:30:00Z,1162,created,demand,582.44,583.6,1,pivot
2025-03-03T17:00:00Z,1128,broken_zone_expired,demand,604.94,605.98,4,
2025-03-03T17:00:00Z,1131,broken_zone_expired,demand,604.87,605.37,3,
2025-03-03T17:00:00Z,1138,broken_zone_expired,demand,605.8559009757417,606.1,2,
2025-03-03T18:00:00Z,1163,created,supply,596.18,597.34,1,pivot
2025-03-03T19:00:00Z,1156,role_flip_retest,supply,589.56,591.0132528571366,2,
2025-03-03T19:00:00Z,1158,role_flip_retest,supply,590.52,592.2676664437001,2,
2025-03-03T21:00:00Z,1161,touch,demand,583.27,585.1990685129136,1,
2025-03-03T21:00:00Z,1162,touch,demand,582.44,583.6,1,
2025-03-04T15:30:00Z,1120,broken,demand,578.35,579.12,3,
2025-03-04T15:30:00Z,1121,touch,demand,575.35,575.77,1,
2025-03-04T15:30:00Z,1161,broken,demand,583.27,585.1990685129136,1,
2025-03-04T15:30:00Z,1162,broken,demand,582.44,583.6,1,
2025-03-04T16:00:00Z,1121,broken,demand,575.35,575.77,1,
2025-03-04T18:00:00Z,1120,role_flip_retest,supply,578.35,579.12,3,
2025-03-04T19:00:00Z,1120,age_expired,supply,578.35,579.12,3,
2025-03-04T19:00:00Z,1164,created,demand,572.25,574.09,1,pivot
2025-03-04T21:00:00Z,1161,role_flip_retest,supply,583.27,585.1990685129136,2,
2025-03-04T21:00:00Z,1162,role_flip_retest,supply,582.44,583.6,2,
2025-03-05T17:00:00Z,1164,touch,demand,572.25,574.09,1,
2025-03-05T17:00:00Z,1165,created,supply,582.8735934639211,585.39,1,pivot
2025-03-05T18:00:00Z,1164,rejection,demand,572.25,574.09,1,
2025-03-05T20:00:00Z,1165,touch,supply,582.8735934639211,585.39,1,
2025-03-05T20:00:00Z,1166,created,demand,573.07,575.5364975072032,1,pivot
2025-03-05T20:00:00Z,1151,capacity_expired,supply,613.0170607538693,613.23,1,
2025-03-06T15:30:00Z,1121,role_flip_retest,supply,575.35,575.77,2,
2025-03-06T15:30:00Z,1155,broken_zone_expired,supply,596.49,597.6888573978865,2,
2025-03-06T15:30:00Z,1165,rejection,supply,582.8735934639211,585.39,1,
2025-03-06T15:30:00Z,1166,touch,demand,573.07,575.5364975072032,1,
2025-03-06T15:30:00Z,1154,capacity_expired,supply,609.87,610.7,1,
2025-03-06T16:00:00Z,1121,age_expired,supply,575.35,575.77,2,
2025-03-06T16:00:00Z,1166,rejection,demand,573.07,575.5364975072032,1,
2025-03-06T17:00:00Z,1161,merged,supply,583.05,585.1990685129136,3,pivot;geometry=updated
2025-03-06T17:00:00Z,1161,qualified,supply,583.05,585.1990685129136,3,pivot|repeated_pivot|role_flip
2025-03-06T18:00:00Z,1164,touch,demand,572.25,574.09,1,
2025-03-06T19:00:00Z,1166,broken,demand,573.07,575.5364975072032,1,
2025-03-06T20:00:00Z,1164,broken,demand,572.25,574.09,1,
2025-03-06T20:00:00Z,1166,role_flip_retest,supply,573.07,575.5364975072032,2,
2025-03-06T21:00:00Z,1166,volume_confluence,supply,573.07,575.5364975072032,3,POC:2025-03-06:574.102083
2025-03-07T16:00:00Z,1164,role_flip_retest,supply,572.25,574.09,2,
2025-03-07T19:00:00Z,1164,broken,supply,572.25,574.09,2,
2025-03-07T20:00:00Z,1168,created,demand,565.63,567.1,1,pivot
2025-03-07T21:00:00Z,1164,role_flip_retest,demand,572.25,574.09,2,
2025-03-07T21:00:00Z,1166,broken,supply,573.07,575.5364975072032,3,
2025-03-10T14:30:00Z,1164,broken,demand,572.25,574.09,2,
2025-03-10T14:30:00Z,1168,touch,demand,565.63,567.1,1,
2025-03-10T15:00:00Z,1168,broken,demand,565.63,567.1,1,
2025-03-10T16:00:00Z,1168,role_flip_retest,supply,565.63,567.1,2,
2025-03-10T16:00:00Z,1169,created,supply,575.85,577.39,1,pivot
2025-03-10T19:00:00Z,1119,broken_zone_expired,supply,588.8453485470399,590.58,2,
2025-03-12T14:30:00Z,1170,created,demand,552.02,554.28,1,pivot
2025-03-12T16:00:00Z,1170,touch,demand,552.02,554.28,1,
2025-03-12T16:00:00Z,1171,created,supply,561.55,564.02,1,pivot
2025-03-12T16:00:00Z,1159,capacity_expired,supply,593.44,595.16,1,
2025-03-12T18:00:00Z,1171,touch,supply,561.55,564.02,1,
2025-03-12T19:00:00Z,1170,rejection,demand,552.02,554.28,1,
2025-03-12T20:00:00Z,1171,rejection,supply,561.55,564.02,1,
2025-03-13T18:00:00Z,1170,broken,demand,552.02,554.28,1,
2025-03-13T20:00:00Z,1170,role_flip_retest,supply,552.02,554.28,2,
2025-03-13T20:00:00Z,1170,volume_confluence,supply,552.02,554.28,3,POC:2025-03-13:552.233958
2025-03-14T14:30:00Z,1170,broken,supply,552.02,554.28,3,
2025-03-14T14:30:00Z,1172,created,demand,549.68,550.2674858661596,1,pivot
2025-03-14T16:00:00Z,1171,touch,supply,561.55,564.02,1,
2025-03-14T18:00:00Z,1171,rejection,supply,561.55,564.02,1,
2025-03-14T20:00:00Z,1129,age_expired,supply,609.46,610.78,4,
2025-03-17T14:30:00Z,1168,touch,supply,565.63,567.1,2,
2025-03-17T14:30:00Z,1171,broken,supply,561.55,564.02,1,
2025-03-17T15:00:00Z,1168,rejection,supply,565.63,567.1,2,
2025-03-17T17:00:00Z,1171,role_flip_retest,demand,561.55,564.02,2,
2025-03-17T17:00:00Z,1168,merged,supply,565.63,567.1,3,pivot;geometry=updated
2025-03-17T17:00:00Z,1168,qualified,supply,565.63,567.1,3,pivot|repeated_pivot|role_flip
2025-03-17T19:00:00Z,1166,broken_zone_expired,supply,573.07,575.5364975072032,3,
2025-03-17T19:00:00Z,1168,broken,supply,565.63,567.1,3,
2025-03-17T20:00:00Z,1164,broken_zone_expired,demand,572.25,574.09,2,
2025-03-18T14:30:00Z,1171,broken,demand,561.55,564.02,2,
2025-03-18T15:00:00Z,1171,role_flip_retest,supply,561.55,564.02,2,
2025-03-18T15:00:00Z,1174,created,supply,569.2,569.71,1,pivot
2025-03-18T19:00:00Z,1175,created,demand,559.06,559.61,1,pivot
2025-03-19T16:00:00Z,1171,broken,supply,561.55,564.02,2,
2025-03-19T19:00:00Z,1168,role_flip_retest,demand,565.63,567.1,3,
2025-03-19T19:00:00Z,1171,role_flip_retest,demand,561.55,564.02,2,
2025-03-19T19:00:00Z,1176,created,demand,562.72,564.3286208661411,1,order_block
2025-03-19T19:00:00Z,1163,capacity_expired,supply,596.18,597.34,1,
2025-03-19T19:00:00Z,1165,capacity_expired,supply,582.8735934639211,585.39,1,
2025-03-19T20:00:00Z,1174,touch,supply,569.2,569.71,1,
2025-03-20T14:30:00Z,1176,touch,demand,562.72,564.3286208661411,1,
2025-03-20T15:00:00Z,1174,touch,supply,569.2,569.71,1,
2025-03-20T15:00:00Z,1176,rejection,demand,562.72,564.3286208661411,1,
2025-03-20T16:00:00Z,1174,rejection,supply,569.2,569.71,1,
2025-03-20T16:00:00Z,1177,created,supply,569.1113283367962,570.95,1,pivot
2025-03-20T16:00:00Z,1169,capacity_expired,supply,575.85,577.39,1,
2025-03-20T18:00:00Z,1132,age_expired,supply,599.22,600.6317565409583,3,
2025-03-20T18:00:00Z,1168,broken,demand,565.63,567.1,3,
2025-03-20T19:00:00Z,1168,role_flip_retest,supply,565.63,567.1,3,
2025-03-20T19:00:00Z,1171,touch,demand,561.55,564.02,2,
2025-03-20T20:00:00Z,1171,rejection,demand,561.55,564.02,2,
2025-03-20T20:00:00Z,1168,volume_confluence,supply,565.63,567.1,4,POC:2025-03-20:565.754792
2025-03-20T20:00:00Z,1168,evidence_upgrade,supply,565.63,567.1,4,volume_profile;score:3->4;qualified_score:3
2025-03-21T14:30:00Z,1171,broken,demand,561.55,564.02,2,
2025-03-21T14:30:00Z,1175,touch,demand,559.06,559.61,1,
2025-03-21T14:30:00Z,1176,broken,demand,562.72,564.3286208661411,1,
2025-03-21T15:00:00Z,1175,rejection,demand,559.06,559.61,1,
2025-03-21T16:00:00Z,1171,role_flip_retest,supply,561.55,564.02,2,
2025-03-21T18:00:00Z,1178,created,demand,558.03,559.85,1,pivot
2025-03-21T19:00:00Z,1176,role_flip_retest,supply,562.72,564.3286208661411,2,
2025-03-21T20:00:00Z,1170,broken_zone_expired,supply,552.02,554.28,3,
2025-03-21T20:00:00Z,1171,broken,supply,561.55,564.02,2,
2025-03-24T14:30:00Z,1168,broken,supply,565.63,567.1,4,
2025-03-24T14:30:00Z,1174,broken,supply,569.2,569.71,1,
2025-03-24T14:30:00Z,1176,broken,supply,562.72,564.3286208661411,2,
2025-03-24T14:30:00Z,1177,broken,supply,569.1113283367962,570.95,1,
2025-03-25T18:00:00Z,1179,created,supply,575.99,576.41,1,pivot
2025-03-26T14:30:00Z,1179,touch,supply,575.99,576.41,1,
2025-03-26T16:00:00Z,1179,rejection,supply,575.99,576.41,1,
2025-03-26T17:00:00Z,1179,merged,supply,575.19,576.41,2,pivot;geometry=updated
2025-03-26T17:00:00Z,1179,qualified,supply,575.19,576.41,2,pivot|repeated_pivot
2025-03-26T18:00:00Z,1136,age_expired,supply,601.48,602.3,2,
2025-03-27T14:30:00Z,1137,age_expired,supply,598.58,599.90765860954,4,
2025-03-27T14:30:00Z,1168,role_flip_retest,demand,565.63,567.1,4,
2025-03-27T15:00:00Z,1174,role_flip_retest,demand,569.2,569.71,2,
2025-03-27T15:00:00Z,1174,volume_confluence,demand,569.2,569.71,3,POC:2025-03-26:569.284583
2025-03-27T16:00:00Z,1174,broken,demand,569.2,569.71,3,
2025-03-27T17:00:00Z,1174,role_flip_retest,supply,569.2,569.71,3,
2025-03-27T17:00:00Z,1181,created,demand,564.94,566.4024287277784,1,pivot
2025-03-27T19:00:00Z,1182,created,supply,570.5879299202287,570.9,1,pivot
2025-03-28T14:30:00Z,1168,broken,demand,565.63,567.1,4,
2025-03-28T14:30:00Z,1181,broken,demand,564.94,566.4024287277784,1,
2025-03-28T15:00:00Z,1175,broken,demand,559.06,559.61,1,
2025-03-28T15:00:00Z,1178,touch,demand,558.03,559.85,1,
2025-03-28T15:00:00Z,1183,created,supply,567.7216776523666,569.19,1,order_block
2025-03-28T15:00:00Z,1183,volume_confluence,supply,567.7216776523666,569.19,2,POC:2025-03-27:567.795833
2025-03-28T16:00:00Z,1139,age_expired,supply,602.63,603.6730751279996,3,
2025-03-28T16:00:00Z,1175,role_flip_retest,supply,559.06,559.61,2,
2025-03-28T17:00:00Z,1178,broken,demand,558.03,559.85,1,
2025-03-28T20:00:00Z,1140,age_expired,supply,607.09,608.13,3,
2025-03-31T14:30:00Z,1172,touch,demand,549.68,550.2674858661596,1,
2025-03-31T15:00:00Z,1172,rejection,demand,549.68,550.2674858661596,1,
2025-03-31T17:00:00Z,1184,created,demand,546.87,548.5073584292953,1,pivot
2025-03-31T19:00:00Z,1141,age_expired,supply,600.05,600.78,2,
2025-03-31T19:00:00Z,1171,broken_zone_expired,supply,561.55,564.02,2,
2025-03-31T20:00:00Z,1175,touch,supply,559.06,559.61,2,
2025-03-31T20:00:00Z,1176,broken_zone_expired,supply,562.72,564.3286208661411,2,
2025-03-31T20:00:00Z,1177,broken_zone_expired,supply,569.1113283367962,570.95,1,
2025-04-01T14:30:00Z,1178,role_flip_retest,supply,558.03,559.85,2,
2025-04-01T15:00:00Z,1175,touch,supply,559.06,559.61,2,
2025-04-01T16:00:00Z,1175,broken,supply,559.06,559.61,2,
2025-04-01T16:00:00Z,1178,broken,supply,558.03,559.85,2,
2025-04-01T17:00:00Z,1175,role_flip_retest,demand,559.06,559.61,2,
2025-04-01T17:00:00Z,1178,role_flip_retest,demand,558.03,559.85,2,
2025-04-01T19:00:00Z,1175,broken,demand,559.06,559.61,2,
2025-04-01T19:00:00Z,1178,broken,demand,558.03,559.85,2,
2025-04-01T20:00:00Z,1185,created,supply,561.59,562.94,1,pivot
2025-04-02T14:30:00Z,1175,role_flip_retest,supply,559.06,559.61,2,
2025-04-02T14:30:00Z,1175,volume_confluence,supply,559.06,559.61,3,POC:2025-04-01:559.274583
2025-04-02T15:00:00Z,1175,broken,supply,559.06,559.61,3,
2025-04-02T15:00:00Z,1185,touch,supply,561.59,562.94,1,
2025-04-02T17:00:00Z,1185,broken,supply,561.59,562.94,1,
2025-04-02T17:00:00Z,1186,created,demand,554.81,555.2340026184121,1,pivot
2025-04-02T18:00:00Z,1168,role_flip_retest,supply,565.63,567.1,4,
2025-04-02T18:00:00Z,1181,role_flip_retest,supply,564.94,566.4024287277784,2,
2025-04-02T20:00:00Z,1146,age_expired,supply,598.51,599.23,2,
2025-04-02T20:00:00Z,1185,role_flip_retest,demand,561.59,562.94,2,
2025-04-03T14:30:00Z,1172,broken,demand,549.68,550.2674858661596,1,
2025-04-03T14:30:00Z,1184,broken,demand,546.87,548.5073584292953,1,
2025-04-03T14:30:00Z,1185,broken,demand,561.59,562.94,2,
2025-04-03T14:30:00Z,1186,broken,demand,554.81,555.2340026184121,1,
2025-04-03T14:30:00Z,1168,merged,supply,565.63,567.1,4,pivot;geometry=frozen
2025-04-03T19:00:00Z,1188,created,demand,539.58,540.2,1,pivot
2025-04-03T20:00:00Z,1188,broken,demand,539.58,540.2,1,
2025-04-04T15:00:00Z,1189,created,supply,541.3926276749967,544.42,1,order_block
2025-04-04T15:00:00Z,1189,volume_confluence,supply,541.3926276749967,544.42,2,POC:2025-04-03:541.743125
2025-04-07T14:30:00Z,1148,age_expired,supply,610.51,611.0,3,
2025-04-07T17:00:00Z,1190,created,demand,481.8,487.2030366953266,1,pivot
2025-04-07T18:00:00Z,1191,created,supply,517.6119302114824,523.17,1,pivot
2025-04-08T14:30:00Z,1191,touch,supply,517.6119302114824,523.17,1,
2025-04-08T17:00:00Z,1191,rejection,supply,517.6119302114824,523.17,1,
2025-04-08T18:00:00Z,1192,created,supply,522.59,524.98,1,pivot
2025-04-09T16:00:00Z,1193,created,demand,489.16,494.35111551949484,1,pivot
2025-04-09T18:00:00Z,1178,broken_zone_expired,demand,558.03,559.85,2,
2025-04-09T18:00:00Z,1191,broken,supply,517.6119302114824,523.17,1,
2025-04-09T18:00:00Z,1192,broken,supply,522.59,524.98,1,
2025-04-09T18:00:00Z,1194,created,demand,493.09,498.80882199811975,1,order_block
2025-04-09T19:00:00Z,1188,role_flip_retest,supply,539.58,540.2,2,
2025-04-09T20:00:00Z,1188,broken,supply,539.58,540.2,2,
2025-04-09T20:00:00Z,1189,touch,supply,541.3926276749967,544.42,2,
2025-04-09T20:00:00Z,1194,volume_confluence,demand,493.09,498.80882199811975,2,POC:2025-04-09:498.600000
2025-04-10T14:30:00Z,1152,age_expired,supply,607.02,607.35,2,
2025-04-10T14:30:00Z,1175,broken_zone_expired,supply,559.06,559.61,3,
2025-04-10T14:30:00Z,1189,rejection,supply,541.3926276749967,544.42,2,
2025-04-10T16:00:00Z,1189,merged,supply,541.3926276749967,546.33,3,pivot;geometry=updated
2025-04-10T18:00:00Z,1191,role_flip_retest,demand,517.6119302114824,523.17,2,
2025-04-10T19:00:00Z,1192,role_flip_retest,demand,522.59,524.98,2,
2025-04-10T20:00:00Z,1172,broken_zone_expired,demand,549.68,550.2674858661596,1,
2025-04-10T20:00:00Z,1184,broken_zone_expired,demand,546.87,548.5073584292953,1,
2025-04-10T20:00:00Z,1185,broken_zone_expired,demand,561.59,562.94,2,
2025-04-10T20:00:00Z,1186,broken_zone_expired,demand,554.81,555.2340026184121,1,
2025-04-10T20:00:00Z,1196,created,demand,509.32,515.5561614390862,1,pivot
2025-04-14T14:30:00Z,1188,role_flip_retest,demand,539.58,540.2,2,
2025-04-14T14:30:00Z,1189,touch,supply,541.3926276749967,546.33,3,
2025-04-14T16:00:00Z,1188,broken,demand,539.58,540.2,2,
2025-04-14T16:00:00Z,1189,rejection,supply,541.3926276749967,546.33,3,
2025-04-14T17:00:00Z,1197,created,supply,543.2605899755911,544.28,1,pivot
2025-04-14T20:00:00Z,1188,role_flip_retest,supply,539.58,540.2,2,
2025-04-14T20:00:00Z,1188,volume_confluence,supply,539.58,540.2,3,POC:2025-04-14:539.721250
2025-04-15T14:30:00Z,1188,broken,supply,539.58,540.2,3,
2025-04-15T15:00:00Z,1156,age_expired,supply,589.56,591.0132528571366,2,
2025-04-15T15:00:00Z,1188,role_flip_retest,demand,539.58,540.2,3,
2025-04-15T17:00:00Z,1188,broken,demand,539.58,540.2,3,
2025-04-15T18:00:00Z,1188,role_flip_retest,supply,539.58,540.2,3,
2025-04-15T18:00:00Z,1197,merged,supply,541.52,544.28,2,pivot;geometry=updated
2025-04-15T18:00:00Z,1197,qualified,supply,541.52,544.28,2,pivot|repeated_pivot
2025-04-16T18:00:00Z,1192,touch,demand,522.59,524.98,2,
2025-04-16T18:00:00Z,1199,created,supply,530.2461984789678,532.96,1,order_block
2025-04-16T19:00:00Z,1191,touch,demand,517.6119302114824,523.17,2,
2025-04-16T20:00:00Z,1191,rejection,demand,517.6119302114824,523.17,2,
2025-04-16T20:00:00Z,1192,rejection,demand,522.59,524.98,2,
2025-04-16T20:00:00Z,1199,volume_confluence,supply,530.2461984789678,532.96,2,POC:2025-04-16:531.096250
2025-04-17T14:30:00Z,1158,age_expired,supply,590.52,592.2676664437001,2,
2025-04-17T16:00:00Z,1200,created,demand,520.29,522.83,1,pivot
2025-04-17T17:00:00Z,1199,touch,supply,530.2461984789678,532.96,2,
2025-04-17T19:00:00Z,1199,rejection,supply,530.2461984789678,532.96,2,
2025-04-17T20:00:00Z,1161,age_expired,supply,583.05,585.1990685129136,3,
2025-04-21T14:30:00Z,1191,touch,demand,517.6119302114824,523.17,2,
2025-04-21T14:30:00Z,1192,broken,demand,522.59,524.98,2,
2025-04-21T14:30:00Z,1200,broken,demand,520.29,522.83,1,
2025-04-21T15:00:00Z,1191,broken,demand,517.6119302114824,523.17,2,
2025-04-21T15:00:00Z,1196,touch,demand,509.32,515.5561614390862,1,
2025-04-21T15:00:00Z,1201,created,supply,529.58,531.17,1,pivot
2025-04-21T17:00:00Z,1162,age_expired,supply,582.44,583.6,2,
2025-04-21T18:00:00Z,1196,broken,demand,509.32,515.5561614390862,1,
2025-04-21T19:00:00Z,1196,role_flip_retest,supply,509.32,515.5561614390862,2,
2025-04-21T20:00:00Z,1196,volume_confluence,supply,509.32,515.5561614390862,3,POC:2025-04-21:510.942500
2025-04-22T14:30:00Z,1196,broken,supply,509.32,515.5561614390862,3,
2025-04-22T15:00:00Z,1202,created,demand,508.46,509.01290561934684,1,pivot
2025-04-22T18:00:00Z,1192,role_flip_retest,supply,522.59,524.98,2,
2025-04-22T19:00:00Z,1192,broken,supply,522.59,524.98,2,
2025-04-22T20:00:00Z,1192,role_flip_retest,demand,522.59,524.98,2,
2025-04-22T20:00:00Z,1203,created,supply,527.56,529.31,1,pivot
2025-04-23T14:30:00Z,1188,broken,supply,539.58,540.2,3,
2025-04-23T14:30:00Z,1189,touch,supply,541.3926276749967,546.33,3,
2025-04-23T14:30:00Z,1197,touch,supply,541.52,544.28,2,
2025-04-23T14:30:00Z,1199,broken,supply,530.2461984789678,532.96,2,
2025-04-23T14:30:00Z,1201,broken,supply,529.58,531.17,1,
2025-04-23T14:30:00Z,1203,broken,supply,527.56,529.31,1,
2025-04-23T16:00:00Z,1189,rejection,supply,541.3926276749967,546.33,3,
2025-04-23T16:00:00Z,1197,rejection,supply,541.52,544.28,2,
2025-04-23T18:00:00Z,1204,created,supply,543.6,545.43,1,pivot
2025-04-24T15:00:00Z,1188,role_flip_retest,demand,539.58,540.2,3,
2025-04-24T16:00:00Z,1204,touch,supply,543.6,545.43,1,
2025-04-24T16:00:00Z,1205,created,demand,533.88,535.41,1,pivot
2025-04-24T17:00:00Z,1197,broken,supply,541.52,544.28,2,
2025-04-24T18:00:00Z,1197,role_flip_retest,demand,541.52,544.28,3,
2025-04-24T19:00:00Z,1204,broken,supply,543.6,545.43,1,
2025-04-24T20:00:00Z,1204,role_flip_retest,demand,543.6,545.43,2,
2025-04-24T20:00:00Z,1204,volume_confluence,demand,543.6,545.43,3,POC:2025-04-24:545.183750
2025-04-25T16:00:00Z,1189,broken,supply,541.3926276749967,546.33,3,
2025-04-28T15:00:00Z,1168,age_expired,supply,565.63,567.1,4,
2025-04-28T17:00:00Z,1189,role_flip_retest,demand,541.3926276749967,546.33,4,
2025-04-28T17:00:00Z,1206,created,supply,551.6098213214572,553.55,1,pivot
2025-04-28T18:00:00Z,1204,touch,demand,543.6,545.43,3,
2025-04-28T19:00:00Z,1204,rejection,demand,543.6,545.43,3,
2025-04-28T20:00:00Z,1200,broken_zone_expired,demand,520.29,522.83,1,
2025-04-28T20:00:00Z,1206,touch,supply,551.6098213214572,553.55,1,
2025-04-29T14:30:00Z,1191,broken_zone_expired,demand,517.6119302114824,523.17,2,
2025-04-29T14:30:00Z,1207,created,demand,545.02,546.46,1,pivot
2025-04-29T18:00:00Z,1206,broken,supply,551.6098213214572,553.55,1,
2025-04-29T20:00:00Z,1196,broken_zone_expired,supply,509.32,515.5561614390862,3,
2025-04-30T14:30:00Z,1189,touch,demand,541.3926276749967,546.33,4,
2025-04-30T14:30:00Z,1197,touch,demand,541.52,544.28,3,
2025-04-30T14:30:00Z,1204,broken,demand,543.6,545.43,3,
2025-04-30T14:30:00Z,1207,broken,demand,545.02,546.46,1,
2025-04-30T14:30:00Z,1208,created,supply,553.2108421543401,555.1,1,order_block
2025-04-30T14:30:00Z,1208,volume_confluence,supply,553.2108421543401,555.1,2,POC:2025-04-29:554.156250
2025-04-30T15:00:00Z,1189,rejection,demand,541.3926276749967,546.33,4,
2025-04-30T15:00:00Z,1197,rejection,demand,541.52,544.28,3,
2025-04-30T16:00:00Z,1209,created,supply,554.34,555.45,1,pivot
2025-04-30T17:00:00Z,1210,created,demand,541.52,541.9738400688263,1,pivot
2025-04-30T20:00:00Z,1199,broken_zone_expired,supply,530.2461984789678,532.96,2,
2025-04-30T20:00:00Z,1201,broken_zone_expired,supply,529.58,531.17,1,
2025-04-30T20:00:00Z,1203,broken_zone_expired,supply,527.56,529.31,1,
2025-04-30T20:00:00Z,1206,role_flip_retest,demand,551.6098213214572,553.55,2,
2025-04-30T20:00:00Z,1208,touch,supply,553.2108421543401,555.1,2,
2025-04-30T20:00:00Z,1209,touch,supply,554.34,555.45,1,
2025-05-01T14:30:00Z,1208,broken,supply,553.2108421543401,555.1,2,
2025-05-01T14:30:00Z,1209,broken,supply,554.34,555.45,1,
2025-05-01T19:00:00Z,1211,created,supply,563.36,564.07,1,pivot
2025-05-02T14:30:00Z,1181,touch,supply,564.94,566.4024287277784,2,
2025-05-02T14:30:00Z,1211,touch,supply,563.36,564.07,1,
2025-05-02T15:00:00Z,1211,broken,supply,563.36,564.07,1,
2025-05-02T16:00:00Z,1212,created,demand,557.86,558.46,1,pivot
2025-05-02T17:00:00Z,1181,broken,supply,564.94,566.4024287277784,2,
2025-05-02T17:00:00Z,1183,touch,supply,567.7216776523666,569.19,2,
2025-05-02T18:00:00Z,1181,role_flip_retest,demand,564.94,566.4024287277784,2,
2025-05-05T14:30:00Z,1181,broken,demand,564.94,566.4024287277784,2,
2025-05-05T15:00:00Z,1211,role_flip_retest,demand,563.36,564.07,2,
2025-05-05T15:00:00Z,1213,created,supply,567.25,568.38,1,pivot
2025-05-05T17:00:00Z,1214,created,demand,561.7,562.55,1,pivot
2025-05-05T20:00:00Z,1181,role_flip_retest,supply,564.94,566.4024287277784,2,
2025-05-06T14:30:00Z,1211,broken,demand,563.36,564.07,2,
2025-05-06T14:30:00Z,1212,broken,demand,557.86,558.46,1,
2025-05-06T14:30:00Z,1214,broken,demand,561.7,562.55,1,
2025-05-06T15:00:00Z,1215,created,supply,565.79,566.65,1,pivot
2025-05-06T16:00:00Z,1214,role_flip_retest,supply,561.7,562.55,2,
2025-05-06T17:00:00Z,1216,created,demand,556.96,557.4,1,pivot
2025-05-06T18:00:00Z,1174,age_expired,supply,569.2,569.71,3,
2025-05-07T18:00:00Z,1214,touch,supply,561.7,562.55,2,
2025-05-07T19:00:00Z,1216,touch,demand,556.96,557.4,1,
2025-05-07T20:00:00Z,1204,broken_zone_expired,demand,543.6,545.43,3,
2025-05-07T20:00:00Z,1207,broken_zone_expired,demand,545.02,546.46,1,
2025-05-07T20:00:00Z,1211,role_flip_retest,supply,563.36,564.07,2,
2025-05-08T14:30:00Z,1181,touch,supply,564.94,566.4024287277784,2,
2025-05-08T14:30:00Z,1214,broken,supply,561.7,562.55,2,
2025-05-08T15:00:00Z,1181,rejection,supply,564.94,566.4024287277784,2,
2025-05-08T15:00:00Z,1214,role_flip_retest,demand,561.7,562.55,2,
2025-05-08T15:00:00Z,1217,created,demand,556.04,557.9485156354723,1,pivot
2025-05-08T15:00:00Z,1182,capacity_expired,supply,570.5879299202287,570.9,1,
2025-05-08T16:00:00Z,1181,broken,supply,564.94,566.4024287277784,2,
2025-05-08T16:00:00Z,1183,touch,supply,567.7216776523666,569.19,2,
2025-05-08T16:00:00Z,1211,broken,supply,563.36,564.07,2,
2025-05-08T16:00:00Z,1213,touch,supply,567.25,568.38,1,
2025-05-08T16:00:00Z,1215,broken,supply,565.79,566.65,1,
2025-05-08T16:00:00Z,1218,created,demand,561.7,563.5832274844897,1,order_block
2025-05-08T17:00:00Z,1183,broken,supply,567.7216776523666,569.19,2,
2025-05-08T17:00:00Z,1213,broken,supply,567.25,568.38,1,
2025-05-08T20:00:00Z,1208,broken_zone_expired,supply,553.2108421543401,555.1,2,
2025-05-08T20:00:00Z,1209,broken_zone_expired,supply,554.34,555.45,1,
2025-05-08T20:00:00Z,1219,created,supply,569.8861526331663,570.31,1,pivot
2025-05-09T14:30:00Z,1181,role_flip_retest,demand,564.94,566.4024287277784,2,
2025-05-09T14:30:00Z,1215,role_flip_retest,demand,565.79,566.65,2,
2025-05-09T15:00:00Z,1181,broken,demand,564.94,566.4024287277784,2,
2025-05-09T15:00:00Z,1211,role_flip_retest,demand,563.36,564.07,2,
2025-05-09T15:00:00Z,1215,broken,demand,565.79,566.65,2,
2025-05-09T15:00:00Z,1218,touch,demand,561.7,563.5832274844897,1,
2025-05-09T16:00:00Z,1218,rejection,demand,561.7,563.5832274844897,1,
2025-05-09T17:00:00Z,1181,role_flip_retest,supply,564.94,566.4024287277784,2,
2025-05-09T18:00:00Z,1220,created,demand,562.76,564.56,1,pivot
2025-05-09T20:00:00Z,1215,role_flip_retest,supply,565.79,566.65,2,
2025-05-09T20:00:00Z,1211,volume_confluence,demand,563.36,564.07,3,POC:2025-05-09:564.043750
2025-05-09T20:00:00Z,1220,volume_confluence,demand,562.76,564.56,2,POC:2025-05-09:564.043750
2025-05-09T20:00:00Z,1190,capacity_expired,demand,481.8,487.2030366953266,1,
2025-05-12T14:30:00Z,1179,broken,supply,575.19,576.41,2,
2025-05-12T14:30:00Z,1181,broken,supply,564.94,566.4024287277784,2,
2025-05-12T14:30:00Z,1215,broken,supply,565.79,566.65,2,
2025-05-12T14:30:00Z,1219,broken,supply,569.8861526331663,570.31,1,
2025-05-12T17:00:00Z,1221,created,supply,581.2714682610389,581.73,1,pivot
2025-05-12T20:00:00Z,1221,broken,supply,581.2714682610389,581.73,1,
2025-05-13T20:00:00Z,1212,broken_zone_expired,demand,557.86,558.46,1,
2025-05-14T16:00:00Z,1222,created,supply,588.59,589.08,1,pivot
2025-05-15T16:00:00Z,1222,touch,supply,588.59,589.08,1,
2025-05-15T17:00:00Z,1222,broken,supply,588.59,589.08,1,
2025-05-15T17:00:00Z,1223,created,demand,585.09,585.56,1,pivot
2025-05-15T19:00:00Z,1222,role_flip_retest,demand,588.59,589.08,2,
2025-05-16T16:00:00Z,1183,broken_zone_expired,supply,567.7216776523666,569.19,2,
2025-05-16T16:00:00Z,1213,broken_zone_expired,supply,567.25,568.38,1,
2025-05-19T14:30:00Z,1222,touch,demand,588.59,589.08,2,
2025-05-19T15:00:00Z,1222,rejection,demand,588.59,589.08,2,
2025-05-19T16:00:00Z,1224,created,supply,594.2058476093003,594.5,1,pivot
2025-05-19T17:00:00Z,1222,merged,demand,588.09,589.08,3,pivot;geometry=updated
2025-05-19T17:00:00Z,1222,qualified,demand,588.09,589.08,3,pivot|repeated_pivot|role_flip
2025-05-19T20:00:00Z,1179,broken_zone_expired,supply,575.19,576.41,2,
2025-05-19T20:00:00Z,1181,broken_zone_expired,supply,564.94,566.4024287277784,2,
2025-05-19T20:00:00Z,1215,broken_zone_expired,supply,565.79,566.65,2,
2025-05-19T20:00:00Z,1219,broken_zone_expired,supply,569.8861526331663,570.31,1,
2025-05-19T20:00:00Z,1224,broken,supply,594.2058476093003,594.5,1,
2025-05-20T14:30:00Z,1226,created,supply,594.54,595.54,1,pivot
2025-05-20T19:00:00Z,1221,broken_zone_expired,supply,581.2714682610389,581.73,1,
2025-05-21T14:30:00Z,1222,touch,demand,588.09,589.08,3,
2025-05-21T15:00:00Z,1222,rejection,demand,588.09,589.08,3,
2025-05-21T17:00:00Z,1222,merged,demand,588.09,589.08,3,pivot;geometry=frozen
2025-05-21T18:00:00Z,1222,broken,demand,588.09,589.08,3,
2025-05-21T18:00:00Z,1223,touch,demand,585.09,585.56,1,
2025-05-21T18:00:00Z,1228,created,supply,590.8691096848834,592.24,1,order_block
2025-05-21T19:00:00Z,1223,broken,demand,585.09,585.56,1,
2025-05-21T20:00:00Z,1228,volume_confluence,supply,590.8691096848834,592.24,2,POC:2025-05-21:591.459167
2025-05-22T15:00:00Z,1223,role_flip_retest,supply,585.09,585.56,2,
2025-05-22T17:00:00Z,1229,created,demand,581.4,582.66,1,pivot
2025-05-22T19:00:00Z,1223,broken,supply,585.09,585.56,2,
2025-05-22T20:00:00Z,1229,touch,demand,581.4,582.66,1,
2025-05-23T14:30:00Z,1229,broken,demand,581.4,582.66,1,
2025-05-23T15:00:00Z,1188,age_expired,demand,539.58,540.2,3,
2025-05-23T16:00:00Z,1230,created,supply,585.85,586.62,1,pivot
2025-05-23T17:00:00Z,1231,created,demand,575.6,575.98,1,pivot
2025-05-23T18:00:00Z,1189,age_expired,demand,541.3926276749967,546.33,4,
2025-05-23T18:00:00Z,1229,role_flip_retest,supply,581.4,582.66,2,
2025-05-27T14:30:00Z,1223,role_flip_retest,demand,585.09,585.56,2,
2025-05-27T14:30:00Z,1229,broken,supply,581.4,582.66,2,
2025-05-27T14:30:00Z,1230,touch,supply,585.85,586.62,1,
2025-05-27T15:00:00Z,1222,role_flip_retest,supply,588.09,589.08,3,
2025-05-27T15:00:00Z,1230,broken,supply,585.85,586.62,1,
2025-05-27T17:00:00Z,1222,broken,supply,588.09,589.08,3,
2025-05-27T18:00:00Z,1222,role_flip_retest,demand,588.09,589.08,3,
2025-05-27T18:00:00Z,1228,touch,supply,590.8691096848834,592.24,2,
2025-05-27T18:00:00Z,1229,role_flip_retest,demand,581.4,582.66,2,
2025-05-27T18:00:00Z,1230,role_flip_retest,demand,585.85,586.62,2,
2025-05-27T18:00:00Z,1193,capacity_expired,demand,489.16,494.35111551949484,1,
2025-05-27T19:00:00Z,1228,rejection,supply,590.8691096848834,592.24,2,
2025-05-28T14:30:00Z,1232,created,demand,578.43,580.1802115839588,1,pivot
2025-05-28T14:30:00Z,1232,volume_confluence,demand,578.43,580.1802115839588,2,POC:2025-05-23:578.839583
2025-05-28T14:30:00Z,1202,capacity_expired,demand,508.46,509.01290561934684,1,
2025-05-28T17:00:00Z,1233,created,supply,591.57,592.77,1,pivot
2025-05-28T17:00:00Z,1205,capacity_expired,demand,533.88,535.41,1,
2025-05-28T19:00:00Z,1222,touch,demand,588.09,589.08,3,
2025-05-28T19:00:00Z,1224,broken_zone_expired,supply,594.2058476093003,594.5,1,
2025-05-28T20:00:00Z,1222,broken,demand,588.09,589.08,3,
2025-05-29T14:30:00Z,1192,age_expired,demand,522.59,524.98,2,
2025-05-29T14:30:00Z,1228,touch,supply,590.8691096848834,592.24,2,
2025-05-29T14:30:00Z,1233,touch,supply,591.57,592.77,1,
2025-05-29T16:00:00Z,1222,role_flip_retest,supply,588.09,589.08,3,
2025-05-29T16:00:00Z,1228,rejection,supply,590.8691096848834,592.24,2,
2025-05-29T16:00:00Z,1230,touch,demand,585.85,586.62,2,
2025-05-29T16:00:00Z,1233,rejection,supply,591.57,592.77,1,
2025-05-29T17:00:00Z,1222,broken,supply,588.09,589.08,3,
2025-05-29T17:00:00Z,1230,rejection,demand,585.85,586.62,2,
2025-05-29T17:00:00Z,1234,created,supply,592.8207939557864,593.2,1,pivot
2025-05-29T20:00:00Z,1222,role_flip_retest,demand,588.09,589.08,3,
2025-05-29T20:00:00Z,1230,merged,demand,585.85,587.18,3,pivot;geometry=updated
2025-05-29T20:00:00Z,1230,qualified,demand,585.85,587.18,3,pivot|repeated_pivot|role_flip
2025-05-29T20:00:00Z,1222,volume_confluence,demand,588.09,589.08,4,POC:2025-05-29:588.595208
2025-05-29T20:00:00Z,1222,evidence_upgrade,demand,588.09,589.08,4,volume_profile;score:3->4;qualified_score:3
2025-05-30T14:30:00Z,1194,age_expired,demand,493.09,498.80882199811975,2,
2025-05-30T14:30:00Z,1222,broken,demand,588.09,589.08,4,
2025-05-30T16:00:00Z,1222,role_flip_retest,supply,588.09,589.08,4,
2025-05-30T17:00:00Z,1223,broken,demand,585.09,585.56,2,
2025-05-30T17:00:00Z,1230,broken,demand,585.85,587.18,3,
2025-05-30T20:00:00Z,1222,broken,supply,588.09,589.08,4,
2025-05-30T20:00:00Z,1228,touch,supply,590.8691096848834,592.24,2,
2025-05-30T20:00:00Z,1236,created,demand,583.23,584.4,1,pivot
2025-06-02T14:30:00Z,1228,rejection,supply,590.8691096848834,592.24,2,
2025-06-02T15:00:00Z,1222,role_flip_retest,demand,588.09,589.08,4,
2025-06-02T16:00:00Z,1237,created,supply,589.4343949325831,591.13,1,pivot
2025-06-02T19:00:00Z,1233,touch,supply,591.57,592.77,1,
2025-06-02T19:00:00Z,1237,broken,supply,589.4343949325831,591.13,1,
2025-06-02T20:00:00Z,1228,broken,supply,590.8691096848834,592.24,2,
2025-06-03T14:30:00Z,1228,role_flip_retest,demand,590.8691096848834,592.24,3,
2025-06-03T14:30:00Z,1234,touch,supply,592.8207939557864,593.2,1,
2025-06-03T15:00:00Z,1233,broken,supply,591.57,592.77,1,
2025-06-03T15:00:00Z,1234,broken,supply,592.8207939557864,593.2,1,
2025-06-03T16:00:00Z,1226,touch,supply,594.54,595.54,1,
2025-06-03T17:00:00Z,1226,broken,supply,594.54,595.54,1,
2025-06-03T19:00:00Z,1226,role_flip_retest,demand,594.54,595.54,2,
2025-06-03T20:00:00Z,1197,age_expired,demand,541.52,544.28,3,
2025-06-04T17:00:00Z,1238,created,supply,597.57,597.95,1,pivot
2025-06-05T14:30:00Z,1226,broken,demand,594.54,595.54,2,
2025-06-05T14:30:00Z,1239,created,supply,596.77,597.67,1,order_block
2025-06-05T14:30:00Z,1239,volume_confluence,supply,596.77,597.67,2,POC:2025-06-04:596.873750
2025-06-05T16:00:00Z,1238,broken,supply,597.57,597.95,1,
2025-06-05T16:00:00Z,1239,broken,supply,596.77,597.67,2,
2025-06-05T17:00:00Z,1240,created,demand,593.91,594.29,1,pivot
2025-06-05T19:00:00Z,1234,role_flip_retest,demand,592.8207939557864,593.2,2,
2025-06-05T19:00:00Z,1240,touch,demand,593.91,594.29,1,
2025-06-05T19:00:00Z,1241,created,supply,598.712173691653,599.0,1,pivot
2025-06-05T20:00:00Z,1226,role_flip_retest,supply,594.54,595.54,2,
2025-06-05T20:00:00Z,1228,touch,demand,590.8691096848834,592.24,3,
2025-06-05T20:00:00Z,1233,role_flip_retest,demand,591.57,592.77,2,
2025-06-05T20:00:00Z,1237,role_flip_retest,demand,589.4343949325831,591.13,2,
2025-06-05T20:00:00Z,1240,broken,demand,593.91,594.29,1,
2025-06-06T14:30:00Z,1226,broken,supply,594.54,595.54,2,
2025-06-06T14:30:00Z,1228,rejection,demand,590.8691096848834,592.24,3,
2025-06-06T14:30:00Z,1241,broken,supply,598.712173691653,599.0,1,
2025-06-06T15:00:00Z,1241,role_flip_retest,demand,598.712173691653,599.0,2,
2025-06-06T16:00:00Z,1238,role_flip_retest,demand,597.57,597.95,2,
2025-06-06T16:00:00Z,1239,role_flip_retest,demand,596.77,597.67,3,
2025-06-06T16:00:00Z,1242,created,demand,591.05,592.6259704801786,1,pivot
2025-06-06T16:00:00Z,1210,capacity_expired,demand,541.52,541.9738400688263,1,
2025-06-06T17:00:00Z,1241,broken,demand,598.712173691653,599.0,2,
2025-06-06T17:00:00Z,1243,created,supply,600.3,600.83,1,pivot
2025-06-06T19:00:00Z,1243,touch,supply,600.3,600.83,1,
2025-06-06T20:00:00Z,1243,rejection,supply,600.3,600.83,1,
2025-06-09T16:00:00Z,1223,broken_zone_expired,demand,585.09,585.56,2,
2025-06-09T16:00:00Z,1230,broken_zone_expired,demand,585.85,587.18,3,
2025-06-09T19:00:00Z,1243,broken,supply,600.3,600.83,1,
2025-06-10T15:00:00Z,1243,role_flip_retest,demand,600.3,600.83,2,
2025-06-10T15:00:00Z,1243,volume_confluence,demand,600.3,600.83,3,POC:2025-06-09:600.387500
2025-06-10T19:00:00Z,1244,created,demand,599.09,600.1795474373256,1,pivot
2025-06-10T19:00:00Z,1216,capacity_expired,demand,556.96,557.4,1,
2025-06-11T18:00:00Z,1245,created,supply,604.7,605.06,1,pivot
2025-06-11T18:00:00Z,1217,capacity_expired,demand,556.04,557.9485156354723,1,
2025-06-11T19:00:00Z,1243,touch,demand,600.3,600.83,3,
2025-06-11T19:00:00Z,1244,touch,demand,599.09,600.1795474373256,1,
2025-06-11T20:00:00Z,1243,rejection,demand,600.3,600.83,3,
2025-06-11T20:00:00Z,1244,rejection,demand,599.09,600.1795474373256,1,
2025-06-12T15:00:00Z,1246,created,demand,599.27,600.4091664391287,1,pivot
2025-06-12T15:00:00Z,1218,capacity_expired,demand,561.7,563.5832274844897,1,
2025-06-13T14:30:00Z,1238,touch,demand,597.57,597.95,2,
2025-06-13T14:30:00Z,1241,role_flip_retest,supply,598.712173691653,599.0,2,
2025-06-13T14:30:00Z,1243,broken,demand,600.3,600.83,3,
2025-06-13T14:30:00Z,1244,broken,demand,599.09,600.1795474373256,1,
2025-06-13T14:30:00Z,1246,broken,demand,599.27,600.4091664391287,1,
2025-06-13T15:00:00Z,1238,rejection,demand,597.57,597.95,2,
2025-06-13T15:00:00Z,1239,touch,demand,596.77,597.67,3,
2025-06-13T15:00:00Z,1241,broken,supply,598.712173691653,599.0,2,
2025-06-13T15:00:00Z,1246,role_flip_retest,supply,599.27,600.4091664391287,2,
2025-06-13T16:00:00Z,1239,rejection,demand,596.77,597.67,3,
2025-06-13T16:00:00Z,1241,role_flip_retest,demand,598.712173691653,599.0,2,
2025-06-13T16:00:00Z,1246,broken,supply,599.27,600.4091664391287,2,
2025-06-13T16:00:00Z,1247,created,supply,603.4516144570921,603.72,1,pivot
2025-06-13T17:00:00Z,1246,role_flip_retest,demand,599.27,600.4091664391287,2,
2025-06-13T18:00:00Z,1243,role_flip_retest,supply,600.3,600.83,3,
2025-06-13T18:00:00Z,1248,created,demand,596.63,597.8347421859394,1,pivot
2025-06-13T18:00:00Z,1231,capacity_expired,demand,575.6,575.98,1,
2025-06-13T18:00:00Z,1236,capacity_expired,demand,583.23,584.4,1,
2025-06-13T19:00:00Z,1238,broken,demand,597.57,597.95,2,
2025-06-13T19:00:00Z,1240,broken_zone_expired,demand,593.91,594.29,1,
2025-06-13T19:00:00Z,1241,broken,demand,598.712173691653,599.0,2,
2025-06-13T19:00:00Z,1244,role_flip_retest,supply,599.09,600.1795474373256,2,
2025-06-13T19:00:00Z,1246,broken,demand,599.27,600.4091664391287,2,
2025-06-13T20:00:00Z,1226,broken_zone_expired,supply,594.54,595.54,2,
2025-06-13T20:00:00Z,1238,role_flip_retest,supply,597.57,597.95,2,
2025-06-13T20:00:00Z,1238,volume_confluence,supply,597.57,597.95,3,POC:2025-06-13:597.736042
2025-06-13T20:00:00Z,1248,volume_confluence,demand,596.63,597.8347421859394,2,POC:2025-06-13:597.736042
2025-06-16T14:30:00Z,1238,broken,supply,597.57,597.95,3,
2025-06-16T14:30:00Z,1243,broken,supply,600.3,600.83,3,
2025-06-16T14:30:00Z,1244,broken,supply,599.09,600.1795474373256,2,
2025-06-16T15:00:00Z,1247,broken,supply,603.4516144570921,603.72,1,
2025-06-16T16:00:00Z,1249,created,demand,595.48,596.8428571845883,1,pivot
2025-06-16T18:00:00Z,1245,merged,supply,603.92,605.06,2,pivot;geometry=updated
2025-06-16T18:00:00Z,1245,qualified,supply,603.92,605.06,2,pivot|repeated_pivot
2025-06-16T20:00:00Z,1206,age_expired,demand,551.6098213214572,553.55,2,
2025-06-17T14:30:00Z,1243,role_flip_retest,demand,600.3,600.83,3,
2025-06-17T14:30:00Z,1244,role_flip_retest,demand,599.09,600.1795474373256,2,
2025-06-17T17:00:00Z,1243,broken,demand,600.3,600.83,3,
2025-06-17T17:00:00Z,1251,created,demand,599.18,600.22,1,pivot
2025-06-17T18:00:00Z,1238,role_flip_retest,demand,597.57,597.95,3,
2025-06-17T18:00:00Z,1239,touch,demand,596.77,597.67,3,
2025-06-17T18:00:00Z,1241,role_flip_retest,supply,598.712173691653,599.0,2,
2025-06-17T18:00:00Z,1244,broken,demand,599.09,600.1795474373256,2,
2025-06-17T18:00:00Z,1246,role_flip_retest,supply,599.27,600.4091664391287,2,
2025-06-17T18:00:00Z,1248,touch,demand,596.63,597.8347421859394,2,
2025-06-17T18:00:00Z,1251,broken,demand,599.18,600.22,1,
2025-06-17T19:00:00Z,1249,touch,demand,595.48,596.8428571845883,1,
2025-06-18T14:30:00Z,1239,rejection,demand,596.77,597.67,3,
2025-06-18T14:30:00Z,1241,broken,supply,598.712173691653,599.0,2,
2025-06-18T14:30:00Z,1248,rejection,demand,596.63,597.8347421859394,2,
2025-06-18T14:30:00Z,1249,rejection,demand,595.48,596.8428571845883,1,
2025-06-18T14:30:00Z,1251,role_flip_retest,supply,599.18,600.22,2,
2025-06-18T15:00:00Z,1241,role_flip_retest,demand,598.712173691653,599.0,2,
2025-06-18T15:00:00Z,1246,broken,supply,599.27,600.4091664391287,2,
2025-06-18T15:00:00Z,1251,broken,supply,599.18,600.22,2,
2025-06-18T15:00:00Z,1252,created,demand,596.76,597.9217673263574,1,pivot
2025-06-18T15:00:00Z,1252,volume_confluence,demand,596.76,597.9217673263574,2,POC:2025-06-17:597.487708
2025-06-18T16:00:00Z,1243,role_flip_retest,supply,600.3,600.83,3,
2025-06-18T19:00:00Z,1238,broken,demand,597.57,597.95,3,
2025-06-18T19:00:00Z,1241,broken,demand,598.712173691653,599.0,2,
2025-06-18T19:00:00Z,1244,role_flip_retest,supply,599.09,600.1795474373256,2,
2025-06-18T19:00:00Z,1252,touch,demand,596.76,597.9217673263574,2,
2025-06-18T20:00:00Z,1238,role_flip_retest,supply,597.57,597.95,3,
2025-06-18T20:00:00Z,1241,role_flip_retest,supply,598.712173691653,599.0,2,
2025-06-18T20:00:00Z,1241,volume_confluence,supply,598.712173691653,599.0,3,POC:2025-06-18:598.746042
2025-06-20T15:00:00Z,1239,broken,demand,596.77,597.67,3,
2025-06-20T15:00:00Z,1248,broken,demand,596.63,597.8347421859394,2,
2025-06-20T15:00:00Z,1249,broken,demand,595.48,596.8428571845883,1,
2025-06-20T15:00:00Z,1252,broken,demand,596.76,597.9217673263574,2,
2025-06-20T15:00:00Z,1253,created,supply,597.792812329106,598.93,1,order_block
2025-06-20T15:00:00Z,1253,volume_confluence,supply,597.792812329106,598.93,2,POC:2025-06-18:598.746042
2025-06-20T16:00:00Z,1249,role_flip_retest,supply,595.48,596.8428571845883,2,
2025-06-20T18:00:00Z,1234,touch,demand,592.8207939557864,593.2,2,
2025-06-20T20:00:00Z,1234,rejection,demand,592.8207939557864,593.2,2,
2025-06-23T14:30:00Z,1254,created,demand,592.86,594.04,1,pivot
2025-06-23T15:00:00Z,1211,age_expired,demand,563.36,564.07,3,
2025-06-23T15:00:00Z,1238,touch,supply,597.57,597.95,3,
2025-06-23T15:00:00Z,1239,role_flip_retest,supply,596.77,597.67,3,
2025-06-23T15:00:00Z,1248,role_flip_retest,supply,596.63,597.8347421859394,3,
2025-06-23T15:00:00Z,1252,role_flip_retest,supply,596.76,597.9217673263574,3,
2025-06-23T15:00:00Z,1253,touch,supply,597.792812329106,598.93,2,
2025-06-23T15:00:00Z,1242,capacity_expired,demand,591.05,592.6259704801786,1,
2025-06-23T16:00:00Z,1238,rejection,supply,597.57,597.95,3,
2025-06-23T16:00:00Z,1253,rejection,supply,597.792812329106,598.93,2,
2025-06-23T17:00:00Z,1228,touch,demand,590.8691096848834,592.24,3,
2025-06-23T17:00:00Z,1233,touch,demand,591.57,592.77,2,
2025-06-23T17:00:00Z,1254,touch,demand,592.86,594.04,1,
2025-06-23T18:00:00Z,1228,rejection,demand,590.8691096848834,592.24,3,
2025-06-23T18:00:00Z,1233,rejection,demand,591.57,592.77,2,
2025-06-23T18:00:00Z,1238,broken,supply,597.57,597.95,3,
2025-06-23T18:00:00Z,1239,broken,supply,596.77,597.67,3,
2025-06-23T18:00:00Z,1241,touch,supply,598.712173691653,599.0,3,
2025-06-23T18:00:00Z,1244,touch,supply,599.09,600.1795474373256,2,
2025-06-23T18:00:00Z,1248,broken,supply,596.63,597.8347421859394,3,
2025-06-23T18:00:00Z,1249,broken,supply,595.48,596.8428571845883,2,
2025-06-23T18:00:00Z,1252,broken,supply,596.76,597.9217673263574,3,
2025-06-23T18:00:00Z,1254,rejection,demand,592.86,594.04,1,
2025-06-23T18:00:00Z,1234,merged,demand,591.89,593.22054190711,3,order_block;geometry=updated
2025-06-23T20:00:00Z,1241,broken,supply,598.712173691653,599.0,3,
2025-06-23T20:00:00Z,1243,touch,supply,600.3,600.83,3,
2025-06-23T20:00:00Z,1253,broken,supply,597.792812329106,598.93,2,
2025-06-23T20:00:00Z,1256,created,demand,591.89,593.2772435741416,1,pivot
2025-06-24T14:30:00Z,1243,broken,supply,600.3,600.83,3,
2025-06-24T14:30:00Z,1244,broken,supply,599.09,600.1795474373256,2,
2025-06-24T14:30:00Z,1245,touch,supply,603.92,605.06,2,
2025-06-24T15:00:00Z,1247,role_flip_retest,demand,603.4516144570921,603.72,2,
2025-06-24T16:00:00Z,1245,broken,supply,603.92,605.06,2,
2025-06-24T20:00:00Z,1214,age_expired,demand,561.7,562.55,2,
2025-06-25T17:00:00Z,1257,created,supply,608.16,608.61,1,pivot
2025-06-26T14:30:00Z,1257,broken,supply,608.16,608.61,1,
2025-06-26T14:30:00Z,1258,created,demand,605.54,606.24,1,pivot
2025-06-27T14:30:00Z,1246,broken_zone_expired,supply,599.27,600.4091664391287,2,
2025-06-27T14:30:00Z,1251,broken_zone_expired,supply,599.18,600.22,2,
2025-06-27T20:00:00Z,1259,created,supply,615.97,616.39,1,pivot
2025-06-30T15:00:00Z,1260,created,demand,610.83,611.19,1,pivot
2025-06-30T17:00:00Z,1259,broken,supply,615.97,616.39,1,
2025-06-30T17:00:00Z,1261,created,supply,617.2745749394427,617.49,1,pivot
2025-06-30T19:00:00Z,1259,role_flip_retest,demand,615.97,616.39,2,
2025-06-30T20:00:00Z,1261,broken,supply,617.2745749394427,617.49,1,
2025-07-01T14:30:00Z,1220,age_expired,demand,562.76,564.56,2,
2025-07-01T16:00:00Z,1262,created,supply,618.2163822859978,619.22,1,pivot
2025-07-01T17:00:00Z,1238,broken_zone_expired,supply,597.57,597.95,3,
2025-07-01T17:00:00Z,1239,broken_zone_expired,supply,596.77,597.67,3,
2025-07-01T17:00:00Z,1248,broken_zone_expired,supply,596.63,597.8347421859394,3,
2025-07-01T17:00:00Z,1249,broken_zone_expired,supply,595.48,596.8428571845883,2,
2025-07-01T17:00:00Z,1252,broken_zone_expired,supply,596.76,597.9217673263574,3,
2025-07-01T18:00:00Z,1261,role_flip_retest,demand,617.2745749394427,617.49,2,
2025-07-01T18:00:00Z,1262,touch,supply,618.2163822859978,619.22,1,
2025-07-01T19:00:00Z,1241,broken_zone_expired,supply,598.712173691653,599.0,3,
2025-07-01T19:00:00Z,1253,broken_zone_expired,supply,597.792812329106,598.93,2,
2025-07-01T19:00:00Z,1262,rejection,supply,618.2163822859978,619.22,1,
2025-07-01T20:00:00Z,1243,broken_zone_expired,supply,600.3,600.83,3,
2025-07-01T20:00:00Z,1244,broken_zone_expired,supply,599.09,600.1795474373256,2,
2025-07-02T15:00:00Z,1245,broken_zone_expired,supply,603.92,605.06,2,
2025-07-02T17:00:00Z,1262,broken,supply,618.2163822859978,619.22,1,
2025-07-02T18:00:00Z,1262,role_flip_retest,demand,618.2163822859978,619.22,2,
2025-07-07T15:00:00Z,1222,age_expired,demand,588.09,589.08,4,
2025-07-07T16:00:00Z,1257,broken_zone_expired,supply,608.16,608.61,1,
2025-07-07T16:00:00Z,1263,created,supply,625.9,626.28,1,pivot
2025-07-07T19:00:00Z,1262,touch,demand,618.2163822859978,619.22,2,
2025-07-07T20:00:00Z,1262,rejection,demand,618.2163822859978,619.22,2,
2025-07-08T15:00:00Z,1264,created,demand,617.87,618.8216667395876,1,pivot
2025-07-08T20:00:00Z,1265,created,supply,621.2365542468508,622.11,1,pivot
2025-07-09T14:30:00Z,1265,broken,supply,621.2365542468508,622.11,1,
2025-07-09T17:00:00Z,1266,created,supply,624.25,624.72,1,pivot
2025-07-09T18:00:00Z,1265,role_flip_retest,demand,621.2365542468508,622.11,2,
2025-07-10T14:30:00Z,1266,touch,supply,624.25,624.72,1,
2025-07-10T15:00:00Z,1266,broken,supply,624.25,624.72,1,
2025-07-10T18:00:00Z,1263,broken,supply,625.9,626.28,1,
2025-07-11T14:30:00Z,1265,touch,demand,621.2365542468508,622.11,2,
2025-07-11T15:00:00Z,1265,rejection,demand,621.2365542468508,622.11,2,
2025-07-11T15:00:00Z,1267,created,supply,626.58,626.88,1,pivot
2025-07-11T17:00:00Z,1268,created,demand,621.53,622.4439743243174,1,pivot
2025-07-14T14:30:00Z,1268,touch,demand,621.53,622.4439743243174,1,
2025-07-14T15:00:00Z,1268,rejection,demand,621.53,622.4439743243174,1,
2025-07-14T15:00:00Z,1269,created,supply,624.49,624.86,1,pivot
2025-07-14T17:00:00Z,1228,age_expired,demand,590.8691096848834,592.24,3,
2025-07-14T17:00:00Z,1270,created,demand,621.79,622.602257395006,1,pivot
2025-07-14T18:00:00Z,1269,touch,supply,624.49,624.86,1,
2025-07-14T19:00:00Z,1266,role_flip_retest,demand,624.25,624.72,2,
2025-07-14T19:00:00Z,1269,broken,supply,624.49,624.86,1,
2025-07-14T20:00:00Z,1266,volume_confluence,demand,624.25,624.72,3,POC:2025-07-14:624.528125
2025-07-15T14:30:00Z,1267,touch,supply,626.58,626.88,1,
2025-07-15T15:00:00Z,1266,broken,demand,624.25,624.72,3,
2025-07-15T15:00:00Z,1267,rejection,supply,626.58,626.88,1,
2025-07-15T16:00:00Z,1229,age_expired,demand,581.4,582.66,2,
2025-07-15T17:00:00Z,1266,role_flip_retest,supply,624.25,624.72,3,
2025-07-15T17:00:00Z,1271,created,supply,627.51,627.86,1,pivot
2025-07-15T20:00:00Z,1265,touch,demand,621.2365542468508,622.11,2,
2025-07-15T20:00:00Z,1268,touch,demand,621.53,622.4439743243174,1,
2025-07-15T20:00:00Z,1270,touch,demand,621.79,622.602257395006,1,
2025-07-16T16:00:00Z,1262,touch,demand,618.2163822859978,619.22,2,
2025-07-16T16:00:00Z,1264,touch,demand,617.87,618.8216667395876,1,
2025-07-16T17:00:00Z,1262,rejection,demand,618.2163822859978,619.22,2,
2025-07-16T17:00:00Z,1264,rejection,demand,617.87,618.8216667395876,1,
2025-07-16T19:00:00Z,1266,touch,supply,624.25,624.72,3,
2025-07-16T19:00:00Z,1272,created,demand,618.05,619.0548961968346,1,pivot
2025-07-17T14:30:00Z,1266,broken,supply,624.25,624.72,3,
2025-07-17T14:30:00Z,1269,role_flip_retest,demand,624.49,624.86,2,
2025-07-17T16:00:00Z,1263,role_flip_retest,demand,625.9,626.28,2,
2025-07-17T16:00:00Z,1267,broken,supply,626.58,626.88,1,
2025-07-17T17:00:00Z,1271,touch,supply,627.51,627.86,1,
2025-07-17T18:00:00Z,1267,role_flip_retest,demand,626.58,626.88,2,
2025-07-17T18:00:00Z,1254,capacity_expired,demand,592.86,594.04,1,
2025-07-17T19:00:00Z,1271,broken,supply,627.51,627.86,1,
2025-07-17T20:00:00Z,1232,age_expired,demand,578.43,580.1802115839588,2,
2025-07-17T20:00:00Z,1271,role_flip_retest,demand,627.51,627.86,2,
2025-07-17T20:00:00Z,1271,volume_confluence,demand,627.51,627.86,3,POC:2025-07-17:627.616875
2025-07-18T15:00:00Z,1271,broken,demand,627.51,627.86,3,
2025-07-18T16:00:00Z,1233,age_expired,demand,591.57,592.77,2,
2025-07-18T17:00:00Z,1271,role_flip_retest,supply,627.51,627.86,3,
2025-07-18T17:00:00Z,1273,created,supply,629.283795104737,629.47,1,pivot
2025-07-21T14:30:00Z,1271,broken,supply,627.51,627.86,3,
2025-07-21T14:30:00Z,1273,broken,supply,629.283795104737,629.47,1,
2025-07-21T14:30:00Z,1267,merged,demand,626.46,626.88,3,pivot;geometry=updated
2025-07-21T14:30:00Z,1267,qualified,demand,626.46,626.88,3,pivot|repeated_pivot|role_flip
2025-07-21T16:00:00Z,1234,age_expired,demand,591.89,593.22054190711,3,
2025-07-21T19:00:00Z,1275,created,supply,631.18,631.54,1,pivot
2025-07-22T14:30:00Z,1263,touch,demand,625.9,626.28,2,
2025-07-22T14:30:00Z,1267,touch,demand,626.46,626.88,3,
2025-07-22T15:00:00Z,1263,rejection,demand,625.9,626.28,2,
2025-07-22T15:00:00Z,1267,rejection,demand,626.46,626.88,3,
2025-07-22T15:00:00Z,1271,role_flip_retest,demand,627.51,627.86,3,
2025-07-22T17:00:00Z,1267,merged,demand,626.46,626.88,3,pivot;geometry=frozen
2025-07-23T14:30:00Z,1275,touch,supply,631.18,631.54,1,
2025-07-23T15:00:00Z,1237,age_expired,demand,589.4343949325831,591.13,2,
2025-07-23T16:00:00Z,1275,broken,supply,631.18,631.54,1,
2025-07-23T17:00:00Z,1275,role_flip_retest,demand,631.18,631.54,2,
2025-07-24T20:00:00Z,1266,broken_zone_expired,supply,624.25,624.72,3,
2025-07-25T15:00:00Z,1277,created,supply,635.3896308096485,636.15,1,pivot
2025-07-25T17:00:00Z,1277,broken,supply,635.3896308096485,636.15,1,
2025-07-28T18:00:00Z,1278,created,supply,637.44,638.04,1,pivot
2025-07-28T20:00:00Z,1273,broken_zone_expired,supply,629.283795104737,629.47,1,
2025-07-28T20:00:00Z,1277,role_flip_retest,demand,635.3896308096485,636.15,2,
2025-07-29T14:30:00Z,1278,touch,supply,637.44,638.04,1,
2025-07-29T15:00:00Z,1278,rejection,supply,637.44,638.04,1,
2025-07-29T15:00:00Z,1279,created,demand,635.54,636.08,1,pivot
2025-07-29T17:00:00Z,1280,created,supply,638.36,638.67,1,pivot
2025-07-29T17:00:00Z,1256,capacity_expired,demand,591.89,593.2772435741416,1,
2025-07-29T19:00:00Z,1279,broken,demand,635.54,636.08,1,
2025-07-29T19:00:00Z,1281,created,demand,634.69,635.3757114686631,1,pivot
2025-07-29T20:00:00Z,1277,broken,demand,635.3896308096485,636.15,2,
2025-07-29T20:00:00Z,1279,role_flip_retest,supply,635.54,636.08,2,
2025-07-29T20:00:00Z,1281,volume_confluence,demand,634.69,635.3757114686631,2,POC:2025-07-29:635.143750
2025-07-30T15:00:00Z,1279,broken,supply,635.54,636.08,2,
2025-07-30T16:00:00Z,1279,role_flip_retest,demand,635.54,636.08,2,
2025-07-30T16:00:00Z,1281,touch,demand,634.69,635.3757114686631,2,
2025-07-30T16:00:00Z,1282,created,demand,634.33,635.0191944569057,1,pivot
2025-07-30T16:00:00Z,1258,capacity_expired,demand,605.54,606.24,1,
2025-07-30T17:00:00Z,1281,rejection,demand,634.69,635.3757114686631,2,
2025-07-30T19:00:00Z,1277,role_flip_retest,supply,635.3896308096485,636.15,2,
2025-07-30T19:00:00Z,1278,touch,supply,637.44,638.04,1,
2025-07-30T19:00:00Z,1279,broken,demand,635.54,636.08,2,
2025-07-30T19:00:00Z,1281,broken,demand,634.69,635.3757114686631,2,
2025-07-30T19:00:00Z,1282,broken,demand,634.33,635.0191944569057,1,
2025-07-30T19:00:00Z,1283,created,supply,636.47,636.95,1,order_block
2025-07-30T20:00:00Z,1275,touch,demand,631.18,631.54,2,
2025-07-30T20:00:00Z,1277,volume_confluence,supply,635.3896308096485,636.15,3,POC:2025-07-30:636.017083
2025-07-31T14:30:00Z,1277,broken,supply,635.3896308096485,636.15,3,
2025-07-31T14:30:00Z,1278,broken,supply,637.44,638.04,1,
2025-07-31T14:30:00Z,1280,broken,supply,638.36,638.67,1,
2025-07-31T14:30:00Z,1283,broken,supply,636.47,636.95,1,
2025-07-31T16:00:00Z,1275,rejection,demand,631.18,631.54,2,
2025-07-31T16:00:00Z,1277,role_flip_retest,demand,635.3896308096485,636.15,3,
2025-07-31T16:00:00Z,1283,role_flip_retest,demand,636.47,636.95,2,
2025-07-31T16:00:00Z,1284,created,demand,631.54,632.637724886699,1,pivot
2025-07-31T17:00:00Z,1285,created,supply,639.47,639.85,1,pivot
2025-07-31T18:00:00Z,1277,broken,demand,635.3896308096485,636.15,3,
2025-07-31T18:00:00Z,1279,role_flip_retest,supply,635.54,636.08,2,
2025-07-31T18:00:00Z,1281,role_flip_retest,supply,634.69,635.3757114686631,3,
2025-07-31T18:00:00Z,1282,role_flip_retest,supply,634.33,635.0191944569057,2,
2025-07-31T18:00:00Z,1283,broken,demand,636.47,636.95,2,
2025-07-31T18:00:00Z,1279,volume_confluence,supply,635.54,636.08,3,POC:2025-07-30:636.017083
2025-07-31T19:00:00Z,1284,touch,demand,631.54,632.637724886699,1,
2025-08-01T14:30:00Z,1263,broken,demand,625.9,626.28,2,
2025-08-01T14:30:00Z,1265,touch,demand,621.2365542468508,622.11,2,
2025-08-01T14:30:00Z,1267,broken,demand,626.46,626.88,3,
2025-08-01T14:30:00Z,1268,touch,demand,621.53,622.4439743243174,1,
2025-08-01T14:30:00Z,1269,broken,demand,624.49,624.86,2,
2025-08-01T14:30:00Z,1270,broken,demand,621.79,622.602257395006,1,
2025-08-01T14:30:00Z,1271,broken,demand,627.51,627.86,3,
2025-08-01T14:30:00Z,1275,broken,demand,631.18,631.54,2,
2025-08-01T14:30:00Z,1284,broken,demand,631.54,632.637724886699,1,
2025-08-01T14:30:00Z,1282,merged,supply,633.6402420860269,635.13,3,order_block;geometry=updated
2025-08-01T16:00:00Z,1265,rejection,demand,621.2365542468508,622.11,2,
2025-08-01T16:00:00Z,1268,rejection,demand,621.53,622.4439743243174,1,
2025-08-01T17:00:00Z,1268,broken,demand,621.53,622.4439743243174,1,
2025-08-01T17:00:00Z,1269,role_flip_retest,supply,624.49,624.86,2,
2025-08-01T17:00:00Z,1270,role_flip_retest,supply,621.79,622.602257395006,2,
2025-08-01T18:00:00Z,1265,broken,demand,621.2365542468508,622.11,2,
2025-08-01T18:00:00Z,1268,role_flip_retest,supply,621.53,622.4439743243174,2,
2025-08-01T18:00:00Z,1287,created,demand,619.65,621.2970754987267,1,pivot
2025-08-04T14:30:00Z,1268,broken,supply,621.53,622.4439743243174,2,
2025-08-04T14:30:00Z,1269,broken,supply,624.49,624.86,2,
2025-08-04T14:30:00Z,1270,broken,supply,621.79,622.602257395006,2,
2025-08-04T15:00:00Z,1288,created,demand,619.29,620.61,1,pivot
2025-08-04T20:00:00Z,1275,role_flip_retest,supply,631.18,631.54,2,
2025-08-05T14:30:00Z,1275,broken,supply,631.18,631.54,2,
2025-08-05T15:00:00Z,1247,age_expired,demand,603.4516144570921,603.72,2,
2025-08-05T15:00:00Z,1284,role_flip_retest,supply,631.54,632.637724886699,2,
2025-08-05T17:00:00Z,1284,merged,supply,631.54,632.637724886699,3,pivot;geometry=updated
2025-08-05T17:00:00Z,1284,qualified,supply,631.54,632.637724886699,3,pivot|repeated_pivot|role_flip
2025-08-05T18:00:00Z,1290,created,demand,627.04,627.91,1,pivot
2025-08-06T16:00:00Z,1275,role_flip_retest,demand,631.18,631.54,2,
2025-08-06T16:00:00Z,1284,touch,supply,631.54,632.637724886699,3,
2025-08-06T20:00:00Z,1284,volume_confluence,supply,631.54,632.637724886699,4,POC:2025-08-06:632.444375
2025-08-06T20:00:00Z,1284,evidence_upgrade,supply,631.54,632.637724886699,4,volume_profile;score:3->4;qualified_score:3
2025-08-07T14:30:00Z,1279,broken,supply,635.54,636.08,3,
2025-08-07T14:30:00Z,1281,broken,supply,634.69,635.3757114686631,3,
2025-08-07T14:30:00Z,1282,broken,supply,633.6402420860269,635.13,3,
2025-08-07T14:30:00Z,1284,broken,supply,631.54,632.637724886699,4,
2025-08-07T15:00:00Z,1277,role_flip_retest,supply,635.3896308096485,636.15,3,
2025-08-07T15:00:00Z,1283,role_flip_retest,supply,636.47,636.95,2,
2025-08-07T15:00:00Z,1284,role_flip_retest,demand,631.54,632.637724886699,4,
2025-08-07T16:00:00Z,1275,touch,demand,631.18,631.54,2,
2025-08-07T17:00:00Z,1284,broken,demand,631.54,632.637724886699,4,
2025-08-07T17:00:00Z,1283,merged,supply,636.47,636.98,3,pivot;geometry=updated
2025-08-07T18:00:00Z,1275,broken,demand,631.18,631.54,2,
2025-08-07T18:00:00Z,1284,role_flip_retest,supply,631.54,632.637724886699,4,
2025-08-07T20:00:00Z,1278,broken_zone_expired,supply,637.44,638.04,1,
2025-08-07T20:00:00Z,1280,broken_zone_expired,supply,638.36,638.67,1,
2025-08-08T14:30:00Z,1281,role_flip_retest,demand,634.69,635.3757114686631,3,
2025-08-08T14:30:00Z,1282,role_flip_retest,demand,633.6402420860269,635.13,3,
2025-08-08T14:30:00Z,1284,broken,supply,631.54,632.637724886699,4,
2025-08-08T15:00:00Z,1283,touch,supply,636.47,636.98,3,
2025-08-08T15:00:00Z,1292,created,demand,629.11,630.3825891531935,1,pivot
2025-08-08T15:00:00Z,1292,volume_confluence,demand,629.11,630.3825891531935,2,POC:2025-08-07:629.929792
2025-08-08T16:00:00Z,1277,broken,supply,635.3896308096485,636.15,3,
2025-08-08T16:00:00Z,1279,role_flip_retest,demand,635.54,636.08,3,
2025-08-08T18:00:00Z,1277,role_flip_retest,demand,635.3896308096485,636.15,3,
2025-08-08T18:00:00Z,1283,broken,supply,636.47,636.98,3,
2025-08-08T19:00:00Z,1283,role_flip_retest,demand,636.47,636.98,3,
2025-08-08T20:00:00Z,1263,broken_zone_expired,demand,625.9,626.28,2,
2025-08-08T20:00:00Z,1267,broken_zone_expired,demand,626.46,626.88,3,
2025-08-08T20:00:00Z,1271,broken_zone_expired,demand,627.51,627.86,3,
2025-08-08T20:00:00Z,1283,volume_confluence,demand,636.47,636.98,4,POC:2025-08-08:636.916875
2025-08-11T17:00:00Z,1265,broken_zone_expired,demand,621.2365542468508,622.11,2,
2025-08-11T19:00:00Z,1277,touch,demand,635.3896308096485,636.15,3,
2025-08-11T19:00:00Z,1279,touch,demand,635.54,636.08,3,
2025-08-11T20:00:00Z,1268,broken_zone_expired,supply,621.53,622.4439743243174,2,
2025-08-11T20:00:00Z,1269,broken_zone_expired,supply,624.49,624.86,2,
2025-08-11T20:00:00Z,1270,broken_zone_expired,supply,621.79,622.602257395006,2,
2025-08-11T20:00:00Z,1281,touch,demand,634.69,635.3757114686631,3,
2025-08-11T20:00:00Z,1282,touch,demand,633.6402420860269,635.13,3,
2025-08-11T20:00:00Z,1283,broken,demand,636.47,636.98,4,
2025-08-11T20:00:00Z,1293,created,supply,637.983833308364,638.95,1,pivot
2025-08-12T14:30:00Z,1285,touch,supply,639.47,639.85,1,
2025-08-12T15:00:00Z,1277,rejection,demand,635.3896308096485,636.15,3,
2025-08-12T15:00:00Z,1279,rejection,demand,635.54,636.08,3,
2025-08-12T15:00:00Z,1281,rejection,demand,634.69,635.3757114686631,3,
2025-08-12T15:00:00Z,1282,rejection,demand,633.6402420860269,635.13,3,
2025-08-12T15:00:00Z,1293,broken,supply,637.983833308364,638.95,1,
2025-08-12T16:00:00Z,1285,broken,supply,639.47,639.85,1,
2025-08-12T16:00:00Z,1294,created,demand,634.66,635.7532105399141,1,pivot
2025-08-13T17:00:00Z,1295,created,supply,645.62,646.19,1,pivot
2025-08-14T17:00:00Z,1296,created,demand,642.34,642.78,1,pivot
2025-08-14T18:00:00Z,1297,created,supply,644.74,645.55,1,pivot
2025-08-14T20:00:00Z,1295,touch,supply,645.62,646.19,1,
2025-08-15T14:30:00Z,1295,rejection,supply,645.62,646.19,1,
2025-08-15T16:00:00Z,1296,touch,demand,642.34,642.78,1,
2025-08-15T17:00:00Z,1275,broken_zone_expired,demand,631.18,631.54,2,
2025-08-15T17:00:00Z,1296,rejection,demand,642.34,642.78,1,
2025-08-15T17:00:00Z,1295,merged,supply,645.62,646.19,2,pivot;geometry=updated
2025-08-15T17:00:00Z,1295,qualified,supply,645.62,646.19,2,pivot|repeated_pivot
2025-08-15T18:00:00Z,1297,touch,supply,644.74,645.55,1,
2025-08-15T19:00:00Z,1297,rejection,supply,644.74,645.55,1,
2025-08-15T19:00:00Z,1299,created,demand,642.51,643.3510206587545,1,pivot
2025-08-15T20:00:00Z,1284,broken_zone_expired,supply,631.54,632.637724886699,4,
2025-08-18T19:00:00Z,1259,age_expired,demand,615.97,616.39,2,
2025-08-18T20:00:00Z,1296,merged,demand,642.18,642.78,2,pivot;geometry=updated
2025-08-18T20:00:00Z,1296,qualified,demand,642.18,642.78,2,pivot|repeated_pivot
2025-08-18T20:00:00Z,1299,volume_confluence,demand,642.51,643.3510206587545,2,POC:2025-08-18:643.052083
2025-08-19T14:30:00Z,1260,age_expired,demand,610.83,611.19,1,
2025-08-19T14:30:00Z,1296,touch,demand,642.18,642.78,2,
2025-08-19T15:00:00Z,1296,broken,demand,642.18,642.78,2,
2025-08-19T15:00:00Z,1299,broken,demand,642.51,643.3510206587545,2,
2025-08-19T16:00:00Z,1261,age_expired,demand,617.2745749394427,617.49,2,
2025-08-19T18:00:00Z,1293,role_flip_retest,demand,637.983833308364,638.95,2,
2025-08-19T18:00:00Z,1301,created,supply,643.2897262326155,644.11,1,pivot
2025-08-19T19:00:00Z,1283,broken_zone_expired,demand,636.47,636.98,4,
2025-08-20T14:30:00Z,1277,touch,demand,635.3896308096485,636.15,3,
2025-08-20T14:30:00Z,1279,broken,demand,635.54,636.08,3,
2025-08-20T14:30:00Z,1281,touch,demand,634.69,635.3757114686631,3,
2025-08-20T14:30:00Z,1282,touch,demand,633.6402420860269,635.13,3,
2025-08-20T14:30:00Z,1293,broken,demand,637.983833308364,638.95,2,
2025-08-20T14:30:00Z,1294,touch,demand,634.66,635.7532105399141,1,
2025-08-20T14:30:00Z,1302,created,supply,639.12,639.91,1,order_block
2025-08-20T14:30:00Z,1302,volume_confluence,supply,639.12,639.91,2,POC:2025-08-19:639.301042
2025-08-20T15:00:00Z,1262,age_expired,demand,618.2163822859978,619.22,2,
2025-08-20T15:00:00Z,1277,broken,demand,635.3896308096485,636.15,3,
2025-08-20T15:00:00Z,1279,role_flip_retest,supply,635.54,636.08,3,
2025-08-20T15:00:00Z,1281,broken,demand,634.69,635.3757114686631,3,
2025-08-20T15:00:00Z,1282,broken,demand,633.6402420860269,635.13,3,
2025-08-20T15:00:00Z,1285,broken_zone_expired,supply,639.47,639.85,1,
2025-08-20T15:00:00Z,1294,broken,demand,634.66,635.7532105399141,1,
2025-08-20T16:00:00Z,1277,role_flip_retest,supply,635.3896308096485,636.15,3,
2025-08-20T17:00:00Z,1277,broken,supply,635.3896308096485,636.15,3,
2025-08-20T17:00:00Z,1279,broken,supply,635.54,636.08,3,
2025-08-20T18:00:00Z,1277,role_flip_retest,demand,635.3896308096485,636.15,3,
2025-08-20T18:00:00Z,1303,created,demand,632.95,633.38,1,pivot
2025-08-20T19:00:00Z,1279,role_flip_retest,demand,635.54,636.08,3,
2025-08-21T14:30:00Z,1277,broken,demand,635.3896308096485,636.15,3,
2025-08-21T14:30:00Z,1279,broken,demand,635.54,636.08,3,
2025-08-21T16:00:00Z,1304,created,supply,638.05,639.06,1,pivot
2025-08-21T17:00:00Z,1277,role_flip_retest,supply,635.3896308096485,636.15,3,
2025-08-21T17:00:00Z,1279,role_flip_retest,supply,635.54,636.08,3,
2025-08-22T14:30:00Z,1277,broken,supply,635.3896308096485,636.15,3,
2025-08-22T14:30:00Z,1279,broken,supply,635.54,636.08,3,
2025-08-22T14:30:00Z,1302,touch,supply,639.12,639.91,2,
2025-08-22T14:30:00Z,1304,touch,supply,638.05,639.06,1,
2025-08-22T14:30:00Z,1305,created,demand,633.81,634.87,1,pivot
2025-08-22T15:00:00Z,1295,touch,supply,645.62,646.19,2,
2025-08-22T15:00:00Z,1297,touch,supply,644.74,645.55,1,
2025-08-22T15:00:00Z,1301,broken,supply,643.2897262326155,644.11,1,
2025-08-22T15:00:00Z,1302,broken,supply,639.12,639.91,2,
2025-08-22T15:00:00Z,1304,broken,supply,638.05,639.06,1,
2025-08-22T15:00:00Z,1306,created,demand,635.08,636.11,1,order_block
2025-08-22T15:00:00Z,1306,volume_confluence,demand,635.08,636.11,2,POC:2025-08-21:635.283333
2025-08-22T17:00:00Z,1295,rejection,supply,645.62,646.19,2,
2025-08-22T17:00:00Z,1297,rejection,supply,644.74,645.55,1,
2025-08-22T18:00:00Z,1297,broken,supply,644.74,645.55,1,
2025-08-22T19:00:00Z,1295,merged,supply,645.62,646.19,2,pivot;geometry=frozen
2025-08-25T14:30:00Z,1301,role_flip_retest,demand,643.2897262326155,644.11,2,
2025-08-25T17:00:00Z,1301,merged,demand,643.2897262326155,644.11,3,pivot;geometry=updated
2025-08-25T17:00:00Z,1301,qualified,demand,643.2897262326155,644.11,3,pivot|repeated_pivot|role_flip
2025-08-25T18:00:00Z,1264,age_expired,demand,617.87,618.8216667395876,1,
2025-08-25T20:00:00Z,1299,role_flip_retest,supply,642.51,643.3510206587545,3,
2025-08-25T20:00:00Z,1301,broken,demand,643.2897262326155,644.11,3,
2025-08-26T17:00:00Z,1309,created,demand,641.57,642.2,1,pivot
2025-08-26T18:00:00Z,1301,role_flip_retest,supply,643.2897262326155,644.11,3,
2025-08-26T18:00:00Z,1301,volume_confluence,supply,643.2897262326155,644.11,4,POC:2025-08-25:644.003750
2025-08-26T18:00:00Z,1301,evidence_upgrade,supply,643.2897262326155,644.11,4,volume_profile;score:3->4;qualified_score:3
2025-08-26T19:00:00Z,1299,broken,supply,642.51,643.3510206587545,3,
2025-08-26T20:00:00Z,1301,broken,supply,643.2897262326155,644.11,4,
2025-08-27T14:30:00Z,1296,broken_zone_expired,demand,642.18,642.78,2,
2025-08-27T15:00:00Z,1295,touch,supply,645.62,646.19,2,
2025-08-27T15:00:00Z,1297,role_flip_retest,demand,644.74,645.55,2,
2025-08-27T16:00:00Z,1295,broken,supply,645.62,646.19,2,
2025-08-27T17:00:00Z,1295,role_flip_retest,demand,645.62,646.19,3,
2025-08-27T20:00:00Z,1293,broken_zone_expired,demand,637.983833308364,638.95,2,
2025-08-28T14:30:00Z,1281,broken_zone_expired,demand,634.69,635.3757114686631,3,
2025-08-28T14:30:00Z,1282,broken_zone_expired,demand,633.6402420860269,635.13,3,
2025-08-28T14:30:00Z,1294,broken_zone_expired,demand,634.66,635.7532105399141,1,
2025-08-28T17:00:00Z,1310,created,demand,645.34,645.94,1,pivot
2025-08-29T14:30:00Z,1295,broken,demand,645.62,646.19,3,
2025-08-29T14:30:00Z,1297,touch,demand,644.74,645.55,2,
2025-08-29T14:30:00Z,1310,touch,demand,645.34,645.94,1,
2025-08-29T15:00:00Z,1295,role_flip_retest,supply,645.62,646.19,3,
2025-08-29T15:00:00Z,1297,broken,demand,644.74,645.55,2,
2025-08-29T15:00:00Z,1299,role_flip_retest,demand,642.51,643.3510206587545,3,
2025-08-29T15:00:00Z,1310,broken,demand,645.34,645.94,1,
2025-08-29T16:00:00Z,1297,role_flip_retest,supply,644.74,645.55,2,
2025-08-29T16:00:00Z,1311,created,supply,648.96,649.48,1,pivot
2025-08-29T17:00:00Z,1301,role_flip_retest,demand,643.2897262326155,644.11,4,
2025-08-29T18:00:00Z,1312,created,demand,643.14,643.82,1,pivot
2025-08-29T20:00:00Z,1277,broken_zone_expired,supply,635.3896308096485,636.15,3,
2025-08-29T20:00:00Z,1279,broken_zone_expired,supply,635.54,636.08,3,
2025-08-29T20:00:00Z,1312,touch,demand,643.14,643.82,1,
2025-09-02T14:30:00Z,1299,broken,demand,642.51,643.3510206587545,3,
2025-09-02T14:30:00Z,1301,broken,demand,643.2897262326155,644.11,4,
2025-09-02T14:30:00Z,1302,broken_zone_expired,supply,639.12,639.91,2,
2025-09-02T14:30:00Z,1304,broken_zone_expired,supply,638.05,639.06,1,
2025-09-02T14:30:00Z,1306,touch,demand,635.08,636.11,2,
2025-09-02T14:30:00Z,1309,broken,demand,641.57,642.2,1,
2025-09-02T14:30:00Z,1312,broken,demand,643.14,643.82,1,
2025-09-02T16:00:00Z,1306,touch,demand,635.08,636.11,2,
2025-09-02T17:00:00Z,1306,rejection,demand,635.08,636.11,2,
2025-09-02T19:00:00Z,1313,created,demand,634.92,635.21,1,pivot
2025-09-03T14:30:00Z,1299,role_flip_retest,supply,642.51,643.3510206587545,3,
2025-09-03T14:30:00Z,1312,role_flip_retest,supply,643.14,643.82,2,
2025-09-03T15:00:00Z,1299,broken,supply,642.51,643.3510206587545,3,
2025-09-03T15:00:00Z,1312,broken,supply,643.14,643.82,2,
2025-09-03T16:00:00Z,1301,role_flip_retest,supply,643.2897262326155,644.11,4,
2025-09-03T18:00:00Z,1309,role_flip_retest,supply,641.57,642.2,2,
2025-09-03T19:00:00Z,1301,merged,supply,643.2897262326155,644.11,4,pivot;geometry=frozen
2025-09-03T20:00:00Z,1299,role_flip_retest,demand,642.51,643.3510206587545,3,
2025-09-03T20:00:00Z,1309,broken,supply,641.57,642.2,2,
2025-09-04T14:30:00Z,1297,touch,supply,644.74,645.55,2,
2025-09-04T14:30:00Z,1301,broken,supply,643.2897262326155,644.11,4,
2025-09-04T15:00:00Z,1272,age_expired,demand,618.05,619.0548961968346,1,
2025-09-04T15:00:00Z,1295,touch,supply,645.62,646.19,3,
2025-09-04T15:00:00Z,1301,role_flip_retest,demand,643.2897262326155,644.11,4,
2025-09-04T15:00:00Z,1312,role_flip_retest,demand,643.14,643.82,2,
2025-09-04T15:00:00Z,1315,created,demand,640.46,640.88,1,pivot
2025-09-04T16:00:00Z,1297,broken,supply,644.74,645.55,2,
2025-09-04T18:00:00Z,1295,broken,supply,645.62,646.19,3,
2025-09-04T20:00:00Z,1311,touch,supply,648.96,649.48,1,
2025-09-05T14:30:00Z,1311,broken,supply,648.96,649.48,1,
2025-09-05T15:00:00Z,1301,touch,demand,643.2897262326155,644.11,4,
2025-09-05T15:00:00Z,1310,role_flip_retest,supply,645.34,645.94,2,
2025-09-05T16:00:00Z,1297,role_flip_retest,demand,644.74,645.55,2,
2025-09-05T16:00:00Z,1299,touch,demand,642.51,643.3510206587545,3,
2025-09-05T16:00:00Z,1301,rejection,demand,643.2897262326155,644.11,4,
2025-09-05T16:00:00Z,1312,touch,demand,643.14,643.82,2,
2025-09-05T17:00:00Z,1295,role_flip_retest,demand,645.62,646.19,3,
2025-09-05T17:00:00Z,1299,rejection,demand,642.51,643.3510206587545,3,
2025-09-05T17:00:00Z,1310,broken,supply,645.34,645.94,2,
2025-09-05T17:00:00Z,1312,rejection,demand,643.14,643.82,2,
2025-09-05T17:00:00Z,1316,created,supply,651.46,652.21,1,pivot
2025-09-05T18:00:00Z,1295,broken,demand,645.62,646.19,3,
2025-09-05T19:00:00Z,1310,role_flip_retest,demand,645.34,645.94,2,
2025-09-05T19:00:00Z,1301,merged,demand,643.2897262326155,644.11,4,pivot;geometry=frozen
2025-09-05T20:00:00Z,1310,volume_confluence,demand,645.34,645.94,3,POC:2025-09-05:645.735000
2025-09-08T19:00:00Z,1318,created,supply,649.38,649.84,1,pivot
2025-09-09T14:30:00Z,1318,touch,supply,649.38,649.84,1,
2025-09-09T15:00:00Z,1318,rejection,supply,649.38,649.84,1,
2025-09-09T18:00:00Z,1311,role_flip_retest,demand,648.96,649.48,2,
2025-09-09T18:00:00Z,1319,created,demand,647.22,648.1717303789552,1,pivot
2025-09-09T20:00:00Z,1318,broken,supply,649.38,649.84,1,
2025-09-10T14:30:00Z,1316,broken,supply,651.46,652.21,1,
2025-09-10T17:00:00Z,1316,role_flip_retest,demand,651.46,652.21,2,
2025-09-10T18:00:00Z,1320,created,supply,653.6422876512122,654.55,1,pivot
2025-09-11T14:30:00Z,1320,broken,supply,653.6422876512122,654.55,1,
2025-09-11T16:00:00Z,1321,created,demand,650.63,651.5753201514221,1,pivot
2025-09-11T19:00:00Z,1309,broken_zone_expired,supply,641.57,642.2,2,
2025-09-11T19:00:00Z,1322,created,supply,657.21,657.8,1,pivot
2025-09-11T20:00:00Z,1322,volume_confluence,supply,657.21,657.8,2,POC:2025-09-11:657.441250
2025-09-12T14:30:00Z,1322,broken,supply,657.21,657.8,2,
2025-09-12T15:00:00Z,1322,role_flip_retest,demand,657.21,657.8,3,
2025-09-12T18:00:00Z,1323,created,supply,658.3218369851271,658.48,1,pivot
2025-09-12T19:00:00Z,1323,broken,supply,658.3218369851271,658.48,1,
2025-09-15T16:00:00Z,1324,created,demand,656.9,657.4,1,pivot
2025-09-15T17:00:00Z,1295,broken_zone_expired,demand,645.62,646.19,3,
2025-09-15T19:00:00Z,1325,created,supply,660.8793407854937,661.04,1,pivot
2025-09-15T19:00:00Z,1287,capacity_expired,demand,619.65,621.2970754987267,1,
2025-09-16T15:00:00Z,1326,created,demand,659.34,660.0,1,pivot
2025-09-16T15:00:00Z,1288,capacity_expired,demand,619.29,620.61,1,
2025-09-16T17:00:00Z,1327,created,supply,661.46,661.78,1,pivot
2025-09-16T17:00:00Z,1290,capacity_expired,demand,627.04,627.91,1,
2025-09-16T19:00:00Z,1328,created,demand,659.21,659.67,1,pivot
2025-09-16T19:00:00Z,1303,capacity_expired,demand,632.95,633.38,1,
2025-09-16T20:00:00Z,1326,touch,demand,659.34,660.0,1,
2025-09-17T14:30:00Z,1328,touch,demand,659.21,659.67,1,
2025-09-17T16:00:00Z,1326,broken,demand,659.34,660.0,1,
2025-09-17T17:00:00Z,1326,role_flip_retest,supply,659.34,660.0,2,
2025-09-17T17:00:00Z,1328,broken,demand,659.21,659.67,1,
2025-09-17T18:00:00Z,1323,role_flip_retest,demand,658.3218369851271,658.48,2,
2025-09-17T19:00:00Z,1318,broken_zone_expired,supply,649.38,649.84,1,
2025-09-17T19:00:00Z,1320,role_flip_retest,demand,653.6422876512122,654.55,2,
2025-09-17T19:00:00Z,1322,touch,demand,657.21,657.8,3,
2025-09-17T19:00:00Z,1323,broken,demand,658.3218369851271,658.48,2,
2025-09-17T19:00:00Z,1324,touch,demand,656.9,657.4,1,
2025-09-17T19:00:00Z,1325,touch,supply,660.8793407854937,661.04,1,
2025-09-17T19:00:00Z,1327,touch,supply,661.46,661.78,1,
2025-09-17T19:00:00Z,1328,role_flip_retest,supply,659.21,659.67,2,
2025-09-17T19:00:00Z,1329,created,supply,658.8698466563407,659.66,1,order_block
2025-09-17T19:00:00Z,1305,capacity_expired,demand,633.81,634.87,1,
2025-09-17T19:00:00Z,1313,capacity_expired,demand,634.92,635.21,1,
2025-09-17T20:00:00Z,1322,rejection,demand,657.21,657.8,3,
2025-09-17T20:00:00Z,1324,rejection,demand,656.9,657.4,1,
2025-09-17T20:00:00Z,1326,volume_confluence,supply,659.34,660.0,3,POC:2025-09-17:659.710417
2025-09-18T14:30:00Z,1325,broken,supply,660.8793407854937,661.04,1,
2025-09-18T14:30:00Z,1326,broken,supply,659.34,660.0,3,
2025-09-18T14:30:00Z,1327,broken,supply,661.46,661.78,1,
2025-09-18T14:30:00Z,1328,broken,supply,659.21,659.67,2,
2025-09-18T14:30:00Z,1329,broken,supply,658.8698466563407,659.66,1,
2025-09-18T15:00:00Z,1330,created,demand,654.3,655.3360833037979,1,pivot
2025-09-18T18:00:00Z,1331,created,supply,663.8630429961938,664.89,1,pivot
2025-09-19T14:30:00Z,1327,role_flip_retest,demand,661.46,661.78,2,
2025-09-19T15:00:00Z,1325,role_flip_retest,demand,660.8793407854937,661.04,2,
2025-09-19T19:00:00Z,1332,created,demand,660.37,661.2278634606959,1,pivot
2025-09-19T20:00:00Z,1331,touch,supply,663.8630429961938,664.89,1,
2025-09-22T15:00:00Z,1331,broken,supply,663.8630429961938,664.89,1,
2025-09-22T17:00:00Z,1331,role_flip_retest,demand,663.8630429961938,664.89,2,
2025-09-23T17:00:00Z,1331,touch,demand,663.8630429961938,664.89,2,
2025-09-23T17:00:00Z,1333,created,supply,666.89,667.34,1,pivot
2025-09-23T17:00:00Z,1315,capacity_expired,demand,640.46,640.88,1,
2025-09-23T18:00:00Z,1331,broken,demand,663.8630429961938,664.89,2,
2025-09-24T14:30:00Z,1331,role_flip_retest,supply,663.8630429961938,664.89,2,
2025-09-24T15:00:00Z,1327,merged,demand,661.46,662.1521605218844,3,pivot;geometry=updated
2025-09-24T15:00:00Z,1327,qualified,demand,661.46,662.1521605218844,3,pivot|repeated_pivot|role_flip
2025-09-24T15:00:00Z,1327,volume_confluence,demand,661.46,662.1521605218844,4,POC:2025-09-23:662.091667
2025-09-24T15:00:00Z,1327,evidence_upgrade,demand,661.46,662.1521605218844,4,volume_profile;score:3->4;qualified_score:3
2025-09-24T16:00:00Z,1325,broken,demand,660.8793407854937,661.04,2,
2025-09-24T16:00:00Z,1327,broken,demand,661.46,662.1521605218844,4,
2025-09-24T16:00:00Z,1332,touch,demand,660.37,661.2278634606959,1,
2025-09-24T16:00:00Z,1335,created,supply,662.7714027427093,663.54,1,order_block
2025-09-24T17:00:00Z,1325,role_flip_retest,supply,660.8793407854937,661.04,2,
2025-09-24T17:00:00Z,1326,role_flip_retest,demand,659.34,660.0,3,
2025-09-24T17:00:00Z,1328,role_flip_retest,demand,659.21,659.67,2,
2025-09-24T17:00:00Z,1319,capacity_expired,demand,647.22,648.1717303789552,1,
2025-09-24T17:00:00Z,1321,capacity_expired,demand,650.63,651.5753201514221,1,
2025-09-24T18:00:00Z,1327,role_flip_retest,supply,661.46,662.1521605218844,4,
2025-09-24T18:00:00Z,1324,capacity_expired,demand,656.9,657.4,1,
2025-09-24T20:00:00Z,1336,created,demand,659.67,660.39,1,pivot
2025-09-24T20:00:00Z,1332,volume_confluence,demand,660.37,661.2278634606959,2,POC:2025-09-24:660.390417
2025-09-24T20:00:00Z,1330,capacity_expired,demand,654.3,655.3360833037979,1,
2025-09-25T14:30:00Z,1322,broken,demand,657.21,657.8,3,
2025-09-25T14:30:00Z,1326,broken,demand,659.34,660.0,3,
2025-09-25T14:30:00Z,1328,broken,demand,659.21,659.67,2,
2025-09-25T14:30:00Z,1332,broken,demand,660.37,661.2278634606959,2,
2025-09-25T14:30:00Z,1336,broken,demand,659.67,660.39,1,
2025-09-25T14:30:00Z,1325,merged,supply,660.56,661.15,3,order_block;geometry=updated
2025-09-25T16:00:00Z,1326,role_flip_retest,supply,659.34,660.0,3,
2025-09-25T16:00:00Z,1328,role_flip_retest,supply,659.21,659.67,2,
2025-09-25T17:00:00Z,1323,role_flip_retest,supply,658.3218369851271,658.48,2,
2025-09-25T17:00:00Z,1338,created,demand,655.08,655.64,1,pivot
2025-09-25T18:00:00Z,1322,role_flip_retest,supply,657.21,657.8,3,
2025-09-25T19:00:00Z,1320,touch,demand,653.6422876512122,654.55,2,
2025-09-25T20:00:00Z,1322,broken,supply,657.21,657.8,3,
2025-09-25T20:00:00Z,1329,broken_zone_expired,supply,658.8698466563407,659.66,1,
2025-09-26T14:30:00Z,1320,rejection,demand,653.6422876512122,654.55,2,
2025-09-26T14:30:00Z,1323,broken,supply,658.3218369851271,658.48,2,
2025-09-26T14:30:00Z,1325,broken,supply,660.56,661.15,3,
2025-09-26T14:30:00Z,1326,broken,supply,659.34,660.0,3,
2025-09-26T14:30:00Z,1327,touch,supply,661.46,662.1521605218844,4,
2025-09-26T14:30:00Z,1328,broken,supply,659.21,659.67,2,
2025-09-26T15:00:00Z,1327,rejection,supply,661.46,662.1521605218844,4,
2025-09-26T15:00:00Z,1332,role_flip_retest,supply,660.37,661.2278634606959,3,
2025-09-26T15:00:00Z,1336,role_flip_retest,supply,659.67,660.39,2,
2025-09-26T15:00:00Z,1339,created,demand,654.4,655.59,1,pivot
2025-09-26T16:00:00Z,1323,role_flip_retest,demand,658.3218369851271,658.48,2,
2025-09-26T17:00:00Z,1325,role_flip_retest,demand,660.56,661.15,3,
2025-09-26T17:00:00Z,1326,role_flip_retest,demand,659.34,660.0,3,
2025-09-26T17:00:00Z,1328,role_flip_retest,demand,659.21,659.67,2,
2025-09-26T17:00:00Z,1336,broken,supply,659.67,660.39,2,
2025-09-26T17:00:00Z,1333,capacity_expired,supply,666.89,667.34,1,
2025-09-26T18:00:00Z,1292,age_expired,demand,629.11,630.3825891531935,2,
2025-09-26T18:00:00Z,1332,broken,supply,660.37,661.2278634606959,3,
2025-09-26T18:00:00Z,1327,merged,supply,661.46,662.1521605218844,4,pivot;geometry=frozen
2025-09-26T19:00:00Z,1332,role_flip_retest,demand,660.37,661.2278634606959,3,
2025-09-29T14:30:00Z,1327,broken,supply,661.46,662.1521605218844,4,
2025-09-29T14:30:00Z,1331,touch,supply,663.8630429961938,664.89,2,
2025-09-29T14:30:00Z,1335,broken,supply,662.7714027427093,663.54,1,
2025-09-29T16:00:00Z,1331,rejection,supply,663.8630429961938,664.89,2,
2025-09-29T18:00:00Z,1341,created,supply,664.53,665.28,1,pivot
2025-09-29T20:00:00Z,1327,role_flip_retest,demand,661.46,662.1521605218844,4,
2025-09-29T20:00:00Z,1335,role_flip_retest,demand,662.7714027427093,663.54,2,
2025-09-29T20:00:00Z,1335,volume_confluence,demand,662.7714027427093,663.54,3,POC:2025-09-29:662.928750
2025-09-30T17:00:00Z,1331,touch,supply,663.8630429961938,664.89,2,
2025-09-30T18:00:00Z,1331,rejection,supply,663.8630429961938,664.89,2,
2025-09-30T18:00:00Z,1335,broken,demand,662.7714027427093,663.54,3,
2025-09-30T19:00:00Z,1341,touch,supply,664.53,665.28,1,
2025-09-30T19:00:00Z,1342,created,demand,661.61,662.6076249298369,1,pivot
2025-09-30T20:00:00Z,1331,broken,supply,663.8630429961938,664.89,2,
2025-09-30T20:00:00Z,1341,broken,supply,664.53,665.28,1,
2025-09-30T20:00:00Z,1342,volume_confluence,demand,661.61,662.6076249298369,2,POC:2025-09-30:662.555000
2025-10-01T15:00:00Z,1331,role_flip_retest,demand,663.8630429961938,664.89,2,
2025-10-01T15:00:00Z,1341,role_flip_retest,demand,664.53,665.28,2,
2025-10-02T17:00:00Z,1343,created,supply,670.365608886848,670.57,1,pivot
2025-10-02T17:00:00Z,1338,capacity_expired,demand,655.08,655.64,1,
2025-10-02T19:00:00Z,1344,created,demand,666.78,667.57,1,pivot
2025-10-02T19:00:00Z,1339,capacity_expired,demand,654.4,655.59,1,
2025-10-03T14:30:00Z,1297,age_expired,demand,644.74,645.55,2,
2025-10-03T14:30:00Z,1343,broken,supply,670.365608886848,670.57,1,
2025-10-03T15:00:00Z,1343,role_flip_retest,demand,670.365608886848,670.57,2,
2025-10-03T18:00:00Z,1343,broken,demand,670.365608886848,670.57,2,
2025-10-03T19:00:00Z,1322,broken_zone_expired,supply,657.21,657.8,3,
2025-10-03T19:00:00Z,1343,role_flip_retest,supply,670.365608886848,670.57,2,
2025-10-03T20:00:00Z,1345,created,supply,672.4671980567448,672.68,1,pivot
2025-10-06T14:30:00Z,1346,created,demand,668.16,669.1619249370682,1,pivot
2025-10-06T14:30:00Z,1346,volume_confluence,demand,668.16,669.1619249370682,2,POC:2025-10-02:668.911875
2025-10-06T14:30:00Z,1344,capacity_expired,demand,666.78,667.57,1,
2025-10-06T15:00:00Z,1299,age_expired,demand,642.51,643.3510206587545,3,
2025-10-06T15:00:00Z,1343,broken,supply,670.365608886848,670.57,2,
2025-10-06T16:00:00Z,1336,broken_zone_expired,supply,659.67,660.39,2,
2025-10-06T19:00:00Z,1345,touch,supply,672.4671980567448,672.68,1,
2025-10-06T20:00:00Z,1345,rejection,supply,672.4671980567448,672.68,1,
2025-10-07T16:00:00Z,1346,touch,demand,668.16,669.1619249370682,2,
2025-10-07T16:00:00Z,1347,created,supply,671.72,672.35,1,order_block
2025-10-07T17:00:00Z,1345,merged,supply,672.4671980567448,672.99,2,pivot;geometry=updated
2025-10-07T17:00:00Z,1345,qualified,supply,672.4671980567448,672.99,2,pivot|repeated_pivot
2025-10-07T20:00:00Z,1349,created,demand,667.67,668.26,1,pivot
2025-10-08T14:30:00Z,1301,age_expired,demand,643.2897262326155,644.11,4,
2025-10-08T15:00:00Z,1343,role_flip_retest,demand,670.365608886848,670.57,2,
2025-10-08T15:00:00Z,1347,touch,supply,671.72,672.35,1,
2025-10-08T16:00:00Z,1345,touch,supply,672.4671980567448,672.99,2,
2025-10-08T16:00:00Z,1347,broken,supply,671.72,672.35,1,
2025-10-08T17:00:00Z,1335,broken_zone_expired,demand,662.7714027427093,663.54,3,
2025-10-08T17:00:00Z,1347,role_flip_retest,demand,671.72,672.35,2,
2025-10-08T19:00:00Z,1345,rejection,supply,672.4671980567448,672.99,2,
2025-10-08T20:00:00Z,1345,volume_confluence,supply,672.4671980567448,672.99,3,POC:2025-10-08:672.499375
2025-10-08T20:00:00Z,1345,evidence_upgrade,supply,672.4671980567448,672.99,3,volume_profile;score:2->3;qualified_score:2
2025-10-09T15:00:00Z,1343,touch,demand,670.365608886848,670.57,2,
2025-10-09T15:00:00Z,1347,broken,demand,671.72,672.35,2,
2025-10-09T16:00:00Z,1347,role_flip_retest,supply,671.72,672.35,2,
2025-10-09T17:00:00Z,1343,broken,demand,670.365608886848,670.57,2,
2025-10-09T17:00:00Z,1350,created,supply,673.52,673.94,1,pivot
2025-10-09T18:00:00Z,1343,role_flip_retest,supply,670.365608886848,670.57,2,
2025-10-09T18:00:00Z,1349,capacity_expired,demand,667.67,668.26,1,
2025-10-09T20:00:00Z,1343,broken,supply,670.365608886848,670.57,2,
2025-10-10T14:30:00Z,1345,touch,supply,672.4671980567448,672.99,3,
2025-10-10T14:30:00Z,1347,broken,supply,671.72,672.35,2,
2025-10-10T14:30:00Z,1350,touch,supply,673.52,673.94,1,
2025-10-10T14:30:00Z,1351,created,demand,669.21,669.8,1,pivot
2025-10-10T15:00:00Z,1345,rejection,supply,672.4671980567448,672.99,3,
2025-10-10T15:00:00Z,1346,touch,demand,668.16,669.1619249370682,2,
2025-10-10T15:00:00Z,1350,rejection,supply,673.52,673.94,1,
2025-10-10T15:00:00Z,1350,merged,supply,673.0126894079532,673.95,2,order_block;geometry=updated
2025-10-10T16:00:00Z,1325,touch,demand,660.56,661.15,3,
2025-10-10T16:00:00Z,1326,touch,demand,659.34,660.0,3,
2025-10-10T16:00:00Z,1327,touch,demand,661.46,662.1521605218844,4,
2025-10-10T16:00:00Z,1328,touch,demand,659.21,659.67,2,
2025-10-10T16:00:00Z,1331,broken,demand,663.8630429961938,664.89,2,
2025-10-10T16:00:00Z,1332,touch,demand,660.37,661.2278634606959,3,
2025-10-10T16:00:00Z,1341,broken,demand,664.53,665.28,2,
2025-10-10T16:00:00Z,1342,touch,demand,661.61,662.6076249298369,2,
2025-10-10T16:00:00Z,1346,broken,demand,668.16,669.1619249370682,2,
2025-10-10T16:00:00Z,1351,broken,demand,669.21,669.8,1,
2025-10-10T16:00:00Z,1350,merged,supply,672.7328544502423,673.95,2,order_block;geometry=updated
2025-10-10T17:00:00Z,1325,broken,demand,660.56,661.15,3,
2025-10-10T17:00:00Z,1326,broken,demand,659.34,660.0,3,
2025-10-10T17:00:00Z,1327,broken,demand,661.46,662.1521605218844,4,
2025-10-10T17:00:00Z,1332,broken,demand,660.37,661.2278634606959,3,
2025-10-10T17:00:00Z,1342,broken,demand,661.61,662.6076249298369,2,
2025-10-10T17:00:00Z,1350,merged,supply,672.7328544502423,673.95,3,pivot;geometry=updated
2025-10-10T17:00:00Z,1350,qualified,supply,672.7328544502423,673.95,3,order_block|pivot|repeated_pivot
2025-10-10T18:00:00Z,1306,age_expired,demand,635.08,636.11,2,
2025-10-10T18:00:00Z,1323,touch,demand,658.3218369851271,658.48,2,
2025-10-10T18:00:00Z,1325,role_flip_retest,supply,660.56,661.15,3,
2025-10-10T18:00:00Z,1332,role_flip_retest,supply,660.37,661.2278634606959,3,
2025-10-10T19:00:00Z,1323,broken,demand,658.3218369851271,658.48,2,
2025-10-10T19:00:00Z,1326,role_flip_retest,supply,659.34,660.0,3,
2025-10-10T19:00:00Z,1328,broken,demand,659.21,659.67,2,
2025-10-10T20:00:00Z,1320,broken,demand,653.6422876512122,654.55,2,
2025-10-10T20:00:00Z,1355,created,supply,659.5134269823345,660.93,1,order_block
2025-10-13T14:30:00Z,1325,broken,supply,660.56,661.15,3,
2025-10-13T14:30:00Z,1326,broken,supply,659.34,660.0,3,
2025-10-13T14:30:00Z,1332,broken,supply,660.37,661.2278634606959,3,
2025-10-13T14:30:00Z,1355,broken,supply,659.5134269823345,660.93,1,
2025-10-13T15:00:00Z,1326,role_flip_retest,demand,659.34,660.0,3,
2025-10-13T15:00:00Z,1327,role_flip_retest,supply,661.46,662.1521605218844,4,
2025-10-13T15:00:00Z,1342,role_flip_retest,supply,661.61,662.6076249298369,3,
2025-10-13T16:00:00Z,1325,role_flip_retest,demand,660.56,661.15,3,
2025-10-13T16:00:00Z,1327,broken,supply,661.46,662.1521605218844,4,
2025-10-13T16:00:00Z,1332,role_flip_retest,demand,660.37,661.2278634606959,3,
2025-10-13T16:00:00Z,1342,broken,supply,661.61,662.6076249298369,3,
2025-10-13T16:00:00Z,1355,role_flip_retest,demand,659.5134269823345,660.93,2,
2025-10-13T16:00:00Z,1356,created,demand,652.84,653.2408669900709,1,pivot
2025-10-13T17:00:00Z,1341,role_flip_retest,supply,664.53,665.28,2,
2025-10-13T18:00:00Z,1331,role_flip_retest,supply,663.8630429961938,664.89,2,
2025-10-13T18:00:00Z,1342,role_flip_retest,demand,661.61,662.6076249298369,3,
2025-10-13T20:00:00Z,1327,role_flip_retest,demand,661.46,662.1521605218844,4,
2025-10-13T20:00:00Z,1341,merged,supply,664.24,665.28,3,pivot;geometry=updated
2025-10-13T20:00:00Z,1341,qualified,supply,664.24,665.28,3,pivot|repeated_pivot|role_flip
2025-10-14T14:30:00Z,1325,broken,demand,660.56,661.15,3,
2025-10-14T14:30:00Z,1326,broken,demand,659.34,660.0,3,
2025-10-14T14:30:00Z,1327,broken,demand,661.46,662.1521605218844,4,
2025-10-14T14:30:00Z,1332,broken,demand,660.37,661.2278634606959,3,
2025-10-14T14:30:00Z,1342,broken,demand,661.61,662.6076249298369,3,
2025-10-14T14:30:00Z,1355,broken,demand,659.5134269823345,660.93,2,
2025-10-14T14:30:00Z,1356,touch,demand,652.84,653.2408669900709,1,
2025-10-14T15:00:00Z,1356,rejection,demand,652.84,653.2408669900709,1,
2025-10-14T17:00:00Z,1341,touch,supply,664.24,665.28,3,
2025-10-14T17:00:00Z,1358,created,demand,653.17,655.1606525479809,1,pivot
2025-10-14T18:00:00Z,1331,broken,supply,663.8630429961938,664.89,2,
2025-10-14T19:00:00Z,1331,role_flip_retest,demand,663.8630429961938,664.89,2,
2025-10-14T20:00:00Z,1331,broken,demand,663.8630429961938,664.89,2,
2025-10-14T20:00:00Z,1341,rejection,supply,664.24,665.28,3,
2025-10-14T20:00:00Z,1341,volume_confluence,supply,664.24,665.28,4,POC:2025-10-14:664.511250
2025-10-14T20:00:00Z,1341,evidence_upgrade,supply,664.24,665.28,4,volume_profile;score:3->4;qualified_score:3
2025-10-15T14:30:00Z,1341,broken,supply,664.24,665.28,4,
2025-10-15T15:00:00Z,1351,role_flip_retest,supply,669.21,669.8,2,
2025-10-15T16:00:00Z,1346,role_flip_retest,supply,668.16,669.1619249370682,3,
2025-10-15T18:00:00Z,1351,merged,supply,669.02,670.23,3,pivot;geometry=updated
2025-10-15T18:00:00Z,1351,qualified,supply,669.02,670.23,3,pivot|repeated_pivot|role_flip
2025-10-15T19:00:00Z,1341,role_flip_retest,demand,664.24,665.28,4,
2025-10-16T14:30:00Z,1360,created,demand,658.93,660.8632084684074,1,pivot
2025-10-16T17:00:00Z,1331,role_flip_retest,supply,663.8630429961938,664.89,2,
2025-10-16T17:00:00Z,1341,broken,demand,664.24,665.28,4,
2025-10-16T17:00:00Z,1360,touch,demand,658.93,660.8632084684074,1,
2025-10-16T17:00:00Z,1331,volume_confluence,supply,663.8630429961938,664.89,3,POC:2025-10-15:663.873750
2025-10-16T18:00:00Z,1341,role_flip_retest,supply,664.24,665.28,4,
2025-10-16T18:00:00Z,1361,created,supply,667.09,668.71,1,pivot
2025-10-16T19:00:00Z,1325,role_flip_retest,supply,660.56,661.15,3,
2025-10-16T19:00:00Z,1327,role_flip_retest,supply,661.46,662.1521605218844,4,
2025-10-16T19:00:00Z,1342,role_flip_retest,supply,661.61,662.6076249298369,3,
2025-10-16T19:00:00Z,1360,touch,demand,658.93,660.8632084684074,1,
2025-10-16T20:00:00Z,1310,age_expired,demand,645.34,645.94,3,
2025-10-17T15:00:00Z,1332,role_flip_retest,supply,660.37,661.2278634606959,3,
2025-10-17T15:00:00Z,1362,created,demand,657.11,659.1987384157075,1,pivot
2025-10-17T16:00:00Z,1325,broken,supply,660.56,661.15,3,
2025-10-17T16:00:00Z,1332,broken,supply,660.37,661.2278634606959,3,
2025-10-17T18:00:00Z,1325,role_flip_retest,demand,660.56,661.15,3,
2025-10-17T18:00:00Z,1327,broken,supply,661.46,662.1521605218844,4,
2025-10-17T18:00:00Z,1332,role_flip_retest,demand,660.37,661.2278634606959,3,
2025-10-17T18:00:00Z,1342,broken,supply,661.61,662.6076249298369,3,
2025-10-17T18:00:00Z,1360,touch,demand,658.93,660.8632084684074,1,
2025-10-17T19:00:00Z,1311,age_expired,demand,648.96,649.48,2,
2025-10-17T19:00:00Z,1331,touch,supply,663.8630429961938,664.89,3,
2025-10-17T19:00:00Z,1341,touch,supply,664.24,665.28,4,
2025-10-17T19:00:00Z,1343,broken_zone_expired,supply,670.365608886848,670.57,2,
2025-10-17T19:00:00Z,1360,rejection,demand,658.93,660.8632084684074,1,
2025-10-17T20:00:00Z,1347,broken_zone_expired,supply,671.72,672.35,2,
2025-10-20T14:30:00Z,1312,age_expired,demand,643.14,643.82,2,
2025-10-20T14:30:00Z,1331,broken,supply,663.8630429961938,664.89,3,
2025-10-20T14:30:00Z,1341,broken,supply,664.24,665.28,4,
2025-10-20T14:30:00Z,1346,touch,supply,668.16,669.1619249370682,3,
2025-10-20T14:30:00Z,1351,touch,supply,669.02,670.23,3,
2025-10-20T14:30:00Z,1361,touch,supply,667.09,668.71,1,
2025-10-20T15:00:00Z,1346,broken,supply,668.16,669.1619249370682,3,
2025-10-20T15:00:00Z,1351,broken,supply,669.02,670.23,3,
2025-10-20T15:00:00Z,1361,broken,supply,667.09,668.71,1,
2025-10-20T16:00:00Z,1351,role_flip_retest,demand,669.02,670.23,3,
2025-10-20T18:00:00Z,1323,broken_zone_expired,demand,658.3218369851271,658.48,2,
2025-10-20T18:00:00Z,1328,broken_zone_expired,demand,659.21,659.67,2,
2025-10-20T19:00:00Z,1320,broken_zone_expired,demand,653.6422876512122,654.55,2,
2025-10-21T15:00:00Z,1345,touch,supply,672.4671980567448,672.99,3,
2025-10-21T16:00:00Z,1350,touch,supply,672.7328544502423,673.95,3,
2025-10-21T17:00:00Z,1345,rejection,supply,672.4671980567448,672.99,3,
2025-10-21T17:00:00Z,1350,rejection,supply,672.7328544502423,673.95,3,
2025-10-21T18:00:00Z,1363,created,demand,669.98,670.56,1,pivot
2025-10-21T20:00:00Z,1326,broken_zone_expired,demand,659.34,660.0,3,
2025-10-21T20:00:00Z,1355,broken_zone_expired,demand,659.5134269823345,660.93,2,
2025-10-21T20:00:00Z,1345,merged,supply,672.4671980567448,672.99,3,pivot;geometry=frozen
2025-10-22T14:30:00Z,1363,touch,demand,669.98,670.56,1,
2025-10-22T15:00:00Z,1346,role_flip_retest,demand,668.16,669.1619249370682,3,
2025-10-22T15:00:00Z,1351,touch,demand,669.02,670.23,3,
2025-10-22T15:00:00Z,1361,role_flip_retest,demand,667.09,668.71,2,
2025-10-22T16:00:00Z,1363,broken,demand,669.98,670.56,1,
2025-10-22T17:00:00Z,1331,role_flip_retest,demand,663.8630429961938,664.89,3,
2025-10-22T17:00:00Z,1341,role_flip_retest,demand,664.24,665.28,4,
2025-10-22T17:00:00Z,1346,broken,demand,668.16,669.1619249370682,3,
2025-10-22T17:00:00Z,1351,broken,demand,669.02,670.23,3,
2025-10-22T18:00:00Z,1361,broken,demand,667.09,668.71,2,
2025-10-22T20:00:00Z,1346,role_flip_retest,supply,668.16,669.1619249370682,3,
2025-10-23T14:30:00Z,1346,broken,supply,668.16,669.1619249370682,3,
2025-10-23T14:30:00Z,1363,role_flip_retest,supply,669.98,670.56,2,
2025-10-23T14:30:00Z,1365,created,demand,663.3,664.74,1,pivot
2025-10-23T15:00:00Z,1346,role_flip_retest,demand,668.16,669.1619249370682,3,
2025-10-23T17:00:00Z,1363,broken,supply,669.98,670.56,2,
2025-10-23T18:00:00Z,1345,touch,supply,672.4671980567448,672.99,3,
2025-10-23T18:00:00Z,1363,role_flip_retest,demand,669.98,670.56,2,
2025-10-23T20:00:00Z,1316,age_expired,demand,651.46,652.21,2,
2025-10-23T20:00:00Z,1345,rejection,supply,672.4671980567448,672.99,3,
2025-10-24T14:30:00Z,1345,broken,supply,672.4671980567448,672.99,3,
2025-10-24T14:30:00Z,1350,broken,supply,672.7328544502423,673.95,3,
2025-10-27T17:00:00Z,1327,broken_zone_expired,supply,661.46,662.1521605218844,4,
2025-10-27T17:00:00Z,1342,broken_zone_expired,supply,661.61,662.6076249298369,3,
2025-10-29T18:00:00Z,1366,created,supply,689.4978533237493,689.7,1,pivot
2025-10-30T16:00:00Z,1351,broken_zone_expired,demand,669.02,670.23,3,
2025-10-30T17:00:00Z,1361,broken_zone_expired,demand,667.09,668.71,2,
2025-10-30T17:00:00Z,1367,created,demand,681.39,682.6909497442648,1,pivot
2025-10-30T19:00:00Z,1367,touch,demand,681.39,682.6909497442648,1,
2025-10-30T20:00:00Z,1367,broken,demand,681.39,682.6909497442648,1,
2025-10-31T16:00:00Z,1368,created,demand,679.86,680.1640048309049,1,pivot
2025-10-31T17:00:00Z,1367,role_flip_retest,supply,681.39,682.6909497442648,2,
2025-10-31T20:00:00Z,1345,broken_zone_expired,supply,672.4671980567448,672.99,3,
2025-10-31T20:00:00Z,1350,broken_zone_expired,supply,672.7328544502423,673.95,3,
2025-10-31T20:00:00Z,1367,volume_confluence,supply,681.39,682.6909497442648,3,POC:2025-10-31:682.281667
2025-11-03T15:30:00Z,1368,merged,demand,679.24,680.37,1,pivot;geometry=updated
2025-11-03T16:00:00Z,1325,age_expired,demand,660.56,661.15,3,
2025-11-03T16:00:00Z,1368,touch,demand,679.24,680.37,1,
2025-11-03T17:00:00Z,1367,broken,supply,681.39,682.6909497442648,3,
2025-11-03T17:00:00Z,1368,rejection,demand,679.24,680.37,1,
2025-11-03T18:00:00Z,1367,role_flip_retest,demand,681.39,682.6909497442648,3,
2025-11-03T18:00:00Z,1370,created,supply,685.501539585626,685.8,1,pivot
2025-11-04T15:30:00Z,1367,broken,demand,681.39,682.6909497442648,3,
2025-11-04T15:30:00Z,1368,broken,demand,679.24,680.37,1,
2025-11-04T16:00:00Z,1368,role_flip_retest,supply,679.24,680.37,2,
2025-11-04T18:00:00Z,1371,created,demand,674.67,676.0780984848317,1,pivot
2025-11-04T21:00:00Z,1371,volume_confluence,demand,674.67,676.0780984848317,2,POC:2025-11-04:675.588750
2025-11-05T17:00:00Z,1368,touch,supply,679.24,680.37,2,
2025-11-05T18:00:00Z,1372,created,demand,674.17,674.98,1,pivot
2025-11-05T19:00:00Z,1368,broken,supply,679.24,680.37,2,
2025-11-06T15:30:00Z,1331,age_expired,demand,663.8630429961938,664.89,3,
2025-11-06T15:30:00Z,1371,broken,demand,674.67,676.0780984848317,2,
2025-11-06T15:30:00Z,1372,touch,demand,674.17,674.98,1,
2025-11-06T15:30:00Z,1373,created,supply,680.5691233647148,680.86,1,pivot
2025-11-06T16:00:00Z,1371,role_flip_retest,supply,674.67,676.0780984848317,3,
2025-11-06T16:00:00Z,1372,broken,demand,674.17,674.98,1,
2025-11-06T16:00:00Z,1373,merged,supply,680.21,680.86,2,order_block;geometry=updated
2025-11-06T17:00:00Z,1346,touch,demand,668.16,669.1619249370682,3,
2025-11-06T17:00:00Z,1363,broken,demand,669.98,670.56,2,
2025-11-06T18:00:00Z,1346,rejection,demand,668.16,669.1619249370682,3,
2025-11-06T21:00:00Z,1346,merged,demand,668.16,669.24,4,pivot;geometry=updated
2025-11-06T21:00:00Z,1346,qualified,demand,668.16,669.24,4,pivot|repeated_pivot|role_flip|volume_profile
2025-11-07T15:30:00Z,1341,touch,demand,664.24,665.28,4,
2025-11-07T15:30:00Z,1346,broken,demand,668.16,669.24,4,
2025-11-07T15:30:00Z,1365,touch,demand,663.3,664.74,1,
2025-11-07T16:00:00Z,1332,age_expired,demand,660.37,661.2278634606959,3,
2025-11-07T16:00:00Z,1341,broken,demand,664.24,665.28,4,
2025-11-07T17:00:00Z,1365,broken,demand,663.3,664.74,1,
2025-11-07T18:00:00Z,1341,role_flip_retest,supply,664.24,665.28,4,
2025-11-07T19:00:00Z,1341,broken,supply,664.24,665.28,4,
2025-11-07T20:00:00Z,1341,role_flip_retest,demand,664.24,665.28,4,
2025-11-07T20:00:00Z,1363,role_flip_retest,supply,669.98,670.56,2,
2025-11-07T21:00:00Z,1363,broken,supply,669.98,670.56,2,
2025-11-07T21:00:00Z,1376,created,demand,661.2,661.97,1,pivot
2025-11-10T15:30:00Z,1371,broken,supply,674.67,676.0780984848317,3,
2025-11-10T17:00:00Z,1371,role_flip_retest,demand,674.67,676.0780984848317,3,
2025-11-10T19:00:00Z,1373,touch,supply,680.21,680.86,2,
2025-11-10T20:00:00Z,1367,role_flip_retest,supply,681.39,682.6909497442648,3,
2025-11-10T20:00:00Z,1368,role_flip_retest,demand,679.24,680.37,2,
2025-11-10T20:00:00Z,1373,broken,supply,680.21,680.86,2,
2025-11-11T17:00:00Z,1367,merged,supply,681.32,682.6909497442648,4,pivot;geometry=updated
2025-11-11T17:00:00Z,1367,qualified,supply,681.32,682.6909497442648,4,pivot|repeated_pivot|role_flip|volume_profile
2025-11-11T18:00:00Z,1373,role_flip_retest,demand,680.21,680.86,3,
2025-11-11T19:00:00Z,1367,broken,supply,681.32,682.6909497442648,4,
2025-11-11T20:00:00Z,1367,role_flip_retest,demand,681.32,682.6909497442648,4,
2025-11-12T18:00:00Z,1370,merged,supply,684.6751468164755,685.8,2,pivot;geometry=updated
2025-11-12T18:00:00Z,1370,qualified,supply,684.6751468164755,685.8,2,pivot|repeated_pivot
2025-11-12T20:00:00Z,1367,touch,demand,681.32,682.6909497442648,4,
2025-11-12T20:00:00Z,1379,created,demand,680.94,681.76,1,pivot
2025-11-12T21:00:00Z,1367,rejection,demand,681.32,682.6909497442648,4,
2025-11-13T15:30:00Z,1367,broken,demand,681.32,682.6909497442648,4,
2025-11-13T15:30:00Z,1368,broken,demand,679.24,680.37,2,
2025-11-13T15:30:00Z,1373,broken,demand,680.21,680.86,3,
2025-11-13T15:30:00Z,1379,broken,demand,680.94,681.76,1,
2025-11-13T16:00:00Z,1368,role_flip_retest,supply,679.24,680.37,2,
2025-11-13T16:00:00Z,1371,touch,demand,674.67,676.0780984848317,3,
2025-11-13T16:00:00Z,1373,role_flip_retest,supply,680.21,680.86,3,
2025-11-13T18:00:00Z,1371,broken,demand,674.67,676.0780984848317,3,
2025-11-13T18:00:00Z,1372,role_flip_retest,supply,674.17,674.98,2,
2025-11-13T19:00:00Z,1371,role_flip_retest,supply,674.67,676.0780984848317,3,
2025-11-13T20:00:00Z,1363,role_flip_retest,demand,669.98,670.56,2,
2025-11-14T15:30:00Z,1341,touch,demand,664.24,665.28,4,
2025-11-14T15:30:00Z,1363,broken,demand,669.98,670.56,2,
2025-11-14T16:00:00Z,1341,rejection,demand,664.24,665.28,4,
2025-11-14T18:00:00Z,1380,created,demand,663.26,665.0992101938043,1,pivot
2025-11-14T20:00:00Z,1371,touch,supply,674.67,676.0780984848317,3,
2025-11-14T21:00:00Z,1346,broken_zone_expired,demand,668.16,669.24,4,
2025-11-14T21:00:00Z,1371,rejection,supply,674.67,676.0780984848317,3,
2025-11-14T21:00:00Z,1371,merged,supply,674.67,676.0780984848317,4,pivot;geometry=updated
2025-11-14T21:00:00Z,1371,qualified,supply,674.67,676.0780984848317,4,pivot|repeated_pivot|role_flip|volume_profile
2025-11-17T15:30:00Z,1341,age_expired,demand,664.24,665.28,4,
2025-11-17T16:00:00Z,1365,broken_zone_expired,demand,663.3,664.74,1,
2025-11-17T18:00:00Z,1363,role_flip_retest,supply,669.98,670.56,2,
2025-11-17T20:00:00Z,1380,broken,demand,663.26,665.0992101938043,1,
2025-11-17T21:00:00Z,1363,volume_confluence,supply,669.98,670.56,3,POC:2025-11-17:670.103750
2025-11-18T15:30:00Z,1360,broken,demand,658.93,660.8632084684074,1,
2025-11-18T15:30:00Z,1362,touch,demand,657.11,659.1987384157075,1,
2025-11-18T15:30:00Z,1376,broken,demand,661.2,661.97,1,
2025-11-18T15:30:00Z,1380,role_flip_retest,supply,663.26,665.0992101938043,2,
2025-11-18T16:00:00Z,1360,role_flip_retest,supply,658.93,660.8632084684074,2,
2025-11-18T17:00:00Z,1360,broken,supply,658.93,660.8632084684074,2,
2025-11-18T17:00:00Z,1362,rejection,demand,657.11,659.1987384157075,1,
2025-11-18T17:00:00Z,1376,role_flip_retest,supply,661.2,661.97,2,
2025-11-18T18:00:00Z,1360,role_flip_retest,demand,658.93,660.8632084684074,2,
2025-11-18T18:00:00Z,1376,broken,supply,661.2,661.97,2,
2025-11-18T20:00:00Z,1382,created,demand,655.86,657.23,1,pivot
2025-11-18T21:00:00Z,1360,volume_confluence,demand,658.93,660.8632084684074,3,POC:2025-11-18:659.911250
2025-11-19T15:30:00Z,1376,role_flip_retest,demand,661.2,661.97,2,
2025-11-19T15:30:00Z,1380,broken,supply,663.26,665.0992101938043,2,
2025-11-19T18:00:00Z,1362,touch,demand,657.11,659.1987384157075,1,
2025-11-19T19:00:00Z,1362,rejection,demand,657.11,659.1987384157075,1,
2025-11-19T19:00:00Z,1383,created,supply,665.67,667.34,1,pivot
2025-11-19T21:00:00Z,1384,created,demand,658.74,660.9015769281942,1,pivot
2025-11-19T21:00:00Z,1384,volume_confluence,demand,658.74,660.9015769281942,2,POC:2025-11-18:659.911250
2025-11-20T15:30:00Z,1363,broken,supply,669.98,670.56,3,
2025-11-20T15:30:00Z,1371,touch,supply,674.67,676.0780984848317,4,
2025-11-20T15:30:00Z,1372,touch,supply,674.17,674.98,2,
2025-11-20T15:30:00Z,1383,broken,supply,665.67,667.34,1,
2025-11-20T16:00:00Z,1371,rejection,supply,674.67,676.0780984848317,4,
2025-11-20T16:00:00Z,1372,rejection,supply,674.17,674.98,2,
2025-11-20T17:00:00Z,1360,touch,demand,658.93,660.8632084684074,3,
2025-11-20T17:00:00Z,1376,broken,demand,661.2,661.97,2,
2025-11-20T17:00:00Z,1384,touch,demand,658.74,660.9015769281942,2,
2025-11-20T18:00:00Z,1360,broken,demand,658.93,660.8632084684074,3,
2025-11-20T18:00:00Z,1376,role_flip_retest,supply,661.2,661.97,2,
2025-11-20T18:00:00Z,1382,touch,demand,655.86,657.23,1,
2025-11-20T18:00:00Z,1384,broken,demand,658.74,660.9015769281942,2,
2025-11-20T19:00:00Z,1358,touch,demand,653.17,655.1606525479809,1,
2025-11-20T19:00:00Z,1360,role_flip_retest,supply,658.93,660.8632084684074,3,
2025-11-20T19:00:00Z,1362,broken,demand,657.11,659.1987384157075,1,
2025-11-20T19:00:00Z,1382,broken,demand,655.86,657.23,1,
2025-11-20T19:00:00Z,1384,role_flip_retest,supply,658.74,660.9015769281942,3,
2025-11-20T19:00:00Z,1371,merged,supply,674.67,676.0780984848317,4,pivot;geometry=frozen
2025-11-20T20:00:00Z,1358,rejection,demand,653.17,655.1606525479809,1,
2025-11-20T21:00:00Z,1356,broken,demand,652.84,653.2408669900709,1,
2025-11-20T21:00:00Z,1358,broken,demand,653.17,655.1606525479809,1,
2025-11-20T21:00:00Z,1362,role_flip_retest,supply,657.11,659.1987384157075,2,
2025-11-20T21:00:00Z,1367,broken_zone_expired,demand,681.32,682.6909497442648,4,
2025-11-20T21:00:00Z,1379,broken_zone_expired,demand,680.94,681.76,1,
2025-11-20T21:00:00Z,1382,role_flip_retest,supply,655.86,657.23,2,
2025-11-21T16:00:00Z,1356,role_flip_retest,supply,652.84,653.2408669900709,2,
2025-11-21T16:00:00Z,1358,role_flip_retest,supply,653.17,655.1606525479809,2,
2025-11-21T17:00:00Z,1356,broken,supply,652.84,653.2408669900709,2,
2025-11-21T17:00:00Z,1358,broken,supply,653.17,655.1606525479809,2,
2025-11-21T17:00:00Z,1362,broken,supply,657.11,659.1987384157075,2,
2025-11-21T17:00:00Z,1382,broken,supply,655.86,657.23,2,
2025-11-21T18:00:00Z,1376,touch,supply,661.2,661.97,2,
2025-11-21T19:00:00Z,1360,broken,supply,658.93,660.8632084684074,3,
2025-11-21T19:00:00Z,1362,role_flip_retest,demand,657.11,659.1987384157075,2,
2025-11-21T19:00:00Z,1376,broken,supply,661.2,661.97,2,
2025-11-21T19:00:00Z,1382,role_flip_retest,demand,655.86,657.23,2,
2025-11-21T19:00:00Z,1384,broken,supply,658.74,660.9015769281942,3,
2025-11-21T19:00:00Z,1386,created,demand,650.85,652.77,1,pivot
2025-11-24T15:30:00Z,1376,role_flip_retest,demand,661.2,661.97,2,
2025-11-24T16:00:00Z,1380,role_flip_retest,demand,663.26,665.0992101938043,2,
2025-11-24T17:00:00Z,1383,role_flip_retest,demand,665.67,667.34,2,
2025-11-25T17:00:00Z,1363,role_flip_retest,demand,669.98,670.56,3,
2025-11-25T18:00:00Z,1372,touch,supply,674.17,674.98,2,
2025-11-25T18:00:00Z,1387,created,demand,664.48,666.7383705835603,1,pivot
2025-11-25T21:00:00Z,1371,touch,supply,674.67,676.0780984848317,4,
2025-11-25T21:00:00Z,1372,touch,supply,674.17,674.98,2,
2025-11-26T15:30:00Z,1368,touch,supply,679.24,680.37,2,
2025-11-26T15:30:00Z,1371,broken,supply,674.67,676.0780984848317,4,
2025-11-26T15:30:00Z,1372,broken,supply,674.17,674.98,2,
2025-11-26T17:00:00Z,1368,broken,supply,679.24,680.37,2,
2025-11-26T17:00:00Z,1373,broken,supply,680.21,680.86,3,
2025-11-26T18:00:00Z,1373,role_flip_retest,demand,680.21,680.86,3,
2025-11-26T19:00:00Z,1368,role_flip_retest,demand,679.24,680.37,2,
2025-11-26T21:00:00Z,1373,broken,demand,680.21,680.86,3,
2025-11-26T21:00:00Z,1388,created,supply,681.33408678624,681.7,1,pivot
2025-11-26T21:00:00Z,1368,volume_confluence,demand,679.24,680.37,3,POC:2025-11-26:680.351250
2025-11-28T16:00:00Z,1388,broken,supply,681.33408678624,681.7,1,
2025-11-28T17:00:00Z,1388,role_flip_retest,demand,681.33408678624,681.7,2,
2025-12-01T15:30:00Z,1368,touch,demand,679.24,680.37,3,
2025-12-01T17:00:00Z,1389,created,supply,683.3319649060243,683.67,1,pivot
2025-12-01T18:00:00Z,1390,created,demand,678.74,679.0667468729774,1,pivot
2025-12-01T20:00:00Z,1368,touch,demand,679.24,680.37,3,
2025-12-01T20:00:00Z,1388,broken,demand,681.33408678624,681.7,2,
2025-12-02T15:30:00Z,1368,rejection,demand,679.24,680.37,3,
2025-12-02T16:00:00Z,1389,touch,supply,683.3319649060243,683.67,1,
2025-12-02T17:00:00Z,1388,role_flip_retest,supply,681.33408678624,681.7,2,
2025-12-02T17:00:00Z,1389,rejection,supply,683.3319649060243,683.67,1,
2025-12-02T18:00:00Z,1373,role_flip_retest,supply,680.21,680.86,3,
2025-12-02T19:00:00Z,1356,broken_zone_expired,supply,652.84,653.2408669900709,2,
2025-12-02T19:00:00Z,1358,broken_zone_expired,supply,653.17,655.1606525479809,2,
2025-12-02T19:00:00Z,1373,broken,supply,680.21,680.86,3,
2025-12-02T20:00:00Z,1373,role_flip_retest,demand,680.21,680.86,3,
2025-12-02T20:00:00Z,1388,broken,supply,681.33408678624,681.7,2,
2025-12-02T20:00:00Z,1391,created,demand,679.32,680.56,1,pivot
2025-12-02T20:00:00Z,1389,merged,supply,683.3319649060243,683.82,2,pivot;geometry=updated
2025-12-02T20:00:00Z,1389,qualified,supply,683.3319649060243,683.82,2,pivot|repeated_pivot
2025-12-02T20:00:00Z,1391,volume_confluence,demand,679.32,680.56,2,POC:2025-12-01:680.068125
2025-12-02T21:00:00Z,1360,broken_zone_expired,supply,658.93,660.8632084684074,3,
2025-12-02T21:00:00Z,1384,broken_zone_expired,supply,658.74,660.9015769281942,3,
2025-12-03T15:30:00Z,1368,touch,demand,679.24,680.37,3,
2025-12-03T15:30:00Z,1391,touch,demand,679.32,680.56,2,
2025-12-03T16:00:00Z,1368,rejection,demand,679.24,680.37,3,
2025-12-03T16:00:00Z,1388,role_flip_retest,demand,681.33408678624,681.7,2,
2025-12-03T16:00:00Z,1391,rejection,demand,679.32,680.56,2,
2025-12-03T16:00:00Z,1388,volume_confluence,demand,681.33408678624,681.7,3,POC:2025-12-02:681.476250
2025-12-03T17:00:00Z,1389,touch,supply,683.3319649060243,683.82,2,
2025-12-03T20:00:00Z,1370,touch,supply,684.6751468164755,685.8,2,
2025-12-03T20:00:00Z,1389,broken,supply,683.3319649060243,683.82,2,
2025-12-03T21:00:00Z,1370,rejection,supply,684.6751468164755,685.8,2,
2025-12-04T17:00:00Z,1389,role_flip_retest,demand,683.3319649060243,683.82,3,
2025-12-04T18:00:00Z,1393,created,supply,685.1158451620055,685.37,1,pivot
2025-12-04T20:00:00Z,1388,touch,demand,681.33408678624,681.7,3,
2025-12-04T21:00:00Z,1388,rejection,demand,681.33408678624,681.7,3,
2025-12-04T21:00:00Z,1389,volume_confluence,demand,683.3319649060243,683.82,4,POC:2025-12-04:683.438958
2025-12-04T21:00:00Z,1389,evidence_upgrade,demand,683.3319649060243,683.82,4,volume_profile;score:3->4;qualified_score:2
2025-12-05T15:30:00Z,1370,broken,supply,684.6751468164755,685.8,2,
2025-12-05T15:30:00Z,1393,broken,supply,685.1158451620055,685.37,1,
2025-12-05T16:00:00Z,1394,created,demand,681.34,682.529864488583,1,pivot
2025-12-05T17:00:00Z,1370,role_flip_retest,demand,684.6751468164755,685.8,3,
2025-12-05T17:00:00Z,1371,broken_zone_expired,supply,674.67,676.0780984848317,4,
2025-12-05T17:00:00Z,1372,broken_zone_expired,supply,674.17,674.98,2,
2025-12-05T17:00:00Z,1393,role_flip_retest,demand,685.1158451620055,685.37,2,
2025-12-05T19:00:00Z,1395,created,supply,687.2417411510871,688.39,1,pivot
2025-12-08T15:30:00Z,1362,age_expired,demand,657.11,659.1987384157075,2,
2025-12-08T16:00:00Z,1370,broken,demand,684.6751468164755,685.8,3,
2025-12-08T16:00:00Z,1389,touch,demand,683.3319649060243,683.82,4,
2025-12-08T16:00:00Z,1393,broken,demand,685.1158451620055,685.37,2,
2025-12-08T18:00:00Z,1389,rejection,demand,683.3319649060243,683.82,4,
2025-12-08T18:00:00Z,1394,touch,demand,681.34,682.529864488583,1,
2025-12-08T19:00:00Z,1388,touch,demand,681.33408678624,681.7,3,
2025-12-08T19:00:00Z,1389,broken,demand,683.3319649060243,683.82,4,
2025-12-08T21:00:00Z,1388,rejection,demand,681.33408678624,681.7,3,
2025-12-08T21:00:00Z,1394,rejection,demand,681.34,682.529864488583,1,
2025-12-09T15:30:00Z,1388,merged,demand,681.33408678624,682.11,4,pivot;geometry=updated
2025-12-09T15:30:00Z,1388,qualified,demand,681.33408678624,682.11,4,pivot|repeated_pivot|role_flip|volume_profile
2025-12-09T16:00:00Z,1370,role_flip_retest,supply,684.6751468164755,685.8,3,
2025-12-09T17:00:00Z,1393,role_flip_retest,supply,685.1158451620055,685.37,2,
2025-12-09T20:00:00Z,1393,merged,supply,684.97,685.39,3,pivot;geometry=updated
2025-12-09T20:00:00Z,1393,qualified,supply,684.97,685.39,3,pivot|repeated_pivot|role_flip
2025-12-09T21:00:00Z,1389,role_flip_retest,supply,683.3319649060243,683.82,4,
2025-12-10T15:30:00Z,1388,touch,demand,681.33408678624,682.11,4,
2025-12-10T15:30:00Z,1394,touch,demand,681.34,682.529864488583,1,
2025-12-10T17:00:00Z,1388,rejection,demand,681.33408678624,682.11,4,
2025-12-10T17:00:00Z,1394,rejection,demand,681.34,682.529864488583,1,
2025-12-10T18:00:00Z,1363,age_expired,demand,669.98,670.56,3,
2025-12-10T18:00:00Z,1398,created,demand,681.31,682.252394261914,1,pivot
2025-12-10T20:00:00Z,1370,broken,supply,684.6751468164755,685.8,3,
2025-12-10T20:00:00Z,1389,broken,supply,683.3319649060243,683.82,4,
2025-12-10T20:00:00Z,1393,broken,supply,684.97,685.39,3,
2025-12-10T20:00:00Z,1395,touch,supply,687.2417411510871,688.39,1,
2025-12-10T20:00:00Z,1399,created,demand,682.44,683.4249287117973,1,order_block
2025-12-10T21:00:00Z,1399,volume_confluence,demand,682.44,683.4249287117973,2,POC:2025-12-10:683.065417
2025-12-11T15:30:00Z,1395,rejection,supply,687.2417411510871,688.39,1,
2025-12-11T15:30:00Z,1399,touch,demand,682.44,683.4249287117973,2,
2025-12-11T16:00:00Z,1389,role_flip_retest,demand,683.3319649060243,683.82,4,
2025-12-11T16:00:00Z,1393,role_flip_retest,demand,684.97,685.39,3,
2025-12-11T16:00:00Z,1398,touch,demand,681.31,682.252394261914,1,
2025-12-11T16:00:00Z,1399,rejection,demand,682.44,683.4249287117973,2,
2025-12-11T17:00:00Z,1400,created,supply,687.87,688.97,1,pivot
2025-12-11T18:00:00Z,1370,role_flip_retest,demand,684.6751468164755,685.8,3,
2025-12-11T18:00:00Z,1398,rejection,demand,681.31,682.252394261914,1,
2025-12-11T19:00:00Z,1401,created,demand,682.16,682.65,1,pivot
2025-12-11T19:00:00Z,1366,capacity_expired,supply,689.4978533237493,689.7,1,
2025-12-11T20:00:00Z,1395,broken,supply,687.2417411510871,688.39,1,
2025-12-11T21:00:00Z,1395,role_flip_retest,demand,687.2417411510871,688.39,2,
2025-12-11T21:00:00Z,1400,broken,supply,687.87,688.97,1,
2025-12-11T21:00:00Z,1395,volume_confluence,demand,687.2417411510871,688.39,3,POC:2025-12-11:687.920625
2025-12-12T16:00:00Z,1370,broken,demand,684.6751468164755,685.8,3,
2025-12-12T16:00:00Z,1388,touch,demand,681.33408678624,682.11,4,
2025-12-12T16:00:00Z,1389,broken,demand,683.3319649060243,683.82,4,
2025-12-12T16:00:00Z,1393,broken,demand,684.97,685.39,3,
2025-12-12T16:00:00Z,1394,touch,demand,681.34,682.529864488583,1,
2025-12-12T16:00:00Z,1395,broken,demand,687.2417411510871,688.39,3,
2025-12-12T16:00:00Z,1399,broken,demand,682.44,683.4249287117973,2,
2025-12-12T16:00:00Z,1401,broken,demand,682.16,682.65,1,
2025-12-12T16:00:00Z,1402,created,supply,688.83,689.25,1,pivot
2025-12-12T16:00:00Z,1402,merged,supply,688.83,689.25,2,order_block;geometry=updated
2025-12-12T17:00:00Z,1368,touch,demand,679.24,680.37,3,
2025-12-12T17:00:00Z,1373,touch,demand,680.21,680.86,3,
2025-12-12T17:00:00Z,1388,broken,demand,681.33408678624,682.11,4,
2025-12-12T17:00:00Z,1391,touch,demand,679.32,680.56,2,
2025-12-12T17:00:00Z,1394,broken,demand,681.34,682.529864488583,1,
2025-12-12T17:00:00Z,1398,broken,demand,681.31,682.252394261914,1,
2025-12-12T17:00:00Z,1399,role_flip_retest,supply,682.44,683.4249287117973,3,
2025-12-12T17:00:00Z,1401,role_flip_retest,supply,682.16,682.65,2,
2025-12-12T18:00:00Z,1368,rejection,demand,679.24,680.37,3,
2025-12-12T18:00:00Z,1373,rejection,demand,680.21,680.86,3,
2025-12-12T18:00:00Z,1391,rejection,demand,679.32,680.56,2,
2025-12-12T19:00:00Z,1389,role_flip_retest,supply,683.3319649060243,683.82,4,
2025-12-12T20:00:00Z,1404,created,demand,679.17,680.5103755911761,1,pivot
2025-12-12T21:00:00Z,1401,volume_confluence,supply,682.16,682.65,3,POC:2025-12-12:682.204375
2025-12-15T15:30:00Z,1370,role_flip_retest,supply,684.6751468164755,685.8,3,
2025-12-15T15:30:00Z,1393,role_flip_retest,supply,684.97,685.39,3,
2025-12-15T16:00:00Z,1388,role_flip_retest,supply,681.33408678624,682.11,4,
2025-12-15T16:00:00Z,1394,role_flip_retest,supply,681.34,682.529864488583,2,
2025-12-15T16:00:00Z,1398,role_flip_retest,supply,681.31,682.252394261914,2,
2025-12-15T16:00:00Z,1404,touch,demand,679.17,680.5103755911761,1,
2025-12-15T16:00:00Z,1394,volume_confluence,supply,681.34,682.529864488583,3,POC:2025-12-12:682.204375
2025-12-15T16:00:00Z,1398,volume_confluence,supply,681.31,682.252394261914,3,POC:2025-12-12:682.204375
2025-12-15T18:00:00Z,1370,merged,supply,684.6751468164755,685.8,3,pivot;geometry=frozen
2025-12-15T19:00:00Z,1404,rejection,demand,679.17,680.5103755911761,1,
2025-12-15T19:00:00Z,1406,created,demand,679.25,680.6459666588179,1,pivot
2025-12-15T19:00:00Z,1386,capacity_expired,demand,650.85,652.77,1,
2025-12-15T21:00:00Z,1373,volume_confluence,demand,680.21,680.86,4,POC:2025-12-15:680.470625
2025-12-15T21:00:00Z,1404,volume_confluence,demand,679.17,680.5103755911761,2,POC:2025-12-15:680.470625
2025-12-15T21:00:00Z,1406,volume_confluence,demand,679.25,680.6459666588179,2,POC:2025-12-15:680.470625
2025-12-16T15:30:00Z,1368,touch,demand,679.24,680.37,3,
2025-12-16T15:30:00Z,1390,touch,demand,678.74,679.0667468729774,1,
2025-12-16T16:00:00Z,1368,broken,demand,679.24,680.37,3,
2025-12-16T16:00:00Z,1373,broken,demand,680.21,680.86,4,
2025-12-16T16:00:00Z,1391,broken,demand,679.32,680.56,2,
2025-12-16T16:00:00Z,1404,broken,demand,679.17,680.5103755911761,2,
2025-12-16T16:00:00Z,1406,broken,demand,679.25,680.6459666588179,2,
2025-12-16T17:00:00Z,1368,role_flip_retest,supply,679.24,680.37,3,
2025-12-16T17:00:00Z,1390,broken,demand,678.74,679.0667468729774,1,
2025-12-16T17:00:00Z,1391,role_flip_retest,supply,679.32,680.56,3,
2025-12-16T17:00:00Z,1404,role_flip_retest,supply,679.17,680.5103755911761,3,
2025-12-16T17:00:00Z,1406,role_flip_retest,supply,679.25,680.6459666588179,3,
2025-12-16T18:00:00Z,1390,role_flip_retest,supply,678.74,679.0667468729774,2,
2025-12-16T21:00:00Z,1373,role_flip_retest,supply,680.21,680.86,4,
2025-12-17T15:30:00Z,1390,broken,supply,678.74,679.0667468729774,2,
2025-12-17T15:30:00Z,1407,created,demand,674.98,675.61,1,pivot
2025-12-17T16:00:00Z,1407,broken,demand,674.98,675.61,1,
2025-12-17T16:00:00Z,1408,created,supply,679.0793904821696,680.56,1,order_block
2025-12-17T17:00:00Z,1407,role_flip_retest,supply,674.98,675.61,2,
2025-12-17T17:00:00Z,1387,capacity_expired,demand,664.48,666.7383705835603,1,
2025-12-18T15:30:00Z,1407,broken,supply,674.98,675.61,2,
2025-12-18T16:00:00Z,1368,touch,supply,679.24,680.37,3,
2025-12-18T16:00:00Z,1373,touch,supply,680.21,680.86,4,
2025-12-18T16:00:00Z,1390,role_flip_retest,demand,678.74,679.0667468729774,2,
2025-12-18T16:00:00Z,1391,touch,supply,679.32,680.56,3,
2025-12-18T16:00:00Z,1404,touch,supply,679.17,680.5103755911761,3,
2025-12-18T16:00:00Z,1406,touch,supply,679.25,680.6459666588179,3,
2025-12-18T16:00:00Z,1408,touch,supply,679.0793904821696,680.56,1,
2025-12-18T17:00:00Z,1373,rejection,supply,680.21,680.86,4,
2025-12-18T17:00:00Z,1409,created,demand,671.19,671.5519072352483,1,pivot
2025-12-18T17:00:00Z,1408,capacity_expired,supply,679.0793904821696,680.56,1,
2025-12-18T18:00:00Z,1368,rejection,supply,679.24,680.37,3,
2025-12-18T18:00:00Z,1390,broken,demand,678.74,679.0667468729774,2,
2025-12-18T18:00:00Z,1391,rejection,supply,679.32,680.56,3,
2025-12-18T18:00:00Z,1404,rejection,supply,679.17,680.5103755911761,3,
2025-12-18T18:00:00Z,1406,rejection,supply,679.25,680.6459666588179,3,
2025-12-18T18:00:00Z,1407,role_flip_retest,demand,674.98,675.61,2,
2025-12-18T19:00:00Z,1390,role_flip_retest,supply,678.74,679.0667468729774,2,
2025-12-18T19:00:00Z,1409,capacity_expired,demand,671.19,671.5519072352483,1,
2025-12-18T20:00:00Z,1373,merged,supply,680.03,680.86,5,pivot;geometry=updated
2025-12-18T20:00:00Z,1373,qualified,supply,680.03,680.86,5,order_block|pivot|repeated_pivot|role_flip|volume_profile
2025-12-19T15:30:00Z,1390,broken,supply,678.74,679.0667468729774,2,
2025-12-19T17:00:00Z,1390,role_flip_retest,demand,678.74,679.0667468729774,2,
2025-12-19T18:00:00Z,1368,broken,supply,679.24,680.37,3,
2025-12-19T18:00:00Z,1404,broken,supply,679.17,680.5103755911761,3,
2025-12-19T20:00:00Z,1368,role_flip_retest,demand,679.24,680.37,3,
2025-12-19T20:00:00Z,1400,broken_zone_expired,supply,687.87,688.97,1,
2025-12-19T20:00:00Z,1404,role_flip_retest,demand,679.17,680.5103755911761,3,
2025-12-22T15:30:00Z,1373,broken,supply,680.03,680.86,5,
2025-12-22T15:30:00Z,1388,broken,supply,681.33408678624,682.11,4,
2025-12-22T15:30:00Z,1389,broken,supply,683.3319649060243,683.82,4,
2025-12-22T15:30:00Z,1391,broken,supply,679.32,680.56,3,
2025-12-22T15:30:00Z,1394,broken,supply,681.34,682.529864488583,3,
2025-12-22T15:30:00Z,1395,broken_zone_expired,demand,687.2417411510871,688.39,3,
2025-12-22T15:30:00Z,1398,broken,supply,681.31,682.252394261914,3,
2025-12-22T15:30:00Z,1399,broken,supply,682.44,683.4249287117973,3,
2025-12-22T15:30:00Z,1401,broken,supply,682.16,682.65,3,
2025-12-22T15:30:00Z,1406,broken,supply,679.25,680.6459666588179,3,
2025-12-22T16:00:00Z,1368,age_expired,demand,679.24,680.37,3,
2025-12-22T16:00:00Z,1399,role_flip_retest,demand,682.44,683.4249287117973,3,
2025-12-22T17:00:00Z,1370,touch,supply,684.6751468164755,685.8,3,
2025-12-22T17:00:00Z,1389,role_flip_retest,demand,683.3319649060243,683.82,4,
2025-12-22T17:00:00Z,1393,touch,supply,684.97,685.39,3,
2025-12-22T19:00:00Z,1370,rejection,supply,684.6751468164755,685.8,3,
2025-12-22T19:00:00Z,1393,rejection,supply,684.97,685.39,3,
2025-12-22T21:00:00Z,1393,merged,supply,684.97,685.39,3,pivot;geometry=frozen
2025-12-23T16:00:00Z,1370,broken,supply,684.6751468164755,685.8,3,
2025-12-23T16:00:00Z,1393,broken,supply,684.97,685.39,3,
2025-12-24T16:00:00Z,1402,broken,supply,688.83,689.25,2,
2025-12-26T18:00:00Z,1412,created,supply,690.9168327542064,691.66,1,pivot
2025-12-29T21:00:00Z,1413,created,demand,686.07,686.7944345594073,1,pivot
2025-12-30T16:00:00Z,1413,touch,demand,686.07,686.7944345594073,1,
2025-12-30T17:00:00Z,1414,created,supply,688.3,688.62,1,pivot
2025-12-30T18:00:00Z,1413,rejection,demand,686.07,686.7944345594073,1,
2025-12-31T15:30:00Z,1370,role_flip_retest,demand,684.6751468164755,685.8,3,
2025-12-31T15:30:00Z,1393,role_flip_retest,demand,684.97,685.39,3,
2025-12-31T15:30:00Z,1413,broken,demand,686.07,686.7944345594073,1,
2025-12-31T16:00:00Z,1370,age_expired,demand,684.6751468164755,685.8,3,
2025-12-31T16:00:00Z,1376,age_expired,demand,661.2,661.97,2,
2025-12-31T16:00:00Z,1393,broken,demand,684.97,685.39,3,
2025-12-31T16:00:00Z,1415,created,supply,687.63,687.93,1,order_block
2025-12-31T17:00:00Z,1373,broken_zone_expired,supply,680.03,680.86,5,
2025-12-31T17:00:00Z,1388,broken_zone_expired,supply,681.33408678624,682.11,4,
2025-12-31T17:00:00Z,1391,broken_zone_expired,supply,679.32,680.56,3,
2025-12-31T17:00:00Z,1394,broken_zone_expired,supply,681.34,682.529864488583,3,
2025-12-31T17:00:00Z,1398,broken_zone_expired,supply,681.31,682.252394261914,3,
2025-12-31T17:00:00Z,1401,broken_zone_expired,supply,682.16,682.65,3,
2025-12-31T17:00:00Z,1406,broken_zone_expired,supply,679.25,680.6459666588179,3,
2025-12-31T18:00:00Z,1393,role_flip_retest,supply,684.97,685.39,3,
2025-12-31T19:00:00Z,1393,broken,supply,684.97,685.39,3,
2025-12-31T19:00:00Z,1416,created,demand,684.18,684.3333227441842,1,pivot
2025-12-31T20:00:00Z,1413,role_flip_retest,supply,686.07,686.7944345594073,2,
2025-12-31T20:00:00Z,1417,created,supply,685.3782155730967,686.05,1,order_block
2025-12-31T21:00:00Z,1389,broken,demand,683.3319649060243,683.82,4,
2025-12-31T21:00:00Z,1399,broken,demand,682.44,683.4249287117973,3,
2025-12-31T21:00:00Z,1416,broken,demand,684.18,684.3333227441842,1,
2025-12-31T21:00:00Z,1417,merged,supply,685.3372716035898,686.05,1,order_block;geometry=updated
2025-12-31T21:00:00Z,1417,volume_confluence,supply,685.3372716035898,686.05,2,POC:2025-12-31:685.358958
2026-01-02T15:30:00Z,1393,role_flip_retest,demand,684.97,685.39,3,
2026-01-02T15:30:00Z,1417,broken,supply,685.3372716035898,686.05,2,
2026-01-02T15:30:00Z,1393,volume_confluence,demand,684.97,685.39,4,POC:2025-12-31:685.358958
2026-01-02T15:30:00Z,1393,evidence_upgrade,demand,684.97,685.39,4,volume_profile;score:3->4;qualified_score:3
2026-01-02T16:00:00Z,1389,role_flip_retest,supply,683.3319649060243,683.82,4,
2026-01-02T16:00:00Z,1393,broken,demand,684.97,685.39,4,
2026-01-02T16:00:00Z,1399,role_flip_retest,supply,682.44,683.4249287117973,3,
2026-01-02T16:00:00Z,1416,role_flip_retest,supply,684.18,684.3333227441842,2,
2026-01-02T16:00:00Z,1413,merged,supply,685.8535658214627,686.84,3,order_block;geometry=updated
2026-01-02T17:00:00Z,1404,touch,demand,679.17,680.5103755911761,3,
2026-01-02T19:00:00Z,1404,touch,demand,679.17,680.5103755911761,3,
2026-01-02T19:00:00Z,1420,created,supply,686.21,686.87,1,pivot
2026-01-02T20:00:00Z,1404,rejection,demand,679.17,680.5103755911761,3,
2026-01-05T15:30:00Z,1389,broken,supply,683.3319649060243,683.82,4,
2026-01-05T15:30:00Z,1399,broken,supply,682.44,683.4249287117973,3,
2026-01-05T15:30:00Z,1413,broken,supply,685.8535658214627,686.84,3,
2026-01-05T15:30:00Z,1415,touch,supply,687.63,687.93,1,
2026-01-05T15:30:00Z,1416,broken,supply,684.18,684.3333227441842,2,
2026-01-05T15:30:00Z,1420,broken,supply,686.21,686.87,1,
2026-01-05T15:30:00Z,1421,created,demand,679.82,680.52,1,pivot
2026-01-05T16:00:00Z,1413,role_flip_retest,demand,685.8535658214627,686.84,3,
2026-01-05T16:00:00Z,1414,touch,supply,688.3,688.62,1,
2026-01-05T16:00:00Z,1415,broken,supply,687.63,687.93,1,
2026-01-05T16:00:00Z,1420,role_flip_retest,demand,686.21,686.87,2,
2026-01-05T17:00:00Z,1414,broken,supply,688.3,688.62,1,
2026-01-05T18:00:00Z,1402,broken_zone_expired,supply,688.83,689.25,2,
2026-01-05T19:00:00Z,1415,role_flip_retest,demand,687.63,687.93,2,
2026-01-05T20:00:00Z,1422,created,supply,688.91,689.43,1,pivot
2026-01-06T15:30:00Z,1414,role_flip_retest,demand,688.3,688.62,2,
2026-01-06T15:30:00Z,1422,broken,supply,688.91,689.43,1,
2026-01-06T18:00:00Z,1412,touch,supply,690.9168327542064,691.66,1,
2026-01-06T18:00:00Z,1422,role_flip_retest,demand,688.91,689.43,2,
2026-01-06T20:00:00Z,1412,broken,supply,690.9168327542064,691.66,1,
2026-01-07T16:00:00Z,1412,role_flip_retest,demand,690.9168327542064,691.66,2,
2026-01-07T20:00:00Z,1380,age_expired,demand,663.26,665.0992101938043,2,
2026-01-07T21:00:00Z,1412,broken,demand,690.9168327542064,691.66,2,
2026-01-07T21:00:00Z,1422,touch,demand,688.91,689.43,2,
2026-01-07T21:00:00Z,1423,created,supply,693.52,693.96,1,pivot
2026-01-08T15:30:00Z,1414,touch,demand,688.3,688.62,2,
2026-01-08T15:30:00Z,1415,touch,demand,687.63,687.93,2,
2026-01-08T15:30:00Z,1422,broken,demand,688.91,689.43,2,
2026-01-08T16:00:00Z,1414,rejection,demand,688.3,688.62,2,
2026-01-08T16:00:00Z,1415,rejection,demand,687.63,687.93,2,
2026-01-08T18:00:00Z,1415,merged,demand,687.49,688.28,3,pivot;geometry=updated
2026-01-08T19:00:00Z,1422,role_flip_retest,supply,688.91,689.43,2,
2026-01-08T21:00:00Z,1422,volume_confluence,supply,688.91,689.43,3,POC:2026-01-08:689.120208
2026-01-09T15:30:00Z,1422,broken,supply,688.91,689.43,3,
2026-01-09T16:00:00Z,1422,role_flip_retest,demand,688.91,689.43,3,
2026-01-09T17:00:00Z,1423,touch,supply,693.52,693.96,1,
2026-01-09T19:00:00Z,1423,broken,supply,693.52,693.96,1,
2026-01-09T21:00:00Z,1417,broken_zone_expired,supply,685.3372716035898,686.05,2,
2026-01-09T21:00:00Z,1423,role_flip_retest,demand,693.52,693.96,2,
2026-01-12T15:30:00Z,1382,age_expired,demand,655.86,657.23,2,
2026-01-12T15:30:00Z,1393,broken_zone_expired,demand,684.97,685.39,4,
2026-01-12T17:00:00Z,1425,created,supply,694.89,695.31,1,pivot
2026-01-12T18:00:00Z,1426,created,demand,690.63,690.8299703474954,1,pivot
2026-01-12T19:00:00Z,1425,touch,supply,694.89,695.31,1,
2026-01-12T20:00:00Z,1425,broken,supply,694.89,695.31,1,
2026-01-12T21:00:00Z,1383,age_expired,demand,665.67,667.34,2,
2026-01-12T21:00:00Z,1389,broken_zone_expired,supply,683.3319649060243,683.82,4,
2026-01-12T21:00:00Z,1399,broken_zone_expired,supply,682.44,683.4249287117973,3,
2026-01-12T21:00:00Z,1416,broken_zone_expired,supply,684.18,684.3333227441842,2,
2026-01-13T16:00:00Z,1423,touch,demand,693.52,693.96,2,
2026-01-13T17:00:00Z,1423,rejection,demand,693.52,693.96,2,
2026-01-13T18:00:00Z,1423,broken,demand,693.52,693.96,2,
2026-01-13T18:00:00Z,1427,created,supply,695.52,696.09,1,pivot
2026-01-13T19:00:00Z,1423,role_flip_retest,supply,693.52,693.96,2,
2026-01-13T19:00:00Z,1428,created,demand,692.09,693.0368853413214,1,pivot
2026-01-13T21:00:00Z,1428,volume_confluence,demand,692.09,693.0368853413214,2,POC:2026-01-13:692.436250
2026-01-14T15:30:00Z,1412,role_flip_retest,supply,690.9168327542064,691.66,2,
2026-01-14T15:30:00Z,1422,broken,demand,688.91,689.43,3,
2026-01-14T15:30:00Z,1426,broken,demand,690.63,690.8299703474954,1,
2026-01-14T15:30:00Z,1428,broken,demand,692.09,693.0368853413214,2,
2026-01-14T16:00:00Z,1413,touch,demand,685.8535658214627,686.84,3,
2026-01-14T16:00:00Z,1414,broken,demand,688.3,688.62,2,
2026-01-14T16:00:00Z,1415,broken,demand,687.49,688.28,3,
2026-01-14T16:00:00Z,1420,touch,demand,686.21,686.87,2,
2026-01-14T16:00:00Z,1422,role_flip_retest,supply,688.91,689.43,3,
2026-01-14T16:00:00Z,1426,role_flip_retest,supply,690.63,690.8299703474954,2,
2026-01-14T17:00:00Z,1414,role_flip_retest,supply,688.3,688.62,2,
2026-01-14T17:00:00Z,1415,role_flip_retest,supply,687.49,688.28,3,
2026-01-14T19:00:00Z,1413,rejection,demand,685.8535658214627,686.84,3,
2026-01-14T19:00:00Z,1420,rejection,demand,686.21,686.87,2,
2026-01-14T21:00:00Z,1414,broken,supply,688.3,688.62,2,
2026-01-14T21:00:00Z,1415,broken,supply,687.49,688.28,3,
2026-01-14T21:00:00Z,1422,broken,supply,688.91,689.43,3,
2026-01-14T21:00:00Z,1413,merged,demand,685.8535658214627,686.84,4,pivot;geometry=updated
2026-01-14T21:00:00Z,1413,qualified,demand,685.8535658214627,686.84,4,order_block|pivot|repeated_pivot|role_flip
2026-01-15T15:30:00Z,1412,broken,supply,690.9168327542064,691.66,2,
2026-01-15T15:30:00Z,1423,touch,supply,693.52,693.96,2,
2026-01-15T15:30:00Z,1426,broken,supply,690.63,690.8299703474954,2,
2026-01-15T16:00:00Z,1423,broken,supply,693.52,693.96,2,
2026-01-15T18:00:00Z,1423,role_flip_retest,demand,693.52,693.96,2,
2026-01-15T20:00:00Z,1423,broken,demand,693.52,693.96,2,
2026-01-15T21:00:00Z,1412,role_flip_retest,demand,690.9168327542064,691.66,2,
2026-01-15T21:00:00Z,1430,created,supply,695.04,695.45,1,pivot
2026-01-16T15:30:00Z,1423,role_flip_retest,supply,693.52,693.96,2,
2026-01-16T15:30:00Z,1428,role_flip_retest,supply,692.09,693.0368853413214,3,
2026-01-16T16:00:00Z,1426,role_flip_retest,demand,690.63,690.8299703474954,2,
2026-01-16T19:00:00Z,1431,created,demand,690.1,691.2002639333518,1,pivot
2026-01-16T21:00:00Z,1412,touch,demand,690.9168327542064,691.66,2,
2026-01-20T15:30:00Z,1412,broken,demand,690.9168327542064,691.66,2,
2026-01-20T15:30:00Z,1413,broken,demand,685.8535658214627,686.84,4,
2026-01-20T15:30:00Z,1420,broken,demand,686.21,686.87,2,
2026-01-20T15:30:00Z,1426,broken,demand,690.63,690.8299703474954,2,
2026-01-20T15:30:00Z,1431,broken,demand,690.1,691.2002639333518,1,
2026-01-20T18:00:00Z,1404,touch,demand,679.17,680.5103755911761,3,
2026-01-20T18:00:00Z,1421,touch,demand,679.82,680.52,1,
2026-01-20T19:00:00Z,1390,touch,demand,678.74,679.0667468729774,2,
2026-01-20T19:00:00Z,1404,broken,demand,679.17,680.5103755911761,3,
2026-01-20T19:00:00Z,1421,broken,demand,679.82,680.52,1,
2026-01-20T20:00:00Z,1390,broken,demand,678.74,679.0667468729774,2,
2026-01-20T20:00:00Z,1404,role_flip_retest,supply,679.17,680.5103755911761,3,
2026-01-21T15:30:00Z,1404,broken,supply,679.17,680.5103755911761,3,
2026-01-21T17:00:00Z,1432,created,demand,676.57,677.65,1,pivot
2026-01-21T18:00:00Z,1404,role_flip_retest,demand,679.17,680.5103755911761,3,
2026-01-21T19:00:00Z,1425,broken_zone_expired,supply,694.89,695.31,1,
2026-01-21T19:00:00Z,1433,created,supply,684.73,685.13,1,pivot
2026-01-21T20:00:00Z,1415,role_flip_retest,demand,687.49,688.28,3,
2026-01-21T20:00:00Z,1433,broken,supply,684.73,685.13,1,
2026-01-21T20:00:00Z,1434,created,demand,679.91,681.5947592220393,1,order_block
2026-01-21T21:00:00Z,1413,role_flip_retest,supply,685.8535658214627,686.84,4,
2026-01-21T21:00:00Z,1415,broken,demand,687.49,688.28,3,
2026-01-21T21:00:00Z,1420,role_flip_retest,supply,686.21,686.87,2,
2026-01-21T21:00:00Z,1433,role_flip_retest,demand,684.73,685.13,2,
2026-01-21T21:00:00Z,1434,volume_confluence,demand,679.91,681.5947592220393,2,POC:2026-01-21:680.119375
2026-01-22T15:30:00Z,1413,broken,supply,685.8535658214627,686.84,4,
2026-01-22T15:30:00Z,1420,broken,supply,686.21,686.87,2,
2026-01-22T15:30:00Z,1426,role_flip_retest,supply,690.63,690.8299703474954,2,
2026-01-22T15:30:00Z,1431,role_flip_retest,supply,690.1,691.2002639333518,2,
2026-01-22T16:00:00Z,1414,role_flip_retest,demand,688.3,688.62,2,
2026-01-22T17:00:00Z,1422,role_flip_retest,demand,688.91,689.43,3,
2026-01-22T19:00:00Z,1412,role_flip_retest,supply,690.9168327542064,691.66,2,
2026-01-23T15:30:00Z,1426,merged,supply,690.63,691.13,3,pivot;geometry=updated
2026-01-23T15:30:00Z,1426,qualified,supply,690.63,691.13,3,pivot|repeated_pivot|role_flip
2026-01-23T16:00:00Z,1426,touch,supply,690.63,691.13,3,
2026-01-23T16:00:00Z,1431,touch,supply,690.1,691.2002639333518,2,
2026-01-23T17:00:00Z,1426,rejection,supply,690.63,691.13,3,
2026-01-23T17:00:00Z,1431,rejection,supply,690.1,691.2002639333518,2,
2026-01-23T18:00:00Z,1414,broken,demand,688.3,688.62,2,
2026-01-23T18:00:00Z,1422,broken,demand,688.91,689.43,3,
2026-01-23T18:00:00Z,1436,created,demand,687.16,688.15,1,pivot
2026-01-26T15:30:00Z,1412,broken,supply,690.9168327542064,691.66,2,
2026-01-26T15:30:00Z,1426,broken,supply,690.63,691.13,3,
2026-01-26T15:30:00Z,1428,touch,supply,692.09,693.0368853413214,3,
2026-01-26T15:30:00Z,1431,broken,supply,690.1,691.2002639333518,2,
2026-01-26T18:00:00Z,1423,touch,supply,693.52,693.96,2,
2026-01-26T18:00:00Z,1428,broken,supply,692.09,693.0368853413214,3,
2026-01-26T19:00:00Z,1428,role_flip_retest,demand,692.09,693.0368853413214,3,
2026-01-26T21:00:00Z,1423,rejection,supply,693.52,693.96,2,
2026-01-27T15:30:00Z,1423,broken,supply,693.52,693.96,2,
2026-01-27T15:30:00Z,1430,touch,supply,695.04,695.45,1,
2026-01-27T16:00:00Z,1427,touch,supply,695.52,696.09,1,
2026-01-27T16:00:00Z,1430,broken,supply,695.04,695.45,1,
2026-01-27T18:00:00Z,1427,rejection,supply,695.52,696.09,1,
2026-01-27T19:00:00Z,1430,role_flip_retest,demand,695.04,695.45,2,
2026-01-27T20:00:00Z,1437,created,supply,696.01,696.53,1,pivot
2026-01-27T21:00:00Z,1427,volume_confluence,supply,695.52,696.09,2,POC:2026-01-27:695.975000
2026-01-28T15:30:00Z,1427,broken,supply,695.52,696.09,2,
2026-01-28T15:30:00Z,1437,broken,supply,696.01,696.53,1,
2026-01-28T17:00:00Z,1430,broken,demand,695.04,695.45,2,
2026-01-28T18:00:00Z,1421,broken_zone_expired,demand,679.82,680.52,1,
2026-01-28T18:00:00Z,1430,role_flip_retest,supply,695.04,695.45,2,
2026-01-28T18:00:00Z,1438,created,supply,697.12,697.84,1,pivot
2026-01-28T19:00:00Z,1390,broken_zone_expired,demand,678.74,679.0667468729774,2,
2026-01-28T20:00:00Z,1423,role_flip_retest,demand,693.52,693.96,2,
2026-01-29T15:30:00Z,1423,broken,demand,693.52,693.96,2,
2026-01-29T15:30:00Z,1428,broken,demand,692.09,693.0368853413214,3,
2026-01-29T15:30:00Z,1439,created,supply,695.3237702807885,696.29,1,order_block
2026-01-29T15:30:00Z,1439,volume_confluence,supply,695.3237702807885,696.29,2,POC:2026-01-27:695.975000
2026-01-29T16:00:00Z,1414,role_flip_retest,supply,688.3,688.62,2,
2026-01-29T16:00:00Z,1415,role_flip_retest,supply,687.49,688.28,3,
2026-01-29T16:00:00Z,1422,role_flip_retest,supply,688.91,689.43,3,
2026-01-29T16:00:00Z,1436,broken,demand,687.16,688.15,1,
2026-01-29T16:00:00Z,1439,merged,supply,695.1624295464464,696.29,2,order_block;geometry=updated
2026-01-29T17:00:00Z,1413,role_flip_retest,demand,685.8535658214627,686.84,4,
2026-01-29T17:00:00Z,1415,broken,supply,687.49,688.28,3,
2026-01-29T17:00:00Z,1420,role_flip_retest,demand,686.21,686.87,2,
2026-01-29T17:00:00Z,1433,touch,demand,684.73,685.13,2,
2026-01-29T18:00:00Z,1414,broken,supply,688.3,688.62,2,
2026-01-29T18:00:00Z,1441,created,supply,696.35,697.06,1,pivot
2026-01-29T19:00:00Z,1422,broken,supply,688.91,689.43,3,
2026-01-29T19:00:00Z,1433,rejection,demand,684.73,685.13,2,
2026-01-29T20:00:00Z,1428,role_flip_retest,supply,692.09,693.0368853413214,3,
2026-01-29T20:00:00Z,1442,created,demand,684.83,686.07,1,pivot
2026-01-29T21:00:00Z,1412,role_flip_retest,demand,690.9168327542064,691.66,2,
2026-01-29T21:00:00Z,1426,role_flip_retest,demand,690.63,691.13,3,
2026-01-29T21:00:00Z,1428,broken,supply,692.09,693.0368853413214,3,
2026-01-29T21:00:00Z,1431,role_flip_retest,demand,690.1,691.2002639333518,2,
2026-01-30T15:30:00Z,1423,role_flip_retest,supply,693.52,693.96,2,
2026-01-30T17:00:00Z,1412,broken,demand,690.9168327542064,691.66,2,
2026-01-30T17:00:00Z,1423,merged,supply,693.52,694.79,3,pivot;geometry=updated
2026-01-30T17:00:00Z,1423,qualified,supply,693.52,694.79,3,pivot|repeated_pivot|role_flip
2026-01-30T18:00:00Z,1412,role_flip_retest,supply,690.9168327542064,691.66,2,
2026-01-30T18:00:00Z,1426,broken,demand,690.63,691.13,3,
2026-01-30T18:00:00Z,1431,broken,demand,690.1,691.2002639333518,2,
2026-01-30T19:00:00Z,1414,role_flip_retest,demand,688.3,688.62,2,
2026-01-30T19:00:00Z,1415,role_flip_retest,demand,687.49,688.28,3,
2026-01-30T19:00:00Z,1422,role_flip_retest,demand,688.91,689.43,3,
2026-01-30T20:00:00Z,1426,role_flip_retest,supply,690.63,691.13,3,
2026-01-30T21:00:00Z,1412,broken,supply,690.9168327542064,691.66,2,
2026-01-30T21:00:00Z,1426,broken,supply,690.63,691.13,3,
2026-02-02T15:30:00Z,1412,role_flip_retest,demand,690.9168327542064,691.66,2,
2026-02-02T15:30:00Z,1423,touch,supply,693.52,694.79,3,
2026-02-02T15:30:00Z,1426,role_flip_retest,demand,690.63,691.13,3,
2026-02-02T15:30:00Z,1444,created,demand,687.12,688.7249855003263,1,pivot
2026-02-02T15:30:00Z,1412,volume_confluence,demand,690.9168327542064,691.66,3,POC:2026-01-30:691.108125
2026-02-02T15:30:00Z,1426,volume_confluence,demand,690.63,691.13,4,POC:2026-01-30:691.108125
2026-02-02T15:30:00Z,1426,evidence_upgrade,demand,690.63,691.13,4,volume_profile;score:3->4;qualified_score:3
2026-02-02T16:00:00Z,1428,role_flip_retest,demand,692.09,693.0368853413214,3,
2026-02-02T16:00:00Z,1430,touch,supply,695.04,695.45,2,
2026-02-02T16:00:00Z,1439,touch,supply,695.1624295464464,696.29,2,
2026-02-02T17:00:00Z,1423,broken,supply,693.52,694.79,3,
2026-02-02T17:00:00Z,1430,broken,supply,695.04,695.45,2,
2026-02-02T18:00:00Z,1427,role_flip_retest,demand,695.52,696.09,3,
2026-02-02T18:00:00Z,1441,touch,supply,696.35,697.06,1,
2026-02-02T19:00:00Z,1439,broken,supply,695.1624295464464,696.29,2,
2026-02-02T20:00:00Z,1430,role_flip_retest,demand,695.04,695.45,2,
2026-02-02T20:00:00Z,1441,rejection,supply,696.35,697.06,1,
2026-02-02T21:00:00Z,1441,merged,supply,696.35,697.06,2,pivot;geometry=updated
2026-02-02T21:00:00Z,1441,qualified,supply,696.35,697.06,2,pivot|repeated_pivot
2026-02-03T15:30:00Z,1427,broken,demand,695.52,696.09,3,
2026-02-03T15:30:00Z,1430,broken,demand,695.04,695.45,2,
2026-02-03T16:00:00Z,1412,touch,demand,690.9168327542064,691.66,3,
2026-02-03T16:00:00Z,1426,touch,demand,690.63,691.13,4,
2026-02-03T16:00:00Z,1428,touch,demand,692.09,693.0368853413214,3,
2026-02-03T17:00:00Z,1412,broken,demand,690.9168327542064,691.66,3,
2026-02-03T17:00:00Z,1428,broken,demand,692.09,693.0368853413214,3,
2026-02-03T18:00:00Z,1414,broken,demand,688.3,688.62,2,
2026-02-03T18:00:00Z,1415,touch,demand,687.49,688.28,3,
2026-02-03T18:00:00Z,1422,broken,demand,688.91,689.43,3,
2026-02-03T18:00:00Z,1426,broken,demand,690.63,691.13,4,
2026-02-03T18:00:00Z,1431,role_flip_retest,supply,690.1,691.2002639333518,2,
2026-02-03T18:00:00Z,1444,touch,demand,687.12,688.7249855003263,1,
2026-02-03T18:00:00Z,1441,merged,supply,696.35,697.06,2,pivot;geometry=frozen
2026-02-03T19:00:00Z,1413,broken,demand,685.8535658214627,686.84,4,
2026-02-03T19:00:00Z,1414,role_flip_retest,supply,688.3,688.62,2,
2026-02-03T19:00:00Z,1415,broken,demand,687.49,688.28,3,
2026-02-03T19:00:00Z,1420,broken,demand,686.21,686.87,2,
2026-02-03T19:00:00Z,1433,touch,demand,684.73,685.13,2,
2026-02-03T19:00:00Z,1436,role_flip_retest,supply,687.16,688.15,2,
2026-02-03T19:00:00Z,1442,touch,demand,684.83,686.07,1,
2026-02-03T19:00:00Z,1444,broken,demand,687.12,688.7249855003263,1,
2026-02-03T20:00:00Z,1433,rejection,demand,684.73,685.13,2,
2026-02-03T20:00:00Z,1442,rejection,demand,684.83,686.07,1,
2026-02-03T20:00:00Z,1444,role_flip_retest,supply,687.12,688.7249855003263,2,
2026-02-03T21:00:00Z,1414,broken,supply,688.3,688.62,2,
2026-02-03T21:00:00Z,1436,broken,supply,687.16,688.15,2,
2026-02-03T21:00:00Z,1444,broken,supply,687.12,688.7249855003263,2,
2026-02-04T15:30:00Z,1412,role_flip_retest,supply,690.9168327542064,691.66,3,
2026-02-04T15:30:00Z,1422,role_flip_retest,supply,688.91,689.43,3,
2026-02-04T15:30:00Z,1426,role_flip_retest,supply,690.63,691.13,4,
2026-02-04T15:30:00Z,1436,role_flip_retest,demand,687.16,688.15,2,
2026-02-04T16:00:00Z,1433,merged,demand,684.03,685.13,3,pivot;geometry=updated
2026-02-04T16:00:00Z,1433,qualified,demand,684.03,685.13,3,pivot|repeated_pivot|role_flip
2026-02-04T17:00:00Z,1415,role_flip_retest,supply,687.49,688.28,3,
2026-02-04T17:00:00Z,1436,broken,demand,687.16,688.15,2,
2026-02-04T18:00:00Z,1413,role_flip_retest,supply,685.8535658214627,686.84,4,
2026-02-04T18:00:00Z,1420,role_flip_retest,supply,686.21,686.87,2,
2026-02-04T18:00:00Z,1433,broken,demand,684.03,685.13,3,
2026-02-04T18:00:00Z,1442,broken,demand,684.83,686.07,1,
2026-02-04T18:00:00Z,1413,volume_confluence,supply,685.8535658214627,686.84,5,POC:2026-02-03:686.454375
2026-02-04T18:00:00Z,1413,evidence_upgrade,supply,685.8535658214627,686.84,5,volume_profile;score:4->5;qualified_score:4
2026-02-04T18:00:00Z,1420,volume_confluence,supply,686.21,686.87,3,POC:2026-02-03:686.454375
2026-02-04T19:00:00Z,1404,age_expired,demand,679.17,680.5103755911761,3,
2026-02-04T19:00:00Z,1442,role_flip_retest,supply,684.83,686.07,2,
2026-02-04T20:00:00Z,1413,broken,supply,685.8535658214627,686.84,5,
2026-02-04T20:00:00Z,1420,broken,supply,686.21,686.87,3,
2026-02-04T20:00:00Z,1442,broken,supply,684.83,686.07,2,
2026-02-04T21:00:00Z,1436,role_flip_retest,supply,687.16,688.15,2,
2026-02-04T21:00:00Z,1437,broken_zone_expired,supply,696.01,696.53,1,
2026-02-04T21:00:00Z,1442,role_flip_retest,demand,684.83,686.07,2,
2026-02-04T21:00:00Z,1448,created,demand,681.76,683.6005148870073,1,pivot
2026-02-04T21:00:00Z,1415,volume_confluence,supply,687.49,688.28,4,POC:2026-02-04:688.018125
2026-02-04T21:00:00Z,1436,volume_confluence,supply,687.16,688.15,3,POC:2026-02-04:688.018125
2026-02-05T15:30:00Z,1434,touch,demand,679.91,681.5947592220393,2,
2026-02-05T15:30:00Z,1442,broken,demand,684.83,686.07,2,
2026-02-05T15:30:00Z,1448,broken,demand,681.76,683.6005148870073,1,
2026-02-05T16:00:00Z,1432,touch,demand,676.57,677.65,1,
2026-02-05T16:00:00Z,1434,broken,demand,679.91,681.5947592220393,2,
2026-02-05T17:00:00Z,1432,rejection,demand,676.57,677.65,1,
2026-02-05T18:00:00Z,1448,role_flip_retest,supply,681.76,683.6005148870073,2,
2026-02-05T19:00:00Z,1434,role_flip_retest,supply,679.91,681.5947592220393,3,
2026-02-05T20:00:00Z,1432,merged,demand,675.79,677.65,2,pivot;geometry=updated
2026-02-05T20:00:00Z,1432,qualified,demand,675.79,677.65,2,pivot|repeated_pivot
2026-02-06T15:30:00Z,1434,broken,supply,679.91,681.5947592220393,3,
2026-02-06T15:30:00Z,1442,role_flip_retest,supply,684.83,686.07,2,
2026-02-06T15:30:00Z,1448,broken,supply,681.76,683.6005148870073,2,
2026-02-06T16:00:00Z,1448,role_flip_retest,demand,681.76,683.6005148870073,2,
2026-02-06T17:00:00Z,1413,role_flip_retest,demand,685.8535658214627,686.84,5,
2026-02-06T17:00:00Z,1415,touch,supply,687.49,688.28,4,
2026-02-06T17:00:00Z,1420,role_flip_retest,demand,686.21,686.87,3,
2026-02-06T17:00:00Z,1436,touch,supply,687.16,688.15,3,
2026-02-06T17:00:00Z,1442,broken,supply,684.83,686.07,2,
2026-02-06T18:00:00Z,1414,role_flip_retest,demand,688.3,688.62,2,
2026-02-06T18:00:00Z,1415,broken,supply,687.49,688.28,4,
2026-02-06T18:00:00Z,1422,touch,supply,688.91,689.43,3,
2026-02-06T18:00:00Z,1436,broken,supply,687.16,688.15,3,
2026-02-06T18:00:00Z,1444,role_flip_retest,demand,687.12,688.7249855003263,2,
2026-02-06T21:00:00Z,1407,age_expired,demand,674.98,675.61,2,
2026-02-06T21:00:00Z,1412,touch,supply,690.9168327542064,691.66,3,
2026-02-06T21:00:00Z,1422,broken,supply,688.91,689.43,3,
2026-02-06T21:00:00Z,1426,touch,supply,690.63,691.13,4,
2026-02-06T21:00:00Z,1428,role_flip_retest,supply,692.09,693.0368853413214,3,
2026-02-06T21:00:00Z,1431,touch,supply,690.1,691.2002639333518,2,
2026-02-09T15:30:00Z,1422,role_flip_retest,demand,688.91,689.43,3,
2026-02-09T16:00:00Z,1412,broken,supply,690.9168327542064,691.66,3,
2026-02-09T16:00:00Z,1426,broken,supply,690.63,691.13,4,
2026-02-09T16:00:00Z,1428,broken,supply,692.09,693.0368853413214,3,
2026-02-09T16:00:00Z,1431,broken,supply,690.1,691.2002639333518,2,
2026-02-09T17:00:00Z,1423,role_flip_retest,demand,693.52,694.79,3,
2026-02-09T17:00:00Z,1427,role_flip_retest,supply,695.52,696.09,3,
2026-02-09T18:00:00Z,1430,role_flip_retest,supply,695.04,695.45,2,
2026-02-09T21:00:00Z,1423,volume_confluence,demand,693.52,694.79,4,POC:2026-02-09:694.458125
2026-02-09T21:00:00Z,1423,evidence_upgrade,demand,693.52,694.79,4,volume_profile;score:3->4;qualified_score:3
2026-02-10T15:30:00Z,1430,broken,supply,695.04,695.45,2,
2026-02-10T16:00:00Z,1441,touch,supply,696.35,697.06,2,
2026-02-10T17:00:00Z,1441,rejection,supply,696.35,697.06,2,
2026-02-10T18:00:00Z,1439,broken_zone_expired,supply,695.1624295464464,696.29,2,
2026-02-10T18:00:00Z,1450,created,demand,693.45,694.9267117473407,1,pivot
2026-02-10T18:00:00Z,1450,volume_confluence,demand,693.45,694.9267117473407,2,POC:2026-02-09:694.458125
2026-02-10T19:00:00Z,1428,role_flip_retest,demand,692.09,693.0368853413214,3,
2026-02-10T19:00:00Z,1427,merged,supply,695.52,696.54,4,pivot;geometry=updated
2026-02-10T19:00:00Z,1427,qualified,supply,695.52,696.54,4,pivot|repeated_pivot|role_flip|volume_profile
2026-02-10T21:00:00Z,1412,role_flip_retest,demand,690.9168327542064,691.66,3,
2026-02-10T21:00:00Z,1423,broken,demand,693.52,694.79,4,
2026-02-10T21:00:00Z,1450,broken,demand,693.45,694.9267117473407,2,
2026-02-11T15:30:00Z,1427,touch,supply,695.52,696.54,4,
2026-02-11T15:30:00Z,1438,touch,supply,697.12,697.84,1,
2026-02-11T16:00:00Z,1422,touch,demand,688.91,689.43,3,
2026-02-11T16:00:00Z,1423,role_flip_retest,supply,693.52,694.79,4,
2026-02-11T16:00:00Z,1426,role_flip_retest,demand,690.63,691.13,4,
2026-02-11T16:00:00Z,1427,rejection,supply,695.52,696.54,4,
2026-02-11T16:00:00Z,1431,role_flip_retest,demand,690.1,691.2002639333518,2,
2026-02-11T16:00:00Z,1438,rejection,supply,697.12,697.84,1,
2026-02-11T16:00:00Z,1450,role_flip_retest,supply,693.45,694.9267117473407,3,
2026-02-11T18:00:00Z,1422,rejection,demand,688.91,689.43,3,
2026-02-11T18:00:00Z,1441,merged,supply,696.35,697.06,2,pivot;geometry=frozen
2026-02-11T19:00:00Z,1453,created,demand,689.18,690.6973876717896,1,pivot
2026-02-11T21:00:00Z,1428,broken,demand,692.09,693.0368853413214,3,
2026-02-12T16:00:00Z,1412,broken,demand,690.9168327542064,691.66,3,
2026-02-12T16:00:00Z,1414,touch,demand,688.3,688.62,2,
2026-02-12T16:00:00Z,1422,broken,demand,688.91,689.43,3,
2026-02-12T16:00:00Z,1426,broken,demand,690.63,691.13,4,
2026-02-12T16:00:00Z,1428,role_flip_retest,supply,692.09,693.0368853413214,3,
2026-02-12T16:00:00Z,1431,broken,demand,690.1,691.2002639333518,2,
2026-02-12T16:00:00Z,1444,touch,demand,687.12,688.7249855003263,2,
2026-02-12T16:00:00Z,1453,broken,demand,689.18,690.6973876717896,1,
2026-02-12T16:00:00Z,1454,created,supply,692.73,693.96,1,order_block
2026-02-12T17:00:00Z,1413,broken,demand,685.8535658214627,686.84,5,
2026-02-12T17:00:00Z,1414,broken,demand,688.3,688.62,2,
2026-02-12T17:00:00Z,1420,broken,demand,686.21,686.87,3,
2026-02-12T17:00:00Z,1433,broken_zone_expired,demand,684.03,685.13,3,
2026-02-12T17:00:00Z,1444,broken,demand,687.12,688.7249855003263,2,
2026-02-12T17:00:00Z,1448,touch,demand,681.76,683.6005148870073,2,
2026-02-12T17:00:00Z,1454,merged,supply,692.73,693.96,1,order_block;geometry=updated
2026-02-12T18:00:00Z,1456,created,supply,694.28,695.35,1,pivot
2026-02-12T19:00:00Z,1448,rejection,demand,681.76,683.6005148870073,2,
2026-02-12T20:00:00Z,1413,role_flip_retest,supply,685.8535658214627,686.84,5,
2026-02-12T21:00:00Z,1448,broken,demand,681.76,683.6005148870073,2,
2026-02-12T21:00:00Z,1457,created,supply,684.7,685.97,1,order_block
2026-02-13T15:30:00Z,1432,touch,demand,675.79,677.65,2,
2026-02-13T15:30:00Z,1448,role_flip_retest,supply,681.76,683.6005148870073,2,
2026-02-13T16:00:00Z,1432,rejection,demand,675.79,677.65,2,
2026-02-13T16:00:00Z,1434,role_flip_retest,demand,679.91,681.5947592220393,3,
2026-02-13T17:00:00Z,1448,broken,supply,681.76,683.6005148870073,2,
2026-02-13T17:00:00Z,1457,touch,supply,684.7,685.97,1,
2026-02-13T18:00:00Z,1420,role_flip_retest,supply,686.21,686.87,3,
2026-02-13T18:00:00Z,1458,created,demand,677.52,679.3405044652905,1,pivot
2026-02-13T20:00:00Z,1457,rejection,supply,684.7,685.97,1,
2026-02-13T21:00:00Z,1457,merged,supply,684.7,686.28,2,pivot;geometry=updated
2026-02-17T15:30:00Z,1434,broken,demand,679.91,681.5947592220393,3,
2026-02-17T15:30:00Z,1458,broken,demand,677.52,679.3405044652905,1,
2026-02-17T16:00:00Z,1442,broken_zone_expired,supply,684.83,686.07,2,
2026-02-17T17:00:00Z,1415,broken_zone_expired,supply,687.49,688.28,4,
2026-02-17T17:00:00Z,1436,broken_zone_expired,supply,687.16,688.15,3,
2026-02-17T19:00:00Z,1448,role_flip_retest,demand,681.76,683.6005148870073,2,
2026-02-17T19:00:00Z,1460,created,demand,675.78,676.62,1,pivot
2026-02-17T19:00:00Z,1448,volume_confluence,demand,681.76,683.6005148870073,3,POC:2026-02-13:682.082500
2026-02-18T15:30:00Z,1413,touch,supply,685.8535658214627,686.84,5,
2026-02-18T15:30:00Z,1420,touch,supply,686.21,686.87,3,
2026-02-18T15:30:00Z,1457,touch,supply,684.7,686.28,2,
2026-02-18T16:00:00Z,1413,broken,supply,685.8535658214627,686.84,5,
2026-02-18T16:00:00Z,1420,broken,supply,686.21,686.87,3,
2026-02-18T16:00:00Z,1457,broken,supply,684.7,686.28,2,
2026-02-18T17:00:00Z,1414,role_flip_retest,supply,688.3,688.62,2,
2026-02-18T17:00:00Z,1422,role_flip_retest,supply,688.91,689.43,3,
2026-02-18T19:00:00Z,1413,role_flip_retest,demand,685.8535658214627,686.84,5,
2026-02-18T19:00:00Z,1420,role_flip_retest,demand,686.21,686.87,3,
2026-02-18T19:00:00Z,1444,role_flip_retest,supply,687.12,688.7249855003263,2,
2026-02-18T19:00:00Z,1457,role_flip_retest,demand,684.7,686.28,3,
2026-02-18T20:00:00Z,1413,broken,demand,685.8535658214627,686.84,5,
2026-02-18T20:00:00Z,1420,broken,demand,686.21,686.87,3,
2026-02-18T21:00:00Z,1430,broken_zone_expired,supply,695.04,695.45,2,
2026-02-18T21:00:00Z,1457,volume_confluence,demand,684.7,686.28,4,POC:2026-02-18:686.121667
2026-02-19T15:30:00Z,1448,touch,demand,681.76,683.6005148870073,3,
2026-02-19T15:30:00Z,1422,merged,supply,688.5,689.43,4,pivot;geometry=updated
2026-02-19T15:30:00Z,1422,qualified,supply,688.5,689.43,4,pivot|repeated_pivot|role_flip|volume_profile
2026-02-19T16:00:00Z,1413,role_flip_retest,supply,685.8535658214627,686.84,5,
2026-02-19T17:00:00Z,1413,age_expired,supply,685.8535658214627,686.84,5,
2026-02-19T17:00:00Z,1448,touch,demand,681.76,683.6005148870073,3,
2026-02-19T17:00:00Z,1457,broken,demand,684.7,686.28,4,
2026-02-19T18:00:00Z,1457,role_flip_retest,supply,684.7,686.28,4,
2026-02-19T19:00:00Z,1448,rejection,demand,681.76,683.6005148870073,3,
2026-02-19T20:00:00Z,1414,age_expired,supply,688.3,688.62,2,
2026-02-20T15:30:00Z,1462,created,demand,681.54,682.42,1,pivot
2026-02-20T16:00:00Z,1422,touch,supply,688.5,689.43,4,
2026-02-20T16:00:00Z,1444,touch,supply,687.12,688.7249855003263,2,
2026-02-20T16:00:00Z,1453,role_flip_retest,supply,689.18,690.6973876717896,2,
2026-02-20T16:00:00Z,1457,broken,supply,684.7,686.28,4,
2026-02-20T16:00:00Z,1463,created,demand,681.88,683.44500779584,1,order_block
2026-02-20T17:00:00Z,1457,role_flip_retest,demand,684.7,686.28,4,
2026-02-20T18:00:00Z,1422,rejection,supply,688.5,689.43,4,
2026-02-20T19:00:00Z,1444,broken,supply,687.12,688.7249855003263,2,
2026-02-20T21:00:00Z,1444,role_flip_retest,demand,687.12,688.7249855003263,2,
2026-02-20T21:00:00Z,1444,volume_confluence,demand,687.12,688.7249855003263,3,POC:2026-02-20:688.151042
2026-02-23T15:30:00Z,1412,broken_zone_expired,demand,690.9168327542064,691.66,3,
2026-02-23T15:30:00Z,1426,broken_zone_expired,demand,690.63,691.13,4,
2026-02-23T15:30:00Z,1431,broken_zone_expired,demand,690.1,691.2002639333518,2,
2026-02-23T15:30:00Z,1444,broken,demand,687.12,688.7249855003263,3,
2026-02-23T15:30:00Z,1453,merged,supply,689.18,690.6973876717896,3,pivot;geometry=updated
2026-02-23T15:30:00Z,1453,qualified,supply,689.18,690.6973876717896,3,pivot|repeated_pivot|role_flip
2026-02-23T16:00:00Z,1420,role_flip_retest,supply,686.21,686.87,3,
2026-02-23T16:00:00Z,1444,role_flip_retest,supply,687.12,688.7249855003263,3,
2026-02-23T16:00:00Z,1448,touch,demand,681.76,683.6005148870073,3,
2026-02-23T16:00:00Z,1457,broken,demand,684.7,686.28,4,
2026-02-23T16:00:00Z,1462,touch,demand,681.54,682.42,1,
2026-02-23T16:00:00Z,1463,touch,demand,681.88,683.44500779584,1,
2026-02-23T20:00:00Z,1448,broken,demand,681.76,683.6005148870073,3,
2026-02-23T20:00:00Z,1462,broken,demand,681.54,682.42,1,
2026-02-23T20:00:00Z,1463,broken,demand,681.88,683.44500779584,1,
2026-02-23T20:00:00Z,1465,created,demand,680.37,681.96,1,pivot
2026-02-24T15:30:00Z,1420,age_expired,supply,686.21,686.87,3,
2026-02-24T15:30:00Z,1457,role_flip_retest,supply,684.7,686.28,4,
2026-02-24T17:00:00Z,1457,broken,supply,684.7,686.28,4,
2026-02-24T18:00:00Z,1444,touch,supply,687.12,688.7249855003263,3,
2026-02-24T18:00:00Z,1466,created,demand,680.0,681.6286590674918,1,pivot
2026-02-24T21:00:00Z,1434,broken_zone_expired,demand,679.91,681.5947592220393,3,
2026-02-24T21:00:00Z,1458,broken_zone_expired,demand,677.52,679.3405044652905,1,
2026-02-25T15:30:00Z,1422,broken,supply,688.5,689.43,4,
2026-02-25T15:30:00Z,1444,broken,supply,687.12,688.7249855003263,3,
2026-02-25T15:30:00Z,1453,broken,supply,689.18,690.6973876717896,3,
2026-02-25T16:00:00Z,1453,role_flip_retest,demand,689.18,690.6973876717896,3,
2026-02-25T17:00:00Z,1428,touch,supply,692.09,693.0368853413214,3,
2026-02-25T20:00:00Z,1454,touch,supply,692.73,693.96,1,
2026-02-25T21:00:00Z,1423,touch,supply,693.52,694.79,4,
2026-02-25T21:00:00Z,1450,touch,supply,693.45,694.9267117473407,3,
2026-02-26T15:30:00Z,1423,rejection,supply,693.52,694.79,4,
2026-02-26T15:30:00Z,1450,rejection,supply,693.45,694.9267117473407,3,
2026-02-26T15:30:00Z,1454,rejection,supply,692.73,693.96,1,
2026-02-26T16:00:00Z,1453,broken,demand,689.18,690.6973876717896,3,
2026-02-26T16:00:00Z,1457,role_flip_retest,demand,684.7,686.28,4,
2026-02-26T17:00:00Z,1454,merged,supply,692.73,693.96,2,pivot;geometry=updated
2026-02-26T19:00:00Z,1468,created,demand,684.35,685.7752988813822,1,pivot
2026-02-26T20:00:00Z,1444,role_flip_retest,demand,687.12,688.7249855003263,3,
2026-02-26T20:00:00Z,1453,role_flip_retest,supply,689.18,690.6973876717896,3,
2026-02-27T15:30:00Z,1444,broken,demand,687.12,688.7249855003263,3,
2026-02-27T15:30:00Z,1457,broken,demand,684.7,686.28,4,
2026-02-27T15:30:00Z,1465,touch,demand,680.37,681.96,1,
2026-02-27T15:30:00Z,1468,broken,demand,684.35,685.7752988813822,1,
2026-02-27T16:00:00Z,1465,rejection,demand,680.37,681.96,1,
2026-02-27T17:00:00Z,1423,age_expired,supply,693.52,694.79,4,
2026-02-27T18:00:00Z,1457,role_flip_retest,supply,684.7,686.28,4,
2026-02-27T18:00:00Z,1469,created,demand,681.64,682.87,1,pivot
2026-02-27T19:00:00Z,1468,role_flip_retest,supply,684.35,685.7752988813822,2,
2026-02-27T21:00:00Z,1468,broken,supply,684.35,685.7752988813822,2,
2026-03-02T15:30:00Z,1466,touch,demand,680.0,681.6286590674918,1,
2026-03-02T15:30:00Z,1469,touch,demand,681.64,682.87,1,
2026-03-02T16:00:00Z,1466,rejection,demand,680.0,681.6286590674918,1,
2026-03-02T16:00:00Z,1469,rejection,demand,681.64,682.87,1,
2026-03-02T17:00:00Z,1468,role_flip_retest,demand,684.35,685.7752988813822,2,
2026-03-02T17:00:00Z,1468,volume_confluence,demand,684.35,685.7752988813822,3,POC:2026-02-27:684.576250
2026-03-02T18:00:00Z,1457,broken,supply,684.7,686.28,4,
2026-03-02T18:00:00Z,1470,created,demand,678.02,678.7,1,pivot
2026-03-02T19:00:00Z,1444,role_flip_retest,supply,687.12,688.7249855003263,3,
2026-03-02T20:00:00Z,1457,role_flip_retest,demand,684.7,686.28,4,
2026-03-03T15:30:00Z,1432,broken,demand,675.79,677.65,2,
2026-03-03T15:30:00Z,1457,broken,demand,684.7,686.28,4,
2026-03-03T15:30:00Z,1460,broken,demand,675.78,676.62,1,
2026-03-03T15:30:00Z,1465,broken,demand,680.37,681.96,1,
2026-03-03T15:30:00Z,1466,broken,demand,680.0,681.6286590674918,1,
2026-03-03T15:30:00Z,1468,broken,demand,684.35,685.7752988813822,3,
2026-03-03T15:30:00Z,1469,broken,demand,681.64,682.87,1,
2026-03-03T15:30:00Z,1470,broken,demand,678.02,678.7,1,
2026-03-03T16:00:00Z,1444,merged,supply,687.12,688.7249855003263,4,pivot;geometry=updated
2026-03-03T16:00:00Z,1444,qualified,supply,687.12,688.7249855003263,4,pivot|repeated_pivot|role_flip|volume_profile
2026-03-03T17:00:00Z,1470,role_flip_retest,supply,678.02,678.7,2,
2026-03-03T19:00:00Z,1448,broken_zone_expired,demand,681.76,683.6005148870073,3,
2026-03-03T19:00:00Z,1462,broken_zone_expired,demand,681.54,682.42,1,
2026-03-03T19:00:00Z,1463,broken_zone_expired,demand,681.88,683.44500779584,1,
2026-03-03T19:00:00Z,1469,role_flip_retest,supply,681.64,682.87,2,
2026-03-03T19:00:00Z,1470,broken,supply,678.02,678.7,2,
2026-03-03T19:00:00Z,1472,created,demand,669.66,671.8832811502166,1,pivot
2026-03-03T21:00:00Z,1465,role_flip_retest,supply,680.37,681.96,2,
2026-03-04T16:00:00Z,1465,broken,supply,680.37,681.96,2,
2026-03-04T16:00:00Z,1469,broken,supply,681.64,682.87,2,
2026-03-04T21:00:00Z,1422,broken_zone_expired,supply,688.5,689.43,4,
2026-03-04T21:00:00Z,1427,age_expired,supply,695.52,696.54,4,
2026-03-05T15:30:00Z,1428,age_expired,supply,692.09,693.0368853413214,3,
2026-03-05T15:30:00Z,1465,role_flip_retest,demand,680.37,681.96,2,
2026-03-05T15:30:00Z,1469,role_flip_retest,demand,681.64,682.87,2,
2026-03-05T16:00:00Z,1457,role_flip_retest,supply,684.7,686.28,4,
2026-03-05T16:00:00Z,1468,role_flip_retest,supply,684.35,685.7752988813822,3,
2026-03-05T16:00:00Z,1473,created,supply,686.6711128544699,687.09,1,pivot
2026-03-05T17:00:00Z,1469,broken,demand,681.64,682.87,2,
2026-03-05T18:00:00Z,1465,broken,demand,680.37,681.96,2,
2026-03-05T18:00:00Z,1466,role_flip_retest,supply,680.0,681.6286590674918,2,
2026-03-05T18:00:00Z,1469,role_flip_retest,supply,681.64,682.87,2,
2026-03-05T18:00:00Z,1474,created,supply,683.2657583419519,685.11,1,order_block
2026-03-05T21:00:00Z,1470,role_flip_retest,demand,678.02,678.7,2,
2026-03-06T15:30:00Z,1470,broken,demand,678.02,678.7,2,
2026-03-06T15:30:00Z,1472,touch,demand,669.66,671.8832811502166,1,
2026-03-06T16:00:00Z,1432,role_flip_retest,supply,675.79,677.65,3,
2026-03-06T16:00:00Z,1460,role_flip_retest,supply,675.78,676.62,2,
2026-03-06T16:00:00Z,1472,rejection,demand,669.66,671.8832811502166,1,
2026-03-06T16:00:00Z,1432,volume_confluence,supply,675.79,677.65,4,POC:2026-03-05:676.230000
2026-03-06T16:00:00Z,1432,evidence_upgrade,supply,675.79,677.65,4,volume_profile;score:3->4;qualified_score:2
2026-03-06T16:00:00Z,1460,volume_confluence,supply,675.78,676.62,3,POC:2026-03-05:676.230000
2026-03-06T18:00:00Z,1475,created,demand,669.76,670.87,1,pivot
2026-03-09T14:30:00Z,1472,broken,demand,669.66,671.8832811502166,1,
2026-03-09T14:30:00Z,1475,broken,demand,669.76,670.87,1,
2026-03-09T16:00:00Z,1472,role_flip_retest,supply,669.66,671.8832811502166,2,
2026-03-09T16:00:00Z,1475,role_flip_retest,supply,669.76,670.87,2,
2026-03-09T17:00:00Z,1475,broken,supply,669.76,670.87,2,
2026-03-09T18:00:00Z,1476,created,demand,662.39,664.05,1,pivot
2026-03-09T20:00:00Z,1432,broken,supply,675.79,677.65,4,
2026-03-09T20:00:00Z,1460,broken,supply,675.78,676.62,3,
2026-03-09T20:00:00Z,1472,broken,supply,669.66,671.8832811502166,2,
2026-03-09T20:00:00Z,1475,role_flip_retest,demand,669.76,670.87,2,
2026-03-09T20:00:00Z,1477,created,demand,668.09,670.3327697390263,1,order_block
2026-03-09T20:00:00Z,1475,volume_confluence,demand,669.76,670.87,3,POC:2026-03-09:670.059375
2026-03-09T20:00:00Z,1477,volume_confluence,demand,668.09,670.3327697390263,2,POC:2026-03-09:670.059375
2026-03-10T14:30:00Z,1470,role_flip_retest,supply,678.02,678.7,2,
2026-03-10T15:00:00Z,1432,role_flip_retest,demand,675.79,677.65,4,
2026-03-10T15:00:00Z,1460,role_flip_retest,demand,675.78,676.62,3,
2026-03-10T15:00:00Z,1466,touch,supply,680.0,681.6286590674918,2,
2026-03-10T15:00:00Z,1470,broken,supply,678.02,678.7,2,
2026-03-10T16:00:00Z,1469,touch,supply,681.64,682.87,2,
2026-03-10T18:00:00Z,1466,broken,supply,680.0,681.6286590674918,2,
2026-03-10T18:00:00Z,1474,touch,supply,683.2657583419519,685.11,1,
2026-03-10T19:00:00Z,1465,role_flip_retest,supply,680.37,681.96,2,
2026-03-10T19:00:00Z,1469,rejection,supply,681.64,682.87,2,
2026-03-10T19:00:00Z,1474,rejection,supply,683.2657583419519,685.11,1,
2026-03-10T20:00:00Z,1465,volume_confluence,supply,680.37,681.96,3,POC:2026-03-10:680.672500
2026-03-11T14:30:00Z,1469,merged,supply,681.64,683.36,3,pivot;geometry=updated
2026-03-11T14:30:00Z,1469,qualified,supply,681.64,683.36,3,pivot|repeated_pivot|role_flip
2026-03-11T16:00:00Z,1432,broken,demand,675.79,677.65,4,
2026-03-11T16:00:00Z,1460,broken,demand,675.78,676.62,3,
2026-03-11T18:00:00Z,1432,role_flip_retest,supply,675.79,677.65,4,
2026-03-11T18:00:00Z,1460,role_flip_retest,supply,675.78,676.62,3,
2026-03-11T19:00:00Z,1432,age_expired,supply,675.79,677.65,4,
2026-03-12T14:30:00Z,1475,broken,demand,669.76,670.87,3,
2026-03-12T14:30:00Z,1477,touch,demand,668.09,670.3327697390263,2,
2026-03-12T15:00:00Z,1475,role_flip_retest,supply,669.76,670.87,3,
2026-03-12T19:00:00Z,1477,broken,demand,668.09,670.3327697390263,2,
2026-03-12T19:00:00Z,1479,created,demand,666.92,668.51,1,pivot
2026-03-12T20:00:00Z,1477,role_flip_retest,supply,668.09,670.3327697390263,3,
2026-03-12T20:00:00Z,1479,broken,demand,666.92,668.51,1,
2026-03-13T14:30:00Z,1477,broken,supply,668.09,670.3327697390263,3,
2026-03-13T15:00:00Z,1479,role_flip_retest,supply,666.92,668.51,2,
2026-03-13T15:00:00Z,1480,created,supply,670.3201600833722,672.34,1,order_block
2026-03-13T15:00:00Z,1479,volume_confluence,supply,666.92,668.51,3,POC:2026-03-12:668.176042
2026-03-13T16:00:00Z,1476,touch,demand,662.39,664.05,1,
2026-03-13T17:00:00Z,1481,created,supply,670.53,672.34,1,pivot
2026-03-13T19:00:00Z,1476,rejection,demand,662.39,664.05,1,
2026-03-13T20:00:00Z,1476,volume_confluence,demand,662.39,664.05,2,POC:2026-03-13:662.961250
2026-03-16T14:30:00Z,1475,touch,supply,669.76,670.87,3,
2026-03-16T14:30:00Z,1477,role_flip_retest,demand,668.09,670.3327697390263,3,
2026-03-16T14:30:00Z,1479,broken,supply,666.92,668.51,3,
2026-03-16T14:30:00Z,1480,touch,supply,670.3201600833722,672.34,1,
2026-03-16T14:30:00Z,1481,touch,supply,670.53,672.34,1,
2026-03-16T15:00:00Z,1479,role_flip_retest,demand,666.92,668.51,3,
2026-03-16T15:00:00Z,1480,rejection,supply,670.3201600833722,672.34,1,
2026-03-16T15:00:00Z,1481,rejection,supply,670.53,672.34,1,
2026-03-16T16:00:00Z,1475,rejection,supply,669.76,670.87,3,
2026-03-16T16:00:00Z,1482,created,demand,661.36,662.31,1,pivot
2026-03-16T16:00:00Z,1438,capacity_expired,supply,697.12,697.84,1,
2026-03-16T18:00:00Z,1475,merged,supply,669.76,671.4,4,pivot;geometry=updated
2026-03-16T18:00:00Z,1475,qualified,supply,669.76,671.4,4,pivot|repeated_pivot|role_flip|volume_profile
2026-03-17T14:30:00Z,1475,broken,supply,669.76,671.4,4,
2026-03-17T14:30:00Z,1480,broken,supply,670.3201600833722,672.34,1,
2026-03-17T14:30:00Z,1481,broken,supply,670.53,672.34,1,
2026-03-17T15:00:00Z,1472,role_flip_retest,demand,669.66,671.8832811502166,2,
2026-03-17T15:00:00Z,1480,role_flip_retest,demand,670.3201600833722,672.34,2,
2026-03-17T15:00:00Z,1481,role_flip_retest,demand,670.53,672.34,2,
2026-03-17T16:00:00Z,1477,touch,demand,668.09,670.3327697390263,3,
2026-03-17T17:00:00Z,1484,created,supply,673.89,674.44,1,pivot
2026-03-17T17:00:00Z,1456,capacity_expired,supply,694.28,695.35,1,
2026-03-17T18:00:00Z,1475,role_flip_retest,demand,669.76,671.4,4,
2026-03-17T18:00:00Z,1477,rejection,demand,668.09,670.3327697390263,3,
2026-03-17T18:00:00Z,1473,capacity_expired,supply,686.6711128544699,687.09,1,
2026-03-17T20:00:00Z,1472,volume_confluence,demand,669.66,671.8832811502166,3,POC:2026-03-17:671.576250
2026-03-17T20:00:00Z,1480,volume_confluence,demand,670.3201600833722,672.34,3,POC:2026-03-17:671.576250
2026-03-17T20:00:00Z,1481,volume_confluence,demand,670.53,672.34,3,POC:2026-03-17:671.576250
2026-03-18T14:30:00Z,1470,broken_zone_expired,supply,678.02,678.7,2,
2026-03-18T14:30:00Z,1472,broken,demand,669.66,671.8832811502166,3,
2026-03-18T14:30:00Z,1475,broken,demand,669.76,671.4,4,
2026-03-18T14:30:00Z,1479,touch,demand,666.92,668.51,3,
2026-03-18T14:30:00Z,1480,broken,demand,670.3201600833722,672.34,3,
2026-03-18T14:30:00Z,1481,broken,demand,670.53,672.34,3,
2026-03-18T15:00:00Z,1477,broken,demand,668.09,670.3327697390263,3,
2026-03-18T17:00:00Z,1466,broken_zone_expired,supply,680.0,681.6286590674918,2,
2026-03-18T17:00:00Z,1479,broken,demand,666.92,668.51,3,
2026-03-18T19:00:00Z,1476,touch,demand,662.39,664.05,2,
2026-03-18T19:00:00Z,1479,role_flip_retest,supply,666.92,668.51,3,
2026-03-18T20:00:00Z,1476,broken,demand,662.39,664.05,2,
2026-03-18T20:00:00Z,1482,touch,demand,661.36,662.31,1,
2026-03-19T14:30:00Z,1482,broken,demand,661.36,662.31,1,
2026-03-19T17:00:00Z,1485,created,demand,655.17,656.887815906999,1,pivot
2026-03-19T20:00:00Z,1441,age_expired,supply,696.35,697.06,2,
2026-03-19T20:00:00Z,1476,role_flip_retest,supply,662.39,664.05,3,
2026-03-19T20:00:00Z,1482,role_flip_retest,supply,661.36,662.31,2,
2026-03-20T14:30:00Z,1485,broken,demand,655.17,656.887815906999,1,
2026-03-20T16:00:00Z,1486,created,supply,661.1717396464077,662.98,1,pivot
2026-03-23T15:00:00Z,1482,touch,supply,661.36,662.31,2,
2026-03-23T15:00:00Z,1486,touch,supply,661.1717396464077,662.98,1,
2026-03-23T16:00:00Z,1476,touch,supply,662.39,664.05,3,
2026-03-23T16:00:00Z,1482,rejection,supply,661.36,662.31,2,
2026-03-23T16:00:00Z,1486,rejection,supply,661.1717396464077,662.98,1,
2026-03-23T16:00:00Z,1487,created,demand,644.72,646.9635822975566,1,pivot
2026-03-23T17:00:00Z,1444,age_expired,supply,687.12,688.7249855003263,4,
2026-03-23T19:00:00Z,1482,merged,supply,661.07,662.62,3,pivot;geometry=updated
2026-03-23T19:00:00Z,1482,qualified,supply,661.07,662.62,3,pivot|repeated_pivot|role_flip
2026-03-24T15:00:00Z,1485,role_flip_retest,supply,655.17,656.887815906999,2,
2026-03-24T15:00:00Z,1485,volume_confluence,supply,655.17,656.887815906999,3,POC:2026-03-23:656.652500
2026-03-24T17:00:00Z,1489,created,demand,649.88,651.34,1,pivot
2026-03-25T15:00:00Z,1485,broken,supply,655.17,656.887815906999,3,
2026-03-25T16:00:00Z,1485,role_flip_retest,demand,655.17,656.887815906999,3,
2026-03-25T17:00:00Z,1490,created,supply,658.6809455970355,660.89,1,pivot
2026-03-25T20:00:00Z,1472,broken_zone_expired,demand,669.66,671.8832811502166,3,
2026-03-25T20:00:00Z,1475,broken_zone_expired,demand,669.76,671.4,4,
2026-03-25T20:00:00Z,1480,broken_zone_expired,demand,670.3201600833722,672.34,3,
2026-03-25T20:00:00Z,1481,broken_zone_expired,demand,670.53,672.34,3,
2026-03-26T14:30:00Z,1477,broken_zone_expired,demand,668.09,670.3327697390263,3,
2026-03-26T14:30:00Z,1485,broken,demand,655.17,656.887815906999,3,
2026-03-26T14:30:00Z,1489,touch,demand,649.88,651.34,1,
2026-03-26T17:00:00Z,1489,broken,demand,649.88,651.34,1,
2026-03-26T18:00:00Z,1487,touch,demand,644.72,646.9635822975566,1,
2026-03-26T18:00:00Z,1489,role_flip_retest,supply,649.88,651.34,2,
2026-03-26T19:00:00Z,1487,rejection,demand,644.72,646.9635822975566,1,
2026-03-26T20:00:00Z,1487,volume_confluence,demand,644.72,646.9635822975566,2,POC:2026-03-26:646.282708
2026-03-27T14:30:00Z,1487,broken,demand,644.72,646.9635822975566,2,
2026-03-30T16:00:00Z,1491,created,demand,633.1,634.04,1,pivot
2026-03-30T18:00:00Z,1491,touch,demand,633.1,634.04,1,
2026-03-30T19:00:00Z,1491,broken,demand,633.1,634.04,1,
2026-03-31T16:00:00Z,1492,created,demand,629.28,631.4175258527521,1,pivot
2026-03-31T17:00:00Z,1493,created,demand,637.98,640.1394049406349,1,order_block
2026-03-31T20:00:00Z,1450,age_expired,supply,693.45,694.9267117473407,3,
2026-03-31T20:00:00Z,1489,touch,supply,649.88,651.34,2,
2026-04-01T14:30:00Z,1485,role_flip_retest,supply,655.17,656.887815906999,3,
2026-04-01T14:30:00Z,1489,broken,supply,649.88,651.34,2,
2026-04-01T16:00:00Z,1485,broken,supply,655.17,656.887815906999,3,
2026-04-01T17:00:00Z,1485,role_flip_retest,demand,655.17,656.887815906999,3,
2026-04-01T19:00:00Z,1485,broken,demand,655.17,656.887815906999,3,
2026-04-02T14:30:00Z,1453,age_expired,supply,689.18,690.6973876717896,3,
2026-04-02T14:30:00Z,1494,created,supply,657.82,658.52,1,pivot
2026-04-02T15:00:00Z,1489,role_flip_retest,demand,649.88,651.34,2,
2026-04-02T16:00:00Z,1485,role_flip_retest,supply,655.17,656.887815906999,3,
2026-04-02T17:00:00Z,1495,created,demand,645.11,646.42,1,pivot
2026-04-02T18:00:00Z,1454,age_expired,supply,692.73,693.96,2,
2026-04-06T14:30:00Z,1485,broken,supply,655.17,656.887815906999,3,
2026-04-06T14:30:00Z,1494,touch,supply,657.82,658.52,1,
2026-04-06T15:00:00Z,1485,role_flip_retest,demand,655.17,656.887815906999,3,
2026-04-06T15:00:00Z,1490,touch,supply,658.6809455970355,660.89,1,
2026-04-06T16:00:00Z,1457,age_expired,supply,684.7,686.28,4,
2026-04-06T18:00:00Z,1490,rejection,supply,658.6809455970355,660.89,1,
2026-04-06T18:00:00Z,1496,created,supply,657.93,659.72,1,pivot
2026-04-06T20:00:00Z,1487,broken_zone_expired,demand,644.72,646.9635822975566,2,
2026-04-06T20:00:00Z,1494,broken,supply,657.82,658.52,1,
2026-04-07T14:30:00Z,1485,broken,demand,655.17,656.887815906999,3,
2026-04-07T15:00:00Z,1485,role_flip_retest,supply,655.17,656.887815906999,3,
2026-04-07T16:00:00Z,1489,touch,demand,649.88,651.34,2,
2026-04-07T17:00:00Z,1489,rejection,demand,649.88,651.34,2,
2026-04-07T18:00:00Z,1496,touch,supply,657.93,659.72,1,
2026-04-07T19:00:00Z,1496,rejection,supply,657.93,659.72,1,
2026-04-07T19:00:00Z,1497,created,demand,651.06,652.58,1,pivot
2026-04-07T20:00:00Z,1485,broken,supply,655.17,656.887815906999,3,
2026-04-07T20:00:00Z,1490,touch,supply,658.6809455970355,660.89,1,
2026-04-07T20:00:00Z,1494,role_flip_retest,demand,657.82,658.52,2,
2026-04-07T20:00:00Z,1498,created,demand,653.43,655.1714111971147,1,order_block
2026-04-07T20:00:00Z,1494,volume_confluence,demand,657.82,658.52,3,POC:2026-04-06:657.882500
2026-04-07T20:00:00Z,1498,volume_confluence,demand,653.43,655.1714111971147,2,POC:2026-04-07:654.088125
2026-04-08T14:30:00Z,1460,age_expired,supply,675.78,676.62,3,
2026-04-08T14:30:00Z,1476,broken,supply,662.39,664.05,3,
2026-04-08T14:30:00Z,1479,broken,supply,666.92,668.51,3,
2026-04-08T14:30:00Z,1482,broken,supply,661.07,662.62,3,
2026-04-08T14:30:00Z,1484,touch,supply,673.89,674.44,1,
2026-04-08T14:30:00Z,1486,broken,supply,661.1717396464077,662.98,1,
2026-04-08T14:30:00Z,1490,broken,supply,658.6809455970355,660.89,1,
2026-04-08T14:30:00Z,1496,broken,supply,657.93,659.72,1,
2026-04-08T15:00:00Z,1484,rejection,supply,673.89,674.44,1,
2026-04-08T16:00:00Z,1484,broken,supply,673.89,674.44,1,
2026-04-08T17:00:00Z,1499,created,supply,676.39,677.08,1,pivot
2026-04-08T18:00:00Z,1491,broken_zone_expired,demand,633.1,634.04,1,
2026-04-08T20:00:00Z,1484,role_flip_retest,demand,673.89,674.44,2,
2026-04-09T16:00:00Z,1499,broken,supply,676.39,677.08,1,
2026-04-09T17:00:00Z,1465,touch,supply,680.37,681.96,3,
2026-04-09T19:00:00Z,1465,rejection,supply,680.37,681.96,3,
2026-04-10T14:30:00Z,1469,touch,supply,681.64,683.36,3,
2026-04-10T16:00:00Z,1469,rejection,supply,681.64,683.36,3,
2026-04-10T19:00:00Z,1500,created,supply,681.36,682.03,1,pivot
2026-04-13T14:30:00Z,1499,role_flip_retest,demand,676.39,677.08,2,
2026-04-13T15:00:00Z,1465,touch,supply,680.37,681.96,3,
2026-04-13T16:00:00Z,1465,rejection,supply,680.37,681.96,3,
2026-04-13T17:00:00Z,1465,broken,supply,680.37,681.96,3,
2026-04-13T17:00:00Z,1469,touch,supply,681.64,683.36,3,
2026-04-13T17:00:00Z,1500,broken,supply,681.36,682.03,1,
2026-04-13T17:00:00Z,1499,merged,demand,676.39,677.4,3,pivot;geometry=updated
2026-04-13T17:00:00Z,1499,qualified,demand,676.39,677.4,3,pivot|repeated_pivot|role_flip
2026-04-13T18:00:00Z,1465,role_flip_retest,demand,680.37,681.96,3,
2026-04-13T18:00:00Z,1500,role_flip_retest,demand,681.36,682.03,2,
2026-04-13T19:00:00Z,1474,touch,supply,683.2657583419519,685.11,1,
2026-04-13T20:00:00Z,1468,broken,supply,684.35,685.7752988813822,3,
2026-04-13T20:00:00Z,1469,broken,supply,681.64,683.36,3,
2026-04-13T20:00:00Z,1474,broken,supply,683.2657583419519,685.11,1,
2026-04-14T15:00:00Z,1465,age_expired,demand,680.37,681.96,3,
2026-04-15T19:00:00Z,1485,broken_zone_expired,supply,655.17,656.887815906999,3,
2026-04-15T20:00:00Z,1476,broken_zone_expired,supply,662.39,664.05,3,
2026-04-15T20:00:00Z,1479,broken_zone_expired,supply,666.92,668.51,3,
2026-04-15T20:00:00Z,1482,broken_zone_expired,supply,661.07,662.62,3,
2026-04-15T20:00:00Z,1486,broken_zone_expired,supply,661.1717396464077,662.98,1,
2026-04-15T20:00:00Z,1490,broken_zone_expired,supply,658.6809455970355,660.89,1,
2026-04-15T20:00:00Z,1496,broken_zone_expired,supply,657.93,659.72,1,
2026-04-16T20:00:00Z,1502,created,supply,702.22,702.78,1,pivot
2026-04-17T14:30:00Z,1502,broken,supply,702.22,702.78,1,
2026-04-17T20:00:00Z,1503,created,supply,711.91,712.39,1,pivot
2026-04-20T19:00:00Z,1504,created,demand,706.14,707.16,1,pivot
2026-04-21T16:00:00Z,1504,touch,demand,706.14,707.16,1,
2026-04-21T17:00:00Z,1504,broken,demand,706.14,707.16,1,
2026-04-21T18:00:00Z,1504,role_flip_retest,supply,706.14,707.16,2,
2026-04-21T18:00:00Z,1505,created,supply,710.77,711.28,1,pivot
2026-04-21T19:00:00Z,1468,broken_zone_expired,supply,684.35,685.7752988813822,3,
2026-04-21T19:00:00Z,1469,broken_zone_expired,supply,681.64,683.36,3,
2026-04-21T19:00:00Z,1474,broken_zone_expired,supply,683.2657583419519,685.11,1,
2026-04-21T20:00:00Z,1502,role_flip_retest,demand,702.22,702.78,2,
2026-04-22T14:30:00Z,1504,broken,supply,706.14,707.16,2,
2026-04-22T16:00:00Z,1506,created,demand,702.64,704.0314055145469,1,pivot
2026-04-22T18:00:00Z,1507,created,supply,710.04,710.7,1,pivot
2026-04-22T20:00:00Z,1505,touch,supply,710.77,711.28,1,
2026-04-22T20:00:00Z,1507,broken,supply,710.04,710.7,1,
2026-04-23T15:00:00Z,1503,touch,supply,711.91,712.39,1,
2026-04-23T15:00:00Z,1505,broken,supply,710.77,711.28,1,
2026-04-23T15:00:00Z,1507,role_flip_retest,demand,710.04,710.7,2,
2026-04-23T16:00:00Z,1503,rejection,supply,711.91,712.39,1,
2026-04-23T18:00:00Z,1502,touch,demand,702.22,702.78,2,
2026-04-23T18:00:00Z,1506,touch,demand,702.64,704.0314055145469,1,
2026-04-23T18:00:00Z,1507,broken,demand,710.04,710.7,2,
2026-04-23T18:00:00Z,1508,created,supply,710.736791169632,712.06,1,order_block
2026-04-23T19:00:00Z,1502,rejection,demand,702.22,702.78,2,
2026-04-23T19:00:00Z,1506,rejection,demand,702.64,704.0314055145469,1,
2026-04-23T19:00:00Z,1503,merged,supply,711.7,712.39,2,pivot;geometry=updated
2026-04-23T19:00:00Z,1503,qualified,supply,711.7,712.39,2,pivot|repeated_pivot
2026-04-23T20:00:00Z,1504,role_flip_retest,demand,706.14,707.16,2,
2026-04-23T20:00:00Z,1508,volume_confluence,supply,710.736791169632,712.06,2,POC:2026-04-23:710.890000
2026-04-24T14:30:00Z,1507,role_flip_retest,supply,710.04,710.7,2,
2026-04-24T14:30:00Z,1508,touch,supply,710.736791169632,712.06,2,
2026-04-24T14:30:00Z,1510,created,demand,702.28,703.7516748470663,1,pivot
2026-04-24T15:00:00Z,1505,role_flip_retest,demand,710.77,711.28,2,
2026-04-24T15:00:00Z,1507,broken,supply,710.04,710.7,2,
2026-04-24T15:00:00Z,1505,volume_confluence,demand,710.77,711.28,3,POC:2026-04-23:710.890000
2026-04-24T16:00:00Z,1503,broken,supply,711.7,712.39,2,
2026-04-24T16:00:00Z,1508,broken,supply,710.736791169632,712.06,2,
2026-04-27T16:00:00Z,1503,role_flip_retest,demand,711.7,712.39,3,
2026-04-27T16:00:00Z,1511,created,supply,713.97,714.47,1,pivot
2026-04-27T18:00:00Z,1511,broken,supply,713.97,714.47,1,
2026-04-27T19:00:00Z,1512,created,demand,712.29,713.3432240762713,1,pivot
2026-04-28T14:30:00Z,1503,broken,demand,711.7,712.39,3,
2026-04-28T14:30:00Z,1505,touch,demand,710.77,711.28,3,
2026-04-28T14:30:00Z,1512,broken,demand,712.29,713.3432240762713,1,
2026-04-28T15:00:00Z,1503,role_flip_retest,supply,711.7,712.39,3,
2026-04-28T15:00:00Z,1505,broken,demand,710.77,711.28,3,
2026-04-28T15:00:00Z,1512,role_flip_retest,supply,712.29,713.3432240762713,2,
2026-04-28T16:00:00Z,1505,role_flip_retest,supply,710.77,711.28,3,
2026-04-28T16:00:00Z,1513,created,supply,715.15,715.63,1,pivot
2026-04-28T18:00:00Z,1507,role_flip_retest,demand,710.04,710.7,2,
2026-04-28T18:00:00Z,1514,created,demand,709.25,710.3440908118857,1,pivot
2026-04-28T19:00:00Z,1505,broken,supply,710.77,711.28,3,
2026-04-28T20:00:00Z,1505,role_flip_retest,demand,710.77,711.28,3,
2026-04-29T14:30:00Z,1514,touch,demand,709.25,710.3440908118857,1,
2026-04-29T15:00:00Z,1503,touch,supply,711.7,712.39,3,
2026-04-29T15:00:00Z,1514,rejection,demand,709.25,710.3440908118857,1,
2026-04-29T16:00:00Z,1503,rejection,supply,711.7,712.39,3,
2026-04-29T16:00:00Z,1505,broken,demand,710.77,711.28,3,
2026-04-29T17:00:00Z,1507,broken,demand,710.04,710.7,2,
2026-04-29T18:00:00Z,1515,created,supply,711.44,712.2,1,pivot
2026-04-29T20:00:00Z,1515,touch,supply,711.44,712.2,1,
2026-04-29T20:00:00Z,1514,volume_confluence,demand,709.25,710.3440908118857,2,POC:2026-04-29:710.205208
2026-04-30T14:30:00Z,1512,touch,supply,712.29,713.3432240762713,2,
2026-04-30T14:30:00Z,1515,rejection,supply,711.44,712.2,1,
2026-04-30T15:00:00Z,1503,broken,supply,711.7,712.39,3,
2026-04-30T15:00:00Z,1508,role_flip_retest,demand,710.736791169632,712.06,3,
2026-04-30T15:00:00Z,1512,broken,supply,712.29,713.3432240762713,2,
2026-04-30T15:00:00Z,1515,broken,supply,711.44,712.2,1,
2026-04-30T15:00:00Z,1516,created,demand,708.37,709.5492907389502,1,pivot
2026-04-30T16:00:00Z,1511,role_flip_retest,demand,713.97,714.47,2,
2026-04-30T17:00:00Z,1513,touch,supply,715.15,715.63,1,
2026-04-30T18:00:00Z,1513,broken,supply,715.15,715.63,1,
2026-04-30T18:00:00Z,1511,merged,demand,713.9,714.6,3,order_block;geometry=updated
2026-05-01T14:30:00Z,1511,merged,demand,713.9,714.6,3,order_block;geometry=updated
2026-05-01T18:00:00Z,1519,created,supply,724.19,724.87,1,pivot
2026-05-04T16:00:00Z,1520,created,supply,720.9382819871787,722.12,1,order_block
2026-05-04T17:00:00Z,1513,role_flip_retest,demand,715.15,715.63,2,
2026-05-04T17:00:00Z,1492,capacity_expired,demand,629.28,631.4175258527521,1,
2026-05-04T20:00:00Z,1521,created,demand,714.99,716.243733938479,1,pivot
2026-05-04T20:00:00Z,1493,capacity_expired,demand,637.98,640.1394049406349,1,
2026-05-05T14:30:00Z,1520,broken,supply,720.9382819871787,722.12,1,
2026-05-05T15:00:00Z,1520,role_flip_retest,demand,720.9382819871787,722.12,2,
2026-05-05T18:00:00Z,1519,touch,supply,724.19,724.87,1,
2026-05-05T20:00:00Z,1484,age_expired,demand,673.89,674.44,2,
2026-05-05T20:00:00Z,1519,rejection,supply,724.19,724.87,1,
2026-05-06T14:30:00Z,1519,broken,supply,724.19,724.87,1,
2026-05-06T18:00:00Z,1522,created,supply,732.15,732.56,1,pivot
2026-05-06T19:00:00Z,1522,broken,supply,732.15,732.56,1,
2026-05-07T15:00:00Z,1505,broken_zone_expired,demand,710.77,711.28,3,
2026-05-07T16:00:00Z,1507,broken_zone_expired,demand,710.04,710.7,2,
2026-05-07T19:00:00Z,1523,created,supply,735.8642150509502,736.13,1,pivot
2026-05-08T14:30:00Z,1503,broken_zone_expired,supply,711.7,712.39,3,
2026-05-08T14:30:00Z,1512,broken_zone_expired,supply,712.29,713.3432240762713,2,
2026-05-08T14:30:00Z,1515,broken_zone_expired,supply,711.44,712.2,1,
2026-05-08T14:30:00Z,1523,broken,supply,735.8642150509502,736.13,1,
2026-05-08T15:00:00Z,1523,role_flip_retest,demand,735.8642150509502,736.13,2,
2026-05-08T15:00:00Z,1524,created,demand,729.75,731.0315660325084,1,pivot
2026-05-12T14:30:00Z,1523,broken,demand,735.8642150509502,736.13,2,
2026-05-12T14:30:00Z,1525,created,supply,740.2,740.79,1,pivot
2026-05-12T15:00:00Z,1523,role_flip_retest,supply,735.8642150509502,736.13,2,
2026-05-12T15:00:00Z,1495,capacity_expired,demand,645.11,646.42,1,
2026-05-12T18:00:00Z,1522,role_flip_retest,demand,732.15,732.56,2,
2026-05-12T18:00:00Z,1497,capacity_expired,demand,651.06,652.58,1,
2026-05-12T20:00:00Z,1489,age_expired,demand,649.88,651.34,2,
2026-05-12T20:00:00Z,1523,broken,supply,735.8642150509502,736.13,2,
2026-05-12T20:00:00Z,1522,merged,demand,731.83,732.56,3,pivot;geometry=updated
2026-05-12T20:00:00Z,1522,qualified,demand,731.83,732.56,3,pivot|repeated_pivot|role_flip
2026-05-13T14:30:00Z,1523,role_flip_retest,demand,735.8642150509502,736.13,2,
2026-05-13T14:30:00Z,1523,volume_confluence,demand,735.8642150509502,736.13,3,POC:2026-05-12:736.065208
2026-05-13T16:00:00Z,1525,touch,supply,740.2,740.79,1,
2026-05-13T17:00:00Z,1525,broken,supply,740.2,740.79,1,
2026-05-13T20:00:00Z,1519,broken_zone_expired,supply,724.19,724.87,1,
2026-05-14T15:00:00Z,1527,created,demand,742.22,742.65,1,order_block
2026-05-14T15:00:00Z,1527,volume_confluence,demand,742.22,742.65,2,POC:2026-05-13:742.327500
2026-05-14T20:00:00Z,1528,created,supply,749.2744023988998,749.53,1,pivot
2026-05-15T14:30:00Z,1527,broken,demand,742.22,742.65,2,
2026-05-15T15:00:00Z,1525,role_flip_retest,demand,740.2,740.79,2,
2026-05-15T15:00:00Z,1527,role_flip_retest,supply,742.22,742.65,3,
2026-05-15T15:00:00Z,1506,capacity_expired,demand,702.64,704.0314055145469,1,
2026-05-15T17:00:00Z,1529,created,demand,737.96,739.17,1,pivot
2026-05-15T17:00:00Z,1510,capacity_expired,demand,702.28,703.7516748470663,1,
2026-05-15T18:00:00Z,1527,broken,supply,742.22,742.65,3,
2026-05-15T20:00:00Z,1525,broken,demand,740.2,740.79,2,
2026-05-15T20:00:00Z,1529,touch,demand,737.96,739.17,1,
2026-05-18T14:30:00Z,1529,rejection,demand,737.96,739.17,1,
2026-05-18T15:00:00Z,1525,role_flip_retest,supply,740.2,740.79,2,
2026-05-18T15:00:00Z,1530,created,supply,742.97,743.46,1,pivot
2026-05-18T15:00:00Z,1525,volume_confluence,supply,740.2,740.79,3,POC:2026-05-15:740.595417
2026-05-18T16:00:00Z,1523,touch,demand,735.8642150509502,736.13,3,
2026-05-18T16:00:00Z,1529,broken,demand,737.96,739.17,1,
2026-05-18T18:00:00Z,1523,rejection,demand,735.8642150509502,736.13,3,
2026-05-18T19:00:00Z,1523,broken,demand,735.8642150509502,736.13,3,
2026-05-19T14:30:00Z,1523,role_flip_retest,supply,735.8642150509502,736.13,3,
2026-05-19T15:00:00Z,1522,touch,demand,731.83,732.56,3,
2026-05-19T17:00:00Z,1522,rejection,demand,731.83,732.56,3,
2026-05-19T18:00:00Z,1523,broken,supply,735.8642150509502,736.13,3,
2026-05-19T18:00:00Z,1531,created,demand,731.53,733.16,1,pivot
2026-05-19T20:00:00Z,1531,touch,demand,731.53,733.16,1,
2026-05-20T15:00:00Z,1523,role_flip_retest,demand,735.8642150509502,736.13,3,
2026-05-20T15:00:00Z,1531,rejection,demand,731.53,733.16,1,
2026-05-20T16:00:00Z,1525,touch,supply,740.2,740.79,3,
2026-05-20T17:00:00Z,1525,rejection,supply,740.2,740.79,3,
2026-05-20T19:00:00Z,1532,created,supply,740.24,741.87,1,pivot
2026-05-20T19:00:00Z,1516,capacity_expired,demand,708.37,709.5492907389502,1,
2026-05-20T20:00:00Z,1525,broken,supply,740.2,740.79,3,
2026-05-21T15:00:00Z,1532,touch,supply,740.24,741.87,1,
2026-05-21T17:00:00Z,1494,age_expired,demand,657.82,658.52,3,
2026-05-21T18:00:00Z,1525,role_flip_retest,demand,740.2,740.79,3,
2026-05-21T18:00:00Z,1527,role_flip_retest,demand,742.22,742.65,3,
2026-05-21T18:00:00Z,1530,broken,supply,742.97,743.46,1,
2026-05-21T18:00:00Z,1532,broken,supply,740.24,741.87,1,
2026-05-21T18:00:00Z,1533,created,demand,738.09,739.3,1,order_block
2026-05-21T19:00:00Z,1527,broken,demand,742.22,742.65,3,
2026-05-21T19:00:00Z,1534,created,demand,737.03,738.8062347919936,1,pivot
2026-05-21T20:00:00Z,1532,role_flip_retest,demand,740.24,741.87,2,
2026-05-21T20:00:00Z,1533,volume_confluence,demand,738.09,739.3,2,POC:2026-05-21:738.826667
2026-05-22T17:00:00Z,1535,created,supply,747.54,748.16,1,pivot
2026-05-22T17:00:00Z,1521,capacity_expired,demand,714.99,716.243733938479,1,
2026-05-26T14:30:00Z,1528,broken,supply,749.2744023988998,749.53,1,
2026-05-26T14:30:00Z,1535,broken,supply,747.54,748.16,1,
2026-05-26T18:00:00Z,1536,created,supply,751.4,752.13,1,pivot
2026-05-26T20:00:00Z,1528,role_flip_retest,demand,749.2744023988998,749.53,2,
2026-05-27T15:00:00Z,1529,broken_zone_expired,demand,737.96,739.17,1,
2026-05-27T16:00:00Z,1498,age_expired,demand,653.43,655.1714111971147,2,
2026-05-27T16:00:00Z,1528,broken,demand,749.2744023988998,749.53,2,
2026-05-27T18:00:00Z,1537,created,supply,750.5,751.38,1,pivot
2026-05-27T20:00:00Z,1499,age_expired,demand,676.39,677.4,3,
2026-05-28T14:30:00Z,1538,created,demand,748.22,749.400016970783,1,pivot
2026-05-28T14:30:00Z,1538,volume_confluence,demand,748.22,749.400016970783,2,POC:2026-05-26:749.075000
2026-05-28T15:00:00Z,1536,broken,supply,751.4,752.13,1,
2026-05-28T15:00:00Z,1537,broken,supply,750.5,751.38,1,
2026-05-29T18:00:00Z,1539,created,supply,757.82,758.08,1,pivot
2026-06-01T15:00:00Z,1500,age_expired,demand,681.36,682.03,2,
2026-06-01T17:00:00Z,1530,broken_zone_expired,supply,742.97,743.46,1,
2026-06-01T17:00:00Z,1539,touch,supply,757.82,758.08,1,
2026-06-01T17:00:00Z,1540,created,demand,754.69,755.34,1,pivot
2026-06-01T18:00:00Z,1527,broken_zone_expired,demand,742.22,742.65,3,
2026-06-01T18:00:00Z,1539,broken,supply,757.82,758.08,1,
2026-06-01T20:00:00Z,1539,role_flip_retest,demand,757.82,758.08,2,
2026-06-02T14:30:00Z,1539,broken,demand,757.82,758.08,2,
2026-06-02T14:30:00Z,1541,created,supply,759.55,760.27,1,pivot
2026-06-02T19:00:00Z,1541,merged,supply,759.55,760.4,1,pivot;geometry=updated
2026-06-02T20:00:00Z,1535,broken_zone_expired,supply,747.54,748.16,1,
2026-06-02T20:00:00Z,1541,touch,supply,759.55,760.4,1,
2026-06-03T14:30:00Z,1539,role_flip_retest,supply,757.82,758.08,2,
2026-06-03T14:30:00Z,1540,touch,demand,754.69,755.34,1,
2026-06-03T14:30:00Z,1541,rejection,supply,759.55,760.4,1,
2026-06-03T16:00:00Z,1540,touch,demand,754.69,755.34,1,
2026-06-03T18:00:00Z,1540,rejection,demand,754.69,755.34,1,
2026-06-03T20:00:00Z,1540,broken,demand,754.69,755.34,1,
2026-06-03T20:00:00Z,1543,created,demand,753.57,754.5336890103099,1,pivot
2026-06-04T14:30:00Z,1536,role_flip_retest,demand,751.4,752.13,2,
2026-06-04T14:30:00Z,1543,broken,demand,753.57,754.5336890103099,1,
2026-06-04T15:00:00Z,1528,broken_zone_expired,demand,749.2744023988998,749.53,2,
2026-06-04T17:00:00Z,1536,merged,demand,751.4,752.13,3,pivot;geometry=updated
2026-06-04T17:00:00Z,1536,qualified,demand,751.4,752.13,3,pivot|repeated_pivot|role_flip
2026-06-04T19:00:00Z,1539,touch,supply,757.82,758.08,2,
2026-06-04T20:00:00Z,1539,rejection,supply,757.82,758.08,2,
2026-06-05T14:30:00Z,1536,broken,demand,751.4,752.13,3,
2026-06-05T14:30:00Z,1537,broken_zone_expired,supply,750.5,751.38,1,
2026-06-05T14:30:00Z,1538,touch,demand,748.22,749.400016970783,2,
2026-06-05T14:30:00Z,1545,created,supply,756.79,757.74,1,order_block
2026-06-05T14:30:00Z,1545,volume_confluence,supply,756.79,757.74,2,POC:2026-06-04:757.597500
2026-06-05T15:00:00Z,1538,rejection,demand,748.22,749.400016970783,2,
2026-06-05T16:00:00Z,1502,age_expired,demand,702.22,702.78,2,
2026-06-05T16:00:00Z,1538,broken,demand,748.22,749.400016970783,2,
2026-06-05T16:00:00Z,1539,merged,supply,757.64,758.31,3,pivot;geometry=updated
2026-06-05T16:00:00Z,1539,qualified,supply,757.64,758.31,3,pivot|repeated_pivot|role_flip
2026-06-05T16:00:00Z,1547,created,supply,749.7981569207375,750.96,1,order_block
2026-06-05T19:00:00Z,1525,broken,demand,740.2,740.79,3,
2026-06-05T19:00:00Z,1532,broken,demand,740.24,741.87,2,
2026-06-05T19:00:00Z,1533,touch,demand,738.09,739.3,2,
2026-06-05T19:00:00Z,1534,touch,demand,737.03,738.8062347919936,1,
2026-06-05T19:00:00Z,1548,created,supply,744.54,745.3,1,order_block
2026-06-05T20:00:00Z,1523,touch,demand,735.8642150509502,736.13,3,
2026-06-05T20:00:00Z,1533,broken,demand,738.09,739.3,2,
2026-06-05T20:00:00Z,1534,volume_confluence,demand,737.03,738.8062347919936,2,POC:2026-06-05:738.763750
2026-06-08T15:00:00Z,1523,rejection,demand,735.8642150509502,736.13,3,
2026-06-08T15:00:00Z,1534,rejection,demand,737.03,738.8062347919936,2,
2026-06-08T15:00:00Z,1548,touch,supply,744.54,745.3,1,
2026-06-08T16:00:00Z,1548,rejection,supply,744.54,745.3,1,
2026-06-08T16:00:00Z,1549,created,demand,735.52,737.3089537825247,1,pivot
2026-06-08T19:00:00Z,1548,merged,supply,744.54,745.34,2,pivot;geometry=updated
2026-06-08T20:00:00Z,1525,role_flip_retest,supply,740.2,740.79,3,
2026-06-08T20:00:00Z,1532,role_flip_retest,supply,740.24,741.87,2,
2026-06-08T20:00:00Z,1532,volume_confluence,supply,740.24,741.87,3,POC:2026-06-08:740.722292
2026-06-09T14:30:00Z,1525,broken,supply,740.2,740.79,3,
2026-06-09T14:30:00Z,1532,broken,supply,740.24,741.87,3,
2026-06-09T15:00:00Z,1504,age_expired,demand,706.14,707.16,2,
2026-06-09T15:00:00Z,1523,touch,demand,735.8642150509502,736.13,3,
2026-06-09T15:00:00Z,1533,role_flip_retest,supply,738.09,739.3,3,
2026-06-09T15:00:00Z,1534,touch,demand,737.03,738.8062347919936,2,
2026-06-09T15:00:00Z,1549,touch,demand,735.52,737.3089537825247,1,
2026-06-09T16:00:00Z,1522,broken,demand,731.83,732.56,3,
2026-06-09T16:00:00Z,1523,broken,demand,735.8642150509502,736.13,3,
2026-06-09T16:00:00Z,1524,broken,demand,729.75,731.0315660325084,1,
2026-06-09T16:00:00Z,1531,broken,demand,731.53,733.16,1,
2026-06-09T16:00:00Z,1534,broken,demand,737.03,738.8062347919936,2,
2026-06-09T16:00:00Z,1549,broken,demand,735.52,737.3089537825247,1,
2026-06-09T16:00:00Z,1551,created,supply,744.7720881892895,746.9,1,order_block
2026-06-09T17:00:00Z,1524,role_flip_retest,supply,729.75,731.0315660325084,2,
2026-06-09T17:00:00Z,1552,created,supply,744.41299007906,746.9,1,pivot
2026-06-09T18:00:00Z,1524,broken,supply,729.75,731.0315660325084,2,
2026-06-09T19:00:00Z,1534,role_flip_retest,supply,737.03,738.8062347919936,3,
2026-06-09T20:00:00Z,1553,created,demand,722.59,725.2217348018604,1,pivot
2026-06-10T14:30:00Z,1523,role_flip_retest,supply,735.8642150509502,736.13,3,
2026-06-10T15:00:00Z,1533,touch,supply,738.09,739.3,3,
2026-06-10T15:00:00Z,1549,role_flip_retest,supply,735.52,737.3089537825247,2,
2026-06-10T16:00:00Z,1524,role_flip_retest,demand,729.75,731.0315660325084,2,
2026-06-10T16:00:00Z,1533,rejection,supply,738.09,739.3,3,
2026-06-10T17:00:00Z,1522,role_flip_retest,supply,731.83,732.56,3,
2026-06-10T17:00:00Z,1531,role_flip_retest,supply,731.53,733.16,2,
2026-06-10T18:00:00Z,1554,created,supply,735.7563321081112,738.38,1,pivot
2026-06-10T18:00:00Z,1541,capacity_expired,supply,759.55,760.4,1,
2026-06-10T19:00:00Z,1524,broken,demand,729.75,731.0315660325084,2,
2026-06-11T14:30:00Z,1524,role_flip_retest,supply,729.75,731.0315660325084,2,
2026-06-11T15:00:00Z,1553,touch,demand,722.59,725.2217348018604,1,
2026-06-11T16:00:00Z,1553,rejection,demand,722.59,725.2217348018604,1,
2026-06-11T18:00:00Z,1522,broken,supply,731.83,732.56,3,
2026-06-11T18:00:00Z,1523,touch,supply,735.8642150509502,736.13,3,
2026-06-11T18:00:00Z,1524,broken,supply,729.75,731.0315660325084,2,
2026-06-11T18:00:00Z,1531,broken,supply,731.53,733.16,2,
2026-06-11T18:00:00Z,1549,touch,supply,735.52,737.3089537825247,2,
2026-06-11T18:00:00Z,1554,touch,supply,735.7563321081112,738.38,1,
2026-06-11T19:00:00Z,1531,role_flip_retest,demand,731.53,733.16,2,
2026-06-11T19:00:00Z,1540,broken_zone_expired,demand,754.69,755.34,1,
2026-06-11T19:00:00Z,1555,created,demand,724.4,725.57,1,pivot
2026-06-11T20:00:00Z,1523,broken,supply,735.8642150509502,736.13,3,
2026-06-11T20:00:00Z,1533,touch,supply,738.09,739.3,3,
2026-06-11T20:00:00Z,1534,touch,supply,737.03,738.8062347919936,3,
2026-06-11T20:00:00Z,1543,broken_zone_expired,demand,753.57,754.5336890103099,1,
2026-06-11T20:00:00Z,1549,broken,supply,735.52,737.3089537825247,2,
2026-06-12T14:30:00Z,1508,age_expired,demand,710.736791169632,712.06,3,
2026-06-12T14:30:00Z,1523,role_flip_retest,demand,735.8642150509502,736.13,3,
2026-06-12T14:30:00Z,1533,rejection,supply,738.09,739.3,3,
2026-06-12T14:30:00Z,1534,rejection,supply,737.03,738.8062347919936,3,
2026-06-12T15:00:00Z,1525,role_flip_retest,demand,740.2,740.79,3,
2026-06-12T15:00:00Z,1532,role_flip_retest,demand,740.24,741.87,3,
2026-06-12T15:00:00Z,1533,broken,supply,738.09,739.3,3,
2026-06-12T15:00:00Z,1534,broken,supply,737.03,738.8062347919936,3,
2026-06-12T15:00:00Z,1549,role_flip_retest,demand,735.52,737.3089537825247,2,
2026-06-12T15:00:00Z,1554,broken,supply,735.7563321081112,738.38,1,
2026-06-12T16:00:00Z,1525,broken,demand,740.2,740.79,3,
2026-06-12T16:00:00Z,1532,broken,demand,740.24,741.87,3,
2026-06-12T16:00:00Z,1534,role_flip_retest,demand,737.03,738.8062347919936,3,
2026-06-12T16:00:00Z,1552,touch,supply,744.41299007906,746.9,1,
2026-06-12T17:00:00Z,1533,role_flip_retest,demand,738.09,739.3,3,
2026-06-12T17:00:00Z,1554,role_flip_retest,demand,735.7563321081112,738.38,2,
2026-06-12T19:00:00Z,1556,created,supply,742.39,744.44,1,pivot
2026-06-12T20:00:00Z,1536,broken_zone_expired,demand,751.4,752.13,3,
2026-06-15T14:30:00Z,1547,broken,supply,749.7981569207375,750.96,1,
2026-06-15T14:30:00Z,1548,broken,supply,744.54,745.34,2,
2026-06-15T14:30:00Z,1551,broken,supply,744.7720881892895,746.9,1,
2026-06-15T14:30:00Z,1552,broken,supply,744.41299007906,746.9,1,
2026-06-15T14:30:00Z,1556,broken,supply,742.39,744.44,1,
2026-06-15T15:00:00Z,1538,broken_zone_expired,demand,748.22,749.400016970783,2,
2026-06-15T19:00:00Z,1511,age_expired,demand,713.9,714.6,3,
2026-06-15T20:00:00Z,1545,merged,supply,756.15,757.74,3,pivot;geometry=updated
2026-06-16T19:00:00Z,1513,age_expired,demand,715.15,715.63,2,
2026-06-17T14:30:00Z,1514,age_expired,demand,709.25,710.3440908118857,2,
2026-06-17T18:00:00Z,1558,created,demand,747.85,749.06,1,pivot
2026-06-17T19:00:00Z,1548,role_flip_retest,demand,744.54,745.34,3,
2026-06-17T19:00:00Z,1556,role_flip_retest,demand,742.39,744.44,2,
2026-06-17T19:00:00Z,1558,broken,demand,747.85,749.06,1,
2026-06-17T19:00:00Z,1559,created,supply,749.99,750.91,1,order_block
2026-06-17T20:00:00Z,1533,touch,demand,738.09,739.3,3,
2026-06-17T20:00:00Z,1548,broken,demand,744.54,745.34,3,
2026-06-17T20:00:00Z,1556,broken,demand,742.39,744.44,2,
2026-06-17T20:00:00Z,1559,merged,supply,749.99,750.91,1,order_block;geometry=updated
2026-06-18T14:30:00Z,1558,role_flip_retest,supply,747.85,749.06,2,
2026-06-18T15:00:00Z,1533,rejection,demand,738.09,739.3,3,
2026-06-18T16:00:00Z,1561,created,demand,739.22,741.02,1,pivot
2026-06-18T18:00:00Z,1551,role_flip_retest,demand,744.7720881892895,746.9,2,
2026-06-18T18:00:00Z,1552,role_flip_retest,demand,744.41299007906,746.9,2,
2026-06-18T20:00:00Z,1551,volume_confluence,demand,744.7720881892895,746.9,3,POC:2026-06-18:746.500208
2026-06-18T20:00:00Z,1552,volume_confluence,demand,744.41299007906,746.9,3,POC:2026-06-18:746.500208
2026-06-22T14:30:00Z,1558,broken,supply,747.85,749.06,2,
2026-06-22T15:00:00Z,1559,touch,supply,749.99,750.91,1,
2026-06-22T17:00:00Z,1522,broken_zone_expired,supply,731.83,732.56,3,
2026-06-22T17:00:00Z,1524,broken_zone_expired,supply,729.75,731.0315660325084,2,
2026-06-22T18:00:00Z,1562,created,demand,743.15,744.72,1,pivot
2026-06-22T18:00:00Z,1559,merged,supply,749.8038968563882,750.91,2,pivot;geometry=updated
2026-06-22T19:00:00Z,1548,role_flip_retest,supply,744.54,745.34,3,
2026-06-22T19:00:00Z,1551,broken,demand,744.7720881892895,746.9,3,
2026-06-22T19:00:00Z,1552,broken,demand,744.41299007906,746.9,3,
2026-06-22T20:00:00Z,1551,role_flip_retest,supply,744.7720881892895,746.9,3,
2026-06-22T20:00:00Z,1552,role_flip_retest,supply,744.41299007906,746.9,3,
2026-06-22T20:00:00Z,1562,volume_confluence,demand,743.15,744.72,2,POC:2026-06-22:743.864375
2026-06-23T14:30:00Z,1523,touch,demand,735.8642150509502,736.13,3,
2026-06-23T14:30:00Z,1531,touch,demand,731.53,733.16,2,
2026-06-23T14:30:00Z,1533,broken,demand,738.09,739.3,3,
2026-06-23T14:30:00Z,1534,touch,demand,737.03,738.8062347919936,3,
2026-06-23T14:30:00Z,1549,touch,demand,735.52,737.3089537825247,2,
2026-06-23T14:30:00Z,1554,touch,demand,735.7563321081112,738.38,2,
2026-06-23T14:30:00Z,1561,broken,demand,739.22,741.02,1,
2026-06-23T14:30:00Z,1562,broken,demand,743.15,744.72,2,
2026-06-23T15:00:00Z,1525,broken_zone_expired,demand,740.2,740.79,3,
2026-06-23T15:00:00Z,1532,broken_zone_expired,demand,740.24,741.87,3,
2026-06-23T15:00:00Z,1533,role_flip_retest,supply,738.09,739.3,3,
2026-06-23T15:00:00Z,1561,role_flip_retest,supply,739.22,741.02,2,
2026-06-23T16:00:00Z,1523,touch,demand,735.8642150509502,736.13,3,
2026-06-23T16:00:00Z,1534,broken,demand,737.03,738.8062347919936,3,
2026-06-23T17:00:00Z,1523,rejection,demand,735.8642150509502,736.13,3,
2026-06-23T17:00:00Z,1531,rejection,demand,731.53,733.16,2,
2026-06-23T17:00:00Z,1549,rejection,demand,735.52,737.3089537825247,2,
2026-06-23T17:00:00Z,1564,created,demand,732.3,733.74,1,pivot
2026-06-23T18:00:00Z,1534,role_flip_retest,supply,737.03,738.8062347919936,3,
2026-06-23T19:00:00Z,1520,age_expired,demand,720.9382819871787,722.12,2,
2026-06-23T19:00:00Z,1523,broken,demand,735.8642150509502,736.13,3,
2026-06-23T19:00:00Z,1549,broken,demand,735.52,737.3089537825247,2,
2026-06-23T19:00:00Z,1554,broken,demand,735.7563321081112,738.38,2,
2026-06-23T19:00:00Z,1564,touch,demand,732.3,733.74,1,
2026-06-23T20:00:00Z,1547,broken_zone_expired,supply,749.7981569207375,750.96,1,
2026-06-23T20:00:00Z,1549,role_flip_retest,supply,735.52,737.3089537825247,2,
2026-06-24T14:30:00Z,1564,rejection,demand,732.3,733.74,1,
2026-06-24T15:00:00Z,1533,broken,supply,738.09,739.3,3,
2026-06-24T15:00:00Z,1534,broken,supply,737.03,738.8062347919936,3,
2026-06-24T15:00:00Z,1549,broken,supply,735.52,737.3089537825247,2,
2026-06-24T15:00:00Z,1561,touch,supply,739.22,741.02,2,
2026-06-24T16:00:00Z,1561,rejection,supply,739.22,741.02,2,
2026-06-24T17:00:00Z,1523,role_flip_retest,supply,735.8642150509502,736.13,3,
2026-06-24T17:00:00Z,1554,role_flip_retest,supply,735.7563321081112,738.38,2,
2026-06-24T18:00:00Z,1531,touch,demand,731.53,733.16,2,
2026-06-24T18:00:00Z,1564,broken,demand,732.3,733.74,1,
2026-06-24T19:00:00Z,1564,role_flip_retest,supply,732.3,733.74,2,
2026-06-24T19:00:00Z,1565,created,supply,739.5288454920249,739.95,1,pivot
2026-06-25T14:30:00Z,1531,broken,demand,731.53,733.16,2,
2026-06-25T14:30:00Z,1564,merged,supply,731.93,733.74,3,order_block;geometry=updated
2026-06-25T15:00:00Z,1564,broken,supply,731.93,733.74,3,
2026-06-25T16:00:00Z,1564,role_flip_retest,demand,731.93,733.74,3,
2026-06-25T17:00:00Z,1567,created,demand,729.6,730.111269328869,1,pivot
2026-06-25T19:00:00Z,1523,touch,supply,735.8642150509502,736.13,3,
2026-06-25T19:00:00Z,1554,touch,supply,735.7563321081112,738.38,2,
2026-06-26T14:30:00Z,1564,broken,demand,731.93,733.74,3,
2026-06-26T14:30:00Z,1567,touch,demand,729.6,730.111269328869,1,
2026-06-26T15:00:00Z,1567,rejection,demand,729.6,730.111269328869,1,
2026-06-26T16:00:00Z,1523,touch,supply,735.8642150509502,736.13,3,
2026-06-26T16:00:00Z,1554,touch,supply,735.7563321081112,738.38,2,
2026-06-26T17:00:00Z,1523,rejection,supply,735.8642150509502,736.13,3,
2026-06-26T17:00:00Z,1554,rejection,supply,735.7563321081112,738.38,2,
2026-06-26T17:00:00Z,1568,created,demand,726.86,728.95,1,pivot
2026-06-26T19:00:00Z,1556,broken_zone_expired,demand,742.39,744.44,2,
2026-06-26T19:00:00Z,1564,role_flip_retest,supply,731.93,733.74,3,
2026-06-26T19:00:00Z,1523,merged,supply,735.4,736.53,4,pivot;geometry=updated
2026-06-26T19:00:00Z,1523,qualified,supply,735.4,736.53,4,pivot|repeated_pivot|role_flip|volume_profile
2026-06-26T20:00:00Z,1531,role_flip_retest,supply,731.53,733.16,2,
2026-06-26T20:00:00Z,1553,touch,demand,722.59,725.2217348018604,1,
2026-06-26T20:00:00Z,1555,touch,demand,724.4,725.57,1,
2026-06-26T20:00:00Z,1568,touch,demand,726.86,728.95,1,
2026-06-26T20:00:00Z,1531,volume_confluence,supply,731.53,733.16,3,POC:2026-06-25:731.838958
2026-06-26T20:00:00Z,1564,volume_confluence,supply,731.93,733.74,4,POC:2026-06-26:733.620625
2026-06-29T14:30:00Z,1523,broken,supply,735.4,736.53,4,
2026-06-29T14:30:00Z,1531,broken,supply,731.53,733.16,3,
2026-06-29T14:30:00Z,1561,touch,supply,739.22,741.02,2,
2026-06-29T14:30:00Z,1564,broken,supply,731.93,733.74,4,
2026-06-29T14:30:00Z,1565,touch,supply,739.5288454920249,739.95,1,
2026-06-29T15:00:00Z,1523,role_flip_retest,demand,735.4,736.53,4,
2026-06-29T15:00:00Z,1531,role_flip_retest,demand,731.53,733.16,3,
2026-06-29T15:00:00Z,1549,role_flip_retest,demand,735.52,737.3089537825247,2,
2026-06-29T15:00:00Z,1553,rejection,demand,722.59,725.2217348018604,1,
2026-06-29T15:00:00Z,1555,rejection,demand,724.4,725.57,1,
2026-06-29T15:00:00Z,1564,role_flip_retest,demand,731.93,733.74,4,
2026-06-29T15:00:00Z,1568,rejection,demand,726.86,728.95,1,
2026-06-29T16:00:00Z,1523,age_expired,demand,735.4,736.53,4,
2026-06-29T16:00:00Z,1570,created,demand,716.58,719.4177266009278,1,pivot
2026-06-29T17:00:00Z,1554,broken,supply,735.7563321081112,738.38,2,
2026-06-29T17:00:00Z,1571,created,supply,737.2193967277099,739.9,1,pivot
2026-06-29T18:00:00Z,1533,role_flip_retest,demand,738.09,739.3,3,
2026-06-29T18:00:00Z,1534,role_flip_retest,demand,737.03,738.8062347919936,3,
2026-06-29T18:00:00Z,1561,touch,supply,739.22,741.02,2,
2026-06-29T18:00:00Z,1565,broken,supply,739.5288454920249,739.95,1,
2026-06-29T18:00:00Z,1571,broken,supply,737.2193967277099,739.9,1,
2026-06-29T20:00:00Z,1558,broken_zone_expired,supply,747.85,749.06,2,
2026-06-29T20:00:00Z,1561,volume_confluence,supply,739.22,741.02,3,POC:2026-06-29:740.178958
2026-06-30T14:30:00Z,1561,broken,supply,739.22,741.02,3,
2026-06-30T15:00:00Z,1548,touch,supply,744.54,745.34,3,
2026-06-30T15:00:00Z,1551,touch,supply,744.7720881892895,746.9,3,
2026-06-30T15:00:00Z,1552,touch,supply,744.41299007906,746.9,3,
2026-06-30T16:00:00Z,1548,broken,supply,744.54,745.34,3,
2026-06-30T19:00:00Z,1551,broken,supply,744.7720881892895,746.9,3,
2026-06-30T19:00:00Z,1552,broken,supply,744.41299007906,746.9,3,
2026-06-30T20:00:00Z,1562,broken_zone_expired,demand,743.15,744.72,2,
2026-07-01T15:00:00Z,1548,role_flip_retest,demand,744.54,745.34,3,
2026-07-01T15:00:00Z,1551,role_flip_retest,demand,744.7720881892895,746.9,3,
2026-07-01T15:00:00Z,1552,role_flip_retest,demand,744.41299007906,746.9,3,
2026-07-01T17:00:00Z,1572,created,demand,742.37,744.0665710442573,1,pivot
2026-07-01T20:00:00Z,1573,created,supply,748.81,749.44,1,pivot
2026-07-02T14:30:00Z,1559,touch,supply,749.8038968563882,750.91,2,
2026-07-02T14:30:00Z,1573,broken,supply,748.81,749.44,1,
2026-07-02T15:00:00Z,1551,touch,demand,744.7720881892895,746.9,3,
2026-07-02T15:00:00Z,1552,touch,demand,744.41299007906,746.9,3,
2026-07-02T15:00:00Z,1559,rejection,supply,749.8038968563882,750.91,2,
2026-07-02T16:00:00Z,1548,touch,demand,744.54,745.34,3,
2026-07-02T16:00:00Z,1572,touch,demand,742.37,744.0665710442573,1,
2026-07-02T17:00:00Z,1548,broken,demand,744.54,745.34,3,
2026-07-02T17:00:00Z,1551,broken,demand,744.7720881892895,746.9,3,
2026-07-02T17:00:00Z,1552,broken,demand,744.41299007906,746.9,3,
2026-07-02T17:00:00Z,1572,broken,demand,742.37,744.0665710442573,1,
2026-07-02T18:00:00Z,1559,merged,supply,749.8038968563882,751.31,3,pivot;geometry=updated
2026-07-02T18:00:00Z,1559,qualified,supply,749.8038968563882,751.31,3,order_block|pivot|repeated_pivot
2026-07-02T19:00:00Z,1561,role_flip_retest,demand,739.22,741.02,3,
2026-07-06T14:30:00Z,1575,created,demand,740.03,740.4318919765984,1,pivot
2026-07-06T15:00:00Z,1559,touch,supply,749.8038968563882,751.31,3,
2026-07-06T15:00:00Z,1573,role_flip_retest,demand,748.81,749.44,2,
2026-07-06T19:00:00Z,1559,broken,supply,749.8038968563882,751.31,3,
2026-07-07T15:00:00Z,1573,broken,demand,748.81,749.44,2,
2026-07-07T16:00:00Z,1576,created,supply,751.94,752.41,1,pivot
2026-07-07T18:00:00Z,1577,created,demand,745.21,746.45,1,pivot
2026-07-07T19:00:00Z,1573,role_flip_retest,supply,748.81,749.44,2,
2026-07-07T20:00:00Z,1577,touch,demand,745.21,746.45,1,
2026-07-08T14:30:00Z,1548,role_flip_retest,supply,744.54,745.34,3,
2026-07-08T14:30:00Z,1551,role_flip_retest,supply,744.7720881892895,746.9,3,
2026-07-08T14:30:00Z,1552,role_flip_retest,supply,744.41299007906,746.9,3,
2026-07-08T14:30:00Z,1577,broken,demand,745.21,746.45,1,
2026-07-08T15:00:00Z,1561,touch,demand,739.22,741.02,3,
2026-07-08T15:00:00Z,1572,role_flip_retest,supply,742.37,744.0665710442573,2,
2026-07-08T16:00:00Z,1554,broken_zone_expired,supply,735.7563321081112,738.38,2,
2026-07-08T16:00:00Z,1565,role_flip_retest,demand,739.5288454920249,739.95,2,
2026-07-08T16:00:00Z,1571,role_flip_retest,demand,737.2193967277099,739.9,2,
2026-07-08T16:00:00Z,1575,touch,demand,740.03,740.4318919765984,1,
2026-07-08T16:00:00Z,1553,capacity_expired,demand,722.59,725.2217348018604,1,
2026-07-08T16:00:00Z,1555,capacity_expired,demand,724.4,725.57,1,
2026-07-08T17:00:00Z,1561,rejection,demand,739.22,741.02,3,
2026-07-08T17:00:00Z,1572,broken,supply,742.37,744.0665710442573,2,
2026-07-08T17:00:00Z,1575,rejection,demand,740.03,740.4318919765984,1,
2026-07-08T18:00:00Z,1572,role_flip_retest,demand,742.37,744.0665710442573,2,
2026-07-08T18:00:00Z,1577,role_flip_retest,supply,745.21,746.45,2,
2026-07-08T18:00:00Z,1567,capacity_expired,demand,729.6,730.111269328869,1,
2026-07-08T19:00:00Z,1575,merged,demand,739.51,740.64,2,pivot;geometry=updated
2026-07-08T19:00:00Z,1575,qualified,demand,739.51,740.64,2,pivot|repeated_pivot
2026-07-09T14:30:00Z,1548,broken,supply,744.54,745.34,3,
2026-07-09T14:30:00Z,1551,broken,supply,744.7720881892895,746.9,3,
2026-07-09T14:30:00Z,1552,broken,supply,744.41299007906,746.9,3,
2026-07-09T14:30:00Z,1573,touch,supply,748.81,749.44,2,
2026-07-09T14:30:00Z,1577,broken,supply,745.21,746.45,2,
2026-07-09T15:00:00Z,1551,role_flip_retest,demand,744.7720881892895,746.9,3,
2026-07-09T15:00:00Z,1552,role_flip_retest,demand,744.41299007906,746.9,3,
2026-07-09T15:00:00Z,1577,role_flip_retest,demand,745.21,746.45,2,
2026-07-09T16:00:00Z,1573,broken,supply,748.81,749.44,2,
2026-07-09T18:00:00Z,1559,role_flip_retest,demand,749.8038968563882,751.31,4,
2026-07-09T18:00:00Z,1576,touch,supply,751.94,752.41,1,
2026-07-09T19:00:00Z,1576,rejection,supply,751.94,752.41,1,
2026-07-09T20:00:00Z,1559,volume_confluence,demand,749.8038968563882,751.31,5,POC:2026-07-09:750.773750
2026-07-09T20:00:00Z,1559,evidence_upgrade,demand,749.8038968563882,751.31,5,volume_profile;score:4->5;qualified_score:3
2026-07-10T14:30:00Z,1531,age_expired,demand,731.53,733.16,3,
2026-07-10T14:30:00Z,1576,broken,supply,751.94,752.41,1,
2026-07-10T15:00:00Z,1573,role_flip_retest,demand,748.81,749.44,2,
2026-07-10T16:00:00Z,1576,role_flip_retest,demand,751.94,752.41,2,
2026-07-10T18:00:00Z,1579,created,demand,748.15,749.4107589634248,1,pivot
2026-07-13T15:00:00Z,1559,touch,demand,749.8038968563882,751.31,5,
2026-07-13T16:00:00Z,1576,broken,demand,751.94,752.41,2,
2026-07-13T16:00:00Z,1580,created,supply,754.9,755.42,1,pivot
2026-07-13T17:00:00Z,1573,touch,demand,748.81,749.44,2,
2026-07-13T17:00:00Z,1579,touch,demand,748.15,749.4107589634248,1,
2026-07-13T18:00:00Z,1559,broken,demand,749.8038968563882,751.31,5,
2026-07-13T19:00:00Z,1559,role_flip_retest,supply,749.8038968563882,751.31,5,
2026-07-13T20:00:00Z,1573,volume_confluence,demand,748.81,749.44,3,POC:2026-07-13:749.110000
2026-07-13T20:00:00Z,1579,volume_confluence,demand,748.15,749.4107589634248,2,POC:2026-07-13:749.110000
2026-07-14T14:30:00Z,1533,age_expired,demand,738.09,739.3,3,
2026-07-14T15:00:00Z,1534,age_expired,demand,737.03,738.8062347919936,3,
2026-07-14T15:00:00Z,1559,broken,supply,749.8038968563882,751.31,5,
2026-07-14T15:00:00Z,1576,role_flip_retest,supply,751.94,752.41,2,
2026-07-14T15:00:00Z,1579,touch,demand,748.15,749.4107589634248,2,
2026-07-14T16:00:00Z,1581,created,demand,748.0,749.1,1,pivot
2026-07-14T17:00:00Z,1559,role_flip_retest,demand,749.8038968563882,751.31,5,
2026-07-14T17:00:00Z,1579,rejection,demand,748.15,749.4107589634248,2,
2026-07-14T18:00:00Z,1582,created,supply,752.1056170490913,753.34,1,pivot
2026-07-14T18:00:00Z,1568,capacity_expired,demand,726.86,728.95,1,
2026-07-15T14:30:00Z,1576,broken,supply,751.94,752.41,2,
2026-07-15T14:30:00Z,1580,touch,supply,754.9,755.42,1,
2026-07-15T14:30:00Z,1582,broken,supply,752.1056170490913,753.34,1,
2026-07-15T15:00:00Z,1580,rejection,supply,754.9,755.42,1,
2026-07-15T15:00:00Z,1582,role_flip_retest,demand,752.1056170490913,753.34,2,
2026-07-15T16:00:00Z,1576,role_flip_retest,demand,751.94,752.41,2,
2026-07-15T17:00:00Z,1559,touch,demand,749.8038968563882,751.31,5,
2026-07-15T17:00:00Z,1576,broken,demand,751.94,752.41,2,
2026-07-15T17:00:00Z,1582,broken,demand,752.1056170490913,753.34,2,
2026-07-15T17:00:00Z,1583,created,supply,754.45,755.58,1,pivot
2026-07-15T18:00:00Z,1559,rejection,demand,749.8038968563882,751.31,5,
2026-07-15T20:00:00Z,1584,created,demand,750.2,751.422996506627,1,pivot
2026-07-16T14:30:00Z,1576,role_flip_retest,supply,751.94,752.41,2,
2026-07-16T14:30:00Z,1582,role_flip_retest,supply,752.1056170490913,753.34,2,
2026-07-16T14:30:00Z,1582,volume_confluence,supply,752.1056170490913,753.34,3,POC:2026-07-15:753.226250
2026-07-16T14:30:00Z,1570,capacity_expired,demand,716.58,719.4177266009278,1,
2026-07-16T14:30:00Z,1580,capacity_expired,supply,754.9,755.42,1,
2026-07-16T15:00:00Z,1576,broken,supply,751.94,752.41,2,
2026-07-16T15:00:00Z,1582,broken,supply,752.1056170490913,753.34,3,
2026-07-16T15:00:00Z,1583,touch,supply,754.45,755.58,1,
2026-07-16T16:00:00Z,1582,role_flip_retest,demand,752.1056170490913,753.34,3,
2026-07-16T16:00:00Z,1583,rejection,supply,754.45,755.58,1,
2026-07-16T17:00:00Z,1576,role_flip_retest,demand,751.94,752.41,2,
2026-07-16T18:00:00Z,1559,touch,demand,749.8038968563882,751.31,5,
2026-07-16T18:00:00Z,1576,broken,demand,751.94,752.41,2,
2026-07-16T18:00:00Z,1582,broken,demand,752.1056170490913,753.34,3,
2026-07-16T18:00:00Z,1584,touch,demand,750.2,751.422996506627,1,
2026-07-16T20:00:00Z,1548,broken_zone_expired,supply,744.54,745.34,3,
2026-07-16T20:00:00Z,1573,touch,demand,748.81,749.44,3,
2026-07-16T20:00:00Z,1579,touch,demand,748.15,749.4107589634248,2,
2026-07-16T20:00:00Z,1581,touch,demand,748.0,749.1,1,
2026-07-16T20:00:00Z,1584,volume_confluence,demand,750.2,751.422996506627,2,POC:2026-07-16:751.085625
