zone_id,origin_side,current_side,lower,upper,origin_timestamp,available_timestamp,qualified_timestamp,qualified_lower,qualified_upper,qualified_score,qualified_sources,status,score,current_score,sources,source_details,pivot_count,touches,retests,last_touch_timestamp,break_timestamp,invalidated_timestamp
1,demand,demand,410.59,411.83,2021-04-20T18:00:00Z,2021-04-21T15:00:00Z,2021-04-23T15:00:00Z,410.59,411.83,2,pivot|repeated_pivot,expired,3,3,pivot|repeated_pivot|role_flip,pivot:2021-04-20T18:00:00Z|pivot:2021-04-22T18:00:00Z|pivot:2021-05-11T14:00:00Z,3,4,2,2021-05-18T20:00:00Z,2021-05-19T14:30:00Z,2021-05-26T20:00:00Z
2,supply,supply,416.1,416.78,2021-04-22T16:00:00Z,2021-04-22T18:00:00Z,2021-04-23T14:30:00Z,416.1,416.78,2,order_block|pivot,expired,5,5,order_block|pivot|repeated_pivot|role_flip|volume_profile,order_block:2021-04-22T16:00:00Z|structure_break:2021-04-22T17:00:00Z|pivot:2021-04-22T17:00:00Z|pivot:2021-04-27T14:00:00Z|pivot:2021-04-28T18:00:00Z|pivot:2021-04-29T16:00:00Z|pivot:2021-04-30T19:00:00Z|volume:POC:2021-05-05:416.565208|order_block:2021-05-06T18:00:00Z|structure_break:2021-05-06T19:00:00Z|pivot:2021-05-14T18:00:00Z|pivot:2021-05-18T13:30:00Z|pivot:2021-05-20T15:00:00Z,8,8,6,2021-05-21T19:00:00Z,2021-05-24T14:30:00Z,2021-06-01T20:00:00Z
5,supply,supply,417.5323495740133,418.25,2021-04-23T19:00:00Z,2021-04-26T16:00:00Z,2021-04-26T20:00:00Z,417.5323495740133,418.25,2,pivot|volume_profile,expired,4,4,pivot|repeated_pivot|role_flip|volume_profile,pivot:2021-04-23T19:00:00Z|volume:POC:2021-04-26:417.725208|pivot:2021-04-26T19:00:00Z|pivot:2021-05-05T16:00:00Z|pivot:2021-05-06T15:00:00Z,4,5,4,2021-05-06T16:00:00Z,2021-05-06T20:00:00Z,2021-05-14T19:00:00Z
8,supply,demand,418.33626033318296,419.27,2021-04-28T14:00:00Z,2021-04-28T18:00:00Z,2021-05-04T14:30:00Z,418.33626033318296,419.27,3,order_block|pivot|role_flip,expired,4,4,order_block|pivot|role_flip|volume_profile,pivot:2021-04-28T14:00:00Z|order_block:2021-05-03T18:00:00Z|structure_break:2021-05-04T13:30:00Z|volume:POC:2021-05-03:418.613750,1,3,3,2021-05-10T19:00:00Z,2021-05-10T20:00:00Z,2021-05-18T19:00:00Z
10,supply,supply,420.33,420.72,2021-04-29T13:30:00Z,2021-04-29T17:00:00Z,,,,,,expired,1,1,pivot,pivot:2021-04-29T13:30:00Z,1,1,0,2021-04-29T19:00:00Z,2021-05-07T14:30:00Z,2021-05-14T20:00:00Z
13,supply,supply,419.49,419.84,2021-05-03T13:30:00Z,2021-05-03T17:00:00Z,,,,,,expired,1,1,pivot,pivot:2021-05-03T13:30:00Z,1,0,0,,2021-05-07T14:30:00Z,2021-05-14T20:00:00Z
15,demand,demand,411.67,412.12,2021-05-04T15:00:00Z,2021-05-04T19:00:00Z,2021-05-13T18:00:00Z,411.67,412.12,3,pivot|repeated_pivot|role_flip,expired,3,3,pivot|repeated_pivot|role_flip,pivot:2021-05-04T15:00:00Z|pivot:2021-05-13T14:00:00Z,2,2,2,2021-05-20T14:30:00Z,2021-05-14T14:30:00Z,2021-06-23T15:00:00Z
17,demand,demand,413.36,414.50088271314974,2021-05-06T14:00:00Z,2021-05-06T18:00:00Z,2021-05-18T14:30:00Z,413.36,414.50088271314974,3,pivot|repeated_pivot|role_flip,expired,3,3,pivot|repeated_pivot|role_flip,pivot:2021-05-06T14:00:00Z|pivot:2021-05-17T17:00:00Z,2,4,2,2021-05-18T19:00:00Z,2021-05-18T20:00:00Z,2021-05-26T19:00:00Z
20,supply,demand,421.59,422.82,2021-05-07T15:00:00Z,2021-05-07T19:00:00Z,2021-05-10T19:00:00Z,421.59,422.82,2,order_block|pivot,expired,4,4,order_block|pivot|role_flip|volume_profile,pivot:2021-05-07T15:00:00Z|order_block:2021-05-10T15:00:00Z|structure_break:2021-05-10T18:00:00Z|volume:POC:2021-05-07:421.981250,1,6,1,2021-06-16T18:00:00Z,2021-06-17T16:00:00Z,2021-06-25T15:00:00Z
21,demand,demand,421.03,421.59,2021-05-10T14:00:00Z,2021-05-10T18:00:00Z,,,,,,expired,1,1,pivot,pivot:2021-05-10T14:00:00Z,1,0,0,,2021-05-10T19:00:00Z,2021-05-18T18:00:00Z
23,supply,demand,413.1,414.89,2021-05-11T13:30:00Z,2021-05-11T15:00:00Z,2021-05-11T20:00:00Z,413.1,414.89,2,order_block|volume_profile,expired,3,3,order_block|role_flip|volume_profile,order_block:2021-05-11T13:30:00Z|structure_break:2021-05-11T14:00:00Z|volume:POC:2021-05-11:413.207708,0,7,3,2021-06-18T20:00:00Z,2021-05-20T16:00:00Z,2021-06-29T18:00:00Z
25,demand,demand,404.0,405.3361561963673,2021-05-12T19:00:00Z,2021-05-13T16:00:00Z,,,,,,expired,1,1,pivot,pivot:2021-05-12T19:00:00Z,1,1,0,2021-05-19T15:00:00Z,,2021-07-01T19:00:00Z
30,supply,demand,414.89,415.52,2021-05-18T16:00:00Z,2021-05-18T20:00:00Z,2021-05-18T20:00:00Z,414.89,415.52,2,order_block|volume_profile,expired,5,5,order_block|pivot|repeated_pivot|role_flip|volume_profile,order_block:2021-05-18T16:00:00Z|structure_break:2021-05-18T19:00:00Z|volume:POC:2021-05-18:414.898125|pivot:2021-05-21T16:00:00Z|pivot:2021-06-18T15:00:00Z|pivot:2021-06-18T19:00:00Z,3,2,1,2021-06-18T20:00:00Z,2021-05-21T14:30:00Z,2021-07-08T16:00:00Z
31,demand,demand,405.33,406.3702461859678,2021-05-19T14:00:00Z,2021-05-19T18:00:00Z,,,,,,expired,1,1,pivot,pivot:2021-05-19T14:00:00Z,1,0,0,,,2021-07-09T14:30:00Z
33,supply,demand,417.94,418.6618255151956,2021-05-21T14:00:00Z,2021-05-21T18:00:00Z,2021-05-25T19:00:00Z,417.94,418.6618255151956,3,pivot|repeated_pivot|role_flip,expired,3,3,pivot|repeated_pivot|role_flip,pivot:2021-05-21T14:00:00Z|pivot:2021-05-25T15:00:00Z|pivot:2021-05-25T19:00:00Z,3,3,1,2021-05-26T18:00:00Z,2021-06-03T14:30:00Z,2021-06-10T20:00:00Z
35,supply,demand,420.1478355900539,420.72,2021-05-25T13:30:00Z,2021-05-25T17:00:00Z,2021-05-27T18:00:00Z,420.1478355900539,420.72,2,pivot|repeated_pivot,expired,4,4,pivot|repeated_pivot|role_flip|volume_profile,pivot:2021-05-25T13:30:00Z|pivot:2021-05-27T14:00:00Z|volume:POC:2021-06-02:420.462083|pivot:2021-06-08T15:00:00Z|pivot:2021-06-16T18:00:00Z,4,6,5,2021-06-22T15:00:00Z,2021-06-21T20:00:00Z,2021-07-14T20:00:00Z
39,demand,supply,419.12,419.6,2021-05-27T19:00:00Z,2021-05-28T16:00:00Z,2021-06-02T14:30:00Z,419.12,419.6,2,pivot|repeated_pivot,expired,4,4,pivot|repeated_pivot|role_flip|volume_profile,pivot:2021-05-27T19:00:00Z|pivot:2021-06-01T17:00:00Z|volume:POC:2021-06-03:419.139792,2,2,1,2021-06-03T19:00:00Z,2021-06-04T14:30:00Z,2021-06-11T20:00:00Z
40,supply,supply,420.84,421.25,2021-05-28T16:00:00Z,2021-05-28T20:00:00Z,2021-06-02T19:00:00Z,420.84,421.25,2,pivot|repeated_pivot,expired,3,3,pivot|repeated_pivot|role_flip,pivot:2021-05-28T16:00:00Z|pivot:2021-06-02T15:00:00Z|pivot:2021-06-07T17:00:00Z,3,7,2,2021-06-21T18:00:00Z,2021-06-22T15:00:00Z,2021-06-30T14:30:00Z
41,supply,supply,422.57,422.92,2021-06-01T13:30:00Z,2021-06-01T17:00:00Z,2021-06-07T16:00:00Z,422.57,422.92,2,pivot|repeated_pivot,expired,3,3,pivot|repeated_pivot|role_flip,pivot:2021-06-01T13:30:00Z|pivot:2021-06-04T19:00:00Z|pivot:2021-06-08T13:30:00Z|pivot:2021-06-17T19:00:00Z|pivot:2021-06-23T19:00:00Z,5,12,4,2021-07-19T19:00:00Z,2021-07-19T20:00:00Z,2021-07-27T19:00:00Z
44,demand,supply,416.28,416.94608207250536,2021-06-03T13:30:00Z,2021-06-03T17:00:00Z,2021-06-18T20:00:00Z,416.28,416.94608207250536,3,pivot|role_flip|volume_profile,expired,3,3,pivot|role_flip|volume_profile,pivot:2021-06-03T13:30:00Z|volume:POC:2021-06-18:416.330208,1,1,1,2021-06-18T19:00:00Z,2021-06-21T14:30:00Z,2021-06-28T20:00:00Z
49,supply,demand,422.82,423.26,2021-06-09T13:30:00Z,2021-06-09T17:00:00Z,2021-06-11T20:00:00Z,422.82,423.26,3,pivot|repeated_pivot|role_flip,expired,4,4,order_block|pivot|repeated_pivot|role_flip,pivot:2021-06-09T13:30:00Z|pivot:2021-06-11T16:00:00Z|order_block:2021-06-14T16:00:00Z|structure_break:2021-06-14T19:00:00Z|pivot:2021-06-14T17:00:00Z,3,6,3,2021-06-23T15:00:00Z,2021-06-23T20:00:00Z,2021-07-01T19:00:00Z
50,demand,supply,421.41,422.37756651489565,2021-06-09T19:00:00Z,2021-06-10T14:30:00Z,2021-06-10T14:30:00Z,421.41,422.37756651489565,2,order_block|volume_profile,expired,4,4,order_block|pivot|role_flip|volume_profile,order_block:2021-06-09T19:00:00Z|structure_break:2021-06-10T13:30:00Z|volume:POC:2021-06-08:422.212292|pivot:2021-06-09T19:00:00Z,1,3,1,2021-06-22T15:00:00Z,2021-06-22T19:00:00Z,2021-06-30T18:00:00Z
52,supply,supply,424.19,424.63,2021-06-10T14:00:00Z,2021-06-10T18:00:00Z,2021-06-11T17:00:00Z,424.19,424.63,2,pivot|repeated_pivot,expired,3,3,pivot|repeated_pivot|role_flip,pivot:2021-06-10T14:00:00Z|pivot:2021-06-11T13:30:00Z|pivot:2021-06-14T13:30:00Z,3,2,2,2021-06-15T16:00:00Z,2021-06-15T19:00:00Z,2021-06-23T18:00:00Z
58,supply,supply,425.35966274991875,425.46,2021-06-15T13:30:00Z,2021-06-15T17:00:00Z,,,,,,expired,1,1,pivot,pivot:2021-06-15T13:30:00Z,1,2,0,2021-06-24T18:00:00Z,2021-06-25T14:30:00Z,2021-07-02T20:00:00Z
59,supply,supply,424.21,424.57,2021-06-16T15:00:00Z,2021-06-16T19:00:00Z,2021-06-16T19:00:00Z,424.21,424.57,2,order_block|volume_profile,expired,3,3,order_block|pivot|volume_profile,order_block:2021-06-16T15:00:00Z|structure_break:2021-06-16T18:00:00Z|volume:POC:2021-06-15:424.460000|pivot:2021-06-23T14:00:00Z,1,0,0,,2021-06-24T14:30:00Z,2021-07-01T20:00:00Z
61,demand,demand,419.32,419.99706887991204,2021-06-17T16:00:00Z,2021-06-17T20:00:00Z,,,,,,expired,1,1,pivot,pivot:2021-06-17T16:00:00Z,1,0,0,,2021-06-18T14:30:00Z,2021-06-25T20:00:00Z
67,supply,demand,426.0189345275723,426.48,2021-06-25T14:00:00Z,2021-06-25T18:00:00Z,2021-06-25T20:00:00Z,426.0189345275723,426.48,3,pivot|role_flip|volume_profile,expired,4,4,pivot|repeated_pivot|role_flip|volume_profile,pivot:2021-06-25T14:00:00Z|volume:POC:2021-06-25:426.421875|pivot:2021-06-28T17:00:00Z,2,0,1,2021-06-25T20:00:00Z,2021-07-19T14:30:00Z,2021-07-26T20:00:00Z
68,supply,demand,427.13,427.5171885447255,2021-06-28T13:30:00Z,2021-06-28T17:00:00Z,2021-06-30T15:00:00Z,427.13,427.5171885447255,3,pivot|repeated_pivot|role_flip,expired,3,3,pivot|repeated_pivot|role_flip,pivot:2021-06-28T13:30:00Z|pivot:2021-06-29T18:00:00Z|pivot:2021-07-08T14:00:00Z,3,1,1,2021-06-30T14:30:00Z,2021-07-19T14:30:00Z,2021-07-26T20:00:00Z
70,supply,demand,428.1823397418096,428.56,2021-06-29T14:00:00Z,2021-06-29T18:00:00Z,2021-06-30T19:00:00Z,428.1823397418096,428.56,2,pivot|repeated_pivot,expired,3,3,pivot|repeated_pivot|role_flip,pivot:2021-06-29T14:00:00Z|pivot:2021-06-30T15:00:00Z,2,2,1,2021-07-08T14:30:00Z,2021-07-19T14:30:00Z,2021-07-26T20:00:00Z
73,supply,demand,433.75,434.1,2021-07-02T19:00:00Z,2021-07-06T16:00:00Z,,,,,,expired,2,2,pivot|role_flip,pivot:2021-07-02T19:00:00Z,1,4,5,2021-07-22T17:00:00Z,2021-07-21T20:00:00Z,2021-08-23T19:00:00Z
74,demand,demand,430.01,430.5041435665202,2021-07-06T16:00:00Z,2021-07-06T20:00:00Z,,,,,,expired,1,1,pivot,pivot:2021-07-06T16:00:00Z,1,0,0,,2021-07-08T14:30:00Z,2021-07-15T20:00:00Z
75,supply,demand,433.98,434.76,2021-07-07T19:00:00Z,2021-07-08T16:00:00Z,2021-07-15T17:00:00Z,433.98,434.76,3,pivot|repeated_pivot|role_flip,expired,4,4,pivot|repeated_pivot|role_flip|volume_profile,pivot:2021-07-07T19:00:00Z|pivot:2021-07-15T13:30:00Z|volume:POC:2021-07-15:434.183542,2,3,3,2021-07-22T17:00:00Z,2021-07-22T15:00:00Z,2021-08-25T19:00:00Z
77,supply,demand,437.39,437.92,2021-07-13T16:00:00Z,2021-07-13T20:00:00Z,2021-07-14T17:00:00Z,437.39,437.92,2,pivot|repeated_pivot,expired,3,3,pivot|repeated_pivot|role_flip,pivot:2021-07-13T16:00:00Z|pivot:2021-07-14T13:30:00Z|pivot:2021-07-28T18:00:00Z|pivot:2021-07-30T13:30:00Z|pivot:2021-07-30T18:00:00Z,5,6,1,2021-08-02T20:00:00Z,2021-08-03T14:30:00Z,2021-08-10T20:00:00Z
79,demand,demand,434.81,435.42,2021-07-14T15:00:00Z,2021-07-14T19:00:00Z,2021-07-15T18:00:00Z,434.81,435.42,3,order_block|pivot|role_flip,expired,5,5,order_block|pivot|repeated_pivot|role_flip|volume_profile,pivot:2021-07-14T15:00:00Z|order_block:2021-07-15T13:30:00Z|structure_break:2021-07-15T17:00:00Z|pivot:2021-07-22T14:00:00Z|volume:POC:2021-07-22:435.170208,2,3,2,2021-07-22T20:00:00Z,2021-07-22T19:00:00Z,2021-09-01T15:00:00Z
82,demand,demand,432.72,432.868322795724,2021-07-15T17:00:00Z,2021-07-16T14:30:00Z,,,,,,expired,1,1,pivot,pivot:2021-07-15T17:00:00Z,1,0,0,,2021-07-16T19:00:00Z,2021-07-26T18:00:00Z
83,supply,demand,435.911212542928,436.34,2021-07-16T13:30:00Z,2021-07-16T17:00:00Z,2021-07-28T14:30:00Z,435.911212542928,436.34,3,pivot|repeated_pivot|role_flip,expired,3,3,pivot|repeated_pivot|role_flip,pivot:2021-07-16T13:30:00Z|pivot:2021-07-27T17:00:00Z|pivot:2021-08-03T14:00:00Z|pivot:2021-08-19T13:30:00Z,4,2,1,2021-08-19T14:30:00Z,2021-07-23T14:30:00Z,2021-09-02T20:00:00Z
84,demand,demand,421.97,422.20534289343595,2021-07-19T18:00:00Z,2021-07-20T15:00:00Z,,,,,,expired,1,1,pivot,pivot:2021-07-19T18:00:00Z,1,0,0,,,2021-09-07T18:00:00Z
86,supply,supply,440.34,441.03,2021-07-26T19:00:00Z,2021-07-27T16:00:00Z,2021-08-02T17:00:00Z,440.34,441.03,3,pivot|repeated_pivot|role_flip,expired,4,4,pivot|repeated_pivot|role_flip|volume_profile,pivot:2021-07-26T19:00:00Z|pivot:2021-08-02T13:30:00Z|volume:POC:2021-08-05:440.741875|pivot:2021-08-17T17:00:00Z,3,4,4,2021-08-19T20:00:00Z,2021-08-20T14:30:00Z,2021-08-27T20:00:00Z
88,supply,supply,439.68,439.84,2021-07-28T13:30:00Z,2021-07-28T17:00:00Z,,,,,,expired,2,2,pivot|role_flip,pivot:2021-07-28T13:30:00Z,1,1,2,2021-08-04T15:00:00Z,2021-08-05T14:30:00Z,2021-08-12T20:00:00Z
90,supply,supply,441.12,441.8,2021-07-29T17:00:00Z,2021-07-30T14:30:00Z,2021-08-04T16:00:00Z,441.12,441.8,2,pivot|repeated_pivot,expired,3,3,pivot|repeated_pivot|role_flip,pivot:2021-07-29T17:00:00Z|pivot:2021-08-03T19:00:00Z|pivot:2021-08-09T13:30:00Z,3,5,2,2021-08-20T14:30:00Z,2021-08-20T15:00:00Z,2021-08-30T14:30:00Z
94,supply,supply,438.56,438.97,2021-08-02T18:00:00Z,2021-08-03T14:30:00Z,2021-08-03T14:30:00Z,438.56,438.97,2,order_block|volume_profile,expired,4,4,order_block|pivot|role_flip|volume_profile,order_block:2021-08-02T18:00:00Z|structure_break:2021-08-03T13:30:00Z|volume:POC:2021-07-30:438.581042|pivot:2021-08-04T15:00:00Z,1,3,2,2021-09-22T17:00:00Z,2021-09-20T14:30:00Z,2021-09-22T18:00:00Z
98,supply,demand,442.41984559038906,442.94,2021-08-06T13:30:00Z,2021-08-06T17:00:00Z,2021-08-06T20:00:00Z,442.41984559038906,442.94,2,pivot|volume_profile,expired,4,4,pivot|repeated_pivot|role_flip|volume_profile,pivot:2021-08-06T13:30:00Z|volume:POC:2021-08-06:442.488750|pivot:2021-08-12T14:00:00Z,2,10,5,2021-09-24T18:00:00Z,2021-09-23T15:00:00Z,2021-09-24T20:00:00Z
100,demand,supply,441.88,442.3299644086506,2021-08-10T14:00:00Z,2021-08-10T18:00:00Z,2021-08-10T18:00:00Z,441.88,442.3299644086506,2,pivot|volume_profile,expired,3,3,pivot|role_flip|volume_profile,pivot:2021-08-10T14:00:00Z|volume:POC:2021-08-09:442.210208,1,2,1,2021-08-20T14:30:00Z,2021-08-20T16:00:00Z,2021-08-30T15:00:00Z
101,supply,supply,442.9900355913494,443.44,2021-08-10T14:00:00Z,2021-08-10T18:00:00Z,2021-08-11T20:00:00Z,442.9900355913494,443.44,3,pivot|role_flip|volume_profile,expired,5,5,order_block|pivot|repeated_pivot|role_flip|volume_profile,pivot:2021-08-10T14:00:00Z|volume:POC:2021-08-11:443.387292|pivot:2021-08-16T14:00:00Z|order_block:2021-08-18T13:30:00Z|structure_break:2021-08-18T19:00:00Z,2,5,2,2021-08-20T17:00:00Z,2021-08-23T14:30:00Z,2021-08-30T20:00:00Z
102,supply,supply,443.73359928361,444.96,2021-08-11T13:30:00Z,2021-08-11T17:00:00Z,2021-08-17T17:00:00Z,443.73359928361,444.96,3,order_block|pivot|role_flip,expired,4,4,order_block|pivot|role_flip|volume_profile,pivot:2021-08-11T13:30:00Z|order_block:2021-08-17T14:00:00Z|structure_break:2021-08-17T16:00:00Z|volume:POC:2021-08-16:444.195000,1,3,2,2021-08-18T19:00:00Z,2021-08-23T14:30:00Z,2021-08-30T20:00:00Z
104,supply,demand,445.59,445.85,2021-08-13T13:30:00Z,2021-08-13T17:00:00Z,,,,,,expired,2,2,pivot|role_flip,pivot:2021-08-13T13:30:00Z,1,1,1,2021-08-16T19:00:00Z,2021-08-17T14:30:00Z,2021-08-24T20:00:00Z
105,supply,demand,445.44,445.93,2021-08-13T19:00:00Z,2021-08-16T14:30:00Z,2021-08-16T16:00:00Z,445.44,445.93,2,order_block|pivot,expired,3,3,order_block|pivot|role_flip,order_block:2021-08-13T19:00:00Z|structure_break:2021-08-16T13:30:00Z|pivot:2021-08-13T19:00:00Z,1,4,3,2021-09-16T14:30:00Z,2021-09-16T15:00:00Z,2021-09-24T14:30:00Z
108,supply,demand,446.9735728304973,447.11,2021-08-16T19:00:00Z,2021-08-17T16:00:00Z,,,,,,expired,2,2,pivot|role_flip,pivot:2021-08-16T19:00:00Z,1,0,1,2021-08-26T16:00:00Z,2021-08-26T19:00:00Z,2021-09-03T18:00:00Z
111,supply,supply,444.09,444.63,2021-08-18T14:00:00Z,2021-08-18T18:00:00Z,,,,,,expired,1,1,pivot,pivot:2021-08-18T14:00:00Z,1,1,0,2021-08-18T19:00:00Z,2021-08-23T14:30:00Z,2021-08-30T20:00:00Z
114,supply,supply,448.0794170958048,448.46,2021-08-23T17:00:00Z,2021-08-24T14:30:00Z,2021-08-24T18:00:00Z,448.0794170958048,448.46,2,pivot|repeated_pivot,expired,5,5,order_block|pivot|repeated_pivot|role_flip|volume_profile,pivot:2021-08-23T17:00:00Z|pivot:2021-08-24T14:00:00Z|volume:POC:2021-08-24:448.190000|order_block:2021-09-10T16:00:00Z|structure_break:2021-09-10T19:00:00Z|pivot:2021-09-14T13:30:00Z|pivot:2021-09-15T19:00:00Z,4,7,2,2021-09-16T20:00:00Z,2021-09-10T16:00:00Z,2021-10-12T17:00:00Z
116,supply,supply,449.07,449.46,2021-08-25T18:00:00Z,2021-08-26T15:00:00Z,2021-08-26T16:00:00Z,449.07,449.46,2,order_block|pivot,expired,4,4,order_block|pivot|repeated_pivot|role_flip,order_block:2021-08-25T18:00:00Z|structure_break:2021-08-26T14:00:00Z|pivot:2021-08-25T19:00:00Z|pivot:2021-09-08T14:00:00Z,2,3,2,2021-09-10T17:00:00Z,2021-09-09T20:00:00Z,2021-10-14T18:00:00Z
118,demand,demand,446.18,446.6783668731454,2021-08-26T15:00:00Z,2021-08-26T19:00:00Z,2021-08-26T20:00:00Z,446.18,446.6783668731454,2,pivot|volume_profile,expired,5,5,order_block|pivot|repeated_pivot|role_flip|volume_profile,pivot:2021-08-26T15:00:00Z|volume:POC:2021-08-26:446.666250|order_block:2021-08-26T19:00:00Z|structure_break:2021-08-27T14:00:00Z|pivot:2021-08-26T19:00:00Z,2,3,2,2021-09-16T18:00:00Z,2021-09-17T14:30:00Z,2021-09-24T20:00:00Z
121,demand,supply,449.99,450.35,2021-08-27T18:00:00Z,2021-08-30T15:00:00Z,2021-08-30T15:00:00Z,449.99,450.35,2,order_block|volume_profile,expired,3,3,order_block|role_flip|volume_profile,order_block:2021-08-27T18:00:00Z|structure_break:2021-08-30T14:00:00Z|volume:POC:2021-08-27:450.126458,0,1,1,2021-09-08T16:00:00Z,2021-09-08T19:00:00Z,2021-09-16T18:00:00Z
122,supply,supply,452.94,453.07,2021-08-30T18:00:00Z,2021-08-31T15:00:00Z,,,,,,expired,2,2,pivot|role_flip,pivot:2021-08-30T18:00:00Z,1,1,2,2021-09-03T15:00:00Z,2021-09-03T18:00:00Z,2021-09-14T17:00:00Z
123,demand,supply,450.74,451.21704200890395,2021-08-31T13:30:00Z,2021-08-31T17:00:00Z,2021-09-07T18:00:00Z,450.74,451.21704200890395,2,pivot|repeated_pivot,expired,3,3,pivot|repeated_pivot|role_flip,pivot:2021-08-31T13:30:00Z|pivot:2021-09-07T14:00:00Z,2,3,3,2021-09-10T14:30:00Z,2021-09-09T17:00:00Z,2021-10-19T20:00:00Z
124,demand,demand,451.54,451.98,2021-09-01T19:00:00Z,2021-09-02T16:00:00Z,2021-09-03T17:00:00Z,451.54,451.98,2,pivot|repeated_pivot,expired,4,4,pivot|repeated_pivot|role_flip|volume_profile,pivot:2021-09-01T19:00:00Z|pivot:2021-09-03T13:30:00Z|volume:POC:2021-09-07:451.731875|pivot:2021-09-09T14:00:00Z,3,6,2,2021-10-20T18:00:00Z,2021-10-20T15:00:00Z,2021-10-21T19:00:00Z
125,supply,supply,453.37,454.05,2021-09-02T13:30:00Z,2021-09-02T17:00:00Z,2021-09-07T16:00:00Z,453.37,454.05,2,pivot|repeated_pivot,expired,2,2,pivot|repeated_pivot,pivot:2021-09-02T13:30:00Z|pivot:2021-09-03T19:00:00Z,2,1,0,2021-09-03T20:00:00Z,,2021-10-21T20:00:00Z
129,supply,supply,450.89,451.43,2021-09-08T13:30:00Z,2021-09-08T15:00:00Z,,,,,,expired,1,1,order_block,order_block:2021-09-08T13:30:00Z|structure_break:2021-09-08T14:00:00Z,0,1,0,2021-09-08T19:00:00Z,2021-09-09T14:30:00Z,2021-09-16T20:00:00Z
132,demand,supply,447.34,447.92,2021-09-10T15:00:00Z,2021-09-10T19:00:00Z,2021-09-13T14:30:00Z,447.34,447.92,3,pivot|role_flip|volume_profile,expired,4,4,pivot|repeated_pivot|role_flip|volume_profile,pivot:2021-09-10T15:00:00Z|volume:POC:2021-09-10:447.756250|pivot:2021-09-16T19:00:00Z,2,4,1,2021-10-18T20:00:00Z,2021-10-19T14:30:00Z,2021-10-26T20:00:00Z
134,demand,demand,444.02,444.86,2021-09-13T19:00:00Z,2021-09-14T16:00:00Z,2021-09-16T18:00:00Z,444.02,444.86,2,pivot|repeated_pivot,expired,3,3,pivot|repeated_pivot|role_flip,pivot:2021-09-13T19:00:00Z|pivot:2021-09-16T14:00:00Z|pivot:2021-09-23T17:00:00Z|pivot:2021-09-24T19:00:00Z,4,5,2,2021-10-18T14:30:00Z,2021-10-15T14:30:00Z,2021-11-01T19:00:00Z
136,demand,demand,443.22,444.08812336390696,2021-09-14T18:00:00Z,2021-09-15T15:00:00Z,2021-09-15T15:00:00Z,443.22,444.08812336390696,2,pivot|volume_profile,expired,5,5,order_block|pivot|repeated_pivot|role_flip|volume_profile,pivot:2021-09-14T18:00:00Z|volume:POC:2021-09-14:443.966667|order_block:2021-09-27T17:00:00Z|structure_break:2021-09-28T14:00:00Z|pivot:2021-10-18T13:30:00Z,2,3,4,2021-10-18T14:30:00Z,2021-10-15T14:30:00Z,2021-11-02T18:00:00Z
140,demand,demand,427.23,429.69,2021-09-20T19:00:00Z,2021-09-21T16:00:00Z,2021-10-01T18:00:00Z,427.23,429.69,2,pivot|repeated_pivot,expired,3,3,pivot|repeated_pivot|volume_profile,pivot:2021-09-20T19:00:00Z|pivot:2021-10-01T14:00:00Z|volume:POC:2021-10-04:427.468333|pivot:2021-10-06T14:00:00Z,3,3,0,2021-10-06T14:30:00Z,,2021-11-08T20:00:00Z
141,supply,demand,436.5424147865544,437.91,2021-09-21T13:30:00Z,2021-09-21T17:00:00Z,2021-09-22T20:00:00Z,436.5424147865544,437.91,3,pivot|role_flip|volume_profile,expired,4,4,pivot|repeated_pivot|role_flip|volume_profile,pivot:2021-09-21T13:30:00Z|volume:POC:2021-09-22:437.860000|pivot:2021-09-29T14:00:00Z|pivot:2021-10-11T13:30:00Z,3,6,3,2021-10-11T17:00:00Z,2021-10-11T20:00:00Z,2021-10-19T19:00:00Z
143,demand,demand,441.21,441.44,2021-09-24T13:30:00Z,2021-09-24T17:00:00Z,,,,,,expired,1,1,pivot,pivot:2021-09-24T13:30:00Z,1,0,0,,2021-09-28T14:30:00Z,2021-10-05T20:00:00Z
145,demand,demand,441.9,442.81,2021-09-27T13:30:00Z,2021-09-27T17:00:00Z,,,,,,expired,1,1,pivot,pivot:2021-09-27T13:30:00Z,1,2,0,2021-09-27T20:00:00Z,2021-09-28T14:30:00Z,2021-10-05T20:00:00Z
147,demand,demand,431.87,433.86,2021-09-28T17:00:00Z,2021-09-29T14:30:00Z,2021-09-30T20:00:00Z,431.87,433.86,3,order_block|pivot|role_flip,expired,4,4,order_block|pivot|role_flip|volume_profile,pivot:2021-09-28T17:00:00Z|order_block:2021-09-30T18:00:00Z|structure_break:2021-09-30T19:00:00Z|volume:POC:2021-09-30:431.942708,1,1,2,2021-10-01T20:00:00Z,2021-10-04T15:00:00Z,2021-10-12T14:30:00Z
151,supply,supply,434.75,436.04,2021-10-01T19:00:00Z,2021-10-04T16:00:00Z,2021-10-06T15:00:00Z,434.75,436.04,2,pivot|repeated_pivot,expired,3,3,pivot|repeated_pivot|role_flip,pivot:2021-10-01T19:00:00Z|pivot:2021-10-05T18:00:00Z,2,5,2,2021-10-13T18:00:00Z,2021-10-14T14:30:00Z,2021-10-21T20:00:00Z
152,demand,demand,426.36,427.7252198424439,2021-10-04T15:00:00Z,2021-10-04T19:00:00Z,2021-10-04T20:00:00Z,426.36,427.7252198424439,2,pivot|volume_profile,expired,2,2,pivot|volume_profile,pivot:2021-10-04T15:00:00Z|volume:POC:2021-10-04:427.468333,1,2,0,2021-10-06T15:00:00Z,,2021-11-22T16:00:00Z
155,supply,demand,441.34,441.68,2021-10-07T14:00:00Z,2021-10-07T18:00:00Z,,,,,,expired,2,2,pivot|role_flip,pivot:2021-10-07T14:00:00Z,1,2,1,2021-10-14T20:00:00Z,2021-10-14T17:00:00Z,2021-11-26T15:30:00Z
157,supply,supply,439.64,440.26,2021-10-11T14:00:00Z,2021-10-11T18:00:00Z,,,,,,expired,1,1,pivot,pivot:2021-10-11T14:00:00Z,1,1,0,2021-10-14T14:30:00Z,2021-10-14T15:00:00Z,2021-10-22T14:30:00Z
158,demand,demand,433.5,434.11,2021-10-12T13:30:00Z,2021-10-12T17:00:00Z,2021-10-12T20:00:00Z,433.5,434.11,2,pivot|volume_profile,expired,2,2,pivot|volume_profile,pivot:2021-10-12T13:30:00Z|volume:POC:2021-10-12:434.094167,1,1,0,2021-10-12T18:00:00Z,2021-10-13T14:30:00Z,2021-10-20T20:00:00Z
159,demand,demand,431.54,432.5071790657663,2021-10-13T14:00:00Z,2021-10-13T18:00:00Z,,,,,,expired,1,1,pivot,pivot:2021-10-13T14:00:00Z,1,0,0,,,2021-12-02T18:00:00Z
160,supply,supply,446.04,446.26,2021-10-15T18:00:00Z,2021-10-18T15:00:00Z,,,,,,expired,1,1,pivot,pivot:2021-10-15T18:00:00Z,1,0,0,,2021-10-18T16:00:00Z,2021-10-26T15:00:00Z
162,supply,supply,452.1525710973968,452.86,2021-10-20T14:00:00Z,2021-10-20T18:00:00Z,2021-10-21T18:00:00Z,452.1525710973968,452.86,2,pivot|repeated_pivot,expired,3,3,pivot|repeated_pivot|role_flip,pivot:2021-10-20T14:00:00Z|pivot:2021-10-21T14:00:00Z,2,1,2,2021-12-03T16:00:00Z,2021-12-03T21:00:00Z,2021-12-13T20:00:00Z
164,supply,supply,454.01581009893994,454.67,2021-10-22T14:00:00Z,2021-10-22T18:00:00Z,,,,,,expired,1,1,pivot,pivot:2021-10-22T14:00:00Z,1,2,0,2021-10-25T14:30:00Z,2021-10-25T16:00:00Z,2021-11-02T15:00:00Z
165,demand,supply,451.05,451.71835490812725,2021-10-22T15:00:00Z,2021-10-22T19:00:00Z,,,,,,expired,2,2,pivot|role_flip,pivot:2021-10-22T15:00:00Z,1,0,1,2021-12-03T17:00:00Z,2021-12-03T21:00:00Z,2021-12-13T20:00:00Z
166,supply,demand,457.47,458.49,2021-10-26T14:00:00Z,2021-10-26T18:00:00Z,2021-10-28T18:00:00Z,457.47,458.49,2,pivot|repeated_pivot,expired,4,4,pivot|repeated_pivot|role_flip|volume_profile,pivot:2021-10-26T14:00:00Z|pivot:2021-10-28T14:00:00Z|volume:POC:2021-10-29:458.476667|pivot:2021-11-26T17:00:00Z,3,6,5,2021-12-06T21:00:00Z,2021-12-06T18:00:00Z,2021-12-15T18:00:00Z
167,demand,demand,455.33,455.98861890644366,2021-10-27T13:30:00Z,2021-10-27T17:00:00Z,,,,,,expired,1,1,pivot,pivot:2021-10-27T13:30:00Z,1,0,0,,2021-10-27T20:00:00Z,2021-11-04T19:00:00Z
168,supply,demand,456.19,456.97,2021-10-27T17:00:00Z,2021-10-27T20:00:00Z,2021-11-30T21:00:00Z,456.19,456.97,3,order_block|role_flip|volume_profile,expired,3,3,order_block|role_flip|volume_profile,order_block:2021-10-27T17:00:00Z|structure_break:2021-10-27T19:00:00Z|volume:POC:2021-11-30:456.936875,0,5,3,2021-12-02T21:00:00Z,2021-12-03T15:30:00Z,2021-12-10T21:00:00Z
169,demand,supply,453.86,454.02733656757096,2021-10-27T19:00:00Z,2021-10-28T16:00:00Z,,,,,,expired,2,2,pivot|role_flip,pivot:2021-10-27T19:00:00Z,1,0,1,2021-12-03T16:00:00Z,2021-12-06T15:30:00Z,2021-12-13T21:00:00Z
171,demand,demand,455.3,456.16,2021-10-29T13:30:00Z,2021-10-29T17:00:00Z,2021-12-01T17:00:00Z,455.3,456.16,2,pivot|repeated_pivot,expired,3,3,pivot|repeated_pivot|role_flip,pivot:2021-10-29T13:30:00Z|pivot:2021-11-30T20:00:00Z,2,3,2,2021-12-03T15:30:00Z,2021-12-03T16:00:00Z,2021-12-13T15:30:00Z
172,supply,supply,460.3,460.71,2021-11-01T13:30:00Z,2021-11-01T17:00:00Z,,,,,,expired,1,1,pivot,pivot:2021-11-01T13:30:00Z,1,0,0,,2021-11-02T14:30:00Z,2021-11-09T21:00:00Z
173,supply,supply,461.60247422933327,462.75,2021-11-02T15:00:00Z,2021-11-02T19:00:00Z,2021-11-11T16:00:00Z,461.60247422933327,462.75,3,pivot|repeated_pivot|role_flip,expired,3,3,pivot|repeated_pivot|role_flip,pivot:2021-11-02T15:00:00Z|pivot:2021-11-10T19:00:00Z,2,4,2,2021-12-01T15:30:00Z,2021-12-01T16:00:00Z,2021-12-09T15:30:00Z
174,demand,demand,460.83,461.3529359381622,2021-11-03T14:00:00Z,2021-11-03T18:00:00Z,2021-11-03T19:00:00Z,460.83,461.3529359381622,2,order_block|pivot,expired,5,5,order_block|pivot|repeated_pivot|role_flip|volume_profile,pivot:2021-11-03T14:00:00Z|order_block:2021-11-03T17:00:00Z|structure_break:2021-11-03T18:00:00Z|volume:POC:2021-11-03:461.280000|pivot:2021-12-03T14:30:00Z|order_block:2021-12-15T16:00:00Z|structure_break:2021-12-15T20:00:00Z|pivot:2021-12-15T19:00:00Z,3,4,8,2021-12-21T21:00:00Z,2021-12-21T18:00:00Z,2021-12-23T18:00:00Z
176,supply,supply,466.5,467.0,2021-11-04T14:00:00Z,2021-11-04T18:00:00Z,2021-11-10T18:00:00Z,466.5,467.0,3,pivot|role_flip|volume_profile,expired,5,5,order_block|pivot|repeated_pivot|role_flip|volume_profile,pivot:2021-11-04T14:00:00Z|volume:POC:2021-11-09:466.571875|order_block:2021-11-10T16:00:00Z|structure_break:2021-11-10T18:00:00Z|pivot:2021-11-15T17:00:00Z|pivot:2021-11-18T15:00:00Z|pivot:2021-11-29T18:00:00Z|pivot:2021-12-07T20:00:00Z|pivot:2021-12-09T15:00:00Z,6,8,8,2021-12-22T17:00:00Z,2021-12-22T21:00:00Z,2021-12-31T20:00:00Z
177,supply,demand,470.26,470.65,2021-11-05T14:00:00Z,2021-11-05T18:00:00Z,2021-11-17T16:00:00Z,470.26,470.65,2,pivot|repeated_pivot,expired,3,3,pivot|repeated_pivot|role_flip,pivot:2021-11-05T14:00:00Z|pivot:2021-11-16T19:00:00Z|pivot:2021-11-19T17:00:00Z,3,2,1,2021-11-22T18:00:00Z,2021-11-22T21:00:00Z,2021-12-02T16:00:00Z
178,supply,demand,469.32,469.57,2021-11-09T14:30:00Z,2021-11-09T18:00:00Z,2021-11-19T15:30:00Z,469.32,469.57,3,pivot|role_flip|volume_profile,expired,4,4,pivot|repeated_pivot|role_flip|volume_profile,pivot:2021-11-09T14:30:00Z|volume:POC:2021-11-18:469.321875|pivot:2021-11-24T20:00:00Z|pivot:2021-12-07T16:00:00Z|pivot:2021-12-08T14:30:00Z|pivot:2021-12-08T20:00:00Z|pivot:2021-12-10T14:30:00Z,6,6,5,2021-12-16T17:00:00Z,2021-12-16T18:00:00Z,2021-12-27T17:00:00Z
179,demand,demand,465.31,466.56,2021-11-09T17:00:00Z,2021-11-09T21:00:00Z,2021-11-10T18:00:00Z,465.31,466.56,2,pivot|repeated_pivot,expired,2,2,pivot|repeated_pivot,pivot:2021-11-09T17:00:00Z|pivot:2021-11-10T14:30:00Z,2,2,0,2021-11-10T17:00:00Z,2021-11-10T19:00:00Z,2021-11-18T18:00:00Z
183,demand,supply,463.75,463.90336170761134,2021-11-11T20:00:00Z,2021-11-12T17:00:00Z,,,,,,expired,2,2,pivot|role_flip,pivot:2021-11-11T20:00:00Z,1,0,1,2021-11-29T15:30:00Z,2021-11-29T17:00:00Z,2021-12-07T16:00:00Z
184,demand,supply,464.11,465.12,2021-11-12T14:30:00Z,2021-11-12T17:00:00Z,2021-11-12T17:00:00Z,464.11,465.12,2,order_block|volume_profile,expired,4,4,order_block|pivot|role_flip|volume_profile,order_block:2021-11-12T14:30:00Z|structure_break:2021-11-12T16:00:00Z|volume:POC:2021-11-11:464.231250|pivot:2021-11-23T16:00:00Z,1,5,5,2021-12-17T17:00:00Z,2021-12-22T16:00:00Z,2021-12-31T15:30:00Z
185,supply,supply,468.5,469.24488677970896,2021-11-15T14:30:00Z,2021-11-15T18:00:00Z,2021-11-22T15:30:00Z,468.5,469.24488677970896,3,pivot|repeated_pivot|role_flip,expired,4,4,order_block|pivot|repeated_pivot|role_flip,pivot:2021-11-15T14:30:00Z|pivot:2021-11-19T18:00:00Z|order_block:2021-11-19T20:00:00Z|structure_break:2021-11-22T14:30:00Z,2,7,4,2021-11-24T17:00:00Z,2021-11-24T21:00:00Z,2021-12-06T16:00:00Z
188,demand,demand,467.48,467.6199191986564,2021-11-17T14:30:00Z,2021-11-17T18:00:00Z,,,,,,expired,2,2,pivot|role_flip,pivot:2021-11-17T14:30:00Z,1,2,2,2021-11-24T20:00:00Z,2021-11-26T15:30:00Z,2021-12-06T17:00:00Z
193,supply,supply,472.57,473.54,2021-11-22T15:00:00Z,2021-11-22T19:00:00Z,2021-12-16T18:00:00Z,472.57,473.54,2,pivot|repeated_pivot,expired,2,2,pivot|repeated_pivot,pivot:2021-11-22T15:00:00Z|pivot:2021-12-16T14:30:00Z,2,2,0,2021-12-27T15:30:00Z,2021-12-27T16:00:00Z,2022-01-04T15:30:00Z
194,supply,supply,470.73,471.88,2021-11-22T19:00:00Z,2021-11-22T21:00:00Z,2021-11-22T21:00:00Z,470.73,471.88,2,order_block|volume_profile,expired,3,3,order_block|pivot|volume_profile,order_block:2021-11-22T19:00:00Z|structure_break:2021-11-22T20:00:00Z|volume:POC:2021-11-22:470.831875|pivot:2021-12-10T20:00:00Z,1,3,0,2021-12-23T16:00:00Z,2021-12-27T15:30:00Z,2022-01-03T21:00:00Z
195,supply,supply,467.22,469.1,2021-11-23T14:30:00Z,2021-11-23T16:00:00Z,,,,,,expired,1,1,order_block,order_block:2021-11-23T14:30:00Z|structure_break:2021-11-23T15:00:00Z,0,2,0,2021-11-24T16:00:00Z,2021-11-24T21:00:00Z,2021-12-06T16:00:00Z
201,supply,supply,461.48,464.67,2021-12-01T16:00:00Z,2021-12-01T20:00:00Z,2021-12-01T21:00:00Z,461.48,464.67,2,order_block|pivot,expired,3,3,order_block|pivot|volume_profile,pivot:2021-12-01T16:00:00Z|order_block:2021-12-01T15:00:00Z|structure_break:2021-12-01T20:00:00Z|volume:POC:2021-12-01:461.973750,1,0,0,,2021-12-07T15:30:00Z,2021-12-14T21:00:00Z
203,demand,demand,450.29,450.69861199045033,2021-12-01T20:00:00Z,2021-12-02T17:00:00Z,,,,,,expired,1,1,pivot,pivot:2021-12-01T20:00:00Z,1,1,0,2021-12-03T17:00:00Z,2021-12-03T20:00:00Z,2021-12-13T19:00:00Z
205,demand,demand,448.92,449.64,2021-12-03T20:00:00Z,2021-12-06T17:00:00Z,,,,,,expired,1,1,pivot,pivot:2021-12-03T20:00:00Z,1,0,0,,2022-01-20T21:00:00Z,2022-01-28T20:00:00Z
211,demand,supply,466.14,466.3806042681471,2021-12-09T20:00:00Z,2021-12-10T17:00:00Z,2021-12-22T21:00:00Z,466.14,466.3806042681471,3,pivot|role_flip|volume_profile,expired,4,4,pivot|repeated_pivot|role_flip|volume_profile,pivot:2021-12-09T20:00:00Z|volume:POC:2021-12-22:466.175625|pivot:2022-01-06T15:00:00Z,2,3,3,2022-01-07T21:00:00Z,2022-01-11T17:00:00Z,2022-01-20T16:00:00Z
214,supply,supply,463.73044134427363,465.74,2021-12-14T14:30:00Z,2021-12-14T16:00:00Z,2022-01-07T19:00:00Z,463.73044134427363,465.74,3,order_block|pivot|role_flip,expired,3,3,order_block|pivot|role_flip,order_block:2021-12-14T14:30:00Z|structure_break:2021-12-14T15:00:00Z|pivot:2022-01-07T15:00:00Z,1,5,4,2022-01-10T20:00:00Z,2022-01-11T17:00:00Z,2022-01-20T16:00:00Z
215,demand,supply,458.06,460.66,2021-12-14T17:00:00Z,2021-12-14T21:00:00Z,2021-12-17T19:00:00Z,458.06,460.66,2,pivot|repeated_pivot,expired,3,3,pivot|repeated_pivot|role_flip,pivot:2021-12-14T17:00:00Z|pivot:2021-12-17T15:00:00Z,2,2,1,2021-12-21T15:30:00Z,2021-12-21T18:00:00Z,2021-12-30T17:00:00Z
220,demand,demand,451.14,451.92,2021-12-20T16:00:00Z,2021-12-20T20:00:00Z,2022-01-20T17:00:00Z,451.14,451.92,2,pivot|repeated_pivot,expired,2,2,pivot|repeated_pivot,pivot:2021-12-20T16:00:00Z|pivot:2022-01-19T20:00:00Z,2,1,0,2022-01-19T21:00:00Z,2022-01-20T21:00:00Z,2022-01-28T20:00:00Z
221,supply,supply,478.3914539203507,479.0,2021-12-28T14:30:00Z,2021-12-28T18:00:00Z,2021-12-30T19:00:00Z,478.3914539203507,479.0,2,pivot|repeated_pivot,expired,3,3,order_block|pivot|repeated_pivot,pivot:2021-12-28T14:30:00Z|pivot:2021-12-30T15:00:00Z|order_block:2021-12-30T17:00:00Z|structure_break:2021-12-30T20:00:00Z,2,1,0,2021-12-29T21:00:00Z,2022-01-04T15:30:00Z,2022-01-11T21:00:00Z
222,demand,supply,475.92,476.6421701090369,2021-12-29T15:00:00Z,2021-12-29T19:00:00Z,2022-01-03T21:00:00Z,475.92,476.6421701090369,3,pivot|role_flip|volume_profile,expired,3,3,pivot|role_flip|volume_profile,pivot:2021-12-29T15:00:00Z|volume:POC:2022-01-03:476.600000,1,2,3,2022-01-05T19:00:00Z,2022-01-04T19:00:00Z,2022-02-17T15:30:00Z
225,demand,demand,474.87,475.76393705220687,2021-12-31T15:00:00Z,2021-12-31T19:00:00Z,2022-01-05T15:30:00Z,474.87,475.76393705220687,2,pivot|repeated_pivot,expired,2,2,pivot|repeated_pivot,pivot:2021-12-31T15:00:00Z|pivot:2022-01-04T18:00:00Z,2,2,0,2022-01-05T19:00:00Z,2022-01-05T20:00:00Z,2022-01-13T19:00:00Z
226,demand,demand,473.85,474.62614199010994,2022-01-03T14:30:00Z,2022-01-03T18:00:00Z,,,,,,expired,1,1,pivot,pivot:2022-01-03T14:30:00Z,1,0,0,,2022-01-05T20:00:00Z,2022-01-13T19:00:00Z
227,supply,supply,476.9438580098901,477.72,2022-01-03T14:30:00Z,2022-01-03T18:00:00Z,,,,,,expired,1,1,pivot,pivot:2022-01-03T14:30:00Z,1,1,0,2022-01-03T20:00:00Z,2022-01-04T15:30:00Z,2022-01-11T21:00:00Z
228,supply,supply,479.69,479.98,2022-01-04T14:30:00Z,2022-01-04T18:00:00Z,,,,,,expired,1,1,pivot,pivot:2022-01-04T14:30:00Z,1,0,0,,,2022-02-23T21:00:00Z
230,supply,supply,477.22,477.98,2022-01-05T15:00:00Z,2022-01-05T20:00:00Z,2022-01-05T20:00:00Z,477.22,477.98,2,order_block|volume_profile,expired,2,2,order_block|volume_profile,order_block:2022-01-05T15:00:00Z|structure_break:2022-01-05T19:00:00Z|volume:POC:2022-01-04:477.505000|structure_break:2022-01-05T20:00:00Z,0,0,0,,,2022-02-25T16:00:00Z
233,supply,supply,467.95,469.2,2022-01-07T14:30:00Z,2022-01-07T16:00:00Z,2022-01-07T16:00:00Z,467.95,469.2,2,order_block|volume_profile,expired,3,3,order_block|role_flip|volume_profile,order_block:2022-01-07T14:30:00Z|structure_break:2022-01-07T15:00:00Z|volume:POC:2022-01-06:468.686458|order_block:2022-01-07T19:00:00Z|structure_break:2022-01-10T14:30:00Z,0,4,2,2022-01-13T20:00:00Z,2022-01-13T18:00:00Z,2022-02-28T19:00:00Z
236,demand,supply,456.59,457.79,2022-01-10T15:00:00Z,2022-01-10T19:00:00Z,2022-01-18T21:00:00Z,456.59,457.79,3,pivot|role_flip|volume_profile,expired,4,4,order_block|pivot|role_flip|volume_profile,pivot:2022-01-10T15:00:00Z|volume:POC:2022-01-18:457.150625|order_block:2022-01-19T17:00:00Z|structure_break:2022-01-19T20:00:00Z,1,2,3,2022-01-20T15:30:00Z,2022-01-20T16:00:00Z,2022-01-28T15:30:00Z
237,supply,supply,472.36,473.2,2022-01-12T15:00:00Z,2022-01-12T19:00:00Z,2022-01-13T18:00:00Z,472.36,473.2,2,pivot|repeated_pivot,expired,2,2,pivot|repeated_pivot,pivot:2022-01-12T15:00:00Z|pivot:2022-01-13T14:30:00Z,2,1,0,2022-01-13T15:30:00Z,,2022-03-04T15:30:00Z
239,supply,supply,469.91,471.36,2022-01-13T16:00:00Z,2022-01-13T18:00:00Z,2022-01-13T18:00:00Z,469.91,471.36,2,order_block|volume_profile,expired,2,2,order_block|volume_profile,order_block:2022-01-13T16:00:00Z|structure_break:2022-01-13T17:00:00Z|volume:POC:2022-01-12:470.803750,0,0,0,,,2022-03-04T21:00:00Z
240,supply,supply,464.69,465.09,2022-01-14T20:00:00Z,2022-01-18T17:00:00Z,,,,,,expired,1,1,pivot,pivot:2022-01-14T20:00:00Z,1,0,0,,,2022-03-08T20:00:00Z
241,supply,supply,458.07,459.62,2022-01-19T14:30:00Z,2022-01-19T18:00:00Z,2022-01-20T20:00:00Z,458.07,459.62,2,pivot|repeated_pivot,expired,3,3,order_block|pivot|repeated_pivot,pivot:2022-01-19T14:30:00Z|pivot:2022-01-20T16:00:00Z|order_block:2022-01-20T15:00:00Z|structure_break:2022-01-20T20:00:00Z|pivot:2022-02-02T20:00:00Z|pivot:2022-02-09T20:00:00Z,4,1,0,2022-02-02T21:00:00Z,,2022-03-09T21:00:00Z
246,demand,supply,439.7264490612181,442.56314238184285,2022-01-21T15:00:00Z,2022-01-21T19:00:00Z,2022-01-25T17:00:00Z,439.7264490612181,442.56314238184285,3,pivot|repeated_pivot|role_flip,expired,4,4,pivot|repeated_pivot|role_flip|volume_profile,pivot:2022-01-21T15:00:00Z|pivot:2022-01-24T20:00:00Z|pivot:2022-01-26T15:00:00Z|volume:POC:2022-01-26:440.561250|pivot:2022-01-26T19:00:00Z,4,3,1,2022-01-28T21:00:00Z,2022-01-31T15:30:00Z,2022-02-07T21:00:00Z
247,demand,supply,420.76,423.51117947507845,2022-01-24T17:00:00Z,2022-01-24T21:00:00Z,2022-02-23T21:00:00Z,420.76,423.51117947507845,2,pivot|volume_profile,expired,3,3,pivot|role_flip|volume_profile,pivot:2022-01-24T17:00:00Z|volume:POC:2022-02-23:423.086875,1,1,1,2022-02-24T19:00:00Z,2022-02-24T21:00:00Z,2022-03-04T20:00:00Z
251,demand,demand,428.86,431.839958212948,2022-01-26T20:00:00Z,2022-01-27T17:00:00Z,,,,,,expired,1,1,pivot,pivot:2022-01-26T20:00:00Z,1,1,0,2022-01-27T19:00:00Z,2022-01-28T15:30:00Z,2022-02-04T21:00:00Z
252,demand,demand,427.11,429.3561359957948,2022-01-28T15:00:00Z,2022-01-28T19:00:00Z,2022-03-02T17:00:00Z,427.11,429.3561359957948,3,pivot|repeated_pivot|role_flip,expired,3,3,pivot|repeated_pivot|role_flip,pivot:2022-01-28T15:00:00Z|pivot:2022-03-01T20:00:00Z|pivot:2022-03-04T16:00:00Z|pivot:2022-03-08T18:00:00Z|pivot:2022-03-09T20:00:00Z|pivot:2022-03-11T14:30:00Z,6,6,4,2022-03-16T19:00:00Z,2022-03-16T14:30:00Z,2022-03-21T14:30:00Z
253,supply,supply,450.62458111997097,452.78,2022-02-01T16:00:00Z,2022-02-01T20:00:00Z,2022-02-07T17:00:00Z,450.62458111997097,452.78,3,pivot|repeated_pivot|role_flip,expired,3,3,pivot|repeated_pivot|role_flip,pivot:2022-02-01T16:00:00Z|pivot:2022-02-04T20:00:00Z|pivot:2022-02-10T14:30:00Z,3,5,4,2022-02-10T21:00:00Z,2022-02-10T20:00:00Z,2022-03-23T15:00:00Z
255,demand,demand,443.83,446.41,2022-02-04T16:00:00Z,2022-02-04T20:00:00Z,2022-02-08T19:00:00Z,443.83,446.41,2,pivot|repeated_pivot,expired,4,4,pivot|repeated_pivot|role_flip|volume_profile,pivot:2022-02-04T16:00:00Z|pivot:2022-02-08T15:00:00Z|pivot:2022-02-15T16:00:00Z|volume:POC:2022-02-15:444.794583|pivot:2022-02-15T20:00:00Z,4,3,2,2022-02-16T21:00:00Z,2022-02-17T15:30:00Z,2022-02-25T21:00:00Z
257,supply,demand,448.84,450.99,2022-02-07T20:00:00Z,2022-02-08T17:00:00Z,2022-03-22T19:00:00Z,448.84,450.99,3,pivot|repeated_pivot|role_flip,expired,4,4,pivot|repeated_pivot|role_flip|volume_profile,pivot:2022-02-07T20:00:00Z|pivot:2022-03-22T15:00:00Z|volume:POC:2022-03-22:448.908333|pivot:2022-03-22T19:00:00Z,3,6,3,2022-03-28T16:00:00Z,2022-03-25T15:00:00Z,2022-03-29T19:00:00Z
261,supply,supply,440.18,441.49,2022-02-14T17:00:00Z,2022-02-14T19:00:00Z,2022-02-14T19:00:00Z,440.18,441.49,2,order_block|volume_profile,expired,2,2,order_block|volume_profile,order_block:2022-02-14T17:00:00Z|structure_break:2022-02-14T18:00:00Z|volume:POC:2022-02-11:440.787708,0,1,0,2022-02-14T21:00:00Z,2022-02-15T15:30:00Z,2022-02-23T21:00:00Z
262,demand,demand,435.34,436.26,2022-02-14T19:00:00Z,2022-02-15T16:00:00Z,2022-02-25T21:00:00Z,435.34,436.26,3,pivot|role_flip|volume_profile,expired,3,3,pivot|role_flip|volume_profile,pivot:2022-02-14T19:00:00Z|volume:POC:2022-02-25:435.552917,1,2,4,2022-03-02T17:00:00Z,2022-03-03T16:00:00Z,2022-03-11T15:30:00Z
265,demand,demand,441.94,443.61,2022-02-16T17:00:00Z,2022-02-16T20:00:00Z,2022-02-16T21:00:00Z,441.94,443.61,2,order_block|pivot,expired,5,5,order_block|pivot|repeated_pivot|role_flip|volume_profile,order_block:2022-02-16T17:00:00Z|structure_break:2022-02-16T19:00:00Z|pivot:2022-02-16T17:00:00Z|volume:POC:2022-02-16:442.832500|pivot:2022-03-03T14:30:00Z|pivot:2022-03-23T19:00:00Z,3,3,2,2022-04-06T19:00:00Z,2022-03-18T20:00:00Z,2022-04-07T15:00:00Z
267,supply,supply,446.61,448.06,2022-02-16T20:00:00Z,2022-02-17T17:00:00Z,2022-03-24T20:00:00Z,446.61,448.06,3,pivot|role_flip|volume_profile,expired,3,3,pivot|role_flip|volume_profile,pivot:2022-02-16T20:00:00Z|volume:POC:2022-03-24:447.728750,1,3,4,2022-04-07T18:00:00Z,2022-04-06T14:30:00Z,2022-04-07T19:00:00Z
268,demand,demand,439.8,440.77,2022-02-17T15:00:00Z,2022-02-17T19:00:00Z,,,,,,expired,1,1,pivot,pivot:2022-02-17T15:00:00Z,1,0,0,,2022-02-17T20:00:00Z,2022-02-28T19:00:00Z
269,demand,demand,425.86,427.29,2022-02-22T19:00:00Z,2022-02-23T16:00:00Z,,,,,,expired,1,1,pivot,pivot:2022-02-22T19:00:00Z,1,2,0,2022-02-23T19:00:00Z,2022-02-23T20:00:00Z,2022-03-03T19:00:00Z
270,supply,demand,431.85,433.98867707777987,2022-02-23T14:30:00Z,2022-02-23T18:00:00Z,2022-02-28T19:00:00Z,431.85,433.98867707777987,3,pivot|repeated_pivot|role_flip,expired,4,4,pivot|repeated_pivot|role_flip|volume_profile,pivot:2022-02-23T14:30:00Z|pivot:2022-02-28T15:00:00Z|volume:POC:2022-02-28:432.731250|pivot:2022-02-28T19:00:00Z|pivot:2022-03-03T16:00:00Z|pivot:2022-03-16T14:00:00Z,5,7,5,2022-03-17T14:30:00Z,2022-03-16T20:00:00Z,2022-04-12T20:00:00Z
271,demand,demand,410.64,411.09472410875486,2022-02-24T14:30:00Z,2022-02-24T18:00:00Z,,,,,,expired,1,1,pivot,pivot:2022-02-24T14:30:00Z,1,0,0,,,2022-04-13T20:00:00Z
273,supply,supply,437.34,438.2,2022-02-28T16:00:00Z,2022-02-28T20:00:00Z,,,,,,expired,1,1,pivot,pivot:2022-02-28T16:00:00Z,1,1,0,2022-03-02T17:00:00Z,2022-03-02T19:00:00Z,2022-03-10T18:00:00Z
279,demand,demand,415.12,417.36959346257146,2022-03-08T16:00:00Z,2022-03-08T20:00:00Z,2022-03-14T20:00:00Z,415.12,417.36959346257146,2,pivot|volume_profile,expired,3,3,pivot|repeated_pivot|volume_profile,pivot:2022-03-08T16:00:00Z|volume:POC:2022-03-14:415.972500|pivot:2022-03-14T18:00:00Z,2,3,0,2022-04-26T20:00:00Z,,2022-04-27T15:00:00Z
282,demand,demand,420.44,421.77,2022-03-10T16:00:00Z,2022-03-10T20:00:00Z,,,,,,expired,2,2,pivot|role_flip,pivot:2022-03-10T16:00:00Z,1,3,6,2022-05-04T19:00:00Z,2022-04-28T17:00:00Z,2022-05-04T20:00:00Z
286,demand,demand,424.8,428.27463139164246,2022-03-16T18:00:00Z,2022-03-16T20:00:00Z,,,,,,expired,2,2,order_block|role_flip,order_block:2022-03-16T18:00:00Z|structure_break:2022-03-16T19:00:00Z,0,2,2,2022-05-04T20:00:00Z,2022-05-05T14:30:00Z,2022-05-12T20:00:00Z
287,demand,supply,424.8,426.6765177951692,2022-03-16T18:00:00Z,2022-03-17T15:00:00Z,,,,,,expired,2,2,pivot|role_flip,pivot:2022-03-16T18:00:00Z,1,2,3,2022-05-05T14:30:00Z,2022-04-29T15:00:00Z,2022-05-05T18:00:00Z
288,supply,supply,440.6614480318271,442.1288714452986,2022-03-17T19:00:00Z,2022-03-18T16:00:00Z,2022-03-22T14:30:00Z,440.6614480318271,442.1288714452986,3,pivot|repeated_pivot|role_flip,expired,4,4,pivot|repeated_pivot|role_flip|volume_profile,pivot:2022-03-17T19:00:00Z|pivot:2022-03-21T17:00:00Z|volume:POC:2022-04-11:442.078125,2,3,4,2022-04-19T14:30:00Z,2022-04-19T15:00:00Z,2022-04-27T14:30:00Z
289,supply,demand,444.99792666774306,446.46,2022-03-21T13:30:00Z,2022-03-21T17:00:00Z,2022-03-23T17:00:00Z,444.99792666774306,446.46,3,pivot|repeated_pivot|role_flip,expired,3,3,pivot|repeated_pivot|role_flip,pivot:2022-03-21T13:30:00Z|pivot:2022-03-23T13:30:00Z,2,1,1,2022-03-23T17:00:00Z,2022-03-23T20:00:00Z,2022-03-31T19:00:00Z
295,supply,supply,448.42,449.95,2022-03-24T15:00:00Z,2022-03-24T19:00:00Z,2022-04-04T14:30:00Z,448.42,449.95,3,pivot|repeated_pivot|role_flip,expired,3,3,pivot|repeated_pivot|role_flip,pivot:2022-03-24T15:00:00Z|pivot:2022-04-01T17:00:00Z|pivot:2022-04-06T19:00:00Z|pivot:2022-04-07T19:00:00Z,4,3,2,2022-04-08T15:00:00Z,2022-04-08T17:00:00Z,2022-04-19T16:00:00Z
296,supply,demand,452.33,452.98,2022-03-25T14:00:00Z,2022-03-25T18:00:00Z,,,,,,expired,2,2,pivot|role_flip,pivot:2022-03-25T14:00:00Z,1,2,3,2022-04-05T17:00:00Z,2022-04-05T20:00:00Z,2022-04-13T19:00:00Z
297,supply,supply,453.39228259661496,453.65,2022-03-28T13:30:00Z,2022-03-28T17:00:00Z,,,,,,expired,2,2,pivot|role_flip,pivot:2022-03-28T13:30:00Z,1,1,2,2022-04-05T19:00:00Z,2022-04-05T18:00:00Z,2022-05-16T20:00:00Z
298,supply,supply,460.48819309387176,462.07,2022-03-29T13:30:00Z,2022-03-29T17:00:00Z,2022-03-30T16:00:00Z,460.48819309387176,462.07,2,pivot|repeated_pivot,expired,2,2,pivot|repeated_pivot,pivot:2022-03-29T13:30:00Z|pivot:2022-03-29T19:00:00Z,2,1,0,2022-03-29T19:00:00Z,,2022-05-17T20:00:00Z
300,demand,supply,456.46,457.50472914350826,2022-03-30T19:00:00Z,2022-03-31T16:00:00Z,,,,,,expired,2,2,pivot|role_flip,pivot:2022-03-30T19:00:00Z,1,1,1,2022-04-05T15:00:00Z,2022-03-31T20:00:00Z,2022-05-19T19:00:00Z
301,supply,supply,456.7,457.48,2022-03-31T17:00:00Z,2022-03-31T20:00:00Z,2022-03-31T20:00:00Z,456.7,457.48,2,order_block|volume_profile,expired,3,3,order_block|pivot|volume_profile,order_block:2022-03-31T17:00:00Z|structure_break:2022-03-31T19:00:00Z|volume:POC:2022-03-31:457.018333|pivot:2022-04-05T14:00:00Z,1,1,0,2022-04-04T20:00:00Z,,2022-05-20T16:00:00Z
304,demand,supply,443.47,444.97,2022-04-06T14:00:00Z,2022-04-06T18:00:00Z,2022-04-07T15:00:00Z,443.47,444.97,2,pivot|repeated_pivot,expired,4,4,pivot|repeated_pivot|role_flip|volume_profile,pivot:2022-04-06T14:00:00Z|pivot:2022-04-06T18:00:00Z|pivot:2022-04-12T13:30:00Z|pivot:2022-04-14T13:30:00Z|pivot:2022-04-19T15:00:00Z|volume:POC:2022-04-19:443.600833|pivot:2022-04-20T18:00:00Z,6,7,3,2022-04-21T18:00:00Z,2022-04-21T17:00:00Z,2022-05-26T14:30:00Z
308,demand,supply,439.39,439.97,2022-04-11T19:00:00Z,2022-04-12T16:00:00Z,2022-04-18T14:30:00Z,439.39,439.97,3,pivot|role_flip|volume_profile,expired,3,3,pivot|role_flip|volume_profile,pivot:2022-04-11T19:00:00Z|volume:POC:2022-04-14:439.592083,1,2,3,2022-04-18T18:00:00Z,2022-04-19T14:30:00Z,2022-04-26T20:00:00Z
310,demand,demand,436.65,438.0146660550903,2022-04-12T19:00:00Z,2022-04-13T16:00:00Z,,,,,,expired,1,1,pivot,pivot:2022-04-12T19:00:00Z,1,3,0,2022-04-21T20:00:00Z,2022-04-22T14:30:00Z,2022-04-29T20:00:00Z
312,demand,supply,435.61,436.56,2022-04-18T16:00:00Z,2022-04-18T20:00:00Z,,,,,,expired,2,2,pivot|role_flip,pivot:2022-04-18T16:00:00Z,1,0,1,2022-04-22T15:00:00Z,2022-04-22T14:30:00Z,2022-06-07T16:00:00Z
314,supply,supply,446.91,447.57,2022-04-20T13:30:00Z,2022-04-20T17:00:00Z,,,,,,expired,1,1,pivot,pivot:2022-04-20T13:30:00Z,1,1,0,2022-04-20T18:00:00Z,2022-04-21T14:30:00Z,2022-04-28T20:00:00Z
316,supply,supply,449.36,450.01,2022-04-21T13:30:00Z,2022-04-21T17:00:00Z,,,,,,expired,1,1,pivot,pivot:2022-04-21T13:30:00Z,1,0,0,,,2022-06-09T20:00:00Z
317,demand,supply,418.84,419.77,2022-04-25T15:00:00Z,2022-04-25T19:00:00Z,,,,,,expired,2,2,pivot|role_flip,pivot:2022-04-25T15:00:00Z,1,3,3,2022-05-04T18:00:00Z,2022-05-04T19:00:00Z,2022-05-12T18:00:00Z
318,supply,supply,428.2692322988279,429.64,2022-04-25T19:00:00Z,2022-04-26T16:00:00Z,2022-04-29T16:00:00Z,428.2692322988279,429.64,2,pivot|repeated_pivot,expired,2,2,pivot|repeated_pivot,pivot:2022-04-25T19:00:00Z|pivot:2022-04-28T19:00:00Z|pivot:2022-05-04T19:00:00Z,3,2,0,2022-05-04T20:00:00Z,,2022-06-14T19:00:00Z
319,supply,demand,419.41,421.0,2022-04-26T18:00:00Z,2022-04-26T20:00:00Z,2022-04-26T20:00:00Z,419.41,421.0,2,order_block|volume_profile,expired,3,3,order_block|role_flip|volume_profile,order_block:2022-04-26T18:00:00Z|structure_break:2022-04-26T19:00:00Z|volume:POC:2022-04-26:420.431875,0,1,3,2022-05-04T19:00:00Z,2022-05-05T15:00:00Z,2022-05-13T14:30:00Z
320,demand,supply,413.7,417.09041975367126,2022-04-27T14:00:00Z,2022-04-27T18:00:00Z,2022-05-04T19:00:00Z,413.7,417.09041975367126,3,pivot|repeated_pivot|role_flip,expired,5,5,order_block|pivot|repeated_pivot|role_flip|volume_profile,pivot:2022-04-27T14:00:00Z|pivot:2022-05-04T15:00:00Z|order_block:2022-05-04T14:00:00Z|structure_break:2022-05-04T18:00:00Z|volume:POC:2022-05-03:414.868542|structure_break:2022-05-04T19:00:00Z,2,8,3,2022-06-02T17:00:00Z,2022-06-02T20:00:00Z,2022-06-10T19:00:00Z
321,supply,supply,422.06,422.92,2022-04-27T16:00:00Z,2022-04-27T20:00:00Z,,,,,,expired,2,2,pivot|role_flip,pivot:2022-04-27T16:00:00Z,1,1,2,2022-04-29T16:00:00Z,2022-05-04T19:00:00Z,2022-05-12T18:00:00Z
322,demand,supply,417.6,420.44,2022-04-28T14:00:00Z,2022-04-28T17:00:00Z,2022-04-28T17:00:00Z,417.6,420.44,2,order_block|volume_profile,expired,4,4,order_block|pivot|role_flip|volume_profile,order_block:2022-04-28T14:00:00Z|structure_break:2022-04-28T16:00:00Z|volume:POC:2022-04-27:418.800208|pivot:2022-05-03T15:00:00Z,1,3,1,2022-05-04T17:00:00Z,2022-05-04T19:00:00Z,2022-05-12T18:00:00Z
324,demand,supply,405.02,406.46,2022-05-02T18:00:00Z,2022-05-03T15:00:00Z,2022-05-06T17:00:00Z,405.02,406.46,2,pivot|repeated_pivot,expired,3,3,pivot|repeated_pivot|role_flip,pivot:2022-05-02T18:00:00Z|pivot:2022-05-06T13:30:00Z|pivot:2022-05-10T13:30:00Z|pivot:2022-05-11T14:00:00Z,4,3,1,2022-05-17T14:30:00Z,2022-05-17T19:00:00Z,2022-05-25T18:00:00Z
332,demand,demand,394.82,395.95,2022-05-10T16:00:00Z,2022-05-10T20:00:00Z,2022-05-11T20:00:00Z,394.82,395.95,3,pivot|role_flip|volume_profile,expired,4,4,pivot|repeated_pivot|role_flip|volume_profile,pivot:2022-05-10T16:00:00Z|volume:POC:2022-05-11:395.231667|pivot:2022-05-20T13:30:00Z,2,4,6,2022-05-25T19:00:00Z,2022-06-10T14:30:00Z,2022-06-17T20:00:00Z
334,demand,demand,386.92,388.6,2022-05-12T13:30:00Z,2022-05-12T17:00:00Z,2022-05-24T18:00:00Z,386.92,388.6,3,pivot|repeated_pivot|role_flip,expired,3,3,pivot|repeated_pivot|role_flip,pivot:2022-05-12T13:30:00Z|pivot:2022-05-24T14:00:00Z,2,1,2,2022-05-24T16:00:00Z,2022-06-13T14:30:00Z,2022-06-21T20:00:00Z
335,demand,demand,385.15,385.75382180385753,2022-05-12T18:00:00Z,2022-05-13T15:00:00Z,,,,,,expired,1,1,pivot,pivot:2022-05-12T18:00:00Z,1,1,0,2022-05-20T16:00:00Z,2022-05-20T17:00:00Z,2022-05-31T16:00:00Z
336,supply,supply,401.76,403.18,2022-05-13T16:00:00Z,2022-05-13T20:00:00Z,,,,,,expired,2,2,pivot|role_flip,pivot:2022-05-13T16:00:00Z,1,3,2,2022-05-26T14:30:00Z,2022-05-26T15:00:00Z,2022-06-06T14:30:00Z
337,supply,demand,406.93,408.57,2022-05-17T19:00:00Z,2022-05-18T16:00:00Z,2022-06-01T20:00:00Z,406.93,408.57,3,pivot|repeated_pivot|role_flip,expired,3,3,pivot|repeated_pivot|role_flip,pivot:2022-05-17T19:00:00Z|pivot:2022-06-01T16:00:00Z|pivot:2022-06-07T13:30:00Z,3,4,1,2022-06-09T16:00:00Z,2022-06-09T19:00:00Z,2022-06-17T18:00:00Z
338,demand,demand,387.11,388.56,2022-05-19T13:30:00Z,2022-05-19T17:00:00Z,,,,,,expired,1,1,pivot,pivot:2022-05-19T13:30:00Z,1,2,0,2022-05-20T15:00:00Z,2022-05-20T16:00:00Z,2022-05-31T15:00:00Z
340,demand,supply,380.54,382.94,2022-05-20T17:00:00Z,2022-05-23T14:30:00Z,2022-05-23T14:30:00Z,380.54,382.94,2,pivot|volume_profile,expired,4,4,pivot|repeated_pivot|role_flip|volume_profile,pivot:2022-05-20T17:00:00Z|volume:POC:2022-05-20:382.257708|pivot:2022-06-15T19:00:00Z|pivot:2022-07-01T19:00:00Z,3,7,5,2022-07-13T16:00:00Z,2022-07-13T14:30:00Z,2022-07-13T17:00:00Z
341,supply,supply,396.36,397.73,2022-05-23T18:00:00Z,2022-05-24T15:00:00Z,2022-05-25T18:00:00Z,396.36,397.73,2,pivot|repeated_pivot,expired,3,3,pivot|repeated_pivot|volume_profile,pivot:2022-05-23T18:00:00Z|pivot:2022-05-25T14:00:00Z|volume:POC:2022-05-25:396.457500,2,2,0,2022-05-25T19:00:00Z,2022-05-26T14:30:00Z,2022-06-03T20:00:00Z
344,supply,supply,415.0373691114746,415.39,2022-05-27T19:00:00Z,2022-05-31T16:00:00Z,,,,,,expired,2,2,pivot|role_flip,pivot:2022-05-27T19:00:00Z,1,1,2,2022-06-06T16:00:00Z,2022-06-07T20:00:00Z,2022-06-15T19:00:00Z
345,demand,supply,409.51,411.16,2022-05-31T14:00:00Z,2022-05-31T18:00:00Z,2022-06-03T19:00:00Z,409.51,411.16,3,pivot|repeated_pivot|role_flip,expired,4,4,order_block|pivot|repeated_pivot|role_flip,pivot:2022-05-31T14:00:00Z|pivot:2022-06-03T15:00:00Z|order_block:2022-06-09T16:00:00Z|structure_break:2022-06-09T19:00:00Z,2,5,3,2022-06-09T16:00:00Z,2022-06-09T15:00:00Z,2022-07-21T14:30:00Z
346,supply,supply,416.07006344183594,416.46,2022-05-31T18:00:00Z,2022-06-01T15:00:00Z,,,,,,expired,1,1,pivot,pivot:2022-05-31T18:00:00Z,1,0,0,,2022-06-02T20:00:00Z,2022-06-10T19:00:00Z
348,supply,supply,416.08,417.44,2022-06-02T19:00:00Z,2022-06-03T16:00:00Z,2022-06-06T18:00:00Z,416.08,417.44,2,pivot|repeated_pivot,expired,2,2,pivot|repeated_pivot,pivot:2022-06-02T19:00:00Z|pivot:2022-06-06T14:00:00Z|pivot:2022-06-07T19:00:00Z,3,1,0,2022-06-07T20:00:00Z,,2022-07-25T19:00:00Z
354,demand,demand,389.87,390.85,2022-06-10T15:00:00Z,2022-06-10T19:00:00Z,,,,,,expired,1,1,pivot,pivot:2022-06-10T15:00:00Z,1,1,0,2022-06-10T20:00:00Z,2022-06-13T14:30:00Z,2022-06-21T20:00:00Z
355,supply,supply,391.92,394.25,2022-06-10T19:00:00Z,2022-06-13T16:00:00Z,2022-06-28T17:00:00Z,391.92,394.25,2,pivot|repeated_pivot,expired,4,4,pivot|repeated_pivot|role_flip|volume_profile,pivot:2022-06-10T19:00:00Z|pivot:2022-06-28T13:30:00Z|volume:POC:2022-07-22:393.521875,2,5,2,2022-07-26T18:00:00Z,2022-07-27T14:30:00Z,2022-08-03T20:00:00Z
356,demand,supply,374.93,376.28,2022-06-13T15:00:00Z,2022-06-13T19:00:00Z,2022-06-21T19:00:00Z,374.93,376.28,3,pivot|repeated_pivot|role_flip,expired,3,3,pivot|repeated_pivot|role_flip,pivot:2022-06-13T15:00:00Z|pivot:2022-06-21T15:00:00Z|pivot:2022-07-01T14:00:00Z|pivot:2022-07-13T13:30:00Z,4,3,9,2022-07-14T17:00:00Z,2022-07-14T19:00:00Z,2022-07-22T18:00:00Z
357,demand,demand,370.59,372.19,2022-06-14T19:00:00Z,2022-06-15T16:00:00Z,,,,,,expired,1,1,pivot,pivot:2022-06-14T19:00:00Z,1,1,0,2022-06-15T19:00:00Z,2022-06-16T14:30:00Z,2022-06-24T20:00:00Z
358,supply,demand,376.79,379.5,2022-06-15T14:00:00Z,2022-06-15T18:00:00Z,2022-06-22T18:00:00Z,376.79,379.5,2,pivot|repeated_pivot,expired,4,4,pivot|repeated_pivot|role_flip|volume_profile,pivot:2022-06-15T14:00:00Z|pivot:2022-06-22T14:00:00Z|pivot:2022-06-22T18:00:00Z|volume:POC:2022-06-30:377.791250,3,6,5,2022-07-13T19:00:00Z,2022-07-14T14:30:00Z,2022-07-21T20:00:00Z
360,demand,supply,365.76,366.2520114969609,2022-06-16T14:00:00Z,2022-06-16T18:00:00Z,2022-06-17T15:00:00Z,365.76,366.2520114969609,3,pivot|role_flip|volume_profile,expired,3,3,pivot|role_flip|volume_profile,pivot:2022-06-16T14:00:00Z|volume:POC:2022-06-16:366.216875,1,0,1,2022-06-17T15:00:00Z,2022-06-17T18:00:00Z,2022-06-28T17:00:00Z
361,supply,supply,368.39,369.38,2022-06-17T13:30:00Z,2022-06-17T17:00:00Z,,,,,,expired,1,1,pivot,pivot:2022-06-17T13:30:00Z,1,1,0,2022-06-17T18:00:00Z,2022-06-21T14:30:00Z,2022-06-28T20:00:00Z
362,demand,demand,362.17,363.54,2022-06-17T14:00:00Z,2022-06-17T18:00:00Z,,,,,,expired,1,1,pivot,pivot:2022-06-17T14:00:00Z,1,0,0,,,2022-08-09T14:30:00Z
364,demand,demand,370.18,370.65,2022-06-22T13:30:00Z,2022-06-22T17:00:00Z,,,,,,expired,1,1,pivot,pivot:2022-06-22T13:30:00Z,1,0,0,,,2022-08-10T20:00:00Z
367,demand,demand,372.56,373.58,2022-06-23T17:00:00Z,2022-06-24T14:30:00Z,2022-06-30T18:00:00Z,372.56,373.58,2,pivot|repeated_pivot,expired,4,4,pivot|repeated_pivot|role_flip|volume_profile,pivot:2022-06-23T17:00:00Z|pivot:2022-06-30T14:00:00Z|pivot:2022-07-05T14:00:00Z|pivot:2022-07-14T14:00:00Z|volume:POC:2022-07-14:373.079375,4,2,2,2022-07-14T17:00:00Z,2022-07-14T16:00:00Z,2022-08-12T17:00:00Z
368,supply,supply,391.0451090232692,391.36,2022-06-27T13:30:00Z,2022-06-27T17:00:00Z,,,,,,expired,1,1,pivot,pivot:2022-06-27T13:30:00Z,1,0,0,,2022-06-28T14:30:00Z,2022-07-06T20:00:00Z
369,supply,demand,390.26164546161607,393.16,2022-06-28T13:30:00Z,2022-06-28T16:00:00Z,2022-07-19T20:00:00Z,390.26164546161607,393.16,2,order_block|volume_profile,expired,3,3,order_block|role_flip|volume_profile,order_block:2022-06-28T13:30:00Z|structure_break:2022-06-28T15:00:00Z|volume:POC:2022-07-19:391.467500,0,6,1,2022-07-26T14:30:00Z,2022-07-20T15:00:00Z,2022-08-16T19:00:00Z
371,demand,supply,378.42,379.8828604678261,2022-06-29T13:30:00Z,2022-06-29T17:00:00Z,2022-06-29T20:00:00Z,378.42,379.8828604678261,2,pivot|volume_profile,expired,3,3,pivot|role_flip|volume_profile,pivot:2022-06-29T13:30:00Z|volume:POC:2022-06-29:379.623125,1,4,3,2022-07-14T20:00:00Z,2022-07-15T14:30:00Z,2022-07-22T20:00:00Z
376,supply,demand,382.12,384.1,2022-07-06T13:30:00Z,2022-07-06T17:00:00Z,2022-07-11T18:00:00Z,382.12,384.1,3,pivot|repeated_pivot|role_flip,expired,4,4,pivot|repeated_pivot|role_flip|volume_profile,pivot:2022-07-06T13:30:00Z|pivot:2022-07-11T14:00:00Z|pivot:2022-07-12T14:00:00Z|volume:POC:2022-07-15:383.778125,3,2,3,2022-07-18T19:00:00Z,2022-07-18T20:00:00Z,2022-07-26T19:00:00Z
377,demand,demand,385.66,386.33,2022-07-08T14:00:00Z,2022-07-08T18:00:00Z,,,,,,expired,2,2,pivot|role_flip,pivot:2022-07-08T14:00:00Z,1,1,2,2022-07-19T14:30:00Z,2022-07-18T14:30:00Z,2022-08-26T14:30:00Z
378,supply,demand,389.94,390.74,2022-07-08T15:00:00Z,2022-07-08T19:00:00Z,2022-07-27T16:00:00Z,389.94,390.74,3,pivot|repeated_pivot|role_flip,expired,3,3,pivot|repeated_pivot|role_flip,pivot:2022-07-08T15:00:00Z|pivot:2022-07-26T19:00:00Z,2,3,1,2022-07-26T19:00:00Z,2022-07-19T18:00:00Z,2022-08-26T15:00:00Z
383,supply,supply,384.0,384.85,2022-07-15T15:00:00Z,2022-07-15T19:00:00Z,,,,,,expired,1,1,pivot,pivot:2022-07-15T15:00:00Z,1,0,0,,2022-07-15T20:00:00Z,2022-07-25T19:00:00Z
384,supply,demand,388.38,389.09,2022-07-18T13:30:00Z,2022-07-18T17:00:00Z,,,,,,expired,2,2,pivot|role_flip,pivot:2022-07-18T13:30:00Z,1,1,1,2022-07-19T17:00:00Z,2022-07-19T16:00:00Z,2022-09-02T20:00:00Z
385,demand,demand,380.66,381.99,2022-07-18T19:00:00Z,2022-07-19T16:00:00Z,,,,,,expired,1,1,pivot,pivot:2022-07-18T19:00:00Z,1,0,0,,,2022-09-06T19:00:00Z
386,demand,supply,391.31,392.41,2022-07-20T13:30:00Z,2022-07-20T15:00:00Z,2022-07-20T15:00:00Z,391.31,392.41,2,order_block|volume_profile,expired,4,4,order_block|pivot|role_flip|volume_profile,order_block:2022-07-20T13:30:00Z|structure_break:2022-07-20T14:00:00Z|volume:POC:2022-07-19:391.467500|pivot:2022-07-21T14:00:00Z,1,2,1,2022-07-26T18:00:00Z,2022-07-27T14:30:00Z,2022-08-03T20:00:00Z
387,supply,demand,395.77,396.47,2022-07-20T16:00:00Z,2022-07-20T20:00:00Z,2022-07-25T20:00:00Z,395.77,396.47,3,pivot|repeated_pivot|role_flip,expired,5,5,order_block|pivot|repeated_pivot|role_flip|volume_profile,pivot:2022-07-20T16:00:00Z|pivot:2022-07-25T16:00:00Z|order_block:2022-07-27T16:00:00Z|structure_break:2022-07-27T18:00:00Z|volume:POC:2022-07-27:396.073542|pivot:2022-08-30T17:00:00Z,3,7,5,2022-09-08T14:30:00Z,2022-09-07T19:00:00Z,2022-09-08T16:00:00Z
389,supply,supply,398.92,400.16,2022-07-22T13:30:00Z,2022-07-22T17:00:00Z,,,,,,expired,2,2,pivot|role_flip,pivot:2022-07-22T13:30:00Z,1,3,4,2022-09-08T17:00:00Z,2022-09-08T20:00:00Z,2022-09-16T19:00:00Z
390,demand,demand,392.75,393.71,2022-07-22T18:00:00Z,2022-07-25T15:00:00Z,2022-07-25T15:00:00Z,392.75,393.71,2,pivot|volume_profile,expired,2,2,pivot|volume_profile,pivot:2022-07-22T18:00:00Z|volume:POC:2022-07-22:393.521875,1,1,0,2022-07-25T19:00:00Z,2022-07-26T16:00:00Z,2022-08-03T15:00:00Z
394,supply,supply,412.63,413.41,2022-08-01T14:00:00Z,2022-08-01T18:00:00Z,2022-08-02T20:00:00Z,412.63,413.41,2,pivot|repeated_pivot,expired,4,4,pivot|repeated_pivot|role_flip|volume_profile,pivot:2022-08-01T14:00:00Z|pivot:2022-08-02T16:00:00Z|pivot:2022-08-04T14:00:00Z|volume:POC:2022-08-08:412.915625,3,2,4,2022-08-09T14:30:00Z,2022-08-10T14:30:00Z,2022-08-17T20:00:00Z
395,demand,demand,406.82,408.1793258909739,2022-08-02T14:00:00Z,2022-08-02T18:00:00Z,,,,,,expired,1,1,pivot,pivot:2022-08-02T14:00:00Z,1,2,0,2022-08-26T19:00:00Z,2022-08-26T20:00:00Z,2022-09-06T19:00:00Z
397,supply,supply,414.81,415.68,2022-08-03T19:00:00Z,2022-08-04T16:00:00Z,,,,,,expired,1,1,pivot,pivot:2022-08-03T19:00:00Z,1,1,0,2022-08-04T20:00:00Z,2022-08-08T14:30:00Z,2022-08-15T20:00:00Z
399,demand,demand,409.6,411.04,2022-08-05T13:30:00Z,2022-08-05T17:00:00Z,2022-08-10T15:00:00Z,409.6,411.04,2,pivot|repeated_pivot,expired,3,3,pivot|repeated_pivot|volume_profile,pivot:2022-08-05T13:30:00Z|pivot:2022-08-09T18:00:00Z|volume:POC:2022-08-09:410.905208,2,1,0,2022-08-26T16:00:00Z,2022-08-26T18:00:00Z,2022-09-06T17:00:00Z
400,supply,supply,417.09,417.85,2022-08-08T14:00:00Z,2022-08-08T18:00:00Z,2022-08-25T18:00:00Z,417.09,417.85,3,pivot|repeated_pivot|role_flip,expired,3,3,pivot|repeated_pivot|role_flip,pivot:2022-08-08T14:00:00Z|pivot:2022-08-25T14:00:00Z,2,0,2,2022-08-25T15:00:00Z,2022-08-25T20:00:00Z,2022-09-02T19:00:00Z
402,supply,supply,419.21,420.04,2022-08-10T15:00:00Z,2022-08-10T19:00:00Z,2022-08-12T16:00:00Z,419.21,420.04,3,pivot|repeated_pivot|role_flip,expired,4,4,pivot|repeated_pivot|role_flip|volume_profile,pivot:2022-08-10T15:00:00Z|pivot:2022-08-11T19:00:00Z|volume:POC:2022-08-11:419.568750|pivot:2022-08-26T14:00:00Z,3,1,2,2022-08-26T14:30:00Z,2022-08-22T14:30:00Z,2022-09-29T15:00:00Z
403,supply,demand,423.85791418721027,424.95,2022-08-11T14:00:00Z,2022-08-11T18:00:00Z,2022-08-17T19:00:00Z,423.85791418721027,424.95,3,pivot|repeated_pivot|role_flip,expired,3,3,pivot|repeated_pivot|role_flip,pivot:2022-08-11T14:00:00Z|pivot:2022-08-17T15:00:00Z,2,2,1,2022-08-17T16:00:00Z,2022-08-19T14:30:00Z,2022-08-26T20:00:00Z
405,demand,supply,426.88,428.41,2022-08-16T14:00:00Z,2022-08-16T16:00:00Z,2022-08-16T18:00:00Z,426.88,428.41,2,order_block|pivot,expired,5,5,order_block|pivot|repeated_pivot|role_flip|volume_profile,order_block:2022-08-16T14:00:00Z|structure_break:2022-08-16T15:00:00Z|pivot:2022-08-16T14:00:00Z|volume:POC:2022-08-16:428.395625|pivot:2022-08-18T19:00:00Z,2,1,1,2022-08-17T18:00:00Z,2022-08-17T15:00:00Z,2022-10-04T19:00:00Z
407,supply,supply,430.99,431.73,2022-08-16T18:00:00Z,2022-08-17T15:00:00Z,,,,,,expired,1,1,pivot,pivot:2022-08-16T18:00:00Z,1,0,0,,,2022-10-05T18:00:00Z
409,supply,supply,428.4281205295527,429.5,2022-08-17T18:00:00Z,2022-08-18T15:00:00Z,,,,,,expired,1,1,pivot,pivot:2022-08-17T18:00:00Z,1,1,0,2022-08-18T20:00:00Z,,2022-10-06T18:00:00Z
411,demand,demand,411.77,412.75910510434005,2022-08-23T16:00:00Z,2022-08-23T20:00:00Z,2022-08-23T20:00:00Z,411.77,412.75910510434005,2,pivot|volume_profile,expired,3,3,pivot|repeated_pivot|volume_profile,pivot:2022-08-23T16:00:00Z|volume:POC:2022-08-23:412.758542|pivot:2022-08-24T13:30:00Z,2,3,0,2022-08-26T15:00:00Z,2022-08-26T16:00:00Z,2022-09-06T15:00:00Z
413,supply,demand,414.7,415.12,2022-08-24T15:00:00Z,2022-08-24T19:00:00Z,,,,,,expired,2,2,pivot|role_flip,pivot:2022-08-24T15:00:00Z,1,0,1,2022-08-25T16:00:00Z,2022-08-26T15:00:00Z,2022-09-06T14:30:00Z
415,demand,demand,416.07,416.77,2022-08-25T18:00:00Z,2022-08-25T20:00:00Z,2022-08-25T20:00:00Z,416.07,416.77,2,order_block|volume_profile,expired,2,2,order_block|volume_profile,order_block:2022-08-25T18:00:00Z|structure_break:2022-08-25T19:00:00Z|volume:POC:2022-08-25:416.483125,0,0,0,,2022-08-26T15:00:00Z,2022-09-06T14:30:00Z
417,demand,supply,399.93,401.4717810837741,2022-08-29T14:00:00Z,2022-08-29T18:00:00Z,2022-08-31T17:00:00Z,399.93,401.4717810837741,3,pivot|repeated_pivot|role_flip,expired,3,3,pivot|repeated_pivot|role_flip,pivot:2022-08-29T14:00:00Z|pivot:2022-08-31T13:30:00Z|pivot:2022-09-02T14:00:00Z|pivot:2022-09-08T15:00:00Z,4,3,1,2022-09-08T19:00:00Z,2022-09-09T14:30:00Z,2022-09-16T20:00:00Z
418,supply,demand,404.64,405.84,2022-08-29T17:00:00Z,2022-08-30T15:00:00Z,,,,,,expired,2,2,order_block|role_flip,order_block:2022-08-29T17:00:00Z|structure_break:2022-08-30T14:00:00Z,0,1,1,2022-09-09T18:00:00Z,2022-09-13T14:30:00Z,2022-09-20T20:00:00Z
421,demand,supply,388.42,390.3471409972788,2022-09-01T15:00:00Z,2022-09-01T19:00:00Z,2022-09-06T18:00:00Z,388.42,390.3471409972788,2,pivot|repeated_pivot,expired,3,3,pivot|repeated_pivot|role_flip,pivot:2022-09-01T15:00:00Z|pivot:2022-09-06T14:00:00Z,2,5,1,2022-09-21T19:00:00Z,2022-09-16T14:30:00Z,2022-10-21T15:00:00Z
425,supply,supply,411.02,411.73,2022-09-12T14:00:00Z,2022-09-12T18:00:00Z,,,,,,expired,1,1,pivot,pivot:2022-09-12T14:00:00Z,1,1,0,2022-09-12T20:00:00Z,,2022-10-31T14:30:00Z
426,demand,supply,391.76,393.21265962181417,2022-09-14T14:00:00Z,2022-09-14T18:00:00Z,,,,,,expired,2,2,pivot|role_flip,pivot:2022-09-14T14:00:00Z,1,1,1,2022-09-15T16:00:00Z,2022-09-15T15:00:00Z,2022-11-02T14:30:00Z
427,supply,supply,395.18,395.96,2022-09-15T14:00:00Z,2022-09-15T18:00:00Z,,,,,,expired,1,1,pivot,pivot:2022-09-15T14:00:00Z,1,0,0,,,2022-11-03T14:30:00Z
428,demand,supply,382.11,383.52,2022-09-16T16:00:00Z,2022-09-16T20:00:00Z,2022-10-26T15:00:00Z,382.11,383.52,3,pivot|role_flip|volume_profile,expired,5,5,order_block|pivot|repeated_pivot|role_flip|volume_profile,pivot:2022-09-16T16:00:00Z|volume:POC:2022-10-25:383.478750|pivot:2022-10-26T13:30:00Z|pivot:2022-11-01T15:00:00Z|order_block:2022-11-02T17:00:00Z|structure_break:2022-11-02T19:00:00Z,3,6,5,2022-11-02T20:00:00Z,2022-11-02T19:00:00Z,2022-11-04T16:00:00Z
429,supply,demand,386.21,387.16,2022-09-19T14:00:00Z,2022-09-19T18:00:00Z,,,,,,expired,2,2,pivot|role_flip,pivot:2022-09-19T14:00:00Z,1,0,1,2022-09-21T19:00:00Z,2022-09-21T20:00:00Z,2022-09-29T19:00:00Z
430,supply,supply,387.1,389.31,2022-09-19T19:00:00Z,2022-09-20T16:00:00Z,2022-09-21T20:00:00Z,387.1,389.31,2,order_block|pivot,expired,4,4,order_block|pivot|repeated_pivot|volume_profile,pivot:2022-09-19T19:00:00Z|order_block:2022-09-21T18:00:00Z|structure_break:2022-09-21T19:00:00Z|pivot:2022-09-21T18:00:00Z|pivot:2022-10-26T15:00:00Z|volume:POC:2022-10-28:388.085000|pivot:2022-11-02T18:00:00Z,4,5,0,2022-11-02T19:00:00Z,,2022-11-07T20:00:00Z
431,demand,demand,381.19,381.50662357332965,2022-09-20T17:00:00Z,2022-09-21T14:30:00Z,,,,,,expired,1,1,pivot,pivot:2022-09-20T17:00:00Z,1,1,0,2022-09-21T19:00:00Z,2022-09-21T20:00:00Z,2022-09-29T19:00:00Z
434,demand,demand,373.44,374.09,2022-09-22T15:00:00Z,2022-09-22T19:00:00Z,,,,,,expired,1,1,pivot,pivot:2022-09-22T15:00:00Z,1,0,0,,2022-09-23T14:30:00Z,2022-09-30T20:00:00Z
435,supply,supply,375.8540304127382,377.66,2022-09-22T19:00:00Z,2022-09-23T16:00:00Z,2022-10-04T19:00:00Z,375.8540304127382,377.66,2,pivot|repeated_pivot,expired,4,4,pivot|repeated_pivot|role_flip|volume_profile,pivot:2022-09-22T19:00:00Z|pivot:2022-10-04T15:00:00Z|volume:POC:2022-10-04:376.451667|pivot:2022-10-18T13:30:00Z,3,4,6,2022-11-09T21:00:00Z,2022-11-10T15:30:00Z,2022-11-17T21:00:00Z
436,demand,demand,363.02,363.65291894203955,2022-09-23T18:00:00Z,2022-09-26T15:00:00Z,2022-09-27T14:30:00Z,363.02,363.65291894203955,2,pivot|repeated_pivot,expired,4,4,pivot|repeated_pivot|role_flip|volume_profile,pivot:2022-09-23T18:00:00Z|pivot:2022-09-26T17:00:00Z|volume:POC:2022-10-07:363.574375|pivot:2022-10-11T16:00:00Z|pivot:2022-10-21T13:30:00Z,4,3,4,2022-10-21T14:30:00Z,2022-10-13T18:00:00Z,2022-11-11T19:00:00Z
437,supply,supply,368.5492443403382,370.4,2022-09-26T14:00:00Z,2022-09-26T18:00:00Z,2022-09-27T17:00:00Z,368.5492443403382,370.4,2,pivot|repeated_pivot,expired,3,3,pivot|repeated_pivot|volume_profile,pivot:2022-09-26T14:00:00Z|pivot:2022-09-27T13:30:00Z|volume:POC:2022-09-28:369.268750,2,3,0,2022-10-03T19:00:00Z,2022-10-04T14:30:00Z,2022-10-11T20:00:00Z
440,demand,supply,360.87,361.76,2022-09-27T17:00:00Z,2022-09-28T14:30:00Z,,,,,,expired,2,2,pivot|role_flip,pivot:2022-09-27T17:00:00Z,1,3,7,2022-10-14T16:00:00Z,2022-10-17T14:30:00Z,2022-10-24T20:00:00Z
441,supply,demand,370.6131723989454,372.3,2022-09-28T19:00:00Z,2022-09-29T16:00:00Z,2022-10-05T18:00:00Z,370.6131723989454,372.3,3,pivot|repeated_pivot|role_flip,expired,3,3,pivot|repeated_pivot|role_flip,pivot:2022-09-28T19:00:00Z|pivot:2022-10-05T14:00:00Z,2,0,1,2022-10-05T16:00:00Z,2022-10-07T14:30:00Z,2022-10-14T20:00:00Z
442,demand,demand,359.7,360.05403888127216,2022-09-29T18:00:00Z,2022-09-30T15:00:00Z,2022-10-11T19:00:00Z,359.7,360.05403888127216,3,pivot|role_flip|volume_profile,expired,3,3,pivot|role_flip|volume_profile,pivot:2022-09-29T18:00:00Z|volume:POC:2022-10-10:359.986250,1,2,4,2022-10-14T18:00:00Z,2022-10-14T19:00:00Z,2022-10-24T18:00:00Z
443,supply,demand,364.36109794781515,365.91,2022-09-30T15:00:00Z,2022-09-30T19:00:00Z,2022-10-13T20:00:00Z,364.36109794781515,365.91,3,pivot|role_flip|volume_profile,expired,3,3,pivot|role_flip|volume_profile,pivot:2022-09-30T15:00:00Z|volume:POC:2022-10-13:364.680833,1,3,3,2022-10-13T20:00:00Z,2022-10-14T15:00:00Z,2022-10-24T14:30:00Z
444,demand,demand,357.11,357.4708955502203,2022-09-30T19:00:00Z,2022-10-03T16:00:00Z,2022-10-12T20:00:00Z,357.11,357.4708955502203,3,pivot|role_flip|volume_profile,expired,4,4,pivot|repeated_pivot|role_flip|volume_profile,pivot:2022-09-30T19:00:00Z|volume:POC:2022-10-11:357.387500|pivot:2022-10-14T19:00:00Z,2,0,2,2022-10-14T20:00:00Z,2022-10-13T16:00:00Z,2022-11-18T20:00:00Z
446,supply,demand,377.6391407196952,379.46,2022-10-04T19:00:00Z,2022-10-05T16:00:00Z,2022-10-06T16:00:00Z,377.6391407196952,379.46,2,pivot|repeated_pivot,expired,4,4,pivot|repeated_pivot|role_flip|volume_profile,pivot:2022-10-04T19:00:00Z|pivot:2022-10-05T19:00:00Z|pivot:2022-10-24T13:30:00Z|volume:POC:2022-10-24:378.177708|pivot:2022-11-04T14:00:00Z|pivot:2022-11-07T15:00:00Z,5,6,3,2022-11-09T15:30:00Z,2022-11-09T19:00:00Z,2022-11-17T18:00:00Z
449,demand,demand,355.71,357.2770036869575,2022-10-11T14:00:00Z,2022-10-11T18:00:00Z,2022-10-12T16:00:00Z,355.71,357.2770036869575,2,pivot|repeated_pivot,expired,2,2,pivot|repeated_pivot,pivot:2022-10-11T14:00:00Z|pivot:2022-10-11T19:00:00Z,2,2,0,2022-10-12T19:00:00Z,2022-10-13T14:30:00Z,2022-10-20T20:00:00Z
452,demand,demand,356.5,357.69,2022-10-12T19:00:00Z,2022-10-13T16:00:00Z,,,,,,expired,1,1,order_block,order_block:2022-10-12T19:00:00Z|structure_break:2022-10-13T15:00:00Z,0,1,0,2022-10-14T19:00:00Z,,2022-12-02T16:00:00Z
453,demand,demand,348.11,349.23,2022-10-13T13:30:00Z,2022-10-13T17:00:00Z,,,,,,expired,1,1,pivot,pivot:2022-10-13T13:30:00Z,1,0,0,,,2022-12-02T17:00:00Z
454,supply,supply,368.53,370.26,2022-10-14T13:30:00Z,2022-10-14T17:00:00Z,2022-10-20T17:00:00Z,368.53,370.26,3,pivot|role_flip|volume_profile,expired,3,3,pivot|role_flip|volume_profile,pivot:2022-10-14T13:30:00Z|volume:POC:2022-10-19:368.568750,1,1,2,2022-10-21T14:30:00Z,2022-10-21T17:00:00Z,2022-10-31T16:00:00Z
456,supply,demand,366.067106366183,367.98,2022-10-17T14:00:00Z,2022-10-17T18:00:00Z,2022-10-17T20:00:00Z,366.067106366183,367.98,2,pivot|volume_profile,expired,4,4,pivot|repeated_pivot|role_flip|volume_profile,pivot:2022-10-17T14:00:00Z|volume:POC:2022-10-17:366.225625|pivot:2022-10-19T17:00:00Z,2,4,3,2022-10-21T16:00:00Z,2022-10-21T14:30:00Z,2022-12-06T18:00:00Z
459,supply,supply,371.96,372.67,2022-10-20T14:00:00Z,2022-10-20T18:00:00Z,,,,,,expired,1,1,pivot,pivot:2022-10-20T14:00:00Z,1,1,0,2022-10-21T18:00:00Z,2022-10-21T19:00:00Z,2022-10-31T18:00:00Z
462,demand,demand,378.13,379.35,2022-10-24T19:00:00Z,2022-10-25T14:30:00Z,2022-10-25T14:30:00Z,378.13,379.35,2,order_block|volume_profile,expired,4,4,order_block|pivot|role_flip|volume_profile,order_block:2022-10-24T19:00:00Z|structure_break:2022-10-25T13:30:00Z|volume:POC:2022-10-24:378.177708|pivot:2022-10-27T19:00:00Z,1,5,2,2022-11-09T15:30:00Z,2022-11-09T19:00:00Z,2022-11-17T18:00:00Z
466,supply,demand,388.97,390.39,2022-10-28T19:00:00Z,2022-10-31T16:00:00Z,2022-11-01T17:00:00Z,388.97,390.39,2,pivot|repeated_pivot,expired,4,4,pivot|repeated_pivot|role_flip|volume_profile,pivot:2022-10-28T19:00:00Z|pivot:2022-11-01T13:30:00Z|volume:POC:2022-11-10:389.360833|pivot:2022-11-17T15:00:00Z,3,4,1,2022-12-15T16:00:00Z,2022-12-15T19:00:00Z,2022-12-23T18:00:00Z
467,supply,supply,386.25,387.59,2022-10-31T17:00:00Z,2022-11-01T15:00:00Z,2022-11-01T15:00:00Z,386.25,387.59,2,order_block|volume_profile,expired,2,2,order_block|volume_profile,order_block:2022-10-31T17:00:00Z|structure_break:2022-11-01T14:00:00Z|volume:POC:2022-10-31:386.502917,0,1,0,2022-11-02T19:00:00Z,2022-11-10T15:30:00Z,2022-11-17T21:00:00Z
472,demand,demand,368.79,370.77,2022-11-03T14:00:00Z,2022-11-03T18:00:00Z,2022-11-07T16:00:00Z,368.79,370.77,2,pivot|repeated_pivot,expired,2,2,pivot|repeated_pivot,pivot:2022-11-03T14:00:00Z|pivot:2022-11-04T18:00:00Z,2,0,0,,,2022-12-23T18:00:00Z
476,supply,supply,384.54,385.12,2022-11-08T16:00:00Z,2022-11-08T20:00:00Z,,,,,,expired,1,1,pivot,pivot:2022-11-08T16:00:00Z,1,0,0,,2022-11-10T15:30:00Z,2022-11-17T21:00:00Z
477,demand,demand,373.61,374.15,2022-11-09T20:00:00Z,2022-11-10T17:00:00Z,,,,,,expired,1,1,pivot,pivot:2022-11-09T20:00:00Z,1,0,0,,,2023-01-03T16:00:00Z
478,supply,demand,399.0161742116751,399.35,2022-11-11T20:00:00Z,2022-11-14T17:00:00Z,2022-11-15T21:00:00Z,399.0161742116751,399.35,3,pivot|role_flip|volume_profile,expired,3,3,pivot|role_flip|volume_profile,pivot:2022-11-11T20:00:00Z|volume:POC:2022-11-15:399.214583,1,3,5,2022-12-05T21:00:00Z,2022-12-06T15:30:00Z,2022-12-13T21:00:00Z
479,demand,supply,394.49,396.17146638888164,2022-11-14T20:00:00Z,2022-11-15T17:00:00Z,2022-11-16T15:30:00Z,394.49,396.17146638888164,2,pivot|repeated_pivot,expired,4,4,pivot|repeated_pivot|role_flip|volume_profile,pivot:2022-11-14T20:00:00Z|pivot:2022-11-15T18:00:00Z|volume:POC:2022-11-16:395.724375,2,5,5,2022-12-15T15:30:00Z,2022-12-09T21:00:00Z,2023-01-06T16:00:00Z
480,supply,supply,401.62,402.74,2022-11-15T14:30:00Z,2022-11-15T18:00:00Z,2022-11-23T19:00:00Z,401.62,402.74,2,pivot|repeated_pivot,expired,4,4,pivot|repeated_pivot|role_flip|volume_profile,pivot:2022-11-15T14:30:00Z|pivot:2022-11-23T15:00:00Z|volume:POC:2022-11-23:401.647917|pivot:2022-11-23T20:00:00Z|pivot:2022-12-02T14:30:00Z,4,3,4,2022-12-14T21:00:00Z,2022-12-14T20:00:00Z,2023-01-06T17:00:00Z
483,supply,demand,396.09,397.81,2022-11-18T14:30:00Z,2022-11-18T18:00:00Z,2022-11-21T17:00:00Z,396.09,397.81,2,pivot|repeated_pivot,expired,5,5,order_block|pivot|repeated_pivot|role_flip|volume_profile,pivot:2022-11-18T14:30:00Z|pivot:2022-11-18T20:00:00Z|pivot:2022-12-08T15:00:00Z|volume:POC:2022-12-08:396.138125|pivot:2022-12-09T16:00:00Z|order_block:2022-12-09T16:00:00Z|structure_break:2022-12-09T20:00:00Z,4,3,3,2022-12-14T20:00:00Z,2022-12-15T15:30:00Z,2022-12-22T21:00:00Z
485,demand,demand,392.66,394.20735553966745,2022-11-21T16:00:00Z,2022-11-21T20:00:00Z,2022-11-29T20:00:00Z,392.66,394.20735553966745,2,pivot|repeated_pivot,expired,2,2,pivot|repeated_pivot,pivot:2022-11-21T16:00:00Z|pivot:2022-11-29T16:00:00Z|pivot:2022-11-30T17:00:00Z,3,2,0,2022-12-06T18:00:00Z,2022-12-06T20:00:00Z,2022-12-14T19:00:00Z
489,demand,demand,393.48,395.64,2022-11-30T17:00:00Z,2022-11-30T19:00:00Z,2022-12-07T20:00:00Z,393.48,395.64,3,order_block|pivot|role_flip,expired,4,4,order_block|pivot|repeated_pivot|role_flip,order_block:2022-11-30T17:00:00Z|structure_break:2022-11-30T18:00:00Z|structure_break:2022-11-30T19:00:00Z|structure_break:2022-11-30T20:00:00Z|pivot:2022-12-07T16:00:00Z|pivot:2023-01-09T16:00:00Z,2,7,6,2023-01-25T17:00:00Z,2023-01-20T21:00:00Z,2023-01-25T18:00:00Z
493,supply,supply,409.14,410.49,2022-12-01T15:00:00Z,2022-12-01T19:00:00Z,2022-12-13T18:00:00Z,409.14,410.49,2,pivot|repeated_pivot,expired,2,2,pivot|repeated_pivot,pivot:2022-12-01T15:00:00Z|pivot:2022-12-13T14:30:00Z,2,1,0,2022-12-13T15:30:00Z,,2023-01-24T15:30:00Z
495,supply,supply,406.87,407.86,2022-12-02T20:00:00Z,2022-12-05T17:00:00Z,,,,,,expired,1,1,pivot,pivot:2022-12-02T20:00:00Z,1,0,0,,2022-12-13T15:30:00Z,2022-12-20T21:00:00Z
496,demand,demand,391.64,392.49,2022-12-06T19:00:00Z,2022-12-07T16:00:00Z,,,,,,expired,1,1,pivot,pivot:2022-12-06T19:00:00Z,1,3,0,2022-12-15T15:30:00Z,2022-12-15T16:00:00Z,2022-12-23T15:30:00Z
499,demand,demand,393.34,394.94,2022-12-09T14:30:00Z,2022-12-09T18:00:00Z,2023-01-13T18:00:00Z,393.34,394.94,3,pivot|repeated_pivot|role_flip,expired,3,3,pivot|repeated_pivot|role_flip,pivot:2022-12-09T14:30:00Z|pivot:2023-01-13T14:30:00Z|pivot:2023-01-25T15:00:00Z,3,4,4,2023-01-25T17:00:00Z,2023-01-20T21:00:00Z,2023-01-31T21:00:00Z
502,demand,demand,393.15,393.3684491466672,2022-12-09T20:00:00Z,2022-12-12T17:00:00Z,,,,,,expired,1,1,pivot,pivot:2022-12-09T20:00:00Z,1,0,0,,2022-12-15T15:30:00Z,2022-12-22T21:00:00Z
503,demand,demand,393.81,394.64,2022-12-12T15:00:00Z,2022-12-12T21:00:00Z,,,,,,expired,1,1,order_block,order_block:2022-12-12T15:00:00Z|structure_break:2022-12-12T20:00:00Z,0,0,0,,2022-12-15T15:30:00Z,2022-12-22T21:00:00Z
505,supply,demand,403.57,405.5,2022-12-14T18:00:00Z,2022-12-14T20:00:00Z,2022-12-14T21:00:00Z,403.57,405.5,2,order_block|volume_profile,expired,4,4,order_block|pivot|role_flip|volume_profile,order_block:2022-12-14T18:00:00Z|structure_break:2022-12-14T19:00:00Z|volume:POC:2022-12-14:404.159792|pivot:2022-12-14T18:00:00Z|order_block:2023-02-01T17:00:00Z|structure_break:2023-02-01T19:00:00Z,1,3,1,2023-01-31T21:00:00Z,2023-01-27T17:00:00Z,2023-02-06T16:00:00Z
507,demand,supply,381.04,381.3690174970304,2022-12-16T17:00:00Z,2022-12-16T21:00:00Z,,,,,,expired,2,2,pivot|role_flip,pivot:2022-12-16T17:00:00Z,1,5,11,2023-01-06T15:30:00Z,2023-01-06T16:00:00Z,2023-01-17T15:30:00Z
508,demand,demand,377.85,379.15737942867173,2022-12-20T14:30:00Z,2022-12-20T18:00:00Z,2022-12-28T21:00:00Z,377.85,379.15737942867173,3,pivot|role_flip|volume_profile,expired,4,4,pivot|repeated_pivot|role_flip|volume_profile,pivot:2022-12-20T14:30:00Z|volume:POC:2022-12-28:378.598125|pivot:2022-12-30T18:00:00Z|pivot:2023-01-03T17:00:00Z|pivot:2023-01-05T16:00:00Z,4,6,2,2023-01-05T21:00:00Z,2022-12-29T15:30:00Z,2023-02-09T21:00:00Z
509,demand,supply,381.93,383.25,2022-12-21T14:30:00Z,2022-12-21T16:00:00Z,2022-12-27T19:00:00Z,381.93,383.25,3,order_block|pivot|role_flip,expired,4,4,order_block|pivot|repeated_pivot|role_flip,order_block:2022-12-21T14:30:00Z|structure_break:2022-12-21T15:00:00Z|pivot:2022-12-27T15:00:00Z|pivot:2022-12-28T14:30:00Z,2,6,5,2023-01-06T15:30:00Z,2023-01-06T16:00:00Z,2023-01-17T15:30:00Z
510,supply,demand,385.1514025825087,387.41,2022-12-21T19:00:00Z,2022-12-22T16:00:00Z,2023-01-03T18:00:00Z,385.1514025825087,387.41,2,pivot|repeated_pivot,expired,3,3,pivot|repeated_pivot|role_flip,pivot:2022-12-21T19:00:00Z|pivot:2023-01-03T14:30:00Z|pivot:2023-01-04T16:00:00Z,3,4,1,2023-01-19T17:00:00Z,2023-01-06T20:00:00Z,2023-02-13T19:00:00Z
511,demand,demand,374.77,375.53,2022-12-22T18:00:00Z,2022-12-23T15:30:00Z,,,,,,expired,1,1,pivot,pivot:2022-12-22T18:00:00Z,1,0,0,,,2023-02-14T18:00:00Z
512,demand,demand,379.02,380.52,2022-12-27T15:00:00Z,2022-12-27T19:00:00Z,2022-12-30T18:00:00Z,379.02,380.52,3,pivot|repeated_pivot|role_flip,expired,4,4,pivot|repeated_pivot|role_flip|volume_profile,pivot:2022-12-27T15:00:00Z|pivot:2022-12-30T14:30:00Z|volume:POC:2022-12-30:379.540417,2,3,2,2023-01-03T16:00:00Z,2023-01-03T18:00:00Z,2023-01-11T17:00:00Z
515,demand,demand,376.42,376.6927975834531,2022-12-28T20:00:00Z,2022-12-29T17:00:00Z,,,,,,expired,1,1,pivot,pivot:2022-12-28T20:00:00Z,1,0,0,,,2023-02-17T20:00:00Z
516,supply,demand,383.87,384.35,2022-12-29T19:00:00Z,2022-12-30T16:00:00Z,,,,,,expired,2,2,pivot|role_flip,pivot:2022-12-29T19:00:00Z,1,2,1,2023-01-06T16:00:00Z,2023-01-04T17:00:00Z,2023-02-21T19:00:00Z
524,demand,demand,386.27,387.83,2023-01-10T15:00:00Z,2023-01-10T19:00:00Z,2023-01-19T20:00:00Z,386.27,387.83,2,pivot|repeated_pivot,expired,2,2,pivot|repeated_pivot,pivot:2023-01-10T15:00:00Z|pivot:2023-01-19T16:00:00Z,2,1,0,2023-01-19T17:00:00Z,,2023-03-02T15:30:00Z
525,supply,supply,397.64,398.49,2023-01-12T19:00:00Z,2023-01-13T16:00:00Z,2023-01-24T19:00:00Z,397.64,398.49,3,pivot|repeated_pivot|role_flip,expired,3,3,pivot|repeated_pivot|role_flip,pivot:2023-01-12T19:00:00Z|pivot:2023-01-24T15:00:00Z,2,1,4,2023-01-25T17:00:00Z,2023-01-25T19:00:00Z,2023-02-02T18:00:00Z
527,supply,supply,399.03,400.23,2023-01-17T15:00:00Z,2023-01-17T19:00:00Z,2023-01-18T17:00:00Z,399.03,400.23,2,order_block|pivot,expired,5,5,order_block|pivot|repeated_pivot|role_flip|volume_profile,pivot:2023-01-17T15:00:00Z|order_block:2023-01-18T14:30:00Z|structure_break:2023-01-18T16:00:00Z|pivot:2023-01-18T15:00:00Z|volume:POC:2023-01-23:399.906875|pivot:2023-01-30T20:00:00Z|pivot:2023-02-28T18:00:00Z,4,6,8,2023-03-07T21:00:00Z,2023-03-07T19:00:00Z,2023-03-08T15:30:00Z
531,supply,supply,402.0,404.07,2023-01-23T18:00:00Z,2023-01-24T15:30:00Z,2023-01-26T18:00:00Z,402.0,404.07,2,pivot|repeated_pivot,expired,4,4,pivot|repeated_pivot|role_flip|volume_profile,pivot:2023-01-23T18:00:00Z|pivot:2023-01-26T14:30:00Z|volume:POC:2023-01-26:403.188125|pivot:2023-02-01T19:00:00Z,3,7,6,2023-03-07T18:00:00Z,2023-03-07T16:00:00Z,2023-03-14T17:00:00Z
533,supply,demand,400.78,401.15,2023-01-24T18:00:00Z,2023-01-25T15:30:00Z,,,,,,expired,2,2,pivot|role_flip,pivot:2023-01-24T18:00:00Z,1,1,1,2023-01-30T20:00:00Z,2023-01-30T21:00:00Z,2023-02-07T20:00:00Z
536,supply,supply,407.46,409.4373300797259,2023-01-27T20:00:00Z,2023-01-30T17:00:00Z,2023-02-06T19:00:00Z,407.46,409.4373300797259,3,pivot|repeated_pivot|role_flip,expired,5,5,order_block|pivot|repeated_pivot|role_flip|volume_profile,pivot:2023-01-27T20:00:00Z|pivot:2023-02-06T15:00:00Z|order_block:2023-02-07T15:00:00Z|structure_break:2023-02-07T17:00:00Z|volume:POC:2023-02-07:408.870833|pivot:2023-02-07T18:00:00Z|pivot:2023-02-14T16:00:00Z|pivot:2023-02-16T14:30:00Z|pivot:2023-02-17T20:00:00Z,6,5,4,2023-02-17T21:00:00Z,2023-02-17T15:30:00Z,2023-03-20T19:00:00Z
538,supply,supply,406.3108519326296,406.53,2023-01-31T20:00:00Z,2023-02-01T17:00:00Z,,,,,,expired,1,1,pivot,pivot:2023-01-31T20:00:00Z,1,0,0,,2023-02-01T20:00:00Z,2023-02-09T19:00:00Z
541,supply,supply,417.9603936797182,418.31,2023-02-02T19:00:00Z,2023-02-03T16:00:00Z,,,,,,expired,1,1,pivot,pivot:2023-02-02T19:00:00Z,1,0,0,,,2023-03-24T18:00:00Z
542,demand,demand,411.44,411.78268708228376,2023-02-03T14:30:00Z,2023-02-03T18:00:00Z,,,,,,expired,2,2,pivot|role_flip,pivot:2023-02-03T14:30:00Z,1,2,10,2023-02-16T19:00:00Z,2023-02-16T21:00:00Z,2023-02-27T20:00:00Z
546,supply,supply,414.25937963358984,416.49,2023-02-07T20:00:00Z,2023-02-08T17:00:00Z,2023-02-09T18:00:00Z,414.25937963358984,416.49,2,pivot|repeated_pivot,expired,2,2,pivot|repeated_pivot,pivot:2023-02-07T20:00:00Z|pivot:2023-02-09T14:30:00Z,2,1,0,2023-02-14T16:00:00Z,,2023-03-29T19:00:00Z
547,demand,supply,409.93,410.66,2023-02-08T20:00:00Z,2023-02-09T17:00:00Z,,,,,,expired,2,2,pivot|role_flip,pivot:2023-02-08T20:00:00Z,1,1,3,2023-02-16T21:00:00Z,2023-02-16T15:30:00Z,2023-03-30T19:00:00Z
549,demand,supply,405.01,406.2504473230772,2023-02-10T15:00:00Z,2023-02-10T19:00:00Z,,,,,,expired,2,2,pivot|role_flip,pivot:2023-02-10T15:00:00Z,1,1,1,2023-02-17T16:00:00Z,2023-02-17T20:00:00Z,2023-02-28T19:00:00Z
550,supply,supply,413.71627297077555,415.05,2023-02-14T15:00:00Z,2023-02-14T19:00:00Z,2023-02-16T17:00:00Z,413.71627297077555,415.05,2,pivot|repeated_pivot,expired,2,2,pivot|repeated_pivot,pivot:2023-02-14T15:00:00Z|pivot:2023-02-15T20:00:00Z,2,1,0,2023-02-15T21:00:00Z,,2023-04-05T14:30:00Z
554,supply,supply,412.18,412.91,2023-02-16T19:00:00Z,2023-02-17T16:00:00Z,,,,,,expired,1,1,pivot,pivot:2023-02-16T19:00:00Z,1,0,0,,,2023-04-10T18:00:00Z
555,demand,demand,404.05,404.47,2023-02-17T17:00:00Z,2023-02-17T21:00:00Z,,,,,,expired,1,1,pivot,pivot:2023-02-17T17:00:00Z,1,0,0,,2023-02-21T15:30:00Z,2023-02-28T21:00:00Z
557,demand,supply,397.62,398.6174048677064,2023-02-22T15:00:00Z,2023-02-22T19:00:00Z,2023-02-27T21:00:00Z,397.62,398.6174048677064,3,pivot|role_flip|volume_profile,expired,3,3,pivot|role_flip|volume_profile,pivot:2023-02-22T15:00:00Z|volume:POC:2023-02-27:398.168750,1,1,5,2023-03-08T20:00:00Z,2023-03-08T21:00:00Z,2023-03-16T19:00:00Z
558,supply,supply,400.11,400.89,2023-02-22T18:00:00Z,2023-02-22T20:00:00Z,,,,,,expired,1,1,order_block,order_block:2023-02-22T18:00:00Z|structure_break:2023-02-22T19:00:00Z,0,0,0,,2023-02-23T15:30:00Z,2023-03-02T21:00:00Z
559,supply,supply,401.56,402.2,2023-02-23T14:30:00Z,2023-02-23T17:00:00Z,2023-02-23T18:00:00Z,401.56,402.2,2,order_block|pivot,expired,3,3,order_block|pivot|repeated_pivot,order_block:2023-02-23T14:30:00Z|structure_break:2023-02-23T16:00:00Z|pivot:2023-02-23T14:30:00Z|pivot:2023-02-27T15:00:00Z,2,2,0,2023-03-03T17:00:00Z,2023-03-03T18:00:00Z,2023-03-13T16:00:00Z
561,demand,supply,396.25,397.23,2023-02-23T17:00:00Z,2023-02-23T21:00:00Z,2023-02-28T18:00:00Z,396.25,397.23,3,pivot|repeated_pivot|role_flip,expired,4,4,pivot|repeated_pivot|role_flip|volume_profile,pivot:2023-02-23T17:00:00Z|pivot:2023-02-28T14:30:00Z|pivot:2023-03-08T18:00:00Z|pivot:2023-03-16T19:00:00Z|volume:POC:2023-03-27:396.330000,4,4,9,2023-03-28T15:00:00Z,2023-03-29T14:30:00Z,2023-04-05T20:00:00Z
562,demand,demand,393.38,394.3632714737542,2023-02-24T15:00:00Z,2023-02-24T19:00:00Z,2023-03-01T20:00:00Z,393.38,394.3632714737542,2,pivot|repeated_pivot,expired,2,2,pivot|repeated_pivot,pivot:2023-02-24T15:00:00Z|pivot:2023-03-01T16:00:00Z,2,2,0,2023-03-01T20:00:00Z,2023-03-02T15:30:00Z,2023-03-09T21:00:00Z
567,demand,demand,392.33,393.45,2023-03-02T14:30:00Z,2023-03-02T18:00:00Z,2023-03-14T19:00:00Z,392.33,393.45,3,pivot|repeated_pivot|role_flip,expired,3,3,pivot|repeated_pivot|role_flip,pivot:2023-03-02T14:30:00Z|pivot:2023-03-14T15:00:00Z,2,2,4,2023-03-24T18:00:00Z,2023-03-23T14:30:00Z,2023-04-20T20:00:00Z
568,supply,demand,406.65,407.45,2023-03-06T16:00:00Z,2023-03-06T20:00:00Z,2023-03-07T16:00:00Z,406.65,407.45,2,order_block|pivot,expired,5,5,order_block|pivot|repeated_pivot|role_flip|volume_profile,pivot:2023-03-06T16:00:00Z|order_block:2023-03-06T16:00:00Z|structure_break:2023-03-07T15:00:00Z|pivot:2023-04-04T16:00:00Z|volume:POC:2023-04-05:406.996250,2,1,3,2023-04-06T16:00:00Z,2023-04-10T14:30:00Z,2023-04-17T20:00:00Z
571,supply,supply,399.76,401.48,2023-03-09T14:30:00Z,2023-03-09T18:00:00Z,2023-03-09T19:00:00Z,399.76,401.48,2,order_block|pivot,expired,3,3,order_block|pivot|volume_profile,pivot:2023-03-09T14:30:00Z|order_block:2023-03-09T14:30:00Z|structure_break:2023-03-09T18:00:00Z|volume:POC:2023-03-29:400.079167,1,3,0,2023-03-29T14:30:00Z,2023-03-30T14:30:00Z,2023-04-06T20:00:00Z
573,demand,demand,387.48,388.7473551860424,2023-03-10T14:30:00Z,2023-03-10T18:00:00Z,2023-03-10T21:00:00Z,387.48,388.7473551860424,3,pivot|role_flip|volume_profile,expired,3,3,pivot|role_flip|volume_profile,pivot:2023-03-10T14:30:00Z|volume:POC:2023-03-10:387.819167,1,1,2,2023-03-14T18:00:00Z,2023-03-15T14:30:00Z,2023-03-22T20:00:00Z
574,supply,demand,388.85,391.38,2023-03-10T15:00:00Z,2023-03-10T19:00:00Z,2023-03-13T20:00:00Z,388.85,391.38,2,order_block|pivot,expired,5,5,order_block|pivot|repeated_pivot|role_flip|volume_profile,order_block:2023-03-10T15:00:00Z|structure_break:2023-03-10T18:00:00Z|pivot:2023-03-13T16:00:00Z|volume:POC:2023-03-17:390.134375|pivot:2023-03-24T13:30:00Z,2,6,3,2023-03-23T19:00:00Z,2023-03-16T15:00:00Z,2023-05-01T14:30:00Z
575,demand,demand,380.65,381.81,2023-03-13T13:30:00Z,2023-03-13T17:00:00Z,,,,,,expired,1,1,pivot,pivot:2023-03-13T13:30:00Z,1,0,0,,,2023-05-01T20:00:00Z
578,demand,demand,383.71,384.14,2023-03-15T16:00:00Z,2023-03-15T20:00:00Z,,,,,,expired,1,1,pivot,pivot:2023-03-15T16:00:00Z,1,0,0,,,2023-05-04T16:00:00Z
580,demand,demand,388.55,389.65,2023-03-17T18:00:00Z,2023-03-20T15:00:00Z,,,,,,expired,1,1,pivot,pivot:2023-03-17T18:00:00Z,1,1,0,2023-03-24T14:30:00Z,,2023-05-08T18:00:00Z
581,supply,demand,393.04,394.17,2023-03-20T15:00:00Z,2023-03-20T19:00:00Z,2023-03-24T20:00:00Z,393.04,394.17,3,pivot|role_flip|volume_profile,expired,4,4,pivot|repeated_pivot|role_flip|volume_profile,pivot:2023-03-20T15:00:00Z|volume:POC:2023-03-24:394.095833|pivot:2023-03-28T17:00:00Z,2,2,1,2023-03-28T18:00:00Z,2023-03-21T14:30:00Z,2023-05-09T15:00:00Z
582,supply,supply,397.87,398.34,2023-03-21T14:00:00Z,2023-03-21T18:00:00Z,2023-03-28T16:00:00Z,397.87,398.34,3,pivot|repeated_pivot|role_flip,expired,3,3,pivot|repeated_pivot|role_flip,pivot:2023-03-21T14:00:00Z|pivot:2023-03-27T19:00:00Z,2,4,2,2023-03-27T19:00:00Z,2023-03-29T14:30:00Z,2023-04-05T20:00:00Z
583,supply,supply,397.94,399.88,2023-03-22T14:00:00Z,2023-03-22T18:00:00Z,2023-03-22T20:00:00Z,397.94,399.88,2,order_block|pivot,expired,4,4,order_block|pivot|repeated_pivot|volume_profile,pivot:2023-03-22T14:00:00Z|order_block:2023-03-22T17:00:00Z|structure_break:2023-03-22T19:00:00Z|volume:POC:2023-03-22:398.365417|pivot:2023-03-27T13:30:00Z,2,5,0,2023-03-29T14:30:00Z,2023-03-29T19:00:00Z,2023-04-06T18:00:00Z
585,supply,demand,401.02381346712076,402.49,2023-03-22T18:00:00Z,2023-03-23T15:00:00Z,,,,,,expired,2,2,pivot|role_flip,pivot:2023-03-22T18:00:00Z,1,1,1,2023-03-30T19:00:00Z,2023-03-30T14:30:00Z,2023-05-11T18:00:00Z
586,demand,demand,392.07,392.3800741547132,2023-03-22T19:00:00Z,2023-03-23T16:00:00Z,,,,,,expired,2,2,pivot|role_flip,pivot:2023-03-22T19:00:00Z,1,1,2,2023-03-24T17:00:00Z,2023-03-24T16:00:00Z,2023-05-11T19:00:00Z
591,supply,supply,404.08,404.35,2023-03-30T14:00:00Z,2023-03-30T18:00:00Z,,,,,,expired,1,1,pivot,pivot:2023-03-30T14:00:00Z,1,0,0,,2023-03-31T14:30:00Z,2023-04-10T20:00:00Z
592,demand,supply,406.68,407.23,2023-03-31T17:00:00Z,2023-03-31T20:00:00Z,2023-04-05T20:00:00Z,406.68,407.23,3,order_block|role_flip|volume_profile,expired,4,4,order_block|pivot|role_flip|volume_profile,order_block:2023-03-31T17:00:00Z|structure_break:2023-03-31T19:00:00Z|volume:POC:2023-04-05:406.996250|pivot:2023-04-12T19:00:00Z,1,1,7,2023-05-04T18:00:00Z,2023-05-05T14:30:00Z,2023-05-12T20:00:00Z
593,supply,demand,410.58652450403633,411.92,2023-04-03T14:00:00Z,2023-04-03T18:00:00Z,2023-04-04T18:00:00Z,410.58652450403633,411.92,2,pivot|repeated_pivot,expired,3,3,pivot|repeated_pivot|role_flip,pivot:2023-04-03T14:00:00Z|pivot:2023-04-04T14:00:00Z,2,4,1,2023-04-14T15:00:00Z,2023-04-14T17:00:00Z,2023-04-24T16:00:00Z
596,supply,demand,407.89,408.62,2023-04-05T13:30:00Z,2023-04-05T15:00:00Z,2023-04-05T15:00:00Z,407.89,408.62,2,order_block|volume_profile,expired,3,3,order_block|role_flip|volume_profile,order_block:2023-04-05T13:30:00Z|structure_break:2023-04-05T14:00:00Z|volume:POC:2023-04-04:408.117500,0,1,1,2023-04-06T20:00:00Z,2023-04-10T14:30:00Z,2023-04-17T20:00:00Z
597,demand,supply,405.67,406.16,2023-04-05T16:00:00Z,2023-04-05T20:00:00Z,2023-04-06T17:00:00Z,405.67,406.16,2,pivot|repeated_pivot,expired,3,3,pivot|repeated_pivot|role_flip,pivot:2023-04-05T16:00:00Z|pivot:2023-04-06T13:30:00Z|pivot:2023-04-10T13:30:00Z,3,4,1,2023-05-04T14:30:00Z,2023-05-05T14:30:00Z,2023-05-12T20:00:00Z
599,supply,demand,408.23,409.48,2023-04-06T18:00:00Z,2023-04-10T15:00:00Z,2023-04-12T19:00:00Z,408.23,409.48,3,pivot|repeated_pivot|role_flip,expired,3,3,pivot|repeated_pivot|role_flip,pivot:2023-04-06T18:00:00Z|pivot:2023-04-12T15:00:00Z,2,4,1,2023-04-12T19:00:00Z,2023-04-12T20:00:00Z,2023-04-20T19:00:00Z
601,supply,supply,411.87,412.3165147479237,2023-04-12T13:30:00Z,2023-04-12T17:00:00Z,2023-04-19T17:00:00Z,411.87,412.3165147479237,3,pivot|repeated_pivot|role_flip,expired,4,4,pivot|repeated_pivot|role_flip|volume_profile,pivot:2023-04-12T13:30:00Z|pivot:2023-04-19T13:30:00Z|volume:POC:2023-04-24:411.989375,2,4,12,2023-05-17T14:30:00Z,2023-05-17T16:00:00Z,2023-05-25T15:00:00Z
604,demand,supply,412.68,413.56,2023-04-13T19:00:00Z,2023-04-14T14:30:00Z,2023-04-17T17:00:00Z,412.68,413.56,3,order_block|pivot|role_flip,expired,5,5,order_block|pivot|repeated_pivot|role_flip|volume_profile,order_block:2023-04-13T19:00:00Z|structure_break:2023-04-14T13:30:00Z|pivot:2023-04-17T13:30:00Z|volume:POC:2023-04-17:412.700000|pivot:2023-04-24T14:00:00Z,2,4,3,2023-04-27T20:00:00Z,2023-04-28T16:00:00Z,2023-05-08T15:00:00Z
605,supply,demand,414.54,415.09,2023-04-14T13:30:00Z,2023-04-14T17:00:00Z,2023-04-20T15:00:00Z,414.54,415.09,2,pivot|repeated_pivot,expired,4,4,pivot|repeated_pivot|role_flip|volume_profile,pivot:2023-04-14T13:30:00Z|pivot:2023-04-19T18:00:00Z|volume:POC:2023-04-28:414.718542,2,3,1,2023-04-28T20:00:00Z,2023-05-02T14:30:00Z,2023-05-09T20:00:00Z
606,demand,demand,410.06,410.82,2023-04-14T17:00:00Z,2023-04-17T14:30:00Z,2023-04-21T18:00:00Z,410.06,410.82,2,pivot|repeated_pivot,expired,4,4,pivot|repeated_pivot|role_flip|volume_profile,pivot:2023-04-14T17:00:00Z|pivot:2023-04-21T14:00:00Z|pivot:2023-04-24T16:00:00Z|volume:POC:2023-05-02:410.594792,3,7,2,2023-05-03T19:00:00Z,2023-05-03T20:00:00Z,2023-05-11T19:00:00Z
608,demand,supply,411.08,411.32,2023-04-17T18:00:00Z,2023-04-18T15:00:00Z,2023-04-20T17:00:00Z,411.08,411.32,2,pivot|repeated_pivot,expired,4,4,pivot|repeated_pivot|role_flip|volume_profile,pivot:2023-04-17T18:00:00Z|pivot:2023-04-20T13:30:00Z|pivot:2023-05-09T13:30:00Z|volume:POC:2023-05-09:411.179375|pivot:2023-05-16T14:00:00Z,4,9,13,2023-05-24T18:00:00Z,2023-05-25T14:30:00Z,2023-06-02T20:00:00Z
609,supply,demand,415.548758394913,415.72,2023-04-18T13:30:00Z,2023-04-18T17:00:00Z,,,,,,expired,2,2,pivot|role_flip,pivot:2023-04-18T13:30:00Z,1,3,1,2023-05-01T19:00:00Z,2023-05-02T14:30:00Z,2023-05-09T20:00:00Z
616,supply,demand,412.1,412.65,2023-04-24T19:00:00Z,2023-04-25T18:00:00Z,2023-05-03T17:00:00Z,412.1,412.65,3,order_block|pivot|role_flip,expired,5,5,order_block|pivot|repeated_pivot|role_flip|volume_profile,order_block:2023-04-24T19:00:00Z|structure_break:2023-04-25T17:00:00Z|pivot:2023-05-03T13:30:00Z|order_block:2023-05-03T18:00:00Z|structure_break:2023-05-03T19:00:00Z|pivot:2023-05-03T18:00:00Z|volume:POC:2023-05-08:412.382500,2,7,9,2023-05-25T14:30:00Z,2023-05-17T17:00:00Z,2023-06-14T14:30:00Z
617,supply,demand,407.33,408.71,2023-04-26T16:00:00Z,2023-04-26T20:00:00Z,2023-05-02T19:00:00Z,407.33,408.71,3,pivot|repeated_pivot|role_flip,expired,3,3,pivot|repeated_pivot|role_flip,pivot:2023-04-26T16:00:00Z|pivot:2023-05-02T15:00:00Z,2,2,1,2023-05-03T20:00:00Z,2023-05-04T14:30:00Z,2023-05-11T20:00:00Z
618,demand,demand,403.74,404.37,2023-04-26T19:00:00Z,2023-04-27T16:00:00Z,2023-05-04T20:00:00Z,403.74,404.37,2,pivot|repeated_pivot,expired,2,2,pivot|repeated_pivot,pivot:2023-04-26T19:00:00Z|pivot:2023-05-04T16:00:00Z,2,1,0,2023-05-04T15:00:00Z,,2023-06-15T19:00:00Z
619,supply,demand,416.33,417.62,2023-05-01T16:00:00Z,2023-05-01T20:00:00Z,2023-05-02T15:00:00Z,416.33,417.62,2,order_block|pivot,expired,4,4,order_block|pivot|role_flip|volume_profile,pivot:2023-05-01T16:00:00Z|order_block:2023-05-01T16:00:00Z|structure_break:2023-05-02T14:00:00Z|volume:POC:2023-05-18:416.857500,1,4,1,2023-05-23T14:30:00Z,2023-05-23T18:00:00Z,2023-06-01T17:00:00Z
626,supply,demand,413.0549758228949,413.72,2023-05-05T18:00:00Z,2023-05-08T15:00:00Z,2023-05-09T15:00:00Z,413.0549758228949,413.72,2,pivot|repeated_pivot,expired,3,3,pivot|repeated_pivot|role_flip,pivot:2023-05-05T18:00:00Z|pivot:2023-05-08T18:00:00Z|pivot:2023-05-10T13:30:00Z|pivot:2023-05-10T19:00:00Z|pivot:2023-05-12T13:30:00Z|pivot:2023-05-15T17:00:00Z,6,4,1,2023-05-23T19:00:00Z,2023-05-24T14:30:00Z,2023-06-01T20:00:00Z
630,demand,demand,408.87,409.8301917265017,2023-05-10T17:00:00Z,2023-05-11T14:30:00Z,2023-05-12T20:00:00Z,408.87,409.8301917265017,2,pivot|volume_profile,expired,3,3,pivot|repeated_pivot|volume_profile,pivot:2023-05-10T17:00:00Z|volume:POC:2023-05-12:409.736458|pivot:2023-05-12T18:00:00Z,2,1,0,2023-05-12T17:00:00Z,,2023-06-30T17:00:00Z
636,demand,demand,409.87,410.43,2023-05-16T19:00:00Z,2023-05-17T16:00:00Z,2023-05-24T20:00:00Z,409.87,410.43,2,pivot|repeated_pivot,expired,2,2,pivot|repeated_pivot,pivot:2023-05-16T19:00:00Z|pivot:2023-05-24T16:00:00Z,2,1,0,2023-05-24T15:00:00Z,,2023-07-10T15:00:00Z
637,demand,supply,410.63,412.0924385196644,2023-05-17T13:30:00Z,2023-05-17T17:00:00Z,2023-05-17T17:00:00Z,410.63,412.0924385196644,2,order_block|volume_profile,expired,3,3,order_block|role_flip|volume_profile,order_block:2023-05-17T13:30:00Z|structure_break:2023-05-17T16:00:00Z|volume:POC:2023-05-16:411.583750,0,1,1,2023-05-24T16:00:00Z,2023-05-25T14:30:00Z,2023-06-02T20:00:00Z
638,supply,supply,415.39,416.2,2023-05-17T17:00:00Z,2023-05-18T14:30:00Z,2023-05-18T20:00:00Z,415.39,416.2,3,order_block|pivot|role_flip,expired,3,3,order_block|pivot|role_flip,pivot:2023-05-17T17:00:00Z|order_block:2023-05-18T17:00:00Z|structure_break:2023-05-18T19:00:00Z,1,1,2,2023-05-25T19:00:00Z,2023-05-26T14:30:00Z,2023-06-05T20:00:00Z
639,demand,supply,414.51,415.76,2023-05-17T18:00:00Z,2023-05-18T15:00:00Z,2023-05-25T17:00:00Z,414.51,415.76,3,order_block|pivot|role_flip,expired,3,3,order_block|pivot|role_flip,order_block:2023-05-17T18:00:00Z|structure_break:2023-05-18T14:00:00Z|pivot:2023-05-25T13:30:00Z,1,3,1,2023-05-25T16:00:00Z,2023-05-26T14:30:00Z,2023-06-05T20:00:00Z
640,supply,demand,417.28,418.06,2023-05-18T15:00:00Z,2023-05-18T19:00:00Z,2023-05-19T20:00:00Z,417.28,418.06,3,pivot|role_flip|volume_profile,expired,4,4,pivot|repeated_pivot|role_flip|volume_profile,pivot:2023-05-18T15:00:00Z|volume:POC:2023-05-19:417.981875|pivot:2023-05-22T14:00:00Z,2,2,5,2023-05-31T19:00:00Z,2023-06-01T14:30:00Z,2023-06-08T20:00:00Z
642,supply,demand,420.5286746651149,420.72,2023-05-19T14:00:00Z,2023-05-19T18:00:00Z,,,,,,expired,2,2,pivot|role_flip,pivot:2023-05-19T14:00:00Z,1,1,1,2023-06-01T16:00:00Z,2023-05-30T14:30:00Z,2023-07-12T17:00:00Z
646,demand,demand,413.82,414.98,2023-05-25T18:00:00Z,2023-05-26T15:00:00Z,2023-05-26T15:00:00Z,413.82,414.98,2,order_block|volume_profile,expired,2,2,order_block|volume_profile,order_block:2023-05-25T18:00:00Z|structure_break:2023-05-26T14:00:00Z|volume:POC:2023-05-25:414.050625,0,0,0,,,2023-07-19T14:30:00Z
647,supply,supply,422.03,422.58,2023-05-30T13:30:00Z,2023-05-30T17:00:00Z,,,,,,expired,1,1,pivot,pivot:2023-05-30T13:30:00Z,1,1,0,2023-06-01T18:00:00Z,2023-06-02T14:30:00Z,2023-06-09T20:00:00Z
648,demand,demand,416.22,416.75,2023-05-31T15:00:00Z,2023-05-31T19:00:00Z,,,,,,expired,1,1,pivot,pivot:2023-05-31T15:00:00Z,1,0,0,,,2023-07-21T18:00:00Z
649,demand,demand,424.3,424.5,2023-06-02T13:30:00Z,2023-06-02T15:00:00Z,,,,,,expired,1,1,order_block,order_block:2023-06-02T13:30:00Z|structure_break:2023-06-02T14:00:00Z,0,0,0,,,2023-07-25T14:30:00Z
650,supply,demand,428.84137887040504,429.67,2023-06-05T13:30:00Z,2023-06-05T17:00:00Z,2023-06-07T17:00:00Z,428.84137887040504,429.67,2,pivot|repeated_pivot,expired,3,3,pivot|repeated_pivot|role_flip,pivot:2023-06-05T13:30:00Z|pivot:2023-06-07T13:30:00Z,2,5,1,2023-06-09T20:00:00Z,2023-06-09T14:30:00Z,2023-07-26T16:00:00Z
651,demand,demand,425.82,426.6,2023-06-06T13:30:00Z,2023-06-06T17:00:00Z,2023-06-08T17:00:00Z,425.82,426.6,2,pivot|repeated_pivot,expired,2,2,pivot|repeated_pivot,pivot:2023-06-06T13:30:00Z|pivot:2023-06-08T13:30:00Z,2,2,0,2023-06-07T18:00:00Z,,2023-07-27T16:00:00Z
654,supply,supply,431.22934762966497,431.99,2023-06-09T14:00:00Z,2023-06-09T18:00:00Z,,,,,,expired,1,1,pivot,pivot:2023-06-09T14:00:00Z,1,2,0,2023-06-12T17:00:00Z,2023-06-12T19:00:00Z,2023-06-21T18:00:00Z
655,supply,demand,437.72,439.07,2023-06-14T15:00:00Z,2023-06-14T19:00:00Z,2023-06-29T20:00:00Z,437.72,439.07,3,pivot|repeated_pivot|role_flip,expired,4,4,pivot|repeated_pivot|role_flip|volume_profile,pivot:2023-06-14T15:00:00Z|pivot:2023-06-29T16:00:00Z|volume:POC:2023-07-10:438.757083,2,3,3,2023-07-07T20:00:00Z,2023-06-30T14:30:00Z,2023-08-04T18:00:00Z
656,demand,demand,433.59,434.4732743796836,2023-06-14T18:00:00Z,2023-06-15T15:00:00Z,2023-06-22T17:00:00Z,433.59,434.4732743796836,2,pivot|repeated_pivot,expired,3,3,pivot|repeated_pivot|role_flip,pivot:2023-06-14T18:00:00Z|pivot:2023-06-22T13:30:00Z,2,4,4,2023-06-28T14:30:00Z,2023-06-27T17:00:00Z,2023-08-07T14:30:00Z
657,supply,supply,443.63,444.3,2023-06-15T18:00:00Z,2023-06-16T15:00:00Z,2023-07-03T16:00:00Z,443.63,444.3,2,pivot|repeated_pivot,expired,2,2,pivot|repeated_pivot,pivot:2023-06-15T18:00:00Z|pivot:2023-06-30T19:00:00Z,2,4,0,2023-07-05T20:00:00Z,2023-07-12T14:30:00Z,2023-07-19T20:00:00Z
658,demand,demand,434.33,435.76,2023-06-20T14:00:00Z,2023-06-20T18:00:00Z,2023-06-21T18:00:00Z,434.33,435.76,2,pivot|repeated_pivot,expired,4,4,pivot|repeated_pivot|role_flip|volume_profile,pivot:2023-06-20T14:00:00Z|pivot:2023-06-21T14:00:00Z|volume:POC:2023-06-21:435.715417,2,3,2,2023-06-28T15:00:00Z,2023-06-27T18:00:00Z,2023-08-09T17:00:00Z
660,supply,demand,436.43548077785886,436.99,2023-06-21T18:00:00Z,2023-06-22T15:00:00Z,2023-06-23T16:00:00Z,436.43548077785886,436.99,2,pivot|repeated_pivot,expired,3,3,pivot|repeated_pivot|role_flip,pivot:2023-06-21T18:00:00Z|pivot:2023-06-22T19:00:00Z|pivot:2023-06-27T19:00:00Z|pivot:2023-06-28T16:00:00Z|pivot:2023-07-06T15:00:00Z,5,4,1,2023-06-29T18:00:00Z,2023-06-29T16:00:00Z,2023-08-11T14:30:00Z
663,demand,demand,432.71,432.93,2023-06-23T13:30:00Z,2023-06-23T17:00:00Z,,,,,,expired,2,2,pivot|role_flip,pivot:2023-06-23T13:30:00Z,1,1,2,2023-06-27T16:00:00Z,2023-06-27T15:00:00Z,2023-08-14T16:00:00Z
664,demand,demand,431.19,431.43,2023-06-26T19:00:00Z,2023-06-27T16:00:00Z,,,,,,expired,1,1,pivot,pivot:2023-06-26T19:00:00Z,1,0,0,,,2023-08-16T15:00:00Z
669,demand,supply,441.9,442.64,2023-07-05T13:30:00Z,2023-07-05T17:00:00Z,2023-07-10T14:30:00Z,441.9,442.64,3,pivot|repeated_pivot|role_flip,expired,3,3,pivot|repeated_pivot|role_flip,pivot:2023-07-05T13:30:00Z|pivot:2023-07-07T17:00:00Z,2,1,1,2023-07-11T20:00:00Z,2023-07-12T14:30:00Z,2023-07-19T20:00:00Z
671,demand,demand,438.82,440.10004248011677,2023-07-07T14:00:00Z,2023-07-07T17:00:00Z,2023-07-07T17:00:00Z,438.82,440.10004248011677,2,order_block|volume_profile,expired,4,4,order_block|pivot|role_flip|volume_profile,order_block:2023-07-07T14:00:00Z|structure_break:2023-07-07T16:00:00Z|volume:POC:2023-07-06:439.530000|pivot:2023-08-21T14:00:00Z,1,3,4,2023-08-25T19:00:00Z,2023-08-23T14:30:00Z,2023-08-25T20:00:00Z
673,demand,demand,437.58,438.2695563853755,2023-07-10T16:00:00Z,2023-07-10T20:00:00Z,2023-08-22T17:00:00Z,437.58,438.2695563853755,3,pivot|role_flip|volume_profile,expired,5,5,order_block|pivot|repeated_pivot|role_flip|volume_profile,pivot:2023-07-10T16:00:00Z|volume:POC:2023-08-21:437.814792|pivot:2023-08-22T19:00:00Z|order_block:2023-08-25T13:30:00Z|structure_break:2023-08-25T14:00:00Z,2,1,4,2023-08-25T18:00:00Z,2023-08-25T17:00:00Z,2023-08-28T16:00:00Z
674,supply,supply,446.99,447.48,2023-07-12T14:00:00Z,2023-07-12T18:00:00Z,,,,,,expired,1,1,pivot,pivot:2023-07-12T14:00:00Z,1,0,0,,2023-07-13T14:30:00Z,2023-07-20T20:00:00Z
675,supply,supply,451.03,452.11463729379,2023-07-14T14:00:00Z,2023-07-14T18:00:00Z,2023-07-21T16:00:00Z,451.03,452.11463729379,3,pivot|repeated_pivot|role_flip,expired,3,3,pivot|repeated_pivot|role_flip,pivot:2023-07-14T14:00:00Z|pivot:2023-07-20T19:00:00Z,2,3,2,2023-08-04T14:30:00Z,2023-08-04T17:00:00Z,2023-08-14T16:00:00Z
676,demand,supply,448.49,449.65872472805574,2023-07-14T19:00:00Z,2023-07-17T16:00:00Z,2023-08-04T18:00:00Z,448.49,449.65872472805574,2,pivot|repeated_pivot,expired,4,4,pivot|repeated_pivot|role_flip|volume_profile,pivot:2023-07-14T19:00:00Z|pivot:2023-08-04T14:00:00Z|volume:POC:2023-08-03:449.293750|pivot:2023-08-08T19:00:00Z,3,4,1,2023-08-09T19:00:00Z,2023-08-10T14:30:00Z,2023-08-17T20:00:00Z
677,supply,demand,455.98,456.74,2023-07-19T16:00:00Z,2023-07-19T20:00:00Z,2023-07-26T15:00:00Z,455.98,456.74,2,pivot|repeated_pivot,expired,4,4,pivot|repeated_pivot|role_flip|volume_profile,pivot:2023-07-19T16:00:00Z|pivot:2023-07-25T18:00:00Z|volume:POC:2023-07-28:456.590000,2,3,1,2023-07-28T18:00:00Z,2023-08-02T14:30:00Z,2023-08-09T20:00:00Z
678,demand,supply,452.81,453.4469453972882,2023-07-20T14:00:00Z,2023-07-20T18:00:00Z,2023-07-21T20:00:00Z,452.81,453.4469453972882,3,pivot|role_flip|volume_profile,expired,5,5,order_block|pivot|repeated_pivot|role_flip|volume_profile,pivot:2023-07-20T14:00:00Z|volume:POC:2023-07-21:453.128333|pivot:2023-07-26T19:00:00Z|order_block:2023-08-04T16:00:00Z|structure_break:2023-08-04T18:00:00Z|pivot:2023-08-04T16:00:00Z|pivot:2023-08-31T14:00:00Z|pivot:2023-09-01T13:30:00Z,5,5,3,2023-09-01T14:30:00Z,2023-07-27T20:00:00Z,2023-09-08T14:30:00Z
680,demand,supply,451.55,452.48,2023-07-21T19:00:00Z,2023-07-24T16:00:00Z,2023-07-28T16:00:00Z,451.55,452.48,2,pivot|repeated_pivot,expired,3,3,pivot|repeated_pivot|role_flip,pivot:2023-07-21T19:00:00Z|pivot:2023-07-27T19:00:00Z,2,4,1,2023-08-04T16:00:00Z,2023-08-04T17:00:00Z,2023-08-14T16:00:00Z
683,supply,supply,459.02,459.44,2023-07-27T13:30:00Z,2023-07-27T17:00:00Z,,,,,,expired,1,1,pivot,pivot:2023-07-27T13:30:00Z,1,0,0,,,2023-09-14T20:00:00Z
684,supply,supply,457.41,458.6,2023-07-27T16:00:00Z,2023-07-27T19:00:00Z,2023-07-31T17:00:00Z,457.41,458.6,2,order_block|pivot,expired,3,3,order_block|pivot|repeated_pivot,order_block:2023-07-27T16:00:00Z|structure_break:2023-07-27T18:00:00Z|pivot:2023-07-31T13:30:00Z|pivot:2023-07-31T19:00:00Z,2,3,0,2023-07-31T20:00:00Z,,2023-09-15T15:00:00Z
688,demand,demand,455.49,456.14,2023-08-01T16:00:00Z,2023-08-01T20:00:00Z,,,,,,expired,1,1,pivot,pivot:2023-08-01T16:00:00Z,1,0,0,,2023-08-02T14:30:00Z,2023-08-09T20:00:00Z
689,supply,supply,456.44,456.97,2023-08-01T18:00:00Z,2023-08-02T15:00:00Z,,,,,,expired,1,1,order_block,order_block:2023-08-01T18:00:00Z|structure_break:2023-08-02T14:00:00Z,0,0,0,,,2023-09-20T18:00:00Z
690,demand,supply,447.37,448.2057154435587,2023-08-03T14:00:00Z,2023-08-03T18:00:00Z,,,,,,expired,2,2,pivot|role_flip,pivot:2023-08-03T14:00:00Z,1,0,5,2023-08-09T20:00:00Z,2023-08-10T14:30:00Z,2023-08-17T20:00:00Z
694,demand,demand,446.27,446.8,2023-08-04T19:00:00Z,2023-08-07T16:00:00Z,2023-08-09T18:00:00Z,446.27,446.8,3,pivot|role_flip|volume_profile,expired,3,3,pivot|role_flip|volume_profile,pivot:2023-08-04T19:00:00Z|volume:POC:2023-08-08:446.507500,1,1,4,2023-08-14T15:00:00Z,2023-08-15T14:30:00Z,2023-08-22T20:00:00Z
695,supply,supply,450.6616221766977,450.87,2023-08-07T19:00:00Z,2023-08-08T16:00:00Z,,,,,,expired,1,1,pivot,pivot:2023-08-07T19:00:00Z,1,0,0,,2023-08-10T14:30:00Z,2023-08-17T20:00:00Z
696,demand,supply,444.97,445.54,2023-08-08T15:00:00Z,2023-08-08T19:00:00Z,2023-08-09T19:00:00Z,444.97,445.54,2,pivot|repeated_pivot,expired,3,3,pivot|repeated_pivot|role_flip,pivot:2023-08-08T15:00:00Z|pivot:2023-08-09T15:00:00Z|pivot:2023-08-24T14:00:00Z|pivot:2023-09-08T19:00:00Z|pivot:2023-09-13T14:00:00Z|pivot:2023-09-18T16:00:00Z,6,8,7,2023-09-18T17:00:00Z,2023-09-15T15:00:00Z,2023-09-27T15:00:00Z
699,demand,supply,445.43,447.42501693312033,2023-08-09T19:00:00Z,2023-08-10T14:30:00Z,2023-08-10T14:30:00Z,445.43,447.42501693312033,2,order_block|volume_profile,expired,3,3,order_block|role_flip|volume_profile,order_block:2023-08-09T19:00:00Z|structure_break:2023-08-10T13:30:00Z|volume:POC:2023-08-08:446.507500,0,2,1,2023-08-14T15:00:00Z,2023-08-14T20:00:00Z,2023-08-22T19:00:00Z
700,supply,supply,451.22,451.7,2023-08-10T14:00:00Z,2023-08-10T18:00:00Z,2023-08-30T20:00:00Z,451.22,451.7,2,pivot|repeated_pivot,expired,4,4,pivot|repeated_pivot|role_flip|volume_profile,pivot:2023-08-10T14:00:00Z|pivot:2023-08-30T16:00:00Z|volume:POC:2023-08-31:451.439375,2,2,2,2023-08-31T19:00:00Z,2023-09-01T14:30:00Z,2023-09-11T20:00:00Z
701,demand,supply,443.34,443.97,2023-08-11T13:30:00Z,2023-08-11T17:00:00Z,2023-08-15T18:00:00Z,443.34,443.97,2,pivot|repeated_pivot,expired,5,5,order_block|pivot|repeated_pivot|role_flip|volume_profile,pivot:2023-08-11T13:30:00Z|pivot:2023-08-15T14:00:00Z|pivot:2023-09-07T14:00:00Z|order_block:2023-09-20T16:00:00Z|structure_break:2023-09-20T19:00:00Z|volume:POC:2023-09-20:443.563542,3,5,3,2023-09-20T19:00:00Z,2023-09-18T14:30:00Z,2023-09-29T20:00:00Z
702,supply,supply,447.23,447.76,2023-08-14T15:00:00Z,2023-08-14T19:00:00Z,,,,,,expired,1,1,pivot,pivot:2023-08-14T15:00:00Z,1,0,0,,2023-08-14T20:00:00Z,2023-08-22T19:00:00Z
703,supply,supply,447.8990504106417,448.11,2023-08-14T19:00:00Z,2023-08-15T16:00:00Z,,,,,,expired,1,1,pivot,pivot:2023-08-14T19:00:00Z,1,1,0,2023-08-29T16:00:00Z,2023-08-29T19:00:00Z,2023-09-07T18:00:00Z
705,supply,supply,441.77,442.62,2023-08-16T17:00:00Z,2023-08-16T20:00:00Z,2023-08-23T20:00:00Z,441.77,442.62,3,order_block|role_flip|volume_profile,expired,3,3,order_block|role_flip|volume_profile,order_block:2023-08-16T17:00:00Z|structure_break:2023-08-16T19:00:00Z|volume:POC:2023-08-23:442.432292,0,1,2,2023-08-28T16:00:00Z,2023-08-29T14:30:00Z,2023-09-06T20:00:00Z
706,demand,supply,433.01,433.37,2023-08-18T13:30:00Z,2023-08-18T17:00:00Z,,,,,,expired,2,2,pivot|role_flip,pivot:2023-08-18T13:30:00Z,1,2,1,2023-09-22T20:00:00Z,2023-09-21T20:00:00Z,2023-10-06T20:00:00Z
708,supply,supply,440.97774067079484,441.18,2023-08-22T13:30:00Z,2023-08-22T17:00:00Z,,,,,,expired,2,2,pivot|role_flip,pivot:2023-08-22T13:30:00Z,1,0,2,2023-09-19T16:00:00Z,2023-09-19T18:00:00Z,2023-09-27T17:00:00Z
711,supply,demand,439.21,441.2,2023-08-24T16:00:00Z,2023-08-24T20:00:00Z,2023-08-25T18:00:00Z,439.21,441.2,2,order_block|pivot,expired,3,3,order_block|pivot|role_flip,order_block:2023-08-24T16:00:00Z|structure_break:2023-08-24T19:00:00Z|pivot:2023-08-25T14:00:00Z,1,3,1,2023-09-19T15:00:00Z,2023-09-20T20:00:00Z,2023-09-28T19:00:00Z
714,demand,demand,435.0,435.26410505666877,2023-08-25T15:00:00Z,2023-08-25T19:00:00Z,2023-10-10T20:00:00Z,435.0,435.26410505666877,3,pivot|role_flip|volume_profile,expired,3,3,pivot|role_flip|volume_profile,pivot:2023-08-25T15:00:00Z|volume:POC:2023-10-10:435.168125,1,1,6,2023-10-16T15:00:00Z,2023-10-13T14:30:00Z,2023-10-16T16:00:00Z
718,demand,supply,449.68,450.64,2023-09-01T16:00:00Z,2023-09-01T20:00:00Z,2023-09-06T15:00:00Z,449.68,450.64,3,order_block|pivot|role_flip,expired,5,5,order_block|pivot|repeated_pivot|role_flip|volume_profile,pivot:2023-09-01T16:00:00Z|order_block:2023-09-05T18:00:00Z|structure_break:2023-09-06T14:00:00Z|volume:POC:2023-09-05:450.154375|order_block:2023-09-14T18:00:00Z|structure_break:2023-09-15T14:00:00Z|pivot:2023-09-14T19:00:00Z,2,1,1,2023-09-14T16:00:00Z,2023-09-05T14:30:00Z,2023-10-23T16:00:00Z
719,demand,demand,449.17,449.59,2023-09-05T14:00:00Z,2023-09-05T18:00:00Z,,,,,,expired,1,1,pivot,pivot:2023-09-05T14:00:00Z,1,1,0,2023-09-05T20:00:00Z,2023-09-06T14:30:00Z,2023-09-13T20:00:00Z
722,supply,supply,446.36722836200545,447.11,2023-09-08T14:00:00Z,2023-09-08T18:00:00Z,,,,,,expired,2,2,pivot|role_flip,pivot:2023-09-08T14:00:00Z,1,2,4,2023-09-15T15:00:00Z,2023-09-13T19:00:00Z,2023-10-27T14:30:00Z
724,supply,demand,448.24,448.77,2023-09-11T13:30:00Z,2023-09-11T17:00:00Z,2023-09-12T16:00:00Z,448.24,448.77,2,pivot|repeated_pivot,expired,3,3,pivot|repeated_pivot|role_flip,pivot:2023-09-11T13:30:00Z|pivot:2023-09-11T19:00:00Z,2,2,1,2023-09-14T15:00:00Z,2023-09-15T14:30:00Z,2023-09-22T20:00:00Z
729,demand,supply,442.56,443.04,2023-09-18T13:30:00Z,2023-09-18T17:00:00Z,,,,,,expired,2,2,pivot|role_flip,pivot:2023-09-18T13:30:00Z,1,0,1,2023-09-19T19:00:00Z,2023-09-20T14:30:00Z,2023-09-27T20:00:00Z
731,supply,demand,443.53,443.73,2023-09-18T19:00:00Z,2023-09-19T15:00:00Z,,,,,,expired,2,2,order_block|role_flip,order_block:2023-09-18T19:00:00Z|structure_break:2023-09-19T14:00:00Z,0,0,1,2023-09-20T16:00:00Z,2023-09-20T19:00:00Z,2023-09-28T18:00:00Z
732,demand,demand,439.94,440.61,2023-09-19T16:00:00Z,2023-09-19T20:00:00Z,,,,,,expired,1,1,pivot,pivot:2023-09-19T16:00:00Z,1,0,0,,2023-09-20T20:00:00Z,2023-09-28T19:00:00Z
733,supply,supply,444.11,444.44,2023-09-20T14:00:00Z,2023-09-20T18:00:00Z,,,,,,expired,1,1,pivot,pivot:2023-09-20T14:00:00Z,1,0,0,,,2023-11-08T15:30:00Z
735,demand,supply,431.23,431.41428561424163,2023-09-21T19:00:00Z,2023-09-22T16:00:00Z,,,,,,expired,2,2,pivot|role_flip,pivot:2023-09-21T19:00:00Z,1,2,1,2023-09-25T16:00:00Z,2023-09-25T20:00:00Z,2023-10-03T19:00:00Z
736,demand,demand,428.72,430.25,2023-09-25T13:30:00Z,2023-09-25T17:00:00Z,2023-09-28T20:00:00Z,428.72,430.25,3,pivot|repeated_pivot|role_flip,expired,5,5,order_block|pivot|repeated_pivot|role_flip|volume_profile,pivot:2023-09-25T13:30:00Z|pivot:2023-09-28T16:00:00Z|order_block:2023-10-09T16:00:00Z|structure_break:2023-10-09T17:00:00Z|volume:POC:2023-10-06:429.594375,2,4,4,2023-10-18T20:00:00Z,2023-10-19T19:00:00Z,2023-10-27T18:00:00Z
737,supply,supply,431.6058171113202,432.27,2023-09-25T19:00:00Z,2023-09-26T16:00:00Z,2023-09-29T17:00:00Z,431.6058171113202,432.27,2,pivot|repeated_pivot,expired,3,3,pivot|repeated_pivot|role_flip,pivot:2023-09-25T19:00:00Z|pivot:2023-09-29T13:30:00Z|pivot:2023-10-06T18:00:00Z|pivot:2023-10-12T18:00:00Z,4,1,4,2023-10-19T17:00:00Z,2023-11-03T14:30:00Z,2023-11-10T21:00:00Z
738,demand,demand,422.29,423.31,2023-09-27T17:00:00Z,2023-09-28T14:30:00Z,2023-10-04T20:00:00Z,422.29,423.31,3,pivot|role_flip|volume_profile,expired,4,4,pivot|repeated_pivot|role_flip|volume_profile,pivot:2023-09-27T17:00:00Z|volume:POC:2023-10-04:423.299375|pivot:2023-10-20T15:00:00Z,2,2,8,2023-10-24T20:00:00Z,2023-10-25T14:30:00Z,2023-11-01T20:00:00Z
741,demand,supply,424.46,425.43,2023-10-02T16:00:00Z,2023-10-02T20:00:00Z,2023-10-05T16:00:00Z,424.46,425.43,3,pivot|repeated_pivot|role_flip,expired,3,3,pivot|repeated_pivot|role_flip,pivot:2023-10-02T16:00:00Z|pivot:2023-10-04T19:00:00Z|pivot:2023-10-05T18:00:00Z,3,1,1,2023-10-05T19:00:00Z,2023-10-06T16:00:00Z,2023-10-16T15:00:00Z
742,supply,supply,425.06,426.65,2023-10-03T13:30:00Z,2023-10-03T15:00:00Z,2023-10-03T15:00:00Z,425.06,426.65,2,order_block|volume_profile,expired,2,2,order_block|volume_profile,order_block:2023-10-03T13:30:00Z|structure_break:2023-10-03T14:00:00Z|volume:POC:2023-10-02:425.926250,0,2,0,2023-10-05T19:00:00Z,2023-10-06T16:00:00Z,2023-10-16T15:00:00Z
743,demand,supply,420.18,421.98,2023-10-03T18:00:00Z,2023-10-04T15:00:00Z,2023-10-05T19:00:00Z,420.18,421.98,2,pivot|repeated_pivot,expired,4,4,order_block|pivot|repeated_pivot|role_flip,pivot:2023-10-03T18:00:00Z|pivot:2023-10-05T15:00:00Z|order_block:2023-10-06T13:30:00Z|structure_break:2023-10-06T15:00:00Z|pivot:2023-10-06T14:00:00Z,3,7,1,2023-11-01T17:00:00Z,2023-11-01T20:00:00Z,2023-11-09T20:00:00Z
750,demand,demand,427.01,427.37,2023-10-09T14:00:00Z,2023-10-09T18:00:00Z,,,,,,expired,1,1,pivot,pivot:2023-10-09T14:00:00Z,1,1,0,2023-10-19T19:00:00Z,2023-10-19T20:00:00Z,2023-10-27T19:00:00Z
752,supply,supply,436.13,437.22,2023-10-10T16:00:00Z,2023-10-10T20:00:00Z,2023-10-12T18:00:00Z,436.13,437.22,2,order_block|pivot,expired,5,5,order_block|pivot|repeated_pivot|role_flip|volume_profile,pivot:2023-10-10T16:00:00Z|order_block:2023-10-12T15:00:00Z|structure_break:2023-10-12T17:00:00Z|pivot:2023-10-12T16:00:00Z|volume:POC:2023-10-12:436.194375|pivot:2023-10-16T15:00:00Z|pivot:2023-10-17T16:00:00Z|pivot:2023-11-03T19:00:00Z|pivot:2023-11-07T16:00:00Z,6,8,2,2023-11-10T17:00:00Z,2023-11-10T18:00:00Z,2023-11-20T17:00:00Z
753,demand,demand,433.18,433.83,2023-10-11T17:00:00Z,2023-10-12T14:30:00Z,2023-10-18T20:00:00Z,433.18,433.83,3,pivot|role_flip|volume_profile,expired,4,4,pivot|repeated_pivot|role_flip|volume_profile,pivot:2023-10-11T17:00:00Z|volume:POC:2023-10-18:433.530625|pivot:2023-11-06T18:00:00Z|pivot:2023-11-09T20:00:00Z,3,2,4,2023-11-09T20:00:00Z,2023-11-03T14:30:00Z,2023-11-30T21:00:00Z
757,demand,supply,429.88,431.013858349359,2023-10-13T17:00:00Z,2023-10-16T14:30:00Z,2023-11-02T20:00:00Z,429.88,431.013858349359,3,pivot|role_flip|volume_profile,expired,3,3,pivot|role_flip|volume_profile,pivot:2023-10-13T17:00:00Z|volume:POC:2023-11-02:430.102500,1,2,1,2023-11-02T18:00:00Z,2023-11-03T14:30:00Z,2023-11-10T21:00:00Z
759,demand,supply,432.45,432.72,2023-10-17T13:30:00Z,2023-10-17T17:00:00Z,,,,,,expired,2,2,pivot|role_flip,pivot:2023-10-17T13:30:00Z,1,2,1,2023-10-19T17:00:00Z,2023-11-03T14:30:00Z,2023-11-10T21:00:00Z
762,demand,supply,417.8,419.05851782598256,2023-10-23T13:30:00Z,2023-10-23T17:00:00Z,2023-10-25T20:00:00Z,417.8,419.05851782598256,3,pivot|role_flip|volume_profile,expired,3,3,pivot|role_flip|volume_profile,pivot:2023-10-23T13:30:00Z|volume:POC:2023-10-25:418.339792,1,3,1,2023-10-31T18:00:00Z,2023-11-01T14:30:00Z,2023-11-08T21:00:00Z
763,supply,supply,424.1712120785209,424.82,2023-10-23T17:00:00Z,2023-10-24T14:30:00Z,2023-10-24T18:00:00Z,424.1712120785209,424.82,2,pivot|repeated_pivot,expired,2,2,pivot|repeated_pivot,pivot:2023-10-23T17:00:00Z|pivot:2023-10-24T14:00:00Z,2,2,0,2023-10-24T20:00:00Z,2023-11-02T14:30:00Z,2023-11-09T21:00:00Z
765,demand,demand,411.6,412.19,2023-10-26T17:00:00Z,2023-10-27T14:30:00Z,,,,,,expired,1,1,pivot,pivot:2023-10-26T17:00:00Z,1,2,0,2023-10-27T17:00:00Z,2023-10-27T18:00:00Z,2023-11-06T18:00:00Z
766,demand,demand,409.21,409.55,2023-10-27T19:00:00Z,2023-10-30T16:00:00Z,,,,,,expired,1,1,pivot,pivot:2023-10-27T19:00:00Z,1,0,0,,,2023-12-19T16:00:00Z
767,supply,demand,414.9,415.35,2023-10-30T13:30:00Z,2023-10-30T17:00:00Z,,,,,,expired,2,2,pivot|role_flip,pivot:2023-10-30T13:30:00Z,1,0,1,2023-10-30T19:00:00Z,2023-10-31T14:30:00Z,2023-11-07T21:00:00Z
768,supply,supply,415.84,416.68,2023-10-30T19:00:00Z,2023-10-31T16:00:00Z,,,,,,expired,1,1,pivot,pivot:2023-10-30T19:00:00Z,1,1,0,2023-10-31T17:00:00Z,2023-10-31T18:00:00Z,2023-11-08T18:00:00Z
769,supply,supply,421.25,421.9,2023-11-01T14:00:00Z,2023-11-01T18:00:00Z,,,,,,expired,1,1,pivot,pivot:2023-11-01T14:00:00Z,1,1,0,2023-11-01T19:00:00Z,2023-11-01T20:00:00Z,2023-11-09T20:00:00Z
773,supply,demand,437.71,438.47,2023-11-08T14:30:00Z,2023-11-08T18:00:00Z,2023-11-09T18:00:00Z,437.71,438.47,2,pivot|repeated_pivot,expired,3,3,pivot|repeated_pivot|role_flip,pivot:2023-11-08T14:30:00Z|pivot:2023-11-09T14:30:00Z,2,2,1,2023-11-13T15:30:00Z,2023-11-10T18:00:00Z,2023-12-29T17:00:00Z
774,demand,demand,434.87,435.57974076916054,2023-11-08T17:00:00Z,2023-11-08T21:00:00Z,,,,,,expired,1,1,pivot,pivot:2023-11-08T17:00:00Z,1,1,0,2023-11-09T19:00:00Z,2023-11-09T20:00:00Z,2023-11-17T19:00:00Z
777,demand,demand,434.43,435.8,2023-11-10T15:00:00Z,2023-11-10T18:00:00Z,,,,,,expired,1,1,order_block,order_block:2023-11-10T15:00:00Z|structure_break:2023-11-10T17:00:00Z,0,0,0,,,2024-01-03T17:00:00Z
778,supply,supply,440.99,441.33,2023-11-13T16:00:00Z,2023-11-13T20:00:00Z,,,,,,expired,1,1,pivot,pivot:2023-11-13T16:00:00Z,1,0,0,,2023-11-14T15:30:00Z,2023-11-21T21:00:00Z
779,supply,demand,448.98,449.73,2023-11-14T16:00:00Z,2023-11-14T20:00:00Z,2023-11-15T21:00:00Z,448.98,449.73,3,pivot|role_flip|volume_profile,expired,3,3,pivot|role_flip|volume_profile,pivot:2023-11-14T16:00:00Z|volume:POC:2023-11-15:449.713750,1,1,3,2023-11-17T15:30:00Z,2023-11-16T21:00:00Z,2024-01-05T19:00:00Z
780,supply,supply,451.09,451.38,2023-11-15T16:00:00Z,2023-11-15T20:00:00Z,,,,,,expired,1,1,pivot,pivot:2023-11-15T16:00:00Z,1,1,0,2023-11-17T19:00:00Z,2023-11-20T15:30:00Z,2023-11-29T17:00:00Z
781,demand,demand,448.12,448.75,2023-11-16T16:00:00Z,2023-11-16T20:00:00Z,,,,,,expired,1,1,pivot,pivot:2023-11-16T16:00:00Z,1,0,0,,,2024-01-09T19:00:00Z
782,demand,demand,450.2,450.95,2023-11-17T20:00:00Z,2023-11-20T15:30:00Z,2023-11-20T15:30:00Z,450.2,450.95,2,order_block|volume_profile,expired,2,2,order_block|volume_profile,order_block:2023-11-17T20:00:00Z|structure_break:2023-11-20T14:30:00Z|volume:POC:2023-11-17:450.221875,0,0,0,,,2024-01-10T21:00:00Z
783,supply,demand,454.56,455.13,2023-11-20T20:00:00Z,2023-11-21T17:00:00Z,2023-11-22T21:00:00Z,454.56,455.13,3,pivot|role_flip|volume_profile,expired,3,3,pivot|role_flip|volume_profile,pivot:2023-11-20T20:00:00Z|volume:POC:2023-11-22:454.973750,1,3,5,2023-12-06T21:00:00Z,2023-12-04T17:00:00Z,2024-01-12T16:00:00Z
784,demand,demand,451.95,452.5619408897065,2023-11-21T15:00:00Z,2023-11-21T19:00:00Z,,,,,,expired,1,1,pivot,pivot:2023-11-21T15:00:00Z,1,0,0,,,2024-01-12T18:00:00Z
785,supply,supply,455.700589915912,456.38,2023-11-22T14:30:00Z,2023-11-22T18:00:00Z,2023-11-28T20:00:00Z,455.700589915912,456.38,2,pivot|repeated_pivot,expired,4,4,pivot|repeated_pivot|role_flip|volume_profile,pivot:2023-11-22T14:30:00Z|pivot:2023-11-28T16:00:00Z|volume:POC:2023-12-04:455.802500,2,2,4,2023-12-06T21:00:00Z,2023-12-07T15:30:00Z,2023-12-14T21:00:00Z
786,demand,demand,454.07,454.52,2023-11-27T14:30:00Z,2023-11-27T18:00:00Z,2023-11-30T21:00:00Z,454.07,454.52,3,pivot|role_flip|volume_profile,expired,4,4,pivot|repeated_pivot|role_flip|volume_profile,pivot:2023-11-27T14:30:00Z|volume:POC:2023-11-30:454.123750|pivot:2023-12-04T15:00:00Z|pivot:2023-12-06T20:00:00Z,3,3,2,2023-12-06T21:00:00Z,2023-11-30T20:00:00Z,2024-01-17T21:00:00Z
787,supply,supply,455.18,455.5,2023-11-27T18:00:00Z,2023-11-28T15:30:00Z,,,,,,expired,2,2,pivot|role_flip,pivot:2023-11-27T18:00:00Z,1,2,4,2023-12-06T21:00:00Z,2023-12-07T15:30:00Z,2023-12-14T21:00:00Z
788,demand,demand,453.34,453.92,2023-11-28T14:30:00Z,2023-11-28T18:00:00Z,2023-12-01T15:30:00Z,453.34,453.92,2,pivot|repeated_pivot,expired,3,3,order_block|pivot|repeated_pivot,pivot:2023-11-28T14:30:00Z|pivot:2023-11-30T18:00:00Z|order_block:2023-11-30T18:00:00Z|structure_break:2023-12-01T16:00:00Z,2,1,0,2023-11-30T18:00:00Z,,2024-01-18T21:00:00Z
790,supply,demand,458.11,458.84,2023-11-29T14:30:00Z,2023-11-29T18:00:00Z,2023-12-06T18:00:00Z,458.11,458.84,3,pivot|repeated_pivot|role_flip,expired,3,3,pivot|repeated_pivot|role_flip,pivot:2023-11-29T14:30:00Z|pivot:2023-12-06T14:30:00Z,2,2,3,2023-12-08T18:00:00Z,2023-12-08T16:00:00Z,2024-01-19T21:00:00Z
793,supply,demand,459.41,459.65,2023-12-01T17:00:00Z,2023-12-01T21:00:00Z,,,,,,expired,2,2,pivot|role_flip,pivot:2023-12-01T17:00:00Z,1,1,1,2023-12-11T15:30:00Z,2023-12-08T16:00:00Z,2024-01-24T17:00:00Z
795,supply,demand,457.39,457.59,2023-12-05T16:00:00Z,2023-12-05T20:00:00Z,,,,,,expired,2,2,pivot|role_flip,pivot:2023-12-05T16:00:00Z,1,2,1,2023-12-08T18:00:00Z,2023-12-06T15:30:00Z,2024-01-26T16:00:00Z
798,supply,demand,460.01,460.42,2023-12-08T15:00:00Z,2023-12-08T19:00:00Z,,,,,,expired,2,2,pivot|role_flip,pivot:2023-12-08T15:00:00Z,1,1,1,2023-12-11T17:00:00Z,2023-12-11T16:00:00Z,2024-01-31T15:30:00Z
799,demand,demand,464.12,464.5,2023-12-13T18:00:00Z,2023-12-13T20:00:00Z,,,,,,expired,1,1,order_block,order_block:2023-12-13T18:00:00Z|structure_break:2023-12-13T19:00:00Z,0,0,0,,,2024-02-05T16:00:00Z
800,supply,demand,473.14,473.73,2023-12-14T14:30:00Z,2023-12-14T18:00:00Z,,,,,,expired,2,2,pivot|role_flip,pivot:2023-12-14T14:30:00Z,1,1,1,2023-12-19T18:00:00Z,2023-12-20T20:00:00Z,2023-12-29T19:00:00Z
801,demand,demand,468.71,469.39,2023-12-15T14:30:00Z,2023-12-15T18:00:00Z,2024-01-03T19:00:00Z,468.71,469.39,3,pivot|repeated_pivot|role_flip,expired,4,4,pivot|repeated_pivot|role_flip|volume_profile,pivot:2023-12-15T14:30:00Z|pivot:2024-01-03T15:00:00Z|volume:POC:2024-01-04:468.923542,2,4,4,2024-01-08T16:00:00Z,2024-01-08T15:30:00Z,2024-02-06T21:00:00Z
802,demand,demand,468.44,468.68,2023-12-15T18:00:00Z,2023-12-18T15:30:00Z,,,,,,expired,1,1,pivot,pivot:2023-12-15T18:00:00Z,1,0,0,,2023-12-20T21:00:00Z,2023-12-29T20:00:00Z
803,supply,demand,474.07,474.48,2023-12-19T16:00:00Z,2023-12-19T20:00:00Z,2023-12-22T21:00:00Z,474.07,474.48,3,pivot|role_flip|volume_profile,expired,3,3,pivot|role_flip|volume_profile,pivot:2023-12-19T16:00:00Z|volume:POC:2023-12-22:474.076667,1,1,9,2024-01-18T20:00:00Z,2024-01-16T21:00:00Z,2024-02-09T16:00:00Z
804,supply,demand,475.17,475.9,2023-12-20T17:00:00Z,2023-12-20T20:00:00Z,2023-12-20T21:00:00Z,475.17,475.9,2,order_block|pivot,expired,5,5,order_block|pivot|repeated_pivot|role_flip|volume_profile,order_block:2023-12-20T17:00:00Z|structure_break:2023-12-20T19:00:00Z|pivot:2023-12-20T17:00:00Z|structure_break:2023-12-20T20:00:00Z|pivot:2023-12-22T14:30:00Z|volume:POC:2023-12-27:475.516875|pivot:2023-12-27T19:00:00Z,3,5,5,2024-01-18T21:00:00Z,2024-01-16T16:00:00Z,2024-02-12T16:00:00Z
807,demand,supply,467.82,468.3,2023-12-20T20:00:00Z,2023-12-21T17:00:00Z,2024-01-04T18:00:00Z,467.82,468.3,2,pivot|repeated_pivot,expired,4,4,pivot|repeated_pivot|role_flip|volume_profile,pivot:2023-12-20T20:00:00Z|pivot:2024-01-04T14:30:00Z|volume:POC:2024-01-05:468.184375,2,1,1,2024-01-05T18:00:00Z,2024-01-08T15:30:00Z,2024-01-16T21:00:00Z
809,demand,demand,471.3,472.50627305829903,2023-12-22T19:00:00Z,2023-12-26T16:00:00Z,2024-01-02T19:00:00Z,471.3,472.50627305829903,2,pivot|repeated_pivot,expired,2,2,pivot|repeated_pivot,pivot:2023-12-22T19:00:00Z|pivot:2024-01-02T15:00:00Z,2,2,0,2024-01-02T19:00:00Z,2024-01-02T20:00:00Z,2024-01-10T19:00:00Z
810,supply,demand,475.9391707945121,476.58,2023-12-26T20:00:00Z,2023-12-27T17:00:00Z,,,,,,expired,2,2,pivot|role_flip,pivot:2023-12-26T20:00:00Z,1,2,1,2023-12-28T21:00:00Z,2023-12-29T16:00:00Z,2024-01-09T15:30:00Z
812,supply,demand,477.27,478.12,2023-12-28T18:00:00Z,2023-12-29T15:30:00Z,2024-01-11T18:00:00Z,477.27,478.12,2,pivot|repeated_pivot,expired,3,3,pivot|repeated_pivot|role_flip,pivot:2023-12-28T18:00:00Z|pivot:2024-01-11T14:30:00Z|pivot:2024-01-12T14:30:00Z,3,4,1,2024-01-19T17:00:00Z,2024-01-19T16:00:00Z,2024-02-20T18:00:00Z
813,demand,supply,473.3,473.9128239989641,2023-12-29T17:00:00Z,2023-12-29T21:00:00Z,2024-01-09T21:00:00Z,473.3,473.9128239989641,3,pivot|role_flip|volume_profile,expired,3,3,pivot|role_flip|volume_profile,pivot:2023-12-29T17:00:00Z|volume:POC:2024-01-09:473.811250,1,3,3,2024-01-18T18:00:00Z,2024-01-18T20:00:00Z,2024-01-26T19:00:00Z
816,supply,demand,470.14,471.19,2024-01-03T19:00:00Z,2024-01-04T16:00:00Z,2024-01-05T20:00:00Z,470.14,471.19,2,pivot|repeated_pivot,expired,3,3,pivot|repeated_pivot|role_flip,pivot:2024-01-03T19:00:00Z|pivot:2024-01-05T16:00:00Z|pivot:2024-01-17T18:00:00Z,3,4,1,2024-01-17T18:00:00Z,2024-01-08T18:00:00Z,2024-02-23T19:00:00Z
818,demand,demand,467.05,467.27,2024-01-04T20:00:00Z,2024-01-05T17:00:00Z,,,,,,expired,1,1,pivot,pivot:2024-01-04T20:00:00Z,1,1,0,2024-01-05T18:00:00Z,2024-01-05T20:00:00Z,2024-01-16T19:00:00Z
820,demand,demand,466.43,466.82,2024-01-05T20:00:00Z,2024-01-08T17:00:00Z,,,,,,expired,1,1,pivot,pivot:2024-01-05T20:00:00Z,1,0,0,,,2024-02-27T20:00:00Z
821,supply,demand,474.5507462880021,474.75,2024-01-08T20:00:00Z,2024-01-09T17:00:00Z,,,,,,expired,2,2,pivot|role_flip,pivot:2024-01-08T20:00:00Z,1,2,5,2024-01-18T20:00:00Z,2024-01-16T21:00:00Z,2024-02-28T20:00:00Z
823,demand,demand,472.26,472.61,2024-01-11T16:00:00Z,2024-01-11T20:00:00Z,,,,,,expired,2,2,pivot|role_flip,pivot:2024-01-11T16:00:00Z,1,1,2,2024-01-18T19:00:00Z,2024-01-18T15:30:00Z,2024-03-04T16:00:00Z
825,demand,supply,473.47,474.4280368849257,2024-01-16T14:30:00Z,2024-01-16T18:00:00Z,2024-01-16T21:00:00Z,473.47,474.4280368849257,2,pivot|volume_profile,expired,3,3,pivot|role_flip|volume_profile,pivot:2024-01-16T14:30:00Z|volume:POC:2024-01-16:474.169375,1,1,1,2024-01-18T18:00:00Z,2024-01-18T20:00:00Z,2024-01-26T19:00:00Z
827,supply,supply,485.01,485.32,2024-01-22T15:00:00Z,2024-01-22T19:00:00Z,2024-01-25T17:00:00Z,485.01,485.32,3,pivot|repeated_pivot|role_flip,expired,3,3,pivot|repeated_pivot|role_flip,pivot:2024-01-22T15:00:00Z|pivot:2024-01-24T20:00:00Z|pivot:2024-01-25T19:00:00Z,3,1,2,2024-02-01T16:00:00Z,2024-02-01T17:00:00Z,2024-02-09T16:00:00Z
828,supply,supply,484.02,484.38,2024-01-23T14:30:00Z,2024-01-23T18:00:00Z,,,,,,expired,1,1,pivot,pivot:2024-01-23T14:30:00Z,1,1,0,2024-01-23T19:00:00Z,2024-01-23T21:00:00Z,2024-01-31T20:00:00Z
829,supply,supply,488.5991113862579,488.77,2024-01-24T17:00:00Z,2024-01-24T21:00:00Z,,,,,,expired,2,2,pivot|role_flip,pivot:2024-01-24T17:00:00Z,1,0,2,2024-01-31T20:00:00Z,2024-02-01T21:00:00Z,2024-02-09T20:00:00Z
832,supply,demand,488.94461265586466,489.12,2024-01-26T16:00:00Z,2024-01-26T20:00:00Z,,,,,,expired,2,2,pivot|role_flip,pivot:2024-01-26T16:00:00Z,1,1,1,2024-02-01T21:00:00Z,2024-01-29T21:00:00Z,2024-03-18T15:00:00Z
833,demand,supply,487.18,488.03,2024-01-29T15:00:00Z,2024-01-29T21:00:00Z,2024-01-31T21:00:00Z,487.18,488.03,2,order_block|role_flip,expired,2,2,order_block|role_flip,order_block:2024-01-29T15:00:00Z|structure_break:2024-01-29T20:00:00Z|order_block:2024-01-31T18:00:00Z|structure_break:2024-01-31T20:00:00Z,0,2,1,2024-02-01T18:00:00Z,2024-02-01T20:00:00Z,2024-02-09T19:00:00Z
834,supply,demand,490.71,491.62,2024-01-30T20:00:00Z,2024-01-31T17:00:00Z,2024-02-14T17:00:00Z,490.71,491.62,3,pivot|repeated_pivot|role_flip,expired,3,3,pivot|repeated_pivot|role_flip,pivot:2024-01-30T20:00:00Z|pivot:2024-02-13T20:00:00Z,2,1,1,2024-02-13T20:00:00Z,2024-02-02T16:00:00Z,2024-03-20T19:00:00Z
836,demand,demand,482.89,483.09660501393745,2024-01-31T20:00:00Z,2024-02-01T17:00:00Z,,,,,,expired,1,1,pivot,pivot:2024-01-31T20:00:00Z,1,0,0,,,2024-03-21T19:00:00Z
837,supply,supply,495.68,496.05,2024-02-02T20:00:00Z,2024-02-05T17:00:00Z,2024-02-20T21:00:00Z,495.68,496.05,3,pivot|role_flip|volume_profile,expired,3,3,pivot|role_flip|volume_profile,pivot:2024-02-02T20:00:00Z|volume:POC:2024-02-20:495.687500,1,1,4,2024-02-21T16:00:00Z,2024-02-21T21:00:00Z,2024-02-29T20:00:00Z
838,demand,demand,490.23,490.86,2024-02-05T15:00:00Z,2024-02-05T19:00:00Z,,,,,,expired,1,1,pivot,pivot:2024-02-05T15:00:00Z,1,1,0,2024-02-13T21:00:00Z,,2024-03-26T14:30:00Z
839,supply,demand,493.22,494.32,2024-02-06T14:30:00Z,2024-02-06T18:00:00Z,2024-02-13T19:00:00Z,493.22,494.32,3,pivot|repeated_pivot|role_flip,expired,3,3,pivot|repeated_pivot|role_flip,pivot:2024-02-06T14:30:00Z|pivot:2024-02-13T15:00:00Z,2,2,1,2024-02-13T18:00:00Z,2024-02-13T20:00:00Z,2024-02-22T19:00:00Z
840,supply,demand,498.33,499.65,2024-02-07T20:00:00Z,2024-02-08T17:00:00Z,2024-02-16T19:00:00Z,498.33,499.65,3,pivot|repeated_pivot|role_flip,expired,3,3,pivot|repeated_pivot|role_flip,pivot:2024-02-07T20:00:00Z|pivot:2024-02-16T15:00:00Z,2,2,1,2024-02-16T21:00:00Z,2024-02-20T15:30:00Z,2024-02-27T21:00:00Z
841,supply,supply,502.37,503.5,2024-02-12T16:00:00Z,2024-02-12T20:00:00Z,2024-02-20T16:00:00Z,502.37,503.5,2,pivot|repeated_pivot,expired,2,2,pivot|repeated_pivot,pivot:2024-02-12T16:00:00Z|pivot:2024-02-16T19:00:00Z,2,0,0,,2024-02-22T15:30:00Z,2024-02-29T21:00:00Z
843,supply,demand,494.45,495.85,2024-02-13T16:00:00Z,2024-02-13T20:00:00Z,2024-02-20T21:00:00Z,494.45,495.85,3,order_block|pivot|role_flip,expired,4,4,order_block|pivot|role_flip|volume_profile,order_block:2024-02-13T16:00:00Z|structure_break:2024-02-13T19:00:00Z|pivot:2024-02-20T17:00:00Z|volume:POC:2024-02-20:495.687500,1,1,1,2024-02-20T16:00:00Z,2024-02-14T15:30:00Z,2024-04-04T15:00:00Z
845,supply,supply,496.99908616490245,497.99,2024-02-14T15:00:00Z,2024-02-14T19:00:00Z,,,,,,expired,1,1,pivot,pivot:2024-02-14T15:00:00Z,1,1,0,2024-02-14T20:00:00Z,2024-02-14T21:00:00Z,2024-02-23T20:00:00Z
846,supply,supply,501.84,502.2,2024-02-15T19:00:00Z,2024-02-16T16:00:00Z,,,,,,expired,1,1,pivot,pivot:2024-02-15T19:00:00Z,1,1,0,2024-02-16T17:00:00Z,2024-02-16T19:00:00Z,2024-02-27T18:00:00Z
850,demand,demand,493.9,495.33,2024-02-21T19:00:00Z,2024-02-21T21:00:00Z,2024-02-21T21:00:00Z,493.9,495.33,2,order_block|volume_profile,expired,3,3,order_block|pivot|volume_profile,order_block:2024-02-21T19:00:00Z|structure_break:2024-02-21T20:00:00Z|volume:POC:2024-02-21:495.226875|pivot:2024-02-21T20:00:00Z,1,0,0,,,2024-04-11T16:00:00Z
852,supply,demand,509.74,510.13,2024-02-23T14:30:00Z,2024-02-23T18:00:00Z,,,,,,expired,2,2,pivot|role_flip,pivot:2024-02-23T14:30:00Z,1,3,3,2024-03-15T14:30:00Z,2024-03-15T17:00:00Z,2024-03-25T16:00:00Z
853,demand,supply,504.75,505.73,2024-02-27T18:00:00Z,2024-02-28T15:30:00Z,2024-03-06T17:00:00Z,504.75,505.73,2,pivot|repeated_pivot,expired,4,4,pivot|repeated_pivot|role_flip|volume_profile,pivot:2024-02-27T18:00:00Z|pivot:2024-03-05T20:00:00Z|volume:POC:2024-04-15:504.800833|pivot:2024-04-16T18:00:00Z,3,2,1,2024-04-16T14:30:00Z,2024-04-15T20:00:00Z,2024-04-17T17:00:00Z
854,supply,supply,506.87,507.16,2024-02-27T20:00:00Z,2024-02-28T17:00:00Z,,,,,,expired,2,2,pivot|role_flip,pivot:2024-02-27T20:00:00Z,1,0,2,2024-03-05T19:00:00Z,2024-03-06T15:30:00Z,2024-03-13T20:00:00Z
855,supply,demand,508.49,509.43,2024-02-29T14:30:00Z,2024-02-29T18:00:00Z,2024-03-11T18:00:00Z,508.49,509.43,3,pivot|repeated_pivot|role_flip,expired,3,3,pivot|repeated_pivot|role_flip,pivot:2024-02-29T14:30:00Z|pivot:2024-03-11T14:00:00Z|pivot:2024-03-15T16:00:00Z|pivot:2024-04-12T19:00:00Z,4,7,3,2024-04-12T20:00:00Z,2024-04-15T18:00:00Z,2024-04-23T17:00:00Z
856,supply,supply,513.1,513.29,2024-03-01T19:00:00Z,2024-03-04T16:00:00Z,,,,,,expired,2,2,pivot|role_flip,pivot:2024-03-01T19:00:00Z,1,4,4,2024-03-19T16:00:00Z,2024-03-19T17:00:00Z,2024-03-27T16:00:00Z
857,supply,supply,513.82,514.9,2024-03-04T20:00:00Z,2024-03-05T17:00:00Z,2024-03-08T15:30:00Z,513.82,514.9,3,order_block|pivot|role_flip,expired,5,5,order_block|pivot|repeated_pivot|role_flip|volume_profile,pivot:2024-03-04T20:00:00Z|order_block:2024-03-07T20:00:00Z|structure_break:2024-03-08T14:30:00Z|volume:POC:2024-03-07:514.730625|pivot:2024-03-18T14:00:00Z|pivot:2024-04-15T13:30:00Z,3,6,8,2024-04-15T14:30:00Z,2024-04-12T15:00:00Z,2024-04-23T19:00:00Z
859,supply,demand,511.12,512.07,2024-03-06T17:00:00Z,2024-03-06T21:00:00Z,2024-03-19T17:00:00Z,511.12,512.07,3,pivot|repeated_pivot|role_flip,expired,3,3,pivot|repeated_pivot|role_flip,pivot:2024-03-06T17:00:00Z|pivot:2024-03-19T13:30:00Z,2,1,7,2024-04-15T16:00:00Z,2024-04-15T17:00:00Z,2024-04-23T16:00:00Z
861,supply,supply,516.81,518.23,2024-03-08T15:00:00Z,2024-03-08T19:00:00Z,2024-03-13T16:00:00Z,516.81,518.23,2,pivot|repeated_pivot,expired,2,2,pivot|repeated_pivot,pivot:2024-03-08T15:00:00Z|pivot:2024-03-12T19:00:00Z,2,2,0,2024-03-14T14:30:00Z,2024-03-20T19:00:00Z,2024-03-28T18:00:00Z
863,demand,supply,510.86,512.8950568840571,2024-03-12T13:30:00Z,2024-03-12T15:00:00Z,,,,,,expired,2,2,order_block|role_flip,order_block:2024-03-12T13:30:00Z|structure_break:2024-03-12T14:00:00Z,0,7,3,2024-04-12T18:00:00Z,2024-04-15T14:30:00Z,2024-04-22T20:00:00Z
868,supply,supply,515.87,516.44,2024-03-20T14:00:00Z,2024-03-20T18:00:00Z,,,,,,expired,1,1,pivot,pivot:2024-03-20T14:00:00Z,1,0,0,,2024-03-20T19:00:00Z,2024-03-28T18:00:00Z
869,demand,supply,515.08,516.14,2024-03-20T17:00:00Z,2024-03-20T19:00:00Z,2024-03-20T20:00:00Z,515.08,516.14,2,order_block|volume_profile,expired,4,4,order_block|pivot|role_flip|volume_profile,order_block:2024-03-20T17:00:00Z|structure_break:2024-03-20T18:00:00Z|volume:POC:2024-03-20:515.657083|pivot:2024-04-11T13:30:00Z,1,4,1,2024-04-11T16:00:00Z,2024-04-11T18:00:00Z,2024-04-19T17:00:00Z
870,supply,supply,523.76,524.61,2024-03-21T16:00:00Z,2024-03-21T20:00:00Z,2024-04-01T16:00:00Z,523.76,524.61,2,pivot|repeated_pivot,expired,3,3,order_block|pivot|repeated_pivot,pivot:2024-03-21T16:00:00Z|pivot:2024-03-28T19:00:00Z|order_block:2024-04-04T16:00:00Z|structure_break:2024-04-04T18:00:00Z|pivot:2024-04-04T16:00:00Z|structure_break:2024-04-04T19:00:00Z,3,2,0,2024-04-04T17:00:00Z,,2024-05-10T16:00:00Z
871,demand,demand,520.97,521.6725679454586,2024-03-22T16:00:00Z,2024-03-22T20:00:00Z,2024-03-26T18:00:00Z,520.97,521.6725679454586,3,pivot|repeated_pivot|role_flip,expired,4,4,order_block|pivot|repeated_pivot|role_flip,pivot:2024-03-22T16:00:00Z|pivot:2024-03-26T14:00:00Z|order_block:2024-03-26T18:00:00Z|structure_break:2024-03-26T19:00:00Z|pivot:2024-03-27T13:30:00Z|pivot:2024-04-01T16:00:00Z|pivot:2024-04-09T13:30:00Z,5,2,4,2024-05-13T14:30:00Z,2024-05-10T14:30:00Z,2024-05-13T16:00:00Z
872,supply,demand,522.4575020599824,522.61,2024-03-22T18:00:00Z,2024-03-25T15:00:00Z,,,,,,expired,2,2,pivot|role_flip,pivot:2024-03-22T18:00:00Z,1,0,1,2024-04-04T14:30:00Z,2024-04-04T18:00:00Z,2024-04-12T17:00:00Z
873,demand,demand,519.61,519.81,2024-03-25T13:30:00Z,2024-03-25T17:00:00Z,2024-03-26T16:00:00Z,519.61,519.81,2,pivot|repeated_pivot,expired,4,4,order_block|pivot|repeated_pivot|role_flip,pivot:2024-03-25T13:30:00Z|pivot:2024-03-25T19:00:00Z|order_block:2024-03-27T17:00:00Z|structure_break:2024-03-27T19:00:00Z|pivot:2024-04-09T19:00:00Z|pivot:2024-04-11T18:00:00Z,4,5,6,2024-05-13T18:00:00Z,2024-05-09T19:00:00Z,2024-05-13T20:00:00Z
877,demand,demand,517.77,518.66,2024-03-26T19:00:00Z,2024-03-27T16:00:00Z,2024-04-04T16:00:00Z,517.77,518.66,3,pivot|repeated_pivot|role_flip,expired,5,5,order_block|pivot|repeated_pivot|role_flip|volume_profile,pivot:2024-03-26T19:00:00Z|pivot:2024-04-03T19:00:00Z|order_block:2024-04-08T16:00:00Z|structure_break:2024-04-09T14:00:00Z|volume:POC:2024-04-11:518.092500,2,1,4,2024-04-11T19:00:00Z,2024-04-12T14:30:00Z,2024-04-19T20:00:00Z
882,demand,demand,516.48,516.97,2024-04-02T14:00:00Z,2024-04-02T18:00:00Z,,,,,,expired,2,2,pivot|role_flip,pivot:2024-04-02T14:00:00Z,1,0,2,2024-04-11T18:00:00Z,2024-04-12T14:30:00Z,2024-04-19T20:00:00Z
883,supply,supply,520.67,520.95,2024-04-03T15:00:00Z,2024-04-03T19:00:00Z,,,,,,expired,1,1,pivot,pivot:2024-04-03T15:00:00Z,1,0,0,,2024-04-04T14:30:00Z,2024-04-11T20:00:00Z
888,demand,supply,512.67,513.48,2024-04-04T19:00:00Z,2024-04-05T16:00:00Z,2024-04-10T17:00:00Z,512.67,513.48,2,pivot|repeated_pivot,expired,4,4,pivot|repeated_pivot|role_flip|volume_profile,pivot:2024-04-04T19:00:00Z|pivot:2024-04-10T13:30:00Z|volume:POC:2024-04-10:513.361875|pivot:2024-04-10T17:00:00Z|pivot:2024-04-11T14:00:00Z,4,3,1,2024-04-12T17:00:00Z,2024-04-15T14:30:00Z,2024-04-22T20:00:00Z
891,demand,supply,514.35,515.411566864768,2024-04-09T14:00:00Z,2024-04-09T18:00:00Z,,,,,,expired,2,2,pivot|role_flip,pivot:2024-04-09T14:00:00Z,1,0,1,2024-04-10T16:00:00Z,2024-04-11T18:00:00Z,2024-04-19T17:00:00Z
900,supply,supply,511.11,512.6,2024-04-15T15:00:00Z,2024-04-15T18:00:00Z,2024-05-03T18:00:00Z,511.11,512.6,2,order_block|pivot,expired,3,3,order_block|pivot|volume_profile,order_block:2024-04-15T15:00:00Z|structure_break:2024-04-15T17:00:00Z|pivot:2024-05-03T14:00:00Z|volume:POC:2024-05-03:511.303125,1,2,0,2024-05-03T17:00:00Z,2024-05-06T14:30:00Z,2024-05-13T20:00:00Z
901,demand,demand,502.21,503.6714755361143,2024-04-16T17:00:00Z,2024-04-17T14:30:00Z,2024-04-17T14:30:00Z,502.21,503.6714755361143,2,pivot|volume_profile,expired,4,4,pivot|repeated_pivot|role_flip|volume_profile,pivot:2024-04-16T17:00:00Z|volume:POC:2024-04-16:503.550625|pivot:2024-04-18T15:00:00Z|pivot:2024-04-24T16:00:00Z,3,4,4,2024-05-02T18:00:00Z,2024-05-01T19:00:00Z,2024-06-05T17:00:00Z
903,demand,demand,499.12,500.24,2024-04-17T16:00:00Z,2024-04-17T20:00:00Z,2024-05-01T20:00:00Z,499.12,500.24,3,pivot|repeated_pivot|role_flip,expired,3,3,pivot|repeated_pivot|role_flip,pivot:2024-04-17T16:00:00Z|pivot:2024-05-01T16:00:00Z|pivot:2024-05-02T14:00:00Z,3,4,2,2024-05-02T15:00:00Z,2024-04-22T18:00:00Z,2024-06-06T16:00:00Z
905,demand,demand,493.86,494.91,2024-04-19T19:00:00Z,2024-04-22T16:00:00Z,,,,,,expired,1,1,pivot,pivot:2024-04-19T19:00:00Z,1,0,0,,,2024-06-10T19:00:00Z
906,demand,demand,495.95,497.58,2024-04-22T14:00:00Z,2024-04-22T18:00:00Z,2024-04-22T20:00:00Z,495.95,497.58,2,order_block|volume_profile,expired,3,3,order_block|pivot|volume_profile,order_block:2024-04-22T14:00:00Z|structure_break:2024-04-22T17:00:00Z|volume:POC:2024-04-22:497.312292|pivot:2024-04-25T14:00:00Z,1,1,0,2024-04-25T15:00:00Z,,2024-06-11T14:30:00Z
907,supply,supply,506.56,508.19,2024-04-24T13:30:00Z,2024-04-24T17:00:00Z,2024-05-02T16:00:00Z,506.56,508.19,3,pivot|repeated_pivot|role_flip,expired,3,3,pivot|repeated_pivot|role_flip,pivot:2024-04-24T13:30:00Z|pivot:2024-05-01T19:00:00Z,2,1,2,2024-05-01T20:00:00Z,2024-05-03T14:30:00Z,2024-05-10T20:00:00Z
910,supply,demand,510.08,510.75,2024-04-29T13:30:00Z,2024-04-29T17:00:00Z,,,,,,expired,2,2,pivot|role_flip,pivot:2024-04-29T13:30:00Z,1,1,1,2024-05-03T18:00:00Z,2024-05-03T14:30:00Z,2024-06-17T20:00:00Z
911,supply,supply,505.3,506.27,2024-04-30T17:00:00Z,2024-04-30T20:00:00Z,,,,,,expired,1,1,order_block,order_block:2024-04-30T17:00:00Z|structure_break:2024-04-30T19:00:00Z,0,0,0,,2024-05-01T19:00:00Z,2024-05-09T18:00:00Z
916,supply,demand,517.89,519.4431587871339,2024-05-07T17:00:00Z,2024-05-08T14:30:00Z,2024-05-31T20:00:00Z,517.89,519.4431587871339,3,pivot|repeated_pivot|role_flip,expired,4,4,order_block|pivot|repeated_pivot|role_flip,pivot:2024-05-07T17:00:00Z|pivot:2024-05-31T16:00:00Z|order_block:2024-05-31T16:00:00Z|structure_break:2024-05-31T19:00:00Z,2,1,1,2024-05-31T17:00:00Z,2024-05-09T15:00:00Z,2024-06-27T17:00:00Z
917,demand,demand,515.14,515.3237033822111,2024-05-08T13:30:00Z,2024-05-08T17:00:00Z,,,,,,expired,1,1,pivot,pivot:2024-05-08T13:30:00Z,1,0,0,,,2024-06-27T20:00:00Z
918,supply,supply,522.42,522.67,2024-05-10T13:30:00Z,2024-05-10T17:00:00Z,2024-05-13T17:00:00Z,522.42,522.67,2,pivot|repeated_pivot,expired,2,2,pivot|repeated_pivot,pivot:2024-05-10T13:30:00Z|pivot:2024-05-13T13:30:00Z|pivot:2024-05-14T14:00:00Z,3,1,0,2024-05-13T14:30:00Z,2024-05-14T19:00:00Z,2024-05-22T18:00:00Z
920,demand,demand,519.74,520.344094469988,2024-05-13T17:00:00Z,2024-05-14T14:30:00Z,,,,,,expired,1,1,pivot,pivot:2024-05-13T17:00:00Z,1,1,0,2024-05-31T15:00:00Z,2024-05-31T17:00:00Z,2024-06-10T16:00:00Z
922,demand,demand,520.68,521.1,2024-05-14T16:00:00Z,2024-05-14T19:00:00Z,,,,,,expired,1,1,order_block,order_block:2024-05-14T16:00:00Z|structure_break:2024-05-14T18:00:00Z,0,1,0,2024-05-31T15:00:00Z,2024-05-31T16:00:00Z,2024-06-10T15:00:00Z
923,supply,supply,531.23,531.57,2024-05-16T15:00:00Z,2024-05-16T19:00:00Z,2024-05-20T19:00:00Z,531.23,531.57,2,pivot|repeated_pivot,expired,3,3,order_block|pivot|repeated_pivot,pivot:2024-05-16T15:00:00Z|pivot:2024-05-20T15:00:00Z|pivot:2024-05-21T19:00:00Z|order_block:2024-05-22T16:00:00Z|structure_break:2024-05-22T18:00:00Z,3,6,0,2024-05-23T16:00:00Z,2024-06-05T16:00:00Z,2024-06-13T15:00:00Z
924,demand,demand,528.48,528.78,2024-05-17T17:00:00Z,2024-05-20T14:30:00Z,2024-05-20T14:30:00Z,528.48,528.78,2,order_block|volume_profile,expired,3,3,order_block|role_flip|volume_profile,order_block:2024-05-17T17:00:00Z|structure_break:2024-05-20T13:30:00Z|volume:POC:2024-05-17:528.649167,0,1,2,2024-06-05T15:00:00Z,2024-05-28T20:00:00Z,2024-07-10T20:00:00Z
925,demand,supply,527.32,528.3655453842586,2024-05-17T18:00:00Z,2024-05-20T15:00:00Z,2024-05-23T15:00:00Z,527.32,528.3655453842586,2,pivot|repeated_pivot,expired,3,3,pivot|repeated_pivot|role_flip,pivot:2024-05-17T18:00:00Z|pivot:2024-05-22T18:00:00Z|pivot:2024-06-03T14:00:00Z,3,5,3,2024-06-04T19:00:00Z,2024-06-05T14:30:00Z,2024-06-12T20:00:00Z
927,demand,demand,529.07,529.28,2024-05-21T13:30:00Z,2024-05-21T17:00:00Z,2024-05-24T20:00:00Z,529.07,529.28,3,pivot|role_flip|volume_profile,expired,3,3,pivot|role_flip|volume_profile,pivot:2024-05-21T13:30:00Z|volume:POC:2024-05-24:529.210625,1,0,4,2024-06-05T15:00:00Z,2024-05-28T20:00:00Z,2024-07-12T16:00:00Z
931,supply,demand,532.53,533.4220033395985,2024-05-23T13:30:00Z,2024-05-23T17:00:00Z,2024-06-07T17:00:00Z,532.53,533.4220033395985,3,pivot|repeated_pivot|role_flip,expired,3,3,pivot|repeated_pivot|role_flip,pivot:2024-05-23T13:30:00Z|pivot:2024-06-07T13:30:00Z|pivot:2024-06-10T13:30:00Z|pivot:2024-06-11T13:30:00Z,4,4,1,2024-06-11T14:30:00Z,2024-06-05T18:00:00Z,2024-07-16T16:00:00Z
932,supply,supply,529.862712888142,531.49,2024-05-23T15:00:00Z,2024-05-23T18:00:00Z,2024-05-23T18:00:00Z,529.862712888142,531.49,2,order_block|volume_profile,expired,2,2,order_block|volume_profile,order_block:2024-05-23T15:00:00Z|structure_break:2024-05-23T17:00:00Z|volume:POC:2024-05-22:530.828750,0,4,0,2024-06-05T14:30:00Z,2024-06-05T16:00:00Z,2024-06-13T15:00:00Z
933,demand,demand,524.72,524.94,2024-05-23T19:00:00Z,2024-05-24T16:00:00Z,2024-05-24T16:00:00Z,524.72,524.94,2,pivot|volume_profile,expired,4,4,order_block|pivot|role_flip|volume_profile,pivot:2024-05-23T19:00:00Z|volume:POC:2024-05-23:524.893958|order_block:2024-05-30T17:00:00Z|structure_break:2024-05-31T14:00:00Z,1,2,2,2024-06-03T18:00:00Z,2024-05-31T20:00:00Z,2024-07-17T15:00:00Z
934,supply,supply,529.45,530.51,2024-05-24T15:00:00Z,2024-05-24T19:00:00Z,2024-05-28T17:00:00Z,529.45,530.51,2,pivot|repeated_pivot,expired,2,2,pivot|repeated_pivot,pivot:2024-05-24T15:00:00Z|pivot:2024-05-28T13:30:00Z,2,3,0,2024-06-05T14:30:00Z,2024-06-05T15:00:00Z,2024-06-13T14:30:00Z
936,demand,demand,525.37,525.68,2024-05-29T13:30:00Z,2024-05-29T17:00:00Z,,,,,,expired,2,2,pivot|role_flip,pivot:2024-05-29T13:30:00Z,1,1,2,2024-06-04T17:00:00Z,2024-06-03T20:00:00Z,2024-07-19T16:00:00Z
937,demand,demand,522.89,523.38,2024-05-30T15:00:00Z,2024-05-30T19:00:00Z,,,,,,expired,2,2,pivot|role_flip,pivot:2024-05-30T15:00:00Z,1,0,2,2024-06-03T17:00:00Z,2024-05-31T20:00:00Z,2024-07-22T18:00:00Z
942,supply,demand,534.98,535.42,2024-06-06T13:30:00Z,2024-06-06T17:00:00Z,,,,,,expired,2,2,pivot|role_flip,pivot:2024-06-06T13:30:00Z,1,1,1,2024-06-10T20:00:00Z,2024-06-11T14:30:00Z,2024-06-18T20:00:00Z
944,supply,supply,535.66,536.89,2024-06-07T17:00:00Z,2024-06-10T14:30:00Z,2024-06-11T16:00:00Z,535.66,536.89,2,pivot|repeated_pivot,expired,2,2,pivot|repeated_pivot,pivot:2024-06-07T17:00:00Z|pivot:2024-06-10T19:00:00Z,2,1,0,2024-06-11T19:00:00Z,2024-06-12T14:30:00Z,2024-06-20T20:00:00Z
948,supply,supply,543.09,544.12,2024-06-12T14:00:00Z,2024-06-12T18:00:00Z,2024-06-13T16:00:00Z,543.09,544.12,2,pivot|repeated_pivot,expired,3,3,pivot|repeated_pivot|role_flip,pivot:2024-06-12T14:00:00Z|pivot:2024-06-12T19:00:00Z|pivot:2024-06-13T19:00:00Z|pivot:2024-06-21T13:30:00Z|pivot:2024-07-29T15:00:00Z,5,11,6,2024-07-30T20:00:00Z,2024-07-31T14:30:00Z,2024-08-07T20:00:00Z
950,demand,demand,539.59,540.5318538956611,2024-06-13T16:00:00Z,2024-06-13T20:00:00Z,,,,,,expired,2,2,pivot|role_flip,pivot:2024-06-13T16:00:00Z,1,3,2,2024-08-01T18:00:00Z,2024-08-02T14:30:00Z,2024-08-09T20:00:00Z
952,supply,demand,547.77,549.2571803542577,2024-06-17T18:00:00Z,2024-06-18T15:00:00Z,2024-07-22T14:30:00Z,547.77,549.2571803542577,3,pivot|repeated_pivot|role_flip,expired,3,3,pivot|repeated_pivot|role_flip,pivot:2024-06-17T18:00:00Z|pivot:2024-07-19T17:00:00Z,2,3,3,2024-07-19T18:00:00Z,2024-07-24T14:30:00Z,2024-07-31T20:00:00Z
953,supply,supply,549.4610059924163,550.28,2024-06-20T13:30:00Z,2024-06-20T17:00:00Z,2024-06-28T18:00:00Z,549.4610059924163,550.28,2,pivot|repeated_pivot,expired,2,2,pivot|repeated_pivot,pivot:2024-06-20T13:30:00Z|pivot:2024-06-28T14:00:00Z,2,2,0,2024-07-03T14:30:00Z,2024-07-03T16:00:00Z,2024-07-12T18:00:00Z
955,supply,supply,546.1003021632825,546.96,2024-06-24T14:00:00Z,2024-06-24T18:00:00Z,2024-06-27T18:00:00Z,546.1003021632825,546.96,2,pivot|repeated_pivot,expired,4,4,order_block|pivot|repeated_pivot|role_flip,pivot:2024-06-24T14:00:00Z|pivot:2024-06-27T14:00:00Z|pivot:2024-07-25T17:00:00Z|pivot:2024-07-26T17:00:00Z|order_block:2024-07-29T16:00:00Z|structure_break:2024-07-30T15:00:00Z|pivot:2024-07-30T13:30:00Z,5,8,2,2024-07-30T14:30:00Z,2024-07-31T14:30:00Z,2024-08-07T20:00:00Z
956,demand,demand,542.44,542.95,2024-06-24T19:00:00Z,2024-06-25T16:00:00Z,2024-06-26T14:30:00Z,542.44,542.95,2,pivot|repeated_pivot,expired,3,3,pivot|repeated_pivot|role_flip,pivot:2024-06-24T19:00:00Z|pivot:2024-06-25T17:00:00Z|pivot:2024-07-01T14:00:00Z,3,6,4,2024-08-01T20:00:00Z,2024-08-02T14:30:00Z,2024-08-09T20:00:00Z
958,supply,supply,544.61,545.45,2024-06-26T15:00:00Z,2024-06-26T19:00:00Z,2024-06-28T15:00:00Z,544.61,545.45,3,pivot|repeated_pivot|role_flip,expired,4,4,pivot|repeated_pivot|role_flip|volume_profile,pivot:2024-06-26T15:00:00Z|pivot:2024-06-27T18:00:00Z|volume:POC:2024-07-26:544.696250|pivot:2024-08-14T16:00:00Z,3,9,8,2024-08-14T20:00:00Z,2024-08-15T14:30:00Z,2024-08-22T20:00:00Z
963,supply,demand,556.02,556.26,2024-07-08T13:30:00Z,2024-07-08T17:00:00Z,2024-07-09T20:00:00Z,556.02,556.26,3,pivot|role_flip|volume_profile,expired,4,4,pivot|repeated_pivot|role_flip|volume_profile,pivot:2024-07-08T13:30:00Z|volume:POC:2024-07-09:556.107917|pivot:2024-07-23T15:00:00Z,2,1,7,2024-08-28T19:00:00Z,2024-08-23T14:30:00Z,2024-08-28T20:00:00Z
964,demand,demand,554.19,554.8501750686572,2024-07-08T18:00:00Z,2024-07-09T15:00:00Z,,,,,,expired,2,2,pivot|role_flip,pivot:2024-07-08T18:00:00Z,1,3,2,2024-07-23T17:00:00Z,2024-07-23T20:00:00Z,2024-07-31T19:00:00Z
965,demand,supply,555.52,556.021486701079,2024-07-09T19:00:00Z,2024-07-10T16:00:00Z,2024-07-12T15:00:00Z,555.52,556.021486701079,2,pivot|repeated_pivot,expired,3,3,pivot|repeated_pivot|role_flip,pivot:2024-07-09T19:00:00Z|pivot:2024-07-11T18:00:00Z,2,2,1,2024-07-23T15:00:00Z,2024-07-23T16:00:00Z,2024-07-31T15:00:00Z
966,demand,demand,556.61,557.32,2024-07-10T14:00:00Z,2024-07-10T17:00:00Z,2024-07-18T14:30:00Z,556.61,557.32,3,order_block|pivot|role_flip,expired,5,5,order_block|pivot|repeated_pivot|role_flip|volume_profile,order_block:2024-07-10T14:00:00Z|structure_break:2024-07-10T16:00:00Z|pivot:2024-07-17T17:00:00Z|pivot:2024-08-20T17:00:00Z|volume:POC:2024-08-22:557.200833,2,3,6,2024-08-23T17:00:00Z,2024-08-23T14:30:00Z,2024-08-27T20:00:00Z
967,supply,demand,561.95,562.33,2024-07-11T14:00:00Z,2024-07-11T18:00:00Z,2024-07-15T20:00:00Z,561.95,562.33,3,pivot|role_flip|volume_profile,expired,3,3,pivot|role_flip|volume_profile,pivot:2024-07-11T14:00:00Z|volume:POC:2024-07-15:562.126458,1,2,3,2024-07-16T17:00:00Z,2024-07-17T14:30:00Z,2024-07-24T20:00:00Z
969,supply,demand,563.05,563.67,2024-07-12T17:00:00Z,2024-07-15T14:30:00Z,,,,,,expired,2,2,pivot|role_flip,pivot:2024-07-12T17:00:00Z,1,1,1,2024-07-16T19:00:00Z,2024-07-17T14:30:00Z,2024-07-24T20:00:00Z
970,supply,supply,563.8437124925374,565.16,2024-07-15T15:00:00Z,2024-07-15T19:00:00Z,2024-07-17T16:00:00Z,563.8437124925374,565.16,2,pivot|repeated_pivot,expired,2,2,pivot|repeated_pivot,pivot:2024-07-15T15:00:00Z|pivot:2024-07-16T19:00:00Z|pivot:2024-08-26T13:30:00Z,3,4,0,2024-08-30T20:00:00Z,,2024-09-03T15:00:00Z
971,demand,demand,559.63,560.6593580799833,2024-07-15T19:00:00Z,2024-07-16T16:00:00Z,,,,,,expired,1,1,pivot,pivot:2024-07-15T19:00:00Z,1,1,0,2024-07-17T14:30:00Z,2024-07-17T15:00:00Z,2024-07-25T14:30:00Z
974,supply,demand,558.51,559.52,2024-07-18T13:30:00Z,2024-07-18T16:00:00Z,2024-07-18T18:00:00Z,558.51,559.52,2,order_block|pivot,expired,4,4,order_block|pivot|repeated_pivot|role_flip,order_block:2024-07-18T13:30:00Z|structure_break:2024-07-18T15:00:00Z|pivot:2024-07-18T14:00:00Z|pivot:2024-08-21T16:00:00Z|pivot:2024-08-27T13:30:00Z,3,6,5,2024-09-03T14:30:00Z,2024-09-03T15:00:00Z,2024-09-11T14:30:00Z
978,demand,demand,537.45,538.87,2024-07-25T14:00:00Z,2024-07-25T18:00:00Z,2024-07-31T14:30:00Z,537.45,538.87,2,pivot|repeated_pivot,expired,2,2,pivot|repeated_pivot,pivot:2024-07-25T14:00:00Z|pivot:2024-07-30T17:00:00Z,2,2,0,2024-07-30T17:00:00Z,2024-08-02T14:30:00Z,2024-08-09T20:00:00Z
985,supply,supply,554.04,555.02,2024-08-01T13:30:00Z,2024-08-01T17:00:00Z,2024-08-16T20:00:00Z,554.04,555.02,2,pivot|repeated_pivot,expired,4,4,pivot|repeated_pivot|role_flip|volume_profile,pivot:2024-08-01T13:30:00Z|pivot:2024-08-16T16:00:00Z|pivot:2024-08-22T19:00:00Z|pivot:2024-08-28T18:00:00Z|volume:POC:2024-09-03:554.924583,4,3,2,2024-09-11T20:00:00Z,2024-09-12T17:00:00Z,2024-09-20T16:00:00Z
986,supply,demand,539.98,543.47,2024-08-01T19:00:00Z,2024-08-02T15:00:00Z,2024-08-02T15:00:00Z,539.98,543.47,2,order_block|volume_profile,expired,3,3,order_block|role_flip|volume_profile,order_block:2024-08-01T19:00:00Z|structure_break:2024-08-02T14:00:00Z|volume:POC:2024-08-01:542.968333,0,5,1,2024-09-11T15:00:00Z,2024-08-14T16:00:00Z,2024-09-20T18:00:00Z
987,demand,demand,528.6,529.27,2024-08-02T15:00:00Z,2024-08-02T19:00:00Z,,,,,,expired,2,2,pivot|role_flip,pivot:2024-08-02T15:00:00Z,1,0,4,2024-08-08T20:00:00Z,2024-08-08T18:00:00Z,2024-09-23T15:00:00Z
988,demand,demand,510.27,511.64,2024-08-05T13:30:00Z,2024-08-05T17:00:00Z,,,,,,expired,1,1,pivot,pivot:2024-08-05T13:30:00Z,1,0,0,,,2024-09-23T20:00:00Z
989,supply,demand,531.04,531.59,2024-08-07T14:00:00Z,2024-08-07T18:00:00Z,,,,,,expired,2,2,pivot|role_flip,pivot:2024-08-07T14:00:00Z,1,3,1,2024-08-12T14:30:00Z,2024-08-09T18:00:00Z,2024-09-26T14:30:00Z
990,demand,demand,518.05,518.65,2024-08-07T19:00:00Z,2024-08-08T16:00:00Z,,,,,,expired,1,1,pivot,pivot:2024-08-07T19:00:00Z,1,0,0,,,2024-09-26T19:00:00Z
991,supply,demand,532.732215740209,534.51,2024-08-09T17:00:00Z,2024-08-12T14:30:00Z,,,,,,expired,2,2,pivot|role_flip,pivot:2024-08-09T17:00:00Z,1,0,1,2024-08-12T16:00:00Z,2024-08-12T18:00:00Z,2024-08-20T17:00:00Z
992,supply,supply,535.22,535.73,2024-08-12T15:00:00Z,2024-08-12T19:00:00Z,,,,,,expired,1,1,pivot,pivot:2024-08-12T15:00:00Z,1,0,0,,2024-08-13T14:30:00Z,2024-08-20T20:00:00Z
995,supply,supply,560.6297434016091,562.11,2024-08-20T13:30:00Z,2024-08-20T17:00:00Z,2024-08-21T18:00:00Z,560.6297434016091,562.11,2,pivot|repeated_pivot,expired,3,3,pivot|repeated_pivot|role_flip,pivot:2024-08-20T13:30:00Z|pivot:2024-08-21T14:00:00Z,2,4,2,2024-08-30T19:00:00Z,2024-08-30T20:00:00Z,2024-09-10T19:00:00Z
999,supply,supply,560.43,561.71,2024-08-21T18:00:00Z,2024-08-22T16:00:00Z,2024-08-27T20:00:00Z,560.43,561.71,3,order_block|role_flip|volume_profile,expired,3,3,order_block|role_flip|volume_profile,order_block:2024-08-21T18:00:00Z|structure_break:2024-08-22T15:00:00Z|volume:POC:2024-08-27:561.358750,0,4,2,2024-08-30T19:00:00Z,2024-08-30T20:00:00Z,2024-09-10T19:00:00Z
1000,supply,supply,561.7405465074679,563.18,2024-08-22T13:30:00Z,2024-08-22T17:00:00Z,2024-08-23T18:00:00Z,561.7405465074679,563.18,2,pivot|repeated_pivot,expired,2,2,pivot|repeated_pivot,pivot:2024-08-22T13:30:00Z|pivot:2024-08-23T14:00:00Z|pivot:2024-08-27T18:00:00Z|pivot:2024-08-29T16:00:00Z,4,6,0,2024-08-30T14:30:00Z,2024-08-30T20:00:00Z,2024-09-10T19:00:00Z
1006,supply,demand,558.45,558.67,2024-08-28T16:00:00Z,2024-08-28T18:00:00Z,,,,,,expired,2,2,order_block|role_flip,order_block:2024-08-28T16:00:00Z|structure_break:2024-08-28T17:00:00Z,0,2,1,2024-09-03T14:30:00Z,2024-09-03T15:00:00Z,2024-09-11T14:30:00Z
1009,demand,demand,557.14,558.4821597209802,2024-08-29T18:00:00Z,2024-08-30T15:00:00Z,2024-08-30T20:00:00Z,557.14,558.4821597209802,2,pivot|repeated_pivot,expired,2,2,pivot|repeated_pivot,pivot:2024-08-29T18:00:00Z|pivot:2024-08-30T16:00:00Z,2,2,0,2024-09-03T14:30:00Z,2024-09-03T15:00:00Z,2024-09-11T14:30:00Z
1011,supply,supply,561.4570615538776,564.2,2024-08-30T19:00:00Z,2024-09-03T15:00:00Z,2024-09-13T20:00:00Z,561.4570615538776,564.2,2,order_block|volume_profile,expired,2,2,order_block|volume_profile,order_block:2024-08-30T19:00:00Z|structure_break:2024-09-03T14:00:00Z|volume:POC:2024-09-13:562.209583,0,1,0,2024-09-13T15:00:00Z,2024-09-17T14:30:00Z,2024-09-24T20:00:00Z
1012,supply,supply,562.57,564.2,2024-08-30T19:00:00Z,2024-09-03T16:00:00Z,2024-09-16T14:30:00Z,562.57,564.2,2,pivot|repeated_pivot,expired,2,2,pivot|repeated_pivot,pivot:2024-08-30T19:00:00Z|pivot:2024-09-13T17:00:00Z,2,2,0,2024-09-16T19:00:00Z,2024-09-17T14:30:00Z,2024-09-24T20:00:00Z
1013,demand,supply,549.51,550.997519521016,2024-09-03T19:00:00Z,2024-09-04T16:00:00Z,2024-09-06T14:30:00Z,549.51,550.997519521016,3,pivot|role_flip|volume_profile,expired,5,5,order_block|pivot|repeated_pivot|role_flip|volume_profile,pivot:2024-09-03T19:00:00Z|volume:POC:2024-09-05:550.310417|order_block:2024-09-05T17:00:00Z|structure_break:2024-09-06T14:00:00Z|pivot:2024-09-06T13:30:00Z,2,2,1,2024-09-11T18:00:00Z,2024-09-11T19:00:00Z,2024-09-19T18:00:00Z
1014,supply,demand,552.3815958310824,553.8,2024-09-05T14:00:00Z,2024-09-05T18:00:00Z,,,,,,expired,2,2,pivot|role_flip,pivot:2024-09-05T14:00:00Z,1,1,1,2024-09-12T15:00:00Z,2024-09-11T20:00:00Z,2024-10-24T14:30:00Z
1015,demand,demand,547.1,547.48,2024-09-05T16:00:00Z,2024-09-05T20:00:00Z,,,,,,expired,2,2,pivot|role_flip,pivot:2024-09-05T16:00:00Z,1,0,2,2024-09-10T19:00:00Z,2024-09-11T14:30:00Z,2024-09-18T20:00:00Z
1018,demand,demand,539.44,540.45,2024-09-06T18:00:00Z,2024-09-09T15:00:00Z,2024-09-09T15:00:00Z,539.44,540.45,2,pivot|volume_profile,expired,3,3,pivot|repeated_pivot|volume_profile,pivot:2024-09-06T18:00:00Z|volume:POC:2024-09-06:540.200000|pivot:2024-09-11T14:00:00Z,2,1,0,2024-09-11T15:00:00Z,,2024-10-25T18:00:00Z
1019,supply,demand,548.3370989491273,548.66,2024-09-10T13:30:00Z,2024-09-10T17:00:00Z,,,,,,expired,2,2,pivot|role_flip,pivot:2024-09-10T13:30:00Z,1,1,1,2024-09-11T18:00:00Z,2024-09-10T20:00:00Z,2024-10-28T20:00:00Z
1020,demand,demand,543.38,544.15,2024-09-10T16:00:00Z,2024-09-10T20:00:00Z,,,,,,expired,1,1,pivot,pivot:2024-09-10T16:00:00Z,1,0,0,,2024-09-11T15:00:00Z,2024-09-19T14:30:00Z
1021,supply,supply,548.2,549.15,2024-09-10T19:00:00Z,2024-09-11T15:00:00Z,2024-09-11T16:00:00Z,548.2,549.15,2,order_block|pivot,expired,2,2,order_block|pivot,order_block:2024-09-10T19:00:00Z|structure_break:2024-09-11T14:00:00Z|pivot:2024-09-10T19:00:00Z,1,0,0,,2024-09-11T18:00:00Z,2024-09-19T17:00:00Z
1025,demand,demand,559.9,561.83,2024-09-16T14:00:00Z,2024-09-16T18:00:00Z,2024-09-18T14:30:00Z,559.9,561.83,2,pivot|repeated_pivot,expired,3,3,pivot|repeated_pivot|volume_profile,pivot:2024-09-16T14:00:00Z|pivot:2024-09-17T17:00:00Z|volume:POC:2024-09-17:561.393125|pivot:2024-09-18T19:00:00Z,3,2,0,2024-09-18T19:00:00Z,,2024-11-04T15:30:00Z
1026,supply,demand,565.17,566.58,2024-09-17T14:00:00Z,2024-09-17T18:00:00Z,2024-09-20T19:00:00Z,565.17,566.58,3,pivot|repeated_pivot|role_flip,expired,3,3,pivot|repeated_pivot|role_flip,pivot:2024-09-17T14:00:00Z|pivot:2024-09-20T15:00:00Z|pivot:2024-10-01T15:00:00Z|pivot:2024-10-02T13:30:00Z|pivot:2024-10-03T17:00:00Z|pivot:2024-10-07T18:00:00Z,6,5,1,2024-10-03T15:00:00Z,2024-09-19T14:30:00Z,2024-11-05T15:30:00Z
1029,supply,supply,571.81,572.88,2024-09-19T17:00:00Z,2024-09-20T14:30:00Z,2024-10-08T18:00:00Z,571.81,572.88,3,pivot|repeated_pivot|role_flip,expired,4,4,pivot|repeated_pivot|role_flip|volume_profile,pivot:2024-09-19T17:00:00Z|pivot:2024-10-08T14:00:00Z|volume:POC:2024-10-08:572.271250,2,4,8,2024-11-04T16:00:00Z,2024-11-05T15:30:00Z,2024-11-12T21:00:00Z
1031,supply,demand,568.91,570.34,2024-09-23T14:00:00Z,2024-09-23T18:00:00Z,2024-09-26T14:30:00Z,568.91,570.34,3,pivot|repeated_pivot|role_flip,expired,4,4,pivot|repeated_pivot|role_flip|volume_profile,pivot:2024-09-23T14:00:00Z|pivot:2024-09-25T17:00:00Z|volume:POC:2024-09-25:569.841250,2,9,3,2024-10-07T17:00:00Z,2024-10-07T19:00:00Z,2024-10-15T18:00:00Z
1032,demand,demand,567.6,568.5508282278827,2024-09-24T14:00:00Z,2024-09-24T18:00:00Z,,,,,,expired,2,2,pivot|role_flip,pivot:2024-09-24T14:00:00Z,1,4,2,2024-10-04T15:00:00Z,2024-10-07T19:00:00Z,2024-10-15T18:00:00Z
1033,supply,supply,571.58,571.89,2024-09-25T14:00:00Z,2024-09-25T18:00:00Z,2024-09-26T20:00:00Z,571.58,571.89,3,pivot|role_flip|volume_profile,expired,4,4,order_block|pivot|role_flip|volume_profile,pivot:2024-09-25T14:00:00Z|volume:POC:2024-09-26:571.803958|order_block:2024-10-07T14:00:00Z|structure_break:2024-10-07T18:00:00Z,1,3,10,2024-11-04T17:00:00Z,2024-11-05T15:30:00Z,2024-11-12T21:00:00Z
1035,supply,demand,573.71,574.71,2024-09-26T13:30:00Z,2024-09-26T17:00:00Z,2024-09-27T18:00:00Z,573.71,574.71,2,pivot|repeated_pivot,expired,3,3,pivot|repeated_pivot|role_flip,pivot:2024-09-26T13:30:00Z|pivot:2024-09-27T14:00:00Z|pivot:2024-09-30T19:00:00Z|pivot:2024-10-04T19:00:00Z|pivot:2024-10-10T13:30:00Z|pivot:2024-10-10T18:00:00Z|pivot:2024-10-23T18:00:00Z|pivot:2024-11-01T14:00:00Z,8,6,3,2024-11-05T19:00:00Z,2024-11-05T17:00:00Z,2024-11-13T21:00:00Z
1037,demand,demand,570.25,570.62,2024-09-30T14:00:00Z,2024-09-30T18:00:00Z,,,,,,expired,2,2,pivot|role_flip,pivot:2024-09-30T14:00:00Z,1,5,2,2024-10-07T16:00:00Z,2024-10-07T19:00:00Z,2024-10-15T18:00:00Z
1038,demand,supply,568.08,569.8152750897043,2024-09-30T18:00:00Z,2024-09-30T20:00:00Z,2024-10-01T20:00:00Z,568.08,569.8152750897043,2,order_block|volume_profile,expired,4,4,order_block|pivot|role_flip|volume_profile,order_block:2024-09-30T18:00:00Z|structure_break:2024-09-30T19:00:00Z|volume:POC:2024-10-01:569.263750|pivot:2024-10-03T14:00:00Z,1,2,3,2024-10-07T20:00:00Z,2024-10-08T14:30:00Z,2024-10-15T20:00:00Z
1044,supply,supply,572.35,572.71,2024-10-04T13:30:00Z,2024-10-04T17:00:00Z,2024-11-01T20:00:00Z,572.35,572.71,3,pivot|role_flip|volume_profile,expired,3,3,pivot|role_flip|volume_profile,pivot:2024-10-04T13:30:00Z|volume:POC:2024-11-01:572.571458,1,1,2,2024-11-04T16:00:00Z,2024-11-05T15:30:00Z,2024-11-12T21:00:00Z
1049,supply,supply,576.8467142808229,577.71,2024-10-09T15:00:00Z,2024-10-09T19:00:00Z,2024-10-10T16:00:00Z,576.8467142808229,577.71,2,pivot|repeated_pivot,expired,2,2,pivot|repeated_pivot,pivot:2024-10-09T15:00:00Z|pivot:2024-10-09T19:00:00Z,2,3,0,2024-10-11T14:30:00Z,2024-10-11T15:00:00Z,2024-10-21T14:30:00Z
1053,supply,demand,579.1447899382075,580.1,2024-10-11T14:00:00Z,2024-10-11T18:00:00Z,2024-10-11T20:00:00Z,579.1447899382075,580.1,2,pivot|volume_profile,expired,3,3,pivot|role_flip|volume_profile,pivot:2024-10-11T14:00:00Z|volume:POC:2024-10-11:579.501250,1,3,3,2024-10-25T19:00:00Z,2024-10-25T20:00:00Z,2024-11-04T20:00:00Z
1054,supply,supply,584.3945189352753,585.39,2024-10-14T19:00:00Z,2024-10-15T16:00:00Z,2024-10-21T15:00:00Z,584.3945189352753,585.39,2,pivot|repeated_pivot,expired,2,2,pivot|repeated_pivot,pivot:2024-10-14T19:00:00Z|pivot:2024-10-18T18:00:00Z|pivot:2024-10-22T18:00:00Z|pivot:2024-10-25T14:00:00Z,4,4,0,2024-10-25T15:00:00Z,2024-11-06T15:30:00Z,2024-11-13T21:00:00Z
1055,demand,demand,578.54,579.3703358396715,2024-10-15T19:00:00Z,2024-10-16T16:00:00Z,2024-10-24T20:00:00Z,578.54,579.3703358396715,3,pivot|role_flip|volume_profile,expired,4,4,pivot|repeated_pivot|role_flip|volume_profile,pivot:2024-10-15T19:00:00Z|volume:POC:2024-10-24:578.678542|pivot:2024-10-25T18:00:00Z|pivot:2024-10-29T13:30:00Z|pivot:2024-10-30T13:30:00Z,4,3,2,2024-10-30T14:30:00Z,2024-10-31T14:30:00Z,2024-11-07T21:00:00Z
1056,supply,supply,585.91,586.12,2024-10-17T13:30:00Z,2024-10-17T17:00:00Z,,,,,,expired,1,1,pivot,pivot:2024-10-17T13:30:00Z,1,1,0,2024-11-06T15:30:00Z,2024-11-06T16:00:00Z,2024-11-14T15:30:00Z
1057,demand,supply,582.16,582.338415898252,2024-10-17T19:00:00Z,2024-10-18T16:00:00Z,,,,,,expired,2,2,pivot|role_flip,pivot:2024-10-17T19:00:00Z,1,5,3,2024-10-30T15:00:00Z,2024-10-30T16:00:00Z,2024-11-07T16:00:00Z
1059,demand,supply,580.38,581.365551757996,2024-10-21T15:00:00Z,2024-10-21T19:00:00Z,2024-10-22T17:00:00Z,580.38,581.365551757996,2,pivot|repeated_pivot,expired,4,4,pivot|repeated_pivot|role_flip|volume_profile,pivot:2024-10-21T15:00:00Z|pivot:2024-10-22T13:30:00Z|volume:POC:2024-10-30:580.549375,2,2,3,2024-10-30T20:00:00Z,2024-11-06T15:30:00Z,2024-11-13T21:00:00Z
1062,supply,supply,581.26,581.71,2024-10-23T13:30:00Z,2024-10-23T18:00:00Z,2024-10-23T18:00:00Z,581.26,581.71,2,order_block|volume_profile,expired,3,3,order_block|role_flip|volume_profile,order_block:2024-10-23T13:30:00Z|structure_break:2024-10-23T17:00:00Z|volume:POC:2024-10-22:581.495833|order_block:2024-10-30T18:00:00Z|structure_break:2024-10-31T14:00:00Z,0,2,4,2024-10-30T19:00:00Z,2024-11-06T15:30:00Z,2024-11-13T21:00:00Z
1068,supply,supply,583.11,583.32,2024-10-30T15:00:00Z,2024-10-30T19:00:00Z,,,,,,expired,1,1,pivot,pivot:2024-10-30T15:00:00Z,1,0,0,,2024-11-06T15:30:00Z,2024-11-13T21:00:00Z
1070,demand,demand,567.89,568.87,2024-10-31T19:00:00Z,2024-11-01T16:00:00Z,2024-11-04T21:00:00Z,567.89,568.87,2,pivot|repeated_pivot,expired,2,2,pivot|repeated_pivot,pivot:2024-10-31T19:00:00Z|pivot:2024-11-04T17:00:00Z,2,1,0,2024-11-04T17:00:00Z,,2024-12-23T16:00:00Z
1073,demand,demand,569.17,570.51,2024-11-04T20:00:00Z,2024-11-05T15:30:00Z,2024-11-05T15:30:00Z,569.17,570.51,2,order_block|volume_profile,expired,2,2,order_block|volume_profile,order_block:2024-11-04T20:00:00Z|structure_break:2024-11-05T14:30:00Z|volume:POC:2024-11-04:570.098958,0,0,0,,,2024-12-26T17:00:00Z
1074,supply,supply,599.6143037781259,600.86,2024-11-11T14:30:00Z,2024-11-11T18:00:00Z,2024-11-25T18:00:00Z,599.6143037781259,600.86,2,pivot|repeated_pivot,expired,3,3,pivot|repeated_pivot|volume_profile,pivot:2024-11-11T14:30:00Z|pivot:2024-11-25T14:30:00Z|volume:POC:2024-11-26:599.903750,2,3,0,2024-11-29T15:30:00Z,2024-11-29T16:00:00Z,2024-12-09T18:00:00Z
1075,demand,supply,597.0,597.8044835514022,2024-11-11T18:00:00Z,2024-11-12T15:30:00Z,2024-11-12T21:00:00Z,597.0,597.8044835514022,3,pivot|role_flip|volume_profile,expired,3,3,pivot|role_flip|volume_profile,pivot:2024-11-11T18:00:00Z|volume:POC:2024-11-12:597.342500,1,1,1,2024-11-12T21:00:00Z,2024-11-13T17:00:00Z,2024-11-21T16:00:00Z
1076,demand,supply,594.37,595.75,2024-11-12T18:00:00Z,2024-11-13T15:30:00Z,2024-12-20T21:00:00Z,594.37,595.75,3,pivot|repeated_pivot|role_flip,expired,3,3,pivot|repeated_pivot|role_flip,pivot:2024-11-12T18:00:00Z|pivot:2024-12-20T17:00:00Z,2,4,3,2024-12-23T21:00:00Z,2024-12-24T15:30:00Z,2025-01-03T17:00:00Z
1077,supply,supply,599.0304203487786,599.23,2024-11-13T18:00:00Z,2024-11-14T15:30:00Z,,,,,,expired,2,2,pivot|role_flip,pivot:2024-11-13T18:00:00Z,1,4,2,2024-11-27T19:00:00Z,2024-11-29T15:30:00Z,2024-12-09T17:00:00Z
1078,demand,demand,583.86,584.71,2024-11-15T18:00:00Z,2024-11-18T15:30:00Z,2024-11-19T18:00:00Z,583.86,584.71,2,pivot|repeated_pivot,expired,2,2,pivot|repeated_pivot,pivot:2024-11-15T18:00:00Z|pivot:2024-11-19T14:30:00Z|pivot:2024-11-20T15:00:00Z,3,2,0,2024-11-20T16:00:00Z,2024-12-20T15:30:00Z,2024-12-31T17:00:00Z
1079,supply,supply,588.5070802451909,589.49,2024-11-18T16:00:00Z,2024-11-18T20:00:00Z,2024-11-19T21:00:00Z,588.5070802451909,589.49,3,pivot|role_flip|volume_profile,expired,5,5,order_block|pivot|repeated_pivot|role_flip|volume_profile,pivot:2024-11-18T16:00:00Z|volume:POC:2024-11-19:589.441250|pivot:2024-12-23T15:00:00Z|order_block:2025-01-02T16:00:00Z|structure_break:2025-01-02T17:00:00Z,2,3,8,2025-01-03T15:30:00Z,2025-01-03T17:00:00Z,2025-01-14T16:00:00Z
1081,supply,supply,590.18,591.13,2024-11-19T18:00:00Z,2024-11-20T15:30:00Z,2025-01-02T19:00:00Z,590.18,591.13,3,pivot|repeated_pivot|role_flip,expired,4,4,pivot|repeated_pivot|role_flip|volume_profile,pivot:2024-11-19T18:00:00Z|pivot:2025-01-02T15:00:00Z|volume:POC:2025-01-03:590.928958|pivot:2025-01-08T19:00:00Z,3,5,6,2025-01-08T20:00:00Z,2025-01-07T20:00:00Z,2025-01-14T17:00:00Z
1083,supply,demand,595.8658865587817,596.14,2024-11-22T14:30:00Z,2024-11-22T18:00:00Z,,,,,,expired,2,2,pivot|role_flip,pivot:2024-11-22T14:30:00Z,1,3,3,2025-01-07T15:30:00Z,2025-01-07T16:00:00Z,2025-01-16T15:30:00Z
1085,supply,supply,600.74,601.33,2024-11-26T20:00:00Z,2024-11-27T17:00:00Z,,,,,,expired,1,1,pivot,pivot:2024-11-26T20:00:00Z,1,0,0,,2024-11-29T16:00:00Z,2024-12-09T18:00:00Z
1086,demand,demand,597.28,598.0800298458578,2024-11-27T17:00:00Z,2024-11-27T21:00:00Z,,,,,,expired,2,2,pivot|role_flip,pivot:2024-11-27T17:00:00Z,1,3,4,2025-01-17T20:00:00Z,2025-01-17T17:00:00Z,2025-01-23T16:00:00Z
1087,supply,demand,603.93,604.66,2024-12-02T20:00:00Z,2024-12-03T17:00:00Z,2024-12-10T17:00:00Z,603.93,604.66,3,pivot|repeated_pivot|role_flip,expired,4,4,pivot|repeated_pivot|role_flip|volume_profile,pivot:2024-12-02T20:00:00Z|pivot:2024-12-09T20:00:00Z|volume:POC:2024-12-13:603.980000,2,2,5,2025-01-28T20:00:00Z,2025-01-22T15:30:00Z,2025-01-28T21:00:00Z
1088,demand,demand,602.13,602.88,2024-12-03T15:00:00Z,2024-12-03T19:00:00Z,2024-12-11T17:00:00Z,602.13,602.88,2,pivot|repeated_pivot,expired,3,3,pivot|repeated_pivot|role_flip,pivot:2024-12-03T15:00:00Z|pivot:2024-12-10T20:00:00Z|pivot:2024-12-13T18:00:00Z|pivot:2024-12-26T17:00:00Z,4,4,2,2025-01-28T16:00:00Z,2025-01-22T15:30:00Z,2025-01-28T17:00:00Z
1089,supply,demand,607.32,608.48,2024-12-05T17:00:00Z,2024-12-05T21:00:00Z,2024-12-09T16:00:00Z,607.32,608.48,3,order_block|pivot|role_flip,expired,5,5,order_block|pivot|repeated_pivot|role_flip|volume_profile,pivot:2024-12-05T17:00:00Z|order_block:2024-12-06T20:00:00Z|structure_break:2024-12-09T15:00:00Z|volume:POC:2024-12-06:607.575208|pivot:2024-12-11T18:00:00Z|pivot:2024-12-16T20:00:00Z|pivot:2025-01-22T17:00:00Z,4,4,3,2025-01-31T16:00:00Z,2025-01-23T21:00:00Z,2025-01-31T17:00:00Z
1090,demand,supply,606.3,607.18,2024-12-05T20:00:00Z,2024-12-06T15:30:00Z,2024-12-06T17:00:00Z,606.3,607.18,2,order_block|pivot,expired,5,5,order_block|pivot|repeated_pivot|role_flip|volume_profile,order_block:2024-12-05T20:00:00Z|structure_break:2024-12-06T14:30:00Z|pivot:2024-12-05T20:00:00Z|pivot:2024-12-18T15:00:00Z|volume:POC:2025-01-22:606.948750,2,7,5,2025-01-30T21:00:00Z,2025-01-27T15:30:00Z,2025-01-31T15:30:00Z
1092,supply,supply,608.9337781718554,609.07,2024-12-06T15:00:00Z,2024-12-06T19:00:00Z,,,,,,expired,2,2,pivot|role_flip,pivot:2024-12-06T15:00:00Z,1,0,2,2025-01-31T17:00:00Z,2025-01-24T18:00:00Z,2025-01-31T18:00:00Z
1097,demand,supply,605.13,605.8002255970267,2024-12-12T15:00:00Z,2024-12-12T19:00:00Z,,,,,,expired,2,2,pivot|role_flip,pivot:2024-12-12T15:00:00Z,1,1,3,2024-12-17T17:00:00Z,2024-12-18T16:00:00Z,2024-12-27T18:00:00Z
1098,supply,supply,605.77,606.89,2024-12-12T17:00:00Z,2024-12-13T16:00:00Z,2024-12-13T16:00:00Z,605.77,606.89,2,order_block|volume_profile,expired,2,2,order_block|volume_profile,order_block:2024-12-12T17:00:00Z|structure_break:2024-12-13T15:00:00Z|volume:POC:2024-12-12:605.808750,0,1,0,2024-12-16T15:30:00Z,2024-12-16T18:00:00Z,2024-12-24T17:00:00Z
1101,demand,demand,602.88,603.871057479757,2024-12-17T15:00:00Z,2024-12-17T19:00:00Z,2024-12-18T17:00:00Z,602.88,603.871057479757,2,pivot|repeated_pivot,expired,2,2,pivot|repeated_pivot,pivot:2024-12-17T15:00:00Z|pivot:2024-12-17T20:00:00Z,2,1,0,2024-12-17T20:00:00Z,2024-12-18T20:00:00Z,2024-12-30T15:30:00Z
1104,supply,supply,604.61,606.41,2024-12-18T15:00:00Z,2024-12-18T20:00:00Z,2024-12-18T21:00:00Z,604.61,606.41,2,order_block|volume_profile,expired,5,5,order_block|pivot|repeated_pivot|role_flip|volume_profile,order_block:2024-12-18T15:00:00Z|structure_break:2024-12-18T19:00:00Z|structure_break:2024-12-18T20:00:00Z|volume:POC:2024-12-18:605.127500|pivot:2025-01-28T20:00:00Z|pivot:2025-01-30T14:30:00Z,2,4,2,2025-01-30T19:00:00Z,2025-01-31T15:30:00Z,2025-02-07T21:00:00Z
1106,demand,demand,585.19,586.7138147028414,2024-12-18T20:00:00Z,2024-12-19T17:00:00Z,2025-01-08T21:00:00Z,585.19,586.7138147028414,3,pivot|repeated_pivot|role_flip,expired,3,3,pivot|repeated_pivot|role_flip,pivot:2024-12-18T20:00:00Z|pivot:2025-01-08T17:00:00Z,2,2,4,2025-01-08T18:00:00Z,2025-01-10T15:30:00Z,2025-01-17T21:00:00Z
1107,demand,demand,580.5,581.9,2024-12-20T14:30:00Z,2024-12-20T18:00:00Z,2025-01-03T15:30:00Z,580.5,581.9,2,pivot|repeated_pivot,expired,4,4,pivot|repeated_pivot|role_flip|volume_profile,pivot:2024-12-20T14:30:00Z|pivot:2025-01-02T18:00:00Z|volume:POC:2025-01-10:581.174375,2,2,2,2025-01-14T19:00:00Z,2025-01-14T15:30:00Z,2025-02-13T17:00:00Z
1111,demand,demand,590.76,592.03,2024-12-27T17:00:00Z,2024-12-27T21:00:00Z,2025-01-03T21:00:00Z,590.76,592.03,3,pivot|role_flip|volume_profile,expired,4,4,pivot|repeated_pivot|role_flip|volume_profile,pivot:2024-12-27T17:00:00Z|volume:POC:2025-01-03:590.928958|pivot:2025-01-16T18:00:00Z|pivot:2025-02-03T15:00:00Z,3,4,4,2025-02-03T15:30:00Z,2025-01-15T19:00:00Z,2025-02-20T17:00:00Z
1112,demand,supply,584.41,585.36,2024-12-30T15:00:00Z,2024-12-30T19:00:00Z,2025-01-02T16:00:00Z,584.41,585.36,2,pivot|repeated_pivot,expired,3,3,pivot|repeated_pivot|role_flip,pivot:2024-12-30T15:00:00Z|pivot:2024-12-31T19:00:00Z|pivot:2025-01-14T14:30:00Z,3,4,1,2025-01-14T15:30:00Z,2025-01-15T15:30:00Z,2025-01-23T21:00:00Z
1117,supply,supply,599.22,600.6317565409583,2025-01-06T16:00:00Z,2025-01-06T20:00:00Z,2025-01-30T16:00:00Z,599.22,600.6317565409583,3,pivot|repeated_pivot|role_flip,expired,4,4,pivot|repeated_pivot|role_flip|volume_profile,pivot:2025-01-06T16:00:00Z|pivot:2025-01-29T19:00:00Z|pivot:2025-02-05T15:00:00Z|pivot:2025-02-07T20:00:00Z|pivot:2025-02-12T14:30:00Z|volume:POC:2025-02-21:599.695625|pivot:2025-02-26T16:00:00Z,6,8,6,2025-02-26T16:00:00Z,2025-02-24T15:30:00Z,2025-02-27T16:00:00Z
1120,demand,supply,578.35,579.12,2025-01-10T17:00:00Z,2025-01-10T21:00:00Z,2025-01-14T21:00:00Z,578.35,579.12,3,pivot|repeated_pivot|role_flip,expired,3,3,pivot|repeated_pivot|role_flip,pivot:2025-01-10T17:00:00Z|pivot:2025-01-14T17:00:00Z,2,2,3,2025-03-04T18:00:00Z,2025-03-04T15:30:00Z,2025-03-04T19:00:00Z
1121,demand,supply,575.35,575.77,2025-01-13T14:30:00Z,2025-01-13T18:00:00Z,,,,,,expired,2,2,pivot|role_flip,pivot:2025-01-13T14:30:00Z,1,1,1,2025-03-06T15:30:00Z,2025-03-04T16:00:00Z,2025-03-06T16:00:00Z
1124,supply,supply,591.95,592.97,2025-01-15T15:00:00Z,2025-01-15T19:00:00Z,2025-01-16T16:00:00Z,591.95,592.97,3,pivot|role_flip|volume_profile,expired,3,3,pivot|role_flip|volume_profile,pivot:2025-01-15T15:00:00Z|volume:POC:2025-01-15:592.653542,1,0,2,2025-01-16T21:00:00Z,2025-01-17T15:30:00Z,2025-01-27T21:00:00Z
1125,supply,supply,593.51,594.35,2025-01-16T16:00:00Z,2025-01-16T20:00:00Z,,,,,,expired,1,1,pivot,pivot:2025-01-16T16:00:00Z,1,0,0,,2025-01-17T15:30:00Z,2025-01-27T21:00:00Z
1128,demand,demand,605.41,605.86,2025-01-23T14:30:00Z,2025-01-23T18:00:00Z,2025-02-12T16:00:00Z,605.41,605.86,3,pivot|repeated_pivot|role_flip,expired,3,3,pivot|repeated_pivot|role_flip,pivot:2025-01-23T14:30:00Z|pivot:2025-02-11T19:00:00Z,2,2,4,2025-02-21T16:00:00Z,2025-02-21T18:00:00Z,2025-03-03T17:00:00Z
1129,supply,supply,609.46,610.78,2025-01-24T14:30:00Z,2025-01-24T18:00:00Z,2025-01-31T20:00:00Z,609.46,610.78,2,pivot|repeated_pivot,expired,5,5,order_block|pivot|repeated_pivot|role_flip|volume_profile,pivot:2025-01-24T14:30:00Z|pivot:2025-01-31T16:00:00Z|pivot:2025-02-14T15:00:00Z|volume:POC:2025-02-14:609.830000|pivot:2025-02-20T20:00:00Z|order_block:2025-02-20T20:00:00Z|structure_break:2025-02-21T17:00:00Z,4,3,2,2025-02-20T20:00:00Z,2025-02-20T15:30:00Z,2025-03-14T20:00:00Z
1130,demand,demand,594.64,594.9148488118815,2025-01-27T14:30:00Z,2025-01-27T18:00:00Z,,,,,,expired,1,1,pivot,pivot:2025-01-27T14:30:00Z,1,0,0,,2025-02-03T15:30:00Z,2025-02-10T21:00:00Z
1136,supply,supply,601.48,602.3,2025-02-04T19:00:00Z,2025-02-05T16:00:00Z,,,,,,expired,2,2,pivot|role_flip,pivot:2025-02-04T19:00:00Z,1,3,4,2025-02-24T18:00:00Z,2025-02-21T20:00:00Z,2025-03-26T18:00:00Z
1138,supply,demand,605.8559009757417,606.1,2025-02-06T14:30:00Z,2025-02-06T18:00:00Z,,,,,,expired,2,2,pivot|role_flip,pivot:2025-02-06T14:30:00Z,1,2,1,2025-02-21T16:00:00Z,2025-02-21T18:00:00Z,2025-03-03T17:00:00Z
1139,demand,supply,602.63,604.7161502559992,2025-02-06T19:00:00Z,2025-02-06T21:00:00Z,2025-02-06T21:00:00Z,602.63,604.7161502559992,2,order_block|volume_profile,expired,3,3,order_block|role_flip|volume_profile,order_block:2025-02-06T19:00:00Z|structure_break:2025-02-06T20:00:00Z|volume:POC:2025-02-05:602.801875,0,3,5,2025-02-24T15:30:00Z,2025-02-21T19:00:00Z,2025-03-28T16:00:00Z
1140,supply,supply,607.09,608.13,2025-02-07T14:30:00Z,2025-02-07T18:00:00Z,2025-02-13T19:00:00Z,607.09,608.13,2,pivot|repeated_pivot,expired,3,3,pivot|repeated_pivot|role_flip,pivot:2025-02-07T14:30:00Z|pivot:2025-02-13T15:00:00Z|pivot:2025-02-20T15:00:00Z,3,0,2,2025-02-21T17:00:00Z,2025-02-21T16:00:00Z,2025-03-28T20:00:00Z
1142,supply,demand,604.87,605.5,2025-02-10T15:00:00Z,2025-02-10T19:00:00Z,2025-02-11T16:00:00Z,604.87,605.5,2,pivot|repeated_pivot,expired,3,3,pivot|repeated_pivot|role_flip,pivot:2025-02-10T15:00:00Z|pivot:2025-02-10T19:00:00Z,2,4,1,2025-02-13T19:00:00Z,2025-02-21T18:00:00Z,2025-03-03T17:00:00Z
1144,demand,demand,602.43,602.6564054306834,2025-02-11T14:30:00Z,2025-02-11T18:00:00Z,,,,,,expired,1,1,pivot,pivot:2025-02-11T14:30:00Z,1,0,0,,2025-02-12T15:30:00Z,2025-02-20T21:00:00Z
1149,supply,demand,610.8185495750307,611.0,2025-02-18T14:30:00Z,2025-02-18T18:00:00Z,,,,,,expired,2,2,pivot|role_flip,pivot:2025-02-18T14:30:00Z,1,0,1,2025-02-19T17:00:00Z,2025-02-20T15:30:00Z,2025-02-27T21:00:00Z
1150,demand,supply,608.38,609.2141432979776,2025-02-18T19:00:00Z,2025-02-19T16:00:00Z,,,,,,expired,2,2,pivot|role_flip,pivot:2025-02-18T19:00:00Z,1,1,1,2025-02-20T17:00:00Z,2025-02-20T20:00:00Z,2025-02-28T19:00:00Z
1151,supply,supply,613.0170607538693,613.23,2025-02-19T19:00:00Z,2025-02-20T16:00:00Z,,,,,,expired,1,1,pivot,pivot:2025-02-19T19:00:00Z,1,0,0,,,2025-04-09T18:00:00Z
1155,demand,supply,596.49,597.6888573978865,2025-02-24T15:00:00Z,2025-02-24T19:00:00Z,,,,,,expired,2,2,pivot|role_flip,pivot:2025-02-24T15:00:00Z,1,1,1,2025-02-25T21:00:00Z,2025-02-26T16:00:00Z,2025-03-06T15:30:00Z
1156,demand,supply,589.56,592.2676664437001,2025-02-25T16:00:00Z,2025-02-25T20:00:00Z,2025-02-27T19:00:00Z,589.56,592.2676664437001,2,pivot|repeated_pivot,expired,3,3,pivot|repeated_pivot|role_flip,pivot:2025-02-25T16:00:00Z|pivot:2025-02-27T15:00:00Z,2,1,1,2025-03-03T19:00:00Z,2025-02-27T20:00:00Z,2025-04-15T15:00:00Z
1159,supply,supply,593.44,595.16,2025-02-27T18:00:00Z,2025-02-27T20:00:00Z,,,,,,expired,1,1,order_block,order_block:2025-02-27T18:00:00Z|structure_break:2025-02-27T19:00:00Z|structure_break:2025-02-27T20:00:00Z,0,1,0,2025-02-28T21:00:00Z,,2025-04-17T15:00:00Z
1161,demand,supply,582.44,585.1990685129136,2025-02-28T14:30:00Z,2025-02-28T18:00:00Z,2025-03-03T15:30:00Z,582.44,585.1990685129136,2,pivot|repeated_pivot,expired,3,3,pivot|repeated_pivot|role_flip,pivot:2025-02-28T14:30:00Z|pivot:2025-02-28T18:00:00Z|pivot:2025-03-04T20:00:00Z|pivot:2025-03-05T20:00:00Z,4,3,1,2025-03-05T20:00:00Z,2025-03-04T15:30:00Z,2025-04-17T20:00:00Z
1163,supply,supply,596.18,597.34,2025-03-03T14:30:00Z,2025-03-03T18:00:00Z,,,,,,expired,1,1,pivot,pivot:2025-03-03T14:30:00Z,1,0,0,,,2025-04-21T20:00:00Z
1164,demand,supply,572.25,575.5364975072032,2025-03-04T15:00:00Z,2025-03-04T19:00:00Z,2025-03-05T20:00:00Z,572.25,575.5364975072032,2,pivot|repeated_pivot,expired,4,4,pivot|repeated_pivot|role_flip|volume_profile,pivot:2025-03-04T15:00:00Z|pivot:2025-03-05T16:00:00Z|volume:POC:2025-03-06:574.102083,2,3,1,2025-03-07T18:00:00Z,2025-03-07T21:00:00Z,2025-03-17T19:00:00Z
1168,demand,supply,565.63,567.1,2025-03-07T16:00:00Z,2025-03-07T20:00:00Z,2025-03-17T17:00:00Z,565.63,567.1,3,pivot|repeated_pivot|role_flip,expired,4,4,pivot|repeated_pivot|role_flip|volume_profile,pivot:2025-03-07T16:00:00Z|pivot:2025-03-17T13:30:00Z|volume:POC:2025-03-20:565.754792|pivot:2025-03-27T13:30:00Z|pivot:2025-04-02T17:00:00Z,4,6,5,2025-04-02T20:00:00Z,2025-03-28T14:30:00Z,2025-04-28T15:00:00Z
1169,supply,supply,575.85,577.39,2025-03-07T20:00:00Z,2025-03-10T16:00:00Z,2025-03-25T18:00:00Z,575.85,577.39,2,pivot|repeated_pivot,expired,2,2,pivot|repeated_pivot,pivot:2025-03-07T20:00:00Z|pivot:2025-03-25T14:00:00Z|pivot:2025-03-26T13:30:00Z,3,2,0,2025-03-26T14:30:00Z,,2025-04-28T19:00:00Z
1170,demand,supply,552.02,554.28,2025-03-11T17:00:00Z,2025-03-12T14:30:00Z,2025-03-13T20:00:00Z,552.02,554.28,3,pivot|role_flip|volume_profile,expired,3,3,pivot|role_flip|volume_profile,pivot:2025-03-11T17:00:00Z|volume:POC:2025-03-13:552.233958,1,2,1,2025-03-13T20:00:00Z,2025-03-14T14:30:00Z,2025-03-21T20:00:00Z
1171,supply,supply,561.55,564.02,2025-03-11T19:00:00Z,2025-03-12T16:00:00Z,,,,,,expired,2,2,pivot|role_flip,pivot:2025-03-11T19:00:00Z,1,5,4,2025-03-21T16:00:00Z,2025-03-21T20:00:00Z,2025-03-31T19:00:00Z
1172,demand,demand,549.68,550.2674858661596,2025-03-13T17:00:00Z,2025-03-14T14:30:00Z,,,,,,expired,1,1,pivot,pivot:2025-03-13T17:00:00Z,1,1,0,2025-03-31T14:30:00Z,2025-04-03T14:30:00Z,2025-04-10T20:00:00Z
1174,supply,supply,569.1113283367962,570.95,2025-03-17T18:00:00Z,2025-03-18T15:00:00Z,2025-03-20T16:00:00Z,569.1113283367962,570.95,2,pivot|repeated_pivot,expired,2,2,pivot|repeated_pivot,pivot:2025-03-17T18:00:00Z|pivot:2025-03-19T19:00:00Z,2,2,0,2025-03-20T15:00:00Z,2025-03-24T14:30:00Z,2025-03-31T20:00:00Z
1175,demand,demand,558.03,559.85,2025-03-18T15:00:00Z,2025-03-18T19:00:00Z,2025-03-21T18:00:00Z,558.03,559.85,2,pivot|repeated_pivot,expired,3,3,pivot|repeated_pivot|role_flip,pivot:2025-03-18T15:00:00Z|pivot:2025-03-21T14:00:00Z,2,2,2,2025-04-01T17:00:00Z,2025-04-01T19:00:00Z,2025-04-09T18:00:00Z
1176,demand,supply,562.72,564.95,2025-03-19T17:00:00Z,2025-03-19T19:00:00Z,2025-03-19T20:00:00Z,562.72,564.95,2,order_block|volume_profile,expired,3,3,order_block|role_flip|volume_profile,order_block:2025-03-19T17:00:00Z|structure_break:2025-03-19T18:00:00Z|volume:POC:2025-03-19:564.542500,0,4,3,2025-04-02T16:00:00Z,2025-04-02T17:00:00Z,2025-04-10T16:00:00Z
1182,supply,supply,569.8861526331663,570.9,2025-03-27T15:00:00Z,2025-03-27T19:00:00Z,2025-05-08T20:00:00Z,569.8861526331663,570.9,2,pivot|repeated_pivot,expired,2,2,pivot|repeated_pivot,pivot:2025-03-27T15:00:00Z|pivot:2025-05-08T16:00:00Z,2,0,0,,2025-05-12T14:30:00Z,2025-05-19T20:00:00Z
1183,supply,supply,566.65,569.19,2025-03-27T18:00:00Z,2025-03-28T15:00:00Z,2025-03-28T15:00:00Z,566.65,569.19,2,order_block|volume_profile,expired,3,3,order_block|pivot|volume_profile,order_block:2025-03-27T18:00:00Z|structure_break:2025-03-28T14:00:00Z|volume:POC:2025-03-27:567.795833|pivot:2025-05-02T18:00:00Z,1,4,0,2025-05-08T16:00:00Z,2025-05-08T17:00:00Z,2025-05-16T16:00:00Z
1184,demand,demand,546.87,548.5073584292953,2025-03-31T13:30:00Z,2025-03-31T17:00:00Z,,,,,,expired,1,1,pivot,pivot:2025-03-31T13:30:00Z,1,0,0,,2025-04-03T14:30:00Z,2025-04-10T20:00:00Z
1185,supply,demand,561.59,562.94,2025-04-01T16:00:00Z,2025-04-01T20:00:00Z,,,,,,expired,2,2,pivot|role_flip,pivot:2025-04-01T16:00:00Z,1,1,1,2025-04-02T20:00:00Z,2025-04-03T14:30:00Z,2025-04-10T20:00:00Z
1186,demand,demand,554.81,555.2340026184121,2025-04-02T13:30:00Z,2025-04-02T17:00:00Z,,,,,,expired,1,1,pivot,pivot:2025-04-02T13:30:00Z,1,0,0,,2025-04-03T14:30:00Z,2025-04-10T20:00:00Z
1188,demand,demand,539.58,540.2,2025-04-03T15:00:00Z,2025-04-03T19:00:00Z,2025-04-14T20:00:00Z,539.58,540.2,3,pivot|role_flip|volume_profile,expired,3,3,pivot|role_flip|volume_profile,pivot:2025-04-03T15:00:00Z|volume:POC:2025-04-14:539.721250,1,0,6,2025-04-24T15:00:00Z,2025-04-23T14:30:00Z,2025-05-23T15:00:00Z
1189,supply,demand,540.2,544.42,2025-04-03T15:00:00Z,2025-04-04T15:00:00Z,2025-04-04T15:00:00Z,540.2,544.42,2,order_block|volume_profile,expired,5,5,order_block|pivot|repeated_pivot|role_flip|volume_profile,order_block:2025-04-03T15:00:00Z|structure_break:2025-04-04T14:00:00Z|volume:POC:2025-04-03:541.743125|pivot:2025-04-09T19:00:00Z|pivot:2025-04-14T13:30:00Z|pivot:2025-04-15T14:00:00Z|pivot:2025-04-23T14:00:00Z,4,8,1,2025-04-30T14:30:00Z,2025-04-24T17:00:00Z,2025-05-23T18:00:00Z
1190,demand,demand,481.8,487.2030366953266,2025-04-07T13:30:00Z,2025-04-07T17:00:00Z,,,,,,expired,1,1,pivot,pivot:2025-04-07T13:30:00Z,1,0,0,,,2025-05-27T20:00:00Z
1191,supply,demand,517.6119302114824,524.98,2025-04-07T14:00:00Z,2025-04-07T18:00:00Z,2025-04-08T18:00:00Z,517.6119302114824,524.98,2,pivot|repeated_pivot,expired,3,3,pivot|repeated_pivot|role_flip,pivot:2025-04-07T14:00:00Z|pivot:2025-04-08T14:00:00Z,2,4,1,2025-04-21T14:30:00Z,2025-04-21T15:00:00Z,2025-04-29T14:30:00Z
1193,demand,demand,489.16,499.86,2025-04-08T19:00:00Z,2025-04-09T16:00:00Z,2025-04-09T18:00:00Z,489.16,499.86,2,order_block|pivot,expired,3,3,order_block|pivot|volume_profile,pivot:2025-04-08T19:00:00Z|order_block:2025-04-09T14:00:00Z|structure_break:2025-04-09T17:00:00Z|volume:POC:2025-04-09:498.600000,1,0,0,,,2025-05-29T19:00:00Z
1196,demand,supply,509.32,515.5561614390862,2025-04-10T16:00:00Z,2025-04-10T20:00:00Z,2025-04-21T20:00:00Z,509.32,515.5561614390862,3,pivot|role_flip|volume_profile,expired,3,3,pivot|role_flip|volume_profile,pivot:2025-04-10T16:00:00Z|volume:POC:2025-04-21:510.942500,1,1,1,2025-04-21T19:00:00Z,2025-04-22T14:30:00Z,2025-04-29T20:00:00Z
1199,supply,supply,529.9,532.96,2025-04-16T14:00:00Z,2025-04-16T18:00:00Z,2025-04-16T20:00:00Z,529.9,532.96,2,order_block|volume_profile,expired,3,3,order_block|pivot|volume_profile,order_block:2025-04-16T14:00:00Z|structure_break:2025-04-16T17:00:00Z|volume:POC:2025-04-16:531.096250|pivot:2025-04-17T18:00:00Z,1,1,0,2025-04-17T17:00:00Z,2025-04-23T14:30:00Z,2025-04-30T20:00:00Z
1200,demand,demand,520.29,522.83,2025-04-16T19:00:00Z,2025-04-17T16:00:00Z,,,,,,expired,1,1,pivot,pivot:2025-04-16T19:00:00Z,1,0,0,,2025-04-21T14:30:00Z,2025-04-28T20:00:00Z
1202,demand,demand,508.46,509.01290561934684,2025-04-21T18:00:00Z,2025-04-22T15:00:00Z,,,,,,expired,1,1,pivot,pivot:2025-04-21T18:00:00Z,1,0,0,,,2025-06-10T18:00:00Z
1203,supply,supply,527.56,529.31,2025-04-22T16:00:00Z,2025-04-22T20:00:00Z,,,,,,expired,1,1,pivot,pivot:2025-04-22T16:00:00Z,1,0,0,,2025-04-23T14:30:00Z,2025-04-30T20:00:00Z
1205,demand,demand,533.88,535.41,2025-04-23T19:00:00Z,2025-04-24T16:00:00Z,,,,,,expired,1,1,pivot,pivot:2025-04-23T19:00:00Z,1,0,0,,,2025-06-12T19:00:00Z
1206,supply,demand,551.6098213214572,553.55,2025-04-28T13:30:00Z,2025-04-28T17:00:00Z,,,,,,expired,2,2,pivot|role_flip,pivot:2025-04-28T13:30:00Z,1,1,1,2025-04-30T20:00:00Z,2025-04-29T18:00:00Z,2025-06-16T20:00:00Z
1207,demand,demand,545.02,546.46,2025-04-28T17:00:00Z,2025-04-29T14:30:00Z,,,,,,expired,1,1,pivot,pivot:2025-04-28T17:00:00Z,1,0,0,,2025-04-30T14:30:00Z,2025-05-07T20:00:00Z
1208,supply,supply,551.3216843086802,555.1,2025-04-29T17:00:00Z,2025-04-30T14:30:00Z,2025-04-30T14:30:00Z,551.3216843086802,555.1,2,order_block|volume_profile,expired,2,2,order_block|volume_profile,order_block:2025-04-29T17:00:00Z|structure_break:2025-04-30T13:30:00Z|volume:POC:2025-04-29:554.156250,0,1,0,2025-04-30T19:00:00Z,2025-05-01T14:30:00Z,2025-05-08T20:00:00Z
1209,supply,supply,554.34,555.45,2025-04-29T19:00:00Z,2025-04-30T16:00:00Z,,,,,,expired,1,1,pivot,pivot:2025-04-29T19:00:00Z,1,1,0,2025-04-30T20:00:00Z,2025-05-01T14:30:00Z,2025-05-08T20:00:00Z
1210,demand,demand,541.52,541.9738400688263,2025-04-30T13:30:00Z,2025-04-30T17:00:00Z,,,,,,expired,1,1,pivot,pivot:2025-04-30T13:30:00Z,1,0,0,,,2025-06-18T20:00:00Z
1211,supply,demand,562.76,564.56,2025-05-01T15:00:00Z,2025-05-01T19:00:00Z,2025-05-09T18:00:00Z,562.76,564.56,3,pivot|repeated_pivot|role_flip,expired,4,4,pivot|repeated_pivot|role_flip|volume_profile,pivot:2025-05-01T15:00:00Z|pivot:2025-05-09T14:00:00Z|volume:POC:2025-05-09:564.043750,2,2,3,2025-05-09T15:00:00Z,2025-05-08T16:00:00Z,2025-06-23T15:00:00Z
1212,demand,demand,557.86,558.46,2025-05-01T19:00:00Z,2025-05-02T16:00:00Z,,,,,,expired,1,1,pivot,pivot:2025-05-01T19:00:00Z,1,0,0,,2025-05-06T14:30:00Z,2025-05-13T20:00:00Z
1214,demand,demand,561.7,564.14,2025-05-05T13:30:00Z,2025-05-05T17:00:00Z,2025-05-08T16:00:00Z,561.7,564.14,3,order_block|pivot|role_flip,expired,4,4,order_block|pivot|role_flip|volume_profile,pivot:2025-05-05T13:30:00Z|order_block:2025-05-08T14:00:00Z|structure_break:2025-05-08T15:00:00Z|volume:POC:2025-05-09:564.043750,1,3,2,2025-05-09T15:00:00Z,2025-05-08T14:30:00Z,2025-06-24T20:00:00Z
1215,supply,supply,565.79,566.65,2025-05-05T18:00:00Z,2025-05-06T15:00:00Z,,,,,,expired,2,2,pivot|role_flip,pivot:2025-05-05T18:00:00Z,1,0,2,2025-05-09T20:00:00Z,2025-05-12T14:30:00Z,2025-05-19T20:00:00Z
1216,demand,demand,556.04,557.9485156354723,2025-05-06T13:30:00Z,2025-05-06T17:00:00Z,2025-05-08T15:00:00Z,556.04,557.9485156354723,2,pivot|repeated_pivot,expired,2,2,pivot|repeated_pivot,pivot:2025-05-06T13:30:00Z|pivot:2025-05-07T18:00:00Z,2,1,0,2025-05-07T19:00:00Z,,2025-06-25T20:00:00Z
1221,supply,supply,581.2714682610389,581.73,2025-05-12T13:30:00Z,2025-05-12T17:00:00Z,,,,,,expired,1,1,pivot,pivot:2025-05-12T13:30:00Z,1,1,0,2025-05-12T18:00:00Z,2025-05-12T20:00:00Z,2025-05-20T19:00:00Z
1222,supply,demand,588.09,589.08,2025-05-13T19:00:00Z,2025-05-14T16:00:00Z,2025-05-19T17:00:00Z,588.09,589.08,3,pivot|repeated_pivot|role_flip,expired,4,4,pivot|repeated_pivot|role_flip|volume_profile,pivot:2025-05-13T19:00:00Z|pivot:2025-05-19T13:30:00Z|pivot:2025-05-21T13:30:00Z|volume:POC:2025-05-29:588.595208,3,7,7,2025-06-02T15:00:00Z,2025-05-30T20:00:00Z,2025-07-07T15:00:00Z
1223,demand,demand,585.09,585.56,2025-05-15T13:30:00Z,2025-05-15T17:00:00Z,,,,,,expired,2,2,pivot|role_flip,pivot:2025-05-15T13:30:00Z,1,3,2,2025-05-27T18:00:00Z,2025-05-30T17:00:00Z,2025-06-09T16:00:00Z
1224,supply,supply,594.2058476093003,594.5,2025-05-16T19:00:00Z,2025-05-19T16:00:00Z,,,,,,expired,1,1,pivot,pivot:2025-05-16T19:00:00Z,1,1,0,2025-05-19T17:00:00Z,2025-05-19T20:00:00Z,2025-05-28T19:00:00Z
1226,supply,supply,594.54,595.54,2025-05-19T17:00:00Z,2025-05-20T14:30:00Z,,,,,,expired,2,2,pivot|role_flip,pivot:2025-05-19T17:00:00Z,1,2,2,2025-06-05T20:00:00Z,2025-06-06T14:30:00Z,2025-06-13T20:00:00Z
1228,supply,demand,590.66,592.24,2025-05-21T15:00:00Z,2025-05-21T18:00:00Z,2025-05-21T20:00:00Z,590.66,592.24,2,order_block|volume_profile,expired,5,5,order_block|pivot|repeated_pivot|role_flip|volume_profile,order_block:2025-05-21T15:00:00Z|structure_break:2025-05-21T17:00:00Z|volume:POC:2025-05-21:591.459167|pivot:2025-05-28T13:30:00Z|pivot:2025-05-29T13:30:00Z|pivot:2025-05-30T19:00:00Z|pivot:2025-06-05T19:00:00Z,4,7,1,2025-06-23T17:00:00Z,2025-06-02T20:00:00Z,2025-07-14T17:00:00Z
1229,demand,demand,581.4,584.4,2025-05-22T13:30:00Z,2025-05-22T17:00:00Z,2025-05-30T20:00:00Z,581.4,584.4,3,pivot|repeated_pivot|role_flip,expired,3,3,pivot|repeated_pivot|role_flip,pivot:2025-05-22T13:30:00Z|pivot:2025-05-30T16:00:00Z,2,2,2,2025-05-27T18:00:00Z,2025-05-27T14:30:00Z,2025-07-15T16:00:00Z
1230,supply,demand,585.85,587.18,2025-05-22T19:00:00Z,2025-05-23T16:00:00Z,2025-05-29T20:00:00Z,585.85,587.18,3,pivot|repeated_pivot|role_flip,expired,3,3,pivot|repeated_pivot|role_flip,pivot:2025-05-22T19:00:00Z|pivot:2025-05-29T16:00:00Z,2,3,1,2025-05-30T14:30:00Z,2025-05-30T17:00:00Z,2025-06-09T16:00:00Z
1231,demand,demand,575.6,575.98,2025-05-23T13:30:00Z,2025-05-23T17:00:00Z,,,,,,expired,1,1,pivot,pivot:2025-05-23T13:30:00Z,1,0,0,,,2025-07-16T16:00:00Z
1232,demand,demand,578.43,580.1802115839588,2025-05-27T17:00:00Z,2025-05-28T14:30:00Z,2025-05-28T14:30:00Z,578.43,580.1802115839588,2,pivot|volume_profile,expired,2,2,pivot|volume_profile,pivot:2025-05-27T17:00:00Z|volume:POC:2025-05-23:578.839583,1,0,0,,,2025-07-17T20:00:00Z
1238,supply,supply,596.77,597.95,2025-06-04T13:30:00Z,2025-06-04T17:00:00Z,2025-06-05T14:30:00Z,596.77,597.95,2,order_block|pivot,expired,5,5,order_block|pivot|repeated_pivot|role_flip|volume_profile,pivot:2025-06-04T13:30:00Z|order_block:2025-06-04T17:00:00Z|structure_break:2025-06-05T13:30:00Z|volume:POC:2025-06-04:596.873750|pivot:2025-06-13T14:00:00Z|pivot:2025-06-13T19:00:00Z|pivot:2025-06-17T18:00:00Z,4,5,2,2025-06-23T15:00:00Z,2025-06-23T18:00:00Z,2025-07-01T17:00:00Z
1240,demand,demand,593.91,594.29,2025-06-05T13:30:00Z,2025-06-05T17:00:00Z,,,,,,expired,1,1,pivot,pivot:2025-06-05T13:30:00Z,1,1,0,2025-06-05T19:00:00Z,2025-06-05T20:00:00Z,2025-06-13T19:00:00Z
1241,supply,supply,598.712173691653,599.0,2025-06-05T15:00:00Z,2025-06-05T19:00:00Z,2025-06-18T20:00:00Z,598.712173691653,599.0,3,pivot|role_flip|volume_profile,expired,4,4,order_block|pivot|role_flip|volume_profile,pivot:2025-06-05T15:00:00Z|volume:POC:2025-06-18:598.746042|order_block:2025-06-18T19:00:00Z|structure_break:2025-06-20T14:00:00Z,1,3,6,2025-06-23T18:00:00Z,2025-06-23T20:00:00Z,2025-07-01T19:00:00Z
1243,supply,supply,600.3,600.83,2025-06-06T13:30:00Z,2025-06-06T17:00:00Z,2025-06-10T15:00:00Z,600.3,600.83,3,pivot|role_flip|volume_profile,expired,4,4,pivot|repeated_pivot|role_flip|volume_profile,pivot:2025-06-06T13:30:00Z|volume:POC:2025-06-09:600.387500|pivot:2025-06-10T15:00:00Z|pivot:2025-06-11T18:00:00Z,3,7,4,2025-06-23T20:00:00Z,2025-06-24T14:30:00Z,2025-07-01T20:00:00Z
1245,supply,supply,603.92,605.06,2025-06-11T14:00:00Z,2025-06-11T18:00:00Z,2025-06-16T18:00:00Z,603.92,605.06,2,pivot|repeated_pivot,expired,2,2,pivot|repeated_pivot,pivot:2025-06-11T14:00:00Z|pivot:2025-06-16T14:00:00Z,2,1,0,2025-06-24T14:30:00Z,2025-06-24T16:00:00Z,2025-07-02T15:00:00Z
1247,supply,demand,603.4516144570921,603.72,2025-06-12T19:00:00Z,2025-06-13T16:00:00Z,,,,,,expired,2,2,pivot|role_flip,pivot:2025-06-12T19:00:00Z,1,0,1,2025-06-24T15:00:00Z,2025-06-16T15:00:00Z,2025-08-05T15:00:00Z
1251,demand,supply,599.18,600.22,2025-06-17T13:30:00Z,2025-06-17T17:00:00Z,,,,,,expired,2,2,pivot|role_flip,pivot:2025-06-17T13:30:00Z,1,0,1,2025-06-18T14:30:00Z,2025-06-18T15:00:00Z,2025-06-27T14:30:00Z
1254,demand,demand,591.89,594.04,2025-06-20T17:00:00Z,2025-06-23T14:30:00Z,2025-06-23T20:00:00Z,591.89,594.04,2,pivot|repeated_pivot,expired,2,2,pivot|repeated_pivot,pivot:2025-06-20T17:00:00Z|pivot:2025-06-23T16:00:00Z,2,1,0,2025-06-23T17:00:00Z,,2025-08-11T20:00:00Z
1255,demand,demand,591.89,594.5510838142202,2025-06-23T16:00:00Z,2025-06-23T18:00:00Z,2025-06-23T18:00:00Z,591.89,594.5510838142202,2,order_block|volume_profile,expired,2,2,order_block|volume_profile,order_block:2025-06-23T16:00:00Z|structure_break:2025-06-23T17:00:00Z|volume:POC:2025-06-20:594.097500,0,0,0,,,2025-08-12T17:00:00Z
1257,supply,supply,608.16,608.61,2025-06-25T13:30:00Z,2025-06-25T17:00:00Z,,,,,,expired,1,1,pivot,pivot:2025-06-25T13:30:00Z,1,0,0,,2025-06-26T14:30:00Z,2025-07-07T16:00:00Z
1258,demand,demand,605.54,606.24,2025-06-25T17:00:00Z,2025-06-26T14:30:00Z,,,,,,expired,1,1,pivot,pivot:2025-06-25T17:00:00Z,1,0,0,,,2025-08-14T20:00:00Z
1259,supply,demand,615.97,616.39,2025-06-27T16:00:00Z,2025-06-27T20:00:00Z,,,,,,expired,2,2,pivot|role_flip,pivot:2025-06-27T16:00:00Z,1,2,1,2025-07-01T14:30:00Z,2025-06-30T17:00:00Z,2025-08-18T19:00:00Z
1260,demand,demand,610.83,611.19,2025-06-27T18:00:00Z,2025-06-30T15:00:00Z,,,,,,expired,1,1,pivot,pivot:2025-06-27T18:00:00Z,1,0,0,,,2025-08-19T14:30:00Z
1261,supply,demand,617.2745749394427,617.49,2025-06-30T13:30:00Z,2025-06-30T17:00:00Z,,,,,,expired,2,2,pivot|role_flip,pivot:2025-06-30T13:30:00Z,1,1,1,2025-07-01T20:00:00Z,2025-06-30T20:00:00Z,2025-08-19T16:00:00Z
1262,supply,demand,617.87,619.22,2025-06-30T19:00:00Z,2025-07-01T16:00:00Z,2025-07-08T15:00:00Z,617.87,619.22,3,pivot|repeated_pivot|role_flip,expired,3,3,pivot|repeated_pivot|role_flip,pivot:2025-06-30T19:00:00Z|pivot:2025-07-07T18:00:00Z|pivot:2025-07-16T15:00:00Z,3,4,1,2025-07-16T16:00:00Z,2025-07-02T17:00:00Z,2025-08-20T15:00:00Z
1263,supply,demand,625.9,626.28,2025-07-03T16:00:00Z,2025-07-07T16:00:00Z,,,,,,expired,2,2,pivot|role_flip,pivot:2025-07-03T16:00:00Z,1,1,1,2025-07-22T14:30:00Z,2025-08-01T14:30:00Z,2025-08-08T20:00:00Z
1265,supply,demand,621.2365542468508,622.4439743243174,2025-07-08T16:00:00Z,2025-07-08T20:00:00Z,2025-07-11T17:00:00Z,621.2365542468508,622.4439743243174,3,pivot|repeated_pivot|role_flip,expired,3,3,pivot|repeated_pivot|role_flip,pivot:2025-07-08T16:00:00Z|pivot:2025-07-11T13:30:00Z|pivot:2025-07-14T13:30:00Z,3,4,1,2025-08-01T14:30:00Z,2025-08-01T18:00:00Z,2025-08-11T17:00:00Z
1266,supply,supply,624.25,624.72,2025-07-09T13:30:00Z,2025-07-09T17:00:00Z,2025-07-14T20:00:00Z,624.25,624.72,3,pivot|role_flip|volume_profile,expired,3,3,pivot|role_flip|volume_profile,pivot:2025-07-09T13:30:00Z|volume:POC:2025-07-14:624.528125,1,2,2,2025-07-16T19:00:00Z,2025-07-17T14:30:00Z,2025-07-24T20:00:00Z
1267,supply,demand,626.46,626.88,2025-07-10T18:00:00Z,2025-07-11T15:00:00Z,2025-07-21T14:30:00Z,626.46,626.88,3,pivot|repeated_pivot|role_flip,expired,3,3,pivot|repeated_pivot|role_flip,pivot:2025-07-10T18:00:00Z|pivot:2025-07-18T17:00:00Z|pivot:2025-07-22T13:30:00Z,3,3,1,2025-07-22T14:30:00Z,2025-08-01T14:30:00Z,2025-08-08T20:00:00Z
1269,supply,supply,624.49,624.86,2025-07-11T18:00:00Z,2025-07-14T15:00:00Z,,,,,,expired,2,2,pivot|role_flip,pivot:2025-07-11T18:00:00Z,1,1,2,2025-08-01T17:00:00Z,2025-08-04T14:30:00Z,2025-08-11T20:00:00Z
1271,supply,demand,627.51,627.86,2025-07-15T13:30:00Z,2025-07-15T17:00:00Z,2025-07-17T20:00:00Z,627.51,627.86,3,pivot|role_flip|volume_profile,expired,3,3,pivot|role_flip|volume_profile,pivot:2025-07-15T13:30:00Z|volume:POC:2025-07-17:627.616875,1,2,3,2025-07-22T15:00:00Z,2025-08-01T14:30:00Z,2025-08-08T20:00:00Z
1273,supply,supply,629.283795104737,629.47,2025-07-18T13:30:00Z,2025-07-18T17:00:00Z,,,,,,expired,1,1,pivot,pivot:2025-07-18T13:30:00Z,1,0,0,,2025-07-21T14:30:00Z,2025-07-28T20:00:00Z
1275,supply,demand,631.18,632.637724886699,2025-07-21T15:00:00Z,2025-07-21T19:00:00Z,2025-07-31T16:00:00Z,631.18,632.637724886699,3,pivot|repeated_pivot|role_flip,expired,4,4,pivot|repeated_pivot|role_flip|volume_profile,pivot:2025-07-21T15:00:00Z|pivot:2025-07-30T19:00:00Z|pivot:2025-08-05T13:30:00Z|volume:POC:2025-08-06:632.444375,3,4,3,2025-08-07T15:00:00Z,2025-08-07T18:00:00Z,2025-08-15T17:00:00Z
1277,supply,supply,635.3896308096485,636.15,2025-07-24T18:00:00Z,2025-07-25T15:00:00Z,2025-07-29T15:00:00Z,635.3896308096485,636.15,3,pivot|repeated_pivot|role_flip,expired,4,4,pivot|repeated_pivot|role_flip|volume_profile,pivot:2025-07-24T18:00:00Z|pivot:2025-07-28T18:00:00Z|volume:POC:2025-07-30:636.017083,2,6,8,2025-08-21T17:00:00Z,2025-08-22T14:30:00Z,2025-08-29T20:00:00Z
1278,supply,supply,637.44,638.04,2025-07-28T14:00:00Z,2025-07-28T18:00:00Z,,,,,,expired,1,1,pivot,pivot:2025-07-28T14:00:00Z,1,2,0,2025-07-30T19:00:00Z,2025-07-31T14:30:00Z,2025-08-07T20:00:00Z
1280,supply,supply,638.36,638.67,2025-07-29T13:30:00Z,2025-07-29T17:00:00Z,,,,,,expired,1,1,pivot,pivot:2025-07-29T13:30:00Z,1,0,0,,2025-07-31T14:30:00Z,2025-08-07T20:00:00Z
1281,demand,demand,634.69,635.3757114686631,2025-07-29T15:00:00Z,2025-07-29T19:00:00Z,2025-07-29T20:00:00Z,634.69,635.3757114686631,2,pivot|volume_profile,expired,5,5,order_block|pivot|repeated_pivot|role_flip|volume_profile,pivot:2025-07-29T15:00:00Z|volume:POC:2025-07-29:635.143750|pivot:2025-07-29T19:00:00Z|order_block:2025-07-31T18:00:00Z|structure_break:2025-08-01T13:30:00Z|pivot:2025-08-11T19:00:00Z,3,5,2,2025-08-20T14:30:00Z,2025-08-20T15:00:00Z,2025-08-28T14:30:00Z
1283,supply,demand,636.47,636.98,2025-07-30T17:00:00Z,2025-07-30T19:00:00Z,2025-08-07T17:00:00Z,636.47,636.98,3,order_block|pivot|role_flip,expired,4,4,order_block|pivot|role_flip|volume_profile,order_block:2025-07-30T17:00:00Z|structure_break:2025-07-30T18:00:00Z|pivot:2025-08-07T13:30:00Z|volume:POC:2025-08-08:636.916875,1,2,3,2025-08-11T18:00:00Z,2025-08-11T20:00:00Z,2025-08-19T19:00:00Z
1285,supply,supply,639.47,639.85,2025-07-31T13:30:00Z,2025-07-31T17:00:00Z,,,,,,expired,1,1,pivot,pivot:2025-07-31T13:30:00Z,1,1,0,2025-08-12T14:30:00Z,2025-08-12T16:00:00Z,2025-08-20T15:00:00Z
1287,demand,demand,619.29,621.2970754987267,2025-08-01T14:00:00Z,2025-08-01T18:00:00Z,2025-08-04T15:00:00Z,619.29,621.2970754987267,2,pivot|repeated_pivot,expired,2,2,pivot|repeated_pivot,pivot:2025-08-01T14:00:00Z|pivot:2025-08-01T18:00:00Z,2,1,0,2025-08-01T19:00:00Z,,2025-09-22T14:30:00Z
1290,demand,demand,627.04,627.91,2025-08-05T14:00:00Z,2025-08-05T18:00:00Z,,,,,,expired,1,1,pivot,pivot:2025-08-05T14:00:00Z,1,1,0,2025-08-05T19:00:00Z,,2025-09-24T14:30:00Z
1292,demand,demand,629.11,630.3825891531935,2025-08-07T18:00:00Z,2025-08-08T15:00:00Z,2025-08-08T15:00:00Z,629.11,630.3825891531935,2,pivot|volume_profile,expired,2,2,pivot|volume_profile,pivot:2025-08-07T18:00:00Z|volume:POC:2025-08-07:629.929792,1,0,0,,,2025-09-26T18:00:00Z
1293,supply,demand,637.983833308364,638.95,2025-08-11T16:00:00Z,2025-08-11T20:00:00Z,,,,,,expired,2,2,pivot|role_flip,pivot:2025-08-11T16:00:00Z,1,1,1,2025-08-19T18:00:00Z,2025-08-20T14:30:00Z,2025-08-27T20:00:00Z
1295,supply,demand,644.74,646.19,2025-08-13T13:30:00Z,2025-08-13T17:00:00Z,2025-08-14T18:00:00Z,644.74,646.19,2,pivot|repeated_pivot,expired,4,4,pivot|repeated_pivot|role_flip|volume_profile,pivot:2025-08-13T13:30:00Z|pivot:2025-08-14T14:00:00Z|pivot:2025-08-15T13:30:00Z|pivot:2025-08-22T15:00:00Z|volume:POC:2025-08-22:645.151042|pivot:2025-08-28T13:30:00Z,5,8,3,2025-09-05T17:00:00Z,2025-09-04T18:00:00Z,2025-10-01T20:00:00Z
1296,demand,demand,642.34,643.3510206587545,2025-08-14T13:30:00Z,2025-08-14T17:00:00Z,2025-08-15T19:00:00Z,642.34,643.3510206587545,2,pivot|repeated_pivot,expired,3,3,pivot|repeated_pivot|volume_profile,pivot:2025-08-14T13:30:00Z|pivot:2025-08-15T15:00:00Z|pivot:2025-08-18T16:00:00Z|volume:POC:2025-08-18:643.052083,3,2,0,2025-08-15T20:00:00Z,2025-08-19T15:00:00Z,2025-08-27T14:30:00Z
1301,supply,demand,643.2897262326155,644.11,2025-08-19T14:00:00Z,2025-08-19T18:00:00Z,2025-08-25T17:00:00Z,643.2897262326155,644.11,3,pivot|repeated_pivot|role_flip,expired,4,4,pivot|repeated_pivot|role_flip|volume_profile,pivot:2025-08-19T14:00:00Z|pivot:2025-08-25T13:30:00Z|volume:POC:2025-08-25:644.003750|pivot:2025-08-29T14:00:00Z|pivot:2025-09-03T15:00:00Z|pivot:2025-09-05T15:00:00Z,5,4,5,2025-09-05T15:00:00Z,2025-09-04T14:30:00Z,2025-10-08T14:30:00Z
1302,supply,supply,639.12,639.91,2025-08-19T19:00:00Z,2025-08-20T14:30:00Z,2025-08-20T14:30:00Z,639.12,639.91,2,order_block|volume_profile,expired,3,3,order_block|pivot|volume_profile,order_block:2025-08-19T19:00:00Z|structure_break:2025-08-20T13:30:00Z|volume:POC:2025-08-19:639.301042|pivot:2025-08-20T19:00:00Z,1,1,0,2025-08-22T14:30:00Z,2025-08-22T15:00:00Z,2025-09-02T14:30:00Z
1303,demand,demand,632.95,634.87,2025-08-20T14:00:00Z,2025-08-20T18:00:00Z,2025-08-22T14:30:00Z,632.95,634.87,2,pivot|repeated_pivot,expired,2,2,pivot|repeated_pivot,pivot:2025-08-20T14:00:00Z|pivot:2025-08-21T17:00:00Z,2,0,0,,,2025-10-09T14:30:00Z
1306,demand,demand,635.08,636.11,2025-08-21T19:00:00Z,2025-08-22T15:00:00Z,2025-08-22T15:00:00Z,635.08,636.11,2,order_block|volume_profile,expired,3,3,order_block|pivot|volume_profile,order_block:2025-08-21T19:00:00Z|structure_break:2025-08-22T14:00:00Z|volume:POC:2025-08-21:635.283333|pivot:2025-09-02T15:00:00Z,1,2,0,2025-09-02T16:00:00Z,,2025-10-10T18:00:00Z
1309,demand,supply,641.57,642.2,2025-08-26T13:30:00Z,2025-08-26T17:00:00Z,,,,,,expired,2,2,pivot|role_flip,pivot:2025-08-26T13:30:00Z,1,0,1,2025-09-03T18:00:00Z,2025-09-03T20:00:00Z,2025-09-11T19:00:00Z
1311,supply,demand,648.96,649.48,2025-08-28T19:00:00Z,2025-08-29T16:00:00Z,,,,,,expired,2,2,pivot|role_flip,pivot:2025-08-28T19:00:00Z,1,1,1,2025-09-09T18:00:00Z,2025-09-05T14:30:00Z,2025-10-17T19:00:00Z
1315,demand,demand,640.46,640.88,2025-09-03T18:00:00Z,2025-09-04T15:00:00Z,,,,,,expired,1,1,pivot,pivot:2025-09-03T18:00:00Z,1,0,0,,,2025-10-22T18:00:00Z
1316,supply,demand,650.63,652.21,2025-09-05T13:30:00Z,2025-09-05T17:00:00Z,2025-09-11T16:00:00Z,650.63,652.21,3,pivot|repeated_pivot|role_flip,expired,3,3,pivot|repeated_pivot|role_flip,pivot:2025-09-05T13:30:00Z|pivot:2025-09-10T19:00:00Z|pivot:2025-10-10T19:00:00Z,3,0,1,2025-09-10T17:00:00Z,2025-09-10T14:30:00Z,2025-10-23T20:00:00Z
1318,supply,supply,649.38,649.84,2025-09-08T15:00:00Z,2025-09-08T19:00:00Z,,,,,,expired,1,1,pivot,pivot:2025-09-08T15:00:00Z,1,2,0,2025-09-09T18:00:00Z,2025-09-09T20:00:00Z,2025-09-17T19:00:00Z
1319,demand,demand,647.22,648.1717303789552,2025-09-09T14:00:00Z,2025-09-09T18:00:00Z,,,,,,expired,1,1,pivot,pivot:2025-09-09T14:00:00Z,1,0,0,,,2025-10-28T14:30:00Z
1320,supply,demand,653.6422876512122,655.3360833037979,2025-09-10T14:00:00Z,2025-09-10T18:00:00Z,2025-09-18T15:00:00Z,653.6422876512122,655.3360833037979,3,pivot|repeated_pivot|role_flip,expired,3,3,pivot|repeated_pivot|role_flip,pivot:2025-09-10T14:00:00Z|pivot:2025-09-17T18:00:00Z,2,2,1,2025-09-25T19:00:00Z,2025-10-10T20:00:00Z,2025-10-20T19:00:00Z
1322,supply,supply,657.21,657.8,2025-09-11T15:00:00Z,2025-09-11T19:00:00Z,2025-09-11T20:00:00Z,657.21,657.8,2,pivot|volume_profile,expired,4,4,pivot|repeated_pivot|role_flip|volume_profile,pivot:2025-09-11T15:00:00Z|volume:POC:2025-09-11:657.441250|pivot:2025-09-12T19:00:00Z,2,3,2,2025-09-25T18:00:00Z,2025-09-25T20:00:00Z,2025-10-03T19:00:00Z
1323,supply,demand,658.3218369851271,658.48,2025-09-12T14:00:00Z,2025-09-12T18:00:00Z,,,,,,expired,2,2,pivot|role_flip,pivot:2025-09-12T14:00:00Z,1,1,3,2025-10-10T18:00:00Z,2025-10-10T19:00:00Z,2025-10-20T18:00:00Z
1325,supply,demand,660.37,661.2278634606959,2025-09-15T15:00:00Z,2025-09-15T19:00:00Z,2025-09-19T19:00:00Z,660.37,661.2278634606959,3,pivot|repeated_pivot|role_flip,expired,5,5,order_block|pivot|repeated_pivot|role_flip|volume_profile,pivot:2025-09-15T15:00:00Z|pivot:2025-09-19T15:00:00Z|volume:POC:2025-09-24:660.390417|order_block:2025-10-10T17:00:00Z|structure_break:2025-10-10T19:00:00Z,2,5,7,2025-10-17T18:00:00Z,2025-10-17T16:00:00Z,2025-11-03T16:00:00Z
1326,demand,demand,659.21,660.0,2025-09-15T18:00:00Z,2025-09-16T15:00:00Z,2025-09-16T19:00:00Z,659.21,660.0,2,pivot|repeated_pivot,expired,4,4,pivot|repeated_pivot|role_flip|volume_profile,pivot:2025-09-15T18:00:00Z|pivot:2025-09-16T15:00:00Z|volume:POC:2025-09-17:659.710417|pivot:2025-09-24T16:00:00Z,3,4,4,2025-10-10T16:00:00Z,2025-10-10T19:00:00Z,2025-10-20T18:00:00Z
1327,supply,supply,661.46,662.1521605218844,2025-09-16T13:30:00Z,2025-09-16T17:00:00Z,2025-09-24T15:00:00Z,661.46,662.1521605218844,3,pivot|repeated_pivot|role_flip,expired,5,5,order_block|pivot|repeated_pivot|role_flip|volume_profile,pivot:2025-09-16T13:30:00Z|pivot:2025-09-23T18:00:00Z|volume:POC:2025-09-23:662.091667|order_block:2025-09-24T18:00:00Z|structure_break:2025-09-25T13:30:00Z|pivot:2025-09-26T14:00:00Z|pivot:2025-09-30T15:00:00Z,4,6,6,2025-10-17T14:30:00Z,2025-10-17T18:00:00Z,2025-10-27T17:00:00Z
1329,supply,supply,658.31,659.66,2025-09-17T17:00:00Z,2025-09-17T19:00:00Z,,,,,,expired,1,1,order_block,order_block:2025-09-17T17:00:00Z|structure_break:2025-09-17T18:00:00Z,0,1,0,2025-09-17T20:00:00Z,2025-09-18T14:30:00Z,2025-09-25T20:00:00Z
1331,supply,demand,663.8630429961938,665.28,2025-09-18T14:00:00Z,2025-09-18T18:00:00Z,2025-09-29T18:00:00Z,663.8630429961938,665.28,3,pivot|repeated_pivot|role_flip,expired,4,4,pivot|repeated_pivot|role_flip|volume_profile,pivot:2025-09-18T14:00:00Z|pivot:2025-09-29T14:00:00Z|pivot:2025-10-13T16:00:00Z|volume:POC:2025-10-14:664.511250|pivot:2025-10-22T17:00:00Z,4,8,7,2025-10-22T17:00:00Z,2025-10-20T14:30:00Z,2025-11-06T15:30:00Z
1333,supply,demand,666.78,667.57,2025-09-23T13:30:00Z,2025-09-23T17:00:00Z,2025-10-02T19:00:00Z,666.78,667.57,3,pivot|repeated_pivot|role_flip,expired,3,3,pivot|repeated_pivot|role_flip,pivot:2025-09-23T13:30:00Z|pivot:2025-10-02T15:00:00Z|pivot:2025-10-16T14:00:00Z,3,2,3,2025-10-22T16:00:00Z,2025-10-22T18:00:00Z,2025-10-30T17:00:00Z
1335,supply,demand,662.1,663.54,2025-09-23T19:00:00Z,2025-09-24T16:00:00Z,2025-09-29T20:00:00Z,662.1,663.54,3,order_block|role_flip|volume_profile,expired,4,4,order_block|pivot|role_flip|volume_profile,order_block:2025-09-23T19:00:00Z|structure_break:2025-09-24T15:00:00Z|volume:POC:2025-09-29:662.928750|pivot:2025-11-07T17:00:00Z,1,8,5,2025-11-07T16:00:00Z,2025-10-17T19:00:00Z,2025-11-11T20:00:00Z
1338,demand,demand,654.4,655.64,2025-09-25T13:30:00Z,2025-09-25T17:00:00Z,2025-09-26T15:00:00Z,654.4,655.64,2,pivot|repeated_pivot,expired,2,2,pivot|repeated_pivot,pivot:2025-09-25T13:30:00Z|pivot:2025-09-25T18:00:00Z,2,1,0,2025-09-25T18:00:00Z,2025-10-10T20:00:00Z,2025-10-20T19:00:00Z
1343,supply,supply,670.365608886848,670.57,2025-10-02T13:30:00Z,2025-10-02T17:00:00Z,,,,,,expired,2,2,pivot|role_flip,pivot:2025-10-02T13:30:00Z,1,2,4,2025-10-09T18:00:00Z,2025-10-09T20:00:00Z,2025-10-17T19:00:00Z
1345,supply,supply,671.72,672.68,2025-10-03T16:00:00Z,2025-10-03T20:00:00Z,2025-10-07T16:00:00Z,671.72,672.68,2,order_block|pivot,expired,5,5,order_block|pivot|repeated_pivot|role_flip|volume_profile,pivot:2025-10-03T16:00:00Z|order_block:2025-10-06T17:00:00Z|structure_break:2025-10-07T15:00:00Z|pivot:2025-10-07T13:30:00Z|volume:POC:2025-10-08:672.499375,2,3,2,2025-10-09T16:00:00Z,2025-10-10T14:30:00Z,2025-10-17T20:00:00Z
1346,demand,demand,668.16,669.1619249370682,2025-10-03T17:00:00Z,2025-10-06T14:30:00Z,2025-10-06T14:30:00Z,668.16,669.1619249370682,2,pivot|volume_profile,expired,4,4,pivot|repeated_pivot|role_flip|volume_profile,pivot:2025-10-03T17:00:00Z|volume:POC:2025-10-02:668.911875|pivot:2025-10-07T16:00:00Z|pivot:2025-11-06T17:00:00Z,3,5,4,2025-11-06T17:00:00Z,2025-11-07T15:30:00Z,2025-11-14T21:00:00Z
1350,supply,supply,672.14,673.95,2025-10-09T13:30:00Z,2025-10-09T17:00:00Z,2025-10-10T15:00:00Z,672.14,673.95,2,order_block|pivot,expired,3,3,order_block|pivot|repeated_pivot,pivot:2025-10-09T13:30:00Z|order_block:2025-10-10T13:30:00Z|structure_break:2025-10-10T14:00:00Z|structure_break:2025-10-10T15:00:00Z|pivot:2025-10-10T13:30:00Z|pivot:2025-10-21T16:00:00Z,3,4,0,2025-10-23T18:00:00Z,2025-10-24T14:30:00Z,2025-10-31T20:00:00Z
1351,demand,demand,669.02,670.23,2025-10-09T17:00:00Z,2025-10-10T14:30:00Z,2025-10-15T18:00:00Z,669.02,670.23,3,pivot|repeated_pivot|role_flip,expired,3,3,pivot|repeated_pivot|role_flip,pivot:2025-10-09T17:00:00Z|pivot:2025-10-15T14:00:00Z|pivot:2025-10-21T14:00:00Z,3,4,2,2025-10-22T15:00:00Z,2025-10-22T17:00:00Z,2025-10-30T16:00:00Z
1358,demand,supply,653.17,655.1606525479809,2025-10-14T13:30:00Z,2025-10-14T17:00:00Z,,,,,,expired,2,2,pivot|role_flip,pivot:2025-10-14T13:30:00Z,1,1,1,2025-11-21T16:00:00Z,2025-11-21T17:00:00Z,2025-12-02T19:00:00Z
1360,demand,supply,657.11,660.8632084684074,2025-10-15T17:00:00Z,2025-10-16T14:30:00Z,2025-10-17T15:00:00Z,657.11,660.8632084684074,2,pivot|repeated_pivot,expired,4,4,pivot|repeated_pivot|role_flip|volume_profile,pivot:2025-10-15T17:00:00Z|pivot:2025-10-16T18:00:00Z|volume:POC:2025-11-18:659.911250|pivot:2025-11-19T17:00:00Z,3,8,1,2025-11-21T17:00:00Z,2025-11-21T19:00:00Z,2025-12-02T21:00:00Z
1366,supply,supply,688.83,689.7,2025-10-29T14:00:00Z,2025-10-29T18:00:00Z,2025-12-12T16:00:00Z,688.83,689.7,2,pivot|repeated_pivot,expired,3,3,order_block|pivot|repeated_pivot,pivot:2025-10-29T14:00:00Z|pivot:2025-12-11T19:00:00Z|order_block:2025-12-11T20:00:00Z|structure_break:2025-12-12T15:00:00Z,2,0,0,,,2025-12-18T18:00:00Z
1367,demand,demand,681.39,682.6909497442648,2025-10-30T13:30:00Z,2025-10-30T17:00:00Z,2025-10-31T20:00:00Z,681.39,682.6909497442648,3,pivot|role_flip|volume_profile,expired,4,4,pivot|repeated_pivot|role_flip|volume_profile,pivot:2025-10-30T13:30:00Z|volume:POC:2025-10-31:682.281667|pivot:2025-11-10T20:00:00Z|pivot:2025-11-12T16:00:00Z,3,5,4,2025-11-12T20:00:00Z,2025-11-13T15:30:00Z,2025-11-20T21:00:00Z
1368,demand,demand,679.24,680.37,2025-10-30T19:00:00Z,2025-10-31T16:00:00Z,2025-11-03T15:30:00Z,679.24,680.37,2,pivot|repeated_pivot,expired,5,5,order_block|pivot|repeated_pivot|role_flip|volume_profile,pivot:2025-10-30T19:00:00Z|pivot:2025-10-31T17:00:00Z|volume:POC:2025-11-26:680.351250|pivot:2025-12-01T14:30:00Z|pivot:2025-12-02T16:00:00Z|pivot:2025-12-12T16:00:00Z|pivot:2025-12-15T15:00:00Z|order_block:2025-12-16T20:00:00Z|structure_break:2025-12-17T15:00:00Z,6,16,6,2025-12-19T20:00:00Z,2025-12-19T18:00:00Z,2025-12-22T16:00:00Z
1370,supply,demand,684.6751468164755,685.8,2025-11-03T14:30:00Z,2025-11-03T18:00:00Z,2025-11-12T18:00:00Z,684.6751468164755,685.8,2,pivot|repeated_pivot,expired,3,3,pivot|repeated_pivot|role_flip,pivot:2025-11-03T14:30:00Z|pivot:2025-11-12T14:30:00Z|pivot:2025-12-04T14:30:00Z|pivot:2025-12-09T16:00:00Z|pivot:2025-12-15T14:30:00Z|pivot:2025-12-22T17:00:00Z,6,3,5,2025-12-31T15:30:00Z,2025-12-23T16:00:00Z,2025-12-31T16:00:00Z
1371,demand,supply,674.67,676.0780984848317,2025-11-04T14:30:00Z,2025-11-04T18:00:00Z,2025-11-04T21:00:00Z,674.67,676.0780984848317,2,pivot|volume_profile,expired,4,4,pivot|repeated_pivot|role_flip|volume_profile,pivot:2025-11-04T14:30:00Z|volume:POC:2025-11-04:675.588750|pivot:2025-11-05T14:30:00Z|pivot:2025-11-14T17:00:00Z|pivot:2025-11-20T15:00:00Z,4,6,3,2025-11-25T21:00:00Z,2025-11-26T15:30:00Z,2025-12-05T17:00:00Z
1373,supply,supply,680.21,680.86,2025-11-05T18:00:00Z,2025-11-06T15:30:00Z,2025-11-06T16:00:00Z,680.21,680.86,2,order_block|pivot,expired,5,5,order_block|pivot|repeated_pivot|role_flip|volume_profile,pivot:2025-11-05T18:00:00Z|order_block:2025-11-05T18:00:00Z|structure_break:2025-11-06T15:00:00Z|volume:POC:2025-12-15:680.470625|pivot:2025-12-18T16:00:00Z,2,7,6,2025-12-19T16:00:00Z,2025-12-22T15:30:00Z,2025-12-31T17:00:00Z
1380,demand,demand,663.26,665.0992101938043,2025-11-14T14:30:00Z,2025-11-14T18:00:00Z,,,,,,expired,2,2,pivot|role_flip,pivot:2025-11-14T14:30:00Z,1,2,2,2025-11-25T15:30:00Z,2025-11-19T15:30:00Z,2026-01-07T20:00:00Z
1382,demand,demand,655.86,657.23,2025-11-18T16:00:00Z,2025-11-18T20:00:00Z,,,,,,expired,2,2,pivot|role_flip,pivot:2025-11-18T16:00:00Z,1,1,2,2025-11-21T19:00:00Z,2025-11-21T17:00:00Z,2026-01-12T15:30:00Z
1383,supply,demand,664.48,667.34,2025-11-19T15:00:00Z,2025-11-19T19:00:00Z,2025-11-25T18:00:00Z,664.48,667.34,3,pivot|repeated_pivot|role_flip,expired,3,3,pivot|repeated_pivot|role_flip,pivot:2025-11-19T15:00:00Z|pivot:2025-11-25T14:30:00Z,2,1,1,2025-11-25T15:30:00Z,2025-11-20T15:30:00Z,2026-01-12T21:00:00Z
1386,demand,demand,650.85,652.77,2025-11-21T15:00:00Z,2025-11-21T19:00:00Z,,,,,,expired,1,1,pivot,pivot:2025-11-21T15:00:00Z,1,0,0,,,2026-01-14T21:00:00Z
1388,supply,supply,681.33408678624,681.7,2025-11-26T17:00:00Z,2025-11-26T21:00:00Z,2025-12-03T16:00:00Z,681.33408678624,681.7,3,pivot|role_flip|volume_profile,expired,4,4,pivot|repeated_pivot|role_flip|volume_profile,pivot:2025-11-26T17:00:00Z|volume:POC:2025-12-02:681.476250|pivot:2025-12-04T19:00:00Z|pivot:2025-12-08T18:00:00Z|pivot:2025-12-10T14:30:00Z,4,6,4,2025-12-15T16:00:00Z,2025-12-22T15:30:00Z,2025-12-31T17:00:00Z
1389,supply,supply,683.3319649060243,683.82,2025-11-28T17:00:00Z,2025-12-01T17:00:00Z,2025-12-02T20:00:00Z,683.3319649060243,683.82,2,pivot|repeated_pivot,expired,4,4,pivot|repeated_pivot|role_flip|volume_profile,pivot:2025-11-28T17:00:00Z|pivot:2025-12-02T16:00:00Z|volume:POC:2025-12-04:683.438958,2,6,6,2026-01-02T20:00:00Z,2026-01-05T15:30:00Z,2026-01-12T21:00:00Z
1395,supply,supply,687.2417411510871,688.97,2025-12-05T15:00:00Z,2025-12-05T19:00:00Z,2025-12-11T17:00:00Z,687.2417411510871,688.97,2,pivot|repeated_pivot,expired,2,2,pivot|repeated_pivot,pivot:2025-12-05T15:00:00Z|pivot:2025-12-10T20:00:00Z,2,2,0,2025-12-11T18:00:00Z,2025-12-11T21:00:00Z,2025-12-19T20:00:00Z
1399,demand,supply,682.44,683.83,2025-12-10T18:00:00Z,2025-12-10T20:00:00Z,2025-12-10T20:00:00Z,682.44,683.83,2,order_block|volume_profile,expired,4,4,order_block|pivot|role_flip|volume_profile,order_block:2025-12-10T18:00:00Z|structure_break:2025-12-10T19:00:00Z|volume:POC:2025-12-09:683.581667|pivot:2025-12-11T15:00:00Z,1,2,3,2026-01-02T20:00:00Z,2026-01-05T15:30:00Z,2026-01-12T21:00:00Z
1407,demand,demand,674.98,675.61,2025-12-16T18:00:00Z,2025-12-17T15:30:00Z,,,,,,expired,2,2,pivot|role_flip,pivot:2025-12-16T18:00:00Z,1,1,2,2025-12-18T20:00:00Z,2025-12-18T15:30:00Z,2026-02-06T21:00:00Z
1409,demand,demand,671.19,671.5519072352483,2025-12-17T20:00:00Z,2025-12-18T17:00:00Z,,,,,,expired,1,1,pivot,pivot:2025-12-17T20:00:00Z,1,0,0,,,2026-02-10T16:00:00Z
1412,supply,demand,690.9168327542064,691.66,2025-12-26T14:30:00Z,2025-12-26T18:00:00Z,2026-02-02T15:30:00Z,690.9168327542064,691.66,3,pivot|role_flip|volume_profile,expired,3,3,pivot|role_flip|volume_profile,pivot:2025-12-26T14:30:00Z|volume:POC:2026-01-30:691.108125,1,8,9,2026-02-11T16:00:00Z,2026-02-12T16:00:00Z,2026-02-23T15:30:00Z
1413,demand,supply,685.71,686.84,2025-12-29T17:00:00Z,2025-12-29T21:00:00Z,2026-01-02T16:00:00Z,685.71,686.84,3,order_block|pivot|role_flip,expired,5,5,order_block|pivot|repeated_pivot|role_flip|volume_profile,pivot:2025-12-29T17:00:00Z|order_block:2026-01-02T14:30:00Z|structure_break:2026-01-02T15:00:00Z|pivot:2026-01-02T15:00:00Z|pivot:2026-01-14T17:00:00Z|volume:POC:2026-02-03:686.454375,3,6,9,2026-02-19T15:30:00Z,2026-02-18T20:00:00Z,2026-02-19T17:00:00Z
1414,supply,supply,688.3,688.62,2025-12-29T20:00:00Z,2025-12-30T17:00:00Z,,,,,,expired,2,2,pivot|role_flip,pivot:2025-12-29T20:00:00Z,1,8,8,2026-02-18T17:00:00Z,2026-02-12T17:00:00Z,2026-02-19T20:00:00Z
1415,supply,supply,687.49,688.28,2025-12-30T18:00:00Z,2025-12-31T16:00:00Z,2026-01-08T18:00:00Z,687.49,688.28,3,order_block|pivot|role_flip,expired,5,5,order_block|pivot|repeated_pivot|role_flip|volume_profile,order_block:2025-12-30T18:00:00Z|structure_break:2025-12-31T15:00:00Z|pivot:2026-01-08T14:30:00Z|pivot:2026-01-30T18:00:00Z|volume:POC:2026-02-04:688.018125,2,7,6,2026-02-06T17:00:00Z,2026-02-06T18:00:00Z,2026-02-17T17:00:00Z
1416,demand,supply,684.18,684.3333227441842,2025-12-31T15:00:00Z,2025-12-31T19:00:00Z,,,,,,expired,2,2,pivot|role_flip,pivot:2025-12-31T15:00:00Z,1,1,1,2026-01-02T16:00:00Z,2026-01-05T15:30:00Z,2026-01-12T21:00:00Z
1417,supply,supply,684.8,686.05,2025-12-31T18:00:00Z,2025-12-31T20:00:00Z,2025-12-31T21:00:00Z,684.8,686.05,2,order_block|volume_profile,expired,2,2,order_block|volume_profile,order_block:2025-12-31T18:00:00Z|structure_break:2025-12-31T19:00:00Z|structure_break:2025-12-31T20:00:00Z|volume:POC:2025-12-31:685.358958,0,0,0,,2026-01-02T15:30:00Z,2026-01-09T21:00:00Z
1421,demand,demand,679.82,680.52,2026-01-02T18:00:00Z,2026-01-05T15:30:00Z,,,,,,expired,1,1,pivot,pivot:2026-01-02T18:00:00Z,1,1,0,2026-01-20T18:00:00Z,2026-01-20T19:00:00Z,2026-01-28T18:00:00Z
1422,supply,supply,688.91,689.43,2026-01-05T16:00:00Z,2026-01-05T20:00:00Z,2026-01-08T21:00:00Z,688.91,689.43,3,pivot|role_flip|volume_profile,expired,4,4,pivot|repeated_pivot|role_flip|volume_profile,pivot:2026-01-05T16:00:00Z|volume:POC:2026-01-08:689.120208|pivot:2026-02-18T18:00:00Z|pivot:2026-02-20T18:00:00Z,3,9,10,2026-02-20T19:00:00Z,2026-02-25T15:30:00Z,2026-03-04T21:00:00Z
1423,supply,supply,693.52,694.79,2026-01-07T17:00:00Z,2026-01-07T21:00:00Z,2026-01-30T17:00:00Z,693.52,694.79,3,pivot|repeated_pivot|role_flip,expired,4,4,pivot|repeated_pivot|role_flip|volume_profile,pivot:2026-01-07T17:00:00Z|pivot:2026-01-29T20:00:00Z|volume:POC:2026-02-09:694.458125|pivot:2026-02-10T14:30:00Z|pivot:2026-02-12T14:30:00Z|pivot:2026-02-25T20:00:00Z,5,11,8,2026-02-25T21:00:00Z,2026-02-10T21:00:00Z,2026-02-27T17:00:00Z
1425,supply,supply,694.89,695.31,2026-01-09T20:00:00Z,2026-01-12T17:00:00Z,,,,,,expired,1,1,pivot,pivot:2026-01-09T20:00:00Z,1,1,0,2026-01-12T19:00:00Z,2026-01-12T20:00:00Z,2026-01-21T19:00:00Z
1426,demand,demand,690.1,691.2002639333518,2026-01-12T14:30:00Z,2026-01-12T18:00:00Z,2026-01-16T19:00:00Z,690.1,691.2002639333518,3,pivot|repeated_pivot|role_flip,expired,3,3,pivot|repeated_pivot|role_flip,pivot:2026-01-12T14:30:00Z|pivot:2026-01-16T15:00:00Z|pivot:2026-01-22T18:00:00Z|pivot:2026-02-11T15:00:00Z,4,7,6,2026-02-11T16:00:00Z,2026-02-12T16:00:00Z,2026-02-23T15:30:00Z
1427,supply,supply,695.04,696.09,2026-01-13T14:30:00Z,2026-01-13T18:00:00Z,2026-01-15T21:00:00Z,695.04,696.09,2,pivot|repeated_pivot,expired,4,4,pivot|repeated_pivot|role_flip|volume_profile,pivot:2026-01-13T14:30:00Z|pivot:2026-01-15T17:00:00Z|pivot:2026-01-27T16:00:00Z|volume:POC:2026-01-27:695.975000|pivot:2026-02-10T15:00:00Z,4,3,2,2026-02-12T15:30:00Z,2026-02-03T15:30:00Z,2026-03-04T21:00:00Z
1428,demand,supply,692.09,693.0368853413214,2026-01-13T15:00:00Z,2026-01-13T19:00:00Z,2026-01-13T21:00:00Z,692.09,693.0368853413214,2,pivot|volume_profile,expired,4,4,order_block|pivot|role_flip|volume_profile,pivot:2026-01-13T15:00:00Z|volume:POC:2026-01-13:692.436250|order_block:2026-02-11T19:00:00Z|structure_break:2026-02-12T15:00:00Z|structure_break:2026-02-12T16:00:00Z,1,7,7,2026-02-25T17:00:00Z,2026-02-11T21:00:00Z,2026-03-05T15:30:00Z
1432,demand,supply,675.79,677.65,2026-01-20T20:00:00Z,2026-01-21T17:00:00Z,2026-02-05T20:00:00Z,675.79,677.65,2,pivot|repeated_pivot,expired,4,4,pivot|repeated_pivot|role_flip|volume_profile,pivot:2026-01-20T20:00:00Z|pivot:2026-02-05T16:00:00Z|pivot:2026-02-17T15:00:00Z|pivot:2026-03-02T14:30:00Z|volume:POC:2026-03-05:676.230000,4,6,3,2026-03-11T18:00:00Z,2026-03-11T16:00:00Z,2026-03-11T19:00:00Z
1433,supply,supply,684.73,686.07,2026-01-21T15:00:00Z,2026-01-21T19:00:00Z,2026-01-29T20:00:00Z,684.73,686.07,3,pivot|repeated_pivot|role_flip,expired,5,5,order_block|pivot|repeated_pivot|role_flip|volume_profile,pivot:2026-01-21T15:00:00Z|pivot:2026-01-29T16:00:00Z|pivot:2026-02-03T19:00:00Z|order_block:2026-02-12T19:00:00Z|structure_break:2026-02-12T20:00:00Z|pivot:2026-02-13T17:00:00Z|pivot:2026-02-26T15:00:00Z|volume:POC:2026-03-02:685.307500|pivot:2026-03-04T19:00:00Z,6,8,12,2026-03-05T16:00:00Z,2026-03-03T15:30:00Z,2026-03-12T14:30:00Z
1434,demand,demand,679.91,683.2795184440786,2026-01-21T16:00:00Z,2026-01-21T20:00:00Z,2026-01-21T21:00:00Z,679.91,683.2795184440786,2,order_block|volume_profile,expired,3,3,order_block|role_flip|volume_profile,order_block:2026-01-21T16:00:00Z|structure_break:2026-01-21T19:00:00Z|volume:POC:2026-01-21:680.119375,0,5,2,2026-02-13T20:00:00Z,2026-02-17T15:30:00Z,2026-02-24T21:00:00Z
1436,demand,supply,687.16,688.15,2026-01-23T14:30:00Z,2026-01-23T18:00:00Z,2026-02-04T21:00:00Z,687.16,688.15,3,pivot|role_flip|volume_profile,expired,3,3,pivot|role_flip|volume_profile,pivot:2026-01-23T14:30:00Z|volume:POC:2026-02-04:688.018125,1,2,3,2026-02-06T17:00:00Z,2026-02-06T18:00:00Z,2026-02-17T17:00:00Z
1438,supply,supply,696.35,697.84,2026-01-28T14:30:00Z,2026-01-28T18:00:00Z,2026-01-29T18:00:00Z,696.35,697.84,2,pivot|repeated_pivot,expired,2,2,pivot|repeated_pivot,pivot:2026-01-28T14:30:00Z|pivot:2026-01-29T14:30:00Z|pivot:2026-02-02T17:00:00Z|pivot:2026-02-03T14:30:00Z|pivot:2026-02-11T14:30:00Z,5,3,0,2026-02-11T15:30:00Z,,2026-03-18T20:00:00Z
1439,supply,supply,694.91,696.29,2026-01-28T20:00:00Z,2026-01-29T15:30:00Z,2026-01-29T15:30:00Z,694.91,696.29,2,order_block|volume_profile,expired,2,2,order_block|volume_profile,order_block:2026-01-28T20:00:00Z|structure_break:2026-01-29T14:30:00Z|volume:POC:2026-01-27:695.975000|structure_break:2026-01-29T15:00:00Z,0,1,0,2026-02-02T16:00:00Z,2026-02-02T19:00:00Z,2026-02-10T18:00:00Z
1448,demand,demand,681.76,683.6005148870073,2026-02-04T17:00:00Z,2026-02-04T21:00:00Z,2026-02-17T19:00:00Z,681.76,683.6005148870073,3,pivot|role_flip|volume_profile,expired,5,5,order_block|pivot|repeated_pivot|role_flip|volume_profile,pivot:2026-02-04T17:00:00Z|volume:POC:2026-02-13:682.082500|pivot:2026-02-19T18:00:00Z|order_block:2026-02-19T19:00:00Z|structure_break:2026-02-20T15:00:00Z,2,4,4,2026-02-23T16:00:00Z,2026-02-23T20:00:00Z,2026-03-03T19:00:00Z
1458,demand,demand,677.52,679.3405044652905,2026-02-13T14:30:00Z,2026-02-13T18:00:00Z,,,,,,expired,1,1,pivot,pivot:2026-02-13T14:30:00Z,1,0,0,,2026-02-17T15:30:00Z,2026-02-24T21:00:00Z
1465,demand,demand,680.0,681.96,2026-02-23T16:00:00Z,2026-02-23T20:00:00Z,2026-02-24T18:00:00Z,680.0,681.96,2,pivot|repeated_pivot,expired,4,4,pivot|repeated_pivot|role_flip|volume_profile,pivot:2026-02-23T16:00:00Z|pivot:2026-02-24T14:30:00Z|volume:POC:2026-03-10:680.672500|pivot:2026-04-10T15:00:00Z,3,8,2,2026-04-13T18:00:00Z,2026-04-13T17:00:00Z,2026-04-14T15:00:00Z
1469,demand,supply,681.64,685.11,2026-02-27T14:30:00Z,2026-02-27T18:00:00Z,2026-03-05T18:00:00Z,681.64,685.11,3,order_block|pivot|role_flip,expired,4,4,order_block|pivot|repeated_pivot|role_flip,pivot:2026-02-27T14:30:00Z|order_block:2026-03-05T14:30:00Z|structure_break:2026-03-05T17:00:00Z|pivot:2026-03-10T17:00:00Z,2,5,3,2026-04-13T17:00:00Z,2026-04-13T20:00:00Z,2026-04-21T19:00:00Z
1471,supply,supply,688.1484468762003,688.62,2026-03-02T19:00:00Z,2026-03-03T16:00:00Z,,,,,,expired,1,1,pivot,pivot:2026-03-02T19:00:00Z,1,0,0,,2026-04-14T14:30:00Z,2026-04-21T20:00:00Z
1472,demand,demand,669.66,671.8832811502166,2026-03-03T15:00:00Z,2026-03-03T19:00:00Z,2026-03-06T18:00:00Z,669.66,671.8832811502166,2,pivot|repeated_pivot,expired,4,4,pivot|repeated_pivot|role_flip|volume_profile,pivot:2026-03-03T15:00:00Z|pivot:2026-03-06T14:30:00Z|volume:POC:2026-03-17:671.576250,2,2,2,2026-03-17T15:00:00Z,2026-03-18T14:30:00Z,2026-03-25T20:00:00Z
1476,demand,supply,662.39,664.05,2026-03-09T14:00:00Z,2026-03-09T18:00:00Z,2026-03-13T20:00:00Z,662.39,664.05,2,pivot|volume_profile,expired,4,4,pivot|repeated_pivot|role_flip|volume_profile,pivot:2026-03-09T14:00:00Z|volume:POC:2026-03-13:662.961250|pivot:2026-03-13T19:00:00Z|pivot:2026-03-19T19:00:00Z|pivot:2026-03-23T15:00:00Z,4,3,1,2026-03-23T16:00:00Z,2026-04-08T14:30:00Z,2026-04-15T20:00:00Z
1477,demand,demand,668.09,671.27,2026-03-09T17:00:00Z,2026-03-09T20:00:00Z,2026-03-09T20:00:00Z,668.09,671.27,2,order_block|volume_profile,expired,3,3,order_block|role_flip|volume_profile,order_block:2026-03-09T17:00:00Z|structure_break:2026-03-09T19:00:00Z|volume:POC:2026-03-09:670.059375,0,2,2,2026-03-17T18:00:00Z,2026-03-18T15:00:00Z,2026-03-26T14:30:00Z
1479,demand,supply,666.92,668.51,2026-03-12T15:00:00Z,2026-03-12T19:00:00Z,2026-03-13T15:00:00Z,666.92,668.51,3,pivot|role_flip|volume_profile,expired,3,3,pivot|role_flip|volume_profile,pivot:2026-03-12T15:00:00Z|volume:POC:2026-03-12:668.176042,1,2,3,2026-03-18T19:00:00Z,2026-04-08T14:30:00Z,2026-04-15T20:00:00Z
1480,supply,demand,669.28,672.34,2026-03-13T13:30:00Z,2026-03-13T15:00:00Z,2026-03-13T17:00:00Z,669.28,672.34,2,order_block|pivot,expired,5,5,order_block|pivot|repeated_pivot|role_flip|volume_profile,order_block:2026-03-13T13:30:00Z|structure_break:2026-03-13T14:00:00Z|pivot:2026-03-13T13:30:00Z|pivot:2026-03-16T14:00:00Z|volume:POC:2026-03-17:671.576250,2,2,1,2026-03-17T15:00:00Z,2026-03-18T15:00:00Z,2026-03-26T14:30:00Z
1484,supply,demand,673.89,674.44,2026-03-17T13:30:00Z,2026-03-17T17:00:00Z,,,,,,expired,2,2,pivot|role_flip,pivot:2026-03-17T13:30:00Z,1,1,1,2026-04-08T20:00:00Z,2026-04-08T16:00:00Z,2026-05-05T20:00:00Z
1485,demand,supply,655.17,656.887815906999,2026-03-19T13:30:00Z,2026-03-19T17:00:00Z,2026-03-24T15:00:00Z,655.17,656.887815906999,3,pivot|role_flip|volume_profile,expired,3,3,pivot|role_flip|volume_profile,pivot:2026-03-19T13:30:00Z|volume:POC:2026-03-23:656.652500,1,4,7,2026-04-07T17:00:00Z,2026-04-07T20:00:00Z,2026-04-15T19:00:00Z
1487,demand,demand,644.72,646.9635822975566,2026-03-20T19:00:00Z,2026-03-23T16:00:00Z,2026-03-26T20:00:00Z,644.72,646.9635822975566,2,pivot|volume_profile,expired,2,2,pivot|volume_profile,pivot:2026-03-20T19:00:00Z|volume:POC:2026-03-26:646.282708,1,1,0,2026-03-26T18:00:00Z,2026-03-27T14:30:00Z,2026-04-06T20:00:00Z
1489,demand,demand,649.88,652.58,2026-03-24T13:30:00Z,2026-03-24T17:00:00Z,2026-04-07T19:00:00Z,649.88,652.58,3,pivot|repeated_pivot|role_flip,expired,3,3,pivot|repeated_pivot|role_flip,pivot:2026-03-24T13:30:00Z|pivot:2026-04-07T15:00:00Z,2,3,2,2026-04-07T16:00:00Z,2026-04-01T14:30:00Z,2026-05-12T20:00:00Z
1490,supply,supply,657.82,660.89,2026-03-25T13:30:00Z,2026-03-25T17:00:00Z,2026-04-02T14:30:00Z,657.82,660.89,2,pivot|repeated_pivot,expired,3,3,pivot|repeated_pivot|volume_profile,pivot:2026-03-25T13:30:00Z|pivot:2026-04-01T17:00:00Z|pivot:2026-04-06T14:00:00Z|volume:POC:2026-04-06:657.882500,3,5,0,2026-04-07T20:00:00Z,2026-04-08T14:30:00Z,2026-04-15T20:00:00Z
1491,demand,demand,633.1,634.04,2026-03-27T19:00:00Z,2026-03-30T16:00:00Z,,,,,,expired,1,1,pivot,pivot:2026-03-27T19:00:00Z,1,1,0,2026-03-30T18:00:00Z,2026-03-30T19:00:00Z,2026-04-08T18:00:00Z
1492,demand,demand,629.28,631.4175258527521,2026-03-30T19:00:00Z,2026-03-31T16:00:00Z,,,,,,expired,1,1,pivot,pivot:2026-03-30T19:00:00Z,1,0,0,,,2026-05-19T19:00:00Z
1493,demand,demand,637.98,642.2988098812699,2026-03-31T14:00:00Z,2026-03-31T17:00:00Z,,,,,,expired,1,1,order_block,order_block:2026-03-31T14:00:00Z|structure_break:2026-03-31T16:00:00Z,0,0,0,,,2026-05-19T20:00:00Z
1495,demand,demand,645.11,646.42,2026-04-02T13:30:00Z,2026-04-02T17:00:00Z,,,,,,expired,1,1,pivot,pivot:2026-04-02T13:30:00Z,1,0,0,,,2026-05-21T20:00:00Z
1498,demand,demand,653.43,656.73,2026-04-07T18:00:00Z,2026-04-07T20:00:00Z,2026-04-07T20:00:00Z,653.43,656.73,2,order_block|volume_profile,expired,2,2,order_block|volume_profile,order_block:2026-04-07T18:00:00Z|structure_break:2026-04-07T19:00:00Z|volume:POC:2026-04-07:654.088125,0,0,0,,,2026-05-27T16:00:00Z
1499,supply,demand,676.39,677.4,2026-04-08T13:30:00Z,2026-04-08T17:00:00Z,2026-04-13T17:00:00Z,676.39,677.4,3,pivot|repeated_pivot|role_flip,expired,3,3,pivot|repeated_pivot|role_flip,pivot:2026-04-08T13:30:00Z|pivot:2026-04-13T13:30:00Z,2,1,1,2026-04-13T14:30:00Z,2026-04-09T16:00:00Z,2026-05-27T20:00:00Z
1502,supply,demand,702.22,704.0314055145469,2026-04-16T16:00:00Z,2026-04-16T20:00:00Z,2026-04-22T16:00:00Z,702.22,704.0314055145469,3,pivot|repeated_pivot|role_flip,expired,3,3,pivot|repeated_pivot|role_flip,pivot:2026-04-16T16:00:00Z|pivot:2026-04-21T19:00:00Z|pivot:2026-04-23T17:00:00Z,3,1,1,2026-04-23T18:00:00Z,2026-04-17T14:30:00Z,2026-06-05T16:00:00Z
1503,supply,supply,710.19,712.39,2026-04-17T16:00:00Z,2026-04-17T20:00:00Z,2026-04-23T18:00:00Z,710.19,712.39,2,order_block|pivot,expired,5,5,order_block|pivot|repeated_pivot|role_flip|volume_profile,pivot:2026-04-17T16:00:00Z|order_block:2026-04-23T14:00:00Z|structure_break:2026-04-23T17:00:00Z|pivot:2026-04-23T15:00:00Z|volume:POC:2026-04-23:710.890000,2,3,2,2026-04-28T17:00:00Z,2026-04-30T15:00:00Z,2026-05-08T14:30:00Z
1504,demand,demand,706.14,707.16,2026-04-20T15:00:00Z,2026-04-20T19:00:00Z,,,,,,expired,2,2,pivot|role_flip,pivot:2026-04-20T15:00:00Z,1,1,2,2026-04-23T20:00:00Z,2026-04-22T14:30:00Z,2026-06-09T15:00:00Z
1505,supply,demand,710.04,711.28,2026-04-21T14:00:00Z,2026-04-21T18:00:00Z,2026-04-22T18:00:00Z,710.04,711.28,2,pivot|repeated_pivot,expired,4,4,pivot|repeated_pivot|role_flip|volume_profile,pivot:2026-04-21T14:00:00Z|pivot:2026-04-22T14:00:00Z|volume:POC:2026-04-23:710.890000,2,2,1,2026-04-28T14:30:00Z,2026-04-29T17:00:00Z,2026-05-07T16:00:00Z
1511,supply,demand,713.9,714.6,2026-04-24T19:00:00Z,2026-04-27T16:00:00Z,2026-04-30T18:00:00Z,713.9,714.6,3,order_block|pivot|role_flip,expired,3,3,order_block|pivot|role_flip,pivot:2026-04-24T19:00:00Z|order_block:2026-04-30T16:00:00Z|structure_break:2026-04-30T17:00:00Z|structure_break:2026-05-01T13:30:00Z,1,1,1,2026-04-30T16:00:00Z,2026-04-27T18:00:00Z,2026-06-15T19:00:00Z
1512,demand,supply,712.29,713.3432240762713,2026-04-27T15:00:00Z,2026-04-27T19:00:00Z,,,,,,expired,2,2,pivot|role_flip,pivot:2026-04-27T15:00:00Z,1,1,1,2026-04-30T14:30:00Z,2026-04-30T15:00:00Z,2026-05-08T14:30:00Z
1513,supply,demand,714.99,716.243733938479,2026-04-27T19:00:00Z,2026-04-28T16:00:00Z,2026-05-04T20:00:00Z,714.99,716.243733938479,3,pivot|repeated_pivot|role_flip,expired,3,3,pivot|repeated_pivot|role_flip,pivot:2026-04-27T19:00:00Z|pivot:2026-05-04T16:00:00Z,2,1,1,2026-05-04T17:00:00Z,2026-04-30T18:00:00Z,2026-06-16T19:00:00Z
1514,demand,demand,709.25,710.3440908118857,2026-04-28T14:00:00Z,2026-04-28T18:00:00Z,2026-04-29T20:00:00Z,709.25,710.3440908118857,2,pivot|volume_profile,expired,3,3,pivot|repeated_pivot|volume_profile,pivot:2026-04-28T14:00:00Z|volume:POC:2026-04-29:710.205208|pivot:2026-04-29T18:00:00Z,2,1,0,2026-04-29T14:30:00Z,,2026-06-17T14:30:00Z
1515,supply,supply,711.44,712.2,2026-04-29T14:00:00Z,2026-04-29T18:00:00Z,,,,,,expired,1,1,pivot,pivot:2026-04-29T14:00:00Z,1,1,0,2026-04-29T20:00:00Z,2026-04-30T15:00:00Z,2026-05-08T14:30:00Z
1519,supply,supply,724.19,724.87,2026-05-01T14:00:00Z,2026-05-01T18:00:00Z,,,,,,expired,1,1,pivot,pivot:2026-05-01T14:00:00Z,1,1,0,2026-05-05T18:00:00Z,2026-05-06T14:30:00Z,2026-05-13T20:00:00Z
1520,supply,demand,720.77,725.2217348018604,2026-05-04T14:00:00Z,2026-05-04T16:00:00Z,2026-06-09T20:00:00Z,720.77,725.2217348018604,3,order_block|pivot|role_flip,expired,4,4,order_block|pivot|repeated_pivot|role_flip,order_block:2026-05-04T14:00:00Z|structure_break:2026-05-04T15:00:00Z|pivot:2026-06-09T16:00:00Z|pivot:2026-06-11T15:00:00Z,2,1,1,2026-06-11T15:00:00Z,2026-05-05T14:30:00Z,2026-06-23T19:00:00Z
1522,supply,supply,731.83,732.56,2026-05-06T14:00:00Z,2026-05-06T18:00:00Z,2026-05-12T20:00:00Z,731.83,732.56,3,pivot|repeated_pivot|role_flip,expired,3,3,pivot|repeated_pivot|role_flip,pivot:2026-05-06T14:00:00Z|pivot:2026-05-12T16:00:00Z|pivot:2026-05-19T14:00:00Z,3,1,2,2026-06-10T17:00:00Z,2026-06-11T18:00:00Z,2026-06-22T17:00:00Z
1523,supply,demand,735.8642150509502,736.13,2026-05-07T15:00:00Z,2026-05-07T19:00:00Z,2026-05-13T14:30:00Z,735.8642150509502,736.13,3,pivot|role_flip|volume_profile,expired,4,4,pivot|repeated_pivot|role_flip|volume_profile,pivot:2026-05-07T15:00:00Z|volume:POC:2026-05-12:736.065208|pivot:2026-06-05T19:00:00Z|pivot:2026-06-10T14:00:00Z|pivot:2026-06-26T15:00:00Z,4,12,9,2026-06-29T15:00:00Z,2026-06-29T14:30:00Z,2026-06-29T16:00:00Z
1524,demand,supply,729.75,731.0315660325084,2026-05-07T18:00:00Z,2026-05-08T15:00:00Z,,,,,,expired,2,2,pivot|role_flip,pivot:2026-05-07T18:00:00Z,1,1,3,2026-06-11T17:00:00Z,2026-06-11T18:00:00Z,2026-06-22T17:00:00Z
1525,supply,demand,740.2,740.79,2026-05-11T17:00:00Z,2026-05-12T14:30:00Z,2026-05-18T15:00:00Z,740.2,740.79,3,pivot|role_flip|volume_profile,expired,4,4,pivot|repeated_pivot|role_flip|volume_profile,pivot:2026-05-11T17:00:00Z|volume:POC:2026-05-15:740.595417|pivot:2026-05-20T15:00:00Z,2,2,5,2026-06-12T15:00:00Z,2026-06-12T16:00:00Z,2026-06-23T15:00:00Z
1527,demand,demand,742.22,742.65,2026-05-13T19:00:00Z,2026-05-14T15:00:00Z,2026-05-14T15:00:00Z,742.22,742.65,2,order_block|volume_profile,expired,3,3,order_block|role_flip|volume_profile,order_block:2026-05-13T19:00:00Z|structure_break:2026-05-14T14:00:00Z|volume:POC:2026-05-13:742.327500,0,0,2,2026-05-21T18:00:00Z,2026-05-21T19:00:00Z,2026-06-01T18:00:00Z
1528,supply,demand,749.2744023988998,749.53,2026-05-14T16:00:00Z,2026-05-14T20:00:00Z,,,,,,expired,2,2,pivot|role_flip,pivot:2026-05-14T16:00:00Z,1,0,1,2026-05-26T20:00:00Z,2026-05-27T16:00:00Z,2026-06-04T15:00:00Z
1529,demand,demand,737.96,739.17,2026-05-15T13:30:00Z,2026-05-15T17:00:00Z,,,,,,expired,1,1,pivot,pivot:2026-05-15T13:30:00Z,1,1,0,2026-05-15T20:00:00Z,2026-05-18T16:00:00Z,2026-05-27T15:00:00Z
1530,supply,supply,742.97,743.46,2026-05-15T18:00:00Z,2026-05-18T15:00:00Z,,,,,,expired,1,1,pivot,pivot:2026-05-15T18:00:00Z,1,0,0,,2026-05-21T18:00:00Z,2026-06-01T17:00:00Z
1533,demand,demand,737.03,739.3,2026-05-21T16:00:00Z,2026-05-21T18:00:00Z,2026-05-21T19:00:00Z,737.03,739.3,2,order_block|pivot,expired,4,4,order_block|pivot|role_flip|volume_profile,order_block:2026-05-21T16:00:00Z|structure_break:2026-05-21T17:00:00Z|pivot:2026-05-21T15:00:00Z|volume:POC:2026-05-21:738.826667,1,8,4,2026-06-29T18:00:00Z,2026-06-24T15:00:00Z,2026-07-14T14:30:00Z
1535,supply,supply,747.54,748.16,2026-05-22T13:30:00Z,2026-05-22T17:00:00Z,,,,,,expired,1,1,pivot,pivot:2026-05-22T13:30:00Z,1,1,0,2026-05-22T18:00:00Z,2026-05-26T14:30:00Z,2026-06-02T20:00:00Z
1536,supply,demand,750.5,752.13,2026-05-26T14:00:00Z,2026-05-26T18:00:00Z,2026-05-27T18:00:00Z,750.5,752.13,2,pivot|repeated_pivot,expired,5,5,order_block|pivot|repeated_pivot|role_flip|volume_profile,pivot:2026-05-26T14:00:00Z|pivot:2026-05-27T14:00:00Z|pivot:2026-06-04T13:30:00Z|volume:POC:2026-06-16:751.617500|order_block:2026-06-17T17:00:00Z|structure_break:2026-06-17T18:00:00Z|structure_break:2026-06-17T19:00:00Z|pivot:2026-06-22T14:00:00Z|pivot:2026-07-02T14:00:00Z|pivot:2026-07-06T19:00:00Z|pivot:2026-07-15T16:00:00Z,7,8,7,2026-07-15T17:00:00Z,2026-07-14T18:00:00Z,2026-07-16T14:30:00Z
1538,demand,demand,748.22,749.400016970783,2026-05-27T17:00:00Z,2026-05-28T14:30:00Z,2026-05-28T14:30:00Z,748.22,749.400016970783,2,pivot|volume_profile,expired,2,2,pivot|volume_profile,pivot:2026-05-27T17:00:00Z|volume:POC:2026-05-26:749.075000,1,1,0,2026-06-05T14:30:00Z,2026-06-05T16:00:00Z,2026-06-15T15:00:00Z
1539,supply,supply,756.79,758.08,2026-05-29T14:00:00Z,2026-05-29T18:00:00Z,2026-06-05T14:30:00Z,756.79,758.08,3,order_block|pivot|role_flip,active,5,5,order_block|pivot|repeated_pivot|role_flip|volume_profile,pivot:2026-05-29T14:00:00Z|order_block:2026-06-04T17:00:00Z|structure_break:2026-06-05T13:30:00Z|volume:POC:2026-06-04:757.597500|pivot:2026-06-04T19:00:00Z|pivot:2026-06-15T16:00:00Z,3,2,2,2026-06-04T19:00:00Z,2026-06-02T14:30:00Z,
1540,demand,demand,754.69,755.34,2026-06-01T13:30:00Z,2026-06-01T17:00:00Z,,,,,,expired,1,1,pivot,pivot:2026-06-01T13:30:00Z,1,2,0,2026-06-03T16:00:00Z,2026-06-03T20:00:00Z,2026-06-11T19:00:00Z
1541,supply,supply,759.55,760.4,2026-06-01T17:00:00Z,2026-06-02T14:30:00Z,2026-06-02T19:00:00Z,759.55,760.4,2,pivot|repeated_pivot,rejected,2,2,pivot|repeated_pivot,pivot:2026-06-01T17:00:00Z|pivot:2026-06-02T15:00:00Z,2,2,0,2026-06-02T20:00:00Z,,
1543,demand,demand,753.57,754.5336890103099,2026-06-03T16:00:00Z,2026-06-03T20:00:00Z,,,,,,expired,1,1,pivot,pivot:2026-06-03T16:00:00Z,1,0,0,,2026-06-04T14:30:00Z,2026-06-11T20:00:00Z
1547,supply,supply,748.76,750.96,2026-06-05T14:00:00Z,2026-06-05T16:00:00Z,,,,,,expired,1,1,order_block,order_block:2026-06-05T14:00:00Z|structure_break:2026-06-05T15:00:00Z,0,0,0,,2026-06-15T14:30:00Z,2026-06-23T20:00:00Z
1548,supply,supply,744.54,745.34,2026-06-05T17:00:00Z,2026-06-05T19:00:00Z,2026-06-08T19:00:00Z,744.54,745.34,2,order_block|pivot,expired,4,4,order_block|pivot|repeated_pivot|role_flip,order_block:2026-06-05T17:00:00Z|structure_break:2026-06-05T18:00:00Z|pivot:2026-06-08T15:00:00Z|order_block:2026-06-09T13:30:00Z|structure_break:2026-06-09T15:00:00Z|pivot:2026-06-09T13:30:00Z|pivot:2026-06-12T15:00:00Z|pivot:2026-07-01T13:30:00Z,4,6,4,2026-07-08T17:00:00Z,2026-07-09T14:30:00Z,2026-07-16T20:00:00Z
1558,demand,supply,747.85,749.06,2026-06-17T14:00:00Z,2026-06-17T18:00:00Z,,,,,,expired,2,2,pivot|role_flip,pivot:2026-06-17T14:00:00Z,1,2,1,2026-06-18T20:00:00Z,2026-06-22T14:30:00Z,2026-06-29T20:00:00Z
1561,demand,demand,739.22,741.02,2026-06-17T19:00:00Z,2026-06-18T16:00:00Z,2026-06-24T19:00:00Z,739.22,741.02,3,pivot|repeated_pivot|role_flip,rejected,4,4,pivot|repeated_pivot|role_flip|volume_profile,pivot:2026-06-17T19:00:00Z|pivot:2026-06-24T15:00:00Z|pivot:2026-06-29T13:30:00Z|volume:POC:2026-06-29:740.178958|pivot:2026-07-02T17:00:00Z|pivot:2026-07-08T15:00:00Z,5,5,2,2026-07-08T15:00:00Z,2026-06-30T14:30:00Z,
1562,demand,demand,743.15,744.72,2026-06-22T14:00:00Z,2026-06-22T18:00:00Z,2026-06-22T20:00:00Z,743.15,744.72,2,pivot|volume_profile,expired,2,2,pivot|volume_profile,pivot:2026-06-22T14:00:00Z|volume:POC:2026-06-22:743.864375,1,1,0,2026-06-22T19:00:00Z,2026-06-23T14:30:00Z,2026-06-30T20:00:00Z
1564,demand,demand,731.93,733.74,2026-06-23T13:30:00Z,2026-06-23T17:00:00Z,2026-06-25T14:30:00Z,731.93,733.74,3,order_block|pivot|role_flip,verified,4,4,order_block|pivot|role_flip|volume_profile,pivot:2026-06-23T13:30:00Z|order_block:2026-06-24T19:00:00Z|structure_break:2026-06-25T13:30:00Z|volume:POC:2026-06-26:733.620625,1,1,4,2026-06-29T15:00:00Z,2026-06-29T14:30:00Z,
1567,demand,demand,726.86,730.111269328869,2026-06-25T13:30:00Z,2026-06-25T17:00:00Z,2026-06-26T17:00:00Z,726.86,730.111269328869,2,pivot|repeated_pivot,touched,2,2,pivot|repeated_pivot,pivot:2026-06-25T13:30:00Z|pivot:2026-06-26T13:30:00Z,2,2,0,2026-06-26T20:00:00Z,,
1570,demand,demand,716.58,719.4177266009278,2026-06-26T19:00:00Z,2026-06-29T16:00:00Z,,,,,,candidate,1,1,pivot,pivot:2026-06-26T19:00:00Z,1,0,0,,,
1573,supply,demand,748.15,749.44,2026-07-01T16:00:00Z,2026-07-01T20:00:00Z,2026-07-10T18:00:00Z,748.15,749.44,3,pivot|repeated_pivot|role_flip,rejected,4,4,pivot|repeated_pivot|role_flip|volume_profile,pivot:2026-07-01T16:00:00Z|pivot:2026-07-10T14:00:00Z|volume:POC:2026-07-13:749.110000|pivot:2026-07-13T19:00:00Z,3,4,3,2026-07-16T20:00:00Z,2026-07-09T16:00:00Z,
1577,demand,demand,745.21,746.45,2026-07-07T14:00:00Z,2026-07-07T18:00:00Z,,,,,,verified,2,2,pivot|role_flip,pivot:2026-07-07T14:00:00Z,1,1,2,2026-07-09T15:00:00Z,2026-07-09T14:30:00Z,
1580,supply,supply,754.45,755.58,2026-07-10T19:00:00Z,2026-07-13T16:00:00Z,2026-07-15T17:00:00Z,754.45,755.58,2,pivot|repeated_pivot,rejected,2,2,pivot|repeated_pivot,pivot:2026-07-10T19:00:00Z|pivot:2026-07-15T13:30:00Z,2,3,0,2026-07-16T15:00:00Z,,
1582,supply,demand,752.1056170490913,753.34,2026-07-14T14:00:00Z,2026-07-14T18:00:00Z,2026-07-16T14:30:00Z,752.1056170490913,753.34,3,pivot|role_flip|volume_profile,broken,3,3,pivot|role_flip|volume_profile,pivot:2026-07-14T14:00:00Z|volume:POC:2026-07-15:753.226250,1,1,3,2026-07-16T16:00:00Z,2026-07-16T18:00:00Z,
