decision_timestamp,entry_timestamp,exit_timestamp,side,rrms_tier,quantity,entry_price,stop_price,target_price,exit_price,exit_reason,gross_pnl,costs,net_pnl,result_r,equity_after
2021-05-19T03:45:00Z,2021-05-19T03:45:00Z,2021-05-21T20:30:00Z,short,0,14499,1.41856569345,1.4289108022743389,1.408220584625661,1.41520405735,weekend_close,48.740361813899334,4.0,44.740361813899334,0.298281541272157,100044.74036181389
2021-05-23T23:30:00Z,2021-05-23T23:30:00Z,2021-05-28T20:30:00Z,short,0,12877,1.41428599305,1.4259390159383563,1.4026329701616438,1.41954436115,weekend_close,-67.71200602370028,4.0,-71.71200602370028,-0.4779017008368027,99973.02835579019
2021-05-31T01:00:00Z,2021-05-31T01:00:00Z,2021-06-04T20:30:00Z,short,0,13941,1.41804572985,1.4288019679520207,1.4072894917479792,1.41675416585,weekend_close,18.005693723999546,4.0,14.005693723999546,0.09340073428134944,99987.03404951419
2021-06-07T03:30:00Z,2021-06-07T03:30:00Z,2021-06-11T20:30:00Z,short,0,12574,1.41426599445,1.4261929173926369,1.4023390715073631,1.4113087847,weekend_close,37.18395539649889,4.0,33.18395539649889,0.2212719084248247,100020.21800491068
2021-06-14T02:45:00Z,2021-06-14T02:45:00Z,2021-06-16T18:30:00Z,short,0,15109,1.4115161869500001,1.4214454734384663,1.401586900461534,1.4016850115445663,target,148.53922920070048,4.0,144.53922920070048,0.9634561907401171,100164.75723411138
2021-06-17T08:30:00Z,2021-06-17T08:30:00Z,2021-06-18T06:30:00Z,short,0,13758,1.3987720791,1.4096921326313452,1.3878520255686548,1.3879491752104447,target,148.90151171250199,4.0,144.90151171250199,0.9644791507838061,100309.6587458239
2021-06-21T02:15:00Z,2021-06-21T02:15:00Z,2021-06-21T16:30:00Z,long,0,14520,1.38207173825,1.371709472109228,1.3924340043907721,1.3923365340104648,target,149.04483444194722,4.0,145.04483444194722,0.9640085991901083,100454.70358026584
2021-06-21T18:00:00Z,2021-06-21T18:00:00Z,2021-06-25T20:30:00Z,long,0,10529,1.3930475064999999,1.3787374671468264,1.4073575458531733,1.3883078116499998,weekend_close,-49.90424707565033,4.0,-53.90424707565033,-0.3577626761430182,100400.79933319018
2021-06-27T23:00:00Z,2021-06-27T23:00:00Z,2021-07-01T08:45:00Z,short,0,14712,1.38890277,1.3991389153277403,1.3786666246722599,1.378763131335987,target,149.17436402496114,4.0,145.17436402496114,0.964010518903012,100545.97369721514
2021-07-01T10:30:00Z,2021-07-01T10:30:00Z,2021-07-02T20:30:00Z,short,0,10867,1.37782854525,1.3917061247051083,1.3639509657948918,1.3834368338,weekend_close,-60.94527167284947,4.0,-64.94527167284947,-0.4306496992385115,100481.02842554229
2021-07-05T08:30:00Z,2021-07-05T08:30:00Z,2021-07-09T20:30:00Z,long,0,11834,1.38514195315,1.3724059095086623,1.3978779967913377,1.3898427042,weekend_close,55.62868792569877,4.0,51.62868792569877,0.3425507988676494,100532.65711346798
2021-07-12T02:15:00Z,2021-07-12T02:15:00Z,2021-07-16T14:00:00Z,long,0,12966,1.3904973280000001,1.3788677530429838,1.4021269029570165,1.3787712323002708,stop,-152.0405568426911,4.0,-156.0405568426911,-1.0348267151497246,100376.61655662529
2021-07-18T23:45:00Z,2021-07-18T23:45:00Z,2021-07-20T06:30:00Z,short,0,13077,1.3760086726499998,1.3875216816106293,1.3644956636893704,1.3645911783858287,target,149.30657249256623,4.0,145.30657249256623,0.9651355044129006,100521.92312911786
2021-07-20T12:15:00Z,2021-07-20T12:15:00Z,2021-07-22T10:15:00Z,short,0,9807,1.3605247565999998,1.3758989810891002,1.3451505321108994,1.3759952940177764,stop,-151.7195604561351,4.0,-155.7195604561351,-1.0327941651462265,100366.20356866172
2021-07-22T11:00:00Z,2021-07-22T11:00:00Z,2021-07-23T20:30:00Z,long,0,11307,1.37607131825,1.3627570870500076,1.3893855494499923,1.37457877275,weekend_close,-16.87621196849872,4.0,-20.87621196849872,-0.1386718187354521,100345.32735669322
2021-07-26T00:00:00Z,2021-07-26T00:00:00Z,2021-07-27T14:45:00Z,long,0,14351,1.375796299,1.365308207970593,1.3862843900294068,1.3861873501221047,target,149.12197465332613,4.0,145.12197465332613,0.9641721141227882,100490.44933134655
2021-07-27T15:45:00Z,2021-07-27T15:45:00Z,2021-07-30T20:30:00Z,long,0,8000,1.3892572412,1.3704160184206695,1.4080984639793304,1.390502658,weekend_close,9.963334400000079,4.0,5.963334400000079,0.03956307978151832,100496.41266574655
2021-08-02T01:00:00Z,2021-08-02T01:00:00Z,2021-08-06T20:30:00Z,short,0,14577,1.38996769545,1.400308785222392,1.3796266056776079,1.3877171334,weekend_close,32.80644300284942,4.0,28.80644300284942,0.19109757376527342,100525.2191087494
2021-08-08T23:45:00Z,2021-08-08T23:45:00Z,2021-08-13T20:30:00Z,short,0,13154,1.38641794395,1.3978804888137688,1.374955399086231,1.3869070767,weekend_close,-6.434052193500859,4.0,-10.43405219350086,-0.06920127860528226,100514.7850565559
2021-08-15T23:45:00Z,2021-08-15T23:45:00Z,2021-08-17T13:00:00Z,long,0,14497,1.3866270571000001,1.3762269733313566,1.3970271408686437,1.3761306374432234,stop,-152.16659576429217,4.0,-156.16659576429217,-1.0357934659086998,100358.61846079161
2021-08-17T13:30:00Z,2021-08-17T13:30:00Z,2021-08-20T11:45:00Z,short,0,10141,1.3755437052,1.3903867519968671,1.3607006584031327,1.3607959074492209,target,149.5574169906504,4.0,145.5574169906504,0.9670089658079195,100504.17587778225
2021-08-23T01:15:00Z,2021-08-23T01:15:00Z,2021-08-27T14:00:00Z,long,0,12260,1.3645855143,1.352289493634395,1.3768815349656052,1.3767851532581576,target,149.56757362701177,4.0,145.56757362701177,0.965627417763557,100649.74345140926
2021-08-30T00:45:00Z,2021-08-30T00:45:00Z,2021-09-03T14:45:00Z,long,0,14496,1.3763613385500002,1.3659468787354514,1.386775798364549,1.3866787240586635,target,149.56082033358388,4.0,145.56082033358388,0.9641832123438758,100795.30427174285
2021-09-05T23:45:00Z,2021-09-05T23:45:00Z,2021-09-08T08:15:00Z,short,0,14155,1.3860229716,1.3967036316415415,1.3753423115584587,1.3754385855202678,target,149.82198495861118,4.0,145.82198495861118,0.9645284449543952,100941.12625670146
2021-09-08T09:15:00Z,2021-09-08T09:15:00Z,2021-09-10T07:45:00Z,short,0,13012,1.3758336849000001,1.387469737476492,1.3641976323235083,1.3875668603581153,stop,-152.67207906099424,4.0,-156.67207906099424,-1.0347653488948807,100784.45417764047
2021-09-13T01:45:00Z,2021-09-13T01:45:00Z,2021-09-17T20:30:00Z,short,0,13762,1.3830981763499999,1.3940827729496683,1.3721135797503314,1.3730761086,weekend_close,137.92369637549734,4.0,133.92369637549734,0.8859144014722783,100918.37787401596
2021-09-19T23:45:00Z,2021-09-19T23:45:00Z,2021-09-24T20:30:00Z,short,0,12714,1.3727539004999998,1.3846594985025003,1.3608483024974993,1.3676857313000002,weekend_close,64.43670320879541,4.0,60.43670320879541,0.3992706109726661,100978.81457722475
2021-09-26T23:00:00Z,2021-09-26T23:00:00Z,2021-09-28T12:15:00Z,short,0,14363,1.36683931455,1.3773849692682951,1.3562936598317048,1.356388600387893,target,150.10360751034077,4.0,146.10360751034077,0.9645888361476791,101124.9181847351
2021-09-28T13:15:00Z,2021-09-28T13:15:00Z,2021-10-01T20:30:00Z,short,0,7485,1.3557150933,1.37597907004688,1.33545111655312,1.3545548122,weekend_close,8.684704033499951,4.0,4.684704033499951,0.0308862850668149,101129.6028887686
2021-10-04T00:30:00Z,2021-10-04T00:30:00Z,2021-10-08T20:30:00Z,long,0,12851,1.35700998405,1.345206389119292,1.368813578980708,1.36158968205,weekend_close,58.85369899799884,4.0,54.85369899799884,0.36162187883599867,101184.4565877666
2021-10-11T00:30:00Z,2021-10-11T00:30:00Z,2021-10-14T09:15:00Z,short,0,17816,1.36351954695,1.3720384379876915,1.3550006559123087,1.3721344806783506,stop,-153.48365930429318,4.0,-157.48365930429318,-1.037629308447774,101026.9729284623
2021-10-14T16:15:00Z,2021-10-14T16:15:00Z,2021-10-15T20:30:00Z,short,0,12915,1.3688841714,1.3806170666834743,1.3571512761165256,1.37412118175,weekend_close,-67.63598867025163,4.0,-71.63598867025163,-0.47275012679101963,100955.33693979205
2021-10-18T00:00:00Z,2021-10-18T00:00:00Z,2021-10-22T20:30:00Z,long,0,13473,1.3761613245500002,1.3649218167726471,1.3874008323273532,1.375603701,weekend_close,-7.512862089152952,4.0,-11.512862089152952,-0.07602767339786966,100943.8240777029
2021-10-24T23:00:00Z,2021-10-24T23:00:00Z,2021-10-29T20:30:00Z,short,0,15729,1.3763186509499998,1.385944669586269,1.3666926323137307,1.3686157964,weekend_close,121.15819921694606,4.0,117.15819921694606,0.7737931434628813,101060.98227691985
2021-11-01T01:45:00Z,2021-11-01T01:45:00Z,2021-11-04T12:00:00Z,short,0,13752,1.3680742281,1.3790967909055314,1.3570516652944686,1.3571466589110392,target,150.2759314865884,4.0,146.2759314865884,0.9649935857575371,101207.25820840643
2021-11-04T13:00:00Z,2021-11-04T13:00:00Z,2021-11-05T20:30:00Z,short,0,7604,1.354405185,1.3743680345380878,1.3344423354619124,1.349494458,weekend_close,37.34116810800129,4.0,33.34116810800129,0.21964239447649542,101240.59937651444
2021-11-08T03:15:00Z,2021-11-08T03:15:00Z,2021-11-09T09:15:00Z,short,0,14455,1.3482756141,1.358781272111972,1.337769956088028,1.3588763868010199,stop,-153.2341693932409,4.0,-157.2341693932409,-1.035393836964681,101083.3652071212
2021-11-09T11:30:00Z,2021-11-09T11:30:00Z,2021-11-10T15:45:00Z,long,0,13213,1.3583750796,1.3469002627055002,1.3698498964944998,1.3468059796871108,stop,-152.86251714900547,4.0,-156.86251714900547,-1.03459882451834,100926.5026899722
2021-11-10T17:30:00Z,2021-11-10T17:30:00Z,2021-11-12T21:30:00Z,short,0,9361,1.3456857953999999,1.3618581258312326,1.3295134649687672,1.34160890605,weekend_close,38.16376120534846,4.0,34.16376120534846,0.22566843970864855,100960.66645117755
2021-11-15T02:15:00Z,2021-11-15T02:15:00Z,2021-11-19T21:30:00Z,long,0,12748,1.3434140324000001,1.331535052646523,1.3552930121534772,1.3448258556,weekend_close,17.99792215359711,4.0,13.99792215359711,0.0924362624593221,100974.66437333114
2021-11-22T00:15:00Z,2021-11-22T00:15:00Z,2021-11-24T14:00:00Z,short,0,13951,1.34421089865,1.35506742291302,1.3333543743869802,1.3334477091931873,target,150.15725611199483,4.0,146.15725611199483,0.964993160333186,101120.82162944313
2021-11-24T14:15:00Z,2021-11-24T14:15:00Z,2021-11-26T21:30:00Z,short,0,11542,1.3337416315500001,1.3468827667951508,1.3206004963048494,1.3357234941,weekend_close,-22.874657552098615,4.0,-26.874657552098615,-0.1771858286753986,101093.94697189104
2021-11-29T02:30:00Z,2021-11-29T02:30:00Z,2021-11-30T15:45:00Z,short,0,14506,1.3333466591999998,1.3437998812063874,1.3228934371936123,1.322986039734216,target,150.29114597066163,4.0,146.29114597066163,0.964762012445801,101240.2381178617
2021-11-30T18:00:00Z,2021-11-30T18:00:00Z,2021-12-03T21:30:00Z,short,0,8618,1.3263321502499998,1.3439534254713497,1.30871087502865,1.3235426415,weekend_close,24.03998640749859,4.0,20.03998640749859,0.13196343100076707,101260.27810426921
2021-12-06T01:30:00Z,2021-12-06T01:30:00Z,2021-12-10T21:30:00Z,short,0,13992,1.32329236305,1.3341473940067032,1.3124373320932967,1.32696788125,weekend_close,-51.427850654401624,4.0,-55.427850654401624,-0.364936393103703,101204.8502536148
2021-12-13T04:45:00Z,2021-12-13T04:45:00Z,2021-12-16T12:00:00Z,short,0,13794,1.32466226715,1.3356674852670396,1.3136570490329602,1.3357609819910083,stop,-153.09567251687042,4.0,-157.09567251687042,-1.034845095400714,101047.75458109794
2021-12-16T13:30:00Z,2021-12-16T13:30:00Z,2021-12-17T21:30:00Z,long,0,7796,1.3369835823,1.317541468265593,1.356425696334407,1.3231723714499999,weekend_close,-107.67219978660113,4.0,-111.67219978660113,-0.7367663031541917,100936.08238131134
2021-12-20T00:30:00Z,2021-12-20T00:30:00Z,2021-12-22T16:00:00Z,short,0,12372,1.3231423735499999,1.3353795306924157,1.310905216407584,1.3354730072595642,stop,-152.5546002547299,4.0,-156.5546002547299,-1.034059158012126,100779.5277810566
2021-12-22T17:00:00Z,2021-12-22T17:00:00Z,2021-12-24T21:30:00Z,long,0,10912,1.3345784139499999,1.3207260360688124,1.3484307918311873,1.34083113525,weekend_close,68.22969482560106,4.0,64.22969482560106,0.42491999825083626,100843.7574758822
2021-12-27T04:00:00Z,2021-12-27T04:00:00Z,2021-12-31T15:15:00Z,long,0,13295,1.34154890185,1.3301720581528629,1.352925745547137,1.3528310407449486,target,149.99603660834254,4.0,145.99603660834254,0.9652302695232485,100989.75351249054
2022-01-03T01:45:00Z,2022-01-03T01:45:00Z,2022-01-07T21:30:00Z,short,0,13872,1.3518653628000001,1.3627854247290228,1.3409453008709775,1.35967017025,weekend_close,-108.26828894639854,4.0,-112.26828894639854,-0.7411274896584452,100877.48522354414
2022-01-10T01:30:00Z,2022-01-10T01:30:00Z,2022-01-12T16:30:00Z,long,0,14102,1.3592351398,1.3485054265530112,1.3699648530469888,1.3698689555072754,target,149.95806910399764,4.0,145.95806910399764,0.9646267108429335,101023.44329264814
2022-01-12T18:00:00Z,2022-01-12T18:00:00Z,2022-01-14T21:30:00Z,long,0,10308,1.3708459524999999,1.356145453776015,1.3855464512239848,1.36777924875,weekend_close,-31.611582254998392,4.0,-35.611582254998396,-0.23500916076607611,100987.83171039313
2022-01-17T00:45:00Z,2022-01-17T00:45:00Z,2022-01-21T08:00:00Z,short,0,13961,1.3670443002,1.3778939863729505,1.3561946140270493,1.3562895476500312,target,150.14710035011325,4.0,146.14710035011325,0.9648426650893019,101133.97881074324
2022-01-24T00:00:00Z,2022-01-24T00:00:00Z,2022-01-24T15:00:00Z,short,0,14594,1.3554351129,1.3658293148684102,1.3450409109315897,1.345135063795355,target,150.31891663318902,4.0,146.31891663318902,0.9645727391680307,101280.29772737643
2022-01-24T16:15:00Z,2022-01-24T16:15:00Z,2022-01-28T21:30:00Z,short,0,10371,1.34555080485,1.3601984440341297,1.3309031656658703,1.3401238021000001,weekend_close,56.283445520248485,4.0,52.283445520248485,0.3441723145865915,101332.58117289668
2022-01-31T01:15:00Z,2022-01-31T01:15:00Z,2022-02-01T19:45:00Z,long,0,13499,1.3407688472500001,1.3295094055137007,1.3520282889862996,1.3519336470060705,target,150.71363190719475,4.0,146.71363190719475,0.9652771216209965,101479.29480480388
2022-02-01T20:00:00Z,2022-02-01T20:00:00Z,2022-02-04T21:30:00Z,long,0,12762,1.3518746246,1.3399473802343815,1.3638018689656184,1.3523203309499998,weekend_close,5.688104438698119,4.0,1.6881044386981188,0.011090227479015575,101480.98290924258
2022-02-07T01:30:00Z,2022-02-07T01:30:00Z,2022-02-10T16:15:00Z,short,0,14887,1.3532952627000001,1.3635198728583529,1.3430706525416474,1.363615319249453,stop,-153.6346818517036,4.0,-157.6346818517036,-1.035613797447309,101323.34822739087
2022-02-10T17:15:00Z,2022-02-10T17:15:00Z,2022-02-11T21:30:00Z,long,0,8769,1.36300040335,1.3456697915910498,1.3803310151089503,1.3560750681,weekend_close,-60.72826480725047,4.0,-64.72826480725047,-0.4259219297942259,101258.61996258363
2022-02-14T03:15:00Z,2022-02-14T03:15:00Z,2022-02-18T21:30:00Z,short,0,12184,1.3540802077499998,1.3665463704593337,1.341614045040666,1.3601152014,weekend_close,-73.53036263160186,4.0,-77.53036263160186,-0.5104452113637813,101181.08959995203
2022-02-21T00:30:00Z,2022-02-21T00:30:00Z,2022-02-24T07:15:00Z,short,0,14222,1.3590598591499998,1.3697308977583633,1.3483888205416363,1.3484832077590743,target,150.42113608174336,4.0,146.42113608174336,0.9647980270876882,101327.51073603377
2022-02-24T08:15:00Z,2022-02-24T08:15:00Z,2022-02-24T14:15:00Z,short,0,11339,1.3482856133999999,1.3616891245319003,1.3348821022680994,1.3349755440152582,target,150.9228767535857,4.0,146.9228767535857,0.9667097272616628,101474.43361278735
2022-02-24T14:30:00Z,2022-02-24T14:30:00Z,2022-02-25T21:30:00Z,short,0,7664,1.33448157975,1.3543400237659422,1.3146231357340579,1.3415038987,weekend_close,-53.81905243280039,4.0,-57.81905243280039,-0.379900842785168,101416.61456035456
2022-02-28T00:30:00Z,2022-02-28T00:30:00Z,2022-03-04T13:30:00Z,short,0,11555,1.336806417,1.3499710494906478,1.3236417845093522,1.3237344394342678,target,151.04670077203554,4.0,147.04670077203554,0.9666663376897782,101563.66126112659
2022-03-07T00:30:00Z,2022-03-07T00:30:00Z,2022-03-11T05:30:00Z,short,0,11572,1.3205475552000001,1.3337122954402898,1.3073828149597104,1.3074743317567576,target,151.2833416852018,4.0,147.2833416852018,0.9667916926815323,101710.9446028118
2022-03-14T03:15:00Z,2022-03-14T03:15:00Z,2022-03-16T19:30:00Z,short,0,11595,1.3012689048000001,1.3144263273566448,1.2881114822433555,1.3145183371995597,stop,-153.62716867289308,4.0,-157.62716867289308,-1.0332121374010883,101553.31743413891
2022-03-17T01:15:00Z,2022-03-17T01:15:00Z,2022-03-18T20:30:00Z,long,0,12304,1.3150220450999999,1.3026421463773155,1.3274019438226843,1.31795273685,weekend_close,36.05923129200058,4.0,32.05923129200058,0.21046975254869305,101585.37666543091
2022-03-21T00:45:00Z,2022-03-21T00:45:00Z,2022-03-23T00:00:00Z,short,0,13349,1.3160778681,1.3274924879220247,1.3046632482779754,1.3275854123961792,stop,-153.61420880969578,4.0,-157.61420880969578,-1.0343920685907095,101427.76245662122
2022-03-23T02:00:00Z,2022-03-23T02:00:00Z,2022-03-24T08:45:00Z,long,0,12486,1.3281829663,1.3159984281201875,1.3403675044798125,1.3159063082302191,stop,-153.2863526592836,4.0,-157.2863526592836,-1.0338526323886335,101270.47610396193
2022-03-24T10:15:00Z,2022-03-24T10:15:00Z,2022-03-25T20:30:00Z,short,0,14086,1.3184577015,1.329241780871921,1.3076736221280791,1.3186522992,weekend_close,-2.7411032021995134,4.0,-6.741103202199513,-0.04437723264878059,101263.73500075973
2022-03-28T01:15:00Z,2022-03-28T01:15:00Z,2022-04-01T20:30:00Z,short,0,12323,1.316007873,1.328333316581415,1.303682429418585,1.3111517741999998,weekend_close,59.84170551240188,4.0,55.84170551240188,0.3676543149700856,101319.57670627213
2022-04-03T22:00:00Z,2022-04-03T22:00:00Z,2022-04-08T13:15:00Z,long,0,14983,1.3108617539,1.300718376196198,1.321005131603802,1.3006273259098642,stop,-153.34243457620548,4.0,-157.34243457620548,-1.035295887482891,101162.23427169592
2022-04-10T23:45:00Z,2022-04-10T23:45:00Z,2022-04-14T01:45:00Z,long,0,14685,1.30341623275,1.2930835071542626,1.3137489583457376,1.3136569959186533,target,150.3856071316721,4.0,146.3856071316721,0.9647383245641076,101308.6198788276
2022-04-14T02:45:00Z,2022-04-14T02:45:00Z,2022-04-15T20:30:00Z,long,0,12283,1.3133619289,1.300990221118104,1.3257336366818961,1.30615356285,weekend_close,-88.54036019214963,4.0,-92.54036019214963,-0.6089716573359538,101216.07951863545
2022-04-18T00:30:00Z,2022-04-18T00:30:00Z,2022-04-22T07:15:00Z,short,0,12427,1.3041887004000001,1.3164051347082035,1.2919722660917967,1.2920627041504231,target,150.68975539349336,4.0,146.68975539349336,0.9662489212378044,101362.76927402895
2022-04-24T23:45:00Z,2022-04-24T23:45:00Z,2022-04-25T10:00:00Z,short,0,13529,1.28303518125,1.2942731341431644,1.2717972283568357,1.2718862541628206,target,150.83383456245016,4.0,146.83383456245016,0.9657689454708916,101509.6031085914
2022-04-25T10:30:00Z,2022-04-25T10:30:00Z,2022-04-27T07:15:00Z,short,0,9557,1.2718709628,1.287802281593812,1.255939644006188,1.2560275597812685,target,151.41540265001743,4.0,147.41540265001743,0.9682099664871201,101657.01851124142
2022-04-27T09:00:00Z,2022-04-27T09:00:00Z,2022-04-29T20:30:00Z,short,0,10383,1.25373723225,1.2684224368287134,1.2390520276712866,1.2573580089,weekend_close,-37.594523956950475,4.0,-41.594523956950475,-0.2727930510419672,101615.42398728446
2022-05-02T03:15:00Z,2022-05-02T03:15:00Z,2022-05-05T11:15:00Z,short,0,12652,1.25587708245,1.2679238799192203,1.2438302849807799,1.2439173531007286,target,151.3144957269827,4.0,147.3144957269827,0.9665285591868825,101762.73848301145
2022-05-05T13:00:00Z,2022-05-05T13:00:00Z,2022-05-06T20:30:00Z,short,0,5689,1.23881827665,1.2656471694447637,1.2119893838552362,1.23338133065,weekend_close,30.93078579399936,4.0,26.93078579399936,0.17644540044402207,101789.66926880545
2022-05-08T23:30:00Z,2022-05-08T23:30:00Z,2022-05-12T02:45:00Z,short,0,13503,1.23286869315,1.244175998766972,1.2215613875330278,1.221646896830155,target,151.5279157068654,4.0,147.5279157068654,0.9662395465938565,101937.19718451232
2022-05-12T03:45:00Z,2022-05-12T03:45:00Z,2022-05-13T20:30:00Z,short,0,12778,1.22301938265,1.2349854993201268,1.2110532659798732,1.22501074475,weekend_close,-25.44562491380077,4.0,-29.44562491380077,-0.1925771073145307,101907.75155959852
2022-05-15T23:15:00Z,2022-05-15T23:15:00Z,2022-05-17T06:00:00Z,long,0,13241,1.22483073215,1.21328662543916,1.23637483886084,1.2362882926221197,target,151.70955821133634,4.0,147.70955821133634,0.9663344912287238,102055.46111780986
2022-05-17T07:00:00Z,2022-05-17T07:00:00Z,2022-05-20T20:30:00Z,long,0,9880,1.23857169395,1.2230789159685074,1.2540644719314926,1.24926754515,weekend_close,105.6750098559994,4.0,101.6750098559994,0.6642445217183273,102157.13612766586
2022-05-22T22:00:00Z,2022-05-22T22:00:00Z,2022-05-26T00:30:00Z,long,0,13400,1.2487824086500001,1.2373474078228952,1.260217409477105,1.2601291942584416,target,152.04692715311597,4.0,148.04692715311597,0.9661807911344157,102305.18305481898
2022-05-26T01:30:00Z,2022-05-26T01:30:00Z,2022-05-27T20:30:00Z,long,0,12371,1.2597231744500001,1.247319219311236,1.2721271295887644,1.26306657915,weekend_close,41.3612595436979,4.0,37.3612595436979,0.24347620013656782,102342.54431436268
2022-05-29T23:30:00Z,2022-05-29T23:30:00Z,2022-06-01T14:00:00Z,long,0,14795,1.2626683806,1.252292964690295,1.2730437965097052,1.2522053041827665,stop,-154.80121559297024,4.0,-158.80121559297024,-1.034506772479846,102183.7430987697
2022-06-01T14:45:00Z,2022-06-01T14:45:00Z,2022-06-03T20:30:00Z,short,0,8144,1.24994749755,1.2687678942722496,1.2311271008277505,1.24915243455,weekend_close,6.474993071999876,4.0,2.474993071999876,0.01614758014536361,102186.2180918417
2022-06-05T22:00:00Z,2022-06-05T22:00:00Z,2022-06-10T13:45:00Z,short,0,12403,1.24896756615,1.2613256183823123,1.2366095139176876,1.2366960765836619,target,152.20328509129092,4.0,148.20328509129092,0.9668988867648171,102334.421376933
2022-06-12T23:30:00Z,2022-06-12T23:30:00Z,2022-06-13T14:15:00Z,short,0,11471,1.2293439399,1.2427249738117176,1.2159629059882822,1.2160480233917013,target,152.51745826669375,4.0,148.51745826669375,0.9675792739657965,102482.93883519969
2022-06-13T15:00:00Z,2022-06-13T15:00:00Z,2022-06-14T19:15:00Z,short,0,8360,1.2129650865,1.2313527594075087,1.1945774135924911,1.1946610340114427,target,153.0218788043378,4.0,149.0218788043378,0.9694311878778527,102631.96071400403
2022-06-14T19:30:00Z,2022-06-14T19:30:00Z,2022-06-15T18:30:00Z,short,0,9254,1.1973861771,1.2140203887058003,1.1807519654941998,1.2141053701330098,stop,-154.719412327472,4.0,-158.719412327472,-1.031094166343411,102473.24130167656
2022-06-15T19:30:00Z,2022-06-15T19:30:00Z,2022-06-17T20:30:00Z,long,0,6732,1.21979037935,1.1969596509123754,1.2426211077876246,1.2223394302500001,weekend_close,17.160210658800857,4.0,13.160210658800857,0.08562468081453045,102486.40151233536
2022-06-20T02:45:00Z,2022-06-20T02:45:00Z,2022-06-20T21:15:00Z,short,0,16321,1.2227843990999998,1.2322034978864043,1.2133653003135954,1.2322897521312564,stop,-155.1368668231381,4.0,-159.1368668231381,-1.035177172916373,102327.26464551222
2022-06-20T22:00:00Z,2022-06-20T22:00:00Z,2022-06-24T20:30:00Z,long,0,14604,1.2249357395,1.2144260776066467,1.2354454013933533,1.22736907815,weekend_close,35.536477644599266,4.0,31.536477644599266,0.20547198469381367,102358.80112315681
2022-06-27T00:30:00Z,2022-06-27T00:30:00Z,2022-06-29T06:30:00Z,long,0,13926,1.2284259838,1.2174008068889461,1.2394511607110539,1.2173155888324638,stop,-154.7233603179089,4.0,-158.7233603179089,-1.0337818226598763,102200.0777628389
2022-06-29T07:45:00Z,2022-06-29T07:45:00Z,2022-07-01T09:15:00Z,short,0,13747,1.2188646735,1.2300158854280239,1.207713461571976,1.207798001514286,target,152.13353978761012,4.0,148.13353978761012,0.9663254074473304,102348.21130262651
2022-07-03T23:15:00Z,2022-07-03T23:15:00Z,2022-07-05T12:30:00Z,long,0,11357,1.2108897563499998,1.197372132548339,1.2244073801516606,1.1972883164990606,stop,-154.4715523871165,4.0,-158.4715523871165,-1.032255797601552,102189.7397502394
2022-07-05T16:00:00Z,2022-07-05T16:00:00Z,2022-07-08T20:30:00Z,short,0,8762,1.1933764578,1.2108698370377529,1.175883078562247,1.2030442072,weekend_close,-84.7088202428013,4.0,-88.7088202428013,-0.5787484533086801,102101.0309299966
2022-07-10T22:00:00Z,2022-07-10T22:00:00Z,2022-07-11T12:30:00Z,long,0,13087,1.20354924255,1.1918471268132023,1.2152513582867979,1.1917636975143253,stop,-154.23742788187545,4.0,-158.23742788187545,-1.0332483571963902,101942.79350211473
2022-07-11T13:00:00Z,2022-07-11T13:00:00Z,2022-07-14T13:30:00Z,short,0,10648,1.1922265383,1.2065872201471812,1.1778658564528186,1.1779483070627703,target,152.03460621402078,4.0,148.03460621402078,0.9680998426622467,102090.82810832874
2022-07-14T14:15:00Z,2022-07-14T14:15:00Z,2022-07-15T20:30:00Z,short,0,9391,1.17819252075,1.19449751091869,1.16188753058131,1.1868230718,weekend_close,-81.04950491054991,4.0,-85.04950491054991,-0.5554428850205114,102005.77860341819
2022-07-18T00:15:00Z,2022-07-18T00:15:00Z,2022-07-18T13:45:00Z,long,0,12603,1.1881381638500002,1.1759980267057109,1.2002783009942894,1.2001942815132198,target,151.9432509095576,4.0,147.9432509095576,0.9669357746159221,102153.72185432776
2022-07-18T14:15:00Z,2022-07-18T14:15:00Z,2022-07-22T20:30:00Z,long,0,10334,1.1999739923,1.185146665142115,1.2148013194578848,1.19982100665,weekend_close,-1.580953707099924,4.0,-5.580953707099924,-0.036423115647787975,102148.14090062065
2022-07-24T22:45:00Z,2022-07-24T22:45:00Z,2022-07-27T18:30:00Z,long,0,14403,1.1999939937000001,1.1893564088283821,1.2106315785716182,1.210546834361118,target,151.99256404208177,4.0,147.99256404208177,0.9659260880795982,102296.13346466274
2022-07-27T19:45:00Z,2022-07-27T19:45:00Z,2022-07-29T20:30:00Z,long,0,6905,1.2167101637500002,1.1944893578255449,1.2389309696744555,1.21808972775,weekend_close,9.52588941999885,4.0,5.525889419998849,0.03601460871504551,102301.65935408273
2022-08-01T01:45:00Z,2022-08-01T01:45:00Z,2022-08-04T11:45:00Z,long,0,12312,1.2192953447,1.2068325075662159,1.231758181833784,1.2067480292906863,stop,-154.48254731946955,4.0,-158.48254731946955,-1.032846819783793,102143.17680676327
2022-08-04T13:30:00Z,2022-08-04T13:30:00Z,2022-08-05T20:30:00Z,short,0,10059,1.2109502275500001,1.2261809282051832,1.195719526894817,1.2074145131,weekend_close,35.565751652551164,4.0,31.565751652551164,0.20603520998240954,102174.74255841582
2022-08-07T23:00:00Z,2022-08-07T23:00:00Z,2022-08-10T12:30:00Z,short,0,13354,1.2059105803499999,1.2173869878579662,1.1944341728420336,1.2174722049471163,stop,-154.39393486989246,4.0,-158.39393486989246,-1.0335255443410836,102016.34862354593
2022-08-10T15:45:00Z,2022-08-10T15:45:00Z,2022-08-12T20:30:00Z,long,0,7349,1.2242456912,1.2034239625740446,1.2450674198259553,1.21353004695,weekend_close,-78.7492695932487,4.0,-82.7492695932487,-0.5407781550056602,101933.59935395268
2022-08-15T03:45:00Z,2022-08-15T03:45:00Z,2022-08-18T06:45:00Z,short,0,12988,1.2117051746999998,1.2234775230790225,1.1999328263209772,1.2000168216188196,target,151.8083298183686,4.0,147.8083298183686,0.9667040186884245,102081.40768377105
2022-08-18T07:15:00Z,2022-08-18T07:15:00Z,2022-08-19T08:15:00Z,short,0,11691,1.2013958964,1.214492369205945,1.188299423594055,1.1883826045537065,target,152.13839497501752,4.0,148.13839497501752,0.9675237374853348,102229.54607874606
2022-08-22T00:30:00Z,2022-08-22T00:30:00Z,2022-08-26T20:30:00Z,short,0,13001,1.18088233245,1.192676644952499,1.169088019947501,1.1740471775499999,weekend_close,88.8638488549011,4.0,84.8638488549011,0.5534435566077471,102314.40992760097
2022-08-28T23:15:00Z,2022-08-28T23:15:00Z,2022-09-01T14:00:00Z,short,0,9739,1.1702080797,1.1859653022611998,1.1544508571388004,1.1545316686988,target,152.67256674068665,4.0,148.67256674068665,0.9688059653586554,102463.08249434165
2022-09-01T15:00:00Z,2022-09-01T15:00:00Z,2022-09-02T20:30:00Z,short,0,9812,1.1521693425,1.167832163628165,1.1365065213718348,1.1507605476,weekend_close,13.823095558799007,4.0,9.823095558799007,0.06391765614979304,102472.90558990045
2022-09-04T22:30:00Z,2022-09-04T22:30:00Z,2022-09-09T07:15:00Z,short,0,9943,1.14725468655,1.162712470758489,1.1317969023415109,1.162793860631442,stop,-154.506007891779,4.0,-158.506007891779,-1.0312905741813412,102314.39958200867
2022-09-11T22:45:00Z,2022-09-11T22:45:00Z,2022-09-13T11:15:00Z,long,0,12429,1.16136628995,1.149018892344115,1.173713687555885,1.173631527597756,target,152.4446387239607,4.0,148.4446387239607,0.9672815313828196,102462.84422073263
2022-09-13T12:15:00Z,2022-09-13T12:15:00Z,2022-09-13T12:30:00Z,long,0,13105,1.17240706275,1.1606799937664236,1.1841341317335765,1.1605987461668599,stop,-154.74798882205218,4.0,-158.74798882205218,-1.032955772042921,102304.09623191057
2022-09-13T14:45:00Z,2022-09-13T14:45:00Z,2022-09-16T20:30:00Z,short,0,5586,1.15373423295,1.1812055241499075,1.1262629417500925,1.14205493825,weekend_close,65.24054019419974,4.0,61.24054019419974,0.3990791228623073,102365.33677210477
2022-09-19T00:00:00Z,2022-09-19T00:00:00Z,2022-09-21T06:30:00Z,long,0,12628,1.1435100401,1.131350825463303,1.1556692547366971,1.1312716309055204,stop,-154.54663130788845,4.0,-158.54663130788845,-1.032563860736933,102206.79014079687
2022-09-21T07:00:00Z,2022-09-21T07:00:00Z,2022-09-23T07:00:00Z,short,0,11117,1.1337606312,1.1475505379594333,1.1199707244405666,1.1200491223912774,target,152.43084342656823,4.0,148.43084342656823,0.9682226095197116,102355.22098422344
2022-09-25T22:30:00Z,2022-09-25T22:30:00Z,2022-09-26T00:45:00Z,short,0,8367,1.0828741935000001,1.101223052931508,1.0645253340684924,1.0645998508418772,target,152.9014250205142,4.0,148.9014250205142,0.9698844836491298,102504.12240924395
2022-09-26T05:00:00Z,2022-09-26T05:00:00Z,2022-09-26T08:30:00Z,short,0,6055,1.0534062564,1.0787984343504566,1.0280140784495433,1.078873950240861,stop,-154.20688620641405,4.0,-158.20688620641405,-1.0289903039068198,102345.91552303753
2022-09-26T08:45:00Z,2022-09-26T08:45:00Z,2022-09-29T14:45:00Z,long,0,5951,1.0754852787,1.0496921992639698,1.1012783581360301,1.1012012686509607,target,153.0358561981671,4.0,149.0358561981671,0.9709516877538491,102494.9513792357
2022-09-29T22:00:00Z,2022-09-29T22:00:00Z,2022-09-30T20:30:00Z,long,0,7795,1.1123928620499999,1.0926717331504534,1.1321139909495463,1.11544691325,weekend_close,23.806329104001012,4.0,19.806329104001012,0.12884159716028523,102514.7577083397
2022-10-02T22:30:00Z,2022-10-02T22:30:00Z,2022-10-03T15:00:00Z,long,0,11690,1.1174132134499999,1.1042598502576648,1.130566576642335,1.13048743698197,target,152.83767308873018,4.0,148.83767308873018,0.967969221904165,102663.59538142843
2022-10-03T19:30:00Z,2022-10-03T19:30:00Z,2022-10-04T16:15:00Z,long,0,9633,1.13150419975,1.1155195076088056,1.1474888918911943,1.147408567668762,target,153.20677616143473,4.0,149.20677616143473,0.9689976197420007,102812.80215758986
2022-10-04T19:45:00Z,2022-10-04T19:45:00Z,2022-10-05T12:30:00Z,long,0,9576,1.1476903327,1.1315861985845228,1.1637944668154774,1.1315069875506218,stop,-154.9717131504461,4.0,-158.9717131504461,-1.0308567957994164,102653.83044443942
2022-10-05T20:00:00Z,2022-10-05T20:00:00Z,2022-10-06T14:30:00Z,long,0,12904,1.1326892827,1.1207572988875207,1.144621266512479,1.1206788458765986,stop,-154.98267676917044,4.0,-158.98267676917044,-1.0325540512074627,102494.84776767025
2022-10-06T20:15:00Z,2022-10-06T20:15:00Z,2022-10-07T20:30:00Z,short,0,11758,1.1165418366,1.1296163212686772,1.1034673519313227,1.1091876377,weekend_close,86.47067066619866,4.0,82.47067066619866,0.5364651202103944,102577.31843833644
2022-10-09T23:30:00Z,2022-10-09T23:30:00Z,2022-10-12T01:30:00Z,short,0,12160,1.10702750265,1.1196809498761435,1.0943740554238566,1.0944506616077363,target,152.93438707392724,4.0,148.93438707392724,0.9679491647570272,102726.25282541037
2022-10-12T03:00:00Z,2022-10-12T03:00:00Z,2022-10-12T10:00:00Z,short,0,10170,1.09440838605,1.1095584933163833,1.0792582787836167,1.1096361624109154,stop,-154.86648559050997,4.0,-158.86648559050997,-1.0310877509908543,102567.38633981986
2022-10-12T10:30:00Z,2022-10-12T10:30:00Z,2022-10-13T11:30:00Z,long,0,8441,1.1069874837,1.0887624602514112,1.1252125071485888,1.1251337422730883,target,153.17256861543808,4.0,149.17256861543808,0.9696767260835064,102716.5589084353
2022-10-13T12:15:00Z,2022-10-13T12:15:00Z,2022-10-14T20:30:00Z,long,0,6047,1.1257087941,1.1002310184051658,1.151186569794834,1.1167668208500001,weekend_close,-54.07211224274873,4.0,-58.07211224274873,-0.37693472141871864,102658.48679619255
2022-10-16T23:30:00Z,2022-10-16T23:30:00Z,2022-10-17T14:15:00Z,long,0,10153,1.12395367125,1.1087878826531816,1.1391194598468184,1.139039721484629,target,153.1686680321888,4.0,149.1686680321888,0.9687645265445115,102807.65546422474
2022-10-17T23:45:00Z,2022-10-17T23:45:00Z,2022-10-18T09:45:00Z,short,0,16079,1.1367004254,1.1462910255894816,1.1271098252105183,1.127188722898283,target,152.93866452510517,4.0,148.93866452510517,0.9658343199515417,102956.59412874984
2022-10-18T16:30:00Z,2022-10-18T16:30:00Z,2022-10-19T16:30:00Z,short,0,14603,1.13102582265,1.1416012745099333,1.1204503707900668,1.120528802316022,target,153.28798793708125,4.0,149.28798793708125,0.9666824785185002,103105.88211668693
2022-10-19T17:30:00Z,2022-10-19T17:30:00Z,2022-10-21T20:30:00Z,short,0,10188,1.1205365569499999,1.1357159140114754,1.1053571998885243,1.1299590916,weekend_close,-95.99678301420093,4.0,-99.99678301420093,-0.6466119333925895,103005.88533367273
2022-10-23T22:15:00Z,2022-10-23T22:15:00Z,2022-10-26T07:15:00Z,long,0,7630,1.13473442585,1.114486743342811,1.1549821083571892,1.1549012596096042,target,153.87294158577967,4.0,149.87294158577967,0.9701153382281579,103155.75827525851
2022-10-26T07:45:00Z,2022-10-26T07:45:00Z,2022-10-28T20:30:00Z,long,0,6937,1.1577310355000001,1.1354280183001848,1.1800340526998154,1.1612387076,weekend_close,24.332721357698638,4.0,20.332721357698638,0.1314196164178065,103176.09099661621
2022-10-31T05:15:00Z,2022-10-31T05:15:00Z,2022-10-31T13:15:00Z,long,0,15241,1.1598161814499999,1.1496620442847696,1.1699703186152302,1.1495815679416697,stop,-155.9857444804608,4.0,-159.9857444804608,-1.0337720781189128,103016.10525213575
2022-10-31T18:00:00Z,2022-10-31T18:00:00Z,2022-11-03T08:15:00Z,short,0,10223,1.1467647208499998,1.1618788364681862,1.1316506052318134,1.1317298207741797,target,153.70178347510878,4.0,149.70178347510878,0.9688708138017301,103165.80703561085
2022-11-03T13:30:00Z,2022-11-03T13:30:00Z,2022-11-04T20:30:00Z,short,0,6702,1.1174117757000002,1.140498564091909,1.0943249873080914,1.13760462675,weekend_close,-135.33248773709863,4.0,-139.33248773709863,-0.900501510311008,103026.47454787375
2022-11-07T03:00:00Z,2022-11-07T03:00:00Z,2022-11-07T08:45:00Z,short,0,15146,1.1328706935,1.1430736042593215,1.1226677827406784,1.1431536194116196,stop,-155.7451958573923,4.0,-159.7451958573923,-1.0337267757610695,102866.72935201635
2022-11-07T09:00:00Z,2022-11-07T09:00:00Z,2022-11-07T09:00:00Z,short,0,191204,1.1422700355,1.1430770255362799,1.14146304546372,1.1431570409280674,stop,-169.59898586820128,8.739655974427045,-178.33864184262833,-1.15579366245413,102688.39071017373
2022-11-07T10:45:00Z,2022-11-07T10:45:00Z,2022-11-10T13:45:00Z,long,0,7335,1.14411508245,1.1231158351928394,1.1651143297071604,1.165032771704081,target,153.4312506786841,4.0,149.4312506786841,0.9701470913655701,102837.82196085241
2022-11-10T14:45:00Z,2022-11-10T14:45:00Z,2022-11-11T21:30:00Z,long,0,4381,1.1638614646,1.1286562458622567,1.1990666833377435,1.1834621518500001,weekend_close,85.87061084225036,4.0,81.87061084225036,0.5308205534874861,102919.69257169466
2022-11-14T00:30:00Z,2022-11-14T00:30:00Z,2022-11-15T13:30:00Z,short,0,12634,1.1793674385000001,1.1915859421449935,1.1671489348550068,1.1916693531609437,stop,-155.42238982636079,4.0,-159.42238982636079,-1.0327386242559435,102760.2701818683
2022-11-15T19:00:00Z,2022-11-15T19:00:00Z,2022-11-18T21:30:00Z,short,0,8872,1.1821072467,1.1994797322305844,1.1647347611694157,1.1884181834499998,weekend_close,-55.99063084599848,4.0,-59.99063084599848,-0.3892242918083359,102700.2795510223
2022-11-21T01:00:00Z,2022-11-21T01:00:00Z,2022-11-23T14:45:00Z,short,0,12266,1.18655193555,1.1991108587586283,1.1739930123413718,1.1991947965187415,stop,-155.07733264258266,4.0,-159.07733264258266,-1.0326494901596035,102541.20221837971
2022-11-23T20:30:00Z,2022-11-23T20:30:00Z,2022-11-25T21:30:00Z,long,0,9632,1.2068944767,1.1909263744432286,1.2228625789567715,1.2089853651,weekend_close,20.139437068799374,4.0,16.139437068799374,0.10493457400442154,102557.3416554485
2022-11-28T00:30:00Z,2022-11-28T00:30:00Z,2022-11-28T20:00:00Z,short,0,12637,1.20690051105,1.2190737670530738,1.1947272550469261,1.1948108859547795,target,152.77659232830135,4.0,148.77659232830135,0.9671277980237075,102706.1182477768
2022-11-29T04:00:00Z,2022-11-29T04:00:00Z,2022-12-01T09:45:00Z,long,0,11729,1.2004440252000002,1.1873102001624238,1.2135778502375765,1.2134928997880599,target,153.05025004335224,4.0,149.05025004335224,0.9675657708513432,102855.16849782015
2022-12-01T10:45:00Z,2022-12-01T10:45:00Z,2022-12-01T14:45:00Z,long,0,10418,1.21397997265,1.1991711001378331,1.228788845162167,1.2287028299430056,target,153.38272727853231,4.0,149.38272727853231,0.9682645607850412,103004.55122509868
2022-12-01T19:15:00Z,2022-12-01T19:15:00Z,2022-12-02T21:30:00Z,long,0,12209,1.2249957436999999,1.212340692350411,1.2376507950495887,1.22887897245,weekend_close,47.41033980875164,4.0,43.41033980875164,0.28096303140042606,103047.96156490743
2022-12-05T01:00:00Z,2022-12-05T01:00:00Z,2022-12-05T16:30:00Z,long,0,13144,1.22937104995,1.2176119827949874,1.2411301171050124,1.2175267499561917,stop,-155.68147911861504,4.0,-159.68147911861504,-1.0331279851556374,102888.2800857888
2022-12-05T20:45:00Z,2022-12-05T20:45:00Z,2022-12-09T16:45:00Z,short,0,10624,1.21730978235,1.2318362960303872,1.202783268669613,1.2319225245711094,stop,-155.2457733570653,4.0,-159.2457733570653,-1.031854481742808,102729.03431243174
2022-12-12T00:15:00Z,2022-12-12T00:15:00Z,2022-12-13T13:30:00Z,short,0,10999,1.2230643795,1.2370728883711328,1.2090558706288672,1.2371594834733188,stop,-155.03204860253362,4.0,-159.03204860253362,-1.0321422166214276,102570.00226382921
2022-12-14T01:30:00Z,2022-12-14T01:30:00Z,2022-12-15T15:30:00Z,short,0,12833,1.2345585748499999,1.2465473306351678,1.222569819064832,1.2226553989521665,target,152.7534562968961,4.0,148.7534562968961,0.9668625917357592,102718.75572012611
2022-12-15T16:00:00Z,2022-12-15T16:00:00Z,2022-12-16T21:30:00Z,short,0,7041,1.22157948345,1.2434610153415844,1.1996979515584156,1.21573009515,weekend_close,41.18554302029947,4.0,37.18554302029947,0.24135820125241733,102755.94126314641
2022-12-19T01:00:00Z,2022-12-19T01:00:00Z,2022-12-20T05:30:00Z,short,0,17206,1.2178247463,1.22678287275874,1.20886661984126,1.208951240504649,target,152.67754071481045,4.0,148.67754071481045,0.9646022293008022,102904.61880386122
2022-12-20T06:15:00Z,2022-12-20T06:15:00Z,2022-12-22T14:30:00Z,short,0,11929,1.2124401232500002,1.2253792160051336,1.1995010304948668,1.1995849955670015,target,153.34881813049125,4.0,149.34881813049125,0.9675956905125517,103053.9676219917
2022-12-22T15:00:00Z,2022-12-22T15:00:00Z,2022-12-23T21:30:00Z,short,0,9285,1.2016558782,1.2183025620190422,1.1850091943809578,1.2048543339,weekend_close,-29.69766117449992,4.0,-33.69766117449992,-0.21801688005039768,103020.2699608172
2022-12-26T01:30:00Z,2022-12-26T01:30:00Z,2022-12-30T21:30:00Z,long,0,12390,1.20717949665,1.1947076099652725,1.2196513833347276,1.2096253203,weekend_close,30.30375502350015,4.0,26.30375502350015,0.17022145108106296,103046.5737158407
2023-01-03T02:30:00Z,2023-01-03T02:30:00Z,2023-01-03T08:30:00Z,short,0,13604,1.2060255723,1.2173869738745617,1.1946641707254382,1.194747797217389,target,153.42285222383956,4.0,149.42285222383956,0.96675958887853,103195.99656806454
2023-01-03T08:45:00Z,2023-01-03T08:45:00Z,2023-01-06T21:30:00Z,short,0,6815,1.19435138955,1.2170623653934793,1.1716404137065206,1.2096746713,weekend_close,-104.42816512624981,4.0,-108.42816512624981,-0.7005521221068568,103087.5684029383
2023-01-09T00:45:00Z,2023-01-09T00:45:00Z,2023-01-12T13:45:00Z,long,0,11816,1.2096446692,1.196558689819566,1.2227306485804341,1.2226450574350334,target,153.61258738515414,4.0,149.61258738515414,0.9675901078339333,103237.18099032345
2023-01-12T18:30:00Z,2023-01-12T18:30:00Z,2023-01-13T21:30:00Z,long,0,9419,1.2224655666,1.206025360446723,1.2389057727532768,1.2232643655,weekend_close,7.523886839100079,4.0,3.5238868391000793,0.022756732141301802,103240.70487716256
2023-01-16T01:30:00Z,2023-01-16T01:30:00Z,2023-01-18T11:30:00Z,long,0,12459,1.2247457262,1.2123165084286482,1.237174943971352,1.237088341725274,target,153.77664682938797,4.0,149.77664682938797,0.9672018539223997,103390.48152399194
2023-01-18T12:30:00Z,2023-01-18T12:30:00Z,2023-01-20T21:30:00Z,long,0,10301,1.2367165641,1.2216622422017878,1.2517708859982122,1.2399631965,weekend_close,33.44356035240005,4.0,29.44356035240005,0.18986710958747963,103419.92508434434
2023-01-23T00:15:00Z,2023-01-23T00:15:00Z,2023-01-24T12:45:00Z,long,0,12721,1.2411168721,1.228923016438204,1.2533107277617963,1.2288369918270532,stop,-156.21235695215762,4.0,-160.21235695215762,-1.0328415647095517,103259.71272739218
2023-01-24T14:00:00Z,2023-01-24T14:00:00Z,2023-01-27T21:30:00Z,short,0,9703,1.22915895285,1.245121239573376,1.213196666126624,1.2400167951,weekend_close,-105.3536433517508,4.0,-109.3536433517508,-0.7060445712633693,103150.35908404044
2023-01-30T00:30:00Z,2023-01-30T00:30:00Z,2023-01-31T15:00:00Z,long,0,13779,1.2400467972,1.228818325875236,1.251275268524764,1.2287323085924249,stop,-155.90233852377747,4.0,-159.90233852377747,-1.0335142781625506,102990.45674551665
2023-01-31T16:30:00Z,2023-01-31T16:30:00Z,2023-02-03T00:00:00Z,short,0,14761,1.2315837831,1.2420489437216404,1.2211186224783597,1.2212041007819332,target,153.2144906969848,4.0,149.2144906969848,0.9659381573666278,103139.67123621365
2023-02-03T01:00:00Z,2023-02-03T01:00:00Z,2023-02-03T15:00:00Z,short,0,11421,1.22103952125,1.2345849644522489,1.2074940780477512,1.2075786026332145,target,153.73715152230784,4.0,149.73715152230784,0.9679038472428786,103289.40838773595
2023-02-06T06:00:00Z,2023-02-06T06:00:00Z,2023-02-09T13:45:00Z,long,0,13428,1.20687947565,1.1953421172604877,1.2184168340395125,1.2183315448611298,target,153.77838536705008,4.0,149.77838536705008,0.966788394550119,103439.186773103
2023-02-09T19:15:00Z,2023-02-09T19:15:00Z,2023-02-10T21:30:00Z,short,0,11668,1.21251011835,1.225807152787633,1.199213083912367,1.2057543969,weekend_close,78.82575787860034,4.0,74.82575787860034,0.48228073082137946,103514.0125309816
2023-02-13T00:15:00Z,2023-02-13T00:15:00Z,2023-02-14T07:00:00Z,short,0,12774,1.2041757018,1.2163307955222675,1.1920206080777327,1.216415938677954,stop,-156.35678587898371,4.0,-160.35678587898371,-1.032766445278323,103353.65574510262
2023-02-14T09:30:00Z,2023-02-14T09:30:00Z,2023-02-15T12:45:00Z,long,0,11721,1.21774023585,1.2045135248238878,1.2309669468761122,1.2044292088771502,stop,-156.01854714877257,4.0,-160.01854714877257,-1.032176083367307,103193.63719795384
2023-02-15T19:00:00Z,2023-02-15T19:00:00Z,2023-02-17T21:30:00Z,short,0,12915,1.2014758907999998,1.2134605795015567,1.189491202098443,1.20454931255,weekend_close,-39.69324190125178,4.0,-43.69324190125178,-0.28228844462591346,103149.9439560526
2023-02-20T02:30:00Z,2023-02-20T02:30:00Z,2023-02-21T13:00:00Z,short,0,15398,1.2027757998,1.2128240363768235,1.1927275632231764,1.21290893405937,stop,-156.03000132577947,4.0,-160.03000132577947,-1.0343017082185766,102989.91395472681
2023-02-21T17:00:00Z,2023-02-21T17:00:00Z,2023-02-24T11:15:00Z,long,0,12354,1.21107976965,1.198575928104725,1.223583611195275,1.1984920277897577,stop,-155.50896294143277,4.0,-159.50896294143277,-1.03260454673689,102830.40499178538
2023-02-27T02:15:00Z,2023-02-27T02:15:00Z,2023-02-27T23:00:00Z,long,0,14204,1.1958537039000001,1.1849951425921044,1.2067122652078959,1.2066277953493314,target,153.0351949463015,4.0,149.0351949463015,0.9662864478967824,102979.44018673169
2023-02-28T05:15:00Z,2023-02-28T05:15:00Z,2023-03-02T13:45:00Z,short,0,13511,1.2042756948000002,1.2157077938925351,1.1928435957074652,1.1929270947591648,target,153.33093515172678,4.0,149.33093515172678,0.9667992627714588,103128.77112188342
2023-03-02T14:00:00Z,2023-03-02T14:00:00Z,2023-03-03T21:30:00Z,short,0,10091,1.1928264963,1.2081550084624997,1.1774979841375002,1.20420928875,weekend_close,-114.86375861295068,4.0,-118.86375861295068,-0.7684493544068138,103009.90736327047
2023-03-06T04:15:00Z,2023-03-06T04:15:00Z,2023-03-07T15:00:00Z,long,0,13893,1.2041742863000002,1.1930528302231471,1.2152957423768533,1.1929693165250315,stop,-155.67064508364106,4.0,-159.67064508364106,-1.0333974681709748,102850.23671818683
2023-03-07T15:15:00Z,2023-03-07T15:15:00Z,2023-03-10T15:00:00Z,short,0,7018,1.1889367685999999,1.2109174807676948,1.166956056432305,1.2110022449913485,stop,-154.85551331448443,4.0,-158.85551331448443,-1.0297864405423593,102691.38120487235
2023-03-12T23:30:00Z,2023-03-12T23:30:00Z,2023-03-17T20:30:00Z,long,0,9697,1.20958966535,1.1937058849002093,1.2254734457997907,1.21753976625,weekend_close,77.09212842730034,4.0,73.09212842730034,0.4745471150829113,102764.47333329965
2023-03-19T22:45:00Z,2023-03-19T22:45:00Z,2023-03-22T18:00:00Z,long,0,13451,1.21860029605,1.2071412501572145,1.2300593419427854,1.2299732377888495,target,152.9774393292647,4.0,148.9774393292647,0.9665347519046388,102913.45077262892
2023-03-22T20:15:00Z,2023-03-22T20:15:00Z,2023-03-24T20:30:00Z,long,0,12301,1.22733090715,1.2147818317420658,1.2398799825579343,1.2229343886,weekend_close,-54.08157468355144,4.0,-58.08157468355144,-0.37625842633058704,102855.36919794536
2023-03-27T04:15:00Z,2023-03-27T04:15:00Z,2023-03-29T09:45:00Z,long,0,14081,1.2245557129,1.2135990199119093,1.2355124058880906,1.2354259200196784,target,153.0633864521923,4.0,149.0633864521923,0.966179886355523,103004.43258439755
2023-03-29T11:30:00Z,2023-03-29T11:30:00Z,2023-03-31T20:30:00Z,long,0,11849,1.2353764703,1.2223378801344036,1.2484150604655966,1.2329036907,weekend_close,-29.299965480401674,4.0,-33.299965480401674,-0.21554177213876374,102971.13261891715
2023-04-02T23:30:00Z,2023-04-02T23:30:00Z,2023-04-04T07:15:00Z,short,0,10604,1.2296939154000002,1.2442588118077131,1.2151290189922872,1.2443459099245398,stop,-155.3697499382177,4.0,-159.3697499382177,-1.0318789951318657,102811.76286897894
2023-04-04T08:45:00Z,2023-04-04T08:45:00Z,2023-04-07T20:30:00Z,long,0,9726,1.2466072564000001,1.2307514017307284,1.262463111069272,1.2416630775,weekend_close,-48.08708398140201,4.0,-52.08708398140201,-0.3377583722759703,102759.67578499754
2023-04-10T01:00:00Z,2023-04-10T01:00:00Z,2023-04-13T08:00:00Z,long,0,15882,1.241786919,1.2320817916404418,1.251492046359558,1.2514044419163128,target,152.74549895688153,4.0,148.74549895688153,0.9650224175991974,102908.42128395442
2023-04-13T09:00:00Z,2023-04-13T09:00:00Z,2023-04-14T20:30:00Z,long,0,11581,1.25216264525,1.2388339960928536,1.2654912944071466,1.24153808625,weekend_close,-123.0430177790004,4.0,-127.0430177790004,-0.8230355670182483,102781.37826617542
2023-04-16T23:30:00Z,2023-04-16T23:30:00Z,2023-04-21T20:30:00Z,short,0,12686,1.2403331706,1.2524856539820144,1.2281806872179857,1.24453211115,weekend_close,-53.26775981730038,4.0,-57.26775981730038,-0.3714671826221195,102724.11050635812
2023-04-24T00:00:00Z,2023-04-24T00:00:00Z,2023-04-28T14:45:00Z,long,0,13219,1.24485213355,1.233196104710162,1.256508162389838,1.2564202068184707,target,152.91836053591348,4.0,148.91836053591348,0.9664937066719,102873.02886689403
2023-05-01T05:00:00Z,2023-05-01T05:00:00Z,2023-05-02T09:15:00Z,long,0,15511,1.25586290425,1.2459148684690968,1.2658109400309032,1.245827654428304,stop,-155.65675998432687,4.0,-159.65675998432687,-1.0346898173511243,102713.37210690971
2023-05-02T10:15:00Z,2023-05-02T10:15:00Z,2023-05-04T14:30:00Z,short,0,11463,1.2464327436,1.259872277269848,1.232993209930152,1.259960468329257,stop,-155.0683085714718,4.0,-159.0683085714718,-1.032526415120665,102554.30379833824
2023-05-04T14:45:00Z,2023-05-04T14:45:00Z,2023-05-05T20:30:00Z,short,0,17101,1.25831691165,1.2673121152419136,1.2493217080580863,1.26341343275,weekend_close,-87.1556073311005,4.0,-91.1556073311005,-0.5925853145585334,102463.14819100713
2023-05-08T03:00:00Z,2023-05-08T03:00:00Z,2023-05-11T13:45:00Z,long,0,13784,1.26431349575,1.2531636761801783,1.2754633153198216,1.2530759547228456,stop,-154.89826551829557,4.0,-158.89826551829557,-1.0338940896194417,102304.24992548884
2023-05-11T14:30:00Z,2023-05-11T14:30:00Z,2023-05-12T20:30:00Z,short,0,8538,1.25125740585,1.269229827232195,1.2332849844678049,1.2448221314499999,weekend_close,54.944372827200205,4.0,50.944372827200205,0.33199647841853774,102355.19429831604
2023-05-15T03:30:00Z,2023-05-15T03:30:00Z,2023-05-19T20:30:00Z,long,0,14284,1.2461072214,1.2353588592168503,1.2568555835831496,1.2444078853499998,weekend_close,-24.273316138202375,4.0,-28.273316138202375,-0.184155466693868,102326.92098217783
2023-05-22T00:15:00Z,2023-05-22T00:15:00Z,2023-05-25T01:15:00Z,long,0,14083,1.2457471962,1.234848458783078,1.256645933616922,1.2347620193909632,stop,-154.7042450016648,4.0,-158.7042450016648,-1.0339919909246895,102168.21673717618
2023-05-25T01:45:00Z,2023-05-25T01:45:00Z,2023-05-26T20:30:00Z,short,0,12475,1.2345435758999999,1.2468278311683834,1.2222593206316164,1.2349664416,weekend_close,-5.275249607500654,4.0,-9.275249607500655,-0.060525198013328285,102158.94148756868
2023-05-29T01:15:00Z,2023-05-29T01:15:00Z,2023-05-31T23:15:00Z,short,0,15353,1.23488855175,1.2448694143260386,1.2249076891739612,1.2449565551850414,stop,-154.57405673819292,4.0,-158.57405673819292,-1.0348342897822316,102000.36743083049
2023-06-01T06:45:00Z,2023-06-01T06:45:00Z,2023-06-01T15:45:00Z,short,0,14984,1.24343795325,1.2536483696030256,1.2332275368969743,1.2537361249888979,stop,-154.3078053356463,4.0,-158.3078053356463,-1.034739699974099,101842.05962549485
2023-06-02T03:00:00Z,2023-06-02T03:00:00Z,2023-06-02T20:30:00Z,long,0,13105,1.2541177821,1.2424617771492805,1.2657737870507195,1.2448528542,weekend_close,-121.41688012950142,4.0,-125.41688012950142,-0.8210493177595962,101716.64274536535
2023-06-04T23:30:00Z,2023-06-04T23:30:00Z,2023-06-08T23:00:00Z,short,0,11499,1.24293798825,1.2562064335145124,1.2296695429854876,1.2562943679648584,stop,-153.5850103411564,4.0,-157.5850103411564,-1.0328441484282267,101559.0577350242
2023-06-11T23:00:00Z,2023-06-11T23:00:00Z,2023-06-14T12:45:00Z,long,0,15118,1.2576530295500001,1.2475769126746539,1.2677291464253464,1.2676404053850967,target,150.98914787498992,4.0,146.98914787498992,0.9649342790261725,101706.04688289919
2023-06-14T13:15:00Z,2023-06-14T13:15:00Z,2023-06-16T11:45:00Z,long,0,10320,1.2677437358499999,1.252962049340897,1.2825254223591027,1.2824356455795376,target,151.62050840882918,4.0,147.62050840882918,0.9677050600081425,101853.66739130802
2023-06-19T00:00:00Z,2023-06-19T00:00:00Z,2023-06-20T13:30:00Z,long,0,14169,1.28321481875,1.2724327804466837,1.2939968570533165,1.2723437101520525,stop,-154.03273772431953,4.0,-158.03273772431953,-1.034444019565538,101695.6346535837
2023-06-20T19:00:00Z,2023-06-20T19:00:00Z,2023-06-23T20:30:00Z,long,0,13118,1.27605431755,1.2644262155166495,1.2876824195833507,1.2716809761,weekend_close,-57.369493141100165,4.0,-61.369493141100165,-0.40232412544719537,101634.26516044259
2023-06-25T22:15:00Z,2023-06-25T22:15:00Z,2023-06-28T14:45:00Z,long,0,13578,1.27221404875,1.2609863495890588,1.2834417479109412,1.2608980805445875,stop,-153.64821629309057,4.0,-157.64821629309057,-1.034099884177291,101476.6169441495
2023-06-29T01:45:00Z,2023-06-29T01:45:00Z,2023-06-30T20:30:00Z,short,0,14609,1.26386652315,1.274285270080142,1.253447776219858,1.26961386675,weekend_close,-83.96294265240257,4.0,-87.96294265240257,-0.5779147396453171,101388.6540014971
2023-07-03T02:00:00Z,2023-07-03T02:00:00Z,2023-07-07T12:30:00Z,short,0,15081,1.26972611295,1.2798104678894469,1.259641758010553,1.2799000546221992,stop,-153.43321435843788,4.0,-157.43321435843788,-1.0351853079135716,101231.22078713866
2023-07-10T02:30:00Z,2023-07-10T02:30:00Z,2023-07-11T10:30:00Z,short,0,13190,1.2817502712000002,1.2932617302941887,1.2702388121058117,1.2933522586153092,stop,-153.0302140079263,4.0,-157.0302140079263,-1.034208379961873,101074.19057313073
2023-07-11T18:45:00Z,2023-07-11T18:45:00Z,2023-07-13T08:15:00Z,long,0,12076,1.2925404715000002,1.2799857500734202,1.3050951929265802,1.3050038362630754,target,150.507592878896,4.0,146.507592878896,0.9663399801881213,101220.69816600964
2023-07-13T08:45:00Z,2023-07-13T08:45:00Z,2023-07-14T20:30:00Z,long,0,9886,1.30580640005,1.2904495575875206,1.3211632425124795,1.30892336895,weekend_close,30.814354545399066,4.0,26.814354545399066,0.1766220056743767,101247.51252055503
2023-07-17T00:00:00Z,2023-07-17T00:00:00Z,2023-07-19T06:00:00Z,short,0,13526,1.3088483741999999,1.3200759292778332,1.2976208191221665,1.2977116525795052,target,150.63529663881167,4.0,146.63529663881167,0.9655704021807726,101394.14781719384
2023-07-19T07:00:00Z,2023-07-19T07:00:00Z,2023-07-21T20:30:00Z,short,0,9249,1.2961992596999998,1.312641795258617,1.2797567241413828,1.2857899990000001,weekend_close,96.27525221429723,4.0,92.27525221429723,0.6067666071022736,101486.42306940813
2023-07-24T03:45:00Z,2023-07-24T03:45:00Z,2023-07-27T02:00:00Z,long,0,14220,1.286390041,1.2756851207972353,1.2970949612027647,1.2970041645554804,target,150.9328369589315,4.0,146.9328369589315,0.9652411608478673,101633.35590636707
2023-07-27T02:45:00Z,2023-07-27T02:45:00Z,2023-07-27T14:15:00Z,long,0,11238,1.29689577635,1.2833310301046423,1.3104605225953576,1.283241196932535,stop,-153.45016349347114,4.0,-157.45016349347114,-1.0328622728235604,101475.9057428736
2023-07-27T19:30:00Z,2023-07-27T19:30:00Z,2023-07-28T20:30:00Z,short,0,8225,1.27904546055,1.2975502032186703,1.2605407178813295,1.2851699556,weekend_close,-50.37397178625101,4.0,-54.37397178625101,-0.3572498876000293,101421.53177108735
2023-07-30T22:00:00Z,2023-07-30T22:00:00Z,2023-08-01T14:45:00Z,short,0,14916,1.28567499645,1.2958738495235262,1.2754761433764739,1.2755654267065102,target,150.79434229389483,4.0,146.79434229389483,0.9649517708294555,101568.32611338125
2023-08-01T15:45:00Z,2023-08-01T15:45:00Z,2023-08-04T20:30:00Z,short,0,10260,1.2745357762499998,1.2893841425747061,1.2596874099252935,1.2745792142999999,weekend_close,-0.44567439300068123,4.0,-4.445674393000681,-0.029181769110678317,101563.88043898824
2023-08-06T23:45:00Z,2023-08-06T23:45:00Z,2023-08-11T20:30:00Z,short,0,14350,1.2749707458000001,1.2855870482765626,1.2643544433234377,1.2701289028,weekend_close,69.48044705000177,4.0,65.48044705000177,0.42981983279722447,101629.36088603824
2023-08-14T00:30:00Z,2023-08-14T00:30:00Z,2023-08-18T20:30:00Z,short,0,13579,1.2686411889,1.2798669815655435,1.2574153962344565,1.2729290988,weekend_close,-58.22552853209921,4.0,-62.22552853209921,-0.40821014053844223,101567.13535750614
2023-08-21T01:45:00Z,2023-08-21T01:45:00Z,2023-08-23T10:15:00Z,long,0,15397,1.27365414955,1.263759481240505,1.283548817859495,1.2636710180768183,stop,-153.7102752925794,4.0,-157.7102752925794,-1.035196129990898,101409.42508221355
2023-08-23T16:15:00Z,2023-08-23T16:15:00Z,2023-08-25T04:15:00Z,long,0,9874,1.2715290008,1.2561238908955825,1.2869341107044174,1.2560359622232198,stop,-152.97826290712763,4.0,-156.97826290712763,-1.0320045095285106,101252.44681930642
2023-08-27T23:30:00Z,2023-08-27T23:30:00Z,2023-08-30T12:15:00Z,short,0,14850,1.2585818931,1.268809072624638,1.2483547135753619,1.2688978892597216,stop,-153.19254297186686,4.0,-157.19254297186686,-1.0350220609290215,101095.25427633456
2023-08-30T13:00:00Z,2023-08-30T13:00:00Z,2023-09-01T20:30:00Z,long,0,8833,1.2714489952,1.2542814081507139,1.2886165822492863,1.25891686965,weekend_close,-110.69626498315142,4.0,-114.69626498315142,-0.7563656319305385,100980.5580113514
2023-09-04T04:00:00Z,2023-09-04T04:00:00Z,2023-09-06T14:00:00Z,long,0,13873,1.26042322345,1.2495053760757606,1.2713410708242392,1.2494179106994352,stop,-152.67670378858423,4.0,-156.67670378858423,-1.0344202673651373,100823.88130756281
2023-09-06T14:30:00Z,2023-09-06T14:30:00Z,2023-09-08T20:30:00Z,short,0,8979,1.24902756195,1.2658701319100343,1.2321849919899657,1.2462572319,weekend_close,24.874793518949428,4.0,20.874793518949428,0.13803393120068344,100844.75610108176
2023-09-10T23:30:00Z,2023-09-10T23:30:00Z,2023-09-15T20:30:00Z,long,0,13133,1.24813236315,1.2366146450732245,1.2596500812267757,1.2381733218,weekend_close,-130.79209004955186,4.0,-134.79209004955186,-0.8911155438833352,100709.9640110322
2023-09-18T01:15:00Z,2023-09-18T01:15:00Z,2023-09-21T09:45:00Z,long,0,13376,1.2402968147,1.2290038742903409,1.251589755109659,1.2289178440191406,stop,-152.20511182717476,4.0,-156.20511182717476,-1.034098588979699,100553.75889920503
2023-09-21T12:00:00Z,2023-09-21T12:00:00Z,2023-09-22T20:30:00Z,short,0,10425,1.22674912155,1.241217039740876,1.212281203359124,1.223885666,weekend_close,29.85152410875005,4.0,25.85152410875005,0.17139732694924165,100579.61042331377
2023-09-25T00:45:00Z,2023-09-25T00:45:00Z,2023-09-27T03:45:00Z,short,0,14657,1.2243842871,1.2346770407475065,1.2140915334524933,1.214176519859835,target,149.61524443909565,4.0,145.61524443909565,0.9652285906237583,100725.22566775286
2023-09-27T09:30:00Z,2023-09-27T09:30:00Z,2023-09-29T06:30:00Z,long,0,15670,1.2144650066,1.2048237280334464,1.2241062851665536,1.2240205977265919,target,149.73611295369471,4.0,145.73611295369471,0.9646361968615663,100870.96178070655
2023-10-01T23:00:00Z,2023-10-01T23:00:00Z,2023-10-03T10:45:00Z,short,0,12254,1.21827971445,1.2306264452002444,1.2059329836997554,1.2060173990086145,target,150.26241341873734,4.0,146.26241341873734,0.9667248487087043,101017.22419412529
2023-10-03T12:30:00Z,2023-10-03T12:30:00Z,2023-10-05T16:15:00Z,short,0,14478,1.20749046975,1.2179557333150453,1.1970252061849547,1.2180409902163774,stop,-152.75043531221183,4.0,-156.75043531221183,-1.0345464931104607,100860.47375881308
2023-10-05T19:30:00Z,2023-10-05T19:30:00Z,2023-10-06T20:30:00Z,long,0,11339,1.2192753433,1.205933173465093,1.232617513134907,1.2234893497500001,weekend_close,47.78261913655034,4.0,43.78261913655034,0.28940132704834476,100904.25637794963
2023-10-08T23:30:00Z,2023-10-08T23:30:00Z,2023-10-11T13:45:00Z,short,0,13348,1.22168947575,1.2330281092023554,1.2103508422976448,1.2331144211699996,stop,-152.50017146615332,4.0,-156.50017146615332,-1.0340413447411647,100747.75620648348
2023-10-11T18:15:00Z,2023-10-11T18:15:00Z,2023-10-13T10:45:00Z,short,0,13086,1.22863898925,1.2401870936024542,1.217090884897546,1.2171760812594887,target,150.00361396383096,4.0,146.00361396383096,0.966153185675577,100893.7598204473
2023-10-15T23:45:00Z,2023-10-15T23:45:00Z,2023-10-20T20:30:00Z,long,0,13943,1.21518005665,1.204326250528067,1.226033862771933,1.21639984605,weekend_close,17.00752360420161,4.0,13.007523604201609,0.08595206907014723,100906.7673440515
2023-10-23T00:30:00Z,2023-10-23T00:30:00Z,2023-10-23T18:30:00Z,long,0,15142,1.21573009515,1.2057340806569135,1.2257261096430867,1.2256403088154117,target,150.06045532166354,4.0,146.06045532166354,0.96498937410507,101052.82779937318
2023-10-23T18:45:00Z,2023-10-23T18:45:00Z,2023-10-25T23:15:00Z,long,0,9567,1.22539077135,1.2095477300613737,1.2412338126386264,1.2094630617202695,stop,-152.38039802763225,4.0,-156.38039802763225,-1.0317345786559304,100896.44740134555
2023-10-26T02:00:00Z,2023-10-26T02:00:00Z,2023-10-27T20:30:00Z,short,0,12872,1.2093303409499998,1.2210872823964007,1.1975733995035989,1.21190982775,weekend_close,-33.203154089602535,4.0,-37.203154089602535,-0.24583254352883532,100859.24424725595
2023-10-30T00:15:00Z,2023-10-30T00:15:00Z,2023-11-02T12:30:00Z,short,0,13105,1.21083023595,1.2223738821469674,1.1992865897530327,1.2224594483187177,stop,-152.4008280920443,4.0,-156.4008280920443,-1.0338535309964316,100702.84341916391
2023-11-02T16:15:00Z,2023-11-02T16:15:00Z,2023-11-03T12:30:00Z,short,0,12681,1.2176097613499999,1.2295214327911104,1.2056980899088894,1.2296074992914057,stop,-152.14331483496687,4.0,-156.14331483496687,-1.0337063559170874,100546.70010432895
2023-11-06T03:30:00Z,2023-11-06T03:30:00Z,2023-11-07T17:15:00Z,long,0,14358,1.2372866040000001,1.2267830349717308,1.2477901730282694,1.2266971601592829,stop,-152.04323466501828,4.0,-156.04323466501828,-1.0346991717179612,100390.65686966393
2023-11-07T18:30:00Z,2023-11-07T18:30:00Z,2023-11-10T21:30:00Z,short,0,12711,1.2282840141,1.2401302279825053,1.2164378002174947,1.22242056345,weekend_close,74.53032121214918,4.0,70.53032121214918,0.4683996625064601,100461.18719087608
2023-11-13T00:15:00Z,2023-11-13T00:15:00Z,2023-11-14T13:30:00Z,long,0,13763,1.2229255987999998,1.2119772891123415,1.2338739084876582,1.233787537314064,target,149.49285976906629,4.0,145.49285976906629,0.965564959913463,100606.68005064514
2023-11-14T14:30:00Z,2023-11-14T14:30:00Z,2023-11-17T21:30:00Z,long,0,6269,1.2427819886500002,1.2187106781069235,1.266853299193077,1.24637774745,weekend_close,22.541811917198356,4.0,18.541811917198356,0.12287235038610617,100625.22186256234
2023-11-20T03:30:00Z,2023-11-20T03:30:00Z,2023-11-24T15:00:00Z,long,0,11649,1.24818236665,1.235225807089582,1.261138926210418,1.2610506464855833,target,149.9025918047093,4.0,145.9025918047093,0.9666843009722443,100771.12445436705
2023-11-27T01:45:00Z,2023-11-27T01:45:00Z,2023-11-28T16:45:00Z,short,0,15195,1.2603417699,1.2702890756557874,1.2503944641442124,1.2703779958910832,stop,-152.50045393451128,4.0,-156.50045393451128,-1.0354030259308618,100614.62400043254
2023-11-28T20:45:00Z,2023-11-28T20:45:00Z,2023-12-01T21:30:00Z,long,0,12807,1.2690488272,1.2572650234128981,1.2808326309871019,1.2708910314,weekend_close,23.59310918939897,4.0,19.59310918939897,0.12982862178195523,100634.21710962194
2023-12-04T00:30:00Z,2023-12-04T00:30:00Z,2023-12-05T16:15:00Z,long,0,13334,1.2708189510999999,1.2594981913183083,1.2821397108816914,1.259410026444916,stop,-152.12660135088896,4.0,-156.12660135088896,-1.0342865568766908,100478.09050827105
2023-12-05T16:45:00Z,2023-12-05T16:45:00Z,2023-12-08T21:30:00Z,short,0,10994,1.25907685845,1.2727852936318564,1.2453684232681437,1.2547278248,weekend_close,47.81327594810062,4.0,43.81327594810062,0.29071143264275967,100521.90378421915
2023-12-10T23:30:00Z,2023-12-10T23:30:00Z,2023-12-14T02:15:00Z,short,0,15070,1.25481715665,1.2648223151422433,1.2448119981577566,1.2649108527043034,stop,-152.1119995383528,4.0,-156.1119995383528,-1.0353783065994169,100365.7917846808
2023-12-14T03:30:00Z,2023-12-14T03:30:00Z,2023-12-14T17:30:00Z,long,0,10747,1.26503354615,1.2510258157742395,1.2790412765257604,1.2789517436364035,target,149.57886838637896,4.0,145.57886838637896,0.967037502212934,100511.37065306718
2023-12-14T21:45:00Z,2023-12-14T21:45:00Z,2023-12-15T21:30:00Z,long,0,12533,1.27661435675,1.2645851778555253,1.2886435356444745,1.26762625995,weekend_close,-112.64781719440015,4.0,-116.64781719440015,-0.7737231531800314,100394.72283587277
2023-12-18T04:30:00Z,2023-12-18T04:30:00Z,2023-12-28T01:00:00Z,long,0,13425,1.2694288538,1.2582120869264086,1.2806456206735914,1.2805559754801443,target,149.3816085559371,4.0,145.3816085559371,0.9654448754544899,100540.10444442871
2023-12-28T02:00:00Z,2023-12-28T02:00:00Z,2024-01-02T10:45:00Z,long,0,12533,1.28137468995,1.2693422897464786,1.2934070901535215,1.2692534357861962,stop,-151.9156784349534,4.0,-155.9156784349534,-1.0339093927878602,100384.18876599376
2024-01-02T12:00:00Z,2024-01-02T12:00:00Z,2024-01-05T21:30:00Z,short,0,8648,1.2661713618,1.2835827011074437,1.2487600224925561,1.27196403125,weekend_close,-50.09500540360104,4.0,-54.09500540360104,-0.35926036645714143,100330.09376059016
2024-01-08T01:00:00Z,2024-01-08T01:00:00Z,2024-01-12T21:30:00Z,short,0,15644,1.2722359372499998,1.2818556600434723,1.2626162144565274,1.2749392395,weekend_close,-42.29046039900409,4.0,-46.29046039900409,-0.307596320143893,100283.80330019115
2024-01-15T00:30:00Z,2024-01-15T00:30:00Z,2024-01-17T05:00:00Z,short,0,12828,1.2731508731999999,1.284877024537389,1.2614247218626107,1.2615130215931412,target,149.29036041278349,4.0,145.29036041278349,0.9658781796886706,100429.09366060393
2024-01-17T06:15:00Z,2024-01-17T06:15:00Z,2024-01-19T21:30:00Z,short,0,11368,1.2599967940499999,1.2732472366653214,1.2467463514346784,1.2705989357,weekend_close,-120.52514627720198,4.0,-124.52514627720198,-0.8266898587386539,100304.56851432673
2024-01-22T02:00:00Z,2024-01-22T02:00:00Z,2024-01-26T21:30:00Z,long,0,13154,1.27099396335,1.2595563036177337,1.2824316230822663,1.26999609405,weekend_close,-13.125972772201584,4.0,-17.125972772201585,-0.11383091831018273,100287.44254155453
2024-01-29T00:15:00Z,2024-01-29T00:15:00Z,2024-02-02T21:30:00Z,short,0,13059,1.2694511322,1.280969963702061,1.2579323006979388,1.2636184471,weekend_close,76.16903472089871,4.0,72.16903472089871,0.479769404728527,100359.61157627542
2024-02-04T23:30:00Z,2024-02-04T23:30:00Z,2024-02-09T21:30:00Z,short,0,11513,1.2615816831,1.2746563448254955,1.2485070213745044,1.26316341525,weekend_close,-18.21048224295017,4.0,-22.21048224295017,-0.14754993488410953,100337.40109403247
2024-02-12T01:30:00Z,2024-02-12T01:30:00Z,2024-02-16T21:30:00Z,long,0,14155,1.26363344815,1.2530008377875355,1.2742660585124646,1.26006678915,weekend_close,-50.486058145001174,4.0,-54.486058145001174,-0.36202254456408756,100282.91503588746
2024-02-19T00:45:00Z,2024-02-19T00:45:00Z,2024-02-23T21:30:00Z,long,0,12612,1.2619333291500001,1.2500068023658735,1.2738598559341268,1.26699630405,weekend_close,63.85423943879951,4.0,59.85423943879951,0.39792109839920703,100342.76927532627
2024-02-26T01:15:00Z,2024-02-26T01:15:00Z,2024-03-01T21:30:00Z,short,0,13195,1.2660313715999998,1.2774378917641105,1.254624851435889,1.26565358955,weekend_close,4.984834149746302,4.0,0.9848341497463018,0.006543355746936612,100343.75410947601
2024-03-04T00:30:00Z,2024-03-04T00:30:00Z,2024-03-07T15:30:00Z,long,0,13323,1.2665436518500002,1.2552469143943619,1.2778403893056385,1.277750940478387,target,149.31470639599914,4.0,145.31470639599914,0.9655049513977922,100489.06881587201
2024-03-07T19:30:00Z,2024-03-07T19:30:00Z,2024-03-08T21:30:00Z,long,0,11164,1.28059463535,1.2670936067591072,1.2940956639408927,1.2852900234,weekend_close,52.4193121902003,4.0,48.4193121902003,0.32124171152646713,100537.48812806222
2024-03-10T22:15:00Z,2024-03-10T22:15:00Z,2024-03-12T13:30:00Z,long,0,14811,1.2852799633,1.2750985008387803,1.2954614257612198,1.2750092439437215,stop,-152.11962438584155,4.0,-156.11962438584155,-1.0352922224419847,100381.36850367638
2024-03-12T20:00:00Z,2024-03-12T20:00:00Z,2024-03-15T20:30:00Z,long,0,12991,1.2794995587,1.2679094935697004,1.2910896238302996,1.2738308256,weekend_close,-73.64251170210059,4.0,-77.64251170210059,-0.5156691102101978,100303.72599197428
2024-03-18T00:15:00Z,2024-03-18T00:15:00Z,2024-03-22T07:15:00Z,short,0,13732,1.2727209033,1.2836774463574272,1.2617643602425728,1.2618526837477897,target,149.2423908909517,4.0,145.2423908909517,0.9653527650306737,100448.96838286523
2024-03-25T03:30:00Z,2024-03-25T03:30:00Z,2024-03-29T20:30:00Z,long,0,13367,1.2610182651000001,1.2497464348380631,1.2722900953619372,1.2625616145,weekend_close,20.62995142979858,4.0,16.62995142979858,0.11037293529258418,100465.59833429503
2024-03-31T23:15:00Z,2024-03-31T23:15:00Z,2024-04-05T20:30:00Z,long,0,14569,1.2627433858500001,1.2524003066780682,1.273086465021932,1.26359654205,weekend_close,12.42963267779732,4.0,8.42963267779732,0.055940849644453165,100474.02796697283
2024-04-08T00:00:00Z,2024-04-08T00:00:00Z,2024-04-11T14:45:00Z,short,0,13859,1.2623066323499998,1.2731811417904482,1.2514321229095515,1.2515197231581552,target,149.4957744897752,4.0,145.4957744897752,0.9654033716832622,100619.5237414626
2024-04-11T16:30:00Z,2024-04-11T16:30:00Z,2024-04-12T20:30:00Z,short,0,13165,1.2534222543,1.2648863308413512,1.2419581777586488,1.2449371395,weekend_close,111.70653634200035,4.0,107.70653634200035,0.7136448227549264,100727.2302778046
2024-04-14T22:15:00Z,2024-04-14T22:15:00Z,2024-04-19T20:30:00Z,short,0,15061,1.2453628184999999,1.255394701291264,1.2353309357087356,1.2371765963,weekend_close,123.29269255419638,4.0,119.29269255419638,0.7895462646814848,100846.5229703588
2024-04-22T03:45:00Z,2024-04-22T03:45:00Z,2024-04-25T06:15:00Z,long,0,14823,1.23818166665,1.2279767287227166,1.2483866045772836,1.2482992175149632,target,149.9724564713485,4.0,145.9724564713485,0.9649936165962415,100992.49542683015
2024-04-25T15:00:00Z,2024-04-25T15:00:00Z,2024-04-26T20:30:00Z,short,0,13401,1.2488525741999998,1.260156380800426,1.2375487675995738,1.24933244715,weekend_close,-6.4307774029524385,4.0,-10.430777402952438,-0.06885805509476829,100982.0646494272
2024-04-29T00:15:00Z,2024-04-29T00:15:00Z,2024-05-03T12:30:00Z,long,0,12740,1.25123258015,1.239343899295057,1.263121261004943,1.2630328425166726,target,150.33534255140947,4.0,146.33534255140947,0.9661535004830905,101128.3999919786
2024-05-05T22:15:00Z,2024-05-05T22:15:00Z,2024-05-10T20:30:00Z,short,0,14581,1.2547221632999999,1.265125294359844,1.2443190322401556,1.2526776813,weekend_close,29.81059204199778,4.0,25.81059204199778,0.17015573319168695,101154.21058402059
2024-05-12T23:15:00Z,2024-05-12T23:15:00Z,2024-05-15T12:30:00Z,short,0,15055,1.25265730785,1.2627356528250893,1.2425789628749109,1.262824044320787,stop,-153.06021756769707,4.0,-157.06021756769707,-1.0351331451294177,100997.1503664529
2024-05-15T13:15:00Z,2024-05-15T13:15:00Z,2024-05-17T20:30:00Z,long,0,9921,1.26587360495,1.2506039202088175,1.2811432896911823,1.2701310845999998,weekend_close,42.238455607648966,4.0,38.238455607648966,0.25241480440122244,101035.38882206054
2024-05-20T00:30:00Z,2024-05-20T00:30:00Z,2024-05-24T20:30:00Z,long,0,13946,1.2707589469,1.2598919327887244,1.2816259610112757,1.27364583855,weekend_close,40.26059095090001,4.0,36.26059095090001,0.23926269255356225,101071.64941301144
2024-05-26T23:00:00Z,2024-05-26T23:00:00Z,2024-05-31T20:30:00Z,long,0,14284,1.2741991877,1.2635860334536169,1.2848123419463833,1.2742307975999998,weekend_close,0.45151581159613485,4.0,-3.548484188403865,-0.023407151000129238,101068.10092882304
2024-06-02T23:30:00Z,2024-06-02T23:30:00Z,2024-06-07T20:30:00Z,long,0,13896,1.2744592059,1.2635498760645996,1.2853685357354003,1.2720009536999999,weekend_close,-34.15987257120092,4.0,-38.15987257120092,-0.25172076203506943,101029.94105625185
2024-06-10T04:00:00Z,2024-06-10T04:00:00Z,2024-06-12T12:30:00Z,short,0,13516,1.27133600025,1.2825476301825665,1.2601243703174336,1.2826374085166792,stop,-152.7498341324352,4.0,-156.7498341324352,-1.0344039075899076,100873.1912221194
2024-06-12T13:30:00Z,2024-06-12T13:30:00Z,2024-06-14T20:30:00Z,long,0,7353,1.2857949993500002,1.265219342544016,1.3063706561559845,1.2684512022,weekend_close,-127.52894044395086,4.0,-131.52894044395086,-0.8693667942999711,100741.66228167545
2024-06-17T07:00:00Z,2024-06-17T07:00:00Z,2024-06-21T20:30:00Z,short,0,13039,1.2667213232999999,1.2783099756842906,1.2551326709157091,1.26480353005,weekend_close,25.00610618674811,4.0,21.00610618674811,0.1390171354580067,100762.6683878622
2024-06-24T01:00:00Z,2024-06-24T01:00:00Z,2024-06-28T20:30:00Z,short,0,14530,1.2639315186,1.2743332308647393,1.2535298063352607,1.26457351395,weekend_close,-9.328192435501318,4.0,-13.328192435501318,-0.08818623558632953,100749.3401954267
2024-06-30T22:45:00Z,2024-06-30T22:45:00Z,2024-07-03T14:00:00Z,long,0,13814,1.26500354405,1.2540639525968618,1.2759431355031383,1.275853819483653,target,149.88570484048284,4.0,145.88570484048284,0.965366409182956,100895.22590026719
2024-07-03T23:15:00Z,2024-07-03T23:15:00Z,2024-07-05T20:30:00Z,long,0,14467,1.2745492122,1.2640882497972825,1.2850101746027174,1.28152528695,weekend_close,100.92287340825088,4.0,96.92287340825088,0.6404366220812573,100992.14877367545
2024-07-08T04:30:00Z,2024-07-08T04:30:00Z,2024-07-11T12:30:00Z,long,0,14431,1.28129468435,1.2707975222310501,1.2917918464689497,1.2917014210396969,target,150.17961716901652,4.0,146.17961716901652,0.9649803924508067,101138.32839084447
2024-07-11T13:30:00Z,2024-07-11T13:30:00Z,2024-07-12T20:30:00Z,long,0,10390,1.2916104064,1.2770097669544902,1.3062110458455098,1.2985190973,weekend_close,71.78129845100014,4.0,67.78129845100014,0.4468095634650359,101206.10968929547
2024-07-14T23:45:00Z,2024-07-14T23:45:00Z,2024-07-19T20:30:00Z,short,0,12957,1.296509238,1.308225471892016,1.284793004107984,1.2911153717500001,weekend_close,69.88832500124916,4.0,65.88832500124916,0.4340262289158336,101271.99801429671
2024-07-22T00:00:00Z,2024-07-22T00:00:00Z,2024-07-26T20:30:00Z,long,0,12780,1.2933405275,1.281454600478082,1.305226454521918,1.28709489705,weekend_close,-79.8191571510005,4.0,-83.8191571510005,-0.5517970523703485,101188.17885714571
2024-07-29T02:45:00Z,2024-07-29T02:45:00Z,2024-08-01T09:00:00Z,long,0,12987,1.2887002027,1.2770133719996468,1.3003870334003533,1.2769239810636068,stop,-152.9377903918391,4.0,-156.9377903918391,-1.0340033371090323,101031.24106675388
2024-08-01T14:30:00Z,2024-08-01T14:30:00Z,2024-08-02T20:30:00Z,long,0,12554,1.2812596819,1.2691883427984045,1.2933310210015954,1.28015538285,weekend_close,-13.863370273698347,4.0,-17.863370273698347,-0.11787611832492365,101013.37769648018
2024-08-05T00:45:00Z,2024-08-05T00:45:00Z,2024-08-06T12:15:00Z,short,0,13744,1.2790254619499999,1.2900493918777234,1.2680015320222764,1.268090292129518,target,150.29297401270208,4.0,146.29297401270208,0.9655480216033011,101159.67067049288
2024-08-06T13:45:00Z,2024-08-06T13:45:00Z,2024-08-09T20:30:00Z,short,0,11447,1.26925614585,1.2825115691347344,1.2560007225652656,1.2757992996999998,weekend_close,-74.8994821209479,4.0,-78.8994821209479,-0.5199826693974575,101080.77118837193
2024-08-12T00:30:00Z,2024-08-12T00:30:00Z,2024-08-13T18:00:00Z,short,0,14402,1.2753107220000002,1.2858383407050071,1.2647831032949932,1.2859283493888565,stop,-152.9150696543084,4.0,-156.9150696543084,-1.034931725496757,100923.85611871762
2024-08-14T04:45:00Z,2024-08-14T04:45:00Z,2024-08-16T20:30:00Z,short,0,14798,1.28591497965,1.2961451107733886,1.2756848485266115,1.29436559925,weekend_close,-125.05226884080062,4.0,-129.05226884080062,-0.8524745472986041,100794.80384987683
2024-08-19T01:15:00Z,2024-08-19T01:15:00Z,2024-08-21T14:00:00Z,long,0,13648,1.29461561675,1.283538437570326,1.305692795929674,1.3056013974339589,target,149.93393477467018,4.0,145.93393477467018,0.9652906461909021,100940.7377846515
2024-08-22T03:45:00Z,2024-08-22T03:45:00Z,2024-08-23T14:00:00Z,short,0,14728,1.30866338715,1.318943797276431,1.2983829770235689,1.3190361233422405,stop,-152.76965863931883,4.0,-156.76965863931883,-1.0353991317153959,100783.96812601219
2024-08-26T01:30:00Z,2024-08-26T01:30:00Z,2024-08-30T20:30:00Z,long,0,13164,1.3219425295,1.310458868309016,1.3334261906909841,1.3129680858,weekend_close,-118.13957686680148,4.0,-122.13957686680148,-0.8079568488753571,100661.82854914539
2024-09-02T04:00:00Z,2024-09-02T04:00:00Z,2024-09-06T12:30:00Z,short,0,14548,1.312708104,1.3230863950420844,1.3023298129579155,1.3231790110897372,stop,-152.33075634149827,4.0,-156.33075634149827,-1.0354169997336524,100505.49779280389
2024-09-08T22:30:00Z,2024-09-08T22:30:00Z,2024-09-11T14:00:00Z,short,0,13984,1.3131430735499998,1.323923204858529,1.3023629422414706,1.3024541076474276,target,149.47449918156934,4.0,145.47449918156934,0.9650090907900258,100650.97229198545
2024-09-11T14:45:00Z,2024-09-11T14:45:00Z,2024-09-13T20:30:00Z,short,0,8174,1.3002489762,1.3187181053873742,1.2817798470126258,1.312591875,weekend_close,-100.89085479120047,4.0,-104.89085479120047,-0.6947948203740913,100546.08143719425
2024-09-16T00:45:00Z,2024-09-16T00:45:00Z,2024-09-18T18:00:00Z,long,0,13048,1.3143219961000001,1.302763285921111,1.3258807062788893,1.3257878946294497,target,149.60704401225797,4.0,145.60704401225797,0.9654483903778162,100691.68848120651
2024-09-18T22:00:00Z,2024-09-18T22:00:00Z,2024-09-20T06:30:00Z,short,0,13255,1.3210875174,1.3324815781721107,1.3096934566278895,1.3325748518825826,stop,-152.26461856663164,4.0,-156.26461856663164,-1.0346712760493366,100535.42386263987
2024-09-22T22:30:00Z,2024-09-22T22:30:00Z,2024-09-27T20:30:00Z,long,0,13225,1.33238826065,1.3209855283449512,1.3437909929550487,1.3372763841,weekend_close,64.64543262625006,4.0,60.645432626250056,0.40215501516692764,100596.06929526612
2024-09-30T05:45:00Z,2024-09-30T05:45:00Z,2024-10-01T15:00:00Z,long,0,13005,1.33967877095,1.3280762347371973,1.3512813071628027,1.3279832694007656,stop,-152.0999976477931,4.0,-156.0999976477931,-1.0345217062098755,100439.96929761833
2024-10-01T17:45:00Z,2024-10-01T17:45:00Z,2024-10-03T08:45:00Z,short,0,10086,1.3260971666999999,1.3410343801392586,1.3111599532607412,1.3112517344574695,target,149.73102959816194,4.0,145.73102959816194,0.9673051114613068,100585.70032721649
2024-10-03T15:30:00Z,2024-10-03T15:30:00Z,2024-10-04T20:30:00Z,short,0,12622,1.31102322195,1.3229766225607256,1.2990698213392744,1.31241686275,weekend_close,-17.590534177599103,4.0,-21.590534177599103,-0.1431013519503533,100564.1097930389
2024-10-06T23:30:00Z,2024-10-06T23:30:00Z,2024-10-11T20:30:00Z,short,0,14901,1.3120281515999999,1.3221508123037797,1.30190549089622,1.3066414585000001,weekend_close,80.26711388309596,4.0,76.26711388309596,0.5056234610577153,100640.37690692199
2024-10-13T22:00:00Z,2024-10-13T22:00:00Z,2024-10-18T20:30:00Z,short,0,14242,1.30661353065,1.317213143870417,1.2960139174295828,1.30503634615,weekend_close,22.46226164899835,4.0,18.46226164899835,0.12229928047256722,100658.83916857098
2024-10-20T23:00:00Z,2024-10-20T23:00:00Z,2024-10-23T15:15:00Z,long,0,13665,1.3053313668,1.2942823174205056,1.3163804161794943,1.2941917176582862,stop,-152.22330552151806,4.0,-156.22330552151806,-1.0346924312921637,100502.61586304946
2024-10-23T16:15:00Z,2024-10-23T16:15:00Z,2024-10-25T20:30:00Z,short,0,11653,1.2934494522,1.3063856331942314,1.2805132712057685,1.29621572875,weekend_close,-32.23542063715067,4.0,-36.23542063715067,-0.24037509972476648,100466.38044241231
2024-10-28T02:00:00Z,2024-10-28T02:00:00Z,2024-11-01T20:30:00Z,short,0,13624,1.2953893163999999,1.3064499599721475,1.2843286728278522,1.2919704316,weekend_close,46.57888651519802,4.0,42.57888651519802,0.2825590798015623,100508.9593289275
2024-11-04T00:30:00Z,2024-11-04T00:30:00Z,2024-11-06T14:30:00Z,long,0,12355,1.2956856916500001,1.2834838965988844,1.3078874867011159,1.2833940527261225,stop,-151.86319890450818,4.0,-155.86319890450818,-1.033896605833651,100353.096130023
2024-11-06T15:45:00Z,2024-11-06T15:45:00Z,2024-11-07T14:15:00Z,short,0,14846,1.28757486345,1.2977136122795558,1.277436114620444,1.2978044522324155,stop,-151.86847506374102,4.0,-155.86847506374102,-1.0355342461658639,100197.22765495925
2024-11-07T14:30:00Z,2024-11-07T14:30:00Z,2024-11-08T21:30:00Z,long,0,9266,1.2979008467,1.2816811059699533,1.3141205874300466,1.29130460235,weekend_close,-61.12080014709848,4.0,-65.12080014709848,-0.4332948472947735,100132.10685481215
2024-11-11T00:30:00Z,2024-11-11T00:30:00Z,2024-11-12T06:30:00Z,short,0,15256,1.2919145596500001,1.301759197869396,1.2820699214306042,1.2821596663251043,target,148.82065256461146,4.0,144.82065256461146,0.9642509139345085,100276.92750737676
2024-11-12T07:00:00Z,2024-11-12T07:00:00Z,2024-11-13T15:00:00Z,short,0,11572,1.2824702207999998,1.2954683300921743,1.2694721115078254,1.2695609745556309,target,149.38579753983754,4.0,145.38579753983754,0.9665701387287722,100422.3133049166
2024-11-13T16:45:00Z,2024-11-13T16:45:00Z,2024-11-15T21:30:00Z,short,0,11176,1.27100602335,1.2844843014577443,1.2575277452422557,1.2611082714000001,weekend_close,110.61727579319852,4.0,106.61727579319852,0.7077938344208685,100528.9305807098
2024-11-18T02:45:00Z,2024-11-18T02:45:00Z,2024-11-22T09:00:00Z,long,0,13295,1.263388431,1.2520463775071815,1.2747304844928187,1.2519587342607559,stop,-151.9578181482518,4.0,-155.9578181482518,-1.0342537824838136,100372.97276256155
2024-11-24T23:00:00Z,2024-11-24T23:00:00Z,2024-11-29T07:15:00Z,long,0,9289,1.2587981097,1.2425899712345645,1.2750062481654356,1.274916997728064,target,149.72835089268696,4.0,145.72835089268696,0.9679255395596377,100518.70111345424
2024-12-02T01:30:00Z,2024-12-02T01:30:00Z,2024-12-06T21:30:00Z,short,0,11008,1.2688211763,1.2825173683748798,1.25512498422512,1.27439420135,weekend_close,-61.34785975040137,4.0,-65.34785975040137,-0.4334341334122552,100453.35325370384
2024-12-09T00:15:00Z,2024-12-09T00:15:00Z,2024-12-13T07:00:00Z,long,0,14216,1.2746192171,1.2640204976050466,1.2852179365949532,1.2639320161702143,stop,-151.92924841783196,4.0,-155.92924841783196,-1.0348961528550682,100297.42400528601
2024-12-15T23:45:00Z,2024-12-15T23:45:00Z,2024-12-17T17:00:00Z,short,0,15308,1.26259661205,1.2724240966996174,1.2527691274003827,1.2725131663863865,stop,-151.80261378140278,4.0,-155.80261378140278,-1.0356521510475158,100141.62139150461
2024-12-17T17:30:00Z,2024-12-17T17:30:00Z,2024-12-18T19:45:00Z,long,0,12095,1.27202403545,1.2596054394235172,1.284442631476483,1.2595172670427575,stop,-151.2693638855996,4.0,-155.2693638855996,-1.0337306690244987,99986.35202761901
2024-12-18T21:15:00Z,2024-12-18T21:15:00Z,2024-12-20T21:30:00Z,short,0,6943,1.2584369032499998,1.2800379060628537,1.2368359004371459,1.2569479802,weekend_close,10.337592736147931,4.0,6.337592736147931,0.042257446331671195,99992.68962035516
2024-12-22T23:45:00Z,2024-12-22T23:45:00Z,2024-12-27T21:30:00Z,short,0,13184,1.2567470215499998,1.2681228833641929,1.2453711597358068,1.25771303375,weekend_close,-12.735904844801894,4.0,-16.735904844801894,-0.11158805187566519,99975.95371551036
2024-12-30T00:30:00Z,2024-12-30T00:30:00Z,2025-01-02T10:30:00Z,long,0,13881,1.25795305055,1.2471496527946502,1.26875644830535,1.2470623523189546,stop,-151.17378214514247,4.0,-155.17378214514247,-1.0347542653863866,99820.77993336522
2025-01-02T13:45:00Z,2025-01-02T13:45:00Z,2025-01-03T21:30:00Z,short,0,7988,1.24029817305,1.259042657975424,1.221553688124576,1.2423569589,weekend_close,-16.44558136980062,4.0,-20.44558136980062,-0.13654880285446033,99800.33435199542
2025-01-06T01:00:00Z,2025-01-06T01:00:00Z,2025-01-06T11:30:00Z,long,0,13686,1.2430870100000002,1.2321488900360273,1.254025129963973,1.2539373482048757,target,148.4977286719256,4.0,144.4977286719256,0.9652544282927239,99944.83208066734
2025-01-06T12:15:00Z,2025-01-06T12:15:00Z,2025-01-08T11:30:00Z,long,0,8174,1.2541077814,1.2357683708722813,1.2724471919277185,1.2356818670863203,stop,-150.6134236000168,4.0,-154.6134236000168,-1.0314001522185294,99790.21865706732
2025-01-08T12:00:00Z,2025-01-08T12:00:00Z,2025-01-10T21:30:00Z,short,0,7624,1.23710839635,1.2567397626072399,1.2174770300927602,1.2207154441,weekend_close,124.97986795399943,4.0,120.97986795399943,0.8083132406782674,99911.19852502132
2025-01-12T23:45:00Z,2025-01-12T23:45:00Z,2025-01-17T21:30:00Z,short,0,13339,1.2208295359499999,1.232064485972693,1.2095945859273067,1.2169201784500001,weekend_close,52.14691969249688,4.0,48.14691969249688,0.32127289739114046,99959.34544471382
2025-01-20T00:45:00Z,2025-01-20T00:45:00Z,2025-01-20T13:30:00Z,short,0,15570,1.2178847421,1.2275144881094946,1.2082549960905056,1.2276004141236623,stop,-151.27301340842033,4.0,-155.27301340842033,-1.0356011796133298,99804.0724313054
2025-01-20T15:45:00Z,2025-01-20T15:45:00Z,2025-01-24T15:00:00Z,long,0,8352,1.2278359424999998,1.2099132640879502,1.2457586209120495,1.2456714178085857,target,148.96188977730918,4.0,144.96188977730918,0.9684126282069375,99949.0343210827
2025-01-27T00:45:00Z,2025-01-27T00:45:00Z,2025-01-31T21:30:00Z,short,0,12582,1.2457177936500001,1.2576334069063688,1.2338021803936314,1.2395267608,weekend_close,77.8955753187014,4.0,73.8955753187014,0.4928926646604965,100022.9298964014
2025-02-02T23:15:00Z,2025-02-02T23:15:00Z,2025-02-05T09:00:00Z,short,0,7077,1.23015888285,1.2513572447758319,1.2089605209241683,1.2514448397829663,stop,-150.64071721460178,4.0,-154.64071721460178,-1.0307951273368314,99868.2891791868
2025-02-05T17:00:00Z,2025-02-05T17:00:00Z,2025-02-06T12:00:00Z,short,0,13826,1.2511624125,1.2619968280462095,1.2403279969537906,1.2404148199135774,target,148.59621509987971,4.0,144.59621509987971,0.9652835029408913,100012.88539428668
2025-02-06T13:15:00Z,2025-02-06T13:15:00Z,2025-02-07T21:30:00Z,short,0,8562,1.2377433519,1.255263448224614,1.220223255575386,1.2405368315,weekend_close,-23.917772335199842,4.0,-27.917772335199842,-0.1861097168003325,99984.96762195148
2025-02-09T23:00:00Z,2025-02-09T23:00:00Z,2025-02-13T07:00:00Z,short,0,11047,1.2380383312499998,1.251614472782417,1.2244621897175827,1.2517020857955117,stop,-150.9434964642692,4.0,-154.9434964642692,-1.0331244534407835,99830.02412548721
2025-02-13T08:30:00Z,2025-02-13T08:30:00Z,2025-02-14T13:30:00Z,long,0,13080,1.2490274258,1.2375793127915151,1.260475538808485,1.2603873055207684,target,148.58722674765002,4.0,144.58722674765002,0.9655800318377331,99974.61135223486
2025-02-17T00:30:00Z,2025-02-17T00:30:00Z,2025-02-21T21:30:00Z,short,0,13274,1.25814692355,1.2694437141278012,1.2468501329721988,1.2630134047500001,weekend_close,-64.5976714488014,4.0,-68.5976714488014,-0.45745932277966284,99906.01368078605
2025-02-24T00:45:00Z,2025-02-24T00:45:00Z,2025-02-28T21:30:00Z,long,0,11682,1.2664836476499999,1.2536565335675,1.2793107617324997,1.25776695015,weekend_close,-101.82846019499914,4.0,-105.82846019499914,-0.7062465152958693,99800.18522059105
2025-03-03T00:45:00Z,2025-03-03T00:45:00Z,2025-03-04T09:30:00Z,long,0,12109,1.2605332311500002,1.2481715232334136,1.2728949390665867,1.272805836420852,target,148.60897722474618,4.0,144.60897722474618,0.9660697810633284,99944.7941978158
2025-03-04T12:45:00Z,2025-03-04T12:45:00Z,2025-03-05T18:45:00Z,long,0,10759,1.2747992297,1.2608662706065143,1.2887321887934855,1.28864197754027,target,148.93412401346563,4.0,144.93412401346563,0.9668417158035016,100089.72832182927
2025-03-05T19:00:00Z,2025-03-05T19:00:00Z,2025-03-07T21:30:00Z,long,0,10521,1.2889402195000002,1.2746711733762683,1.303209265623732,1.2921245449499998,weekend_close,33.50228805944676,4.0,29.502288059446762,0.19651863402259842,100119.23060988872
2025-03-09T23:30:00Z,2025-03-09T23:30:00Z,2025-03-14T20:30:00Z,long,0,12667,1.29356554325,1.2817104777530501,1.3054206087469498,1.29336445815,weekend_close,-2.547144961700678,4.0,-6.547144961700678,-0.04359876913262318,100112.68346492702
2025-03-16T22:00:00Z,2025-03-16T22:00:00Z,2025-03-21T20:30:00Z,long,0,14464,1.29342553345,1.283043603429592,1.303807463470408,1.2910396209000001,weekend_close,-34.509839123198105,4.0,-38.509839123198105,-0.25645147071234164,100074.17362580381
2025-03-23T22:00:00Z,2025-03-23T22:00:00Z,2025-03-28T20:30:00Z,short,0,12803,1.29068464575,1.302408625111433,1.278960666388567,1.2946306178,weekend_close,-50.520280156148885,4.0,-54.520280156148885,-0.36322128295302936,100019.65334564766
2025-03-30T23:30:00Z,2025-03-30T23:30:00Z,2025-04-02T23:30:00Z,short,0,13041,1.2928394949,1.3043432463161129,1.281335743483887,1.304434550343355,stop,-151.21111803679307,4.0,-155.21111803679307,-1.0345999280800442,99864.44222761087
2025-04-03T00:00:00Z,2025-04-03T00:00:00Z,2025-04-04T17:00:00Z,long,0,8894,1.3046713206,1.2878296708150458,1.3215129703849542,1.2877395227380888,stop,-150.59141018383852,4.0,-154.59141018383852,-1.0320568045616965,99709.85081742702
2025-04-06T22:15:00Z,2025-04-06T22:15:00Z,2025-04-07T20:00:00Z,short,0,9743,1.28622495795,1.30157590844931,1.2708740074506901,1.2709629686312116,target,148.69756193295552,4.0,144.69756193295552,0.9674604940272024,99854.54837935999
2025-04-07T20:15:00Z,2025-04-07T20:15:00Z,2025-04-10T06:30:00Z,short,0,9501,1.2716559778499998,1.2874203392591608,1.255891616440839,1.287510458682909,stop,-150.63342239346917,4.0,-154.63342239346917,-1.0324229904019673,99699.91495696652
2025-04-10T09:00:00Z,2025-04-10T09:00:00Z,2025-04-10T18:30:00Z,long,0,12244,1.2870500872000001,1.2748360309433586,1.2992641434566417,1.2991731949665997,target,148.43533149424462,4.0,144.43533149424462,0.9658066816423918,99844.35028846076
2025-04-10T18:45:00Z,2025-04-10T18:45:00Z,2025-04-11T20:30:00Z,long,0,9083,1.29918593665,1.2826973762245153,1.3156744970754848,1.3070085029999998,weekend_close,71.05237015704802,4.0,67.05237015704802,0.4477154479334578,99911.40265861781
2025-04-14T01:00:00Z,2025-04-14T01:00:00Z,2025-04-15T05:15:00Z,long,0,12324,1.3098416824999999,1.2976812872245207,1.322002077775479,1.3219095376300347,target,148.7242466225493,4.0,144.7242466225493,0.9656992983518766,100056.12690524035
2025-04-15T09:00:00Z,2025-04-15T09:00:00Z,2025-04-18T20:30:00Z,long,0,11261,1.32309761035,1.3097700966719616,1.3364251240280385,1.3296769161,weekend_close,74.0895620507486,4.0,70.0895620507486,0.46701115148168953,100126.2164672911
2025-04-21T03:30:00Z,2025-04-21T03:30:00Z,2025-04-25T20:30:00Z,long,0,8959,1.3376436285,1.3208798996903235,1.3544073573096764,1.3313767971,weekend_close,-56.14454251260055,4.0,-60.14454251260055,-0.400466380590235,100066.0719247785
2025-04-27T22:45:00Z,2025-04-27T22:45:00Z,2025-04-28T17:15:00Z,short,0,12309,1.32987190245,1.3420657422849869,1.3176780626150133,1.3421596868869468,stop,-151.25033863437656,4.0,-155.25033863437656,-1.0343542378813682,99910.82158614413
2025-04-28T17:45:00Z,2025-04-28T17:45:00Z,2025-05-01T18:00:00Z,long,0,9522,1.34177891795,1.3260402987531812,1.3575175371468187,1.3259474759322685,stop,-150.74699089283894,4.0,-154.74699089283894,-1.0325887950946342,99756.0745952513
2025-05-05T03:30:00Z,2025-05-05T03:30:00Z,2025-05-09T20:30:00Z,long,0,12673,1.329193037,1.3173860796834014,1.3409999943165987,1.33005188985,weekend_close,10.88424216804975,4.0,6.8842421680497505,0.04600856745547963,99762.95883741934
2025-05-11T23:15:00Z,2025-05-11T23:15:00Z,2025-05-12T07:30:00Z,short,0,13408,1.3292969427,1.3404574022099887,1.3181364831900115,1.3182287527438348,target,148.4022909322646,4.0,144.4022909322646,0.9650015387733587,99907.36112835161
2025-05-12T09:15:00Z,2025-05-12T09:15:00Z,2025-05-16T20:30:00Z,short,0,7592,1.31875268085,1.3384914920842523,1.2990138696157478,1.3278329417999999,weekend_close,-68.93734113239854,4.0,-72.93734113239854,-0.486712762276833,99834.4237872192
2025-05-18T23:00:00Z,2025-05-18T23:00:00Z,2025-05-21T03:15:00Z,long,0,11901,1.3301981073500002,1.3176156568525152,1.3427805578474852,1.342686563208436,target,148.62511317124353,4.0,144.62511317124353,0.9658174018886515,99979.04890039045
2025-05-21T07:15:00Z,2025-05-21T07:15:00Z,2025-05-23T17:45:00Z,long,0,13488,1.3427739876000002,1.3316557963697797,1.3538921788302207,1.3537974063777025,target,148.6838724736486,4.0,144.6838724736486,0.9648025160283845,100123.7327728641
2025-05-26T00:00:00Z,2025-05-26T00:00:00Z,2025-05-28T23:30:00Z,long,0,13168,1.3539197677500001,1.3425152823198252,1.365324253180175,1.3424213062500627,stop,-151.4117410311755,4.0,-155.4117410311755,-1.0348759950079802,99968.32103183292
2025-05-29T00:15:00Z,2025-05-29T00:15:00Z,2025-05-30T20:30:00Z,short,0,10673,1.3429959836999998,1.3570454336613864,1.3289465337386133,1.3459992133499998,weekend_close,-32.05347005444994,4.0,-36.05347005444994,-0.24043696622699032,99932.26756177847
2025-06-01T22:30:00Z,2025-06-01T22:30:00Z,2025-06-04T14:30:00Z,short,0,13203,1.34572079295,1.357073470946861,1.3343681149531388,1.3571684660898273,stop,-151.1436284651414,4.0,-155.1436284651414,-1.035053983846987,99777.12393331333
2025-06-04T15:00:00Z,2025-06-04T15:00:00Z,2025-06-06T20:30:00Z,long,0,9896,1.3577750376,1.3426526669336272,1.3728974082663727,1.35238032675,weekend_close,-53.386058571598745,4.0,-57.386058571598745,-0.3834659721421177,99719.73787474172
2025-06-08T22:45:00Z,2025-06-08T22:45:00Z,2025-06-12T23:45:00Z,short,0,15230,1.35321026865,1.3630313643390692,1.3433891729609309,1.363126776534573,stop,-151.02841508204494,4.0,-155.02841508204494,-1.03645741107594,99564.70945965967
2025-06-13T00:45:00Z,2025-06-13T00:45:00Z,2025-06-13T20:30:00Z,long,0,22914,1.3569749816,1.3504573981950063,1.3634925650049938,1.35690501,weekend_close,-1.6033292424024554,4.0,-5.603329242402456,-0.03751963764141577,99559.10613041728
2025-06-15T22:15:00Z,2025-06-15T22:15:00Z,2025-06-18T18:45:00Z,short,0,11635,1.3541152052999998,1.3669499862984305,1.3412804243015692,1.3413743139312704,target,148.24027107516736,4.0,144.24027107516736,0.9658989181288701,99703.34640149244
2025-06-18T19:30:00Z,2025-06-18T19:30:00Z,2025-06-20T20:30:00Z,short,0,9660,1.340306172,1.3557866587594407,1.3248256852405593,1.344294094,weekend_close,-38.52332652000085,4.0,-42.52332652000085,-0.2843580271959983,99660.82307497243
2025-06-23T01:45:00Z,2025-06-23T01:45:00Z,2025-06-23T22:15:00Z,short,0,12089,1.3418160662999998,1.3541814674360413,1.3294506651639584,1.354276260138762,stop,-150.63128331679465,4.0,-154.63128331679465,-1.0344244404050056,99506.19179165564
2025-06-23T23:30:00Z,2025-06-23T23:30:00Z,2025-06-25T23:45:00Z,long,0,10449,1.3547848283,1.3405009991840708,1.369068657415929,1.3689728226099098,target,148.25035254424867,4.0,144.25035254424867,0.9664903189155228,99650.44214419989
2025-06-26T00:00:00Z,2025-06-26T00:00:00Z,2025-06-27T20:30:00Z,long,0,10723,1.36909082965,1.355151744968256,1.383029914331744,1.3714139942999999,weekend_close,24.911294541949264,4.0,20.911294541949264,0.13990407253222917,99671.35343874183
2025-06-29T22:45:00Z,2025-06-29T22:45:00Z,2025-07-02T12:30:00Z,long,0,12771,1.37251106905,1.360804883615462,1.384217254484538,1.360709627273609,stop,-150.71621292628913,4.0,-154.71621292628913,-1.034893173328956,99516.63722581555
2025-07-02T13:15:00Z,2025-07-02T13:15:00Z,2025-07-04T20:30:00Z,short,0,7265,1.3606847454000002,1.3812294121634996,1.3401400786365008,1.3652355598,weekend_close,-33.061666615999535,4.0,-37.061666615999535,-0.24830772167218385,99479.57555919954
2025-07-06T22:30:00Z,2025-07-06T22:30:00Z,2025-07-08T13:15:00Z,long,0,14235,1.365495578,1.355013672519034,1.375977483480966,1.3549188215619576,stop,-150.5601278955328,4.0,-154.5601278955328,-1.0358568868065463,99325.01543130401
2025-07-08T14:15:00Z,2025-07-08T14:15:00Z,2025-07-11T20:30:00Z,short,0,8634,1.3528852914,1.370140174631643,1.335630408168357,1.3490844293,weekend_close,32.81664337140069,4.0,28.816643371400687,0.1934279917605228,99353.83207467542
2025-07-14T04:00:00Z,2025-07-14T04:00:00Z,2025-07-16T13:45:00Z,short,0,12886,1.3480956267,1.3596607885743452,1.3365304648256546,1.3366240219581924,target,147.82309870293182,4.0,143.82309870293182,0.9650699626900849,99497.65517337836
2025-07-16T14:45:00Z,2025-07-16T14:45:00Z,2025-07-18T20:30:00Z,short,0,11851,1.33713139425,1.3497247202733935,1.3245380682266066,1.3411838763,weekend_close,-48.025964774548356,4.0,-52.025964774548356,-0.34859784471561395,99445.6292086038
2025-07-21T00:30:00Z,2025-07-21T00:30:00Z,2025-07-22T16:00:00Z,short,0,13955,1.3414560915,1.3521449500905165,1.3307672329094835,1.352239600237023,stop,-150.48386442515513,4.0,-154.48386442515513,-1.0356713261526198,99291.14534417864
2025-07-22T17:00:00Z,2025-07-22T17:00:00Z,2025-07-25T20:30:00Z,long,0,10097,1.3530847093,1.338335136375821,1.3678342822241791,1.34313097425,weekend_close,-100.50286279985079,4.0,-104.50286279985079,-0.7017079326731797,99186.64248137879
2025-07-27T23:00:00Z,2025-07-27T23:00:00Z,2025-07-29T06:30:00Z,long,0,14479,1.34358904465,1.3333139934398819,1.3538640958601182,1.333220661460341,stop,-150.12382020307334,4.0,-154.12382020307334,-1.0359700545315924,99032.51866117571
2025-07-29T08:00:00Z,2025-07-29T08:00:00Z,2025-07-31T10:30:00Z,short,0,12508,1.33320166935,1.345077878303365,1.321325460396635,1.3214179531788628,target,147.3907218685836,4.0,143.3907218685836,0.9652845352557358,99175.90938304429
2025-07-31T13:45:00Z,2025-07-31T13:45:00Z,2025-08-01T20:30:00Z,short,0,10103,1.31945263185,1.3341763920255805,1.3047288716744194,1.3278879456500001,weekend_close,-85.22197532140179,4.0,-89.22197532140179,-0.5997948688414655,99086.68740772289
2025-08-03T22:00:00Z,2025-08-03T22:00:00Z,2025-08-07T11:00:00Z,long,0,10546,1.3278529432000001,1.3137604967653929,1.3419453896346074,1.341851453457333,target,147.62828917383155,4.0,143.62828917383155,0.966419818885803,99230.31569689672
2025-08-07T12:15:00Z,2025-08-07T12:15:00Z,2025-08-08T20:30:00Z,long,0,9124,1.34309401,1.326781465260453,1.3594065547395469,1.34495084685,weekend_close,16.941779419400394,4.0,12.941779419400394,0.0869534866550219,99243.25747631612
2025-08-10T22:00:00Z,2025-08-10T22:00:00Z,2025-08-13T07:00:00Z,long,0,15394,1.3443090950499998,1.3346392586279014,1.3539789314720982,1.3538841529468952,target,147.39844126480762,4.0,143.39844126480762,0.9633271953722382,99386.65591758094
2025-08-13T15:15:00Z,2025-08-13T15:15:00Z,2025-08-15T20:30:00Z,long,0,13881,1.3565399511499998,1.345800813088858,1.3672790892111417,1.35541011465,weekend_close,-15.683260456498196,4.0,-19.683260456498196,-0.1320404085407214,99366.97265712444
2025-08-18T04:00:00Z,2025-08-18T04:00:00Z,2025-08-20T15:45:00Z,short,0,14723,1.3555351058999998,1.3656583139227594,1.3454118978772402,1.3455060767100917,target,147.65739676301712,4.0,143.65739676301712,0.9638590264931688,99510.63005388745
2025-08-20T19:30:00Z,2025-08-20T19:30:00Z,2025-08-22T20:30:00Z,short,0,12716,1.3453258206,1.357064033989698,1.3335876072103021,1.3528346918,weekend_close,-95.48280617919986,4.0,-99.48280617919986,-0.6664928697983458,99411.14724770824
2025-08-25T01:30:00Z,2025-08-25T01:30:00Z,2025-08-29T20:30:00Z,short,0,12158,1.3493655378,1.3616294757358862,1.3371015998641138,1.3507645469,weekend_close,-17.00915263780018,4.0,-21.00915263780018,-0.140901771481593,99390.13809507045
2025-09-01T01:45:00Z,2025-09-01T01:45:00Z,2025-09-02T07:45:00Z,long,0,14141,1.3508845553,1.3403420044697718,1.361427106130228,1.3402481805294588,stop,-150.4089756302222,4.0,-154.4089756302222,-1.0357303818736294,99235.72911944022
2025-09-02T08:00:00Z,2025-09-02T08:00:00Z,2025-09-05T20:30:00Z,short,0,6519,1.34023117725,1.3630631696402626,1.3173991848597373,1.3509445595,weekend_close,-69.84053888775045,4.0,-73.84053888775045,-0.49610095772463364,99161.88858055248
2025-09-07T22:45:00Z,2025-09-07T22:45:00Z,2025-09-12T20:30:00Z,short,0,11625,1.34835060885,1.3611446953309905,1.3355565223690093,1.35579989935,weekend_close,-86.5980020625011,4.0,-90.5980020625011,-0.609138959087455,99071.29057848998
2025-09-15T01:00:00Z,2025-09-15T01:00:00Z,2025-09-16T14:00:00Z,short,0,14215,1.35549010905,1.365944218498628,1.345035999601372,1.3660398345939229,stop,-149.96434860686347,4.0,-153.96434860686347,-1.0360632335042033,98917.32622988311
2025-09-16T14:15:00Z,2025-09-16T14:15:00Z,2025-09-19T02:15:00Z,long,0,10840,1.36691067705,1.353223306698315,1.3805980474016848,1.353128581066846,stop,-149.39792045738753,4.0,-153.39792045738753,-1.0338800886942294,98763.92830942573
2025-09-22T00:45:00Z,2025-09-22T00:45:00Z,2025-09-25T14:45:00Z,short,0,13507,1.3463957457,1.3573637831085803,1.3354277082914197,1.335521188231,target,146.88264773378168,4.0,142.88264773378168,0.9644765361506988,98906.81095715951
2025-09-26T00:45:00Z,2025-09-26T00:45:00Z,2025-09-26T20:30:00Z,short,0,13989,1.33405160985,1.3446568239563619,1.323446395743638,1.34054883185,weekend_close,-90.8896385580019,4.0,-94.8896385580019,-0.6396062242595116,98811.92131860151
2025-09-29T00:15:00Z,2025-09-29T00:15:00Z,2025-10-03T20:30:00Z,long,0,12609,1.3417589165500001,1.3300048245849727,1.3535130085150275,1.3478156463,weekend_close,76.36930541774777,4.0,72.36930541774777,0.48829769625184266,98884.29062401925
2025-10-05T23:30:00Z,2025-10-05T23:30:00Z,2025-10-09T15:30:00Z,short,0,10604,1.3433459591999999,1.3573333060311839,1.329358612368816,1.3294516674716819,target,147.3350694870843,4.0,143.3350694870843,0.9663788098348641,99027.62569350634
2025-10-09T15:45:00Z,2025-10-09T15:45:00Z,2025-10-10T20:30:00Z,short,0,8161,1.3295819227499999,1.347781723233328,1.3113821222666717,1.3345534122,weekend_close,-40.572325401451174,4.0,-44.572325401451174,-0.300092600891245,98983.0533681049
2025-10-13T02:45:00Z,2025-10-13T02:45:00Z,2025-10-17T05:45:00Z,long,0,13086,1.3353884706499999,1.32404293248507,1.3467340088149298,1.3466397374343126,target,147.2340771395168,4.0,143.2340771395168,0.9647490002962448,99126.28744524441
2025-10-20T02:15:00Z,2025-10-20T02:15:00Z,2025-10-22T07:00:00Z,long,0,13263,1.3438740646,1.3326635978749528,1.3550845313250472,1.3325703114231016,stop,-149.9216783852044,4.0,-153.9216783852044,-1.0352239878580656,98972.3657668592
2025-10-22T08:30:00Z,2025-10-22T08:30:00Z,2025-10-24T20:30:00Z,short,0,9898,1.332306732,1.3473044006403998,1.3173090633596,1.33101816475,weekend_close,12.754238640500386,4.0,8.754238640500386,0.05897217936659995,98981.1200054997
2025-10-26T22:30:00Z,2025-10-26T22:30:00Z,2025-10-29T09:00:00Z,long,0,13085,1.3321132414,1.3207671708956532,1.343459311904347,1.3206747171936906,stop,-149.6730892395602,4.0,-153.6730892395602,-1.0350912013136204,98827.44691626015
2025-10-29T13:30:00Z,2025-10-29T13:30:00Z,2025-10-31T13:00:00Z,short,0,13362,1.3214774901,1.3325716826171177,1.3103832975828822,1.310475024413713,target,147.0149465001645,4.0,143.0149465001645,0.9647488346716193,98970.4618627603
2025-11-02T23:00:00Z,2025-11-02T23:00:00Z,2025-11-04T17:30:00Z,long,0,13435,1.3142519912,1.3032028882522912,1.3253010941477086,1.3031116640501135,stop,-149.67029525872434,4.0,-153.67029525872434,-1.0352023158998334,98816.79156750158
2025-11-04T18:15:00Z,2025-11-04T18:15:00Z,2025-11-07T15:00:00Z,short,0,10447,1.3019988537,1.316186226222559,1.287811481177441,1.3162783592583946,stop,-149.17799456854874,4.0,-153.17799456854874,-1.0334817510322971,98663.61357293303
2025-11-10T00:45:00Z,2025-11-10T00:45:00Z,2025-11-14T21:30:00Z,short,0,12777,1.3142879934,1.3258704790130986,1.3027055077869014,1.31740721205,weekend_close,-39.85425669104971,4.0,-43.85425669104971,-0.29633373171296107,98619.75931624198
2025-11-17T02:00:00Z,2025-11-17T02:00:00Z,2025-11-19T19:45:00Z,short,0,13632,1.31550290835,1.3263542058819862,1.304651610818014,1.3047429364307712,target,146.67993720292753,4.0,142.67993720292753,0.9645431487183825,98762.43925344491
2025-11-19T20:30:00Z,2025-11-19T20:30:00Z,2025-11-21T21:30:00Z,short,0,10739,1.3051986297,1.3189926153435552,1.2914046440564448,1.3103817202999999,weekend_close,-55.66120995339876,4.0,-59.66120995339876,-0.4027526853488308,98702.77804349152
2025-11-24T01:30:00Z,2025-11-24T01:30:00Z,2025-11-25T17:15:00Z,short,0,13865,1.3091383538999999,1.319815884945383,1.2984608228546168,1.3199082720573292,stop,-149.3249152513708,4.0,-153.3249152513708,-1.035671479091428,98549.45312824014
2025-11-25T18:30:00Z,2025-11-25T18:30:00Z,2025-11-28T21:30:00Z,long,0,9764,1.3206624399,1.3055229025087889,1.335801977291211,1.32386232315,weekend_close,31.2436600529998,4.0,27.2436600529998,0.18429989035440986,98576.69678829315
2025-12-01T02:15:00Z,2025-12-01T02:15:00Z,2025-12-03T16:00:00Z,long,0,15040,1.32353764115,1.313706795455216,1.333368486844784,1.3332751510507048,target,146.45214890660134,4.0,142.45214890660134,0.9634524585124704,98719.14893719974
2025-12-03T16:15:00Z,2025-12-03T16:15:00Z,2025-12-05T21:30:00Z,long,0,9187,1.33458841465,1.3184711224522125,1.3507057068477875,1.3328466942,weekend_close,-16.001185774150873,4.0,-20.001185774150873,-0.1350796565616421,98699.1477514256
2025-12-07T23:30:00Z,2025-12-07T23:30:00Z,2025-12-11T15:45:00Z,short,0,13592,1.3324917190499999,1.3433834883142637,1.321599949785736,1.3434775251584457,stop,-149.31907662599525,4.0,-153.31907662599525,-1.0356533079273207,98545.8286747996
2025-12-11T21:15:00Z,2025-12-11T21:15:00Z,2025-12-12T21:30:00Z,short,0,12385,1.339406235,1.3513409553223121,1.3274715146776879,1.33680857005,weekend_close,32.17208040574891,4.0,28.172080405748908,0.1905946308145517,98574.00075520536
2025-12-14T23:45:00Z,2025-12-14T23:45:00Z,2025-12-19T21:30:00Z,long,0,14004,1.3372536012,1.3266956417240832,1.347811560675917,1.3375163673,weekend_close,3.679776464398139,4.0,-0.320223535601861,-0.0021658139937428384,98573.68053166976
2025-12-22T01:45:00Z,2025-12-22T01:45:00Z,2025-12-23T09:00:00Z,long,0,12691,1.3397037727,1.3280537904487255,1.3513537549512746,1.351259160188428,target,146.64942261563965,4.0,142.64942261563965,0.9648258046526111,98716.3299542854
2025-12-23T12:15:00Z,2025-12-23T12:15:00Z,2025-12-26T21:30:00Z,long,0,13041,1.35097956195,1.3396254801932064,1.3623336437067937,1.3496955147,weekend_close,-16.74526018724968,4.0,-20.74526018724968,-0.14010575478323034,98695.58469409814
2025-12-29T02:30:00Z,2025-12-29T02:30:00Z,2026-01-02T21:30:00Z,long,0,14087,1.35043952415,1.3399306270938312,1.3609484212061689,1.3458657828,weekend_close,-64.43029439744991,4.0,-68.43029439744991,-0.46224556820112017,98627.1543997007
2026-01-05T00:30:00Z,2026-01-05T00:30:00Z,2026-01-06T03:30:00Z,short,0,12754,1.34437088745,1.3559698967546436,1.3327718781453564,1.3560648146474166,stop,-149.14434747585102,4.0,-153.14434747585102,-1.0352224038643192,98474.01005222484
2026-01-06T08:00:00Z,2026-01-06T08:00:00Z,2026-01-08T07:45:00Z,long,0,14379,1.3551598545499999,1.3448877609157093,1.3654319481842905,1.3447936187724452,stop,-149.05610424545887,4.0,-153.05610424545887,-1.0362463211992503,98320.95394797937
2026-01-08T08:15:00Z,2026-01-08T08:15:00Z,2026-01-09T21:30:00Z,short,0,12464,1.3440759081,1.355908491096825,1.332243325103175,1.3401638049000002,weekend_close,48.76045428479744,4.0,44.76045428479744,0.30349915475675726,98365.71440226417
2026-01-12T02:45:00Z,2026-01-12T02:45:00Z,2026-01-16T21:30:00Z,long,0,11622,1.3432240191,1.330528696951173,1.355919341248827,1.3374663708,weekend_close,-66.91538854259905,4.0,-70.91538854259905,-0.48063554979444184,98294.79901372157
2026-01-19T01:45:00Z,2026-01-19T01:45:00Z,2026-01-23T09:30:00Z,long,0,12447,1.33965876955,1.3278139893353604,1.3515035497646395,1.351408944516156,target,146.2544278037429,4.0,142.2544278037429,0.9648817607187553,98437.0534415253
2026-01-25T23:15:00Z,2026-01-25T23:15:00Z,2026-01-27T20:45:00Z,long,0,7998,1.36803075545,1.3495712584524844,1.3864902524475156,1.3863931981298443,target,146.86281655339494,4.0,142.86281655339494,0.9676492079383611,98579.9162580787
2026-01-27T21:45:00Z,2026-01-27T21:45:00Z,2026-01-30T21:30:00Z,long,0,7789,1.38552197975,1.3665386895158813,1.4045052699841187,1.3686341889,weekend_close,-131.5390029306502,4.0,-135.5390029306502,-0.916665940307348,98444.37725514805
2026-02-02T00:15:00Z,2026-02-02T00:15:00Z,2026-02-05T08:45:00Z,short,0,14570,1.3701940797,1.380328778072659,1.3600593813273412,1.360154585484034,target,146.2754307266255,4.0,142.2754307266255,0.9635173280562034,98586.65268587468
2026-02-05T10:15:00Z,2026-02-05T10:15:00Z,2026-02-06T21:30:00Z,short,0,10000,1.3578249456,1.3726121095156394,1.3430377816843606,1.3616553092,weekend_close,-38.303636000001084,4.0,-42.303636000001084,-0.2860834994549521,98544.34904987468
2026-02-09T00:30:00Z,2026-02-09T00:30:00Z,2026-02-11T10:45:00Z,short,0,14963,1.3612447062,1.3711231537067494,1.3513662586932504,1.371219132327509,stop,-149.24733814591693,4.0,-153.24733814591693,-1.0367775089644742,98391.10171172877
2026-02-11T11:45:00Z,2026-02-11T11:45:00Z,2026-02-13T21:30:00Z,long,0,12231,1.3694058517,1.357339656660309,1.381472046739691,1.36493944755,weekend_close,-54.6285891586499,4.0,-58.6285891586499,-0.39726210200182793,98332.47312257013
2026-02-16T06:00:00Z,2026-02-16T06:00:00Z,2026-02-17T13:15:00Z,short,0,14086,1.3638295252500001,1.3743006132629858,1.3533584372370144,1.353453172327621,target,146.16130726463115,4.0,142.16130726463115,0.9638332722131948,98474.63442983475
2026-02-17T13:30:00Z,2026-02-17T13:30:00Z,2026-02-20T21:30:00Z,short,0,9589,1.3540352109,1.3694382612225369,1.3386321605774631,1.3486443984999998,weekend_close,51.692500103601596,4.0,47.692500103601596,0.32290148061240576,98522.32692993835
2026-02-23T00:00:00Z,2026-02-23T00:00:00Z,2026-02-27T21:30:00Z,long,0,10202,1.3533347268,1.3388496412594395,1.3678198123405605,1.3471606921500001,weekend_close,-62.9875014992988,4.0,-66.9875014992988,-0.45330175068214407,98455.33942843905
2026-03-02T00:30:00Z,2026-03-02T00:30:00Z,2026-03-03T11:15:00Z,short,0,9753,1.34173107225,1.3568733559700932,1.3265887885299068,1.326681649745104,target,146.77701769025117,4.0,142.77701769025117,0.9667823268379672,98598.11644612931
2026-03-03T12:15:00Z,2026-03-03T12:15:00Z,2026-03-06T21:30:00Z,short,0,11280,1.3307768390999999,1.3438876084246498,1.31766606977535,1.33939875135,weekend_close,-97.25517018000221,4.0,-101.25517018000221,-0.6846678449449332,98496.86127594931
2026-03-08T23:30:00Z,2026-03-08T23:30:00Z,2026-03-13T20:30:00Z,short,0,8608,1.3311968097,1.3483595689014571,1.3140340504985428,1.3221025407,weekend_close,78.2834675519999,4.0,74.2834675519999,0.5028087199637125,98571.14474350131
2026-03-16T01:30:00Z,2026-03-16T01:30:00Z,2026-03-18T05:00:00Z,long,0,12954,1.3252227590999999,1.3138088725481885,1.3366366456518113,1.3365430810866157,target,146.6434510146212,4.0,142.6434510146212,0.9647491242650293,98713.78819451593
2026-03-18T06:15:00Z,2026-03-18T06:15:00Z,2026-03-18T20:15:00Z,long,0,12763,1.33712859245,1.32552711599373,1.34873006890627,1.3254343290956105,stop,-149.2538831920732,4.0,-153.2538831920732,-1.0350121675196398,98560.53431132386
2026-03-18T20:45:00Z,2026-03-18T20:45:00Z,2026-03-19T19:00:00Z,short,0,8371,1.3255372059000001,1.3431969449190828,1.3078774668809174,1.3432909687052272,stop,-148.61674844255617,4.0,-152.61674844255617,-1.032382355593825,98407.91756288131
2026-03-19T20:00:00Z,2026-03-19T20:00:00Z,2026-03-20T20:30:00Z,long,0,8141,1.3431540142,1.3250228039638452,1.3612852244361549,1.3336566375,weekend_close,-77.31814371469959,4.0,-81.31814371469959,-0.5509128568972701,98326.59941916661
2026-03-22T22:45:00Z,2026-03-22T22:45:00Z,2026-03-23T14:15:00Z,short,0,12107,1.3317067740000001,1.3438887162137032,1.319524831786297,1.3439827884238382,stop,-148.6257066294076,4.0,-152.6257066294076,-1.0348433428669261,98173.9737125372
2026-03-23T15:15:00Z,2026-03-23T15:15:00Z,2026-03-27T20:30:00Z,long,0,7042,1.3448641339,1.323952523085568,1.365775744714432,1.3269671057999999,weekend_close,-126.0308718802011,4.0,-130.03087188020112,-0.8830046002956763,98043.94284065701
2026-03-29T22:30:00Z,2026-03-29T22:30:00Z,2026-04-03T20:30:00Z,short,0,10542,1.3240973067,1.3380477602560288,1.310146853143971,1.3198123804,weekend_close,45.17169305459991,4.0,41.17169305459991,0.2799544575329836,98085.1145337116
2026-04-06T01:30:00Z,2026-04-06T01:30:00Z,2026-04-07T21:30:00Z,short,0,13934,1.31955262485,1.3301110586259595,1.3089941910740406,1.3302041664000632,stop,-148.4185799585807,4.0,-152.4185799585807,-1.0360067967078819,97932.69595375302
2026-04-07T23:00:00Z,2026-04-07T23:00:00Z,2026-04-10T20:30:00Z,long,0,7106,1.337393611,1.3167227913772568,1.3580644306227432,1.34669072505,weekend_close,66.0652924393,4.0,62.065292439299995,0.42253812967908355,97994.76124619233
2026-04-12T23:30:00Z,2026-04-12T23:30:00Z,2026-04-14T10:45:00Z,short,0,8452,1.3384163043000001,1.3558076966076364,1.3210249119923638,1.355902603146399,stop,-147.7941978497631,4.0,-151.7941978497631,-1.0326694548311413,97842.96704834256
2026-04-15T00:45:00Z,2026-04-15T00:45:00Z,2026-04-17T20:30:00Z,long,0,14566,1.35675996655,1.3466844688905772,1.366835464209423,1.35195035685,weekend_close,-70.05677489020154,4.0,-74.05677489020154,-0.5046124749618985,97768.91027345236
2026-04-20T07:30:00Z,2026-04-20T07:30:00Z,2026-04-24T20:30:00Z,short,0,16195,1.3511704114499998,1.3602253929852832,1.3421154299147164,1.35374975585,weekend_close,-41.77248255800296,4.0,-45.77248255800296,-0.3121303119898628,97723.13779089435
2026-04-27T03:00:00Z,2026-04-27T03:00:00Z,2026-05-01T20:30:00Z,long,0,11964,1.35393976915,1.3416881994762226,1.3661913388237772,1.3571599921500002,weekend_close,38.52674797200292,4.0,34.52674797200292,0.2355524014050751,97757.66453886636
2026-05-04T00:45:00Z,2026-05-04T00:45:00Z,2026-05-08T20:30:00Z,short,0,13114,1.3581249246,1.3693058061578935,1.3469440430421065,1.363295424,weekend_close,-67.80592913159892,4.0,-71.80592913159892,-0.48972139720438645,97685.85860973476
2026-05-10T23:30:00Z,2026-05-10T23:30:00Z,2026-05-14T16:00:00Z,short,0,11547,1.3592948427,1.3719841311758856,1.3466055542241144,1.34669981661291,target,145.4347662276277,4.0,141.4347662276277,0.9652720707972958,97827.29337596238
2026-05-15T01:45:00Z,2026-05-15T01:45:00Z,2026-05-15T20:30:00Z,short,0,10502,1.33711139565,1.35108275257148,1.3231400387285202,1.3319432295,weekend_close,54.27608090730044,4.0,50.27608090730044,0.3426500621587503,97877.56945686968
2026-05-17T23:45:00Z,2026-05-17T23:45:00Z,2026-05-18T15:45:00Z,short,0,12584,1.3310668187999999,1.3427332856723213,1.3194003519276785,1.3428272770023184,stop,-147.9936060179763,4.0,-151.9936060179763,-1.0353024860681526,97725.5758508517
2026-05-18T16:45:00Z,2026-05-18T16:45:00Z,2026-05-22T20:30:00Z,long,0,9521,1.3429540002,1.3275586176894005,1.3583493827105995,1.3435809427499998,weekend_close,5.969120018548502,4.0,1.9691200185485016,0.01343380804576735,97727.54497087025
2026-05-24T23:30:00Z,2026-05-24T23:30:00Z,2026-05-29T20:30:00Z,long,0,10207,1.3485243901000001,1.3341628595707185,1.3628859206292818,1.3459507768499999,weekend_close,-26.268870442752785,4.0,-30.268870442752785,-0.20648921533876802,97697.2761004275
2026-05-31T23:45:00Z,2026-05-31T23:45:00Z,2026-06-05T16:00:00Z,short,0,13873,1.3453858164,1.3559490083339722,1.334822624466028,1.3349160620497407,target,145.2469021011491,4.0,141.2469021011491,0.9638587052619413,97838.52300252864
2026-06-07T22:45:00Z,2026-06-07T22:45:00Z,2026-06-12T20:30:00Z,short,0,11147,1.3324867194,1.3456512307541488,1.3193222080458513,1.3403438175,weekend_close,-87.58307252069893,4.0,-91.58307252069893,-0.6240975318208343,97746.93993000794
2026-06-14T23:45:00Z,2026-06-14T23:45:00Z,2026-06-17T19:00:00Z,long,0,10479,1.345194157,1.3312032157689322,1.3591850982310676,1.3311100315438285,stop,-147.5875506552205,4.0,-151.5875506552205,-1.03394339450349,97595.35237935271
2026-06-18T09:30:00Z,2026-06-18T09:30:00Z,2026-06-19T20:30:00Z,short,0,8341,1.3236823357499998,1.3412323395119907,1.306132331988009,1.3231826163000002,weekend_close,4.168159932446686,4.0,0.16815993244668626,0.0011487544033860853,97595.52053928516
2026-06-21T23:30:00Z,2026-06-21T23:30:00Z,2026-06-26T20:30:00Z,short,0,12308,1.3208925310500002,1.3327858818736051,1.3089991802263952,1.3202124084,weekend_close,8.370949576202094,4.0,4.370949576202094,0.029859606435909933,97599.89148886137
2026-06-28T23:15:00Z,2026-06-28T23:15:00Z,2026-07-02T06:45:00Z,short,0,13357,1.3194576315,1.3304178635748913,1.3084973994251086,1.3305109928253416,stop,-147.6397472225881,4.0,-151.6397472225881,-1.0358201989958224,97448.25174163877
2026-07-02T07:00:00Z,2026-07-02T07:00:00Z,2026-07-03T20:30:00Z,long,0,11930,1.33062813745,1.318375911978045,1.342880362921955,1.3348465542,weekend_close,50.325711827501436,4.0,46.325711827501436,0.3169324276609794,97494.57745346628
2026-07-05T22:00:00Z,2026-07-05T22:00:00Z,2026-07-10T20:30:00Z,short,0,13912,1.3350465402,1.345558164676362,1.3245349157236381,1.33963876815,weekend_close,-63.887075240398836,4.0,-67.88707524039884,-0.4642241097073631,97426.69037822587
2026-07-12T22:30:00Z,2026-07-12T22:30:00Z,2026-07-15T16:15:00Z,short,0,11433,1.3377513508499999,1.3505332405307093,1.3249694611692904,1.3506277778575464,stop,-147.2161899772796,4.0,-151.2161899772796,-1.0347680793272755,97275.4741882486
2026-07-16T03:45:00Z,2026-07-16T03:45:00Z,2026-07-17T10:00:00Z,short,0,14881,1.35335025885,1.3631552130764513,1.3435453046235486,1.3436393527948722,target,144.5079930063553,4.0,140.5079930063553,0.9629934721992363,97415.98218125495
2026-07-19T23:30:00Z,2026-07-19T23:30:00Z,2026-07-23T13:00:00Z,short,0,13305,1.3442158982999999,1.3551981165233415,1.3332336800766582,1.3333270064342635,target,144.87670627362257,4.0,140.87670627362257,0.9641269908168199,97556.85888752858
2026-07-23T23:45:00Z,2026-07-23T23:45:00Z,2026-07-24T20:30:00Z,short,0,13570,1.3312468062,1.3420299001937348,1.3204637122062652,1.33190822705,weekend_close,-8.97548093449977,4.0,-12.97548093449977,-0.08867480157899829,97543.88340659408
