decision_timestamp,entry_timestamp,exit_timestamp,side,rrms_tier,quantity,entry_price,stop_price,target_price,exit_price,exit_reason,gross_pnl,costs,net_pnl,result_r,equity_after
2021-03-10T15:30:00Z,2021-03-10T15:30:00Z,2021-03-10T15:30:00Z,long,0,260,312.0312,311.4551835606505,312.60721643934954,311.4240380422944,stop,-157.86210900345964,2.6,-160.46210900345963,-1.0714311529069338,99839.53789099654
2021-03-10T19:15:00Z,2021-03-10T19:15:00Z,2021-03-10T19:15:00Z,short,0,180,311.89880700000003,312.7269582085639,311.0706557914362,311.10176285701533,target,143.4679457372465,1.8,141.6679457372465,0.9503628502210092,99981.20583673379
2021-03-11T16:00:00Z,2021-03-11T16:00:00Z,2021-03-12T15:15:00Z,long,0,26,317.581755,311.9101514783781,323.25335852162186,311.87896046323027,stop,-148.2726579560126,0.26,-148.5326579560126,-1.0072626753599414,99832.67317877778
2021-03-15T15:00:00Z,2021-03-15T15:00:00Z,2021-03-15T15:30:00Z,long,0,79,316.411638,314.52553681959444,318.29773918040553,314.4940842659125,stop,-151.48674499291292,0.79,-152.2767449929129,-1.0219779055930847,99680.39643378487
2021-03-15T17:45:00Z,2021-03-15T17:45:00Z,2021-03-15T18:45:00Z,long,0,114,316.42163899999997,315.11589134484547,317.7273866551545,317.695613916489,target,145.23314047974714,1.1400000000000001,144.09314047974715,0.9680085669688205,99824.48957426462
2021-03-17T15:00:00Z,2021-03-17T15:00:00Z,2021-03-17T18:00:00Z,short,0,42,317.52824400000003,321.0194236064175,314.03706439358257,321.0515255487781,stop,-147.97782504867905,0.42,-148.39782504867904,-1.0120595177295433,99676.09174921594
2021-03-18T16:00:00Z,2021-03-18T16:00:00Z,2021-03-18T19:00:00Z,short,0,45,316.218375,319.4838270089578,312.95292299104216,312.98421828334125,target,145.5370522496429,0.45,145.0870522496429,0.9873538817334293,99821.17880146558
2021-03-22T15:45:00Z,2021-03-22T15:45:00Z,2021-03-24T17:15:00Z,long,0,29,319.01189800000003,313.93585709588007,324.08793890412,313.9044635101705,stop,-148.11560020505635,0.29,-148.40560020505634,-1.0081546990048815,99672.77320126053
2021-03-29T16:45:00Z,2021-03-29T16:45:00Z,2021-03-30T13:30:00Z,long,0,58,315.271524,312.7185608412751,317.8244871587249,312.687288985191,stop,-149.8856308589218,0.58,-150.4656308589218,-1.016166256039798,99522.30757040161
2021-03-30T17:30:00Z,2021-03-30T17:30:00Z,2021-03-30T17:30:00Z,short,0,525,313.87860900000004,314.16264589240325,313.59457210759683,313.6259315648076,target,132.6556534760229,5.25,127.4056534760229,0.8543870239501463,99649.71322387762
2021-03-31T14:45:00Z,2021-03-31T14:45:00Z,2021-04-05T13:30:00Z,long,0,24,319.771974,313.688231923461,325.855716076539,325.8231305049314,target,145.22775611835323,0.24,144.98775611835322,0.9930001023922675,99794.70097999598
2021-04-05T14:30:00Z,2021-04-05T14:30:00Z,2021-04-09T17:30:00Z,long,0,23,329.472944,322.9998930591438,335.94599494085617,335.91240034136206,target,148.1074958513277,0.23,147.87749585132772,0.9932652160638887,99942.5784758473
2021-04-12T17:45:00Z,2021-04-12T17:45:00Z,2021-04-12T19:30:00Z,long,0,282,336.123609,335.5935255512071,336.65369244879287,336.620027079548,target,139.98989843253412,2.82,137.16989843253413,0.917625480772278,100079.74837427984
2021-04-13T15:15:00Z,2021-04-13T15:15:00Z,2021-04-14T18:00:00Z,long,0,49,339.053902,335.9976854936716,342.1101185063284,335.96408572512223,stop,-151.40099746901035,0.49,-151.89099746901036,-1.014265929281875,99927.85737681083
2021-04-14T18:30:00Z,2021-04-14T18:30:00Z,2021-04-14T19:00:00Z,short,0,87,337.60623599999997,339.317724626023,335.89474737397694,335.9283368487143,target,145.97722616185223,0.87,145.10722616185222,0.9745312507050327,100072.96460297269
2021-04-15T16:00:00Z,2021-04-15T16:00:00Z,2021-04-16T19:45:00Z,long,0,70,340.284025,338.1541926778569,342.4138573221431,341.955801,weekend_close,117.02432000000158,0.7000000000000001,116.32432000000158,0.7802379477121903,100189.28892297269
2021-04-19T16:00:00Z,2021-04-19T16:00:00Z,2021-04-20T15:15:00Z,short,0,45,338.25617100000005,341.57235296281505,334.93998903718506,334.9734830360888,target,147.7209583760066,0.45,147.2709583760066,0.9868843147356077,100336.55988134869
2021-04-20T16:00:00Z,2021-04-20T16:00:00Z,2021-04-21T19:30:00Z,short,0,45,335.546442,338.83220778512634,332.2606762148737,338.8660910059049,stop,-149.3842052657189,0.45,-149.83420526571888,-1.0133555535142462,100186.72567608296
2021-04-22T15:30:00Z,2021-04-22T15:30:00Z,2021-04-22T17:00:00Z,long,0,103,338.99389599999995,337.53540998346017,340.45238201653973,337.5016564424618,stop,-153.70067442642858,1.03,-154.73067442642858,-1.0299992872761068,100031.99500165653
2021-04-26T15:45:00Z,2021-04-26T15:45:00Z,2021-04-27T14:15:00Z,long,0,97,340.844081,339.3047365099059,342.3834254900941,339.27080603625495,stop,-152.6076714832712,0.97,-153.5776714832712,-1.0285384291389406,99878.41733017325
2021-04-27T16:15:00Z,2021-04-27T16:15:00Z,2021-04-27T16:45:00Z,short,0,280,340.325964,340.8604296159959,339.7914983840041,340.89451565895746,stop,-159.1944645080889,2.8000000000000003,-161.99446450808892,-1.082486209855482,99716.42286566517
2021-04-28T14:30:00Z,2021-04-28T14:30:00Z,2021-04-28T14:30:00Z,short,0,319,340.00599600000004,340.47393444505946,339.5380575549406,339.57201136069614,target,138.44109993794444,3.19,135.25109993794445,0.9060692571435653,99851.67396560311
2021-04-28T16:00:00Z,2021-04-28T16:00:00Z,2021-04-28T18:30:00Z,short,0,86,338.586138,340.3246924085035,336.8475835914965,340.35872487774435,stop,-152.4424714860137,0.86,-153.3024714860137,-1.0253270585179777,99698.3714941171
2021-04-29T15:00:00Z,2021-04-29T15:00:00Z,2021-04-29T15:00:00Z,long,0,1573,339.56395299999997,339.46893824521686,339.6589677547831,339.43499135139234,stop,-202.85667325979944,15.73,-218.58667325979943,-1.462527045666106,99479.78482085731
2021-04-29T16:45:00Z,2021-04-29T16:45:00Z,2021-04-29T18:15:00Z,short,0,90,338.25617100000005,339.90839273083554,336.60394926916456,339.94238357010863,stop,-151.75913130977221,0.9,-152.65913130977222,-1.0266252636992266,99327.12568954754
2021-05-03T17:15:00Z,2021-05-03T17:15:00Z,2021-05-04T13:30:00Z,short,0,68,336.256371,338.4380157390808,334.0747262609192,334.1081337335453,target,146.08013411892057,0.68,145.40013411892056,0.9801033267018607,99472.52582366645
2021-05-05T15:45:00Z,2021-05-05T15:45:00Z,2021-05-05T19:00:00Z,long,0,59,331.973194,329.4545604478245,334.49182755217544,329.42161499177973,stop,-150.5431614849944,0.59,-151.13316148499442,-1.0170510934421928,99321.39266218146
2021-05-10T15:45:00Z,2021-05-10T15:45:00Z,2021-05-11T13:30:00Z,short,0,32,329.30706599999996,333.9118476447886,324.7022843552113,324.7347545836468,target,146.3139653233011,0.32,145.9939653233011,0.9907769289161487,99467.38662750476
2021-05-11T14:30:00Z,2021-05-11T14:30:00Z,2021-05-14T19:45:00Z,short,0,17,321.057891,329.52382132106806,312.5919606789319,326.382635,weekend_close,-90.52064800000016,0.17,-90.69064800000017,-0.6301426774945358,99376.69597950476
2021-05-17T16:30:00Z,2021-05-17T16:30:00Z,2021-05-18T13:30:00Z,short,0,74,322.93770300000006,324.94685289362275,320.92855310637736,324.9793475789121,stop,-151.08169883949108,0.74,-151.8216988394911,-1.0211505798667557,99224.87428066527
2021-05-18T15:00:00Z,2021-05-18T15:00:00Z,2021-05-18T18:30:00Z,long,0,46,326.36263299999996,323.18942936867103,329.5358366313289,323.1571104257342,stop,-147.45403841622613,0.46,-147.91403841622613,-1.0133363464352054,99076.96024224904
2021-05-20T15:15:00Z,2021-05-20T15:15:00Z,2021-05-21T19:45:00Z,long,0,23,327.57275400000003,321.1579555086305,333.98755249136957,326.93730300000004,weekend_close,-14.61537299999975,0.23,-14.84537299999975,-0.10061906088996841,99062.11486924904
2021-05-24T15:45:00Z,2021-05-24T15:45:00Z,2021-05-28T19:45:00Z,long,0,28,332.963293,327.8209447334155,338.10564126658454,333.75662100000005,weekend_close,22.213184000000865,0.28,21.933184000000864,0.15232885043787728,99084.04805324903
2021-06-01T16:30:00Z,2021-06-01T16:30:00Z,2021-06-02T18:00:00Z,short,0,107,333.096687,334.4818410968687,331.71153290313123,331.74470405642154,target,144.6621749628925,1.07,143.5921749628925,0.9688329598938463,99227.64022821192
2021-06-02T18:45:00Z,2021-06-02T18:45:00Z,2021-06-03T13:30:00Z,short,0,113,332.31676500000003,333.6271566317696,331.00637336823047,331.0394740055673,target,144.33388237090037,1.1300000000000001,143.20388237090037,0.9671085831961457,99370.84411058282
2021-06-03T14:30:00Z,2021-06-03T14:30:00Z,2021-06-04T13:30:00Z,short,0,42,329.55704099999997,333.10224361302573,326.0118383869742,333.135553837387,stop,-150.2975391702562,0.42,-150.71753917025617,-1.0122165723905756,99220.12657141256
2021-06-09T18:00:00Z,2021-06-09T18:00:00Z,2021-06-09T19:15:00Z,long,0,185,337.963793,337.15931039817156,338.76827560182846,337.12559446713175,stop,-155.06672858062842,1.85,-156.91672858062842,-1.0543404306574795,99063.20984283193
2021-06-10T17:00:00Z,2021-06-10T17:00:00Z,2021-06-11T19:45:00Z,long,0,76,339.993996,338.0462189190631,341.94177308093685,341.175879,weekend_close,89.8231080000021,0.76,89.06310800000209,0.6016514987620432,99152.27295083193
2021-06-14T14:30:00Z,2021-06-14T14:30:00Z,2021-06-14T16:00:00Z,long,0,118,341.51414800000003,340.26391285871927,342.7643831412808,342.7301067029667,target,143.48312695006416,1.18,142.30312695006415,0.9645855112752908,99294.576077782
2021-06-16T18:00:00Z,2021-06-16T18:00:00Z,2021-06-16T18:00:00Z,short,0,167,341.845812,342.7349043926677,340.95671960733233,340.9908152792931,target,142.78445235805827,1.67,141.1144523580583,0.9504037237024957,99435.69053014005
2021-06-17T16:00:00Z,2021-06-17T16:00:00Z,2021-06-18T19:45:00Z,long,0,39,345.0345,341.2684152754843,348.80058472451566,342.575739,weekend_close,-95.89167899999927,0.39,-96.28167899999927,-0.6555245515134994,99339.40885114006
2021-06-21T14:30:00Z,2021-06-21T14:30:00Z,2021-06-21T14:45:00Z,short,0,92,342.095787,343.7086330293563,340.48294097064365,343.7430038926592,stop,-151.5439541246492,0.92,-152.46395412464918,-1.0275109108341973,99186.94489701542
2021-06-21T17:15:00Z,2021-06-21T17:15:00Z,2021-06-21T17:30:00Z,long,0,252,343.644361,343.0553451738266,344.2333768261734,344.1989534884908,target,139.75730709968457,2.52,137.23730709968456,0.9245804005450976,99324.1822041151
2021-06-21T18:45:00Z,2021-06-21T18:45:00Z,2021-06-22T13:30:00Z,long,0,179,344.19441600000005,343.36550839568275,345.02332360431734,344.9888212719569,target,142.19854368027825,1.79,140.40854368027826,0.9463120712988448,99464.59074779539
2021-06-22T15:00:00Z,2021-06-22T15:00:00Z,2021-06-22T18:45:00Z,long,0,90,345.424539,343.77507283932175,347.0740051606782,347.0392977601621,target,145.3282884145932,0.9,144.4282884145932,0.9728958364943354,99609.01903620998
2021-06-24T14:30:00Z,2021-06-24T14:30:00Z,2021-06-25T19:45:00Z,long,0,43,351.075104,347.61087700965925,354.5393309903408,349.43505300000004,weekend_close,-70.52219299999877,0.43,-70.95219299999877,-0.47631145551396514,99538.06684320998
2021-06-28T15:00:00Z,2021-06-28T15:00:00Z,2021-07-02T13:30:00Z,long,0,51,352.425239,349.53909749505294,355.311380504947,355.2758493668965,target,145.38112871172387,0.51,144.87112871172388,0.9842242183993946,99682.9379719217
2021-07-07T17:15:00Z,2021-07-07T17:15:00Z,2021-07-07T18:00:00Z,long,0,187,360.406037,359.6101562848028,361.2019177151972,361.16579752342574,target,142.07521788060808,1.87,140.20521788060807,0.9420513766814157,99823.1431898023
2021-07-08T15:45:00Z,2021-07-08T15:45:00Z,2021-07-09T15:00:00Z,short,0,49,357.284268,360.3227291543046,354.24580684569537,360.35876142722003,stop,-150.65017793378166,0.49,-151.14017793378167,-1.0151498638875773,99672.00301186852
2021-07-12T14:30:00Z,2021-07-12T14:30:00Z,2021-07-13T13:45:00Z,long,0,109,361.566153,360.2042873079821,362.9280186920179,362.8917258901487,target,144.4874450262074,1.09,143.3974450262074,0.9660078066871615,99815.40045689473
2021-07-14T15:45:00Z,2021-07-14T15:45:00Z,2021-07-14T15:45:00Z,long,0,1107,363.31632799999994,363.18107824800796,363.4515777519919,363.14476014018317,stop,-189.92562081717057,11.07,-200.99562081717056,-1.3424635324103578,99614.40483607756
2021-07-15T15:15:00Z,2021-07-15T15:15:00Z,2021-07-16T15:45:00Z,short,0,53,361.003896,363.8045667784079,358.2032252215921,358.2390455441143,target,146.53707416194322,0.53,146.00707416194322,0.9836395184769923,99760.4119102395
2021-07-19T17:45:00Z,2021-07-19T17:45:00Z,2021-07-20T14:30:00Z,short,0,42,352.91470499999997,356.4607321722947,349.36867782770526,356.4963782455119,stop,-150.43027631150073,0.42,-150.85027631150072,-1.0128724544396734,99609.56163392801
2021-07-20T16:00:00Z,2021-07-20T16:00:00Z,2021-07-22T13:30:00Z,long,0,34,358.39583600000003,354.02189665453875,362.7697753454613,362.73349836792676,target,147.48052050950866,0.34,147.14052050950866,0.9894198401304819,99756.70215443752
2021-07-22T18:30:00Z,2021-07-22T18:30:00Z,2021-07-23T14:15:00Z,long,0,78,363.646361,361.7488344093102,365.54388759068985,365.5073332019308,target,145.1558317506018,0.78,144.3758317506018,0.9754657515802617,99901.07798618812
2021-07-26T17:00:00Z,2021-07-26T17:00:00Z,2021-07-27T13:30:00Z,long,0,216,368.026799,367.3342726617461,368.71932533825384,367.29753923448,stop,-157.52010935231965,2.16,-159.68010935231965,-1.0674825269230577,99741.39787683579
2021-07-27T15:45:00Z,2021-07-27T15:45:00Z,2021-07-30T19:45:00Z,short,0,23,361.773819,368.157039881309,355.390598118691,364.546451,weekend_close,-63.77053599999971,0.23,-64.00053599999971,-0.4359291416889456,99677.39734083579
2021-08-02T15:45:00Z,2021-08-02T15:45:00Z,2021-08-02T16:00:00Z,long,0,77,366.646661,364.7240389708241,368.5692830291759,364.68756656692705,stop,-150.85027134661703,0.77,-151.62027134661705,-1.0241713676384798,99525.77706948917
2021-08-03T15:00:00Z,2021-08-03T15:00:00Z,2021-08-03T15:45:00Z,short,0,71,363.393657,365.4835668000191,361.30374719998093,365.5201151566991,stop,-150.97852912563417,0.71,-151.68852912563418,-1.0222729022465762,99374.08854036353
2021-08-03T18:15:00Z,2021-08-03T18:15:00Z,2021-08-05T13:30:00Z,long,0,76,366.416638,364.46260386802896,368.370672131971,368.3338350647578,target,145.70697692159501,0.76,144.94697692159502,0.9760305787668405,99519.03551728513
2021-08-05T14:45:00Z,2021-08-05T14:45:00Z,2021-08-06T15:00:00Z,long,0,86,368.786875,367.0532641147855,370.5204858852145,367.016558788374,stop,-152.24719419983444,0.86,-153.10719419983445,-1.0269410666544785,99365.92832308529
2021-08-09T16:00:00Z,2021-08-09T16:00:00Z,2021-08-10T13:30:00Z,long,0,236,368.68686499999995,368.0564361177999,369.31729388220003,369.2803621528118,target,140.06532806359314,2.36,137.70532806359313,0.9255558704346472,99503.63365114888
2021-08-10T16:45:00Z,2021-08-10T16:45:00Z,2021-08-11T13:30:00Z,short,0,110,367.283268,368.6320672228757,365.9344687771243,368.668930429598,stop,-152.42286725577685,1.1,-153.52286725577684,-1.034744390364015,99350.1107838931
2021-08-11T15:45:00Z,2021-08-11T15:45:00Z,2021-08-12T15:30:00Z,short,0,72,365.243472,367.306856955011,363.18008704498897,367.3435876407065,stop,-151.2083261308694,0.72,-151.9283261308694,-1.0226475847766556,99198.18245776223
2021-08-12T17:00:00Z,2021-08-12T17:00:00Z,2021-08-12T19:00:00Z,long,0,171,366.786675,365.91972037161304,367.65362962838697,367.6168642654241,target,141.96236438752283,1.71,140.25236438752282,0.9460578888080174,99338.43482214975
2021-08-16T16:00:00Z,2021-08-16T16:00:00Z,2021-08-16T19:00:00Z,short,0,54,365.44345200000004,368.1970063308618,362.68989766913825,368.2338260314949,stop,-150.6801977007234,0.54,-151.2201977007234,-1.0170033691031022,99187.21462444903
2021-08-17T16:30:00Z,2021-08-17T16:30:00Z,2021-08-17T17:00:00Z,short,0,81,365.073489,366.90891562274015,363.23806237725984,363.27438618349754,target,145.72732813669882,0.81,144.9173281366988,0.9747612867418554,99332.13195258573
2021-08-18T15:45:00Z,2021-08-18T15:45:00Z,2021-08-18T15:45:00Z,long,0,527,365.366533,365.0842531936652,365.64881280633483,365.0477447683458,stop,-168.00139808176124,5.2700000000000005,-173.27139808176125,-1.1647600156852966,99158.86055450396
2021-08-18T18:45:00Z,2021-08-18T18:45:00Z,2021-08-18T18:45:00Z,short,0,1390,365.343462,365.45040599764985,365.2365180023501,365.48695103824963,stop,-199.44976316700036,13.9,-213.34976316700036,-1.435228171964968,98945.51079133696
2021-08-19T15:00:00Z,2021-08-19T15:00:00Z,2021-08-19T15:45:00Z,short,0,68,363.18367800000004,365.3659806966726,361.0013753033275,365.40251729474227,stop,-150.88107204247126,0.68,-151.56107204247127,-1.0213245385897405,98793.94971929448
2021-08-19T17:45:00Z,2021-08-19T17:45:00Z,2021-08-19T18:00:00Z,long,0,141,364.726469,363.6813866596814,365.77155134031864,363.6450185210154,stop,-152.48451753682957,1.41,-153.89451753682957,-1.0443679286091858,98640.05520175766
2021-08-24T15:30:00Z,2021-08-24T15:30:00Z,2021-08-26T14:15:00Z,long,0,85,374.097406,372.3730852619816,375.82172673801836,372.3358479534554,stop,-149.732433956288,0.85,-150.58243395628799,-1.0273947343349086,98489.47276780137
2021-08-26T16:00:00Z,2021-08-26T16:00:00Z,2021-08-26T19:00:00Z,short,0,145,373.482648,374.4980775064007,372.46721849359926,372.5044652154486,target,141.836503759952,1.45,140.386503759952,0.9534711946506277,98629.85927156132
2021-08-30T14:30:00Z,2021-08-30T14:30:00Z,2021-09-03T19:45:00Z,long,0,34,379.647961,375.30656062210846,383.98936137789156,381.55184099999997,weekend_close,64.73191999999858,0.34,64.39191999999858,0.43623712054858765,98694.25119156131
2021-09-07T17:00:00Z,2021-09-07T17:00:00Z,2021-09-08T13:30:00Z,long,0,116,382.56825299999997,381.3015094479673,383.83499655203264,381.26337929702254,stop,-151.36534954538206,1.16,-152.52534954538206,-1.0379951813194828,98541.72584201593
2021-09-08T15:45:00Z,2021-09-08T15:45:00Z,2021-09-09T13:45:00Z,short,0,49,379.172079,382.13644323799053,376.20771476200946,382.1746568823143,stop,-147.12631623340133,0.49,-147.61631623340134,-1.0162644130251883,98394.10952578254
2021-09-09T15:45:00Z,2021-09-09T15:45:00Z,2021-09-09T17:15:00Z,long,0,326,380.968093,380.5155758178305,381.4206101821695,380.47752426024874,stop,-159.92540915891334,3.2600000000000002,-163.18540915891333,-1.106187255368686,98230.92411662362
2021-09-09T18:45:00Z,2021-09-09T18:45:00Z,2021-09-10T13:30:00Z,short,0,103,379.592037,381.0212689290128,378.1628050709872,381.05937105590573,stop,-151.13540775828955,1.03,-152.16540775828955,-1.0336559279963284,98078.75870886532
2021-09-15T15:15:00Z,2021-09-15T15:15:00Z,2021-09-15T16:30:00Z,short,0,114,374.522544,375.8115864049642,373.23350159503576,375.8491675636047,stop,-151.23508625093564,1.1400000000000001,-152.37508625093562,-1.0369120196955806,97926.38362261439
2021-09-15T18:45:00Z,2021-09-15T18:45:00Z,2021-09-16T14:15:00Z,long,0,63,377.287725,374.9633202877418,379.61212971225825,374.92582395571304,stop,-148.7997657900798,0.63,-149.42976579007978,-1.020433761718977,97776.95385682432
2021-09-16T16:15:00Z,2021-09-16T16:15:00Z,2021-09-16T16:30:00Z,short,0,238,375.932403,376.5477349433411,375.31707105665896,376.58538971683544,stop,-155.41083860682863,2.38,-157.79083860682863,-1.077445635660652,97619.16301821748
2021-09-16T18:45:00Z,2021-09-16T18:45:00Z,2021-09-17T13:45:00Z,long,0,92,377.547751,375.9704870417127,379.1250149582873,375.93288999300853,stop,-148.56721264321573,0.92,-149.4872126432157,-1.030176970984533,97469.67580557427
2021-09-20T14:30:00Z,2021-09-20T14:30:00Z,2021-09-24T19:45:00Z,short,0,17,366.483348,374.61443578358313,358.3522602164168,373.367333,weekend_close,-117.02774499999992,0.17,-117.19774499999993,-0.8478551927479007,97352.47806057427
2021-09-27T15:45:00Z,2021-09-27T15:45:00Z,2021-09-28T13:30:00Z,short,0,47,369.223074,372.32404391591643,366.12210408408356,366.15871629449197,target,144.0248121588774,0.47000000000000003,143.5548121588774,0.9849685060892854,97496.03287273315
2021-09-28T15:45:00Z,2021-09-28T15:45:00Z,2021-10-01T19:45:00Z,short,0,14,360.403956,370.24113206646086,350.5667799335391,360.286025,weekend_close,1.6510339999999815,0.14,1.5110339999999813,0.010971746288854329,97497.54390673315
2021-10-04T16:00:00Z,2021-10-04T16:00:00Z,2021-10-05T16:00:00Z,short,0,21,352.144782,358.8612189777902,345.42834502220984,358.89710509968796,stop,-141.79878509344678,0.21,-142.0087850934468,-1.0068319143095508,97355.5351216397
2021-10-06T17:00:00Z,2021-10-06T17:00:00Z,2021-10-06T17:30:00Z,short,0,104,355.954401,357.3551426369887,354.5536593630113,357.3908781512524,stop,-149.39362373025006,1.04,-150.43362373025005,-1.032650927948446,97205.10149790945
2021-10-07T14:30:00Z,2021-10-07T14:30:00Z,2021-10-08T19:45:00Z,long,0,18,365.276524,357.34175120757646,373.2112967924235,361.06389,weekend_close,-75.82741199999964,0.18,-76.00741199999965,-0.5321682309582875,97129.09408590944
2021-10-11T18:30:00Z,2021-10-11T18:30:00Z,2021-10-11T19:45:00Z,short,0,92,360.61393499999997,362.18657462242345,359.0412953775765,359.07719950711424,target,141.37966534548673,0.92,140.45966534548674,0.9708107764275865,97269.55375125493
2021-10-12T18:15:00Z,2021-10-12T18:15:00Z,2021-10-12T19:15:00Z,short,0,131,358.194177,359.30273360981374,357.0856203901863,357.1213289522253,target,140.5430942584855,1.31,139.2330942584855,0.9587674985342424,97408.78684551342
2021-10-13T16:45:00Z,2021-10-13T16:45:00Z,2021-10-13T17:30:00Z,long,0,188,358.955892,358.18166159385953,359.7301224061405,359.69414939389986,target,138.79239005317322,1.8800000000000001,136.91239005317323,0.9406210194329718,97545.69923556659
2021-10-14T14:30:00Z,2021-10-14T14:30:00Z,2021-10-15T19:45:00Z,long,0,23,365.0365,358.8505484840326,371.2224515159674,368.953101,weekend_close,90.08182300000033,0.23,89.85182300000032,0.631527904788155,97635.55105856659
2021-10-18T15:00:00Z,2021-10-18T15:00:00Z,2021-10-18T18:45:00Z,long,0,64,369.856982,367.5867853511206,372.1271786488794,372.08996593101455,target,142.91097158492994,0.64,142.27097158492995,0.9792032474859982,97777.82203015152
2021-10-19T14:30:00Z,2021-10-19T14:30:00Z,2021-10-22T19:45:00Z,long,0,36,374.49744599999997,370.45541540125924,378.5394765987407,373.992597,weekend_close,-18.174563999999236,0.36,-18.534563999999236,-0.1273738502030088,97759.28746615152
2021-10-25T16:00:00Z,2021-10-25T16:00:00Z,2021-10-25T18:15:00Z,long,0,75,376.36763299999996,374.4343859448255,378.3008800551744,378.26304996716885,target,142.1562725376674,0.75,141.4062725376674,0.9752591952086438,97900.6937386892
2021-10-26T14:30:00Z,2021-10-26T14:30:00Z,2021-10-29T19:45:00Z,long,0,26,382.308227,376.7189057320192,387.89754826798077,386.041392,weekend_close,97.06228999999962,0.26,96.80228999999962,0.6661211301859968,97997.49602868919
2021-11-01T16:15:00Z,2021-11-01T16:15:00Z,2021-11-02T13:30:00Z,long,0,69,386.63866,384.5228821530216,388.7544378469784,388.7155624031937,target,143.30626582036427,0.6900000000000001,142.61626582036428,0.9768995389310279,98140.11229450956
2021-11-02T14:45:00Z,2021-11-02T14:45:00Z,2021-11-03T18:45:00Z,long,0,47,388.668863,385.57141020945716,391.7663157905428,391.7271391589638,target,143.73897947129825,0.47000000000000003,143.26897947129825,0.9841235250689904,98283.38127398085
2021-11-08T16:15:00Z,2021-11-08T16:15:00Z,2021-11-08T16:15:00Z,short,0,135,397.810215,398.8961758049521,396.72425419504793,398.93606542253264,stop,-151.98980704190205,1.35,-153.33980704190205,-1.0459405324326732,98130.04146693894
2021-11-09T16:30:00Z,2021-11-09T16:30:00Z,2021-11-10T14:30:00Z,short,0,50,395.730423,398.64481721843566,392.8160287815643,392.8553103844424,target,143.75563077787774,0.5,143.25563077787774,0.983090275650977,98273.29709771682
2021-11-10T15:30:00Z,2021-11-10T15:30:00Z,2021-11-10T17:30:00Z,short,0,91,394.400556,396.0179184071944,392.7831935928056,392.8224719121649,target,143.60565199299617,0.91,142.69565199299618,0.9695316775386553,98415.99274970981
2021-11-11T19:30:00Z,2021-11-11T19:30:00Z,2021-11-11T19:30:00Z,short,0,560,391.430853,391.69425128970823,391.1674547102918,391.7334207148372,stop,-169.43792030883742,5.6000000000000005,-175.0379203088374,-1.1866732892740366,98240.95482940097
2021-11-15T15:30:00Z,2021-11-15T15:30:00Z,2021-11-15T16:30:00Z,long,0,209,394.149411,393.44754587443634,394.85127612556363,393.4082011198489,stop,-154.9128649515747,2.09,-157.0028649515747,-1.0703051808533803,98083.9519644494
2021-11-15T18:45:00Z,2021-11-15T18:45:00Z,2021-11-15T19:45:00Z,short,0,182,393.400656,394.20647765143696,392.5948343485631,394.2458982992021,stop,-153.83409845477934,1.82,-155.65409845477933,-1.061329510912283,97928.29786599462
2021-11-16T15:30:00Z,2021-11-16T15:30:00Z,2021-11-16T16:00:00Z,long,0,109,394.93949,393.5974618441031,396.28151815589683,396.24189000408126,target,141.9616004448593,1.09,140.8716004448593,0.9630200368021252,98069.16946643949
2021-11-17T16:45:00Z,2021-11-17T16:45:00Z,2021-11-18T16:45:00Z,long,0,64,399.06990299999995,396.8053213797809,401.33448462021903,401.294351171757,target,142.36468299245098,0.64,141.724682992451,0.9778619379339575,98210.89414943194
2021-11-18T17:30:00Z,2021-11-18T17:30:00Z,2021-11-19T20:45:00Z,long,0,38,401.900186,398.11515723686136,405.6852147631387,403.92960300000004,weekend_close,77.1178460000009,0.38,76.7378460000009,0.5335275175889191,98287.63199543195
2021-11-22T16:00:00Z,2021-11-22T16:00:00Z,2021-11-22T16:45:00Z,long,0,42,407.080704,403.57731049872984,410.5840975012702,403.53695276767996,stop,-148.8375517574426,0.42,-149.2575517574426,-1.0143739865452233,98138.3744436745
2021-11-22T19:00:00Z,2021-11-22T19:00:00Z,2021-11-22T20:45:00Z,short,0,53,402.469749,405.2048816355343,399.73461636446564,399.7745898261021,target,142.84343621658752,0.53,142.31343621658752,0.9817290536527487,98280.68787989109
2021-11-23T15:45:00Z,2021-11-23T15:45:00Z,2021-12-02T14:30:00Z,short,0,16,395.270469,403.97473528328106,386.5662027167189,386.6048593369906,target,138.64975460815003,0.16,138.48975460815004,0.9944100262229852,98419.17763449924
2021-12-06T18:15:00Z,2021-12-06T18:15:00Z,2021-12-07T14:30:00Z,long,0,42,385.868583,382.36389269018724,389.37327330981276,389.3343359824818,target,145.56162526423452,0.42,145.14162526423453,0.9860366186438885,98564.31925976348
2021-12-07T15:30:00Z,2021-12-07T15:30:00Z,2021-12-10T20:45:00Z,long,0,13,395.859582,384.7002032778096,407.0189607221904,398.020194,weekend_close,28.08795600000019,0.13,27.95795600000019,0.1927178970746396,98592.27721576348
2021-12-13T17:45:00Z,2021-12-13T17:45:00Z,2021-12-13T20:45:00Z,short,0,79,394.61053499999997,396.4651056421388,392.75596435786116,392.79523995429696,target,143.4083086105378,0.79,142.6183086105378,0.9734301863104161,98734.89552437402
2021-12-14T15:45:00Z,2021-12-14T15:45:00Z,2021-12-15T20:15:00Z,short,0,18,386.831313,394.8596664952776,378.8029595047224,394.89915246192714,stop,-145.2211103146882,0.18,-145.4011103146882,-1.0061638998181421,98589.49441405933
2021-12-16T19:00:00Z,2021-12-16T19:00:00Z,2021-12-16T19:45:00Z,short,0,53,388.381158,391.12736821036657,385.6349477896335,385.6735112844124,target,143.50527592614282,0.53,142.9752759261428,0.9823161771827876,98732.46968998548
2021-12-20T16:15:00Z,2021-12-20T16:15:00Z,2021-12-21T18:15:00Z,short,0,17,378.232173,386.9293125542788,369.5350334457212,386.9680054855342,stop,-148.5091522540817,0.17,-148.67915225408169,-1.0055987294387445,98583.79053773139
2021-12-22T16:15:00Z,2021-12-22T16:15:00Z,2021-12-27T14:30:00Z,long,0,21,392.689265,385.7402032832441,399.63832671675584,399.59836288408417,target,145.091055565768,0.21,144.88105556576798,0.9928099886418911,98728.67159329716
2021-12-27T15:45:00Z,2021-12-27T15:45:00Z,2021-12-31T20:45:00Z,long,0,24,402.290225,396.33707640927855,408.2433735907215,397.520244,weekend_close,-114.47954400000071,0.24,-114.71954400000071,-0.8029332591244356,98613.95204929715
2022-01-03T18:45:00Z,2022-01-03T18:45:00Z,2022-01-04T15:00:00Z,long,0,83,401.060102,399.2843019642869,402.83590203571305,399.24437353409047,stop,-150.7054626704886,0.8300000000000001,-151.5354626704886,-1.028116020493477,98462.41658662666
2022-01-04T17:30:00Z,2022-01-04T17:30:00Z,2022-01-05T19:00:00Z,short,0,25,394.95050100000003,400.6507502416965,389.25025175830353,389.2891767834794,target,141.53310541301636,0.25,141.28310541301636,0.9914170375537331,98603.69969203968
2022-01-10T15:45:00Z,2022-01-10T15:45:00Z,2022-01-11T16:00:00Z,short,0,12,369.56304,381.7330495399419,357.3930304600581,381.7712228448959,stop,-146.49819413875048,0.12,-146.61819413875048,-1.003958362135699,98457.08149790093
2022-01-11T17:15:00Z,2022-01-11T17:15:00Z,2022-01-14T14:30:00Z,long,0,16,385.408537,376.4155712917567,394.40150270824336,376.3779297346275,stop,-144.48971624596015,0.16,-144.64971624596015,-1.0052976469248078,98312.43178165497
2022-01-18T16:45:00Z,2022-01-18T16:45:00Z,2022-01-19T16:15:00Z,short,0,29,373.392657,378.4147339782827,368.3705800217173,368.40741707971944,target,144.5719576881359,0.29,144.28195768813592,0.9906737674064529,98456.7137393431
2022-01-19T17:45:00Z,2022-01-19T17:45:00Z,2022-01-19T17:45:00Z,short,0,148,372.222774,373.2182667843357,371.22728121566433,373.2555886110141,stop,-152.8565624300852,1.48,-154.3365624300852,-1.0475360820520532,98302.37717691303
2022-01-20T17:15:00Z,2022-01-20T17:15:00Z,2022-01-20T18:00:00Z,long,0,97,372.357232,370.8454306934479,373.8690333065521,370.80834615037855,stop,-150.24192741328125,0.97,-151.21192741328124,-1.031144663564767,98151.16524949974
2022-01-24T17:45:00Z,2022-01-24T17:45:00Z,2022-01-24T20:45:00Z,short,0,9,337.676229,353.3101422207772,322.04231577922275,353.3454732349993,stop,-141.02319811499393,0.09,-141.11319811499393,-1.0028995308840432,98010.05205138474
2022-01-25T17:30:00Z,2022-01-25T17:30:00Z,2022-01-25T17:30:00Z,short,0,93,344.185578,345.7580804766655,342.61307552333454,342.6473368308869,target,143.05642872752026,0.93,142.12642872752025,0.9718529489084093,98152.17848011227
2022-01-26T16:00:00Z,2022-01-26T16:00:00Z,2022-01-26T19:00:00Z,long,0,30,350.83508,345.97600590107055,355.69415409892946,355.65858468351956,target,144.70514050558677,0.3,144.40514050558676,0.9906217903900795,98296.58362061785
2022-01-27T15:30:00Z,2022-01-27T15:30:00Z,2022-01-27T17:45:00Z,short,0,35,347.395257,351.53499106787064,343.2555229321294,343.2898484844226,target,143.6892980452103,0.35000000000000003,143.3392980452103,0.9892926570725393,98439.92291866305
2022-01-27T18:15:00Z,2022-01-27T18:15:00Z,2022-01-28T20:30:00Z,short,0,22,342.76572,349.2434416280643,336.28799837193566,349.2783659722271,stop,-143.27821138899662,0.22,-143.49821138899662,-1.006935207584123,98296.42470727405
2022-01-31T15:45:00Z,2022-01-31T15:45:00Z,2022-02-04T20:45:00Z,long,0,11,358.295826,345.17550723017325,371.4161447698267,357.954201,weekend_close,-3.757874999999615,0.11,-3.8678749999996147,-0.026800034829078223,98292.55683227406
2022-02-07T18:30:00Z,2022-02-07T18:30:00Z,2022-02-07T20:00:00Z,short,0,112,357.39425700000004,358.70247497210704,356.08603902789304,358.73834521960424,stop,-150.53788059567069,1.12,-151.6578805956707,-1.0350631534463042,98140.89895167839
2022-02-08T16:15:00Z,2022-02-08T16:15:00Z,2022-02-08T16:15:00Z,short,0,923,357.544242,357.70364711247436,357.38483688752564,357.7394174771856,stop,-180.14696544232214,9.23,-189.37696544232213,-1.287132351031818,97951.52198623607
2022-02-08T18:30:00Z,2022-02-08T18:30:00Z,2022-02-08T20:45:00Z,long,0,78,358.12580899999995,356.25208269553815,359.99953530446174,359.9635353509313,target,143.34265537264514,0.78,142.56265537264514,0.9754500145400571,98094.08464160872
2022-02-09T16:00:00Z,2022-02-09T16:00:00Z,2022-02-10T20:30:00Z,long,0,20,364.476444,357.42553446056434,371.5273535394357,357.3897919071183,stop,-141.73304185763413,0.2,-141.93304185763412,-1.0064874684876028,97952.15159975109
2022-02-15T16:45:00Z,2022-02-15T16:45:00Z,2022-02-17T18:15:00Z,long,0,24,354.605457,348.53158527571395,360.67932872428605,348.4967321171864,stop,-146.60939718752616,0.24,-146.84939718752616,-1.0073846074733843,97805.30220256356
2022-02-22T17:00:00Z,2022-02-22T17:00:00Z,2022-02-23T18:15:00Z,short,0,31,338.19617700000003,342.87491278602,333.5174412139801,333.55079295810145,target,144.006905298856,0.31,143.696905298856,0.9907343038581253,97948.99910786242
2022-02-23T19:15:00Z,2022-02-23T19:15:00Z,2022-02-23T20:45:00Z,short,0,33,333.50664600000005,337.83847229350744,329.17481970649266,329.2077371884633,target,141.86399078071315,0.33,141.53399078071314,0.9900925200913633,98090.53309864312
2022-02-28T17:00:00Z,2022-02-28T17:00:00Z,2022-02-28T19:00:00Z,long,0,28,347.704767,342.54950865688056,352.86002534311945,342.5152537060149,stop,-145.30637223158283,0.28,-145.58637223158283,-1.0085844293186053,97944.94672641154
2022-03-01T16:30:00Z,2022-03-01T16:30:00Z,2022-03-01T16:30:00Z,long,0,117,345.004497,343.7538538476785,346.25514015232153,343.71947846229375,stop,-150.34716891163293,1.17,-151.51716891163292,-1.0354820520164978,97793.4295574999
2022-03-01T19:00:00Z,2022-03-01T19:00:00Z,2022-03-02T16:00:00Z,short,0,45,341.645832,344.887028538235,338.404635461765,344.9215172410888,stop,-147.4058358489964,0.45,-147.85583584899638,-1.0137260120850453,97645.5737216509
2022-03-02T17:30:00Z,2022-03-02T17:30:00Z,2022-03-03T14:30:00Z,long,0,42,345.884585,342.4443640409681,349.32480595903195,349.28987347843605,target,143.02211609431345,0.42,142.60211609431346,0.9869390713180987,97788.17583774522
2022-03-03T17:45:00Z,2022-03-03T17:45:00Z,2022-03-03T19:45:00Z,short,0,89,344.94550200000003,346.5782642960747,343.3127397039254,343.3470709778958,target,142.2603609672783,0.89,141.37036096727832,0.9728489112732623,97929.5461987125
2022-03-07T16:00:00Z,2022-03-07T16:00:00Z,2022-03-08T14:30:00Z,short,0,19,330.716925,338.2302546029265,323.2035953970735,323.2359157566132,target,142.1391756243488,0.19,141.9491756243488,0.9943672962885555,98071.49537433685
2022-03-09T17:00:00Z,2022-03-09T17:00:00Z,2022-03-10T16:00:00Z,long,0,24,333.273324,327.20838849919517,339.33825950080484,327.17566766034525,stop,-146.34375215171394,0.24,-146.58375215171395,-1.0070439065418326,97924.91162218514
2022-03-10T17:00:00Z,2022-03-10T17:00:00Z,2022-03-11T14:30:00Z,short,0,31,328.287168,333.02367748114443,323.5506585188556,333.0569798488925,stop,-147.864167315668,0.31,-148.174167315668,-1.009142252943961,97776.73745486948
2022-03-14T16:30:00Z,2022-03-14T16:30:00Z,2022-03-15T19:15:00Z,short,0,23,320.9679,327.30042937414044,314.63537062585954,327.33315941707787,stop,-146.40096659279124,0.23,-146.63096659279122,-1.0067477054448295,97630.10648827668
2022-03-17T14:45:00Z,2022-03-17T14:45:00Z,2022-03-18T14:00:00Z,long,0,22,339.213918,332.83740939388787,345.5904266061121,345.5558675634515,target,139.52289039593347,0.22,139.30289039593347,0.9930119999182816,97769.40937867262
2022-03-22T15:30:00Z,2022-03-22T15:30:00Z,2022-03-25T19:45:00Z,long,0,15,357.455742,348.27068015356946,366.6408038464305,359.324064,weekend_close,28.02483000000052,0.15,27.87483000000052,0.20232003127145087,97797.28420867262
2022-03-28T15:00:00Z,2022-03-28T15:00:00Z,2022-03-29T13:30:00Z,long,0,30,362.31622799999997,357.42909224759427,367.20336375240566,367.1666434160304,target,145.5124624809133,0.3,145.2124624809133,0.9904401394309016,97942.49667115352
2022-03-31T17:15:00Z,2022-03-31T17:15:00Z,2022-03-31T19:45:00Z,short,0,53,364.66353,367.41077728870147,361.9162827112985,361.9524743395696,target,143.68595000280914,0.53,143.15595000280913,0.9831862139017856,98085.65262115633
2022-04-04T15:45:00Z,2022-04-04T15:45:00Z,2022-04-05T19:00:00Z,long,0,22,367.726769,361.0871638692544,374.36637413074556,361.0510551528675,stop,-146.86570463691498,0.22,-147.08570463691498,-1.006944496770361,97938.56691651941
2022-04-07T16:15:00Z,2022-04-07T16:15:00Z,2022-04-07T18:45:00Z,short,0,38,350.714925,354.54822998638207,346.8816200136179,354.5836848093807,stop,-147.01287275646735,0.38,-147.39287275646734,-1.0118578675999235,97791.17404376295
2022-04-11T14:30:00Z,2022-04-11T14:30:00Z,2022-04-21T19:00:00Z,short,0,16,342.855711,351.5443667273488,334.16705527265117,334.2004719781784,target,138.48382434914492,0.16,138.32382434914493,0.9950030583683276,97929.4978681121
2022-04-25T14:45:00Z,2022-04-25T14:45:00Z,2022-04-26T14:00:00Z,short,0,35,326.287368,330.44165573761745,322.1330802623826,322.16529357040883,target,144.2726050356913,0.35000000000000003,143.9226050356913,0.9898386171848397,98073.4204731478
2022-04-26T16:00:00Z,2022-04-26T16:00:00Z,2022-04-28T17:00:00Z,short,0,19,319.158081,326.6703372098765,311.64582479012347,326.7030042435975,stop,-143.35354162835267,0.19,-143.54354162835267,-1.0056796563547583,97929.87693151944
2022-04-28T17:30:00Z,2022-04-28T17:30:00Z,2022-04-29T16:30:00Z,long,0,20,326.64266100000003,319.3309856002712,333.95433639972885,319.2990525017112,stop,-146.87216996577718,0.2,-147.07216996577716,-1.0057350875507411,97782.80476155366
2022-05-02T16:45:00Z,2022-05-02T16:45:00Z,2022-05-02T19:45:00Z,short,0,33,313.378659,317.70786464394894,309.0494533560511,317.73963543041333,stop,-143.91222220363898,0.33,-144.242222203639,-1.0096486029770328,97638.56253935002
2022-05-03T15:15:00Z,2022-05-03T15:15:00Z,2022-05-04T19:00:00Z,long,0,24,319.661963,313.65867664566383,325.6652493543362,325.6326828294008,target,143.29727590561833,0.24,143.05727590561833,0.9929094628470165,97781.61981525565
2022-05-05T16:30:00Z,2022-05-05T16:30:00Z,2022-05-06T13:30:00Z,short,0,21,314.38855800000005,321.1180330522749,307.6590829477252,307.68984885602,target,140.67289202358143,0.21,140.46289202358142,0.9939421859835875,97922.08270727923
2022-05-09T14:30:00Z,2022-05-09T14:30:00Z,2022-05-12T13:30:00Z,short,0,14,300.86991,311.2437801995552,290.4960398004448,290.5250894044248,target,144.8274883380526,0.14,144.68748833805262,0.9962357728380208,98066.77019561728
2022-05-12T17:15:00Z,2022-05-12T17:15:00Z,2022-05-13T13:30:00Z,short,0,29,289.221075,294.22968817762,284.21246182237996,294.25911114643776,stop,-146.1030482466955,0.29,-146.39304824669549,-1.007871034839326,97920.37714737059
2022-05-17T15:00:00Z,2022-05-17T15:00:00Z,2022-05-17T15:15:00Z,long,0,88,301.40013700000003,299.7368616460875,303.06341235391255,303.03310601267714,target,143.70127311558554,0.88,142.82127311558554,0.9757668860176376,98063.19842048617
2022-05-17T16:45:00Z,2022-05-17T16:45:00Z,2022-05-18T13:30:00Z,long,0,40,304.43044,300.7715614315064,308.0893185684935,300.7414842753633,stop,-147.5582289854674,0.4,-147.9582289854674,-1.010953398805918,97915.24019150069
2022-05-18T16:00:00Z,2022-05-18T16:00:00Z,2022-05-20T15:00:00Z,short,0,18,295.430454,303.52824718799224,287.33266081200776,287.36139407808895,target,145.24307859439887,0.18,145.06307859439886,0.9952168121385682,98060.30327009509
2022-05-23T15:30:00Z,2022-05-23T15:30:00Z,2022-05-24T13:45:00Z,long,0,22,291.469144,285.0044862058224,297.93380179417755,284.9759857572018,stop,-142.84948134156014,0.22,-143.06948134156013,-1.005955527708718,97917.23378875353
2022-05-24T15:45:00Z,2022-05-24T15:45:00Z,2022-05-25T18:15:00Z,short,0,21,284.421555,291.2161118768759,277.6269981231241,291.2452334880636,stop,-143.29724824933544,0.21,-143.50724824933545,-1.0057577869898822,97773.72654050418
2022-05-26T14:45:00Z,2022-05-26T14:45:00Z,2022-05-27T13:30:00Z,long,0,20,296.189616,288.87337359751456,303.50585840248544,303.4755078166452,target,145.71783633290352,0.2,145.51783633290353,0.9944847937478727,97919.24437683709
2022-05-31T16:15:00Z,2022-05-31T16:15:00Z,2022-06-01T15:15:00Z,long,0,38,309.76097300000004,305.9583778383101,313.56356816168994,305.9277820005263,stop,-145.66125798000223,0.38,-146.04125798000223,-1.0106758242877987,97773.20311885708
2022-06-01T16:45:00Z,2022-06-01T16:45:00Z,2022-06-02T15:00:00Z,short,0,29,304.36956,309.33040609161577,299.4087139083842,309.36133913222494,stop,-144.76159483452392,0.29,-145.0515948345239,-1.008251221637041,97628.15152402256
2022-06-02T17:15:00Z,2022-06-02T17:15:00Z,2022-06-03T14:30:00Z,long,0,30,311.521149,306.72018559839063,316.32211240160933,306.6895135798308,stop,-144.94906260507491,0.3,-145.24906260507493,-1.008471636869004,97482.90246141749
2022-06-06T15:45:00Z,2022-06-06T15:45:00Z,2022-06-06T16:00:00Z,long,0,78,309.05090199999995,307.1798386608301,310.9219653391698,307.14912067696406,stop,-148.3389431967995,0.78,-149.1189431967995,-1.0217619484138472,97333.78351822069
2022-06-08T18:45:00Z,2022-06-08T18:45:00Z,2022-06-09T13:30:00Z,short,0,78,307.799217,309.660280525236,305.938153474764,305.9687472901115,target,142.77663737130445,0.78,141.99663737130444,0.9781878400188885,97475.780155592
2022-06-09T14:30:00Z,2022-06-09T14:30:00Z,2022-06-09T14:30:00Z,short,0,444,308.459151,308.78811076520464,308.1301912347954,308.8189895762811,stop,-159.76832786881118,4.44,-164.20832786881118,-1.1242669025224525,97311.5718277232
2022-06-09T16:30:00Z,2022-06-09T16:30:00Z,2022-06-09T18:15:00Z,short,0,86,306.499347,308.1930970795518,304.8055969204482,304.8360774801402,target,143.04117870794244,0.86,142.18117870794242,0.9761000396807451,97453.75300643114
2022-06-09T18:45:00Z,2022-06-09T18:45:00Z,2022-06-09T19:30:00Z,short,0,44,304.159581,307.45268124141495,300.86648075858506,300.8965674066609,target,143.57259810692085,0.44,143.13259810692085,0.9878270793060908,97596.88560453807
2022-06-13T14:45:00Z,2022-06-13T14:45:00Z,2022-06-17T19:45:00Z,short,0,9,276.992298,292.5417927345629,261.44280326543713,274.73747099999997,weekend_close,20.29344300000031,0.09,20.20344300000031,0.14436655584765154,97617.08904753807
2022-06-21T14:30:00Z,2022-06-21T14:30:00Z,2022-06-24T13:45:00Z,long,0,18,282.52825,274.41884062555454,290.6376593744455,290.60859560850804,target,145.44622095314446,0.18,145.26622095314445,0.9951829086270388,97762.35526849121
2022-06-27T16:15:00Z,2022-06-27T16:15:00Z,2022-06-27T19:45:00Z,long,0,65,293.67936499999996,291.4532795440609,295.90545045593905,291.4241342161065,stop,-146.59000095307533,0.65,-147.24000095307534,-1.0175848271457613,97615.11526753815
2022-06-28T16:45:00Z,2022-06-28T16:45:00Z,2022-06-29T13:30:00Z,short,0,25,287.221275,292.8612414489923,281.5813085510077,281.6094666818628,target,140.29520795343018,0.25,140.04520795343018,0.9932343337145345,97755.16047549158
2022-06-29T14:45:00Z,2022-06-29T14:45:00Z,2022-06-29T16:15:00Z,short,0,53,284.90150700000004,287.64949652879073,282.15351747120934,282.18173282295646,target,144.1480313833095,0.53,143.6180313833095,0.9860933415696315,97898.77850687488
2022-06-29T17:30:00Z,2022-06-29T17:30:00Z,2022-06-30T13:30:00Z,short,0,59,282.951702,285.40273165091253,280.5006723490875,280.5287224163224,target,142.95579543697852,0.59,142.36579543697852,0.9844758845651872,98041.14430231186
2022-06-30T15:00:00Z,2022-06-30T15:00:00Z,2022-07-01T19:45:00Z,short,0,29,279.092088,284.10287603175,274.08129996825,282.158213,weekend_close,-88.91762499999999,0.29,-89.207625,-0.6139004445026737,97951.93667731187
2022-07-05T17:15:00Z,2022-07-05T17:15:00Z,2022-07-05T18:30:00Z,long,0,49,282.61825899999997,279.63937195557287,285.59714604442706,285.5685863298226,target,144.56603916130945,0.49,144.07603916130944,0.9870556640687022,98096.01271647318
2022-07-06T18:15:00Z,2022-07-06T18:15:00Z,2022-07-06T19:00:00Z,long,0,59,287.758773,285.2697957488562,290.2477502511438,290.2187254761187,target,145.13719609100337,0.59,144.54719609100337,0.9843209595398378,98240.55991256419
2022-07-11T15:45:00Z,2022-07-11T15:45:00Z,2022-07-12T19:30:00Z,short,0,30,289.84101300000003,294.63591377130814,285.0461122286919,285.07461683991477,target,142.99188480255793,0.3,142.69188480255792,0.9919696750653844,98383.25179736674
2022-07-14T15:30:00Z,2022-07-14T15:30:00Z,2022-07-14T18:15:00Z,short,0,41,283.141683,286.7392609837178,279.5441050162822,286.7679349098162,stop,-148.67632830246322,0.41000000000000003,-149.08632830246322,-1.0107499896523113,98234.16546906428
2022-07-18T14:30:00Z,2022-07-18T14:30:00Z,2022-07-18T19:00:00Z,long,0,29,294.739471,289.71690810427265,299.7620338957273,289.68793641346224,stop,-146.4945030095945,0.29,-146.7845030095945,-1.0077593236002202,98087.38096605468
2022-07-19T16:15:00Z,2022-07-19T16:15:00Z,2022-07-20T13:30:00Z,long,0,39,295.779575,292.0447862888325,299.51436371116756,299.48441227479645,target,144.48865371706086,0.39,144.09865371706087,0.9893028924898358,98231.47961977174
2022-07-20T14:45:00Z,2022-07-20T14:45:00Z,2022-07-22T13:45:00Z,long,0,23,302.05020199999996,295.7065866875909,308.393817312409,308.36297793067774,target,145.1938464055891,0.23,144.96384640558912,0.9935621282628273,98376.44346617733
2022-07-25T15:15:00Z,2022-07-25T15:15:00Z,2022-07-26T14:15:00Z,short,0,45,299.340063,302.58622680069067,296.0938991993093,296.12350858922923,target,144.74494848468396,0.45,144.29494848468397,0.9877980926558609,98520.73841466202
2022-07-26T14:30:00Z,2022-07-26T14:30:00Z,2022-07-27T13:30:00Z,short,0,33,296.210376,300.6151352141001,291.8056167858999,300.6451967276215,stop,-146.34908401150994,0.33,-146.67908401150996,-1.0090950518687032,98374.0593306505
2022-07-27T15:45:00Z,2022-07-27T15:45:00Z,2022-07-28T17:30:00Z,long,0,22,302.23022,295.6650698853977,308.79537011460224,308.7644905775908,target,143.75395270699767,0.22,143.53395270699767,0.9937732517462878,98517.5932833575
2022-07-28T18:45:00Z,2022-07-28T18:45:00Z,2022-07-29T14:00:00Z,long,0,35,309.420939,305.21318468831964,313.6286933116803,313.5973304423491,target,146.17370048222,0.35000000000000003,145.82370048222,0.9901698468429181,98663.41698383972
2022-08-01T15:15:00Z,2022-08-01T15:15:00Z,2022-08-02T13:30:00Z,long,0,29,318.23181999999997,313.20731363392537,323.2563263660746,313.175992902562,stop,-146.61898582570194,0.29,-146.90898582570193,-1.0082238389909088,98516.50799801401
2022-08-02T15:15:00Z,2022-08-02T15:15:00Z,2022-08-02T15:30:00Z,short,0,167,314.67852899999997,315.562525956791,313.79453204320896,315.59408220938667,stop,-152.89738596757905,1.67,-154.56738596757904,-1.0470094973477568,98361.94061204644
2022-08-02T17:30:00Z,2022-08-02T17:30:00Z,2022-08-02T17:30:00Z,long,0,121,315.98159499999997,314.76596620604306,317.1972237939569,314.73448960942244,stop,-150.8997522598812,1.21,-152.10975225988122,-1.034119458856855,98209.83085978655
2022-08-03T15:45:00Z,2022-08-03T15:45:00Z,2022-08-05T19:45:00Z,long,0,25,321.312128,315.46475316032036,327.1595028396796,321.76782000000003,weekend_close,11.392300000001399,0.25,11.142300000001399,0.07622087042815197,98220.97315978656
2022-08-08T15:45:00Z,2022-08-08T15:45:00Z,2022-08-08T15:45:00Z,long,0,942,321.33213,321.17578432031956,321.48847567968045,321.14366674188756,stop,-177.53238914192718,9.42,-186.95238914192717,-1.2693875425153582,98034.02077064464
2022-08-08T18:00:00Z,2022-08-08T18:00:00Z,2022-08-08T18:00:00Z,short,0,103,321.397857,322.82124209387257,319.9744719061274,320.00646935331804,target,143.31292760824073,1.03,142.28292760824073,0.9704946698040994,98176.30369825287
2022-08-09T14:30:00Z,2022-08-09T14:30:00Z,2022-08-10T13:30:00Z,short,0,31,316.908306,321.55664533830145,312.2599666616985,321.5888010028353,stop,-145.09534508789432,0.31,-145.40534508789432,-1.0090689731247624,98030.89835316497
2022-08-10T15:45:00Z,2022-08-10T15:45:00Z,2022-08-12T19:45:00Z,long,0,19,325.23251999999997,317.684205793728,332.78083420627195,330.506946,weekend_close,100.21409400000118,0.19,100.02409400000118,0.6974306919584494,98130.92244716498
2022-08-15T16:45:00Z,2022-08-15T16:45:00Z,2022-08-17T13:30:00Z,long,0,43,332.383235,328.9785671195756,335.78790288042444,328.94566926286365,stop,-147.8153266968638,0.43,-148.2453266968638,-1.0125997184508326,97982.67712046811
2022-08-17T15:00:00Z,2022-08-17T15:00:00Z,2022-08-19T19:45:00Z,short,0,27,326.887308,332.2412454069699,321.53337059303016,322.902287,weekend_close,107.59556700000047,0.27,107.32556700000048,0.7424481643780998,98090.00268746812
2022-08-22T14:30:00Z,2022-08-22T14:30:00Z,2022-08-26T19:45:00Z,short,0,17,316.018395,324.3590551939153,307.6777348060847,307.7085025795653,target,141.26817114739026,0.17,141.09817114739027,0.9951121646808809,98231.10085861551
2022-08-30T14:45:00Z,2022-08-30T14:45:00Z,2022-09-02T19:45:00Z,short,0,21,299.790018,306.74647876219296,292.833557237807,295.23952099999997,weekend_close,95.56043700000015,0.21,95.35043700000016,0.6527021649682443,98326.45129561551
2022-09-06T17:45:00Z,2022-09-06T17:45:00Z,2022-09-07T15:00:00Z,short,0,45,292.47075,295.71004041940273,289.2314595805973,295.73961142344467,stop,-147.09876405500978,0.45,-147.54876405500977,-1.0122159482227706,98178.9025315605
2022-09-07T16:30:00Z,2022-09-07T16:30:00Z,2022-09-07T17:00:00Z,long,0,93,295.449542,293.8700772958123,297.02900670418774,296.9993038035173,target,144.12784772710881,0.93,143.1978477271088,0.9748630655910432,98322.1003792876
2022-09-08T15:45:00Z,2022-09-08T15:45:00Z,2022-09-08T16:00:00Z,long,0,41,300.590056,296.99850962583366,304.18160237416635,296.9688097748711,stop,-148.47109523028547,0.41000000000000003,-148.88109523028547,-1.0110536929853196,98173.21928405731
2022-09-12T14:30:00Z,2022-09-12T14:30:00Z,2022-09-13T13:30:00Z,long,0,25,310.721069,304.93817781899565,316.50396018100435,304.90768400121374,stop,-145.33462496965655,0.25,-145.58462496965655,-1.0070023482224482,98027.63465908765
2022-09-13T15:45:00Z,2022-09-13T15:45:00Z,2022-09-16T13:30:00Z,short,0,12,297.600237,308.999999928733,286.20047407126697,286.2290941186741,target,136.4537145759109,0.12,136.3337145759109,0.9966122060916043,98163.96837366356
2022-09-21T15:15:00Z,2022-09-21T15:15:00Z,2022-09-21T17:45:00Z,long,0,110,289.768974,288.4345815924868,291.10336640751325,291.0742560708725,target,143.58102779597118,1.1,142.4810277959712,0.9706905281980318,98306.44940145954
2022-09-21T18:45:00Z,2022-09-21T18:45:00Z,2022-09-21T19:00:00Z,long,0,45,292.509248,289.24765033159633,295.7708456684037,289.2187255665632,stop,-148.0735095046569,0.45,-148.5235095046569,-1.0119342632018098,98157.92589195489
2022-09-22T14:30:00Z,2022-09-22T14:30:00Z,2022-09-23T19:45:00Z,short,0,16,280.901907,289.8316096237012,271.9722043762988,275.547552,weekend_close,85.66967999999997,0.16,85.50967999999997,0.5984919347498794,98243.43557195489
2022-09-26T15:45:00Z,2022-09-26T15:45:00Z,2022-09-26T15:45:00Z,long,0,1170,275.32753,275.20165192424724,275.4534080757528,275.17413175905483,stop,-179.47594190587665,11.700000000000001,-191.17594190587664,-1.2980675146806477,98052.25963004901
2022-09-26T18:00:00Z,2022-09-26T18:00:00Z,2022-09-27T13:30:00Z,short,0,53,273.652632,276.40013320807384,270.9051307919261,276.42777322139466,stop,-147.08248473391785,0.53,-147.61248473391785,-1.0136997258491498,97904.64714531509
2022-09-27T15:00:00Z,2022-09-27T15:00:00Z,2022-09-27T15:45:00Z,long,0,47,278.287826,275.1861501990722,281.3895018009278,275.1586315840523,stop,-147.07213754954296,0.47000000000000003,-147.54213754954296,-1.012096240041816,97757.10500776554
2022-09-27T18:00:00Z,2022-09-27T18:00:00Z,2022-09-28T14:30:00Z,short,0,42,273.00269699999996,276.47889612316595,269.52649787683396,276.50654401277825,stop,-147.16157453668836,0.42,-147.58157453668835,-1.0108301878800339,97609.52343322885
2022-09-28T16:30:00Z,2022-09-28T16:30:00Z,2022-09-28T19:45:00Z,long,0,42,277.73777099999995,274.2804325439746,281.1951094560253,281.1669899450797,target,144.02719569334965,0.42,143.60719569334967,0.9889743189940902,97753.1306289222
2022-09-29T16:00:00Z,2022-09-29T16:00:00Z,2022-09-30T19:45:00Z,short,0,31,272.81271599999997,277.4884901780198,268.13694182198014,268.1637555161623,target,144.11777499896687,0.31,143.80777499896686,0.9921267168215187,97896.93840392116
2022-10-03T16:45:00Z,2022-10-03T16:45:00Z,2022-10-03T17:15:00Z,long,0,153,271.49714700000004,270.54128580233515,272.45300819766493,272.4257628968452,target,142.07823221730712,1.53,140.54823221730712,0.961034822931686,98037.48663613846
2022-10-03T18:00:00Z,2022-10-03T18:00:00Z,2022-10-03T18:45:00Z,long,0,69,272.937291,270.81312205305807,275.06145994694197,275.0339538009473,target,144.6697332653627,0.6900000000000001,143.9797332653627,0.9823431436333444,98181.46636940383
2022-10-04T14:30:00Z,2022-10-04T14:30:00Z,2022-10-07T13:45:00Z,long,0,15,281.638161,272.05062927893624,291.2256927210638,272.0234242160084,stop,-144.22105175987468,0.15,-144.3710517598747,-1.0038805673879674,98037.09531764395
2022-10-10T15:00:00Z,2022-10-10T15:00:00Z,2022-10-13T13:30:00Z,short,0,22,265.44345300000003,271.85959848654784,259.02730751345223,259.05321024420357,target,140.5853406275222,0.22,140.36534062752222,0.9944043147359088,98177.46065827148
2022-10-13T14:45:00Z,2022-10-13T14:45:00Z,2022-10-13T15:15:00Z,short,0,25,258.244173,263.9193779699194,252.56896803008055,263.9457699077164,stop,-142.53992269291018,0.25,-142.78992269291018,-1.0064124446588032,98034.67073557856
2022-10-13T17:45:00Z,2022-10-13T17:45:00Z,2022-10-14T16:15:00Z,long,0,22,268.29682699999995,261.711912944152,274.8817410558479,261.6857417528576,stop,-145.4438754371315,0.22,-145.6638754371315,-1.0054930392390273,97889.00686014142
2022-10-17T15:45:00Z,2022-10-17T15:45:00Z,2022-10-18T13:30:00Z,long,0,24,269.30692799999997,263.23858270080115,275.3752732991988,275.3477357718689,target,144.9793865248539,0.24,144.7393865248539,0.9938142070895557,98033.74624666628
2022-10-18T14:30:00Z,2022-10-18T14:30:00Z,2022-10-20T18:30:00Z,long,0,29,273.087306,268.0349566091806,278.1396553908194,268.00815311351965,stop,-147.29543370793039,0.29,-147.58543370793038,-1.0072844320164829,97886.16081295835
2022-10-20T18:45:00Z,2022-10-20T18:45:00Z,2022-10-21T14:00:00Z,short,0,36,268.05319199999997,272.08359568262694,264.022788317373,272.1108040421952,stop,-146.0740335190278,0.36,-146.43403351902782,-1.0092319188096806,97739.72677943933
2022-10-24T16:30:00Z,2022-10-24T16:30:00Z,2022-10-25T13:45:00Z,long,0,35,277.357733,273.26504573021504,281.45042026978496,281.422275227758,target,142.25897797153038,0.35000000000000003,141.9089779715304,0.9906797076071358,97881.63575741086
2022-10-27T16:00:00Z,2022-10-27T16:00:00Z,2022-10-28T16:30:00Z,short,0,26,274.01259600000003,279.58158765020613,268.44360434979393,279.6095458089712,stop,-145.5206950332498,0.26,-145.7806950332498,-1.00681598414026,97735.85506237761
2022-10-31T16:15:00Z,2022-10-31T16:15:00Z,2022-10-31T16:15:00Z,short,0,666,278.792118,279.012044510567,278.572191489433,279.03994571501806,stop,-165.0532582020196,6.66,-171.7132582020196,-1.1723357695865106,97564.1418041756
2022-11-01T16:30:00Z,2022-11-01T16:30:00Z,2022-11-02T16:15:00Z,short,0,44,275.352462,278.6269680652767,272.0779559347233,272.1051637303168,target,142.88112386606076,0.44,142.44112386606076,0.9886371272943911,97706.58292804165
2022-11-03T14:45:00Z,2022-11-03T14:45:00Z,2022-11-04T19:45:00Z,short,0,13,263.033694,274.01437579761966,252.0530122023804,264.70646800000003,weekend_close,-21.74606200000005,0.13,-21.87606200000005,-0.15324858975193972,97684.70686604166
2022-11-07T15:45:00Z,2022-11-07T15:45:00Z,2022-11-07T19:30:00Z,long,0,49,264.61645899999996,261.6840330973196,267.5488849026803,267.52213001419005,target,142.37787969531445,0.49,141.88787969531444,0.9874660469829262,97826.59474573698
2022-11-09T17:00:00Z,2022-11-09T17:00:00Z,2022-11-09T18:30:00Z,short,0,67,266.88330900000005,269.0534669784514,264.7131510215487,264.7396223366508,target,143.62700644439832,0.67,142.95700644439833,0.9831941658329619,97969.55175218137
2022-11-10T16:45:00Z,2022-11-10T16:45:00Z,2022-11-11T20:45:00Z,long,0,11,278.667864,266.1776889701769,291.1580390298231,287.94120300000003,weekend_close,102.00672900000023,0.11,101.89672900000024,0.7416500551739046,98071.44848118137
2022-11-14T18:30:00Z,2022-11-14T18:30:00Z,2022-11-14T20:45:00Z,long,0,47,288.868884,285.76544795494806,291.9723200450519,285.73687141015256,stop,-147.20459172282875,0.47000000000000003,-147.67459172282875,-1.0124302689778333,97923.77388945855
2022-11-15T16:00:00Z,2022-11-15T16:00:00Z,2022-11-15T18:30:00Z,long,0,35,291.379135,287.28390547889074,295.4743645211093,287.25517708834286,stop,-144.33852690800052,0.35000000000000003,-144.6885269080005,-1.0094569523755026,97779.08536255056
2022-11-16T15:45:00Z,2022-11-16T15:45:00Z,2022-11-17T14:30:00Z,short,0,33,285.491448,289.82418296349215,281.15871303650783,281.1868289078115,target,142.05243004222012,0.33,141.7224300422201,0.9912028149367927,97920.80779259278
2022-11-17T15:30:00Z,2022-11-17T15:30:00Z,2022-11-18T14:30:00Z,short,0,45,283.541643,286.8010038103807,280.28228218961937,286.82968391076173,stop,-147.96184098427688,0.45,-148.41184098427686,-1.0118673883105733,97772.3959516085
2022-11-21T17:15:00Z,2022-11-21T17:15:00Z,2022-11-22T18:00:00Z,short,0,59,281.55184199999997,284.02170096903785,279.0819830309621,284.05010313913476,stop,-147.39740720895304,0.59,-147.98740720895304,-1.0155483250575517,97624.40854439954
2022-11-28T19:15:00Z,2022-11-28T19:15:00Z,2022-11-30T18:45:00Z,short,0,40,282.441753,286.05746901265627,278.82603698734374,286.0860747595575,stop,-145.77287038229997,0.4,-146.17287038229998,-1.010677206607516,97478.23567401724
2022-12-05T17:30:00Z,2022-12-05T17:30:00Z,2022-12-05T19:30:00Z,short,0,63,288.88110900000004,291.2009652382314,286.5612527617687,286.5899088870449,target,144.34560711617462,0.63,143.71560711617462,0.9833368444823671,97621.95128113341
2022-12-06T16:00:00Z,2022-12-06T16:00:00Z,2022-12-09T20:45:00Z,short,0,25,282.891708,288.5683457051804,277.2150702948196,282.118209,weekend_close,19.33747500000038,0.25,19.08747500000038,0.13449845483414624,97641.03875613342
2022-12-12T16:15:00Z,2022-12-12T16:15:00Z,2022-12-12T20:00:00Z,short,0,89,282.57174000000003,284.2041896249219,280.93929037507814,284.2326100438844,stop,-147.8174339057079,0.89,-148.7074339057079,-1.02353543924169,97492.3313222277
2022-12-13T15:30:00Z,2022-12-13T15:30:00Z,2022-12-15T14:30:00Z,long,0,14,292.489246,282.7123019375856,302.26619006241435,282.68403070739186,stop,-137.27301409651375,0.14,-137.41301409651373,-1.0039144368577169,97354.9183081312
2022-12-15T15:30:00Z,2022-12-15T15:30:00Z,2022-12-16T20:45:00Z,short,0,14,279.03209400000003,289.00713572450076,269.0570522754993,274.24742200000003,weekend_close,66.985408,0.14,66.845408,0.47866185745092543,97421.76371613119
2022-12-19T16:45:00Z,2022-12-19T16:45:00Z,2022-12-21T19:00:00Z,short,0,33,270.07299,274.48497685595686,265.66100314404315,274.51242535364247,stop,-146.50136667020138,0.33,-146.8313666702014,-1.0084878987422754,97274.93234946099
2022-12-22T16:45:00Z,2022-12-22T16:45:00Z,2022-12-23T20:45:00Z,short,0,18,265.003497,272.8729883140394,257.1340056859606,267.476745,weekend_close,-44.51846400000022,0.18,-44.69846400000022,-0.3155538142052236,97230.23388546098
2022-12-27T16:45:00Z,2022-12-27T16:45:00Z,2022-12-27T17:45:00Z,short,0,114,265.313466,266.5821563225726,264.0447756774274,264.07118015499515,target,141.6205863305538,1.1400000000000001,140.48058633055382,0.9713054660227057,97370.71447179154
2022-12-27T18:45:00Z,2022-12-27T18:45:00Z,2022-12-28T14:30:00Z,short,0,88,264.07359,265.7259880521136,262.4211919478864,262.4474340670812,target,143.10172209685743,0.88,142.22172209685743,0.9780669559925923,97512.9361938884
2022-12-28T17:00:00Z,2022-12-28T17:00:00Z,2022-12-29T14:30:00Z,short,0,36,260.51394600000003,264.5131846174558,256.51470738254426,264.53963593591754,stop,-144.92483769303044,0.36,-145.28483769303045,-1.0091145645330182,97367.65135619536
2022-12-29T17:00:00Z,2022-12-29T17:00:00Z,2022-12-30T20:45:00Z,long,0,27,267.12671,261.8461821437876,272.4072378562124,266.293368,weekend_close,-22.500234000000432,0.27,-22.770234000000432,-0.1597078971958919,97344.88112219537
2023-01-03T17:45:00Z,2023-01-03T17:45:00Z,2023-01-03T19:45:00Z,short,0,70,262.87370999999996,264.9392204671967,260.8081995328032,264.96571438924343,stop,-146.44030724704294,0.7000000000000001,-147.14030724704293,-1.0176682338948586,97197.74081494832
2023-01-04T15:30:00Z,2023-01-04T15:30:00Z,2023-01-04T15:30:00Z,long,0,2161,263.72637,263.6589239466702,263.79381605332975,263.63255805427553,stop,-202.72761471051427,21.61,-224.3376147105143,-1.5391848833148989,96973.40320023781
2023-01-04T17:30:00Z,2023-01-04T17:30:00Z,2023-01-04T19:15:00Z,long,0,53,266.82668,264.08788167270035,269.5654783272997,264.0614728845331,stop,-146.55597711974684,0.53,-147.08597711974684,-1.0132937090709986,96826.31722311807
2023-01-05T15:30:00Z,2023-01-05T15:30:00Z,2023-01-06T15:45:00Z,short,0,54,262.883709,265.56467064424476,260.20274735575526,265.5912271113092,stop,-146.20597801069596,0.54,-146.74597801069595,-1.013635580032603,96679.57124510736
2023-01-09T15:30:00Z,2023-01-09T15:30:00Z,2023-01-13T20:15:00Z,long,0,20,273.31732900000003,266.09660625555574,280.5380517444443,280.50999793926985,target,143.85337878539644,0.2,143.65337878539646,0.9947299174166818,96823.22462389276
2023-01-17T19:00:00Z,2023-01-17T19:00:00Z,2023-01-18T14:30:00Z,long,0,83,281.92819,280.19645877499414,283.6599212250058,283.63155523288333,target,141.37931432931862,0.8300000000000001,140.5493143293186,0.9778452963320882,96963.77393822208
2023-01-18T15:30:00Z,2023-01-18T15:30:00Z,2023-01-18T15:45:00Z,long,0,51,283.72837,280.91202130463296,286.544718695367,280.8839301025025,stop,-145.06643477237077,0.51,-145.57643477237076,-1.0135250305450818,96818.1975034497
2023-01-18T18:15:00Z,2023-01-18T18:15:00Z,2023-01-19T15:45:00Z,short,0,39,278.14218300000005,281.80312872628883,274.48123727371126,274.5086853974386,target,141.70640649989537,0.39,141.31640649989538,0.9897709153516107,96959.5139099496
2023-01-24T17:15:00Z,2023-01-24T17:15:00Z,2023-01-24T20:30:00Z,long,0,96,289.008898,287.50278743495824,290.51500856504174,287.47403715621476,stop,-147.3466410033816,0.96,-148.3066410033816,-1.0257287078670743,96811.20726894622
2023-01-25T16:15:00Z,2023-01-25T16:15:00Z,2023-01-26T14:30:00Z,short,0,29,283.501647,288.43744702762615,278.56584697237383,288.46629077232893,stop,-143.9746693975393,0.29,-144.26466939753928,-1.0078697970917319,96666.94259954868
2023-01-26T18:30:00Z,2023-01-26T18:30:00Z,2023-01-27T14:45:00Z,long,0,51,290.859083,288.0547906483977,293.66337535160227,293.6340090140671,target,141.52122671742165,0.51,141.01122671742166,0.9859621135746823,96807.95382626611
2023-01-30T17:00:00Z,2023-01-30T17:00:00Z,2023-02-01T19:00:00Z,short,0,44,292.32076500000005,295.5659690579499,289.0755609420502,295.5955256548557,stop,-144.08946881364818,0.44,-144.52946881364818,-1.0121892479484795,96663.42435745246
2023-02-01T19:30:00Z,2023-02-01T19:30:00Z,2023-02-01T19:30:00Z,long,0,120,294.61945899999995,293.41946083327315,295.81945716672675,293.39011888718983,stop,-147.5208135372145,1.2,-148.7208135372145,-1.0327850051559933,96514.70354391524
2023-02-06T15:30:00Z,2023-02-06T15:30:00Z,2023-02-07T17:45:00Z,short,0,24,302.849712,308.7190784093201,296.9803455906799,308.74995031716105,stop,-141.60571961186497,0.24,-141.84571961186498,-1.0069635979406646,96372.85782430337
2023-02-07T18:30:00Z,2023-02-07T18:30:00Z,2023-02-07T18:30:00Z,long,0,327,304.480445,304.0388531685993,304.92203683140065,304.00844928328246,stop,-154.3425993666275,3.27,-157.6125993666275,-1.0914959979868462,96215.24522493675
2023-02-08T18:15:00Z,2023-02-08T18:15:00Z,2023-02-08T18:30:00Z,short,0,129,305.749422,306.86736777765395,304.631476222346,304.66193936996825,target,140.2852592740931,1.29,138.99525927409312,0.9638058048690383,96354.24048421084
2023-02-08T19:45:00Z,2023-02-08T19:45:00Z,2023-02-09T14:30:00Z,short,0,96,304.62953400000004,306.13069733984196,303.1283706601581,306.16131040957595,stop,-147.05053531928752,0.96,-148.01053531928753,-1.0270543975169717,96206.22994889155
2023-02-09T16:45:00Z,2023-02-09T16:45:00Z,2023-02-09T16:45:00Z,long,0,318,305.73057,305.27751329673976,306.18362670326024,305.2469855454101,stop,-153.7798565595889,3.18,-156.9598565595889,-1.0894540375145436,96049.27009233195
2023-02-09T18:45:00Z,2023-02-09T18:45:00Z,2023-02-09T20:15:00Z,short,0,62,303.75962100000004,306.0673328820842,301.4519091179159,301.4820543088277,target,141.2091348526859,0.62,140.5891348526859,0.9826038981627317,96189.85922718464
2023-02-13T16:45:00Z,2023-02-13T16:45:00Z,2023-02-17T14:45:00Z,long,0,29,304.520449,299.6377105095979,309.40318749040205,299.60774673854695,stop,-142.468365582138,0.29,-142.758365582138,-1.008184704368159,96047.1008616025
2023-02-21T16:45:00Z,2023-02-21T16:45:00Z,2023-02-24T14:45:00Z,short,0,29,295.760421,300.6597873999023,290.8610546000977,290.8901407055577,target,141.23812853882657,0.29,140.94812853882658,0.9920222122067072,96188.04899014134
2023-02-27T16:45:00Z,2023-02-27T16:45:00Z,2023-03-01T15:00:00Z,long,0,62,294.159413,291.8483223077563,296.47050369224365,291.8191374755255,stop,-145.09708251741677,0.62,-145.71708251741677,-1.0169551252844782,96042.33190762393
2023-03-01T16:00:00Z,2023-03-01T16:00:00Z,2023-03-02T14:30:00Z,short,0,52,292.160781,294.9158623570833,289.40569964291666,289.43464021288094,target,141.7593209301906,0.52,141.2393209301906,0.9858659092356162,96183.57122855412
2023-03-02T15:30:00Z,2023-03-02T15:30:00Z,2023-03-02T19:00:00Z,short,0,69,290.100987,292.17841056704884,288.0235634329511,292.20762840810556,stop,-145.35825715928559,0.6900000000000001,-146.04825715928558,-1.0188781150261197,96037.52297139484
2023-03-06T15:45:00Z,2023-03-06T15:45:00Z,2023-03-07T15:00:00Z,long,0,22,303.640361,297.2192627745376,310.0614592254624,297.18954084826015,stop,-141.91804333827633,0.22,-142.13804333827633,-1.0061861577074023,95895.38492805656
2023-03-07T15:30:00Z,2023-03-07T15:30:00Z,2023-03-09T19:00:00Z,short,0,44,297.99019799999996,301.23217459715005,294.7482214028499,294.77769622499017,target,141.35007810043112,0.44,140.91007810043112,0.9878238411174874,96036.295006157
2023-03-13T14:30:00Z,2023-03-13T14:30:00Z,2023-03-13T14:45:00Z,short,0,66,289.031094,291.19963177622554,286.86255622377445,291.22875173940315,stop,-145.04541080060824,0.66,-145.70541080060823,-1.0180397886568973,95890.58959535639
2023-03-13T17:15:00Z,2023-03-13T17:15:00Z,2023-03-13T18:15:00Z,long,0,75,291.769174,289.86757719440106,293.670770805599,293.6414037285184,target,140.41722963887935,0.75,139.66722963887935,0.9792978843019432,96030.25682499527
2023-03-14T15:00:00Z,2023-03-14T15:00:00Z,2023-03-16T14:45:00Z,long,0,32,296.389636,291.92224494981946,300.85702705018053,300.8269413474755,target,141.99377111921604,0.32,141.67377111921604,0.9910270441394611,96171.93059611449
2023-03-16T15:00:00Z,2023-03-16T15:00:00Z,2023-03-17T14:00:00Z,long,0,24,302.13021000000003,296.1347155533625,308.12570444663754,308.0948918761929,target,143.15236502862854,0.24,142.91236502862853,0.9931927932203253,96314.84296114312
2023-03-20T15:00:00Z,2023-03-20T15:00:00Z,2023-03-20T15:00:00Z,short,0,350,304.73952299999996,305.1514307879462,304.32761521205373,305.181945931025,stop,-154.8480258587574,3.5,-158.3480258587574,-1.0983597403700358,96156.49493528437
2023-03-21T17:45:00Z,2023-03-21T17:45:00Z,2023-03-22T14:15:00Z,long,0,58,308.660863,306.2007366802119,311.1209893197881,311.0898772208561,target,140.88282480965484,0.58,140.30282480965482,0.9832886227827765,96296.79776009402
2023-03-22T15:15:00Z,2023-03-22T15:15:00Z,2023-03-22T18:00:00Z,long,0,48,310.99109599999997,308.0185734794281,313.96361852057186,313.9322221587198,target,141.1740556185523,0.48,140.6940556185523,0.9860736591344372,96437.49181571258
2023-03-23T16:30:00Z,2023-03-23T16:30:00Z,2023-03-23T17:45:00Z,long,0,61,313.071304,310.7018735970072,315.4407344029928,310.6708034096475,stop,-146.43053601150382,0.61,-147.04053601150383,-1.0173333588139333,96290.45127970107
2023-03-27T17:30:00Z,2023-03-27T17:30:00Z,2023-03-27T19:00:00Z,short,0,101,308.79911699999997,310.2291593766323,307.3690746233676,310.26018229257,stop,-147.56759454957268,1.01,-148.57759454957267,-1.0286865037064772,96141.8736851515
2023-03-28T15:30:00Z,2023-03-28T15:30:00Z,2023-03-29T13:30:00Z,short,0,46,306.43935300000004,309.51080117938494,303.36790482061514,309.54175225950286,stop,-142.7103659371296,0.46,-143.17036593712962,-1.0133328246892699,95998.70331921437
2023-03-29T15:45:00Z,2023-03-29T15:45:00Z,2023-03-30T14:00:00Z,long,0,31,311.281125,306.68854543392,315.87370456607994,315.84211719562336,target,141.39075806432493,0.31,141.08075806432493,0.9909446597803694,96139.7840772787
2023-04-03T17:15:00Z,2023-04-03T17:15:00Z,2023-04-03T18:45:00Z,short,0,137,317.898207,318.95067673581804,316.845737264182,318.9825718034916,stop,-148.55797807835057,1.37,-149.92797807835058,-1.0398064345679503,95989.85609920035
2023-04-04T14:30:00Z,2023-04-04T14:30:00Z,2023-04-04T16:15:00Z,long,0,65,320.452042,318.2674909856887,322.6365930143113,318.23566423659014,stop,-144.06455462164132,0.65,-144.71455462164133,-1.0191466112828484,95845.14154457871
2023-04-04T18:15:00Z,2023-04-04T18:15:00Z,2023-04-04T18:15:00Z,short,0,1377,319.31806500000005,319.4224158397874,319.2137141602127,319.2456355316287,target,99.73537794735415,13.77,85.96537794735416,0.5982651265536392,95931.10692252607
2023-04-06T14:30:00Z,2023-04-06T14:30:00Z,2023-04-06T15:30:00Z,short,0,111,314.698527,315.98641306911225,313.4106409308878,316.01801171041916,stop,-146.4628028565253,1.11,-147.5728028565253,-1.0322999388723795,95783.53411966955
2023-04-06T17:45:00Z,2023-04-06T17:45:00Z,2023-04-10T13:30:00Z,long,0,56,317.79177599999997,315.2368667933122,320.34668520668777,315.2053431066328,stop,-144.84024202856017,0.56,-145.40024202856017,-1.0162525097058857,95638.133877641
2023-04-10T15:45:00Z,2023-04-10T15:45:00Z,2023-04-10T16:00:00Z,short,0,143,316.118385,317.1157425307798,315.12102746922017,315.1525395719671,target,138.1158962087016,1.43,136.6858962087016,0.9583779121670775,95774.8197738497
2023-04-11T16:15:00Z,2023-04-11T16:15:00Z,2023-04-11T16:30:00Z,short,0,253,316.258371,316.8241438015936,315.6925981984064,315.72416745822625,target,135.15349606876214,2.5300000000000002,132.62349606876214,0.92652658504837,95907.44326991845
2023-04-12T15:30:00Z,2023-04-12T15:30:00Z,2023-04-12T17:00:00Z,short,0,74,314.66853,316.60514620024964,312.7319137997503,316.63680671486964,stop,-145.65247690035483,0.74,-146.39247690035484,-1.021512013900653,95761.0507930181
2023-04-13T16:15:00Z,2023-04-13T16:15:00Z,2023-04-14T13:45:00Z,long,0,58,317.491746,315.0435331717734,319.93995882822657,319.90796483234374,target,140.14069227593802,0.58,139.560692275938,0.9828470811856468,95900.61148529404
2023-04-17T17:15:00Z,2023-04-17T17:15:00Z,2023-04-17T18:45:00Z,short,0,204,317.058291,317.7612761659411,316.35530583405887,317.7930522935577,stop,-149.8913038857729,2.04,-151.9313038857729,-1.0594267555570007,95748.68018140826
2023-04-18T14:45:00Z,2023-04-18T14:45:00Z,2023-04-19T13:30:00Z,long,0,79,318.92188899999996,317.11896381717196,320.72481418282797,317.08725192079027,stop,-144.93632925756623,0.79,-145.72632925756622,-1.0231356779410368,95602.95385215069
2023-04-19T15:00:00Z,2023-04-19T15:00:00Z,2023-04-19T15:45:00Z,short,0,161,317.66823,318.5587680235132,316.7776919764868,318.59062390031556,stop,-148.50541795080665,1.61,-150.11541795080666,-1.047000662180858,95452.83843419989
2023-04-19T17:45:00Z,2023-04-19T17:45:00Z,2023-04-20T13:30:00Z,long,0,121,319.101907,317.92384375490326,320.2799702450967,317.8920513705278,stop,-146.3925311661364,1.21,-147.6025311661364,-1.0354755014634611,95305.23590303375
2023-04-20T16:30:00Z,2023-04-20T16:30:00Z,2023-04-20T16:30:00Z,short,0,274,317.93820300000004,318.45905582036414,317.41735017963595,318.4909017259462,stop,-151.43945090923944,2.74,-154.17945090923945,-1.080341132746059,95151.05645212451
2023-04-24T16:45:00Z,2023-04-24T16:45:00Z,2023-04-25T15:45:00Z,short,0,74,314.658531,316.57903040458206,312.7380315954179,312.76930539857744,target,139.80269450526782,0.74,139.0626945052678,0.9785088175184736,95290.11914662978
2023-04-25T17:00:00Z,2023-04-25T17:00:00Z,2023-04-26T16:00:00Z,short,0,54,312.308766,314.9184342921053,309.6990977078947,314.9499261355345,stop,-142.6226473188633,0.54,-143.1626473188633,-1.0158992786764178,95146.95649931091
2023-04-26T16:30:00Z,2023-04-26T16:30:00Z,2023-04-26T18:15:00Z,long,0,65,314.481445,312.28971780008567,316.67317219991435,312.25848882830564,stop,-144.49215116013363,0.65,-145.14215116013364,-1.0188111785908553,95001.81434815077
2023-04-27T15:45:00Z,2023-04-27T15:45:00Z,2023-04-28T19:45:00Z,long,0,27,317.93179,312.8154179455526,323.04816205444735,322.587738,weekend_close,125.71059600000063,0.27,125.44059600000064,0.9080551512983831,95127.25494415077
2023-05-01T17:45:00Z,2023-05-01T17:45:00Z,2023-05-02T13:30:00Z,long,0,77,323.26232300000004,321.4323755004707,325.0922704995294,321.40023226292067,stop,-143.3809867551115,0.77,-144.15098675511152,-1.0230297522529308,94983.10395739567
2023-05-02T15:30:00Z,2023-05-02T15:30:00Z,2023-05-03T18:30:00Z,short,0,33,318.12818400000003,322.3923814850051,313.86398651499496,322.4246207231536,stop,-141.78241186406848,0.33,-142.1124118640685,-1.0099055539282722,94840.9915455316
2023-05-04T15:00:00Z,2023-05-04T15:00:00Z,2023-05-05T14:00:00Z,short,0,35,316.108386,320.163608772065,312.053163227935,320.1956251329422,stop,-143.05336965297755,0.35000000000000003,-143.40336965297755,-1.0103610487607841,94697.58817587861
2023-05-08T16:45:00Z,2023-05-08T16:45:00Z,2023-05-09T15:00:00Z,long,0,113,322.902287,321.65409858975505,324.15047541024495,321.6219331798961,stop,-144.67998167174363,1.1300000000000001,-145.80998167174363,-1.0337812861527063,94551.77819420687
2023-05-09T16:00:00Z,2023-05-09T16:00:00Z,2023-05-10T13:30:00Z,short,0,102,321.547842,322.9358436142687,320.1598403857313,322.96813719863013,stop,-144.87011026027312,1.02,-145.89011026027313,-1.0304708466666264,94405.8880839466
2023-05-10T15:45:00Z,2023-05-10T15:45:00Z,2023-05-10T17:15:00Z,long,0,58,324.53245,322.09222990506396,326.972670094936,322.06002068207346,stop,-143.4009004397385,0.58,-143.98090043973852,-1.017297301615578,94261.90718350686
2023-05-11T16:15:00Z,2023-05-11T16:15:00Z,2023-05-12T16:15:00Z,long,0,80,325.782575,324.0367700272167,327.52837997278334,324.00436635021396,stop,-142.25669198288415,0.8,-143.05669198288416,-1.0242888969064599,94118.85049152398
2023-05-15T16:15:00Z,2023-05-15T16:15:00Z,2023-05-16T13:45:00Z,long,0,83,326.052602,324.37055417581445,327.7346498241855,327.7018763592031,target,136.8897718138577,0.8300000000000001,136.05977181385768,0.9745706011640078,94254.91026333784
2023-05-16T14:30:00Z,2023-05-16T14:30:00Z,2023-05-17T16:45:00Z,long,0,67,327.76277300000004,325.65687387978016,329.8686721202199,329.8356852530079,target,138.88512095152737,0.67,138.21512095152738,0.9795874043541485,94393.12538428936
2023-05-17T17:00:00Z,2023-05-17T17:00:00Z,2023-05-18T13:30:00Z,long,0,61,330.223019,327.90192586418414,332.5441121358159,332.5108577246023,target,139.55816220074001,0.61,138.94816220074,0.981364637831137,94532.07354649011
2023-05-18T14:45:00Z,2023-05-18T14:45:00Z,2023-05-19T19:45:00Z,long,0,31,334.24342099999996,329.7445814669941,338.74226053300583,336.426354,weekend_close,67.6709230000015,0.31,67.36092300000149,0.4829985564184401,94599.43446949011
2023-05-22T15:00:00Z,2023-05-22T15:00:00Z,2023-05-23T13:30:00Z,long,0,78,337.80377699999997,336.0008349608047,339.60671903919524,335.9672348773086,stop,-143.25028556992572,0.78,-144.03028556992572,-1.024182742732841,94455.40418392018
2023-05-23T15:45:00Z,2023-05-23T15:45:00Z,2023-05-23T16:00:00Z,short,0,224,336.81631500000003,337.4474618112097,336.1851681887904,336.21878670560926,target,133.8463379435325,2.24,131.60633794353248,0.9308900622736607,94587.01052186372
2023-05-23T17:30:00Z,2023-05-23T17:30:00Z,2023-05-24T13:30:00Z,short,0,61,334.786518,337.0806701718491,332.4923658281509,332.52561506473376,target,137.91507905124092,0.61,137.3050790512409,0.981148052377025,94724.31560091495
2023-05-24T14:30:00Z,2023-05-24T14:30:00Z,2023-05-25T13:30:00Z,short,0,25,330.096987,335.6052553864857,324.58871861351435,335.6388159120243,stop,-138.5457228006075,0.25,-138.7957228006075,-1.0079082068051561,94585.51987811434
2023-05-25T15:15:00Z,2023-05-25T15:15:00Z,2023-05-26T16:30:00Z,long,0,16,339.73397,331.3236675583926,348.1442724416074,348.10945801436327,target,134.00780822981233,0.16,133.84780822981233,0.9946714844614325,94719.36768634415
2023-05-30T14:30:00Z,2023-05-30T14:30:00Z,2023-06-02T13:30:00Z,long,0,28,350.73507,345.7523824471072,355.7177575528928,355.68218577713753,target,138.51924175985073,0.28,138.23924175985073,0.9908539768405075,94857.606928104
2023-06-05T14:45:00Z,2023-06-05T14:45:00Z,2023-06-05T18:30:00Z,long,0,68,356.075604,353.99785851473405,358.15334948526595,353.96245872888255,stop,-143.69387843598633,0.68,-144.37387843598634,-1.0218505039108219,94713.23304966801
2023-06-07T16:45:00Z,2023-06-07T16:45:00Z,2023-06-09T13:30:00Z,short,0,36,351.044892,354.9691476977453,347.1206363022547,355.0046446125151,stop,-142.55109405054372,0.36,-142.91109405054374,-1.0115937691817418,94570.32195561746
2023-06-12T15:00:00Z,2023-06-12T15:00:00Z,2023-06-12T17:30:00Z,long,0,92,356.045601,354.51371177811836,357.5774902218816,357.5417324728594,target,137.6440955030664,0.92,136.72409550306642,0.9701298577151738,94707.04605112053
2023-06-12T18:45:00Z,2023-06-12T18:45:00Z,2023-06-13T13:30:00Z,long,0,53,358.495846,355.83963801392406,361.1520539860759,361.11593878067725,target,138.86491737589597,0.53,138.33491737589597,0.9826387068932966,94845.38096849642
2023-06-13T16:15:00Z,2023-06-13T16:15:00Z,2023-06-15T14:00:00Z,long,0,32,362.926289,358.60796532600915,367.24461267399084,367.20788821272345,target,137.01117480715038,0.32,136.6911748071504,0.9891799538907152,94982.07214330357
2023-06-15T14:45:00Z,2023-06-15T14:45:00Z,2023-06-15T18:30:00Z,long,0,41,367.166713,363.72302107895854,370.6104049210415,370.5733438805494,target,139.67186610252367,0.41000000000000003,139.26186610252367,0.986334131632226,95121.33400940608
2023-06-21T15:00:00Z,2023-06-21T15:00:00Z,2023-06-23T19:45:00Z,short,0,29,362.223774,367.0198251442308,357.42772285576916,362.586255,weekend_close,-10.511949000000072,0.29,-10.801949000000072,-0.07766410090268946,95110.53206040608
2023-06-26T17:15:00Z,2023-06-26T17:15:00Z,2023-06-27T17:30:00Z,short,0,30,358.714125,363.4380785223251,353.99017147767495,363.47442233017733,stop,-142.80891990531927,0.3,-143.10891990531928,-1.0098103860745489,94967.42314050076
2023-06-27T17:45:00Z,2023-06-27T17:45:00Z,2023-06-30T13:30:00Z,long,0,39,363.476344,359.8992506235038,367.05343737649616,367.0167320327585,target,138.0751332775826,0.39,137.68513327758262,0.9869432137152093,95105.10827377834
2023-07-05T15:00:00Z,2023-07-05T15:00:00Z,2023-07-06T13:30:00Z,long,0,60,371.63716,369.26869876671617,374.0056212332838,369.2317718968395,stop,-144.32328618962856,0.6,-144.92328618962856,-1.0198132311465316,94960.18498758871
2023-07-06T15:45:00Z,2023-07-06T15:45:00Z,2023-07-07T17:00:00Z,short,0,31,365.723424,370.1900034589529,361.25684454104714,370.2270224592988,stop,-139.61155223826148,0.31,-139.92155223826148,-1.0105268473958597,94820.26343535045
2023-07-10T15:00:00Z,2023-07-10T15:00:00Z,2023-07-12T13:30:00Z,short,0,40,365.383458,368.8814957888994,361.88542021110067,368.91838393847826,stop,-141.39703753912954,0.4,-141.79703753912955,-1.0134041289455706,94678.46639781132
2023-07-12T14:45:00Z,2023-07-12T14:45:00Z,2023-07-14T13:30:00Z,long,0,18,373.957392,366.4042595024936,381.5105244975065,381.47237344505675,target,135.26966601102095,0.18,135.08966601102094,0.9936250221394063,94813.55606382234
2023-07-17T16:15:00Z,2023-07-17T16:15:00Z,2023-07-17T19:15:00Z,long,0,78,381.468143,379.6485602300444,383.2877257699556,383.2493969973786,target,138.9378117955307,0.78,138.1578117955307,0.9734396404631837,94951.71387561788
2023-07-18T17:30:00Z,2023-07-18T17:30:00Z,2023-07-20T14:15:00Z,long,0,39,384.91848799999997,381.26894626347934,388.5680297365206,381.230819368853,stop,-143.819076614731,0.39,-144.20907661473098,-1.0131871062453444,94807.50479900315
2023-07-20T15:45:00Z,2023-07-20T15:45:00Z,2023-07-20T19:00:00Z,short,0,32,381.111885,385.5179589712986,376.70581102870136,376.74348160980423,target,139.7889084862636,0.32,139.46890848626362,0.9891807124861268,94946.97370748941
2023-07-24T17:00:00Z,2023-07-24T17:00:00Z,2023-07-24T17:45:00Z,short,0,147,375.872409,376.83776728290496,374.90705071709505,376.87545105963324,stop,-147.4471827660849,1.47,-148.9171827660849,-1.0493949009115893,94798.05652472332
2023-07-25T15:45:00Z,2023-07-25T15:45:00Z,2023-07-26T14:45:00Z,long,0,48,379.177914,376.2361847970231,382.1196432029769,376.1985611785434,stop,-143.00893542991616,0.48,-143.48893542991615,-1.0161889879025936,94654.5675892934
2023-07-26T15:45:00Z,2023-07-26T15:45:00Z,2023-07-26T18:30:00Z,short,0,64,376.66233,378.8721665721,374.4524934279,378.91005378875724,stop,-143.85432248046345,0.64,-144.49432248046344,-1.0216700263095553,94510.07326681293
2023-07-27T15:00:00Z,2023-07-27T15:00:00Z,2023-07-27T18:30:00Z,long,0,30,381.598156,376.87754480133924,386.3187671986608,376.8398570468591,stop,-142.74896859422768,0.3,-143.0489685942277,-1.0101020296892222,94367.0242982187
2023-08-01T14:30:00Z,2023-08-01T14:30:00Z,2023-08-01T17:00:00Z,short,0,98,381.911805,383.3472167426807,380.47639325731933,383.385551464355,stop,-144.42715350678748,0.98,-145.40715350678747,-1.0336730711036417,94221.61714471191
2023-08-02T15:45:00Z,2023-08-02T15:45:00Z,2023-08-04T19:45:00Z,short,0,18,375.082488,382.71685362762815,367.44812237237187,372.047201,weekend_close,54.63516600000071,0.18,54.45516600000071,0.3962722179629142,94276.07231071191
2023-08-07T16:15:00Z,2023-08-07T16:15:00Z,2023-08-07T18:00:00Z,short,0,131,373.352661,374.42757910490343,372.2777428950966,374.4650218628139,stop,-145.71927302861917,1.31,-147.02927302861917,-1.0441361604145014,94129.0430376833
2023-08-08T15:45:00Z,2023-08-08T15:45:00Z,2023-08-10T13:45:00Z,short,0,30,369.223074,373.90952148612627,364.5366265138737,373.94691243827486,stop,-141.71515314824603,0.3,-142.01515314824604,-1.010112340379124,93987.02788453505
2023-08-10T18:00:00Z,2023-08-10T18:00:00Z,2023-08-11T19:45:00Z,short,0,38,367.203276,370.8556594785044,363.55089252149565,366.24662099999995,weekend_close,36.35289000000262,0.38,35.972890000002614,0.2591882822741605,94023.00077453506
2023-08-14T16:30:00Z,2023-08-14T16:30:00Z,2023-08-15T19:15:00Z,long,0,70,368.48684499999996,366.48321201893305,370.4904779810669,366.44656369773116,stop,-142.81969115881566,0.7000000000000001,-143.51969115881565,-1.0232818693057453,93879.48108337625
2023-08-16T16:45:00Z,2023-08-16T16:45:00Z,2023-08-17T13:45:00Z,short,0,54,364.76352,367.3453586787031,362.18168132129694,362.21789948942904,target,137.46350757083314,0.54,136.92350757083315,0.9820987389671747,94016.40459094707
2023-08-21T15:00:00Z,2023-08-21T15:00:00Z,2023-08-21T17:15:00Z,long,0,59,360.20601700000003,357.83024326130356,362.5817907386965,362.54553255962264,target,138.0314180177341,0.59,137.4414180177341,0.9805292152529493,94153.84600896481
2023-08-21T17:30:00Z,2023-08-21T17:30:00Z,2023-08-22T13:30:00Z,long,0,40,362.646261,359.1616955570077,366.13082644299226,366.09421336034796,target,137.91809441391933,0.4,137.51809441391933,0.9866229854462809,94291.36410337873
2023-08-22T14:30:00Z,2023-08-22T14:30:00Z,2023-08-23T14:30:00Z,long,0,41,364.63646,361.23046292518177,368.04245707481823,368.0056528291108,target,138.1369059935417,0.41000000000000003,137.7269059935417,0.986258283645192,94429.09100937226
2023-08-23T15:00:00Z,2023-08-23T15:00:00Z,2023-08-24T15:45:00Z,long,0,26,368.706867,363.4484712021101,373.96526279788986,363.4121263549899,stop,-137.66325677026282,0.26,-137.9232567702628,-1.008813495389379,94291.167752602
2023-08-24T16:30:00Z,2023-08-24T16:30:00Z,2023-08-25T14:45:00Z,short,0,32,364.353561,368.7362781839185,359.9708438160815,360.00684090046315,target,139.09504318517975,0.32,138.77504318517975,0.9895048933227093,94429.94279578718
2023-08-28T18:00:00Z,2023-08-28T18:00:00Z,2023-08-28T18:30:00Z,long,0,208,364.926489,364.2465954200522,365.6063825799478,365.56982194168984,target,133.8132518714856,2.08,131.73325187148558,0.9315177556735349,94561.67604765866
2023-08-30T15:00:00Z,2023-08-30T15:00:00Z,2023-09-01T13:30:00Z,long,0,35,376.31762799999996,372.33025651490163,380.3049994850983,380.2669689851498,target,138.2269344802441,0.35000000000000003,137.8769344802441,0.9879543453305039,94699.5529821389
2023-09-05T17:00:00Z,2023-09-05T17:00:00Z,2023-09-06T13:30:00Z,long,0,98,378.527849,377.084012996835,379.971685003165,377.04630459553533,stop,-145.19135163753776,0.98,-146.17135163753775,-1.0330428117840753,94553.38163050138
2023-09-06T15:45:00Z,2023-09-06T15:45:00Z,2023-09-07T13:30:00Z,short,0,39,374.612535,378.1995523345943,371.0255176654057,371.0626202171722,target,138.44667653028358,0.39,138.0566765302836,0.986868602135753,94691.43830703165
2023-09-07T14:30:00Z,2023-09-07T14:30:00Z,2023-09-08T19:45:00Z,short,0,31,370.402956,374.94348074122627,365.86243125877377,372.587255,weekend_close,-67.71326900000031,0.31,-68.02326900000031,-0.4832699137341118,94623.41503803166
2023-09-11T15:45:00Z,2023-09-11T15:45:00Z,2023-09-11T17:30:00Z,long,0,79,374.58745500000003,372.80694464266986,376.3679653573302,376.3303285607945,target,137.6870113027627,0.79,136.8970113027627,0.9732454257625676,94760.31204933442
2023-09-11T17:45:00Z,2023-09-11T17:45:00Z,2023-09-12T15:00:00Z,long,0,51,376.327629,373.5497985460714,379.10545945392863,373.51244356621675,stop,-143.57445712294606,0.51,-144.08445712294605,-1.017047469469439,94616.22759221148
2023-09-12T16:45:00Z,2023-09-12T16:45:00Z,2023-09-12T18:45:00Z,short,0,111,374.482548,375.7553054337584,373.2097905662416,373.24711154529825,target,137.13344647189484,1.11,136.02344647189483,0.9628201118284617,94752.25103868337
2023-09-13T17:15:00Z,2023-09-13T17:15:00Z,2023-09-13T18:45:00Z,long,0,102,375.26752300000004,373.8761866044114,376.6588593955887,373.83879898575094,stop,-145.72984945340806,1.02,-146.74984945340807,-1.0340590663844331,94605.50118922997
2023-09-14T15:45:00Z,2023-09-14T15:45:00Z,2023-09-15T13:30:00Z,long,0,73,376.417638,374.4860654125132,378.3492105874868,374.44861680597194,stop,-143.73854716404935,0.73,-144.46854716404934,-1.0245647545676742,94461.03264206591
2023-09-20T14:30:00Z,2023-09-20T14:30:00Z,2023-09-20T15:15:00Z,long,0,160,369.876984,368.994321733655,370.759646266345,368.95742230148164,stop,-147.1298717629361,1.6,-148.72987176293609,-1.0531340626665304,94312.30277030298
2023-09-25T14:45:00Z,2023-09-25T14:45:00Z,2023-09-26T14:15:00Z,short,0,52,357.37425900000005,360.0477176220641,354.700800377936,354.7362704579738,target,137.17540418536646,0.52,136.65540418536645,0.9829920389780795,94448.95817448835
2023-09-26T14:30:00Z,2023-09-26T14:30:00Z,2023-09-27T17:15:00Z,short,0,43,355.58443800000003,358.8248781553376,352.34399784466245,352.37923224444694,target,137.8238474887831,0.43,137.39384748878308,0.9860406618804619,94586.35202197713
2023-09-28T15:30:00Z,2023-09-28T15:30:00Z,2023-09-29T13:30:00Z,long,0,43,357.355732,354.1038844700916,360.6075795299084,360.57151877195537,target,138.2788311940813,0.43,137.8488311940813,0.9858355111888326,94724.2008531712
2023-10-02T15:45:00Z,2023-10-02T15:45:00Z,2023-10-02T17:00:00Z,long,0,70,360.69606600000003,358.6742406219831,362.717891378017,358.6383731979209,stop,-144.0384961455402,0.7000000000000001,-144.73849614554018,-1.0226861451839016,94579.46235702567
2023-10-02T18:30:00Z,2023-10-02T18:30:00Z,2023-10-02T19:15:00Z,short,0,130,358.744122,359.82980634266113,357.6584376573389,359.8657893232954,stop,-145.81675202840358,1.3,-147.1167520284036,-1.0423539134050495,94432.34560499726
2023-10-03T16:15:00Z,2023-10-03T16:15:00Z,2023-10-04T19:15:00Z,short,0,36,355.694427,359.62744536270384,351.7614086372962,359.6634081072401,stop,-142.8833198606435,0.36,-143.2433198606435,-1.0116863793396276,94289.10228513661
2023-10-05T16:30:00Z,2023-10-05T16:30:00Z,2023-10-05T16:30:00Z,short,0,273,357.604236,358.1205435041145,357.08792849588554,357.1236372887351,target,131.20344817532254,2.73,128.47344817532255,0.9114698266337289,94417.57573331194
2023-10-09T18:15:00Z,2023-10-09T18:15:00Z,2023-10-10T15:00:00Z,long,0,37,366.446641,362.65140046972107,370.24188153027893,370.20485734212593,target,139.05400465865955,0.37,138.68400465865955,0.9876096948855198,94556.2597379706
2023-10-11T15:00:00Z,2023-10-11T15:00:00Z,2023-10-11T17:15:00Z,long,0,65,370.76707300000004,368.5999141408828,372.9342318591173,368.5630541494687,stop,-143.26122528453624,0.65,-143.91122528453624,-1.0216227763908197,94412.34851268606
2023-10-16T16:00:00Z,2023-10-16T16:00:00Z,2023-10-17T13:30:00Z,long,0,55,368.93688999999995,366.40194116210483,371.47183883789506,366.3653009679886,stop,-141.43739676062324,0.55,-141.98739676062326,-1.0183988699965023,94270.36111592544
2023-10-18T14:30:00Z,2023-10-18T14:30:00Z,2023-10-18T17:45:00Z,short,0,67,366.273369,368.3669709771661,364.1797670228339,364.2161849995362,target,137.83132803107407,0.67,137.16132803107408,0.977828652624255,94407.5224439565
2023-10-19T16:00:00Z,2023-10-19T16:00:00Z,2023-10-19T16:00:00Z,short,0,96,363.55364099999997,365.0248383608841,362.08244363911587,365.0613408447202,stop,-144.7391850931399,0.96,-145.6991850931399,-1.0316085965571316,94261.82325886337
2023-10-23T17:45:00Z,2023-10-23T17:45:00Z,2023-10-23T19:30:00Z,long,0,56,358.33583,355.8479508405819,360.82370915941806,355.81236604549787,stop,-141.3139814521187,0.56,-141.8739814521187,-1.0183227529003904,94119.94927741124
2023-10-24T16:00:00Z,2023-10-24T16:00:00Z,2023-10-24T16:15:00Z,long,0,88,358.595856,356.99316236798114,360.1985496320189,356.95746305174436,stop,-144.17857944649904,0.88,-145.05857944649904,-1.0285140686428138,93974.89069796474
2023-10-25T16:00:00Z,2023-10-25T16:00:00Z,2023-10-26T13:45:00Z,short,0,28,352.754721,357.6667263150878,347.84271568491226,347.87749995648073,target,136.56218921853997,0.28,136.28218921853997,0.9908826907351037,94111.17288718329
2023-10-26T14:45:00Z,2023-10-26T14:45:00Z,2023-10-27T19:45:00Z,short,0,22,346.635333,352.8381912012433,340.4324747987567,345.454542,weekend_close,25.977401999999984,0.22,25.757401999999985,0.18875024416410535,94136.93028918329
2023-10-30T15:45:00Z,2023-10-30T15:45:00Z,2023-10-30T18:30:00Z,long,0,73,347.664763,345.73255384703856,349.5969721529614,349.5620124557461,target,138.49921026946782,0.73,137.76921026946783,0.976731454177002,94274.69949945276
2023-10-31T18:00:00Z,2023-10-31T18:00:00Z,2023-11-01T13:45:00Z,long,0,60,350.68506499999995,348.3551960465996,353.0149339534003,352.979632460005,target,137.6740476003033,0.6,137.07404760030332,0.9805562053912118,94411.77354705306
2023-11-01T14:30:00Z,2023-11-01T14:30:00Z,2023-11-02T13:30:00Z,long,0,27,354.425439,349.2330933269329,359.6177846730671,359.5818228945998,target,139.22236515419456,0.27,138.95236515419455,0.991148166674319,94550.72591220726
2023-11-07T15:30:00Z,2023-11-07T15:30:00Z,2023-11-10T17:30:00Z,long,0,35,371.827179,367.88096318058246,375.77339481941755,375.73581747993563,target,136.80234679774713,0.35000000000000003,136.45234679774714,0.9879435536070261,94687.178259005
2023-11-13T17:45:00Z,2023-11-13T17:45:00Z,2023-11-14T14:30:00Z,long,0,101,377.477744,376.0765284138184,378.87895958618157,378.841071690223,target,137.69609671252323,1.01,136.68609671252324,0.9658240341951319,94823.86435571752
2023-11-14T15:30:00Z,2023-11-14T15:30:00Z,2023-11-17T20:45:00Z,long,0,17,385.43854,377.14200390813687,393.7350760918631,386.021394,weekend_close,9.908517999999958,0.17,9.738517999999958,0.06904737033107441,94833.60287371752
2023-11-20T16:00:00Z,2023-11-20T16:00:00Z,2023-11-22T14:30:00Z,long,0,50,388.628859,385.8184229674075,391.43929503259244,391.4001511030892,target,138.56460515445974,0.5,138.06460515445974,0.9825137704849536,94971.66747887198
2023-11-22T16:00:00Z,2023-11-22T16:00:00Z,2023-11-28T14:45:00Z,long,0,79,389.908987,388.1239924954049,391.6939815045952,388.08518009615534,stop,-144.08074540373002,0.79,-144.87074540373,-1.0273459661213957,94826.79673346825
2023-11-29T16:30:00Z,2023-11-29T16:30:00Z,2023-11-29T17:15:00Z,long,0,154,390.269023,389.348199945889,391.189846054111,391.1507270695056,target,135.78242670386055,1.54,134.24242670386056,0.9466575208058506,94961.0391601721
2023-12-04T16:45:00Z,2023-12-04T16:45:00Z,2023-12-06T14:30:00Z,short,0,28,384.021594,389.0036534424836,379.0395345575164,389.04255380782786,stop,-140.5868746191802,0.28,-140.8668746191802,-1.0098152914289364,94820.17228555292
2023-12-06T19:30:00Z,2023-12-06T19:30:00Z,2023-12-06T20:45:00Z,short,0,126,386.131383,387.2562403750117,385.00652562498834,385.04502627755085,target,136.8809470285969,1.26,135.6209470285969,0.95688284253637,94955.79323258152
2023-12-07T17:00:00Z,2023-12-07T17:00:00Z,2023-12-08T20:45:00Z,long,0,37,390.329029,386.57471706123766,394.0833409387623,392.11078499999996,weekend_close,65.924971999999,0.37,65.554971999999,0.47192562283038797,95021.34820458152
2023-12-11T15:45:00Z,2023-12-11T15:45:00Z,2023-12-12T15:00:00Z,long,0,56,393.719368,391.17963624801143,396.2590997519885,396.2194738420133,target,140.00592715274706,0.56,139.44592715274706,0.9804601765771742,95160.79413173426
2023-12-12T16:15:00Z,2023-12-12T16:15:00Z,2023-12-13T14:30:00Z,long,0,55,396.879684,394.30311604060745,399.45625195939255,399.41630633419663,target,139.51422838081498,0.55,138.96422838081497,0.9806154442719657,95299.75836011508
2023-12-14T15:30:00Z,2023-12-14T15:30:00Z,2023-12-15T20:45:00Z,long,0,30,404.350431,399.69033423933035,409.0105277606697,404.899506,weekend_close,16.47224999999878,0.3,16.17224999999878,0.11567892850415702,95315.93061011509
2023-12-18T15:30:00Z,2023-12-18T15:30:00Z,2023-12-19T14:30:00Z,long,0,81,406.31062699999995,404.54824437885367,408.07300962114624,408.0322023201841,target,139.44760093491794,0.81,138.63760093491794,0.9711712426390877,95454.56821105
2023-12-19T16:15:00Z,2023-12-19T16:15:00Z,2023-12-20T19:45:00Z,long,0,68,408.870883,406.7754068528132,410.9663591471868,406.7347293121279,stop,-145.25845077530153,0.68,-145.93845077530153,-1.02418426034261,95308.6297602747
2023-12-21T18:15:00Z,2023-12-21T18:15:00Z,2023-12-21T20:15:00Z,short,0,74,405.339462,407.2482141948407,403.4307098051593,407.2889390162602,stop,-144.26129920325297,0.74,-145.00129920325298,-1.026574859511141,95163.62846107145
2023-12-26T16:00:00Z,2023-12-26T16:00:00Z,2023-12-27T18:00:00Z,long,0,82,410.000996,408.2668646238648,411.73512737613515,411.69395386339755,target,138.82254479860046,0.8200000000000001,138.00254479860047,0.9704904060662058,95301.63100587005
2023-12-27T18:15:00Z,2023-12-27T18:15:00Z,2023-12-27T19:00:00Z,long,0,140,411.381134,410.3661527930198,412.39611520698014,410.3251161777405,stop,-147.8424951163288,1.4000000000000001,-149.2424951163288,-1.050283310595643,95152.38851075372
2023-12-28T16:15:00Z,2023-12-28T16:15:00Z,2023-12-29T15:30:00Z,long,0,109,412.031199,410.7231688396211,413.3392291603789,410.68209652273714,stop,-147.05217002165335,1.09,-148.14217002165336,-1.0390452135057613,95004.24634073206
2024-01-02T16:30:00Z,2024-01-02T16:30:00Z,2024-01-04T14:30:00Z,short,0,22,403.50964500000003,409.8125362264393,397.20675377356076,397.2464744489381,target,137.78975212336252,0.22,137.56975212336252,0.9921114495568683,95141.81609285543
2024-01-04T18:30:00Z,2024-01-04T18:30:00Z,2024-01-04T19:30:00Z,short,0,136,397.970199,399.0157296661449,396.92466833385504,396.96436080068844,target,136.7939951063695,1.36,135.43399510636948,0.9524715358023634,95277.2500879618
2024-01-08T17:00:00Z,2024-01-08T17:00:00Z,2024-01-10T14:30:00Z,long,0,30,402.010197,397.32346464805556,406.69692935194445,406.65625965900927,target,139.3818797702778,0.3,139.0818797702778,0.9891886949946778,95416.33196773208
2024-01-10T15:45:00Z,2024-01-10T15:45:00Z,2024-01-11T14:30:00Z,long,0,57,407.220718,404.7491716879965,409.69226431200343,409.65129508557226,target,138.54289387762003,0.5700000000000001,137.97289387762004,0.9793775960484201,95554.30486160971
2024-01-11T17:45:00Z,2024-01-11T17:45:00Z,2024-01-11T18:45:00Z,short,0,74,406.01939400000003,407.9490324978578,404.0897555021423,407.98982740110756,stop,-145.81207168195704,0.74,-146.55207168195705,-1.0263235332971263,95407.75278992775
2024-01-16T19:30:00Z,2024-01-16T19:30:00Z,2024-01-16T20:45:00Z,short,0,82,407.649231,409.3797200208712,405.91874197912875,409.4206579928733,stop,-145.25701341561307,0.8200000000000001,-146.07701341561307,-1.0294355938626254,95261.67577651213
2024-01-17T16:00:00Z,2024-01-17T16:00:00Z,2024-01-18T14:30:00Z,short,0,36,404.819514,408.7560810703902,400.88294692960983,408.7969566784973,stop,-143.18793642590117,0.36,-143.54793642590118,-1.0129238514668608,95118.12784008622
2024-01-18T16:00:00Z,2024-01-18T16:00:00Z,2024-01-19T17:30:00Z,long,0,23,411.96119200000004,405.7583787119276,418.1640052880725,418.12218888754364,target,141.7029284135029,0.23,141.4729284135029,0.9916463065834226,95259.60076849973
2024-01-22T15:30:00Z,2024-01-22T15:30:00Z,2024-01-24T15:15:00Z,long,0,27,422.432239,417.16643090575826,427.6980470942417,427.6552772895323,target,141.0220338173728,0.27,140.7520338173728,0.9899787831677536,95400.35280231711
2024-01-24T18:45:00Z,2024-01-24T18:45:00Z,2024-01-25T18:45:00Z,long,0,49,427.852781,424.9855779119779,430.7199840880221,424.9430793541867,stop,-142.5753806448517,0.49,-143.0653806448517,-1.018310024152285,95257.28742167226
2024-01-25T19:45:00Z,2024-01-25T19:45:00Z,2024-01-26T20:45:00Z,short,0,51,424.747521,427.53229710726225,421.96274489273776,423.81237699999997,weekend_close,47.69234400000187,0.51,47.18234400000187,0.3322148583462098,95304.46976567226
2024-01-29T19:00:00Z,2024-01-29T19:00:00Z,2024-01-29T19:30:00Z,long,0,156,425.292525,424.37766367196895,426.2073863280311,426.16476558939826,target,136.0695319461263,1.56,134.5095319461263,0.9424822789853095,95438.97929761838
2024-01-30T19:30:00Z,2024-01-30T19:30:00Z,2024-01-31T14:30:00Z,short,0,121,425.197476,426.37377299088337,424.0211790091166,424.0635811270175,target,137.20127963087845,1.21,135.99127963087844,0.9554516263264831,95574.97057724926
2024-01-31T15:30:00Z,2024-01-31T15:30:00Z,2024-02-02T14:45:00Z,short,0,21,418.99809600000003,425.76596345796446,412.2302285420356,425.80854005431024,stop,-143.0193251405144,0.21,-143.22932514051442,-1.0077685617622298,95431.74125210874
2024-02-05T19:30:00Z,2024-02-05T19:30:00Z,2024-02-06T15:00:00Z,long,0,93,428.872883,427.34425059732166,430.40151540267834,427.3015161722619,stop,-146.13711497964096,0.93,-147.06711497964096,-1.034497780478379,95284.6741371291
2024-02-06T17:15:00Z,2024-02-06T17:15:00Z,2024-02-07T14:30:00Z,short,0,49,425.45745,428.3551505971054,422.55974940289457,428.39798611216514,stop,-144.08626949609226,0.49,-144.57626949609227,-1.0182336005012043,95140.09786763301
2024-02-07T16:00:00Z,2024-02-07T16:00:00Z,2024-02-09T18:15:00Z,long,0,27,431.873183,426.73190112021143,437.01446487978853,436.97076343330053,target,137.63467169911485,0.27,137.36467169911484,0.9895548527111278,95277.46253933213
2024-02-12T16:45:00Z,2024-02-12T16:45:00Z,2024-02-12T18:30:00Z,long,0,54,438.823878,436.21232699610067,441.4354290038993,436.1687057634011,stop,-143.37930077634064,0.54,-143.91930077634063,-1.0205323321733064,95133.5432385558
2024-02-14T17:00:00Z,2024-02-14T17:00:00Z,2024-02-14T17:00:00Z,long,0,192,429.832979,429.09166092335164,430.5742970766484,429.0487517572593,stop,-150.5716306062168,1.92,-152.49163060621677,-1.0713717468371198,94981.05160794957
2024-02-14T19:00:00Z,2024-02-14T19:00:00Z,2024-02-14T20:30:00Z,long,0,98,431.223118,429.7740020355617,432.6722339644383,432.6289667410419,target,137.77317662210555,0.98,136.79317662210556,0.9632415729978797,95117.84478457167
2024-02-15T18:30:00Z,2024-02-15T18:30:00Z,2024-02-16T14:45:00Z,long,0,45,434.76347200000004,431.63264184781366,437.8943021521864,431.5894785836289,stop,-142.82970373670224,0.45,-143.27970373670223,-1.0169805647705474,94974.56508083497
2024-02-20T15:45:00Z,2024-02-20T15:45:00Z,2024-02-22T14:30:00Z,short,0,17,425.217474,433.14532579519744,417.2896222048025,433.18864032777697,stop,-135.50982757220874,0.17,-135.67982757220872,-1.0067249658491126,94838.88525326276
2024-02-22T16:45:00Z,2024-02-22T16:45:00Z,2024-02-23T20:45:00Z,long,0,11,436.403636,424.5476461355063,448.2596258644937,436.706325,weekend_close,3.3295789999998533,0.11,3.2195789999998534,0.02468701503166182,94842.10483226276
2024-02-26T17:45:00Z,2024-02-26T17:45:00Z,2024-02-26T18:15:00Z,long,0,206,437.953791,437.2645100877311,438.64307191226897,437.22078363672233,stop,-150.99951683520476,2.06,-153.05951683520476,-1.0779456532923528,94689.04531542756
2024-02-27T16:15:00Z,2024-02-27T16:15:00Z,2024-02-27T16:15:00Z,short,0,285,437.196276,437.69430399489414,436.6982480051059,436.7419178299064,target,129.49207847667566,2.85,126.64207847667566,0.8922353254219366,94815.68739390424
2024-02-27T17:30:00Z,2024-02-27T17:30:00Z,2024-02-27T17:45:00Z,short,0,155,436.586337,437.4994761594446,435.6731978405554,435.7167651603395,target,134.78363514738106,1.55,133.23363514738105,0.941337178205504,94948.92102905162
2024-02-28T16:45:00Z,2024-02-28T16:45:00Z,2024-02-28T17:00:00Z,short,0,257,436.506345,437.0597249703135,435.95296502968654,435.9965603261895,target,131.01466116929498,2.57,128.444661169295,0.9031491933605303,95077.36569022092
2024-02-28T19:30:00Z,2024-02-28T19:30:00Z,2024-02-29T14:30:00Z,short,0,110,435.05649000000005,436.34896142619175,433.76401857380836,436.3925963223344,stop,-146.9716954567764,1.1,-148.07169545677638,-1.0414979357034386,94929.29399476414
2024-02-29T16:45:00Z,2024-02-29T16:45:00Z,2024-02-29T16:45:00Z,long,0,516,435.99359499999997,435.71802859892586,436.2691614010741,435.67445679606595,stop,-164.67531322995274,5.16,-169.83531322995273,-1.1944061491208164,94759.45868153419
2024-02-29T18:45:00Z,2024-02-29T18:45:00Z,2024-02-29T20:45:00Z,long,0,84,438.183814,436.51117619845013,439.85645180154984,439.8124661563697,target,136.8067811350545,0.84,135.9667811350545,0.9677242466180456,94895.42546266924
2024-03-05T16:30:00Z,2024-03-05T16:30:00Z,2024-03-07T16:15:00Z,short,0,16,436.576338,445.0833126335327,428.0693633664673,445.12782096479606,stop,-136.8237274367366,0.16,-136.9837274367366,-1.0064074872221282,94758.44173523251
2024-03-07T16:45:00Z,2024-03-07T16:45:00Z,2024-03-08T18:00:00Z,long,0,24,445.064502,439.18399429182364,450.94500970817637,439.14007589239446,stop,-142.18622658253298,0.24,-142.426226582533,-1.0091690041242876,94616.01550864997
2024-03-12T16:15:00Z,2024-03-12T16:15:00Z,2024-03-14T14:00:00Z,long,0,33,442.20421600000003,438.0070237710464,446.40140822895364,437.9632230686693,stop,-139.9527667339134,0.33,-140.2827667339134,-1.0128182602659852,94475.73274191606
2024-03-14T15:00:00Z,2024-03-14T15:00:00Z,2024-03-14T17:00:00Z,short,0,92,439.716024,441.2447044194026,438.1873435805974,438.2311623149555,target,136.60727502409463,0.92,135.68727502409465,0.9647939924689412,94611.42001694016
2024-03-18T15:45:00Z,2024-03-18T15:45:00Z,2024-03-19T13:30:00Z,long,0,32,439.483944,435.10067618572896,443.86721181427106,435.0571661181104,stop,-141.65689222046785,0.32,-141.97689222046785,-1.012207802462891,94469.44312471969
2024-03-19T15:45:00Z,2024-03-19T15:45:00Z,2024-03-19T16:45:00Z,short,0,55,435.54644099999996,438.1106461463054,432.98223585369453,438.15445721092,stop,-143.4408916006015,0.55,-143.99089160060151,-1.0209854756325305,94325.4522331191
2024-03-19T18:45:00Z,2024-03-19T18:45:00Z,2024-03-20T18:00:00Z,long,0,58,438.803876,436.38174584869046,441.22600615130955,441.1818835506944,target,137.92443794027554,0.58,137.34443794027553,0.9776549577297166,94462.79667105938
2024-03-25T15:00:00Z,2024-03-25T15:00:00Z,2024-03-26T13:30:00Z,short,0,106,445.04549099999997,446.3721231801234,443.7188588198765,446.4167603924414,stop,-145.354555598792,1.06,-146.414555598792,-1.0411848989769685,94316.38211546058
2024-03-26T15:00:00Z,2024-03-26T15:00:00Z,2024-03-26T16:45:00Z,long,0,210,446.194615,445.5217369656273,446.86749303437267,445.47718479193077,stop,-150.6603436945386,2.1,-152.7603436945386,-1.0810729001540644,94163.62177176605
2024-03-28T15:30:00Z,2024-03-28T15:30:00Z,2024-04-01T13:30:00Z,long,0,96,444.94449,443.4831167311022,446.40586326889775,446.3612226825709,target,136.00633752680733,0.96,135.04633752680732,0.962610109621017,94298.66810929285
2024-04-01T14:30:00Z,2024-04-01T14:30:00Z,2024-04-01T15:00:00Z,long,0,79,445.874583,444.08827918526106,447.6608868147389,444.04387035734254,stop,-144.62629876993708,0.79,-145.41629876993707,-1.0304588880511734,94153.25181052291
2024-04-01T17:15:00Z,2024-04-01T17:15:00Z,2024-04-01T19:45:00Z,short,0,139,443.965599,444.97515719491815,442.95604080508184,445.01965471063767,stop,-146.51374377863607,1.3900000000000001,-147.90374377863606,-1.053981549546959,94005.34806674428
2024-04-02T15:45:00Z,2024-04-02T15:45:00Z,2024-04-04T13:30:00Z,short,0,28,439.266069,444.13210181662066,434.40003618337937,444.1765150268023,stop,-137.49248875046374,0.28,-137.77248875046374,-1.0111822530246353,93867.57557799382
2024-04-04T15:45:00Z,2024-04-04T15:45:00Z,2024-04-04T18:15:00Z,long,0,41,445.894585,442.53089194226084,449.2582780577392,442.4866388530666,stop,-139.7257920242693,0.41000000000000003,-140.1357920242693,-1.016129024932701,93727.43978596955
2024-04-08T18:00:00Z,2024-04-08T18:00:00Z,2024-04-08T18:15:00Z,short,0,403,440.85591,441.20441610694155,440.50740389305844,441.24853654855224,stop,-158.22849906655415,4.03,-162.25849906655415,-1.1552926635508367,93565.181286903
2024-04-09T16:45:00Z,2024-04-09T16:45:00Z,2024-04-09T16:45:00Z,short,0,297,440.62593300000003,441.097768627708,440.1540973722921,440.1981127820293,target,127.06260473731209,2.97,124.09260473731209,0.8855207055906494,93689.2738916403
2024-04-10T15:00:00Z,2024-04-10T15:00:00Z,2024-04-11T13:30:00Z,short,0,49,437.446251,440.2580879733407,434.63441402665933,440.30211378213806,stop,-139.9372763247643,0.49,-140.4272763247643,-1.0192137059543571,93548.84661531555
2024-04-11T15:30:00Z,2024-04-11T15:30:00Z,2024-04-11T17:00:00Z,long,0,72,439.853981,437.90913366493237,441.7988283350676,441.7546484522341,target,136.84805656085746,0.72,136.12805656085746,0.972141832494224,93684.9746718764
2024-04-15T17:45:00Z,2024-04-15T17:45:00Z,2024-04-18T13:30:00Z,short,0,18,431.73682199999996,439.26863350080504,424.2050104991949,424.2474310002448,target,134.80903799559337,0.18,134.62903799559336,0.9930401204219879,93819.603709872
2024-04-18T18:15:00Z,2024-04-18T18:15:00Z,2024-04-19T14:15:00Z,short,0,36,423.447651,427.3161167232613,419.5791852767387,419.62114319526637,target,137.75428097041095,0.36,137.39428097041093,0.9865688564292474,93956.99799084241
2024-04-22T16:00:00Z,2024-04-22T16:00:00Z,2024-04-22T16:15:00Z,short,0,136,416.37835800000005,417.41072349872195,415.34599250127815,417.4524645710718,stop,-146.0784936657583,1.36,-147.4384936657583,-1.0501189476148782,93809.55949717665
2024-04-22T16:30:00Z,2024-04-22T16:30:00Z,2024-04-22T17:00:00Z,short,0,188,416.548341,417.29556567016823,415.80111632983176,417.33729522673525,stop,-148.32339462622826,1.8800000000000001,-150.20339462622826,-1.069228919536842,93659.35610255043
2024-04-22T18:45:00Z,2024-04-22T18:45:00Z,2024-04-23T14:15:00Z,long,0,36,420.25202099999996,416.37164252577446,424.13239947422545,424.08998623427806,target,138.16674843401165,0.36,137.80674843401164,0.9864927505665912,93797.16285098444
2024-04-23T14:45:00Z,2024-04-23T14:45:00Z,2024-04-26T14:00:00Z,long,0,22,424.362432,417.99067077280824,430.7341932271918,430.6911198078691,target,139.2311317731196,0.22,139.01113177311962,0.991670526024076,93936.17398275757
2024-04-29T17:30:00Z,2024-04-29T17:30:00Z,2024-04-29T19:00:00Z,long,0,68,433.223318,431.17792661325024,435.2687093867498,431.1348088205889,stop,-142.0186241999561,0.68,-142.6986241999561,-1.0259695005100005,93793.47535855761
2024-04-30T16:00:00Z,2024-04-30T16:00:00Z,2024-04-30T19:45:00Z,short,0,53,429.387057,431.9933894103894,426.78072458961066,426.8234026620696,target,135.87367991031203,0.53,135.34367991031203,0.9797884290396078,93928.81903846792
2024-05-02T16:00:00Z,2024-05-02T16:00:00Z,2024-05-02T16:00:00Z,short,0,2666,424.777518,424.8303614173858,424.72467458261417,424.87284445352753,stop,-254.14032510444292,26.66,-280.80032510444295,-1.9931802055598982,93648.01871336348
2024-05-06T14:45:00Z,2024-05-06T14:45:00Z,2024-05-10T13:30:00Z,long,0,31,437.983794,433.55404123703846,442.4135467629615,442.36930540828524,target,135.95085365684287,0.31,135.64085365684286,0.9877552185011764,93783.65956702032
2024-05-13T17:30:00Z,2024-05-13T17:30:00Z,2024-05-14T14:15:00Z,long,0,167,443.104306,442.26263289735243,443.9459791026476,443.90158450473734,target,133.14551029113494,1.67,131.47551029113495,0.9353732491401512,93915.13507731145
2024-05-15T18:30:00Z,2024-05-15T18:30:00Z,2024-05-17T19:45:00Z,long,0,28,452.68526399999996,447.7502289221948,457.6202990778051,451.724823,weekend_close,-26.892347999998492,0.28,-27.172347999998493,-0.1966431818011617,93887.96272931146
2024-05-20T15:30:00Z,2024-05-20T15:30:00Z,2024-05-23T13:30:00Z,long,0,44,454.64546,451.496576314577,457.79434368542303,457.7485642510545,target,136.53658704639815,0.44,136.09658704639816,0.9822859654592104,94024.05931635786
2024-05-23T15:45:00Z,2024-05-23T15:45:00Z,2024-05-23T17:30:00Z,long,0,37,459.00589599999995,455.2784950438677,462.7332969561322,455.2329671943633,stop,-139.59836580855563,0.37,-139.96836580855563,-1.0148972032142165,93884.0909505493
2024-05-28T15:30:00Z,2024-05-28T15:30:00Z,2024-05-28T18:30:00Z,long,0,82,459.325928,457.6130494533791,461.03880654662083,457.56728814843376,stop,-144.20846782842966,0.8200000000000001,-145.02846782842965,-1.0325541498872548,93739.06248272088
2024-05-29T14:30:00Z,2024-05-29T14:30:00Z,2024-05-29T19:45:00Z,short,0,131,457.544241,458.61561752373683,456.47286447626317,456.5185117627108,target,134.37053008488868,1.31,133.06053008488868,0.9480600095160634,93872.12301280577
2024-06-03T15:15:00Z,2024-06-03T15:15:00Z,2024-06-05T13:30:00Z,long,0,29,451.615157,446.8403006985776,456.3900133014224,456.3443743000923,target,137.14730170267592,0.29,136.85730170267593,0.9883475024549837,94008.98031450844
2024-06-05T14:30:00Z,2024-06-05T14:30:00Z,2024-06-07T17:15:00Z,long,0,21,459.075903,452.42075317174977,465.7310528282502,465.68447972296735,target,138.78011118231478,0.21,138.57011118231478,0.99149934911417,94147.55042569076
2024-06-10T17:15:00Z,2024-06-10T17:15:00Z,2024-06-10T18:15:00Z,long,0,131,464.20641600000005,463.1349966457396,465.2778353542605,463.088683146075,stop,-146.4230038641776,1.31,-147.7330038641776,-1.0525597185085702,93999.81742182658
2024-06-11T16:45:00Z,2024-06-11T16:45:00Z,2024-06-11T17:45:00Z,long,0,144,464.836479,463.8606977247164,465.8122602752836,465.7656790492561,target,133.80480709287986,1.44,132.36480709287986,0.9420144375991772,94132.18222891945
2024-06-11T18:00:00Z,2024-06-11T18:00:00Z,2024-06-12T13:30:00Z,long,0,67,466.19661499999995,464.1062219462813,468.2870080537186,468.24017935291323,target,136.9188116451897,0.67,136.2488116451897,0.9728143467065891,94268.43104056464
2024-06-12T14:30:00Z,2024-06-12T14:30:00Z,2024-06-14T19:45:00Z,long,0,13,475.417537,465.11377772923737,485.7212962707626,479.12208300000003,weekend_close,48.159098000000654,0.13,48.02909800000065,0.3585629189225619,94316.46013856464
2024-06-17T14:30:00Z,2024-06-17T14:30:00Z,2024-06-17T16:15:00Z,long,0,80,479.317927,477.56839671844574,481.06745728155425,481.0193505358261,target,136.11388286608872,0.8,135.3138828660887,0.9667872306408282,94451.77402143073
2024-06-18T17:30:00Z,2024-06-18T17:30:00Z,2024-06-20T14:15:00Z,long,0,82,485.618557,483.90327189561987,487.33384210438015,483.8548815684303,stop,-144.62138538871613,0.8200000000000001,-145.44138538871613,-1.0340411789506365,94306.33263604202
2024-06-20T18:15:00Z,2024-06-20T18:15:00Z,2024-06-21T19:45:00Z,short,0,43,481.85181,485.09999361641724,478.60362638358276,480.108006,weekend_close,74.98357200000049,0.43,74.55357200000049,0.5337764747155539,94380.88620804202
2024-06-24T15:00:00Z,2024-06-24T15:00:00Z,2024-06-24T19:45:00Z,short,0,42,477.75222,481.04602189773226,474.4584181022678,474.505863944078,target,136.3469543487255,0.42,135.9269543487255,0.9825594120126798,94516.81316239075
2024-06-25T16:45:00Z,2024-06-25T16:45:00Z,2024-06-25T17:00:00Z,long,0,120,477.817777,476.6430850680743,478.99246893192566,476.5954207595675,stop,-146.68274885189703,1.2,-147.88274885189702,-1.0490888776364258,94368.93041353885
2024-06-26T14:45:00Z,2024-06-26T14:45:00Z,2024-06-27T13:30:00Z,long,0,61,480.098005,477.8050900728498,482.3909199271502,482.3426808351575,target,136.92522594460888,0.61,136.31522594460887,0.9746004130798398,94505.24563948346
2024-06-27T15:30:00Z,2024-06-27T15:30:00Z,2024-06-27T16:15:00Z,long,0,143,480.24802,479.2631527675432,481.2328872324568,481.18476394373357,target,133.95438395390119,1.43,132.52438395390118,0.9409836302724508,94637.77002343736
2024-06-27T18:30:00Z,2024-06-27T18:30:00Z,2024-06-27T18:45:00Z,long,0,322,480.698065,480.2583869520988,481.13774304790115,481.08962927359636,target,126.08369609803208,3.22,122.86369609803208,0.8678265276553944,94760.6337195354
2024-07-01T18:30:00Z,2024-07-01T18:30:00Z,2024-07-01T19:45:00Z,long,0,152,480.938089,480.00897906567843,481.86719893432155,481.81901221442814,target,133.90032859307894,1.52,132.38032859307893,0.9373736974022384,94893.01404812848
2024-07-02T18:15:00Z,2024-07-02T18:15:00Z,2024-07-03T15:45:00Z,long,0,34,486.078603,481.9803004691424,490.1769055308576,490.12788784030454,target,137.67568457035475,0.34,137.33568457035474,0.98559947927009,95030.34973269883
2024-07-08T16:30:00Z,2024-07-08T16:30:00Z,2024-07-08T19:45:00Z,long,0,106,496.37963299999996,495.03898173457185,497.72028426542806,497.6705122370015,target,136.83319912216405,1.06,135.77319912216404,0.9554156774636894,95166.122931821
2024-07-09T14:45:00Z,2024-07-09T14:45:00Z,2024-07-09T17:15:00Z,long,0,52,498.999895,496.2648492533269,501.7349407466731,496.21522276840153,stop,-144.80295604311937,0.52,-145.32295604311938,-1.0218009095452498,95020.79997577787
2024-07-10T15:00:00Z,2024-07-10T15:00:00Z,2024-07-10T16:15:00Z,long,0,86,499.05990099999997,497.412807260626,500.70699473937395,500.65692403990005,target,137.34398143140686,0.86,136.48398143140685,0.9635292770302573,95157.28395720928
2024-07-10T17:00:00Z,2024-07-10T17:00:00Z,2024-07-11T14:15:00Z,long,0,39,501.880183,498.2648649175451,505.4955010824549,498.21503843105336,stop,-142.94063818891857,0.39,-143.33063818891856,-1.0165480561121472,95013.95331902037
2024-07-11T16:30:00Z,2024-07-11T16:30:00Z,2024-07-12T19:45:00Z,short,0,19,493.85060999999996,501.3053456780574,486.39587432194253,494.889484,weekend_close,-19.738606000000402,0.19,-19.928606000000403,-0.1406990194283238,94994.02471302036
2024-07-15T16:15:00Z,2024-07-15T16:15:00Z,2024-07-15T16:15:00Z,long,0,410,497.209716,496.8626382920797,497.55679370792035,496.8129520282505,stop,-162.6732284173039,4.1,-166.7732284173039,-1.1719680131196648,94827.25148460305
2024-07-15T18:45:00Z,2024-07-15T18:45:00Z,2024-07-15T19:45:00Z,short,0,79,496.180377,497.9679626248967,494.39279137510334,494.44223065424086,target,137.3135613149738,0.79,136.52356131497382,0.9667488492245222,94963.77504591802
2024-07-16T15:15:00Z,2024-07-16T15:15:00Z,2024-07-16T16:00:00Z,short,0,100,495.700425,497.1243817191431,494.2764682808569,494.32589592768494,target,137.4529072315056,1.0,136.4529072315056,0.9582658334841626,95100.22795314953
2024-07-16T17:15:00Z,2024-07-16T17:15:00Z,2024-07-16T19:45:00Z,short,0,74,494.520543,496.4394649159725,492.60162108402744,496.4891088624641,stop,-145.67387382234472,0.74,-146.41387382234473,-1.0310820080771015,94953.81407932719
2024-07-17T15:45:00Z,2024-07-17T15:45:00Z,2024-07-19T19:45:00Z,short,0,12,483.9516,494.9601376056121,472.9430623943879,475.287524,weekend_close,103.96891199999959,0.12,103.84891199999959,0.78612403482077,95057.66299132719
2024-07-22T15:45:00Z,2024-07-22T15:45:00Z,2024-07-22T16:30:00Z,long,0,74,478.45784100000003,476.55185620330013,480.3638257966999,480.3157894141203,target,137.48818264489807,0.74,136.74818264489807,0.9695504483141,95194.41117397208
2024-07-22T17:45:00Z,2024-07-22T17:45:00Z,2024-07-24T13:30:00Z,long,0,38,482.108206,478.3937306587704,485.8226813412296,478.3458912857045,stop,-142.96795914322843,0.38,-143.34795914322842,-1.015571343932175,95051.06321482886
2024-07-24T14:30:00Z,2024-07-24T14:30:00Z,2024-07-25T14:00:00Z,short,0,12,470.162979,482.0195589564726,458.3063990435274,458.35222968343174,target,141.72899179881915,0.12,141.60899179881915,0.9952911682703346,95192.67220662767
2024-07-25T14:45:00Z,2024-07-25T14:45:00Z,2024-07-26T19:45:00Z,short,0,19,461.82381300000003,469.27546122463434,454.3721647753657,463.0463,weekend_close,-23.22725299999894,0.19,-23.41725299999894,-0.16539790430867102,95169.25495362768
2024-07-29T18:15:00Z,2024-07-29T18:15:00Z,2024-07-29T18:30:00Z,long,0,221,464.556451,463.91155852813085,465.2013434718691,463.86516737227805,stop,-152.7736817265465,2.21,-154.9836817265465,-1.0874427262104036,95014.27127190113
2024-07-30T16:30:00Z,2024-07-30T16:30:00Z,2024-07-31T13:30:00Z,short,0,19,457.264269,464.7214600430126,449.8070779569874,464.7679321890169,stop,-142.56960059132092,0.19,-142.75960059132092,-1.0075728442088419,94871.51167130981
2024-07-31T15:45:00Z,2024-07-31T15:45:00Z,2024-08-01T17:15:00Z,long,0,12,470.657061,459.34063124743375,481.97349075256625,459.29469718430903,stop,-136.34836578829163,0.12,-136.46836578829163,-1.0049427305561662,94735.04330552153
2024-08-05T14:30:00Z,2024-08-05T14:30:00Z,2024-08-09T17:15:00Z,short,0,7,431.87680800000004,450.5937040545266,413.1599119454735,450.63876342493205,stop,-131.33368797452408,0.07,-131.40368797452408,-1.0029416934434563,94603.639617547
2024-08-12T15:30:00Z,2024-08-12T15:30:00Z,2024-08-12T15:45:00Z,long,0,64,451.15511100000003,448.96190454013737,453.3483174598627,453.3029826281167,target,137.46378419946632,0.64,136.82378419946633,0.9747698938706076,94740.46340174647
2024-08-13T15:45:00Z,2024-08-13T15:45:00Z,2024-08-15T13:30:00Z,long,0,17,459.525948,451.36055153998564,467.6913444600144,467.64457532556844,target,138.016664534663,0.17,137.846664534663,0.9930475960690976,94878.31006628113
2024-08-15T15:00:00Z,2024-08-15T15:00:00Z,2024-08-16T19:45:00Z,long,0,13,471.877183,461.5422893041348,482.2120766958652,474.972498,weekend_close,40.23909499999962,0.13,40.10909499999962,0.29853379152166243,94918.41916128113
2024-08-19T16:15:00Z,2024-08-19T16:15:00Z,2024-08-19T17:45:00Z,long,0,84,476.217617,474.538470694646,477.89676330535406,477.84897362902353,target,137.0339568379752,0.84,136.1939568379752,0.965583894538398,95054.6131181191
2024-08-20T17:15:00Z,2024-08-20T17:15:00Z,2024-08-20T17:45:00Z,long,0,206,479.367932,478.67840663102834,480.05745736897165,480.0094516232348,target,132.15304238636577,2.06,130.09304238636577,0.9158758352526153,95184.70616050546
2024-08-21T15:00:00Z,2024-08-21T15:00:00Z,2024-08-21T15:00:00Z,long,0,148,480.85808099999997,479.8945072828166,481.8216547171833,481.7734725517116,target,135.47794965332423,1.48,133.99794965332424,0.9396183556751893,95318.70411015878
2024-08-22T15:00:00Z,2024-08-22T15:00:00Z,2024-08-22T15:00:00Z,long,0,233,482.0482,481.4359992615644,482.6604007384356,482.6121346983618,target,131.39678471829404,2.33,129.06678471829403,0.9048252698572075,95447.77089487707
2024-08-22T17:15:00Z,2024-08-22T17:15:00Z,2024-08-23T14:00:00Z,short,0,29,477.56223900000003,482.3520716195591,472.77240638044094,482.4003068267211,stop,-140.30396697491028,0.29,-140.59396697491027,-1.0121580881394792,95307.17692790217
2024-08-26T16:15:00Z,2024-08-26T16:15:00Z,2024-08-28T15:00:00Z,short,0,32,474.462549,478.86417683571284,470.0609211642872,470.1079272564036,target,139.3478957950847,0.32,139.0278957950847,0.9870488614112495,95446.20482369725
2024-08-28T16:00:00Z,2024-08-28T16:00:00Z,2024-08-29T13:45:00Z,short,0,28,471.402855,476.4453850407167,466.3603249592833,476.4930295792208,stop,-142.524888218182,0.28,-142.80488821818201,-1.011431669824198,95303.39993547907
2024-08-29T15:15:00Z,2024-08-29T15:15:00Z,2024-08-29T18:30:00Z,long,0,24,477.44773999999995,471.6645779253956,483.23090207460433,471.61741146760306,stop,-139.92788477752538,0.24,-140.1678847775254,-1.0098849828268777,95163.23205070155
2024-09-03T16:00:00Z,2024-09-03T16:00:00Z,2024-09-06T13:30:00Z,short,0,17,465.163479,473.45360350992854,456.87335449007145,456.9190418255204,target,140.15543196615272,0.17,139.98543196615273,0.9932826900992524,95303.21748266771
2024-09-09T18:00:00Z,2024-09-09T18:00:00Z,2024-09-09T18:30:00Z,long,0,92,453.265322,451.7145329246075,454.81611107539254,451.669361471315,stop,-146.8283686390198,0.92,-147.7483686390198,-1.0355763747423343,95155.46911402869
2024-09-10T15:15:00Z,2024-09-10T15:15:00Z,2024-09-10T16:00:00Z,long,0,45,455.925588,452.7565185427472,459.0946574572528,452.7112428908929,stop,-144.64552990982014,0.45,-145.09552990982013,-1.0174422342583218,95010.37358411888
2024-09-11T18:00:00Z,2024-09-11T18:00:00Z,2024-09-12T14:15:00Z,long,0,18,463.166312,455.55104008268444,470.7815839173156,470.73450575892383,target,136.22748766062887,0.18,136.04748766062886,0.99250477737217,95146.4210717795
2024-09-12T18:15:00Z,2024-09-12T18:15:00Z,2024-09-13T19:45:00Z,long,0,20,473.17731299999997,466.13400487573773,480.2206211242622,475.292466,weekend_close,42.303060000000414,0.2,42.10306000000041,0.29888696658724234,95188.5241317795
2024-09-16T15:45:00Z,2024-09-16T15:45:00Z,2024-09-17T13:30:00Z,short,0,40,471.012894,474.5802544632441,467.44553353675593,474.6277124886904,stop,-144.59273954761557,0.4,-144.99273954761557,-1.0161065936673113,95043.53139223189
2024-09-17T14:30:00Z,2024-09-17T14:30:00Z,2024-09-17T16:45:00Z,long,0,35,476.407636,472.43286618515486,480.3824058148452,472.3856228985363,stop,-140.77045855122947,0.35000000000000003,-141.12045855122946,-1.0144016607967443,94902.41093368066
2024-09-17T18:45:00Z,2024-09-17T18:45:00Z,2024-09-18T13:30:00Z,short,0,100,473.092686,474.51293179693675,471.6724402030633,474.56038309011643,stop,-146.76970901164168,1.0,-147.76970901164168,-1.0404516551315206,94754.64122466902
2024-09-19T15:00:00Z,2024-09-19T15:00:00Z,2024-09-20T19:45:00Z,long,0,15,483.018297,473.7481020648774,492.28849193512264,482.371758,weekend_close,-9.698085000000276,0.15,-9.848085000000276,-0.07082256679549903,94744.79313966901
2024-09-23T15:00:00Z,2024-09-23T15:00:00Z,2024-09-24T14:00:00Z,long,0,72,483.488344,481.5291452100393,485.44754278996066,481.4809922955183,stop,-144.5293227226798,0.72,-145.2493227226798,-1.0296819877691687,94599.54381694633
2024-09-24T17:30:00Z,2024-09-24T17:30:00Z,2024-09-26T13:30:00Z,long,0,50,485.378533,482.581482618579,488.175583381421,488.12676582308285,target,137.41164115414222,0.5,136.91164115414222,0.9789715770839007,94736.45545810048
2024-09-26T15:00:00Z,2024-09-26T15:00:00Z,2024-09-26T15:00:00Z,long,0,144,486.468642,485.4849638015661,487.4523201984339,487.40357496641406,target,134.63034716362563,1.44,133.19034716362563,0.9402800304882697,94869.64580526411
2024-09-30T15:00:00Z,2024-09-30T15:00:00Z,2024-09-30T18:15:00Z,short,0,71,485.72142299999996,487.7011488421269,483.74169715787303,483.7900713275888,target,137.1259687411919,0.71,136.4159687411919,0.9705140133681052,95006.0617740053
2024-10-01T15:15:00Z,2024-10-01T15:15:00Z,2024-10-04T13:30:00Z,short,0,17,477.81221400000004,486.1104344178819,469.5139935821182,486.1590454613237,stop,-141.89613484250174,0.17,-142.06613484250173,-1.0070630858774827,94863.9956391628
2024-10-08T16:15:00Z,2024-10-08T16:15:00Z,2024-10-09T14:45:00Z,long,0,43,487.498745,484.26301387529537,490.7344761247046,490.68540267709216,target,137.02628011496336,0.43,136.59628011496335,0.9817434003828622,95000.59191927775
2024-10-09T15:30:00Z,2024-10-09T15:30:00Z,2024-10-11T19:45:00Z,long,0,34,491.509146,487.4026807390422,495.6156112609578,493.290666,weekend_close,60.571680000000015,0.34,60.23168000000001,0.43139778067592993,95060.82359927775
2024-10-14T17:30:00Z,2024-10-14T17:30:00Z,2024-10-15T14:15:00Z,long,0,61,497.209716,494.89835668482255,499.5210753151775,494.8488668491541,stop,-144.01179820160127,0.61,-144.62179820160128,-1.0257380301183876,94916.20180107615
2024-10-15T16:45:00Z,2024-10-15T16:45:00Z,2024-10-18T19:45:00Z,short,0,29,491.870808,496.7167701903255,487.0248458096745,494.55945099999997,weekend_close,-77.97064699999873,0.29,-78.26064699999874,-0.5568848649681036,94837.94115407615
2024-10-21T17:00:00Z,2024-10-21T17:00:00Z,2024-10-21T17:00:00Z,short,0,566,494.190576,494.44167140231264,493.9394805976874,494.49111556945286,stop,-170.105396310306,5.66,-175.765396310306,-1.2367393691510713,94662.17575776584
2024-10-23T16:00:00Z,2024-10-23T16:00:00Z,2024-10-23T17:00:00Z,short,0,40,491.67082800000003,495.18697303782074,488.1546829621793,488.2034984304755,target,138.69318278098035,0.4,138.29318278098035,0.9832727411231446,94800.46894054682
2024-10-24T16:00:00Z,2024-10-24T16:00:00Z,2024-10-24T19:30:00Z,long,0,84,491.089104,489.4011368457525,492.77707115424755,492.7277934471321,target,137.64991355909592,0.84,136.80991355909592,0.9648821915958066,94937.27885410591
2024-10-28T15:45:00Z,2024-10-28T15:45:00Z,2024-10-28T15:45:00Z,long,0,1834,496.259621,496.18198009240916,496.3372619075908,496.13236189439993,stop,-233.39319967048527,18.34,-251.73319967048528,-1.7678709569371025,94685.54565443542
2024-10-28T18:30:00Z,2024-10-28T18:30:00Z,2024-10-28T18:45:00Z,short,0,264,496.180377,496.7165178886013,495.64423611139875,495.69380053500987,target,128.4561867573998,2.64,125.81618675739979,0.8889015464451644,94811.36184119282
2024-10-29T16:45:00Z,2024-10-29T16:45:00Z,2024-10-29T19:15:00Z,long,0,57,498.63985899999994,496.16224985673745,501.11746814326244,501.06735639644813,target,138.36735159754676,0.5700000000000001,137.79735159754676,0.9757380025102933,94949.15919279036
2024-11-04T15:30:00Z,2024-11-04T15:30:00Z,2024-11-04T15:30:00Z,short,0,1099,488.281167,488.41072417967774,488.1516098203222,488.45956525209573,stop,-196.05967905322547,10.99,-207.04967905322547,-1.4541706801918453,94742.10951373714
2024-11-05T17:00:00Z,2024-11-05T17:00:00Z,2024-11-06T14:30:00Z,long,0,29,492.199215,487.38757007407906,497.0108599259209,496.9611588399283,target,138.09637135792173,0.29,137.80637135792173,0.9875923749753512,94879.91588509506
2024-11-06T15:30:00Z,2024-11-06T15:30:00Z,2024-11-08T20:45:00Z,long,0,11,503.25032,490.64557704869713,515.8550629513029,514.108584,weekend_close,119.44090399999959,0.11,119.33090399999959,0.8606493636491542,94999.24678909506
2024-11-11T19:00:00Z,2024-11-11T19:00:00Z,2024-11-11T20:45:00Z,short,0,166,512.838711,513.6939889712883,511.9834330287117,513.7453583701854,stop,-150.50346345077583,1.6600000000000001,-152.16346345077582,-1.0717537466850504,94847.08332564429
2024-11-12T18:30:00Z,2024-11-12T18:30:00Z,2024-11-12T19:15:00Z,short,0,71,511.328862,513.3236597247551,509.33406427524494,513.3749920907276,stop,-145.27523644165666,0.71,-145.98523644165667,-1.030746157974496,94701.09808920263
2024-11-13T17:00:00Z,2024-11-13T17:00:00Z,2024-11-13T17:00:00Z,short,0,429,512.468748,512.7996938739642,512.1378021260358,512.8509738433515,stop,-163.97488679780827,4.29,-168.26488679780826,-1.1851661380554546,94532.83320240481
2024-11-13T19:15:00Z,2024-11-13T19:15:00Z,2024-11-13T20:45:00Z,long,0,69,514.1314080000001,512.0934069182296,516.1694090817706,512.0421975775378,stop,-144.15551914989976,0.6900000000000001,-144.84551914989976,-1.0300340079498989,94387.98768325492
2024-11-14T16:00:00Z,2024-11-14T16:00:00Z,2024-11-14T20:00:00Z,short,0,58,510.69892500000003,513.1332379222303,508.2646120777698,508.31543853897756,target,138.24221473930334,0.58,137.66221473930332,0.9750128832442702,94525.64989799423
2024-11-18T17:30:00Z,2024-11-18T17:30:00Z,2024-11-19T14:30:00Z,long,0,57,500.610056,498.1507841683112,503.0693278316888,498.10096908989436,stop,-143.0179538760205,0.5700000000000001,-143.5879538760205,-1.0243222720018519,94382.0619441182
2024-11-19T18:00:00Z,2024-11-19T18:00:00Z,2024-11-19T18:45:00Z,long,0,63,501.670162,499.4301724246006,503.9101515753994,503.8597605602419,target,137.94470929524,0.63,137.31470929524,0.973039599906733,94519.37665341345
2024-11-20T17:00:00Z,2024-11-20T17:00:00Z,2024-11-20T17:00:00Z,short,0,382,501.569838,501.9407790433162,501.1988969566838,501.9909731212205,stop,-160.87361630623707,3.8200000000000003,-164.69361630623706,-1.1622739758485796,94354.68303710721
2024-11-20T19:15:00Z,2024-11-20T19:15:00Z,2024-11-20T20:15:00Z,short,0,70,498.810114,500.81396778845465,496.80626021154535,500.8640491852335,stop,-143.7754629663459,0.7000000000000001,-144.4754629663459,-1.0299829244653615,94210.20757414086
2024-11-21T18:15:00Z,2024-11-21T18:15:00Z,2024-11-22T20:45:00Z,long,0,28,505.420537,500.4936436259263,510.3474303740737,505.719423,weekend_close,8.36880799999949,0.28,8.08880799999949,0.05863451430066618,94218.29638214086
2024-11-25T16:00:00Z,2024-11-25T16:00:00Z,2024-11-25T17:30:00Z,long,0,64,507.100705,504.92543352509165,509.27597647490836,504.87494098173914,stop,-142.4488971686951,0.64,-143.0888971686951,-1.0278091925767807,94075.20748497217
2024-11-26T16:45:00Z,2024-11-26T16:45:00Z,2024-11-27T14:30:00Z,long,0,69,508.33082799999994,506.3125029194571,510.3491530805428,506.26187166916515,stop,-142.7579868276008,0.6900000000000001,-143.4479868276008,-1.030040378963938,93931.75949814457
2024-11-27T17:00:00Z,2024-11-27T17:00:00Z,2024-11-29T15:00:00Z,short,0,26,502.82971200000003,508.08231498250217,497.5771090174979,508.1331232140004,stop,-137.88869156401017,0.26,-138.14869156401016,-1.0115767804459657,93793.61080658056
2024-12-02T15:30:00Z,2024-12-02T15:30:00Z,2024-12-04T15:30:00Z,long,0,18,514.4514399999999,507.03979355667707,521.8630864433228,521.8109001346785,target,132.47028242421402,0.18,132.290282424214,0.9916096498774125,93925.90108900478
2024-12-05T18:15:00Z,2024-12-05T18:15:00Z,2024-12-05T19:00:00Z,long,0,84,523.582353,521.9212090047661,525.243496995234,521.8690168838656,stop,-143.92023375529197,0.84,-144.76023375529198,-1.037439331616599,93781.14085524948
2024-12-09T17:30:00Z,2024-12-09T17:30:00Z,2024-12-10T20:00:00Z,short,0,49,522.717723,525.5324717003518,519.9029742996481,519.9549645970781,target,135.37516174317398,0.49,134.88516174317397,0.9779766138901886,93916.02601699266
2024-12-11T16:45:00Z,2024-12-11T16:45:00Z,2024-12-13T20:45:00Z,long,0,19,529.032898,521.7838614818031,536.281934518197,530.44695,weekend_close,26.866987999999424,0.19,26.676987999999422,0.19368808482002275,93942.70300499267
2024-12-16T15:30:00Z,2024-12-16T15:30:00Z,2024-12-18T19:45:00Z,long,0,22,535.433538,529.0645825066771,541.8024934933229,529.0116760484265,stop,-141.28096293461772,0.22,-141.50096293461772,-1.0098770447236707,93801.20204205805
2024-12-23T16:30:00Z,2024-12-23T16:30:00Z,2024-12-23T16:30:00Z,short,0,123,519.8780069999999,521.0177445662648,518.738269433735,521.0698463407215,stop,-146.59623890875332,1.23,-147.8262389087533,-1.0544877841134874,93653.3758031493
2024-12-23T19:00:00Z,2024-12-23T19:00:00Z,2024-12-24T14:30:00Z,long,0,51,522.532248,519.8243047150742,525.2401912849258,525.1876672657974,target,135.42638255566624,0.51,134.91638255566625,0.976910883076285,93788.29218570497
2024-12-24T15:45:00Z,2024-12-24T15:45:00Z,2024-12-27T15:00:00Z,long,0,20,528.0427990000001,521.1451652008477,534.9404327991524,521.0930506843276,stop,-138.99496631344846,0.2,-139.19496631344845,-1.0090051919728922,93649.09721939152
2024-12-30T15:30:00Z,2024-12-30T15:30:00Z,2025-01-03T20:45:00Z,short,0,14,512.438751,522.3337522550715,502.5437497449285,518.611856,weekend_close,-86.4234699999995,0.14,-86.5634699999995,-0.6248715730916068,93562.53374939153
2025-01-06T15:30:00Z,2025-01-06T15:30:00Z,2025-01-07T15:45:00Z,long,0,12,527.502745,516.1701495101042,538.8353404898958,516.1185324951532,stop,-136.6105500581616,0.12,-136.7305500581616,-1.005437149416122,93425.80319933337
2025-01-07T17:30:00Z,2025-01-07T17:30:00Z,2025-01-10T14:30:00Z,short,0,21,516.84831,523.5186066424495,510.1780133575504,510.2290311588862,target,139.00485566338943,0.21,138.79485566338943,0.9908523106832372,93564.59805499676
2025-01-14T16:00:00Z,2025-01-14T16:00:00Z,2025-01-14T16:30:00Z,long,0,90,505.540549,503.9953857378202,507.0857122621798,503.9449861992464,stop,-143.60065206782508,0.9,-144.5006520678251,-1.0390894218443893,93420.09740292894
2025-01-14T18:30:00Z,2025-01-14T18:30:00Z,2025-01-14T18:30:00Z,short,0,856,505.469448,505.6329786314705,505.3059173685295,505.68354192933367,stop,-183.26440350962275,8.56,-191.82440350962275,-1.3703483397487295,93228.2729994193
2025-01-15T16:45:00Z,2025-01-15T16:45:00Z,2025-01-17T14:30:00Z,long,0,16,513.541349,505.1486488917101,521.9340491082899,521.8818557033791,target,133.4481072540657,0.16,133.2881072540657,0.9925895833154637,93361.56110667337
2025-01-21T17:30:00Z,2025-01-21T17:30:00Z,2025-01-22T14:30:00Z,long,0,48,524.222417,521.3250267283081,527.1198072716918,527.0670952909646,target,136.54455796630464,0.48,136.06455796630465,0.9783557012184801,93497.62566463968
2025-01-22T15:30:00Z,2025-01-22T15:30:00Z,2025-01-24T20:45:00Z,long,0,16,531.923187,523.6314175118041,540.2149564881959,529.587036,weekend_close,-37.37841599999956,0.16,-37.53841599999956,-0.2829493756839164,93460.08724863968
2025-01-27T15:30:00Z,2025-01-27T15:30:00Z,2025-01-31T15:30:00Z,short,0,10,516.6583290000001,530.6453494016378,502.67130859836243,530.6984139365779,stop,-140.4008493657784,0.1,-140.5008493657784,-1.0045087898014928,93319.5863992739
2025-02-04T17:00:00Z,2025-02-04T17:00:00Z,2025-02-06T15:15:00Z,long,0,29,524.262421,519.5905478396468,528.9342941603533,528.8814007309372,target,133.95041219717916,0.29,133.66041219717917,0.9865378559611248,93453.24681147108
2025-02-06T15:30:00Z,2025-02-06T15:30:00Z,2025-02-07T14:30:00Z,long,0,43,527.732768,524.5124818208683,530.9530541791316,530.8999588737138,target,136.1892075696943,0.43,135.7592075696943,0.9804069259972203,93589.00601904077
2025-02-10T17:00:00Z,2025-02-10T17:00:00Z,2025-02-12T14:30:00Z,long,0,28,529.8829830000001,524.9044589566541,534.861507043346,524.8519685107585,stop,-140.86840569876358,0.28,-141.14840569876358,-1.0125520024311494,93447.857613342
2025-02-12T16:30:00Z,2025-02-12T16:30:00Z,2025-02-12T17:45:00Z,short,0,39,524.9475,528.4558822865009,521.4391177134991,528.5087278747295,stop,-138.88788711445147,0.39,-139.27788711445146,-1.0179129818521775,93308.57972622754
2025-02-12T19:15:00Z,2025-02-12T19:15:00Z,2025-02-12T19:30:00Z,long,0,187,527.532748,526.7863096913169,528.279186308683,528.2263583900522,target,129.70514293975873,1.87,127.83514293975873,0.915829723769481,93436.4148691673
2025-02-13T15:30:00Z,2025-02-13T15:30:00Z,2025-02-14T18:00:00Z,long,0,27,532.583253,527.4993335878894,537.6671724121106,537.6134056948695,target,135.81412276147535,0.27,135.54412276147534,0.9874571738707622,93571.95899192878
2025-02-18T15:30:00Z,2025-02-18T15:30:00Z,2025-02-18T15:30:00Z,long,0,241,536.9536899999999,536.3734228676711,537.5339571323287,537.4802037366155,target,126.88981052435577,2.41,124.47981052435577,0.8901309549321664,93696.43880245314
2025-02-18T17:45:00Z,2025-02-18T17:45:00Z,2025-02-18T18:30:00Z,long,0,154,538.073802,537.1617271855355,538.9858768144645,537.108011012817,stop,-148.73181202618616,1.54,-150.27181202618615,-1.0698584937420044,93546.16699042695
2025-02-19T15:45:00Z,2025-02-19T15:45:00Z,2025-02-19T15:45:00Z,long,0,174,538.193814,537.388022888889,538.9996051111109,537.3342840866002,stop,-149.55820493156466,1.74,-151.29820493156467,-1.0791009002333143,93394.86878549539
2025-02-19T18:15:00Z,2025-02-19T18:15:00Z,2025-02-19T18:30:00Z,long,0,127,538.65386,537.5567723217546,539.7509476782454,539.6969725834776,target,132.47529810165986,1.27,131.20529810165985,0.9416864339684241,93526.07408359705
2025-02-19T19:45:00Z,2025-02-19T19:45:00Z,2025-02-20T14:30:00Z,long,0,58,540.4840429999999,538.1042379398892,542.8638480601106,538.0504275160953,stop,-141.14969806646945,0.58,-141.72969806646947,-1.0268132986451335,93384.34438553058
2025-02-20T16:45:00Z,2025-02-20T16:45:00Z,2025-02-21T17:45:00Z,short,0,32,534.936501,539.2415385497598,530.6314634502403,530.6845265965853,target,136.06318090927016,0.32,135.74318090927017,0.9853513132891121,93520.08756643985
2025-02-24T16:00:00Z,2025-02-24T16:00:00Z,2025-02-25T15:15:00Z,short,0,15,521.5378410000001,530.6996425528831,512.376039447117,512.4272770510618,target,136.6584592340746,0.15,136.5084592340746,0.9933159866439727,93656.59602567392
2025-02-26T17:15:00Z,2025-02-26T17:15:00Z,2025-02-26T18:00:00Z,long,0,34,519.4519399999999,515.3473277269844,523.5565522730154,515.2957929942118,stop,-141.3089981967978,0.34,-141.6489981967978,-1.0149916066804183,93514.94702747712
2025-02-27T16:30:00Z,2025-02-27T16:30:00Z,2025-02-27T19:15:00Z,short,0,38,511.418853,515.0977229233642,507.7399830766358,507.79075707494343,target,137.8676451521502,0.38,137.4876451521502,0.9834802535632814,93652.43467262927
2025-03-03T15:45:00Z,2025-03-03T15:45:00Z,2025-03-03T18:15:00Z,long,0,19,509.690964,502.2999251187811,517.0820028812188,502.2496951262693,stop,-141.38410860088396,0.19,-141.57410860088396,-1.0081490563748614,93510.8605640284
2025-03-05T16:45:00Z,2025-03-05T16:45:00Z,2025-03-05T17:30:00Z,short,0,22,491.640831,497.96525094784107,485.3164110521589,498.01504747293586,stop,-140.23276240458915,0.22,-140.45276240458915,-1.0094548631476004,93370.4078016238
2025-03-05T19:45:00Z,2025-03-05T19:45:00Z,2025-03-06T14:30:00Z,long,0,23,501.670162,495.6885885908067,507.6517354091933,495.63901973194766,stop,-138.71627216520403,0.23,-138.94627216520402,-1.009958727375561,93231.4615294586
2025-03-06T16:45:00Z,2025-03-06T16:45:00Z,2025-03-06T17:15:00Z,short,0,30,494.410554,499.06482833360235,489.75627966639763,489.80525529436426,target,138.15896116907197,0.3,137.85896116907196,0.9873287168440326,93369.32049062767
2025-03-06T17:45:00Z,2025-03-06T17:45:00Z,2025-03-07T16:30:00Z,short,0,16,489.93100200000003,498.18570904808206,481.676294951918,481.7244625814132,target,131.30463069738926,0.16,131.14463069738926,0.9929533986904221,93500.46512132506
2025-03-10T15:45:00Z,2025-03-10T15:45:00Z,2025-03-14T19:45:00Z,short,0,11,476.712324,489.02209209982385,464.4025559001762,479.69796499999995,weekend_close,-32.84205099999923,0.11,-32.95205099999923,-0.24335478749130965,93467.51307032506
2025-03-17T14:30:00Z,2025-03-17T14:30:00Z,2025-03-17T18:00:00Z,long,0,40,479.997995,476.550448413789,483.445541586211,483.39719703205236,target,135.96808128209432,0.4,135.5680812820943,0.983076500143032,93603.08115160716
2025-03-17T18:45:00Z,2025-03-17T18:45:00Z,2025-03-18T13:30:00Z,long,0,21,485.14851000000004,478.74860306789134,491.54841693210875,478.7007282075846,stop,-135.40341764072485,0.21,-135.61341764072486,-1.0090430784260942,93467.46773396643
2025-03-18T16:00:00Z,2025-03-18T16:00:00Z,2025-03-19T18:30:00Z,short,0,18,473.65263,481.19331397515697,466.111946024843,481.2414333065545,stop,-136.59845951798093,0.18,-136.77845951798093,-1.007707434973935,93330.68927444845
2025-03-20T15:45:00Z,2025-03-20T15:45:00Z,2025-03-20T16:15:00Z,long,0,38,482.718267,479.128589704643,486.30794429535706,479.08067684567254,stop,-138.22842586444438,0.38,-138.60842586444437,-1.016133165798874,93192.08084858401
2025-03-20T18:45:00Z,2025-03-20T18:45:00Z,2025-03-21T13:30:00Z,short,0,39,477.522243,481.0314218917622,474.0130641082378,474.0604654146486,target,135.00932582870456,0.39,134.61932582870458,0.9836425248808089,93326.70017441272
2025-03-25T15:30:00Z,2025-03-25T15:30:00Z,2025-03-26T14:15:00Z,long,0,29,493.19931499999996,488.4517996944866,497.9468303055133,488.4029545145172,stop,-139.09445407899977,0.29,-139.38445407899977,-1.01239494265581,93187.31572033372
2025-03-26T16:15:00Z,2025-03-26T16:15:00Z,2025-03-27T13:30:00Z,short,0,25,486.22137299999997,491.77496113561057,480.6677848643894,480.7158516428758,target,137.63803392810416,0.25,137.38803392810416,0.9895442771288538,93324.70375426182
2025-03-27T17:45:00Z,2025-03-27T17:45:00Z,2025-03-28T13:30:00Z,short,0,45,482.221773,485.3240885403942,479.11945745960577,479.16736940535174,target,137.44816175917123,0.45,136.99816175917124,0.9813326707125972,93461.70191602099
2025-03-31T14:30:00Z,2025-03-31T14:30:00Z,2025-04-01T16:00:00Z,short,0,10,459.30406500000004,473.1309523052526,445.47717769474747,473.1782654004831,stop,-138.74200400483062,0.1,-138.8420040048306,-1.0041450468182178,93322.85991201615
2025-04-02T15:15:00Z,2025-04-02T15:15:00Z,2025-04-02T15:15:00Z,long,0,46,472.227218,469.2198992462392,475.2345367537608,475.1870133000854,target,136.15058380392986,0.46,135.69058380392985,0.98087217937792,93458.55049582008
2025-04-03T15:00:00Z,2025-04-03T15:00:00Z,2025-04-04T14:30:00Z,short,0,6,452.594736,474.33734578240325,430.8521262175968,430.8952114302185,target,130.19714741868893,0.06,130.13714741868893,0.9975584709860952,93588.68764323877
2025-04-07T14:30:00Z,2025-04-07T14:30:00Z,2025-04-08T13:30:00Z,short,0,8,419.128083,435.0319145971159,403.22425140288414,435.0754177885756,stop,-127.5786783086046,0.08,-127.65867830860459,-1.0033641698940907,93461.02896493016
2025-04-08T15:45:00Z,2025-04-08T15:45:00Z,2025-04-08T17:00:00Z,long,0,11,436.783674,424.6832313537387,448.88411664626136,424.6407630306033,stop,-133.57202066336396,0.11,-133.68202066336397,-1.0043360664290735,93327.34694426678
2025-04-10T18:00:00Z,2025-04-10T18:00:00Z,2025-04-10T18:00:00Z,short,0,159,445.63543200000004,446.51075621601586,444.7601077839842,446.55540729163744,stop,-146.27607137034653,1.59,-147.86607137034653,-1.0624352378485835,93179.48087289644
2025-04-14T14:30:00Z,2025-04-14T14:30:00Z,2025-04-16T13:30:00Z,long,0,10,462.256221,449.3894576528987,475.12298434710124,449.34451870713343,stop,-129.1170229286655,0.1,-129.2170229286655,-1.0042698341675549,93050.26384996777
2025-04-16T14:30:00Z,2025-04-16T14:30:00Z,2025-04-16T18:30:00Z,short,0,15,449.775018,458.6581810110273,440.8918549889727,440.93594417447156,target,132.58610738292646,0.15,132.43610738292645,0.993911044362044,93182.69995735069
2025-04-16T18:45:00Z,2025-04-16T18:45:00Z,2025-04-21T17:00:00Z,short,0,11,441.045891,452.9226915639981,429.16909043600185,429.21200734504544,target,130.17272020450002,0.11,130.0627202045,0.9955445148078018,93312.76267755519
2025-04-22T15:45:00Z,2025-04-22T15:45:00Z,2025-04-23T13:30:00Z,long,0,14,442.264222,432.6361767192492,451.89226728075084,451.84707805402275,target,134.15998475631818,0.14,134.0199847563182,0.9942678679712448,93446.78266231151
2025-04-23T15:00:00Z,2025-04-23T15:00:00Z,2025-04-25T19:45:00Z,long,0,7,460.956091,441.4934808808233,480.4187011191767,472.48274699999996,weekend_close,80.68659199999962,0.07,80.61659199999963,0.5917323488205969,93527.39925431152
2025-04-28T17:30:00Z,2025-04-28T17:30:00Z,2025-04-28T19:00:00Z,short,0,32,466.373358,470.6547170023532,462.0919989976468,470.70178247405346,stop,-138.50958316971082,0.32,-138.82958316971082,-1.0133288219158647,93388.5696711418
2025-04-30T15:45:00Z,2025-04-30T15:45:00Z,2025-04-30T18:00:00Z,short,0,50,470.66292899999996,473.4643010989778,467.86155690102214,473.51164752908767,stop,-142.43592645438525,0.5,-142.93592645438525,-1.0204708364628918,93245.63374468741
2025-05-05T15:45:00Z,2025-05-05T15:45:00Z,2025-05-05T18:00:00Z,short,0,76,486.48134699999997,488.31716527818213,484.6455287218178,488.3659969947099,stop,-143.2333995979559,0.76,-143.9933995979559,-1.0320465904643032,93101.64034508946
2025-05-05T18:45:00Z,2025-05-05T18:45:00Z,2025-05-05T19:15:00Z,long,0,74,489.058901,487.17804458074346,490.9397574192565,487.1293267762854,stop,-142.78849255488115,0.74,-143.52849255488115,-1.0312186532990588,92958.11185253458
2025-05-06T15:15:00Z,2025-05-06T15:15:00Z,2025-05-08T13:30:00Z,short,0,25,482.271768,487.7964455657793,476.7470904342207,487.8452252103359,stop,-139.33643025839757,0.25,-139.58643025839757,-1.0106394706038013,92818.52542227619
2025-05-08T15:15:00Z,2025-05-08T15:15:00Z,2025-05-08T16:45:00Z,long,0,23,486.68866399999996,480.88286898125205,492.4944590187479,492.445209572846,target,132.40054817545916,0.23,132.17054817545917,0.989794774753408,92950.69597045165
2025-05-12T15:00:00Z,2025-05-12T15:00:00Z,2025-05-14T16:30:00Z,long,0,9,503.500345,488.06572204960787,518.9349679503921,518.883074453597,target,138.44456508237346,0.09,138.35456508237345,0.9959899573190748,93089.05053553403
2025-05-14T16:45:00Z,2025-05-14T16:45:00Z,2025-05-15T13:45:00Z,long,0,50,518.0918039999999,515.3273821556869,520.8562258443129,515.2758494174714,stop,-140.79772912642738,0.5,-141.29772912642738,-1.0222588091401925,92947.7528064076
2025-05-15T17:30:00Z,2025-05-15T17:30:00Z,2025-05-15T19:15:00Z,long,0,29,521.7621710000001,517.0744481281449,526.4498938718552,517.0227406833321,stop,-137.44347918337053,0.29,-137.73347918337052,-1.013163629015546,92810.01932722423
2025-05-19T18:00:00Z,2025-05-19T18:00:00Z,2025-05-20T13:30:00Z,long,0,68,521.492144,519.4536364971573,523.5306515028428,519.4016911335076,stop,-142.15079492148698,0.68,-142.83079492148698,-1.03038760640483,92667.18853230274
2025-05-20T15:45:00Z,2025-05-20T15:45:00Z,2025-05-20T16:30:00Z,short,0,84,519.018093,520.667854198849,517.368331801151,520.7199209842689,stop,-142.95355067858782,0.84,-143.79355067858782,-1.0376216784970018,92523.39498162415
2025-05-21T17:00:00Z,2025-05-21T17:00:00Z,2025-05-21T17:15:00Z,long,0,47,522.012196,519.1014077826345,524.9229842173655,519.0494976418563,stop,-139.24682283275445,0.47000000000000003,-139.71682283275445,-1.0212692013829292,92383.6781587914
2025-05-27T15:45:00Z,2025-05-27T15:45:00Z,2025-05-30T19:45:00Z,long,0,16,519.261921,511.05987604573596,527.463965954264,519.078087,weekend_close,-2.941344000000754,0.16,-3.101344000000754,-0.023632399124961755,92380.5768147914
2025-06-02T14:30:00Z,2025-06-02T14:30:00Z,2025-06-02T18:15:00Z,long,0,48,519.5019450000001,516.6628537349258,522.3410362650744,522.288802161448,target,133.76914374949774,0.48,133.28914374949775,0.9780795691945355,92513.8659585409
2025-06-03T14:45:00Z,2025-06-03T14:45:00Z,2025-06-05T13:30:00Z,long,0,28,525.2225169999999,520.3976988620872,530.0473351379127,529.9943304043989,target,133.61077532316995,0.28,133.33077532316995,0.9869415319473395,92647.19673386407
2025-06-05T16:45:00Z,2025-06-05T16:45:00Z,2025-06-05T16:45:00Z,long,0,106,529.972992,528.6656474354073,531.2803365645926,528.6127808706638,stop,-144.18237970963946,1.06,-145.24237970963947,-1.0480872192734862,92501.95435415443
2025-06-09T16:15:00Z,2025-06-09T16:15:00Z,2025-06-09T16:45:00Z,long,0,141,531.023097,530.0421653527874,532.0040286472126,531.9508282443479,target,130.81010545305537,1.41,129.40010545305537,0.9355710430545233,92631.35445960748
2025-06-09T17:45:00Z,2025-06-09T17:45:00Z,2025-06-10T15:30:00Z,long,0,91,532.023197,530.4992593859708,533.5471346140291,530.4462094600323,stop,-143.5058661370623,0.91,-144.4158661370623,-1.0413730361126023,92486.93859347042
2025-06-10T18:30:00Z,2025-06-10T18:30:00Z,2025-06-10T18:45:00Z,long,0,263,532.093204,531.5675146103126,532.6188933896874,532.5656315003484,target,124.24843259163731,2.63,121.61843259163732,0.8796591854810394,92608.55702606206
2025-06-11T14:30:00Z,2025-06-11T14:30:00Z,2025-06-11T18:00:00Z,long,0,32,536.193614,531.9782347174555,540.4089932825445,531.9250368939838,stop,-136.5944673925187,0.32,-136.9144673925187,-1.0149922033667025,92471.64255866954
2025-06-12T16:45:00Z,2025-06-12T16:45:00Z,2025-06-12T18:15:00Z,long,0,98,534.243419,532.8367312796977,535.6501067203023,532.7834476065698,stop,-143.07719655616324,0.98,-144.05719655616323,-1.0449877198859079,92327.58536211337
2025-06-16T16:00:00Z,2025-06-16T16:00:00Z,2025-06-17T17:45:00Z,long,0,29,534.2334179999999,529.492206369118,538.9746296308819,529.439257148481,stop,-139.03066469404757,0.29,-139.32066469404757,-1.0132770324418607,92188.26469741932
2025-06-18T16:30:00Z,2025-06-18T16:30:00Z,2025-06-18T16:30:00Z,long,0,411,530.913086,530.5767564591409,531.2494155408591,531.196290599305,target,116.39709031435859,4.11,112.2870903143586,0.8123122298658785,92300.55178773368
2025-06-23T16:15:00Z,2025-06-23T16:15:00Z,2025-06-23T16:15:00Z,long,0,134,528.312826,527.2845030780495,529.3411489219504,527.2317746277417,stop,-144.86088388260282,1.34,-146.20088388260282,-1.061000731354688,92154.35090385108
2025-06-24T14:30:00Z,2025-06-24T14:30:00Z,2025-06-26T18:00:00Z,long,0,16,537.4637409999999,529.0096764006424,545.9178055993574,545.8632138187975,target,134.391565100761,0.16,134.231565100761,0.9923596774308033,92288.58246895185
2025-06-30T15:45:00Z,2025-06-30T15:45:00Z,2025-07-01T14:30:00Z,long,0,42,550.6250570000001,547.3559895862328,553.8941244137674,547.3012539872742,stop,-139.59972653448676,0.42,-140.01972653448675,-1.0198024668093293,92148.56274241736
2025-07-01T16:15:00Z,2025-07-01T16:15:00Z,2025-07-02T14:45:00Z,short,0,46,547.235271,550.2379621177641,544.2325798822359,550.2929859139759,stop,-140.6548860428927,0.46,-141.11488604289272,-1.0216551731968413,92007.44785637446
2025-07-02T16:30:00Z,2025-07-02T16:30:00Z,2025-07-03T13:30:00Z,long,0,51,550.4750419999999,547.7944344893295,553.1556495106703,553.1003339457192,target,133.889889231682,0.51,133.379889231682,0.9756340438907518,92140.82774560615
2025-07-03T14:30:00Z,2025-07-03T14:30:00Z,2025-07-07T18:30:00Z,long,0,20,556.25562,549.610267723021,562.900972276979,549.5553066962487,stop,-134.00626607502545,0.2,-134.20626607502544,-1.0097754075426995,92006.62147953112
2025-07-08T18:15:00Z,2025-07-08T18:15:00Z,2025-07-08T19:00:00Z,long,0,118,553.335328,552.174845063607,554.495810936393,552.1196275791007,stop,-143.45264966612194,1.18,-144.63264966612195,-1.0561985725606935,91861.988829865
2025-07-09T15:45:00Z,2025-07-09T15:45:00Z,2025-07-10T13:30:00Z,long,0,66,554.675462,552.6065960858417,556.7443279141584,556.6886534813669,target,132.87063777021558,0.66,132.21063777021558,0.9682558292724647,91994.19946763522
2025-07-10T16:15:00Z,2025-07-10T16:15:00Z,2025-07-10T16:15:00Z,short,0,243,554.3945550000001,554.9614809942175,553.8276290057827,555.0169771423169,stop,-151.24858058299458,2.43,-153.67858058299458,-1.1155285676922673,91840.52088705222
2025-07-10T18:00:00Z,2025-07-10T18:00:00Z,2025-07-11T13:30:00Z,long,0,98,556.045599,554.6529142986032,557.4382837013969,554.5974490071733,stop,-141.91869929702216,0.98,-142.89869929702215,-1.0470065416559868,91697.6221877552
2025-07-14T14:45:00Z,2025-07-14T14:45:00Z,2025-07-14T14:45:00Z,short,0,178,554.304564,555.073825613696,553.535302386304,555.1293329962574,stop,-146.8088813338129,1.78,-148.5888813338129,-1.0851561827537712,91549.03330642139
2025-07-14T17:15:00Z,2025-07-14T17:15:00Z,2025-07-15T13:30:00Z,long,0,62,556.685663,554.5040737361268,558.8672522638732,558.8113655386468,target,131.79355739610196,0.62,131.17355739610196,0.9697987488674081,91680.2068638175
2025-07-15T14:30:00Z,2025-07-15T14:30:00Z,2025-07-16T13:30:00Z,long,0,33,559.825977,555.6603462901079,563.991607709892,555.6047802554789,stop,-139.29949256919565,0.33,-139.62949256919566,-1.0157397616820212,91540.5773712483
2025-07-16T15:00:00Z,2025-07-16T15:00:00Z,2025-07-16T15:30:00Z,short,0,43,555.254469,558.4415410915144,552.0673969084855,552.1226036481763,target,134.6702101284169,0.43,134.2402101284169,0.9795402369891785,91674.81758137672
2025-07-16T16:30:00Z,2025-07-16T16:30:00Z,2025-07-16T19:30:00Z,short,0,54,555.084486,557.6274224412925,552.5415495587074,557.6831851835367,stop,-140.32975591098307,0.54,-140.86975591098306,-1.0258609461000638,91533.94782546573
2025-07-21T15:30:00Z,2025-07-21T15:30:00Z,2025-07-22T13:45:00Z,long,0,29,565.486543,560.883598155669,570.089487844331,560.8275097958534,stop,-135.11196292025045,0.29,-135.40196292025044,-1.0143578430875582,91398.54586254548
2025-07-22T15:30:00Z,2025-07-22T15:30:00Z,2025-07-24T13:30:00Z,short,0,35,560.903904,564.7799062233183,557.0279017766817,564.8363842139406,stop,-137.63680748792126,0.35000000000000003,-137.98680748792125,-1.0171511745329627,91260.55905505756
2025-07-24T14:30:00Z,2025-07-24T14:30:00Z,2025-07-25T16:00:00Z,long,0,57,564.176412,561.7921299872768,566.5606940127233,566.504037943322,target,132.67467876935427,0.5700000000000001,132.10467876935428,0.9720435464238101,91392.6637338269
2025-07-28T15:00:00Z,2025-07-28T15:00:00Z,2025-07-29T13:30:00Z,long,0,75,568.286823,566.48144015068,570.0922058493201,570.0351966287351,target,131.12802215513,0.75,130.37802215513,0.9628836506283358,91523.04175598203
2025-07-29T15:30:00Z,2025-07-29T15:30:00Z,2025-07-29T15:30:00Z,long,0,1226,567.5967539999999,567.4848512619113,567.7086567380885,567.4281027767852,stop,-206.76639966126868,12.26,-219.02639966126867,-1.5964866120908323,91304.01535632077
2025-07-30T16:15:00Z,2025-07-30T16:15:00Z,2025-07-30T18:30:00Z,long,0,108,569.246919,567.9878633274295,570.5059746725706,570.4489240751034,target,129.8165481111596,1.08,128.73654811115958,0.9467453275276513,91432.75190443193
2025-07-31T15:45:00Z,2025-07-31T15:45:00Z,2025-07-31T17:15:00Z,long,0,64,570.567051,568.4423869928027,572.6917150071973,568.3855427541034,stop,-139.61652773738024,0.64,-140.25652773738022,-1.0314610867755047,91292.49537669455
2025-08-04T16:00:00Z,2025-08-04T16:00:00Z,2025-08-07T13:30:00Z,long,0,21,563.026297,556.6444106114968,569.4081833885032,569.3512425701643,target,132.82385697345126,0.21,132.61385697345125,0.9895108100859609,91425.109233668
2025-08-07T14:30:00Z,2025-08-07T14:30:00Z,2025-08-08T19:45:00Z,long,0,22,571.087103,564.8797560089126,577.2944499910873,574.492545,weekend_close,74.91972399999986,0.22,74.69972399999986,0.5470037368420458,91499.808957668
2025-08-11T15:15:00Z,2025-08-11T15:15:00Z,2025-08-11T19:30:00Z,long,0,55,575.477542,572.9948337110567,577.9602502889433,572.9375342276855,stop,-139.70042747729337,0.55,-140.25042747729339,-1.027107285890516,91359.55853019071
2025-08-12T16:15:00Z,2025-08-12T16:15:00Z,2025-08-13T13:30:00Z,long,0,33,578.197814,574.1278929145261,582.2677350854739,582.2095083119654,target,132.38591229485678,0.33,132.05591229485677,0.9832363399496777,91491.61444248557
2025-08-13T14:30:00Z,2025-08-13T14:30:00Z,2025-08-15T13:45:00Z,long,0,45,580.6880629999999,577.6527831638899,583.72334283611,577.5950178855735,stop,-139.18703014919004,0.45,-139.63703014919002,-1.0223258750347286,91351.97741233639
2025-08-18T14:45:00Z,2025-08-18T14:45:00Z,2025-08-19T13:30:00Z,short,0,72,575.972397,577.8696161159664,574.0751778840336,574.132585401822,target,132.4664350688172,0.72,131.7464350688172,0.9644703570498854,91483.72384740521
2025-08-19T15:45:00Z,2025-08-19T15:45:00Z,2025-08-20T13:30:00Z,short,0,28,571.862808,576.7218812390277,567.0037347609723,567.0604351344484,target,134.46644023544332,0.28,134.1864402354433,0.9862730256995509,91617.91028764065
2025-08-20T14:45:00Z,2025-08-20T14:45:00Z,2025-08-22T14:00:00Z,short,0,11,559.554039,571.4578480159631,547.6502299840369,571.5149938007647,stop,-131.57050280841213,0.11,-131.68050280841214,-1.0056406974197556,91486.22978483225
2025-08-25T16:45:00Z,2025-08-25T16:45:00Z,2025-08-25T19:45:00Z,long,0,63,573.117306,570.9620239388913,575.2725880611086,570.9049277364975,stop,-139.37983060065756,0.63,-140.00983060065755,-1.0311310540761993,91346.2199542316
2025-08-26T14:45:00Z,2025-08-26T14:45:00Z,2025-08-26T14:45:00Z,short,0,248,571.592835,572.1433448885246,571.0423251114755,571.0994293439867,target,122.36460269131112,2.48,119.88460269131112,0.8781053094413644,91466.1045569229
2025-08-26T16:45:00Z,2025-08-26T16:45:00Z,2025-08-26T16:45:00Z,short,0,940,571.452849,571.5986526986281,571.3070453013719,571.364176005902,target,83.3526144521511,9.4,73.9526144521511,0.5395816075879396,91540.05717137505
2025-08-27T15:15:00Z,2025-08-27T15:15:00Z,2025-08-28T13:30:00Z,long,0,80,573.047299,571.3360736807218,574.7585243192781,574.7010484668461,target,132.29995734769545,0.8,131.49995734769544,0.9605686921109843,91671.55712872275
2025-08-28T14:45:00Z,2025-08-28T14:45:00Z,2025-08-29T13:45:00Z,long,0,52,575.417536,572.8128887311601,578.02218326884,572.755607442287,stop,-138.4202850010788,0.52,-138.94028500107882,-1.0258312477386216,91532.61684372167
2025-09-02T14:30:00Z,2025-09-02T14:30:00Z,2025-09-03T14:30:00Z,short,0,22,565.163478,571.2563926821732,559.0705633178269,571.3135183214414,stop,-135.30088707170944,0.22,-135.52088707170944,-1.0110169997069838,91397.09595664997
2025-09-03T15:00:00Z,2025-09-03T15:00:00Z,2025-09-05T13:30:00Z,long,0,18,571.367131,563.8918676457675,578.8423943542324,578.784510114797,target,133.5128240663455,0.18,133.3328240663455,0.9909188163388227,91530.4287807163
2025-09-09T18:30:00Z,2025-09-09T18:30:00Z,2025-09-09T19:45:00Z,long,0,115,579.687963,578.5019713695721,580.8739546304279,580.8158672349648,target,129.70898702095553,1.1500000000000001,128.55898702095553,0.9425903238132379,91658.98776773726
2025-09-11T15:45:00Z,2025-09-11T15:45:00Z,2025-09-12T18:45:00Z,long,0,39,584.298424,580.8331967039614,587.7636512960385,587.7048749309089,target,132.85158630544834,0.39,132.46158630544835,0.9801524231301652,91791.4493540427
2025-09-15T14:30:00Z,2025-09-15T14:30:00Z,2025-09-17T18:15:00Z,long,0,31,590.339028,586.0117920582996,594.6662639417003,585.9531908790938,stop,-135.96095074809273,0.31,-136.27095074809273,-1.0158533484492467,91655.17840329462
2025-09-18T15:15:00Z,2025-09-18T15:15:00Z,2025-09-19T19:45:00Z,long,0,16,597.299724,588.8622783211174,605.7371696788825,599.3900550000001,weekend_close,33.44529600000169,0.16,33.28529600000169,0.24655933551155249,91688.46369929462
2025-09-22T15:15:00Z,2025-09-22T15:15:00Z,2025-09-22T18:15:00Z,long,0,58,600.110005,597.7695637831966,602.4504462168034,602.3902011721817,target,132.25137798653964,0.58,131.67137798653962,0.9699864093499511,91820.13507728116
2025-09-23T17:45:00Z,2025-09-23T17:45:00Z,2025-09-24T16:00:00Z,short,0,35,597.450249,601.3191806376564,593.5813173623436,593.6406754940798,target,133.33507270720645,0.35000000000000003,132.98507270720646,0.982073053175423,91953.12014998836
2025-09-25T14:30:00Z,2025-09-25T14:30:00Z,2025-09-25T18:00:00Z,short,0,41,593.190675,596.5489146063626,589.8324353936375,589.8914186371769,target,135.2695108757489,0.41000000000000003,134.8595108757489,0.979458510521795,92087.9796608641
2025-09-25T18:45:00Z,2025-09-25T18:45:00Z,2025-09-26T13:30:00Z,short,0,114,593.290665,594.4929626510681,592.0883673489319,594.5524119473332,stop,-143.83915199598732,1.1400000000000001,-144.9791519959873,-1.057763812649427,91943.00050886812
2025-09-29T14:30:00Z,2025-09-29T14:30:00Z,2025-10-03T19:45:00Z,long,0,18,601.670161,594.3084011149942,609.0319208850058,603.089685,weekend_close,25.551432000000432,0.18,25.371432000000432,0.1914656307754487,91968.37194086812
2025-10-06T15:45:00Z,2025-10-06T15:45:00Z,2025-10-07T15:30:00Z,long,0,43,607.640758,604.4536044166817,610.8279115833183,604.39315905624,stop,-139.646754581678,0.43,-140.07675458167802,-1.0221029073749082,91828.29518628644
2025-10-07T17:15:00Z,2025-10-07T17:15:00Z,2025-10-08T14:00:00Z,short,0,38,604.529541,608.1267208719798,600.9323611280201,608.187533544067,stop,-139.0037166745476,0.38,-139.3837166745476,-1.0196856077836942,91688.91146961189
2025-10-08T16:00:00Z,2025-10-08T16:00:00Z,2025-10-10T15:00:00Z,long,0,32,609.600954,605.3252651950728,613.8766428049272,605.2647326685533,stop,-138.75908260629512,0.32,-139.07908260629512,-1.0164961786831266,91549.83238700559
2025-10-13T17:15:00Z,2025-10-13T17:15:00Z,2025-10-14T13:30:00Z,long,0,43,601.890183,598.766410172312,605.0139558276879,598.7065335312948,stop,-136.89692715432352,0.43,-137.32692715432353,-1.0223693094446178,91412.50545985127
2025-10-14T18:15:00Z,2025-10-14T18:15:00Z,2025-10-14T19:30:00Z,long,0,43,601.650159,598.4677682973015,604.8325497026985,598.4079215204717,stop,-139.41621161971625,0.43,-139.84621161971626,-1.0219478949490852,91272.65924823155
2025-10-15T15:15:00Z,2025-10-15T15:15:00Z,2025-10-15T17:00:00Z,long,0,24,605.8505789999999,600.2658506688778,611.4353073311221,600.2058240838109,stop,-135.47411798853773,0.24,-135.71411798853774,-1.0125389420782867,91136.94513024301
2025-10-15T18:30:00Z,2025-10-15T18:30:00Z,2025-10-15T18:45:00Z,short,0,86,601.3398599999999,602.9197184357633,599.7600015642365,602.9800104076069,stop,-141.05293505419672,0.86,-141.91293505419674,-1.0444925762032342,90995.03219518882
2025-10-16T14:30:00Z,2025-10-16T14:30:00Z,2025-10-16T16:15:00Z,long,0,30,606.040598,601.585488872642,610.4957071273581,601.5253303237548,stop,-135.4580302873569,0.3,-135.75803028735692,-1.0157478856031574,90859.27416490146
2025-10-16T18:15:00Z,2025-10-16T18:15:00Z,2025-10-17T18:15:00Z,short,0,19,597.010293,604.1143024141801,589.90628358582,604.1747138444215,stop,-136.1239960440074,0.19,-136.3139960440074,-1.0099115057619232,90722.96016885746
2025-10-20T14:30:00Z,2025-10-20T14:30:00Z,2025-10-22T16:30:00Z,long,0,14,611.151109,601.4917330207863,620.8104849792137,601.4315838474843,stop,-136.0733521352206,0.14,-136.2133521352206,-1.0072622883147975,90586.74681672224
2025-10-23T15:45:00Z,2025-10-23T15:45:00Z,2025-10-23T17:00:00Z,long,0,51,607.66076,604.9976746305742,610.3238453694257,610.2628129848888,target,132.70470222932954,0.51,132.19470222932955,0.9733270343668156,90718.94151895157
2025-10-23T18:45:00Z,2025-10-23T18:45:00Z,2025-10-24T13:30:00Z,long,0,37,610.9110850000001,607.2423192227096,614.5798507772905,614.5183927922128,target,133.47038831187126,0.37,133.10038831187126,0.9805226091237462,90852.04190726344
2025-10-27T14:30:00Z,2025-10-27T14:30:00Z,2025-10-29T13:30:00Z,long,0,14,625.852579,616.1212225181698,635.5839354818302,635.520377088282,target,135.34917323594777,0.14,135.2091732359478,0.9924410955774219,90987.2510804994
2025-10-29T14:45:00Z,2025-10-29T14:45:00Z,2025-10-29T18:30:00Z,long,0,27,635.923586,630.9894747883365,640.8576972116635,630.9263758408576,stop,-134.9246742968436,0.27,-135.1946742968436,-1.0148150182156437,90852.05640620255
2025-10-30T14:30:00Z,2025-10-30T14:30:00Z,2025-10-31T19:45:00Z,short,0,27,629.557038,634.4679338278363,624.6461421721638,629.252919,weekend_close,8.211213000000384,0.27,7.941213000000385,0.05989110954723762,90859.99761920255
2025-11-03T16:00:00Z,2025-11-03T16:00:00Z,2025-11-04T14:30:00Z,long,0,66,631.683162,629.6198076914843,633.7465163085158,629.5568457107152,stop,-140.33687509280253,0.66,-140.99687509280253,-1.0353608589993664,90719.00074410974
2025-11-04T16:15:00Z,2025-11-04T16:15:00Z,2025-11-06T15:00:00Z,short,0,17,624.197574,632.043952299353,616.351195700647,616.4128308202171,target,132.3406340563099,0.17,132.17063405630992,0.9908702949517553,90851.17137816605
2025-11-06T16:45:00Z,2025-11-06T16:45:00Z,2025-11-07T17:00:00Z,short,0,10,611.688825,624.5236869391945,598.8539630608054,598.9138484571115,target,127.74976542888453,0.1,127.64976542888454,0.9945550332650904,90978.82114359493
2025-11-10T15:30:00Z,2025-11-10T15:30:00Z,2025-11-14T14:30:00Z,long,0,8,621.542148,605.2479286329556,637.8363673670444,605.1874038400923,stop,-130.83795327926146,0.08,-130.91795327926147,-1.0043282093652113,90847.90319031567
2025-11-17T16:30:00Z,2025-11-17T16:30:00Z,2025-11-17T16:45:00Z,short,0,57,607.999194,610.3870958939334,605.6112921060666,610.4481346035228,stop,-139.58961440080122,0.5700000000000001,-140.15961440080122,-1.029749425539587,90707.74357591486
2025-11-18T15:45:00Z,2025-11-18T15:45:00Z,2025-11-20T14:30:00Z,short,0,10,594.150579,606.5456969454132,581.7554610545868,606.6063515151077,stop,-124.55772515107697,0.1,-124.65772515107696,-1.005700193415317,90583.08585076379
2025-11-20T16:00:00Z,2025-11-20T16:00:00Z,2025-11-20T16:45:00Z,long,0,11,610.551049,598.5382995488392,622.5637984511609,598.4784457188842,stop,-132.79863609227368,0.11,-132.9086360922737,-1.0058149743519527,90450.17721467152
2025-11-20T19:00:00Z,2025-11-20T19:00:00Z,2025-11-21T20:45:00Z,short,0,8,589.071087,604.2217850593213,573.9203889406788,590.219016,weekend_close,-9.183431999999812,0.08,-9.263431999999812,-0.07642743558522551,90440.91378267152
2025-11-24T16:00:00Z,2025-11-24T16:00:00Z,2025-11-26T14:30:00Z,long,0,13,601.540148,591.5317970647377,611.5484989352624,611.4873440853688,target,129.31354910979405,0.13,129.18354910979406,0.9928904521480287,90570.0973317813
2025-12-01T18:15:00Z,2025-12-01T18:15:00Z,2025-12-02T14:30:00Z,long,0,41,619.0118950000001,615.7641348228684,622.2596551771318,622.1974292116141,target,130.60690267617508,0.41000000000000003,130.19690267617509,0.9777612996100462,90700.29423445748
2025-12-02T16:45:00Z,2025-12-02T16:45:00Z,2025-12-02T17:15:00Z,long,0,65,619.431937,617.3589596237146,621.5049143762853,621.4427638848477,target,130.70374751510712,0.65,130.05374751510712,0.9651947521169383,90830.34798197259
2025-12-02T18:45:00Z,2025-12-02T18:45:00Z,2025-12-02T19:45:00Z,long,0,69,621.1121049999999,619.1400446342271,623.0841653657727,623.0218569492362,target,131.77288449730042,0.6900000000000001,131.08288449730043,0.9633335683878941,90961.43086646989
2025-12-03T18:00:00Z,2025-12-03T18:00:00Z,2025-12-04T14:30:00Z,long,0,67,622.822276,620.7858902218637,624.8586617781363,624.7961759119585,target,132.25129410121838,0.67,131.5812941012184,0.9644046491799206,91093.0121605711
2025-12-08T15:30:00Z,2025-12-08T15:30:00Z,2025-12-08T15:30:00Z,long,0,654,625.052499,624.8437954861987,625.2612025138013,624.78131110665,stop,-177.35688225088347,6.54,-183.89688225088346,-1.3473079021451952,90909.11527832021
2025-12-08T18:00:00Z,2025-12-08T18:00:00Z,2025-12-08T18:15:00Z,short,0,136,624.427551,625.4299432288792,623.4251587711208,623.4875012869978,target,127.8467609682948,1.36,126.4867609682948,0.9278301309678592,91035.60203928851
2025-12-08T19:45:00Z,2025-12-08T19:45:00Z,2025-12-09T15:45:00Z,short,0,68,622.597734,624.6012943522308,620.5941736477691,624.6637544816659,stop,-140.48939275328712,0.68,-141.16939275328713,-1.0361656834317479,90894.43264653522
2025-12-09T17:30:00Z,2025-12-09T17:30:00Z,2025-12-10T14:30:00Z,long,0,68,625.282522,623.3050790470971,627.2599649529028,623.2427485391925,stop,-138.70459533491066,0.68,-139.38459533491067,-1.036577797502829,90755.04805120031
2025-12-10T16:45:00Z,2025-12-10T16:45:00Z,2025-12-10T19:00:00Z,short,0,87,623.247669,624.7994533626488,621.6958846373511,624.861933307985,stop,-140.44099479470208,0.87,-141.31099479470208,-1.046707485318717,90613.7370564056
2025-12-11T17:00:00Z,2025-12-11T17:00:00Z,2025-12-11T19:15:00Z,short,0,29,620.3579579999999,624.9439679179202,615.7719480820797,625.0064623147119,stop,-134.806625126648,0.29,-135.09662512664798,-1.0158077278700315,90478.64043127895
2025-12-15T16:45:00Z,2025-12-15T16:45:00Z,2025-12-16T15:15:00Z,short,0,30,611.778816,616.1601540582973,607.3974779417027,607.4582176894969,target,129.61794931509303,0.3,129.31794931509302,0.9838543050426779,90607.95838059405
2025-12-16T17:30:00Z,2025-12-16T17:30:00Z,2025-12-16T20:15:00Z,short,0,51,609.189075,611.8403116613247,606.5378383386753,611.9014956924908,stop,-138.33345531703128,0.51,-138.84345531703127,-1.0268493689018952,90469.11492527701
2025-12-17T17:30:00Z,2025-12-17T17:30:00Z,2025-12-18T14:30:00Z,short,0,20,604.0895849999999,610.731029907254,597.4481400927459,610.7921030102447,stop,-134.05036020489433,0.2,-134.25036020489432,-1.0107014518652502,90334.86456507212
2025-12-18T17:00:00Z,2025-12-18T17:00:00Z,2025-12-19T20:45:00Z,long,0,17,612.371231,604.5805550760684,620.1619069239315,617.178276,weekend_close,81.71976500000028,0.17,81.54976500000028,0.6157418235386191,90416.41433007212
2025-12-22T15:30:00Z,2025-12-22T15:30:00Z,2025-12-24T16:00:00Z,long,0,33,619.251919,615.2400305818065,623.2638074181936,623.2014810374517,target,130.3355472359042,0.33,130.00554723590417,0.9819719859570688,90546.41987730803
2025-12-29T16:45:00Z,2025-12-29T16:45:00Z,2025-12-31T20:00:00Z,short,0,32,619.6580280000001,623.8384713445462,615.4775846554539,615.5391324139194,target,131.80465875457958,0.32,131.48465875457958,0.9828851266316405,90677.9045360626
2026-01-05T16:45:00Z,2026-01-05T16:45:00Z,2026-01-07T16:30:00Z,long,0,21,620.2220159999999,614.0336014739464,626.4104305260535,626.3477894830008,target,128.64124314301887,0.21,128.43124314301886,0.9882617683823861,90806.33577920562
2026-01-07T16:45:00Z,2026-01-07T16:45:00Z,2026-01-08T14:30:00Z,long,0,29,626.732667,622.0359892423203,631.4293447576797,621.973785643396,stop,-138.0075593415154,0.29,-138.29755934151538,-1.015373334652608,90668.0382198641
2026-01-08T16:00:00Z,2026-01-08T16:00:00Z,2026-01-09T16:00:00Z,short,0,26,620.487945,625.6637391142679,615.3121508857321,625.7263054881793,stop,-136.1973726926617,0.26,-136.4573726926617,-1.0140203362632543,90531.58084717144
2026-01-12T17:45:00Z,2026-01-12T17:45:00Z,2026-01-13T14:30:00Z,long,0,71,627.422736,625.5268650633182,629.3186069366818,629.2556750759882,target,130.1386743951607,0.71,129.4286743951607,0.9615312101248314,90661.00952156661
2026-01-14T15:30:00Z,2026-01-14T15:30:00Z,2026-01-15T14:30:00Z,short,0,18,619.088085,626.3053029460226,611.8708670539773,626.3679334763171,stop,-131.03727257370906,0.18,-131.21727257370907,-1.0100635079663305,90529.7922489929
2026-01-15T16:30:00Z,2026-01-15T16:30:00Z,2026-01-16T20:45:00Z,long,0,16,626.2026139999999,617.9905464505878,634.4146815494121,620.977896,weekend_close,-83.59548799999902,0.16,-83.75548799999902,-0.6374421506523843,90446.03676099291
2026-01-20T15:45:00Z,2026-01-20T15:45:00Z,2026-01-22T14:30:00Z,short,0,16,614.048589,622.0648603326102,606.0323176673897,622.1270668186435,stop,-129.25564509829564,0.16,-129.41564509829564,-1.0090074902703825,90316.62111589461
2026-01-22T16:30:00Z,2026-01-22T16:30:00Z,2026-01-23T20:45:00Z,long,0,18,621.072101,613.5756479260084,628.5685540739915,622.717722,weekend_close,29.6211780000001,0.18,29.4411780000001,0.21818598527277913,90346.0622938946
2026-01-26T16:00:00Z,2026-01-26T16:00:00Z,2026-01-27T14:45:00Z,long,0,34,626.392633,622.4326741369366,630.3525918630635,630.2895566038771,target,132.49540253182136,0.34,132.15540253182135,0.9815565611381539,90478.21769642642
2026-01-27T16:00:00Z,2026-01-27T16:00:00Z,2026-01-29T15:00:00Z,long,0,25,631.243118,625.8555256266363,636.6307103733636,625.7929400740737,stop,-136.25444814815637,0.25,-136.50444814815637,-1.013472725390561,90341.71324827826
2026-01-29T16:45:00Z,2026-01-29T16:45:00Z,2026-01-30T20:45:00Z,short,0,12,622.4277510000001,633.058380687719,611.7971213122811,621.872181,weekend_close,6.66684000000123,0.12,6.54684000000123,0.051320572348632576,90348.26008827826
2026-02-02T17:15:00Z,2026-02-02T17:15:00Z,2026-02-03T14:45:00Z,long,0,29,627.4927429999999,622.9747185301981,632.0107674698017,622.9124210583451,stop,-132.82933630798925,0.29,-133.11933630798924,-1.0160020098023348,90215.14075197026
2026-02-03T16:15:00Z,2026-02-03T16:15:00Z,2026-02-03T19:00:00Z,short,0,17,618.9780959999999,626.7145087103506,611.2416832896492,611.3028074579782,target,130.47990521436873,0.17,130.30990521436874,0.9908065700484356,90345.45065718463
2026-02-04T16:00:00Z,2026-02-04T16:00:00Z,2026-02-04T17:30:00Z,short,0,18,609.349059,616.7407471796797,601.9573708203203,602.0175665574023,target,131.96686396675796,0.18,131.78686396675795,0.9905034228479749,90477.23752115139
2026-02-05T16:30:00Z,2026-02-05T16:30:00Z,2026-02-06T17:15:00Z,short,0,18,600.3899550000001,607.5867904048512,593.193119595149,607.6475490838917,stop,-130.63669351004887,0.18,-130.81669351004888,-1.0098319157046216,90346.42082764134
2026-02-09T16:15:00Z,2026-02-09T16:15:00Z,2026-02-12T16:00:00Z,long,0,17,614.191413,606.2912020966962,622.0916239033038,606.2305729764865,stop,-135.33428039972898,0.17,-135.50428039972897,-1.0089401562912892,90210.9165472416
2026-02-12T17:15:00Z,2026-02-12T17:15:00Z,2026-02-13T20:45:00Z,short,0,12,602.849709,613.2773832595291,592.4220347404708,601.8401779999999,weekend_close,12.114372000000458,0.12,11.994372000000459,0.09585368463985511,90222.9109192416
2026-02-17T15:45:00Z,2026-02-17T15:45:00Z,2026-02-18T14:45:00Z,short,0,13,594.780516,604.5835722468438,584.9774597531563,604.6440306040685,stop,-128.22568985288956,0.13,-128.35568985288955,-1.0071873868159582,90094.55522938872
2026-02-18T16:15:00Z,2026-02-18T16:15:00Z,2026-02-19T18:15:00Z,long,0,16,609.1309070000001,601.0719843410459,617.1898296589543,601.0118771426118,stop,-129.90447771821346,0.16,-130.06447771821345,-1.008699326374133,89964.4907516705
2026-02-23T17:00:00Z,2026-02-23T17:00:00Z,2026-02-24T15:15:00Z,short,0,20,600.599934,607.0915703482179,594.108297651782,607.1522795052527,stop,-131.04691010505576,0.2,-131.24691010505575,-1.0108923472052185,89833.24384156545
2026-02-24T17:00:00Z,2026-02-24T17:00:00Z,2026-02-25T14:30:00Z,long,0,22,607.840778,601.8216970075006,613.8598589924994,613.7984730066001,target,131.06929014520324,0.22,130.84929014520324,0.9881400522790382,89964.09313171064
2026-02-25T15:30:00Z,2026-02-25T15:30:00Z,2026-02-26T15:15:00Z,long,0,15,615.321526,606.3440393671177,624.2990126328822,606.283404963181,stop,-135.5718155522834,0.15,-135.7218155522834,-1.0078679486614823,89828.37131615836
2026-02-26T17:00:00Z,2026-02-26T17:00:00Z,2026-02-27T20:45:00Z,short,0,16,606.3493589999999,614.560285871607,598.1384321283929,607.510745,weekend_close,-18.58217600000171,0.16,-18.74217600000171,-0.1426618478421354,89809.62914015836
2026-03-02T16:00:00Z,2026-03-02T16:00:00Z,2026-03-02T16:00:00Z,short,0,156,605.619432,606.480871867686,604.7579921323139,606.5415199548728,stop,-143.84572096016245,1.56,-145.40572096016245,-1.0820116294089834,89664.2234191982
2026-03-02T18:30:00Z,2026-03-02T18:30:00Z,2026-03-03T14:30:00Z,long,0,44,608.46084,605.4347535480716,611.4869264519283,605.3742100727168,stop,-135.8117168004601,0.44,-136.2517168004601,-1.0233117845360613,89527.97170239774
2026-03-03T16:15:00Z,2026-03-03T16:15:00Z,2026-03-04T15:00:00Z,short,0,12,597.170277,607.8146727932826,586.5258812067175,607.8754542605619,stop,-128.46212712674242,0.12,-128.58212712674242,-1.0066496463166061,89399.389575271
2026-03-04T15:30:00Z,2026-03-04T15:30:00Z,2026-03-06T14:30:00Z,long,0,13,611.041098,601.1575019853644,620.9246940146356,601.0973862351659,stop,-129.26825294284356,0.13,-129.39825294284356,-1.0070941537973317,89269.99132232815
2026-03-10T14:30:00Z,2026-03-10T14:30:00Z,2026-03-12T13:45:00Z,long,0,15,608.16081,599.3683791685711,616.9532408314288,599.3084423306542,stop,-132.7855150401865,0.15,-132.93551504018652,-1.007954209621633,89137.05580728796
2026-03-12T14:30:00Z,2026-03-12T14:30:00Z,2026-03-13T19:45:00Z,short,0,14,598.850109,607.781051141371,589.919166858629,593.749369,weekend_close,71.41035999999963,0.14,71.27035999999963,0.5700115306332593,89208.32616728796
2026-03-16T16:00:00Z,2026-03-16T16:00:00Z,2026-03-17T13:45:00Z,long,0,30,600.520046,596.0614068141588,604.9786851858412,604.9181873173226,target,131.94423951967792,0.3,131.6442395196779,0.9841884786859447,89339.97040680764
2026-03-17T15:00:00Z,2026-03-17T15:00:00Z,2026-03-18T14:15:00Z,long,0,27,605.010495,600.1200732103358,609.9009167896642,600.0600612030148,stop,-133.66171251859987,0.27,-133.93171251859988,-1.0143161490628427,89206.03869428903
2026-03-18T15:45:00Z,2026-03-18T15:45:00Z,2026-03-18T18:30:00Z,short,0,53,600.629931,603.1470911623725,598.1127708376276,598.1725821147114,target,130.23949092029784,0.53,129.70949092029784,0.9722658581176715,89335.74818520933
2026-03-23T16:00:00Z,2026-03-23T16:00:00Z,2026-03-23T18:00:00Z,long,0,56,587.788773,585.4090905153007,590.1684554846993,590.1094386391508,target,129.9572757924434,0.56,129.3972757924434,0.9709974561764974,89465.14546100178
2026-03-24T15:45:00Z,2026-03-24T15:45:00Z,2026-03-24T16:30:00Z,short,0,59,586.831311,589.08076512659,584.5818568734101,584.6403150590974,target,129.26876051325735,0.59,128.67876051325734,0.9695667562729636,89593.82422151504
2026-03-24T18:00:00Z,2026-03-24T18:00:00Z,2026-03-25T13:30:00Z,short,0,48,584.501544,587.2553648426262,581.7477231573737,587.3140903791106,stop,-135.00222619730812,0.48,-135.4822261973081,-1.0249564297794915,89458.34199531774
2026-03-25T15:45:00Z,2026-03-25T15:45:00Z,2026-03-25T17:30:00Z,long,0,64,587.718766,585.6236054245021,589.8139265754978,589.7549451828403,target,130.31546770178102,0.64,129.67546770178103,0.9670758444654596,89588.01746301951
2026-03-25T18:00:00Z,2026-03-25T18:00:00Z,2026-03-25T18:45:00Z,long,0,73,589.038898,587.2013252706491,590.8764707293509,587.1426051381221,stop,-138.4293789170864,0.73,-139.1593789170864,-1.0373972313745043,89448.85808410242
2026-03-26T14:45:00Z,2026-03-26T14:45:00Z,2026-03-26T17:45:00Z,short,0,20,581.781816,588.241244658429,575.3223873415711,575.3799195803052,target,128.03792839389644,0.2,127.83792839389643,0.9895451684188856,89576.69601249632
2026-03-30T17:45:00Z,2026-03-30T17:45:00Z,2026-03-30T19:15:00Z,short,0,28,560.453949,565.1143553020966,555.7935426979034,555.8491220521731,target,128.93515453915143,0.28,128.65515453915143,0.9859284040878044,89705.35116703548
2026-03-31T16:00:00Z,2026-03-31T16:00:00Z,2026-03-31T16:30:00Z,long,0,29,565.8865830000001,561.2717190260627,570.5014469739375,570.4443968292401,target,132.1766010479597,0.29,131.88660104795972,0.9854708296764336,89837.23776808343
2026-03-31T17:30:00Z,2026-03-31T17:30:00Z,2026-04-01T14:45:00Z,long,0,12,574.567451,563.4477723938785,585.6871296061215,585.628560893161,target,132.73331871793152,0.12,132.61331871793152,0.993833570610323,89969.85108680137
2026-04-02T17:00:00Z,2026-04-02T17:00:00Z,2026-04-02T17:15:00Z,long,0,121,582.578252,581.4641357868218,583.6923682131783,583.6339989763569,target,127.74538413918322,1.21,126.53538413918322,0.938633657770471,90096.38647094055
2026-04-02T18:15:00Z,2026-04-02T18:15:00Z,2026-04-02T18:15:00Z,long,0,195,582.688263,581.9959758777351,583.3805501222649,581.9377762801473,stop,-146.34491037127418,1.95,-148.29491037127417,-1.0985134569087938,89948.09156056927
2026-04-07T16:00:00Z,2026-04-07T16:00:00Z,2026-04-07T17:30:00Z,short,0,30,582.4017540000001,586.7606872628022,578.042820737198,586.8193633315285,stop,-132.52827994585232,0.3,-132.82827994585233,-1.0157552466591682,89815.26328062342
2026-04-08T15:30:00Z,2026-04-08T15:30:00Z,2026-04-10T19:45:00Z,long,0,6,604.270421,584.2910474197284,624.2497945802717,610.958898,weekend_close,40.130861999999524,0.06,40.07086199999952,0.3342685882101179,89855.33414262341
2026-04-13T16:30:00Z,2026-04-13T16:30:00Z,2026-04-13T19:45:00Z,long,0,41,613.56135,610.3398330866021,616.7828669133978,616.7211886267065,target,129.5533836949695,0.41000000000000003,129.14338369496951,0.9777501442276496,89984.47752631838
2026-04-14T17:00:00Z,2026-04-14T17:00:00Z,2026-04-15T18:45:00Z,long,0,14,626.442638,617.219580434259,635.665695565741,635.6021289961844,target,128.23287394658223,0.14,128.09287394658224,0.9920236245917184,90112.57040026497
2026-04-16T16:00:00Z,2026-04-16T16:00:00Z,2026-04-17T15:30:00Z,long,0,17,641.574151,633.6328198949756,649.5154821050245,649.450530556814,target,133.8984524658373,0.17,133.7284524658373,0.9905618406764227,90246.2988527308
2026-04-20T16:45:00Z,2026-04-20T16:45:00Z,2026-04-21T13:30:00Z,short,0,75,645.2554680000001,647.0578229018755,643.4531130981246,647.1225286841657,stop,-140.0295513124206,0.75,-140.7795513124206,-1.0414489855535256,90105.51930141839
2026-04-21T18:00:00Z,2026-04-21T18:00:00Z,2026-04-21T19:00:00Z,short,0,96,645.645429,647.0404508091561,644.2504071908439,647.1051548542371,stop,-140.1336820067554,0.96,-141.09368200675542,-1.0535504495991508,89964.42561941163
2026-04-22T15:15:00Z,2026-04-22T15:15:00Z,2026-04-23T17:45:00Z,long,0,20,652.5052440000001,645.9753204681829,659.0351675318173,645.910722936136,stop,-131.89042127728044,0.2,-132.09042127728043,-1.011423951855386,89832.33519813434
2026-04-27T17:45:00Z,2026-04-27T17:45:00Z,2026-04-28T13:30:00Z,long,0,60,663.9763909999999,661.7649117464986,666.1878702535013,661.698735255324,stop,-136.6593446805564,0.6,-137.25934468055638,-1.034445944294517,89695.07585345379
2026-04-28T15:45:00Z,2026-04-28T15:45:00Z,2026-04-30T13:30:00Z,short,0,15,654.3845550000001,662.8004115586389,645.9686984413613,662.8666915997948,stop,-127.23204899692007,0.15,-127.38204899692008,-1.009063847586327,89567.69380445687
2026-04-30T16:30:00Z,2026-04-30T16:30:00Z,2026-04-30T19:00:00Z,long,0,31,663.736367,659.4057104567634,668.0670235432366,668.0002168408822,target,132.17934506734957,0.31,131.86934506734957,0.982264420743704,89699.56314952421
2026-05-04T17:45:00Z,2026-05-04T17:45:00Z,2026-05-04T18:45:00Z,short,0,100,672.742719,674.0762767742522,671.4091612257478,671.4763021418703,target,126.64168581296735,1.0,125.64168581296735,0.9421540501567074,89825.20483533718
2026-05-05T15:45:00Z,2026-05-05T15:45:00Z,2026-05-06T13:45:00Z,long,0,15,681.5881519999999,673.0426440259977,690.1336599740022,690.0646466080048,target,127.14741912007241,0.15,126.99741912007241,0.9907538128525769,89952.20225445725
2026-05-06T14:30:00Z,2026-05-06T14:30:00Z,2026-05-07T13:30:00Z,long,0,15,688.5088440000001,679.9021936039346,697.1154943960655,697.0457828466259,target,128.05408269938766,0.15,127.90408269938766,0.9907383772116451,90080.10633715664
2026-05-07T14:30:00Z,2026-05-07T14:30:00Z,2026-05-08T17:00:00Z,long,0,14,699.6099539999999,690.1590116251136,709.0608963748862,708.9899902852487,target,131.3205079934835,0.14,131.1805079934835,0.9914393627187448,90211.28684515013
2026-05-11T14:45:00Z,2026-05-11T14:45:00Z,2026-05-12T13:45:00Z,long,0,23,711.861179,706.1048679672598,717.6174900327402,706.0342574804631,stop,-134.01919494934828,0.23,-134.24919494934827,-1.0140038448822852,90077.03765020079
2026-05-12T15:45:00Z,2026-05-12T15:45:00Z,2026-05-13T15:30:00Z,short,0,12,701.189874,712.1971375759213,690.1826104240788,712.2683572896789,stop,-132.94179947614612,0.12,-133.06179947614612,-1.0073787379758294,89943.97585072464
2026-05-14T15:00:00Z,2026-05-14T15:00:00Z,2026-05-15T13:30:00Z,long,0,17,719.5319460000001,711.9913177190656,727.0725742809345,711.9201185872937,stop,-129.40106601600814,0.17,-129.57106601600813,-1.0107682183429187,89814.40478470863
2026-05-18T14:30:00Z,2026-05-18T14:30:00Z,2026-05-18T16:15:00Z,short,0,21,707.0292900000001,713.4115500491888,700.6470299508113,700.7170946538064,target,132.55610227006719,0.21,132.34610227006718,0.9874551174069996,89946.7508869787
2026-05-19T15:30:00Z,2026-05-19T15:30:00Z,2026-05-19T17:00:00Z,short,0,20,697.780215,704.4245376424144,691.1358923575856,704.4949800961787,stop,-134.29530192357333,0.2,-134.49530192357332,-1.012106945748051,89812.25558505513
2026-05-20T15:00:00Z,2026-05-20T15:00:00Z,2026-05-22T13:30:00Z,long,0,18,709.910984,702.68103446278,717.14093353722,717.0692194438662,target,128.8482379895927,0.18,128.66823798959268,0.9886978335141766,89940.92382304472
2026-05-26T15:00:00Z,2026-05-26T15:00:00Z,2026-05-29T13:45:00Z,long,0,12,729.7329659999999,718.5574192314837,740.9085127685162,740.8344219172393,target,133.21747100687253,0.12,133.09747100687252,0.9924754597677691,90074.02129405159
2026-06-01T14:30:00Z,2026-06-01T14:30:00Z,2026-06-01T14:30:00Z,long,0,120,738.17381,737.0550110260227,739.2926089739773,739.2186797130798,target,125.38436556958004,1.2,124.18436556958004,0.9249827155283498,90198.20565962118
2026-06-01T16:00:00Z,2026-06-01T16:00:00Z,2026-06-01T17:30:00Z,long,0,36,741.084101,737.3936709811104,744.7745310188897,744.7000535657878,target,130.17429236836006,0.36,129.81429236836004,0.9771090488996003,90328.01995198954
2026-06-02T15:45:00Z,2026-06-02T15:45:00Z,2026-06-03T13:30:00Z,long,0,40,745.234516,741.9076300595156,748.5614019404844,748.4865458002904,target,130.08119201161662,0.4,129.68119201161662,0.974493823439688,90457.70114400116
2026-06-03T18:00:00Z,2026-06-03T18:00:00Z,2026-06-03T18:00:00Z,short,0,402,744.545538,744.8828828173594,744.2081931826406,744.2826140019588,target,105.69544721255193,4.0200000000000005,101.67544721255193,0.7497491736229,90559.3765912137
2026-06-04T15:45:00Z,2026-06-04T15:45:00Z,2026-06-05T13:30:00Z,short,0,27,738.966096,743.83203158866,734.10016041134,734.1735704273812,target,129.39819046070875,0.27,129.12819046070874,0.9828583805680523,90688.5047816744
2026-06-08T17:00:00Z,2026-06-08T17:00:00Z,2026-06-08T17:00:00Z,long,0,58,719.201913,716.8682088504017,721.5356171495982,716.7965220295167,stop,-139.51267628802952,0.58,-140.09267628802954,-1.0350030747895285,90548.41210538638
2026-06-09T16:45:00Z,2026-06-09T16:45:00Z,2026-06-12T14:00:00Z,short,0,4,689.821011,718.6664178391524,660.9756041608476,718.7382844809363,stop,-115.6690939237451,0.04,-115.7090939237451,-1.002838117078411,90432.70301146264
2026-06-15T14:30:00Z,2026-06-15T14:30:00Z,2026-06-23T13:30:00Z,long,0,5,741.1441070000001,718.2726911025892,764.015522897411,718.2008638334789,stop,-114.71621583260571,0.05,-114.76621583260571,-1.0035777089392843,90317.93679563003
2026-06-23T16:30:00Z,2026-06-23T16:30:00Z,2026-06-24T18:45:00Z,short,0,10,719.298063,732.6182621474077,705.9778638525922,706.0484616389775,target,132.49601361022428,0.1,132.3960136102243,0.9939492056017063,90450.33280924025
2026-06-25T17:15:00Z,2026-06-25T17:15:00Z,2026-06-26T13:30:00Z,long,0,31,716.361629,712.0769119322807,720.6463460677193,712.0057042410875,stop,-135.03366752628642,0.31,-135.34366752628642,-1.018952871312089,90314.98914171396
2026-06-29T17:00:00Z,2026-06-29T17:00:00Z,2026-06-30T13:45:00Z,long,0,14,720.782071,711.4111682695867,730.1529737304132,730.0799584330402,target,130.17042406256382,0.14,130.03042406256384,0.991141163262365,90445.01956577653
2026-06-30T14:45:00Z,2026-06-30T14:45:00Z,2026-07-02T14:30:00Z,long,0,9,733.113304,718.8774990484496,747.3491089515503,718.8056112985448,stop,-128.76923431309638,0.09,-128.85923431309638,-1.0057522388220064,90316.16033146343
2026-07-02T15:30:00Z,2026-07-02T15:30:00Z,2026-07-08T15:15:00Z,short,0,10,715.688424,728.8916252659653,702.4852227340348,702.5554712563081,target,131.3295274369193,0.1,131.2295274369193,0.993922040522081,90447.38985890035
2026-07-08T15:45:00Z,2026-07-08T15:45:00Z,2026-07-08T19:45:00Z,short,0,15,702.7097219999999,711.7035321930575,693.7159118069424,711.7747025462768,stop,-135.97470819415264,0.15,-136.12470819415265,-1.0090251352293287,90311.2651507062
2026-07-09T16:45:00Z,2026-07-09T16:45:00Z,2026-07-10T19:45:00Z,long,0,13,722.252218,712.1552819972251,732.3491540027749,725.467446,weekend_close,41.79796400000032,0.13,41.66796400000032,0.3174456091550096,90352.9331147062
2026-07-13T15:45:00Z,2026-07-13T15:45:00Z,2026-07-15T13:30:00Z,short,0,17,716.2283699999999,723.9917959223434,708.4649440776565,724.0641951019356,stop,-133.2090267329071,0.17,-133.37902673290708,-1.010613765161989,90219.5540879733
2026-07-15T16:45:00Z,2026-07-15T16:45:00Z,2026-07-16T19:45:00Z,short,0,16,711.368856,719.7346727596707,703.0030392403294,703.0733395442534,target,132.72826329194686,0.16,132.56826329194686,0.9904013790606667,90352.12235126525
2026-07-20T17:00:00Z,2026-07-20T17:00:00Z,2026-07-20T17:00:00Z,long,0,99,700.8600789999999,699.492973000182,702.2271849998178,699.423023702882,stop,-142.2684744146743,0.99,-143.2584744146743,-1.058480686435918,90208.86387685058
2026-07-21T15:45:00Z,2026-07-21T15:45:00Z,2026-07-23T13:30:00Z,long,0,16,707.6307559999999,699.6601241481976,715.6013878518022,699.5901581357828,stop,-128.64956582747436,0.16,-128.80956582747436,-1.0100325813438205,90080.05431102311
