decision_timestamp,entry_timestamp,exit_timestamp,side,rrms_tier,quantity,entry_price,stop_price,target_price,exit_price,exit_reason,gross_pnl,costs,net_pnl,result_r,equity_after
2021-03-18T16:00:00Z,2021-03-18T16:00:00Z,2021-03-18T16:00:00Z,short,0,349,162.173781,162.60262142341801,161.74494057658197,162.61888168556035,stop,-155.34013926056645,3.49,-158.83013926056645,-1.061235510246526,99841.16986073944
2021-03-22T15:45:00Z,2021-03-22T15:45:00Z,2021-03-22T16:45:00Z,short,0,595,162.78372000000002,163.0353767055566,162.53206329444345,163.05168024322714,stop,-159.43634472013784,5.95,-165.38634472013783,-1.1045215052481065,99675.78351601929
2021-03-22T18:30:00Z,2021-03-22T18:30:00Z,2021-03-23T13:30:00Z,long,0,475,163.12631100000002,162.811997768868,163.44062423113203,162.7957165690911,stop,-157.0323546817356,4.75,-161.7823546817356,-1.0836146785238565,99514.00116133755
2021-03-23T15:45:00Z,2021-03-23T15:45:00Z,2021-03-25T13:30:00Z,short,0,135,161.843814,162.943413176662,160.744214823338,162.95970751797967,stop,-150.64562492725372,1.35,-151.99562492725371,-1.0239126600635344,99362.0055364103
2021-03-25T14:30:00Z,2021-03-25T14:30:00Z,2021-03-25T15:30:00Z,long,0,246,162.946293,162.34269143503076,163.54989456496924,162.32645716588726,stop,-152.4796151917327,2.46,-154.9396151917327,-1.0434628911951758,99207.06592121857
2021-03-25T17:45:00Z,2021-03-25T17:45:00Z,2021-03-26T15:00:00Z,short,0,182,161.813817,162.6270383680348,161.0005956319652,162.6433010718716,stop,-150.96610108063203,1.82,-152.78610108063202,-1.0322946553904278,99054.27982013793
2021-03-29T15:00:00Z,2021-03-29T15:00:00Z,2021-03-30T13:30:00Z,short,0,75,160.303968,162.28236319809412,158.32557280190588,158.34140535918607,target,147.19219806104462,0.75,146.44219806104462,0.9869426708551067,99200.72201819898
2021-03-30T14:30:00Z,2021-03-30T14:30:00Z,2021-04-01T13:30:00Z,short,0,53,157.954203,160.75028200131908,155.15812399868094,160.7663570295192,stop,-149.04416356451793,0.53,-149.57416356451793,-1.0093255691945162,99051.14785463446
2021-04-01T15:00:00Z,2021-04-01T15:00:00Z,2021-04-08T13:30:00Z,long,0,65,161.97619600000002,159.71536897161755,164.23702302838248,164.22059932607965,target,145.88621619517625,0.65,145.23621619517624,0.9883123733168849,99196.38407082963
2021-04-08T15:45:00Z,2021-04-08T15:45:00Z,2021-04-09T13:30:00Z,long,0,108,164.40643899999998,163.03626303419935,165.7766149658006,163.01995940789593,stop,-149.73979594723767,1.08,-150.81979594723768,-1.0191972614904656,99045.5642748824
2021-04-12T14:30:00Z,2021-04-12T14:30:00Z,2021-04-13T13:30:00Z,short,0,131,162.393759,163.52740226503406,161.26011573496592,163.54375500526055,stop,-150.64947668913356,1.31,-151.95947668913357,-1.0232460607664817,98893.60479819326
2021-04-13T15:45:00Z,2021-04-13T15:45:00Z,2021-04-14T14:15:00Z,long,0,159,163.366335,162.43522884966535,164.29744115033463,162.4189853267804,stop,-150.62859804191726,1.59,-152.21859804191726,-1.0281853179420317,98741.38620015135
2021-04-14T15:45:00Z,2021-04-14T15:45:00Z,2021-04-15T13:30:00Z,short,0,208,162.59373900000003,163.30399472776816,161.8834832722319,163.32032512724092,stop,-151.12991446610567,2.08,-153.2099144661057,-1.037071717190516,98588.17628568524
2021-04-15T15:45:00Z,2021-04-15T15:45:00Z,2021-04-16T19:45:00Z,long,0,50,165.766575,162.81689403237615,168.71625596762382,166.353363,weekend_close,29.339400000000637,0.5,28.839400000000637,0.19554250318286256,98617.01568568524
2021-04-19T15:45:00Z,2021-04-19T15:45:00Z,2021-04-19T16:15:00Z,short,0,682,166.12338599999998,166.3401757335347,165.90659626646527,165.92318692609192,target,136.53576840530155,6.82,129.71576840530156,0.877343547625209,98746.73145409054
2021-04-19T17:15:00Z,2021-04-19T17:15:00Z,2021-04-20T14:00:00Z,short,0,373,165.87341099999998,166.26969325443,165.47712874556996,166.28632022375544,stop,-154.0151404607877,3.73,-157.7451404607877,-1.0671919295597567,98588.98631362975
2021-04-20T16:15:00Z,2021-04-20T16:15:00Z,2021-04-21T13:30:00Z,long,0,204,166.706669,165.98358964361898,167.42974835638103,167.4130053815454,target,144.09262183525834,2.04,142.05262183525835,0.9630151592634532,98731.03893546501
2021-04-21T14:30:00Z,2021-04-21T14:30:00Z,2021-04-23T14:15:00Z,long,0,82,168.206819,166.4054375259983,170.00820047400168,166.3887969822457,stop,-149.0778054558516,0.8200000000000001,-149.8978054558516,-1.014788951777893,98581.14113000916
2021-04-26T17:15:00Z,2021-04-26T17:15:00Z,2021-04-27T13:45:00Z,long,0,571,166.736672,166.4781483895689,166.9951956104311,166.97849609087007,target,138.08155588680893,5.71,132.37155588680892,0.8967230903339648,98713.51268589597
2021-04-27T17:30:00Z,2021-04-27T17:30:00Z,2021-04-27T17:45:00Z,short,0,934,166.603338,166.76181412730656,166.44486187269345,166.4615063588807,target,132.4707528054226,9.34,123.13075280542259,0.8318706631711199,98836.64343870139
2021-04-27T18:45:00Z,2021-04-27T18:45:00Z,2021-04-28T13:30:00Z,short,0,495,166.41335700000002,166.71251466777372,166.11419933222632,166.13081075215953,target,139.8603926810405,4.95,134.91039268104052,0.9110455027569498,98971.55383138242
2021-04-28T14:30:00Z,2021-04-28T14:30:00Z,2021-04-28T18:30:00Z,short,0,257,166.033395,166.61072085060835,165.45606914939168,166.62738192269342,stop,-152.65463913220472,2.57,-155.22463913220471,-1.0461802845948753,98816.32919225021
2021-04-29T15:45:00Z,2021-04-29T15:45:00Z,2021-04-30T19:45:00Z,short,0,162,165.493449,166.40502282951263,164.58187517048736,165.686567,weekend_close,-31.285115999999732,1.62,-32.90511599999973,-0.2228212278851774,98783.42407625022
2021-05-03T15:45:00Z,2021-05-03T15:45:00Z,2021-05-04T16:00:00Z,long,0,74,167.786777,165.79134488326898,169.78220911673102,165.77476574878065,stop,-148.8888325902318,0.74,-149.6288325902318,-1.0133199893223466,98633.79524365999
2021-05-04T17:15:00Z,2021-05-04T17:15:00Z,2021-05-06T13:30:00Z,short,0,119,166.523346,167.75942405088466,165.28726794911535,167.77619999328974,stop,-149.08962520147824,1.19,-150.27962520147824,-1.0216620159106558,98483.5156184585
2021-05-10T14:30:00Z,2021-05-10T14:30:00Z,2021-05-11T13:30:00Z,long,0,121,172.40723899999998,171.1955260786523,173.61895192134764,171.17840652604445,stop,-148.688729348618,1.21,-149.89872934861802,-1.0223811697722012,98333.6168891099
2021-05-11T15:00:00Z,2021-05-11T15:00:00Z,2021-05-11T19:00:00Z,short,0,220,171.34286400000002,172.0109622838995,170.67476571610055,172.02816338012786,stop,-150.76586362812577,2.2,-152.96586362812576,-1.040714213587876,98180.65102548177
2021-05-12T16:00:00Z,2021-05-12T16:00:00Z,2021-05-14T13:30:00Z,short,0,146,170.842914,171.85069554862721,169.8351324513728,171.86788061818208,stop,-149.64512625458326,1.46,-151.10512625458327,-1.0269751610276068,98029.54589922719
2021-05-18T16:30:00Z,2021-05-18T16:30:00Z,2021-05-19T13:30:00Z,long,0,453,174.807479,174.48301938464246,175.13193861535754,175.114425421496,target,139.04672893769154,4.53,134.51672893769154,0.9152030250938504,98164.06262816489
2021-05-19T14:30:00Z,2021-05-19T14:30:00Z,2021-05-19T18:15:00Z,long,0,96,176.297628,174.77946215833074,177.81579384166926,174.76198421211492,stop,-147.42180363696752,0.96,-148.38180363696753,-1.0180994364789602,98015.68082452792
2021-05-20T16:15:00Z,2021-05-20T16:15:00Z,2021-05-20T16:45:00Z,long,0,323,175.957594,175.50310664326796,176.41208135673205,176.39444014859637,target,141.10130599662864,3.23,137.87130599662865,0.9391815685821857,98153.55213052455
2021-05-25T15:15:00Z,2021-05-25T15:15:00Z,2021-05-26T13:30:00Z,long,0,158,177.187717,176.2607185368436,178.1147154631564,178.09690399161008,target,143.6515446743934,1.58,142.07154467439338,0.9699983628326495,98295.62367519895
2021-05-26T14:30:00Z,2021-05-26T14:30:00Z,2021-05-26T17:30:00Z,long,0,130,178.387837,177.25715696302697,179.518517036973,177.23943124733069,stop,-149.29274784700965,1.3,-150.59274784700966,-1.0245212746220516,98145.03092735194
2021-05-27T14:30:00Z,2021-05-27T14:30:00Z,2021-05-27T19:00:00Z,short,0,272,177.23227500000002,177.77277620085346,176.69177379914657,177.79055347847353,stop,-151.85174614479502,2.72,-154.57174614479501,-1.0513917038041913,97990.45918120714
2021-06-01T18:30:00Z,2021-06-01T18:30:00Z,2021-06-01T19:00:00Z,long,0,586,178.14781299999999,177.8971472441797,178.39847875582026,177.8793575294553,stop,-157.3149057391908,5.86,-163.17490573919082,-1.1108636264793177,97827.28427546796
2021-06-02T15:45:00Z,2021-06-02T15:45:00Z,2021-06-03T13:30:00Z,long,0,305,178.49784799999998,178.01754023630903,178.97815576369092,177.9997384822854,stop,-151.9234029029431,3.0500000000000003,-154.97340290294312,-1.0578832076541484,97672.31087256501
2021-06-03T15:45:00Z,2021-06-03T15:45:00Z,2021-06-04T19:45:00Z,short,0,44,175.002498,178.27532702029896,171.72966897970105,177.187717,weekend_close,-96.14963599999953,0.44,-96.58963599999953,-0.6707405081000739,97575.721236565
2021-06-07T16:00:00Z,2021-06-07T16:00:00Z,2021-06-07T18:30:00Z,long,0,295,177.36773499999998,176.87237430777483,177.86309569222513,177.8453093826559,target,140.88444288349535,2.95,137.93444288349536,0.9439069146879293,97713.6556794485
2021-06-08T16:45:00Z,2021-06-08T16:45:00Z,2021-06-09T13:30:00Z,short,0,746,177.212277,177.408578530778,177.015975469222,177.42631938863107,stop,-159.67562191877926,7.46,-167.13562191877926,-1.141317582920221,97546.52005752972
2021-06-09T16:30:00Z,2021-06-09T16:30:00Z,2021-06-10T13:30:00Z,short,0,601,177.042294,177.28573281439836,176.79885518560164,176.8165350711202,target,135.68111625675905,6.01,129.67111625675906,0.8862963345144051,97676.19117378649
2021-06-10T17:45:00Z,2021-06-10T17:45:00Z,2021-06-10T19:15:00Z,long,0,452,177.347733,177.0242880923133,177.6711779076867,177.65341078989596,target,138.16636103297049,4.5200000000000005,133.64636103297047,0.9141519401577662,97809.83753481945
2021-06-14T14:30:00Z,2021-06-14T14:30:00Z,2021-06-15T16:45:00Z,short,0,105,174.75252300000002,176.14028335723512,173.36476264276493,173.3820991190292,target,143.89450750193745,1.05,142.84450750193744,0.9803017314035933,97952.6820423214
2021-06-15T17:00:00Z,2021-06-15T17:00:00Z,2021-06-16T18:15:00Z,short,0,119,173.38266000000002,174.6073182274988,172.15800177250122,172.17521757267846,target,143.68564885126477,1.19,142.49564885126478,0.9777768200416005,98095.17769117266
2021-06-21T16:15:00Z,2021-06-21T16:15:00Z,2021-06-22T13:30:00Z,long,0,174,166.89668799999998,166.052961124917,167.74041487508296,166.03635582880452,stop,-149.69779778801114,1.74,-151.43779778801115,-1.0315330670364993,97943.73989338466
2021-06-22T15:45:00Z,2021-06-22T15:45:00Z,2021-06-22T18:45:00Z,short,0,240,166.173381,166.78302339452605,165.56373860547396,166.7997016968655,stop,-150.3169672477179,2.4,-152.71696724771792,-1.0437605760015811,97791.02292613694
2021-06-23T15:00:00Z,2021-06-23T15:00:00Z,2021-06-23T18:30:00Z,long,0,139,167.566755,166.51746498787904,168.61604501212096,166.50081324138026,stop,-148.16590444814435,1.3900000000000001,-149.55590444814433,-1.0253997905163592,97641.46702168879
2021-06-24T17:15:00Z,2021-06-24T17:15:00Z,2021-06-25T13:30:00Z,short,0,327,166.353363,166.80106055589167,165.90566544410834,166.81774066194725,stop,-151.85149545675182,3.27,-155.12149545675183,-1.0595940400041954,97486.34552623203
2021-06-28T15:45:00Z,2021-06-28T15:45:00Z,2021-06-28T15:45:00Z,long,0,1304,166.61666,166.50454556463882,166.72877443536117,166.48789511008235,stop,-167.90941645261228,13.040000000000001,-180.94941645261227,-1.2377076107159115,97305.39610977942
2021-06-30T17:00:00Z,2021-06-30T17:00:00Z,2021-07-01T14:00:00Z,long,0,163,165.91659,165.02228091075463,166.8108990892454,166.79421799933647,target,143.053363891842,1.6300000000000001,141.423363891842,0.9701656952503502,97446.81947367126
2021-07-06T14:30:00Z,2021-07-06T14:30:00Z,2021-07-09T19:45:00Z,long,0,67,169.076906,166.9127310087563,171.2410809912437,169.18308,weekend_close,7.113657999998765,0.67,6.443657999998765,0.04443910515050945,97453.26313167127
2021-07-13T17:00:00Z,2021-07-13T17:00:00Z,2021-07-13T17:30:00Z,long,0,427,169.536952,169.19469431596843,169.8792096840316,169.17777484653683,stop,-153.3686445287774,4.2700000000000005,-157.6386445287774,-1.0786526371431744,97295.62448714249
2021-07-14T15:45:00Z,2021-07-14T15:45:00Z,2021-07-16T15:30:00Z,long,0,127,170.51705,169.37210792066907,171.66199207933096,169.355170709877,stop,-147.55866984562238,1.27,-148.8286698456224,-1.023527138427654,97146.79581729686
2021-07-19T16:30:00Z,2021-07-19T16:30:00Z,2021-07-20T13:30:00Z,short,0,246,169.22307600000002,169.81384588767622,168.63230611232382,169.830827272265,stop,-149.50681297718438,2.46,-151.9668129771844,-1.045671563753708,96994.82900431968
2021-07-20T17:15:00Z,2021-07-20T17:15:00Z,2021-07-21T13:30:00Z,short,0,596,169.413057,169.65715270202162,169.1689612979784,169.1858781941082,target,135.39856831151906,5.96,129.43856831151905,0.8897281029249059,97124.2675726312
2021-07-22T17:15:00Z,2021-07-22T17:15:00Z,2021-07-23T13:30:00Z,long,0,604,168.976896,168.73604467353326,169.21774732646676,168.7191710690659,stop,-155.66585828419807,6.04,-161.70585828419806,-1.111577564722522,96962.561714347
2021-07-26T14:30:00Z,2021-07-26T14:30:00Z,2021-07-27T13:30:00Z,short,0,451,168.363162,168.68546913416267,168.0408548658373,168.70233768107607,stop,-152.96823216531448,4.51,-157.47823216531447,-1.0833631777441157,96805.08348218168
2021-07-27T17:45:00Z,2021-07-27T17:45:00Z,2021-07-28T13:30:00Z,long,0,504,168.62686100000002,168.33880729723032,168.91491470276972,168.32197341650058,stop,-153.66334208371586,5.04,-158.70334208371585,-1.0931558264022323,96646.38014009797
2021-07-28T17:15:00Z,2021-07-28T17:15:00Z,2021-07-28T17:30:00Z,long,0,509,168.636862,168.35207841444918,168.92164558555083,168.33524320660774,stop,-153.52396583666297,5.09,-158.61396583666297,-1.0942301775909387,96487.76617426131
2021-07-29T14:30:00Z,2021-07-29T14:30:00Z,2021-07-30T19:45:00Z,long,0,53,171.127111,168.41728272422117,173.83693927577886,169.78302000000002,weekend_close,-71.23682299999956,0.53,-71.76682299999956,-0.49969623983305916,96415.99935126131
2021-08-02T15:00:00Z,2021-08-02T15:00:00Z,2021-08-02T16:45:00Z,short,0,470,169.78302000000002,170.09072240228625,169.4753175977138,170.10773147452647,stop,-152.6143930274327,4.7,-157.3143930274327,-1.0877766050558941,96258.68495823388
2021-08-04T17:00:00Z,2021-08-04T17:00:00Z,2021-08-05T13:30:00Z,short,0,596,169.53304500000002,169.77503769055852,169.2910523094415,169.30798141467244,target,134.13789685523489,5.96,128.17789685523488,0.8887193445026033,96386.86285508912
2021-08-05T15:00:00Z,2021-08-05T15:00:00Z,2021-08-06T13:30:00Z,short,0,163,168.68312999999998,169.5698677349517,167.79639226504824,167.81317190427475,target,141.80316960321147,1.6300000000000001,140.17316960321148,0.9697998199794997,96527.03602469232
2021-08-09T14:30:00Z,2021-08-09T14:30:00Z,2021-08-13T14:00:00Z,short,0,50,162.81371700000003,165.68420660202008,159.94322739797997,165.7007750226803,stop,-144.35290113401322,0.5,-144.85290113401322,-1.0092557104688724,96382.18312355831
2021-08-16T14:45:00Z,2021-08-16T14:45:00Z,2021-08-20T19:45:00Z,long,0,94,167.306729,165.77853671593925,168.83492128406073,166.693329,weekend_close,-57.659599999998534,0.9400000000000001,-58.59959999999853,-0.40793295876581454,96323.5835235583
2021-08-23T15:45:00Z,2021-08-23T15:45:00Z,2021-08-25T14:30:00Z,long,0,75,168.786877,166.87976959126007,170.69398440873994,166.86308161430094,stop,-144.28465392742993,0.75,-145.03465392742993,-1.0139939558919582,96178.54886963087
2021-08-25T15:30:00Z,2021-08-25T15:30:00Z,2021-08-27T14:15:00Z,short,0,79,167.06329200000002,168.87239466222024,165.2541893377798,168.88928190168647,stop,-144.25320223322996,0.79,-145.04320223322995,-1.0148621966169853,96033.50566739765
2021-08-30T18:00:00Z,2021-08-30T18:00:00Z,2021-08-31T13:30:00Z,short,0,615,169.263072,169.49702003987815,169.02912396012184,169.51396974188214,stop,-154.3021112575171,6.15,-160.45211125751712,-1.1151952459957342,95873.05355614013
2021-08-31T18:45:00Z,2021-08-31T18:45:00Z,2021-09-01T14:45:00Z,long,0,268,169.796978,169.26129856276205,170.33265743723794,169.24437243290578,stop,-148.09829198125055,2.68,-150.77829198125056,-1.0502653788525258,95722.27526415889
2021-09-02T15:45:00Z,2021-09-02T15:45:00Z,2021-09-02T16:30:00Z,short,0,462,169.323066,169.63327567968835,169.01285632031167,169.0297576059437,target,135.5084780540156,4.62,130.8884780540156,0.913280315240138,95853.1637422129
2021-09-02T17:15:00Z,2021-09-02T17:15:00Z,2021-09-03T13:30:00Z,short,0,353,169.123086,169.52949625060947,168.71667574939053,169.54644920023452,stop,-149.44720968278517,3.5300000000000002,-152.97720968278517,-1.0663195615382013,95700.18653253012
2021-09-07T15:45:00Z,2021-09-07T15:45:00Z,2021-09-10T19:45:00Z,short,0,52,168.12318599999998,170.86462813962027,165.3817438603797,167.206719,weekend_close,47.65628399999912,0.52,47.136283999999115,0.33065334004296565,95747.32281653011
2021-09-13T16:15:00Z,2021-09-13T16:15:00Z,2021-09-13T17:45:00Z,long,0,557,167.80677899999998,167.54920794387928,168.06435005612067,167.53245302308488,stop,-152.79956914170728,5.57,-158.36956914170727,-1.1038739414177834,95588.9532473884
2021-09-14T15:00:00Z,2021-09-14T15:00:00Z,2021-09-15T14:45:00Z,long,0,131,168.776876,167.68564652790005,169.86810547209993,167.66887796324727,stop,-145.14774281460612,1.31,-146.45774281460612,-1.0245306467037274,95442.4955045738
2021-09-15T15:45:00Z,2021-09-15T15:45:00Z,2021-09-16T13:30:00Z,short,0,173,167.763222,168.5861648492527,166.94027915074733,166.9569731786624,target,139.481046091408,1.73,137.751046091408,0.9675627196477787,95580.24655066521
2021-09-16T14:30:00Z,2021-09-16T14:30:00Z,2021-09-17T19:45:00Z,short,0,37,164.073591,167.90214664854958,160.2450353514504,163.806379,weekend_close,9.886844000000025,0.37,9.516844000000026,0.06718251570861807,95589.7633946652
2021-09-20T15:45:00Z,2021-09-20T15:45:00Z,2021-09-21T13:30:00Z,long,0,179,164.74647299999998,163.94631614196675,165.5466298580332,165.5300751950474,target,140.26479291348852,1.79,138.47479291348853,0.9668131782922138,95728.2381875787
2021-09-21T14:30:00Z,2021-09-21T14:30:00Z,2021-09-23T13:30:00Z,long,0,106,165.976596,164.62310741710328,167.33008458289672,164.60664510636158,stop,-145.21479472567228,1.06,-146.27479472567228,-1.0195511887400388,95581.96339285302
2021-09-23T14:45:00Z,2021-09-23T14:45:00Z,2021-09-24T19:45:00Z,short,0,58,163.69362900000002,166.13609274599958,161.25116525400045,163.336332,weekend_close,20.723226000000977,0.58,20.14322600000098,0.1421912610039123,95602.10661885302
2021-09-27T17:15:00Z,2021-09-27T17:15:00Z,2021-09-27T18:30:00Z,long,0,820,163.846383,163.67162576476005,164.02114023523995,163.65525860218358,stop,-156.7220062094674,8.2,-164.92200620946738,-1.1508788036173063,95437.18461264356
2021-09-29T15:45:00Z,2021-09-29T15:45:00Z,2021-09-29T17:15:00Z,short,0,219,161.823816,162.47646750404624,161.17116449595375,161.18728161240335,target,139.40103088366422,2.19,137.21103088366422,0.9599830594311232,95574.39564352723
2021-09-29T17:30:00Z,2021-09-29T17:30:00Z,2021-09-30T13:30:00Z,short,0,127,161.09388900000002,162.21829188226118,159.96948611773885,162.2345137114494,stop,-144.85933835407263,1.27,-146.12933835407264,-1.0233206705549291,95428.26630517315
2021-09-30T15:45:00Z,2021-09-30T15:45:00Z,2021-10-01T19:45:00Z,long,0,48,164.56645500000002,161.58459276685522,167.54831723314481,164.563542,weekend_close,-0.13982400000031703,0.48,-0.619824000000317,-0.004330515292246758,95427.64648117316
2021-10-04T16:45:00Z,2021-10-04T16:45:00Z,2021-10-05T13:30:00Z,long,0,120,165.486547,164.298589872304,166.674504127696,164.28216001331677,stop,-144.5264384019879,1.2,-145.72643840198788,-1.0222481589369283,95281.92004277116
2021-10-05T15:45:00Z,2021-10-05T15:45:00Z,2021-10-06T14:45:00Z,short,0,351,164.533545,164.9399315856446,164.12715841435542,164.95642557880316,stop,-148.43108315990892,3.5100000000000002,-151.9410831599089,-1.0651940642099527,95129.97895961125
2021-10-06T15:30:00Z,2021-10-06T15:30:00Z,2021-10-06T15:30:00Z,short,0,647,164.40355799999998,164.6239284640927,164.18318753590725,164.64039085693912,stop,-153.2308584396269,6.47,-159.7008584396269,-1.1200813954599944,94970.27810117163
2021-10-06T18:15:00Z,2021-10-06T18:15:00Z,2021-10-07T13:30:00Z,long,0,460,164.856484,164.54713021478685,165.16583778521314,164.53067550176536,stop,-149.8719091879326,4.6000000000000005,-154.4719091879326,-1.085516047599873,94815.80619198369
2021-10-07T15:45:00Z,2021-10-07T15:45:00Z,2021-10-08T13:30:00Z,short,0,341,164.333565,164.7504575145779,163.91667248542208,164.76693256032937,stop,-147.7783380723161,3.41,-151.1883380723161,-1.0635056874990139,94664.61785391138
2021-10-11T17:30:00Z,2021-10-11T17:30:00Z,2021-10-12T13:30:00Z,short,0,502,164.123586,164.40613478629817,163.8410372137018,164.4225753997768,stop,-150.0926786879611,5.0200000000000005,-155.1126786879611,-1.093578931359248,94509.50517522341
2021-10-12T15:45:00Z,2021-10-12T15:45:00Z,2021-10-13T13:30:00Z,long,0,324,164.61646,164.17918668249087,165.0537333175091,165.03722794417737,target,136.3288139134727,3.24,133.08881391347268,0.9393848829315175,94642.59398913689
2021-10-13T15:15:00Z,2021-10-13T15:15:00Z,2021-10-15T19:45:00Z,long,0,45,167.62676100000002,164.52265195329966,170.73087004670037,165.323466,weekend_close,-103.6482750000009,0.45,-104.0982750000009,-0.745236383515274,94538.4957141369
2021-10-18T17:00:00Z,2021-10-18T17:00:00Z,2021-10-19T13:30:00Z,short,0,322,165.143484,165.58281202484,164.70415597516,165.5993703060425,stop,-146.7953905456808,3.22,-150.0153905456808,-1.0604520533652841,94388.48032359121
2021-10-19T18:15:00Z,2021-10-19T18:15:00Z,2021-10-19T18:30:00Z,short,0,1843,165.453453,165.53024129986113,165.37666470013886,165.54679432399112,stop,-172.0280601156453,18.43,-190.4580601156453,-1.3457951820525933,94198.02226347556
2021-10-20T15:00:00Z,2021-10-20T15:00:00Z,2021-10-22T13:30:00Z,long,0,115,166.666665,165.4460251924741,167.88730480752588,167.87051607704512,target,138.4428738601899,1.1500000000000001,137.2928738601899,0.9780535336340921,94335.31513733575
2021-10-25T15:30:00Z,2021-10-25T15:30:00Z,2021-10-26T13:30:00Z,long,0,101,169.036902,167.63829983651917,170.43550416348083,167.6215360065355,stop,-142.95196533991356,1.01,-143.96196533991355,-1.0191361279729827,94191.35317199584
2021-10-26T15:45:00Z,2021-10-26T15:45:00Z,2021-10-28T13:30:00Z,short,0,102,167.33326499999998,168.71053552006452,165.95599447993544,168.72740657361652,stop,-142.20244050888675,1.02,-143.22244050888676,-1.0195103671795254,94048.13073148695
2021-10-28T15:00:00Z,2021-10-28T15:00:00Z,2021-10-28T15:00:00Z,long,0,483,168.11681,167.82517402919677,168.4084459708032,168.39160512620612,target,132.72604595756042,4.83,127.89604595756042,0.9079645610136502,94176.02677744451
2021-10-28T16:45:00Z,2021-10-28T16:45:00Z,2021-10-29T13:30:00Z,long,0,324,168.446843,168.01110398253797,168.88258201746203,167.9943028721397,stop,-146.62300142673348,3.24,-149.8630014267335,-1.0615072539392179,94026.16377601777
2021-11-01T15:45:00Z,2021-11-01T15:45:00Z,2021-11-03T13:30:00Z,long,0,181,167.47674600000002,166.70176087711292,168.25173112288712,166.68509070102522,stop,-143.2896091144393,1.81,-145.0996091144393,-1.0344137910523292,93881.06416690334
2021-11-03T14:30:00Z,2021-11-03T14:30:00Z,2021-11-04T13:30:00Z,short,0,55,164.673531,167.22453314573693,162.12252885426307,167.2412555990515,stop,-141.2248529478326,0.55,-141.7748529478326,-1.0104752766904679,93739.28931395551
2021-11-04T15:00:00Z,2021-11-04T15:00:00Z,2021-11-05T19:45:00Z,long,0,53,167.966795,165.3206784414774,170.61291155852257,169.803018,weekend_close,97.31981900000096,0.53,96.78981900000096,0.6901521379011603,93836.0791329555
2021-11-08T15:30:00Z,2021-11-08T15:30:00Z,2021-11-10T14:30:00Z,long,0,103,170.287027,168.92767235403397,171.64638164596602,171.62921700780143,target,138.24557080354776,1.03,137.21557080354776,0.9800165186875992,93973.29470375905
2021-11-11T15:45:00Z,2021-11-11T15:45:00Z,2021-11-12T20:45:00Z,long,0,96,174.00739900000002,172.5494169468668,175.46538105313323,174.41255700000002,weekend_close,38.89516800000001,0.96,37.93516800000001,0.2710307710241045,94011.22987175905
2021-11-15T17:00:00Z,2021-11-15T17:00:00Z,2021-11-15T17:00:00Z,short,0,4320,174.142584,174.17521970265855,174.10994829734145,174.1926372246288,stop,-216.22993039646644,43.2,-259.42993039646643,-1.840108216976719,93751.79994136258
2021-11-15T18:45:00Z,2021-11-15T18:45:00Z,2021-11-15T19:30:00Z,long,0,553,174.327431,174.07353944650953,174.58132255349045,174.5638644212351,target,130.74768194302112,5.53,125.21768194302112,0.8918509423497866,93877.0176233056
2021-11-16T16:15:00Z,2021-11-16T16:15:00Z,2021-11-16T16:15:00Z,short,0,408,173.922606,174.26703411901622,173.5781778809838,173.5955356987719,target,133.4446829010667,4.08,129.3646829010667,0.9205703127077675,94006.38230620667
2021-11-17T16:45:00Z,2021-11-17T16:45:00Z,2021-11-19T16:45:00Z,long,0,170,174.197418,173.3703673913399,175.0244686086601,173.35303035460078,stop,-143.54589971786794,1.7,-145.24589971786793,-1.0330536444237794,93861.1364064888
2021-11-22T15:30:00Z,2021-11-22T15:30:00Z,2021-11-30T16:00:00Z,short,0,38,169.603038,173.2616334955607,165.9444425044393,165.96103694868975,target,138.39603994978933,0.38,138.01603994978933,0.9927309689516883,93999.15244643859
2021-11-30T18:15:00Z,2021-11-30T18:15:00Z,2021-12-01T14:45:00Z,short,0,97,165.77342099999998,167.2263279003618,164.32051409963816,167.24305053315183,stop,-142.55406471572903,0.97,-143.52406471572903,-1.0183925293378164,93855.62838172285
2021-12-01T17:00:00Z,2021-12-01T17:00:00Z,2021-12-01T20:00:00Z,long,0,196,166.89668799999998,166.18017470386064,167.61320129613932,166.16355668639025,stop,-143.6937374675075,1.96,-145.6537374675075,-1.0371493698914083,93709.97464425534
2021-12-07T17:00:00Z,2021-12-07T17:00:00Z,2021-12-09T14:30:00Z,long,0,225,166.89668799999998,166.2731587024425,167.52021729755748,166.25653138657225,stop,-144.03523802124027,2.25,-146.28523802124027,-1.0427041936514343,93563.6894062341
2021-12-09T16:45:00Z,2021-12-09T16:45:00Z,2021-12-10T14:30:00Z,short,0,158,165.85341300000002,166.73840412988048,164.96842187011956,166.75507797029346,stop,-142.46306530636332,1.58,-144.04306530636333,-1.030140234757585,93419.64634092773
2021-12-13T16:15:00Z,2021-12-13T16:15:00Z,2021-12-14T14:30:00Z,long,0,233,167.096708,166.49626972958745,167.69714627041256,166.4796201026145,stop,-143.7814800908254,2.33,-146.1114800908254,-1.044383624905609,93273.53486083691
2021-12-14T16:45:00Z,2021-12-14T16:45:00Z,2021-12-15T19:00:00Z,short,0,108,165.563442,166.85436757907937,164.27251642092065,164.28894367256274,target,137.6458193632253,1.08,136.5658193632253,0.979528446821131,93410.10068020014
2021-12-15T19:15:00Z,2021-12-15T19:15:00Z,2021-12-15T19:30:00Z,short,0,330,164.973501,165.3975916985888,164.5494103014112,164.56586524244133,target,134.51979999435963,3.3000000000000003,131.21979999435962,0.9376196150536557,93541.3204801945
2021-12-16T15:45:00Z,2021-12-16T15:45:00Z,2021-12-17T20:45:00Z,long,0,48,167.956794,165.054784300741,170.858803699259,167.78322,weekend_close,-8.331552000000102,0.48,-8.811552000000102,-0.06325754185000697,93532.5089281945
2021-12-20T15:45:00Z,2021-12-20T15:45:00Z,2021-12-21T15:30:00Z,short,0,198,167.66323200000002,168.36935597745176,166.95710802254828,166.97380373335054,target,136.50679679659822,1.98,134.52679679659823,0.9621940174038667,93667.03572499109
2021-12-21T16:45:00Z,2021-12-21T16:45:00Z,2021-12-22T14:30:00Z,short,0,195,166.88331,167.60278934507414,166.16383065492585,167.61954962400864,stop,-143.56672668168613,1.95,-145.51672668168612,-1.0371939502053953,93521.5189983094
2021-12-22T16:45:00Z,2021-12-22T16:45:00Z,2021-12-23T15:00:00Z,long,0,173,167.936792,167.12657333681568,168.7470106631843,168.730135962118,target,137.24850544641424,1.73,135.51850544641425,0.966830311016669,93657.03750375581
2021-12-23T16:45:00Z,2021-12-23T16:45:00Z,2021-12-28T14:30:00Z,long,0,195,168.82688100000001,168.10849678982666,169.54526521017337,169.52831068365236,target,136.77878831220823,1.95,134.82878831220825,0.9624789546606263,93791.86629206802
2021-12-28T16:00:00Z,2021-12-28T16:00:00Z,2021-12-28T18:30:00Z,long,0,513,169.236922,168.96315405522887,169.51068994477112,168.94625773982335,stop,-149.11076547061668,5.13,-154.24076547061668,-1.0982449403563435,93637.6255265974
2021-12-29T15:30:00Z,2021-12-29T15:30:00Z,2021-12-30T16:00:00Z,short,0,154,168.15318299999998,169.0615803321389,167.24478566786107,169.0784864901721,stop,-142.49673748650747,1.54,-144.03673748650746,-1.0296193714812603,93493.5887891109
2022-01-03T16:45:00Z,2022-01-03T16:45:00Z,2022-01-05T14:30:00Z,short,0,58,168.033195,170.41805548820267,165.64833451179734,170.43509729375148,stop,-139.31033303758562,0.58,-139.89033303758563,-1.0113389465264673,93353.69845607331
2022-01-05T15:30:00Z,2022-01-05T15:30:00Z,2022-01-05T20:00:00Z,long,0,137,170.307029,169.286897230388,171.327160769612,169.26996854066496,stop,-142.0772829289002,1.37,-143.4472829289002,-1.0263972660446476,93210.25117314441
2022-01-10T19:45:00Z,2022-01-10T19:45:00Z,2022-01-11T15:45:00Z,long,0,204,168.296828,167.61217204418253,168.98148395581748,168.9645858074219,target,136.22259271406904,2.04,134.18259271406905,0.9607128979642736,93344.43376585848
2022-01-12T18:15:00Z,2022-01-12T18:15:00Z,2022-01-13T14:45:00Z,long,0,189,170.607059,169.86990456264294,171.34421343735704,169.85291757218667,stop,-142.53272985671808,1.8900000000000001,-144.42272985671806,-1.036609683247695,93200.01103600177
2022-01-13T17:00:00Z,2022-01-13T17:00:00Z,2022-01-14T14:45:00Z,short,0,273,169.893009,170.4044897311561,169.3815282688439,170.42153018012922,stop,-144.28628217527645,2.73,-147.01628217527644,-1.052866994445715,93052.9947538265
2022-01-18T15:30:00Z,2022-01-18T15:30:00Z,2022-01-18T15:30:00Z,short,0,579,169.633035,169.87401213169278,169.39205786830723,169.89099953290594,stop,-149.36146455253368,5.79,-155.15146455253367,-1.1119915446896598,92897.84328927397
2022-01-18T17:45:00Z,2022-01-18T17:45:00Z,2022-01-19T14:30:00Z,short,0,222,169.15308299999998,169.77922432011772,168.52694167988224,169.79620224254973,stop,-142.77247184604323,2.22,-144.99247184604323,-1.0430859960287118,92752.85081742793
2022-01-19T16:45:00Z,2022-01-19T16:45:00Z,2022-01-21T20:45:00Z,long,0,56,171.997198,169.5333062601692,174.46108973983078,171.072891,weekend_close,-51.76119199999994,0.56,-52.32119199999994,-0.3791996965192006,92700.52962542792
2022-01-24T18:30:00Z,2022-01-24T18:30:00Z,2022-01-25T14:45:00Z,long,0,177,171.96719499999998,171.1822047574335,172.75218524256644,172.7349100240422,target,135.88555925547257,1.77,134.11555925547256,0.9652540668084317,92834.6451846834
2022-01-25T15:45:00Z,2022-01-25T15:45:00Z,2022-01-26T14:30:00Z,long,0,153,172.467245,171.55887016982027,173.37561983017972,171.5417142828033,stop,-141.60619973109408,1.53,-143.13619973109408,-1.0298950236342372,92691.5089849523
2022-01-26T16:30:00Z,2022-01-26T16:30:00Z,2022-01-26T19:45:00Z,short,0,92,171.13288500000002,172.634334557988,169.63143544201202,169.6483985855562,target,136.5727501288303,0.92,135.65275012883032,0.9820419251511052,92827.16173508114
2022-01-31T16:15:00Z,2022-01-31T16:15:00Z,2022-02-01T15:45:00Z,long,0,158,167.81678000000002,166.9356513822221,168.69790861777795,168.68103882691616,target,136.55289465275047,1.58,134.97289465275045,0.969505256872088,92962.13462973389
2022-02-02T16:45:00Z,2022-02-02T16:45:00Z,2022-02-03T14:30:00Z,long,0,171,168.996898,168.18568778840378,169.8081082115962,168.16886921962495,stop,-141.59292144413106,1.71,-143.30292144413107,-1.0330599496843864,92818.83170828976
2022-02-03T16:15:00Z,2022-02-03T16:15:00Z,2022-02-03T16:45:00Z,short,0,528,168.53314500000002,168.79653405009287,168.26975594990716,168.81341370349787,stop,-147.98187544686652,5.28,-153.26187544686653,-1.1020530405327131,92665.56983284288
2022-02-08T16:15:00Z,2022-02-08T16:15:00Z,2022-02-09T17:15:00Z,long,0,174,170.567055,169.7708717677863,171.36323823221372,171.3461019083905,target,135.5541620599442,1.74,133.81416205994418,0.9659169865361603,92799.38399490283
2022-02-09T17:30:00Z,2022-02-09T17:30:00Z,2022-02-10T14:30:00Z,long,0,164,171.40713899999997,170.56066101426444,172.2536169857355,170.54360494816302,stop,-141.61958450125985,1.6400000000000001,-143.25958450125984,-1.0319631066103956,92656.12441040158
2022-02-10T17:30:00Z,2022-02-10T17:30:00Z,2022-02-10T17:45:00Z,long,0,205,171.727171,171.05103270226635,172.40330929773364,171.03392759899614,stop,-142.11489720579024,2.05,-144.16489720579025,-1.0400881052900937,92511.95951319579
2022-02-14T16:45:00Z,2022-02-14T16:45:00Z,2022-02-15T14:30:00Z,long,0,112,173.927391,172.6898978645528,175.1648841354472,172.67262887476633,stop,-140.53335802617084,1.12,-141.65335802617085,-1.0220356695365458,92370.30615516962
2022-02-15T16:45:00Z,2022-02-15T16:45:00Z,2022-02-16T16:30:00Z,short,0,94,172.692729,174.16000639379197,171.22545160620805,174.17742239443135,stop,-139.56117907654522,0.9400000000000001,-140.5011790765452,-1.0186849472058719,92229.80497609307
2022-02-16T16:45:00Z,2022-02-16T16:45:00Z,2022-02-17T14:30:00Z,long,0,154,174.08740699999998,173.19453461438727,174.9802793856127,174.96278135767415,target,134.80765108182084,1.54,133.26765108182084,0.9692027344762288,92363.0726271749
2022-02-22T17:45:00Z,2022-02-22T17:45:00Z,2022-02-23T17:15:00Z,long,0,218,177.72777100000002,177.09411364505823,178.3614283549418,178.3435922121063,target,134.24902423916973,2.18,132.06902423916972,0.9560706703419181,92495.14165141407
2022-02-24T16:00:00Z,2022-02-24T16:00:00Z,2022-02-24T19:00:00Z,long,0,64,180.09800800000002,177.9445218937202,182.25149410627984,177.92672744153083,stop,-138.9619557420283,0.64,-139.60195574202828,-1.012906724639795,92355.53969567205
2022-02-28T16:00:00Z,2022-02-28T16:00:00Z,2022-03-01T14:45:00Z,long,0,83,178.15781399999997,176.4921404448368,179.82348755516315,179.80550520640764,target,136.75837013183673,0.8300000000000001,135.92837013183672,0.9832005805286568,92491.46806580389
2022-03-01T19:30:00Z,2022-03-01T19:30:00Z,2022-03-02T16:00:00Z,long,0,69,180.998098,179.00763361706316,182.98856238293683,178.98973285370147,stop,-138.57719509459858,0.6900000000000001,-139.26719509459858,-1.0140172130689062,92352.20087070929
2022-03-02T17:30:00Z,2022-03-02T17:30:00Z,2022-03-02T20:00:00Z,short,0,115,179.212077,180.4155281347898,178.00862586521018,180.4335696876033,stop,-140.47165907437972,1.1500000000000001,-141.62165907437972,-1.023300948416475,92210.5792116349
2022-03-03T18:00:00Z,2022-03-03T18:00:00Z,2022-03-03T20:15:00Z,long,0,241,180.40803899999997,179.83413153536654,180.9819464646334,180.96384826998695,target,133.95003406686226,2.41,131.54003406686226,0.9510405485588128,92342.11924570176
2022-03-07T15:30:00Z,2022-03-07T15:30:00Z,2022-03-08T14:30:00Z,long,0,61,184.988497,182.7489930917611,187.2280009082389,187.20927810814808,target,135.4676475970334,0.61,134.85764759703338,0.9871744809262687,92476.9768932988
2022-03-08T15:30:00Z,2022-03-08T15:30:00Z,2022-03-09T14:45:00Z,long,0,19,192.099208,185.09136396050755,199.10705203949246,185.0728548241115,stop,-133.5007103418818,0.19,-133.6907103418818,-1.0040681750671676,92343.28618295692
2022-03-09T16:45:00Z,2022-03-09T16:45:00Z,2022-03-11T14:30:00Z,short,0,49,187.071291,189.853159651657,184.289422348343,184.30785129057784,target,135.40854576168576,0.49,134.91854576168575,0.9897806310093393,92478.2047287186
2022-03-14T14:30:00Z,2022-03-14T14:30:00Z,2022-03-15T13:30:00Z,short,0,53,182.911707,185.51652860553153,180.30688539446848,180.32491608300793,target,137.09991860057983,0.53,136.56991860057983,0.9892389219745685,92614.77464731918
2022-03-15T14:30:00Z,2022-03-15T14:30:00Z,2022-03-18T19:45:00Z,short,0,28,178.36216199999998,183.19607989366713,173.52824410633283,179.27792599999998,weekend_close,-25.641391999999883,0.28,-25.921391999999884,-0.19151421690733036,92588.85325531918
2022-03-21T16:15:00Z,2022-03-21T16:15:00Z,2022-03-21T17:00:00Z,long,0,160,180.828081,179.96135049897111,181.69481150102888,179.94335436392123,stop,-141.55626177260274,1.6,-143.15626177260273,-1.0323008536294158,92445.69699354657
2022-03-22T16:00:00Z,2022-03-22T16:00:00Z,2022-03-23T13:30:00Z,short,0,104,179.022096,180.34770256283372,177.6964894371663,180.36573733309,stop,-139.73869864136054,1.04,-140.77869864136053,-1.021148635682946,92304.91829490522
2022-03-23T15:00:00Z,2022-03-23T15:00:00Z,2022-03-23T19:15:00Z,long,0,153,180.31803000000002,179.41872316859067,181.21733683140937,181.19921509772624,target,134.82131995211117,1.53,133.29131995211117,0.9687295451330442,92438.20961485733
2022-03-28T14:30:00Z,2022-03-28T14:30:00Z,2022-03-29T13:30:00Z,short,0,73,180.661932,182.53681648085646,178.78704751914356,178.80492622389548,target,135.56142165563062,0.73,134.83142165563063,0.9851304413490121,92573.04103651296
2022-03-30T15:15:00Z,2022-03-30T15:15:00Z,2022-04-01T19:45:00Z,long,0,75,180.798078,178.9552853664424,182.6408706335576,179.422056,weekend_close,-103.20165000000046,0.75,-103.95165000000046,-0.7521312896309059,92469.08938651296
2022-04-04T16:00:00Z,2022-04-04T16:00:00Z,2022-04-05T13:30:00Z,long,0,207,180.468045,179.79916636611546,181.13692363388452,181.11880994152114,target,134.70834289487723,2.07,132.63834289487724,0.9579689185164808,92601.72772940784
2022-04-05T14:30:00Z,2022-04-05T14:30:00Z,2022-04-05T14:30:00Z,long,0,425,180.458044,180.13124749046267,180.78484050953733,180.11323436571362,stop,-146.54409457171056,4.25,-150.79409457171056,-1.0857203915326594,92450.93363483612
2022-04-05T17:00:00Z,2022-04-05T17:00:00Z,2022-04-07T14:00:00Z,short,0,150,179.462052,180.38648171265143,178.53762228734857,180.4045203608227,stop,-141.37025412340307,1.5,-142.87025412340307,-1.030330751800303,92308.06338071272
2022-04-07T15:00:00Z,2022-04-07T15:00:00Z,2022-04-08T19:45:00Z,long,0,112,180.768075,179.53409765440472,182.0020523455953,181.441854,weekend_close,75.46324799999957,1.12,74.34324799999956,0.5379183032568378,92382.40662871272
2022-04-11T14:30:00Z,2022-04-11T14:30:00Z,2022-04-12T13:30:00Z,long,0,172,181.86818499999998,181.06711293968516,182.6692570603148,182.65099013460878,target,134.64248315271243,1.72,132.92248315271243,0.9647136292646122,92515.32911186543
2022-04-13T15:00:00Z,2022-04-13T15:00:00Z,2022-04-14T13:45:00Z,long,0,120,184.65846399999998,183.50640832216004,185.81051967783992,183.48805768132783,stop,-140.44875824065798,1.2,-141.64875824065797,-1.0246087419015777,92373.68035362478
2022-04-14T15:15:00Z,2022-04-14T15:15:00Z,2022-04-18T13:30:00Z,short,0,173,183.691629,184.48901540386856,182.89424259613145,184.50746430540894,stop,-141.13950783574643,1.73,-142.86950783574642,-1.035677685752303,92230.81084578903
2022-04-18T14:30:00Z,2022-04-18T14:30:00Z,2022-04-19T13:30:00Z,long,0,72,185.858584,183.95788151568584,187.75928648431417,183.93948572753428,stop,-138.17507561753268,0.72,-138.89507561753268,-1.0149396280511578,92091.9157701715
2022-04-19T14:30:00Z,2022-04-19T14:30:00Z,2022-04-22T13:30:00Z,short,0,65,182.831715,184.93751359982036,180.72591640017964,180.74398899181966,target,135.7021905317221,0.65,135.0521905317221,0.9866689095327467,92226.96796070323
2022-04-25T14:30:00Z,2022-04-25T14:30:00Z,2022-04-29T19:45:00Z,short,0,35,176.88231000000002,180.80328374763323,172.9613362523668,176.94769300000002,weekend_close,-2.288404999999898,0.35000000000000003,-2.638404999999898,-0.019225581412142825,92224.32955570323
2022-05-02T15:00:00Z,2022-05-02T15:00:00Z,2022-05-06T19:45:00Z,short,0,33,173.772621,177.84136861909116,169.70387338090882,175.447543,weekend_close,-55.27242600000031,0.33,-55.60242600000031,-0.41411317627421873,92168.72712970323
2022-05-09T14:30:00Z,2022-05-09T14:30:00Z,2022-05-12T15:45:00Z,short,0,58,173.372661,175.74204307266766,171.00327892733233,171.02037925522507,target,136.4323411969458,0.58,135.8523411969458,0.9885622803492293,92304.57947090018
2022-05-16T17:45:00Z,2022-05-16T17:45:00Z,2022-05-16T18:45:00Z,long,0,266,169.49694799999997,168.978365123633,170.01553087636694,169.9985293232793,target,133.4206319923042,2.66,130.7606319923042,0.9479320387962114,92435.34010289249
2022-05-18T17:45:00Z,2022-05-18T17:45:00Z,2022-05-18T17:45:00Z,long,0,4478,169.436942,169.4059813555771,169.46790264442288,169.38904075744153,stop,-214.50176417675186,44.78,-259.28176417675184,-1.8701562463488024,92176.05833871574
2022-05-19T14:30:00Z,2022-05-19T14:30:00Z,2022-05-20T19:45:00Z,long,0,59,171.857184,169.55059934812573,174.16376865187425,172.012797,weekend_close,9.181167000000983,0.59,8.591167000000983,0.06312926771696671,92184.64950571574
2022-05-24T14:45:00Z,2022-05-24T14:45:00Z,2022-05-25T13:30:00Z,long,0,106,173.977396,172.6731092694789,175.28168273052108,172.65584195855197,stop,-140.0847283934906,1.06,-141.1447283934906,-1.020905917609118,92043.50477732225
2022-05-25T15:45:00Z,2022-05-25T15:45:00Z,2022-05-27T19:45:00Z,short,0,92,172.322766,173.8113140047194,170.8342179952806,172.897288,weekend_close,-52.85602400000016,0.92,-53.77602400000016,-0.39267930771919285,91989.72875332224
2022-05-31T16:00:00Z,2022-05-31T16:00:00Z,2022-06-02T13:30:00Z,short,0,141,171.902808,172.87469377476083,170.93092222523916,172.8919812441383,stop,-139.47342742350028,1.41,-140.88342742350028,-1.0280768276335555,91848.84532589874
2022-06-02T14:30:00Z,2022-06-02T14:30:00Z,2022-06-03T19:45:00Z,long,0,71,174.077406,172.14050167782815,176.01431032217184,172.542744,weekend_close,-108.96100199999981,0.71,-109.6710019999998,-0.7974900888588938,91739.17432389874
2022-06-06T15:15:00Z,2022-06-06T15:15:00Z,2022-06-07T13:45:00Z,short,0,142,171.87281099999998,172.837539496059,170.90808250394096,172.85482325000862,stop,-139.44573950122646,1.42,-140.86573950122644,-1.028281277127263,91598.30858439751
2022-06-07T16:00:00Z,2022-06-07T16:00:00Z,2022-06-08T15:00:00Z,long,0,198,172.677266,171.98597966087695,173.36855233912306,173.35121548388915,target,133.4419978100509,1.98,131.46199781005092,0.9604550912020252,91729.77058220757
2022-06-08T15:30:00Z,2022-06-08T15:30:00Z,2022-06-09T13:30:00Z,long,0,198,173.30732899999998,172.61555591918963,173.99910208081033,172.59829436359772,stop,-140.38885800764848,1.98,-142.36885800764847,-1.039408234214579,91587.40172419992
2022-06-13T15:45:00Z,2022-06-13T15:45:00Z,2022-06-17T19:45:00Z,short,0,39,170.34296400000002,173.8222578874083,166.86367011259173,171.27712599999998,weekend_close,-36.43231799999836,0.39,-36.82231799999836,-0.2713659813035398,91550.57940619993
2022-06-21T17:45:00Z,2022-06-21T17:45:00Z,2022-06-21T19:15:00Z,short,0,293,171.012897,171.48070601931545,170.54508798068457,170.56214248948262,target,132.0710715815937,2.93,129.1410715815937,0.942167620372852,91679.72047778152
2022-06-22T16:00:00Z,2022-06-22T16:00:00Z,2022-06-22T18:00:00Z,long,0,483,171.39713799999998,171.11270501641195,171.68157098358802,171.66440282648966,target,129.0889111945151,4.83,124.25891119451511,0.9044830991271268,91803.97938897603
2022-06-23T17:45:00Z,2022-06-23T17:45:00Z,2022-06-24T19:45:00Z,short,0,135,170.462952,171.47744717632122,169.44845682367878,170.047003,weekend_close,56.153115000001605,1.35,54.803115000001604,0.40014877298093376,91858.78250397604
2022-06-27T15:45:00Z,2022-06-27T15:45:00Z,2022-06-29T13:30:00Z,short,0,267,169.923006,170.43801247914777,169.4079995208522,170.4550562803957,stop,-142.05742486565413,2.67,-144.72742486565411,-1.0525115747915899,91714.05507911037
2022-06-29T16:30:00Z,2022-06-29T16:30:00Z,2022-06-29T17:15:00Z,short,0,603,169.53304500000002,169.7608463480579,169.30524365194213,169.32217417630733,target,127.15510668669043,6.03,121.12510668669043,0.8817806628679354,91835.18018579707
2022-06-29T18:15:00Z,2022-06-29T18:15:00Z,2022-06-29T18:30:00Z,short,0,1091,169.48305,169.6092349481014,169.35686505189858,169.62619587159622,stop,-156.17214591148928,10.91,-167.08214591148928,-1.2136619612757098,91668.09803988558
2022-06-30T16:15:00Z,2022-06-30T16:15:00Z,2022-07-01T13:30:00Z,short,0,212,168.873111,169.5198437055634,168.22637829443659,168.24320093226603,target,133.54093435959942,2.12,131.4209343595994,0.9585259294934183,91799.51897424518
2022-07-05T15:45:00Z,2022-07-05T15:45:00Z,2022-07-08T19:45:00Z,short,0,38,164.643534,168.25764223648895,161.02942576351103,162.346233,weekend_close,87.29743799999909,0.38,86.9174379999991,0.6328811563823133,91886.43641224518
2022-07-11T14:45:00Z,2022-07-11T14:45:00Z,2022-07-11T16:30:00Z,short,0,338,162.073791,162.48044052321038,161.66714147678962,161.6833081909373,target,131.98318946318898,3.38,128.60318946318898,0.9356529083297369,92015.03960170837
2022-07-11T17:15:00Z,2022-07-11T17:15:00Z,2022-07-12T13:30:00Z,short,0,264,161.793819,162.3147103113465,161.27292768865354,161.2890549814224,target,133.257700904491,2.64,130.61770090449102,0.9498411814523849,92145.65730261286
2022-07-12T17:45:00Z,2022-07-12T17:45:00Z,2022-07-13T13:30:00Z,short,0,218,160.943904,161.5778637798582,160.3099442201418,160.3259752145638,target,134.70847522508978,2.18,132.52847522508978,0.9589390443226025,92278.18577783795
2022-07-13T17:00:00Z,2022-07-13T17:00:00Z,2022-07-14T13:30:00Z,long,0,148,162.036202,161.10200970016382,162.9703942998362,161.0858994991938,stop,-140.64477011931797,1.48,-142.12477011931796,-1.0279494928127724,92136.06100771863
2022-07-14T15:00:00Z,2022-07-14T15:00:00Z,2022-07-15T19:45:00Z,short,0,52,159.144084,161.79065193709192,156.49751606290806,159.0159,weekend_close,6.665568000000235,0.52,6.145568000000235,0.0446555700851821,92142.20657571864
2022-07-18T15:45:00Z,2022-07-18T15:45:00Z,2022-07-19T15:30:00Z,long,0,346,159.43594199999998,159.0373685396621,159.83451546033785,159.81853200879183,target,132.37614304198053,3.46,128.91614304198052,0.9348088768278896,92271.12271876061
2022-07-19T16:00:00Z,2022-07-19T16:00:00Z,2022-07-19T18:30:00Z,long,0,301,159.81598,159.35670194593408,160.27525805406592,159.3407662757395,stop,-143.03933100241014,3.0100000000000002,-146.04933100241013,-1.0564705192529342,92125.07338775821
2022-07-20T16:00:00Z,2022-07-20T16:00:00Z,2022-07-20T16:45:00Z,short,0,370,159.144084,159.51704102139462,158.77112697860537,158.78700409130323,target,132.1195662178016,3.7,128.41956621780162,0.9306163680707747,92253.492953976
2022-07-21T16:15:00Z,2022-07-21T16:15:00Z,2022-07-21T19:45:00Z,long,0,182,159.535952,158.77807021950258,160.29383378049744,160.27780439711938,target,135.017136275726,1.82,133.197136275726,0.9656550875771547,92386.69009025174
2022-07-25T15:00:00Z,2022-07-25T15:00:00Z,2022-07-27T18:00:00Z,short,0,159,159.93400499999998,160.80255496897146,159.0654550310285,160.81863522446835,stop,-140.65620569047036,1.59,-142.24620569047036,-1.0300273518261385,92244.44388456126
2022-08-01T15:00:00Z,2022-08-01T15:00:00Z,2022-08-02T13:30:00Z,long,0,203,164.81648,164.13499346144155,165.49796653855847,165.4814167419046,target,134.98215860663325,2.0300000000000002,132.95215860663325,0.9610413483588057,92377.3960431679
2022-08-03T15:15:00Z,2022-08-03T15:15:00Z,2022-08-04T13:30:00Z,short,0,110,163.803618,165.05948312955013,162.54775287044987,165.07598907786308,stop,-139.9608185649393,1.1,-141.0608185649393,-1.021105728385379,92236.33522460297
2022-08-04T14:45:00Z,2022-08-04T14:45:00Z,2022-08-05T19:45:00Z,long,0,64,166.33663199999998,164.19170072712893,168.48156327287103,165.263472,weekend_close,-68.68223999999827,0.64,-69.32223999999827,-0.5049858770300525,92167.01298460297
2022-08-08T15:45:00Z,2022-08-08T15:45:00Z,2022-08-12T19:45:00Z,long,0,109,166.786677,165.5248033159933,168.0485506840067,167.84321400000002,weekend_close,115.16253300000218,1.09,114.07253300000218,0.8293516326270118,92281.08551760297
2022-08-15T15:45:00Z,2022-08-15T15:45:00Z,2022-08-17T15:15:00Z,short,0,85,165.81341700000002,167.43511678163733,164.1917172183627,164.20813639008452,target,136.4488518428172,0.85,135.5988518428172,0.9837089626446469,92416.6843694458
2022-08-18T16:15:00Z,2022-08-18T16:15:00Z,2022-08-19T14:30:00Z,short,0,160,163.74362399999998,164.6070652266147,162.88018277338526,162.8964707916626,target,135.54451333397992,1.6,133.94451333397993,0.9695543628598585,92550.62888277977
2022-08-23T16:00:00Z,2022-08-23T16:00:00Z,2022-08-26T15:00:00Z,long,0,125,163.05630399999998,161.95288751755365,164.15972048244632,161.9366922288019,stop,-139.95147139976183,1.25,-141.20147139976183,-1.0237401644514894,92409.42741138
2022-08-29T18:00:00Z,2022-08-29T18:00:00Z,2022-08-30T13:30:00Z,short,0,576,161.903808,162.14437431875803,161.66324168124197,161.6794080054101,target,129.25439688378356,5.76,123.49439688378355,0.891230308950919,92532.9218082638
2022-08-31T14:30:00Z,2022-08-31T14:30:00Z,2022-08-31T17:15:00Z,short,0,236,160.333965,160.9216485278985,159.74628147210151,159.76225610024872,target,134.9233003413035,2.36,132.5633003413035,0.9558016740062657,92665.4851086051
2022-09-06T15:30:00Z,2022-09-06T15:30:00Z,2022-09-07T14:30:00Z,short,0,181,158.644134,159.40980396446776,157.87846403553226,159.4257449448642,stop,-141.4715810204173,1.81,-143.2815810204173,-1.0338801070961028,92522.20352758469
2022-09-07T16:30:00Z,2022-09-07T16:30:00Z,2022-09-09T19:45:00Z,long,0,170,159.445943,158.63092157927835,160.26096442072165,159.794019,weekend_close,59.17291999999861,1.7,57.47291999999861,0.4148062755217491,92579.67644758469
2022-09-12T15:00:00Z,2022-09-12T15:00:00Z,2022-09-13T13:30:00Z,long,0,97,161.166115,159.73865488954965,162.59357511045033,159.7226810240607,stop,-140.0130956661107,0.97,-140.9830956661107,-1.0181958608151584,92438.69335191857
2022-09-13T15:00:00Z,2022-09-13T15:00:00Z,2022-09-15T13:30:00Z,short,0,70,158.88411000000002,160.83830671546065,156.9299132845394,156.94560627586785,target,135.69526068925228,0.7000000000000001,134.9952606892523,0.9868524027672446,92573.68861260782
2022-09-19T18:30:00Z,2022-09-19T18:30:00Z,2022-09-19T18:45:00Z,short,0,798,155.544444,155.71839027690265,155.37049772309734,155.73396211593035,stop,-151.23545651242307,7.98,-159.21545651242306,-1.1470099819498347,92414.4731560954
2022-09-20T15:45:00Z,2022-09-20T15:45:00Z,2022-09-21T13:30:00Z,short,0,238,155.074491,155.65571803388397,154.49326396611602,155.67128360568736,stop,-142.0366401535939,2.38,-144.4166401535939,-1.043985517384754,92270.0565159418
2022-09-26T16:30:00Z,2022-09-26T16:30:00Z,2022-09-28T13:45:00Z,short,0,86,151.854813,153.4473402832194,150.2622857167806,153.46268501724774,stop,-138.2769934833047,0.86,-139.1369934833047,-1.0159147879570993,92130.9195224585
2022-09-28T15:45:00Z,2022-09-28T15:45:00Z,2022-09-30T19:45:00Z,long,0,62,154.15541399999998,151.94655171710596,156.364276282894,154.704528,weekend_close,34.04506800000195,0.62,33.42506800000195,0.24406863396376735,92164.3445904585
2022-10-03T16:00:00Z,2022-10-03T16:00:00Z,2022-10-04T14:00:00Z,long,0,55,157.465745,154.99336038383456,159.93812961616544,159.92213580320382,target,135.10149417620994,0.55,134.55149417620993,0.9894863393051117,92298.8960846347
2022-10-04T14:30:00Z,2022-10-04T14:30:00Z,2022-10-07T19:45:00Z,long,0,57,159.525951,157.10457105596163,161.94733094403836,157.914207,weekend_close,-91.86940799999928,0.5700000000000001,-92.43940799999928,-0.6697602348581659,92206.4566766347
2022-10-11T17:45:00Z,2022-10-11T17:45:00Z,2022-10-11T18:45:00Z,long,0,232,156.255624,155.66100133344386,156.85024666655616,155.6454352333105,stop,-141.5637938719649,2.32,-143.88379387196488,-1.0429955021415946,92062.57288276273
2022-10-12T14:30:00Z,2022-10-12T14:30:00Z,2022-10-12T18:00:00Z,short,0,209,155.454453,156.1121303159432,154.7967756840568,156.1277415289748,stop,-140.71730255573493,2.09,-142.80730255573494,-1.0389419133224542,91919.765580207
2022-10-13T15:45:00Z,2022-10-13T15:45:00Z,2022-10-13T17:15:00Z,short,0,235,155.024496,155.60898313751528,154.44000886248472,155.62454403582902,stop,-141.01128841981946,2.35,-143.36128841981946,-1.04373218275153,91776.40429178717
2022-10-13T18:30:00Z,2022-10-13T18:30:00Z,2022-10-14T13:30:00Z,long,0,298,155.255524,154.79375739519273,155.7172906048073,154.7782780194532,stop,-142.21930220294564,2.98,-145.19930220294563,-1.0551780390228753,91631.20498958422
2022-10-17T15:45:00Z,2022-10-17T15:45:00Z,2022-10-17T19:30:00Z,long,0,100,154.795478,153.42325122986128,156.16770477013873,153.4079089047383,stop,-138.75690952617106,1.0,-139.75690952617106,-1.0184680299746847,91491.44808005805
2022-10-18T16:30:00Z,2022-10-18T16:30:00Z,2022-10-19T13:30:00Z,short,0,391,153.62463599999998,153.97502660353558,153.27424539646438,153.28957282100401,target,131.00970298742286,3.91,127.09970298742286,0.9277165988925805,91618.54778304548
2022-10-19T14:30:00Z,2022-10-19T14:30:00Z,2022-10-21T16:00:00Z,short,0,101,152.414757,153.7736006485812,151.0559133514188,153.78897800864607,stop,-138.79632187325208,1.01,-139.80632187325207,-1.0186757027501712,91478.74146117222
2022-10-24T18:00:00Z,2022-10-24T18:00:00Z,2022-10-24T18:15:00Z,long,0,1473,153.585357,153.49224251422402,153.67847148577596,153.4768932899726,stop,-159.767044870351,14.73,-174.49704487035098,-1.2722371716943421,91304.24441630187
2022-10-25T14:45:00Z,2022-10-25T14:45:00Z,2022-10-26T13:30:00Z,long,0,195,154.27542599999998,153.57567880303077,154.9751731969692,154.9596756796495,target,133.42868753165746,1.95,131.47868753165747,0.9635618157098396,91435.72310383353
2022-10-26T15:45:00Z,2022-10-26T15:45:00Z,2022-10-28T13:30:00Z,long,0,107,155.355534,154.0837372320481,156.62733076795192,154.0683288583249,stop,-137.73095015923744,1.07,-138.80095015923743,-1.0199783285847797,91296.9221536743
2022-10-31T15:00:00Z,2022-10-31T15:00:00Z,2022-10-31T16:45:00Z,short,0,341,152.764722,153.1659561800927,152.3634878199073,152.3787241686893,target,131.6252604769499,3.41,128.2152604769499,0.9371031930127032,91425.13741415125
2022-10-31T18:00:00Z,2022-10-31T18:00:00Z,2022-11-01T13:30:00Z,short,0,228,152.234775,152.83452251796814,151.6350274820319,152.84980597021993,stop,-140.22706121014164,2.2800000000000002,-142.50706121014164,-1.0421568268218113,91282.63035294111
2022-11-01T15:45:00Z,2022-11-01T15:45:00Z,2022-11-01T16:00:00Z,long,0,258,153.005299,152.4754360657332,153.53516193426682,153.5198084180734,target,132.74342986293772,2.58,130.1634298629377,0.9521508024929188,91412.79378280404
2022-11-01T18:30:00Z,2022-11-01T18:30:00Z,2022-11-02T13:30:00Z,long,0,220,153.51535,152.8920883446836,154.13861165531642,154.12319779415088,target,133.7265147131916,2.2,131.5265147131916,0.9592244108894533,91544.32029751723
2022-11-02T14:30:00Z,2022-11-02T14:30:00Z,2022-11-02T18:00:00Z,long,0,308,153.605359,153.15963817059108,154.0510798294089,154.03567472142598,target,132.5372421992031,3.08,129.45724219920308,0.9430021971003253,91673.77753971644
2022-11-03T15:00:00Z,2022-11-03T15:00:00Z,2022-11-04T13:30:00Z,short,0,76,151.854813,153.64763433732753,150.06199166267248,153.66299910076125,stop,-137.4221436578548,0.76,-138.1821436578548,-1.0141479593675147,91535.59539605858
2022-11-08T17:00:00Z,2022-11-08T17:00:00Z,2022-11-10T20:45:00Z,long,0,36,159.72597100000002,155.97095947757674,163.4809825224233,163.46463442417104,target,134.5918832701568,0.36,134.2318832701568,0.9929832177358411,91669.82727932873
2022-11-14T16:00:00Z,2022-11-14T16:00:00Z,2022-11-15T18:30:00Z,long,0,150,164.91649,164.00114797758096,165.83183202241906,165.81524883921682,target,134.8138258825216,1.5,133.3138258825216,0.9709581964433472,91803.14110521125
2022-11-16T17:15:00Z,2022-11-16T17:15:00Z,2022-11-16T17:15:00Z,long,0,6661,165.176516,165.15584299345696,165.19718900654303,165.1393274091576,stop,-247.71320360116357,66.61,-314.3232036011636,-2.2826186768798338,91488.81790161009
2022-11-16T19:45:00Z,2022-11-16T19:45:00Z,2022-11-16T20:15:00Z,short,0,763,165.103488,165.28312046296006,164.92385553703994,165.29964877500635,stop,-149.67067132984343,7.63,-157.30067132984342,-1.1476810572495961,91331.51723028025
2022-11-17T16:00:00Z,2022-11-17T16:00:00Z,2022-11-18T20:45:00Z,short,0,101,163.843614,165.1958437931149,162.4913842068851,162.786277,weekend_close,106.79103699999897,1.01,105.78103699999896,0.7745259018346417,91437.29826728025
2022-11-21T15:30:00Z,2022-11-21T15:30:00Z,2022-11-25T17:00:00Z,short,0,86,161.653833,163.24494411387803,160.06272188612195,163.2612686082894,stop,-138.23946231289023,0.86,-139.09946231289024,-1.0165447241124586,91298.19880496735
2022-11-28T17:15:00Z,2022-11-28T17:15:00Z,2022-11-29T14:30:00Z,short,0,209,162.243774,162.89815791660487,161.58939008339513,162.91444773239652,stop,-140.17081007087327,2.09,-142.26081007087328,-1.0401749112784595,91155.93799489648
2022-11-29T16:45:00Z,2022-11-29T16:45:00Z,2022-11-30T14:30:00Z,long,0,173,163.046303,162.2559802129893,163.8366257870107,163.82024212443199,target,133.89146852673434,1.73,132.16146852673435,0.9666165989234635,91288.09946342322
2022-12-05T16:45:00Z,2022-12-05T16:45:00Z,2022-12-09T14:30:00Z,short,0,66,165.013497,167.07221806058544,162.95477593941456,167.0889252823915,stop,-136.97826663783894,0.66,-137.63826663783894,-1.0129727248228875,91150.46119678539
2022-12-12T16:30:00Z,2022-12-12T16:30:00Z,2022-12-13T14:30:00Z,short,0,98,165.90340799999998,167.28641368800342,164.52040231199655,167.3031423293722,stop,-137.1739642784778,0.98,-138.1539642784778,-1.0193264869411873,91012.30723250691
2022-12-13T16:45:00Z,2022-12-13T16:45:00Z,2022-12-15T14:30:00Z,long,0,53,168.71687,166.1653425079627,171.2683974920373,166.1487259737119,stop,-136.1116333932698,0.53,-136.6416333932698,-1.0104316078638638,90875.66559911364
2022-12-15T16:00:00Z,2022-12-15T16:00:00Z,2022-12-16T20:45:00Z,short,0,50,165.543444,168.26263223920222,162.82425576079777,166.786677,weekend_close,-62.16165000000018,0.5,-62.66165000000018,-0.4608849736595235,90813.00394911364
2022-12-20T16:45:00Z,2022-12-20T16:45:00Z,2022-12-22T18:00:00Z,long,0,54,169.036902,166.51764591078222,171.55615808921777,166.50099414619115,stop,-136.93902410567796,0.54,-137.47902410567795,-1.0105792200741885,90675.52492500797
2022-12-22T19:15:00Z,2022-12-22T19:15:00Z,2022-12-23T20:45:00Z,short,0,80,166.253373,167.93425993329944,164.57248606670058,167.296728,weekend_close,-83.46839999999929,0.8,-84.26839999999929,-0.626666183865412,90591.25652500796
2022-12-27T16:45:00Z,2022-12-27T16:45:00Z,2022-12-28T15:45:00Z,long,0,61,169.456944,167.23060255174184,171.68328544825815,167.21387949148667,stop,-136.826935019313,0.61,-137.436935019313,-1.0120031274969443,90453.81958998865
2022-12-28T16:45:00Z,2022-12-28T16:45:00Z,2022-12-29T14:30:00Z,short,0,121,167.58324,168.69870845679776,166.46777154320222,168.71557832764344,stop,-137.01293764485777,1.21,-138.22293764485778,-1.02408841835189,90315.5966523438
2022-12-29T16:45:00Z,2022-12-29T16:45:00Z,2022-12-30T17:45:00Z,long,0,166,168.81688,168.00250761315255,169.63125238684745,169.61428926160877,target,132.36993742705704,1.6600000000000001,130.70993742705704,0.9668909141884673,90446.30658977086
2023-01-03T18:15:00Z,2023-01-03T18:15:00Z,2023-01-04T14:30:00Z,long,0,119,171.09710800000002,169.96395335418717,172.23026264581287,172.21303961954828,target,132.7958627262433,1.19,131.60586272624332,0.9759758949361583,90577.9124524971
2023-01-04T15:30:00Z,2023-01-04T15:30:00Z,2023-01-05T14:45:00Z,long,0,62,172.777276,170.60369843622433,174.95085356377567,170.58663806638071,stop,-135.8195518843957,0.62,-136.4395518843957,-1.0124496913726941,90441.4729006127
2023-01-05T16:45:00Z,2023-01-05T16:45:00Z,2023-01-06T15:00:00Z,short,0,72,170.302968,172.16702274495162,168.43891325504836,172.1842394472261,stop,-135.45154420028007,0.72,-136.17154420028007,-1.014600806305819,90305.30135641243
2023-01-09T15:45:00Z,2023-01-09T15:45:00Z,2023-01-12T14:30:00Z,long,0,107,174.287427,173.02442560491477,175.55042839508525,175.53287335224573,target,133.26275969029223,1.07,132.19275969029223,0.9781828880421319,90437.49411610272
2023-01-12T15:30:00Z,2023-01-12T15:30:00Z,2023-01-13T14:30:00Z,long,0,116,175.59755800000002,174.42906459641495,176.7660514035851,176.74837479844473,target,133.49474861958618,1.16,132.33474861958618,0.9763142820871294,90569.82886472231
2023-01-17T17:30:00Z,2023-01-17T17:30:00Z,2023-01-18T14:30:00Z,short,0,179,177.37226099999998,178.1287976439599,176.61572435604006,178.1466105237243,stop,-138.60856474665167,1.79,-140.39856474665166,-1.036763427107525,90429.43029997566
2023-01-18T18:45:00Z,2023-01-18T18:45:00Z,2023-01-19T14:30:00Z,short,0,197,177.202278,177.88877954482197,176.51577645517804,177.90656842277645,stop,-138.74521328695832,1.97,-140.71521328695832,-1.0404789736659366,90288.71508668871
2023-01-19T16:45:00Z,2023-01-19T16:45:00Z,2023-01-20T20:45:00Z,long,0,102,178.707869,177.384333420663,180.03140457933696,179.262072,weekend_close,56.52870600000011,1.02,55.50870600000011,0.4111736839538677,90344.2237926887
2023-01-23T16:45:00Z,2023-01-23T16:45:00Z,2023-01-23T18:15:00Z,short,0,250,178.71212699999998,179.25303943742625,178.1712145625737,179.27096474137,stop,-139.70943534250324,2.5,-142.20943534250324,-1.051626292929431,90202.0143573462
2023-01-24T17:00:00Z,2023-01-24T17:00:00Z,2023-01-25T17:30:00Z,long,0,215,179.787977,179.16027605810135,180.41567794189868,180.39763637410448,target,131.07676543246043,2.15,128.92676543246043,0.9553265481657882,90330.94112277866
2023-01-25T19:00:00Z,2023-01-25T19:00:00Z,2023-01-25T20:00:00Z,long,0,194,180.49804799999998,179.8025971981552,181.19349880184475,181.17537945196457,target,131.4023016811306,1.94,129.4623016811306,0.9595667302336984,90460.40342445979
2023-01-26T17:00:00Z,2023-01-26T17:00:00Z,2023-01-27T20:45:00Z,short,0,106,179.112087,180.39217350321863,177.83200049678138,179.237922,weekend_close,-13.338509999999474,1.06,-14.398509999999474,-0.10611392250324798,90446.00491445979
2023-01-30T16:15:00Z,2023-01-30T16:15:00Z,2023-01-31T17:15:00Z,short,0,261,178.972101,179.4915490703376,178.4526529296624,179.50949822524464,stop,-140.260675788849,2.61,-142.870675788849,-1.0538054841340816,90303.13423867094
2023-01-31T17:45:00Z,2023-01-31T17:45:00Z,2023-02-01T15:00:00Z,long,0,258,179.437942,178.91341938113575,179.96246461886423,178.89552803919764,stop,-139.94280188700617,2.58,-142.52280188700618,-1.0531747172285997,90160.61143678393
2023-02-01T19:00:00Z,2023-02-01T19:00:00Z,2023-02-01T19:00:00Z,short,0,641,179.15208299999998,179.3629702046533,178.94119579534666,179.38090650167376,stop,-146.67586457289758,6.41,-153.08586457289758,-1.1324703272841725,90007.52557221103
2023-02-02T17:15:00Z,2023-02-02T17:15:00Z,2023-02-03T14:30:00Z,short,0,96,178.412157,179.81183809268992,177.0124759073101,177.03017715490083,target,132.6700651295214,0.96,131.71006512952138,0.9802088863417454,90139.23563734055
2023-02-06T17:15:00Z,2023-02-06T17:15:00Z,2023-02-07T15:30:00Z,short,0,175,173.452653,174.221306530183,172.683999469817,174.23872866083602,stop,-137.56324064630334,1.75,-139.31324064630334,-1.0356755411589516,89999.92239669425
2023-02-07T17:00:00Z,2023-02-07T17:00:00Z,2023-02-07T17:45:00Z,long,0,217,174.357434,173.73652639195075,174.97834160804928,174.96084377388848,target,130.93992093379853,2.17,128.76992093379855,0.9557134848980451,90128.69231762805
2023-02-08T17:30:00Z,2023-02-08T17:30:00Z,2023-02-09T14:30:00Z,long,0,303,174.537452,174.09253301187317,174.98237098812683,174.96487275102803,target,129.5084875614911,3.0300000000000002,126.47848756149111,0.938194957211025,90255.17080518954
2023-02-09T18:00:00Z,2023-02-09T18:00:00Z,2023-02-09T20:30:00Z,short,0,167,173.732625,174.54241338915813,172.9228366108419,172.94012889450298,target,132.34684961800514,1.67,130.67684961800515,0.966297017805538,90385.84765480754
2023-02-13T16:45:00Z,2023-02-13T16:45:00Z,2023-02-14T15:00:00Z,short,0,138,172.28277,173.258559975526,171.306980024474,173.27588583152354,stop,-137.04998475024843,1.3800000000000001,-138.42998475024842,-1.0280038293924991,90247.41767005729
2023-02-14T18:15:00Z,2023-02-14T18:15:00Z,2023-02-14T18:15:00Z,short,0,720,172.34276400000002,172.5305748561851,172.15495314381494,172.54782791367072,stop,-147.64601784290335,7.2,-154.84601784290334,-1.1451090636569023,90092.57165221438
2023-02-15T16:45:00Z,2023-02-15T16:45:00Z,2023-02-17T20:45:00Z,short,0,85,170.702928,172.2916838361497,169.11417216385033,171.287127,weekend_close,-49.656914999998634,0.85,-50.506914999998635,-0.37400271739678476,90042.06473721437
2023-02-21T17:00:00Z,2023-02-21T17:00:00Z,2023-02-22T20:00:00Z,short,0,173,170.432955,171.21311801343822,169.65279198656177,169.6697572657604,target,132.03320802344783,1.73,130.30320802344784,0.965436352744017,90172.36794523781
2023-02-23T16:45:00Z,2023-02-23T16:45:00Z,2023-02-24T14:30:00Z,short,0,180,169.433055,170.18448982102325,168.68162017897674,168.69848834099463,target,132.22199862096602,1.8,130.421998620966,0.9642441882300601,90302.78994385878
2023-02-27T16:45:00Z,2023-02-27T16:45:00Z,2023-02-27T17:30:00Z,long,0,487,168.84688300000002,168.56910393842233,169.1246620615777,169.10774959537156,target,127.04203194593939,4.87,122.17203194593938,0.903115569426662,90424.96197580472
2023-02-27T18:15:00Z,2023-02-27T18:15:00Z,2023-02-28T14:30:00Z,long,0,308,169.136912,168.6971854452922,169.57663855470778,168.68031572674766,stop,-140.63165216171774,3.08,-143.71165216171775,-1.061105517183052,90281.250323643
2023-02-28T17:15:00Z,2023-02-28T17:15:00Z,2023-03-01T14:30:00Z,long,0,119,170.06700500000002,168.93629495565833,171.19771504434172,171.18059527283728,target,132.5172424676336,1.19,131.3272424676336,0.9760152731992142,90412.57756611065
2023-03-01T16:00:00Z,2023-03-01T16:00:00Z,2023-03-03T20:45:00Z,long,0,90,171.27712599999998,169.78278739442771,172.77146460557225,172.48275,weekend_close,108.50616000000258,0.9,107.60616000000257,0.8001024637532913,90520.18372611064
2023-03-07T15:30:00Z,2023-03-07T15:30:00Z,2023-03-10T14:30:00Z,short,0,52,169.34306400000003,171.91706030059086,166.7690676994092,171.9342520066209,stop,-134.74177634428588,0.52,-135.2617763442859,-1.010564003539479,90384.92194976636
2023-03-13T14:30:00Z,2023-03-13T14:30:00Z,2023-03-17T14:30:00Z,long,0,29,177.16771500000002,172.52998270858728,181.80544729141275,181.7872667466836,target,133.96700065382393,0.29,133.67700065382394,0.99392363703672,90518.59895042019
2023-03-20T17:30:00Z,2023-03-20T17:30:00Z,2023-03-21T13:30:00Z,long,0,139,183.91839000000002,182.94517003181093,184.8916099681891,182.92687551480776,stop,-137.82051344172342,1.3900000000000001,-139.2105134417234,-1.0290730954234517,90379.38843697846
2023-03-21T15:45:00Z,2023-03-21T15:45:00Z,2023-03-22T18:45:00Z,short,0,50,181.011897,183.70221118264308,178.32158281735693,183.72058140376134,stop,-135.43422018806694,0.5,-135.93422018806694,-1.010545318945012,90243.4542167904
2023-03-23T17:30:00Z,2023-03-23T17:30:00Z,2023-03-24T19:45:00Z,long,0,56,185.298528,182.88684766671838,187.71020833328163,183.661632,weekend_close,-91.6661760000004,0.56,-92.22617600000041,-0.6828832068962647,90151.2280407904
2023-03-27T14:30:00Z,2023-03-27T14:30:00Z,2023-03-31T19:45:00Z,short,0,49,181.81181700000002,184.55318759988117,179.07044640011887,183.208319,weekend_close,-68.42859799999852,0.49,-68.91859799999851,-0.513065252855979,90082.3094427904
2023-04-03T16:00:00Z,2023-04-03T16:00:00Z,2023-04-04T14:00:00Z,long,0,97,184.80847899999998,183.42719973669946,186.1897582633005,186.17113928747418,target,132.1780478849973,0.97,131.2080478849973,0.9792808184509119,90213.5174906754
2023-04-04T14:30:00Z,2023-04-04T14:30:00Z,2023-04-10T14:30:00Z,long,0,36,187.95879399999998,184.29614372170434,191.62144427829563,184.27771410733217,stop,-132.51887613604117,0.36,-132.87887613604119,-1.0077620335582234,90080.63861453935
2023-04-11T15:45:00Z,2023-04-11T15:45:00Z,2023-04-12T13:30:00Z,long,0,127,186.24862299999998,185.19072438657318,187.30652161342678,187.28779096126544,target,131.97433108071377,1.27,130.70433108071376,0.9728417716058138,90211.34294562007
2023-04-12T14:30:00Z,2023-04-12T14:30:00Z,2023-04-13T13:30:00Z,long,0,166,186.868685,186.0561414277259,187.6812285722741,187.66246044941687,target,131.76672460320043,1.6600000000000001,130.10672460320043,0.9645949782400913,90341.44967022327
2023-04-13T14:30:00Z,2023-04-13T14:30:00Z,2023-04-14T14:15:00Z,long,0,43,189.808979,186.70392211282726,192.91403588717273,186.68525172061598,stop,-134.32027301351258,0.43,-134.75027301351258,-1.0092334515125043,90206.69939720976
2023-04-17T15:00:00Z,2023-04-17T15:00:00Z,2023-04-18T14:00:00Z,short,0,61,184.48155,186.67682584775383,182.28627415224616,186.6954935303386,stop,-135.05055535065526,0.61,-135.66055535065527,-1.0130588065340898,90071.0388418591
2023-04-18T15:30:00Z,2023-04-18T15:30:00Z,2023-04-19T13:30:00Z,long,0,93,186.868685,185.42716229085806,188.31020770914193,185.40861957462897,stop,-135.78608455950555,0.93,-136.71608455950556,-1.019800393048322,89934.3227572996
2023-04-19T15:45:00Z,2023-04-19T15:45:00Z,2023-04-20T13:30:00Z,short,0,113,184.991499,186.18529515569676,183.79770284430325,186.20391368521234,stop,-137.00285942899413,1.1300000000000001,-138.13285942899412,-1.0239727103986818,89796.1898978706
2023-04-20T15:00:00Z,2023-04-20T15:00:00Z,2023-04-21T13:30:00Z,long,0,181,186.208619,185.46479924410266,186.95243875589733,185.44625276417827,stop,-137.98828868373317,1.81,-139.79828868373318,-1.0383782222750428,89656.39160918687
2023-04-24T17:30:00Z,2023-04-24T17:30:00Z,2023-04-25T17:45:00Z,long,0,191,184.888487,184.18785740867827,185.58911659132173,185.57055767966258,target,130.27549981555413,1.9100000000000001,128.36549981555413,0.9592382165799398,89784.75710900243
2023-04-26T14:30:00Z,2023-04-26T14:30:00Z,2023-04-26T15:45:00Z,long,0,128,186.14861299999998,185.10258976742193,187.19463623257803,185.0840795084452,stop,-136.2602869190123,1.28,-137.5402869190123,-1.0272558563603464,89647.21682208341
2023-04-26T17:45:00Z,2023-04-26T17:45:00Z,2023-04-27T13:30:00Z,short,0,126,184.511547,185.573542812161,183.449551187839,183.46789614295778,target,131.50000798732015,1.26,130.24000798732015,0.9733097298556197,89777.45683007073
2023-04-27T14:45:00Z,2023-04-27T14:45:00Z,2023-04-28T14:30:00Z,short,0,128,183.97160100000002,185.01887498739822,182.92432701260182,185.03737687489695,stop,-136.41931198680686,1.28,-137.69931198680686,-1.0272153112191187,89639.75751808392
2023-05-01T16:45:00Z,2023-05-01T16:45:00Z,2023-05-02T14:00:00Z,short,0,190,184.261572,184.96582327271008,183.55732072728992,184.98431985503734,stop,-137.3220924570947,1.9000000000000001,-139.2220924570947,-1.0404636575488169,89500.53542562682
2023-05-02T16:00:00Z,2023-05-02T16:00:00Z,2023-05-04T14:00:00Z,long,0,46,187.208719,184.31081027250204,190.10662772749797,190.0876170647252,target,132.42931097735948,0.46,131.96931097735947,0.9899891040399312,89632.50473660418
2023-05-04T14:30:00Z,2023-05-04T14:30:00Z,2023-05-05T13:30:00Z,long,0,41,190.949093,187.71209226878116,194.18609373121885,187.69332105955428,stop,-133.48664955827476,0.41000000000000003,-133.89664955827476,-1.0088882306850917,89498.60808704591
2023-05-08T16:00:00Z,2023-05-08T16:00:00Z,2023-05-09T17:15:00Z,long,0,167,188.388837,187.5896848957593,189.1879891042407,189.16907030533028,target,130.29896199015752,1.67,128.62896199015753,0.9638131480140489,89627.23704903606
2023-05-10T17:00:00Z,2023-05-10T17:00:00Z,2023-05-10T17:30:00Z,short,0,275,188.411157,188.899409761548,187.92290423845202,188.91829970252414,stop,-139.46424319413708,2.75,-142.21424319413708,-1.059170051357329,89485.02280584193
2023-05-11T15:45:00Z,2023-05-11T15:45:00Z,2023-05-12T19:45:00Z,short,0,100,187.34126400000002,188.67150971853428,186.01101828146577,186.83868199999998,weekend_close,50.25820000000465,1.0,49.25820000000465,0.37029399391174295,89534.28100584194
2023-05-15T17:00:00Z,2023-05-15T17:00:00Z,2023-05-15T18:45:00Z,long,0,259,187.708769,187.19092877179702,188.22660922820296,187.17220967891984,stop,-138.96886415975828,2.59,-141.5588641597583,-1.0554593701166075,89392.72214168218
2023-05-17T14:45:00Z,2023-05-17T14:45:00Z,2023-05-18T13:30:00Z,short,0,115,184.361562,185.52359404736217,183.19952995263782,183.21784990563307,target,131.52689085219563,1.1500000000000001,130.37689085219563,0.9756289397873814,89523.09903253437
2023-05-18T14:45:00Z,2023-05-18T14:45:00Z,2023-05-19T19:45:00Z,short,0,49,181.711827,184.4034848553329,179.0201691446671,183.638362,weekend_close,-94.40021500000006,0.49,-94.89021500000005,-0.7194580827437667,89428.20881753437
2023-05-23T14:30:00Z,2023-05-23T14:30:00Z,2023-05-23T16:45:00Z,short,0,260,182.911707,183.42746373424816,182.39595026575185,183.4458064806216,stop,-138.86586496161385,2.6,-141.46586496161385,-1.0549537107154814,89286.74295257275
2023-05-24T16:15:00Z,2023-05-24T16:15:00Z,2023-05-25T13:30:00Z,short,0,101,182.021796,183.34095951312514,180.70263248687485,180.72070275012354,target,131.41041823752235,1.01,130.40041823752236,0.9787211646096936,89417.14337081027
2023-05-31T14:30:00Z,2023-05-31T14:30:00Z,2023-06-01T14:00:00Z,long,0,139,182.688267,181.72767047960443,183.64886352039557,183.63049863404353,target,130.97019713205168,1.3900000000000001,129.5801971320517,0.9704715916102307,89546.72356794232
2023-06-01T15:45:00Z,2023-06-01T15:45:00Z,2023-06-02T13:45:00Z,long,0,86,184.068405,182.5219122008758,185.61489779912424,182.5036600096557,stop,-134.56806916961057,0.86,-135.42806916961058,-1.0182685565921061,89411.29549877271
2023-06-05T14:45:00Z,2023-06-05T14:45:00Z,2023-06-05T14:45:00Z,short,0,1664,181.87181099999998,181.9523817275192,181.79124027248076,181.97057696569195,stop,-164.3465669114339,16.64,-180.9865669114339,-1.3499439441703769,89230.30893186128
2023-06-05T17:45:00Z,2023-06-05T17:45:00Z,2023-06-05T19:15:00Z,long,0,356,182.038202,181.66223633789133,182.4141676621087,182.39592624534248,target,127.34983134191839,3.56,123.78983134191839,0.9248829890266628,89354.09876320319
2023-06-06T17:45:00Z,2023-06-06T17:45:00Z,2023-06-07T13:30:00Z,long,0,265,182.498248,181.9940607421101,183.00243525788989,181.97586133603588,stop,-138.43246595048996,2.65,-141.08246595048996,-1.0559304219472663,89213.0162972527
2023-06-07T16:45:00Z,2023-06-07T16:45:00Z,2023-06-08T13:30:00Z,short,0,65,180.26197200000001,182.31725862415018,178.20668537584984,182.3354903500126,stop,-134.77869275081844,0.65,-135.42869275081844,-1.013736150243324,89077.58760450188
2023-06-08T15:45:00Z,2023-06-08T15:45:00Z,2023-06-09T19:45:00Z,long,0,80,182.628261,180.95906665506436,184.29745534493566,182.03179500000002,weekend_close,-47.71727999999939,0.8,-48.51727999999939,-0.36332857335637186,89029.07032450188
2023-06-12T17:30:00Z,2023-06-12T17:30:00Z,2023-06-12T19:45:00Z,short,0,506,181.621836,181.88529011882045,181.35838188117955,181.90347864783234,stop,-142.51117980316513,5.0600000000000005,-147.57117980316514,-1.1069959700691014,88881.49914469871
2023-06-13T16:15:00Z,2023-06-13T16:15:00Z,2023-06-14T13:30:00Z,short,0,125,180.69192900000002,181.7507949562357,179.63306304376434,181.76897003573131,stop,-134.63012946641228,1.25,-135.88012946641228,-1.0266087310954675,88745.6190152323
2023-06-14T15:45:00Z,2023-06-14T15:45:00Z,2023-06-14T18:00:00Z,long,0,134,181.76817499999999,180.77946120348693,182.75688879651304,180.7613832573666,stop,-134.9100935128751,1.34,-136.2500935128751,-1.0283984568834448,88609.36892171942
2023-06-15T16:30:00Z,2023-06-15T16:30:00Z,2023-06-16T19:45:00Z,long,0,158,181.978196,181.13919259267203,182.81719940732796,181.59183900000002,weekend_close,-61.044405999996115,1.58,-62.624405999996114,-0.47241405283714194,88546.74451571942
2023-06-20T15:15:00Z,2023-06-20T15:15:00Z,2023-06-22T15:30:00Z,short,0,63,179.772021,181.87766214171197,177.66637985828802,177.68414649627385,target,131.53609373474688,0.63,130.9060937347469,0.9868132145426955,88677.65060945417
2023-06-26T15:45:00Z,2023-06-26T15:45:00Z,2023-06-27T14:00:00Z,long,0,211,179.007899,178.37986049074448,179.63593750925554,178.3620225046954,stop,-136.2799405092718,2.11,-138.3899405092718,-1.0443252852155076,88539.2606689449
2023-06-27T16:30:00Z,2023-06-27T16:30:00Z,2023-06-28T13:30:00Z,short,0,181,177.872211,178.60213720890528,177.1422847910947,177.15999901957383,target,128.91036845713523,1.81,127.10036845713523,0.9620314654536293,88666.36103740204
2023-06-28T15:00:00Z,2023-06-28T15:00:00Z,2023-06-29T13:30:00Z,short,0,150,177.062292,177.9475238159968,176.17706018400324,176.19467789002164,target,130.14211649675644,1.5,128.64211649675644,0.9688017245660097,88795.0031538988
2023-06-29T14:45:00Z,2023-06-29T14:45:00Z,2023-06-29T14:45:00Z,short,0,341,177.22227600000002,177.61209297538844,176.8324590246116,177.62985418468597,stop,-138.98416097790746,3.41,-142.39416097790746,-1.0712160091793619,88652.60899292088
2023-07-03T14:30:00Z,2023-07-03T14:30:00Z,2023-07-05T18:15:00Z,long,0,148,178.84788300000002,177.95308741055882,179.74267858944123,177.93529210181777,stop,-135.06345293097434,1.48,-136.54345293097433,-1.031063305484569,88516.06553998991
2023-07-05T18:30:00Z,2023-07-05T18:30:00Z,2023-07-06T13:45:00Z,short,0,196,177.942204,178.61675907555343,177.26764892444658,177.28537568933902,target,128.73834888955287,1.96,126.77834888955287,0.9588962178222495,88642.84388887946
2023-07-06T14:30:00Z,2023-07-06T14:30:00Z,2023-07-07T13:30:00Z,short,0,80,176.742324,178.39172730508096,175.09292069491903,178.40956647781147,stop,-133.37939822491762,0.8,-134.17939822491763,-1.0168783296630641,88508.66449065454
2023-07-10T16:00:00Z,2023-07-10T16:00:00Z,2023-07-10T16:30:00Z,short,0,1191,178.58214,178.6935472943415,178.47073270565852,178.71141664907094,stop,-153.96848904347902,11.91,-165.87848904347902,-1.2501573608278769,88342.78600161106
2023-07-10T18:30:00Z,2023-07-10T18:30:00Z,2023-07-11T13:30:00Z,long,0,643,178.797878,178.592022841209,179.003733158791,178.9858327854751,target,120.85492706049817,6.43,114.42492706049816,0.8644659989103824,88457.21092867156
2023-07-11T14:30:00Z,2023-07-11T14:30:00Z,2023-07-12T13:30:00Z,long,0,135,179.677966,178.6963623793323,180.6595696206677,180.64150366370563,target,130.07758460026096,1.35,128.72758460026097,0.9714080547675947,88585.93851327182
2023-07-12T14:30:00Z,2023-07-12T14:30:00Z,2023-07-14T19:45:00Z,long,0,58,181.508149,179.22963779562164,183.78666020437836,181.43185499999998,weekend_close,-4.425052000001074,0.58,-5.005052000001074,-0.03787297593015867,88580.93346127181
2023-07-17T15:00:00Z,2023-07-17T15:00:00Z,2023-07-18T13:30:00Z,short,0,278,181.421856,181.89886179417746,180.94485020582252,181.91705168035688,stop,-137.66439913921437,2.7800000000000002,-140.44439913921437,-1.0590975760116776,88440.48906213259
2023-07-18T14:30:00Z,2023-07-18T14:30:00Z,2023-07-21T19:45:00Z,long,0,52,183.978396,181.4648680865039,186.4919239134961,182.171781,weekend_close,-93.94397999999967,0.52,-94.46397999999967,-0.7227351605072273,88346.02508213259
2023-07-24T15:00:00Z,2023-07-24T15:00:00Z,2023-07-24T15:15:00Z,short,0,501,182.07179100000002,182.33620499122588,181.80737700877415,181.82555774647503,target,123.36286001602068,5.01,118.35286001602067,0.8934219117141894,88464.37794214861
2023-07-24T17:15:00Z,2023-07-24T17:15:00Z,2023-07-24T18:00:00Z,short,0,536,181.951803,182.19893678448818,181.70466921551184,181.7228396824334,target,122.7243382157028,5.36,117.3643382157028,0.8860112672174573,88581.74228036431
2023-07-25T17:00:00Z,2023-07-25T17:00:00Z,2023-07-26T13:30:00Z,long,0,304,182.198218,181.76140069489648,182.63503530510351,182.616771801573,target,127.24035567819556,3.04,124.20035567819555,0.9352967403070088,88705.94263604251
2023-07-27T15:45:00Z,2023-07-27T15:45:00Z,2023-07-28T19:45:00Z,short,0,59,180.59193900000002,182.8144262475265,178.36945175247354,181.878186,weekend_close,-75.8885729999985,0.59,-76.4785729999985,-0.5832415917988416,88629.46406304251
2023-07-31T15:00:00Z,2023-07-31T15:00:00Z,2023-08-01T13:30:00Z,long,0,153,182.638262,181.7725203257255,183.5040036742745,181.75434307369295,stop,-135.23959572497813,1.53,-136.76959572497813,-1.0325469512094023,88492.69446731753
2023-08-01T14:45:00Z,2023-08-01T14:45:00Z,2023-08-04T19:45:00Z,short,0,65,180.661932,182.6793828398719,178.64448116012812,180.208019,weekend_close,29.504345,0.65,28.854345000000002,0.22003658836524126,88521.54881231753
2023-08-07T16:00:00Z,2023-08-07T16:00:00Z,2023-08-08T13:30:00Z,short,0,173,179.35206300000002,180.1163452233467,178.58778077665332,178.60563955473097,target,129.13125603154475,1.73,127.40125603154475,0.9635490958357472,88648.95006834908
2023-08-08T15:45:00Z,2023-08-08T15:45:00Z,2023-08-09T14:45:00Z,short,0,150,178.792119,179.67579719038508,177.90844080961494,177.9262316536959,target,129.88310194561592,1.5,128.38310194561592,0.9685509449216427,88777.33317029469
2023-08-09T15:30:00Z,2023-08-09T15:30:00Z,2023-08-11T19:45:00Z,short,0,137,177.922206,178.89297950617618,176.9514324938238,177.61776,weekend_close,41.70910199999787,1.37,40.33910199999787,0.30331070855012104,88817.67227229469
2023-08-14T14:30:00Z,2023-08-14T14:30:00Z,2023-08-15T13:30:00Z,short,0,194,177.062292,177.7455616141727,176.37902238582734,176.39666028806593,target,129.13255211521204,1.94,127.19255211521204,0.9595505175917194,88944.8648244099
2023-08-15T17:45:00Z,2023-08-15T17:45:00Z,2023-08-16T16:15:00Z,short,0,346,176.75232300000002,177.13740454686524,176.3672414531348,176.38487817728011,target,127.13590866108666,3.46,123.67590866108667,0.9282315022096035,89068.54073307099
2023-08-17T16:00:00Z,2023-08-17T16:00:00Z,2023-08-18T19:45:00Z,short,0,150,175.342464,176.23101766477126,174.45391033522876,175.33753199999998,weekend_close,0.7398000000037541,1.5,-0.7601999999962459,-0.005703651001517928,89067.780533071
2023-08-21T18:00:00Z,2023-08-21T18:00:00Z,2023-08-23T13:30:00Z,long,0,254,175.827581,175.3019629715161,176.3531990284839,176.33556370858108,target,129.0276079795912,2.54,126.4876079795912,0.9474231886936062,89194.26814105059
2023-08-23T14:30:00Z,2023-08-23T14:30:00Z,2023-08-25T19:45:00Z,long,0,65,177.977796,175.94626642251868,180.00932557748135,177.612237,weekend_close,-23.761335000001225,0.65,-24.411335000001223,-0.18486514012049576,89169.8568060506
2023-08-28T14:30:00Z,2023-08-28T14:30:00Z,2023-08-29T14:00:00Z,long,0,190,178.127811,177.4263544453385,178.82926755466153,178.81138462790605,target,129.8789893021481,1.9000000000000001,127.97898930214811,0.9602499590741856,89297.83579535274
2023-08-29T15:30:00Z,2023-08-29T15:30:00Z,2023-09-01T19:45:00Z,long,0,85,179.647963,178.08060988276068,181.21531611723933,180.071991,weekend_close,36.04237999999938,0.85,35.19237999999938,0.26415744827767124,89333.02817535274
2023-09-05T15:45:00Z,2023-09-05T15:45:00Z,2023-09-08T19:45:00Z,short,0,106,178.78212000000002,180.03950345147146,177.52473654852858,178.077806,weekend_close,74.65728400000114,1.06,73.59728400000114,0.5521895482141876,89406.62545935274
2023-09-11T17:15:00Z,2023-09-11T17:15:00Z,2023-09-11T18:30:00Z,long,0,733,178.487847,178.30511065296733,178.67058334703265,178.28728014190204,stop,-147.01550698579234,7.33,-154.34550698579235,-1.1522987162499776,89252.27995236695
2023-09-12T14:30:00Z,2023-09-12T14:30:00Z,2023-09-15T13:30:00Z,short,0,129,177.38226,178.4123289081879,176.3521910918121,178.43017014107872,stop,-135.18040819915444,1.29,-136.47040819915443,-1.0270285149561449,89115.8095441678
2023-09-18T15:15:00Z,2023-09-18T15:15:00Z,2023-09-18T16:45:00Z,long,0,350,178.777876,178.3964017961683,179.15935020383168,179.1414342688113,target,127.24539408396112,3.5,123.74539408396112,0.9268209101953168,89239.55493825176
2023-09-19T14:30:00Z,2023-09-19T14:30:00Z,2023-09-19T14:30:00Z,long,0,516,179.21792,178.95890561897053,179.47693438102945,179.45898668759136,target,124.39041079714718,5.16,119.23041079714719,0.8920998389085198,89358.7853490489
2023-09-20T15:30:00Z,2023-09-20T15:30:00Z,2023-09-21T13:30:00Z,long,0,110,180.40803899999997,179.18970544048014,181.6263725595198,179.17178646993608,stop,-135.9877783070283,1.1,-137.0877783070283,-1.022915703442547,89221.69757074188
2023-09-21T15:00:00Z,2023-09-21T15:00:00Z,2023-09-22T19:45:00Z,short,0,66,178.142184,180.1579697345438,176.12639826545617,178.647863,weekend_close,-33.37481400000098,0.66,-34.03481400000098,-0.25582034397952375,89187.66275674188
2023-09-25T14:30:00Z,2023-09-25T14:30:00Z,2023-09-26T13:30:00Z,short,0,152,177.762222,178.64142676893718,176.88301723106284,176.90070553278593,target,130.9505030165392,1.52,129.43050301653918,0.9685075619453601,89317.09325975842
2023-09-26T14:30:00Z,2023-09-26T14:30:00Z,2023-09-27T13:30:00Z,short,0,137,177.012297,177.98427009508885,176.04032390491113,176.05792793730163,target,130.74856158967557,1.37,129.37856158967557,0.9716000036112411,89446.4718213481
2023-09-27T14:30:00Z,2023-09-27T14:30:00Z,2023-09-28T14:30:00Z,short,0,78,175.002498,176.71937504749104,173.28562095250896,173.30294951460422,target,132.56478186087088,0.78,131.78478186087088,0.9840823999976032,89578.25660320897
2023-09-28T15:15:00Z,2023-09-28T15:15:00Z,2023-09-29T19:45:00Z,short,0,66,172.512747,174.52442859649497,170.501065403505,171.467145,weekend_close,69.00973200000016,0.66,68.34973200000016,0.5147941909914402,89646.60633520897
2023-10-02T14:30:00Z,2023-10-02T14:30:00Z,2023-10-06T19:45:00Z,short,0,56,169.773021,172.1588644873183,167.3871775126817,169.71696999999998,weekend_close,3.1388560000013968,0.56,2.5788560000013967,0.019301769057695515,89649.18519120898
2023-10-09T14:30:00Z,2023-10-09T14:30:00Z,2023-10-11T15:30:00Z,long,0,65,171.687167,169.6373917340257,173.73694226597428,173.7195685717477,target,132.10610216360038,0.65,131.45610216360038,0.9866455144224893,89780.64129337258
2023-10-11T17:00:00Z,2023-10-11T17:00:00Z,2023-10-13T13:30:00Z,long,0,125,173.86738499999998,172.79129011197801,174.94347988802195,174.92598554003317,target,132.32506750414785,1.25,131.07506750414785,0.9744498851404023,89911.71636087673
2023-10-17T15:45:00Z,2023-10-17T15:45:00Z,2023-10-17T17:45:00Z,long,0,221,178.647863,178.0396556062861,179.2560703937139,178.02185164072546,stop,-138.34851039967393,2.21,-140.55851039967393,-1.0457146128902697,89771.15785047706
2023-10-18T15:00:00Z,2023-10-18T15:00:00Z,2023-10-19T17:15:00Z,long,0,58,180.548053,178.26394726571132,182.8321587342887,182.81387551841527,target,131.41770606808524,0.58,130.83770606808523,0.9876173788941376,89901.99555654514
2023-10-19T18:00:00Z,2023-10-19T18:00:00Z,2023-10-20T15:15:00Z,long,0,64,182.96829499999998,180.8909153561663,185.04567464383368,185.0271700763693,target,131.76800488763547,0.64,131.12800488763548,0.9862785949843109,90033.12356143277
2023-10-23T15:00:00Z,2023-10-23T15:00:00Z,2023-10-24T13:30:00Z,short,0,259,183.251673,183.77291171202754,182.73043428797249,182.74870733140128,target,130.26810816707194,2.59,127.67810816707194,0.9457579746546169,90160.80166959985
2023-10-24T15:00:00Z,2023-10-24T15:00:00Z,2023-10-24T17:45:00Z,short,0,104,182.08178999999998,183.37188017172824,180.79169982827173,183.3902173597454,stop,-136.07644541352397,1.04,-137.11644541352396,-1.0219652770311465,90023.68522418632
2023-10-24T18:30:00Z,2023-10-24T18:30:00Z,2023-10-25T13:30:00Z,long,0,297,183.098308,182.6450004166653,183.5516155833347,183.53326042177636,target,129.18086926757854,2.97,126.21086926757854,0.9374482964751174,90149.8960934539
2023-10-25T15:00:00Z,2023-10-25T15:00:00Z,2023-10-25T15:00:00Z,long,0,283,183.368335,182.8918054842615,183.8448645157385,182.87351630371307,stop,-140.0336910492004,2.83,-142.8636910492004,-1.0593650122691676,90007.0324024047
2023-10-25T17:15:00Z,2023-10-25T17:15:00Z,2023-10-25T17:45:00Z,long,0,250,183.608359,183.06906262077027,184.14765537922975,184.12924061369182,target,130.22040342295327,2.5,127.72040342295327,0.9473114105113959,90134.75280582765
2023-10-25T18:45:00Z,2023-10-25T18:45:00Z,2023-10-26T14:00:00Z,long,0,232,183.858384,183.2769963916449,184.4397716083551,183.25866869200573,stop,-139.13395145467143,2.32,-141.45395145467143,-1.0487242920765358,89993.29885437297
2023-10-26T17:30:00Z,2023-10-26T17:30:00Z,2023-10-27T13:45:00Z,long,0,173,184.288427,183.50932526898757,185.06752873101246,183.49097433646068,stop,-137.9593107923044,1.73,-139.68931079230438,-1.0363892562400594,89853.60954358066
2023-10-31T17:30:00Z,2023-10-31T17:30:00Z,2023-11-01T18:30:00Z,short,0,105,184.101588,185.37636070707302,182.82681529292697,182.84509797445625,target,131.93145268209278,1.05,130.88145268209277,0.9778135495274096,89984.49099626276
2023-11-02T16:00:00Z,2023-11-02T16:00:00Z,2023-11-02T16:00:00Z,long,0,3456,183.738372,183.69932662294391,183.77741737705608,183.68095669028162,stop,-198.4273103867199,34.56,-232.9873103867199,-1.7265887744289359,89751.50368587604
2023-11-06T16:45:00Z,2023-11-06T16:45:00Z,2023-11-07T14:30:00Z,short,0,153,183.811617,184.68966320638887,182.93357079361115,182.9518641506905,target,131.5421859443537,1.53,130.0121859443537,0.9677769155273501,89881.5158718204
2023-11-07T15:30:00Z,2023-11-07T15:30:00Z,2023-11-10T14:45:00Z,short,0,69,182.03179500000002,183.9611527281216,180.10243727187844,180.12044751560563,target,131.88297642321245,0.6900000000000001,131.19297642321246,0.9854820890294613,90012.70884824362
2023-11-13T18:30:00Z,2023-11-13T18:30:00Z,2023-11-14T14:30:00Z,long,0,188,180.438042,179.72020234666948,181.1558816533305,181.13776606516518,target,131.5481242510548,1.8800000000000001,129.6681242510548,0.9608330522911579,90142.37697249468
2023-11-14T15:30:00Z,2023-11-14T15:30:00Z,2023-11-17T20:45:00Z,long,0,57,182.55825399999998,180.2085602114084,184.90794778859154,183.65163299999998,weekend_close,62.32260299999993,0.5700000000000001,61.75260299999993,0.46107241941912314,90204.12957549468
2023-11-21T15:30:00Z,2023-11-21T15:30:00Z,2023-11-28T16:00:00Z,long,0,52,185.80857899999998,183.21286946277948,188.40428853722048,188.38544810836677,target,133.99719363507324,0.52,133.47719363507323,0.9888891925540367,90337.60676912975
2023-11-29T18:30:00Z,2023-11-29T18:30:00Z,2023-11-30T14:30:00Z,long,0,192,189.658964,188.95667243618558,190.3612555638144,188.93777676894197,stop,-138.46794836314075,1.92,-140.38794836314074,-1.0411448303417865,90197.2188207666
2023-11-30T16:45:00Z,2023-11-30T16:45:00Z,2023-12-01T14:45:00Z,short,0,230,188.83111499999998,189.41840730665294,188.24382269334703,189.4373491473836,stop,-139.43385389823192,2.3000000000000003,-141.73385389823193,-1.0492801291670322,90055.48496686837
2023-12-04T17:00:00Z,2023-12-04T17:00:00Z,2023-12-08T20:45:00Z,short,0,42,187.801218,191.00182592975187,184.60061007024814,185.648563,weekend_close,90.41151000000042,0.42,89.99151000000042,0.6694525062200051,90145.47647686838
2023-12-11T16:00:00Z,2023-12-11T16:00:00Z,2023-12-13T19:15:00Z,short,0,61,183.741624,185.92973091083687,181.55351708916314,185.94832388392794,stop,-134.6086929196043,0.61,-135.2186929196043,-1.0130674479155768,90010.25778394878
2023-12-19T15:30:00Z,2023-12-19T15:30:00Z,2023-12-22T14:30:00Z,long,0,79,189.398938,187.69934299550033,191.09853300449964,191.0794231511992,target,132.75832694473735,0.79,131.96832694473736,0.9828724765468355,90142.22611089352
2023-12-26T16:45:00Z,2023-12-26T16:45:00Z,2023-12-26T20:30:00Z,long,0,251,190.86908499999998,190.3316446376012,191.40652536239878,191.38738470986254,target,130.0932271755027,2.5100000000000002,127.5832271755027,0.9457788164510549,90269.80933806903
2023-12-28T18:30:00Z,2023-12-28T18:30:00Z,2023-12-28T19:15:00Z,short,0,404,192.130785,192.46553891523294,191.79603108476707,191.81521068787555,target,127.49202209827945,4.04,123.45202209827944,0.9128326756442,90393.26136016731
2024-01-02T17:00:00Z,2024-01-02T17:00:00Z,2024-01-02T17:00:00Z,short,0,2948,191.450853,191.49683720118938,191.4048687988106,191.5159868849095,stop,-192.01469271320536,29.48,-221.49469271320535,-1.633906493233707,90171.7666674541
2024-01-02T19:45:00Z,2024-01-02T19:45:00Z,2024-01-03T14:30:00Z,short,0,382,191.040894,191.3945184506784,190.68726954932163,190.70633827627657,target,127.80028646235417,3.8200000000000003,123.98028646235417,0.9177977458878284,90295.74695391644
2024-01-04T17:00:00Z,2024-01-04T17:00:00Z,2024-01-05T15:00:00Z,long,0,266,189.49894799999998,188.99157273728665,190.00632326271332,189.98732263038704,target,129.90765168295707,2.66,127.24765168295707,0.9428418481200824,90422.99460559941
2024-01-08T15:45:00Z,2024-01-08T15:45:00Z,2024-01-11T16:15:00Z,short,0,100,188.321166,189.66864164099817,186.97369035900184,186.99238772803773,target,132.87782719622783,1.0,131.87782719622783,0.978702866187152,90554.87243279563
2024-01-11T18:30:00Z,2024-01-11T18:30:00Z,2024-01-11T19:45:00Z,short,0,129,186.731325,187.78199730573132,185.68065269426867,187.8007755054619,stop,-137.9591152045853,1.29,-139.24911520458528,-1.0273902715181447,90415.62331759105
2024-01-16T16:45:00Z,2024-01-16T16:45:00Z,2024-01-17T14:30:00Z,short,0,133,188.451153,189.46847923118503,187.43382676881498,187.45257015149187,target,132.81151885158204,1.33,131.48151885158202,0.9717461500590555,90547.10483644262
2024-01-17T15:30:00Z,2024-01-17T15:30:00Z,2024-01-19T20:45:00Z,short,0,60,186.111387,188.34097357125387,183.88180042874615,187.93879199999998,weekend_close,-109.64429999999822,0.6,-110.24429999999822,-0.824101213960336,90436.86053644263
2024-01-22T17:30:00Z,2024-01-22T17:30:00Z,2024-01-22T18:15:00Z,short,0,567,187.431255,187.67037471733892,187.19213528266107,187.21085449618934,target,124.96708566063944,5.67,119.29708566063944,0.8798960878346747,90556.15762210327
2024-01-22T19:00:00Z,2024-01-22T19:00:00Z,2024-01-23T14:30:00Z,short,0,392,187.261272,187.60700222259138,186.9155417774086,187.62576292281364,stop,-142.8804417429485,3.92,-146.8004417429485,-1.083188273234218,90409.35718036033
2024-01-23T17:00:00Z,2024-01-23T17:00:00Z,2024-01-23T19:30:00Z,long,0,352,187.708769,187.3237120025543,188.0938259974457,188.07501661484594,target,128.91916042577304,3.52,125.39916042577305,0.9251815113324411,90534.7563407861
2024-01-24T17:15:00Z,2024-01-24T17:15:00Z,2024-01-26T20:45:00Z,short,0,146,186.821316,187.74985921376395,185.89277278623604,187.02870099999998,weekend_close,-30.27820999999824,1.46,-31.73820999999824,-0.234114036673417,90503.0181307861
2024-01-29T16:00:00Z,2024-01-29T16:00:00Z,2024-01-29T20:15:00Z,long,0,172,187.658764,186.87295573102642,188.44457226897356,188.42572781174667,target,131.91777562042853,1.72,130.19777562042853,0.9632932632987337,90633.21590640653
2024-01-30T18:15:00Z,2024-01-30T18:15:00Z,2024-01-30T19:15:00Z,long,0,733,188.338832,188.15336783984444,188.52429616015556,188.50544373053955,target,122.12639848549554,7.33,114.79639848549554,0.8444312389423192,90748.01230489204
2024-01-31T15:30:00Z,2024-01-31T15:30:00Z,2024-01-31T20:00:00Z,long,0,75,190.149013,188.33956381099682,191.95846218900317,188.32072985461573,stop,-137.12123590381964,0.75,-137.87123590381964,-1.0159352119729717,90610.14106898822
2024-02-01T17:00:00Z,2024-02-01T17:00:00Z,2024-02-02T14:30:00Z,long,0,88,190.81908,189.27628238139155,192.36187761860847,189.2573547531534,stop,-137.43182172250135,0.88,-138.31182172250135,-1.0187501120621623,90471.82924726572
2024-02-05T15:45:00Z,2024-02-05T15:45:00Z,2024-02-07T14:30:00Z,short,0,64,186.811317,188.9159464031934,184.7066875968066,188.9348379978337,stop,-135.90534386135732,0.64,-136.5453438613573,-1.0137276399334108,90335.28390340436
2024-02-07T15:45:00Z,2024-02-07T15:45:00Z,2024-02-07T17:30:00Z,long,0,218,189.038902,188.41753909123983,189.66026490876018,188.3986973373307,stop,-139.56461646190849,2.18,-141.7446164619085,-1.046416922385467,90193.53928694245
2024-02-07T19:30:00Z,2024-02-07T19:30:00Z,2024-02-08T14:30:00Z,short,0,784,188.541144,188.713623897403,188.368664102597,188.38750096900725,target,120.45613629831905,7.84,112.61613629831905,0.8328102761861269,90306.15542324078
2024-02-08T15:30:00Z,2024-02-08T15:30:00Z,2024-02-09T14:45:00Z,short,0,225,188.021196,188.62276728961788,187.41962471038212,187.43836667285316,target,131.13659860803892,2.25,128.88659860803892,0.9522218513963705,90435.04202184881
2024-02-12T16:00:00Z,2024-02-12T16:00:00Z,2024-02-13T14:30:00Z,short,0,115,186.461352,187.63481912733388,185.28788487266613,185.30641366115339,target,132.81790896736126,1.1500000000000001,131.66790896736126,0.9756884638497911,90566.70993081617
2024-02-13T16:45:00Z,2024-02-13T16:45:00Z,2024-02-16T20:45:00Z,short,0,59,184.66153200000002,186.94750400547898,182.37555999452107,186.378636,weekend_close,-101.30913599999869,0.59,-101.89913599999869,-0.7555228129918055,90464.81079481618
2024-02-20T15:30:00Z,2024-02-20T15:30:00Z,2024-02-23T20:45:00Z,long,0,75,187.93879199999998,186.1369086610728,189.74067533892716,188.59113900000003,weekend_close,48.92602500000365,0.75,48.17602500000365,0.356486452881291,90512.98681981619
2024-02-26T16:45:00Z,2024-02-26T16:45:00Z,2024-02-27T14:30:00Z,short,0,183,187.69122900000002,188.42959098173705,186.952867018263,188.44843394083523,stop,-138.56850417284318,1.83,-140.3985041728432,-1.0390634401710737,90372.58831564334
2024-02-27T15:45:00Z,2024-02-27T15:45:00Z,2024-02-27T19:45:00Z,long,0,372,188.328831,187.96450642908448,188.69315557091554,187.94570997844158,stop,-142.52102001973356,3.72,-146.24102001973355,-1.0790406493049083,90226.34729562361
2024-02-28T17:15:00Z,2024-02-28T17:15:00Z,2024-02-28T18:45:00Z,long,0,407,188.468845,188.13689499415614,188.80079500584384,188.11808130465673,stop,-142.7608240047072,4.07,-146.83082400470718,-1.0868012923396788,90079.5164716189
2024-02-29T16:00:00Z,2024-02-29T16:00:00Z,2024-03-01T15:30:00Z,long,0,90,189.698968,188.2013066837568,191.19662931624322,191.1775096533116,target,133.06874879804354,0.9,132.16874879804354,0.9805565767000912,90211.68522041694
2024-03-04T15:45:00Z,2024-03-04T15:45:00Z,2024-03-05T14:30:00Z,long,0,52,194.72947100000002,192.14847502182727,197.31046697817277,197.29073593147496,target,133.18577643669676,0.52,132.66577643669675,0.9884807853443993,90344.35099685364
2024-03-05T15:30:00Z,2024-03-05T15:30:00Z,2024-03-07T14:30:00Z,long,0,60,197.389737,195.14379661798333,199.63567738201667,199.61571381427848,target,133.55860885670893,0.6,132.95860885670893,0.9866587875715193,90477.30960571035
2024-03-07T18:00:00Z,2024-03-07T18:00:00Z,2024-03-08T14:30:00Z,long,0,124,199.879986,198.78721630270283,200.97275569729717,200.95265842172745,target,133.01138029420338,1.24,131.77138029420337,0.9724578054788974,90609.08098600456
2024-03-12T15:45:00Z,2024-03-12T15:45:00Z,2024-03-13T17:15:00Z,short,0,87,200.259972,201.81127250477158,198.70867149522843,201.83145363202206,stop,-136.7189019859189,0.87,-137.5889019859189,-1.0194553712563417,90471.49208401864
2024-03-13T18:00:00Z,2024-03-13T18:00:00Z,2024-03-14T13:30:00Z,long,0,151,201.390137,200.4953345661652,202.2849394338348,200.4752850327086,stop,-138.1426470610032,1.51,-139.6526470610032,-1.0335823108212085,90331.83943695764
2024-03-14T15:45:00Z,2024-03-14T15:45:00Z,2024-03-15T19:45:00Z,short,0,81,199.43005499999998,201.09446115372396,197.765648846276,199.739972,weekend_close,-25.103277000001043,0.81,-25.91327700000104,-0.19221089713242442,90305.92615995764
2024-03-19T15:45:00Z,2024-03-19T15:45:00Z,2024-03-20T14:00:00Z,short,0,199,199.28007000000002,199.9583675135105,198.60177248648955,199.97836335026184,stop,-138.96037670210237,1.99,-140.95037670210237,-1.0442222419423417,90164.97578325553
2024-03-20T15:30:00Z,2024-03-20T15:30:00Z,2024-03-20T15:30:00Z,long,0,6111,199.64996299999999,199.62783326052963,199.67209273947034,199.60787047720356,stop,-257.22740680894265,61.11,-318.33740680894266,-2.353960057514394,89846.63837644659
2024-03-20T18:45:00Z,2024-03-20T18:45:00Z,2024-03-21T13:30:00Z,long,0,79,201.370135,199.68115177356052,203.0591182264395,203.03881231461685,target,131.82550785473063,0.79,131.03550785473064,0.9820567123768698,89977.67388430132
2024-03-21T18:30:00Z,2024-03-21T18:30:00Z,2024-03-22T13:30:00Z,long,0,181,201.990197,201.24661530089048,202.7337786991095,201.2264906393604,stop,-138.2308512757655,1.81,-140.0408512757655,-1.0405129141372795,89837.63303302554
2024-03-25T15:45:00Z,2024-03-25T15:45:00Z,2024-03-26T13:30:00Z,long,0,142,201.550153,200.6063013643155,202.4940046356845,202.47375523522092,target,131.1515174013715,1.42,129.73151740137152,0.9679511065935356,89967.36455042692
2024-03-26T15:45:00Z,2024-03-26T15:45:00Z,2024-03-26T16:15:00Z,long,0,979,201.390137,201.25234880771112,201.5279251922889,201.50777239976966,target,115.16505637449103,9.790000000000001,105.37505637449102,0.7811656280676011,90072.73960680142
2024-03-27T14:45:00Z,2024-03-27T14:45:00Z,2024-03-28T13:30:00Z,long,0,91,203.010299,201.5303132492973,204.4902847507027,204.46983572222763,target,132.8178417227139,0.91,131.9078417227139,0.979426134028241,90204.64744852413
2024-03-28T14:30:00Z,2024-03-28T14:30:00Z,2024-03-28T16:30:00Z,long,0,78,204.310429,202.5925919581356,206.02826604186438,206.0076632152602,target,132.38426879029635,0.78,131.60426879029635,0.9821852563087345,90336.25171731443
2024-03-28T17:45:00Z,2024-03-28T17:45:00Z,2024-04-01T13:30:00Z,long,0,72,205.560554,203.69073889848468,207.4303691015153,207.40962606460516,target,133.13318865157203,0.72,132.41318865157203,0.983558247612166,90468.664905966
2024-04-01T14:30:00Z,2024-04-01T14:30:00Z,2024-04-02T13:30:00Z,long,0,71,206.730671,204.82703788059737,208.63430411940263,208.6134406889907,target,133.6766479183391,0.71,132.9666479183391,0.9837870910642588,90601.63155388433
2024-04-02T14:30:00Z,2024-04-02T14:30:00Z,2024-04-05T14:30:00Z,long,0,35,210.681066,206.85000029282352,214.51213170717645,214.49068049400574,target,133.3365072902015,0.35000000000000003,132.9865072902015,0.9917904793144656,90734.61806117454
2024-04-08T15:00:00Z,2024-04-08T15:00:00Z,2024-04-08T18:00:00Z,long,0,139,215.611559,214.63503703896694,216.58808096103306,216.56642215293695,target,132.72597825823627,1.3900000000000001,131.33597825823628,0.9675800346951602,90865.95403943278
2024-04-08T18:30:00Z,2024-04-08T18:30:00Z,2024-04-09T13:30:00Z,long,0,84,216.79167700000002,215.1723562727292,218.41099772727085,218.38915662749812,target,134.18828870984066,0.84,133.34828870984066,0.980336755260094,90999.30232814261
2024-04-09T14:30:00Z,2024-04-09T14:30:00Z,2024-04-10T13:30:00Z,long,0,47,218.62186,215.7204605306394,221.5232594693606,215.69888848458635,stop,-137.37966122444155,0.47000000000000003,-137.84966122444155,-1.0108816612074483,90861.45266691818
2024-04-10T17:30:00Z,2024-04-10T17:30:00Z,2024-04-10T17:30:00Z,short,0,102,215.618436,216.95239848394215,214.28447351605786,216.97409372379053,stop,-138.27708782663393,1.02,-139.29708782663394,-1.0237602183194223,90722.15557909154
2024-04-10T18:00:00Z,2024-04-10T18:00:00Z,2024-04-10T18:30:00Z,short,0,331,216.488349,216.89870810100075,216.07798989899925,216.09959769798914,target,128.67668096559464,3.31,125.36668096559464,0.9229752699213736,90847.52226005714
2024-04-11T16:45:00Z,2024-04-11T16:45:00Z,2024-04-11T18:00:00Z,long,0,131,217.38173600000002,216.34364145216426,218.41983054783577,218.397988564781,target,133.12908598630895,1.31,131.81908598630895,0.9693265096891653,90979.34134604345
2024-04-16T16:15:00Z,2024-04-16T16:15:00Z,2024-04-17T16:30:00Z,long,0,64,221.12211,218.99683705726267,223.24738294273732,218.97493737355694,stop,-137.4190480923553,0.64,-138.05904809235528,-1.0150096879625445,90841.2822979511
2024-04-17T17:45:00Z,2024-04-17T17:45:00Z,2024-04-18T13:30:00Z,short,0,96,219.668031,221.0740545699411,218.26200743005893,221.09616197539808,stop,-137.10057363821397,0.96,-138.06057363821398,-1.0228356096891915,90703.22172431288
2024-04-18T16:45:00Z,2024-04-18T16:45:00Z,2024-04-19T14:45:00Z,long,0,198,220.752073,220.0666786757398,221.43746732426018,221.41532357752777,target,131.32361435049972,1.98,129.34361435049973,0.9531018195006113,90832.56533866338
2024-04-22T15:30:00Z,2024-04-22T15:30:00Z,2024-04-26T19:45:00Z,short,0,24,216.038394,221.5011022912056,210.57568570879442,216.611659,weekend_close,-13.758359999999811,0.24,-13.998359999999812,-0.10677213003282462,90818.56697866338
2024-04-29T17:15:00Z,2024-04-29T17:15:00Z,2024-04-29T19:00:00Z,long,0,151,217.101708,216.2030759602083,218.0003400397917,216.1814556526123,stop,-138.95810445554304,1.51,-140.46810445554303,-1.035187158031155,90678.09887420783
2024-04-30T14:30:00Z,2024-04-30T14:30:00Z,2024-05-03T19:45:00Z,short,0,37,212.988699,216.63045734927965,209.34694065072034,213.001298,weekend_close,-0.4661629999997956,0.37,-0.8361629999997956,-0.006205518827042599,90677.26271120783
2024-05-06T15:30:00Z,2024-05-06T15:30:00Z,2024-05-10T13:30:00Z,long,0,56,215.06150399999999,212.65691277340287,217.4660952265971,217.44434861707444,target,133.43929855616943,0.56,132.87929855616943,0.9867975025561446,90810.14200976401
2024-05-13T15:45:00Z,2024-05-13T15:45:00Z,2024-05-15T13:30:00Z,short,0,53,215.93840400000002,218.50445897916794,213.3723490208321,218.52630942506585,stop,-137.15898752848884,0.53,-137.68898752848884,-1.012412222714043,90672.45302223552
2024-05-15T14:30:00Z,2024-05-15T14:30:00Z,2024-05-15T15:15:00Z,long,0,95,219.0219,217.599711366708,220.44408863329198,220.42204422442865,target,133.0137013207225,0.9500000000000001,132.06370132072252,0.9774682428805787,90804.51672355624
2024-05-15T18:30:00Z,2024-05-15T18:30:00Z,2024-05-17T14:30:00Z,long,0,67,220.972095,218.96452446010935,222.97966553989065,222.95736757333665,target,133.0132624135561,0.67,132.34326241355612,0.9839119144696398,90936.8599859698
2024-05-20T16:00:00Z,2024-05-20T16:00:00Z,2024-05-22T13:30:00Z,long,0,93,224.402438,222.94434848133045,225.86052751866953,222.92205404648232,stop,-137.67570767714363,0.93,-138.60570767714364,-1.022148458263113,90798.25427829266
2024-05-22T15:00:00Z,2024-05-22T15:00:00Z,2024-05-23T13:45:00Z,short,0,41,220.987899,224.25527356919417,217.72052443080582,217.7422964832489,target,133.06970318679475,0.41000000000000003,132.65970318679476,0.9902759687418027,90930.91398147946
2024-05-23T14:30:00Z,2024-05-23T14:30:00Z,2024-05-24T19:45:00Z,short,0,32,217.398258,221.60648825224123,213.19002774775876,215.931591,weekend_close,46.933344000000034,0.32,46.61334400000003,0.34614717177706794,90977.52732547946
2024-05-28T15:45:00Z,2024-05-28T15:45:00Z,2024-05-29T15:30:00Z,long,0,63,218.401838,216.25678348280934,220.54689251719066,216.23515780446107,stop,-136.5008523189526,0.63,-137.1308523189526,-1.0147435312691686,90840.39647316051
2024-05-29T15:45:00Z,2024-05-29T15:45:00Z,2024-05-31T13:30:00Z,short,0,102,216.438354,217.76708923506578,215.10961876493423,217.7888659439893,stop,-137.75221828690752,1.02,-138.77221828690753,-1.0239150043476781,90701.6242548736
2024-06-03T16:00:00Z,2024-06-03T16:00:00Z,2024-06-04T13:30:00Z,long,0,110,216.771675,215.54047221845852,218.00287778154146,215.51891817123666,stop,-137.80325116396568,1.1,-138.90325116396568,-1.0256286354245798,90562.72100370964
2024-06-04T15:45:00Z,2024-06-04T15:45:00Z,2024-06-05T13:45:00Z,short,0,92,215.348463,216.81302950275972,213.8838964972403,216.83471080571,stop,-136.7347981253181,0.92,-137.65479812531808,-1.0216318636883832,90425.06620558431
2024-06-05T15:45:00Z,2024-06-05T15:45:00Z,2024-06-07T13:30:00Z,long,0,52,218.071805,215.47342618998664,220.67018381001338,215.45187884736765,stop,-136.2361599368827,0.52,-136.7561599368827,-1.0121411637508024,90288.31004564743
2024-06-11T14:45:00Z,2024-06-11T14:45:00Z,2024-06-11T15:45:00Z,long,0,256,214.18141599999998,213.65288413948656,214.7099478605134,213.63151885107263,stop,-140.77367012540344,2.56,-143.33367012540344,-1.0593441772525565,90144.97637552203
2024-06-12T14:30:00Z,2024-06-12T14:30:00Z,2024-06-13T13:45:00Z,long,0,100,215.12151,213.7808122663284,216.4622077336716,213.75943418510178,stop,-136.2075814898219,1.0,-137.2075814898219,-1.0234042919880966,90007.7687940322
2024-06-13T14:30:00Z,2024-06-13T14:30:00Z,2024-06-14T13:30:00Z,short,0,73,213.548643,215.37314369840163,211.72414230159836,215.39468101277149,stop,-134.76077493231855,0.73,-135.49077493231854,-1.0172854493273034,89872.27801909989
2024-06-17T16:00:00Z,2024-06-17T16:00:00Z,2024-06-18T15:30:00Z,short,0,89,213.838614,215.34501666503738,212.33221133496264,215.36655116670389,stop,-135.9864078366452,0.89,-136.8764078366452,-1.0209336470244001,89735.40161126324
2024-06-18T16:00:00Z,2024-06-18T16:00:00Z,2024-06-20T13:30:00Z,long,0,160,215.331531,214.49114186201322,216.1719201379868,216.150302945973,target,131.00351135567962,1.6,129.40351135567963,0.9623779144866942,89864.80512261891
2024-06-20T14:30:00Z,2024-06-20T14:30:00Z,2024-06-21T15:15:00Z,long,0,50,217.851783,215.19918314976553,220.5043828502345,215.17766323145057,stop,-133.70598842747228,0.5,-134.20598842747228,-1.0118826510195946,89730.59913419143
2024-06-24T18:45:00Z,2024-06-24T18:45:00Z,2024-06-25T13:30:00Z,long,0,268,215.901588,215.39983723723773,216.40333876276227,215.378297253514,stop,-140.2419200582474,2.68,-142.9219200582474,-1.0628598620360659,89587.67721413319
2024-06-25T15:45:00Z,2024-06-25T15:45:00Z,2024-06-26T13:30:00Z,short,0,126,214.528545,215.58721969378297,213.46987030621705,213.49121729324767,target,130.70329105079435,1.26,129.44329105079436,0.9703903501097081,89717.12050518398
2024-06-26T14:30:00Z,2024-06-26T14:30:00Z,2024-06-27T13:30:00Z,short,0,57,212.458752,214.78237119112939,210.13513280887062,214.8038494282485,stop,-133.67055341016413,0.5700000000000001,-134.24055341016413,-1.0135470722738402,89582.87995177381
2024-06-27T15:45:00Z,2024-06-27T15:45:00Z,2024-06-28T19:45:00Z,long,0,66,215.041502,213.02866542654624,217.05433857345378,214.998498,weekend_close,-2.8382639999997537,0.66,-3.498263999999754,-0.02633298733689454,89579.38168777381
2024-07-01T17:45:00Z,2024-07-01T17:45:00Z,2024-07-02T13:30:00Z,long,0,409,215.45154300000002,215.12378241162455,215.77930358837548,215.75772565801665,target,125.22870712880504,4.09,121.13870712880504,0.90365549892577,89700.52039490262
2024-07-02T16:45:00Z,2024-07-02T16:45:00Z,2024-07-02T19:00:00Z,short,0,208,214.73852399999998,215.38314417314842,214.09390382685154,215.40468248756574,stop,-138.5609654136765,2.08,-140.64096541367653,-1.0489254226458264,89559.87942948894
2024-07-08T16:15:00Z,2024-07-08T16:15:00Z,2024-07-10T13:45:00Z,short,0,52,217.728225,220.26843117817222,215.1880188218278,220.29045802129005,stop,-133.23611710708212,0.52,-133.75611710708213,-1.0126079699329262,89426.12331238185
2024-07-10T14:30:00Z,2024-07-10T14:30:00Z,2024-07-11T13:30:00Z,long,0,78,220.042002,218.32709078046693,221.75691321953306,221.7347375282111,target,132.03337120046598,0.78,131.25337120046598,0.9812376926831682,89557.37668358232
2024-07-11T15:45:00Z,2024-07-11T15:45:00Z,2024-07-12T19:45:00Z,long,0,32,223.712369,219.55032808679016,227.87440991320983,223.087689,weekend_close,-19.989759999999478,0.32,-20.30975999999948,-0.15249249424376943,89537.06692358232
2024-07-15T15:15:00Z,2024-07-15T15:15:00Z,2024-07-16T15:00:00Z,long,0,70,225.032501,223.1175907191977,226.9474112808023,226.92471653967422,target,132.45508777719579,0.7000000000000001,131.7550877771958,0.9829262282124366,89668.82201135952
2024-07-16T15:45:00Z,2024-07-16T15:45:00Z,2024-07-19T13:30:00Z,long,0,36,227.872785,224.16129718640207,231.58427281359792,224.13888105668343,stop,-134.42054195939625,0.36,-134.78054195939626,-1.0087339986945052,89534.04146940012
2024-07-22T15:00:00Z,2024-07-22T15:00:00Z,2024-07-23T19:15:00Z,short,0,67,220.687929,222.669053597059,218.706804402941,222.6913205024187,stop,-134.22723066205344,0.67,-134.89723066205343,-1.0162871660912267,89399.14423873807
2024-07-29T14:30:00Z,2024-07-29T14:30:00Z,2024-07-29T14:30:00Z,long,0,159,220.992097,220.15298986007483,221.83120413992518,220.13097456108883,stop,-136.91846778687554,1.59,-138.50846778687554,-1.0381540061604602,89260.6357709512
2024-07-29T17:15:00Z,2024-07-29T17:15:00Z,2024-07-29T19:30:00Z,short,0,236,219.918006,220.48393838821306,219.35207361178692,220.50598678205188,stop,-138.76346456424517,2.36,-141.12346456424518,-1.0566293686424422,89119.51230638695
2024-07-30T15:15:00Z,2024-07-30T15:15:00Z,2024-07-30T17:00:00Z,long,0,140,221.0221,220.06893361127442,221.97526638872557,221.9530688620867,target,130.3356406921381,1.4000000000000001,128.9356406921381,0.966220455295401,89248.4479470791
2024-07-30T18:00:00Z,2024-07-30T18:00:00Z,2024-07-31T13:45:00Z,long,0,69,222.452243,220.53531737314407,224.36916862685595,224.34673170999326,target,130.71972098953455,0.6900000000000001,130.02972098953455,0.9830786774362814,89378.47766806863
2024-07-31T14:30:00Z,2024-07-31T14:30:00Z,2024-08-01T13:30:00Z,long,0,51,224.042402,221.46130467708457,226.62349932291545,226.60083697298316,target,130.48018362214066,0.51,129.97018362214067,0.9873455566195403,89508.44785169077
2024-08-05T14:30:00Z,2024-08-05T14:30:00Z,2024-08-09T14:30:00Z,short,0,30,220.70792699999998,225.10598557323002,216.30986842676995,225.12849617178733,stop,-132.61707515362048,0.3,-132.9170751536205,-1.0073920340113711,89375.53077653715
2024-08-12T15:00:00Z,2024-08-12T15:00:00Z,2024-08-16T13:30:00Z,long,0,55,226.842682,224.4342164873531,229.2511475126469,229.22822239789562,target,131.20472188425936,0.55,130.65472188425935,0.986329422373547,89506.18549842142
2024-08-19T16:00:00Z,2024-08-19T16:00:00Z,2024-08-20T13:30:00Z,long,0,123,231.483146,230.3982117217053,232.5680802782947,232.54482347026686,target,130.58632884282352,1.23,129.35632884282353,0.9693467072677329,89635.54182726424
2024-08-20T14:30:00Z,2024-08-20T14:30:00Z,2024-08-20T16:00:00Z,long,0,64,233.253323,231.16760096154655,235.33904503845343,231.1444842014504,stop,-134.9656831071734,0.64,-135.60568310717338,-1.015877839657244,89499.93614415707
2024-08-21T15:45:00Z,2024-08-21T15:45:00Z,2024-08-21T16:00:00Z,short,0,477,231.856812,232.13781231895354,231.57581168104645,231.59896926221455,target,122.99098592365402,4.7700000000000005,118.22098592365403,0.8820016244409016,89618.15713008073
2024-08-22T15:45:00Z,2024-08-22T15:45:00Z,2024-08-23T14:00:00Z,short,0,47,229.167081,231.97819108488852,226.35597091511147,232.001388903997,stop,-133.21247148785903,0.47000000000000003,-133.68247148785903,-1.0118095051797986,89484.47465859287
2024-08-26T14:30:00Z,2024-08-26T14:30:00Z,2024-08-28T13:30:00Z,long,0,113,232.683266,231.49651793130136,233.87001406869865,231.47336827950824,stop,-136.7184424155697,1.1300000000000001,-137.8484424155697,-1.0279331836869725,89346.62621617729
2024-08-28T15:45:00Z,2024-08-28T15:45:00Z,2024-08-28T16:15:00Z,short,0,139,231.836814,232.7980374577898,230.8755905422102,230.89867810126444,target,130.40088992424378,1.3900000000000001,129.0108899242438,0.9655776616913692,89475.63710610154
2024-08-28T17:15:00Z,2024-08-28T17:15:00Z,2024-08-29T13:45:00Z,short,0,108,231.136884,232.37088842140682,229.9028795785932,232.39412551024895,stop,-135.78208310688615,1.08,-136.86208310688616,-1.0269343352953677,89338.77502299465
2024-08-29T15:15:00Z,2024-08-29T15:15:00Z,2024-08-30T14:30:00Z,long,0,92,233.173315,231.72934978229958,234.61728021770043,231.70617684732136,stop,-134.9767100464352,0.92,-135.89671004643517,-1.0229735000341968,89202.87831294822
2024-09-03T14:30:00Z,2024-09-03T14:30:00Z,2024-09-05T13:30:00Z,short,0,49,228.947103,231.6683107085916,226.2258952914084,231.69147753966246,stop,-134.4743524434605,0.49,-134.9643524434605,-1.0121882761709575,89067.91396050475
2024-09-05T15:00:00Z,2024-09-05T15:00:00Z,2024-09-06T16:15:00Z,long,0,98,231.783176,230.4199215006247,233.1464304993753,230.39687950847463,stop,-135.85705616948638,0.98,-136.83705616948637,-1.0242375815852511,88931.07690433526
2024-09-09T18:15:00Z,2024-09-09T18:15:00Z,2024-09-09T18:45:00Z,long,0,447,231.10310800000002,230.80487540314775,231.4013405968523,231.37820046279262,target,122.96633086829206,4.47,118.49633086829206,0.8888782299136503,89049.57323520356
2024-09-10T16:15:00Z,2024-09-10T16:15:00Z,2024-09-11T14:00:00Z,long,0,127,232.31322899999998,231.2631124866467,233.36334551335327,231.23998617539803,stop,-136.3018387244474,1.27,-137.57183872444742,-1.031545367421068,88912.00139647911
2024-09-11T17:30:00Z,2024-09-11T17:30:00Z,2024-09-11T19:00:00Z,long,0,332,232.363234,231.96260360843178,232.76386439156823,231.93940734807094,stop,-140.71044844044854,3.3200000000000003,-144.03044844044854,-1.082860065185994,88767.97094803867
2024-09-12T15:45:00Z,2024-09-12T15:45:00Z,2024-09-13T19:45:00Z,long,0,37,235.883586,232.347177022684,239.419994977316,238.636134,weekend_close,101.84427599999964,0.37,101.47427599999963,0.7755177688982906,88869.44522403866
2024-09-16T15:00:00Z,2024-09-16T15:00:00Z,2024-09-17T13:30:00Z,long,0,326,238.453843,238.04602483421803,238.86166116578198,238.02222023173462,stop,-140.70902245451538,3.2600000000000002,-143.96902245451537,-1.0828913602183219,88725.47620158414
2024-09-17T15:00:00Z,2024-09-17T15:00:00Z,2024-09-17T15:15:00Z,short,0,305,238.066191,238.50197608011266,237.63040591988735,237.65416896047932,target,125.66672205380698,3.0500000000000003,122.61672205380698,0.9225236426560421,88848.09292363795
2024-09-17T15:45:00Z,2024-09-17T15:45:00Z,2024-09-18T18:00:00Z,short,0,93,237.056292,238.48645223007736,235.62613176992267,238.51030087530037,stop,-135.2228254029335,0.93,-136.1528254029335,-1.0236677293293084,88711.940098235
2024-09-19T16:15:00Z,2024-09-19T16:15:00Z,2024-09-20T13:30:00Z,long,0,76,239.273925,237.5413377268254,241.0065122731746,240.98241162194728,target,129.84498326799383,0.76,129.08498326799383,0.9803180758884185,88841.025081503
2024-09-23T14:30:00Z,2024-09-23T14:30:00Z,2024-09-24T18:15:00Z,long,0,66,243.46434399999998,241.44950291546206,245.4791850845379,245.45463716602944,target,131.35934895794435,0.66,130.69934895794435,0.9828532787158331,88971.72443046095
2024-09-26T14:30:00Z,2024-09-26T14:30:00Z,2024-09-26T15:30:00Z,long,0,196,246.17461500000002,245.4945875941248,246.85464240587524,246.82995694163466,target,128.44702056039057,1.96,126.48702056039058,0.9489940200337442,89098.21145102134
2024-09-26T18:30:00Z,2024-09-26T18:30:00Z,2024-09-27T14:00:00Z,long,0,127,247.074705,246.02457952638613,248.12483047361386,245.9999770684335,stop,-136.49044730894366,1.27,-137.76044730894367,-1.0329507842844203,88960.4510037124
2024-09-30T15:00:00Z,2024-09-30T15:00:00Z,2024-10-01T13:30:00Z,short,0,70,243.225675,245.1087220715374,241.3426279284626,245.13323294374453,stop,-133.5290560621175,0.7000000000000001,-134.22905606211748,-1.0183271426024252,88826.22194765028
2024-10-01T15:45:00Z,2024-10-01T15:45:00Z,2024-10-04T19:45:00Z,long,0,60,245.804578,243.587189534574,248.02196646542598,244.96550100000002,weekend_close,-50.344619999998486,0.6,-50.94461999999849,-0.3829175686799914,88775.27732765028
2024-10-07T15:00:00Z,2024-10-07T15:00:00Z,2024-10-08T14:15:00Z,short,0,148,243.945603,244.84364741618342,243.0475585838166,243.07186333967496,target,129.31346972810638,1.48,127.83346972810638,0.9618006022417485,88903.1107973784
2024-10-09T15:00:00Z,2024-10-09T15:00:00Z,2024-10-10T13:30:00Z,short,0,125,241.07589,242.13718967941685,240.01459032058312,242.16140339838478,stop,-135.68917479809883,1.25,-136.93917479809883,-1.0322375664776675,88766.1716225803
2024-10-10T15:45:00Z,2024-10-10T15:45:00Z,2024-10-10T19:00:00Z,long,0,152,242.044202,241.173605595843,242.91479840415704,242.89050692431664,target,128.63834849612726,1.52,127.11834849612727,0.960611507609426,88893.28997107642
2024-10-14T16:30:00Z,2024-10-14T16:30:00Z,2024-10-15T14:00:00Z,short,0,200,244.495548,245.16204594148653,243.8290500585135,245.18656214608066,stop,-138.20282921612943,2.0,-140.20282921612943,-1.0517874136522507,88753.08714186029
2024-10-15T15:00:00Z,2024-10-15T15:00:00Z,2024-10-16T13:30:00Z,long,0,134,245.744572,244.7545205079862,246.7346234920138,246.7099500296646,target,129.36065597505723,1.34,128.02065597505722,0.9649781222200153,88881.10779783534
2024-10-16T14:30:00Z,2024-10-16T14:30:00Z,2024-10-18T13:30:00Z,long,0,78,247.444742,245.73581511229668,249.1536688877033,249.12875352081454,target,131.35289862353494,0.78,130.57289862353494,0.9795688351912545,89011.68069645888
2024-10-21T14:30:00Z,2024-10-21T14:30:00Z,2024-10-23T15:00:00Z,long,0,64,252.555253,250.48665757800504,254.62384842199495,250.46160891224724,stop,-133.99322161617602,0.64,-134.633221616176,-1.0169432192419687,88877.0474748427
2024-10-23T16:00:00Z,2024-10-23T16:00:00Z,2024-10-24T13:30:00Z,short,0,72,251.384859,253.22908578977342,249.5406322102266,253.2544086983524,stop,-134.60757828137184,0.72,-135.32757828137184,-1.01915323471866,88741.71989656132
2024-10-24T15:45:00Z,2024-10-24T15:45:00Z,2024-10-25T14:00:00Z,long,0,170,252.135211,251.35442724841414,252.91599475158586,252.8907031521107,target,128.4336658588174,1.7,126.73366585881739,0.9547997772706126,88868.45356242014
2024-10-28T15:45:00Z,2024-10-28T15:45:00Z,2024-10-28T15:45:00Z,long,0,868,253.175315,253.02176215908688,253.32886784091315,253.30353495412905,target,111.2949201840039,8.68,102.61492018400389,0.7698975377206676,88971.06848260414
2024-10-28T17:45:00Z,2024-10-28T17:45:00Z,2024-10-28T18:15:00Z,long,0,381,253.495347,253.14528347928402,253.845410520716,253.11996895093608,stop,-143.01903669335573,3.81,-146.82903669335573,-1.1008803438750334,88824.23944591079
2024-10-29T15:00:00Z,2024-10-29T15:00:00Z,2024-10-31T14:30:00Z,long,0,50,255.84558199999998,253.22765082937724,258.4635131706227,253.2023280642943,stop,-132.16269678528363,0.5,-132.66269678528363,-1.0134926255813406,88691.57674912551
2024-10-31T15:45:00Z,2024-10-31T15:45:00Z,2024-11-01T19:45:00Z,short,0,30,252.67472999999998,256.9964616623114,248.35299833768858,252.515249,weekend_close,4.7844299999991335,0.3,4.484429999999134,0.034588218723423395,88696.0611791255
2024-11-04T18:00:00Z,2024-11-04T18:00:00Z,2024-11-05T14:30:00Z,short,0,427,252.87471000000002,253.18618970544964,252.5632302945504,253.21150832442018,stop,-143.81288452740756,4.2700000000000005,-148.08288452740757,-1.1133897918632065,88547.9782945981
2024-11-05T18:45:00Z,2024-11-05T18:45:00Z,2024-11-05T20:45:00Z,long,0,625,253.155313,252.94313623145874,253.36748976854128,253.34215301956442,target,116.77501222775888,6.25,110.52501222775888,0.8334560884313691,88658.50330682586
2024-11-06T16:45:00Z,2024-11-06T16:45:00Z,2024-11-08T20:45:00Z,short,0,20,246.165381,252.58803528659246,239.74272671340754,248.014799,weekend_close,-36.988360000000284,0.2,-37.18836000000029,-0.2895092771662366,88621.31494682586
2024-11-11T16:00:00Z,2024-11-11T16:00:00Z,2024-11-15T20:45:00Z,short,0,19,241.415856,248.2923079254194,234.53940407458057,236.63366100000002,weekend_close,90.86170499999949,0.19,90.67170499999949,0.6939908911977017,88711.98665182586
2024-11-18T16:45:00Z,2024-11-18T16:45:00Z,2024-11-20T17:00:00Z,long,0,33,241.074105,237.14516734322447,245.00304265677553,244.97854235250986,target,128.84643263282535,0.33,128.51643263282534,0.9912189229558845,88840.50308445869
2024-11-20T18:00:00Z,2024-11-20T18:00:00Z,2024-11-21T17:45:00Z,long,0,75,244.91448899999997,243.15448654374737,246.67449145625258,246.64982400710696,target,130.1501255330237,0.75,129.4001255330237,0.9803026132023482,88969.90320999171
2024-11-21T19:00:00Z,2024-11-21T19:00:00Z,2024-11-22T14:30:00Z,long,0,95,246.734671,245.3419947024064,248.1273472975936,248.10253456286384,target,129.94703847206537,0.9500000000000001,128.99703847206538,0.9750029961808767,89098.90024846377
2024-11-25T16:45:00Z,2024-11-25T16:45:00Z,2024-12-06T20:45:00Z,short,0,22,243.255672,249.0956489823929,237.4156950176071,242.984296,weekend_close,5.9702720000000795,0.22,5.75027200000008,0.04475634078490944,89104.65052046378
2024-12-09T16:45:00Z,2024-12-09T16:45:00Z,2024-12-11T14:30:00Z,long,0,45,246.42464,243.4786540828908,249.3706259171092,249.3456888545175,target,131.44719845328723,0.45,130.99719845328724,0.9881407910374581,89235.64771891707
2024-12-11T15:45:00Z,2024-12-11T15:45:00Z,2024-12-12T14:30:00Z,long,0,49,250.675065,247.98735373100598,253.362776268994,247.96255499563287,stop,-132.9129902139888,0.49,-133.4029902139888,-1.012947348837115,89102.24472870308
2024-12-12T16:45:00Z,2024-12-12T16:45:00Z,2024-12-13T20:15:00Z,short,0,46,247.47525000000002,250.3252000375534,244.62529996244663,244.64976249244287,target,129.97242534762853,0.46,129.51242534762852,0.9879076722250796,89231.7571540507
2024-12-16T17:45:00Z,2024-12-16T17:45:00Z,2024-12-17T14:30:00Z,short,0,307,244.905507,245.34144009068453,244.46957390931547,244.4940208667064,target,126.32624292113744,3.0700000000000003,123.25624292113744,0.9209810906145467,89355.01339697184
2024-12-18T16:00:00Z,2024-12-18T16:00:00Z,2024-12-18T19:00:00Z,short,0,172,243.49564800000002,244.27203282119206,242.71926317880798,242.74353510512586,target,129.36341791835537,1.72,127.64341791835537,0.9558570371516798,89482.6568148902
2024-12-23T16:45:00Z,2024-12-23T16:45:00Z,2024-12-26T14:30:00Z,short,0,188,241.345863,242.05831539185235,240.63341060814767,242.08252122339152,stop,-138.49174599760488,1.8800000000000001,-140.37174599760488,-1.0480113926633665,89342.2850688926
2024-12-26T19:45:00Z,2024-12-26T19:45:00Z,2024-12-27T14:30:00Z,long,0,143,243.22431999999998,242.28881049469078,244.15982950530918,242.26458161364133,stop,-137.24258924928716,1.43,-138.67258924928717,-1.0365884909294854,89203.61247964331
2024-12-31T16:00:00Z,2024-12-31T16:00:00Z,2025-01-02T14:30:00Z,long,0,72,242.394237,240.55664322428737,244.23183077571264,244.20740759263506,target,130.54828266972436,0.72,129.82828266972436,0.9812672509384053,89333.44076231304
2025-01-02T16:00:00Z,2025-01-02T16:00:00Z,2025-01-03T20:45:00Z,long,0,44,244.944492,241.92759196671867,247.96139203328133,243.455652,weekend_close,-65.50896000000046,0.44,-65.94896000000045,-0.49681460554388907,89267.49180231304
2025-01-06T19:45:00Z,2025-01-06T19:45:00Z,2025-01-07T14:30:00Z,short,0,387,243.19567800000002,243.54084730779596,242.85050869220407,243.56520139252675,stop,-143.00555290784462,3.87,-146.87555290784462,-1.099528213994907,89120.6162494052
2025-01-07T16:45:00Z,2025-01-07T16:45:00Z,2025-01-10T14:30:00Z,long,0,85,244.984496,243.4186238326105,246.5503681673895,246.52571313057277,target,131.0034560986847,0.85,130.1534560986847,0.977868540268831,89250.76970550389
2025-01-13T16:45:00Z,2025-01-13T16:45:00Z,2025-01-15T14:30:00Z,short,0,69,245.87541000000002,247.79477842264689,243.95604157735315,247.81955790048914,stop,-134.14620513374982,0.6900000000000001,-134.83620513374981,-1.0181202719769125,89115.93350037014
2025-01-15T15:30:00Z,2025-01-15T15:30:00Z,2025-01-15T17:00:00Z,long,0,131,247.394737,246.37495184956163,248.41452215043836,248.38968069822332,target,130.3376244672554,1.31,129.0276244672554,0.9658345170057971,89244.9611248374
2025-01-15T17:30:00Z,2025-01-15T17:30:00Z,2025-01-16T14:30:00Z,long,0,82,248.364834,246.73248904771475,249.99717895228525,249.97217923439004,target,131.80230921998316,0.8200000000000001,130.98230921998316,0.978558626443379,89375.94343405738
2025-01-16T15:30:00Z,2025-01-16T15:30:00Z,2025-01-17T20:45:00Z,long,0,47,250.79507700000002,247.94917926616063,253.6409747338394,249.215076,weekend_close,-74.26004700000047,0.47000000000000003,-74.73004700000047,-0.5586992747820715,89301.21338705737
2025-01-21T16:45:00Z,2025-01-21T16:45:00Z,2025-01-24T14:30:00Z,long,0,46,252.92529,250.05289925082604,255.79768074917394,255.77210098109902,target,130.95330513055518,0.46,130.49330513055517,0.9876131866511713,89431.70669218793
2025-01-27T16:45:00Z,2025-01-27T16:45:00Z,2025-01-30T14:30:00Z,short,0,46,252.74472300000002,255.6197970803535,249.86964891964655,255.64535906006154,stop,-133.4292587628297,0.46,-133.8892587628297,-1.0123690655315818,89297.8174334251
2025-01-30T15:45:00Z,2025-01-30T15:45:00Z,2025-01-31T20:45:00Z,long,0,37,257.67576499999996,254.07066353530772,261.28086646469217,258.52414500000003,weekend_close,31.390060000002848,0.37,31.020060000002847,0.2325537875177801,89328.8374934251
2025-02-03T16:45:00Z,2025-02-03T16:45:00Z,2025-02-04T15:00:00Z,long,0,69,260.41603899999996,258.49123299251124,262.34084500748867,262.3146109229879,target,131.00146268616987,0.6900000000000001,130.31146268616988,0.9811752018854007,89459.14895611127
2025-02-04T16:00:00Z,2025-02-04T16:00:00Z,2025-02-05T14:30:00Z,long,0,73,261.67616499999997,259.85494528877814,263.4973847112218,263.47103497275066,target,131.0255080108003,0.73,130.29550801080032,0.980040992172903,89589.44446412206
2025-02-05T15:30:00Z,2025-02-05T15:30:00Z,2025-02-06T15:00:00Z,long,0,36,265.456543,261.80341302151163,269.1096729784884,261.77723268020947,stop,-132.45517151245963,0.36,-132.81517151245964,-1.0099039293743215,89456.6292926096
2025-02-06T16:15:00Z,2025-02-06T16:15:00Z,2025-02-07T14:30:00Z,short,0,111,263.133684,264.33881674912044,261.9285512508796,264.36525063079534,stop,-136.7038960182814,1.11,-137.8138960182814,-1.030232255908319,89318.81539659132
2025-02-10T16:45:00Z,2025-02-10T16:45:00Z,2025-02-14T20:45:00Z,long,0,37,267.906788,264.3144952625363,271.4990807374637,266.21337600000004,weekend_close,-62.656243999998765,0.37,-63.02624399999876,-0.47418518603320686,89255.78915259133
2025-02-18T16:45:00Z,2025-02-18T16:45:00Z,2025-02-21T20:45:00Z,long,0,37,270.48704599999996,266.93178548526924,274.0423065147307,270.75292199999996,weekend_close,9.837411999999688,0.37,9.467411999999689,0.07197109717833773,89265.25656459133
2025-02-24T17:30:00Z,2025-02-24T17:30:00Z,2025-02-24T20:30:00Z,long,0,212,271.547152,270.9167248593562,272.1775791406438,272.1503613827297,target,127.88038913870582,2.12,125.76038913870582,0.9409642201063052,89391.01695373004
2025-02-25T17:00:00Z,2025-02-25T17:00:00Z,2025-02-28T14:30:00Z,short,0,29,267.133284,271.66186173125,262.60470626875,262.6309667393769,target,130.56720055806994,0.29,130.27720055806995,0.9919929671568491,89521.2941542881
2025-03-03T16:45:00Z,2025-03-03T16:45:00Z,2025-03-07T20:45:00Z,long,0,37,266.82668,263.20307330174586,270.45028669825416,268.353162,weekend_close,56.47983399999953,0.37,56.10983399999953,0.41850071662871874,89577.4039882881
2025-03-10T15:00:00Z,2025-03-10T15:00:00Z,2025-03-10T15:00:00Z,short,0,548,268.21317600000003,268.4583210387716,267.96803096122846,267.9948277643246,target,119.6548331501308,5.48,114.1748331501308,0.8498978266884891,89691.57882143823
2025-03-10T17:15:00Z,2025-03-10T17:15:00Z,2025-03-11T13:30:00Z,short,0,101,266.903307,268.2280405482616,265.57857345173835,268.2548633523164,stop,-136.50719158396004,1.01,-137.51719158396003,-1.0277963852452614,89554.06162985427
2025-03-11T15:45:00Z,2025-03-11T15:45:00Z,2025-03-13T13:30:00Z,long,0,61,269.196917,266.9985760834196,271.39525791658036,271.3681183907887,target,132.44328483811216,0.61,131.83328483811215,0.9831056568562504,89685.89491469238
2025-03-13T14:30:00Z,2025-03-13T14:30:00Z,2025-03-13T15:45:00Z,long,0,60,272.397237,270.1602358205277,274.63423817947233,274.6067747556544,target,132.572265339262,0.6,131.972265339262,0.9832528368059306,89817.86718003165
2025-03-17T15:15:00Z,2025-03-17T15:15:00Z,2025-03-18T13:30:00Z,long,0,112,276.35763299999996,275.15713837214105,277.5581276278589,277.5303718150961,target,131.34674729076596,1.12,130.22674729076596,0.96854978615762,89948.09392732242
2025-03-18T14:30:00Z,2025-03-18T14:30:00Z,2025-03-21T19:45:00Z,long,0,41,279.397937,276.15933606344544,282.6365379365546,278.47215,weekend_close,-37.95726700000057,0.41000000000000003,-38.36726700000057,-0.2889479186637801,89909.72666032243
2025-03-24T16:45:00Z,2025-03-24T16:45:00Z,2025-03-25T13:30:00Z,short,0,126,277.46225100000004,278.5248288647178,276.3996731352823,278.5526813476043,stop,-137.39422379813425,1.26,-138.65422379813424,-1.0356232556157585,89771.0724365243
2025-03-25T15:45:00Z,2025-03-25T15:45:00Z,2025-03-27T13:30:00Z,long,0,113,278.817879,277.62925515496886,280.00650284503115,279.9785021947466,target,131.15042100636805,1.1300000000000001,130.02042100636805,0.9680297089416631,89901.09285753066
2025-03-27T15:45:00Z,2025-03-27T15:45:00Z,2025-03-28T19:45:00Z,long,0,38,281.958193,278.4114010888515,285.5049849111485,284.05159199999997,weekend_close,79.54916199999911,0.38,79.16916199999912,0.5874037869127061,89980.26201953067
2025-03-31T14:30:00Z,2025-03-31T14:30:00Z,2025-04-03T13:30:00Z,long,0,37,287.038701,283.44954675478925,290.62785524521075,283.42120180011375,stop,-133.8474703957914,0.37,-134.2174703957914,-1.0106835627715554,89846.04454913488
2025-04-03T17:45:00Z,2025-04-03T17:45:00Z,2025-04-04T13:30:00Z,short,0,123,286.38135900000003,287.47363032274944,285.2890876772506,285.31761658601835,target,130.84031691974735,1.23,129.61031691974736,0.9647258808637926,89975.65486605463
2025-04-07T15:00:00Z,2025-04-07T15:00:00Z,2025-04-09T13:30:00Z,short,0,34,276.51234600000004,280.47622349092313,272.54846850907694,280.50427111327224,stop,-135.72545385125488,0.34,-136.0654538512549,-1.0095985868474069,89839.58941220336
2025-04-09T15:45:00Z,2025-04-09T15:45:00Z,2025-04-10T15:15:00Z,long,0,16,283.968394,275.9901241345086,291.94666386549136,291.9174691991048,target,127.18520318567698,0.16,127.02520318567699,0.9950873225589814,89966.61461538904
2025-04-14T15:45:00Z,2025-04-14T15:45:00Z,2025-04-15T13:30:00Z,short,0,59,294.790518,297.05979036577924,292.5212456342208,297.0894963448158,stop,-135.63972234413183,0.59,-136.22972234413183,-1.0174972293477622,89830.38489304492
2025-04-15T15:30:00Z,2025-04-15T15:30:00Z,2025-04-16T13:30:00Z,long,0,121,297.04970199999997,295.9370010261484,298.16240297385156,298.13258673355415,target,131.0290527600559,1.21,129.81905276005588,0.9642165853782043,89960.20394580497
2025-04-16T14:30:00Z,2025-04-16T14:30:00Z,2025-04-21T13:30:00Z,long,0,16,305.33053,296.9564408778,313.70461912220003,313.6732486602878,target,133.48349856460482,0.16,133.32349856460482,0.9950597060398434,90093.52744436957
2025-04-21T14:30:00Z,2025-04-21T14:30:00Z,2025-04-23T13:30:00Z,long,0,12,315.911588,305.26982041907894,326.55335558092105,305.239293437037,stop,-128.0675347555557,0.12,-128.1875347555557,-1.0038082942268518,89965.339909614
2025-04-24T16:00:00Z,2025-04-24T16:00:00Z,2025-04-25T13:30:00Z,long,0,54,306.93068999999997,304.4385584403215,309.4228215596784,304.40811458447746,stop,-136.21907243821556,0.54,-136.75907243821555,-1.0162286199085224,89828.58083717579
2025-04-28T15:45:00Z,2025-04-28T15:45:00Z,2025-04-30T14:30:00Z,long,0,48,306.450642,303.675082220386,309.22620177961403,303.644714712164,stop,-134.68450981612932,0.48,-135.1645098161293,-1.0145439159763394,89693.41632735966
2025-04-30T15:45:00Z,2025-04-30T15:45:00Z,2025-05-01T13:30:00Z,short,0,75,304.36956,306.1498708570134,302.58924914298655,302.6195080679008,target,131.25389490743657,0.75,130.50389490743657,0.9773865756333054,89823.9202222671
2025-05-05T15:45:00Z,2025-05-05T15:45:00Z,2025-05-06T13:30:00Z,long,0,18,305.640561,298.4633209801033,312.8178010198967,312.7865192397947,target,128.62724831630476,0.18,128.44724831630475,0.9942482374857793,89952.36747058341
2025-05-07T17:00:00Z,2025-05-07T17:00:00Z,2025-05-07T18:00:00Z,short,0,206,312.188778,312.84345668150877,311.53409931849126,312.8747410271769,stop,-141.30838359844358,2.06,-143.3683835984436,-1.063060470478452,89808.99908698497
2025-05-08T14:30:00Z,2025-05-08T14:30:00Z,2025-05-08T16:00:00Z,short,0,40,309.05909099999997,312.377265504936,305.7409164950639,305.7714905867134,target,131.50401653146218,0.4,131.10401653146218,0.9877721646076355,89940.10310351643
2025-05-12T15:00:00Z,2025-05-12T15:00:00Z,2025-05-16T19:45:00Z,short,0,14,298.41015600000003,307.58466801242145,289.2356439875786,294.289426,weekend_close,57.69022000000052,0.14,57.55022000000052,0.4480597981052834,89997.65332351644
2025-05-19T15:15:00Z,2025-05-19T15:15:00Z,2025-05-20T14:00:00Z,long,0,32,298.159813,294.0225200302233,302.2971059697767,302.2668762591797,target,131.42602429375074,0.32,131.10602429375075,0.9902763205577014,90128.75934781019
2025-05-20T14:45:00Z,2025-05-20T14:45:00Z,2025-05-23T13:30:00Z,long,0,25,302.460243,297.1514372636346,307.7690487363654,307.7382718314918,target,131.95072078729453,0.25,131.70072078729453,0.9923190060253483,90260.46006859749
2025-05-27T15:45:00Z,2025-05-27T15:45:00Z,2025-05-30T19:45:00Z,short,0,25,303.31966500000004,308.6900718006046,297.9492581993955,303.640361,weekend_close,-8.017399999998531,0.25,-8.267399999998531,-0.061577458147623956,90252.19266859749
2025-06-02T15:45:00Z,2025-06-02T15:45:00Z,2025-06-06T19:45:00Z,long,0,19,311.04110099999997,303.9825985724639,318.099603427536,305.17947899999996,weekend_close,-111.37081800000021,0.19,-111.56081800000021,-0.831850957094543,90140.63185059749
2025-06-09T17:45:00Z,2025-06-09T17:45:00Z,2025-06-10T13:45:00Z,long,0,120,307.390736,306.26762385457374,308.51384814542627,308.48299676061174,target,131.0712912734084,1.2,129.87129127340842,0.9636266200299877,90270.5031418709
2025-06-10T17:00:00Z,2025-06-10T17:00:00Z,2025-06-10T19:30:00Z,short,0,118,306.01939500000003,307.1646816148769,304.8741083851232,307.19539808303836,stop,-138.76836379852227,1.18,-139.94836379852228,-1.0355513350392647,90130.55477807237
2025-06-11T15:15:00Z,2025-06-11T15:15:00Z,2025-06-11T17:00:00Z,long,0,96,307.880785,306.4853871058384,309.2761828941616,306.45473856712783,stop,-136.90045755572828,0.96,-137.8604575557283,-1.0291304285900496,89992.69432051665
2025-06-16T16:00:00Z,2025-06-16T16:00:00Z,2025-06-16T18:45:00Z,short,0,78,313.66863,315.379619245575,311.95764075442503,311.9888365185005,target,131.02389155696335,0.78,130.24389155696335,0.9759228386841177,90122.93821207361
2025-06-17T15:30:00Z,2025-06-17T15:30:00Z,2025-06-18T19:30:00Z,short,0,89,311.48884799999996,313.0043504203953,309.9733455796046,310.0043429141626,target,132.12095263952716,0.89,131.23095263952717,0.9729480243606045,90254.16916471314
2025-06-23T16:00:00Z,2025-06-23T16:00:00Z,2025-06-24T13:30:00Z,long,0,88,312.111208,310.57590726472506,313.6465087352749,310.5448496739986,stop,-137.83953268812002,0.88,-138.71953268812,-1.0267423767755155,90115.44963202502
2025-06-24T15:00:00Z,2025-06-24T15:00:00Z,2025-06-27T19:45:00Z,short,0,18,304.36956,311.61088663757266,297.1282333624273,301.240121,weekend_close,56.329901999999834,0.18,56.149901999999834,0.43078280488195697,90171.59953402502
2025-06-30T17:00:00Z,2025-06-30T17:00:00Z,2025-07-01T13:30:00Z,long,0,97,303.63036,302.2423268474286,305.0183931525714,304.9878913132561,target,131.68053738584342,0.97,130.71053738584342,0.9708206974449908,90302.31007141087
2025-07-02T16:30:00Z,2025-07-02T16:30:00Z,2025-07-02T19:00:00Z,long,0,143,308.11080799999996,307.16848279879315,309.0531332012068,309.0222278878867,target,130.33304396780136,1.43,128.90304396780135,0.9565910863174368,90431.21311537868
2025-07-03T16:00:00Z,2025-07-03T16:00:00Z,2025-07-07T13:30:00Z,short,0,84,306.599337,308.2049845060151,304.9936894939849,305.0241888629343,target,132.31244351351847,0.84,131.47244351351847,0.97477692407725,90562.68555889219
2025-07-07T14:30:00Z,2025-07-07T14:30:00Z,2025-07-07T19:00:00Z,short,0,62,305.289468,307.4784471364861,303.1004888635139,307.50919498119976,stop,-137.62307283438486,0.62,-138.24307283438486,-1.0186149991265068,90424.4424860578
2025-07-08T16:00:00Z,2025-07-08T16:00:00Z,2025-07-11T13:30:00Z,short,0,45,303.76962000000003,306.7684961475434,300.7707438524567,306.7991729971581,stop,-136.3298848721135,0.45,-136.77988487211348,-1.0135640311948386,90287.66260118569
2025-07-14T16:45:00Z,2025-07-14T16:45:00Z,2025-07-14T19:45:00Z,short,0,345,308.379159,308.77163671988745,307.9866812801126,308.0174799482406,target,124.77927285700616,3.45,121.32927285700616,0.8960484479483296,90408.9918740427
2025-07-15T15:00:00Z,2025-07-15T15:00:00Z,2025-07-15T15:00:00Z,short,0,616,308.339163,308.5591722818821,308.11915371811784,308.5900281991103,stop,-154.53296265194967,6.16,-160.69296265194967,-1.1857008798840247,90248.29891139074
2025-07-15T16:45:00Z,2025-07-15T16:45:00Z,2025-07-16T15:00:00Z,short,0,65,306.319365,308.3815892946602,304.2571407053398,308.41242745358966,stop,-136.04905948332743,0.65,-136.69905948332743,-1.019802966648771,90111.5998519074
2025-07-16T17:15:00Z,2025-07-16T17:15:00Z,2025-07-17T13:30:00Z,long,0,70,308.710868,306.7940524684916,310.6276835315084,306.7633730632447,stop,-136.32464557286937,0.7000000000000001,-137.02464557286936,-1.021222389206571,89974.57520633454
2025-07-21T15:00:00Z,2025-07-21T15:00:00Z,2025-07-25T13:30:00Z,long,0,28,313.201317,308.5247822756517,317.8778517243483,308.49392979742413,stop,-131.80684167212485,0.28,-132.08684167212485,-1.0087356302552164,89842.48836466242
2025-07-28T15:00:00Z,2025-07-28T15:00:00Z,2025-07-30T19:15:00Z,short,0,42,304.599537,307.7536812605821,301.4453927394179,301.47553727869183,target,131.207988294943,0.42,130.787988294943,0.9872724466741699,89973.27635295737
2025-07-31T17:30:00Z,2025-07-31T17:30:00Z,2025-07-31T17:30:00Z,short,0,1219,303.42965399999997,303.540333780224,303.31897421977595,303.34930611719795,target,97.94406913565763,12.19,85.75406913565763,0.6355983239181594,90059.03042209303
2025-08-05T15:30:00Z,2025-08-05T15:30:00Z,2025-08-06T13:30:00Z,long,0,99,311.73116999999996,310.36835353536554,313.0939864646344,310.337316700012,stop,-137.9914766988059,0.99,-138.98147669880592,-1.030111784248605,89920.04894539421
2025-08-06T17:45:00Z,2025-08-06T17:45:00Z,2025-08-06T18:00:00Z,short,0,605,310.77891900000003,311.0018229076417,310.55601509235834,310.5870706938676,target,116.0682252101276,6.05,110.0182252101276,0.8158147968619454,90030.06717060434
2025-08-06T18:15:00Z,2025-08-06T18:15:00Z,2025-08-07T13:30:00Z,short,0,186,310.278969,311.0042893528714,309.5536486471286,311.0353897818067,stop,-140.69426541604548,1.86,-142.5542654160455,-1.0566652083766788,89887.51290518828
2025-08-07T15:45:00Z,2025-08-07T15:45:00Z,2025-08-07T19:30:00Z,long,0,128,311.781175,310.73064511757127,312.83170488242877,312.80042171194054,target,130.4635791283872,1.28,129.1835791283872,0.9607025262405872,90016.69648431666
2025-08-11T15:45:00Z,2025-08-11T15:45:00Z,2025-08-15T19:45:00Z,short,0,34,308.389158,312.33838292470335,304.43993307529666,307.50074700000005,weekend_close,30.20597399999872,0.34,29.86597399999872,0.2224261764644733,90046.56245831666
2025-08-18T16:15:00Z,2025-08-18T16:15:00Z,2025-08-19T13:45:00Z,short,0,271,306.86931,307.3668117716712,306.37180822832875,307.3975484528484,stop,-143.15262072192377,2.71,-145.86262072192378,-1.0818824846398907,89900.69983759474
2025-08-19T16:45:00Z,2025-08-19T16:45:00Z,2025-08-20T13:30:00Z,short,0,94,305.559441,306.9893628438505,304.1295191561495,307.0200617801349,stop,-137.29835333267954,0.9400000000000001,-138.23835333267954,-1.028462350204271,89762.46148426206
2025-08-20T15:45:00Z,2025-08-20T15:45:00Z,2025-08-22T14:00:00Z,long,0,79,307.610758,305.91568239012497,309.305833609875,309.274903026514,target,131.46745709460652,0.79,130.67745709460652,0.9758532403377472,89893.13894135666
2025-08-25T15:45:00Z,2025-08-25T15:45:00Z,2025-08-25T19:45:00Z,long,0,201,310.581055,309.91332716332533,311.24878283667465,309.882335830609,stop,-140.4425530475877,2.0100000000000002,-142.45255304758768,-1.0613892823765834,89750.68638830907
2025-08-26T16:00:00Z,2025-08-26T16:00:00Z,2025-08-28T13:30:00Z,long,0,89,311.861183,310.35381283425016,313.3685531657498,313.33721631043323,target,131.3669646285594,0.89,130.47696462855941,0.9725768386187975,89881.16335293763
2025-08-28T14:30:00Z,2025-08-28T14:30:00Z,2025-08-29T14:00:00Z,long,0,73,313.941391,312.11584151275457,315.76694048724545,315.7353637931967,target,130.9600139033592,0.73,130.2300139033592,0.9772251071037945,90011.39336684099
2025-09-03T14:30:00Z,2025-09-03T14:30:00Z,2025-09-05T19:45:00Z,long,0,25,328.102807,322.9047113786101,333.30090262138987,330.876909,weekend_close,69.35255000000069,0.25,69.10255000000069,0.5317528189796851,90080.49591684098
2025-09-08T14:30:00Z,2025-09-08T14:30:00Z,2025-09-12T19:45:00Z,long,0,32,334.193416,330.02113225641074,338.3656997435893,335.386458,weekend_close,38.17734399999972,0.32,37.85734399999972,0.28354782960716374,90118.35326084099
2025-09-15T15:00:00Z,2025-09-15T15:00:00Z,2025-09-15T16:15:00Z,long,0,79,337.263723,335.565972230893,338.96147376910704,338.92757762173017,target,131.44451511668092,0.79,130.65451511668093,0.9741445280569848,90249.00777595767
2025-09-16T14:30:00Z,2025-09-16T14:30:00Z,2025-09-17T18:00:00Z,long,0,63,339.963993,337.82275759863154,342.1052284013685,337.7889753228717,stop,-137.0261136590844,0.63,-137.65611365908438,-1.0204472033910263,90111.35166229858
2025-09-22T14:30:00Z,2025-09-22T14:30:00Z,2025-09-23T13:30:00Z,long,0,27,342.60425699999996,337.6146805629765,347.5938334370234,347.5590740536797,target,133.7800604493528,0.27,133.51006044935278,0.9910294222548423,90244.86172274793
2025-09-23T14:30:00Z,2025-09-23T14:30:00Z,2025-09-24T18:15:00Z,long,0,32,347.154712,342.9946677255384,351.3147562744616,342.96036825876587,stop,-134.21899971949279,0.32,-134.53899971949278,-1.0106487969477884,90110.32272302844
2025-09-29T15:00:00Z,2025-09-29T15:00:00Z,2025-10-02T13:30:00Z,long,0,25,352.385235,347.07022721106574,357.7002427889343,357.6644727646554,target,131.98094411638408,0.25,131.73094411638408,0.9913885310997643,90242.05366714482
2025-10-02T16:45:00Z,2025-10-02T16:45:00Z,2025-10-03T13:30:00Z,short,0,59,353.554641,355.8404835281803,351.2687984718197,355.8760675765331,stop,-136.96416801545286,0.59,-137.55416801545286,-1.019941902292408,90104.49949912936
2025-10-06T14:30:00Z,2025-10-06T14:30:00Z,2025-10-08T13:30:00Z,long,0,20,363.346331,356.7651322902062,369.9275297097938,369.8905369568228,target,130.88411913645587,0.2,130.68411913645588,0.9928595450398618,90235.18361826582
2025-10-08T14:30:00Z,2025-10-08T14:30:00Z,2025-10-09T16:45:00Z,long,0,20,372.257222,365.5828709020782,378.93157309792184,365.546312614988,stop,-134.2181877002406,0.2,-134.4181877002406,-1.0069757024176773,90100.76543056557
2025-10-14T14:45:00Z,2025-10-14T14:45:00Z,2025-10-15T13:30:00Z,long,0,31,380.158012,375.9168639031736,384.3991600968264,384.3607201808167,target,130.28395360531857,0.31,129.97395360531857,0.9885785841701858,90230.7393841709
2025-10-15T14:30:00Z,2025-10-15T14:30:00Z,2025-10-16T16:15:00Z,long,0,19,387.06870299999997,380.23907187152383,393.8983341284761,393.8589442950633,target,129.0145846062029,0.19,128.8245846062029,0.9927683014669861,90359.5639687771
2025-10-20T15:45:00Z,2025-10-20T15:45:00Z,2025-10-21T13:30:00Z,long,0,13,400.320028,389.9822784620685,410.65777753793145,389.9432802342223,stop,-134.89772095510983,0.13,-135.02772095510983,-1.0047397383411565,90224.53624782199
2025-10-21T15:45:00Z,2025-10-21T15:45:00Z,2025-10-24T19:45:00Z,short,0,7,381.18187800000004,398.5162456491957,363.8475103508044,377.587755,weekend_close,25.158861000000172,0.07,25.088861000000172,0.2067639888880708,90249.62510882199
2025-10-27T14:30:00Z,2025-10-27T14:30:00Z,2025-10-31T19:45:00Z,short,0,11,367.843212,379.17525980549226,356.5111641945077,368.156812,weekend_close,-3.449600000000089,0.11,-3.559600000000089,-0.028556180273363298,90246.065508822
2025-11-04T16:45:00Z,2025-11-04T16:45:00Z,2025-11-04T18:30:00Z,short,0,43,365.153481,368.23100083240473,362.07596116759527,362.112168763712,target,130.7764261603831,0.43,130.3464261603831,0.9849854432682412,90376.41193498237
2025-11-04T19:00:00Z,2025-11-04T19:00:00Z,2025-11-05T14:30:00Z,short,0,33,362.243772,366.2827112453606,358.20483275463937,366.3193395164851,stop,-134.49372804400952,0.33,-134.82372804400953,-1.0115446824752534,90241.58820693837
2025-11-05T17:00:00Z,2025-11-05T17:00:00Z,2025-11-07T16:30:00Z,long,0,46,366.826679,363.92212080815796,369.73123719184207,369.6942640681229,target,131.9089131336524,0.46,131.44891313365238,0.983827790453257,90373.03712007203
2025-11-10T16:00:00Z,2025-11-10T16:00:00Z,2025-11-12T15:15:00Z,long,0,17,375.797576,367.82769288689894,383.76745911310104,383.72908236718973,target,134.8356082422256,0.17,134.6656082422256,0.993930055783154,90507.70272831425
2025-11-13T17:15:00Z,2025-11-13T17:15:00Z,2025-11-13T17:15:00Z,long,0,169,385.878584,385.0765739199172,386.68059408008276,386.64192602067476,target,129.00480149403614,1.69,127.31480149403615,0.9393173968549451,90635.01752980829
2025-11-17T15:30:00Z,2025-11-17T15:30:00Z,2025-11-17T19:30:00Z,short,0,39,374.582538,377.99696597235163,371.16811002764837,371.20522683865113,target,131.71513529260596,0.39,131.32513529260598,0.9862006721523225,90766.34266510089
2025-11-17T19:45:00Z,2025-11-17T19:45:00Z,2025-11-19T14:30:00Z,short,0,23,369.68302800000004,375.59104732733607,363.775008672664,375.6286064320688,stop,-136.74830393758174,0.23,-136.97830393758173,-1.0080499236880764,90629.36436116332
2025-11-19T15:30:00Z,2025-11-19T15:30:00Z,2025-11-19T17:00:00Z,long,0,29,378.63786000000005,374.03651752336975,383.23920247663034,373.9991138716174,stop,-134.52363772309684,0.29,-134.81363772309683,-1.0103021350819057,90494.55072344022
2025-11-19T18:45:00Z,2025-11-19T18:45:00Z,2025-11-19T18:45:00Z,short,0,185,375.192477,375.9234347856688,374.4615192143312,375.96102712914734,stop,-142.18177389225843,1.85,-144.03177389225843,-1.0651095650277405,90350.51894954796
2025-11-20T18:15:00Z,2025-11-20T18:15:00Z,2025-11-20T19:15:00Z,short,0,82,373.892607,375.5304575449037,372.2547564550963,375.56801059065816,stop,-137.3830944339694,0.8200000000000001,-138.2030944339694,-1.0290338125798042,90212.315855114
2025-11-24T17:15:00Z,2025-11-24T17:15:00Z,2025-11-24T18:30:00Z,long,0,96,376.427639,375.0264017956927,377.8288762043073,377.79109331668684,target,130.89161440193675,0.96,129.93161440193674,0.9658995011882662,90342.24746951593
2025-11-24T19:45:00Z,2025-11-24T19:45:00Z,2025-11-25T17:00:00Z,long,0,47,378.657862,375.8214479752889,381.49427602471116,381.45612659710866,target,131.51843606410614,0.47000000000000003,131.04843606410614,0.9830245418394465,90473.29590558005
2025-11-25T17:30:00Z,2025-11-25T17:30:00Z,2025-11-28T14:30:00Z,long,0,37,381.68816499999997,378.11065846879785,385.2656715312021,385.227144964049,target,130.94225866981373,0.37,130.57225866981372,0.9864356454055745,90603.86816424986
2025-12-01T15:30:00Z,2025-12-01T15:30:00Z,2025-12-02T15:30:00Z,long,0,32,388.918888,384.6852981324779,393.15247786752207,384.64682960266464,stop,-136.70586871473097,0.32,-137.02586871473096,-1.011448565243668,90466.84229553513
2025-12-02T17:00:00Z,2025-12-02T17:00:00Z,2025-12-03T14:30:00Z,short,0,31,384.82151400000004,389.09778924197286,380.5452387580272,389.136699020897,stop,-133.7707356478067,0.31,-134.0807356478067,-1.011437472135587,90332.76155988732
2025-12-03T16:15:00Z,2025-12-03T16:15:00Z,2025-12-03T16:45:00Z,long,0,70,388.0388,386.1094211451966,389.96817885480334,386.0708102030821,stop,-137.75928578425237,0.7000000000000001,-138.45928578425236,-1.0251951253604283,90194.30227410307
2025-12-03T19:45:00Z,2025-12-03T19:45:00Z,2025-12-03T20:00:00Z,short,0,503,387.011295,387.28005321524427,386.74253678475577,387.31878122056577,stop,-154.66556894457204,5.03,-159.69556894457205,-1.1813079658875478,90034.6067051585
2025-12-04T18:15:00Z,2025-12-04T18:15:00Z,2025-12-04T19:00:00Z,long,0,186,387.478744,386.75281651628666,388.20467148371335,386.714141234635,stop,-142.21611435788964,1.86,-144.07611435788965,-1.067052540017716,89890.53059080061
2025-12-09T16:45:00Z,2025-12-09T16:45:00Z,2025-12-10T14:30:00Z,long,0,52,388.05880199999996,385.493593240681,390.62401075931894,385.4550438813569,stop,-135.39542216943823,0.52,-135.91542216943824,-1.0189260851179047,89754.61516863118
2025-12-10T16:45:00Z,2025-12-10T16:45:00Z,2025-12-10T18:15:00Z,short,0,277,386.421354,386.90690454650206,385.93580345349795,385.9743970338433,target,123.80707962541516,2.77,121.03707962541516,0.8999206556446226,89875.65224825659
2025-12-10T19:45:00Z,2025-12-10T19:45:00Z,2025-12-10T19:45:00Z,short,0,98,385.11148499999996,386.48567686725517,383.73729313274475,386.5243254349419,stop,-138.45836262430885,0.98,-139.43836262430884,-1.0354015831747652,89736.21388563229
2025-12-15T15:30:00Z,2025-12-15T15:30:00Z,2025-12-15T16:30:00Z,long,0,57,396.73967,394.4007172424091,399.0786227575909,394.36127717068484,stop,-135.56839127096333,0.5700000000000001,-136.13839127096333,-1.021137695733182,89600.07549436133
2025-12-16T16:00:00Z,2025-12-16T16:00:00Z,2025-12-16T16:15:00Z,long,0,97,397.24972099999997,395.87381553636675,398.6256264636332,395.8342281548131,stop,-137.30280598312555,0.97,-138.27280598312555,-1.036039817316158,89461.8026883782
2025-12-16T18:45:00Z,2025-12-16T18:45:00Z,2025-12-16T18:45:00Z,short,0,308,396.180378,396.6157474020634,395.74500859793665,396.6554089768036,stop,-146.30954085549843,3.08,-149.38954085549844,-1.1140676733478048,89312.4131475227
2025-12-16T19:15:00Z,2025-12-16T19:15:00Z,2025-12-16T19:15:00Z,short,0,241,395.92040399999996,396.4759299050856,395.36487809491433,395.4044145827238,target,124.35344956355448,2.41,121.94344956355448,0.9108295628412948,89434.35659708625
2025-12-17T15:30:00Z,2025-12-17T15:30:00Z,2025-12-18T14:45:00Z,long,0,39,399.49994599999997,396.0672272053801,402.9326647946198,396.0276204826596,stop,-135.42069517627482,0.39,-135.8106951762748,-1.0144511466532795,89298.54590190998
2025-12-18T18:00:00Z,2025-12-18T18:00:00Z,2025-12-18T18:00:00Z,long,0,1575,398.359832,398.27478968846344,398.4448743115365,398.2349622094946,stop,-196.66992004598285,15.75,-212.41992004598285,-1.585913977037611,89086.125981864
2025-12-18T19:45:00Z,2025-12-18T19:45:00Z,2025-12-19T15:00:00Z,short,0,114,397.940202,399.1097939750741,396.7706100249259,399.14970495447164,stop,-137.88333680976757,1.1400000000000001,-139.02333680976756,-1.042673838792674,88947.10264505423
2025-12-22T16:45:00Z,2025-12-22T16:45:00Z,2025-12-26T14:30:00Z,long,0,16,407.980794,399.94757125186635,416.01401674813366,415.97241534645883,target,127.86594154334125,0.16,127.70594154334125,0.9935765005785737,89074.80858659757
2025-12-29T16:45:00Z,2025-12-29T16:45:00Z,2026-01-02T20:45:00Z,short,0,8,398.530143,414.88316247467003,382.17712352533,398.36983299999997,weekend_close,1.2824800000003052,0.08,1.202480000000305,0.00919157469560044,89076.01106659758
2026-01-05T16:15:00Z,2026-01-05T16:15:00Z,2026-01-09T20:45:00Z,long,0,11,408.910887,397.42786011953257,420.39391388046744,414.418554,weekend_close,60.584336999999664,0.11,60.474336999999664,0.47876461992364316,89136.48540359759
2026-01-13T16:15:00Z,2026-01-13T16:15:00Z,2026-01-13T16:15:00Z,long,0,75,424.102406,422.33998158592533,425.8648304140746,422.29774758776676,stop,-135.3493809174907,0.75,-136.0993809174907,-1.029637582038371,89000.38602268009
2026-01-14T17:00:00Z,2026-01-14T17:00:00Z,2026-01-14T18:45:00Z,long,0,77,424.492445,422.75924573013646,426.2256442698635,426.1830217054365,target,130.1744063186115,0.77,129.40440631861148,0.9696384799243828,89129.7904289987
2026-01-14T19:30:00Z,2026-01-14T19:30:00Z,2026-01-15T14:30:00Z,long,0,51,426.172613,423.5652039120714,428.7800220879286,423.5228473916802,stop,-135.13804602430963,0.51,-135.64804602430962,-1.020079902549081,88994.1423829744
2026-01-15T16:45:00Z,2026-01-15T16:45:00Z,2026-01-16T15:15:00Z,short,0,81,423.387657,425.03321666331715,421.74209733668283,421.7842715464165,target,129.87422174026227,0.81,129.06422174026227,0.9682939422393843,89123.20660471467
2026-01-20T16:45:00Z,2026-01-20T16:45:00Z,2026-01-22T17:15:00Z,long,0,10,436.263622,422.92176299734007,449.60548100265993,449.56052045455965,target,132.96898454559653,0.1,132.86898454559653,0.9958805929451571,89256.07558926026
2026-01-26T15:30:00Z,2026-01-26T15:30:00Z,2026-01-28T14:30:00Z,long,0,10,467.976793,455.7603135332846,480.19327246671537,480.1452531394687,target,121.6846013946872,0.1,121.58460139468721,0.9952507326349838,89377.66019065495
2026-01-29T19:45:00Z,2026-01-29T19:45:00Z,2026-01-29T20:00:00Z,long,0,55,488.598855,486.1824626244474,491.01524737555263,486.13384437818496,stop,-135.57558419982797,0.55,-136.12558419982798,-1.0242585793828414,89241.53460645513
2026-02-02T15:30:00Z,2026-02-02T15:30:00Z,2026-02-03T16:30:00Z,short,0,4,430.206975,458.01230110524915,402.40164889475085,458.05810233535965,stop,-111.4045093414386,0.04,-111.4445093414386,-1.0020068540070086,89130.09009711369
2026-02-03T16:45:00Z,2026-02-03T16:45:00Z,2026-02-06T20:45:00Z,long,0,5,457.915787,433.5159093040443,482.3156646959557,455.34446099999997,weekend_close,-12.85663000000028,0.05,-12.90663000000028,-0.10579257946149105,89117.18346711369
2026-02-09T15:30:00Z,2026-02-09T15:30:00Z,2026-02-12T16:15:00Z,long,0,14,462.736269,453.5057705846524,471.9667674153476,453.46042000759394,stop,-129.86188589368476,0.14,-130.00188589368474,-1.0059964884416668,88987.18158122001
2026-02-12T17:00:00Z,2026-02-12T17:00:00Z,2026-02-13T20:45:00Z,short,0,11,454.984497,466.3714707737168,443.59752322628316,462.64626000000004,weekend_close,-84.27939300000071,0.11,-84.38939300000071,-0.673731506935396,88902.79218822
2026-02-17T16:45:00Z,2026-02-17T16:45:00Z,2026-02-18T16:45:00Z,short,0,11,448.335162,460.429228426865,436.24109557313506,460.47527134970767,stop,-133.54120284678407,0.11,-133.6512028467841,-1.004633918887545,88769.14098537322
2026-02-19T16:15:00Z,2026-02-19T16:15:00Z,2026-02-19T18:30:00Z,long,0,48,459.935989,457.1751451429826,462.6968328570174,457.1294276284683,stop,-134.7149458335216,0.48,-135.1949458335216,-1.0201813349105882,88633.9460395397
2026-02-24T17:00:00Z,2026-02-24T17:00:00Z,2026-02-25T14:45:00Z,short,0,32,472.492746,476.611257273768,468.37423472623203,476.65891839949535,stop,-133.3175167838508,0.32,-133.6375167838508,-1.014000477816977,88500.30852275585
2026-02-25T16:15:00Z,2026-02-25T16:15:00Z,2026-02-25T20:45:00Z,long,0,32,478.20781600000004,474.0815029992689,482.3341290007312,474.03409484896895,stop,-133.55907683299483,0.32,-133.87907683299483,-1.0139126988887555,88366.42944592285
2026-02-26T16:15:00Z,2026-02-26T16:15:00Z,2026-02-26T20:00:00Z,short,0,69,475.60243499999996,477.5101623436717,473.6947076563282,477.5579133599061,stop,-134.92800683352255,0.6900000000000001,-135.61800683352254,-1.0302721541555409,88230.81143908933
2026-03-03T16:45:00Z,2026-03-03T16:45:00Z,2026-03-06T20:45:00Z,short,0,7,469.633032,486.8679980091426,452.39806599085745,473.56735199999997,weekend_close,-27.5402399999997,0.07,-27.6102399999997,-0.22885568778653978,88203.20119908934
2026-03-09T15:45:00Z,2026-03-09T15:45:00Z,2026-03-09T19:15:00Z,short,0,30,468.05319000000003,472.4142353865149,463.69214461348514,472.46147681005357,stop,-132.24860430160618,0.3,-132.5486043016062,-1.0131256197689782,88070.65259478774
2026-03-10T14:30:00Z,2026-03-10T14:30:00Z,2026-03-12T17:30:00Z,long,0,13,478.697865,469.0923753367525,488.30335466324743,469.04546609921886,stop,-125.48118571015459,0.13,-125.61118571015459,-1.0059246576206744,87945.04140907759
2026-03-12T18:30:00Z,2026-03-12T18:30:00Z,2026-03-13T14:45:00Z,short,0,28,468.80311500000005,473.5040900610544,464.1021399389457,464.1485501529396,target,130.32781571769237,0.28,130.04781571769237,0.9880003162617806,88075.08922479529
2026-03-16T15:45:00Z,2026-03-16T15:45:00Z,2026-03-18T13:30:00Z,short,0,24,458.92410300000006,464.30529486910086,453.54291113089926,453.58826542201234,target,128.06010187170523,0.24,127.82010187170523,0.9897133771737571,88202.909326667
2026-03-18T14:45:00Z,2026-03-18T14:45:00Z,2026-03-19T13:30:00Z,short,0,9,446.465349,459.9256100727195,433.0050879272805,433.0483884360732,target,120.75264507534126,0.09,120.66264507534126,0.9960401578762299,88323.57197174233
2026-03-23T16:30:00Z,2026-03-23T16:30:00Z,2026-03-25T13:30:00Z,short,0,8,400.009995,416.5095083280848,383.5104816719152,416.5511592789176,stop,-132.32931423134096,0.08,-132.40931423134097,-1.003130452990084,88191.162657511
2026-03-25T15:45:00Z,2026-03-25T15:45:00Z,2026-03-26T16:15:00Z,long,0,10,418.621858,405.629091077908,431.61462492209193,405.5885281688002,stop,-130.3332983119975,0.1,-130.4332983119975,-1.0038916198074652,88060.729359199
2026-03-26T16:45:00Z,2026-03-26T16:45:00Z,2026-03-27T14:45:00Z,short,0,11,402.289767,413.7056399582912,390.87389404170875,413.74701052228704,stop,-126.02967874515764,0.11,-126.13967874515764,-1.0044999242881831,87934.58968045385
2026-03-30T14:30:00Z,2026-03-30T14:30:00Z,2026-03-30T15:30:00Z,long,0,45,415.07150299999995,412.1474153249815,417.9955906750184,417.9537911159509,target,129.70296521779176,0.45,129.25296521779177,0.9822852236921479,88063.84264567164
2026-03-30T16:45:00Z,2026-03-30T16:45:00Z,2026-03-30T18:45:00Z,long,0,33,417.83177900000004,413.9072912085853,421.75626679141476,413.86590047946447,stop,-130.87399117767376,0.33,-131.20399117767377,-1.0130948882637048,87932.63865449396
2026-03-31T15:45:00Z,2026-03-31T15:45:00Z,2026-04-01T13:30:00Z,long,0,14,424.482444,415.1281818588536,433.83670614114635,433.79332247053225,target,130.35229858745163,0.14,130.21229858745164,0.9942931179596425,88062.8509530814
2026-04-01T14:30:00Z,2026-04-01T14:30:00Z,2026-04-02T13:30:00Z,long,0,11,435.533549,424.2108140521267,446.8562839478733,424.16839297072147,stop,-125.01671632206376,0.11,-125.12671632206376,-1.0046297190251785,87937.72423675934
2026-04-02T15:45:00Z,2026-04-02T15:45:00Z,2026-04-08T13:30:00Z,short,0,18,428.55714,435.51273043675144,421.60154956324857,435.5562817097951,stop,-125.9845507763115,0.18,-126.1645507763115,-1.0076990262049785,87811.55968598303
2026-04-09T15:45:00Z,2026-04-09T15:45:00Z,2026-04-10T19:45:00Z,long,0,23,439.933989,434.2734440280032,445.5945339719968,437.116284,weekend_close,-64.80721499999976,0.23,-65.03721499999976,-0.499546424238107,87746.52247098302
2026-04-13T14:30:00Z,2026-04-13T14:30:00Z,2026-04-14T13:30:00Z,short,0,26,433.00669500000004,437.9595115761193,428.05387842388075,438.00330752727695,stop,-129.91192570919964,0.26,-130.17192570919963,-1.010861688562626,87616.35054527382
2026-04-14T15:00:00Z,2026-04-14T15:00:00Z,2026-04-17T13:45:00Z,long,0,20,441.26412200000004,434.8037858759815,447.7244581240186,447.6796856782062,target,128.31127356412367,0.2,128.11127356412368,0.9915217343554699,87744.46181883794
2026-04-20T15:45:00Z,2026-04-20T15:45:00Z,2026-04-21T14:30:00Z,short,0,26,440.745921,445.7022665428449,435.78957545715514,435.83315441470086,target,127.73193121777797,0.26,127.47193121777796,0.9891898260356227,87871.93375005572
2026-04-21T15:15:00Z,2026-04-21T15:15:00Z,2026-04-21T19:30:00Z,short,0,20,436.04639099999997,442.4909978917881,429.60178410821186,429.64474428662265,target,128.03293426754635,0.2,127.83293426754635,0.9917822484287944,87999.76668432326
2026-04-23T16:00:00Z,2026-04-23T16:00:00Z,2026-04-23T17:30:00Z,short,0,83,433.326663,434.9155383266497,431.7377876733503,431.7809614521176,target,128.29322847423936,0.8300000000000001,127.46322847423936,0.9665336997337399,88127.2299127975
2026-04-23T18:15:00Z,2026-04-23T18:15:00Z,2026-04-23T19:00:00Z,short,0,74,432.786717,434.56718293201953,431.0062510679805,431.04935169308726,target,128.5650327115435,0.74,127.8250327115435,0.97017599486077,88255.05494550904
2026-04-27T14:45:00Z,2026-04-27T14:45:00Z,2026-04-28T13:30:00Z,short,0,50,431.026893,433.62498276036604,428.4288032396339,428.4716461199579,target,127.76234400210456,0.5,127.26234400210456,0.9796608719490397,88382.31728951113
2026-04-28T14:30:00Z,2026-04-28T14:30:00Z,2026-05-01T19:45:00Z,short,0,12,419.75802,430.5515039883588,408.9645360116412,423.34233,weekend_close,-43.011720000000196,0.12,-43.13172000000019,-0.3330073963028644,88339.18556951113
2026-05-04T14:30:00Z,2026-05-04T14:30:00Z,2026-05-04T15:45:00Z,short,0,24,419.598036,424.9402327902365,414.25583920976345,414.2972647936844,target,127.21850895157377,0.24,126.97850895157377,0.9903737009436006,88466.16407846271
2026-05-05T15:45:00Z,2026-05-05T15:45:00Z,2026-05-06T13:30:00Z,long,0,41,419.961992,416.7829519092172,423.1410320907828,423.0987179875737,target,128.6057654905216,0.41000000000000003,128.1957654905216,0.9835440567859551,88594.35984395324
2026-05-06T15:45:00Z,2026-05-06T15:45:00Z,2026-05-08T19:45:00Z,long,0,11,430.89308500000004,419.4068028213661,442.37936717863397,433.75662,weekend_close,31.498884999999518,0.11,31.38888499999952,0.2484298187718151,88625.74872895323
2026-05-11T14:30:00Z,2026-05-11T14:30:00Z,2026-05-11T14:30:00Z,long,0,194,433.813377,433.12971206174785,434.49704193825215,433.0863990905417,stop,-141.03371443490994,1.94,-142.97371443490994,-1.0779811399169423,88482.77501451832
2026-05-12T15:45:00Z,2026-05-12T15:45:00Z,2026-05-15T13:30:00Z,short,0,24,428.337162,433.7408746065662,422.93344939343376,422.9757427383731,target,128.6740622790444,0.24,128.43406227904438,0.9903227005677867,88611.20907679737
2026-05-18T16:00:00Z,2026-05-18T16:00:00Z,2026-05-19T13:30:00Z,short,0,53,417.068289,419.5394404213184,414.5971375786816,414.6385972924395,target,128.77366050070617,0.53,128.24366050070617,0.9791758152438778,88739.45273729808
2026-05-19T15:00:00Z,2026-05-19T15:00:00Z,2026-05-20T15:15:00Z,short,0,24,412.548741,417.8858234261999,407.2116585738001,417.92761200854255,stop,-129.0929042050211,0.24,-129.33290420502112,-1.0097035380395105,88610.11983309306
2026-05-20T17:00:00Z,2026-05-20T17:00:00Z,2026-05-21T13:30:00Z,long,0,43,416.311627,413.23628158388215,419.3869724161178,413.19495795572374,stop,-134.01676890387876,0.43,-134.44676890387876,-1.0166887361300694,88475.67306418919
2026-05-21T16:00:00Z,2026-05-21T16:00:00Z,2026-05-21T17:00:00Z,short,0,82,414.06858900000003,415.68206279354075,412.4551152064593,415.7236309998201,stop,-135.71344398524582,0.8200000000000001,-136.5334439852458,-1.031960981632175,88339.13962020395
2026-05-26T16:45:00Z,2026-05-26T16:45:00Z,2026-05-26T17:45:00Z,short,0,127,413.67862800000006,414.7176957405291,412.639560259471,412.68082421549695,target,126.72108063189438,1.27,125.45108063189438,0.9506635091954234,88464.59070083585
2026-05-26T18:15:00Z,2026-05-26T18:15:00Z,2026-05-27T13:30:00Z,short,0,52,411.898806,414.4458474113279,409.35176458867204,409.3926997651309,target,130.31752421319288,0.52,129.79752421319287,0.9800022189539944,88594.38822504904
2026-05-27T15:00:00Z,2026-05-27T15:00:00Z,2026-05-28T16:45:00Z,short,0,19,406.949301,413.63566506341107,400.2629369365889,413.6770286299174,stop,-127.8268249684308,0.19,-128.0168249684308,-1.007681838143903,88466.3714000806
2026-06-01T15:45:00Z,2026-06-01T15:45:00Z,2026-06-05T13:30:00Z,short,0,20,410.478948,417.10232169101715,403.85557430898285,403.89595986641376,target,131.65976267172482,0.2,131.45976267172483,0.9923927654120975,88597.83116275234
2026-06-09T15:15:00Z,2026-06-09T15:15:00Z,2026-06-09T16:30:00Z,short,0,32,394.150581,398.2455911802857,390.05557081971426,390.0945763767962,target,129.7921479425204,0.32,129.4721479425204,0.9880328607440618,88727.30331069486
2026-06-15T15:00:00Z,2026-06-15T15:00:00Z,2026-06-18T19:15:00Z,long,0,9,399.819978,385.8305511460386,413.8094048539614,385.791968090924,stop,-126.25208918168391,0.09,-126.34208918168392,-1.0034728409978313,88600.96122151318
2026-06-22T16:45:00Z,2026-06-22T16:45:00Z,2026-06-23T13:30:00Z,short,0,33,383.68162800000005,387.60386613547433,379.75938986452576,379.7973658035122,target,128.1806524840987,0.33,127.85065248409869,0.9877682238228894,88728.81187399727
2026-06-23T14:45:00Z,2026-06-23T14:45:00Z,2026-06-24T13:30:00Z,short,0,20,378.592137,385.1082985159603,372.07597548403965,372.11318308158803,target,129.57907836823892,0.2,129.37907836823894,0.9927553057988572,88858.1909523655
2026-06-24T14:30:00Z,2026-06-24T14:30:00Z,2026-06-26T19:45:00Z,short,0,12,369.193077,380.09647815800696,358.2896758419931,373.70736700000003,weekend_close,-54.1714800000002,0.12,-54.2914800000002,-0.4149430012191738,88803.8994723655
2026-06-29T15:00:00Z,2026-06-29T15:00:00Z,2026-07-01T13:30:00Z,short,0,31,369.383058,373.61160211864757,365.15451388135244,373.6489632788594,stop,-132.2430636446416,0.31,-132.5530636446416,-1.0112003467110549,88671.34640872087
2026-07-01T15:45:00Z,2026-07-01T15:45:00Z,2026-07-02T13:30:00Z,long,0,27,374.687465,369.765442114039,379.60948788596096,379.5715269371724,target,131.8696723036553,0.27,131.5996723036553,0.990255846041398,88802.94608102452
2026-07-02T15:45:00Z,2026-07-02T15:45:00Z,2026-07-08T13:30:00Z,long,0,24,378.667863,373.18678873540324,384.1489372645968,373.1494700565297,stop,-132.44143064328728,0.24,-132.68143064328729,-1.0086331030358724,88670.26465038123
2026-07-09T14:30:00Z,2026-07-09T14:30:00Z,2026-07-10T19:45:00Z,long,0,28,378.417838,373.69596370259194,383.1397122974081,376.94230200000004,weekend_close,-41.31500799999935,0.28,-41.59500799999935,-0.3146072738140052,88628.66964238122
2026-07-13T14:30:00Z,2026-07-13T14:30:00Z,2026-07-17T19:45:00Z,short,0,15,368.503146,376.8590002029599,360.1472917970401,368.43683999999996,weekend_close,0.9945900000008123,0.15,0.8445900000008123,0.006738509149682006,88629.51423238123
2026-07-20T17:15:00Z,2026-07-20T17:15:00Z,2026-07-20T17:45:00Z,long,0,479,367.926789,367.64977068763125,368.2038073123687,367.6130057105625,stop,-150.3021956405534,4.79,-155.0921956405534,-1.168815471687999,88474.42203674068
2026-07-21T15:15:00Z,2026-07-21T15:15:00Z,2026-07-22T13:30:00Z,long,0,21,373.807377,367.7151737525832,379.89958024741674,379.861590289392,target,127.1384790772322,0.21,126.92847907723221,0.9921227253793443,88601.35051581792
2026-07-22T14:30:00Z,2026-07-22T14:30:00Z,2026-07-23T13:30:00Z,long,0,16,380.488045,372.59883550767574,388.37725449232425,372.561575624125,stop,-126.82351001400002,0.16,-126.98351001400002,-1.0059904460132194,88474.36700580391
2026-07-23T15:45:00Z,2026-07-23T15:45:00Z,2026-07-24T19:45:00Z,short,0,17,371.32286400000004,378.7200671368258,363.9256608631743,371.93719,weekend_close,-10.443541999999127,0.17,-10.613541999999127,-0.08440027784174889,88463.75346380392
2026-07-27T15:45:00Z,2026-07-27T15:45:00Z,2026-07-27T16:30:00Z,long,0,97,373.977394,372.61916124744533,375.3356267525547,375.2980931898794,target,128.10782141830236,0.97,127.13782141830237,0.9650033747265632,88590.89128522223
2026-07-28T15:45:00Z,2026-07-28T15:45:00Z,2026-07-29T13:45:00Z,short,0,43,370.692927,373.751008824021,367.63484517597897,367.6716086604966,target,129.9166885986466,0.43,129.4866885986466,0.9847082297961103,88720.37797382087
2026-07-29T14:45:00Z,2026-07-29T14:45:00Z,2026-07-29T17:00:00Z,short,0,37,366.973299,370.52875665934835,363.41784134065165,370.5658095350143,stop,-132.92288979552904,0.37,-133.29288979552905,-1.0132339856564552,88587.08508402534
2026-07-30T15:00:00Z,2026-07-30T15:00:00Z,2026-07-31T13:30:00Z,long,0,27,376.00759700000003,371.1887799177156,380.8264140822845,371.1516610397238,stop,-131.11027092745775,0.27,-131.38027092745776,-1.0097781005560438,88455.70481309788
