decision_timestamp,entry_timestamp,exit_timestamp,side,rrms_tier,quantity,entry_price,stop_price,target_price,exit_price,exit_reason,gross_pnl,costs,net_pnl,result_r,equity_after
2021-03-18T17:45:00Z,2021-03-18T17:45:00Z,2021-03-18T18:00:00Z,long,0,1057,24.382438,24.240541266566,24.524334733434,24.238117212439345,stop,-152.5470724516127,10.57,-163.1170724516127,-1.087557012948683,99836.88292754839
2021-03-22T15:45:00Z,2021-03-22T15:45:00Z,2021-03-23T17:30:00Z,short,0,302,23.777622,24.272047790088376,23.283196209911626,23.285524529532616,target,148.61343608115035,3.02,145.59343608115034,0.9750653791365009,99982.47636362954
2021-03-25T16:30:00Z,2021-03-25T16:30:00Z,2021-03-25T17:00:00Z,short,0,1564,23.227677,23.32353309338306,23.13182090661694,23.1341340887076,target,146.3011132613122,15.64,130.6611132613122,0.8715451292026466,100113.13747689086
2021-03-29T14:30:00Z,2021-03-29T14:30:00Z,2021-03-30T13:30:00Z,short,0,369,22.817718,23.224215312691157,22.41122068730884,22.413461809377573,target,149.17053433967536,3.69,145.48053433967536,0.9698863394995378,100258.61801123053
2021-03-30T14:30:00Z,2021-03-30T14:30:00Z,2021-04-01T13:45:00Z,short,0,273,22.407759,22.957616850077923,21.857901149922075,22.95991261176293,stop,-150.73793601128057,2.73,-153.46793601128056,-1.0223617098187578,100105.15007521925
2021-04-01T14:30:00Z,2021-04-01T14:30:00Z,2021-04-05T14:15:00Z,long,0,511,22.862285999999997,22.568939131322043,23.15563286867795,23.153317305391084,target,148.71699705484542,5.11,143.6069970548454,0.9580170623863463,100248.7570722741
2021-04-05T18:45:00Z,2021-04-05T18:45:00Z,2021-04-05T19:45:00Z,short,0,1260,22.937706000000002,23.05704941694494,22.818362583055066,23.059355121886632,stop,-153.2778935771541,12.6,-165.87789357715408,-1.1031117195795714,100082.87917869694
2021-04-06T15:30:00Z,2021-04-06T15:30:00Z,2021-04-09T19:45:00Z,long,0,338,23.432343,22.988498068620256,23.876187931379743,23.417658000000003,weekend_close,-4.963529999998819,3.38,-8.343529999998818,-0.055616271032453424,100074.53564869694
2021-04-12T14:30:00Z,2021-04-12T14:30:00Z,2021-04-13T13:30:00Z,short,0,349,23.037696,23.467555444870634,22.607836555129367,23.46990220041512,stop,-150.83996394487684,3.49,-154.32996394487685,-1.0287227736689664,99920.20568475206
2021-04-13T15:45:00Z,2021-04-13T15:45:00Z,2021-04-15T13:45:00Z,long,0,356,23.532353,23.11144064830148,23.953265351698523,23.950870025163354,target,148.9920609581539,3.56,145.4320609581539,0.9705512882072733,100065.6377457102
2021-04-19T15:30:00Z,2021-04-19T15:30:00Z,2021-04-19T16:30:00Z,short,0,1095,23.9976,24.134593933909265,23.86060606609073,23.86299212669734,target,147.3956212664121,10.950000000000001,136.4456212664121,0.9095867951729105,100202.08336697661
2021-04-19T17:00:00Z,2021-04-19T17:00:00Z,2021-04-20T13:45:00Z,short,0,807,23.887611,24.073823201446363,23.701398798553637,24.076230583766506,stop,-152.21600409957063,8.07,-160.28600409957062,-1.066630340137605,100041.79736287704
2021-04-20T16:00:00Z,2021-04-20T16:00:00Z,2021-04-20T17:15:00Z,long,0,1541,24.062406,23.965072871712405,24.159739128287594,23.962676364425235,stop,-153.68336842071184,15.41,-169.09336842071184,-1.1273616445424537,99872.70399445633
2021-04-21T15:45:00Z,2021-04-21T15:45:00Z,2021-04-23T14:15:00Z,long,0,272,24.542454,23.99314218700084,25.09176581299916,23.99074287278214,stop,-150.065426603258,2.72,-152.785426603258,-1.0225724514297283,99719.91856785308
2021-04-26T15:45:00Z,2021-04-26T15:45:00Z,2021-04-27T13:30:00Z,long,0,1474,24.262426,24.160952685065677,24.363899314934326,24.361462925002833,target,145.98042745417374,14.74,131.24042745417373,0.8774417693997496,99851.15899530725
2021-04-27T14:30:00Z,2021-04-27T14:30:00Z,2021-04-28T13:30:00Z,long,0,702,24.462446,24.249381149161987,24.675510850838013,24.24695621104707,stop,-151.27383184495648,7.0200000000000005,-158.2938318449565,-1.0583152878855797,99692.8651634623
2021-04-28T15:00:00Z,2021-04-28T15:00:00Z,2021-04-30T19:45:00Z,short,0,433,24.077592,24.422580963303986,23.732603036696013,24.012401,weekend_close,28.227702999999423,4.33,23.897702999999424,0.15997903084037846,99716.76286646229
2021-05-03T15:45:00Z,2021-05-03T15:45:00Z,2021-05-07T19:45:00Z,long,0,182,24.902489999999997,24.082954268190598,25.722025731809396,25.447454999999998,weekend_close,99.18363000000022,1.82,97.36363000000023,0.652765924944953,99814.1264964623
2021-05-10T14:30:00Z,2021-05-10T14:30:00Z,2021-05-10T15:00:00Z,long,0,858,25.552555,25.378231605031,25.726878394969003,25.3756937818705,stop,-151.74692515511325,8.58,-160.32692515511326,-1.0719227798582704,99653.79957130719
2021-05-10T18:45:00Z,2021-05-10T18:45:00Z,2021-05-11T14:15:00Z,short,0,712,25.277472000000003,25.487392171585622,25.067551828414384,25.48994091080278,stop,-151.27786449157696,7.12,-158.39786449157697,-1.0597786250000254,99495.40170681561
2021-05-11T14:30:00Z,2021-05-11T14:30:00Z,2021-05-11T14:30:00Z,short,0,5576,25.417458000000003,25.44422052274434,25.390695477255665,25.39323454680339,target,135.06997502430795,55.76,79.30997502430796,0.5314690745894262,99574.71168183992
2021-05-11T17:30:00Z,2021-05-11T17:30:00Z,2021-05-12T13:30:00Z,long,0,781,25.582558,25.39132926935926,25.773786730640737,25.388790136432327,stop,-151.3327014463517,7.8100000000000005,-159.1427014463517,-1.0655713860826241,99415.56898039357
2021-05-12T16:15:00Z,2021-05-12T16:15:00Z,2021-05-14T19:45:00Z,short,0,476,25.217478,25.530434637565595,24.904521362434405,25.452545,weekend_close,-111.89189200000038,4.76,-116.65189200000039,-0.7830701464148863,99298.91708839357
2021-05-18T18:45:00Z,2021-05-18T18:45:00Z,2021-05-19T13:30:00Z,long,0,1292,26.192619,26.07739109590544,26.30784690409456,26.07478335679585,stop,-152.24365101976048,12.92,-165.16365101976047,-1.109415676772551,99133.75343737382
2021-05-19T15:45:00Z,2021-05-19T15:45:00Z,2021-05-19T18:00:00Z,short,0,627,25.907409,26.144293296579743,25.67052470342026,25.6730917558906,target,146.916912056595,6.2700000000000005,140.646912056595,0.9469485624341095,99274.4003494304
2021-05-19T18:45:00Z,2021-05-19T18:45:00Z,2021-05-21T19:45:00Z,short,0,333,25.567443,26.01459734745463,25.120288652545373,25.532553,weekend_close,11.618370000000251,3.33,8.288370000000251,0.05566310635619237,99282.6887194304
2021-05-24T15:00:00Z,2021-05-24T15:00:00Z,2021-05-25T13:30:00Z,long,0,485,25.842584,25.5360190196748,26.149148980325197,25.53346541777283,stop,-149.92251238017627,4.8500000000000005,-154.77251238017627,-1.0409492365652864,99127.91620705022
2021-05-25T17:45:00Z,2021-05-25T17:45:00Z,2021-05-26T13:45:00Z,long,0,903,25.942594,25.778033423265974,26.107154576734025,25.775455619923648,stop,-150.92595720894602,9.03,-159.95595720894602,-1.0764326644446296,98967.96024984127
2021-05-26T16:00:00Z,2021-05-26T16:00:00Z,2021-05-26T17:30:00Z,short,0,1965,25.827416999999997,25.902944125359827,25.751889874640167,25.75446506362763,target,143.35055497169935,19.650000000000002,123.70055497169935,0.8335010245980797,99091.66080481297
2021-05-27T18:45:00Z,2021-05-27T18:45:00Z,2021-05-28T13:30:00Z,long,0,1153,25.842584,25.71373037322499,25.971437626775007,25.711159000187667,stop,-151.53302478361832,11.53,-163.06302478361832,-1.0975632068104244,98928.59778002935
2021-06-01T14:45:00Z,2021-06-01T14:45:00Z,2021-06-03T13:30:00Z,long,0,840,25.992599,25.816144592438203,26.169053407561794,25.81356297797896,stop,-150.39025849767143,8.4,-158.79025849767143,-1.0713023530162358,98769.80752153168
2021-06-03T15:45:00Z,2021-06-03T15:45:00Z,2021-06-04T19:45:00Z,short,0,209,25.307468999999998,26.014606765877097,24.600331234122898,25.782578,weekend_close,-99.2977810000007,2.09,-101.3877810000007,-0.6860176664419801,98668.41974053168
2021-06-07T15:30:00Z,2021-06-07T15:30:00Z,2021-06-08T13:30:00Z,long,0,984,25.862586,25.71220152564317,26.01297047435683,25.709630305490606,stop,-150.50840339724408,9.84,-160.34840339724408,-1.083593869688539,98508.07133713443
2021-06-08T15:45:00Z,2021-06-08T15:45:00Z,2021-06-09T13:30:00Z,short,0,619,25.617438,25.85594226957779,25.37893373042221,25.858527863804746,stop,-149.23462569513754,6.19,-155.42462569513754,-1.0527688424581954,98352.64671143929
2021-06-09T16:30:00Z,2021-06-09T16:30:00Z,2021-06-10T13:30:00Z,long,0,1164,25.832583,25.705935643804604,25.959230356195395,25.703365050240226,stop,-150.4096935203765,11.64,-162.04969352037648,-1.0992566599257247,98190.59701791892
2021-06-10T16:15:00Z,2021-06-10T16:15:00Z,2021-06-10T16:45:00Z,long,0,2753,25.852585,25.79908889605468,25.906081103945322,25.903490495834927,target,140.1428300335494,27.53,112.61283003354939,0.7646443912389483,98303.20984795247
2021-06-14T18:30:00Z,2021-06-14T18:30:00Z,2021-06-15T13:30:00Z,short,0,1361,25.817418,25.925706845719045,25.709129154280955,25.711700067196382,target,143.88210654572376,13.61,130.27210654572377,0.8839131322163837,98433.4819544982
2021-06-15T14:30:00Z,2021-06-15T14:30:00Z,2021-06-16T18:15:00Z,short,0,496,25.597440000000002,25.894583491446713,25.30029650855329,25.302826538204148,target,146.12827705074403,4.96,141.16827705074402,0.957831720998327,98574.65023154895
2021-06-21T17:00:00Z,2021-06-21T17:00:00Z,2021-06-21T19:00:00Z,long,0,4008,24.082407999999997,24.04551725477364,24.119298745226356,24.116886815351833,target,138.19109193015802,40.08,98.11109193015803,0.6635489524984084,98672.7613234791
2021-06-22T15:30:00Z,2021-06-22T15:30:00Z,2021-06-23T13:30:00Z,short,0,827,23.907609,24.086439285230572,23.72877871476943,24.088847929159094,stop,-149.8845944145701,8.27,-158.1545944145701,-1.0693878216014878,98514.60672906453
2021-06-23T15:00:00Z,2021-06-23T15:00:00Z,2021-06-23T19:15:00Z,long,0,445,24.272427,23.94043309441339,24.60442090558661,23.93803905110395,stop,-148.80263725874272,4.45,-153.2526372587427,-1.0373321410450016,98361.35409180578
2021-06-24T16:00:00Z,2021-06-24T16:00:00Z,2021-06-24T17:15:00Z,long,0,2368,24.142414,24.080123445337925,24.204704554662072,24.07771543299339,stop,-153.2062066716494,23.68,-176.8862066716494,-1.199195727375501,98184.46788513413
2021-06-28T15:00:00Z,2021-06-28T15:00:00Z,2021-06-29T13:30:00Z,long,0,2152,24.192419,24.124008479681237,24.260829520318765,24.121596078833267,stop,-152.41092635081097,21.52,-173.93092635081098,-1.1814399421336517,98010.53695878333
2021-06-29T15:45:00Z,2021-06-29T15:45:00Z,2021-06-30T18:15:00Z,short,0,484,23.887611,24.19124811721047,23.58397388278953,24.19366724202219,stop,-148.13122113874027,4.84,-152.97122113874028,-1.0409012077502742,97857.56573764459
2021-07-01T17:15:00Z,2021-07-01T17:15:00Z,2021-07-02T13:30:00Z,short,0,2625,24.117588,24.173496910069026,24.061679089930976,24.175914259760034,stop,-153.106431870087,26.25,-179.356431870087,-1.2220996559524695,97678.20930577451
2021-07-06T16:45:00Z,2021-07-06T16:45:00Z,2021-07-09T19:45:00Z,short,0,449,24.167583,24.49363810712651,23.84152789287349,24.192419,weekend_close,-11.151364000000235,4.49,-15.641364000000236,-0.10684083530237125,97662.56794177451
2021-07-12T17:00:00Z,2021-07-12T17:00:00Z,2021-07-12T18:00:00Z,long,0,2567,24.252425,24.19537734755175,24.309472652448246,24.307041705183,target,140.20108220476382,25.67,114.53108220476382,0.7820953758522609,97777.09902397927
2021-07-12T18:45:00Z,2021-07-12T18:45:00Z,2021-07-13T13:30:00Z,long,0,1750,24.30243,24.21863643510529,24.386223564894713,24.21621457146178,stop,-150.87699994188685,17.5,-168.37699994188685,-1.14824364686139,97608.72202403739
2021-07-13T18:00:00Z,2021-07-13T18:00:00Z,2021-07-14T13:30:00Z,short,0,895,24.09759,24.261061939670306,23.934118060329695,24.26348804586427,stop,-148.47875104852247,8.950000000000001,-157.42875104852246,-1.076013695188463,97451.29327298887
2021-07-14T15:45:00Z,2021-07-14T15:45:00Z,2021-07-14T15:45:00Z,long,0,1967,24.242424,24.168123974699952,24.316724025300047,24.165707162302482,stop,-150.90201975101752,19.67,-170.57201975101754,-1.1671172028182668,97280.72125323785
2021-07-15T14:45:00Z,2021-07-15T14:45:00Z,2021-07-15T15:00:00Z,long,0,3130,24.30243,24.25581955697998,24.349040443020023,24.34660553897572,target,138.26943699399845,31.3,106.96943699399846,0.7332163515596286,97387.69069023184
2021-07-15T16:45:00Z,2021-07-15T16:45:00Z,2021-07-16T13:30:00Z,long,0,1776,24.372437,24.290196423710782,24.45467757628922,24.28776740406841,stop,-150.37320237450416,17.76,-168.13320237450415,-1.1511300163882714,97219.55748785734
2021-07-19T14:30:00Z,2021-07-19T14:30:00Z,2021-07-23T19:45:00Z,short,0,260,23.387661,23.946599784081027,22.828722215918976,23.342334,weekend_close,11.785020000000088,2.6,9.185020000000089,0.06320370138222371,97228.74250785734
2021-07-26T15:45:00Z,2021-07-26T15:45:00Z,2021-07-26T15:45:00Z,long,0,15598,23.362336,23.352985953128066,23.371686046871933,23.350650654532753,stop,-182.26801859810104,155.98,-338.248018598101,-2.319276658637941,96890.49448925925
2021-07-26T17:30:00Z,2021-07-26T17:30:00Z,2021-07-26T18:00:00Z,long,0,2351,23.422342,23.36053307593201,23.48415092406799,23.358197022624417,stop,-150.80484180999747,23.51,-174.31484180999746,-1.1995836927047119,96716.17964744924
2021-07-26T18:15:00Z,2021-07-26T18:15:00Z,2021-07-26T18:15:00Z,long,0,12641,23.372337,23.360860789809063,23.38381321019094,23.358524703730083,stop,-174.60123714804018,126.41,-301.0112371480402,-2.0749268158856604,96415.16841030121
2021-07-27T14:30:00Z,2021-07-27T14:30:00Z,2021-07-29T13:30:00Z,short,0,297,22.89771,23.384396070330187,22.411023929669813,23.38673450993722,stop,-145.24027945135438,2.97,-148.21027945135438,-1.0253519473007775,96266.95813084986
2021-07-29T14:30:00Z,2021-07-29T14:30:00Z,2021-07-30T19:45:00Z,long,0,161,23.892389,22.99637719401789,24.788400805982114,23.627637,weekend_close,-42.62507200000023,1.61,-44.23507200000023,-0.30663881677189236,96222.72305884986
2021-08-03T17:30:00Z,2021-08-03T17:30:00Z,2021-08-04T13:30:00Z,long,0,1747,23.682368,23.599793717432128,23.764942282567873,23.762565788339614,target,140.10553622930584,17.47,122.63553622930584,0.8501168421525754,96345.35859507917
2021-08-04T14:30:00Z,2021-08-04T14:30:00Z,2021-08-04T14:30:00Z,long,0,25201,23.642364,23.636629431819316,23.648098568180686,23.634265768876134,stop,-204.08352255257466,252.01000000000002,-456.09352255257465,-3.155988481368969,95889.2650725266
2021-08-04T16:45:00Z,2021-08-04T16:45:00Z,2021-08-05T13:30:00Z,short,0,946,23.567643,23.719550250362985,23.415735749637015,23.41807732321198,target,141.48913024146884,9.46,132.02913024146883,0.9187558622417785,96021.29420276807
2021-08-09T14:30:00Z,2021-08-09T14:30:00Z,2021-08-13T19:45:00Z,short,0,201,21.977802,22.692818299912645,21.262785700087356,21.982198,weekend_close,-0.8835959999999687,2.0100000000000002,-2.893595999999969,-0.020133806742249998,96018.40060676807
2021-08-16T16:15:00Z,2021-08-16T16:15:00Z,2021-08-17T14:00:00Z,long,0,1147,22.052205,21.926717911476338,22.177692088523663,21.92452523968519,stop,-146.4486850810859,11.47,-157.9186850810859,-1.0971627594088862,95860.481921687
2021-08-17T16:15:00Z,2021-08-17T16:15:00Z,2021-08-18T13:30:00Z,short,0,1070,21.937806000000002,22.072116057766852,21.803495942233152,21.805676291827375,target,141.37878774471105,10.700000000000001,130.67878774471106,0.9093117090652517,95991.1607094317
2021-08-18T14:45:00Z,2021-08-18T14:45:00Z,2021-08-20T14:30:00Z,short,0,417,21.59784,21.94312402777574,21.252555972224265,21.254681227821486,target,143.09720799844104,4.17,138.92720799844105,0.9648832421374081,96130.08791743014
2021-08-23T15:45:00Z,2021-08-23T15:45:00Z,2021-08-27T19:45:00Z,long,0,296,21.922192000000003,21.436609380620574,22.40777461937943,22.327766999999998,weekend_close,120.05019999999863,2.96,117.09019999999863,0.8146399484098867,96247.17811743013
2021-08-31T17:00:00Z,2021-08-31T17:00:00Z,2021-09-01T13:30:00Z,short,0,2377,22.177782,22.238507531508766,22.117056468491235,22.240731382261917,stop,-149.63068163657442,23.77,-173.40068163657443,-1.2012967272486694,96073.77743579356
2021-09-01T15:45:00Z,2021-09-01T15:45:00Z,2021-09-02T13:30:00Z,long,0,559,22.442244000000002,22.18452891787528,22.699959082124725,22.18231046498349,stop,-145.30284607422982,5.59,-150.89284607422982,-1.0474107017371839,95922.88458971932
2021-09-02T15:45:00Z,2021-09-02T15:45:00Z,2021-09-03T13:30:00Z,short,0,555,22.097790000000003,22.356677823111426,21.83890217688858,22.358913490893737,stop,-144.92353744602244,5.55,-150.47353744602245,-1.0472624306360128,95772.4110522733
2021-09-07T16:00:00Z,2021-09-07T16:00:00Z,2021-09-08T13:45:00Z,short,0,582,22.537746,22.784560061690915,22.290931938309082,22.293161031502912,target,142.34845166530442,5.82,136.52845166530443,0.9504522023176143,95908.9395039386
2021-09-13T17:45:00Z,2021-09-13T17:45:00Z,2021-09-14T13:30:00Z,short,0,1295,21.957804,22.06881112277058,21.84679687722942,22.071018003882855,stop,-146.61213502829847,12.950000000000001,-159.56213502829846,-1.1099648455667466,95749.3773689103
2021-09-14T17:00:00Z,2021-09-14T17:00:00Z,2021-09-15T14:45:00Z,long,0,1380,22.092209,21.988134663477762,22.19628333652224,21.985935850011415,stop,-146.6569469842472,13.8,-160.45694698424722,-1.1172125028511717,95588.92042192604
2021-09-15T17:00:00Z,2021-09-15T17:00:00Z,2021-09-16T13:30:00Z,short,0,1654,21.9978,22.084487827058073,21.91111217294193,21.913303284159223,target,139.75756800064738,16.54,123.21756800064739,0.8593676686678712,95712.13798992669
2021-09-16T15:45:00Z,2021-09-16T15:45:00Z,2021-09-17T19:45:00Z,short,0,160,21.087891,21.98091155589099,20.194870444109007,20.732073,weekend_close,56.93087999999989,1.6,55.33087999999989,0.38724528536184355,95767.46886992668
2021-09-20T14:45:00Z,2021-09-20T14:45:00Z,2021-09-20T15:45:00Z,short,0,1318,20.757924000000003,20.866886907926144,20.64896109207386,20.65102598818307,target,140.89157957471934,13.18,127.71157957471934,0.8892752007188987,95895.18044950141
2021-09-20T17:00:00Z,2021-09-20T17:00:00Z,2021-09-21T13:30:00Z,short,0,662,20.587941,20.805211348455927,20.370670651544074,20.807291869590774,stop,-145.2102756690918,6.62,-151.8302756690918,-1.0556013336412413,95743.35017383231
2021-09-21T15:45:00Z,2021-09-21T15:45:00Z,2021-09-22T18:00:00Z,long,0,382,21.012101,20.636555520649726,21.387646479350277,21.385507714702342,target,142.64136501629426,3.8200000000000003,138.82136501629427,0.9676769783810586,95882.1715388486
2021-09-23T14:45:00Z,2021-09-23T14:45:00Z,2021-09-24T13:30:00Z,short,0,706,20.947905,21.151491574307784,20.744318425692214,20.746392857534783,target,142.26757258044233,7.0600000000000005,135.20757258044233,0.9406914140403242,96017.37911142905
2021-09-27T15:45:00Z,2021-09-27T15:45:00Z,2021-09-28T13:30:00Z,long,0,555,21.012101,20.752944167024648,21.271257832975355,20.750868872607946,stop,-144.98383070259092,5.55,-150.53383070259093,-1.0465945438446171,95866.84528072645
2021-09-28T15:45:00Z,2021-09-28T15:45:00Z,2021-09-29T13:30:00Z,short,0,795,20.777922,20.958656481782587,20.597187518217414,20.599247236969234,target,142.04643660945942,7.95,134.09643660945943,0.9332738355576938,96000.94171733591
2021-09-29T14:45:00Z,2021-09-29T14:45:00Z,2021-10-01T13:30:00Z,short,0,161,19.928007,20.82154435846987,19.034469641530134,20.823626512905715,stop,-144.19474157782,1.61,-145.80474157782,-1.0135217115673114,95855.1369757581
2021-10-04T15:45:00Z,2021-10-04T15:45:00Z,2021-10-04T16:00:00Z,long,0,1306,20.902089999999998,20.792052705869153,21.012127294130842,21.010026081401428,target,140.96452231026768,13.06,127.90452231026768,0.890026260414721,95983.04149806837
2021-10-04T16:15:00Z,2021-10-04T16:15:00Z,2021-10-05T13:30:00Z,long,0,635,21.022102,20.795388104409213,21.248815895590788,20.79330856559877,stop,-145.28383084478057,6.3500000000000005,-151.63383084478056,-1.0532809812074553,95831.4076672236
2021-10-05T15:45:00Z,2021-10-05T15:45:00Z,2021-10-05T15:45:00Z,short,0,23395,20.907909,20.914053318803873,20.901764681196127,20.916144724135755,stop,-192.67476615598605,233.95000000000002,-426.6247661559861,-2.9679000582229254,95404.7829010676
2021-10-05T17:45:00Z,2021-10-05T17:45:00Z,2021-10-06T13:30:00Z,long,0,1572,20.962096,20.871082586883123,21.053109413116875,20.868995478624434,stop,-146.35401960238767,15.72,-162.07401960238766,-1.132805790319794,95242.70888146522
2021-10-06T15:45:00Z,2021-10-06T15:45:00Z,2021-10-06T17:45:00Z,short,0,1133,20.79792,20.923920869619838,20.671919130380164,20.9260132617068,stop,-145.12966551380242,11.33,-156.45966551380243,-1.0959707034042372,95086.24921595142
2021-10-07T15:30:00Z,2021-10-07T15:30:00Z,2021-10-07T18:30:00Z,long,0,1608,20.982098,20.89339856518832,21.07079743481168,20.891309225331803,stop,-145.98834966646223,16.080000000000002,-162.06834966646224,-1.1362955680854676,94924.18086628497
2021-10-11T17:30:00Z,2021-10-11T17:30:00Z,2021-10-12T13:30:00Z,short,0,1321,20.937906,21.04565572982206,20.830156270177945,20.832239285804963,target,139.58572945164582,13.21,126.37572945164581,0.8878603626480263,95050.5565957366
2021-10-12T16:15:00Z,2021-10-12T16:15:00Z,2021-10-13T13:30:00Z,short,0,1544,20.877912,20.970227954672065,20.78559604532793,20.972324977467533,stop,-145.77363720987347,15.44,-161.21363720987347,-1.131039351089851,94889.34295852673
2021-10-13T15:30:00Z,2021-10-13T15:30:00Z,2021-10-15T19:45:00Z,long,0,254,21.442144000000003,20.883716497397184,22.00057150260282,21.577841999999997,weekend_close,34.46729199999856,2.54,31.92729199999856,0.22509278180984782,94921.27025052672
2021-10-18T14:30:00Z,2021-10-18T14:30:00Z,2021-10-19T13:30:00Z,short,0,1151,21.49785,21.621533958917514,21.374166041082486,21.623696112313404,stop,-144.84887527272804,11.51,-156.35887527272803,-1.0983325040881091,94764.911375254
2021-10-19T15:45:00Z,2021-10-19T15:45:00Z,2021-10-22T13:30:00Z,long,0,261,22.10221,21.55813905688955,22.646280943110447,22.644016315016138,target,141.41144821921222,2.61,138.8014482192122,0.9774576675163121,94903.71282347321
2021-10-25T15:45:00Z,2021-10-25T15:45:00Z,2021-10-26T13:30:00Z,long,0,947,22.682268,22.532036557406883,22.832499442593118,22.529783353751142,stop,-144.40295999766877,9.47,-153.87295999766877,-1.0815621779584916,94749.83986347554
2021-10-26T15:45:00Z,2021-10-26T15:45:00Z,2021-10-29T19:45:00Z,short,0,311,22.217778,22.67338409545302,21.762171904546978,22.10221,weekend_close,35.9416479999999,3.11,32.8316479999999,0.23170892807092644,94782.67151147555
2021-11-01T15:45:00Z,2021-11-01T15:45:00Z,2021-11-01T18:15:00Z,long,0,1845,22.192219,22.11517461218753,22.269263387812472,22.26703646147369,target,138.03821641895613,18.45,119.58821641895612,0.8413002337231522,94902.2597278945
2021-11-02T15:45:00Z,2021-11-02T15:45:00Z,2021-11-04T13:30:00Z,short,0,290,21.69783,22.188608528678795,21.207051471321204,22.190827389531663,stop,-142.96924296418223,2.9,-145.86924296418223,-1.0248968936879965,94756.39048493032
2021-11-08T15:30:00Z,2021-11-08T15:30:00Z,2021-11-10T14:30:00Z,long,0,406,22.552255,22.202292250031345,22.902217749968653,22.899927528193658,target,141.15504644662548,4.0600000000000005,137.09504644662547,0.964881343011232,94893.48553137695
2021-11-11T16:45:00Z,2021-11-11T16:45:00Z,2021-11-12T20:45:00Z,long,0,296,23.322332,22.84231408662849,23.802349913371508,23.417658000000003,weekend_close,28.216496000001058,2.96,25.256496000001057,0.17775586623569564,94918.74202737695
2021-11-15T16:45:00Z,2021-11-15T16:45:00Z,2021-11-16T18:30:00Z,short,0,713,23.167683,23.36723868441532,22.96812731558468,22.97042412831624,target,140.64557551052184,7.13,133.51557551052184,0.9383790405791422,95052.25760288748
2021-11-17T16:45:00Z,2021-11-17T16:45:00Z,2021-11-18T14:30:00Z,long,0,1029,23.182318,23.043825482087065,23.320810517912932,23.04152109953886,stop,-144.8800105745133,10.290000000000001,-155.1700105745133,-1.0888451068233334,94897.08759231296
2021-11-18T15:30:00Z,2021-11-18T15:30:00Z,2021-11-19T17:45:00Z,short,0,629,22.947705,23.17377439551403,22.721635604485968,22.723907768046416,target,140.7684588988036,6.29,134.4784588988036,0.9457150600480699,95031.56605121176
2021-11-22T15:30:00Z,2021-11-22T15:30:00Z,2021-11-22T18:45:00Z,short,0,522,22.647734999999997,22.92059789193884,22.374872108061155,22.37710959527196,target,141.2664612680352,5.22,136.0464612680352,0.955151515386164,95167.6125124798
2021-11-23T15:30:00Z,2021-11-23T15:30:00Z,2021-12-01T18:00:00Z,short,0,155,21.627837,22.54750766301641,20.708166336983588,20.710237153617285,target,142.2279761893207,1.55,140.6779761893207,0.9868748486614692,95308.29048866912
2021-12-01T19:15:00Z,2021-12-01T19:15:00Z,2021-12-03T20:45:00Z,short,0,365,20.617938000000002,21.00931462475415,20.226561375245854,20.862085999999998,weekend_close,-89.11401999999839,3.65,-92.7640199999984,-0.6493693898036048,95215.52646866912
2021-12-06T16:45:00Z,2021-12-06T16:45:00Z,2021-12-07T14:30:00Z,short,0,1159,20.637936,20.761071393220004,20.514800606779996,20.763147500359324,stop,-145.12012891645645,11.59,-156.71012891645645,-1.0980717795552424,95058.81633975267
2021-12-07T16:00:00Z,2021-12-07T16:00:00Z,2021-12-07T16:30:00Z,long,0,1177,20.762076,20.640992575177837,20.883159424822164,20.88107110887968,target,140.05724315138377,11.77,128.28724315138376,0.9001653945596799,95187.10358290405
2021-12-08T16:45:00Z,2021-12-08T16:45:00Z,2021-12-09T14:30:00Z,short,0,1426,20.707929,20.808053963021436,20.607804036978564,20.609864817382263,target,139.83952441289276,14.26,125.57952441289275,0.8795427230158671,95312.68310731695
2021-12-09T16:45:00Z,2021-12-09T16:45:00Z,2021-12-10T20:45:00Z,short,0,365,20.357964,20.749028218670947,19.96689978132905,20.50205,weekend_close,-52.591390000000544,3.65,-56.24139000000054,-0.3940171272218939,95256.44171731695
2021-12-13T15:30:00Z,2021-12-13T15:30:00Z,2021-12-14T14:30:00Z,long,0,918,20.632063,20.476582546137696,20.787543453862302,20.47453488788308,stop,-144.6108069233304,9.18,-153.7908069233304,-1.0774866419240337,95102.65091039363
2021-12-14T16:45:00Z,2021-12-14T16:45:00Z,2021-12-15T15:45:00Z,short,0,408,20.247975,20.597183039967195,19.898766960032805,19.90075683672881,target,141.66501061464558,4.08,137.58501061464557,0.965665519335892,95240.23592100826
2021-12-20T15:45:00Z,2021-12-20T15:45:00Z,2021-12-21T14:30:00Z,short,0,655,20.587941,20.805861831550764,20.370020168449237,20.80794241773392,stop,-144.10092861571658,6.55,-150.6509286157166,-1.0554356648567609,95089.58499239254
2021-12-21T16:45:00Z,2021-12-21T16:45:00Z,2021-12-22T16:00:00Z,long,0,780,20.822082,20.63941645207164,21.004747547928364,21.00264707317357,target,140.84075707538318,7.8,133.04075707538317,0.9337561193556888,95222.62574946793
2021-12-23T16:45:00Z,2021-12-23T16:45:00Z,2021-12-27T15:15:00Z,long,0,1007,21.152115,21.010374781093812,21.293855218906184,21.291725833384294,target,140.5881092179861,10.07,130.5181092179861,0.9144252378365656,95353.14385868591
2021-12-27T16:00:00Z,2021-12-27T16:00:00Z,2021-12-29T14:30:00Z,long,0,656,21.352135,21.134198675763677,21.570071324236324,21.1320852558961,stop,-144.35263213215825,6.5600000000000005,-150.91263213215825,-1.0555823812759242,95202.23122655376
2021-12-29T15:30:00Z,2021-12-29T15:30:00Z,2021-12-30T14:30:00Z,short,0,546,21.067893,21.32896103647916,20.806824963520842,21.331093932582807,stop,-143.70770919021157,5.46,-149.16770919021158,-1.0464740772837373,95053.06351736355
2021-12-30T16:45:00Z,2021-12-30T16:45:00Z,2021-12-31T14:30:00Z,long,0,751,21.322132,21.1322982512462,21.5119657487538,21.509814552178923,target,140.94959668637162,7.51,133.43959668637163,0.9359903249309253,95186.50311404992
2022-01-03T16:45:00Z,2022-01-03T16:45:00Z,2022-01-05T14:30:00Z,short,0,359,21.067893,21.46472100196334,20.671064998036663,21.466867474063537,stop,-143.23183618880938,3.59,-146.82183618880939,-1.0306089087466137,95039.6812778611
2022-01-05T15:30:00Z,2022-01-05T15:30:00Z,2022-01-05T19:00:00Z,long,0,1186,21.392139,21.271967916411107,21.512310083588893,21.269840719619467,stop,-145.04576053131296,11.86,-156.90576053131298,-1.1009160975291512,94882.77551732979
2022-01-10T16:30:00Z,2022-01-10T16:30:00Z,2022-01-11T14:30:00Z,long,0,1103,20.742074,20.61309246671884,20.871055533281158,20.86896842772783,target,139.96455378379662,11.03,128.93455378379662,0.9062880922109898,95011.71007111359
2022-01-11T16:00:00Z,2022-01-11T16:00:00Z,2022-01-12T14:30:00Z,long,0,719,20.912091,20.714093234599424,21.110088765400576,21.107977756524036,target,140.84257794078195,7.19,133.65257794078195,0.9388325981758556,95145.36264905437
2022-01-12T15:30:00Z,2022-01-12T15:30:00Z,2022-01-14T20:45:00Z,long,0,351,21.352135,20.946036857967425,21.758233142032577,21.207879000000002,weekend_close,-50.63385599999951,3.5100000000000002,-54.14385599999951,-0.3798490661097993,95091.21879305437
2022-01-18T16:45:00Z,2022-01-18T16:45:00Z,2022-01-19T14:30:00Z,long,0,338,21.652165,21.23070529211024,22.07362470788976,22.071417345418972,target,141.70729275161247,3.38,138.32729275161248,0.9710355171745599,95229.54608580598
2022-01-19T15:30:00Z,2022-01-19T15:30:00Z,2022-01-20T14:30:00Z,long,0,265,22.132213,21.59483519181192,22.66959080818808,22.667323849107262,target,141.8043750134245,2.65,139.1543750134245,0.9771725611033724,95368.70046081941
2022-01-20T15:30:00Z,2022-01-20T15:30:00Z,2022-01-21T20:45:00Z,long,0,246,22.752275,22.17177769555795,23.332772304442052,22.377762,weekend_close,-92.13019800000008,2.46,-94.59019800000007,-0.6623855047347331,95274.1102628194
2022-01-25T16:00:00Z,2022-01-25T16:00:00Z,2022-01-25T18:15:00Z,short,0,1344,21.957804,22.064092442327503,21.851515557672496,22.066298851571737,stop,-145.8170805124157,13.44,-159.2570805124157,-1.114842300601442,95114.853182307
2022-01-26T16:30:00Z,2022-01-26T16:30:00Z,2022-01-26T19:00:00Z,short,0,1222,21.947805,22.064476530074373,21.831133469925625,22.06668297772738,stop,-145.26888878285763,12.22,-157.48888878285763,-1.1046223328452478,94957.36429352414
2022-01-27T15:30:00Z,2022-01-27T15:30:00Z,2022-01-28T20:45:00Z,short,0,146,21.027897000000003,22.00180631336303,20.053987686636976,20.712071,weekend_close,46.110596000000186,1.46,44.650596000000185,0.31401897055891886,95002.01488952414
2022-01-31T16:45:00Z,2022-01-31T16:45:00Z,2022-01-31T16:45:00Z,long,0,6362,20.712071,20.68967355069909,20.734468449300913,20.732395002455984,target,129.3013036249609,63.620000000000005,65.68130362496089,0.4609454548720711,95067.69619314911
2022-02-01T15:30:00Z,2022-02-01T15:30:00Z,2022-02-03T14:30:00Z,long,0,614,20.962096,20.730153654367584,21.194038345632414,20.728080639002147,stop,-143.6854316526808,6.140000000000001,-149.82543165268078,-1.0520517947359629,94917.87076149642
2022-02-03T15:45:00Z,2022-02-03T15:45:00Z,2022-02-04T20:45:00Z,short,0,446,20.667933,20.98654323390177,20.349322766098233,20.792078999999998,weekend_close,-55.36911599999826,4.46,-59.82911599999826,-0.42103481221307815,94858.04164549643
2022-02-07T19:00:00Z,2022-02-07T19:00:00Z,2022-02-10T14:30:00Z,long,0,432,21.322132,20.993022813696307,21.651241186303693,21.649076062185063,target,141.2398348639474,4.32,136.91983486394741,0.9630362061440482,94994.96148036038
2022-02-10T16:00:00Z,2022-02-10T16:00:00Z,2022-02-10T16:45:00Z,long,0,723,21.692169,21.49508754964801,21.88925045035199,21.887061525306954,target,140.90729579692822,7.23,133.67729579692823,0.9381528549578524,95128.6387761573
2022-02-14T19:45:00Z,2022-02-14T19:45:00Z,2022-02-15T14:30:00Z,long,0,1008,22.022202,21.880754217139945,22.163649782860055,21.87856614171823,stop,-144.7849451480231,10.08,-154.8649451480231,-1.0861666063283026,94973.77383100928
2022-02-15T16:45:00Z,2022-02-15T16:45:00Z,2022-02-17T14:45:00Z,short,0,315,21.49785,21.949739755381596,21.045960244618403,21.951934729357134,stop,-143.0366897474974,3.15,-146.1866897474974,-1.0269866130628251,94827.58714126179
2022-02-22T16:45:00Z,2022-02-22T16:45:00Z,2022-02-23T18:45:00Z,long,0,505,22.412241,22.131109689933464,22.69337231006654,22.691102972835534,target,140.82529628194374,5.05,135.77529628194372,0.9563572722365858,94963.36243754374
2022-02-24T15:30:00Z,2022-02-24T15:30:00Z,2022-02-24T18:45:00Z,long,0,669,22.792279,22.579404891037907,23.005153108962094,22.577146950548805,stop,-143.9233410828499,6.69,-150.6133410828499,-1.0575830501363819,94812.74909646089
2022-02-28T19:15:00Z,2022-02-28T19:15:00Z,2022-02-28T19:45:00Z,long,0,1671,22.492248999999997,22.40716817371334,22.577329826286654,22.575072093304026,target,138.39738891103215,16.71,121.68738891103214,0.8559283740225019,94934.43648537192
2022-03-01T19:00:00Z,2022-03-01T19:00:00Z,2022-03-04T20:45:00Z,long,0,209,23.50235,22.82353372876729,24.18116627123271,23.637636,weekend_close,28.274774000000143,2.09,26.184774000000143,0.18456540496957347,94960.62125937191
2022-03-07T18:30:00Z,2022-03-07T18:30:00Z,2022-03-07T18:30:00Z,short,0,3039,23.587641,23.634506074015707,23.540775925984295,23.63686952462311,stop,-149.60548632962218,30.39,-179.99548632962217,-1.2638094757570995,94780.6257730423
2022-03-08T15:30:00Z,2022-03-08T15:30:00Z,2022-03-09T17:45:00Z,long,0,125,24.722472,23.589547120805104,25.855396879194895,23.587188166093025,stop,-141.91047923837186,1.25,-143.16047923837186,-1.0109088916123568,94637.46529380392
2022-03-09T18:00:00Z,2022-03-09T18:00:00Z,2022-03-11T20:45:00Z,short,0,240,23.607639,24.19881365949643,23.016464340503568,23.872387,weekend_close,-63.53952000000021,2.4,-65.93952000000021,-0.4647492844737866,94571.52577380392
2022-03-15T14:30:00Z,2022-03-15T14:30:00Z,2022-03-17T13:30:00Z,short,0,292,22.857714,23.34253144571276,22.372896554287244,23.34486569885733,stop,-142.2482960663399,2.92,-145.16829606633988,-1.0254410257998,94426.35747773758
2022-03-17T14:45:00Z,2022-03-17T14:45:00Z,2022-03-18T19:45:00Z,long,0,196,23.552355000000002,22.830776257589477,24.273933742410527,23.027697,weekend_close,-102.83296800000045,1.96,-104.79296800000044,-0.7409558632699038,94321.56450973758
2022-03-21T16:00:00Z,2022-03-21T16:00:00Z,2022-03-22T13:30:00Z,long,0,667,23.30233,23.090388377773795,23.514271622226207,23.08807933893602,stop,-142.90519092967602,6.67,-149.575190929676,-1.0580774965694966,94171.9893188079
2022-03-22T15:45:00Z,2022-03-22T15:45:00Z,2022-03-23T13:30:00Z,short,0,369,22.847715,23.23041345783106,22.465016542168943,23.23273649917684,stop,-142.0729331962541,3.69,-145.7629331962541,-1.0322003945759888,94026.22638561165
2022-03-23T18:00:00Z,2022-03-23T18:00:00Z,2022-03-23T19:30:00Z,long,0,1003,23.142314,23.00175320828797,23.28287479171203,23.28054650423286,target,138.64720174555885,10.03,128.61720174555884,0.9122921311909872,94154.8435873572
2022-03-28T14:30:00Z,2022-03-28T14:30:00Z,2022-03-29T13:30:00Z,short,0,378,23.137686000000002,23.511296020238635,22.76407597976137,22.766352387359344,target,140.36410557816876,3.7800000000000002,136.58410557816876,0.9671411179225496,94291.42769293537
2022-03-31T15:45:00Z,2022-03-31T15:45:00Z,2022-03-31T16:15:00Z,long,0,1438,23.072307,22.973997605908828,23.17061639409117,22.97170020614824,stop,-144.6725695588313,14.38,-159.0525695588313,-1.1250887554976188,94132.37512337654
2022-04-04T14:45:00Z,2022-04-04T14:45:00Z,2022-04-05T13:30:00Z,short,0,572,22.567743,22.81425524046563,22.32123075953437,22.816536665989677,stop,-142.3099769460951,5.72,-148.0299769460951,-1.0498207533258719,93984.34514643044
2022-04-05T17:15:00Z,2022-04-05T17:15:00Z,2022-04-07T17:15:00Z,short,0,791,22.547745000000003,22.7259034800768,22.369586519923207,22.728176070424805,stop,-142.72097670601875,7.91,-150.63097670601874,-1.0688858051702979,93833.71416972442
2022-04-11T14:30:00Z,2022-04-11T14:30:00Z,2022-04-12T13:30:00Z,long,0,512,23.072307,22.797422066998443,23.347191933001554,23.344857213808254,target,139.54570946982676,5.12,134.42570946982676,0.9551276999484359,93968.13987919425
2022-04-13T15:00:00Z,2022-04-13T15:00:00Z,2022-04-14T13:45:00Z,long,0,387,23.782378,23.41839003897234,24.146365961027662,23.416048199968444,stop,-141.76963261221286,3.87,-145.63963261221286,-1.0339072725621246,93822.50024658203
2022-04-14T15:45:00Z,2022-04-14T15:45:00Z,2022-04-18T13:30:00Z,short,0,481,23.427657,23.72024154298815,23.13507245701185,23.722613567142446,stop,-141.87410879551646,4.8100000000000005,-146.68410879551647,-1.042285296509319,93675.81613778652
2022-04-18T14:30:00Z,2022-04-18T14:30:00Z,2022-04-19T13:30:00Z,long,0,254,24.132413,23.57929327652745,24.685532723472548,23.5769353471998,stop,-141.09132381125067,2.54,-143.63132381125067,-1.0223422322568192,93532.18481397527
2022-04-19T15:45:00Z,2022-04-19T15:45:00Z,2022-04-22T13:30:00Z,short,0,205,23.207679000000002,23.888999118038466,22.52635888196154,22.528611517849736,target,139.20883384080457,2.05,137.15883384080456,0.9820163304094509,93669.34364781607
2022-04-25T14:30:00Z,2022-04-25T14:30:00Z,2022-04-29T19:30:00Z,short,0,194,21.747825,22.471350570955828,21.02429942904417,21.026401858987075,target,139.9560893565072,1.94,138.0160893565072,0.9832729755122311,93807.35973717258
2022-05-02T18:15:00Z,2022-05-02T18:15:00Z,2022-05-03T13:45:00Z,short,0,826,20.79792,20.968194505023668,20.627645494976335,20.97029132447417,stop,-142.37871401566463,8.26,-150.63871401566462,-1.0710430457502866,93656.72102315692
2022-05-03T15:45:00Z,2022-05-03T15:45:00Z,2022-05-03T18:00:00Z,long,0,1424,20.952095,20.853488237590117,21.050701762409883,20.85140288876636,stop,-143.38556639670537,14.24,-157.62556639670538,-1.1225610549256526,93499.09545676022
2022-05-03T18:45:00Z,2022-05-03T18:45:00Z,2022-05-04T13:30:00Z,short,0,1053,20.79792,20.9310157462757,20.6648242537243,20.666890736149675,target,137.9738148343936,10.53,127.4438148343936,0.909339834194411,93626.5392715946
2022-05-04T14:30:00Z,2022-05-04T14:30:00Z,2022-05-04T18:45:00Z,short,0,485,20.607939,20.89718865943404,20.318689340565957,20.899278378299982,stop,-141.29959847549225,4.8500000000000005,-146.14959847549224,-1.0417968300795852,93480.38967311912
2022-05-05T17:30:00Z,2022-05-05T17:30:00Z,2022-05-06T19:45:00Z,short,0,665,20.717928,20.92847984316027,20.50737615683973,20.652064999999997,weekend_close,43.79889500000252,6.65,37.14889500000252,0.26531707897461215,93517.53856811913
2022-05-09T14:30:00Z,2022-05-09T14:30:00Z,2022-05-10T19:45:00Z,short,0,252,20.147985,20.703446855041655,19.592523144958342,19.594482397272838,target,139.48265588724445,2.52,136.96265588724444,0.9784697145160418,93654.50122400637
2022-05-11T16:00:00Z,2022-05-11T16:00:00Z,2022-05-11T16:30:00Z,long,0,1029,20.072007,19.935551324845115,20.208462675154884,19.933557769712632,stop,-142.4642579657011,10.290000000000001,-152.7542579657011,-1.0878934138786787,93501.74696604066
2022-05-11T18:45:00Z,2022-05-11T18:45:00Z,2022-05-11T19:45:00Z,short,0,1825,19.958004000000003,20.03483345850951,19.881174541490495,19.883162658944645,target,136.58544742602734,18.25,118.33544742602734,0.8439645718358572,93620.08241346669
2022-05-12T14:30:00Z,2022-05-12T14:30:00Z,2022-05-13T19:45:00Z,short,0,282,19.488051,19.98595220521788,18.990149794782116,19.431943,weekend_close,15.822455999999512,2.82,13.002455999999512,0.09260471659196191,93633.0848694667
2022-05-16T14:30:00Z,2022-05-16T14:30:00Z,2022-05-20T19:45:00Z,long,0,283,19.831982999999997,19.336010008059144,20.32795599194085,20.087991,weekend_close,72.45026400000037,2.83,69.62026400000038,0.4960108796193056,93702.70513346669
2022-05-23T15:45:00Z,2022-05-23T15:45:00Z,2022-05-23T15:45:00Z,long,0,1472,20.142014,20.046569585282324,20.237458414717675,20.044564928323794,stop,-143.44503350737455,14.72,-158.16503350737455,-1.125776421742848,93544.54009995931
2022-05-24T15:00:00Z,2022-05-24T15:00:00Z,2022-05-27T13:30:00Z,long,0,525,20.372037000000002,20.105215923105817,20.638858076894188,20.636794191086498,target,138.9975253204101,5.25,133.7475253204101,0.9547866085089138,93678.28762527971
2022-05-31T15:45:00Z,2022-05-31T15:45:00Z,2022-06-02T13:30:00Z,short,0,440,20.047995,20.366710030978513,19.729279969021487,20.36874670198161,stop,-141.13074887190848,4.4,-145.5307488719085,-1.037766248319517,93532.7568764078
2022-06-02T14:30:00Z,2022-06-02T14:30:00Z,2022-06-03T19:45:00Z,long,0,469,20.432043,20.133049674815037,20.731036325184963,20.227977,weekend_close,-95.70695400000045,4.69,-100.39695400000045,-0.7159557821820128,93432.3599224078
2022-06-06T15:45:00Z,2022-06-06T15:45:00Z,2022-06-07T13:30:00Z,long,0,1196,20.40204,20.28491731185761,20.51916268814239,20.282888820126423,stop,-142.50481112879694,11.96,-154.46481112879695,-1.1026999287837487,93277.89511127901
2022-06-07T16:30:00Z,2022-06-07T16:30:00Z,2022-06-08T13:30:00Z,long,0,1072,20.492048999999998,20.361559106062387,20.62253889393761,20.35952295015178,stop,-142.06792543728818,10.72,-152.78792543728818,-1.0922382228033716,93125.10718584173
2022-06-08T18:45:00Z,2022-06-08T18:45:00Z,2022-06-09T13:30:00Z,short,0,1318,20.347965000000002,20.453926132472606,20.242003867527398,20.24402806791415,target,136.9888764891519,13.18,123.80887648915188,0.8865225379705922,93248.91606233089
2022-06-09T14:30:00Z,2022-06-09T14:30:00Z,2022-06-10T19:45:00Z,short,0,300,19.948005,20.412832766534272,19.483177233465724,20.182018,weekend_close,-70.20390000000027,3.0,-73.20390000000027,-0.524953579729856,93175.71216233089
2022-06-13T15:45:00Z,2022-06-13T15:45:00Z,2022-06-15T18:30:00Z,short,0,222,19.518048,20.146275910927166,18.889820089072835,20.148290538518257,stop,-139.91384355105296,2.22,-142.13384355105296,-1.0191246319721123,93033.57831877984
2022-06-16T16:15:00Z,2022-06-16T16:15:00Z,2022-06-17T19:45:00Z,long,0,449,20.162016,19.85143842341001,20.472593576589993,19.988000999999997,weekend_close,-78.1327350000019,4.49,-82.6227350000019,-0.5924928709290915,92950.95558377984
2022-06-21T15:45:00Z,2022-06-21T15:45:00Z,2022-06-21T19:30:00Z,long,0,1314,20.082008,19.975956799702825,20.18805920029717,19.973959204022854,stop,-141.97611791396707,13.14,-155.11611791396706,-1.1131302205571572,92795.83946586588
2022-06-23T16:15:00Z,2022-06-23T16:15:00Z,2022-06-23T18:15:00Z,short,0,564,19.578042,19.824488177008224,19.331595822991776,19.333528982574077,target,137.90534182822077,5.64,132.26534182822078,0.9515790436387974,92928.10480769411
2022-06-27T15:00:00Z,2022-06-27T15:00:00Z,2022-06-27T17:30:00Z,long,0,803,19.681968,19.50840797672634,19.855528023273664,19.506457135928667,stop,-140.93522384928164,8.03,-148.96522384928164,-1.0688571052956628,92779.13958384482
2022-06-28T14:45:00Z,2022-06-28T14:45:00Z,2022-06-29T14:30:00Z,short,0,598,19.328066999999997,19.560757590665858,19.095376409334136,19.09728594697507,target,138.00706970890636,5.98,132.02706970890637,0.9488181382545212,92911.16665355372
2022-06-29T15:15:00Z,2022-06-29T15:15:00Z,2022-06-30T14:15:00Z,short,0,571,19.058094,19.30216136799213,18.81402663200787,18.81590803467107,target,138.2881862028184,5.71,132.5781862028184,0.95131916748664,93043.74483975655
2022-06-30T15:00:00Z,2022-06-30T15:00:00Z,2022-07-01T13:30:00Z,short,0,287,18.69813,19.183183600916134,18.213076399083864,18.21489770672377,target,138.68766817027728,2.87,135.81766817027727,0.9756288632481429,93179.56250792682
2022-07-05T15:00:00Z,2022-07-05T15:00:00Z,2022-07-08T19:45:00Z,short,0,203,17.658234,18.346541426761483,16.969926573238517,17.80178,weekend_close,-29.139838000000125,2.0300000000000002,-31.169838000000126,-0.22307764529353016,93148.39266992682
2022-07-11T15:45:00Z,2022-07-11T15:45:00Z,2022-07-11T19:30:00Z,short,0,1463,17.69823,17.793721515183915,17.602738484816083,17.604498758664565,target,137.1288060737391,14.63,122.4988060737391,0.8768448293460174,93270.89147600056
2022-07-13T16:15:00Z,2022-07-13T16:15:00Z,2022-07-14T13:30:00Z,long,0,660,17.731773,17.520007864979572,17.94353813502043,17.518255864193073,stop,-140.9213096325724,6.6000000000000005,-147.52130963257238,-1.0554954468088706,93123.37016636798
2022-07-14T15:45:00Z,2022-07-14T15:45:00Z,2022-07-15T19:45:00Z,short,0,219,17.018298,17.655347654248388,16.381248345751615,17.211721,weekend_close,-42.359636999999836,2.19,-44.549636999999834,-0.3193204778362291,93078.82052936798
2022-07-18T14:30:00Z,2022-07-18T14:30:00Z,2022-07-21T13:30:00Z,long,0,497,17.441744,17.161210050754562,17.722277949245438,17.159493929749488,stop,-140.27828491450467,4.97,-145.24828491450467,-1.0417636476319094,92933.57224445348
2022-07-21T17:30:00Z,2022-07-21T17:30:00Z,2022-07-22T13:45:00Z,long,0,1713,17.341734,17.260390588217692,17.423077411782305,17.421335104041127,target,136.3566912224522,17.13,119.22669122245222,0.8556452516080398,93052.79893567594
2022-07-25T14:30:00Z,2022-07-25T14:30:00Z,2022-07-26T13:30:00Z,short,0,436,16.938306,17.25798824672433,16.61862375327567,17.259714045549003,stop,-140.1339078593652,4.36,-144.4939078593652,-1.036679543342875,92908.30502781658
2022-07-26T15:45:00Z,2022-07-26T15:45:00Z,2022-07-27T14:00:00Z,long,0,1168,17.141714,17.022441302557464,17.260986697442537,17.020739058427207,stop,-141.29873175702272,11.68,-152.97873175702273,-1.0981133518498245,92755.32629605955
2022-07-27T17:30:00Z,2022-07-27T17:30:00Z,2022-07-27T18:00:00Z,long,0,1424,17.221722,17.124079462670828,17.31936453732917,17.317632600875438,target,136.57669564662405,14.24,122.33669564662405,0.8798480992542935,92877.66299170617
2022-08-01T14:45:00Z,2022-08-01T14:45:00Z,2022-08-02T13:45:00Z,long,0,872,18.731873,18.572202868175125,18.891543131824875,18.57034564788831,stop,-140.85185104139407,8.72,-149.57185104139407,-1.0742607283610224,92728.09114066476
2022-08-02T16:15:00Z,2022-08-02T16:15:00Z,2022-08-02T17:30:00Z,short,0,1563,18.648135,18.73710649585303,18.55916350414697,18.561019420497384,target,136.16165076258804,15.63,120.53165076258804,0.8667447789121194,92848.62279142735
2022-08-03T15:30:00Z,2022-08-03T15:30:00Z,2022-08-04T13:45:00Z,short,0,618,18.348165,18.573338856187373,18.12299114381263,18.57519619007299,stop,-140.305275465107,6.18,-146.485275465107,-1.0526585727419016,92702.13751596224
2022-08-04T14:30:00Z,2022-08-04T14:30:00Z,2022-08-05T13:30:00Z,long,0,641,18.641864,18.425038433759322,18.85868956624068,18.42319592991595,stop,-140.16623292387817,6.41,-146.57623292387817,-1.054617654406255,92555.56128303836
2022-08-08T15:45:00Z,2022-08-08T15:45:00Z,2022-08-12T19:45:00Z,long,0,201,19.081908,18.39157288030669,19.772243119693307,19.178082,weekend_close,19.330974000000264,2.0100000000000002,17.320974000000263,0.12482922792380219,92572.88225703836
2022-08-15T15:45:00Z,2022-08-15T15:45:00Z,2022-08-17T13:30:00Z,short,0,424,18.69813,19.024913354829895,18.371346645170103,18.37318377983462,target,137.77719735012107,4.24,133.53719735012106,0.9637768127122699,92706.41945438848
2022-08-17T14:30:00Z,2022-08-17T14:30:00Z,2022-08-18T16:15:00Z,short,0,455,18.308169,18.61355097034865,18.002787029651348,18.004587308354314,target,138.1296696987871,4.55,133.5796696987871,0.961358954199249,92839.99912408726
2022-08-22T14:30:00Z,2022-08-22T14:30:00Z,2022-08-23T14:00:00Z,short,0,614,17.488250999999998,17.71505348715556,17.261448512844435,17.716824992504275,stop,-140.344431397626,6.140000000000001,-146.484431397626,-1.0519020117298787,92693.51469268964
2022-08-23T16:15:00Z,2022-08-23T16:15:00Z,2022-08-24T13:30:00Z,long,0,1032,17.661766,17.527104034544138,17.796427965455862,17.525351324140683,stop,-140.77994548681536,10.32,-151.09994548681536,-1.0872756487971138,92542.41474720283
2022-08-24T18:45:00Z,2022-08-24T18:45:00Z,2022-08-24T19:30:00Z,short,0,4085,17.588241,17.622220744233733,17.554261255766267,17.623982966308155,stop,-146.00593236881346,40.85,-186.85593236881346,-1.3461539319870885,92355.55881483402
2022-08-25T15:00:00Z,2022-08-25T15:00:00Z,2022-08-25T16:15:00Z,long,0,2196,17.641764000000002,17.578697315570125,17.70483068442988,17.703060201361435,target,134.6064581897066,21.96,112.64645818970658,0.8133644859429418,92468.20527302372
2022-08-25T17:15:00Z,2022-08-25T17:15:00Z,2022-08-26T14:00:00Z,long,0,917,17.761776,17.610571593882053,17.91298040611795,17.608810536722665,stop,-140.26932982531758,9.17,-149.43932982531757,-1.0777825029134016,92318.7659431984
2022-08-29T14:30:00Z,2022-08-29T14:30:00Z,2022-08-30T13:30:00Z,short,0,936,17.368263000000002,17.516079730525203,17.220446269474802,17.22216831410175,target,136.7446260007636,9.36,127.38462600076359,0.9206987965076797,92446.15056919918
2022-08-31T14:30:00Z,2022-08-31T14:30:00Z,2022-09-01T13:30:00Z,short,0,418,16.728327,17.059309053383462,16.39734494661654,16.398984681111198,target,137.66508929551927,4.18,133.48508929551926,0.9648327322413025,92579.63565849469
2022-09-01T14:30:00Z,2022-09-01T14:30:00Z,2022-09-02T14:15:00Z,short,0,341,16.318368,16.724630038810567,15.912105961189432,16.726302501814448,stop,-139.105665118727,3.41,-142.515665118727,-1.0287313651997996,92437.11999337596
2022-09-06T15:00:00Z,2022-09-06T15:00:00Z,2022-09-06T15:15:00Z,long,0,2353,16.681668,16.622765507932133,16.740570492067864,16.62110323138134,stop,-142.50890055970203,23.53,-166.03890055970203,-1.1979929225635426,92271.08109281627
2022-09-06T18:30:00Z,2022-09-06T18:30:00Z,2022-09-07T13:30:00Z,short,0,1371,16.568343,16.669291432076474,16.467394567923524,16.670958361219682,stop,-140.68566023218625,13.71,-154.39566023218626,-1.115573158524843,92116.68543258408
2022-09-07T16:00:00Z,2022-09-07T16:00:00Z,2022-09-07T19:45:00Z,long,0,691,16.811681,16.61187458255126,17.01148741744874,17.009786268706996,target,136.89074067653436,6.91,129.98074067653437,0.9414375729711149,92246.66617326062
2022-09-08T14:30:00Z,2022-09-08T14:30:00Z,2022-09-08T14:30:00Z,long,0,2662,16.891689,16.839710201733457,16.943667798266542,16.941973431486716,target,133.85715661763834,26.62,107.23715661763833,0.7750165996555191,92353.90332987826
2022-09-08T16:45:00Z,2022-09-08T16:45:00Z,2022-09-09T13:30:00Z,long,0,1385,17.011701000000002,16.91172442767405,17.111677572325956,17.109966404568723,target,136.09758532767893,13.85,122.24758532767893,0.882860879456335,92476.15091520594
2022-09-12T14:30:00Z,2022-09-12T14:30:00Z,2022-09-16T19:45:00Z,long,0,139,18.241823999999998,17.247803056619773,19.235844943380222,17.988201,weekend_close,-35.25359699999965,1.3900000000000001,-36.64359699999965,-0.26520869782032214,92439.50731820594
2022-09-19T18:00:00Z,2022-09-19T18:00:00Z,2022-09-19T19:00:00Z,short,0,1811,17.818218,17.894777552845984,17.74165844715402,17.89656703060127,stop,-141.89009441889388,18.11,-160.00009441889387,-1.1539909432203985,92279.50722378705
2022-09-20T15:45:00Z,2022-09-20T15:45:00Z,2022-09-21T13:30:00Z,short,0,754,17.688231000000002,17.871580796117147,17.504881203882857,17.87336795419676,stop,-139.5932634643549,7.54,-147.13326346435488,-1.064287816671914,92132.3739603227
2022-09-21T15:00:00Z,2022-09-21T15:00:00Z,2022-09-21T17:30:00Z,long,0,965,17.861786,17.71861391416103,18.004958085838968,18.003157590030384,target,136.42358437932143,9.65,126.77358437932142,0.9175782364318065,92259.14754470202
2022-09-21T18:30:00Z,2022-09-21T18:30:00Z,2022-09-21T18:30:00Z,long,0,1132,17.951795,17.829633174118083,18.07395682588192,18.07214943019933,target,136.24121498564284,11.32,124.92121498564285,0.9033462737041957,92384.06875968767
2022-09-22T18:45:00Z,2022-09-22T18:45:00Z,2022-09-23T13:30:00Z,long,0,1512,18.081808,17.990164979034375,18.173451020965622,17.988365962536474,stop,-141.2843606448501,15.120000000000001,-156.4043606448501,-1.128749755012199,92227.66439904281
2022-09-26T17:15:00Z,2022-09-26T17:15:00Z,2022-09-28T17:30:00Z,short,0,342,17.058294,17.462667639537052,16.653920360462948,17.464413906301004,stop,-138.8930079549435,3.42,-142.3130079549435,-1.0290480526312245,92085.35139108787
2022-09-29T16:00:00Z,2022-09-29T16:00:00Z,2022-09-29T16:00:00Z,short,0,2423,17.278272,17.3352657022734,17.221278297726602,17.336999228843627,stop,-142.29607548810586,24.23,-166.52607548810585,-1.2058740896308409,91918.82531559977
2022-10-03T15:45:00Z,2022-10-03T15:45:00Z,2022-10-07T19:45:00Z,long,0,113,18.811881,17.595594600434197,20.028167399565802,18.518148,weekend_close,-33.191828999999956,1.1300000000000001,-34.32182899999996,-0.24972161170956778,91884.50348659977
2022-10-11T14:30:00Z,2022-10-11T14:30:00Z,2022-10-12T15:00:00Z,short,0,368,17.808218999999998,18.182514484679714,17.43392351532028,17.435666907671813,target,137.09916997677203,3.68,133.41916997677203,0.968625343259001,92017.92265657654
2022-10-12T15:45:00Z,2022-10-12T15:45:00Z,2022-10-13T13:30:00Z,short,0,360,17.468253,17.85123512266516,17.085270877334843,17.086979404422575,target,137.2584944078733,3.6,133.6584944078733,0.9694280061788442,92151.58115098442
2022-10-13T15:00:00Z,2022-10-13T15:00:00Z,2022-10-14T16:00:00Z,short,0,351,17.178282,17.57200959398667,16.784554406013328,16.78623286145393,target,137.60924762967082,3.5100000000000002,134.09924762967083,0.9703387427780941,92285.68039861409
2022-10-17T15:45:00Z,2022-10-17T15:45:00Z,2022-10-19T13:45:00Z,long,0,438,17.231723,16.916050119561092,17.547395880438906,16.914358514549136,stop,-139.005644627478,4.38,-143.385644627478,-1.037037090407324,92142.29475398661
2022-10-19T14:30:00Z,2022-10-19T14:30:00Z,2022-10-20T14:00:00Z,short,0,879,17.048295,17.205421533319107,16.89116846668089,17.20714207547244,stop,-139.62657934027519,8.790000000000001,-148.41657934027518,-1.0745930168874114,91993.87817464634
2022-10-20T15:30:00Z,2022-10-20T15:30:00Z,2022-10-21T19:45:00Z,long,0,351,17.391739,16.99888235177717,17.784595648222833,17.748225,weekend_close,125.1265860000001,3.5100000000000002,121.6165860000001,0.8819654740918886,92115.49476064634
2022-10-24T17:00:00Z,2022-10-24T17:00:00Z,2022-10-25T14:00:00Z,long,0,918,17.731773,17.58141232696345,17.882133673036552,17.88034545966925,target,136.38951797637142,9.18,127.20951797637142,0.9216004216445857,92242.70427862271
2022-10-25T14:45:00Z,2022-10-25T14:45:00Z,2022-10-25T16:30:00Z,long,0,1463,17.761776,17.667218028254815,17.856333971745187,17.854548338348014,target,135.7259310031427,14.63,121.09593100314271,0.8753607635648877,92363.80020962586
2022-10-25T17:30:00Z,2022-10-25T17:30:00Z,2022-10-26T13:30:00Z,long,0,1097,17.841784,17.715564441044727,17.968003558955274,17.96620675859938,target,136.49176618351964,10.97,125.52176618351965,0.9065374617568237,92489.32197580938
2022-10-26T14:30:00Z,2022-10-26T14:30:00Z,2022-10-28T13:30:00Z,long,0,533,18.051805,17.79164729287124,18.311962707128764,17.789868128141954,stop,-139.6123527003393,5.33,-144.9423527003393,-1.0452770162348306,92344.37962310904
2022-10-31T18:00:00Z,2022-10-31T18:00:00Z,2022-10-31T18:15:00Z,short,0,4959,17.658234,17.686160891930857,17.630307108069143,17.68792950802005,stop,-147.26002427143374,49.59,-196.85002427143374,-1.4214080148385824,92147.5295988376
2022-11-01T15:45:00Z,2022-11-01T15:45:00Z,2022-11-02T18:30:00Z,long,0,355,18.081808,17.69320947783621,18.47040652216379,18.468559481511573,target,137.29677593660878,3.5500000000000003,133.74677593660877,0.9695134181513378,92281.27637477421
2022-11-03T15:00:00Z,2022-11-03T15:00:00Z,2022-11-04T13:30:00Z,short,0,681,17.89821,18.10135748458154,17.695062515418456,18.103167620329998,stop,-139.57613944472945,6.8100000000000005,-146.38613944472945,-1.0581357715198105,92134.89023532948
2022-11-08T16:00:00Z,2022-11-08T16:00:00Z,2022-11-11T20:45:00Z,long,0,213,19.791978999999998,19.14367484579698,20.440283154203016,19.938006,weekend_close,31.103751000000784,2.13,28.973751000000785,0.20981972600071686,92163.86398632948
2022-11-14T15:30:00Z,2022-11-14T15:30:00Z,2022-11-15T16:15:00Z,long,0,437,20.152015,19.836254130383786,20.46777586961621,19.834270504970746,stop,-138.85434432778334,4.37,-143.22434432778334,-1.0379515847787124,92020.6396420017
2022-11-15T16:45:00Z,2022-11-15T16:45:00Z,2022-11-17T14:30:00Z,short,0,326,19.768023,20.190841451386643,19.345204548613356,19.347139069068216,target,137.2081614837613,3.2600000000000002,133.9481614837613,0.9717738892053543,92154.58780348545
2022-11-17T16:00:00Z,2022-11-17T16:00:00Z,2022-11-18T20:45:00Z,short,0,225,19.188081,19.80220636688195,18.57395563311805,19.241923999999997,weekend_close,-12.11467499999932,2.25,-14.36467499999932,-0.10395760123725545,92140.22312848545
2022-11-21T15:45:00Z,2022-11-21T15:45:00Z,2022-11-22T14:30:00Z,short,0,900,19.148085,19.30160654603926,18.994563453960737,19.303536706693862,stop,-139.9065360244773,9.0,-148.9065360244773,-1.0777100085453237,91991.31659246098
2022-11-22T16:45:00Z,2022-11-22T16:45:00Z,2022-11-23T14:30:00Z,long,0,884,19.341934,19.185979192047515,19.49788880795248,19.495939019071688,target,136.14043685937372,8.84,127.30043685937372,0.9233765919904551,92118.61702932035
2022-11-23T19:45:00Z,2022-11-23T19:45:00Z,2022-11-28T14:30:00Z,long,0,434,19.821982,19.504097293346693,20.139866706653304,19.502146883617357,stop,-138.80844051006648,4.34,-143.14844051006648,-1.0375935346344585,91975.46858881028
2022-11-28T16:45:00Z,2022-11-28T16:45:00Z,2022-11-29T15:15:00Z,short,0,368,19.308069,19.682631067120315,18.933506932879684,19.684599330227027,stop,-138.5631615235459,3.68,-142.2431615235459,-1.031952683299526,91833.22542728674
2022-11-29T16:45:00Z,2022-11-29T16:45:00Z,2022-11-30T14:30:00Z,long,0,559,19.601960000000002,19.355730472554132,19.84818952744587,19.846204708493126,target,136.53279204765624,5.59,130.94279204765624,0.9513266378851314,91964.1682193344
2022-11-30T16:00:00Z,2022-11-30T16:00:00Z,2022-11-30T19:15:00Z,long,0,360,19.921992000000003,19.539167114364727,20.30481688563528,20.302786403946715,target,137.08598542081646,3.6,133.48598542081646,0.9685744523410483,92097.65420475522
2022-11-30T19:45:00Z,2022-11-30T19:45:00Z,2022-12-01T14:45:00Z,long,0,258,20.322032,19.788501465578186,20.855562534421814,20.853476978168374,target,137.11280436744033,2.58,134.53280436744032,0.9773479576636829,92232.18700912266
2022-12-05T17:00:00Z,2022-12-05T17:00:00Z,2022-12-08T14:30:00Z,short,0,196,20.447955,21.150329742617213,19.745580257382787,21.152444775591476,stop,-138.0799960159293,1.96,-140.03999601592932,-1.0172486740185445,92092.14701310673
2022-12-08T15:30:00Z,2022-12-08T15:30:00Z,2022-12-09T20:45:00Z,long,0,267,21.332133,20.815505614368412,21.848760385631586,21.547845000000002,weekend_close,57.59510400000092,2.67,54.92510400000092,0.39818253101026885,92147.07211710673
2022-12-12T17:00:00Z,2022-12-12T17:00:00Z,2022-12-13T14:30:00Z,short,0,771,21.387861,21.566909952436426,21.208812047563576,21.56906664343167,stop,-139.70955108581552,7.71,-147.41955108581553,-1.0678959068445772,91999.65256602092
2022-12-13T15:45:00Z,2022-12-13T15:45:00Z,2022-12-15T15:00:00Z,long,0,280,21.882188,21.389378722773742,22.374997277226257,21.387239784901464,stop,-138.5855002275899,2.8000000000000003,-141.38550022758992,-1.0246321212551055,91858.26706579332
2022-12-15T16:45:00Z,2022-12-15T16:45:00Z,2022-12-16T20:45:00Z,short,0,182,21.157884,21.913525773283823,20.402242226716176,21.372137000000002,weekend_close,-38.99404600000053,1.82,-40.81404600000053,-0.29677157606766164,91817.45301979332
2022-12-19T17:00:00Z,2022-12-19T17:00:00Z,2022-12-20T14:30:00Z,short,0,915,21.167883000000003,21.31830367451472,21.017462325485287,21.32043550488217,stop,-139.58554196718217,9.15,-148.73554196718217,-1.0806526789391764,91668.71747782614
2022-12-20T16:45:00Z,2022-12-20T16:45:00Z,2022-12-23T20:45:00Z,long,0,165,22.042203999999998,21.212992048763052,22.871415951236944,21.847815,weekend_close,-32.07418499999959,1.6500000000000001,-33.724184999999586,-0.24648583476770664,91634.99329282614
2022-12-27T16:00:00Z,2022-12-27T16:00:00Z,2022-12-28T15:15:00Z,long,0,341,22.20222,21.79944208798834,22.60499791201166,21.79726214377954,stop,-138.09062897117667,3.41,-141.50062897117667,-1.0302398514058673,91493.49266385497
2022-12-28T16:45:00Z,2022-12-28T16:45:00Z,2022-12-29T14:30:00Z,short,0,341,21.69783,22.100117541350823,21.295542458649177,22.102327553104956,stop,-137.9336656087902,3.41,-141.3436656087902,-1.0303514538708656,91352.14899824618
2022-12-29T16:45:00Z,2022-12-29T16:45:00Z,2022-12-30T14:45:00Z,long,0,455,22.052205,21.751260949004376,22.353149050995626,21.749085822909475,stop,-137.9192255761893,4.55,-142.4692255761893,-1.0404564438294146,91209.67977266999
2023-01-04T19:45:00Z,2023-01-04T19:45:00Z,2023-01-05T14:30:00Z,short,0,469,21.857814,22.149191001278336,21.566436998721667,21.56859364242154,target,135.64434770429835,4.69,130.95434770429836,0.9582786436591104,91340.63412037429
2023-01-05T15:30:00Z,2023-01-05T15:30:00Z,2023-01-06T20:45:00Z,short,0,217,21.377862,22.008134737684546,20.747589262315454,21.942194,weekend_close,-122.46004400000007,2.17,-124.63004400000007,-0.9112436024282803,91216.00407637429
2023-01-09T15:45:00Z,2023-01-09T15:45:00Z,2023-01-09T17:15:00Z,long,0,1004,21.982198,21.84594231925648,22.11845368074352,21.843757725024556,stop,-138.9940360753461,10.040000000000001,-149.03403607534608,-1.089424486123697,91066.97004029894
2023-01-09T19:00:00Z,2023-01-09T19:00:00Z,2023-01-10T17:00:00Z,short,0,951,21.79782,21.941427052381915,21.65421294761809,21.65637836891285,target,134.5109911638805,9.51,125.0009911638805,0.9152867418905775,91191.97103146282
2023-01-10T17:30:00Z,2023-01-10T17:30:00Z,2023-01-11T14:30:00Z,short,0,1055,21.69783,21.827471454363504,21.568188545636495,21.82965420150894,stop,-139.07453259193278,10.55,-149.6245325919328,-1.093972620141063,91042.34649887089
2023-01-11T16:30:00Z,2023-01-11T16:30:00Z,2023-01-12T14:30:00Z,short,0,442,21.437856,21.746213154421543,21.129498845578457,21.748387775736987,stop,-137.25504487574815,4.42,-141.67504487574814,-1.0394822080203794,90900.67145399514
2023-01-12T16:45:00Z,2023-01-12T16:45:00Z,2023-01-13T17:30:00Z,long,0,398,21.922192000000003,21.58045704824639,22.263926951753614,22.26170055905844,target,135.12440650525804,3.98,131.14440650525805,0.9642225864447441,91031.8158605004
2023-01-17T17:00:00Z,2023-01-17T17:00:00Z,2023-01-18T14:30:00Z,short,0,881,22.057793999999998,22.212713597383903,21.902874402616092,22.21493486874364,stop,-138.44110536314898,8.81,-147.25110536314898,-1.078887833212292,90884.56475513725
2023-01-18T18:30:00Z,2023-01-18T18:30:00Z,2023-01-20T20:45:00Z,short,0,305,21.637836,22.084532500083398,21.191139499916602,22.012201,weekend_close,-114.18132500000029,3.0500000000000003,-117.23132500000028,-0.8604611854541958,90767.33343013725
2023-01-23T16:45:00Z,2023-01-23T16:45:00Z,2023-01-25T18:15:00Z,short,0,247,21.377862,21.928860649778173,20.826863350221828,21.93105353584315,stop,-136.63830935325834,2.47,-139.10830935325833,-1.022128704071938,90628.22512078399
2023-01-25T18:30:00Z,2023-01-25T18:30:00Z,2023-01-26T14:30:00Z,long,0,605,21.922192000000003,21.697572656637956,22.14681134336205,22.144596662227713,target,134.5548206477646,6.05,128.50482064776457,0.9456205287064304,90756.72994143175
2023-01-26T15:30:00Z,2023-01-26T15:30:00Z,2023-01-26T15:45:00Z,long,0,779,22.0022,21.827530003385974,22.176869996614023,21.825347250385636,stop,-137.76829194958793,7.79,-145.55829194958793,-1.0697472561773604,90611.17164948216
2023-01-26T18:00:00Z,2023-01-26T18:00:00Z,2023-01-26T18:00:00Z,long,0,3839,21.932192999999998,21.896791460373564,21.967594539626432,21.96539778017247,target,127.4731510821199,38.39,89.0831510821199,0.6554737567160748,90700.25480056427
2023-01-30T18:00:00Z,2023-01-30T18:00:00Z,2023-01-30T18:30:00Z,long,0,3127,21.762176,21.718680627727977,21.805671372272023,21.716508759665203,stop,-142.80146052691114,31.27,-174.07146052691115,-1.279842829868211,90526.18334003736
2023-01-31T17:45:00Z,2023-01-31T17:45:00Z,2023-02-01T14:45:00Z,long,0,1135,21.812181,21.692584968596073,21.931777031403925,21.690415710099213,stop,-138.20360403739204,11.35,-149.55360403739203,-1.1017530293773632,90376.62973599996
2023-02-01T17:45:00Z,2023-02-01T17:45:00Z,2023-02-01T19:30:00Z,short,0,676,21.567843,21.768258403038683,21.367427596961317,21.770435228878988,stop,-136.95234672219578,6.76,-143.71234672219578,-1.0607579340493838,90232.91738927776
2023-02-02T15:30:00Z,2023-02-02T15:30:00Z,2023-02-02T16:15:00Z,long,0,536,21.922192000000003,21.6700446747733,22.174339325226704,21.667877670305824,stop,-136.3124807160797,5.36,-141.67248071607972,-1.0482535535784008,90091.24490856168
2023-02-02T18:30:00Z,2023-02-02T18:30:00Z,2023-02-03T14:30:00Z,short,0,547,21.647834999999997,21.894739978647785,21.40093002135221,21.403070114354346,target,133.8863924481711,5.47,128.4163924481711,0.950830910463517,90219.66130100985
2023-02-06T18:15:00Z,2023-02-06T18:15:00Z,2023-02-09T14:30:00Z,short,0,552,20.407959,20.653023139175566,20.162894860824437,20.655088441489482,stop,-136.41545170219334,5.5200000000000005,-141.93545170219335,-1.0492332429971425,90077.72584930765
2023-02-09T17:45:00Z,2023-02-09T17:45:00Z,2023-02-10T20:45:00Z,short,0,551,20.29797,20.542804302682306,20.053135697317693,20.252025,weekend_close,25.315694999999824,5.51,19.805694999999822,0.14681357802481362,90097.53154430765
2023-02-13T15:30:00Z,2023-02-13T15:30:00Z,2023-02-13T16:00:00Z,short,0,2037,20.217978,20.284307920832454,20.151648079167543,20.15366324397546,target,131.00915802198855,20.37,110.63915802198855,0.8188575433662217,90208.17070232965
2023-02-14T16:00:00Z,2023-02-14T16:00:00Z,2023-02-16T14:30:00Z,short,0,584,19.948005,20.17969047999751,19.716319520002486,19.718291151954485,target,134.1528872585797,5.84,128.3128872585797,0.9483280870595435,90336.48358958823
2023-02-16T15:45:00Z,2023-02-16T15:45:00Z,2023-02-16T16:30:00Z,short,0,1771,19.848015,19.924506034787175,19.771523965212825,19.926498485390653,stop,-138.99425262684542,17.71,-156.70425262684543,-1.1567824338740467,90179.77933696138
2023-02-16T19:00:00Z,2023-02-16T19:00:00Z,2023-02-16T20:30:00Z,long,0,1373,19.971996999999998,19.87347877694345,20.070515223056546,19.871491429065756,stop,-137.9941488927145,13.73,-151.72414889271448,-1.1216764523941305,90028.05518806867
2023-02-21T15:30:00Z,2023-02-21T15:30:00Z,2023-02-22T15:00:00Z,long,0,618,20.162016,19.94356127111893,20.380470728881072,19.941566914991817,stop,-136.23753453505768,6.18,-142.41753453505768,-1.0549054542721448,89885.63765353362
2023-02-22T16:45:00Z,2023-02-22T16:45:00Z,2023-02-23T15:45:00Z,short,0,679,19.888011000000002,20.086334406221017,19.689687593778988,19.691656562538366,target,133.32466303645094,6.79,126.53466303645094,0.9396492376394551,90012.17231657007
2023-02-23T16:45:00Z,2023-02-23T16:45:00Z,2023-02-24T14:30:00Z,short,0,559,19.628037,19.86945072398941,19.38662327601059,19.38856193833819,target,133.86655946895203,5.59,128.27655946895203,0.9505468780717555,90140.44887603902
2023-02-27T15:45:00Z,2023-02-27T15:45:00Z,2023-02-28T17:15:00Z,short,0,523,18.988101,19.246142592031312,18.73005940796869,19.248067206290514,stop,-135.96232588993877,5.23,-141.19232588993876,-1.0462119853056688,89999.25655014909
2023-03-01T16:00:00Z,2023-03-01T16:00:00Z,2023-03-02T14:30:00Z,long,0,574,19.421942,19.186994959143906,19.656889040856097,19.185076259647992,stop,-135.9609349620531,5.74,-141.7009349620531,-1.0507293024525204,89857.55561518704
2023-03-02T16:45:00Z,2023-03-02T16:45:00Z,2023-03-02T17:15:00Z,short,0,1286,19.188081,19.29288960679832,19.083272393201682,19.085180720441002,target,132.32975951287165,12.86,119.46975951287165,0.886380254417127,89977.02537469991
2023-03-02T17:45:00Z,2023-03-02T17:45:00Z,2023-03-03T14:30:00Z,short,0,868,19.108089,19.263571089477605,18.952606910522395,19.26549744658655,stop,-136.63053163712632,8.68,-145.31053163712633,-1.0767056652571159,89831.71484306279
2023-03-06T19:15:00Z,2023-03-06T19:15:00Z,2023-03-07T14:30:00Z,short,0,997,19.29807,19.433221775643247,19.16291822435675,19.164834516179187,target,132.83577736934942,9.97,122.86577736934942,0.9118302977099557,89954.58062043214
2023-03-07T15:30:00Z,2023-03-07T15:30:00Z,2023-03-10T20:45:00Z,short,0,212,18.738125999999998,19.374430439305605,18.10182156069439,18.871887,weekend_close,-28.35733200000071,2.12,-30.47733200000071,-0.22593115986568973,89924.10328843215
2023-03-14T16:00:00Z,2023-03-14T16:00:00Z,2023-03-15T13:30:00Z,long,0,567,20.10201,19.86412754482366,20.33989245517634,20.33785846593082,target,133.72608018277595,5.67,128.05608018277596,0.949412035298704,90052.15936861493
2023-03-16T16:30:00Z,2023-03-16T16:30:00Z,2023-03-17T13:30:00Z,short,0,589,19.828017,20.05708358445146,19.59895041554854,20.059089292809904,stop,-136.10158046503426,5.89,-141.99158046503425,-1.052411434811393,89910.16778814989
2023-03-20T16:45:00Z,2023-03-20T16:45:00Z,2023-03-21T14:00:00Z,long,0,699,20.70207,20.50937687991694,20.89476312008306,20.50732594222895,stop,-136.1260963819641,6.99,-143.1160963819641,-1.0625395327181142,89767.05169176792
2023-03-21T16:00:00Z,2023-03-21T16:00:00Z,2023-03-22T14:00:00Z,short,0,632,20.447955,20.66093211555741,20.23497788444259,20.66299820876897,stop,-135.90730794198777,6.32,-142.22730794198776,-1.056654411813105,89624.82438382594
2023-03-22T15:15:00Z,2023-03-22T15:15:00Z,2023-03-22T18:45:00Z,long,0,403,20.832082999999997,20.498896587406204,21.16526941259379,21.163152885652533,target,133.42116391797185,4.03,129.39116391797185,0.9636343905895417,89754.21554774391
2023-03-27T14:30:00Z,2023-03-27T14:30:00Z,2023-03-28T14:30:00Z,short,0,1204,21.177882,21.28961798620374,21.06614601379626,21.29174694800236,stop,-137.09339739484,12.040000000000001,-149.13339739484,-1.1085501834342104,89605.08215034907
2023-03-28T14:45:00Z,2023-03-28T14:45:00Z,2023-03-28T17:15:00Z,long,0,960,21.292129,21.152131574666868,21.43212642533313,21.429983212690598,target,132.34004418297445,9.6,122.74004418297446,0.9132611716705669,89727.82219453205
2023-03-29T16:00:00Z,2023-03-29T16:00:00Z,2023-03-29T16:00:00Z,long,0,4963,21.382137999999998,21.35502071188918,21.409255288110817,21.407114362582007,target,123.95768749451273,49.63,74.32768749451273,0.5522809847653661,89802.14988202657
2023-03-29T18:00:00Z,2023-03-29T18:00:00Z,2023-03-30T13:30:00Z,long,0,1099,21.50215,21.379661782289592,21.62463821771041,21.622475753888637,target,132.23800352361118,10.99,121.24800352361119,0.9007050306623997,89923.39788555018
2023-03-30T15:00:00Z,2023-03-30T15:00:00Z,2023-03-30T16:30:00Z,long,0,531,21.692169,21.438540687854722,21.945797312145277,21.943602732414064,target,133.51131191186803,5.3100000000000005,128.20131191186803,0.9519194855335058,90051.59919746204
2023-04-03T15:45:00Z,2023-04-03T15:45:00Z,2023-04-03T16:00:00Z,long,0,2815,22.092209,22.044239784645264,22.140178215354737,22.042035360666798,stop,-141.23879472296477,28.150000000000002,-169.38879472296478,-1.2544220056178255,89882.21040273907
2023-04-03T18:15:00Z,2023-04-03T18:15:00Z,2023-04-04T13:30:00Z,short,0,1268,21.977802,22.084096516041,21.871507483959,22.086304925692605,stop,-137.581709778223,12.68,-150.261709778223,-1.1148545579425335,89731.94869296085
2023-04-04T15:30:00Z,2023-04-04T15:30:00Z,2023-04-13T13:30:00Z,long,0,176,22.772277,22.00921538051694,23.535338619483056,23.532985085621107,target,133.88462306931496,1.76,132.12462306931496,0.9838105684435832,89864.07331603018
2023-04-13T14:30:00Z,2023-04-13T14:30:00Z,2023-04-14T14:45:00Z,long,0,285,23.70237,23.230329595629726,24.17441040437027,23.228006562670164,stop,-135.19357963900293,2.85,-138.04357963900293,-1.0261058859484757,89726.02973639117
2023-04-17T15:00:00Z,2023-04-17T15:00:00Z,2023-04-20T14:00:00Z,short,0,282,22.877712,23.3537492829709,22.4016747170291,23.356084657899196,stop,-134.90108952757348,2.82,-137.72108952757347,-1.0259126235897176,89588.30864686359
2023-04-20T17:30:00Z,2023-04-20T17:30:00Z,2023-04-20T17:30:00Z,short,0,13641,23.237676,23.24752718517256,23.22782481482744,23.24985193789108,stop,-166.09196877221564,136.41,-302.5019687722156,-2.251093396645005,89285.80667809138
2023-04-24T16:30:00Z,2023-04-24T16:30:00Z,2023-04-25T13:30:00Z,long,0,1164,23.112311,22.997303455511418,23.22731854448858,22.995003725165866,stop,-136.54566790693036,11.64,-148.18566790693035,-1.10694716072973,89137.62101018445
2023-04-25T15:45:00Z,2023-04-25T15:45:00Z,2023-04-26T13:30:00Z,short,0,320,22.667733000000002,23.084702288354226,22.250763711645778,23.087010758583062,stop,-134.16888274657936,3.2,-137.36888274657935,-1.029518889214642,89000.25212743787
2023-04-26T18:00:00Z,2023-04-26T18:00:00Z,2023-04-27T13:30:00Z,short,0,720,22.767723,22.953009611803527,22.582436388196474,22.584694631835294,target,131.78042507858834,7.2,124.58042507858833,0.9338417194879741,89124.83255251645
2023-04-27T15:00:00Z,2023-04-27T15:00:00Z,2023-04-27T15:00:00Z,short,0,5622,22.817718,22.84149495132775,22.79394104867225,22.796220442777116,target,120.85926670704848,56.22,64.63926670704848,0.4835589333719162,89189.4718192235
2023-04-27T17:30:00Z,2023-04-27T17:30:00Z,2023-04-28T13:45:00Z,long,0,1131,22.912291,22.794097828723096,23.030484171276903,22.791818418940224,stop,-136.25448917860638,11.31,-147.56448917860638,-1.103892717745122,89041.9073300449
2023-05-01T14:30:00Z,2023-05-01T14:30:00Z,2023-05-01T15:00:00Z,long,0,524,23.182318,22.927863722269592,23.436772277730405,22.925570935897365,stop,-134.53546158977983,5.24,-139.77546158977984,-1.048310393843136,88902.13186845511
2023-05-01T17:15:00Z,2023-05-01T17:15:00Z,2023-05-02T13:30:00Z,short,0,789,22.907709,23.076597562311605,22.738820437688396,22.741094319732166,target,131.4589827313211,7.890000000000001,123.5689827313211,0.9273255578958357,89025.70085118643
2023-05-02T16:45:00Z,2023-05-02T16:45:00Z,2023-05-04T13:45:00Z,long,0,373,23.282328,22.92450338683085,23.64015261316915,23.637788597907832,target,132.5868030196215,3.73,128.8568030196215,0.9654467166140053,89154.55765420604
2023-05-04T14:45:00Z,2023-05-04T14:45:00Z,2023-05-05T13:30:00Z,long,0,245,23.842384,23.297963425627362,24.386804574372636,23.2956336292848,stop,-133.9538408252236,2.45,-136.4038408252236,-1.0226475576474485,89018.15381338082
2023-05-09T16:45:00Z,2023-05-09T16:45:00Z,2023-05-09T16:45:00Z,short,0,4397,23.477652,23.508018838587297,23.4472851614127,23.510369640471154,stop,-143.859465151669,43.97,-187.829465151669,-1.4067200426001223,88830.32434822916
2023-05-09T18:30:00Z,2023-05-09T18:30:00Z,2023-05-10T14:15:00Z,long,0,1250,23.572357,23.46578738059487,23.678926619405132,23.46344080185681,stop,-136.14524767898928,12.5,-148.64524767898928,-1.1158545822625399,88681.67910055017
2023-05-10T16:45:00Z,2023-05-10T16:45:00Z,2023-05-11T13:30:00Z,short,0,716,23.337666,23.523288262176955,23.152043737823043,23.154358942196826,target,131.24785338707187,7.16,124.08785338707187,0.9336544861087683,88805.76695393724
2023-05-11T14:45:00Z,2023-05-11T14:45:00Z,2023-05-12T19:45:00Z,short,0,137,22.407759,23.37854803876679,21.436969961233206,22.032203000000003,weekend_close,51.45117199999945,1.37,50.081171999999455,0.3765555495603527,88855.84812593725
2023-05-15T18:00:00Z,2023-05-15T18:00:00Z,2023-05-16T13:30:00Z,long,0,2257,22.142214,22.08317929890811,22.201248701091888,22.08097098097822,stop,-138.22549393215917,22.57,-160.79549393215916,-1.2067990131920745,88695.05263200508
2023-05-16T15:00:00Z,2023-05-16T15:00:00Z,2023-05-17T14:00:00Z,short,0,519,21.867813,22.12388627704918,21.611739722950823,21.613900896923116,target,131.78038149690352,5.19,126.59038149690352,0.9525090079197995,88821.64301350199
2023-05-17T14:45:00Z,2023-05-17T14:45:00Z,2023-05-17T14:45:00Z,short,0,2714,21.827817,21.876901649933995,21.778732350066004,21.78091022330101,target,127.3049919610574,27.14,100.1649919610574,0.7519005788697385,88921.80800546306
2023-05-17T15:15:00Z,2023-05-17T15:15:00Z,2023-05-18T13:30:00Z,short,0,921,21.727827,21.872537500535472,21.58311649946453,21.585274811114477,target,131.29056596356793,9.21,122.08056596356792,0.9159818285130856,89043.88857142662
2023-05-18T15:45:00Z,2023-05-18T15:45:00Z,2023-05-19T15:00:00Z,short,0,438,21.49785,21.80219161780433,21.19350838219567,21.80437183696611,stop,-134.2565645911557,4.38,-138.6365645911557,-1.0400215364880214,88905.25200683546
2023-05-22T16:30:00Z,2023-05-22T16:30:00Z,2023-05-22T17:30:00Z,short,0,2166,21.787821,21.849388748967886,21.726253251032116,21.728425876357218,target,128.6498378102689,21.66,106.98983781026891,0.8022889332619386,89012.24184464573
2023-05-22T18:45:00Z,2023-05-22T18:45:00Z,2023-05-23T13:30:00Z,short,0,1552,21.717828,21.80385566264057,21.631800337359433,21.63396351739317,target,130.15767700580187,15.52,114.63767700580188,0.8586131523233904,89126.87952165153
2023-05-24T17:15:00Z,2023-05-24T17:15:00Z,2023-05-25T15:00:00Z,short,0,510,21.217878,21.479971208799533,20.955784791200465,20.957880369679586,target,132.59879146341063,5.1000000000000005,127.49879146341064,0.953850088163205,89254.37831311494
2023-05-25T15:45:00Z,2023-05-25T15:45:00Z,2023-05-26T13:30:00Z,short,0,431,20.957904000000003,21.268057008289784,20.64775099171022,21.270183813990613,stop,-134.592599829953,4.3100000000000005,-138.902599829953,-1.039099429561228,89115.47571328499
2023-05-31T15:15:00Z,2023-05-31T15:15:00Z,2023-06-01T15:30:00Z,long,0,400,21.612161,21.27807892675887,21.94624307324113,21.944048448933806,target,132.7549795735223,4.0,128.7549795735223,0.9634981183245847,89244.23069285852
2023-06-05T14:30:00Z,2023-06-05T14:30:00Z,2023-06-06T13:45:00Z,short,0,841,21.607839,21.76694778018512,21.448730219814877,21.450875092836856,target,132.00664592420253,8.41,123.59664592420253,0.9236693725648008,89367.82733878272
2023-06-06T15:45:00Z,2023-06-06T15:45:00Z,2023-06-06T16:00:00Z,short,0,2915,21.607839,21.653813183549797,21.5618648164502,21.655978564868153,stop,-140.3268315906714,29.150000000000002,-169.4768315906714,-1.264613319455229,89198.35050719205
2023-06-06T18:15:00Z,2023-06-06T18:15:00Z,2023-06-07T13:30:00Z,long,0,1536,21.672167,21.58509983064718,21.759234169352823,21.757058245935887,target,130.39295375752044,15.36,115.03295375752045,0.8601548263548701,89313.38346094957
2023-06-07T14:30:00Z,2023-06-07T14:30:00Z,2023-06-07T15:45:00Z,long,0,643,21.832182999999997,21.62411649005305,22.040249509946943,21.621954078404045,stop,-135.17719658619734,6.43,-141.60719658619735,-1.0584544415730717,89171.77626436338
2023-06-07T18:00:00Z,2023-06-07T18:00:00Z,2023-06-08T13:30:00Z,short,0,826,21.567843,21.729631179250834,21.406054820749166,21.73180414236876,stop,-135.43190359659496,8.26,-143.69190359659495,-1.0752401267774452,89028.08436076678
2023-06-08T15:45:00Z,2023-06-08T15:45:00Z,2023-06-09T19:45:00Z,long,0,227,22.212221,21.624885101725607,22.799556898274393,22.277772000000002,weekend_close,14.880077000000636,2.27,12.610077000000636,0.09458131226647813,89040.69443776678
2023-06-12T15:00:00Z,2023-06-12T15:00:00Z,2023-06-13T19:00:00Z,short,0,432,21.9978,22.306603244617552,21.68899675538245,21.69116565505799,target,132.46603701494905,4.32,128.14603701494906,0.9605933555179781,89168.84047478173
2023-06-14T16:00:00Z,2023-06-14T16:00:00Z,2023-06-15T13:30:00Z,long,0,612,22.052205,21.833961490399556,22.270448509600445,21.831778094250517,stop,-134.90126631868426,6.12,-141.02126631868427,-1.055824781095871,89027.81920846304
2023-06-15T15:30:00Z,2023-06-15T15:30:00Z,2023-06-16T13:30:00Z,short,0,682,21.807819,22.00339791718169,21.612240082818307,22.005598256973407,stop,-134.88545325586458,6.82,-141.70545325586457,-1.0623806490368422,88886.11375520717
2023-06-20T15:45:00Z,2023-06-20T15:45:00Z,2023-06-23T19:45:00Z,short,0,158,21.207879000000002,22.047466402388988,20.368291597611016,20.572057,weekend_close,100.45987600000015,1.58,98.87987600000015,0.7453923179638822,88984.99363120718
2023-06-26T15:00:00Z,2023-06-26T15:00:00Z,2023-06-29T13:30:00Z,long,0,353,20.922092000000003,20.544913067357292,21.299270932642713,20.542858576050556,stop,-133.86939865415488,3.5300000000000002,-137.39939865415488,-1.0319596092556835,88847.59423255302
2023-06-29T18:45:00Z,2023-06-29T18:45:00Z,2023-06-30T13:30:00Z,short,0,1881,20.727927,20.79874395959074,20.65711004040926,20.6591757514133,target,129.32109859158334,18.81,110.51109859158333,0.829621165978194,88958.1053311446
2023-07-03T14:30:00Z,2023-07-03T14:30:00Z,2023-07-05T13:30:00Z,long,0,611,21.062106,20.843816682791143,21.280395317208857,21.278267277677138,target,132.07454066073117,6.11,125.96454066073117,0.9444405265141071,89084.06987180533
2023-07-05T14:30:00Z,2023-07-05T14:30:00Z,2023-07-06T13:30:00Z,long,0,436,21.272126999999998,20.96624970931512,21.578004290684873,20.96415308434419,stop,-134.27662722593215,4.36,-138.63662722593216,-1.039547313054352,88945.4332445794
2023-07-06T15:45:00Z,2023-07-06T15:45:00Z,2023-07-07T14:30:00Z,short,0,348,20.827917,21.210483957045014,20.445350042954985,21.212605005440718,stop,-133.8714258933701,3.48,-137.35142589337008,-1.0316834691875332,88808.08181868603
2023-07-10T18:00:00Z,2023-07-10T18:00:00Z,2023-07-11T16:00:00Z,long,0,1293,21.232123,21.12914763630672,21.335098363693284,21.12703472154309,stop,-135.87914404478613,12.93,-148.80914404478614,-1.1176292496495348,88659.27267464124
2023-07-11T17:30:00Z,2023-07-11T17:30:00Z,2023-07-12T13:30:00Z,short,0,2638,21.177882,21.228290869827397,21.127473130172604,21.23041369891438,stop,-138.5786217361316,26.38,-164.9586217361316,-1.2404899996467185,88494.3140529051
2023-07-12T14:45:00Z,2023-07-12T14:45:00Z,2023-07-14T13:30:00Z,long,0,160,22.012201,21.186386951670507,22.838015048329495,22.83573124682466,target,131.76483949194562,1.6,130.16483949194563,0.9851252209505486,88624.47889239705
2023-07-17T15:45:00Z,2023-07-17T15:45:00Z,2023-07-17T17:15:00Z,short,0,2415,22.79772,22.852763009766452,22.74267699023355,22.744951257932573,target,127.4365120928394,24.150000000000002,103.28651209283939,0.777005876838818,88727.76540448988
2023-07-17T18:15:00Z,2023-07-17T18:15:00Z,2023-07-18T13:30:00Z,short,0,7329,22.79772,22.815879375947777,22.779560624052227,22.818160963885372,stop,-149.81182431587982,73.29,-223.1018243158798,-1.6763221364498664,88504.663580174
2023-07-18T15:00:00Z,2023-07-18T15:00:00Z,2023-07-20T14:30:00Z,long,0,553,23.022302,22.78261447246941,23.261989527530588,22.780336211022163,stop,-133.80708130474352,5.53,-139.33708130474352,-1.0512261174945008,88365.32649886927
2023-07-20T16:15:00Z,2023-07-20T16:15:00Z,2023-07-21T19:45:00Z,short,0,400,22.737726,23.0689099173211,22.406542082678897,22.572257,weekend_close,66.18759999999924,4.0,62.187599999999236,0.46943402704323317,88427.51409886927
2023-07-25T15:45:00Z,2023-07-25T15:45:00Z,2023-07-26T18:30:00Z,long,0,531,22.652265,22.402809751649475,22.901720248350525,22.89943007632569,target,131.2446555289412,5.3100000000000005,125.93465552894119,0.9507319565088246,88553.44875439821
2023-07-27T15:45:00Z,2023-07-27T15:45:00Z,2023-07-28T19:45:00Z,short,0,248,22.217778,22.752585129632273,21.682970870367726,22.322232,weekend_close,-25.90459200000012,2.48,-28.384592000000122,-0.21400986198276295,88525.06416239821
2023-07-31T15:45:00Z,2023-07-31T15:45:00Z,2023-08-01T13:30:00Z,long,0,289,22.782278,22.32285245835321,23.241703541646793,22.320620173107375,stop,-133.41911197196896,2.89,-136.30911197196895,-1.0266251745647164,88388.75505042623
2023-08-01T15:45:00Z,2023-08-01T15:45:00Z,2023-08-03T13:30:00Z,short,0,272,22.167783000000004,22.654950698462383,21.680615301537625,21.682783363067777,target,131.91990124556554,2.72,129.19990124556554,0.9750228482541883,88517.9549516718
2023-08-03T14:45:00Z,2023-08-03T14:45:00Z,2023-08-04T19:45:00Z,short,0,655,21.677832,21.88024778907714,21.47541621092286,21.662166,weekend_close,10.261229999999681,6.55,3.7112299999996816,0.027991887519408003,88521.6661816718
2023-08-07T14:30:00Z,2023-08-07T14:30:00Z,2023-08-08T13:30:00Z,short,0,397,21.347865000000002,21.681925442831425,21.01380455716858,21.015905937624296,target,131.7877477631552,3.97,127.81774776315521,0.9637748775247144,88649.48392943495
2023-08-08T14:30:00Z,2023-08-08T14:30:00Z,2023-08-11T19:45:00Z,short,0,315,20.907909,21.32941011089136,20.48640788910864,20.80208,weekend_close,33.336134999999985,3.15,30.186134999999986,0.2273517139666557,88679.67006443495
2023-08-14T14:30:00Z,2023-08-14T14:30:00Z,2023-08-15T13:30:00Z,short,0,1070,20.707929,20.832237626637156,20.583620373362844,20.58567873540018,target,130.80778312180792,10.700000000000001,120.10778312180791,0.9029965790505252,88799.77784755676
2023-08-16T18:15:00Z,2023-08-16T18:15:00Z,2023-08-17T13:30:00Z,short,0,991,20.59794,20.732217149899867,20.463662850100135,20.734290371614858,stop,-135.1232182703227,9.91,-145.0332182703227,-1.0899127046112753,88654.74462928643
2023-08-17T15:45:00Z,2023-08-17T15:45:00Z,2023-08-18T19:45:00Z,long,0,825,20.822082,20.6610486845267,20.983115315473302,20.867913,weekend_close,37.81057499999978,8.25,29.56057499999978,0.2225067520636159,88684.30520428643
2023-08-21T14:45:00Z,2023-08-21T14:45:00Z,2023-08-21T16:00:00Z,long,0,599,21.042104,20.820391332677666,21.26381666732233,21.2616902856556,target,131.53218510770554,5.99,125.54218510770555,0.9453058690187466,88809.84738939414
2023-08-21T16:30:00Z,2023-08-21T16:30:00Z,2023-08-23T13:30:00Z,long,0,345,21.292129,20.906409299161126,21.677848700838872,21.675680915968787,target,132.32541100923174,3.45,128.87541100923175,0.9684543339538463,88938.72280040337
2023-08-23T14:30:00Z,2023-08-23T14:30:00Z,2023-08-25T19:45:00Z,long,0,167,22.20222,21.40363063401282,23.00080936598718,22.217778,weekend_close,2.598185999999771,1.67,0.928185999999771,0.006959772114080284,88939.65098640337
2023-08-28T15:45:00Z,2023-08-28T15:45:00Z,2023-08-29T14:00:00Z,long,0,780,22.332233,22.16130642784405,22.503159572155948,22.50090925619873,target,131.56747983501168,7.8,123.76747983501168,0.9283299500908544,89063.41846623838
2023-08-29T16:00:00Z,2023-08-29T16:00:00Z,2023-09-01T14:15:00Z,long,0,271,22.712271,22.220427953216728,23.204114046783275,22.218205910421407,stop,-133.89163927579906,2.71,-136.60163927579907,-1.0248494776438437,88926.81682696257
2023-09-05T14:30:00Z,2023-09-05T14:30:00Z,2023-09-06T13:30:00Z,short,0,241,21.717828,22.270534326329248,21.165121673670754,21.16723818583812,target,132.69214521301342,2.41,130.28214521301342,0.978077847872963,89057.09897217559
2023-09-06T14:30:00Z,2023-09-06T14:30:00Z,2023-09-08T19:45:00Z,short,0,232,21.177882,21.752249664267904,20.603514335732097,21.022102,weekend_close,36.14096000000001,2.32,33.82096000000001,0.2538095527815152,89090.91993217559
2023-09-11T15:45:00Z,2023-09-11T15:45:00Z,2023-09-11T16:15:00Z,long,0,2136,21.10211,21.03956890152507,21.16465109847493,21.162534633365084,target,129.06701686781983,21.36,107.70701686781983,0.8062639543387067,89198.6269490434
2023-09-11T17:15:00Z,2023-09-11T17:15:00Z,2023-09-12T13:30:00Z,long,0,1414,21.162116,21.067539374740416,21.256692625259586,21.06543262080294,stop,-136.7102981846429,14.14,-150.8502981846429,-1.1280100014590928,89047.77665085877
2023-09-12T17:15:00Z,2023-09-12T17:15:00Z,2023-09-13T13:30:00Z,long,0,2181,21.162116,21.100881721410158,21.223350278589844,21.098771633238016,stop,-138.15406390788945,21.81,-159.96406390788945,-1.1977664871869704,88887.81258695088
2023-09-13T15:30:00Z,2023-09-13T15:30:00Z,2023-09-14T13:30:00Z,short,0,1011,21.027897000000003,21.15972591204266,20.896068087957346,20.89815769476614,target,131.1664375914345,10.11,121.05643759143449,0.9082932065396773,89008.86902454232
2023-09-14T14:30:00Z,2023-09-14T14:30:00Z,2023-09-15T13:30:00Z,short,0,318,20.587941,21.006511448665375,20.169370551334627,21.00861209981024,stop,-133.77340973965593,3.18,-136.95340973965594,-1.0289094731447193,88871.91561480267
2023-09-18T16:15:00Z,2023-09-18T16:15:00Z,2023-09-19T13:30:00Z,long,0,1160,21.232123,21.11728299485022,21.34696300514978,21.344828308849266,target,130.73815826514675,11.6,119.13815826514676,0.8943338927520155,88991.05377306782
2023-09-21T14:45:00Z,2023-09-21T14:45:00Z,2023-09-21T17:45:00Z,short,0,1030,21.377862,21.507360809374365,21.248363190625636,21.509511545455304,stop,-135.5990318189626,10.3,-145.8990318189626,-1.0938289405102755,88845.15474124886
2023-09-25T15:45:00Z,2023-09-25T15:45:00Z,2023-09-27T13:30:00Z,short,0,364,21.217878,21.583313405239274,20.852442594760724,20.8545278390202,target,132.2594585966468,3.64,128.6194585966468,0.9669291916267313,88973.7741998455
2023-09-27T14:30:00Z,2023-09-27T14:30:00Z,2023-09-29T13:30:00Z,short,0,390,20.717928,21.059983410833755,20.375872589166246,21.06208940917484,stop,-134.22294957818673,3.9,-138.12294957818673,-1.03539192176956,88835.65125026731
2023-10-02T14:30:00Z,2023-10-02T14:30:00Z,2023-10-06T19:45:00Z,short,0,144,19.608038999999998,20.530390934862467,18.68568706513753,19.731973,weekend_close,-17.846496000000286,1.44,-19.286496000000287,-0.1452092145499459,88816.36475426731
2023-10-09T15:00:00Z,2023-10-09T15:00:00Z,2023-10-13T13:30:00Z,long,0,391,19.981998,19.641922636307523,20.32207336369248,20.32004115635611,target,132.17487413523804,3.91,128.26487413523805,0.9646189973724456,88944.62962840254
2023-10-17T15:45:00Z,2023-10-17T15:45:00Z,2023-10-18T13:30:00Z,long,0,524,20.962096,20.707862210309614,21.216329789690384,21.214208156711415,target,132.10677011678183,5.24,126.86677011678184,0.9523209208589792,89071.49639851933
2023-10-19T14:30:00Z,2023-10-19T14:30:00Z,2023-10-19T15:30:00Z,short,0,954,20.837916,20.97796408336864,20.69786791663136,20.980061879776976,stop,-135.607169307235,9.540000000000001,-145.147169307235,-1.0863831629633334,88926.3492292121
2023-10-23T15:45:00Z,2023-10-23T15:45:00Z,2023-10-24T13:30:00Z,short,0,678,21.177882,21.37461055058463,20.98115344941537,20.983251564760312,target,131.95943509250841,6.78,125.17943509250841,0.938503509993898,89051.5286643046
2023-10-24T16:00:00Z,2023-10-24T16:00:00Z,2023-10-25T13:30:00Z,short,0,1052,21.007899000000002,21.134870201839835,20.88092779816017,20.883015890939983,target,131.37703073113937,10.52,120.85703073113937,0.9047965790300778,89172.38569503574
2023-10-25T14:30:00Z,2023-10-25T14:30:00Z,2023-10-25T15:00:00Z,short,0,1096,20.927907,21.0498765758365,20.805937424163503,20.80801801790592,target,131.39832437511393,10.96,120.43832437511392,0.9009540398942553,89292.82401941085
2023-10-26T15:30:00Z,2023-10-26T15:30:00Z,2023-10-27T13:30:00Z,short,0,582,20.757924000000003,20.987908505346688,20.527939494653317,20.990007296197223,stop,-135.0724783867825,5.82,-140.8924783867825,-1.0526069825108322,89151.93154102407
2023-10-31T16:30:00Z,2023-10-31T16:30:00Z,2023-11-01T16:15:00Z,short,0,487,21.037896,21.312025529579184,20.763766470420816,20.76584284706786,target,132.4898854779528,4.87,127.6198854779528,0.955946458356451,89279.55142650202
2023-11-01T16:45:00Z,2023-11-01T16:45:00Z,2023-11-01T19:30:00Z,short,0,424,20.69793,21.01324299292767,20.38261700707233,21.015344317226962,stop,-134.58367050423203,4.24,-138.82367050423204,-1.0383787683055257,89140.72775599778
2023-11-02T15:00:00Z,2023-11-02T15:00:00Z,2023-11-02T15:15:00Z,long,0,1647,20.942094,20.86093983722603,21.02324816277397,20.85885374324231,stop,-137.0967028799165,16.47,-153.5667028799165,-1.1489275912732009,88987.16105311786
2023-11-02T17:00:00Z,2023-11-02T17:00:00Z,2023-11-03T13:30:00Z,short,0,2252,20.847915,20.90718294913677,20.78864705086323,20.909273667431684,stop,-138.17971905615124,22.52,-160.69971905615125,-1.204000956183095,88826.4613340617
2023-11-06T17:15:00Z,2023-11-06T17:15:00Z,2023-11-06T17:30:00Z,short,0,2721,21.157884,21.2068387374973,21.1089292625027,21.20895942137105,stop,-138.97622155062473,27.21,-166.18622155062474,-1.2475895999731739,88660.27511251108
2023-11-08T18:30:00Z,2023-11-08T18:30:00Z,2023-11-08T18:30:00Z,long,0,4518,20.762076,20.732644515265374,20.791507484734627,20.73057125081385,stop,-142.33845682303163,45.18,-187.51845682303164,-1.4102159493612154,88472.75665568805
2023-11-09T17:00:00Z,2023-11-09T17:00:00Z,2023-11-09T19:00:00Z,long,0,619,20.942094,20.727736022708466,21.156451977291535,20.725663249106194,stop,-133.97063480326628,6.19,-140.16063480326628,-1.0563206172908262,88332.59602088478
2023-11-13T15:30:00Z,2023-11-13T15:30:00Z,2023-11-14T14:30:00Z,short,0,393,20.157984,20.494619847876184,19.821348152123814,20.49666930986097,stop,-133.10332677536144,3.93,-137.03332677536145,-1.0357937577379395,88195.56269410942
2023-11-14T15:30:00Z,2023-11-14T15:30:00Z,2023-11-16T14:45:00Z,long,0,161,21.212121,20.395493142666517,22.028748857333483,22.02654598244775,target,131.12242217408783,1.61,129.51242217408782,0.985056994105518,88325.07511628351
2023-11-16T15:30:00Z,2023-11-16T15:30:00Z,2023-11-17T20:45:00Z,long,0,229,21.962196000000002,21.38612258092888,22.538269419071124,21.747825,weekend_close,-49.09095900000078,2.29,-51.38095900000078,-0.3894833411369439,88273.6941572835
2023-11-21T16:45:00Z,2023-11-21T16:45:00Z,2023-11-24T15:00:00Z,long,0,443,21.862185999999998,21.563515959765684,22.16085604023431,22.15863995463029,target,131.32910190121888,4.43,126.89910190121887,0.9590983896662734,88400.59325918472
2023-11-27T15:30:00Z,2023-11-27T15:30:00Z,2023-12-01T20:45:00Z,long,0,181,22.672267,21.94170884501431,23.402825154985692,23.327666999999998,weekend_close,118.6273999999994,1.81,116.8173999999994,0.8834341189616017,88517.41065918472
2023-12-04T16:45:00Z,2023-12-04T16:45:00Z,2023-12-07T17:00:00Z,short,0,162,22.417758000000003,23.23275474609507,21.602761253904937,21.604921530030328,target,131.6795081350873,1.62,130.0595081350873,0.985079356226077,88647.47016731981
2023-12-07T18:00:00Z,2023-12-07T18:00:00Z,2023-12-08T14:30:00Z,short,0,579,21.687831000000003,21.917287224976587,21.45837477502342,21.460520612500922,target,131.61271436196787,5.79,125.82271436196787,0.9470668643714396,88773.29288168179
2023-12-11T15:45:00Z,2023-12-11T15:45:00Z,2023-12-13T19:15:00Z,short,0,326,20.847915,21.255206352735165,20.440623647264836,21.25733187337044,stop,-133.4699007187632,3.2600000000000002,-136.7299007187632,-1.029771122204893,88636.56298096302
2023-12-18T16:15:00Z,2023-12-18T16:15:00Z,2023-12-19T14:30:00Z,short,0,837,21.737826,21.8966529452802,21.578999054719798,21.898842610574725,stop,-134.77090305104636,8.370000000000001,-143.14090305104637,-1.0767480938012233,88493.42207791198
2023-12-19T16:45:00Z,2023-12-19T16:45:00Z,2023-12-21T14:45:00Z,long,0,439,22.092209,21.790149545755472,22.39426845424453,22.392029027399104,target,131.6209920282066,4.39,127.23099202820659,0.9594800736297564,88620.65306994019
2023-12-21T17:00:00Z,2023-12-21T17:00:00Z,2023-12-22T14:30:00Z,long,0,1424,22.282228,22.188929499012712,22.375526500987288,22.37328894833719,target,129.67079043215955,14.24,115.43079043215955,0.8688344129798542,88736.08386037235
2023-12-27T16:45:00Z,2023-12-27T16:45:00Z,2023-12-28T14:30:00Z,long,0,712,22.342234,22.15550022999386,22.528967770006144,22.15328467997086,stop,-134.53191586074902,7.12,-141.65191586074903,-1.0654169303313343,88594.4319445116
2023-12-28T17:00:00Z,2023-12-28T17:00:00Z,2023-12-28T19:15:00Z,short,0,1073,22.107789,22.23155171479995,21.984026285200052,21.98622468782857,target,130.4385069599437,10.73,119.7085069599437,0.9014371763884094,88714.14045147154
2024-01-02T17:45:00Z,2024-01-02T17:45:00Z,2024-01-03T14:30:00Z,short,0,918,21.727827,21.872685865125863,21.58296813487414,21.585126431687627,target,130.99912171075982,9.18,121.81912171075982,0.9160679824260433,88835.9595731823
2024-01-03T15:30:00Z,2024-01-03T15:30:00Z,2024-01-05T20:45:00Z,short,0,175,20.9979,21.75925682195653,20.236543178043473,21.222122,weekend_close,-39.23884999999956,1.75,-40.98884999999956,-0.30763761911017706,88794.97072318231
2024-01-08T16:00:00Z,2024-01-08T16:00:00Z,2024-01-08T16:00:00Z,short,0,3228,21.197879999999998,21.23913385501494,21.156626144985054,21.24125776840044,stop,-140.02343639663087,32.28,-172.30343639663087,-1.293885586719304,88622.66728678568
2024-01-09T16:45:00Z,2024-01-09T16:45:00Z,2024-01-10T14:30:00Z,short,0,1062,21.047895,21.17306771967301,20.92272228032699,20.924814552555024,target,130.7114351865655,10.620000000000001,120.09143518656549,0.9033953064244191,88742.75872197225
2024-01-10T16:00:00Z,2024-01-10T16:00:00Z,2024-01-10T16:30:00Z,short,0,1886,20.977902,21.048458422497024,20.907345577502976,20.909436312060727,target,129.1262874534695,18.86,110.2662874534695,0.8286373638309037,88853.02500942572
2024-01-11T16:30:00Z,2024-01-11T16:30:00Z,2024-01-12T14:30:00Z,short,0,376,20.627937,20.9814744336764,20.2743995663236,20.983572581119766,stop,-133.71897850103235,3.7600000000000002,-137.47897850103234,-1.0342202728507661,88715.54603092468
2024-01-16T16:45:00Z,2024-01-16T16:45:00Z,2024-01-17T14:30:00Z,short,0,832,21.017898,21.17769425137197,20.858101748628027,20.860187558802888,target,131.21508707599605,8.32,122.89508707599606,0.9243673736330129,88838.44111800069
2024-01-17T15:30:00Z,2024-01-17T15:30:00Z,2024-01-19T20:45:00Z,short,0,383,20.687931000000003,21.03562335499526,20.340238645004746,20.672067000000002,weekend_close,6.0759120000002085,3.83,2.2459120000002084,0.01686548443114472,88840.68703000068
2024-01-22T16:30:00Z,2024-01-22T16:30:00Z,2024-01-24T14:30:00Z,short,0,333,20.287971,20.687727294390783,19.888214705609215,20.68979606712022,stop,-133.8077473510336,3.33,-137.13774735103362,-1.030190325702888,88703.54928264965
2024-01-24T19:00:00Z,2024-01-24T19:00:00Z,2024-01-25T14:30:00Z,long,0,818,20.80208,20.639458386852358,20.964701613147643,20.962605142986327,target,131.30956696281515,8.18,123.12956696281515,0.9256158518712163,88826.67884961246
2024-01-25T16:00:00Z,2024-01-25T16:00:00Z,2024-01-26T20:45:00Z,long,0,708,20.922092000000003,20.73399357001314,21.110190429986865,20.867913,weekend_close,-38.35873200000093,7.08,-45.438732000000925,-0.3411990201326183,88781.24011761247
2024-01-29T16:00:00Z,2024-01-29T16:00:00Z,2024-01-29T17:15:00Z,long,0,779,21.0021,20.831212110442753,21.172987889557245,21.17087059076829,target,131.47229020849767,7.79,123.68229020849766,0.9290921151852765,88904.92240782097
2024-01-30T19:15:00Z,2024-01-30T19:15:00Z,2024-01-31T14:30:00Z,long,0,2234,21.172117,21.112437821360142,21.231796178639858,21.229672999021993,target,128.5801018151322,22.34,106.24010181513219,0.7968608165500448,89011.1625096361
2024-01-31T18:45:00Z,2024-01-31T18:45:00Z,2024-01-31T19:30:00Z,short,0,902,21.067893,21.21588403224343,20.919901967756573,21.218005620646654,stop,-135.4015838232804,9.02,-144.4215838232804,-1.0819075873684365,88866.74092581282
2024-02-01T15:45:00Z,2024-02-01T15:45:00Z,2024-02-01T16:15:00Z,short,0,1162,21.037896,21.15255905453132,20.92323294546868,21.15467431043677,stop,-135.69639672752842,11.620000000000001,-147.31639672752843,-1.1056596299040864,88719.42452908529
2024-02-01T18:30:00Z,2024-02-01T18:30:00Z,2024-02-02T14:30:00Z,long,0,1048,21.182118,21.05522961881209,21.30900638118791,21.053124095850208,stop,-135.18561154898092,10.48,-145.6656115489809,-1.0954029269547778,88573.75891753631
2024-02-05T15:45:00Z,2024-02-05T15:45:00Z,2024-02-09T20:45:00Z,short,0,345,20.427957,20.812992717236856,20.042921282763142,20.692069,weekend_close,-91.11864000000027,3.45,-94.56864000000027,-0.7119131751389685,88479.19027753631
2024-02-12T19:00:00Z,2024-02-12T19:00:00Z,2024-02-13T14:30:00Z,long,0,926,20.812081,20.6689098608305,20.9552521391695,20.666842969844417,stop,-134.49041592406894,9.26,-143.75041592406893,-1.0842829850770161,88335.43986161225
2024-02-13T16:45:00Z,2024-02-13T16:45:00Z,2024-02-15T14:30:00Z,short,0,284,20.257974,20.72377701423612,19.79217098576388,20.725849391937544,stop,-132.87661131026226,2.84,-135.71661131026227,-1.0259173455998813,88199.72325030199
2024-02-15T15:30:00Z,2024-02-15T15:30:00Z,2024-02-16T20:45:00Z,long,0,202,21.052105,20.399592113997826,21.704617886002175,21.387861,weekend_close,67.822712,2.02,65.802712,0.49923305269240986,88265.525962302
2024-02-20T17:00:00Z,2024-02-20T17:00:00Z,2024-02-21T16:00:00Z,short,0,602,21.087891,21.30773598461249,20.86804601538751,20.87013281998905,target,131.09042436659192,6.0200000000000005,125.07042436659192,0.9450212402032082,88390.59638666859
2024-02-21T16:30:00Z,2024-02-21T16:30:00Z,2024-02-23T15:00:00Z,short,0,637,20.917908,21.125892503085044,20.709923496914957,20.711994489264647,target,131.1669063384201,6.37,124.79690633842009,0.9419620588522671,88515.39329300702
2024-02-26T16:45:00Z,2024-02-26T16:45:00Z,2024-03-01T15:30:00Z,short,0,364,20.577942,20.94200037105838,20.21388362894162,20.944094571095487,stop,-133.27953587875726,3.64,-136.91953587875724,-1.0332204970371826,88378.47375712826
2024-03-04T15:45:00Z,2024-03-04T15:45:00Z,2024-03-05T14:30:00Z,long,0,296,21.522152,21.07537694744558,21.968927052554417,21.96673015984916,target,131.59513531535177,2.96,128.63513531535176,0.9727001482389813,88507.10889244362
2024-03-06T16:45:00Z,2024-03-06T16:45:00Z,2024-03-08T20:45:00Z,long,0,338,22.112211,21.72026551362153,22.504156486378466,22.227777,weekend_close,39.061308000000395,3.38,35.68130800000039,0.2693384760605846,88542.79020044362
2024-03-11T15:45:00Z,2024-03-11T15:45:00Z,2024-03-12T13:30:00Z,long,0,904,22.392239,22.245329706761225,22.539148293238775,22.24310517379055,stop,-134.81697889334293,9.040000000000001,-143.85697889334293,-1.08321143408407,88398.93322155028
2024-03-12T15:45:00Z,2024-03-12T15:45:00Z,2024-03-13T13:30:00Z,short,0,645,22.137786000000002,22.343159825280445,21.93241217471956,22.34539414126297,stop,-133.90725111461552,6.45,-140.3572511146155,-1.0595709602517294,88258.57597043566
2024-03-13T15:45:00Z,2024-03-13T15:45:00Z,2024-03-15T14:15:00Z,long,0,260,22.632263,22.1237755770792,23.140750422920796,23.138436347878503,target,131.6050704484113,2.6,129.00507044841132,0.97578293092962,88387.58104088408
2024-03-18T16:30:00Z,2024-03-18T16:30:00Z,2024-03-19T13:30:00Z,short,0,834,22.89771,23.056526763731828,22.738893236268172,22.741167125591797,target,130.55675725644105,8.34,122.21675725644104,0.9227166639388874,88509.79779814051
2024-03-19T14:30:00Z,2024-03-19T14:30:00Z,2024-03-20T18:00:00Z,short,0,623,22.747725,22.96053226958202,22.534917730417977,22.962828322808978,stop,-134.00937010999374,6.23,-140.23937010999373,-1.057780231150502,88369.55842803052
2024-03-21T16:15:00Z,2024-03-21T16:15:00Z,2024-03-22T19:45:00Z,short,0,365,22.647734999999997,23.01011577833105,22.285354221668946,22.572257,weekend_close,27.54946999999884,3.65,23.899469999998843,0.18068839164581665,88393.45789803052
2024-03-26T14:30:00Z,2024-03-26T14:30:00Z,2024-03-26T15:30:00Z,short,0,815,22.457754,22.62032149615085,22.295186503849152,22.297416022499537,target,130.67545166287877,8.15,122.52545166287877,0.9247726701834869,88515.9833496934
2024-03-27T16:00:00Z,2024-03-27T16:00:00Z,2024-03-27T16:30:00Z,long,0,4748,22.432243,22.404283411396957,22.460202588603043,22.457956568344184,target,122.08802249818474,47.480000000000004,74.60802249818474,0.5620099983328695,88590.59137219159
2024-03-27T18:45:00Z,2024-03-27T18:45:00Z,2024-03-28T13:45:00Z,long,0,1741,22.50225,22.425928130187916,22.578571869812084,22.423685537374897,stop,-136.7807294303039,17.41,-154.1907294303039,-1.1604074014848185,88436.40064276128
2024-03-28T15:45:00Z,2024-03-28T15:45:00Z,2024-04-01T13:30:00Z,long,0,557,22.70227,22.46438078215278,22.940159217847217,22.937865201925433,target,131.22652747246707,5.57,125.65652747246708,0.9483204155571288,88562.05717023375
2024-04-01T14:30:00Z,2024-04-01T14:30:00Z,2024-04-01T14:30:00Z,long,0,2177,22.712271,22.651257876011623,22.77328412398838,22.64899275022402,stop,-137.75674976230812,21.77,-159.52674976230813,-1.2010243859983047,88402.53042047143
2024-04-01T16:45:00Z,2024-04-01T16:45:00Z,2024-04-02T13:30:00Z,long,0,790,22.892289,22.724614642169676,23.059963357830327,23.057657361494545,target,130.64100558068944,7.9,122.74100558068943,0.9266077622421284,88525.27142605212
2024-04-02T14:45:00Z,2024-04-02T14:45:00Z,2024-04-03T13:45:00Z,long,0,169,23.592359,22.80752531779666,24.377192682203336,24.374754962935118,target,132.22491773603517,1.69,130.53491773603517,0.9841524140078938,88655.80634378815
2024-04-03T14:30:00Z,2024-04-03T14:30:00Z,2024-04-05T19:45:00Z,long,0,149,24.362436,23.47084295533685,25.25402904466315,25.027497,weekend_close,99.09408900000022,1.49,97.60408900000023,0.7347085129488512,88753.41043278815
2024-04-08T14:45:00Z,2024-04-08T14:45:00Z,2024-04-08T17:30:00Z,long,0,560,25.192519,24.95496030191048,25.430077698089523,25.427534690319714,target,131.60878657903936,5.6000000000000005,126.00878657903937,0.9472003851229971,88879.41921936719
2024-04-09T14:30:00Z,2024-04-09T14:30:00Z,2024-04-09T15:45:00Z,long,0,273,25.772577,25.284859578430225,26.26029442156977,25.282331092472383,stop,-133.83713275503905,2.73,-136.56713275503904,-1.0256880017070507,88742.85208661215
2024-04-10T15:45:00Z,2024-04-10T15:45:00Z,2024-04-10T17:00:00Z,long,0,797,25.692569000000002,25.525647497548427,25.859490502451578,25.52309493279867,stop,-135.0708315594614,7.97,-143.0408315594614,-1.075200405971648,88599.81125505269
2024-04-11T14:30:00Z,2024-04-11T14:30:00Z,2024-04-11T14:30:00Z,short,0,1180,25.517447999999998,25.63006941638553,25.404826583614465,25.407367066272826,target,129.89550179806292,11.8,118.09550179806293,0.8886492191198196,88717.90675685075
2024-04-11T18:30:00Z,2024-04-11T18:30:00Z,2024-04-12T13:30:00Z,long,0,428,25.862586,25.552119703618803,26.173052296381197,26.17043499115156,target,131.75936821286723,4.28,127.47936821286723,0.9593601451213689,88845.38612506361
2024-04-15T17:15:00Z,2024-04-15T17:15:00Z,2024-04-15T19:00:00Z,long,0,572,26.152614999999997,25.919701437869147,26.385528562130848,26.382890009274636,target,131.7173053050933,5.72,125.9973053050933,0.9457371535578022,88971.3834303687
2024-04-16T16:00:00Z,2024-04-16T16:00:00Z,2024-04-17T13:30:00Z,short,0,372,25.797420000000002,26.15590428348061,25.438935716519396,26.158519873908958,stop,-134.32915309413136,3.72,-138.04915309413136,-1.03519147424222,88833.33427727457
2024-04-17T15:45:00Z,2024-04-17T15:45:00Z,2024-04-17T16:15:00Z,long,0,551,26.132613,25.891028840759557,26.374197159240442,25.88843973787548,stop,-134.5394674306102,5.51,-140.04946743061018,-1.0521106306127759,88693.28480984396
2024-04-17T18:30:00Z,2024-04-17T18:30:00Z,2024-04-17T19:00:00Z,short,0,1685,25.967403,26.046317162955795,25.888488837044207,25.89107768592791,target,128.60815421147143,16.85,111.75815421147144,0.8404741504924022,88805.04296405544
2024-04-18T16:00:00Z,2024-04-18T16:00:00Z,2024-04-18T16:30:00Z,short,0,2319,25.907409,25.964831138007494,25.84998686199251,25.967427621121296,stop,-139.1831823802815,23.19,-162.3731823802815,-1.2193663202188383,88642.66978167515
2024-04-18T18:45:00Z,2024-04-18T18:45:00Z,2024-04-19T13:30:00Z,short,0,1304,25.847415,25.949381193545747,25.745448806454256,25.951976131665102,stop,-136.34771569129106,13.040000000000001,-149.38771569129105,-1.1235207246772854,88493.28206598386
2024-04-22T15:45:00Z,2024-04-22T15:45:00Z,2024-04-26T19:45:00Z,short,0,112,24.917508,26.095761300358387,23.739254699641616,24.892489,weekend_close,2.802128000000039,1.12,1.6821280000000387,0.012746834653832135,88494.96419398386
2024-04-29T15:00:00Z,2024-04-29T15:00:00Z,2024-04-29T15:00:00Z,short,0,3762,24.917508,24.95278695196641,24.882229048033594,24.884717270938395,target,123.35872272976204,37.62,85.73872272976203,0.6460149123280959,88580.70291671362
2024-04-29T18:15:00Z,2024-04-29T18:15:00Z,2024-04-29T18:15:00Z,long,0,2423,24.952495,24.897669542937937,25.00732045706206,24.895179775983642,stop,-138.874787791632,24.23,-163.104787791632,-1.227809627563271,88417.59812892199
2024-05-06T15:15:00Z,2024-05-06T15:15:00Z,2024-05-09T14:00:00Z,long,0,178,24.902489999999997,24.1594873858855,25.64549261411449,25.64292806485308,target,131.79797554384893,1.78,130.01797554384893,0.9830894952147842,88547.61610446584
2024-05-09T15:45:00Z,2024-05-09T15:45:00Z,2024-05-10T19:45:00Z,long,0,195,25.702569999999998,25.023367744597714,26.381772255402282,25.767423,weekend_close,12.646335000000573,1.95,10.696335000000573,0.08076092145411691,88558.31243946584
2024-05-14T14:30:00Z,2024-05-14T14:30:00Z,2024-05-15T13:30:00Z,long,0,573,26.022602,25.791003186443582,26.254200813556416,26.25157539347506,target,131.20175446121064,5.73,125.47175446121064,0.9454858171012213,88683.78419392704
2024-05-16T16:45:00Z,2024-05-16T16:45:00Z,2024-05-17T13:30:00Z,long,0,430,27.172717000000002,26.863743157924752,27.481690842075253,27.478942672991046,target,131.6770393861488,4.3,127.37703938614881,0.9587402965940987,88811.16123331319
2024-05-20T16:00:00Z,2024-05-20T16:00:00Z,2024-05-22T18:15:00Z,long,0,138,29.252925,28.293445152882516,30.212404847117487,28.290615808367228,stop,-132.79866844532268,1.3800000000000001,-134.17866844532267,-1.01337114536989,88676.98256486787
2024-05-22T18:45:00Z,2024-05-22T18:45:00Z,2024-05-23T17:45:00Z,short,0,202,28.187181000000002,28.844980185859146,27.52938181414086,27.53213475232227,target,132.3193420309017,2.02,130.2993420309017,0.9806127182040272,88807.28190689877
2024-05-23T18:30:00Z,2024-05-23T18:30:00Z,2024-05-24T19:45:00Z,short,0,282,27.607239,28.078634586683677,27.135843413316323,27.742773999999997,weekend_close,-38.22086999999924,2.82,-41.04086999999924,-0.3087322073247503,88766.24103689878
2024-05-28T15:45:00Z,2024-05-28T15:45:00Z,2024-05-31T15:15:00Z,long,0,90,29.292928999999997,27.814604622069286,30.77125337793071,27.81182316160708,stop,-133.29952545536256,0.9,-134.19952545536256,-1.0086459106357273,88632.04151144341
2024-06-03T18:30:00Z,2024-06-03T18:30:00Z,2024-06-04T13:30:00Z,long,0,901,27.992798999999998,27.845256833784827,28.14034116621517,27.84247230810145,stop,-135.44434940059253,9.01,-144.45434940059252,-1.0866499795369229,88487.58716204282
2024-06-04T15:30:00Z,2024-06-04T15:30:00Z,2024-06-06T13:45:00Z,short,0,151,27.057294,27.932398994059138,26.18218900594086,27.935192233958542,stop,-132.56263332774003,1.51,-134.07263332774002,-1.014619091407607,88353.51452871508
2024-06-06T14:30:00Z,2024-06-06T14:30:00Z,2024-06-06T15:15:00Z,long,0,251,27.802780000000002,27.27601503055041,28.329544969449593,28.326712014952648,target,131.50693575311405,2.5100000000000002,128.99693575311406,0.9756381778569023,88482.51146446819
2024-06-10T17:30:00Z,2024-06-10T17:30:00Z,2024-06-11T13:30:00Z,long,0,623,27.172717000000002,26.959819970099332,27.385614029900673,26.95712398810232,stop,-134.3144464122554,6.23,-140.54444641225538,-1.0596343781918158,88341.96701805593
2024-06-11T15:45:00Z,2024-06-11T15:45:00Z,2024-06-12T13:30:00Z,short,0,261,26.587341,27.09393006757074,26.08075193242926,27.096639460577496,stop,-132.9268982107268,2.61,-135.5368982107268,-1.0250881707094528,88206.4301198452
2024-06-12T15:45:00Z,2024-06-12T15:45:00Z,2024-06-13T13:45:00Z,long,0,179,27.50275,26.766387191156387,28.23911280884361,26.76371055243727,stop,-132.28806111372836,1.79,-134.07806111372835,-1.0172152077303083,88072.35205873147
2024-06-17T17:45:00Z,2024-06-17T17:45:00Z,2024-06-17T18:00:00Z,short,0,1826,26.767323,26.839654975269085,26.694991024730918,26.842338940766613,stop,-136.9791078398331,18.26,-155.23910783983308,-1.1753576540712807,87917.11295089163
2024-06-18T18:15:00Z,2024-06-18T18:15:00Z,2024-06-20T13:30:00Z,long,0,1073,26.942694,26.8198542457708,27.0655337542292,27.06282720085378,target,128.90292451610486,10.73,118.17292451610486,0.8965599251223406,88035.28587540775
2024-06-20T14:30:00Z,2024-06-20T14:30:00Z,2024-06-21T19:45:00Z,long,0,128,27.912791,26.885116901172566,28.94046509882743,26.977302,weekend_close,-119.7425919999996,1.28,-121.0225919999996,-0.9200280527443396,87914.26328340775
2024-06-24T17:00:00Z,2024-06-24T17:00:00Z,2024-06-25T13:30:00Z,short,0,845,26.957304,27.11329883795336,26.801309162046643,26.803989292962846,target,129.55092744639524,8.45,121.10092744639523,0.9187144197682028,88035.36421085415
2024-06-25T15:30:00Z,2024-06-25T15:30:00Z,2024-06-28T19:45:00Z,short,0,262,26.517348,27.021083339559134,26.013612660440863,26.592659,weekend_close,-19.73148200000073,2.62,-22.351482000000733,-0.1693567897671548,88013.01272885416
2024-07-01T17:15:00Z,2024-07-01T17:15:00Z,2024-07-01T19:15:00Z,long,0,1451,26.752675,26.661710563421874,26.843639436578126,26.84095507263447,target,128.0943853926136,14.51,113.58438539261358,0.860556889914185,88126.59711424678
2024-07-08T17:15:00Z,2024-07-08T17:15:00Z,2024-07-10T13:45:00Z,short,0,305,28.007199000000004,28.43990300991579,27.57449499008422,28.44274700021678,stop,-132.84214006611688,3.0500000000000003,-135.8921400661169,-1.02968308591245,87990.70497418065
2024-07-10T14:30:00Z,2024-07-10T14:30:00Z,2024-07-10T15:00:00Z,long,0,956,28.242824,28.104801896185805,28.380846103814193,28.101991415996185,stop,-134.635950307646,9.56,-144.195950307646,-1.092814700222693,87846.509023873
2024-07-10T17:00:00Z,2024-07-10T17:00:00Z,2024-07-10T17:00:00Z,long,0,7491,28.182818,28.165228957296097,28.200407042703905,28.16241243440037,stop,-152.85809190683852,74.91,-227.76809190683852,-1.7286651758985916,87618.74093196617
2024-07-11T15:45:00Z,2024-07-11T15:45:00Z,2024-07-12T13:30:00Z,long,0,221,28.762876000000002,28.168710945143047,29.357041054856957,28.165894074048534,stop,-131.9330056352744,2.21,-134.14300563527442,-1.0215712300643442,87484.5979263309
2024-07-16T16:00:00Z,2024-07-16T16:00:00Z,2024-07-17T13:30:00Z,long,0,251,28.622862,28.10072386487681,29.145000135123194,28.09791379249032,stop,-131.76200008492987,2.5100000000000002,-134.27200008492986,-1.024533876238451,87350.32592624596
2024-07-17T16:00:00Z,2024-07-17T16:00:00Z,2024-07-19T13:30:00Z,short,0,169,27.677232,28.45244936657596,26.90201463342404,26.904704834887383,target,130.5570909040323,1.69,128.8670909040323,0.9836301378032944,87479.19301715
2024-07-22T15:00:00Z,2024-07-22T15:00:00Z,2024-07-24T13:30:00Z,short,0,429,26.447354999999998,26.753080670178278,26.14162932982172,26.755755978245297,stop,-132.30401966723318,4.29,-136.59401966723317,-1.0414597441543836,87342.59899748277
2024-07-24T18:45:00Z,2024-07-24T18:45:00Z,2024-07-25T13:30:00Z,short,0,579,26.477352,26.703610598982827,26.251093401017172,26.253718510357274,target,129.4837905031383,5.79,123.69379050313829,0.9442005325019283,87466.2927879859
2024-07-29T16:45:00Z,2024-07-29T16:45:00Z,2024-07-29T19:30:00Z,short,0,516,25.177482,25.43169959763633,24.92326440236367,25.434242767596096,stop,-132.488556079585,5.16,-137.648556079585,-1.0493402898791775,87328.64423190632
2024-07-30T17:45:00Z,2024-07-30T17:45:00Z,2024-07-31T13:30:00Z,long,0,309,25.852585,25.429000525379617,26.276169474620385,26.273541857672924,target,130.07566902093328,3.09,126.98566902093327,0.9701886690753303,87455.62990092725
2024-07-31T14:30:00Z,2024-07-31T14:30:00Z,2024-08-02T14:45:00Z,long,0,219,26.252625,25.654825086008994,26.850424913991002,25.652259603500394,stop,-131.48002183341345,2.19,-133.67002183341344,-1.0210195455277196,87321.95987909383
2024-08-05T15:45:00Z,2024-08-05T15:45:00Z,2024-08-09T19:45:00Z,short,0,134,24.887511,25.858043391276645,23.916978608723355,25.0025,weekend_close,-15.40852600000018,1.34,-16.74852600000018,-0.12878395520173203,87305.21135309384
2024-08-12T14:30:00Z,2024-08-12T14:30:00Z,2024-08-12T18:30:00Z,long,0,531,25.292529,25.046202869984516,25.53885513001548,25.53630124450248,target,129.44306183081707,5.3100000000000005,124.13306183081707,0.9490355103122303,87429.34441492465
2024-08-13T16:00:00Z,2024-08-13T16:00:00Z,2024-08-13T18:15:00Z,short,0,658,25.217478,25.416591857310088,25.01836414268991,25.41913351649582,stop,-132.689329854249,6.58,-139.269329854249,-1.062987374937944,87290.0750850704
2024-08-14T16:15:00Z,2024-08-14T16:15:00Z,2024-08-15T13:30:00Z,short,0,416,25.027497,25.34222498038687,24.71276901961313,25.34475920288491,stop,-131.98107640012188,4.16,-136.14107640012188,-1.0398255740802935,87153.93400867029
2024-08-15T15:00:00Z,2024-08-15T15:00:00Z,2024-08-16T19:45:00Z,long,0,159,25.892589,25.071866675951163,26.71331132404884,26.427357,weekend_close,85.02811199999995,1.59,83.43811199999995,0.6393977410181584,87237.37212067029
2024-08-19T15:00:00Z,2024-08-19T15:00:00Z,2024-08-23T19:45:00Z,long,0,196,26.80268,26.135969895416554,27.469390104583443,27.207279,weekend_close,79.3014040000002,1.96,77.34140400000021,0.591859936256019,87314.7135246703
2024-08-26T14:30:00Z,2024-08-26T14:30:00Z,2024-08-28T13:30:00Z,long,0,569,27.242724,27.012646571864632,27.472801428135366,27.009945307207445,stop,-132.45107619896305,5.69,-138.14107619896305,-1.0552043056119094,87176.57244847133
2024-08-28T15:45:00Z,2024-08-28T15:45:00Z,2024-08-30T16:45:00Z,short,0,247,26.797320000000003,27.32483677583149,26.269803224168516,26.272430204490934,target,129.64777949073988,2.47,127.17777949073988,0.9760633577908207,87303.75022796207
2024-09-03T14:30:00Z,2024-09-03T14:30:00Z,2024-09-05T14:00:00Z,short,0,117,25.347465000000003,26.462240065745053,24.232689934254953,26.46488628975163,stop,-130.7382909009402,1.17,-131.9082909009402,-1.0113441934567522,87171.84193706112
2024-09-05T15:45:00Z,2024-09-05T15:45:00Z,2024-09-06T16:00:00Z,long,0,220,26.332632999999998,25.73890884879373,26.926357151206265,25.736334957908852,stop,-131.18556926005203,2.2,-133.38556926005202,-1.0211780013653349,87038.45636780107
2024-09-09T18:00:00Z,2024-09-09T18:00:00Z,2024-09-10T13:30:00Z,long,0,1201,25.772577,25.663913289721634,25.881240710278362,25.878652586207334,target,127.39677903501018,12.01,115.38677903501018,0.8841552157681589,87153.84314683608
2024-09-10T18:15:00Z,2024-09-10T18:15:00Z,2024-09-10T19:00:00Z,long,0,1624,25.852585,25.77213392268909,25.933036077310913,25.93044277370318,target,126.44102449396365,16.240000000000002,110.20102449396364,0.8434663148255456,87264.04417133004
2024-09-11T17:30:00Z,2024-09-11T17:30:00Z,2024-09-12T13:30:00Z,long,0,499,26.102610000000002,25.840477490320435,26.36474250967957,26.362106035428603,target,129.48852167887185,4.99,124.49852167887185,0.9517935632386335,87388.54269300892
2024-09-12T14:30:00Z,2024-09-12T14:30:00Z,2024-09-13T13:30:00Z,long,0,180,26.742673999999997,26.015333232510716,27.47001476748928,27.46726776601253,target,130.42687788225578,1.8,128.62687788225577,0.9824745125716651,87517.16957089117
2024-09-16T14:45:00Z,2024-09-16T14:45:00Z,2024-09-16T17:30:00Z,long,0,876,27.962796,27.812985026816605,28.112606973183397,28.10979571248608,target,128.77174813780454,8.76,120.01174813780453,0.914483829688269,87637.18131902898
2024-09-16T18:00:00Z,2024-09-16T18:00:00Z,2024-09-17T15:30:00Z,long,0,751,28.122812,27.9477736038684,28.2978503961316,27.944978826508013,stop,-133.552713292482,7.51,-141.062713292482,-1.073096975538818,87496.1186057365
2024-09-17T17:45:00Z,2024-09-17T17:45:00Z,2024-09-18T13:30:00Z,short,0,920,27.937206000000003,28.07981077533792,27.794601224662088,27.797380684784553,target,128.63928999821425,9.200000000000001,119.43928999821425,0.9103854685638487,87615.55789573472
2024-09-18T16:45:00Z,2024-09-18T16:45:00Z,2024-09-18T18:00:00Z,short,0,666,27.737226,27.93434527957831,27.54010672042169,27.93713871410627,stop,-133.1418675947749,6.66,-139.8018675947749,-1.0649019951540382,87475.75602813995
2024-09-19T16:00:00Z,2024-09-19T16:00:00Z,2024-09-20T19:45:00Z,long,0,235,28.342834,27.784910788185258,28.900757211814742,28.39716,weekend_close,12.766609999999918,2.35,10.416609999999919,0.07944820911075133,87486.17263813995
2024-09-23T15:45:00Z,2024-09-23T15:45:00Z,2024-09-24T14:45:00Z,short,0,460,28.117188000000002,28.402088340085896,27.83228765991411,28.404928548919905,stop,-132.36065250315528,4.6000000000000005,-136.96065250315527,-1.0450691242774144,87349.2119856368
2024-09-24T16:00:00Z,2024-09-24T16:00:00Z,2024-09-27T19:45:00Z,long,0,155,28.952894999999998,28.109548433388245,29.79624156661175,28.857114,weekend_close,-14.846054999999811,1.55,-16.396054999999812,-0.12543004760781407,87332.81593063679
2024-09-30T15:00:00Z,2024-09-30T15:00:00Z,2024-10-01T13:30:00Z,short,0,274,28.417158,28.895171342403394,27.939144657596607,28.898060859537633,stop,-131.76738351331133,2.74,-134.50738351331134,-1.0269647643503679,87198.30854712348
2024-10-01T15:45:00Z,2024-10-01T15:45:00Z,2024-10-02T13:30:00Z,long,0,464,28.732873,28.451464278617305,29.014281721382698,29.01138029321056,target,129.22738404969948,4.64,124.58738404969948,0.9541541281707745,87322.89593117317
2024-10-02T15:45:00Z,2024-10-02T15:45:00Z,2024-10-03T16:30:00Z,long,0,455,28.962896,28.67535307877095,29.25043892122905,29.247513877336928,target,129.501134188302,4.55,124.95113418830199,0.9550500362280618,87447.84706536148
2024-10-07T15:45:00Z,2024-10-07T15:45:00Z,2024-10-08T13:30:00Z,short,0,333,28.937106,29.330703105211278,28.543508894788722,28.5463632456782,target,130.11733718915912,3.33,126.78733718915912,0.9673413479944715,87574.63440255064
2024-10-08T14:30:00Z,2024-10-08T14:30:00Z,2024-10-11T19:45:00Z,short,0,115,27.887211,29.023866995020676,26.750555004979326,28.802880000000002,weekend_close,-105.30193500000013,1.1500000000000001,-106.45193500000013,-0.8143792000878541,87468.18246755064
2024-10-14T16:00:00Z,2024-10-14T16:00:00Z,2024-10-15T14:00:00Z,short,0,414,28.387161000000003,28.703798967128613,28.070523032871392,28.706669347025326,stop,-132.27645566848375,4.14,-136.41645566848374,-1.040646988778466,87331.76601188215
2024-10-15T16:00:00Z,2024-10-15T16:00:00Z,2024-10-16T13:30:00Z,long,0,568,28.702869999999997,28.472442278333855,28.93329772166614,28.930404391893973,target,129.23953459577803,5.68,123.55953459577802,0.9440460996665679,87455.32554647794
2024-10-16T14:30:00Z,2024-10-16T14:30:00Z,2024-10-17T16:30:00Z,long,0,245,29.232923,28.69761118106743,29.76823481893257,28.694741419949324,stop,-131.85448711241554,2.45,-134.30448711241553,-1.0240416158637569,87321.02105936552
2024-10-17T18:00:00Z,2024-10-17T18:00:00Z,2024-10-18T13:30:00Z,short,0,1229,28.847115000000002,28.95368013313895,28.740549866861056,28.956575501152262,stop,-134.52695591612704,12.290000000000001,-146.81695591612703,-1.12100926103568,87174.20410344939
2024-10-21T14:30:00Z,2024-10-21T14:30:00Z,2024-10-25T19:45:00Z,long,0,123,30.913091,29.85088934842261,31.975292651577394,30.626936999999998,weekend_close,-35.19694200000041,1.23,-36.42694200000041,-0.2788114663164081,87137.77716144938
2024-10-28T16:00:00Z,2024-10-28T16:00:00Z,2024-10-28T16:00:00Z,long,0,12744,30.70307,30.692813969217017,30.713326030782984,30.689744687820095,stop,-169.8177784207102,127.44,-297.2577784207102,-2.2743020836682892,86840.51938302867
2024-10-28T18:00:00Z,2024-10-28T18:00:00Z,2024-10-28T18:00:00Z,long,0,2325,30.793079,30.73705467330994,30.849103326690056,30.733980967842612,stop,-137.4029247659239,23.25,-160.6529247659239,-1.2333576544285325,86679.86645826275
2024-10-29T15:45:00Z,2024-10-29T15:45:00Z,2024-10-30T13:30:00Z,long,0,317,31.173117,30.7642184819288,31.582015518071202,30.76114206008061,stop,-130.59605595444754,3.17,-133.76605595444752,-1.0319796264116443,86546.10040230831
2024-10-30T15:45:00Z,2024-10-30T15:45:00Z,2024-10-31T13:30:00Z,short,0,491,30.956904,31.220811620303255,30.692996379696748,30.696065679334716,target,128.07161544665541,4.91,123.16161544665542,0.9504777481493335,86669.26201775497
2024-11-04T18:00:00Z,2024-11-04T18:00:00Z,2024-11-04T18:00:00Z,short,0,2125,29.647035,29.70819754721019,29.585872452789808,29.588831040035085,target,123.68341492544133,21.25,102.43341492544133,0.7881287186953765,86771.69543268041
2024-11-05T16:30:00Z,2024-11-05T16:30:00Z,2024-11-06T14:30:00Z,long,0,770,29.782978,29.614160499080914,29.951795500919086,29.611199083031007,stop,-132.26976606612456,7.7,-139.96976606612455,-1.0767776799167217,86631.7256666143
2024-11-06T15:30:00Z,2024-11-06T15:30:00Z,2024-11-08T20:45:00Z,short,0,105,28.537146,29.767183800864473,27.307108199135527,28.492849,weekend_close,4.6511850000000265,1.05,3.6011850000000267,0.027882882929204503,86635.3268516143
2024-11-11T15:30:00Z,2024-11-11T15:30:00Z,2024-11-15T20:45:00Z,short,0,163,27.837216,28.63369767755129,27.040734322448714,27.572757,weekend_close,43.10681700000036,1.6300000000000001,41.47681700000036,0.31947878673406993,86676.8036686143
2024-11-18T16:45:00Z,2024-11-18T16:45:00Z,2024-11-22T20:45:00Z,long,0,168,28.462846,27.69097664320318,29.23471535679682,28.457154000000003,weekend_close,-0.9562559999993709,1.68,-2.6362559999993707,-0.020329865231490038,86674.1674126143
2024-11-25T16:45:00Z,2024-11-25T16:45:00Z,2024-12-04T14:30:00Z,short,0,154,27.537246,28.381174825981727,26.693317174018272,28.384012943464324,stop,-130.40210929350593,1.54,-131.94210929350592,-1.0152123225174379,86542.2253033208
2024-12-04T15:45:00Z,2024-12-04T15:45:00Z,2024-12-06T14:30:00Z,long,0,269,28.632863,28.151985156586253,29.113740843413748,28.149169958070594,stop,-130.1134282790103,2.69,-132.8034282790103,-1.026649592388545,86409.4218750418
2024-12-09T16:45:00Z,2024-12-09T16:45:00Z,2024-12-12T15:00:00Z,long,0,152,29.20292,28.35268797193716,30.053152028062836,28.34985270313997,stop,-129.66622912272445,1.52,-131.18622912272446,-1.0150961953602662,86278.23564591906
2024-12-12T15:30:00Z,2024-12-12T15:30:00Z,2024-12-13T20:45:00Z,short,0,162,28.347165,29.14566647193061,27.54866352806939,27.762776000000002,weekend_close,94.67101799999969,1.62,93.05101799999969,0.7193336771330493,86371.28666391906
2024-12-17T16:00:00Z,2024-12-17T16:00:00Z,2024-12-18T15:00:00Z,short,0,763,27.69723,27.866910674207663,27.52754932579234,27.53030208072492,target,127.36600240688765,7.63,119.73600240688765,0.9248426198674085,86491.02266632595
2024-12-18T16:45:00Z,2024-12-18T16:45:00Z,2024-12-18T19:45:00Z,short,0,410,27.457254000000002,27.773156332329396,27.14135166767061,27.144065802837375,target,128.4071608366774,4.1,124.30716083667741,0.959752955690404,86615.32982716263
2024-12-23T18:00:00Z,2024-12-23T18:00:00Z,2024-12-26T14:30:00Z,long,0,1203,26.972697,26.86469870876081,27.08069529123919,27.077987221710067,target,126.66413671721097,12.030000000000001,114.63413671721096,0.8823308278000574,86729.96396387984
2024-12-26T15:30:00Z,2024-12-26T15:30:00Z,2024-12-26T17:15:00Z,long,0,561,27.192719,26.96083203538087,27.42460596461913,26.958135952177333,stop,-131.6010898285164,5.61,-137.2110898285164,-1.054751172513693,86592.75287405132
2024-12-31T16:00:00Z,2024-12-31T16:00:00Z,2025-01-02T14:30:00Z,short,0,1072,26.347365000000003,26.46851216364267,26.226217836357335,26.471159014859037,stop,-132.7071839288837,10.72,-143.4271839288837,-1.1043924664523561,86449.32569012244
2025-01-02T16:15:00Z,2025-01-02T16:15:00Z,2025-01-03T20:45:00Z,long,0,245,26.842684,26.31391716587208,27.371450834127916,26.977302,weekend_close,32.98141000000079,2.45,30.531410000000793,0.23567665737873408,86479.85710012243
2025-01-06T16:45:00Z,2025-01-06T16:45:00Z,2025-01-10T20:45:00Z,long,0,265,27.472747,26.984820356934073,27.960673643065924,27.617238,weekend_close,38.29011500000057,2.65,35.64011500000057,0.2756377457785812,86515.49721512244
2025-01-13T16:15:00Z,2025-01-13T16:15:00Z,2025-01-15T14:30:00Z,short,0,178,26.937306000000003,27.665440292104154,26.20917170789585,27.668206836133365,stop,-130.1003488317384,1.78,-131.8803488317384,-1.0175332272736637,86383.6168662907
2025-01-15T16:30:00Z,2025-01-15T16:30:00Z,2025-01-16T17:30:00Z,long,0,246,27.672767,27.147368769057167,28.198165230942834,28.19534541441974,target,128.55428994725617,2.46,126.09428994725617,0.9755998102618506,86509.71115623796
2025-01-16T18:15:00Z,2025-01-16T18:15:00Z,2025-01-17T14:30:00Z,long,0,573,28.092809,27.86641452476651,28.31920347523349,27.86362788331403,stop,-131.32077986105972,5.73,-137.0507798610597,-1.0564794765388594,86372.6603763769
2025-01-21T16:45:00Z,2025-01-21T16:45:00Z,2025-01-23T14:30:00Z,long,0,437,27.962796,27.666922859459884,28.258669140540118,27.66415616717394,stop,-130.5056069449891,4.37,-134.8756069449891,-1.0431492100385986,86237.7847694319
2025-01-23T16:45:00Z,2025-01-23T16:45:00Z,2025-01-24T14:45:00Z,short,0,368,27.677232,28.028140467975515,27.326323532024485,28.030943282022314,stop,-130.1657517842114,3.68,-133.84575178421142,-1.0364847680099079,86103.93901764769
2025-01-27T16:45:00Z,2025-01-27T16:45:00Z,2025-01-29T14:30:00Z,short,0,296,27.457254000000002,27.893173224446823,27.021334775553182,27.89596254176927,stop,-129.85772836370273,2.96,-132.81772836370274,-1.0293387320521943,85971.12128928398
2025-01-29T15:30:00Z,2025-01-29T15:30:00Z,2025-01-30T14:30:00Z,long,0,339,28.012801,27.632789417533136,28.392812582466863,28.389973301208617,target,127.86141010972116,3.39,124.47141010972116,0.9662134475615193,86095.5926993937
2025-01-30T15:30:00Z,2025-01-30T15:30:00Z,2025-01-31T20:45:00Z,long,0,157,28.752875,27.93161742110525,29.574132578894748,28.517148,weekend_close,-37.009139000000104,1.57,-38.579139000000104,-0.299208197665221,86057.01356039371
2025-02-03T18:15:00Z,2025-02-03T18:15:00Z,2025-02-04T14:30:00Z,long,0,783,28.702869999999997,28.53820634781032,28.867533652189675,28.864646898824457,target,126.6713117795521,7.83,118.8413117795521,0.9217389314894272,86175.85487217327
2025-02-04T15:30:00Z,2025-02-04T15:30:00Z,2025-02-07T20:45:00Z,long,0,171,29.422942000000003,28.667898915055908,30.177985084944098,29.037096,weekend_close,-65.97966600000075,1.71,-67.68966600000074,-0.5242694197104177,86108.16520617326
2025-02-10T17:00:00Z,2025-02-10T17:00:00Z,2025-02-10T17:00:00Z,long,0,2345,29.212921,29.157852632444584,29.26798936755542,29.15493684718134,stop,-135.97283835976236,23.45,-159.42283835976235,-1.2345409140782457,85948.7423678135
2025-02-10T19:15:00Z,2025-02-10T19:15:00Z,2025-02-10T19:15:00Z,short,0,5396,29.19708,29.220971228139753,29.173188771860247,29.223893325262566,stop,-144.68470311680596,53.96,-198.64470311680597,-1.5408720324976255,85750.09766469669
2025-02-11T16:00:00Z,2025-02-11T16:00:00Z,2025-02-11T20:45:00Z,short,0,1029,29.077092,29.20208954998848,28.952094450011522,28.954989659456523,target,125.64330841923865,10.290000000000001,115.35330841923864,0.8968363024220141,85865.45097311593
2025-02-12T16:45:00Z,2025-02-12T16:45:00Z,2025-02-14T14:30:00Z,long,0,499,29.30293,29.044872801207116,29.560987198792883,29.558031100073006,target,127.29544893642984,4.99,122.30544893642984,0.9497936938768511,85987.75642205236
2025-02-18T17:00:00Z,2025-02-18T17:00:00Z,2025-02-21T20:45:00Z,long,0,271,29.942994000000002,29.46796419287324,30.418023807126765,29.607039,weekend_close,-91.04380500000055,2.71,-93.75380500000054,-0.7282806148366244,85894.00261705236
2025-02-25T16:00:00Z,2025-02-25T16:00:00Z,2025-02-28T20:45:00Z,short,0,162,28.677132,29.46774715138148,27.88651684861852,28.322832,weekend_close,57.39660000000033,1.62,55.776600000000336,0.4354836855812716,85949.77921705236
2025-03-03T16:45:00Z,2025-03-03T16:45:00Z,2025-03-05T14:30:00Z,long,0,236,28.882887999999998,28.33851365915906,29.427262340840937,29.42431961460685,target,127.77786104721746,2.36,125.41786104721746,0.9762245843290637,86075.19707809958
2025-03-05T15:30:00Z,2025-03-05T15:30:00Z,2025-03-07T20:45:00Z,long,0,192,29.562956,28.89057406087997,30.23533793912003,29.567043,weekend_close,0.7847040000003744,1.92,-1.1352959999996255,-0.008794108907411472,86074.06178209958
2025-03-10T16:00:00Z,2025-03-10T16:00:00Z,2025-03-10T17:30:00Z,short,0,715,29.327067,29.507615961351014,29.146518038648985,29.149432690452848,target,127.0085313262135,7.15,119.8585313262135,0.9284700853041468,86193.9203134258
2025-03-11T15:45:00Z,2025-03-11T15:45:00Z,2025-03-12T17:15:00Z,long,0,255,29.772977,29.266315695434027,30.279638304565974,30.27661034073552,target,128.42650188755727,2.5500000000000003,125.87650188755727,0.9742866413656452,86319.79681531336
2025-03-13T15:45:00Z,2025-03-13T15:45:00Z,2025-03-14T19:45:00Z,long,0,199,30.823082,30.173246091283403,31.472917908716596,30.706929000000002,weekend_close,-23.114446999999416,1.99,-25.104446999999414,-0.19413054635460952,86294.69236831335
2025-03-17T16:30:00Z,2025-03-17T16:30:00Z,2025-03-17T16:30:00Z,short,0,29947,30.676932,30.681254262576484,30.672609737423517,30.68432238800274,stop,-221.3199495180598,299.47,-520.7899495180598,-4.0234455207228725,85773.90241879529
2025-03-18T17:15:00Z,2025-03-18T17:15:00Z,2025-03-19T13:30:00Z,long,0,544,31.043104,30.806762272388493,31.279445727611506,30.803681596161255,stop,-130.24578768827723,5.44,-135.68578768827723,-1.055346452610942,85638.21663110702
2025-03-19T15:45:00Z,2025-03-19T15:45:00Z,2025-03-21T13:30:00Z,short,0,285,30.466953,30.916128816986472,30.01777718301353,30.02077896073183,target,127.15960119142899,2.85,124.309601191429,0.9710541457785307,85762.52623229845
2025-03-24T15:45:00Z,2025-03-24T15:45:00Z,2025-03-24T15:45:00Z,long,0,8350,30.053005,30.03759889502059,30.068411104979408,30.034595135131088,stop,-153.72237165540542,83.5,-237.22237165540542,-1.8440653823196995,85525.30386064305
2025-03-24T17:30:00Z,2025-03-24T17:30:00Z,2025-03-25T13:30:00Z,short,0,1412,29.987001,30.077853805650737,29.896148194349262,30.0808615910313,stop,-132.53115453619773,14.120000000000001,-146.65115453619774,-1.1431742838032959,85378.65270610685
2025-03-25T15:45:00Z,2025-03-25T15:45:00Z,2025-03-27T15:00:00Z,long,0,224,30.623062,30.051673233180235,31.194450766819767,31.191331321743085,target,127.29232807045094,2.24,125.05232807045094,0.9770393717228616,85503.7050341773
2025-03-27T15:45:00Z,2025-03-27T15:45:00Z,2025-03-28T19:45:00Z,long,0,179,31.30313,30.588248963845814,32.018011036154185,30.986901,weekend_close,-56.60499099999998,1.79,-58.394990999999976,-0.45634026292682184,85445.3100431773
2025-03-31T14:45:00Z,2025-03-31T14:45:00Z,2025-04-01T16:00:00Z,short,0,481,30.776922000000003,31.043354911579627,30.51048908842038,30.51354013732922,target,126.6866759446469,4.8100000000000005,121.87667594464689,0.9510156277936395,85567.18671912195
2025-04-01T16:45:00Z,2025-04-01T16:45:00Z,2025-04-02T13:30:00Z,short,0,355,30.516948,30.878444929529383,30.155451070470615,30.881532774022336,stop,-129.42759477792953,3.5500000000000003,-132.97759477792954,-1.0362045799669481,85434.20912434402
2025-04-02T15:45:00Z,2025-04-02T15:45:00Z,2025-04-03T13:30:00Z,long,0,770,30.813080999999997,30.646850410423205,30.97931158957679,30.643785725382163,stop,-130.35736145573236,7.7,-138.05736145573235,-1.0785937478433076,85296.15176288829
2025-04-03T15:00:00Z,2025-04-03T15:00:00Z,2025-04-04T13:30:00Z,short,0,96,29.447055,30.774921190305196,28.1191888096948,28.12200072857577,target,127.20521005672595,0.96,126.24521005672595,0.9903514985361407,85422.39697294502
2025-04-07T17:30:00Z,2025-04-07T17:30:00Z,2025-04-08T13:30:00Z,short,0,356,26.977302,27.337002126440208,26.617601873559796,27.339735826652852,stop,-129.02644228841473,3.56,-132.58644228841473,-1.0354008777774537,85289.8105306566
2025-04-08T15:15:00Z,2025-04-08T15:15:00Z,2025-04-08T16:30:00Z,long,0,567,27.392739,27.167138534727243,27.618339465272754,27.16442182087377,stop,-129.45584056457187,5.67,-135.12584056457186,-1.056368296218267,85154.68469009202
2025-04-08T18:15:00Z,2025-04-08T18:15:00Z,2025-04-09T13:30:00Z,short,0,559,27.147285,27.375504681680358,26.919065318319642,27.378242232148526,stop,-129.1050927710262,5.59,-134.6950927710262,-1.055812673010423,85019.989597321
2025-04-09T15:45:00Z,2025-04-09T15:45:00Z,2025-04-09T17:30:00Z,long,0,371,27.562755999999997,27.21970337485567,27.905808625144324,27.90301804428181,target,126.23721842855326,3.71,122.52721842855327,0.9627153972160055,85142.51681574955
2025-04-10T15:45:00Z,2025-04-10T15:45:00Z,2025-04-11T13:30:00Z,long,0,335,28.192819,27.811779722891053,28.573858277108947,28.571000891281237,target,126.69093357921437,3.35,123.34093357921438,0.9662570590484465,85265.85774932876
2025-04-14T16:00:00Z,2025-04-14T16:00:00Z,2025-04-14T16:00:00Z,long,0,24771,29.072907,29.067743927537816,29.078070072462186,29.064837153145064,stop,-199.8981764436486,247.71,-447.60817644364863,-3.4998243753661087,84818.2495728851
2025-04-15T18:00:00Z,2025-04-15T18:00:00Z,2025-04-16T13:30:00Z,long,0,1027,29.412941,29.289146049969975,29.536735950030025,29.533782276435023,target,124.10399089876847,10.27,113.83399089876848,0.895361857718267,84932.08356378388
2025-04-16T14:30:00Z,2025-04-16T14:30:00Z,2025-04-17T14:15:00Z,long,0,249,29.852985,29.342206928251205,30.363763071748796,29.33927270755838,stop,-127.91436081796365,2.49,-130.40436081796366,-1.0253225841284486,84801.67920296591
2025-04-17T15:30:00Z,2025-04-17T15:30:00Z,2025-04-21T13:30:00Z,short,0,231,29.277072,29.826575234875154,28.727568765124847,29.82955789239864,stop,-127.62424114408569,2.31,-129.9342411440857,-1.0236261712388923,84671.74496182182
2025-04-21T15:45:00Z,2025-04-21T15:45:00Z,2025-04-22T14:30:00Z,long,0,527,29.782978,29.54239512223119,30.02356087776881,30.020558521681032,target,125.2049349259039,5.2700000000000005,119.9349349259039,0.9459547736382499,84791.67989674772
2025-04-22T15:15:00Z,2025-04-22T15:15:00Z,2025-04-22T16:30:00Z,long,0,457,29.962996,29.685058693919906,30.240933306080095,29.682090188050516,stop,-128.3739560609143,4.57,-132.9439560609143,-1.0466598243045964,84658.7359406868
2025-04-23T16:15:00Z,2025-04-23T16:15:00Z,2025-04-25T13:30:00Z,long,0,168,30.553055,29.797708704009935,31.308401295990066,29.794728933139535,stop,-127.39877923255827,1.68,-129.07877923255828,-1.0171838677694012,84529.65716145425
2025-04-28T15:00:00Z,2025-04-28T15:00:00Z,2025-04-28T15:00:00Z,short,0,10538,30.056994,30.06902598303555,30.044962016964448,30.072032885633856,stop,-158.47977680958064,105.38,-263.85977680958064,-2.0810273385419467,84265.79738464467
2025-04-28T17:00:00Z,2025-04-28T17:00:00Z,2025-04-29T13:30:00Z,long,0,1177,30.123012,30.01569788445382,30.230326115546177,30.227303082934622,target,122.75060461405084,11.77,110.98060461405085,0.8786456698145069,84376.77798925871
2025-04-29T17:45:00Z,2025-04-29T17:45:00Z,2025-04-29T17:45:00Z,long,0,1677,30.243024,30.16757691469648,30.318471085303518,30.16456015700501,stop,-131.58386470259597,16.77,-148.35386470259598,-1.1725283042957004,84228.42412455611
2025-05-01T17:00:00Z,2025-05-01T17:00:00Z,2025-05-02T13:30:00Z,short,0,436,29.317068,29.606301958712223,29.027834041287775,29.609262588908095,stop,-127.39684076392982,4.36,-131.75684076392983,-1.0448101953642572,84096.66728379218
2025-05-05T15:45:00Z,2025-05-05T15:45:00Z,2025-05-06T13:30:00Z,long,0,560,29.402939999999997,29.178014863539612,29.627865136460382,29.624902349946737,target,124.29891597017416,5.6000000000000005,118.69891597017417,0.9423684399278845,84215.36619976236
2025-05-07T16:00:00Z,2025-05-07T16:00:00Z,2025-05-09T19:45:00Z,short,0,348,29.667033000000004,30.029222901507495,29.304843098492512,29.782978,weekend_close,-40.34885999999875,3.48,-43.82885999999875,-0.34773194800791907,84171.53733976236
2025-05-12T15:45:00Z,2025-05-12T15:45:00Z,2025-05-13T14:15:00Z,short,0,607,29.547045,29.7547802664653,29.3393097335347,29.757755744491945,stop,-127.90142190661017,6.07,-133.97142190661017,-1.062461604365153,84037.56591785575
2025-05-13T15:15:00Z,2025-05-13T15:15:00Z,2025-05-14T13:30:00Z,long,0,325,29.942994000000002,29.556195746976115,30.32979225302389,29.55324012740142,stop,-126.67000859453933,3.25,-129.92000859453933,-1.0334945141903098,83907.64590926122
2025-05-14T15:45:00Z,2025-05-14T15:45:00Z,2025-05-16T19:45:00Z,short,0,246,29.337066,29.847454646681793,28.826677353318207,29.312931,weekend_close,5.937210000000277,2.46,3.4772100000002775,0.027694581554463395,83911.12311926122
2025-05-19T15:00:00Z,2025-05-19T15:00:00Z,2025-05-20T13:30:00Z,long,0,935,29.432942999999998,29.298336462353067,29.56754953764693,29.564592782693165,target,123.0925468181108,9.35,113.74254681811081,0.9037434943334645,84024.86566607933
2025-05-20T14:30:00Z,2025-05-20T14:30:00Z,2025-05-21T14:45:00Z,long,0,286,29.832983,29.392976798126025,30.272989201873973,30.269961902953785,target,124.97596624478288,2.86,122.11596624478288,0.9703929197708925,84146.98163232412
2025-05-21T15:45:00Z,2025-05-21T15:45:00Z,2025-05-22T13:30:00Z,long,0,268,30.403039999999997,29.933060079591716,30.87301992040828,29.930066773583757,stop,-126.75682467955234,2.68,-129.43682467955233,-1.0276465130609642,84017.54480764458
2025-05-22T16:00:00Z,2025-05-22T16:00:00Z,2025-05-23T14:30:00Z,short,0,455,30.006999,30.28379215652858,29.73020584347142,30.286820535744233,stop,-127.31879876362605,4.55,-131.86879876362605,-1.0470690076989237,83885.67600888095
2025-05-27T15:45:00Z,2025-05-27T15:45:00Z,2025-05-30T19:45:00Z,short,0,384,30.016998,30.344531491152413,29.68946450884759,30.003,weekend_close,5.375232000000324,3.84,1.535232000000324,0.012206385325464152,83887.21124088095
2025-06-02T15:45:00Z,2025-06-02T15:45:00Z,2025-06-05T13:30:00Z,long,0,100,31.30313,30.051885182617273,32.55437481738272,32.55111937990098,target,124.79893799009822,1.0,123.79893799009822,0.9894061998918235,84011.01017887105
2025-06-05T14:30:00Z,2025-06-05T14:30:00Z,2025-06-06T19:45:00Z,long,0,96,32.633263,31.32902315066224,33.93750284933776,32.686730999999995,weekend_close,5.132927999999538,0.96,4.172927999999538,0.033328225649650656,84015.18310687105
2025-06-09T14:30:00Z,2025-06-09T14:30:00Z,2025-06-13T19:45:00Z,long,0,183,33.313331000000005,32.62662236981814,34.00003963018187,32.946705,weekend_close,-67.09255800000068,1.83,-68.92255800000068,-0.5484509491314555,83946.26054887104
2025-06-16T15:45:00Z,2025-06-16T15:45:00Z,2025-06-17T13:30:00Z,long,0,839,33.113310999999996,32.96336521864502,33.26325678135497,33.25993045567683,target,123.01372331286399,8.39,114.62372331286399,0.9111257045198874,84060.8842721839
2025-06-17T15:45:00Z,2025-06-17T15:45:00Z,2025-06-20T13:30:00Z,long,0,172,33.793379,33.06129295623473,34.52546504376527,33.05798682693911,stop,-126.48745376647386,1.72,-128.20745376647386,-1.0181756357861804,83932.67681841743
2025-06-23T16:15:00Z,2025-06-23T16:15:00Z,2025-06-24T13:30:00Z,long,0,862,32.973296999999995,32.8273873080445,33.11920669195549,32.8241045693137,stop,-128.60387525158922,8.620000000000001,-137.22387525158922,-1.091033971443478,83795.45294316584
2025-06-24T15:45:00Z,2025-06-24T15:45:00Z,2025-06-25T17:45:00Z,short,0,268,32.456754000000004,32.924522689331276,31.98898531066873,32.927815141600206,stop,-126.24438594885424,2.68,-128.92438594885425,-1.028416720853918,83666.528557217
2025-07-01T14:30:00Z,2025-07-01T14:30:00Z,2025-07-01T19:45:00Z,long,0,323,33.10331,32.71507558203289,33.49154441796711,32.711804074474685,stop,-126.45641394467691,3.23,-129.6864139446769,-1.0341842632801492,83536.84214327233
2025-07-02T16:00:00Z,2025-07-02T16:00:00Z,2025-07-03T13:30:00Z,long,0,458,33.123312,32.850098888514886,33.39652511148511,33.39318545897396,target,123.60204421007438,4.58,119.02204421007438,0.951174918221748,83655.8641874824
2025-07-03T14:30:00Z,2025-07-03T14:30:00Z,2025-07-07T13:30:00Z,long,0,413,33.383338,33.079700976435795,33.68697502356421,33.07639300633815,stop,-126.76828238234452,4.13,-130.89828238234452,-1.0438285487765306,83524.96590510005
2025-07-07T18:00:00Z,2025-07-07T18:00:00Z,2025-07-08T13:30:00Z,long,0,1381,33.373337,33.28265188364615,33.464022116353846,33.27932361845779,stop,-129.83247990979407,13.81,-143.64247990979408,-1.1469730174503985,83381.32342519026
2025-07-08T16:00:00Z,2025-07-08T16:00:00Z,2025-07-08T18:45:00Z,short,0,477,33.086691,33.34882091066586,32.824561089334146,33.352155792756925,stop,-126.62670614505222,4.7700000000000005,-131.39670614505224,-1.0508712724053297,83249.92671904521
2025-07-09T15:45:00Z,2025-07-09T15:45:00Z,2025-07-10T13:30:00Z,short,0,833,33.09669,33.246553552834555,32.94682644716545,33.24987820818984,stop,-127.60577742213573,8.33,-135.93577742213574,-1.088911914226376,83113.99094162307
2025-07-10T15:45:00Z,2025-07-10T15:45:00Z,2025-07-11T13:30:00Z,long,0,336,33.463346,33.093380664155596,33.83331133584441,33.82992800471082,target,123.17155358283594,3.36,119.81155358283594,0.9638254456919916,83233.8024952059
2025-07-14T14:45:00Z,2025-07-14T14:45:00Z,2025-07-14T19:30:00Z,long,0,476,34.893489,34.63144504672082,35.155532953279184,34.62798190221615,stop,-126.38137854511422,4.76,-131.1413785451142,-1.0513774286191129,83102.66111666079
2025-07-15T15:00:00Z,2025-07-15T15:00:00Z,2025-07-18T14:00:00Z,short,0,279,34.406558999999994,34.852871545264904,33.960246454735085,34.85635683241943,stop,-125.49359524502235,2.79,-128.28359524502235,-1.0302148960355153,82974.37752141576
2025-07-21T15:00:00Z,2025-07-21T15:00:00Z,2025-07-25T15:30:00Z,long,0,178,35.393539,34.69735712293457,36.089720877065425,34.693887387222276,stop,-124.53798707443438,1.78,-126.31798707443438,-1.0193480125754952,82848.05953434133
2025-07-28T14:45:00Z,2025-07-28T14:45:00Z,2025-07-30T13:30:00Z,short,0,535,34.646535,34.87846007399566,34.41460992600434,34.418051386996936,target,122.23873295663928,5.3500000000000005,116.88873295663929,0.9420439508284951,82964.94826729796
2025-07-30T15:30:00Z,2025-07-30T15:30:00Z,2025-07-30T19:30:00Z,short,0,206,34.066593,34.67019522801672,33.46299077198327,33.46633707106047,target,123.65272136154216,2.06,121.59272136154216,0.9778889168102424,83086.5409886595
2025-08-05T14:30:00Z,2025-08-05T14:30:00Z,2025-08-07T13:30:00Z,long,0,287,34.273427000000005,33.8406797434253,34.70617425657471,34.70270363914906,target,123.20239543577783,2.87,120.33239543577783,0.9688718594491423,83206.87338409528
2025-08-07T15:45:00Z,2025-08-07T15:45:00Z,2025-08-08T19:45:00Z,long,0,426,34.693469,34.40082336379987,34.98611463620013,34.866513,weekend_close,73.71674399999885,4.26,69.45674399999885,0.5571379847553874,83276.33012809527
2025-08-11T15:45:00Z,2025-08-11T15:45:00Z,2025-08-13T13:30:00Z,short,0,255,34.266573,34.756430064707864,33.77671593529214,34.75990570771433,stop,-125.79984046715424,2.5500000000000003,-128.34984046715425,-1.0275093368603432,83147.98028762812
2025-08-13T15:30:00Z,2025-08-13T15:30:00Z,2025-08-14T14:00:00Z,long,0,239,34.90349,34.38333467673821,35.42364532326179,34.37989634327054,stop,-125.13888395834097,2.39,-127.52888395834097,-1.0258352320291588,83020.45140366978
2025-08-14T15:45:00Z,2025-08-14T15:45:00Z,2025-08-15T19:45:00Z,short,0,379,34.546544999999995,34.87497192396699,34.218118076033,34.50345,weekend_close,16.333004999997684,3.79,12.543004999997684,0.10076823057088904,83032.99440866978
2025-08-18T14:45:00Z,2025-08-18T14:45:00Z,2025-08-19T13:30:00Z,long,0,1424,34.553455,34.46602836277432,34.64088163722568,34.46258175993804,stop,-129.40349384823082,14.24,-143.64349384823083,-1.1538044154845644,82889.35091482155
2025-08-19T15:00:00Z,2025-08-19T15:00:00Z,2025-08-21T13:30:00Z,short,0,255,34.046594999999996,34.53373227893649,33.5594577210635,34.53718565216438,stop,-125.10061630191835,2.5500000000000003,-127.65061630191835,-1.0276172114301387,82761.70029851963
2025-08-25T18:30:00Z,2025-08-25T18:30:00Z,2025-08-26T13:30:00Z,short,0,1007,35.136486,35.25964997241763,35.01332202758237,35.01682335978513,target,120.50027869637358,10.07,110.43027869637359,0.8903792079961609,82872.130577216
2025-08-26T17:45:00Z,2025-08-26T17:45:00Z,2025-08-27T13:30:00Z,short,0,945,34.956504,35.08793883953823,34.82506916046177,34.828551667377816,target,120.91495432796606,9.450000000000001,111.46495432796605,0.8974206004784464,82983.59553154396
2025-08-27T15:00:00Z,2025-08-27T15:00:00Z,2025-08-27T16:30:00Z,short,0,816,34.876512000000005,35.029045552281374,34.723978447718636,35.0325484568366,stop,-127.32574877866193,8.16,-135.48574877866193,-1.0885241597882571,82848.1097827653
2025-08-27T18:00:00Z,2025-08-27T18:00:00Z,2025-08-28T13:30:00Z,long,0,832,35.063506000000004,34.91420560964804,35.212806390351965,35.20928510971293,target,121.2882192811544,8.32,112.9682192811544,0.9094357314996986,82961.07800204646
2025-08-28T15:00:00Z,2025-08-28T15:00:00Z,2025-08-29T15:15:00Z,long,0,318,35.373537,34.982213508169934,35.76486049183006,35.76128400578088,target,123.30354783832007,3.18,120.12354783832006,0.965306232994876,83081.20154988478
2025-09-02T14:30:00Z,2025-09-02T14:30:00Z,2025-09-05T19:45:00Z,long,0,130,36.843684,35.89195611405401,37.795411885945995,37.19628,weekend_close,45.837479999999786,1.3,44.53747999999979,0.3599726403513617,83125.73902988477
2025-09-08T14:30:00Z,2025-09-08T14:30:00Z,2025-09-08T14:45:00Z,long,0,507,37.40374,37.1580472606314,37.6494327393686,37.64566779609466,target,122.65739261999485,5.07,117.58739261999486,0.9439749692672648,83243.32642250478
2025-09-09T15:45:00Z,2025-09-09T15:45:00Z,2025-09-10T13:30:00Z,short,0,358,37.126287000000005,37.47415648069944,36.77841751930057,37.47790389634751,stop,-125.87884889240792,3.58,-129.45884889240793,-1.039518889729649,83113.86757361237
2025-09-10T15:45:00Z,2025-09-10T15:45:00Z,2025-09-11T14:15:00Z,long,0,559,37.413740999999995,37.19108345106918,37.636398548930806,37.63263490907591,target,122.36169517343723,5.59,116.77169517343722,0.9381847149535794,83230.6392687858
2025-09-11T15:45:00Z,2025-09-11T15:45:00Z,2025-09-12T13:30:00Z,long,0,400,37.643764,37.33233747277512,37.95519052722487,37.95139500817215,target,123.05240326886064,4.0,119.05240326886064,0.955702170988275,83349.69167205466
2025-09-15T15:30:00Z,2025-09-15T15:30:00Z,2025-09-16T13:30:00Z,long,0,419,38.553855,38.2554908171361,38.8522191828639,38.84833396094561,target,123.38668463621096,4.19,119.19668463621096,0.9534621690009543,83468.88835669086
2025-09-16T17:15:00Z,2025-09-16T17:15:00Z,2025-09-16T17:30:00Z,short,0,1745,38.626137,38.69786266008424,38.55441133991576,38.55826678104975,target,118.43353206818165,17.45,100.98353206818165,0.8068272760721881,83569.87188875905
2025-09-17T15:45:00Z,2025-09-17T15:45:00Z,2025-09-17T18:30:00Z,short,0,330,38.196180000000005,38.57519186434343,37.81716813565658,37.82094985247014,target,123.82594868485455,3.3000000000000003,120.52594868485455,0.9636377693942703,83690.3978374439
2025-09-22T14:30:00Z,2025-09-22T14:30:00Z,2025-09-25T15:00:00Z,long,0,129,39.623962,38.65442251832063,40.59350148167937,40.5894421315312,target,124.54693696752497,1.29,123.25693696752496,0.9854989400495424,83813.65477441142
2025-09-25T15:45:00Z,2025-09-25T15:45:00Z,2025-09-26T14:15:00Z,long,0,154,40.664066,39.84992832701026,41.478203672989736,41.474055852622435,target,124.73843730385522,1.54,123.19843730385521,0.9826223244094009,83936.85321171528
2025-09-29T15:00:00Z,2025-09-29T15:00:00Z,2025-09-30T13:30:00Z,long,0,139,42.654264999999995,41.753461457632845,43.555068542367145,41.74928611148708,stop,-125.79206550329513,1.3900000000000001,-127.18206550329514,-1.0157363348155963,83809.67114621199
2025-09-30T16:45:00Z,2025-09-30T16:45:00Z,2025-09-30T19:45:00Z,short,0,806,42.185781,42.341693682035256,42.02986831796474,42.34592785140346,stop,-129.07836223118937,8.06,-137.13836223118938,-1.0912957764717592,83672.5327839808
2025-10-01T14:45:00Z,2025-10-01T14:45:00Z,2025-10-02T14:30:00Z,long,0,115,43.264326,42.179146919373196,44.3495050806268,42.17492900468126,stop,-125.2806544616547,1.1500000000000001,-126.43065446165471,-1.013101906354224,83546.10212951915
2025-10-02T16:30:00Z,2025-10-02T16:30:00Z,2025-10-03T13:30:00Z,short,0,127,42.015798000000004,43.00041587007292,41.03118012992709,43.00471591165993,stop,-125.5925747808105,1.27,-126.86257478081049,-1.0145234430753824,83419.23955473833
2025-10-06T14:30:00Z,2025-10-06T14:30:00Z,2025-10-07T15:45:00Z,long,0,168,44.084407999999996,43.340415385438284,44.82840061456171,43.33608134389974,stop,-125.71887822484263,1.68,-127.39887822484263,-1.0192663761144805,83291.84067651349
2025-10-08T15:45:00Z,2025-10-08T15:45:00Z,2025-10-09T13:30:00Z,long,0,90,44.854485000000004,43.473617929035285,46.23535207096472,46.23072853575763,target,123.86191821818613,0.9,122.96191821818613,0.9894098892539462,83414.80259473168
2025-10-09T15:00:00Z,2025-10-09T15:00:00Z,2025-10-09T16:15:00Z,long,0,108,45.674567,44.52390286617662,46.82523113382339,44.519450475890004,stop,-124.75258460387994,1.08,-125.83258460387994,-1.0125600423805634,83288.9700101278
2025-10-09T18:00:00Z,2025-10-09T18:00:00Z,2025-10-10T13:30:00Z,short,0,95,43.705629,45.00920445031984,42.40205354968016,45.013705370764875,stop,-124.26725522266293,0.9500000000000001,-125.21725522266293,-1.0111239594466699,83163.75275490513
2025-10-13T15:45:00Z,2025-10-13T15:45:00Z,2025-10-15T19:45:00Z,long,0,80,46.784678,45.22804435832876,48.34131164167124,48.33647751050707,target,124.14396084056591,0.8,123.34396084056591,0.9904703773790728,83287.09671574569
2025-10-20T16:30:00Z,2025-10-20T16:30:00Z,2025-10-20T19:00:00Z,long,0,608,47.344734,47.139541201396426,47.54992679860358,47.54517180592372,target,121.8661860016216,6.08,115.7861860016216,0.9280920540083735,83402.88290174732
2025-10-21T15:45:00Z,2025-10-21T15:45:00Z,2025-10-24T19:45:00Z,short,0,43,44.355564,47.24927277800948,41.461855221990525,43.934393,weekend_close,18.110353000000046,0.43,17.680353000000046,0.14209135457053054,83420.56325474732
2025-10-27T14:30:00Z,2025-10-27T14:30:00Z,2025-10-30T14:00:00Z,short,0,62,42.155784,44.15706638393658,40.15450161606341,44.16148209057497,stop,-124.35328161564838,0.62,-124.97328161564839,-1.0072032346629836,83295.58997313167
2025-10-30T16:00:00Z,2025-10-30T16:00:00Z,2025-10-31T19:45:00Z,long,0,142,44.294429,43.414674892877805,45.1741831071222,44.015598000000004,weekend_close,-39.594001999999534,1.42,-41.014001999999536,-0.32830878271748587,83254.57597113168
2025-11-03T17:45:00Z,2025-11-03T17:45:00Z,2025-11-04T14:30:00Z,short,0,397,43.855614,44.169456711245765,43.54177128875424,43.546125465883115,target,122.86694804440438,3.97,118.89694804440438,0.9542631496143492,83373.47291917609
2025-11-04T15:30:00Z,2025-11-04T15:30:00Z,2025-11-07T14:30:00Z,short,0,120,42.865713,43.90009220858407,41.83133379141593,43.904482217804926,stop,-124.65230613659116,1.2,-125.85230613659117,-1.013911734788786,83247.6206130395
2025-11-10T15:30:00Z,2025-11-10T15:30:00Z,2025-11-12T14:30:00Z,long,0,75,45.424542,43.7749059672293,47.0741780327707,47.06947061496743,target,123.36964612255699,0.75,122.61964612255699,0.9910844468045644,83370.24025916206
2025-11-12T15:30:00Z,2025-11-12T15:30:00Z,2025-11-14T14:30:00Z,long,0,72,47.734773,46.01359211872398,49.45595388127602,46.0089907595121,stop,-124.25632131512845,0.72,-124.97632131512844,-1.008483338021423,83245.26393784693
2025-11-18T18:45:00Z,2025-11-18T18:45:00Z,2025-11-18T19:00:00Z,long,0,518,46.064606000000005,45.82362261376966,46.30558938623035,46.30095882729173,target,122.43076453711356,5.18,117.25076453711355,0.939288101277499,83362.51470238404
2025-11-19T15:30:00Z,2025-11-19T15:30:00Z,2025-11-19T16:45:00Z,long,0,106,47.184718,46.01419362242735,48.355242377572644,46.009592203065104,stop,-124.56333447509863,1.06,-125.62333447509863,-1.0124742548228896,83236.89136790895
2025-11-20T18:00:00Z,2025-11-20T18:00:00Z,2025-11-21T14:30:00Z,short,0,231,45.855414,46.394838176736044,45.31598982326396,45.32052142224629,target,123.56018546110843,2.31,121.25018546110843,0.9730609052967311,83358.14155337005
2025-11-24T17:15:00Z,2025-11-24T17:15:00Z,2025-11-24T18:30:00Z,long,0,517,45.774577,45.532821005132455,46.01633299486755,46.01173136156806,target,122.60880493068669,5.17,117.43880493068669,0.9396017736499701,83475.58035830074
2025-11-25T18:15:00Z,2025-11-25T18:15:00Z,2025-11-26T14:30:00Z,long,0,281,46.574657,46.13017579169417,47.01913820830583,47.014436294485,target,123.57798175028489,2.81,120.76798175028489,0.9669234299536112,83596.34834005102
2025-12-01T15:30:00Z,2025-12-01T15:30:00Z,2025-12-05T20:45:00Z,long,0,42,52.135213,49.17081202698706,55.09961397301294,52.944705000000006,weekend_close,33.99866400000025,0.42,33.578664000000245,0.2696976580693206,83629.92700405102
2025-12-08T17:15:00Z,2025-12-08T17:15:00Z,2025-12-09T14:30:00Z,short,0,410,52.544745,52.85053200901746,52.238957990982534,52.855817062218364,stop,-127.53954550952962,4.1,-131.63954550952963,-1.0499859469178017,83498.28745854148
2025-12-09T16:15:00Z,2025-12-09T16:15:00Z,2025-12-11T14:30:00Z,long,0,57,54.785478,52.61282727350781,56.958128726492184,56.95243291361953,target,123.51643007631345,0.5700000000000001,122.94643007631346,0.9927757311926555,83621.23388861779
2025-12-15T16:45:00Z,2025-12-15T16:45:00Z,2025-12-17T14:30:00Z,long,0,129,57.285728,56.3151894159941,58.2562665840059,58.2504409573475,target,124.44797149782767,1.29,123.15797149782766,0.9836939747484542,83744.39186011562
2025-12-17T15:30:00Z,2025-12-17T15:30:00Z,2025-12-19T20:45:00Z,long,0,57,59.775977000000005,57.605426129929825,61.946527870070184,60.943905,weekend_close,66.57189599999978,0.5700000000000001,66.00189599999979,0.5334719475902251,83810.39375611562
2025-12-22T15:30:00Z,2025-12-22T15:30:00Z,2025-12-23T16:45:00Z,long,0,75,62.216221,60.54985168212347,63.88259031787653,63.87620205884474,target,124.49857941335569,0.75,123.74857941335569,0.9901652899774516,83934.14233552897
2025-12-29T17:00:00Z,2025-12-29T17:00:00Z,2025-12-30T14:30:00Z,short,0,40,65.663433,68.78283285659758,62.544033143402416,68.78971113988324,stop,-125.05112559532961,0.4,-125.45112559532961,-1.0054107469582525,83808.69120993365
2025-12-30T16:00:00Z,2025-12-30T16:00:00Z,2025-12-31T14:30:00Z,long,0,39,68.946894,65.73677650254447,72.15701149745553,65.73020282489422,stop,-125.4509558291254,0.39,-125.8409558291254,-1.0051629504724948,83682.85025410452
2025-12-31T16:00:00Z,2025-12-31T16:00:00Z,2026-01-02T20:45:00Z,short,0,35,65.613438,69.19850527582417,62.02837072417583,65.786578,weekend_close,-6.059900000000127,0.35000000000000003,-6.4099000000001265,-0.051084118068021885,83676.44035410452
2026-01-05T15:30:00Z,2026-01-05T15:30:00Z,2026-01-06T17:45:00Z,long,0,30,69.516951,65.37031124729889,73.66359075270113,73.65622439362586,target,124.1782018087757,0.3,123.8782018087757,0.995811944101498,83800.3185559133
2026-01-07T16:45:00Z,2026-01-07T16:45:00Z,2026-01-07T18:15:00Z,short,0,118,71.302869,72.36118312151937,70.24455487848063,70.25157933396848,target,124.0521805917196,1.18,122.8721805917196,0.983913608311859,83923.19073650501
2026-01-07T19:15:00Z,2026-01-07T19:15:00Z,2026-01-08T14:30:00Z,short,0,229,70.832916,71.38081359664834,70.28501840335166,70.292046905192,target,123.8590227110325,2.29,121.56902271103249,0.9689202837455267,84044.75975921605
2026-01-08T16:00:00Z,2026-01-08T16:00:00Z,2026-01-09T14:30:00Z,short,0,52,68.69313000000001,71.10125527604876,66.28500472395126,71.10836540157636,stop,-125.59224088197038,0.52,-126.11224088197038,-1.0071051642112563,83918.64751833408
2026-01-12T15:30:00Z,2026-01-12T15:30:00Z,2026-01-14T14:30:00Z,long,0,22,77.457745,71.73931009268084,83.17617990731917,83.16786228932844,target,125.62258036522562,0.22,125.40258036522562,0.9967967427648285,84044.0500986993
2026-01-14T16:45:00Z,2026-01-14T16:45:00Z,2026-01-16T15:15:00Z,long,0,34,82.82828199999999,79.16977809954008,86.48678590045989,79.16186112173013,stop,-124.65830986117527,0.34,-124.99830986117527,-1.004897351020373,83919.05178883813
2026-01-20T16:45:00Z,2026-01-20T16:45:00Z,2026-01-23T14:30:00Z,long,0,31,85.288528,81.27107430974038,89.30598169025961,89.29705109209058,target,124.26421585480811,0.31,123.95421585480811,0.995287911291939,84043.00600469294
2026-01-26T15:30:00Z,2026-01-26T15:30:00Z,2026-01-30T14:30:00Z,long,0,11,101.480147,90.48415251052313,112.47614148947687,90.47510409527207,stop,-121.05547195200722,0.11,-121.16547195200722,-1.0017323049106006,83921.84053274094
2026-02-02T16:00:00Z,2026-02-02T16:00:00Z,2026-02-06T20:45:00Z,short,0,8,68.663133,82.89005876703744,54.43620723296256,70.20702,weekend_close,-12.351095999999984,0.08,-12.431095999999984,-0.10922155815279642,83909.40943674094
2026-02-09T15:30:00Z,2026-02-09T15:30:00Z,2026-02-12T16:15:00Z,long,0,28,74.057405,69.59893434604567,78.51587565395434,69.59197445261107,stop,-125.03205532689014,0.28,-125.31205532689015,-1.0038039710813293,83784.09738141405
2026-02-12T17:00:00Z,2026-02-12T17:00:00Z,2026-02-13T20:45:00Z,short,0,18,69.053094,75.90599889855591,62.200189101444096,69.71697099999999,weekend_close,-11.949785999999733,0.18,-12.129785999999733,-0.09833450339315075,83771.96759541404
2026-02-17T15:45:00Z,2026-02-17T15:45:00Z,2026-02-18T14:30:00Z,short,0,29,66.133386,70.4588298037879,61.807942196212096,70.46587568676829,stop,-125.64220091628023,0.29,-125.93220091628024,-1.0039408402359664,83646.03539449775
2026-02-18T16:45:00Z,2026-02-18T16:45:00Z,2026-02-20T15:30:00Z,long,0,34,70.757075,67.06740579403954,74.44674420596046,74.43929953153986,target,125.1956340723552,0.34,124.8556340723552,0.9952720221117881,83770.89102857011
2026-02-24T17:00:00Z,2026-02-24T17:00:00Z,2026-02-24T17:00:00Z,long,0,302,79.12791200000001,78.71312254602181,79.54270145397821,79.53474718383282,target,122.864225517509,3.02,119.844225517509,0.956714738108231,83890.73525408762
2026-02-25T16:45:00Z,2026-02-25T16:45:00Z,2026-02-26T14:30:00Z,long,0,43,82.158215,79.24362134554234,85.07280865445766,79.23569698340778,stop,-125.66827471346551,0.43,-126.09827471346551,-1.0061498665884852,83764.63697937415
2026-02-26T16:30:00Z,2026-02-26T16:30:00Z,2026-02-27T14:30:00Z,short,0,47,79.042095,81.70297272150619,76.38121727849382,81.71114301877833,stop,-125.44525688258135,0.47000000000000003,-125.91525688258135,-1.0068286855593873,83638.72172249157
2026-03-02T16:45:00Z,2026-03-02T16:45:00Z,2026-03-03T14:30:00Z,short,0,28,79.372062,83.73485985059678,75.00926414940322,75.01676507581816,target,121.9483138770916,0.28,121.6683138770916,0.9959886002023814,83760.39003636866
2026-03-03T16:45:00Z,2026-03-03T16:45:00Z,2026-03-06T20:45:00Z,short,0,23,75.242475,80.5821657668354,69.9027842331646,75.957595,weekend_close,-16.447759999999974,0.23,-16.677759999999974,-0.13579812608319736,83743.71227636865
2026-03-09T17:00:00Z,2026-03-09T17:00:00Z,2026-03-09T18:45:00Z,long,0,169,76.687668,75.94712940573149,77.42820659426852,77.42046377360909,target,123.84248573993516,1.69,122.15248573993516,0.97604065365836,83865.86476210858
2026-03-11T15:15:00Z,2026-03-11T15:15:00Z,2026-03-13T14:45:00Z,short,0,43,77.072292,79.99389053322744,74.15069346677257,74.15810853611924,target,125.30988894687272,0.43,124.87988894687271,0.9940391983537041,83990.74465105546
2026-03-16T16:15:00Z,2026-03-16T16:15:00Z,2026-03-16T16:30:00Z,short,0,155,72.91270800000001,73.72520354104128,72.10021245895874,72.10742248020463,target,124.8192555682833,1.55,123.2692555682833,0.9788183191456775,84114.01390662375
2026-03-16T17:15:00Z,2026-03-16T17:15:00Z,2026-03-16T18:00:00Z,short,0,246,73.052694,73.5645299086409,72.5408580913591,72.54811217716824,target,124.12712841661471,2.46,121.66712841661472,0.966289809843642,84235.68103504035
2026-03-17T16:45:00Z,2026-03-17T16:45:00Z,2026-03-18T13:30:00Z,short,0,98,71.972802,73.25365891473353,70.69194508526647,70.699014279775,target,124.83119658205018,0.98,123.85119658205018,0.9866736133348021,84359.5322316224
2026-03-24T17:00:00Z,2026-03-24T17:00:00Z,2026-03-24T17:00:00Z,long,0,201,63.196318999999995,62.5675545461066,63.82508345389339,62.56129779065199,stop,-127.63926307894877,2.0100000000000002,-129.64926307894876,-1.025855080314963,84229.88296854346
2026-03-26T15:00:00Z,2026-03-26T15:00:00Z,2026-03-27T19:45:00Z,short,0,49,62.613738,65.16595816233723,60.06151783766276,63.436343,weekend_close,-40.30764500000014,0.49,-40.797645000000145,-0.32622773391051496,84189.08532354346
2026-03-30T14:45:00Z,2026-03-30T14:45:00Z,2026-03-30T19:00:00Z,long,0,176,63.836383,63.12173261712874,64.55103338287125,63.11542044386703,stop,-126.88940987940225,1.76,-128.64940987940224,-1.0228253893829518,84060.43591366406
2026-03-31T15:45:00Z,2026-03-31T15:45:00Z,2026-04-02T13:30:00Z,long,0,41,66.77667699999999,63.761209811396654,69.79214418860333,63.754833690415516,stop,-123.89557569296352,0.41000000000000003,-124.30557569296352,-1.005430707733458,83936.13033797109
2026-04-02T15:45:00Z,2026-04-02T15:45:00Z,2026-04-08T13:30:00Z,short,0,48,65.313468,67.8922700295342,62.7346659704658,67.89905925653716,stop,-124.10838031378353,0.48,-124.58838031378353,-1.0065104753333807,83811.5419576573
2026-04-08T14:30:00Z,2026-04-08T14:30:00Z,2026-04-10T19:45:00Z,long,0,33,68.69686899999999,64.99049678959082,72.40324121040916,69.103089,weekend_close,13.405260000000155,0.33,13.075260000000155,0.10690237717821205,83824.6172176573
2026-04-13T15:45:00Z,2026-04-13T15:45:00Z,2026-04-14T13:30:00Z,short,0,69,67.06329299999999,68.87666474675041,65.24992125324957,68.88355241322508,stop,-125.59789951253107,0.6900000000000001,-126.28789951253107,-1.0093128540824192,83698.32931814477
2026-04-15T15:00:00Z,2026-04-15T15:00:00Z,2026-04-16T13:45:00Z,long,0,94,72.457245,71.12863744674755,73.78585255325245,71.12152458300287,stop,-125.55771919773059,0.9400000000000001,-126.49771919773059,-1.0128802999070627,83571.83159894703
2026-04-16T17:45:00Z,2026-04-16T17:45:00Z,2026-04-17T13:30:00Z,short,0,180,70.872912,71.56551515465972,70.18030884534028,71.57267170617519,stop,-125.9567471115335,1.8,-127.7567471115335,-1.024771113732356,83444.0748518355
2026-04-20T15:15:00Z,2026-04-20T15:15:00Z,2026-04-21T14:30:00Z,short,0,72,72.012798,73.73141928098457,70.29417671901544,70.30120613668734,target,123.2346141585117,0.72,122.5146141585117,0.99009123309462,83566.58946599401
2026-04-22T16:00:00Z,2026-04-22T16:00:00Z,2026-04-23T13:30:00Z,long,0,224,70.45704500000001,69.89759505366916,71.01649494633085,69.89060529416379,stop,-126.8824941073126,2.24,-129.1224941073126,-1.0303686855576637,83437.4669718867
2026-04-23T15:30:00Z,2026-04-23T15:30:00Z,2026-04-23T17:45:00Z,short,0,87,68.963103,70.39535399237525,67.53085200762476,67.53760509282552,target,124.0183179241805,0.87,123.14831792418049,0.9883029683414823,83560.61528981087
2026-04-23T18:30:00Z,2026-04-23T18:30:00Z,2026-04-24T19:45:00Z,short,0,176,68.78312100000001,69.49220424698686,68.07403775301316,68.786878,weekend_close,-0.6612319999987903,1.76,-2.42123199999879,-0.01940110707515876,83558.19405781088
2026-04-27T15:30:00Z,2026-04-27T15:30:00Z,2026-04-28T13:30:00Z,short,0,125,68.033196,69.03255637769595,67.03383562230405,67.04053900586628,target,124.08212426671561,1.25,122.83212426671561,0.9832859257430883,83681.02618207759
2026-04-28T15:45:00Z,2026-04-28T15:45:00Z,2026-05-01T13:30:00Z,short,0,60,66.083391,68.14304439069076,64.02373760930925,68.14985869512984,stop,-123.98806170778983,0.6,-124.58806170778982,-1.0081636573003363,83556.4381203698
2026-05-04T15:45:00Z,2026-05-04T15:45:00Z,2026-05-06T13:30:00Z,short,0,67,66.413358,68.25852893131824,64.56818706868177,68.26535478421137,stop,-124.08378454216151,0.67,-124.75378454216151,-1.0091188586420603,83431.68433582764
2026-05-06T15:45:00Z,2026-05-06T15:45:00Z,2026-05-07T13:30:00Z,long,0,35,69.956995,66.44309339789037,73.47089660210965,73.46354951244943,target,122.72940793572992,0.35000000000000003,122.37940793572993,0.9950632966928272,83554.06374376337
2026-05-07T14:30:00Z,2026-05-07T14:30:00Z,2026-05-08T19:45:00Z,long,0,25,73.977397,69.13678858575618,78.81800541424381,73.012698,weekend_close,-24.1174749999999,0.25,-24.3674749999999,-0.20135877901874447,83529.69626876336
2026-05-11T14:30:00Z,2026-05-11T14:30:00Z,2026-05-13T16:00:00Z,long,0,31,76.557655,72.5789453031992,80.53636469680079,80.5283110603311,target,123.09033787026438,0.31,122.78033787026438,0.9954624393721916,83652.47660663363
2026-05-14T15:00:00Z,2026-05-14T15:00:00Z,2026-05-15T13:30:00Z,short,0,40,76.402359,79.4852659134964,73.3194520865036,73.32678403171225,target,123.02299873151014,0.4,122.62299873151014,0.9943780510748567,83775.09960536515
2026-05-18T16:00:00Z,2026-05-18T16:00:00Z,2026-05-19T13:30:00Z,short,0,150,69.53304600000001,70.36891531174798,68.69717668825204,68.70404640592086,target,124.34993911187249,1.5,122.84993911187249,0.9798177568769184,83897.94954447701
2026-05-19T15:00:00Z,2026-05-19T15:00:00Z,2026-05-21T17:45:00Z,short,0,46,67.023297,69.74173453938798,64.30485946061202,69.74870871284192,stop,-125.36893879072824,0.46,-125.82893879072823,-1.0062440917652138,83772.12060568629
2026-05-21T18:15:00Z,2026-05-21T18:15:00Z,2026-05-22T14:00:00Z,long,0,110,69.396939,68.26420438486966,70.52967361513035,68.25737796443117,stop,-125.35171391257151,1.1,-126.4517139125715,-1.0148546890098786,83645.66889177372
2026-05-26T16:00:00Z,2026-05-26T16:00:00Z,2026-05-26T16:15:00Z,long,0,1118,68.756875,68.64469843850162,68.86905156149837,68.86216465634222,target,117.71383579060455,11.18,106.53383579060454,0.8494613765069311,83752.20272756432
2026-05-27T15:45:00Z,2026-05-27T15:45:00Z,2026-05-29T15:00:00Z,short,0,79,67.323267,68.91310292839198,65.73343107160802,68.91999423868482,stop,-126.14145185610084,0.79,-126.93145185610085,-1.0106245619382423,83625.27127570822
2026-06-01T15:45:00Z,2026-06-01T15:45:00Z,2026-06-02T13:30:00Z,short,0,235,67.803219,68.33574592676388,67.27069207323612,68.34257950135655,stop,-126.74971781879037,2.35,-129.09971781879037,-1.0316107482019212,83496.17155788942
2026-06-02T15:00:00Z,2026-06-02T15:00:00Z,2026-06-02T17:30:00Z,long,0,197,68.496849,67.86372887977501,69.12996912022498,67.85694250688704,stop,-126.06157914325314,1.97,-128.03157914325314,-1.026513725202743,83368.13997874617
2026-06-03T14:30:00Z,2026-06-03T14:30:00Z,2026-06-05T13:30:00Z,short,0,84,66.69333,68.17540426979097,65.21125573020903,65.21777685578205,target,123.94646411430818,0.84,123.10646411430818,0.9888527006306193,83491.24644286047
2026-06-09T15:00:00Z,2026-06-09T15:00:00Z,2026-06-11T13:30:00Z,short,0,55,59.764023,62.03371803294139,57.49432796705862,57.50007739985532,target,124.51700800795741,0.55,123.96700800795742,0.9930609916450781,83615.21345086842
2026-06-15T14:30:00Z,2026-06-15T14:30:00Z,2026-06-17T19:30:00Z,long,0,36,64.336433,60.864237181148795,67.8086288188512,60.85815075743068,stop,-125.21816073249556,0.36,-125.57816073249556,-1.0046329252603727,83489.63529013594
2026-06-22T16:30:00Z,2026-06-22T16:30:00Z,2026-06-23T13:30:00Z,short,0,138,59.174082,60.07825936504228,58.26990463495772,58.275731625421216,target,123.97235169187203,1.3800000000000001,122.59235169187204,0.9824957015344475,83612.2276418278
2026-06-24T14:30:00Z,2026-06-24T14:30:00Z,2026-06-24T18:00:00Z,short,0,40,53.534646,56.608661667607294,50.46063033239271,50.46567639542595,target,122.75878418296202,0.4,122.35878418296201,0.9951054045716844,83734.58642601076
2026-06-24T18:30:00Z,2026-06-24T18:30:00Z,2026-06-26T19:45:00Z,short,0,43,51.614838,54.48928215278717,48.74039384721283,53.265325999999995,weekend_close,-70.97098399999982,0.43,-71.40098399999982,-0.577672729661463,83663.18544201077
2026-06-29T15:00:00Z,2026-06-29T15:00:00Z,2026-06-30T13:30:00Z,short,0,141,52.464753,53.34935181569742,51.580154184302586,53.35468675087899,stop,-125.48065887393736,1.41,-126.89065887393735,-1.0173354688130376,83536.29478313684
2026-06-30T15:45:00Z,2026-06-30T15:45:00Z,2026-07-02T13:30:00Z,long,0,100,53.945394,52.69640543643434,55.19438256356566,55.188863125309304,target,124.34691253093035,1.0,123.34691253093035,0.9875743952274058,83659.64169566777
2026-07-02T15:45:00Z,2026-07-02T15:45:00Z,2026-07-07T19:00:00Z,long,0,113,55.285528,54.18140883420536,56.38964716579464,54.175990693321936,stop,-125.37771565462121,1.1300000000000001,-126.50771565462121,-1.0139642000257503,83533.13398001315
2026-07-09T15:00:00Z,2026-07-09T15:00:00Z,2026-07-10T19:45:00Z,long,0,78,54.485448,52.89081011918555,56.080085880814444,53.964603,weekend_close,-40.625910000000104,0.78,-41.405910000000105,-0.3328937600108166,83491.72807001315
2026-07-13T14:30:00Z,2026-07-13T14:30:00Z,2026-07-16T13:30:00Z,short,0,77,52.424757,54.03122124974226,50.81829275025774,50.82337457953277,target,123.30644637597685,0.77,122.53644637597685,0.9906117865508383,83614.26451638913
2026-07-16T15:15:00Z,2026-07-16T15:15:00Z,2026-07-17T19:45:00Z,short,0,73,50.634936,52.34485913068027,48.92501286931974,50.785078,weekend_close,-10.96036599999966,0.73,-11.69036599999966,-0.093654502431513,83602.57415038913
2026-07-20T14:45:00Z,2026-07-20T14:45:00Z,2026-07-21T13:30:00Z,long,0,161,51.375136999999995,50.59637011515447,52.15390388484552,52.14868849445703,target,124.54179060758317,1.61,122.93179060758317,0.9804622016105579,83725.50594099672
2026-07-21T15:45:00Z,2026-07-21T15:45:00Z,2026-07-24T19:45:00Z,long,0,63,53.275327000000004,51.2916061314319,55.25904786856811,52.604739,weekend_close,-42.24704400000014,0.63,-42.87704400000014,-0.3430865757294098,83682.62889699673
2026-07-27T16:30:00Z,2026-07-27T16:30:00Z,2026-07-27T17:00:00Z,long,0,324,53.195319,52.80821193578259,53.58242606421741,52.80293111458901,stop,-127.1336748731608,3.24,-130.3736748731608,-1.0394744054192657,83552.25522212357
2026-07-28T15:00:00Z,2026-07-28T15:00:00Z,2026-07-29T18:00:00Z,short,0,91,51.514848,52.885269388746934,50.14442661125307,52.89055791568581,stop,-125.18960232740875,0.91,-126.09960232740875,-1.0111560772944854,83426.15561979616
2026-07-30T16:00:00Z,2026-07-30T16:00:00Z,2026-07-31T13:30:00Z,long,0,181,52.955295,52.26711598438152,53.64347401561848,52.26188927278308,stop,-125.50643662626248,1.81,-127.31643662626249,-1.0221260911083645,83298.8391831699
