decision_timestamp,entry_timestamp,exit_timestamp,side,rrms_tier,quantity,entry_price,stop_price,target_price,exit_price,exit_reason,gross_pnl,costs,net_pnl,result_r,equity_after
2021-03-10T17:15:00Z,2021-03-10T17:15:00Z,2021-03-11T14:45:00Z,long,0,73,322.792276,320.74048063264627,324.84407136735376,324.811586960217,target,147.4097000958419,0.73,146.67970009584192,0.979294033014838,100146.67970009585
2021-03-11T15:45:00Z,2021-03-11T15:45:00Z,2021-03-12T20:45:00Z,long,0,44,325.95259200000004,322.6087159438398,329.2964680561603,328.287168,weekend_close,102.72134399999868,0.44,102.28134399999868,0.6951740916705123,100248.96104409585
2021-03-15T18:45:00Z,2021-03-15T18:45:00Z,2021-03-17T18:00:00Z,long,0,115,329.06290299999995,327.7648881547531,330.3609178452468,330.32788175346224,target,145.47255664816305,1.1500000000000001,144.32255664816304,0.9668446844486168,100393.283600744
2021-03-18T15:15:00Z,2021-03-18T15:15:00Z,2021-03-18T18:30:00Z,long,0,66,331.98319499999997,329.7178023262848,334.2485876737151,329.6848305460522,stop,-151.69205396055372,0.66,-152.35205396055372,-1.0189687998602717,100240.93154678345
2021-03-22T14:45:00Z,2021-03-22T14:45:00Z,2021-03-22T18:30:00Z,short,0,166,326.817315,327.719079963137,325.915550036863,327.75185187113334,stop,-155.13312060813314,1.6600000000000001,-156.79312060813314,-1.0474313260603323,100084.13842617533
2021-03-23T15:45:00Z,2021-03-23T15:45:00Z,2021-03-23T16:00:00Z,short,0,236,326.627334,327.2607919726073,325.99387602739273,327.29351805180454,stop,-157.21943622586696,2.36,-159.57943622586697,-1.0674489564341156,99924.55898994947
2021-03-23T17:45:00Z,2021-03-23T17:45:00Z,2021-03-23T18:45:00Z,short,0,149,326.06739000000005,327.0683140994797,325.06646590052037,325.0989725471104,target,144.29420048055624,1.49,142.80420048055623,0.9575325975145036,100067.36319043003
2021-03-24T16:15:00Z,2021-03-24T16:15:00Z,2021-03-24T17:45:00Z,long,0,106,327.362733,325.9559487877046,328.7695172122954,325.9233531928258,stop,-152.57425956046427,1.06,-153.63425956046427,-1.0302786984005765,99913.72893086956
2021-03-29T17:15:00Z,2021-03-29T17:15:00Z,2021-04-05T13:30:00Z,long,0,52,331.34313099999997,328.4784560272999,334.20780597270004,334.17438519210276,target,147.22521798934508,0.52,146.70521798934507,0.9848426851174824,100060.43414885891
2021-04-05T15:00:00Z,2021-04-05T15:00:00Z,2021-04-09T19:45:00Z,long,0,36,335.073504,331.01169507081767,339.13531292918236,337.846212,weekend_close,99.81748799999878,0.36,99.45748799999878,0.6801669030148363,100159.89163685891
2021-04-12T17:00:00Z,2021-04-12T17:00:00Z,2021-04-13T13:30:00Z,long,0,167,337.483745,336.5856152746492,338.3818747253508,336.5519567131217,stop,-155.60864390867874,1.67,-157.27864390867873,-1.048610529520593,100002.61299295023
2021-04-13T16:00:00Z,2021-04-13T16:00:00Z,2021-04-13T18:45:00Z,short,0,218,336.23637299999996,336.92382631755,335.54891968244993,336.9575187001817,stop,-157.20976263962166,2.18,-159.38976263962167,-1.0635568721777944,99843.22323031061
2021-04-15T15:45:00Z,2021-04-15T15:45:00Z,2021-04-16T13:30:00Z,long,0,77,339.90398700000003,337.9813750415602,341.82659895843983,341.79241629854397,target,145.4090559878834,0.77,144.63905598788338,0.9770194605823027,99987.86228629849
2021-04-19T16:00:00Z,2021-04-19T16:00:00Z,2021-04-20T13:30:00Z,short,0,153,340.405956,341.38524244562535,339.42666955437466,339.4606122213301,target,144.6375981364938,1.53,143.1075981364938,0.9551278717766859,100130.96988443499
2021-04-20T14:30:00Z,2021-04-20T14:30:00Z,2021-04-20T15:30:00Z,short,0,99,339.06609000000003,340.5801200557357,337.5520599442644,337.5858151502588,target,146.5472101243837,0.99,145.5572101243837,0.9711001734551854,100276.52709455938
2021-04-20T18:45:00Z,2021-04-20T18:45:00Z,2021-04-21T13:45:00Z,short,0,69,336.9663,339.13009034072826,334.8025096592717,339.1640033497623,stop,-151.64153113360015,0.6900000000000001,-152.33153113360015,-1.0202944842702606,100124.19556342578
2021-04-21T16:00:00Z,2021-04-21T16:00:00Z,2021-04-22T17:45:00Z,long,0,77,340.10400699999997,338.1702817773348,342.0377322226651,338.1364647491571,stop,-151.50075331490194,0.77,-152.27075331490195,-1.0226593870029508,99971.92481011087
2021-04-27T18:00:00Z,2021-04-27T18:00:00Z,2021-04-27T18:30:00Z,short,0,724,339.66603,339.8728731136905,339.45918688630945,339.9068604010019,stop,-174.36121032538654,7.24,-181.60121032538655,-1.2126601486825592,99790.32359978548
2021-04-28T15:45:00Z,2021-04-28T15:45:00Z,2021-04-29T13:30:00Z,short,0,120,338.55614099999997,339.79935999112115,337.3129220088788,339.8333399271203,stop,-153.26387125443716,1.2,-154.46387125443715,-1.0353758559941757,99635.85972853104
2021-04-29T16:45:00Z,2021-04-29T16:45:00Z,2021-04-29T16:45:00Z,short,0,635,338.72612399999997,338.9612078818641,338.49104011813586,338.9951040026523,stop,-170.80230168421878,6.3500000000000005,-177.15230168421877,-1.1867253528405355,99458.70742684681
2021-05-03T15:45:00Z,2021-05-03T15:45:00Z,2021-05-04T13:45:00Z,long,0,44,342.19421600000004,338.8373631286174,345.55106887138265,338.80347939230455,stop,-149.19241073860144,0.44,-149.63241073860144,-1.013072880461037,99309.07501610821
2021-05-04T15:45:00Z,2021-05-04T15:45:00Z,2021-05-04T19:45:00Z,short,0,64,338.846112,341.1709996679687,336.5212243320313,341.2051167679355,stop,-150.97630514787306,0.64,-151.61630514787305,-1.0189760135832078,99157.45871096033
2021-05-05T16:15:00Z,2021-05-05T16:15:00Z,2021-05-06T19:45:00Z,long,0,64,342.674264,340.36695187809426,344.98157612190573,344.94707796429356,target,145.46009371478794,0.64,144.82009371478796,0.9807142877681312,99302.27880467512
2021-05-10T14:30:00Z,2021-05-10T14:30:00Z,2021-05-11T13:30:00Z,long,0,43,350.045001,346.62702857257557,353.46297342742446,346.5923658697183,stop,-148.46331060211276,0.43,-148.89331060211276,-1.013067016719881,99153.38549407301
2021-05-12T14:45:00Z,2021-05-12T14:45:00Z,2021-05-12T19:15:00Z,short,0,39,339.966,343.7537932850726,336.1782067149274,336.2118245355989,target,146.41284311164293,0.39,146.02284311164294,0.9884846354093813,99299.40833718465
2021-05-13T16:15:00Z,2021-05-13T16:15:00Z,2021-05-13T17:30:00Z,long,0,70,340.79407599999996,338.6833827604489,342.904769239551,338.6495144221729,stop,-150.11931044789435,0.7000000000000001,-150.81931044789434,-1.020783853121808,99148.58902673675
2021-05-17T16:15:00Z,2021-05-17T16:15:00Z,2021-05-17T18:45:00Z,short,0,127,342.46575,343.63062307309383,341.3008769269062,343.66498613540114,stop,-152.30298919594253,1.27,-153.57298919594254,-1.0380840310691377,98995.0160375408
2021-05-18T16:30:00Z,2021-05-18T16:30:00Z,2021-05-18T17:15:00Z,short,0,362,342.885708,343.29497748597646,342.4764385140236,343.3293069837251,stop,-160.58283210846923,3.62,-164.20283210846924,-1.1083137132563248,98830.81320543234
2021-05-20T15:45:00Z,2021-05-20T15:45:00Z,2021-05-21T19:45:00Z,long,0,37,342.55425199999996,338.54967509192704,346.5588289080729,341.995797,weekend_close,-20.66283499999929,0.37,-21.03283499999929,-0.14195132545813247,98809.78037043233
2021-05-24T14:45:00Z,2021-05-24T14:45:00Z,2021-05-27T13:30:00Z,long,0,77,344.11440799999997,342.195762833789,346.03305316621095,345.9984498608943,target,145.07122328886436,0.77,144.30122328886435,0.9767527075343894,98954.08159372119
2021-05-27T15:45:00Z,2021-05-27T15:45:00Z,2021-05-28T13:30:00Z,long,0,152,344.44444100000004,343.4681310098811,345.42075099011896,345.38620891501995,target,143.1487230830262,1.52,141.6287230830262,0.9543771183847191,99095.71031680421
2021-06-01T14:30:00Z,2021-06-01T14:30:00Z,2021-06-01T17:30:00Z,long,0,167,346.524649,345.63785349535334,347.4114445046467,345.6032897100038,stop,-153.86700142936365,1.67,-155.53700142936364,-1.0502526062841002,98940.17331537485
2021-06-02T16:00:00Z,2021-06-02T16:00:00Z,2021-06-02T16:30:00Z,long,0,228,346.774674,346.1253252603958,347.4240227396042,346.0907127278698,stop,-155.94317004568666,2.2800000000000002,-158.22317004568666,-1.0687035021477136,98781.95014532916
2021-06-02T18:45:00Z,2021-06-02T18:45:00Z,2021-06-03T13:30:00Z,short,0,327,346.105386,346.55805435891364,345.6527176410864,345.6872829128505,target,136.71970949789244,3.27,133.44970949789243,0.9015498413207799,98915.39985482705
2021-06-03T14:30:00Z,2021-06-03T14:30:00Z,2021-06-03T15:00:00Z,short,0,96,344.855511,346.39237069484216,343.3186513051578,346.42700993191164,stop,-150.8638974635196,0.96,-151.82389746351961,-1.0290457464785479,98763.57595736353
2021-06-03T17:30:00Z,2021-06-03T17:30:00Z,2021-06-04T18:30:00Z,long,0,151,346.784675,345.80741713774887,347.7619328622511,347.7271566689649,target,142.31473201369806,1.51,140.80473201369807,0.9541818029653999,98904.38068937723
2021-06-07T14:30:00Z,2021-06-07T14:30:00Z,2021-06-07T14:30:00Z,long,0,2321,347.194716,347.13080672472364,347.2586252752764,347.09609364405117,stop,-228.90248815730905,23.21,-252.11248815730906,-1.699633667869102,98652.26820121992
2021-06-07T16:45:00Z,2021-06-07T16:45:00Z,2021-06-08T15:15:00Z,short,0,131,346.305366,347.4294044443293,345.1813275556707,345.21584568842627,target,142.72716081615755,1.31,141.41716081615755,0.9603944749575335,98793.68536203608
2021-06-08T18:30:00Z,2021-06-08T18:30:00Z,2021-06-08T19:45:00Z,long,0,266,346.80467699999997,346.24805439306147,347.3612996069385,346.21342958762216,stop,-157.27181169249775,2.66,-159.93181169249775,-1.080170666593564,98633.75355034358
2021-06-09T18:00:00Z,2021-06-09T18:00:00Z,2021-06-09T19:45:00Z,short,0,180,345.68542800000006,346.5062859008097,344.8645700991904,344.8990565562003,target,141.54685988395272,1.8,139.7468598839527,0.945804923159019,98773.50041022753
2021-06-14T15:15:00Z,2021-06-14T15:15:00Z,2021-06-16T17:15:00Z,short,0,111,343.36566,344.69280474249075,342.03851525750923,342.072719109035,target,143.51643889711335,1.11,142.40643889711333,0.9666925165654401,98915.90684912464
2021-06-16T18:30:00Z,2021-06-16T18:30:00Z,2021-06-17T16:00:00Z,short,0,53,340.43595300000004,343.1866595927119,337.68524640728816,337.7190149319289,target,143.9977176077714,0.53,143.4677176077714,0.9840882612646921,99059.37456673241
2021-06-21T16:00:00Z,2021-06-21T16:00:00Z,2021-06-24T13:30:00Z,long,0,44,337.963793,334.60008246224953,341.3275035377505,341.2933707873967,target,146.50142264545548,0.44,146.06142264545548,0.9868797419223603,99205.43598937786
2021-06-24T15:00:00Z,2021-06-24T15:00:00Z,2021-06-25T13:30:00Z,long,0,77,341.144111,339.22154473360183,343.0666772663982,343.03237059867155,target,145.39598909770848,0.77,144.62598909770847,0.9769544132230898,99350.06197847557
2021-06-28T16:00:00Z,2021-06-28T16:00:00Z,2021-06-29T13:30:00Z,short,0,109,342.56574,343.9255935038015,341.2058864961985,343.95998606315186,stop,-151.97282088355212,1.09,-153.06282088355212,-1.0326451042161902,99196.99915759201
2021-06-29T15:45:00Z,2021-06-29T15:45:00Z,2021-06-29T18:30:00Z,long,0,155,343.704367,342.74534303381074,344.66339096618924,342.71106849950735,stop,-153.96126757635955,1.55,-155.51126757635956,-1.0461662438732586,99041.48789001565
2021-06-30T16:00:00Z,2021-06-30T16:00:00Z,2021-06-30T19:45:00Z,long,0,135,344.25442200000003,343.16106532441586,345.3477786755842,345.31324389771663,target,142.94095619174072,1.35,141.59095619174073,0.9592678410786832,99183.07884620738
2021-07-06T16:00:00Z,2021-07-06T16:00:00Z,2021-07-08T14:15:00Z,short,0,50,344.535543,347.4635217585524,341.6075642414476,341.64172499787173,target,144.69090010641423,0.5,144.19090010641423,0.984917665029118,99327.2697463138
2021-07-08T15:45:00Z,2021-07-08T15:45:00Z,2021-07-09T13:30:00Z,short,0,72,344.08558800000003,346.1368283770653,342.0343476229348,346.171442059903,stop,-150.18149231301186,0.72,-150.90149231301186,-1.0217496122524248,99176.36825400079
2021-07-12T15:15:00Z,2021-07-12T15:15:00Z,2021-07-15T13:30:00Z,long,0,75,349.854982,347.89417818941143,351.8157858105886,347.8593887715925,stop,-149.66949213056466,0.75,-150.41949213056466,-1.0228423759567826,99025.94876187023
2021-07-15T17:00:00Z,2021-07-15T17:00:00Z,2021-07-15T17:00:00Z,long,0,293,349.704967,349.1984496142871,350.21148438571294,349.16352976932563,stop,-158.6411085875921,2.93,-161.5711085875921,-1.0886837179304827,98864.37765328263
2021-07-20T16:00:00Z,2021-07-20T16:00:00Z,2021-07-23T19:45:00Z,long,0,25,345.664563,339.87986365011693,351.44926234988304,350.56494000000004,weekend_close,122.50942500000122,0.25,122.25942500000122,0.8453986463616149,98986.63707828263
2021-07-26T17:30:00Z,2021-07-26T17:30:00Z,2021-07-27T13:30:00Z,long,0,150,351.025099,350.03859926085136,352.01159873914867,350.0035954009253,stop,-153.22553986120795,1.5,-154.72553986120795,-1.0456197382929897,98831.91153842142
2021-07-27T15:45:00Z,2021-07-27T15:45:00Z,2021-07-28T13:30:00Z,short,0,117,349.55504099999996,350.8141965893191,348.2958854106808,350.84927800897805,stop,-151.42573005043613,1.17,-152.59573005043612,-1.0358028984196452,98679.31580837099
2021-07-28T14:45:00Z,2021-07-28T14:45:00Z,2021-07-28T14:45:00Z,long,0,1213,349.894986,349.77297132857416,350.0170006714259,349.98199897135873,target,105.54673425812439,12.13,93.4167342581244,0.6311779596563822,98772.7325426291
2021-07-29T15:00:00Z,2021-07-29T15:00:00Z,2021-07-30T14:30:00Z,long,0,85,351.475144,349.7385760296563,353.2117119703437,349.70360217205337,stop,-150.58105537546396,0.85,-151.43105537546396,-1.0258981268634413,98621.30148725364
2021-08-02T15:45:00Z,2021-08-02T15:45:00Z,2021-08-02T15:45:00Z,long,0,232,350.385035,349.74882485180564,351.0212451481944,349.71384996932045,stop,-155.7149271176595,2.32,-158.0349271176595,-1.070691865907562,98463.26656013599
2021-08-02T18:15:00Z,2021-08-02T18:15:00Z,2021-08-02T19:15:00Z,short,0,236,349.625034,350.2488041734575,349.0012638265426,349.0361639529252,target,138.97333110965428,2.36,136.61333110965427,0.9280181574989953,98599.87989124564
2021-08-03T17:45:00Z,2021-08-03T17:45:00Z,2021-08-04T13:30:00Z,long,0,112,350.385035,349.0649609312251,351.70510906877496,349.03005443513194,stop,-151.75782326522403,1.12,-152.87782326522404,-1.0340181639465147,98447.00206798041
2021-08-04T16:00:00Z,2021-08-04T16:00:00Z,2021-08-05T19:30:00Z,short,0,79,348.26517,350.13334457593925,346.3969954240608,350.1683579103968,stop,-150.35184492134795,0.79,-151.14184492134794,-1.02409482231335,98295.86022305906
2021-08-09T16:00:00Z,2021-08-09T16:00:00Z,2021-08-09T16:00:00Z,short,0,910,351.534843,351.6968555851733,351.37283041482675,351.40796769786823,target,115.45652493993202,9.1,106.35652493993203,0.7213964397074177,98402.21674799899
2021-08-10T16:15:00Z,2021-08-10T16:15:00Z,2021-08-11T13:30:00Z,long,0,147,352.445241,351.4461496986448,353.44433230135525,353.4089878681251,target,141.6707896143896,1.47,140.2007896143896,0.9546143248683797,98542.41753761338
2021-08-11T14:30:00Z,2021-08-11T14:30:00Z,2021-08-13T19:45:00Z,long,0,61,354.755472,352.3607519103727,357.1501920896273,355.36446,weekend_close,37.148268000000655,0.61,36.538268000000656,0.25012860692759875,98578.95580561338
2021-08-16T15:00:00Z,2021-08-16T15:00:00Z,2021-08-16T16:45:00Z,short,0,111,354.04459199999997,355.3754812755281,352.71370272447183,355.41101882365564,stop,-151.67337742577962,1.11,-152.78337742577963,-1.0342158802876111,98426.17242818761
2021-08-16T18:15:00Z,2021-08-16T18:15:00Z,2021-08-17T13:30:00Z,long,0,146,355.645561,354.63435259225446,356.6567694077455,354.59888915699526,stop,-152.8140890786907,1.46,-154.2740890786907,-1.0449595107308918,98271.89833910891
2021-08-17T16:00:00Z,2021-08-17T16:00:00Z,2021-08-18T19:30:00Z,short,0,76,353.274669,355.21069612852386,351.33864187147617,351.3737757356633,target,144.4678880895915,0.76,143.7078880895915,0.9766873802943404,98415.6062271985
2021-08-19T18:45:00Z,2021-08-19T18:45:00Z,2021-08-20T14:00:00Z,short,0,66,348.395157,350.62117303211744,346.1691409678825,350.65623514942064,stop,-149.23115786176322,0.66,-149.89115786176322,-1.02024339297338,98265.71506933673
2021-08-24T18:30:00Z,2021-08-24T18:30:00Z,2021-08-24T19:45:00Z,long,0,252,354.30542699999995,353.72200857950855,354.88884542049135,353.68663637865063,stop,-155.93523658002846,2.52,-158.45523658002847,-1.0777695719989528,98107.2598327567
2021-08-25T16:45:00Z,2021-08-25T16:45:00Z,2021-08-26T14:15:00Z,long,0,168,354.755472,353.88385089536314,355.62709310463686,353.84846251027363,stop,-152.37759427402898,1.68,-154.057594274029,-1.0520735269580406,97953.20223848267
2021-08-26T16:30:00Z,2021-08-26T16:30:00Z,2021-08-26T18:15:00Z,short,0,161,353.524644,354.43413632994833,352.6151516700517,352.6504131852187,target,140.75116117978916,1.61,139.14116117978915,0.9502343080017173,98092.34339966247
2021-08-30T17:00:00Z,2021-08-30T17:00:00Z,2021-08-30T19:30:00Z,long,0,296,354.865483,354.3696705646858,355.36129543531416,354.33423359762935,stop,-157.24982310170753,2.96,-160.20982310170754,-1.0916414430542942,97932.13357656077
2021-08-31T14:30:00Z,2021-08-31T14:30:00Z,2021-08-31T15:15:00Z,short,0,197,353.954601,354.6995189646058,353.2096830353943,354.73498891650223,stop,-153.73641955093473,1.97,-155.70641955093473,-1.06104021389862,97776.42715700984
2021-09-01T15:15:00Z,2021-09-01T15:15:00Z,2021-09-01T16:15:00Z,short,0,268,353.61463499999996,354.16113985543615,353.0681301445638,354.1965559694217,stop,-155.95481980502382,2.68,-158.63481980502382,-1.0831028554161697,97617.79233720481
2021-09-01T18:30:00Z,2021-09-01T18:30:00Z,2021-09-01T18:30:00Z,long,0,690,354.06540299999995,353.8533883158527,354.27741768414717,353.81800297702114,stop,-170.70601585537815,6.9,-177.60601585537816,-1.214066959626595,97440.18632134944
2021-09-02T15:45:00Z,2021-09-02T15:45:00Z,2021-09-03T13:30:00Z,long,0,122,355.105507,353.9160938144407,356.29492018555925,353.88070220505926,stop,-149.4261849827683,1.22,-150.6461849827683,-1.0381630285695211,97289.54013636668
2021-09-07T15:45:00Z,2021-09-07T15:45:00Z,2021-09-09T18:00:00Z,short,0,55,351.644832,354.25931219161106,349.03035180838896,349.0652548435698,target,141.87674360366202,0.55,141.326743603662,0.9828252532473144,97430.86687997033
2021-09-13T16:15:00Z,2021-09-13T16:15:00Z,2021-09-13T16:45:00Z,long,0,264,349.204917,348.65332895452076,349.7565050454793,348.6184636216253,stop,-154.8236918909206,2.64,-157.4636918909206,-1.0813384794379526,97273.4031880794
2021-09-14T16:30:00Z,2021-09-14T16:30:00Z,2021-09-14T17:00:00Z,short,0,150,347.755221,348.7244998831314,346.7859421168686,346.8206207110803,target,140.19004333795237,1.5,138.69004333795237,0.9539053259188335,97412.09323141736
2021-09-14T18:00:00Z,2021-09-14T18:00:00Z,2021-09-14T18:30:00Z,short,0,130,347.135283,348.25078533255504,346.019780667445,346.05438264551174,target,140.5170460834762,1.3,139.2170460834762,0.9600162395316676,97551.31027750083
2021-09-15T17:30:00Z,2021-09-15T17:30:00Z,2021-09-16T14:15:00Z,long,0,73,348.94489100000004,346.95616807640477,350.9336139235953,346.9214724595971,stop,-147.70955344941382,0.73,-148.4395534494138,-1.0224745319105846,97402.87072405142
2021-09-16T16:30:00Z,2021-09-16T16:30:00Z,2021-09-16T18:00:00Z,short,0,171,347.405256,348.2579915830045,346.5525204169955,348.2928173821628,stop,-151.77299634983893,1.71,-153.48299634983894,-1.0525670560155886,97249.38772770159
2021-09-20T14:30:00Z,2021-09-20T14:30:00Z,2021-09-23T13:30:00Z,short,0,26,340.69592700000004,346.20490172978793,335.18695227021215,346.2395222199609,stop,-144.13347571898282,0.26,-144.3934757189828,-1.0080995997189302,97104.9942519826
2021-09-23T14:30:00Z,2021-09-23T14:30:00Z,2021-09-24T19:45:00Z,long,0,31,347.10470699999996,342.4301932697331,351.77922073026684,347.845212,weekend_close,22.955655000001286,0.31,22.645655000001288,0.1562740088386338,97127.6399069826
2021-09-28T15:15:00Z,2021-09-28T15:15:00Z,2021-09-30T19:45:00Z,short,0,27,343.785618,349.0557395756203,338.5154964243797,338.5493479740221,target,141.37929070140297,0.27,141.10929070140295,0.9916792147935893,97268.74919768401
2021-10-04T16:45:00Z,2021-10-04T16:45:00Z,2021-10-05T14:00:00Z,short,0,39,338.616135,342.314247405025,334.91802259497496,342.3484788297655,stop,-145.56140936085495,0.39,-145.95140936085494,-1.011960540918221,97122.79778832315
2021-10-05T15:45:00Z,2021-10-05T15:45:00Z,2021-10-06T13:45:00Z,long,0,36,343.994396,340.0120914801535,347.9767005198465,339.9780902710055,stop,-144.58700624380185,0.36,-144.94700624380187,-1.011049182434123,96977.85078207935
2021-10-06T15:45:00Z,2021-10-06T15:45:00Z,2021-10-06T18:15:00Z,short,0,36,339.636033,343.5701243528743,335.7019416471257,343.6044813653096,stop,-142.86414115114553,0.36,-143.22414115114555,-1.0112750336625727,96834.6266409282
2021-10-11T15:15:00Z,2021-10-11T15:15:00Z,2021-10-11T16:45:00Z,long,0,129,348.854882,347.73378151234994,349.97598248765,347.6990081341987,stop,-149.10772868836182,1.29,-150.3977286883618,-1.039936989274766,96684.22891223984
2021-10-11T18:45:00Z,2021-10-11T18:45:00Z,2021-10-12T19:30:00Z,short,0,63,346.16537999999997,348.45529797512773,343.8754620248722,343.9098495710747,target,142.09841702229284,0.63,141.46841702229284,0.9806160977447218,96825.69732926213
2021-10-14T14:30:00Z,2021-10-14T14:30:00Z,2021-10-15T18:00:00Z,long,0,31,348.044801,343.3649703731056,352.7246316268944,352.6893591637317,target,143.98130307568232,0.31,143.67130307568232,0.9903260466516622,96969.3686323378
2021-10-18T16:45:00Z,2021-10-18T16:45:00Z,2021-10-19T13:30:00Z,long,0,171,352.595256,351.74546884235167,353.44504315764834,353.40969865333255,target,139.2696937198658,1.71,137.5596937198658,0.9466401628835248,97106.92832605768
2021-10-19T15:15:00Z,2021-10-19T15:15:00Z,2021-10-20T16:15:00Z,long,0,71,354.23542,352.1852301204011,356.28560987959884,356.2499813186109,target,143.03385362137402,0.71,142.323853621374,0.9777442267947948,97249.25217967905
2021-10-20T17:30:00Z,2021-10-20T17:30:00Z,2021-10-21T15:15:00Z,long,0,99,356.10560699999996,354.63262964621634,357.5785843537836,354.5971663832517,stop,-149.33562105807772,0.99,-150.32562105807773,-1.0308648757211776,97098.92655862098
2021-10-21T15:45:00Z,2021-10-21T15:45:00Z,2021-10-21T19:30:00Z,short,0,142,354.654531,355.6789746598427,353.63008734015733,355.7145425573087,stop,-150.52164113782908,1.42,-151.94164113782907,-1.04448062812255,96946.98491748315
2021-10-25T15:45:00Z,2021-10-25T15:45:00Z,2021-10-26T13:30:00Z,long,0,204,357.23571999999996,356.5236113478049,357.947828652195,357.91203386932983,target,137.96802934329435,2.04,135.92802934329436,0.9356912983376431,97082.91294682644
2021-10-26T15:00:00Z,2021-10-26T15:00:00Z,2021-10-27T13:30:00Z,long,0,103,358.675864,357.2627504848008,360.0889775151992,357.2270242097523,stop,-149.23049839551197,1.03,-150.26049839551197,-1.0323585292735973,96932.65244843093
2021-10-27T15:45:00Z,2021-10-27T15:45:00Z,2021-10-29T13:30:00Z,short,0,88,356.414355,358.04869252559894,354.78001747440106,358.0844973948515,stop,-146.97253074693162,0.88,-147.85253074693162,-1.0280265664436556,96784.79991768401
2021-11-01T15:30:00Z,2021-11-01T15:30:00Z,2021-11-02T14:30:00Z,long,0,131,358.595856,357.4935115545631,359.69820044543695,359.6622306253924,target,139.69507592640053,1.31,138.38507592640053,0.958298134276591,96923.18499361041
2021-11-03T17:15:00Z,2021-11-03T17:15:00Z,2021-11-03T18:00:00Z,short,0,177,359.174079,359.991848487548,358.356309512452,360.0278476723968,stop,-151.11705501422796,1.77,-152.88705501422797,-1.0562495734423905,96770.29793859618
2021-11-09T17:00:00Z,2021-11-09T17:00:00Z,2021-11-11T14:30:00Z,short,0,73,362.023794,363.98727019925764,360.0603178007424,360.09632383252244,target,140.7053222258623,0.73,139.9753222258623,0.9765690911876314,96910.27326082204
2021-11-11T16:00:00Z,2021-11-11T16:00:00Z,2021-11-12T20:45:00Z,short,0,80,360.233973,362.03861870281105,358.42932729718893,361.316128,weekend_close,-86.57240000000002,0.8,-87.37240000000001,-0.6051908129660983,96822.90086082205
2021-11-16T16:45:00Z,2021-11-16T16:45:00Z,2021-11-17T14:30:00Z,long,0,86,363.076304,361.39892477474746,364.75368322525253,361.36278488227,stop,-147.36264412478135,0.86,-148.22264412478137,-1.0275071324259024,96674.67821669727
2021-11-17T15:45:00Z,2021-11-17T15:45:00Z,2021-11-18T15:00:00Z,short,0,64,360.493947,362.7255998745492,358.2622941254508,358.29812035486333,target,140.5329052887464,0.64,139.89290528874642,0.979465341615112,96814.57112198601
2021-11-18T16:00:00Z,2021-11-18T16:00:00Z,2021-11-19T18:30:00Z,short,0,56,358.024194,360.5817260321857,355.46666196781433,355.5022086340111,target,141.2311804953806,0.56,140.6711804953806,0.982191164910718,96955.24230248139
2021-11-22T17:00:00Z,2021-11-22T17:00:00Z,2021-11-22T20:45:00Z,long,0,109,358.045801,356.72149279268706,359.3701092073129,356.6858206434078,stop,-148.23785886854859,1.09,-149.3278588685486,-1.0344875528423516,96805.91444361284
2021-11-23T16:30:00Z,2021-11-23T16:30:00Z,2021-11-23T19:45:00Z,short,0,87,356.484348,358.1389972940438,354.8296987059562,358.1748111937732,stop,-147.07029785826944,0.87,-147.94029785826945,-1.0276879819151614,96657.97414575458
2021-11-29T19:30:00Z,2021-11-29T19:30:00Z,2021-11-30T14:30:00Z,long,0,105,352.24522099999996,350.8735489082789,353.616893091721,350.8384615533881,stop,-147.70974189424805,1.05,-148.75974189424807,-1.0328703595873723,96509.21440386033
2021-11-30T16:45:00Z,2021-11-30T16:45:00Z,2021-12-03T20:45:00Z,short,0,24,345.805416,351.59701884605585,340.0138131539441,346.284625,weekend_close,-11.501016000000618,0.24,-11.741016000000618,-0.08446867180010133,96497.47338786033
2021-12-06T16:45:00Z,2021-12-06T16:45:00Z,2021-12-10T14:30:00Z,long,0,19,352.68526499999996,345.3402317562733,360.03029824372663,359.99429521390226,target,138.87157406414377,0.19,138.68157406414377,0.9937368520607225,96636.15496192448
2021-12-13T17:15:00Z,2021-12-13T17:15:00Z,2021-12-14T15:45:00Z,short,0,82,357.234273,359.0010695043702,355.46747649562974,355.5030232432793,target,141.9624800510951,0.8200000000000001,141.1424800510951,0.9742207166830473,96777.29744197558
2021-12-14T16:45:00Z,2021-12-14T16:45:00Z,2021-12-15T20:00:00Z,short,0,78,355.904406,357.75400833841644,354.05480366158355,357.78978373925025,stop,-147.05946366152023,0.78,-147.83946366152023,-1.0247487797149977,96629.45797831405
2021-12-21T16:45:00Z,2021-12-21T16:45:00Z,2021-12-23T14:30:00Z,long,0,27,354.43543999999997,349.08803774821087,359.7828422517891,359.7468639675639,target,143.40844712422637,0.27,143.13844712422636,0.9914017532139492,96772.59642543827
2021-12-27T16:15:00Z,2021-12-27T16:15:00Z,2021-12-28T14:30:00Z,long,0,65,361.52614900000003,359.32087829334796,363.7314197066521,363.69504656468143,target,140.9783417042911,0.65,140.3283417042911,0.9789716782475779,96912.92476714255
2021-12-28T15:30:00Z,2021-12-28T15:30:00Z,2021-12-31T20:45:00Z,long,0,43,364.646461,361.2957750012792,367.9971469987208,363.253671,weekend_close,-59.88996999999961,0.43,-60.31996999999961,-0.41865755267295746,96852.60479714256
2022-01-03T17:00:00Z,2022-01-03T17:00:00Z,2022-01-03T18:00:00Z,short,0,261,363.603636,364.15853788394975,363.04873411605024,364.19495373773816,stop,-154.33392954966126,2.61,-156.94392954966128,-1.0836469565719034,96695.6608675929
2022-01-05T16:45:00Z,2022-01-05T16:45:00Z,2022-01-05T19:00:00Z,long,0,155,368.616858,367.68603617206605,369.5476798279339,367.64926756844886,stop,-149.976516890423,1.55,-151.526516890423,-1.0502444208049988,96544.13435070247
2022-01-06T19:45:00Z,2022-01-06T19:45:00Z,2022-01-07T20:45:00Z,short,0,77,362.833713,364.7029082743319,360.9645177256681,362.346231,weekend_close,37.536114,0.77,36.766113999999995,0.25544789597794404,96580.90046470247
2022-01-10T16:30:00Z,2022-01-10T16:30:00Z,2022-01-12T14:30:00Z,short,0,29,358.294167,363.1965851200816,353.39174887991845,363.2329047785936,stop,-143.22339557921373,0.29,-143.51339557921372,-1.0094483288404708,96437.38706912326
2022-01-12T15:30:00Z,2022-01-12T15:30:00Z,2022-01-13T20:45:00Z,long,0,48,363.676364,360.68201251839224,366.6707154816077,360.6459443171404,stop,-145.4601447772602,0.48,-145.9401447772602,-1.015385034634316,96291.446924346
2022-01-18T16:00:00Z,2022-01-18T16:00:00Z,2022-01-20T20:30:00Z,short,0,29,353.75462100000004,358.6561592022249,348.8530827977752,348.887968106055,target,141.1329339244067,0.29,140.8429339244067,0.9908426076819267,96432.28985827041
2022-01-24T17:45:00Z,2022-01-24T17:45:00Z,2022-01-24T20:45:00Z,short,0,14,333.11668499999996,342.9893018447118,323.2440681552881,343.0236007748963,stop,-138.69682084854867,0.14,-138.83682084854865,-1.004487050483299,96293.45303742186
2022-01-25T17:15:00Z,2022-01-25T17:15:00Z,2022-01-25T18:45:00Z,long,0,51,340.474044,337.6595960201214,343.2884919798786,343.2541631306806,target,141.78607566471004,0.51,141.27607566471005,0.9842495404019097,96434.72911308656
2022-01-25T19:15:00Z,2022-01-25T19:15:00Z,2022-01-28T14:30:00Z,long,0,27,343.73437,338.4435671176682,349.02517288233184,338.4097227609564,stop,-143.7654754541772,0.27,-144.0354754541772,-1.0082869004358832,96290.69363763239
2022-01-31T15:45:00Z,2022-01-31T15:45:00Z,2022-02-01T14:30:00Z,long,0,29,347.05470199999996,342.1980884253751,351.91131557462484,351.8761244430674,target,139.82125084895557,0.29,139.53125084895558,0.9906949295300007,96430.22488848135
2022-02-01T15:30:00Z,2022-02-01T15:30:00Z,2022-02-01T20:45:00Z,long,0,46,350.645061,347.52821095740035,353.76191104259965,353.7265348514954,target,141.74779716878788,0.46,141.28779716878788,0.9854416508705641,96571.51268565013
2022-02-02T18:15:00Z,2022-02-02T18:15:00Z,2022-02-03T18:00:00Z,long,0,53,355.065503,352.3638145830184,357.7671914169816,352.3285782015601,stop,-145.05701431731325,0.53,-145.58701431731325,-1.0167437448278418,96425.92567133282
2022-02-07T18:00:00Z,2022-02-07T18:00:00Z,2022-02-07T18:00:00Z,short,0,146,350.42495399999996,351.41370995069,349.4361980493099,351.4488513216851,stop,-149.48900896602845,1.46,-150.94900896602846,-1.0456547148601825,96274.9766623668
2022-02-08T17:15:00Z,2022-02-08T17:15:00Z,2022-02-09T14:30:00Z,long,0,66,353.655362,351.49503638608314,355.8156876139169,355.7801060451555,target,140.2331069802608,0.66,139.5731069802608,0.9789006025444602,96414.54976934705
2022-02-10T19:15:00Z,2022-02-10T19:15:00Z,2022-02-11T18:30:00Z,short,0,37,352.984698,356.8631293453158,349.10626665468413,349.1411772813496,target,142.21026659006412,0.37,141.84026659006412,0.9884204146813879,96556.39003593712
2022-02-14T15:30:00Z,2022-02-14T15:30:00Z,2022-02-18T20:45:00Z,short,0,21,344.79551699999996,351.4098427420642,338.1811912579357,340.914088,weekend_close,81.51000899999934,0.21,81.30000899999935,0.5853096976127683,96637.69004493712
2022-02-22T16:00:00Z,2022-02-22T16:00:00Z,2022-02-23T19:15:00Z,short,0,31,337.716225,342.25522272743,333.17722727257,333.21054499529725,target,139.67608014578536,0.31,139.36608014578536,0.9904565445218291,96777.0561250829
2022-02-23T19:30:00Z,2022-02-23T19:30:00Z,2022-02-24T14:30:00Z,short,0,42,332.906706,336.32797862642167,329.4854333735783,329.51838191691564,target,142.30961148954236,0.42,141.88961148954238,0.9874466176692092,96918.94573657245
2022-02-28T19:45:00Z,2022-02-28T19:45:00Z,2022-02-28T20:45:00Z,short,0,77,336.136383,338.020289697404,334.25247630259605,338.0540917263737,stop,-147.66357193077408,0.77,-148.4335719307741,-1.0232506360479934,96770.51216464168
2022-03-01T17:30:00Z,2022-03-01T17:30:00Z,2022-03-02T15:00:00Z,short,0,33,332.876709,337.19333787420607,328.56008012579395,337.2270572079935,stop,-143.56149086378474,0.33,-143.89149086378475,-1.010128119665015,96626.6206737779
2022-03-02T17:00:00Z,2022-03-02T17:00:00Z,2022-03-04T14:45:00Z,long,0,28,338.973894,333.873045248183,344.0747427518169,333.8396579436582,stop,-143.75860957756936,0.28,-144.03860957756936,-1.0085058990446156,96482.58206420032
2022-03-07T16:00:00Z,2022-03-07T16:00:00Z,2022-03-08T14:30:00Z,short,0,39,331.906806,335.5629897848858,328.2506222151142,328.2834472773357,target,141.31099018390796,0.39,140.92099018390797,0.9882869503446396,96623.50305438423
2022-03-08T19:30:00Z,2022-03-08T19:30:00Z,2022-03-08T19:30:00Z,long,0,349,329.622959,329.2079928693844,330.0379251306156,329.17507207009743,stop,-156.3125385359906,3.49,-159.8025385359906,-1.1034320541372453,96463.70051584824
2022-03-09T17:00:00Z,2022-03-09T17:00:00Z,2022-03-10T14:30:00Z,long,0,35,334.153412,330.03738453256005,338.26943946743995,330.0043807941068,stop,-145.21609220626232,0.35000000000000003,-145.5660922062623,-1.0104478745084777,96318.13442364197
2022-03-10T16:45:00Z,2022-03-10T16:45:00Z,2022-03-11T14:30:00Z,short,0,37,329.287068,333.1569852222444,325.4171507777556,333.1903009207666,stop,-144.4196180683657,0.37,-144.7896180683657,-1.0111929263688806,96173.34480557361
2022-03-14T16:30:00Z,2022-03-14T16:30:00Z,2022-03-14T16:30:00Z,long,0,1804,332.25322200000005,332.1732800430476,332.3331639569525,332.1400627150433,stop,-204.13935006195334,18.04,-222.17935006195333,-1.5406088323558298,95951.16545551165
2022-03-14T18:15:00Z,2022-03-14T18:15:00Z,2022-03-15T13:30:00Z,short,0,44,329.507046,332.7362181448905,326.27787385510953,332.76949176670496,stop,-143.5476137350181,0.44,-143.9876137350181,-1.0134008407953596,95807.17784177663
2022-03-15T16:00:00Z,2022-03-15T16:00:00Z,2022-03-15T18:45:00Z,long,0,61,333.31332799999996,330.9719108559595,335.6547451440404,335.62117966952604,target,140.77895184109133,0.61,140.1689518410913,0.9813935442365485,95947.34679361772
2022-03-17T15:00:00Z,2022-03-17T15:00:00Z,2022-03-17T17:15:00Z,long,0,48,340.674064,337.70875965628125,343.63936834371873,343.60500440688435,target,140.6851395304493,0.48,140.20513953044932,0.985038993744991,96087.55193314816
2022-03-22T15:45:00Z,2022-03-22T15:45:00Z,2022-03-23T13:45:00Z,long,0,58,347.38473500000003,344.9108702200208,349.8585997799793,344.8763791329988,stop,-145.48464028607123,0.58,-146.06464028607124,-1.017984445787843,95941.48729286209
2022-03-23T15:45:00Z,2022-03-23T15:45:00Z,2022-03-25T13:30:00Z,short,0,66,345.215475,347.3788348237696,343.0521151762305,347.41357270725194,stop,-145.0744486786266,0.66,-145.7344486786266,-1.020679816177972,95795.75284418346
2022-03-28T17:00:00Z,2022-03-28T17:00:00Z,2022-03-28T18:30:00Z,short,0,173,346.515345,347.3446392004993,345.6860507995008,347.37937366441935,stop,-149.4769589445428,1.73,-151.20695894454278,-1.0539428153400123,95644.54588523891
2022-03-30T15:00:00Z,2022-03-30T15:00:00Z,2022-03-30T19:15:00Z,long,0,82,352.585255,350.84078886366126,354.3297211363388,350.8057047847749,stop,-145.92311764846056,0.8200000000000001,-146.74311764846055,-1.0258440550648875,95497.80276759046
2022-03-31T15:00:00Z,2022-03-31T15:00:00Z,2022-03-31T15:30:00Z,short,0,203,351.10488599999996,351.8077974349849,350.40197456501505,350.43701476247156,target,135.57786121826564,2.0300000000000002,133.54786121826564,0.9359233678457984,95631.35062880872
2022-03-31T17:30:00Z,2022-03-31T17:30:00Z,2022-03-31T19:15:00Z,short,0,140,350.31496500000003,351.3383283916711,349.29160160832896,349.3265307684898,target,138.38079241142964,1.4000000000000001,136.98079241142963,0.9560965728044156,95768.33142122015
2022-04-04T16:30:00Z,2022-04-04T16:30:00Z,2022-04-05T13:30:00Z,long,0,118,348.43483999999995,347.2222653249116,349.6474146750883,349.61244993362084,target,138.95797216726453,1.18,137.77797216726452,0.9629179609377762,95906.10939338742
2022-04-05T14:45:00Z,2022-04-05T14:45:00Z,2022-04-05T14:45:00Z,long,0,218,348.784875,348.12516941512683,349.44458058487317,349.4096361268147,target,136.19792564560237,2.18,134.01792564560236,0.9318719454722868,96040.12731903302
2022-04-07T15:45:00Z,2022-04-07T15:45:00Z,2022-04-07T17:15:00Z,short,0,74,342.895707,344.8318123254262,340.95960167457383,344.86629550665873,stop,-145.82354949274486,0.74,-146.56354949274487,-1.022975599854176,95893.56376954028
2022-04-11T15:45:00Z,2022-04-11T15:45:00Z,2022-04-11T19:30:00Z,short,0,69,345.45545100000004,347.5182277362384,343.3926742637617,343.4270135311881,target,139.96218534802415,0.6900000000000001,139.27218534802415,0.9785050574560743,96032.8359548883
2022-04-12T18:30:00Z,2022-04-12T18:30:00Z,2022-04-13T19:00:00Z,short,0,49,342.345762,345.2409504656288,339.45057353437113,345.2754745606754,stop,-143.5559154730945,0.49,-144.0459154730945,-1.0153786517095973,95888.79003941521
2022-04-18T14:45:00Z,2022-04-18T14:45:00Z,2022-04-18T15:15:00Z,short,0,202,345.24547199999995,345.9552332715665,344.5357107284334,344.57016429950625,target,136.41215549972821,2.02,134.3921554997282,0.9373682774001891,96023.18219491493
2022-04-18T16:30:00Z,2022-04-18T16:30:00Z,2022-04-18T17:45:00Z,short,0,59,343.13568300000003,345.5459242024766,340.72544179752344,345.58047879489686,stop,-144.2429518989132,0.59,-144.8329518989132,-1.018485532640662,95878.34924301601
2022-04-19T16:00:00Z,2022-04-19T16:00:00Z,2022-04-20T13:30:00Z,long,0,39,348.23481999999996,344.5477261824161,351.9219138175838,351.886721626202,target,142.4241634218804,0.39,142.0341634218804,0.9877431403653851,96020.38340643789
2022-04-21T14:30:00Z,2022-04-21T14:30:00Z,2022-04-21T16:45:00Z,long,0,47,354.23542,351.174052460954,357.29678753904597,351.1389350557079,stop,-145.53479238172673,0.47000000000000003,-146.00479238172673,-1.0147376636978809,95874.37861405616
2022-04-21T18:15:00Z,2022-04-21T18:15:00Z,2022-04-21T19:30:00Z,short,0,55,350.074989,352.6607717860658,347.4892062139342,347.5239551345556,target,140.30686259944332,0.55,139.7568625994433,0.9826942460664043,96014.1354766556
2022-04-25T14:30:00Z,2022-04-25T14:30:00Z,2022-04-29T19:45:00Z,short,0,17,335.026494,343.3862121657664,326.66677583423365,329.782975,weekend_close,89.13982299999986,0.17,88.96982299999986,0.6260401243467297,96103.10529965561
2022-05-02T16:30:00Z,2022-05-02T16:30:00Z,2022-05-02T18:15:00Z,short,0,37,329.157081,332.99060918328183,325.3235528167182,325.35608517199984,target,140.63684563600623,0.37,140.26684563600622,0.9889051669250417,96243.37214529162
2022-05-03T15:15:00Z,2022-05-03T15:15:00Z,2022-05-04T18:45:00Z,long,0,36,332.403237,328.4975706180996,336.3089033819004,336.2752724915622,target,139.39327769623924,0.36,139.03327769623922,0.9888288230299453,96382.40542298787
2022-05-05T16:45:00Z,2022-05-05T16:45:00Z,2022-05-06T19:45:00Z,short,0,27,329.427054,334.71372739501874,324.14038060498126,329.13291000000004,weekend_close,7.941887999998926,0.27,7.671887999998926,0.053747220372586134,96390.07731098786
2022-05-09T15:00:00Z,2022-05-09T15:00:00Z,2022-05-11T17:45:00Z,short,0,30,323.487648,328.17757916276946,318.7977168372305,318.8295966089142,target,139.74154173257375,0.3,139.44154173257374,0.9910702800893647,96529.51885272044
2022-05-11T18:45:00Z,2022-05-11T18:45:00Z,2022-05-11T18:45:00Z,short,0,93,322.00779600000004,323.55595427565004,320.45963772435005,320.49168368812246,target,140.99844500461472,0.93,140.06844500461472,0.9728413015427861,96669.58729772505
2022-05-12T17:00:00Z,2022-05-12T17:00:00Z,2022-05-13T13:30:00Z,short,0,38,316.098387,319.8532820172754,312.34349198272463,319.8852673454771,stop,-143.90145312812876,0.38,-144.28145312812876,-1.0111814918948558,96525.30584459692
2022-05-16T17:00:00Z,2022-05-16T17:00:00Z,2022-05-16T17:00:00Z,long,0,106,322.162213,320.80064931776053,323.5237766822395,323.49142430457124,target,140.89639828455051,1.06,139.8363982845505,0.9688943101077829,96665.14224288147
2022-05-17T15:00:00Z,2022-05-17T15:00:00Z,2022-05-17T16:30:00Z,long,0,97,324.342431,322.85078994032466,325.8340720596753,325.80148865246935,target,141.52859228952877,0.97,140.55859228952878,0.9714519743676022,96805.700835171
2022-05-17T17:30:00Z,2022-05-17T17:30:00Z,2022-05-18T13:30:00Z,long,0,65,325.972594,323.771827091161,328.173360908839,323.7394499084519,stop,-145.15436595062823,0.65,-145.80436595062824,-1.0192556433572888,96659.89646922037
2022-05-18T16:00:00Z,2022-05-18T16:00:00Z,2022-05-19T13:30:00Z,short,0,23,319.108086,325.28594030175975,312.9302316982403,312.9615247214101,target,141.3709094075677,0.23,141.1409094075677,0.9933159603394863,96801.03737862794
2022-05-19T14:30:00Z,2022-05-19T14:30:00Z,2022-05-20T19:45:00Z,short,0,20,312.36876,319.5849122970384,305.15260770296163,312.471244,weekend_close,-2.0496800000000803,0.2,-2.2496800000000805,-0.015587808484331634,96798.78769862794
2022-05-23T15:30:00Z,2022-05-23T15:30:00Z,2022-05-27T13:45:00Z,long,0,15,319.071904,309.6887165087899,328.4550914912101,328.422245982061,target,140.25512973091452,0.15,140.1051297309145,0.9954338001676655,96938.89282835886
2022-05-31T16:45:00Z,2022-05-31T16:45:00Z,2022-06-01T14:00:00Z,long,0,62,331.693166,329.36642523044804,334.019906769552,329.333488587925,stop,-146.29999954865184,0.62,-146.91999954865184,-1.0184535566165895,96791.9728288102
2022-06-01T16:30:00Z,2022-06-01T16:30:00Z,2022-06-02T17:45:00Z,short,0,34,326.537343,330.7799539927584,322.29473200724163,330.81303198815766,stop,-145.37342559735976,0.34,-145.71342559735976,-1.010153651954606,96646.25940321284
2022-06-06T15:45:00Z,2022-06-06T15:45:00Z,2022-06-06T16:00:00Z,long,0,157,330.803077,329.88415807705996,331.72199592294,329.85116966125224,stop,-149.4494521833937,1.57,-151.0194521833937,-1.0467815111154573,96495.23995102945
2022-06-06T18:00:00Z,2022-06-06T18:00:00Z,2022-06-06T18:00:00Z,short,0,593,330.60693599999996,330.8507359352319,330.363136064768,330.3961723783745,target,124.98282762389806,5.93,119.05282762389805,0.8234769276474854,96614.29277865334
2022-06-08T16:30:00Z,2022-06-08T16:30:00Z,2022-06-08T16:30:00Z,long,0,191,331.203117,330.44786923242674,331.9583647675733,330.4148244455035,stop,-150.56387790883838,1.9100000000000001,-152.47387790883838,-1.0569942590648957,96461.8189007445
2022-06-09T14:45:00Z,2022-06-09T14:45:00Z,2022-06-09T19:00:00Z,short,0,84,328.35716099999996,330.07785372395836,326.63646827604157,326.66913192286916,target,141.79444247898778,0.84,140.95444247898777,0.9752055400516599,96602.7733432235
2022-06-13T14:45:00Z,2022-06-13T14:45:00Z,2022-06-17T19:45:00Z,short,0,12,306.56934,317.880306987822,295.258373012178,298.70986800000003,weekend_close,94.31366399999979,0.12,94.19366399999979,0.6939700211707063,96696.9670072235
2022-06-21T14:30:00Z,2022-06-21T14:30:00Z,2022-06-24T13:30:00Z,long,0,31,304.24042099999997,299.6223794584586,308.8584625415413,308.8275766952872,target,142.20182655390346,0.31,141.89182655390346,0.9911464966509396,96838.85883377741
2022-06-27T14:30:00Z,2022-06-27T14:30:00Z,2022-06-28T13:30:00Z,long,0,54,314.26142300000004,311.5882440303728,316.9346019696273,316.90290850943035,target,142.64021750923678,0.54,142.10021750923678,0.9844030419696287,96980.95905128666
2022-06-28T17:30:00Z,2022-06-28T17:30:00Z,2022-06-30T13:30:00Z,short,0,42,311.598837,315.03345459952635,308.16421940047366,308.1950358224137,target,142.9596494586259,0.42,142.53964945862592,0.9881161670092049,97123.49870074529
2022-06-30T15:00:00Z,2022-06-30T15:00:00Z,2022-07-01T19:00:00Z,short,0,36,306.56934,310.51332526360176,302.62535473639826,310.54437659612813,stop,-143.10131746061234,0.36,-143.46131746061235,-1.0104085917625578,96980.03738328468
2022-07-05T16:00:00Z,2022-07-05T16:00:00Z,2022-07-05T18:30:00Z,short,0,45,305.119485,308.2848888298872,301.9540811701128,308.3157173187702,stop,-143.83045434466027,0.45,-144.28045434466026,-1.012898350756231,96835.75692894003
2022-07-06T18:30:00Z,2022-07-06T18:30:00Z,2022-07-07T13:30:00Z,long,0,65,310.401037,308.1896688706996,312.6124051293003,312.5811438887874,target,141.70694777118143,0.65,141.05694777118143,0.9813413063314783,96976.81387671121
2022-07-11T15:45:00Z,2022-07-11T15:45:00Z,2022-07-12T19:00:00Z,short,0,82,312.058791,313.8292629202481,310.2883190797519,310.31934791165986,target,142.63433324389018,0.8200000000000001,141.8143332438902,0.9768260476550088,97118.6282099551
2022-07-14T15:15:00Z,2022-07-14T15:15:00Z,2022-07-15T13:30:00Z,short,0,22,302.63973300000004,309.0358932669302,296.24357273306987,309.0667968562569,stop,-141.3954048376504,0.22,-141.6154048376504,-1.006395022579117,96977.01280511745
2022-07-18T14:30:00Z,2022-07-18T14:30:00Z,2022-07-18T19:30:00Z,long,0,38,314.541451,310.7159415430669,318.3669604569331,310.6848699489126,stop,-146.55007994132131,0.38,-146.9300799413213,-1.010736241699746,96830.08272517614
2022-07-19T16:15:00Z,2022-07-19T16:15:00Z,2022-07-20T14:30:00Z,long,0,49,315.591556,312.67134039427214,318.5117716057279,318.47992042856737,target,141.5298569997998,0.49,141.03985699979978,0.9856684632879648,96971.12258217594
2022-07-20T16:00:00Z,2022-07-20T16:00:00Z,2022-07-21T14:00:00Z,long,0,53,319.151912,316.4215452476555,321.88227875234446,316.3899030931307,stop,-146.38647206407052,0.53,-146.91647206407052,-1.0152514875479706,96824.20611011187
2022-07-21T16:00:00Z,2022-07-21T16:00:00Z,2022-07-21T16:00:00Z,short,0,337,317.61823499999997,318.0482727370612,317.18819726293873,318.0800775643349,stop,-155.64094418086654,3.37,-159.01094418086655,-1.0972119971594987,96665.19516593101
2022-07-21T18:15:00Z,2022-07-21T18:15:00Z,2022-07-21T19:45:00Z,long,0,103,318.83188,317.43284501006013,320.2309149899399,320.1988918984409,target,140.80222553940905,1.03,139.77222553940905,0.9699628016445684,96804.96739147042
2022-07-25T16:00:00Z,2022-07-25T16:00:00Z,2022-07-25T18:15:00Z,long,0,128,320.001997,318.87463568478665,321.1293583152134,318.8427482212182,stop,-148.38384368407424,1.28,-149.66384368407424,-1.037155313920399,96655.30354778635
2022-07-26T15:15:00Z,2022-07-26T15:15:00Z,2022-07-26T15:15:00Z,short,0,317,318.838113,319.29495898328935,318.3812670167107,318.41310514341234,target,134.72749053829563,3.17,131.55749053829564,0.908419624486122,96786.86103832464
2022-07-26T16:15:00Z,2022-07-26T16:15:00Z,2022-07-26T17:00:00Z,short,0,105,317.858211,319.238849951164,316.47757204883595,319.27077383615915,stop,-148.31909779671264,1.05,-149.36909779671265,-1.030365567304755,96637.49194052792
2022-07-27T16:00:00Z,2022-07-27T16:00:00Z,2022-07-27T17:00:00Z,long,0,160,319.221919,318.3200954750756,320.1237425249244,318.28826346552813,stop,-149.38488551550108,1.6,-150.98488551550108,-1.0463860260808708,96486.50705501242
2022-07-28T16:15:00Z,2022-07-28T16:15:00Z,2022-07-29T18:30:00Z,long,0,35,324.222419,320.13271681808766,328.31212118191235,328.27928996979415,target,141.99048394279515,0.35000000000000003,141.64048394279516,0.989527058398622,96628.14753895522
2022-08-01T16:00:00Z,2022-08-01T16:00:00Z,2022-08-01T17:45:00Z,long,0,67,329.31292799999994,327.1760422389687,331.4498137610312,327.14332463474483,stop,-145.36342547209262,0.67,-146.0334254720926,-1.0199905886420717,96482.11411348313
2022-08-02T15:45:00Z,2022-08-02T15:45:00Z,2022-08-02T17:30:00Z,short,0,109,326.747322,328.07086387933174,325.42378012066825,325.4563224986803,target,140.71894564384456,1.09,139.62894564384456,0.9678571727299276,96621.74305912697
2022-08-03T17:15:00Z,2022-08-03T17:15:00Z,2022-08-05T13:30:00Z,long,0,63,328.25282200000004,325.9787408472706,330.52690315272946,325.9461429731859,stop,-145.32077868929156,0.63,-145.95077868929155,-1.0187319058660689,96475.79228043767
2022-08-09T15:15:00Z,2022-08-09T15:15:00Z,2022-08-09T15:15:00Z,short,0,464,328.247172,328.5585968125744,327.93574718742553,328.5914526722557,stop,-159.74623192664785,4.64,-164.38623192664784,-1.1376122195498417,96311.40604851102
2022-08-09T17:45:00Z,2022-08-09T17:45:00Z,2022-08-10T13:30:00Z,short,0,149,327.44725200000005,328.41236788866877,326.48213611133133,328.4452091254576,stop,-148.6956116931765,1.49,-150.1856116931765,-1.044389733183168,96161.22043681785
2022-08-10T15:45:00Z,2022-08-10T15:45:00Z,2022-08-12T19:45:00Z,long,0,30,332.963293,328.25526305757205,337.671322942428,337.63755581013373,target,140.22788430401135,0.3,139.92788430401134,0.990703726860393,96301.14832112186
2022-08-15T16:45:00Z,2022-08-15T16:45:00Z,2022-08-16T17:45:00Z,long,0,48,339.56395299999997,336.58825022969484,342.5396557703051,342.5054018047281,target,141.18954262694933,0.48,140.70954262694934,0.9851282305414918,96441.85786374881
2022-08-17T15:45:00Z,2022-08-17T15:45:00Z,2022-08-17T18:00:00Z,short,0,61,338.936103,341.28129331315154,336.59091268684847,341.31542144248283,stop,-145.13842499145244,0.61,-145.74842499145245,-1.0188164385141063,96296.10943875735
2022-08-18T15:15:00Z,2022-08-18T15:15:00Z,2022-08-18T19:15:00Z,short,0,145,339.606036,340.6018889049661,338.61018309503396,340.6359490938566,stop,-149.33739860920383,1.45,-150.78739860920382,-1.0442436716013024,96145.32204014815
2022-08-22T14:30:00Z,2022-08-22T14:30:00Z,2022-08-26T17:30:00Z,short,0,24,332.096787,337.97415302011984,326.21942097988017,326.25204292197816,target,140.27385787252433,0.24,140.03385787252432,0.9927481218709056,96285.35589802067
2022-08-30T14:45:00Z,2022-08-30T14:45:00Z,2022-09-01T14:15:00Z,short,0,29,317.858211,322.8296622362693,312.88675976373065,312.91804843970704,target,143.26471424849547,0.29,142.97471424849547,0.9916948444198423,96428.33061226917
2022-09-01T14:30:00Z,2022-09-01T14:30:00Z,2022-09-02T13:30:00Z,short,0,38,313.948602,317.663232513804,310.23397148619597,317.6949988370554,stop,-142.36307980810466,0.38,-142.74307980810465,-1.0112437355737407,96285.58753246107
2022-09-06T17:30:00Z,2022-09-06T17:30:00Z,2022-09-07T16:30:00Z,short,0,41,311.338863,314.80727422495687,307.87045177504314,314.83875495237936,stop,-143.49557004755366,0.41000000000000003,-143.90557004755365,-1.011959575936099,96141.68196241351
2022-09-07T16:45:00Z,2022-09-07T16:45:00Z,2022-09-08T14:30:00Z,long,0,66,314.921489,312.75208880417694,317.0908891958231,317.0591801069035,target,141.0876130556312,0.66,140.4276130556312,0.9807739074607462,96282.10957546913
2022-09-08T16:00:00Z,2022-09-08T16:00:00Z,2022-09-08T16:00:00Z,long,0,57,317.541751,315.0460360914512,320.03746590854877,315.014531487842,stop,-144.05151219300348,0.5700000000000001,-144.62151219300347,-1.0166303464658544,96137.48806327613
2022-09-12T14:45:00Z,2022-09-12T14:45:00Z,2022-09-13T13:30:00Z,long,0,34,325.23251999999997,321.05306230650007,329.41197769349986,321.02095700026945,stop,-143.1931419908376,0.34,-143.5331419908376,-1.0100743467976967,95993.9549212853
2022-09-13T15:45:00Z,2022-09-13T15:45:00Z,2022-09-16T13:30:00Z,short,0,18,315.66843,323.63251540196165,307.70434459803835,307.73511503249813,target,142.7996694150337,0.18,142.61966941503368,0.9948807135531544,96136.57459070033
2022-09-20T16:00:00Z,2022-09-20T16:00:00Z,2022-09-20T16:15:00Z,short,0,258,307.62923400000005,308.18785197192966,307.07061602807045,307.10132308967326,target,136.20101486431327,2.58,133.62101486431325,0.9271289796456084,96270.19560556464
2022-09-20T18:15:00Z,2022-09-20T18:15:00Z,2022-09-20T19:30:00Z,short,0,58,305.06949000000003,307.5294096340757,302.60957036592436,307.5601625750391,stop,-144.4590093522661,0.58,-145.0390093522661,-1.0165667773852738,96125.15659621237
2022-09-21T15:15:00Z,2022-09-21T15:15:00Z,2022-09-21T18:00:00Z,long,0,69,308.460843,306.3840162743859,310.53766972561414,306.3533778727585,stop,-145.41509377966622,0.6900000000000001,-146.10509377966622,-1.019567545585873,95979.0515024327
2022-09-22T15:00:00Z,2022-09-22T15:00:00Z,2022-09-23T18:15:00Z,short,0,19,300.39995700000003,307.6860063496974,293.1139076503027,293.1432190410677,target,137.87802121971407,0.19,137.68802121971407,0.9946045670461093,96116.73952365242
2022-09-26T16:45:00Z,2022-09-26T16:45:00Z,2022-09-27T13:30:00Z,short,0,48,292.57074,295.5152695621385,289.6262104378615,295.5448210890947,stop,-142.75589227654473,0.48,-143.23589227654472,-1.0134322057637868,95973.50363137588
2022-09-27T17:45:00Z,2022-09-27T17:45:00Z,2022-09-28T14:30:00Z,short,0,33,289.84101300000003,294.15777298378134,285.5242530162187,294.1871887610797,stop,-143.42380011562938,0.33,-143.7538001156294,-1.0091308707100832,95829.74983126024
2022-09-28T16:15:00Z,2022-09-28T16:15:00Z,2022-09-29T13:45:00Z,long,0,38,295.449542,291.68053981885896,299.21854418114106,291.65137176487707,stop,-144.33046893467167,0.38,-144.71046893467167,-1.0103921547665524,95685.03936232557
2022-09-29T16:00:00Z,2022-09-29T16:00:00Z,2022-09-29T17:15:00Z,short,0,74,293.090688,295.01646459789066,291.16491140210934,291.19402789324954,target,140.35284789953403,0.74,139.61284789953402,0.9796879393056049,95824.6522102251
2022-09-29T18:00:00Z,2022-09-29T18:00:00Z,2022-09-30T19:45:00Z,short,0,43,290.280969,293.6102575461426,286.9516804538575,287.268724,weekend_close,129.5265350000003,0.43,129.0965350000003,0.9017677375782075,95953.74874522511
2022-10-03T16:15:00Z,2022-10-03T16:15:00Z,2022-10-04T13:30:00Z,long,0,42,293.619359,290.2427142747441,296.99600372525583,296.9663041248833,target,140.5716952451006,0.42,140.15169524510063,0.9882428849930307,96093.90044047021
2022-10-04T14:30:00Z,2022-10-04T14:30:00Z,2022-10-07T17:00:00Z,long,0,16,301.870184,293.2626624577291,310.4777055422709,293.2333361914833,stop,-138.18956493626683,0.16,-138.34956493626683,-1.0045688257708867,95955.55087553394
2022-10-10T16:00:00Z,2022-10-10T16:00:00Z,2022-10-10T17:00:00Z,short,0,75,292.390758,294.30287639698287,290.47863960301714,290.5076874669774,target,141.23028997669422,0.75,140.48028997669422,0.9795787415560218,96096.03116551063
2022-10-10T17:30:00Z,2022-10-10T17:30:00Z,2022-10-11T15:00:00Z,short,0,52,290.94090300000005,293.6971758635115,288.1846301364886,293.72654558109787,stop,-144.85341421708654,0.52,-145.37341421708655,-1.0142836792784702,95950.65775129355
2022-10-11T17:15:00Z,2022-10-11T17:15:00Z,2022-10-11T18:45:00Z,long,0,44,295.449542,292.23829737668916,298.66078662331086,292.2090735469515,stop,-142.58061193413369,0.44,-143.02061193413368,-1.0122145256243995,95807.63713935942
2022-10-12T14:45:00Z,2022-10-12T14:45:00Z,2022-10-12T15:00:00Z,short,0,146,293.06069099999996,294.0384929204586,292.0828890795413,294.0678967697507,stop,-147.05204238360602,1.46,-148.51204238360603,-1.0402983962984886,95659.12509697581
2022-10-13T14:45:00Z,2022-10-13T14:45:00Z,2022-10-13T15:15:00Z,short,0,50,290.730924,293.5519097265282,287.9099382734718,293.58126491750085,stop,-142.5170458750415,0.5,-143.0170458750415,-1.0139508649769287,95516.10805110077
2022-10-13T17:30:00Z,2022-10-13T17:30:00Z,2022-10-14T19:45:00Z,long,0,17,300.190016,292.0724799530833,308.3075520469167,296.790318,weekend_close,-57.79486600000001,0.17,-57.964866000000015,-0.42004100508985215,95458.14318510078
2022-10-17T15:45:00Z,2022-10-17T15:45:00Z,2022-10-18T13:30:00Z,long,0,35,301.910188,297.87993223662147,305.94044376337854,305.9098497190022,target,139.98816016507618,0.35000000000000003,139.6381601650762,0.9899276753735531,95597.78134526586
2022-10-18T14:30:00Z,2022-10-18T14:30:00Z,2022-10-21T19:45:00Z,long,0,27,306.23062,301.07747512402375,311.3837648759762,310.848912,weekend_close,124.69388399999991,0.27,124.42388399999992,0.8942678909501799,95722.20522926586
2022-10-24T17:15:00Z,2022-10-24T17:15:00Z,2022-10-25T15:30:00Z,long,0,40,313.99139599999995,310.41610254305886,317.56668945694105,317.53493278799533,target,141.74147151981515,0.4,141.34147151981514,0.988320771581798,95863.54670078568
2022-10-27T15:45:00Z,2022-10-27T15:45:00Z,2022-10-28T13:30:00Z,long,0,73,321.202117,319.2341414658688,323.1700925341312,323.1377755248778,target,141.303072316079,0.73,140.57307231607902,0.9784971873280499,96004.11977310176
2022-10-31T16:45:00Z,2022-10-31T16:45:00Z,2022-10-31T17:15:00Z,long,0,368,327.152712,326.76183323534065,327.54359076465937,327.5108364055829,target,131.78978125450158,3.68,128.10978125450157,0.8906198981831704,96132.22955435626
2022-11-01T16:30:00Z,2022-11-01T16:30:00Z,2022-11-02T18:00:00Z,short,0,90,326.147382,327.74538622470783,324.54937777529216,327.7781607633303,stop,-146.77008869972553,0.9,-147.67008869972554,-1.0267674753051848,95984.55946565654
2022-11-03T15:00:00Z,2022-11-03T15:00:00Z,2022-11-04T19:45:00Z,short,0,24,320.587938,326.4469717473704,314.7289042526296,324.212418,weekend_close,-86.98752000000013,0.24,-87.22752000000013,-0.6203207144234658,95897.33194565654
2022-11-07T15:45:00Z,2022-11-07T15:45:00Z,2022-11-08T14:45:00Z,long,0,32,325.722569,321.3089505240555,330.13618747594455,330.10317385719696,target,140.17935543030217,0.32,139.85935543030217,0.9902543414248366,96037.19130108684
2022-11-08T15:45:00Z,2022-11-08T15:45:00Z,2022-11-09T19:45:00Z,long,0,22,332.363233,326.0924409949236,338.63402500507635,326.0598317508241,stop,-138.674827481869,0.22,-138.894827481869,-1.0067948744058162,95898.29647360498
2022-11-10T16:45:00Z,2022-11-10T16:45:00Z,2022-11-11T20:45:00Z,long,0,20,335.0335,328.0624919084096,342.0045080915904,337.736223,weekend_close,54.054459999999835,0.2,53.85445999999983,0.3862745480454109,95952.15093360498
2022-11-14T16:15:00Z,2022-11-14T16:15:00Z,2022-11-14T16:45:00Z,long,0,125,337.44374100000005,336.2985577880935,338.5889242119066,338.55506531948544,target,138.91553993567385,1.25,137.66553993567385,0.9617014186331403,96089.81647354065
2022-11-14T18:15:00Z,2022-11-14T18:15:00Z,2022-11-14T20:45:00Z,long,0,69,339.12390899999997,337.04645738317316,341.2013606168268,337.0127527374348,stop,-145.66978211699507,0.6900000000000001,-146.35978211699506,-1.0210376238774195,95943.45669142365
2022-11-15T18:30:00Z,2022-11-15T18:30:00Z,2022-11-18T20:45:00Z,short,0,34,334.23657299999996,338.4367921346175,330.0363538653824,337.41373799999997,weekend_close,-108.02361000000008,0.34,-108.36361000000008,-0.7588092187219192,95835.09308142365
2022-11-22T16:00:00Z,2022-11-22T16:00:00Z,2022-11-25T14:45:00Z,long,0,48,339.93399,336.99544368896903,342.87253631103096,342.8382490573999,target,139.40443475519442,0.48,138.92443475519443,0.9849288563311633,95974.01751617885
2022-11-28T17:00:00Z,2022-11-28T17:00:00Z,2022-11-28T18:45:00Z,short,0,75,340.835913,342.73055338815294,338.94127261184707,338.97516673910826,target,139.55596956688083,0.75,138.80596956688083,0.9768324756847478,96112.82348574573
2022-11-29T17:15:00Z,2022-11-29T17:15:00Z,2022-11-30T18:30:00Z,short,0,67,337.416255,339.561702025016,335.27080797498394,339.5956581952185,stop,-146.02001407964127,0.67,-146.69001407964126,-1.0204881172501372,95966.1334716661
2022-12-01T19:00:00Z,2022-12-01T19:00:00Z,2022-12-02T14:30:00Z,long,0,76,343.93438999999995,342.061452298898,345.8073277011019,342.02724615366816,stop,-144.94293232121618,0.76,-145.70293232121617,-1.0236025710859742,95820.43053934487
2022-12-05T17:00:00Z,2022-12-05T17:00:00Z,2022-12-06T15:30:00Z,short,0,50,340.755921,343.62911989963476,337.88272210036524,337.91651037257526,target,141.97053137123703,0.5,141.47053137123703,0.9847597490672908,95961.9010707161
2022-12-06T16:15:00Z,2022-12-06T16:15:00Z,2022-12-09T20:45:00Z,short,0,45,337.816215,340.99587774852534,334.63655225147465,335.413538,weekend_close,108.12046499999923,0.45,107.67046499999923,0.7524939558793308,96069.57153571611
2022-12-12T18:15:00Z,2022-12-12T18:15:00Z,2022-12-12T19:45:00Z,long,0,182,338.153812,337.3663132841265,338.94131071587356,338.907416584802,target,137.1560344339572,1.82,135.3360344339572,0.9442613299719647,96204.90757015007
2022-12-14T15:45:00Z,2022-12-14T15:45:00Z,2022-12-14T19:00:00Z,long,0,60,343.594356,341.1930269364503,345.99568506354973,341.15890763375666,stop,-146.12690197460097,0.6,-146.72690197460096,-1.0183728683266784,96058.18066817547
2022-12-19T18:30:00Z,2022-12-19T18:30:00Z,2022-12-19T19:00:00Z,short,0,121,327.857211,329.04441687073944,326.6700051292606,326.7026721297735,target,139.6992032974103,1.21,138.48920329741028,0.964060992651319,96196.66987147288
2022-12-20T17:15:00Z,2022-12-20T17:15:00Z,2022-12-20T18:15:00Z,long,0,148,328.45284200000003,327.4827262228675,329.4229577771326,329.39001548135485,target,138.70167524051317,1.48,137.22167524051318,0.9557348753726512,96333.89154671339
2022-12-20T18:30:00Z,2022-12-20T18:30:00Z,2022-12-21T14:30:00Z,long,0,92,329.372934,327.8137139241838,330.9321540758162,330.8990608604086,target,140.4036711575934,0.92,139.48367115759342,0.9723623264759355,96473.37521787098
2022-12-21T15:45:00Z,2022-12-21T15:45:00Z,2022-12-22T16:30:00Z,long,0,26,333.81337799999994,328.44380535585424,339.18295064414565,328.41096097531863,stop,-140.46284264171413,0.26,-140.72284264171412,-1.0079791043673316,96332.65237522927
2022-12-22T16:45:00Z,2022-12-22T16:45:00Z,2022-12-23T20:45:00Z,short,0,35,328.647132,332.7322537221182,324.5620102778818,331.98319499999997,weekend_close,-116.76220499999886,0.35000000000000003,-117.11220499999885,-0.8190852629637194,96215.54017022927
2022-12-27T16:30:00Z,2022-12-27T16:30:00Z,2022-12-28T16:00:00Z,long,0,65,333.0333,330.8376975147371,335.2289024852629,330.80461374498566,stop,-144.864606575932,0.65,-145.514606575932,-1.019622755048159,96070.02556365334
2022-12-28T17:45:00Z,2022-12-28T17:45:00Z,2022-12-29T16:45:00Z,short,0,54,329.86701,332.50596346186023,327.22805653813975,332.5392140582064,stop,-144.29901914314735,0.54,-144.83901914314734,-1.016389298625867,95925.18654451019
2022-12-29T17:15:00Z,2022-12-29T17:15:00Z,2022-12-30T14:30:00Z,long,0,70,332.563253,330.5110333250623,334.6154726749377,330.47798222172975,stop,-145.96895447891598,0.7000000000000001,-146.66895447891596,-1.0209778240888523,95778.51759003128
2023-01-03T18:30:00Z,2023-01-03T18:30:00Z,2023-01-03T19:30:00Z,short,0,177,329.63703300000003,330.44433855854317,328.8297274414569,328.862610414201,target,137.07279768642582,1.77,135.3027976864258,0.9468813607309906,95913.8203877177
2023-01-04T15:45:00Z,2023-01-04T15:45:00Z,2023-01-04T16:30:00Z,long,0,74,331.613158,329.681922458515,333.544393541485,333.5110391021309,target,140.44320155768628,0.74,139.70320155768627,0.9775509312961431,96053.52358927538
2023-01-04T17:30:00Z,2023-01-04T17:30:00Z,2023-01-05T14:30:00Z,long,0,43,333.74337099999997,330.41111425751916,337.0756277424808,330.3780731460934,stop,-144.70780771798184,0.43,-145.13780771798184,-1.012916505165116,95908.3857815574
2023-01-05T15:45:00Z,2023-01-05T15:45:00Z,2023-01-06T14:30:00Z,short,0,61,329.857011,332.19039529289637,327.52362670710363,332.22361433242565,stop,-144.36280327796493,0.61,-144.97280327796494,-1.0185220409946443,95763.41297827943
2023-01-09T15:45:00Z,2023-01-09T15:45:00Z,2023-01-13T20:30:00Z,long,0,31,338.73386999999997,334.2224645646186,343.24527543538136,343.2109509078378,target,138.78950814297275,0.31,138.47950814297275,0.9901750068402324,95901.89248642241
2023-01-17T17:00:00Z,2023-01-17T17:00:00Z,2023-01-18T15:45:00Z,short,0,55,339.626034,342.2112693797091,337.0407986202909,337.07450270015295,target,140.3342214915881,0.55,139.78422149158808,0.9830947386048207,96041.676707914
2023-01-18T16:45:00Z,2023-01-18T16:45:00Z,2023-01-19T14:30:00Z,short,0,32,335.556441,340.00662796181126,331.10625403818875,331.1393646635926,target,141.34644276503786,0.32,141.02644276503787,0.9903126260146439,96182.70315067904
2023-01-23T19:45:00Z,2023-01-23T19:45:00Z,2023-01-24T14:30:00Z,long,0,128,335.69356600000003,334.5746411219616,336.8124908780385,334.5411836578494,stop,-147.50493979528255,1.28,-148.78493979528255,-1.0388385895828616,96033.91821088376
2023-01-24T18:00:00Z,2023-01-24T18:00:00Z,2023-01-24T18:45:00Z,long,0,145,336.403637,335.4105153427866,337.3967586572134,337.3630189813477,target,139.11038729541502,1.45,137.66038729541503,0.9559573839236911,96171.57859817917
2023-01-24T19:15:00Z,2023-01-24T19:15:00Z,2023-01-25T14:30:00Z,long,0,127,336.773674,335.64487765728165,337.9024703427184,335.61131316951594,stop,-147.61982547147943,1.27,-148.88982547147944,-1.038593753467347,96022.6887727077
2023-01-25T16:45:00Z,2023-01-25T16:45:00Z,2023-01-25T18:30:00Z,short,0,64,334.336563,336.5531367134838,332.1199892865162,336.5867920271551,stop,-144.01465773792734,0.64,-144.65465773792732,-1.0196949523518009,95878.03411496976
2023-01-26T15:30:00Z,2023-01-26T15:30:00Z,2023-01-27T14:45:00Z,long,0,64,338.003797,335.7635635236837,340.24403047631637,340.21000607326874,target,141.19738068919833,0.64,140.55738068919834,0.9803482969462567,96018.59149565895
2023-01-30T17:15:00Z,2023-01-30T17:15:00Z,2023-01-30T18:00:00Z,short,0,178,339.186078,339.99308930209975,338.37906669790027,338.41290460457003,target,137.62486438653616,1.78,135.84486438653616,0.9456786955081059,96154.4363600455
2023-01-31T19:45:00Z,2023-01-31T19:45:00Z,2023-01-31T20:45:00Z,long,0,108,339.313928,337.98701656422315,340.6408394357768,340.6067753518332,target,139.6275139979905,1.08,138.54751399799048,0.9667919932291639,96292.9838740435
2023-02-01T17:45:00Z,2023-02-01T17:45:00Z,2023-02-01T19:30:00Z,short,0,84,337.146282,338.85168419715245,335.4408798028475,338.88556936557217,stop,-146.10013870806324,0.84,-146.94013870806324,-1.025733031476675,96146.04373533544
2023-02-02T15:30:00Z,2023-02-02T15:30:00Z,2023-02-02T15:45:00Z,long,0,118,339.193916,337.9752646404407,340.4125673595593,340.37852610282334,target,139.78399213315436,1.18,138.60399213315435,0.9638606592521253,96284.64772746859
2023-02-02T17:15:00Z,2023-02-02T17:15:00Z,2023-02-02T18:00:00Z,long,0,256,339.493946,338.930757789385,340.057134210615,340.02312849719397,target,135.47071928165678,2.56,132.91071928165678,0.9218632198053588,96417.55844675025
2023-02-02T19:30:00Z,2023-02-02T19:30:00Z,2023-02-02T19:30:00Z,long,0,3962,339.243921,339.20742186239744,339.28042013760256,339.1735011202112,stop,-279.0035637232302,39.62,-318.6235637232302,-2.2033364367260426,96098.93488302702
2023-02-06T15:30:00Z,2023-02-06T15:30:00Z,2023-02-07T17:45:00Z,short,0,53,336.99629699999997,339.68266109369904,334.3099329063009,339.7166293598084,stop,-144.17761506984647,0.53,-144.70761506984647,-1.016367202871898,95954.22726795718
2023-02-07T19:15:00Z,2023-02-07T19:15:00Z,2023-02-07T19:30:00Z,long,0,124,339.17391399999997,338.0159445167842,340.33188348321573,340.29785029486743,target,139.36810056356535,1.24,138.12810056356534,0.961973792067456,96092.35536852074
2023-02-09T16:45:00Z,2023-02-09T16:45:00Z,2023-02-09T17:30:00Z,long,0,311,340.324029,339.86128114297355,340.78677685702644,339.82729501485926,stop,-154.4842693787689,3.11,-157.5942693787689,-1.0950542016486953,95934.76109914198
2023-02-09T19:00:00Z,2023-02-09T19:00:00Z,2023-02-09T20:30:00Z,short,0,70,338.56614,340.60131183262035,336.5309681673797,336.56462126419643,target,140.10631150625102,0.7000000000000001,139.40631150625103,0.9785506579262426,96074.16741064822
2023-02-13T15:30:00Z,2023-02-13T15:30:00Z,2023-02-16T14:45:00Z,long,0,42,341.344131,337.94870278622085,344.73955921377916,337.91490791594225,stop,-144.02736953042563,0.42,-144.44736953042562,-1.0128981876574128,95929.7200411178
2023-02-16T16:45:00Z,2023-02-16T16:45:00Z,2023-02-16T17:30:00Z,short,0,147,339.536043,340.5134866907057,338.5585993092943,340.5475380393748,stop,-148.68977078809252,1.47,-150.15977078809252,-1.0450679144875257,95779.56027032972
2023-02-16T19:30:00Z,2023-02-16T19:30:00Z,2023-02-16T20:00:00Z,long,0,137,340.73407,339.69296002508787,341.7751799749121,339.65899072908536,stop,-147.2858601153021,1.37,-148.65586011530212,-1.042233094545293,95630.90441021441
2023-02-21T16:45:00Z,2023-02-21T16:45:00Z,2023-02-23T16:45:00Z,short,0,31,332.896707,337.39224199885444,328.40117200114554,328.43401211834566,target,138.3435413312842,0.31,138.0335413312842,0.9904705185898808,95768.9379515457
2023-02-23T18:15:00Z,2023-02-23T18:15:00Z,2023-02-23T20:00:00Z,short,0,53,328.717125,331.4242921643265,326.0099578356735,331.4574345935429,stop,-145.23640845777464,0.53,-145.76640845777465,-1.015936374297427,95623.17154308793
2023-02-27T16:00:00Z,2023-02-27T16:00:00Z,2023-02-28T14:30:00Z,long,0,77,330.043001,328.1957346753895,331.89026732461053,328.16291510192195,stop,-144.76661415200988,0.77,-145.5366141520099,-1.0231799675537032,95477.63492893592
2023-02-28T15:45:00Z,2023-02-28T15:45:00Z,2023-03-01T16:15:00Z,short,0,71,327.407256,329.41797574211574,325.3965362578843,325.4290759115101,target,140.4507862827844,0.71,139.7407862827844,0.9788435689296794,95617.3757152187
2023-03-01T17:15:00Z,2023-03-01T17:15:00Z,2023-03-01T17:30:00Z,short,0,414,327.297267,327.64326405337965,326.9512699466203,327.676028379785,stop,-156.80721123100352,4.14,-160.9472112310035,-1.1235973716759642,95456.4285039877
2023-03-02T16:45:00Z,2023-03-02T16:45:00Z,2023-03-02T18:30:00Z,long,0,140,327.812778,326.795773946311,328.829782053689,328.7968990754836,target,137.77695056770995,1.4000000000000001,136.37695056770994,0.9578340144763432,95592.8054545554
2023-03-02T19:30:00Z,2023-03-02T19:30:00Z,2023-03-03T16:45:00Z,long,0,55,330.053002,327.4507105062619,332.6552934937381,332.62202796438874,target,141.29642804138086,0.55,140.74642804138085,0.9833740649525718,95733.55188259679
2023-03-06T15:45:00Z,2023-03-06T15:45:00Z,2023-03-07T15:30:00Z,long,0,40,335.873584,332.3259278899288,339.4212401100712,332.2926952971398,stop,-143.23554811440772,0.4,-143.63554811440773,-1.0121862411258653,95589.91633448238
2023-03-07T16:30:00Z,2023-03-07T16:30:00Z,2023-03-08T16:30:00Z,short,0,41,331.16688,334.63669282422103,327.69706717577895,327.72983688249656,target,140.91876781764086,0.41000000000000003,140.50876781764086,0.9876737712135226,95730.42510230001
2023-03-08T18:30:00Z,2023-03-08T18:30:00Z,2023-03-09T14:30:00Z,short,0,48,326.717325,329.69541442910594,323.7392355708941,329.72838397054886,stop,-144.53083058634456,0.48,-145.01083058634455,-1.0144285598085023,95585.41427171367
2023-03-09T16:45:00Z,2023-03-09T16:45:00Z,2023-03-09T17:00:00Z,long,0,192,328.85288199999997,328.10898167388126,329.59678232611867,328.0761707757139,stop,-149.12855506292908,1.92,-151.04855506292907,-1.057549239682081,95434.36571665075
2023-03-09T19:15:00Z,2023-03-09T19:15:00Z,2023-03-09T20:15:00Z,short,0,47,325.727424,328.7711280030818,322.68371999691817,322.71598836891786,target,141.53747466085974,0.47000000000000003,141.06747466085974,0.9861128506724393,95575.4331913116
2023-03-13T14:30:00Z,2023-03-13T14:30:00Z,2023-03-13T15:00:00Z,short,0,43,318.858111,322.1696205045912,315.5466014954088,322.2018374666417,stop,-143.7802380655918,0.43,-144.2102380655918,-1.0127485553014277,95431.22295324602
2023-03-14T16:00:00Z,2023-03-14T16:00:00Z,2023-03-14T17:00:00Z,long,0,70,322.802277,320.77130697357444,324.83324702642557,320.7392298428771,stop,-144.41330099860465,0.7000000000000001,-145.11330099860464,-1.0207177507052696,95286.10965224741
2023-03-15T14:30:00Z,2023-03-15T14:30:00Z,2023-03-16T15:45:00Z,short,0,31,316.788318,321.3578109742998,312.2188250257002,321.38994675539726,stop,-142.65049141731498,0.31,-142.96049141731498,-1.009221106441007,95143.1491608301
2023-03-16T17:00:00Z,2023-03-16T17:00:00Z,2023-03-17T15:00:00Z,long,0,29,322.73226999999997,317.823946587925,327.64059341207496,317.7921641932662,stop,-143.26306839527888,0.29,-143.55306839527887,-1.0085125594120332,94999.59609243482
2023-03-20T15:45:00Z,2023-03-20T15:45:00Z,2023-03-21T13:30:00Z,long,0,44,322.05220199999997,318.8462867545298,325.25811724547015,325.2255914337456,target,139.62913508480756,0.44,139.18913508480756,0.9867352039999682,95138.78522751962
2023-03-22T15:45:00Z,2023-03-22T15:45:00Z,2023-03-22T17:00:00Z,long,0,189,324.892486,324.13978032164647,325.64519167835357,324.10736634361433,stop,-148.38761505689519,1.8900000000000001,-150.27761505689517,-1.0563486888061135,94988.50761246272
2023-03-23T15:00:00Z,2023-03-23T15:00:00Z,2023-03-23T16:00:00Z,short,0,247,324.457551,325.03342424568876,323.8816777543113,323.9140659220867,target,134.24081424458933,2.47,131.77081424458933,0.9263932330721024,95120.27842670731
2023-03-23T18:30:00Z,2023-03-23T18:30:00Z,2023-03-24T19:45:00Z,short,0,35,320.137983,324.1305263324915,316.1454396675085,322.352232,weekend_close,-77.49871499999983,0.35000000000000003,-77.84871499999983,-0.5571007788190948,95042.42971170731
2023-03-28T17:00:00Z,2023-03-28T17:00:00Z,2023-03-28T17:00:00Z,long,0,1175,324.43244,324.3111314877367,324.55374851226327,324.2787003745879,stop,-180.64405985918484,11.75,-192.39405985918484,-1.3497785304356715,94850.03565184813
2023-03-29T15:45:00Z,2023-03-29T15:45:00Z,2023-03-30T13:30:00Z,long,0,77,325.792576,323.96181087205866,327.62334112794133,327.5905787938285,target,138.44621512479574,0.77,137.67621512479573,0.9766423701980258,94987.71186697292
2023-04-04T17:00:00Z,2023-04-04T17:00:00Z,2023-04-05T13:45:00Z,short,0,89,333.426654,335.0194665442043,331.83384145579566,335.05296849085875,stop,-144.7419896864297,0.89,-145.63198968642968,-1.0273114038514624,94842.0798772865
2023-04-05T18:45:00Z,2023-04-05T18:45:00Z,2023-04-06T13:30:00Z,long,0,186,334.903487,334.14264358473696,335.664330415263,334.10922932037846,stop,-147.73192840960337,1.86,-149.59192840960338,-1.0570607085342125,94692.4879488769
2023-04-06T16:00:00Z,2023-04-06T16:00:00Z,2023-04-06T16:00:00Z,short,0,1492,334.36656,334.4617317264003,334.2713882735997,334.4951778995729,stop,-191.89790616281175,14.92,-206.81790616281174,-1.456502942795424,94485.67004271407
2023-04-06T18:15:00Z,2023-04-06T18:15:00Z,2023-04-10T13:30:00Z,long,0,177,334.963493,334.16633204874415,335.7606539512559,334.1329154155393,stop,-147.01223244955116,1.77,-148.78223244955117,-1.0544640742079316,94336.88781026452
2023-04-10T16:45:00Z,2023-04-10T16:45:00Z,2023-04-11T13:30:00Z,long,0,173,335.36353299999996,334.5456737389636,336.1813922610363,336.1477741218102,target,135.67371407316904,1.73,133.94371407316905,0.9466679154909239,94470.8315243377
2023-04-11T14:30:00Z,2023-04-11T14:30:00Z,2023-04-12T13:30:00Z,long,0,75,336.843681,334.97154650690544,338.71581549309457,338.68194391154526,target,137.8697183658943,0.75,137.1197183658943,0.9765660097011577,94607.9512427036
2023-04-12T14:45:00Z,2023-04-12T14:45:00Z,2023-04-12T14:45:00Z,long,0,257,337.45374200000003,336.90363295759516,338.0038510424049,336.8699425942994,stop,-150.03644726506224,2.57,-152.60644726506223,-1.0794212781974344,94455.34479543853
2023-04-12T18:15:00Z,2023-04-12T18:15:00Z,2023-04-12T18:30:00Z,long,0,90,338.913888,337.34097384630627,340.4868021536937,337.30723974892163,stop,-144.5983425970519,0.9,-145.4983425970519,-1.0278045036863177,94309.84645284148
2023-04-13T16:45:00Z,2023-04-13T16:45:00Z,2023-04-13T18:00:00Z,long,0,108,338.553852,337.25182308963963,339.8558809103604,339.82189532226937,target,136.94867880509128,1.08,135.86867880509126,0.96621765635078,94445.71513164658
2023-04-17T15:30:00Z,2023-04-17T15:30:00Z,2023-04-17T15:30:00Z,long,0,199,339.073904,338.3626890289029,339.7851189710972,338.32885276,stop,-148.26519676000186,1.99,-150.25519676000187,-1.0616357510518042,94295.45993488657
2023-04-18T18:15:00Z,2023-04-18T18:15:00Z,2023-04-19T13:30:00Z,long,0,123,339.953992,338.80465622274863,341.1033277772514,338.7707757571264,stop,-145.53559787345785,1.23,-146.76559787345784,-1.0381789782331368,94148.69433701312
2023-04-19T16:00:00Z,2023-04-19T16:00:00Z,2023-04-19T18:00:00Z,short,0,245,338.87610900000004,339.45142004433836,338.3007979556617,339.4853651863428,stop,-149.26776565397319,2.45,-151.71776565397317,-1.076385013701535,93996.97657135915
2023-04-20T14:30:00Z,2023-04-20T14:30:00Z,2023-04-21T19:45:00Z,short,0,95,337.636233,339.11563533943615,336.15683066056386,338.143811,weekend_close,-48.219910000002244,0.9500000000000001,-49.16991000000225,-0.34985614541970406,93947.80666135915
2023-04-24T15:30:00Z,2023-04-24T15:30:00Z,2023-04-24T15:30:00Z,long,0,886,337.903787,337.74483604602756,338.0627379539725,337.71106156242297,stop,-170.75473769326902,8.86,-179.61473769326903,-1.2753961678781227,93768.19192366589
2023-04-25T16:30:00Z,2023-04-25T16:30:00Z,2023-04-25T17:15:00Z,short,0,127,337.116285,338.220636247688,336.011933752312,336.0455349456872,target,135.98525689772333,1.27,134.71525689772332,0.9605187267488619,93902.9071805636
2023-04-26T15:15:00Z,2023-04-26T15:15:00Z,2023-04-26T18:15:00Z,short,0,82,334.92650399999997,336.6397436225573,333.2132643774426,333.2465857038803,target,137.7533002818103,0.8200000000000001,136.93330028181032,0.9747137960928961,94039.84048084542
2023-04-27T16:15:00Z,2023-04-27T16:15:00Z,2023-04-27T18:45:00Z,long,0,71,336.193616,334.23287233691184,338.1543596630882,338.1205442271219,target,136.81190412565428,0.71,136.10190412565427,0.9776536643768722,94175.94238497107
2023-05-01T14:30:00Z,2023-05-01T14:30:00Z,2023-05-02T13:30:00Z,long,0,62,341.664163,339.39539128134,343.93293471865996,339.36145174221184,stop,-142.76809798286422,0.62,-143.38809798286422,-1.0193671045732593,94032.5542869882
2023-05-03T18:45:00Z,2023-05-03T18:45:00Z,2023-05-03T18:45:00Z,long,0,557,336.893686,336.64068840353946,337.14668359646055,336.60702433469913,stop,-159.6705475725841,5.57,-165.2405475725841,-1.1725868919356826,93867.31373941562
2023-05-04T14:30:00Z,2023-05-04T14:30:00Z,2023-05-05T18:45:00Z,short,0,20,330.206976,337.0167228530346,323.3972291469654,337.0504245253199,stop,-136.868970506398,0.2,-137.068970506398,-1.0064175178943442,93730.24476890922
2023-05-09T17:30:00Z,2023-05-09T17:30:00Z,2023-05-09T17:30:00Z,short,0,1538,335.956401,336.0477647944122,335.86503720558784,336.08136957089164,stop,-192.2016620312968,15.38,-207.5816620312968,-1.4772653846084607,93522.66310687792
2023-05-10T16:00:00Z,2023-05-10T16:00:00Z,2023-05-10T17:15:00Z,short,0,99,334.66652999999997,336.07366877884215,333.2593912211578,333.2927171602799,target,136.00747113228732,0.99,135.0174711322873,0.9692099032635878,93657.68057801021
2023-05-10T17:30:00Z,2023-05-10T17:30:00Z,2023-05-10T19:15:00Z,short,0,46,332.646732,335.6721635317113,329.62130046828867,335.70573074806447,stop,-140.71394241096618,0.46,-141.1739424109662,-1.0144003312904322,93516.50663559925
2023-05-11T16:00:00Z,2023-05-11T16:00:00Z,2023-05-11T17:45:00Z,short,0,107,333.126684,334.43475039241366,331.81861760758636,331.8517994693471,target,136.41264477986158,1.07,135.3426447798616,0.9669880198656745,93651.8492803791
2023-05-11T18:45:00Z,2023-05-11T18:45:00Z,2023-05-11T19:15:00Z,short,0,512,333.206676,333.481040704246,332.932311295754,332.96560452688357,target,123.42859423562186,5.12,118.30859423562185,0.8422055371570573,93770.15787461473
2023-05-15T16:15:00Z,2023-05-15T16:15:00Z,2023-05-15T16:45:00Z,long,0,234,332.93329,332.33228767439755,333.53429232560245,333.5009388963699,target,132.8298417505606,2.34,130.4898417505606,0.9278647895595479,93900.64771636529
2023-05-15T17:00:00Z,2023-05-15T17:00:00Z,2023-05-16T13:30:00Z,long,0,105,333.74337099999997,332.40663976715047,335.08010223284947,332.37339910317377,stop,-143.84704916675105,1.05,-144.89704916675106,-1.0323480613859248,93755.75066719853
2023-05-16T16:00:00Z,2023-05-16T16:00:00Z,2023-05-17T16:30:00Z,short,0,94,331.62683400000003,333.1165360961038,330.13713190389626,333.1498477497134,stop,-143.16329247305555,0.9400000000000001,-144.10329247305555,-1.0290740368311666,93611.64737472548
2023-05-17T17:15:00Z,2023-05-17T17:15:00Z,2023-05-19T19:45:00Z,long,0,47,334.50344700000005,331.52036195417264,337.48653204582746,334.116585,weekend_close,-18.18251400000304,0.47000000000000003,-18.652514000003038,-0.13303744073779442,93592.99486072548
2023-05-22T15:15:00Z,2023-05-22T15:15:00Z,2023-05-23T13:30:00Z,short,0,137,333.356661,334.3747243520247,332.33859764797523,332.37183150774,target,134.9216404396148,1.37,133.5516404396148,0.9575332324075967,93726.5465011651
2023-05-23T15:00:00Z,2023-05-23T15:00:00Z,2023-05-23T17:15:00Z,short,0,160,332.656731,333.5299776598162,331.78348434018375,331.8166626886178,target,134.4109298211515,1.6,132.81092982115152,0.9505542357950485,93859.35743098625
2023-05-23T18:00:00Z,2023-05-23T18:00:00Z,2023-05-23T18:15:00Z,short,0,118,331.846812,333.03231420037065,330.66130979962935,330.6943759306093,target,135.9874561881046,1.18,134.8074561881046,0.9636726688769807,93994.16488717435
2023-05-24T14:30:00Z,2023-05-24T14:30:00Z,2023-05-26T19:45:00Z,short,0,36,328.407156,332.2759554293168,324.53835657068316,330.903087,weekend_close,-89.85351600000149,0.36,-90.21351600000149,-0.647728331691404,93903.95137117435
2023-05-30T16:30:00Z,2023-05-30T16:30:00Z,2023-05-30T18:30:00Z,short,0,190,329.677029,330.41498467189706,328.93907332810295,330.44802617036424,stop,-146.4894623692055,1.9000000000000001,-148.38946236920552,-1.058325316961842,93755.56190880515
2023-05-31T16:00:00Z,2023-05-31T16:00:00Z,2023-05-31T19:30:00Z,short,0,77,328.057191,329.87790136414685,326.2364806358531,329.91088915428327,stop,-142.7347578798125,0.77,-143.5047578798125,-1.023610449516258,93612.05715092534
2023-06-01T17:00:00Z,2023-06-01T17:00:00Z,2023-06-02T13:30:00Z,long,0,52,331.56315299999994,328.9078578912655,334.2184481087344,334.18502626392353,target,136.33740972402666,0.52,135.81740972402665,0.9836470738532932,93747.87456064936
2023-06-06T16:45:00Z,2023-06-06T16:45:00Z,2023-06-06T18:00:00Z,short,0,138,335.546442,336.5641438195661,334.52874018043394,334.562193054452,target,135.82635448562644,1.3800000000000001,134.44635448562644,0.9573029416056458,93882.32091513499
2023-06-07T15:15:00Z,2023-06-07T15:15:00Z,2023-06-07T16:30:00Z,long,0,216,336.413638,335.76187889841646,337.0653971015835,337.03169056187335,target,133.49935336464478,2.16,131.33935336464478,0.9329406530664627,94013.66026849963
2023-06-07T17:30:00Z,2023-06-07T17:30:00Z,2023-06-07T18:15:00Z,long,0,273,336.63366,336.1189292831472,337.1483907168528,337.1146758777811,target,131.3173346342375,2.73,128.58733463423752,0.9150724104071531,94142.24760313387
2023-06-08T15:15:00Z,2023-06-08T15:15:00Z,2023-06-09T13:45:00Z,long,0,102,338.06380299999995,336.67954671869774,339.44805928130216,339.41411447537405,target,137.73177048815808,1.02,136.71177048815807,0.9682538511678089,94278.95937362203
2023-06-12T14:30:00Z,2023-06-12T14:30:00Z,2023-06-12T19:00:00Z,long,0,160,339.87398399999995,338.9913743964077,340.7565936035922,340.7225179442318,target,135.76543107709767,1.6,134.16543107709768,0.9500621121943453,94413.12480469912
2023-06-14T15:45:00Z,2023-06-14T15:45:00Z,2023-06-14T17:00:00Z,short,0,284,341.755821,342.25445207851027,341.2571899214898,341.2913156404819,target,131.91952210314435,2.84,129.07952210314434,0.9115062801059984,94542.20432680227
2023-06-14T18:00:00Z,2023-06-14T18:00:00Z,2023-06-14T18:00:00Z,short,0,139,340.905906,341.92127836872896,339.89053363127107,339.9245226846342,target,136.41228083584673,1.3900000000000001,135.02228083584674,0.9566769249214363,94677.22660763812
2023-06-15T16:15:00Z,2023-06-15T16:15:00Z,2023-06-16T19:45:00Z,long,0,48,343.864383,340.91607510439866,346.8126908956013,342.99569699999995,weekend_close,-41.69692800000121,0.48,-42.176928000001205,-0.29803060979857876,94635.04967963812
2023-06-22T15:00:00Z,2023-06-22T15:00:00Z,2023-06-23T13:30:00Z,short,0,80,338.66613,340.43207998382536,336.90018001617466,336.93387003417627,target,138.5807972658995,0.8,137.78079726589948,0.9752597647714986,94772.83047690403
2023-06-26T15:30:00Z,2023-06-26T15:30:00Z,2023-06-26T17:15:00Z,short,0,120,336.576339,337.7555972128165,335.39708078718354,337.7893727725378,stop,-145.5640527045307,1.2,-146.76405270453068,-1.0371212676286785,94626.0664241995
2023-06-27T14:30:00Z,2023-06-27T14:30:00Z,2023-06-27T15:30:00Z,long,0,213,337.973794,337.30871145740986,338.63887654259014,338.6050126549359,target,134.44957350134212,2.13,132.31957350134212,0.9340474529921704,94758.38599770084
2023-06-28T16:00:00Z,2023-06-28T16:00:00Z,2023-06-28T16:00:00Z,short,0,352,338.36616,338.7690653693969,337.96325463060305,338.80294227593384,stop,-153.7473611287205,3.52,-157.26736112872052,-1.1089012702973078,94601.11863657212
2023-06-29T15:45:00Z,2023-06-29T15:45:00Z,2023-06-30T13:30:00Z,long,0,58,340.54405099999997,338.1284326476025,342.95966935239744,342.9253733854622,target,138.11669835680914,0.58,137.53669835680913,0.9816626799132886,94738.65533492893
2023-07-03T16:45:00Z,2023-07-03T16:45:00Z,2023-07-05T13:30:00Z,long,0,148,344.43444,343.4806687950523,345.3882112049477,343.4463207281728,stop,-146.24165223042587,1.48,-147.72165223042586,-1.046497594653132,94590.93368269851
2023-07-05T15:45:00Z,2023-07-05T15:45:00Z,2023-07-05T15:45:00Z,short,0,579,343.56564000000003,343.8104943195229,343.3207856804772,343.35511775904524,target,121.89237751282212,5.79,116.10237751282212,0.8189450827150642,94707.03606021134
2023-07-05T17:30:00Z,2023-07-05T17:30:00Z,2023-07-06T13:30:00Z,short,0,192,342.76572,343.5042859991712,342.0271540008288,342.06135671622883,target,135.23775048406242,1.92,133.31775048406243,0.9401506223551336,94840.3538106954
2023-07-06T15:00:00Z,2023-07-06T15:00:00Z,2023-07-07T19:45:00Z,short,0,27,337.996197,343.1393704046158,332.8530235953842,337.45374200000003,weekend_close,14.646284999998954,0.27,14.376284999998955,0.10352655026604803,94854.7300956954
2023-07-10T14:30:00Z,2023-07-10T14:30:00Z,2023-07-10T15:00:00Z,short,0,258,338.976099,339.5258157328869,338.42638226711307,338.46022490533977,target,133.09551642233293,2.58,130.51551642233292,0.9202450360270888,94985.24561211774
2023-07-10T16:15:00Z,2023-07-10T16:15:00Z,2023-07-10T17:00:00Z,short,0,154,338.236173,339.15643905500673,337.3159069449933,339.19035469891224,stop,-146.94398163248445,1.54,-148.48398163248444,-1.0477205952198194,94836.76163048526
2023-07-11T14:30:00Z,2023-07-11T14:30:00Z,2023-07-11T16:00:00Z,long,0,95,340.454042,338.9571829329099,341.9509010670901,341.9167059769834,target,138.95307781342098,0.9500000000000001,138.003077813421,0.9704747821098241,94974.76470829868
2023-07-13T15:45:00Z,2023-07-13T15:45:00Z,2023-07-13T16:00:00Z,long,0,1112,343.904387,343.7763871162711,344.03238688372886,343.9979836450405,target,104.07946928505862,11.120000000000001,92.95946928505862,0.6530993826337481,95067.72417758373
2023-07-17T16:15:00Z,2023-07-17T16:15:00Z,2023-07-17T19:15:00Z,long,0,192,345.794576,345.0540573601234,346.5350946398766,346.50044113041264,target,135.5261050392255,1.92,133.60610503922553,0.9396996820074563,95201.33028262296
2023-07-19T14:30:00Z,2023-07-19T14:30:00Z,2023-07-21T19:45:00Z,long,0,41,351.945191,348.5025020028958,355.3878799971042,352.074789,weekend_close,5.313517999999476,0.41000000000000003,4.903517999999476,0.03473970495173584,95206.23380062297
2023-07-24T16:00:00Z,2023-07-24T16:00:00Z,2023-07-26T18:30:00Z,long,0,98,354.185415,352.74143495246517,355.6293950475348,355.59383210803,target,138.02487658694497,0.98,137.04487658694498,0.9684462818010934,95343.27867720992
2023-07-27T15:00:00Z,2023-07-27T15:00:00Z,2023-07-27T18:00:00Z,long,0,153,355.44554100000005,354.5159804740155,356.3751015259846,354.4805288759681,stop,-147.64685497688737,1.53,-149.17685497688737,-1.0488957919112118,95194.10182223303
2023-07-31T18:15:00Z,2023-07-31T18:15:00Z,2023-07-31T18:30:00Z,short,0,537,354.424554,354.69012702789036,354.15898097210965,354.72559604059313,stop,-161.65957579851153,5.37,-167.02957579851153,-1.1712109586729156,95027.07224643452
2023-08-01T14:45:00Z,2023-08-01T14:45:00Z,2023-08-02T13:30:00Z,long,0,131,355.655562,354.5731032152393,356.73802078476064,354.5376459049178,stop,-146.4470084557674,1.31,-147.7570084557674,-1.041994495274556,94879.31523797875
2023-08-02T15:45:00Z,2023-08-02T15:45:00Z,2023-08-03T13:30:00Z,short,0,78,353.894607,355.69997039543824,352.0892436045618,352.12445252892223,target,138.07204874406636,0.78,137.29204874406636,0.9749585460330622,95016.60728672282
2023-08-07T16:15:00Z,2023-08-07T16:15:00Z,2023-08-08T13:30:00Z,long,0,95,354.025399,352.53353956506874,355.51725843493125,352.49828621111226,stop,-145.07571494433478,0.9500000000000001,-146.02571494433477,-1.0303335239881783,94870.58157177849
2023-08-08T15:45:00Z,2023-08-08T15:45:00Z,2023-08-10T13:30:00Z,short,0,50,351.054891,353.89736355290313,348.21241844709687,353.9327532892584,stop,-143.89311446292083,0.5,-144.39311446292083,-1.0159683991702668,94726.18845731557
2023-08-10T15:00:00Z,2023-08-10T15:00:00Z,2023-08-10T16:15:00Z,long,0,71,354.425439,352.43111524469856,356.4197627553014,352.39587213317407,stop,-144.0992475446401,0.71,-144.8092475446401,-1.0226859412390923,94581.37920977092
2023-08-10T18:15:00Z,2023-08-10T18:15:00Z,2023-08-10T19:30:00Z,short,0,176,352.67472899999996,353.47901419731096,351.87044380268895,351.90563084706923,target,135.36127491580737,1.76,133.60127491580738,0.9438171378369824,94714.98048468673
2023-08-14T16:45:00Z,2023-08-14T16:45:00Z,2023-08-14T16:45:00Z,long,0,888,352.785275,352.6253247323868,352.94522526761324,352.90993074508646,target,110.69430163676134,8.88,101.81430163676134,0.7168212144770568,94816.7947863235
2023-08-15T14:30:00Z,2023-08-15T14:30:00Z,2023-08-17T15:45:00Z,short,0,53,350.114985,352.7896315681453,347.4403384318547,347.4750824656979,target,139.9148343180118,0.53,139.3848343180118,0.9832710480793642,94956.17962064152
2023-08-17T16:15:00Z,2023-08-17T16:15:00Z,2023-08-17T18:45:00Z,short,0,80,347.525244,349.28918875582406,345.7612992441759,345.7958753741003,target,138.34949007197338,0.8,137.54949007197337,0.9747292936600055,95093.7291107135
2023-08-21T15:30:00Z,2023-08-21T15:30:00Z,2023-08-21T19:30:00Z,short,0,67,343.06569,345.18318585844713,340.9481941415529,345.217704177033,stop,-144.18494986120976,0.67,-144.85494986120975,-1.0210240404524404,94948.87416085228
2023-08-22T16:30:00Z,2023-08-22T16:30:00Z,2023-08-23T15:15:00Z,short,0,116,343.19567700000005,344.4203589061671,341.970995093833,344.4548009420577,stop,-146.0583772786897,1.16,-147.2183772786897,-1.03628863598524,94801.65578357359
2023-08-23T16:15:00Z,2023-08-23T16:15:00Z,2023-08-24T13:45:00Z,long,0,138,344.404437,343.3795346193231,345.4293393806768,345.3947964467388,target,136.66960364995543,1.3800000000000001,135.28960364995544,0.9565393399626749,94936.94538722355
2023-08-24T17:00:00Z,2023-08-24T17:00:00Z,2023-08-25T14:45:00Z,short,0,72,342.735723,344.702328821625,340.76911717837504,340.80319409009286,target,139.14208151331468,0.72,138.42208151331468,0.977587317583857,95075.36746873686
2023-08-28T14:30:00Z,2023-08-28T14:30:00Z,2023-08-30T13:30:00Z,long,0,40,346.26462300000003,342.7167322801206,349.81251371987946,349.7775324685075,target,140.51637874029893,0.4,140.11637874029893,0.9873216919788644,95215.48384747717
2023-08-31T18:15:00Z,2023-08-31T18:15:00Z,2023-08-31T18:30:00Z,short,0,216,349.095087,349.7550313949645,348.4351426050355,348.469986119296,target,135.02179023206327,2.16,132.86179023206327,0.932049556594971,95348.34563770924
2023-09-05T16:00:00Z,2023-09-05T16:00:00Z,2023-09-05T16:45:00Z,short,0,539,348.41515499999997,348.68036980277185,348.1499401972281,348.1847551912478,target,124.18549691741839,5.39,118.79549691741839,0.8310237831699812,95467.14113462665
2023-09-05T17:45:00Z,2023-09-05T17:45:00Z,2023-09-06T13:30:00Z,short,0,161,347.655231,348.54149277926433,346.7689692207357,346.80364611765776,target,137.1051660571025,1.61,135.4951660571025,0.9495895028225735,95602.63630068376
2023-09-06T17:30:00Z,2023-09-06T17:30:00Z,2023-09-08T14:30:00Z,short,0,53,344.16558,346.86106343859154,341.4700965614084,346.8957495449354,stop,-144.69898588157884,0.53,-145.22898588157884,-1.016578141681046,95457.40731480219
2023-09-11T15:45:00Z,2023-09-11T15:45:00Z,2023-09-11T16:00:00Z,long,0,489,346.62465899999995,346.33203839824483,346.91727960175507,346.8825878737949,target,126.1272192857179,4.89,121.2372192857179,0.847270740022623,95578.6445340879
2023-09-11T17:45:00Z,2023-09-11T17:45:00Z,2023-09-12T13:30:00Z,long,0,178,347.504747,346.7027373817654,348.3067566182346,346.66806710802723,stop,-148.92902077115457,1.78,-150.70902077115457,-1.055697927708792,95427.93551331674
2023-09-12T17:45:00Z,2023-09-12T17:45:00Z,2023-09-12T19:15:00Z,long,0,88,348.654862,347.03018628916783,350.27953771083213,346.9954832705389,stop,-146.02532819257522,0.88,-146.9053281925752,-1.0275150408976292,95281.03018512417
2023-09-14T16:00:00Z,2023-09-14T16:00:00Z,2023-09-15T14:45:00Z,long,0,72,349.224919,347.2523926970146,351.1974453029854,347.21766745774494,stop,-144.5221110423645,0.72,-145.24211104236448,-1.0226740901766354,95135.78807408181
2023-09-18T15:00:00Z,2023-09-18T15:00:00Z,2023-09-19T14:00:00Z,short,0,132,346.085388,347.16541969621153,345.0053563037885,345.0398568394189,target,138.01011319670602,1.32,136.69011319670602,0.9587970095817584,95272.47818727851
2023-09-20T14:45:00Z,2023-09-20T14:45:00Z,2023-09-20T19:45:00Z,long,0,66,346.63466,344.483469082595,348.785850917405,344.4490207356867,stop,-144.25219144467746,0.66,-144.91219144467746,-1.0206622046182192,95127.56599583384
2023-09-21T14:45:00Z,2023-09-21T14:45:00Z,2023-09-22T19:45:00Z,short,0,41,343.045692,346.4985288907454,339.5928551092546,339.6268143947655,target,140.17398181461272,0.41000000000000003,139.76398181461272,0.9872686469410793,95267.32997764845
2023-09-25T14:45:00Z,2023-09-25T14:45:00Z,2023-09-27T14:45:00Z,short,0,52,338.216175,340.9142495089268,335.51810049107326,335.5516523011224,target,138.55518034163765,0.52,138.03518034163764,0.9838581885322201,95405.36515799009
2023-09-27T15:45:00Z,2023-09-27T15:45:00Z,2023-09-27T17:30:00Z,short,0,74,334.906506,336.83900177426693,332.974010225733,333.0073076267556,target,140.54067962008264,0.74,139.80067962008263,0.9775950863131807,95545.16583761017
2023-09-28T15:30:00Z,2023-09-28T15:30:00Z,2023-09-29T13:30:00Z,long,0,81,336.783675,335.0263266230131,338.5410233769869,338.50716927464924,target,139.60303624658735,0.81,138.79303624658735,0.9750452995479122,95683.95887385675
2023-10-02T14:45:00Z,2023-10-02T14:45:00Z,2023-10-03T14:15:00Z,short,0,71,333.656631,335.6527729061047,331.6604890938953,331.6936551428047,target,139.37128586086754,0.71,138.66128586086754,0.9783752604074055,95822.62015971763
2023-10-03T15:30:00Z,2023-10-03T15:30:00Z,2023-10-06T15:30:00Z,short,0,41,330.236973,333.66654614367104,326.8073998563289,333.6999127982854,stop,-141.98053172970333,0.41000000000000003,-142.39053172970333,-1.0126449131707285,95680.22962798792
2023-10-09T17:45:00Z,2023-10-09T17:45:00Z,2023-10-10T14:00:00Z,long,0,68,335.60355699999997,333.51621507216913,337.6908989278308,337.65712983793804,target,139.64295297978924,0.68,138.96295297978924,0.9790311834830805,95819.1925809677
2023-10-10T15:00:00Z,2023-10-10T15:00:00Z,2023-10-12T18:00:00Z,long,0,50,337.56375299999996,334.72010995724173,340.4073960427582,334.68663794624604,stop,-143.85575268769628,0.5,-144.35575268769628,-1.0152874359903936,95674.83682828001
2023-10-16T15:45:00Z,2023-10-16T15:45:00Z,2023-10-18T19:15:00Z,long,0,45,339.983995,336.83446789534486,343.1335221046551,336.8007844485553,stop,-143.24447481501096,0.45,-143.69447481501095,-1.0138698431027904,95531.142353465
2023-10-24T16:15:00Z,2023-10-24T16:15:00Z,2023-10-24T16:15:00Z,long,0,525,331.30312699999996,331.03027460682927,331.57597939317066,330.99717157936857,stop,-160.62659583148076,5.25,-165.87659583148076,-1.157971960442848,95365.26575763352
2023-10-24T18:15:00Z,2023-10-24T18:15:00Z,2023-10-24T18:30:00Z,short,0,268,330.9669,331.49904474891053,330.4347552510895,331.53219465338543,stop,-151.49896710729308,2.68,-154.1789671072931,-1.0810867805484103,95211.08679052623
2023-10-26T15:00:00Z,2023-10-26T15:00:00Z,2023-10-26T15:00:00Z,short,0,327,330.496947,330.93241645707235,330.0614775429276,330.0944836906819,target,131.60550214701203,3.27,128.33550214701202,0.9012418734406318,95339.42229267323
2023-10-30T16:00:00Z,2023-10-30T16:00:00Z,2023-10-30T19:00:00Z,long,0,65,327.74277099999995,325.54762682146185,329.93791517853805,329.9049213870202,target,140.53977515631516,0.65,139.88977515631515,0.9804141377417405,95479.31206782955
2023-10-31T16:15:00Z,2023-10-31T16:15:00Z,2023-10-31T16:30:00Z,long,0,264,328.83288,328.2913787282416,329.37438127175835,329.34144383363116,target,134.26085207862934,2.64,131.62085207862935,0.9207066716800769,95610.93291990818
2023-10-31T18:00:00Z,2023-10-31T18:00:00Z,2023-11-01T14:15:00Z,long,0,84,330.293026,328.6011850689037,331.9848669310963,331.9516684444032,target,139.32596532986872,0.84,138.48596532986872,0.9744665790387852,95749.41888523805
2023-11-01T15:00:00Z,2023-11-01T15:00:00Z,2023-11-02T13:30:00Z,long,0,49,332.393236,329.4627428274492,335.3237291725508,335.2901967996336,target,141.9510791820452,0.49,141.46107918204518,0.9851450352026045,95890.87996442009
2023-11-07T16:00:00Z,2023-11-07T16:00:00Z,2023-11-08T17:00:00Z,long,0,116,341.794176,340.5549559218694,343.0333960781306,340.52090042627725,stop,-147.6999665518381,1.16,-148.85996655183808,-1.0355509859545011,95742.01999786825
2023-11-08T18:30:00Z,2023-11-08T18:30:00Z,2023-11-09T14:30:00Z,short,0,139,340.615935,341.6450113398157,339.58685866018425,341.6791758409497,stop,-147.7904768920127,1.3900000000000001,-149.18047689201268,-1.0429166422599014,95592.83952097624
2023-11-13T17:15:00Z,2023-11-13T17:15:00Z,2023-11-14T14:30:00Z,long,0,67,343.944391,341.8262158658237,346.0625661341763,346.02795987756286,target,139.59911479671217,0.67,138.92911479671218,0.9789411857906823,95731.76863577295
2023-11-14T15:30:00Z,2023-11-14T15:30:00Z,2023-11-17T20:45:00Z,long,0,25,348.804877,343.18168591348535,354.4280680865146,349.375059,weekend_close,14.254550000001132,0.25,14.004550000001132,0.0996199473539958,95745.77318577295
2023-11-20T16:15:00Z,2023-11-20T16:15:00Z,2023-11-20T19:30:00Z,long,0,127,350.465043,349.33832607333517,351.5917599266648,351.55660075067215,target,138.6278343353651,1.27,137.35783433536508,0.9599196790924923,95883.13102010831
2023-11-22T16:45:00Z,2023-11-22T16:45:00Z,2023-11-28T15:30:00Z,long,0,79,352.645261,350.8469994133364,354.4435225866636,354.40807823440497,target,139.26256151799208,0.79,138.4725615179921,0.9747287310168453,96021.6035816263
2023-11-28T16:15:00Z,2023-11-28T16:15:00Z,2023-11-30T14:30:00Z,long,0,96,354.695466,353.1978391587577,356.19309284124233,356.1574735319582,target,140.35272306798652,0.96,139.3927230679865,0.9695389345143633,96160.99630469429
2023-11-30T16:45:00Z,2023-11-30T16:45:00Z,2023-12-01T14:30:00Z,long,0,56,357.725769,355.1534248823279,360.29811311767213,360.26208330636035,target,142.03360115617897,0.56,141.47360115617897,0.982105888945592,96302.46990585046
2023-12-04T19:30:00Z,2023-12-04T19:30:00Z,2023-12-04T20:45:00Z,long,0,236,362.31622799999997,361.7056118032128,362.92684419678716,362.8905515123675,target,135.54034891873653,2.36,133.1803489187365,0.9241869366334589,96435.65025476919
2023-12-05T18:15:00Z,2023-12-05T18:15:00Z,2023-12-05T18:15:00Z,short,0,657,361.713825,361.933916042911,361.493733957089,361.9701094345153,stop,-168.3788734765481,6.57,-174.9488734765481,-1.2098831056153598,96260.70138129265
2023-12-11T16:30:00Z,2023-12-11T16:30:00Z,2023-12-12T16:00:00Z,long,0,88,364.326429,362.68887512014567,365.96398287985437,365.9273864815664,target,140.88425837783916,0.88,140.00425837783916,0.9715451205232148,96400.70563967049
2023-12-13T17:00:00Z,2023-12-13T17:00:00Z,2023-12-13T19:00:00Z,long,0,200,366.576654,365.8537233331725,367.2995846668275,367.26285470836086,target,137.24014167216865,2.0,135.24014167216865,0.9353603870870209,96535.94578134266
2023-12-18T16:30:00Z,2023-12-18T16:30:00Z,2023-12-19T20:45:00Z,long,0,87,373.787375,372.1236608853394,375.4510891146606,375.41354400574915,target,141.47670350017586,0.87,140.60670350017585,0.9714223083807013,96676.55248484283
2023-12-20T16:45:00Z,2023-12-20T16:45:00Z,2023-12-20T19:45:00Z,long,0,140,375.68756499999995,374.65562506877296,376.71950493122694,374.61815950626607,stop,-149.71676912274347,1.4000000000000001,-151.11676912274348,-1.045996439395904,96525.43571572009
2023-12-21T18:00:00Z,2023-12-21T18:00:00Z,2023-12-21T20:45:00Z,short,0,60,371.68282800000003,374.0627763051772,369.3028796948229,374.1001825828077,stop,-145.04127496845967,0.6,-145.64127496845967,-1.019919036698144,96379.79444075163
2023-12-26T17:00:00Z,2023-12-26T17:00:00Z,2023-12-26T20:15:00Z,long,0,138,374.947491,373.9016052834853,375.9933767165147,375.9557773788431,target,139.14352028034523,1.3800000000000001,137.76352028034523,0.954488968612898,96517.55796103198
2023-12-27T16:15:00Z,2023-12-27T16:15:00Z,2023-12-28T14:30:00Z,long,0,161,375.91758799999997,375.0188484786863,376.8163275213136,376.77864588856147,target,138.63032005840216,1.61,137.02032005840215,0.9469461043813386,96654.57828109039
2023-12-28T15:45:00Z,2023-12-28T15:45:00Z,2023-12-29T16:30:00Z,long,0,98,377.257722,375.7807851149865,378.7346588850135,375.743207036475,stop,-148.4224664254516,0.98,-149.4024664254516,-1.0322140228159213,96505.17581466494
2024-01-02T17:30:00Z,2024-01-02T17:30:00Z,2024-01-02T19:30:00Z,long,0,136,377.477744,376.41646808383877,378.5390199161612,376.3788264370304,stop,-149.4527885638622,1.36,-150.81278856386223,-1.0448909148722554,96354.36302610107
2024-01-04T17:15:00Z,2024-01-04T17:15:00Z,2024-01-04T17:30:00Z,long,0,170,376.107607,375.25913923777796,376.956074762222,375.22161332385417,stop,-150.61892494478627,1.7,-152.31892494478626,-1.0560138122388096,96202.04410115628
2024-01-08T15:30:00Z,2024-01-08T15:30:00Z,2024-01-08T18:00:00Z,short,0,123,373.602636,374.77126522533945,372.4340067746606,374.80874235186195,stop,-148.35108127901782,1.23,-149.5810812790178,-1.0406263385281278,96052.46301987726
2024-01-09T19:15:00Z,2024-01-09T19:15:00Z,2024-01-09T19:15:00Z,long,0,912,374.887485,374.7295236945402,375.04544630545985,374.69205074217075,stop,-178.23604314030035,9.120000000000001,-187.35604314030036,-1.3005353256056156,95865.10697673696
2024-01-10T16:00:00Z,2024-01-10T16:00:00Z,2024-01-10T19:45:00Z,long,0,117,376.107607,374.88782864948143,377.3273853505185,377.28965261198346,target,138.2993366020675,1.17,137.12933660206753,0.9608676949260793,96002.23631333903
2024-01-11T17:30:00Z,2024-01-11T17:30:00Z,2024-01-11T18:45:00Z,short,0,93,374.672529,376.2078263912727,373.1372316087273,376.2454471739118,stop,-146.28139017380022,0.93,-147.21139017380023,-1.0310173018659583,95855.02492316523
2024-01-16T15:45:00Z,2024-01-16T15:45:00Z,2024-01-16T16:00:00Z,short,0,134,374.782518,375.8545001601856,373.7105358398144,373.74790689339835,target,138.6378882846185,1.34,137.2978882846185,0.9558098489477044,95992.32281144985
2024-01-16T17:45:00Z,2024-01-16T17:45:00Z,2024-01-19T14:30:00Z,short,0,66,373.232673,375.3931977011523,371.07214829884765,375.43073702092244,stop,-145.0722253808823,0.66,-145.73222538088228,-1.0220035992852927,95846.59058606897
2024-01-22T15:45:00Z,2024-01-22T15:45:00Z,2024-01-26T20:45:00Z,long,0,36,380.69806600000004,376.7298699293357,384.6662620706644,381.01189500000004,weekend_close,11.297843999999941,0.36,10.937843999999942,0.07656602511305113,95857.52843006897
2024-01-29T15:45:00Z,2024-01-29T15:45:00Z,2024-01-29T15:45:00Z,long,0,298,381.098106,380.61640294828635,381.5798090517136,380.57834130799154,stop,-154.88987821851413,2.98,-157.86987821851412,-1.0997744152208249,95699.65855185046
2024-01-30T17:30:00Z,2024-01-30T17:30:00Z,2024-01-31T14:30:00Z,long,0,78,383.718368,381.88165759861926,385.55507840138074,385.5165228935406,target,140.25608169616555,0.78,139.47608169616555,0.973563873867292,95839.13463354662
2024-01-31T15:45:00Z,2024-01-31T15:45:00Z,2024-01-31T20:00:00Z,long,0,107,384.898486,383.55752820043307,386.2394437995669,383.519172447613,stop,-147.58655010540633,1.07,-148.65655010540632,-1.0360606074521284,95690.47808344122
2024-02-01T17:15:00Z,2024-02-01T17:15:00Z,2024-02-01T17:30:00Z,short,0,807,383.391657,383.56949361107803,383.213820388922,383.60785056043915,stop,-174.46820327438388,8.07,-182.53820327438387,-1.271917852392615,95507.93988016684
2024-02-01T19:30:00Z,2024-02-01T19:30:00Z,2024-02-02T16:15:00Z,long,0,123,384.028399,382.87021578060086,385.1865822193991,385.14806356117714,target,137.7187410247907,1.23,136.4887410247907,0.9581079595962957,95644.42862119163
2024-02-05T17:00:00Z,2024-02-05T17:00:00Z,2024-02-07T14:30:00Z,short,0,46,382.911705,385.99066940484755,379.8327405951524,386.02926847178804,stop,-143.40791970225075,0.46,-143.86791970225076,-1.0157842250023992,95500.56070148938
2024-02-07T16:30:00Z,2024-02-07T16:30:00Z,2024-02-09T20:45:00Z,long,0,58,386.808677,384.3692191225581,389.2481348774419,386.721324,weekend_close,-5.066474000000426,0.58,-5.646474000000426,-0.03990763722556883,95494.91422748938
2024-02-12T16:15:00Z,2024-02-12T16:15:00Z,2024-02-12T18:00:00Z,long,0,108,387.968793,386.6475850113175,389.2900009886825,389.25107198858365,target,138.48613076703327,1.08,137.40613076703326,0.9629664666593192,95632.32035825642
2024-02-13T16:00:00Z,2024-02-13T16:00:00Z,2024-02-15T19:45:00Z,short,0,28,383.151681,388.1032604603396,378.2001015396604,388.1420707863856,stop,-139.73091401879697,0.28,-140.01091401879697,-1.0098575265603575,95492.30944423762
2024-02-20T15:45:00Z,2024-02-20T15:45:00Z,2024-02-20T17:15:00Z,short,0,111,386.041392,387.3282537725984,384.7545302274016,384.7930056804243,target,138.57088147289966,1.11,137.46088147289964,0.9623304895250353,95629.77032571052
2024-02-20T18:00:00Z,2024-02-20T18:00:00Z,2024-02-21T20:15:00Z,short,0,94,385.201476,386.72360700051667,383.67934499948336,383.7177129339833,target,139.4737282055704,0.9400000000000001,138.5337282055704,0.9682235402317358,95768.30405391609
2024-02-22T16:45:00Z,2024-02-22T16:45:00Z,2024-02-23T20:45:00Z,long,0,36,388.93888999999996,385.0009243199591,392.8768556800408,391.230873,weekend_close,82.51138800000058,0.36,82.15138800000058,0.5794827038656004,95850.45544191608
2024-02-26T16:00:00Z,2024-02-26T16:00:00Z,2024-02-26T16:00:00Z,long,0,613,391.479144,391.2448019958564,391.71348600414365,391.2056775156568,stop,-167.63495490238336,6.13,-173.76495490238335,-1.2096272940017494,95676.69048701371
2024-02-26T19:15:00Z,2024-02-26T19:15:00Z,2024-02-27T14:30:00Z,short,0,227,390.890907,391.5229817245084,390.25883227549167,390.29785815871924,target,134.62208697073942,2.27,132.3520869707394,0.9224365706670207,95809.04257398445
2024-02-27T15:30:00Z,2024-02-27T15:30:00Z,2024-02-28T14:30:00Z,short,0,82,389.521044,391.2685271118823,387.77356088811774,387.81233824420656,target,140.11387197506372,0.8200000000000001,139.29387197506372,0.9720870801227515,95948.33644595952
2024-02-28T16:00:00Z,2024-02-28T16:00:00Z,2024-02-28T16:00:00Z,short,0,355,389.16107999999997,389.5661221791009,388.75603782089905,389.6050787913188,stop,-157.61957091819085,3.5500000000000003,-161.16957091819086,-1.120867936091497,95787.16687504132
2024-02-28T19:15:00Z,2024-02-28T19:15:00Z,2024-02-28T20:00:00Z,short,0,237,388.591137,389.19706890686405,387.98520509313596,389.2359886137547,stop,-152.8298324598697,2.37,-155.1998324598697,-1.080734660671463,95631.96704258145
2024-02-29T16:15:00Z,2024-02-29T16:15:00Z,2024-02-29T16:30:00Z,long,0,121,390.209017,389.0282999922366,391.3897340077634,388.98939716223737,stop,-147.57400036928067,1.21,-148.78400036928068,-1.0414179093531308,95483.18304221217
2024-03-04T17:00:00Z,2024-03-04T17:00:00Z,2024-03-04T17:15:00Z,short,0,521,390.49094699999995,390.76550693899793,390.21638706100197,390.8045834896918,stop,-163.4046111294661,5.21,-168.6146111294661,-1.1787462179406032,95314.5684310827
2024-03-05T16:30:00Z,2024-03-05T16:30:00Z,2024-03-08T20:45:00Z,short,0,49,387.75122100000004,390.64528892372823,384.85715307627186,387.988795,weekend_close,-11.641125999996973,0.49,-12.131125999996973,-0.08554533152802068,95302.43730508271
2024-03-11T15:15:00Z,2024-03-11T15:15:00Z,2024-03-12T13:30:00Z,short,0,56,386.471349,388.98102738545435,383.9616706145456,389.0199254881929,stop,-142.7202833388028,0.56,-143.2802833388028,-1.0194838123569667,95159.15702174391
2024-03-13T15:00:00Z,2024-03-13T15:00:00Z,2024-03-14T13:45:00Z,long,0,65,392.19921600000004,390.03202931773683,394.36640268226324,389.99302611480505,stop,-143.4023425376742,0.65,-144.0523425376742,-1.0226114359841887,95015.10467920624
2024-03-14T14:30:00Z,2024-03-14T14:30:00Z,2024-03-14T17:15:00Z,short,0,106,390.510945,391.8495127053282,389.1723772946718,389.2112945324012,target,137.76294956547076,1.06,136.70294956547076,0.9634555371874587,95151.80762877171
2024-03-14T18:00:00Z,2024-03-14T18:00:00Z,2024-03-14T19:00:00Z,short,0,120,389.911005,391.0952115239316,388.7267984760684,388.765671155916,target,137.44006129008085,1.2,136.24006129008086,0.9587295975322438,95288.0476900618
2024-03-18T16:00:00Z,2024-03-18T16:00:00Z,2024-03-18T19:45:00Z,long,0,118,388.698866,387.4899144636384,389.9078175363616,387.45116547219203,stop,-147.22866228134149,1.18,-148.4086622813415,-1.040323362831467,95139.63902778045
2024-03-19T16:15:00Z,2024-03-19T16:15:00Z,2024-03-20T14:45:00Z,long,0,92,389.758972,388.2168399767934,391.3011040232067,391.26197391280436,target,138.27617597799895,0.92,137.35617597799896,0.9681414368789567,95276.99520375844
2024-03-26T17:00:00Z,2024-03-26T17:00:00Z,2024-03-26T19:15:00Z,long,0,325,393.93938999999995,393.50064428012456,394.37813571987533,393.46129421569657,stop,-155.3811298985977,3.25,-158.6311298985977,-1.1124798765946005,95118.36407385985
2024-03-27T15:00:00Z,2024-03-27T15:00:00Z,2024-03-27T19:15:00Z,long,0,119,394.899486,393.7101685449754,396.0888034550247,396.0491945746792,target,136.81532038681917,1.19,135.62532038681917,0.958287940586503,95253.98939424667
2024-04-01T16:00:00Z,2024-04-01T16:00:00Z,2024-04-02T13:30:00Z,short,0,53,394.79051699999997,397.470914664994,392.11011933500595,392.14933034693945,target,139.9828926122073,0.53,139.4528926122073,0.9816404063560424,95393.44228685887
2024-04-02T14:30:00Z,2024-04-02T14:30:00Z,2024-04-04T19:15:00Z,short,0,31,391.290867,395.77985516942044,386.80187883057954,386.8405590184626,target,137.95954742765872,0.31,137.64954742765872,0.989155643533505,95531.09183428653
2024-04-09T14:45:00Z,2024-04-09T14:45:00Z,2024-04-11T14:00:00Z,short,0,44,386.16138,389.3556771237479,382.9670828762521,383.00537958453975,target,138.86401828025123,0.44,138.42401828025123,0.9848803331635665,95669.51585256678
2024-04-11T15:30:00Z,2024-04-11T15:30:00Z,2024-04-11T17:15:00Z,short,0,61,382.36176,384.70382800862524,380.01969199137477,384.7422983914261,stop,-145.21284187699297,0.61,-145.82284187699298,-1.02069554881514,95523.69301068979
2024-04-15T18:00:00Z,2024-04-15T18:00:00Z,2024-04-19T19:45:00Z,short,0,49,378.232173,381.11198045810784,375.35236554189214,379.817978,weekend_close,-77.70444499999968,0.49,-78.19444499999967,-0.554136004998231,95445.49856568979
2024-04-22T15:15:00Z,2024-04-22T15:15:00Z,2024-04-22T15:45:00Z,long,0,173,379.997996,379.1735329898057,380.8224590101943,380.78437676429326,target,136.04387222273323,1.73,134.31387222273324,0.9416805298642895,95579.81243791252
2024-04-22T17:15:00Z,2024-04-22T17:15:00Z,2024-04-23T14:45:00Z,long,0,54,382.43823999999995,379.8058252582634,385.0706547417365,385.03214767626235,target,140.07101451816982,0.54,139.53101451816983,0.9815731675160866,95719.3434524307
2024-04-23T15:15:00Z,2024-04-23T15:15:00Z,2024-04-25T13:30:00Z,long,0,50,384.86848299999997,382.038429400951,387.69853659904896,382.00022555801087,stop,-143.41287209945506,0.5,-143.91287209945506,-1.0170328374544937,95575.43058033125
2024-04-25T15:45:00Z,2024-04-25T15:45:00Z,2024-04-26T19:45:00Z,short,0,25,378.46215,384.0654708794488,372.8588291205512,382.308227,weekend_close,-96.1519249999995,0.25,-96.4019249999995,-0.6881770797997386,95479.02865533125
2024-04-29T15:00:00Z,2024-04-29T15:00:00Z,2024-04-29T17:45:00Z,long,0,176,383.168313,382.3576406331382,383.9789853668618,383.94058746832513,target,135.9203064252215,1.76,134.1603064252215,0.9402990646837519,95613.18896175647
2024-04-30T15:00:00Z,2024-04-30T15:00:00Z,2024-04-30T15:00:00Z,short,0,164,382.42175399999996,383.2952733487391,381.5482346512608,381.58638947472593,target,136.99978214494104,1.6400000000000001,135.35978214494105,0.9448726310016895,95748.54874390141
2024-04-30T15:45:00Z,2024-04-30T15:45:00Z,2024-05-01T19:00:00Z,short,0,52,380.50194600000003,383.2314688058196,377.7724231941805,383.2697919527002,stop,-143.92798954040813,0.52,-144.44798954040814,-1.017703880977866,95604.100754361
2024-05-02T18:30:00Z,2024-05-02T18:30:00Z,2024-05-03T13:30:00Z,long,0,91,381.908187,380.3350964284991,383.48127757150087,383.4429294437437,target,139.6615623806776,0.91,138.7515623806776,0.9692655155188986,95742.85231674169
2024-05-06T14:45:00Z,2024-05-06T14:45:00Z,2024-05-08T17:45:00Z,long,0,70,387.798776,385.7565628457736,389.84098915422635,389.80200505531093,target,140.22603387176673,0.7000000000000001,139.52603387176674,0.9760142085002009,95882.37835061345
2024-05-08T18:45:00Z,2024-05-08T18:45:00Z,2024-05-09T14:00:00Z,long,0,112,390.369033,389.0950864160349,391.6429795839651,391.6038152860067,target,138.29561603274942,1.12,137.17561603274942,0.961407881164552,96019.5539666462
2024-05-09T18:30:00Z,2024-05-09T18:30:00Z,2024-05-10T13:30:00Z,long,0,65,393.409337,391.2074368727568,395.6112371272432,395.5716760035305,target,140.55203522948375,0.65,139.90203522948374,0.977491656819716,96159.45600187569
2024-05-13T18:30:00Z,2024-05-13T18:30:00Z,2024-05-14T13:30:00Z,short,0,215,394.580538,395.25053298311536,393.9105430168846,395.29005803641365,stop,-152.54680782893786,2.15,-154.69680782893786,-1.073918543491188,96004.75919404675
2024-05-14T17:00:00Z,2024-05-14T17:00:00Z,2024-05-14T18:00:00Z,short,0,227,394.220574,394.85302003982923,393.58812796017077,394.8925053418332,stop,-152.52841459613978,2.27,-154.7984145961398,-1.0782443068460725,95849.96077945062
2024-05-16T14:30:00Z,2024-05-16T14:30:00Z,2024-05-17T19:45:00Z,long,0,51,400.44003999999995,397.6687544964709,403.211325503529,399.93000300000006,weekend_close,-26.011886999994772,0.51,-26.521886999994774,-0.1876519035435598,95823.43889245062
2024-05-20T14:45:00Z,2024-05-20T14:45:00Z,2024-05-20T17:15:00Z,long,0,104,400.470043,399.09686069180304,401.8432253081969,399.0569510057339,stop,-146.96156740367405,1.04,-148.00156740367404,-1.0363460013803265,95675.43732504695
2024-05-21T17:00:00Z,2024-05-21T17:00:00Z,2024-05-21T19:30:00Z,short,0,195,398.110185,398.8447922956483,397.3755777043517,398.88467677487785,stop,-151.02589610117974,1.95,-152.97589610117973,-1.067906321547669,95522.46142894577
2024-05-22T17:30:00Z,2024-05-22T17:30:00Z,2024-05-22T17:30:00Z,short,0,289,398.050191,398.54517060493373,397.55521139506624,397.59496691620575,target,131.5597602165339,2.89,128.66976021653392,0.8994796540229747,95651.1311891623
2024-05-23T14:45:00Z,2024-05-23T14:45:00Z,2024-05-23T18:00:00Z,short,0,43,394.290567,397.61869469048463,390.9624393095154,391.00153555344633,target,141.4283522018082,0.43,140.9983522018082,0.9852480888665083,95792.1295413641
2024-05-28T18:00:00Z,2024-05-28T18:00:00Z,2024-05-29T13:30:00Z,short,0,60,387.881208,390.25599109142706,385.50642490857297,385.5449755510638,target,140.1739469361712,0.6,139.5739469361712,0.9795557570431891,95931.70348830028
2024-05-29T14:30:00Z,2024-05-29T14:30:00Z,2024-05-30T13:30:00Z,short,0,39,385.371459,389.0067989505993,381.7361190494007,381.77429266130565,target,140.28948720908022,0.39,139.89948720908023,0.9867485262562595,96071.60297550936
2024-05-30T14:30:00Z,2024-05-30T14:30:00Z,2024-05-31T19:45:00Z,short,0,30,380.951901,385.62318815206135,376.2806138479387,385.66175047087654,stop,-141.2954841262956,0.3,-141.59548412629562,-1.0103959181344195,95930.00749138306
2024-06-03T18:15:00Z,2024-06-03T18:15:00Z,2024-06-03T18:15:00Z,short,0,259,384.201576,384.75561398285816,383.6475380171418,384.79408954425645,stop,-153.46100796242376,2.59,-156.05100796242377,-1.0874950145984756,95773.95648342064
2024-06-04T18:15:00Z,2024-06-04T18:15:00Z,2024-06-06T13:30:00Z,long,0,72,387.388735,385.41879143124083,389.35867856875916,389.3197427009023,target,139.0325544649645,0.72,138.3125544649645,0.9751587463555099,95912.2690378856
2024-06-06T14:45:00Z,2024-06-06T14:45:00Z,2024-06-07T14:15:00Z,long,0,131,388.848881,387.7581934345868,389.9395685654132,389.90057460855667,target,137.77186272092263,1.31,136.46186272092262,0.9550797511494789,96048.73090060653
2024-06-11T15:45:00Z,2024-06-11T15:45:00Z,2024-06-12T13:30:00Z,short,0,88,387.041292,388.6726030269345,385.4099809730655,388.7114702872372,stop,-146.97568927687416,0.88,-147.85568927687416,-1.0299558205001156,95900.87521132967
2024-06-12T14:30:00Z,2024-06-12T14:30:00Z,2024-06-12T18:00:00Z,long,0,50,390.089005,387.2472190898364,392.9307909101636,387.2084943679274,stop,-144.02553160362856,0.5,-144.52553160362856,-1.017145810222619,95756.34967972603
2024-06-17T17:00:00Z,2024-06-17T17:00:00Z,2024-06-18T13:30:00Z,long,0,80,387.61875799999996,385.8438090986821,389.39370690131784,389.3547675306277,target,138.88076245022148,0.8,138.08076245022147,0.9724277298046275,95894.43044217625
2024-06-18T15:00:00Z,2024-06-18T15:00:00Z,2024-06-18T16:00:00Z,long,0,187,388.268823,387.5009560242346,389.0366899757654,388.9977863067678,target,136.3161383655804,1.87,134.4461383655804,0.9363123164024023,96028.87658054184
2024-06-18T17:15:00Z,2024-06-18T17:15:00Z,2024-06-18T19:45:00Z,long,0,278,388.63886,388.1217737856348,389.15594621436526,389.11703061974384,target,132.93143228878228,2.7800000000000002,130.15143228878227,0.9054014722062116,96159.02801283062
2024-06-20T14:30:00Z,2024-06-20T14:30:00Z,2024-06-20T18:00:00Z,long,0,74,390.38903500000004,388.46579713445965,392.3122728655404,392.27304163825386,target,139.41649123078287,0.74,138.67649123078286,0.9744019041177047,96297.7045040614
2024-06-25T16:00:00Z,2024-06-25T16:00:00Z,2024-06-28T13:30:00Z,short,0,47,390.840912,393.8780349953543,387.8037890046457,393.91742279885386,stop,-144.59600754613143,0.47000000000000003,-145.06600754613143,-1.016261377486225,96152.63849651527
2024-07-01T18:30:00Z,2024-07-01T18:30:00Z,2024-07-01T18:30:00Z,long,0,1843,391.449141,391.37090359165705,391.52737840834294,391.3317665012979,stop,-216.3212011079276,18.43,-234.7512011079276,-1.6280510998491655,95917.88729540734
2024-07-08T18:00:00Z,2024-07-08T18:00:00Z,2024-07-09T13:30:00Z,short,0,188,393.38065800000004,394.142649269208,392.6186667307921,392.6579285974652,target,135.873127676555,1.8800000000000001,133.993127676555,0.9353511402771167,96051.8804230839
2024-07-09T14:30:00Z,2024-07-09T14:30:00Z,2024-07-09T16:15:00Z,short,0,83,391.880808,393.601871623299,390.159744376701,393.64123181046136,stop,-146.115176268293,0.8300000000000001,-146.945176268293,-1.0286800479041727,95904.93524681561
2024-07-09T18:30:00Z,2024-07-09T18:30:00Z,2024-07-09T18:45:00Z,long,0,541,393.18931499999997,392.92367623649073,393.4549537635092,392.8843838688671,stop,-164.9677419428931,5.41,-170.3777419428931,-1.1855616513662413,95734.55750487272
2024-07-10T17:30:00Z,2024-07-10T17:30:00Z,2024-07-10T19:45:00Z,long,0,74,395.08950500000003,393.1627800746557,397.01622992534436,396.9765283023518,target,139.63972437403265,0.74,138.89972437403264,0.9742040898839485,95873.45722924675
2024-07-15T15:45:00Z,2024-07-15T15:45:00Z,2024-07-16T13:45:00Z,long,0,55,403.430339,400.8323512444521,406.0283267555479,405.9877239228723,target,140.6561707579766,0.55,140.1061707579766,0.9805222974713739,96013.56340000473
2024-07-16T14:30:00Z,2024-07-16T14:30:00Z,2024-07-18T13:45:00Z,long,0,25,407.590755,402.0178523115735,413.1636576884265,413.12234132265763,target,138.28965806644078,0.25,138.03965806644078,0.9907918065974065,96151.60305807117
2024-07-18T15:00:00Z,2024-07-18T15:00:00Z,2024-07-18T15:15:00Z,long,0,125,412.101206,410.9543990020801,413.2480129979199,410.9133035621799,stop,-148.4878047275089,1.25,-149.7378047275089,-1.0445545239895233,96001.86525334365
2024-07-18T17:30:00Z,2024-07-18T17:30:00Z,2024-07-18T18:45:00Z,short,0,59,409.329063,411.76792894172473,406.8901970582753,406.93088607798114,target,141.49243839911372,0.59,140.90243839911372,0.9792161517209137,96142.76769174277
2024-07-23T15:15:00Z,2024-07-23T15:15:00Z,2024-07-23T16:30:00Z,long,0,154,404.660462,403.72978400368714,405.59113999631285,403.6894110252868,stop,-149.54185010583183,1.54,-151.08185010583182,-1.0541250342222646,95991.68584163694
2024-07-24T15:30:00Z,2024-07-24T15:30:00Z,2024-07-25T17:00:00Z,short,0,31,399.820014,404.3838575014525,395.25617049854753,404.4242958872026,stop,-142.7327385032807,0.31,-143.0427385032807,-1.0110517342967762,95848.64310313365
2024-07-29T18:15:00Z,2024-07-29T18:15:00Z,2024-07-30T13:30:00Z,long,0,221,405.910587,405.26253721489735,406.5586367851027,406.51798092142417,target,134.23405663473665,2.21,132.02405663473664,0.9218333763192313,95980.66715976839
2024-08-01T16:15:00Z,2024-08-01T16:15:00Z,2024-08-02T14:00:00Z,short,0,24,403.709625,409.47086543208377,397.94838456791626,397.98817940637304,target,137.31469424704756,0.24,137.07469424704755,0.9913569240784555,96117.74185401543
2024-08-05T15:00:00Z,2024-08-05T15:00:00Z,2024-08-09T19:45:00Z,short,0,13,386.321364,396.958630493419,375.68409750658105,395.179514,weekend_close,-115.15594999999956,0.13,-115.28594999999956,-0.833686925629483,96002.45590401543
2024-08-12T17:45:00Z,2024-08-12T17:45:00Z,2024-08-12T17:45:00Z,short,0,176,393.650631,394.46788570524694,392.833376294753,392.87265963238247,target,136.92296070068187,1.76,135.16296070068188,0.9396964773490498,96137.6188647161
2024-08-12T18:15:00Z,2024-08-12T18:15:00Z,2024-08-13T13:30:00Z,short,0,147,393.49064699999997,394.4676911548021,392.51360284519785,394.5071379239176,stop,-149.42416581588947,1.47,-150.89416581588947,-1.0506085307122222,95986.72469890022
2024-08-13T15:45:00Z,2024-08-13T15:45:00Z,2024-08-13T19:45:00Z,long,0,70,395.869583,393.8258136734576,397.91335232654234,397.87356099130966,target,140.27845939167776,0.7000000000000001,139.57845939167777,0.9756374975463035,96126.30315829189
2024-08-14T14:30:00Z,2024-08-14T14:30:00Z,2024-08-15T13:30:00Z,long,0,57,398.56985299999997,396.04946706548105,401.0902389345189,401.05012991062546,target,141.375783905653,0.5700000000000001,140.80578390565302,0.9801185115314547,96267.10894219755
2024-08-15T14:30:00Z,2024-08-15T14:30:00Z,2024-08-16T19:45:00Z,long,0,30,403.910387,399.1048560617417,408.7159179382583,406.669329,weekend_close,82.76825999999971,0.3,82.46825999999972,0.5720371037703291,96349.57720219754
2024-08-19T14:45:00Z,2024-08-19T14:45:00Z,2024-08-22T17:45:00Z,long,0,57,408.670863,406.176513652277,411.165212347723,406.13589600091177,stop,-144.4931189480289,0.5700000000000001,-145.0631189480289,-1.0202929278576862,96204.51408324951
2024-08-22T18:15:00Z,2024-08-22T18:15:00Z,2024-08-23T13:30:00Z,short,0,96,407.029293,408.5282499211924,405.5303360788076,408.5691027461845,stop,-147.82173563371362,0.96,-148.78173563371362,-1.033925474623812,96055.73234761579
2024-08-26T18:00:00Z,2024-08-26T18:00:00Z,2024-08-26T18:00:00Z,long,0,1047,412.01119700000004,411.8736324451351,412.14876155486496,411.8324450818906,stop,-187.153258260555,10.47,-197.623258260555,-1.3720970368766225,95858.10908935523
2024-08-28T14:45:00Z,2024-08-28T14:45:00Z,2024-08-28T15:00:00Z,long,0,259,412.94129,412.38662066098163,413.4959593390183,413.4546097430844,target,132.94981345886566,2.59,130.35981345886566,0.9074230495148669,95988.4689028141
2024-08-28T17:45:00Z,2024-08-28T17:45:00Z,2024-08-29T13:30:00Z,short,0,67,410.628933,412.7613748580068,408.49649114199326,412.80265099549257,stop,-145.639105698001,0.67,-146.309105698001,-1.0240457376566994,95842.1597971161
2024-08-29T15:45:00Z,2024-08-29T15:45:00Z,2024-08-30T19:45:00Z,long,0,46,414.26142200000004,411.141656313779,417.3811876862211,416.12838300000004,weekend_close,85.88020600000016,0.46,85.42020600000016,0.5952245093923456,95927.58000311609
2024-09-03T16:15:00Z,2024-09-03T16:15:00Z,2024-09-03T19:30:00Z,short,0,69,411.948801,414.01291236847436,409.88468963152565,409.92567810048877,target,139.5954800662753,0.6900000000000001,138.9054800662753,0.9752976172982332,96066.48548318236
2024-09-04T18:00:00Z,2024-09-04T18:00:00Z,2024-09-05T13:30:00Z,short,0,74,409.45905,411.400770315649,407.51732968435095,411.4419103926806,stop,-146.7316690583649,0.74,-147.4716690583649,-1.0263375093824865,95919.013814124
2024-09-05T15:45:00Z,2024-09-05T15:45:00Z,2024-09-06T13:30:00Z,short,0,39,406.789317,410.4287236565781,403.1499103434219,410.46976652894375,stop,-143.53753162880696,0.39,-143.92753162880695,-1.014025053307359,95775.08628249519
2024-09-09T16:00:00Z,2024-09-09T16:00:00Z,2024-09-10T16:00:00Z,long,0,34,409.71096700000004,405.54032286230427,413.8816111376958,405.499768830018,stop,-143.1807377793889,0.34,-143.5207377793889,-1.0121213967476455,95631.5655447158
2024-09-10T16:15:00Z,2024-09-10T16:15:00Z,2024-09-11T14:00:00Z,short,0,41,405.15948,408.6459486457606,401.67301135423935,401.71317865537475,target,141.29835512963427,0.41000000000000003,140.88835512963428,0.9856108555009095,95772.45389984544
2024-09-11T15:45:00Z,2024-09-11T15:45:00Z,2024-09-11T17:45:00Z,short,0,40,403.94960100000003,407.514577004669,400.3846249953311,407.55532846236946,stop,-144.2290984947772,0.4,-144.6290984947772,-1.0142361288362145,95627.82480135067
2024-09-12T17:45:00Z,2024-09-12T17:45:00Z,2024-09-13T14:15:00Z,long,0,38,411.471143,407.79131718730486,415.1509688126951,415.10945371581386,target,138.25580720092717,0.38,137.87580720092717,0.9860006697318302,95765.70060855159
2024-09-16T14:45:00Z,2024-09-16T14:45:00Z,2024-09-17T14:15:00Z,long,0,53,416.781674,414.1109055159116,419.4524424840884,419.41049723984,target,139.3276317115209,0.53,138.7976317115209,0.9805504503449644,95904.49824026311
2024-09-17T14:30:00Z,2024-09-17T14:30:00Z,2024-09-17T16:45:00Z,long,0,47,419.191915,416.1822676565107,422.2015623434893,416.14064942974505,stop,-143.40948180198222,0.47000000000000003,-143.87948180198222,-1.0171509219767274,95760.61875846113
2024-09-18T15:15:00Z,2024-09-18T15:15:00Z,2024-09-18T16:45:00Z,short,0,169,416.388357,417.2379007861515,415.53881321384847,417.2796245762301,stop,-150.62422038289037,1.69,-152.31422038289037,-1.0608841956374235,95608.30453807824
2024-09-19T15:00:00Z,2024-09-19T15:00:00Z,2024-09-20T19:45:00Z,long,0,49,420.182014,417.2779610053431,423.08606699465685,420.47794799999997,weekend_close,14.50076599999943,0.49,14.01076599999943,0.09846032442454568,95622.31530407825
2024-09-23T15:15:00Z,2024-09-23T15:15:00Z,2024-09-24T13:30:00Z,long,0,225,420.74206999999996,420.1059290267405,421.3782109732594,421.3360731521621,target,133.6507092364826,2.25,131.4007092364826,0.9180404607014128,95753.71601331473
2024-09-24T14:30:00Z,2024-09-24T14:30:00Z,2024-09-24T14:45:00Z,long,0,204,421.422138,420.7202331915437,422.12404280845635,422.0818304041755,target,134.57725045179654,2.04,132.53725045179655,0.9256132688481096,95886.25326376653
2024-09-24T15:45:00Z,2024-09-24T15:45:00Z,2024-09-24T18:30:00Z,long,0,306,421.312127,420.8426189729237,421.7816350270763,420.8005347110264,stop,-156.54724042591806,3.06,-159.60724042591806,-1.1109336984537275,95726.64602334061
2024-09-25T16:30:00Z,2024-09-25T16:30:00Z,2024-09-26T13:30:00Z,short,0,83,419.628033,421.34743108704356,417.9086349129565,421.38956583015226,stop,-146.2072249026366,0.8300000000000001,-147.0372249026366,-1.030321508149604,95579.60879843797
2024-09-26T15:45:00Z,2024-09-26T15:45:00Z,2024-09-27T13:30:00Z,long,0,86,421.422138,419.7574051560043,423.0868708439957,423.0445621569113,target,139.52847749437,0.86,138.66847749437,0.9685783293859552,95718.27727593234
2024-09-30T15:30:00Z,2024-09-30T15:30:00Z,2024-09-30T18:15:00Z,short,0,77,421.687827,423.5456345182501,419.83001948174996,419.8720024836981,target,139.81848775524753,0.77,139.04848775524752,0.9720191669817774,95857.3257636876
2024-10-01T15:15:00Z,2024-10-01T15:15:00Z,2024-10-01T15:30:00Z,short,0,63,419.54804099999996,421.82139167355047,417.27469032644944,421.8635738127178,stop,-145.87856720122352,0.63,-146.5085672012235,-1.0229538450774185,95710.81719648637
2024-10-01T16:00:00Z,2024-10-01T16:00:00Z,2024-10-01T16:00:00Z,short,0,1475,421.667829,421.76511355911015,421.5705444408898,421.8072900704661,stop,-205.70507893749408,14.75,-220.45507893749408,-1.5363288052408064,95490.36211754888
2024-10-03T15:45:00Z,2024-10-03T15:45:00Z,2024-10-03T16:45:00Z,short,0,100,420.247971,421.6737399965446,418.8222020034554,418.86408422365577,target,138.38867763442408,1.0,137.38867763442408,0.9636110615912521,95627.75079518331
2024-10-03T18:15:00Z,2024-10-03T18:15:00Z,2024-10-04T13:30:00Z,short,0,118,419.50804500000004,420.7232358334568,418.2928541665433,420.7653081570401,stop,-148.35705253073013,1.18,-149.53705253073014,-1.042851149095007,95478.21374265257
2024-10-07T18:00:00Z,2024-10-07T18:00:00Z,2024-10-07T18:30:00Z,short,0,94,420.437952,421.959029365045,418.916874634955,418.95876632241846,target,139.0434536926648,0.9400000000000001,138.1034536926648,0.9658849124600968,95616.31719634523
2024-10-10T17:30:00Z,2024-10-10T17:30:00Z,2024-10-10T17:45:00Z,long,0,782,424.092405,423.9091063082556,424.27570369174435,423.8667153976248,stop,-176.48926905741575,7.82,-184.30926905741575,-1.285822610801325,95432.00792728782
2024-10-14T15:45:00Z,2024-10-14T15:45:00Z,2024-10-15T19:00:00Z,long,0,52,430.253021,427.54163122115733,432.96441077884265,427.49887705803525,stop,-143.21548498216657,0.52,-143.73548498216658,-1.0194565029099583,95288.27244230565
2024-10-16T16:30:00Z,2024-10-16T16:30:00Z,2024-10-17T13:30:00Z,long,0,105,429.972993,428.6133067478253,431.33267925217467,431.28954598424946,target,138.23806334619576,1.05,137.18806334619575,0.9609224055621421,95425.46050565185
2024-10-17T14:30:00Z,2024-10-17T14:30:00Z,2024-10-18T19:45:00Z,long,0,63,431.913187,429.67302075297806,434.1533532470219,432.60673499999996,weekend_close,43.69352399999775,0.63,43.06352399999775,0.3051327109801204,95468.52402965185
2024-10-21T16:00:00Z,2024-10-21T16:00:00Z,2024-10-22T14:00:00Z,short,0,55,429.81701400000003,432.3815837792984,427.25244422070165,427.2951694651237,target,138.70144941819774,0.55,138.15144941819773,0.9794409008295796,95606.67547907005
2024-10-22T14:30:00Z,2024-10-22T14:30:00Z,2024-10-22T18:00:00Z,short,0,51,427.427253,430.2232508495548,424.6312551504452,430.26627317463976,stop,-144.79002890662758,0.51,-145.30002890662757,-1.0189636501663994,95461.37545016342
2024-10-23T15:45:00Z,2024-10-23T15:45:00Z,2024-10-24T15:45:00Z,short,0,44,426.077388,429.27473950765557,422.8800364923444,422.9223244959936,target,138.82279417628,0.44,138.38279417628002,0.9836464637922909,95599.75824433971
2024-10-24T16:30:00Z,2024-10-24T16:30:00Z,2024-10-25T13:30:00Z,short,0,57,422.777718,425.25584532412233,420.29959067587765,425.29837090865476,stop,-143.67721579332175,0.5700000000000001,-144.24721579332174,-1.0211956762758465,95455.51102854639
2024-10-28T16:00:00Z,2024-10-28T16:00:00Z,2024-10-28T18:45:00Z,long,0,139,423.592355,422.56628084382885,424.61842915617115,424.57596731325555,target,136.72211154252125,1.3900000000000001,135.33211154252126,0.9488712949253454,95590.84314008891
2024-10-29T17:30:00Z,2024-10-29T17:30:00Z,2024-10-29T19:45:00Z,short,0,212,423.15767999999997,423.832765792714,422.48259420728596,422.5248424667067,target,134.16155705817914,2.12,132.04155705817914,0.9226050081565698,95722.88469714709
2024-10-30T16:30:00Z,2024-10-30T16:30:00Z,2024-10-30T16:45:00Z,long,0,186,423.982394,423.2130489925075,424.7517390074925,423.17072768760823,stop,-150.96993410486823,1.86,-152.82993410486824,-1.068007596578516,95570.05476304222
2024-11-04T16:15:00Z,2024-11-04T16:15:00Z,2024-11-04T16:45:00Z,short,0,66,419.008095,421.1649507761283,416.85123922387174,416.8929243477941,target,139.6012630455897,0.66,138.9412630455897,0.9760368196638738,95708.99602608781
2024-11-05T17:15:00Z,2024-11-05T17:15:00Z,2024-11-06T14:30:00Z,long,0,49,421.61215699999997,418.7351350162354,424.48917898376453,424.4467300658662,target,138.89408022744425,0.49,138.40408022744424,0.9817697194549323,95847.40010631525
2024-11-06T15:30:00Z,2024-11-06T15:30:00Z,2024-11-08T20:45:00Z,long,0,9,436.113607,420.7976346225819,451.4295793774181,440.075988,weekend_close,35.66142899999994,0.09,35.57142899999994,0.258056158799776,95882.97153531526
2024-11-11T16:00:00Z,2024-11-11T16:00:00Z,2024-11-12T17:45:00Z,long,0,33,444.01439700000003,439.74857418224684,448.2802198177532,439.7045993248286,stop,-142.22332328065653,0.33,-142.55332328065654,-1.0126528596531463,95740.4182120346
2024-11-13T18:30:00Z,2024-11-13T18:30:00Z,2024-11-13T19:15:00Z,long,0,303,440.904086,440.4306444613891,441.37752753861093,440.3866013969429,stop,-156.79783472629668,3.0300000000000002,-159.8278347262967,-1.1141493934070907,95580.5903773083
2024-11-14T16:00:00Z,2024-11-14T16:00:00Z,2024-11-14T17:15:00Z,short,0,127,439.446051,440.57240451044856,438.31969748955146,438.3635294593004,target,137.48023566884768,1.27,136.21023566884767,0.9522068611234434,95716.80061297714
2024-11-14T18:00:00Z,2024-11-14T18:00:00Z,2024-11-15T14:30:00Z,short,0,79,438.386157,440.19149771238835,436.5808162876117,436.62447436924043,target,139.17292783000795,0.79,138.38292783000796,0.9702781412613528,95855.18354080715
2024-11-18T16:00:00Z,2024-11-18T16:00:00Z,2024-11-18T16:15:00Z,short,0,352,434.676528,435.08418145937003,434.26887454063,435.12768987751593,stop,-158.80898088560207,3.52,-162.32898088560208,-1.1312595708830655,95692.85455992154
2024-11-19T15:30:00Z,2024-11-19T15:30:00Z,2024-11-20T20:30:00Z,short,0,42,431.126883,434.46513292063065,427.7886330793694,434.5085794339227,stop,-142.03125022475274,0.42,-142.45125022475273,-1.0160103391186353,95550.40330969679
2024-11-21T15:45:00Z,2024-11-21T15:45:00Z,2024-11-21T17:15:00Z,long,0,41,435.593555,432.17930607448886,439.0078039255111,438.96390314511854,target,138.18427394986077,0.41000000000000003,137.77427394986077,0.9842129904501639,95688.17758364665
2024-11-25T15:30:00Z,2024-11-25T15:30:00Z,2024-12-06T20:45:00Z,long,0,20,448.274823,441.4186993415314,455.13094665846864,447.085287,weekend_close,-23.790720000000647,0.2,-23.990720000000646,-0.1749583379404741,95664.18686364665
2024-12-09T17:00:00Z,2024-12-09T17:00:00Z,2024-12-09T17:00:00Z,short,0,363,447.37525800000003,447.7699317042952,446.9805842957049,447.02528235413445,target,127.04115944920693,3.63,123.41115944920693,0.8614094178702719,95787.59802309587
2024-12-09T19:00:00Z,2024-12-09T19:00:00Z,2024-12-09T20:30:00Z,short,0,144,446.385357,447.3816770767721,445.3890369232279,445.4335758269202,target,137.05648892348836,1.44,135.61648892348836,0.9452596560444343,95923.21451201936
2024-12-10T18:45:00Z,2024-12-10T18:45:00Z,2024-12-10T20:15:00Z,short,0,207,444.95550000000003,445.6477755281272,444.26322447187283,444.30765079432,target,134.10478557576369,2.07,132.0347855757637,0.9213805482992901,96055.24929759512
2024-12-12T18:00:00Z,2024-12-12T18:00:00Z,2024-12-12T19:15:00Z,short,0,96,441.635832,443.13436044720993,440.13730355279006,440.18131728314535,target,139.63341281804605,0.96,138.67341281804605,0.9639554854925474,96193.92271041316
2024-12-12T19:30:00Z,2024-12-12T19:30:00Z,2024-12-13T20:45:00Z,short,0,56,440.165979,442.7377387797346,437.59421922026536,439.353931,weekend_close,45.47468800000024,0.56,44.91468800000024,0.31186738602886277,96238.83739841316
2024-12-16T18:30:00Z,2024-12-16T18:30:00Z,2024-12-16T20:45:00Z,short,0,226,439.196076,439.832528126392,438.559623873608,438.60347983599536,target,133.92673306505014,2.2600000000000002,131.66673306505015,0.9153809687263569,96370.50413147821
2024-12-17T15:30:00Z,2024-12-17T15:30:00Z,2024-12-18T19:45:00Z,short,0,38,435.646431,439.42569395917775,431.86716804082226,431.91035475762635,target,141.97089721019893,0.38,141.59089721019893,0.9859266959249487,96512.09502868842
2024-12-23T16:30:00Z,2024-12-23T16:30:00Z,2024-12-23T20:45:00Z,short,0,47,426.187377,429.2105442394736,423.16420976052643,429.2534652938976,stop,-144.10614981318554,0.47000000000000003,-144.57614981318554,-1.017505169324733,96367.51887887523
2024-12-26T17:15:00Z,2024-12-26T17:15:00Z,2024-12-27T14:30:00Z,long,0,45,433.493345,430.2954917427516,436.69119825724835,430.25246219357734,stop,-145.83972628901847,0.45,-146.28972628901846,-1.0165828588457162,96221.22915258621
2024-12-30T16:00:00Z,2024-12-30T16:00:00Z,2025-01-03T20:45:00Z,short,0,25,424.277568,429.9030686806611,418.65206731933887,427.202716,weekend_close,-73.12870000000089,0.25,-73.37870000000089,-0.5217576472953336,96147.85045258621
2025-01-06T15:30:00Z,2025-01-06T15:30:00Z,2025-01-06T20:45:00Z,long,0,37,429.992995,426.15014573910696,433.83584426089305,426.10753072453304,stop,-143.762178192278,0.37,-144.132178192278,-1.0136916675627548,96003.71827439393
2025-01-07T16:45:00Z,2025-01-07T16:45:00Z,2025-01-07T16:45:00Z,short,0,173,427.337262,428.1658416133609,426.5086823866391,426.55133325487776,target,135.965672906149,1.73,134.235672906149,0.9364564763727703,96137.95394730008
2025-01-07T17:30:00Z,2025-01-07T17:30:00Z,2025-01-07T20:15:00Z,short,0,84,426.397356,428.1057465738511,424.6889654261489,424.73143432269154,target,139.9374208939107,0.84,139.0974208939107,0.9692875286566622,96277.05136819399
2025-01-15T15:45:00Z,2025-01-15T15:45:00Z,2025-01-17T20:45:00Z,long,0,17,431.563152,423.46859282610467,439.65771117389534,434.616534,weekend_close,51.907493999999986,0.17,51.737493999999984,0.37597872035018265,96328.788862194
2025-01-21T16:00:00Z,2025-01-21T16:00:00Z,2025-01-22T14:30:00Z,long,0,41,438.24381999999997,434.79409069147096,441.693549308529,441.64937995359816,target,139.6279580975256,0.41000000000000003,139.2179580975256,0.9842975056631537,96468.00682029151
2025-01-23T15:45:00Z,2025-01-23T15:45:00Z,2025-01-23T18:00:00Z,long,0,71,442.934289,440.91931003372184,444.9492679662781,444.9047730394815,target,139.90436680318686,0.71,139.19436680318685,0.9729550890065675,96607.2011870947
2025-01-27T19:15:00Z,2025-01-27T19:15:00Z,2025-01-28T14:30:00Z,long,0,72,445.824578,443.8322863832285,447.81686961677144,447.77208792980974,target,140.22071494630336,0.72,139.50071494630336,0.9725031785003077,96746.70190204101
2025-01-28T15:45:00Z,2025-01-28T15:45:00Z,2025-01-31T20:45:00Z,long,0,36,448.974893,444.9825788730857,452.96720712691433,445.305465,weekend_close,-132.09940799999936,0.36,-132.45940799999937,-0.921627878727025,96614.24249404101
2025-02-04T19:30:00Z,2025-02-04T19:30:00Z,2025-02-05T14:45:00Z,long,0,136,445.674563,444.614186627212,446.73493937278795,444.5697252085493,stop,-150.2579396372921,1.36,-151.61793963729212,-1.0513604603613669,96462.62455440372
2025-02-05T18:00:00Z,2025-02-05T18:00:00Z,2025-02-06T14:30:00Z,long,0,76,446.974693,445.0906628141475,448.8587231858525,448.81383731353395,target,139.7749678285802,0.76,139.0149678285802,0.9708678381425593,96601.6395222323
2025-02-10T18:00:00Z,2025-02-10T18:00:00Z,2025-02-10T18:00:00Z,short,0,343,444.05559000000005,444.47715931495725,443.63402068504286,444.52160703088873,stop,-159.84384159481692,3.43,-163.27384159481693,-1.1291548364638713,96438.3656806375
2025-02-11T18:00:00Z,2025-02-11T18:00:00Z,2025-02-11T18:30:00Z,long,0,212,444.924488,444.24240164540174,445.60657435459825,445.5620136971628,target,135.1554477985137,2.12,133.0354477985137,0.9200091644296414,96571.401128436
2025-02-11T19:45:00Z,2025-02-11T19:45:00Z,2025-02-12T14:30:00Z,long,0,81,446.38463399999995,444.6067755993238,448.1624924006761,444.56231492176386,stop,-147.60784533712342,0.81,-148.41784533712342,-1.030632741920961,96422.98328309887
2025-02-12T16:45:00Z,2025-02-12T16:45:00Z,2025-02-13T14:30:00Z,short,0,59,442.73572199999995,445.169024592027,440.30241940797293,445.21354149448615,stop,-146.19135017468568,0.59,-146.78135017468568,-1.0224044895352553,96276.20193292419
2025-02-13T17:00:00Z,2025-02-13T17:00:00Z,2025-02-13T18:45:00Z,long,0,157,444.774473,443.8587230817717,445.6902229182283,445.6456538959365,target,136.7754006620312,1.57,135.2054006620312,0.9404105627469008,96411.40733358622
2025-02-13T19:45:00Z,2025-02-13T19:45:00Z,2025-02-14T20:45:00Z,long,0,50,447.284724,444.4251392295668,450.14430877043316,445.745421,weekend_close,-76.96514999999806,0.5,-77.46514999999806,-0.5417929959688766,96333.94218358622
2025-02-18T15:30:00Z,2025-02-18T15:30:00Z,2025-02-19T18:00:00Z,short,0,97,445.05549,446.53950339663015,443.5714766033699,443.6158337510302,target,139.6466561500717,0.97,138.6766561500717,0.963371524958094,96472.61883973629
2025-02-19T19:00:00Z,2025-02-19T19:00:00Z,2025-02-19T19:00:00Z,short,0,497,444.605535,444.89620823711124,444.3148617628887,444.94069785793494,stop,-166.57594039367552,4.97,-171.54594039367552,-1.1874600543387466,96301.07289934262
2025-02-20T17:00:00Z,2025-02-20T17:00:00Z,2025-02-21T18:15:00Z,short,0,28,440.115984,445.2424095174229,434.98955848257714,435.0330574384254,target,142.32194372409026,0.28,142.04194372409026,0.9895640820945487,96443.11484306671
2025-02-24T19:30:00Z,2025-02-24T19:30:00Z,2025-02-24T20:15:00Z,long,0,224,436.133609,435.4896311603155,436.77758683968443,435.4460821971995,stop,-154.00600382731318,2.24,-156.2460038273132,-1.083153425189741,96286.8688392394
2025-02-25T16:00:00Z,2025-02-25T16:00:00Z,2025-02-25T16:30:00Z,short,0,102,434.646531,436.05389484307386,433.2391671569261,433.2824910736418,target,139.13207248853666,1.02,138.11207248853665,0.9621107811046136,96424.98091172794
2025-02-26T16:00:00Z,2025-02-26T16:00:00Z,2025-02-26T17:45:00Z,long,0,55,438.07380299999994,435.46751468145163,440.68009131854825,435.4239679299835,stop,-145.74092885090323,0.55,-146.29092885090324,-1.020545214083582,96278.68998287704
2025-02-27T17:00:00Z,2025-02-27T17:00:00Z,2025-02-27T17:30:00Z,long,0,120,436.213617,435.0181236050743,437.4091103949257,437.3653694838862,target,138.21029806634215,1.2,137.01029806634216,0.9550470866107685,96415.70028094338
2025-03-03T15:45:00Z,2025-03-03T15:45:00Z,2025-03-03T19:45:00Z,long,0,23,439.773973,433.7451937093569,445.8027522906431,433.70181918998594,stop,-139.65953763032365,0.23,-139.88953763032364,-1.008853288003725,96275.81074331305
2025-03-05T16:30:00Z,2025-03-05T16:30:00Z,2025-03-05T17:45:00Z,short,0,40,425.15748,428.6809409988507,421.63401900114934,428.7238090929506,stop,-142.65316371802328,0.4,-143.05316371802328,-1.0150045918252386,96132.75757959503
2025-03-06T19:00:00Z,2025-03-06T19:00:00Z,2025-03-07T19:00:00Z,short,0,44,425.197476,428.4448388418732,421.9501131581268,428.4876833257574,stop,-144.76912233332655,0.44,-145.20912233332655,-1.0162730456858116,95987.5484572617
2025-03-10T16:00:00Z,2025-03-10T16:00:00Z,2025-03-10T17:45:00Z,short,0,45,423.487647,426.66563845228416,420.3096555477158,420.3516865132706,target,141.1182219028231,0.45,140.66822190282312,0.9836277201068696,96128.21667916453
2025-03-11T15:00:00Z,2025-03-11T15:00:00Z,2025-03-14T19:45:00Z,short,0,16,413.61863400000004,422.27033569626127,404.9669323037388,415.401536,weekend_close,-28.52643199999966,0.16,-28.68643199999966,-0.20723113936935306,96099.53024716453
2025-03-17T14:30:00Z,2025-03-17T14:30:00Z,2025-03-19T18:45:00Z,long,0,38,417.11170699999997,413.414245662998,420.80916833700195,420.76708742016825,target,138.90445596639483,0.38,138.52445596639484,0.9859144120555089,96238.05470313093
2025-03-20T15:45:00Z,2025-03-20T15:45:00Z,2025-03-21T13:30:00Z,long,0,40,422.562252,419.00729279127165,426.11721120872835,418.96539206199253,stop,-143.87439752029877,0.4,-144.27439752029878,-1.0145995287798777,96093.78030561062
2025-03-24T14:45:00Z,2025-03-24T14:45:00Z,2025-03-28T14:15:00Z,long,0,22,424.762472,418.4190168115074,431.1059271884926,418.37717490982624,stop,-140.47653598382283,0.22,-140.69653598382283,-1.0081725022311494,95953.0837696268
2025-03-31T14:30:00Z,2025-03-31T14:30:00Z,2025-03-31T18:00:00Z,short,0,38,414.138582,417.8969817493095,410.3801822506905,417.9387714474844,stop,-144.40719900440718,0.38,-144.78719900440717,-1.0137797205271804,95808.29657062239
2025-04-01T17:15:00Z,2025-04-01T17:15:00Z,2025-04-01T18:00:00Z,long,0,60,419.89198500000003,417.52484805140284,422.2591219485972,417.4830955665977,stop,-144.53336600414104,0.6,-145.13336600414104,-1.0218629027086192,95663.16320461825
2025-04-02T15:45:00Z,2025-04-02T15:45:00Z,2025-04-02T17:00:00Z,long,0,62,420.63205899999997,418.3385609055062,422.92555709449374,422.8832645387843,target,139.57474340462954,0.62,138.95474340462954,0.9771996515562986,95802.11794802287
2025-04-03T15:00:00Z,2025-04-03T15:00:00Z,2025-04-04T14:15:00Z,short,0,10,406.329363,420.68703691839556,391.97168908160444,392.0108862505126,target,143.18476749487388,0.1,143.0847674948739,0.9965734582643543,95945.20271551775
2025-04-07T14:30:00Z,2025-04-07T14:30:00Z,2025-04-08T13:30:00Z,short,0,8,375.872409,393.2159530832828,358.5288649167172,393.2552746785911,stop,-139.0629254287287,0.08,-139.14292542872872,-1.0028438014209478,95806.05979008901
2025-04-08T15:45:00Z,2025-04-08T15:45:00Z,2025-04-08T17:15:00Z,long,0,15,389.598956,380.56888681291554,398.62902518708444,380.53082992423424,stop,-136.0218911364862,0.15,-136.1718911364862,-1.0053218738069063,95669.88789895253
2025-04-14T14:30:00Z,2025-04-14T14:30:00Z,2025-04-16T17:30:00Z,long,0,17,406.450641,398.19692178887504,414.704360211125,398.1571020966962,stop,-140.9901613561653,0.17,-141.16016135616528,-1.0060360294437585,95528.72773759636
2025-04-22T15:45:00Z,2025-04-22T15:45:00Z,2025-04-23T13:30:00Z,long,0,20,389.298926,382.3114248440174,396.2864271559826,396.24679851326704,target,138.95745026534087,0.2,138.75745026534088,0.9928975120564985,95667.4851878617
2025-04-23T14:30:00Z,2025-04-23T14:30:00Z,2025-04-25T19:45:00Z,long,0,10,402.50024599999995,388.48265132672236,416.51784067327753,400.99989600000004,weekend_close,-15.003499999999121,0.1,-15.103499999999121,-0.10774673081960094,95652.3816878617
2025-04-28T14:30:00Z,2025-04-28T14:30:00Z,2025-04-28T16:15:00Z,long,0,46,402.84028,399.733400643934,405.94715935606604,399.6934273038696,stop,-144.75522402199817,0.46,-145.21522402199818,-1.0160847378791178,95507.1664638397
2025-04-28T18:00:00Z,2025-04-28T18:00:00Z,2025-04-28T19:00:00Z,short,0,165,400.37995800000004,401.2445121551227,399.51540384487737,401.2846366063382,stop,-149.2719700457974,1.6500000000000001,-150.9219700457974,-1.0579772255080748,95356.24449379391
2025-04-30T15:45:00Z,2025-04-30T15:45:00Z,2025-04-30T18:00:00Z,short,0,100,402.99969600000003,404.42435631741165,401.5750356825884,404.4647987530434,stop,-146.5102753043368,1.0,-147.5102753043368,-1.0354066404568578,95208.73421848958
2025-05-05T16:45:00Z,2025-05-05T16:45:00Z,2025-05-05T19:45:00Z,long,0,72,414.161412,412.19322204928557,416.1296019507144,412.1520027270806,stop,-144.67746765019365,0.72,-145.39746765019365,-1.0260235665700592,95063.33675083939
2025-05-06T15:15:00Z,2025-05-06T15:15:00Z,2025-05-08T13:30:00Z,short,0,45,410.42895300000004,413.56659265742366,407.2913133425764,413.60794931668937,stop,-143.0548342510201,0.45,-143.5048342510201,-1.0163679277651296,94919.83191658836
2025-05-08T14:45:00Z,2025-05-08T14:45:00Z,2025-05-08T15:30:00Z,long,0,51,413.151311,410.3767784574407,415.92584354255933,415.8842509582051,target,139.37993786845834,0.51,138.86993786845835,0.9814049453149836,95058.70185445681
2025-05-08T16:15:00Z,2025-05-08T16:15:00Z,2025-05-09T19:45:00Z,long,0,23,416.94169,410.94908890191397,422.934291098086,412.408755,weekend_close,-104.25750500000021,0.23,-104.48750500000021,-0.7580906730886817,94954.21434945682
2025-05-12T15:45:00Z,2025-05-12T15:45:00Z,2025-05-16T19:45:00Z,long,0,18,421.64216,413.74724129186853,429.53707870813145,426.517344,weekend_close,87.75331199999982,0.18,87.57331199999982,0.6162424440151665,95041.78766145681
2025-05-19T15:45:00Z,2025-05-19T15:45:00Z,2025-05-19T17:00:00Z,long,0,85,426.582654,424.9206244026321,428.2446835973679,428.20185912900814,target,137.63243596569282,0.85,136.78243596569283,0.9682168906959238,95178.5700974225
2025-05-19T17:15:00Z,2025-05-19T17:15:00Z,2025-05-20T19:00:00Z,long,0,45,428.512847,425.3810374404273,431.64465655957275,425.33849933668324,stop,-142.8456448492551,0.45,-143.2956448492551,-1.0167756380918698,95035.27445257324
2025-05-21T14:30:00Z,2025-05-21T14:30:00Z,2025-05-21T17:15:00Z,short,0,39,423.31766400000004,426.9262064036985,419.7091215963016,419.7510925084612,target,139.09628817001357,0.39,138.70628817001358,0.9855978103218737,95173.98074074325
2025-05-21T18:15:00Z,2025-05-21T18:15:00Z,2025-05-23T13:30:00Z,short,0,28,419.92800300000005,424.9867912378591,414.869214762141,414.9107016836172,target,140.48443685871916,0.28,140.20443685871916,0.9898222817292656,95314.18517760198
2025-05-27T15:00:00Z,2025-05-27T15:00:00Z,2025-05-30T19:45:00Z,long,0,33,421.592155,417.2958178309083,425.8884921690917,422.647731,weekend_close,34.834008000001006,0.33,34.50400800000101,0.24336451233902462,95348.68918560198
2025-06-02T17:30:00Z,2025-06-02T17:30:00Z,2025-06-02T18:00:00Z,short,0,229,421.217874,421.84223884893464,420.59350915106535,421.8844230728195,stop,-152.6397376756703,2.29,-154.92973767567028,-1.0835796953879062,95193.7594479263
2025-06-03T15:45:00Z,2025-06-03T15:45:00Z,2025-06-06T13:30:00Z,long,0,51,425.072503,422.30034156488915,427.8446644351108,427.8018799686673,target,139.19822540203427,0.51,138.68822540203428,0.980959093588508,95332.44767332834
2025-06-09T18:00:00Z,2025-06-09T18:00:00Z,2025-06-11T14:45:00Z,long,0,75,429.452941,427.56626679092165,431.3396152090784,431.2964812475575,target,138.26551856681135,0.75,137.51551856681135,0.9718372354563347,95469.96319189515
2025-06-12T18:45:00Z,2025-06-12T18:45:00Z,2025-06-13T13:30:00Z,long,0,173,430.163012,429.33847643181525,430.9875475681847,429.2955425841721,stop,-150.07220893822392,1.73,-151.8022089382239,-1.0641983798948695,95318.16098295692
2025-06-16T16:00:00Z,2025-06-16T16:00:00Z,2025-06-17T13:30:00Z,long,0,66,426.84268000000003,424.70318467913376,428.9821753208663,424.66071436066585,stop,-144.0097321960559,0.66,-144.6697321960559,-1.0245246240812815,95173.49125076087
2025-06-17T17:00:00Z,2025-06-17T17:00:00Z,2025-06-17T17:45:00Z,short,0,122,424.767519,425.9344001493741,423.6006378506259,423.64299791441096,target,137.1915724418626,1.22,135.9715724418626,0.9551281946639213,95309.46282320273
2025-06-17T18:15:00Z,2025-06-17T18:15:00Z,2025-06-18T14:15:00Z,short,0,51,423.097686,425.8482910878601,420.3470809121399,425.89087591696887,stop,-142.45268576541167,0.51,-142.96268576541166,-1.0191175495678557,95166.50013743732
2025-06-23T16:00:00Z,2025-06-23T16:00:00Z,2025-06-23T16:00:00Z,long,0,2838,422.152211,422.1019187170811,422.20250328291894,422.0597085252094,stop,-262.52202345586215,28.38,-290.90202345586215,-2.0381352533927797,94875.59811398147
2025-06-26T15:15:00Z,2025-06-26T15:15:00Z,2025-06-27T13:30:00Z,long,0,43,432.74327,429.46093768498895,436.02560231501104,435.98199975477957,target,139.2653794555215,0.43,138.8353794555215,0.9836693682762293,95014.43349343698
2025-06-30T15:30:00Z,2025-06-30T15:30:00Z,2025-07-01T14:30:00Z,long,0,42,439.963992,436.6413069951182,443.2866770048818,443.24234833718134,target,137.6909661616155,0.42,137.27096616161552,0.9836491669777118,95151.7044595986
2025-07-07T16:30:00Z,2025-07-07T16:30:00Z,2025-07-10T15:00:00Z,short,0,43,443.725623,447.0241083703111,440.42713762968884,447.06881078114816,stop,-143.75707458937148,0.43,-144.1870745893715,-1.0165840998809321,95007.51738500923
2025-07-14T14:30:00Z,2025-07-14T14:30:00Z,2025-07-14T15:30:00Z,short,0,126,443.105685,444.2297687372695,441.98160126273046,444.2741917141432,stop,-147.2318459820475,1.26,-148.4918459820475,-1.0484154116542077,94859.02553902718
2025-07-15T16:00:00Z,2025-07-15T16:00:00Z,2025-07-16T15:15:00Z,short,0,66,442.025793,444.15976996530554,439.8918160346945,439.935805216298,target,137.9391937243348,0.66,137.27919372433482,0.9747002041347016,94996.30473275151
2025-07-16T16:15:00Z,2025-07-16T16:15:00Z,2025-07-16T17:00:00Z,short,0,94,440.225973,441.72655066730334,438.7253953326967,441.7707233223701,stop,-145.20653030278731,0.9400000000000001,-146.1465303027873,-1.036101200389113,94850.15820244871
2025-07-17T16:45:00Z,2025-07-17T16:45:00Z,2025-07-18T13:30:00Z,long,0,79,443.96439200000003,442.1768269167733,445.7519570832268,445.70738188751847,target,137.69620111395625,0.79,136.90620111395626,0.9694695336016496,94987.06440356268
2025-07-21T15:45:00Z,2025-07-21T15:45:00Z,2025-07-22T13:30:00Z,long,0,50,445.864582,443.0652954023268,448.6638685976732,443.0209888727866,stop,-142.1796563606705,0.5,-142.6796563606705,-1.019400132014122,94844.384747202
2025-07-22T14:45:00Z,2025-07-22T14:45:00Z,2025-07-22T18:45:00Z,short,0,98,443.605635,445.055164477528,442.156105522472,445.0996699939758,stop,-146.41542940962722,0.98,-147.3954294096272,-1.0376022131959142,94696.98931779237
2025-07-23T17:00:00Z,2025-07-23T17:00:00Z,2025-07-25T19:45:00Z,long,0,40,448.81487699999997,445.33408577198077,452.29566822801917,448.99509600000005,weekend_close,7.208760000003167,0.4,6.808760000003167,0.04890238708655475,94703.79807779237
2025-07-28T16:00:00Z,2025-07-28T16:00:00Z,2025-07-28T17:15:00Z,long,0,178,449.274923,448.47934511765055,450.07050088234945,448.4344971831388,stop,-149.59579540129846,1.78,-151.37579540129846,-1.0689409996539945,94552.42228239107
2025-07-29T15:45:00Z,2025-07-29T15:45:00Z,2025-07-30T18:45:00Z,short,0,65,446.195376,448.3458361630252,444.04491583697484,444.08932032855853,target,136.8936186436963,0.65,136.2436186436963,0.9747010000375187,94688.66590103476
2025-07-31T16:15:00Z,2025-07-31T16:15:00Z,2025-07-31T17:15:00Z,short,0,127,444.54554099999996,445.6604203105118,443.4306616894881,443.47500475565704,target,135.9581030315506,1.27,134.68810303155058,0.9512565479899354,94823.35400406632
2025-07-31T18:45:00Z,2025-07-31T18:45:00Z,2025-07-31T19:45:00Z,short,0,85,443.45565,445.11027179558573,441.80102820441425,441.8452083072347,target,136.88754388504861,0.85,136.03754388504862,0.9672552948565009,94959.39154795137
2025-08-04T15:45:00Z,2025-08-04T15:45:00Z,2025-08-07T13:30:00Z,long,0,40,440.184014,436.6748984112305,443.69312958876947,443.6487602758106,target,138.58985103242503,0.4,138.18985103242503,0.9845062633066712,95097.58139898379
2025-08-07T16:45:00Z,2025-08-07T16:45:00Z,2025-08-08T14:00:00Z,short,0,36,438.336162,442.23532483136654,434.43699916863346,442.2795483638497,stop,-141.9619090985891,0.36,-142.32190909858912,-1.0139064550079728,94955.2594898852
2025-08-11T16:30:00Z,2025-08-11T16:30:00Z,2025-08-11T16:30:00Z,short,0,1493,441.585837,441.68118480227247,441.4904891977276,441.5346382466474,target,76.43973875550762,14.93,61.50973875550762,0.43208917637064465,95016.76922864071
2025-08-11T18:15:00Z,2025-08-11T18:15:00Z,2025-08-12T13:30:00Z,short,0,107,439.956,441.2776593105067,438.63434068949334,441.3217870764377,stop,-146.1392171788337,1.07,-147.20921717883368,-1.04095440141096,94869.56001146187
2025-08-12T15:45:00Z,2025-08-12T15:45:00Z,2025-08-13T13:45:00Z,long,0,37,444.224418,440.47158052014004,447.97725547986,447.932457754312,target,137.19747090954337,0.37,136.82747090954336,0.9853983217120186,95006.38748237141
2025-08-13T14:30:00Z,2025-08-13T14:30:00Z,2025-08-15T19:45:00Z,long,0,33,447.924788,443.6624373437528,452.18713865624716,449.505045,weekend_close,52.14848100000057,0.33,51.818481000000574,0.3684016465652694,95058.20596337141
2025-08-18T15:15:00Z,2025-08-18T15:15:00Z,2025-08-19T13:30:00Z,short,0,193,449.205075,449.9429537648194,448.46719623518067,449.98794806019583,stop,-151.0945006177916,1.93,-153.0245006177916,-1.0745302588968233,94905.18146275362
2025-08-19T15:45:00Z,2025-08-19T15:45:00Z,2025-08-19T15:45:00Z,long,0,372,449.624958,449.2432635879117,450.0066524120883,449.1983392615529,stop,-158.70217070231206,3.72,-162.42217070231206,-1.1438960713579764,94742.75929205131
2025-08-19T18:00:00Z,2025-08-19T18:00:00Z,2025-08-20T13:30:00Z,short,0,147,449.00509500000004,449.9683199191506,448.0418700808495,450.0133167511425,stop,-148.20859741794123,1.47,-149.67859741794123,-1.0570965627014821,94593.08069463338
2025-08-21T17:00:00Z,2025-08-21T17:00:00Z,2025-08-22T13:30:00Z,short,0,94,447.285267,448.7830836648257,445.78745033517424,448.8279619731922,stop,-145.01332748006928,0.9400000000000001,-145.95332748006928,-1.036638868865087,94447.12736715331
2025-08-25T16:30:00Z,2025-08-25T16:30:00Z,2025-08-26T13:30:00Z,short,0,104,454.204575,455.5539426627642,452.85520733723575,452.9004928579695,target,135.6245427711715,1.04,134.5845427711715,0.959028571486237,94581.71190992449
2025-08-26T16:00:00Z,2025-08-26T16:00:00Z,2025-08-26T19:15:00Z,short,0,134,453.024693,454.0831789457739,451.9662070542261,454.12858726366846,stop,-147.92183133157243,1.34,-149.26183133157244,-1.0523467676786622,94432.45007859291
2025-08-27T18:45:00Z,2025-08-27T18:45:00Z,2025-08-28T14:45:00Z,long,0,87,456.425638,454.81389747900084,458.03737852099914,454.7684160892529,stop,-144.17830623499498,0.87,-145.04830623499498,-1.0344232765913994,94287.40177235792
2025-08-28T18:15:00Z,2025-08-28T18:15:00Z,2025-08-28T19:45:00Z,long,0,198,456.225618,455.51401302572435,456.93722297427564,456.8915292519782,target,131.8504278916895,1.98,129.8704278916895,0.9217350576362872,94417.2722002496
2025-09-02T15:45:00Z,2025-09-02T15:45:00Z,2025-09-04T15:15:00Z,short,0,30,450.85490999999996,455.4958037257543,446.21401627424564,455.54135330612684,stop,-140.59329918380627,0.3,-140.89329918380628,-1.0119695868199443,94276.3789010658
2025-09-04T15:30:00Z,2025-09-04T15:30:00Z,2025-09-05T19:45:00Z,long,0,37,455.535549,451.7871331521991,459.2839648478009,454.9545,weekend_close,-21.49881300000027,0.37,-21.86881300000027,-0.15767967696187138,94254.5100880658
2025-09-08T17:00:00Z,2025-09-08T17:00:00Z,2025-09-08T17:00:00Z,long,0,359,455.07550299999997,454.68195907114495,455.469046928855,454.6364908752378,stop,-157.60535278960958,3.59,-161.1953527896096,-1.1409453731594807,94093.31473527619
2025-09-09T14:30:00Z,2025-09-09T14:30:00Z,2025-09-09T15:15:00Z,long,0,146,455.835579,454.8739187689801,456.7972392310199,456.7515595070968,target,133.73315403612935,1.46,132.27315403612934,0.9421004195379237,94225.58788931232
2025-09-09T18:15:00Z,2025-09-09T18:15:00Z,2025-09-10T14:45:00Z,long,0,62,458.11580699999996,455.8580955324664,460.37351846753353,455.81250972291315,stop,-142.8044311793824,0.62,-143.4244311793824,-1.0246204222074353,94082.16345813293
2025-09-10T16:45:00Z,2025-09-10T16:45:00Z,2025-09-11T13:30:00Z,short,0,63,455.07448800000003,457.2985757137848,452.85040028621523,457.3443055713562,stop,-142.99850699543788,0.63,-143.62850699543787,-1.0250574009405962,93938.5349511375
2025-09-11T15:45:00Z,2025-09-11T15:45:00Z,2025-09-12T19:45:00Z,long,0,26,461.376133,455.97501063405355,466.7772553659464,459.244071,weekend_close,-55.433611999999016,0.26,-55.693611999999014,-0.39659571749484146,93882.84133913749
2025-09-16T15:15:00Z,2025-09-16T15:15:00Z,2025-09-17T13:30:00Z,short,0,97,458.35416,459.79934114775074,456.9089788522492,459.8453210818655,stop,-144.64262494095618,0.97,-145.61262494095618,-1.0387355828727038,93737.22871419654
2025-09-17T15:00:00Z,2025-09-17T15:00:00Z,2025-09-17T18:45:00Z,long,0,47,461.836179,458.8838185821107,464.78853941788935,458.83793020025246,stop,-140.9176935881352,0.47000000000000003,-141.3876935881352,-1.0189300674536799,93595.8410206084
2025-09-18T15:15:00Z,2025-09-18T15:15:00Z,2025-09-18T16:45:00Z,long,0,98,462.24622,460.81926285140713,463.67317714859286,463.626809830878,target,135.29780342604624,0.98,134.31780342604625,0.9604982407702827,93730.15882403444
2025-09-18T17:45:00Z,2025-09-18T17:45:00Z,2025-09-19T13:30:00Z,long,0,93,463.276323,461.76636549914525,464.78628050085473,461.72018886259536,stop,-144.72047477863026,0.93,-145.65047477863027,-1.0372041176775424,93584.50834925582
2025-09-22T17:00:00Z,2025-09-22T17:00:00Z,2025-09-23T13:30:00Z,long,0,105,463.626358,462.2909050420739,464.96181095792605,464.91531477683026,target,135.34046156717892,1.05,134.2904615671789,0.9576951170309077,93718.79881082299
2025-09-23T18:30:00Z,2025-09-23T18:30:00Z,2025-09-25T13:30:00Z,short,0,64,462.363759,464.53186031726744,460.1956576827326,460.2416772485009,target,135.81323209594484,0.64,135.17323209594485,0.9741619243888038,93853.97204291893
2025-09-25T14:30:00Z,2025-09-25T14:30:00Z,2025-09-25T17:45:00Z,short,0,78,460.333962,462.1200391336804,458.5478848663196,458.5937396548062,target,135.73734292511529,0.78,134.95734292511528,0.9687276728236662,93988.92938584405
2025-09-25T18:15:00Z,2025-09-25T18:15:00Z,2025-09-26T13:30:00Z,short,0,58,458.524143,460.9500711354338,456.09821486456616,460.99616614254734,stop,-143.3773422677467,0.58,-143.95734226774672,-1.023123111643002,93844.9720435763
2025-09-30T17:00:00Z,2025-09-30T17:00:00Z,2025-09-30T18:00:00Z,short,0,217,461.793816,462.43991010766126,461.1477218923387,462.48615409867205,stop,-150.23736741183552,2.17,-152.4073674118355,-1.0870523200008355,93692.56467616446
2025-10-01T15:15:00Z,2025-10-01T15:15:00Z,2025-10-02T18:30:00Z,long,0,82,463.996395,462.2908017076186,465.70198829238143,465.6554180935522,target,136.039893671281,0.8200000000000001,135.219893671281,0.9668325391041909,93827.78456983574
2025-10-06T15:15:00Z,2025-10-06T15:15:00Z,2025-10-07T13:30:00Z,short,0,80,466.463349,468.20626011946837,464.7204378805316,468.2530807454803,stop,-143.1785396384248,0.8,-143.97853963842482,-1.0326009888727243,93683.80603019732
2025-10-07T16:30:00Z,2025-10-07T16:30:00Z,2025-10-08T13:30:00Z,short,0,63,464.813514,467.0141152104296,462.6129127895704,467.06081662195066,stop,-141.58006518289199,0.63,-142.21006518289198,-1.0257663275164572,93541.59596501442
2025-10-08T15:45:00Z,2025-10-08T15:45:00Z,2025-10-09T13:45:00Z,long,0,66,467.766772,465.6722360796709,469.8613079203291,465.62566885606293,stop,-141.31280749984683,0.66,-141.97280749984682,-1.0270070439274503,93399.62315751458
2025-10-09T18:00:00Z,2025-10-09T18:00:00Z,2025-10-10T13:30:00Z,short,0,68,463.403655,465.4592437229939,461.3480662770061,465.5057896473662,stop,-142.94515602090155,0.68,-143.62515602090156,-1.0275083842111925,93255.99800149367
2025-10-13T17:00:00Z,2025-10-13T17:00:00Z,2025-10-14T13:30:00Z,long,0,57,461.356131,458.9290322096414,463.78322979035863,458.88313930642045,stop,-140.96052653403484,0.5700000000000001,-141.53052653403483,-1.0230286890022604,93114.46747495965
2025-10-14T15:00:00Z,2025-10-14T15:00:00Z,2025-10-14T15:00:00Z,short,0,2662,460.26396900000003,460.3164200153504,460.2115179846497,460.3624516573519,stop,-262.160833870743,26.62,-288.780833870743,-2.0682661074769078,92825.6866410889
2025-10-14T17:15:00Z,2025-10-14T17:15:00Z,2025-10-16T16:30:00Z,long,0,29,464.12640799999997,459.4310346901818,468.82178130981816,459.38509158671275,stop,-137.49817598532945,0.29,-137.78817598532945,-1.011914516648133,92687.89846510357
2025-10-16T18:00:00Z,2025-10-16T18:00:00Z,2025-10-16T18:15:00Z,short,0,52,460.663929,463.2930844251677,458.0347735748323,458.08057705218977,target,134.3343012861319,0.52,133.8143012861319,0.9787751318072336,92821.7127663897
2025-10-20T14:30:00Z,2025-10-20T14:30:00Z,2025-10-21T14:15:00Z,long,0,33,465.106506,460.9834671971549,469.22954480284517,469.1826218483649,target,134.51182299604005,0.33,134.18182299604004,0.986193931902602,92955.89458938573
2025-10-21T15:15:00Z,2025-10-21T15:15:00Z,2025-10-22T16:30:00Z,long,0,25,471.21711700000003,465.79723527964757,476.6369987203525,465.7506555561196,stop,-136.66153609701013,0.25,-136.91153609701013,-1.0104392911962405,92818.98305328871
2025-10-23T18:45:00Z,2025-10-23T18:45:00Z,2025-10-24T13:30:00Z,long,0,86,467.896785,466.28652605421564,469.5070439457844,469.4600932413898,target,134.44450875952202,0.86,133.584508759522,0.9646325800308793,92952.56756204824
2025-10-27T14:45:00Z,2025-10-27T14:45:00Z,2025-10-28T13:30:00Z,long,0,44,474.64746,471.5478917088902,477.74702829110987,477.6992535882808,target,134.2789178843534,0.44,133.8389178843534,0.9813604033197795,93086.40647993259
2025-10-28T18:00:00Z,2025-10-28T18:00:00Z,2025-10-29T18:30:00Z,long,0,51,478.737869,476.028585931496,481.44715206850395,475.98098307290286,stop,-140.60118228195364,0.51,-141.11118228195363,-1.021261292060181,92945.29529765063
2025-10-30T16:30:00Z,2025-10-30T16:30:00Z,2025-10-30T17:00:00Z,long,0,115,478.74787,477.5437989983042,479.95194100169573,477.4960446184044,stop,-143.95991888348846,1.1500000000000001,-145.10991888348846,-1.0479659254466402,92800.18537876714
2025-11-03T17:00:00Z,2025-11-03T17:00:00Z,2025-11-04T14:30:00Z,short,0,80,473.93260200000003,475.6655176793497,472.19968632065036,472.24690628928244,target,134.85565685740767,0.8,134.05565685740766,0.9669805234530792,92934.24103562455
2025-11-04T18:15:00Z,2025-11-04T18:15:00Z,2025-11-05T17:00:00Z,short,0,59,470.65292999999997,472.9847702279959,468.32108977200403,473.03206870501873,stop,-140.3691835961069,0.59,-140.9591835961069,-1.0245722139685638,92793.28185202845
2025-11-05T19:00:00Z,2025-11-05T19:00:00Z,2025-11-06T14:45:00Z,long,0,56,473.74737,471.30287263765314,476.19186736234684,471.25574235038937,stop,-139.53114837819476,0.56,-140.09114837819476,-1.023370975213048,92653.19070365025
2025-11-06T17:00:00Z,2025-11-06T17:00:00Z,2025-11-07T20:45:00Z,short,0,26,467.833212,473.0494174121993,462.6170065878007,469.886984,weekend_close,-53.3980719999995,0.26,-53.6580719999995,-0.3956462288032921,92599.53263165025
2025-11-10T18:30:00Z,2025-11-10T18:30:00Z,2025-11-11T15:30:00Z,long,0,44,472.53724900000003,469.39800134419175,475.6764966558083,475.62892900614276,target,136.03392027027985,0.44,135.59392027027985,0.9816619598141485,92735.12655192053
2025-11-11T16:00:00Z,2025-11-11T16:00:00Z,2025-11-11T18:15:00Z,long,0,37,475.477543,471.78428481443297,479.1708011855671,479.1228841054485,target,134.8776209015943,0.37,134.5076209015943,0.9843181610359922,92869.63417282213
2025-11-12T15:30:00Z,2025-11-12T15:30:00Z,2025-11-13T18:30:00Z,long,0,20,483.488344,476.77779192086024,490.19889607913973,476.73011414166814,stop,-135.1645971666369,0.2,-135.36459716663688,-1.0085950870378302,92734.26957565549
2025-11-13T19:15:00Z,2025-11-13T19:15:00Z,2025-11-14T14:30:00Z,short,0,27,475.822413,480.9184747332995,470.7263512667005,470.77342390182713,target,136.32270565066705,0.27,136.05270565066704,0.9888006389809368,92870.32228130616
2025-11-17T17:00:00Z,2025-11-17T17:00:00Z,2025-11-17T17:45:00Z,short,0,117,471.78281699999997,472.96546825037217,470.60016574962776,470.6472257662027,target,132.8641743542774,1.17,131.6941743542774,0.9517524574070317,93002.01645566043
2025-11-17T19:15:00Z,2025-11-17T19:15:00Z,2025-11-18T14:30:00Z,short,0,29,467.28326699999997,472.0223180096089,462.544215990391,462.59047041199005,target,136.09110105228746,0.29,135.80110105228746,0.9881296020057669,93137.81755671272
2025-11-19T15:30:00Z,2025-11-19T15:30:00Z,2025-11-19T15:45:00Z,short,0,88,462.10378499999996,463.67634494836443,460.5312250516355,460.57727817414064,target,134.3326006756197,0.88,133.4526006756197,0.9643554940061558,93271.27015738834
2025-11-19T17:00:00Z,2025-11-19T17:00:00Z,2025-11-20T14:30:00Z,short,0,58,460.703925,463.1083284868402,458.29952151315985,463.1546393196889,stop,-142.1414305419545,0.58,-142.7214305419545,-1.0234198765543683,93128.54872684639
2025-11-20T16:15:00Z,2025-11-20T16:15:00Z,2025-11-20T16:45:00Z,long,0,28,466.02659800000004,461.1683629337987,470.8848330662014,461.1222460975053,stop,-137.32185326985268,0.28,-137.60185326985268,-1.0115508688914174,92990.94687357654
2025-11-20T19:00:00Z,2025-11-20T19:00:00Z,2025-11-21T17:00:00Z,short,0,23,458.25417000000004,464.192648960781,452.3156910392191,464.2390682256771,stop,-137.6526591905723,0.23,-137.8826591905723,-1.0095006255421115,92853.06421438597
2025-11-24T17:30:00Z,2025-11-24T17:30:00Z,2025-11-25T14:30:00Z,long,0,78,464.64646,462.8768551632983,466.4160648367017,466.36942323021805,target,134.39113195700838,0.78,133.61113195700838,0.9679919463888715,92986.67534634298
2025-11-25T16:00:00Z,2025-11-25T16:00:00Z,2025-11-25T20:00:00Z,long,0,42,467.686764,464.4411335436512,470.9323944563488,470.88530121690314,target,134.3385631099328,0.42,133.91856310993282,0.9824091990097138,93120.59390945292
2025-12-01T17:15:00Z,2025-12-01T17:15:00Z,2025-12-01T19:30:00Z,short,0,130,474.972498,476.0458671501228,473.8991288498772,473.94651876276214,target,133.37730084091845,1.3,132.07730084091844,0.9465329212429844,93252.67121029383
2025-12-03T16:15:00Z,2025-12-03T16:15:00Z,2025-12-03T19:15:00Z,long,0,58,477.407736,475.00399363594016,479.81147836405984,479.7634972162234,target,136.634150540958,0.58,136.05415054095798,0.9758788010298673,93388.7253608348
2025-12-08T16:30:00Z,2025-12-08T16:30:00Z,2025-12-08T18:15:00Z,short,0,104,478.962099,480.30242049761586,477.6217775023842,477.66953968013445,target,134.42616926601977,1.04,133.38616926601978,0.9569042368916673,93522.11153010081
2025-12-08T19:30:00Z,2025-12-08T19:30:00Z,2025-12-09T14:30:00Z,short,0,68,477.262269,479.32035973253676,475.20417826746325,479.36829176851,stop,-143.20954825868012,0.68,-143.88954825868012,-1.0281484363431546,93378.22198184213
2025-12-09T17:00:00Z,2025-12-09T17:00:00Z,2025-12-09T17:15:00Z,long,0,144,479.207916,478.23867468033586,480.17715731966416,478.19085081286784,stop,-146.45738694703323,1.44,-147.89738694703323,-1.0596588963913156,93230.3245948951
2025-12-09T19:45:00Z,2025-12-09T19:45:00Z,2025-12-10T16:15:00Z,short,0,69,476.812314,478.8311903733194,474.79343762668066,478.8790734923567,stop,-142.60640497261295,0.6900000000000001,-143.29640497261295,-1.0286709576684887,93087.02818992248
2025-12-10T17:45:00Z,2025-12-10T17:45:00Z,2025-12-10T17:45:00Z,long,0,195,478.0478,477.33273725965086,478.76286274034914,478.71498645407513,target,130.10135854465148,1.95,128.1513585446515,0.9190612473448903,93215.17954846713
2025-12-15T16:45:00Z,2025-12-15T16:45:00Z,2025-12-16T15:15:00Z,short,0,72,484.191576,486.12590945786366,482.25724254213634,482.30546826639056,target,135.79975681987935,0.72,135.07975681987935,0.9698988175913942,93350.259305287
2025-12-16T17:00:00Z,2025-12-16T17:00:00Z,2025-12-17T18:30:00Z,short,0,58,482.621733,485.03460438862953,480.2088616113705,480.2568824975316,target,137.16132914316802,0.58,136.581329143168,0.975953593534023,93486.84063443018
2025-12-17T19:15:00Z,2025-12-17T19:15:00Z,2025-12-18T14:30:00Z,short,0,66,480.201975,482.29887673083994,478.1050732691601,482.347106618513,stop,-141.57868682185835,0.66,-142.23868682185835,-1.0277694881055535,93344.60194760832
2025-12-18T17:00:00Z,2025-12-18T17:00:00Z,2025-12-18T17:00:00Z,long,0,78,482.84828,481.0610045211737,484.6355554788263,481.01289842072157,stop,-143.15976318371668,0.78,-143.93976318371668,-1.03251099292778,93200.6621844246
2025-12-22T17:00:00Z,2025-12-22T17:00:00Z,2025-12-24T15:15:00Z,long,0,68,483.958391,481.91426693657303,486.002515063427,485.95391481192064,target,135.69561921060313,0.68,135.01561921060312,0.9713323410477835,93335.6778036352
2025-12-24T16:15:00Z,2025-12-24T16:15:00Z,2025-12-26T20:45:00Z,long,0,59,486.568652,484.20394349792053,488.93336050207944,486.961299,weekend_close,23.16617300000064,0.59,22.57617300000064,0.1618157162557342,93358.2539766352
2025-12-29T17:00:00Z,2025-12-29T17:00:00Z,2025-12-31T14:30:00Z,short,0,72,484.431552,486.36717029323273,482.4959337067673,482.54418330013795,target,135.89054639006872,0.72,135.17054639006872,0.969906466799623,93493.42452302527
2025-12-31T16:00:00Z,2025-12-31T16:00:00Z,2026-01-02T14:30:00Z,short,0,60,481.671828,484.00813730892594,479.33551869107407,479.3834522429432,target,137.30254542340958,0.6,136.7025454234096,0.975202961505238,93630.12706844868
2026-01-05T15:30:00Z,2026-01-05T15:30:00Z,2026-01-09T20:45:00Z,long,0,16,490.559051,481.8272066273511,499.29089537264895,494.990496,weekend_close,70.90311999999994,0.16,70.74311999999995,0.5063586581833094,93700.87018844868
2026-01-12T18:30:00Z,2026-01-12T18:30:00Z,2026-01-13T14:30:00Z,long,0,102,495.25952099999995,493.88732924766714,496.63171275233276,493.8379405147424,stop,-145.00120949627012,1.02,-146.02120949627013,-1.0432801995958478,93554.8489789524
2026-01-13T17:00:00Z,2026-01-13T17:00:00Z,2026-01-13T20:30:00Z,short,0,73,492.960699,494.87989048649274,491.0415075135072,491.0906116642586,target,136.51637550912238,0.73,135.7863755091224,0.9692036197704422,93690.63535446153
2026-01-15T16:00:00Z,2026-01-15T16:00:00Z,2026-01-16T20:45:00Z,long,0,31,494.799475,490.28926293544146,499.3096870645585,493.380657,weekend_close,-43.98335799999961,0.31,-44.293357999999614,-0.3167961904114697,93646.34199646153
2026-01-20T15:30:00Z,2026-01-20T15:30:00Z,2026-01-22T14:30:00Z,short,0,23,488.431152,494.3132536460899,482.5490503539101,494.3626849714545,stop,-136.4252583434532,0.23,-136.6552583434532,-1.010103756946142,93509.68673811808
2026-01-26T16:45:00Z,2026-01-26T16:45:00Z,2026-01-26T17:45:00Z,long,0,126,492.31922699999996,491.2122375406203,493.4262164593796,493.3768738377337,target,133.2635015544497,1.26,132.0035015544497,0.9463927852762377,93641.69023967253
2026-01-26T18:30:00Z,2026-01-26T18:30:00Z,2026-01-27T14:30:00Z,long,0,55,494.389434,491.8535260033219,496.92534199667807,491.8043406507216,stop,-142.18013421031173,0.55,-142.73013421031175,-1.0233389195025406,93498.96010546222
2026-01-27T16:45:00Z,2026-01-27T16:45:00Z,2026-01-27T18:00:00Z,short,0,65,491.140881,493.2915909055682,488.99017109443173,489.03907011154115,target,136.61770774982386,0.65,135.96770774982386,0.972614150817398,93634.92781321204
2026-01-27T18:30:00Z,2026-01-27T18:30:00Z,2026-01-29T14:30:00Z,short,0,52,489.231072,491.8920386787708,486.57010532122916,491.94122788263866,stop,-140.92810589721103,0.52,-141.44810589721104,-1.022243496823942,93493.47970731482
2026-01-29T17:30:00Z,2026-01-29T17:30:00Z,2026-01-29T17:30:00Z,short,0,828,489.951,490.12028080032434,489.7817191996757,490.16929282840437,stop,-180.74646191879697,8.28,-189.02646191879697,-1.3486043778560266,93304.45324539603
2026-02-03T19:00:00Z,2026-02-03T19:00:00Z,2026-02-04T14:30:00Z,short,0,27,488.721123,493.7378091731893,483.70443682681065,493.78718295410664,stop,-136.7836187608799,0.27,-137.0536187608799,-1.0118352591466946,93167.39962663515
2026-02-04T16:30:00Z,2026-02-04T16:30:00Z,2026-02-04T18:15:00Z,long,0,27,496.359631,491.35194101253614,501.3673209874638,491.3028058184349,stop,-136.53427990225777,0.27,-136.80427990225778,-1.011808876797347,93030.5953467329
2026-02-05T17:00:00Z,2026-02-05T17:00:00Z,2026-02-05T20:45:00Z,short,0,54,491.35085999999995,493.9188588382556,488.78286116174434,488.8317394478605,target,136.0325098155298,0.54,135.49250981552981,0.9770723081182652,93166.08785654843
2026-02-09T16:45:00Z,2026-02-09T16:45:00Z,2026-02-10T14:45:00Z,long,0,46,501.410136,498.4030027476204,504.41726925237964,504.3668275254544,target,136.00781017090253,0.46,135.54781017090252,0.9799005491767332,93301.63566671933
2026-02-10T15:30:00Z,2026-02-10T15:30:00Z,2026-02-11T15:15:00Z,long,0,37,504.29042400000003,500.55939905326426,508.0214489467358,500.5093431133589,stop,-139.89999280572147,0.37,-140.26999280572147,-1.0160963651443529,93161.3656739136
2026-02-11T17:30:00Z,2026-02-11T17:30:00Z,2026-02-11T17:45:00Z,short,0,220,502.059789,502.6939640328203,501.42561396717974,501.4757565285765,target,128.48714371317897,2.2,126.28714371317896,0.9051640977897284,93287.65281762679
2026-02-11T19:30:00Z,2026-02-11T19:30:00Z,2026-02-11T19:45:00Z,short,0,330,501.60983400000003,502.03361639163427,501.1860516083658,501.23617021352663,target,123.30904953622223,3.3000000000000003,120.00904953622224,0.8581380294518673,93407.66186716301
2026-02-12T18:15:00Z,2026-02-12T18:15:00Z,2026-02-13T20:45:00Z,short,0,19,494.660529,502.0144694971003,487.3065885028997,495.319527,weekend_close,-12.52096199999994,0.19,-12.71096199999994,-0.0909713642996954,93394.95090516302
2026-02-17T16:15:00Z,2026-02-17T16:15:00Z,2026-02-17T16:15:00Z,short,0,676,496.10038499999996,496.3074734846889,495.893296515311,496.3571042320374,stop,-173.54220085730003,6.76,-180.30220085730002,-1.2879481562582158,93214.64870430571
2026-02-18T16:00:00Z,2026-02-18T16:00:00Z,2026-02-18T20:15:00Z,long,0,42,498.979893,495.71062986268663,502.2491561373134,495.66105879970036,stop,-139.3910364125852,0.42,-139.8110364125852,-1.0182215565050015,93074.83766789312
2026-02-19T17:30:00Z,2026-02-19T17:30:00Z,2026-02-20T14:30:00Z,short,0,59,494.42055300000004,496.7552589743604,492.0858470256397,492.13505561034225,target,134.8443459898097,0.59,134.2543459898097,0.9746398110285427,93209.09201388294
2026-02-23T17:15:00Z,2026-02-23T17:15:00Z,2026-02-25T17:30:00Z,short,0,23,488.55114000000003,494.5991274705891,482.50315252941095,494.6485873833362,stop,-140.24128981673135,0.23,-140.47128981673134,-1.0098313551468512,93068.6207240662
2026-02-26T19:00:00Z,2026-02-26T19:00:00Z,2026-02-26T19:00:00Z,short,0,377,494.17057800000003,494.54029408039304,493.80086191960703,494.58974810980106,stop,-158.02713139498826,3.77,-161.79713139498827,-1.1608099635396605,92906.82359267122
2026-03-02T16:00:00Z,2026-03-02T16:00:00Z,2026-03-02T16:30:00Z,short,0,113,488.291166,489.52342810223007,487.0589038977699,489.57238044504027,stop,-144.7772322895529,1.1300000000000001,-145.9072322895529,-1.0478407497102336,92760.91636038167
2026-03-03T16:15:00Z,2026-03-03T16:15:00Z,2026-03-06T14:30:00Z,short,0,15,480.441951,489.42279551177353,471.4611064882265,471.50825259887534,target,134.0054760168701,0.15,133.85547601687009,0.9936368889836671,92894.77183639855
2026-03-09T15:15:00Z,2026-03-09T15:15:00Z,2026-03-09T19:15:00Z,short,0,32,471.312864,475.5612043180744,467.0645236819256,475.6087604385062,stop,-137.4686860321981,0.32,-137.7886860321981,-1.0135479072114202,92756.98315036634
2026-03-10T14:30:00Z,2026-03-10T14:30:00Z,2026-03-12T13:30:00Z,long,0,23,477.68776399999996,471.8781695959657,483.49735840403423,471.8309817790061,stop,-134.70599108285887,0.23,-134.93599108285886,-1.009843684942942,92622.04715928348
2026-03-12T14:30:00Z,2026-03-12T14:30:00Z,2026-03-13T19:45:00Z,short,0,19,468.083187,475.1489736443614,461.01740035563864,466.506646,weekend_close,29.954279000000383,0.19,29.764279000000382,0.22170793980174164,92651.81143828348
2026-03-16T16:00:00Z,2026-03-16T16:00:00Z,2026-03-17T13:30:00Z,long,0,68,470.127008,468.10144492819205,472.1525710718079,472.1053558147008,target,134.52765139965322,0.68,133.84765139965322,0.9717534062979897,92785.65908968313
2026-03-17T14:30:00Z,2026-03-17T14:30:00Z,2026-03-18T13:30:00Z,long,0,61,472.187214,469.90810174039063,474.46632625960933,469.8611109302166,stop,-141.8922872567848,0.61,-142.50228725678483,-1.025005705591605,92643.15680242635
2026-03-18T14:30:00Z,2026-03-18T14:30:00Z,2026-03-19T13:30:00Z,short,0,26,466.433352,471.6138305959391,461.25287340406095,461.2989986914013,target,133.49318602356595,0.26,133.23318602356596,0.9891660034298049,92776.38998844993
2026-03-23T15:45:00Z,2026-03-23T15:45:00Z,2026-03-27T13:30:00Z,long,0,19,464.696465,457.4155264220635,471.97740357793646,457.3697848694213,stop,-139.20692248099465,0.19,-139.39692248099465,-1.0076558196509324,92636.99306596893
2026-03-31T16:00:00Z,2026-03-31T16:00:00Z,2026-03-31T16:30:00Z,long,0,51,456.205616,453.5181853583285,458.89304664167156,458.8471573370074,target,134.71860818737576,0.51,134.20860818737577,0.9792034429474952,92771.2016741563
2026-03-31T17:30:00Z,2026-03-31T17:30:00Z,2026-04-01T14:45:00Z,long,0,21,461.186114,454.7062025383355,467.66602546166445,467.6192588591183,target,135.0960420414849,0.21,134.8860420414849,0.9912396021331499,92906.08771619778
2026-04-06T14:45:00Z,2026-04-06T14:45:00Z,2026-04-07T13:30:00Z,long,0,67,466.13660899999996,464.0806083678226,468.1926096321773,464.03420030698584,stop,-140.86138243194648,0.67,-141.53138243194647,-1.027435818819292,92764.55633376584
2026-04-07T16:00:00Z,2026-04-07T16:00:00Z,2026-04-07T17:30:00Z,short,0,54,463.103685,465.648491497487,460.558878502513,465.6950563466367,stop,-139.93405271838287,0.54,-140.47405271838286,-1.0222275639446754,92624.08228104745
2026-04-08T15:30:00Z,2026-04-08T15:30:00Z,2026-04-10T19:45:00Z,long,0,11,476.57765299999994,464.29195343671194,488.86335256328795,479.17207800000006,weekend_close,28.538675000001263,0.11,28.428675000001263,0.2103604265013012,92652.51095604745
2026-04-15T16:45:00Z,2026-04-15T16:45:00Z,2026-04-15T18:00:00Z,short,0,101,483.121683,484.4912541691188,481.75211183088123,484.5397032945357,stop,-143.2200497481022,1.01,-144.2300497481022,-1.042676953731793,92508.28090629935
2026-04-16T17:30:00Z,2026-04-16T17:30:00Z,2026-04-16T18:15:00Z,long,0,192,485.008496,484.2867403181871,485.73025168181283,485.68167865664464,target,129.2510700757739,1.92,127.3310700757739,0.9188464647468012,92635.61197637512
2026-04-21T17:30:00Z,2026-04-21T17:30:00Z,2026-04-22T13:30:00Z,short,0,53,492.260769,494.8708704728456,489.6506675271544,494.92035755989286,stop,-140.95819367432273,0.53,-141.48819367432273,-1.0227911012909503,92494.1237827008
2026-04-22T16:00:00Z,2026-04-22T16:00:00Z,2026-04-22T18:15:00Z,long,0,95,494.769472,493.3199671168734,496.21897688312663,493.2706351201617,stop,-142.38950358463654,0.9500000000000001,-143.33950358463653,-1.0409325952622366,92350.78427911617
2026-04-23T16:45:00Z,2026-04-23T16:45:00Z,2026-04-23T16:45:00Z,long,0,920,493.999395,493.848951606655,494.14983839334496,493.7995667114944,stop,-183.84202542516505,9.200000000000001,-193.04202542516504,-1.3947324893454829,92157.742253691
2026-04-23T18:30:00Z,2026-04-23T18:30:00Z,2026-04-24T13:30:00Z,short,0,112,492.930702,494.1601040452597,491.7012999547403,491.75047008473575,target,132.18597450959533,1.12,131.06597450959532,0.9518708056297832,92288.80822820059
2026-04-27T17:00:00Z,2026-04-27T17:00:00Z,2026-04-27T19:15:00Z,short,0,284,491.59083599999997,492.0776942802116,491.10397771978836,492.12690204963957,stop,-152.24275809764663,2.84,-155.08275809764663,-1.121611918364129,92133.72547010295
2026-04-30T15:45:00Z,2026-04-30T15:45:00Z,2026-05-01T19:45:00Z,long,0,21,495.099505,488.79858713321613,501.4004228667839,494.97049799999996,weekend_close,-2.7091470000012237,0.21,-2.9191470000012236,-0.022061388981572314,92130.80632310294
2026-05-04T16:15:00Z,2026-05-04T16:15:00Z,2026-05-06T13:30:00Z,short,0,22,489.35105999999996,495.5813560268167,483.1207639731832,495.6309141624194,stop,-138.15679157322768,0.22,-138.37679157322768,-1.0095594391255795,91992.4295315297
2026-05-07T18:15:00Z,2026-05-07T18:15:00Z,2026-05-08T13:30:00Z,short,0,68,496.310364,498.32415409585934,494.29657390414064,498.3739865112689,stop,-140.32633076628736,0.68,-141.00633076628736,-1.0297113465462995,91851.42320076341
2026-05-11T16:15:00Z,2026-05-11T16:15:00Z,2026-05-11T16:15:00Z,long,0,1565,496.119607,496.03157673835193,496.207637261648,496.15801649792184,target,60.110864247713494,15.65,44.460864247713495,0.32272422448823956,91895.88406501112
2026-05-12T15:00:00Z,2026-05-12T15:00:00Z,2026-05-12T17:00:00Z,short,0,63,494.45055,496.61570198432327,492.2853980156768,496.6653635545217,stop,-139.53325393486693,0.63,-140.16325393486693,-1.0275553728470015,91755.72081107626
2026-05-13T16:00:00Z,2026-05-13T16:00:00Z,2026-05-13T17:45:00Z,short,0,109,495.470448,496.72813950382215,494.2127564961778,496.77781231777254,stop,-142.50271063720982,1.09,-143.59271063720982,-1.0474463044149114,91612.12810043905
2026-05-18T16:30:00Z,2026-05-18T16:30:00Z,2026-05-18T19:45:00Z,short,0,78,494.87050800000003,496.6227916923293,493.11822430767074,496.67245397149856,stop,-140.55178577688503,0.78,-141.33178577688503,-1.0340482990456483,91470.79631466216
2026-05-20T16:45:00Z,2026-05-20T16:45:00Z,2026-05-21T17:45:00Z,long,0,31,499.369932,494.97944723002865,503.76041676997136,503.71004072829436,target,134.54337057712496,0.31,134.23337057712496,0.9862484338654495,91605.0296852393
2026-05-21T18:30:00Z,2026-05-21T18:30:00Z,2026-05-22T19:45:00Z,long,0,28,503.970392,499.06675076615534,508.87403323384467,506.04939,weekend_close,58.21194400000036,0.28,57.93194400000036,0.4219309491322286,91662.96162923929
2026-05-26T16:45:00Z,2026-05-26T16:45:00Z,2026-05-27T13:30:00Z,short,0,76,504.81951300000003,506.62542887409273,503.0135971259073,506.6760914169801,stop,-141.09995969048646,0.76,-141.85995969048645,-1.033591012603429,91521.1016695488
2026-05-27T15:45:00Z,2026-05-27T15:45:00Z,2026-05-28T13:30:00Z,long,0,82,506.710666,505.0464479431312,508.3748840568688,504.9959432983369,stop,-140.60726153637472,0.8200000000000001,-141.42726153637471,-1.0363562001653615,91379.67440801243
2026-05-28T17:45:00Z,2026-05-28T17:45:00Z,2026-05-28T17:45:00Z,long,0,1433,506.670662,506.5750337491654,506.7662902508346,506.5243762457905,stop,-209.62748578219436,14.33,-223.95748578219437,-1.6343052690552131,91155.71692223023
2026-06-01T16:15:00Z,2026-06-01T16:15:00Z,2026-06-01T16:15:00Z,short,0,259,509.44905,509.9758704531761,508.92222954682387,508.9731217697786,target,123.26541162734969,2.59,120.67541162734969,0.8844156057579196,91276.39233385758
2026-06-02T16:15:00Z,2026-06-02T16:15:00Z,2026-06-03T14:15:00Z,long,0,58,512.821277,510.4696413222519,515.1729126777482,510.41859435811966,stop,-139.3555932290601,0.58,-139.93559322906012,-1.0259593629701595,91136.45674062852
2026-06-03T16:00:00Z,2026-06-03T16:00:00Z,2026-06-04T13:30:00Z,short,0,42,509.58903599999996,512.7922016634927,506.3858703365072,512.843480883659,stop,-136.6866851136806,0.42,-137.10668511368058,-1.0191308307480649,90999.35005551483
2026-06-04T15:45:00Z,2026-06-04T15:45:00Z,2026-06-05T19:00:00Z,long,0,21,516.35163,510.0764602545308,522.6267997454693,510.02545260850536,stop,-132.84972522138742,0.21,-133.05972522138742,-1.0097220710355246,90866.29033029344
2026-06-08T17:00:00Z,2026-06-08T17:00:00Z,2026-06-09T13:30:00Z,short,0,60,509.79901500000005,512.0611010444093,507.53692895559084,512.1123071545137,stop,-138.7975292708188,0.6,-139.3975292708188,-1.0270573748755945,90726.89280102262
2026-06-09T17:00:00Z,2026-06-09T17:00:00Z,2026-06-11T19:30:00Z,short,0,22,504.639531,510.6955996783525,498.58346232164746,510.74666923832035,stop,-134.35704124304823,0.22,-134.57704124304823,-1.0100840269837346,90592.31575977958
2026-06-15T14:30:00Z,2026-06-15T14:30:00Z,2026-06-26T19:45:00Z,long,0,18,519.411936,511.87988696169674,526.9439850383033,517.44825,weekend_close,-35.3463479999989,0.18,-35.5263479999989,-0.26203838954884956,90556.78941177958
2026-06-29T16:00:00Z,2026-06-29T16:00:00Z,2026-06-30T16:15:00Z,long,0,76,521.182113,519.3953518325594,522.9688741674405,522.9165772800237,target,131.8192852818056,0.76,131.05928528180561,0.9651341832629905,90687.84869706139
2026-06-30T16:30:00Z,2026-06-30T16:30:00Z,2026-07-01T13:30:00Z,long,0,104,522.6522600000001,521.3505273596534,523.9539926403468,521.2983923069174,stop,-140.80224008059395,1.04,-141.84224008059394,-1.0477325764216725,90546.00645698079
2026-07-01T16:30:00Z,2026-07-01T16:30:00Z,2026-07-07T13:30:00Z,long,0,34,526.182613,522.2296419256611,530.1355840743388,530.0825705159314,target,132.59855554166825,0.34,132.25855554166824,0.9840591906132357,90678.26501252246
2026-07-07T14:30:00Z,2026-07-07T14:30:00Z,2026-07-07T15:00:00Z,long,0,75,529.602955,527.8092169549669,531.396693045033,527.7564360332715,stop,-138.48892250463507,0.75,-139.23892250463507,-1.0350000502410528,90539.02609001783
2026-07-07T17:15:00Z,2026-07-07T17:15:00Z,2026-07-07T17:30:00Z,short,0,227,528.197175,528.7948600612299,527.5994899387701,528.847739547236,stop,-147.67815222255945,2.27,-149.94815222255946,-1.1052050487537515,90389.07793779527
2026-07-08T15:00:00Z,2026-07-08T15:00:00Z,2026-07-10T19:45:00Z,short,0,18,521.207874,528.5163021209416,513.8994458790582,525.822577,weekend_close,-83.06465400000138,0.18,-83.24465400000139,-0.6327903789254452,90305.83328379528
2026-07-13T17:00:00Z,2026-07-13T17:00:00Z,2026-07-14T14:00:00Z,short,0,71,523.907604,525.7965459421813,522.0186620578187,525.8491255967755,stop,-137.8480333710596,0.71,-138.55803337105962,-1.0331294748645994,90167.27525042422
2026-07-14T17:30:00Z,2026-07-14T17:30:00Z,2026-07-14T19:15:00Z,short,0,187,524.067588,524.7892679830192,523.3459080169808,524.8417469098174,stop,-144.76771613585413,1.87,-146.63771613585413,-1.08657428260219,90020.63753428837
2026-07-15T14:30:00Z,2026-07-15T14:30:00Z,2026-07-15T16:15:00Z,long,0,44,527.042699,524.0017450744526,530.0836529255473,523.9493448999452,stop,-136.10758040240853,0.44,-136.54758040240853,-1.0205199342164206,89884.08995388597
2026-07-16T14:30:00Z,2026-07-16T14:30:00Z,2026-07-16T16:15:00Z,long,0,91,526.792674,525.3142770856999,528.2710709143001,525.2617456579914,stop,-139.31447912278975,0.91,-140.22447912278975,-1.0422967791015554,89743.86547476318
2026-07-20T15:15:00Z,2026-07-20T15:15:00Z,2026-07-21T16:30:00Z,short,0,38,519.208074,522.7106218817244,515.7055261182757,522.7628929439126,stop,-135.08311986867693,0.38,-135.46311986867693,-1.0177787896956714,89608.4023548945
2026-07-22T15:00:00Z,2026-07-22T15:00:00Z,2026-07-22T15:45:00Z,long,0,128,522.1822129999999,521.1328845236338,523.231541476366,523.1792183222184,target,127.61668124396238,1.28,126.33668124396237,0.9406066302865685,89734.73903613846
2026-07-22T17:00:00Z,2026-07-22T17:00:00Z,2026-07-22T19:00:00Z,long,0,83,523.342329,521.7372626243132,524.9473953756867,521.6850888980507,stop,-137.55092846178707,0.8300000000000001,-138.38092846178708,-1.038735922205011,89596.35810767667
