decision_timestamp,entry_timestamp,exit_timestamp,side,rrms_tier,quantity,entry_price,stop_price,target_price,exit_price,exit_reason,gross_pnl,costs,net_pnl,result_r,equity_after
2021-03-18T16:00:00Z,2021-03-18T16:00:00Z,2021-03-18T18:00:00Z,long,0,64,232.383236,230.04430996267286,234.72216203732717,230.0213055316766,stop,-151.1635499726981,0.64,-151.80354997269808,-1.014110934022509,99848.1964500273
2021-03-22T15:15:00Z,2021-03-22T15:15:00Z,2021-03-23T14:30:00Z,short,0,47,224.387559,227.50828625658684,221.26683174341318,221.28895842658753,target,145.6342269503867,0.47000000000000003,145.1642269503867,0.9897053857857843,99993.3606769777
2021-03-23T15:30:00Z,2021-03-23T15:30:00Z,2021-03-23T18:45:00Z,short,0,36,221.827815,225.96556099276964,217.69006900723033,217.71183801413105,target,148.17517149128184,0.36,147.81517149128183,0.9923221466575701,100141.17584846898
2021-03-24T17:45:00Z,2021-03-24T17:45:00Z,2021-03-24T19:30:00Z,short,0,45,216.71832600000002,220.0486934119243,213.38795858807575,213.40929738393456,target,148.90628772294576,0.45,148.45628772294577,0.9905899884359298,100289.63213619193
2021-03-29T16:45:00Z,2021-03-29T16:45:00Z,2021-03-29T18:30:00Z,short,0,77,216.348363,218.30049281857765,214.39623318142236,214.4176728047405,target,148.6631450349816,0.77,147.8931450349816,0.9838947066844907,100437.5252812269
2021-03-30T17:00:00Z,2021-03-30T17:00:00Z,2021-03-31T13:30:00Z,long,0,71,217.731771,215.62450427331694,219.83903772668307,219.8170538229104,target,148.05508042663743,0.71,147.34508042663742,0.9848220904512535,100584.87036165353
2021-03-31T18:15:00Z,2021-03-31T18:15:00Z,2021-04-01T14:00:00Z,long,0,67,221.052103,218.81001221835638,223.2941937816436,223.27186436226543,target,148.72401127178478,0.67,148.0540112717848,0.9855806822619078,100732.92437292532
2021-04-01T14:45:00Z,2021-04-01T14:45:00Z,2021-04-07T19:30:00Z,long,0,45,223.52235,220.20471082745314,226.83998917254684,220.1826903563704,stop,-150.2846839633321,0.45,-150.7346839633321,-1.0096515833752269,100582.18968896198
2021-04-08T15:15:00Z,2021-04-08T15:15:00Z,2021-04-08T15:45:00Z,short,0,161,221.167881,222.10137745868343,220.23438454131656,222.1235875964293,stop,-153.8687620251187,1.61,-155.47876202511873,-1.0345048312141438,100426.71092693687
2021-04-08T18:00:00Z,2021-04-08T18:00:00Z,2021-04-08T18:00:00Z,long,0,1103,221.432141,221.29559776552753,221.56868423447247,221.54652736604902,target,126.16816175206719,11.03,115.13816175206719,0.7644931398638075,100541.84908868893
2021-04-12T16:15:00Z,2021-04-12T16:15:00Z,2021-04-12T16:15:00Z,short,0,444,221.627835,221.96740715594052,221.2882628440595,221.98960389665612,stop,-160.62539011531555,4.44,-165.06539011531555,-1.094815608854691,100376.78369857362
2021-04-12T18:15:00Z,2021-04-12T18:15:00Z,2021-04-12T18:15:00Z,long,0,1057,221.702168,221.5597908164318,221.8445451835682,221.53763483735017,stop,-173.91155292087228,10.57,-184.48155292087228,-1.225850647384423,100192.30214565275
2021-04-13T15:15:00Z,2021-04-13T15:15:00Z,2021-04-13T16:45:00Z,short,0,103,220.347963,221.79813937433377,218.8977866256662,218.91967640432878,target,147.11351935413464,1.03,146.08351935413464,0.9780097240397952,100338.38566500688
2021-04-15T14:45:00Z,2021-04-15T14:45:00Z,2021-04-15T15:15:00Z,short,0,253,223.39765799999998,223.992527295864,222.80278870413596,222.82506898300636,target,144.86502129938532,2.5300000000000002,142.33502129938532,0.9457355101451118,100480.72068630626
2021-04-15T15:30:00Z,2021-04-15T15:30:00Z,2021-04-15T15:45:00Z,short,0,146,222.82771499999998,223.8554243279755,221.80000567202447,223.8778098704083,stop,-153.3138510796141,1.46,-154.7738510796141,-1.031512356219046,100325.94683522664
2021-04-19T16:00:00Z,2021-04-19T16:00:00Z,2021-04-20T14:45:00Z,short,0,42,220.737924,224.29394164073568,217.1819063592643,217.20362454990024,target,148.44057690418958,0.42,148.0205769041896,0.9910804180855034,100473.96741213083
2021-04-21T16:00:00Z,2021-04-21T16:00:00Z,2021-04-22T15:15:00Z,long,0,43,220.69206699999998,217.21497546963846,224.1691585303615,224.14674161450847,target,148.5510084238651,0.43,148.1210084238651,0.9906770024401231,100622.0884205547
2021-04-22T16:00:00Z,2021-04-22T16:00:00Z,2021-04-22T18:00:00Z,long,0,37,224.982496,220.92870232784423,229.03628967215576,220.90660945761147,stop,-150.80780206837565,0.37,-151.17780206837566,-1.0079167497974069,100470.91061848633
2021-04-26T14:30:00Z,2021-04-26T14:30:00Z,2021-04-29T13:30:00Z,long,0,55,227.56275399999998,224.86079739588618,230.2647106041138,230.24168413305338,target,147.34115731793693,0.55,146.79115731793692,0.987776831422784,100617.70177580426
2021-04-29T14:30:00Z,2021-04-29T14:30:00Z,2021-04-29T14:30:00Z,long,0,810,228.572855,228.38665637528175,228.75905362471826,228.36381770964422,stop,-169.32020518818234,8.1,-177.42020518818234,-1.1763636315102277,100440.28157061608
2021-04-29T16:45:00Z,2021-04-29T16:45:00Z,2021-04-30T17:45:00Z,short,0,69,226.647333,228.82121375053495,224.47345224946505,224.49589959469,target,148.4489049663901,0.6900000000000001,147.7589049663901,0.9850739994744595,100588.04047558247
2021-05-03T17:45:00Z,2021-05-03T17:45:00Z,2021-05-04T13:30:00Z,long,0,205,226.46264399999998,225.72674693294007,227.1985410670599,225.70417425824678,stop,-155.48629705940655,2.05,-157.53629705940656,-1.044262541802795,100430.50417852307
2021-05-04T15:45:00Z,2021-05-04T15:45:00Z,2021-05-07T19:45:00Z,short,0,33,221.797818,226.26582439588586,217.32981160411416,225.41253899999998,weekend_close,-119.28579299999916,0.33,-119.61579299999916,-0.811261372261603,100310.88838552307
2021-05-10T16:00:00Z,2021-05-10T16:00:00Z,2021-05-10T16:30:00Z,short,0,284,224.087589,224.61556637998672,223.5596116200133,223.5819675811753,target,143.59648294621957,2.84,140.75648294621956,0.9387171451117727,100451.64486846929
2021-05-10T17:45:00Z,2021-05-10T17:45:00Z,2021-05-10T18:15:00Z,short,0,116,222.95770199999998,224.2540307355846,221.66137326441537,221.68353940174183,target,147.80286139794634,1.16,146.64286139794635,0.9751867435755446,100598.28772986724
2021-05-12T15:00:00Z,2021-05-12T15:00:00Z,2021-05-12T19:00:00Z,short,0,51,216.458352,219.3914109682447,213.52529303175527,213.54664556105845,target,148.49702838601834,0.51,147.98702838601835,0.9893106379235365,100746.27475825326
2021-05-13T17:30:00Z,2021-05-13T17:30:00Z,2021-05-13T18:30:00Z,short,0,61,213.038694,215.5124580184418,210.56492998155818,215.53400926424365,stop,-152.21423111886313,0.61,-152.82423111886314,-1.0127543474505378,100593.4505271344
2021-05-20T16:00:00Z,2021-05-20T16:00:00Z,2021-05-21T13:30:00Z,long,0,97,218.791877,217.24793524649832,220.33581875350168,220.31378517162634,target,147.6250926477546,0.97,146.6550926477546,0.9792520787764851,100740.10561978215
2021-05-24T15:00:00Z,2021-05-24T15:00:00Z,2021-05-24T17:45:00Z,long,0,232,220.92209,220.2711441850418,221.5730358149582,221.5508785113767,target,145.87893463939713,2.32,143.55893463939714,0.9505991084933155,100883.66455442154
2021-05-25T14:30:00Z,2021-05-25T14:30:00Z,2021-05-25T15:00:00Z,long,0,146,222.172215,221.13996668750465,223.20446331249534,221.11785269083592,stop,-153.9368971379552,1.46,-155.39689713795522,-1.0311107281842915,100728.26765728359
2021-05-25T17:30:00Z,2021-05-25T17:30:00Z,2021-05-25T18:00:00Z,short,0,270,221.157882,221.71743378280055,220.59833021719945,220.62039005022118,target,145.1228264402829,2.7,142.4228264402829,0.9427044395046529,100870.69048372387
2021-05-26T16:15:00Z,2021-05-26T16:15:00Z,2021-05-27T13:30:00Z,long,0,75,222.72226999999998,220.7295245416517,224.71501545834826,224.69254395680244,target,147.77054676018437,0.75,147.02054676018437,0.9837051433690194,101017.71103048405
2021-05-27T14:30:00Z,2021-05-27T14:30:00Z,2021-05-28T19:45:00Z,long,0,45,225.612559,222.3000461099239,228.9250718900761,225.57744,weekend_close,-1.5803550000003952,0.45,-2.0303550000003954,-0.013620777185555993,101015.68067548405
2021-06-01T15:45:00Z,2021-06-01T15:45:00Z,2021-06-02T13:30:00Z,long,0,97,227.312729,225.76111421578477,228.8643437842152,228.8414573498368,target,148.2866499341693,0.97,147.3166499341693,0.9788050264066964,101162.99732541823
2021-06-02T17:45:00Z,2021-06-02T17:45:00Z,2021-06-02T17:45:00Z,long,0,490,227.752773,227.44361632064562,228.06192967935436,227.42087195901357,stop,-162.63151008334745,4.9,-167.53151008334746,-1.10591510330759,100995.46581533487
2021-06-03T15:45:00Z,2021-06-03T15:45:00Z,2021-06-04T13:30:00Z,short,0,95,226.097388,227.6806827643285,224.51409323567148,227.70345083260494,stop,-152.57596909747008,0.9500000000000001,-153.52596909747007,-1.0206961262139533,100841.93984623741
2021-06-07T14:30:00Z,2021-06-07T14:30:00Z,2021-06-08T13:30:00Z,long,0,78,228.95289300000002,227.02356114442844,230.8822248555716,230.85913663308605,target,148.68700338071073,0.78,147.90700338071073,0.982849906100919,100989.84684961812
2021-06-08T14:30:00Z,2021-06-08T14:30:00Z,2021-06-10T14:30:00Z,long,0,55,232.243222,229.49735530717103,234.98908869282897,229.47440557164032,stop,-152.28490355978266,0.55,-152.83490355978267,-1.011999757896757,100837.01194605834
2021-06-14T14:30:00Z,2021-06-14T14:30:00Z,2021-06-14T17:45:00Z,long,0,132,231.913189,230.77105301450013,233.05532498549985,230.7479759091987,stop,-153.80812798577188,1.32,-155.12812798577187,-1.0289607417342366,100681.88381807257
2021-06-15T15:30:00Z,2021-06-15T15:30:00Z,2021-06-17T15:30:00Z,short,0,87,229.257072,230.9851294839005,227.5290145160995,227.5517674175511,target,148.36149867305335,0.87,147.49149867305334,0.9810464051359666,100829.37531674563
2021-06-17T16:15:00Z,2021-06-17T16:15:00Z,2021-06-18T17:15:00Z,short,0,45,226.147383,229.4566859160005,222.83808008399947,222.86036389200788,target,147.91585985964488,0.45,147.4658598596449,0.9902445291870027,100976.84117660527
2021-06-21T16:15:00Z,2021-06-21T16:15:00Z,2021-06-23T13:45:00Z,long,0,51,226.41263899999998,223.45868587097453,229.36659212902543,229.34365546981255,target,149.48183996044065,0.51,148.97183996044066,0.9888499723000838,101125.81301656572
2021-06-23T18:15:00Z,2021-06-23T18:15:00Z,2021-06-24T18:30:00Z,long,0,82,229.82298,227.98797217641174,231.65798782358826,231.6348220248059,target,148.57104603408482,0.8200000000000001,147.75104603408482,0.9819260722728201,101273.5640625998
2021-06-28T15:45:00Z,2021-06-28T15:45:00Z,2021-06-30T13:30:00Z,short,0,67,230.256972,232.50458551848857,228.0093584815114,228.03215941735957,target,149.06244303690846,0.67,148.39244303690847,0.985406327387544,101421.95650563671
2021-06-30T14:30:00Z,2021-06-30T14:30:00Z,2021-06-30T16:30:00Z,short,0,143,229.137084,230.19602049702027,228.0781475029797,230.21904009906996,stop,-154.7197221670057,1.43,-156.1497221670057,-1.031181852870875,101265.80678346971
2021-06-30T18:00:00Z,2021-06-30T18:00:00Z,2021-06-30T18:00:00Z,long,0,756,229.662964,229.46218408135454,229.86374391864544,229.4392378629464,stop,-169.13695961250255,7.5600000000000005,-176.69695961250255,-1.1640912030963666,101089.10982385722
2021-07-01T14:30:00Z,2021-07-01T14:30:00Z,2021-07-02T13:45:00Z,long,0,84,231.433141,229.63025475321587,233.23602724678415,229.60729172774055,stop,-153.37133886979473,0.84,-154.21133886979473,-1.01828347491924,100934.89848498743
2021-07-07T15:30:00Z,2021-07-07T15:30:00Z,2021-07-08T13:30:00Z,short,0,68,223.797618,226.00849855219545,221.58673744780455,221.60889612154932,target,148.83308773464614,0.68,148.15308773464614,0.9854543594800563,101083.05157272208
2021-07-08T15:00:00Z,2021-07-08T15:00:00Z,2021-07-09T13:30:00Z,short,0,38,220.36796099999998,224.31946323153667,216.4164587684633,224.3418951778598,stop,-151.0094987586736,0.38,-151.3894987586736,-1.0082074979141604,100931.66207396341
2021-07-12T17:00:00Z,2021-07-12T17:00:00Z,2021-07-12T17:30:00Z,long,0,409,225.672565,225.30242538228663,226.04270461771335,226.0201003472516,target,142.14195702590752,4.09,138.0519570259075,0.9119135890851751,101069.71403098931
2021-07-13T16:00:00Z,2021-07-13T16:00:00Z,2021-07-14T14:15:00Z,short,0,73,223.847613,225.8980189357874,221.79720706421259,221.819386784919,target,148.06051370091237,0.73,147.33051370091238,0.984305683013905,101217.04454469023
2021-07-14T15:15:00Z,2021-07-14T15:15:00Z,2021-07-15T13:30:00Z,short,0,48,220.687929,223.79231373672044,217.58354426327955,217.6053026177059,target,147.96606635011722,0.48,147.48606635011723,0.9897698393982283,101364.53061104035
2021-07-15T15:45:00Z,2021-07-15T15:45:00Z,2021-07-15T17:30:00Z,short,0,77,218.238174,220.19299319895018,216.2833548010498,216.3049831365299,target,148.85569648719678,0.77,148.08569648719677,0.983820326965743,101512.61630752754
2021-07-15T18:15:00Z,2021-07-15T18:15:00Z,2021-07-16T13:30:00Z,short,0,42,215.438454,219.03435427658118,211.84255372341883,219.05625771200883,stop,-151.94775590437052,0.42,-152.3677559043705,-1.0088721691297786,101360.24855162317
2021-07-19T18:00:00Z,2021-07-19T18:00:00Z,2021-07-20T13:45:00Z,short,0,46,210.758922,214.027299393661,207.49054460633903,214.04870212360035,stop,-151.32988568561552,0.46,-151.78988568561553,-1.0096080489359214,101208.45866593755
2021-07-20T16:00:00Z,2021-07-20T16:00:00Z,2021-07-23T19:45:00Z,long,0,25,217.90178799999998,212.0458850324376,223.75769096756235,219.468051,weekend_close,39.156575000000515,0.25,38.906575000000515,0.26575969728676085,101247.36524093755
2021-07-27T15:45:00Z,2021-07-27T15:45:00Z,2021-07-28T13:30:00Z,short,0,39,215.928405,219.77390823877954,212.08290176122046,219.79588562960342,stop,-150.8317445545334,0.39,-151.2217445545334,-1.0083155282516485,101096.14349638301
2021-07-28T15:00:00Z,2021-07-28T15:00:00Z,2021-07-28T15:45:00Z,long,0,99,218.571855,217.0479384081543,220.0957715918457,220.0737620146865,target,148.6887944539644,0.99,147.69879445396438,0.978995190858558,101243.84229083697
2021-07-28T16:30:00Z,2021-07-28T16:30:00Z,2021-07-28T18:45:00Z,long,0,68,219.791977,217.58085892958056,222.00309507041945,221.9808947609124,target,148.84640774204343,0.68,148.16640774204342,0.9854370917872632,101392.00869857901
2021-08-02T15:45:00Z,2021-08-02T15:45:00Z,2021-08-02T15:45:00Z,long,0,2822,221.582156,221.5282690138058,221.63604298619418,221.50611618690442,stop,-214.58435255571658,28.22,-242.80435255571658,-1.5966714632272223,101149.2043460233
2021-08-02T17:45:00Z,2021-08-02T17:45:00Z,2021-08-02T18:00:00Z,short,0,225,221.497848,222.17030338786225,220.82539261213776,222.19252041820104,stop,-156.30129409523335,2.25,-158.55129409523335,-1.0479095430274015,100990.65305192806
2021-08-04T16:30:00Z,2021-08-04T16:30:00Z,2021-08-05T13:30:00Z,short,0,99,218.738124,220.26248702730288,217.21376097269712,220.2845132760056,stop,-153.09253832455565,0.99,-154.08253832455566,-1.021009594256163,100836.57051360351
2021-08-05T16:00:00Z,2021-08-05T16:00:00Z,2021-08-06T19:45:00Z,long,0,48,222.082206,218.93463608989262,225.2297759101074,223.417656,weekend_close,64.10159999999905,0.48,63.621599999999056,0.42110264040323,100900.19211360351
2021-08-09T15:45:00Z,2021-08-09T15:45:00Z,2021-08-09T15:45:00Z,short,0,490,222.747723,223.05605046896585,222.43939553103417,223.07835607401273,stop,-162.0102062662346,4.9,-166.9102062662346,-1.1047769280993263,100733.28190733728
2021-08-09T18:00:00Z,2021-08-09T18:00:00Z,2021-08-09T18:45:00Z,long,0,298,223.16231399999998,222.65575114101435,223.6688768589856,222.63348556590026,stop,-157.59087336171723,2.98,-160.57087336171722,-1.0636951062276867,100572.71103397556
2021-08-10T14:45:00Z,2021-08-10T14:45:00Z,2021-08-10T15:30:00Z,short,0,250,222.287769,222.89060935918582,221.68492864081418,222.91289842012173,stop,-156.28235503043442,2.5,-158.78235503043442,-1.0535615448499949,100413.92867894513
2021-08-10T17:45:00Z,2021-08-10T17:45:00Z,2021-08-10T18:00:00Z,long,0,356,222.92229,222.49950347917235,223.34507652082766,222.47725352882443,stop,-158.4329837385028,3.56,-161.9929837385028,-1.0762795140317614,100251.93569520663
2021-08-11T15:15:00Z,2021-08-11T15:15:00Z,2021-08-11T18:30:00Z,short,0,87,220.99789800000002,222.72574979150298,219.27004620849706,222.74802236648213,stop,-152.26081988394373,0.87,-153.13081988394373,-1.0186778606463018,100098.80487532269
2021-08-18T16:30:00Z,2021-08-18T16:30:00Z,2021-08-18T18:00:00Z,long,0,172,216.941692,216.0716696827056,217.8117143172944,217.78993314586265,target,145.8974770883773,1.72,144.1774770883773,0.9634708549424641,100242.98235241107
2021-08-18T18:30:00Z,2021-08-18T18:30:00Z,2021-08-18T19:15:00Z,long,0,123,217.80177799999998,216.58134106626403,219.02221493373594,216.55968293215741,stop,-152.77769334463608,1.23,-154.00769334463607,-1.025940000037286,100088.97465906643
2021-08-19T15:00:00Z,2021-08-19T15:00:00Z,2021-08-20T19:45:00Z,short,0,33,212.628735,217.1152570606696,208.14221293933042,215.53155099999998,weekend_close,-95.79292799999911,0.33,-96.1229279999991,-0.6492369725616045,99992.85173106643
2021-08-23T14:30:00Z,2021-08-23T14:30:00Z,2021-08-25T13:45:00Z,long,0,38,218.211819,214.2898419537367,222.13379604626329,222.11158266665865,target,148.19101933302898,0.38,147.81101933302898,0.9917864436164082,100140.66275039947
2021-08-25T15:00:00Z,2021-08-25T15:00:00Z,2021-08-26T14:45:00Z,long,0,69,222.932291,220.75871680854527,225.1058651914547,220.73664093686443,stop,-151.4998543563536,0.6900000000000001,-152.1898543563536,-1.0147572012066324,99988.47289604311
2021-08-26T15:45:00Z,2021-08-26T15:45:00Z,2021-08-27T14:00:00Z,short,0,83,221.207877,223.00702124740485,219.40873275259514,223.0293219495296,stop,-151.17993081095617,0.8300000000000001,-152.00993081095618,-1.0179533698708874,99836.46296523216
2021-08-31T14:30:00Z,2021-08-31T14:30:00Z,2021-08-31T14:45:00Z,short,0,182,224.93750400000002,225.75658063735412,224.11842736264592,225.77915629541786,stop,-153.18071776604774,1.82,-155.00071776604773,-1.0397711967087406,99681.46224746612
2021-08-31T15:15:00Z,2021-08-31T15:15:00Z,2021-08-31T15:15:00Z,short,0,585,225.47745,225.73270217358316,225.22219782641685,225.7552754438005,stop,-162.5278846232979,5.8500000000000005,-168.3778846232979,-1.127612116912055,99513.08436284281
2021-08-31T17:30:00Z,2021-08-31T17:30:00Z,2021-08-31T19:15:00Z,long,0,199,226.212619,225.46495399872413,226.96028400127585,225.44240750332426,stop,-153.27208783846984,1.99,-155.26208783846985,-1.043530853182008,99357.82227500434
2021-09-01T16:45:00Z,2021-09-01T16:45:00Z,2021-09-03T19:45:00Z,long,0,68,228.052803,225.86510947030402,230.240496529696,227.947203,weekend_close,-7.180800000000659,0.68,-7.860800000000658,-0.052841039401014187,99349.96147500434
2021-09-07T17:00:00Z,2021-09-07T17:00:00Z,2021-09-07T19:45:00Z,short,0,168,227.157282,228.04066670253096,226.27389729746906,226.2965246871988,target,144.60722855060362,1.68,142.92722855060362,0.9630654802644245,99492.88870355494
2021-09-09T16:30:00Z,2021-09-09T16:30:00Z,2021-09-09T17:30:00Z,long,0,127,225.482546,224.31211163095304,226.652980369047,224.28968041978996,stop,-151.4939286866768,1.27,-152.76392868667682,-1.0277086968912987,99340.12477486827
2021-09-14T16:15:00Z,2021-09-14T16:15:00Z,2021-09-14T16:30:00Z,short,0,215,222.017796,222.7102306382239,221.32536136177612,221.3474938979123,target,144.11495194885617,2.15,141.96495194885617,0.9535948458346851,99482.08972681712
2021-09-14T18:00:00Z,2021-09-14T18:00:00Z,2021-09-14T18:30:00Z,short,0,159,221.24787300000003,222.18478342823155,220.3109625717685,220.33299366802567,target,145.46581378392352,1.59,143.87581378392352,0.9658119972923916,99625.96554060104
2021-09-15T17:30:00Z,2021-09-15T17:30:00Z,2021-09-15T19:15:00Z,long,0,156,221.702168,220.75014326111216,222.65419273888784,222.63192731961396,target,145.04245385977845,1.56,143.48245385977845,0.9661086335723048,99769.44799446082
2021-09-16T18:30:00Z,2021-09-16T18:30:00Z,2021-09-17T14:30:00Z,long,0,118,222.62225999999998,221.36209069614156,223.8824293038584,221.33995448707196,stop,-151.31205052550627,1.18,-152.49205052550627,-1.025501501243686,99616.95594393532
2021-09-20T14:30:00Z,2021-09-20T14:30:00Z,2021-09-22T18:00:00Z,short,0,30,216.84831300000002,221.81166782685696,211.88495817314308,221.83384899363963,stop,-149.56607980918847,0.3,-149.86607980918848,-1.0064837530068451,99467.08986412613
2021-09-23T14:45:00Z,2021-09-23T14:45:00Z,2021-09-24T19:45:00Z,long,0,51,223.332331,220.44031236902356,226.22434963097646,223.03769400000002,weekend_close,-15.026486999999719,0.51,-15.536486999999719,-0.10533714988452127,99451.55337712613
2021-09-27T15:45:00Z,2021-09-27T15:45:00Z,2021-09-28T13:45:00Z,long,0,47,226.772675,223.6609215650348,229.88442843496517,223.63855547287832,stop,-147.30361777471845,0.47000000000000003,-147.77361777471845,-1.0104012393118322,99303.77975935141
2021-09-28T15:45:00Z,2021-09-28T15:45:00Z,2021-10-01T14:15:00Z,short,0,36,222.387759,226.42988948420043,218.34562851579955,218.36746307865113,target,144.730653168559,0.36,144.370653168559,0.9921243109355293,99448.15041251997
2021-10-04T16:15:00Z,2021-10-04T16:15:00Z,2021-10-05T14:00:00Z,short,0,92,220.197978,221.80905431557994,218.58690168442007,221.8312352210115,stop,-150.25966433305712,0.92,-151.1796643330571,-1.0199747864954305,99296.97074818691
2021-10-05T16:00:00Z,2021-10-05T16:00:00Z,2021-10-05T16:30:00Z,long,0,120,221.492147,220.25791224436085,222.72638175563912,220.23588645313643,stop,-150.75126562362698,1.2,-151.95126562362697,-1.0259478928770223,99145.01948256328
2021-10-06T15:45:00Z,2021-10-06T15:45:00Z,2021-10-07T13:30:00Z,short,0,40,217.488249,221.13296908510577,213.84352891489422,221.15508238201429,stop,-146.67333528057156,0.4,-147.07333528057157,-1.0088109089748063,98997.94614728271
2021-10-07T14:30:00Z,2021-10-07T14:30:00Z,2021-10-08T19:45:00Z,long,0,29,224.032401,218.98110884323066,229.08369315676933,221.57784,weekend_close,-71.18226899999954,0.29,-71.47226899999954,-0.48790703913199274,98926.4738782827
2021-10-11T16:30:00Z,2021-10-11T16:30:00Z,2021-10-11T16:30:00Z,long,0,405,222.812279,222.44597247513036,223.17858552486962,222.42372787788284,stop,-157.36320445744568,4.05,-161.4132044574457,-1.0880262705093706,98765.06067382525
2021-10-11T18:45:00Z,2021-10-11T18:45:00Z,2021-10-11T19:45:00Z,short,0,141,221.797818,222.84156421389307,220.75407178610695,220.77614719328557,target,144.05558374673598,1.41,142.64558374673598,0.9692689594925752,98907.70625757199
2021-10-13T18:30:00Z,2021-10-13T18:30:00Z,2021-10-13T18:30:00Z,long,0,389,221.98219600000002,221.60109527184292,222.3632967281571,221.57893516231573,stop,-156.8684658591872,3.89,-160.7584658591872,-1.0843874260821023,98746.94779171281
2021-10-18T15:00:00Z,2021-10-18T15:00:00Z,2021-10-19T16:30:00Z,short,0,75,224.73752399999998,226.7049596554182,222.77008834458175,226.72763015138375,stop,-149.25796135378278,0.75,-150.00796135378278,-1.0166056236073435,98596.93983035903
2021-10-19T17:30:00Z,2021-10-19T17:30:00Z,2021-10-20T13:30:00Z,long,0,134,226.34263199999998,225.24197667830995,227.44328732169,225.21945248064213,stop,-150.5060555939516,1.34,-151.8460555939516,-1.0295498481921483,98445.09377476508
2021-10-20T16:15:00Z,2021-10-20T16:15:00Z,2021-10-22T15:30:00Z,long,0,78,227.712769,225.82577016934056,229.59976783065946,225.80318759232364,stop,-148.94734979875687,0.78,-149.72734979875688,-1.0172668771636348,98295.36642496631
2021-10-25T15:45:00Z,2021-10-25T15:45:00Z,2021-10-27T13:30:00Z,long,0,60,229.712969,227.26198795324748,232.1639500467525,227.23926175445217,stop,-148.42243473286885,0.6,-149.02243473286885,-1.013352285542425,98146.34399023345
2021-10-28T16:15:00Z,2021-10-28T16:15:00Z,2021-10-29T13:30:00Z,long,0,104,227.12270999999998,225.71772437708245,228.52769562291752,228.50484285335523,target,143.74181674894544,1.04,142.70181674894545,0.9766170065896683,98289.0458069824
2021-11-01T15:30:00Z,2021-11-01T15:30:00Z,2021-11-03T14:45:00Z,long,0,28,232.82328,227.66965701298963,237.9769029870104,237.9531052967117,target,143.63510830792723,0.28,143.35510830792722,0.9934419552256967,98432.40091529032
2021-11-09T15:45:00Z,2021-11-09T15:45:00Z,2021-11-10T17:45:00Z,short,0,83,241.085889,242.8574751721931,239.31430282780693,239.3382342580897,target,145.05534357855572,0.8300000000000001,144.2253435785557,0.9808468643437378,98576.62625886887
2021-11-10T18:30:00Z,2021-11-10T18:30:00Z,2021-11-12T20:45:00Z,short,0,61,238.57614,240.98636161842865,236.16591838157137,239.493947,weekend_close,-55.986226999998905,0.61,-56.596226999998905,-0.3849467587984185,98520.03003186887
2021-11-15T17:30:00Z,2021-11-15T17:30:00Z,2021-11-17T15:00:00Z,short,0,90,237.846213,239.47391612517396,236.21850987482605,236.24213172581352,target,144.36731467678356,0.9,143.46731467678356,0.9793439906408766,98663.49734654566
2021-11-17T16:45:00Z,2021-11-17T16:45:00Z,2021-11-18T15:00:00Z,short,0,60,236.246373,238.681461795134,233.811284204866,233.8346653332865,target,144.70246000281065,0.6,144.10246000281066,0.986291617584054,98807.59980654847
2021-11-18T16:30:00Z,2021-11-18T16:30:00Z,2021-11-19T14:30:00Z,short,0,93,234.89650799999998,236.48808834273646,233.3049276572635,233.32825815002923,target,145.8472360472802,0.93,144.9172360472802,0.9790582404979843,98952.51704259575
2021-11-22T19:00:00Z,2021-11-22T19:00:00Z,2021-11-22T20:00:00Z,short,0,120,232.846713,234.0750454763163,231.6183805236837,234.09845298086393,stop,-150.20879770367173,1.2,-151.40879770367172,-1.027197444659138,98801.10824489208
2021-11-23T16:30:00Z,2021-11-23T16:30:00Z,2021-11-26T14:30:00Z,short,0,41,229.837014,233.43935362754084,226.23467437245918,226.25729783989644,target,146.76836256424647,0.41000000000000003,146.35836256424648,0.9909438112975686,98947.46660745633
2021-11-29T17:00:00Z,2021-11-29T17:00:00Z,2021-11-29T17:45:00Z,short,0,66,222.937704,225.17618198646724,220.69922601353275,225.19869960466588,stop,-149.22570990794804,0.66,-149.88570990794804,-1.0145266642760036,98797.58089754838
2021-12-01T16:45:00Z,2021-12-01T16:45:00Z,2021-12-01T18:00:00Z,long,0,41,222.72226999999998,219.15880821566938,226.28573178433058,219.13689233484783,stop,-147.0004842712382,0.41000000000000003,-147.4104842712382,-1.008956425732386,98650.17041327714
2021-12-06T17:00:00Z,2021-12-06T17:00:00Z,2021-12-06T18:45:00Z,long,0,53,217.62176,214.87517523016146,220.36834476983853,220.34630793536155,target,144.4010405741625,0.53,143.8710405741625,0.9883357561620567,98794.0414538513
2021-12-07T15:30:00Z,2021-12-07T15:30:00Z,2021-12-10T20:45:00Z,long,0,22,224.832481,218.13951667517136,231.52544532482864,219.888009,weekend_close,-108.77838399999979,0.22,-108.99838399999979,-0.7402507707415342,98685.0430698513
2021-12-13T15:45:00Z,2021-12-13T15:45:00Z,2021-12-14T18:45:00Z,short,0,43,216.788319,220.21417164013687,213.36246635986313,213.38380260649913,target,146.39420492053742,0.43,145.9642049205374,0.9908530080164963,98831.00727477184
2021-12-15T16:00:00Z,2021-12-15T16:00:00Z,2021-12-15T19:00:00Z,short,0,43,211.568841,214.96557643978164,208.17210556021834,214.98707299742563,stop,-146.98397588930234,0.43,-147.41397588930235,-1.0092725966453278,98683.59329888254
2021-12-16T19:45:00Z,2021-12-16T19:45:00Z,2021-12-17T15:45:00Z,short,0,45,213.21867600000002,216.4605207061812,209.97683129381883,216.48216675825182,stop,-146.85708412133124,0.45,-147.30708412133123,-1.0097617421372105,98536.2862147612
2021-12-20T16:30:00Z,2021-12-20T16:30:00Z,2021-12-21T14:30:00Z,short,0,22,208.96910100000002,215.54626809557544,202.3919339044246,215.567822722385,stop,-145.17187789246924,0.22,-145.39187789246924,-1.004797601513085,98390.89433686873
2021-12-21T15:45:00Z,2021-12-21T15:45:00Z,2021-12-23T15:45:00Z,long,0,27,216.44164199999997,211.11043363973724,221.7728503602627,221.75067307522667,target,143.34383903112087,0.27,143.07383903112085,0.9939643542586185,98533.96817589985
2021-12-27T17:45:00Z,2021-12-27T17:45:00Z,2021-12-28T14:30:00Z,long,0,110,223.142312,221.80928511949384,224.47533888050617,224.45289134661812,target,144.16372812799239,1.1,143.0637281279924,0.9756587550014487,98677.03190402784
2021-12-28T19:00:00Z,2021-12-28T19:00:00Z,2021-12-28T20:30:00Z,short,0,263,223.117686,223.6784269284324,222.55694507156758,223.70079477112523,stop,-153.35760680593796,2.63,-155.98760680593796,-1.0577233461151423,98521.0442972219
2021-12-29T16:45:00Z,2021-12-29T16:45:00Z,2021-12-29T17:15:00Z,short,0,332,222.837714,223.28185822490818,222.39356977509183,222.41580913206934,target,140.0724161529804,3.3200000000000003,136.7524161529804,0.9274124143251588,98657.79671337489
2021-12-29T19:00:00Z,2021-12-29T19:00:00Z,2021-12-29T19:00:00Z,short,0,1570,222.887709,222.98192554917108,222.79349245082892,223.004223741726,stop,-182.92814450983144,15.700000000000001,-198.62814450983143,-1.3428080612067446,98459.16856886506
2021-12-30T16:45:00Z,2021-12-30T16:45:00Z,2021-12-30T20:45:00Z,long,0,78,224.66246399999997,222.7898629097034,226.53506509029654,222.76758392341245,stop,-147.80064597382705,0.78,-148.58064597382705,-1.0172375133487956,98310.58792289124
2022-01-03T16:45:00Z,2022-01-03T16:45:00Z,2022-01-03T19:30:00Z,long,0,243,223.87238499999998,223.26657777640065,224.4781922235993,224.45574440437696,target,141.75633526360562,2.43,139.3263352636056,0.9464387053202082,98449.91425815484
2022-01-05T15:45:00Z,2022-01-05T15:45:00Z,2022-01-05T15:45:00Z,long,0,655,224.912489,224.68716181328875,225.13781618671123,224.66469309710743,stop,-162.30631639462842,6.55,-168.85631639462844,-1.1440958663498129,98281.05794176021
2022-01-05T18:00:00Z,2022-01-05T18:00:00Z,2022-01-05T19:15:00Z,short,0,78,223.097688,224.98327592957838,221.21210007042163,221.23422128042867,target,145.35040412656411,0.78,144.5704041265641,0.9829648835235038,98425.62834588678
2022-01-10T19:00:00Z,2022-01-10T19:00:00Z,2022-01-10T20:45:00Z,short,0,80,213.08868900000002,214.93241415032946,211.24496384967057,214.9539073917445,stop,-149.21747133955932,0.8,-150.01747133955934,-1.0170813103077845,98275.61087454723
2022-01-11T16:30:00Z,2022-01-11T16:30:00Z,2022-01-11T20:00:00Z,long,0,72,215.681566,213.64835646152076,217.71477553847924,217.6930040609254,target,144.8235403866288,0.72,144.1035403866288,0.9843737318006068,98419.71441493386
2022-01-12T15:30:00Z,2022-01-12T15:30:00Z,2022-01-12T15:45:00Z,long,0,85,217.66176399999998,215.92736304346923,219.39616495653073,215.9057703071649,stop,-149.25946389098272,0.85,-150.1094638909827,-1.0182153591332972,98269.60495104287
2022-01-18T17:00:00Z,2022-01-18T17:00:00Z,2022-01-19T15:15:00Z,short,0,51,209.939004,212.8094254918428,207.06858250815722,207.08928936640802,target,145.3354463131913,0.51,144.82544631319132,0.9893023173293304,98414.43039735606
2022-01-19T15:30:00Z,2022-01-19T15:30:00Z,2022-01-20T20:15:00Z,short,0,39,206.549343,210.25689910099263,202.84178689900736,202.86207107769727,target,143.80360496980637,0.39,143.41360496980639,0.9918317679180101,98557.84400232587
2022-01-26T16:00:00Z,2022-01-26T16:00:00Z,2022-01-26T19:00:00Z,long,0,55,200.860084,198.18356266181908,203.53660533818092,203.5162516776471,target,146.08922227058997,0.55,145.53922227058996,0.9886592869255963,98703.38322459646
2022-01-27T15:30:00Z,2022-01-27T15:30:00Z,2022-01-28T14:30:00Z,short,0,27,195.730425,201.0479966361439,190.4128533638561,190.4318946491925,target,143.06031947180279,0.27,142.79031947180277,0.9945386188802817,98846.17354406827
2022-01-31T16:15:00Z,2022-01-31T16:15:00Z,2022-02-02T14:30:00Z,long,0,23,197.579756,191.39167387019293,203.76783812980707,203.74746134599408,target,141.85722295786383,0.23,141.62722295786384,0.9950910826366265,98987.80076702613
2022-02-02T17:30:00Z,2022-02-02T17:30:00Z,2022-02-02T19:30:00Z,short,0,162,200.89990799999998,201.81418371108603,199.98563228891393,201.83436512945713,stop,-151.3820549720573,1.62,-153.0020549720573,-1.03301128751987,98834.79871205408
2022-02-03T17:30:00Z,2022-02-03T17:30:00Z,2022-02-04T14:30:00Z,short,0,60,198.48015,200.93443117816355,196.02586882183647,196.04547140871864,target,146.08071547688212,0.6,145.48071547688212,0.987938388174283,98980.27942753096
2022-02-07T16:00:00Z,2022-02-07T16:00:00Z,2022-02-07T16:45:00Z,long,0,70,200.110009,198.01202019131668,202.2079978086833,197.99221898929756,stop,-148.2453007491705,0.7000000000000001,-148.94530074917049,-1.0142046525204427,98831.33412678179
2022-02-08T16:45:00Z,2022-02-08T16:45:00Z,2022-02-09T14:30:00Z,long,0,65,201.890187,199.63439908859752,204.14597491140248,204.12556031391134,target,145.29926540423702,0.65,144.649265404237,0.9865170846348625,98975.98339218603
2022-02-10T16:45:00Z,2022-02-10T16:45:00Z,2022-02-10T18:30:00Z,long,0,57,207.740772,205.16593111647654,210.31561288352344,205.1454145233649,stop,-147.93537616819995,0.5700000000000001,-148.50537616819994,-1.0118518364792615,98827.47801601782
2022-02-14T17:00:00Z,2022-02-14T17:00:00Z,2022-02-14T18:15:00Z,short,0,194,202.069791,202.831668587922,201.30791341207802,201.32804420341924,target,143.89887853666943,1.94,141.95887853666943,0.9604519258488783,98969.43689455448
2022-02-14T19:15:00Z,2022-02-14T19:15:00Z,2022-02-15T14:30:00Z,short,0,56,199.740024,202.36496751719656,197.11508048280345,202.38520401394828,stop,-148.13008078110352,0.56,-148.69008078110352,-1.0115189132846614,98820.74681377338
2022-02-15T16:45:00Z,2022-02-15T16:45:00Z,2022-02-17T19:45:00Z,long,0,45,204.700468,201.42001098914548,207.98092501085452,201.39986898804656,stop,-148.52695553790468,0.45,-148.97695553790467,-1.0091883542442968,98671.76985823548
2022-02-22T16:00:00Z,2022-02-22T16:00:00Z,2022-02-22T18:30:00Z,short,0,73,198.570141,200.59396167315882,196.5463203268412,196.56597495887388,target,146.3041210022072,0.73,145.57412100220722,0.9853472037191924,98817.34397923769
2022-02-23T16:45:00Z,2022-02-23T16:45:00Z,2022-02-23T20:30:00Z,short,0,59,195.58044,198.07686234429946,193.08401765570056,193.10332605746612,target,146.14972260949952,0.59,145.55972260949952,0.9882598383913356,98962.90370184719
2022-02-28T16:45:00Z,2022-02-28T16:45:00Z,2022-03-01T16:30:00Z,long,0,37,204.290427,200.2792256706965,208.3016283293035,200.25919774812942,stop,-149.1554823192111,0.37,-149.5254823192111,-1.007486017305514,98813.37821952798
2022-03-01T17:30:00Z,2022-03-01T17:30:00Z,2022-03-02T14:30:00Z,short,0,51,199.38006000000001,202.2348650330634,196.52525496693664,202.2550885195667,stop,-146.62645449790085,0.51,-147.13645449790084,-1.0105868828705546,98666.24176503008
2022-03-02T17:00:00Z,2022-03-02T17:00:00Z,2022-03-04T14:30:00Z,long,0,45,203.50034799999997,200.2132545446267,206.78744145537325,200.19323321917224,stop,-148.82016513724793,0.45,-149.27016513724791,-1.009133091547907,98516.97159989283
2022-03-07T16:45:00Z,2022-03-07T16:45:00Z,2022-03-07T20:00:00Z,short,0,68,196.640334,198.790377210073,194.490290789927,194.509739819006,target,144.88040430759168,0.68,144.20040430759167,0.9863030524498162,98661.17200420042
2022-03-08T19:15:00Z,2022-03-08T19:15:00Z,2022-03-08T19:15:00Z,long,0,865,195.51955,195.34854813237507,195.69055186762495,195.32901327756184,stop,-164.81426490901512,8.65,-173.46426490901513,-1.1727165628273115,98487.7077392914
2022-03-09T16:15:00Z,2022-03-09T16:15:00Z,2022-03-11T20:45:00Z,long,0,41,199.939992,196.39879260410433,203.48119139589565,196.630335,weekend_close,-135.69593699999947,0.41000000000000003,-136.10593699999947,-0.9374385988678169,98351.6018022914
2022-03-14T16:30:00Z,2022-03-14T16:30:00Z,2022-03-16T13:30:00Z,short,0,43,194.290569,197.64962445616482,190.9315135438352,197.66938941861042,stop,-145.28927800024792,0.43,-145.71927800024793,-1.0088611107598653,98205.88252429116
2022-03-16T14:45:00Z,2022-03-16T14:45:00Z,2022-03-18T14:00:00Z,long,0,25,199.729971,193.89289475063882,205.5670472493612,205.54649054463627,target,145.4129886159066,0.25,145.1629886159066,0.9947650667184159,98351.04551290706
2022-03-22T15:45:00Z,2022-03-22T15:45:00Z,2022-03-23T13:30:00Z,long,0,107,206.680666,205.3128839298945,208.0484480701055,205.2923526415015,stop,-148.54952935933878,1.07,-149.61952935933877,-1.022321749246671,98201.42598354773
2022-03-23T15:45:00Z,2022-03-23T15:45:00Z,2022-03-23T16:00:00Z,short,0,637,206.709327,206.94033449927107,206.47831950072893,206.961028532721,stop,-160.33387634327724,6.37,-166.70387634327724,-1.1328702901281593,98034.72210720445
2022-03-23T18:45:00Z,2022-03-23T18:45:00Z,2022-03-24T14:15:00Z,short,0,80,204.639534,206.4733541225388,202.8057138774612,202.82599444884895,target,145.0831640920842,0.8,144.28316409208418,0.9834877090639421,98179.00527129653
2022-03-24T14:30:00Z,2022-03-24T14:30:00Z,2022-03-24T19:45:00Z,short,0,60,203.249673,205.6928288227266,200.8065171772734,205.71339810560886,stop,-147.82350633653152,0.6,-148.42350633653152,-1.012512211705002,98030.58176495999
2022-03-28T16:15:00Z,2022-03-28T16:15:00Z,2022-03-28T19:45:00Z,short,0,66,203.319666,205.54670937807663,201.0926226219234,205.56726404901443,stop,-148.3414712349513,0.66,-149.0014712349513,-1.0137198364605664,97881.58029372504
2022-03-29T14:45:00Z,2022-03-29T14:45:00Z,2022-04-01T19:45:00Z,long,0,25,210.191017,204.4811660422109,215.90086795778907,207.449253,weekend_close,-68.54409999999973,0.25,-68.79409999999973,-0.48193271949527394,97812.78619372504
2022-04-04T16:30:00Z,2022-04-04T16:30:00Z,2022-04-05T13:30:00Z,long,0,147,207.65076299999998,206.6555777418918,208.64594825810818,208.62508366328237,target,143.22513750251048,1.47,141.75513750251048,0.9689860811599221,97954.54133122755
2022-04-05T16:30:00Z,2022-04-05T16:30:00Z,2022-04-06T13:30:00Z,short,0,48,204.39955799999998,207.44712220526782,201.35199379473215,201.37212899411162,target,145.31659228264152,0.48,144.83659228264153,0.9901117097623809,98099.3779235102
2022-04-07T15:00:00Z,2022-04-07T15:00:00Z,2022-04-08T19:45:00Z,short,0,54,198.360162,201.04461088610515,195.67571311389486,197.989797,weekend_close,19.999709999999595,0.54,19.459709999999596,0.13424170669267038,98118.8376335102
2022-04-11T16:00:00Z,2022-04-11T16:00:00Z,2022-04-12T13:30:00Z,short,0,73,196.950303,198.94872371633284,194.95188228366715,198.96861858870446,stop,-147.33703797542614,0.73,-148.06703797542613,-1.014959248634332,97970.77059553476
2022-04-12T15:45:00Z,2022-04-12T15:45:00Z,2022-04-12T18:00:00Z,long,0,48,200.610059,197.59498760336734,203.62513039663267,197.57522810460702,stop,-145.67188297886332,0.48,-146.1518829788633,-1.0098702467853857,97824.6187125559
2022-04-13T16:15:00Z,2022-04-13T16:15:00Z,2022-04-14T13:30:00Z,long,0,85,199.879986,198.16807213855822,201.5918998614418,201.57174067145564,target,143.79914707372947,0.85,142.94914707372948,0.9823827643052407,97967.56785962962
2022-04-14T17:15:00Z,2022-04-14T17:15:00Z,2022-04-14T18:00:00Z,short,0,125,199.29006900000002,200.45994521253652,198.1201927874635,200.47999120705776,stop,-148.7402758822185,1.25,-149.9902758822185,-1.0256830544969324,97817.5775837474
2022-04-18T14:30:00Z,2022-04-18T14:30:00Z,2022-04-19T14:00:00Z,short,0,74,198.040194,200.0126826652674,196.06770533473264,200.03268393353392,stop,-147.44425508150886,0.74,-148.18425508150887,-1.0152098558510396,97669.3933286659
2022-04-19T16:00:00Z,2022-04-19T16:00:00Z,2022-04-21T18:45:00Z,long,0,37,201.940192,198.04142977942269,205.8389542205773,198.02162563644475,stop,-144.986955451544,0.37,-145.356955451544,-1.0076445141539099,97524.03637321436
2022-04-25T14:30:00Z,2022-04-25T14:30:00Z,2022-04-27T14:30:00Z,short,0,34,190.81091700000002,195.07100090372984,186.5508330962702,186.56948817957982,target,144.2085798942867,0.34,143.86857989428668,0.9932735871036398,97667.90495310865
2022-04-27T15:30:00Z,2022-04-27T15:30:00Z,2022-04-28T14:00:00Z,short,0,69,187.741224,189.85765980594968,185.6247881940503,185.6433506728697,target,144.75325957198982,0.6900000000000001,144.06325957198982,0.9865044435842985,97811.96821268064
2022-04-28T14:30:00Z,2022-04-28T14:30:00Z,2022-04-28T16:45:00Z,short,0,45,185.341464,188.59568458775075,182.08724341224925,188.61454415620952,stop,-147.28860702942825,0.45,-147.73860702942824,-1.0088683504023654,97664.22960565121
2022-05-02T16:45:00Z,2022-05-02T16:45:00Z,2022-05-02T17:15:00Z,short,0,83,185.411457,187.1702974191303,183.65261658086973,183.67098184252782,target,144.45943807019177,0.8300000000000001,143.62943807019175,0.9838727485736788,97807.8590437214
2022-05-02T18:00:00Z,2022-05-02T18:00:00Z,2022-05-02T19:45:00Z,short,0,43,183.371661,186.76444056134366,179.97888143865632,186.7831170053998,stop,-146.69260823219136,0.43,-147.12260823219137,-1.0084521978329677,97660.7364354892
2022-05-03T15:15:00Z,2022-05-03T15:15:00Z,2022-05-04T19:00:00Z,long,0,43,188.21882,184.86125009558046,191.57638990441953,191.5572322654291,target,143.55172741345126,0.43,143.12172741345125,0.9913158505048381,97803.85816290266
2022-05-05T16:45:00Z,2022-05-05T16:45:00Z,2022-05-06T19:45:00Z,short,0,33,184.791519,189.22835491193538,180.3546830880646,182.61826,weekend_close,71.71754700000005,0.33,71.38754700000005,0.4875679522383706,97875.24570990267
2022-05-09T14:30:00Z,2022-05-09T14:30:00Z,2022-05-10T16:15:00Z,short,0,25,177.772221,183.57818634535727,171.96625565464274,171.9834522802082,target,144.71921799479475,0.25,144.46921799479475,0.995315744420138,98019.71492789745
2022-05-10T17:00:00Z,2022-05-10T17:00:00Z,2022-05-11T14:15:00Z,short,0,29,172.072791,177.13834552981743,167.00723647018256,177.1560593643704,stop,-147.41478256674193,0.29,-147.70478256674193,-1.0054710366633792,97872.01014533071
2022-05-11T16:00:00Z,2022-05-11T16:00:00Z,2022-05-11T16:15:00Z,long,0,105,176.387637,175.00187928157374,177.7733947184263,174.98437909364557,stop,-147.34208016721624,1.05,-148.39208016721625,-1.019844874441251,97723.6180651635
2022-05-11T18:45:00Z,2022-05-11T18:45:00Z,2022-05-11T19:45:00Z,short,0,57,173.30266799999998,175.83844939997465,170.76688660002532,170.78396328868533,target,143.56616854493532,0.5700000000000001,142.99616854493533,0.9893221518778068,97866.61423370843
2022-05-12T18:45:00Z,2022-05-12T18:45:00Z,2022-05-12T19:45:00Z,short,0,48,169.523046,172.56625272709815,166.47983927290184,172.58350935237084,stop,-146.9022409138006,0.48,-147.3822409138006,-1.0089565473912725,97719.23199279464
2022-05-16T15:45:00Z,2022-05-16T15:45:00Z,2022-05-16T16:00:00Z,long,0,153,177.967795,177.01225525941365,178.92333474058634,178.90544240711228,target,143.46005328817884,1.53,141.93005328817884,0.9708098655771759,97861.16204608281
2022-05-17T15:00:00Z,2022-05-17T15:00:00Z,2022-05-17T17:00:00Z,long,0,67,179.91799,177.7381311872013,182.0978488127987,182.07963902791744,target,144.8304848704681,0.67,144.1604848704681,0.987058893578045,98005.32253095329
2022-05-18T16:30:00Z,2022-05-18T16:30:00Z,2022-05-20T15:15:00Z,short,0,40,177.472251,181.1197605171336,173.8247414828664,173.84212395701468,target,145.20508171941287,0.4,144.80508171941287,0.9924928299653045,98150.1276126727
2022-05-23T15:30:00Z,2022-05-23T15:30:00Z,2022-05-24T14:00:00Z,long,0,36,178.227821,174.22962805926755,182.22601394073246,174.21220509646162,stop,-144.56217252738202,0.36,-144.92217252738203,-1.0068588392837576,98005.20544014532
2022-05-24T15:45:00Z,2022-05-24T15:45:00Z,2022-05-25T14:15:00Z,short,0,35,173.412657,177.5293694317018,169.29594456829818,177.54712236864498,stop,-144.70628790257436,0.35000000000000003,-145.05628790257435,-1.0067415291700847,97860.14915224275
2022-05-25T15:15:00Z,2022-05-25T15:15:00Z,2022-05-26T13:45:00Z,long,0,42,178.107809,174.62102635212875,181.59459164787125,181.57643218870646,target,145.6821739256713,0.42,145.2621739256713,0.9919239419233706,98005.41132616843
2022-06-01T15:30:00Z,2022-06-01T15:30:00Z,2022-06-02T14:00:00Z,short,0,51,182.88171,185.7578029311666,180.0056170688334,185.7763787114597,stop,-147.62810428444476,0.51,-148.13810428444475,-1.0099356248135953,97857.27322188398
2022-06-02T15:15:00Z,2022-06-02T15:15:00Z,2022-06-03T19:45:00Z,long,0,56,186.93869199999997,184.34657133731304,189.5308126626869,187.09128900000002,weekend_close,8.545432000002393,0.56,7.985432000002392,0.055011713788134256,97865.25865388398
2022-06-06T15:45:00Z,2022-06-06T15:45:00Z,2022-06-06T16:15:00Z,long,0,124,188.168815,186.9923203339384,189.34530966606158,186.97362110190502,stop,-148.20404336377635,1.24,-149.44404336377636,-1.0243938479801675,97715.8146105202
2022-06-07T16:30:00Z,2022-06-07T16:30:00Z,2022-06-07T18:00:00Z,long,0,137,188.578856,187.5135364469368,189.6441755530632,189.6252111355079,target,143.3506535645816,1.37,141.9806535645816,0.9728115216959775,97857.79526408478
2022-06-08T18:45:00Z,2022-06-08T18:45:00Z,2022-06-09T13:30:00Z,short,0,72,187.58124,189.60035078199306,185.56212921800696,185.58068543092875,target,144.03992897313037,0.72,143.31992897313037,0.985857035098586,98001.1151930579
2022-06-09T14:30:00Z,2022-06-09T14:30:00Z,2022-06-09T19:00:00Z,short,0,75,186.761322,188.71417443349438,184.80846956650564,184.82695041346227,target,145.07786899033022,0.75,144.32786899033022,0.9854157710699768,98145.44306204823
2022-06-13T15:00:00Z,2022-06-13T15:00:00Z,2022-06-17T19:45:00Z,short,0,14,169.923006,179.81876503279625,160.02724696720372,165.196518,weekend_close,66.17083199999985,0.14,66.03083199999985,0.47661710277794045,98211.47389404823
2022-06-21T14:30:00Z,2022-06-21T14:30:00Z,2022-06-22T13:30:00Z,long,0,40,169.046903,165.40105514878772,172.69275085121225,165.38451504327284,stop,-146.49551826908578,0.4,-146.89551826908578,-1.0072795428108865,98064.57837577915
2022-06-23T18:15:00Z,2022-06-23T18:15:00Z,2022-06-23T18:30:00Z,short,0,166,167.573241,168.4561424582507,166.6903395417493,168.47298807249652,stop,-149.35801403442298,1.6600000000000001,-151.01801403442298,-1.030406127427871,97913.56036174473
2022-06-27T14:30:00Z,2022-06-27T14:30:00Z,2022-06-27T14:30:00Z,long,0,108,174.447443,173.09231991004748,175.8025660899525,175.7849858333435,target,144.4546260011001,1.08,143.3746260011001,0.979647415933293,98056.93498774583
2022-06-27T15:45:00Z,2022-06-27T15:45:00Z,2022-06-28T17:00:00Z,long,0,45,176.827681,173.6067185530333,180.04864344696674,173.589357881178,stop,-145.72454034699106,0.45,-146.17454034699105,-1.0084945640645597,97910.76044739883
2022-06-28T17:30:00Z,2022-06-28T17:30:00Z,2022-06-29T13:30:00Z,short,0,59,173.72262600000002,176.21035627930837,171.23489572069167,171.25201921026374,target,145.76580059444052,0.59,145.17580059444052,0.9890970939262705,98055.93624799328
2022-06-29T14:30:00Z,2022-06-29T14:30:00Z,2022-07-01T19:45:00Z,short,0,35,170.31296700000001,174.4667288719964,166.15920512800363,171.49714799999998,weekend_close,-41.44633499999884,0.35000000000000003,-41.79633499999884,-0.28749385179030973,98014.13991299328
2022-07-05T16:00:00Z,2022-07-05T16:00:00Z,2022-07-05T16:15:00Z,short,0,325,169.413057,169.86466914962676,168.96144485037325,169.88165561654174,stop,-152.294550376061,3.25,-155.544550376061,-1.0597558478824702,97858.59536261723
2022-07-05T18:30:00Z,2022-07-05T18:30:00Z,2022-07-05T19:45:00Z,long,0,82,170.93709199999998,169.16461192622134,172.70957207377862,172.69230111657123,target,143.9271475588426,0.8200000000000001,143.1071475588426,0.9846142376375212,98001.70251017607
2022-07-11T15:45:00Z,2022-07-11T15:45:00Z,2022-07-13T13:30:00Z,short,0,50,172.422756,175.35992613769594,169.48558586230405,169.50253442089027,target,146.01107895548608,0.5,145.51107895548608,0.9908249923147586,98147.21358913156
2022-07-13T14:30:00Z,2022-07-13T14:30:00Z,2022-07-14T14:00:00Z,short,0,59,170.262972,172.74925802153592,167.77668597846406,167.7934636470619,target,145.7009928233466,0.59,145.1109928233466,0.9892298519293803,98292.3245819549
2022-07-14T15:30:00Z,2022-07-14T15:30:00Z,2022-07-15T13:30:00Z,short,0,37,167.793219,171.69295733034681,163.89348066965317,171.71012662607984,stop,-144.92558216495436,0.37,-145.29558216495437,-1.006966953531626,98147.02899978995
2022-07-18T14:30:00Z,2022-07-18T14:30:00Z,2022-07-20T13:30:00Z,long,0,38,175.69756800000002,171.86561922586174,179.5295167741383,179.5115638224609,target,144.93184125351297,0.38,144.55184125351298,0.9927052908780856,98291.58084104347
2022-07-20T14:45:00Z,2022-07-20T14:45:00Z,2022-07-22T19:45:00Z,long,0,41,180.888087,177.30524553498623,184.4709284650138,179.542044,weekend_close,-55.18776300000036,0.41000000000000003,-55.597763000000356,-0.37848255727798186,98235.98307804347
2022-07-25T16:30:00Z,2022-07-25T16:30:00Z,2022-07-25T17:00:00Z,long,0,214,180.19801800000002,179.51096471757398,180.88507128242605,180.8669827752978,target,143.15846191372503,2.14,141.01846191372505,0.9591174253195153,98377.0015399572
2022-07-26T14:30:00Z,2022-07-26T14:30:00Z,2022-07-26T18:00:00Z,short,0,127,178.9821,180.13777135138164,177.82642864861836,180.15578512851678,stop,-149.05801132163108,1.27,-150.3280113216311,-1.0242402626851024,98226.67352863557
2022-07-27T15:45:00Z,2022-07-27T15:45:00Z,2022-07-27T18:30:00Z,long,0,102,180.948093,179.513008986167,182.383177013833,182.36493869613162,target,144.5182610054249,1.02,143.4982610054249,0.9803228818458046,98370.171789641
2022-07-28T16:30:00Z,2022-07-28T16:30:00Z,2022-07-29T19:45:00Z,long,0,48,185.0185,181.96916515075455,188.06783484924543,187.18128,weekend_close,103.8134399999999,0.48,103.3334399999999,0.7059834706354747,98473.505229641
2022-08-01T17:00:00Z,2022-08-01T17:00:00Z,2022-08-02T13:30:00Z,long,0,79,188.09880800000002,186.25135537823706,189.94626062176297,186.23273024269923,stop,-147.42014282676212,0.79,-148.2101428267621,-1.0154943813988127,98325.29508681424
2022-08-02T17:00:00Z,2022-08-02T17:00:00Z,2022-08-02T19:45:00Z,long,0,79,188.848883,186.99669489850774,190.70107110149226,186.9779952290179,stop,-147.80013390758654,0.79,-148.59013390758653,-1.0154950080214453,98176.70495290664
2022-08-03T15:00:00Z,2022-08-03T15:00:00Z,2022-08-03T15:30:00Z,long,0,258,188.168815,187.59945856199627,188.73817143800372,188.71929762085992,target,142.0245161818604,2.58,139.4445161818604,0.9492869225383024,98316.1494690885
2022-08-03T15:45:00Z,2022-08-03T15:45:00Z,2022-08-03T17:45:00Z,long,0,123,188.828881,187.63793925821713,190.01982274178286,190.00082075950868,target,144.14859041956873,1.23,142.91859041956874,0.9756478581137316,98459.06805950806
2022-08-04T17:00:00Z,2022-08-04T17:00:00Z,2022-08-04T17:00:00Z,short,0,424,189.021096,189.36916522401054,188.67302677598946,189.38810214053294,stop,-155.610603585965,4.24,-159.85060358596502,-1.0831355216901213,98299.2174559221
2022-08-09T16:00:00Z,2022-08-09T16:00:00Z,2022-08-10T13:30:00Z,short,0,57,189.78102,192.34698092047012,187.2150590795299,192.36621561856217,stop,-147.35615025804273,0.5700000000000001,-147.92615025804272,-1.0113932748775818,98151.29130566405
2022-08-10T15:45:00Z,2022-08-10T15:45:00Z,2022-08-11T14:30:00Z,long,0,32,194.799478,190.33374844124788,199.2652075587521,199.24528103799625,target,142.2656972158802,0.32,141.94569721588022,0.9932986267166116,98293.23700287993
2022-08-15T17:45:00Z,2022-08-15T17:45:00Z,2022-08-16T14:30:00Z,long,0,139,200.12000999999998,199.06315403090827,201.1768659690917,199.04324771550517,stop,-149.6699575447779,1.3900000000000001,-151.0599575447779,-1.0282974371889038,98142.17704533515
2022-08-16T17:45:00Z,2022-08-16T17:45:00Z,2022-08-17T13:30:00Z,long,0,104,201.390137,199.98635409419435,202.79391990580567,199.96635545878493,stop,-148.07328028636812,1.04,-149.1132802863681,-1.0213698537611164,97993.06376504878
2022-08-17T15:00:00Z,2022-08-17T15:00:00Z,2022-08-19T19:45:00Z,short,0,38,197.070291,200.85217145972968,193.28841054027032,194.649463,weekend_close,91.99146400000001,0.38,91.61146400000001,0.6374680600487098,98084.67522904878
2022-08-22T14:30:00Z,2022-08-22T14:30:00Z,2022-08-26T19:45:00Z,short,0,31,190.85091300000002,195.51912200401958,186.18270399598046,188.87888600000002,weekend_close,61.13283699999991,0.31,60.82283699999991,0.42029544913490263,98145.49806604878
2022-08-30T18:15:00Z,2022-08-30T18:15:00Z,2022-09-01T13:30:00Z,short,0,66,184.41155700000002,186.63980166221404,182.183312337786,182.20153066901977,target,145.86173784469594,0.66,145.20173784469594,0.9873360714322348,98290.69980389347
2022-09-01T14:30:00Z,2022-09-01T14:30:00Z,2022-09-02T19:45:00Z,short,0,37,180.321966,184.27760538874668,176.36632661125333,180.108009,weekend_close,7.91640899999976,0.37,7.54640899999976,0.05156107014714915,98298.24621289347
2022-09-06T18:00:00Z,2022-09-06T18:00:00Z,2022-09-07T16:30:00Z,short,0,88,178.35216300000002,180.0124794288983,176.69184657110173,180.0304806768412,stop,-147.6919555620234,0.88,-148.5719555620234,-1.016865006847804,98149.67425733146
2022-09-07T18:00:00Z,2022-09-07T18:00:00Z,2022-09-08T14:30:00Z,long,0,85,180.83808199999999,179.110601986136,182.56556201386397,182.5473054576626,target,145.28399390132122,0.85,144.43399390132123,0.983642904129365,98294.10825123277
2022-09-08T15:45:00Z,2022-09-08T15:45:00Z,2022-09-09T13:30:00Z,long,0,57,183.098308,180.52874659578154,185.66786940421846,185.64930261727804,target,145.40669318484805,0.5700000000000001,144.83669318484806,0.9888826214102037,98438.94494441761
2022-09-12T14:30:00Z,2022-09-12T14:30:00Z,2022-09-13T13:30:00Z,long,0,45,189.468945,186.197202219601,192.74068778039899,186.17858249937905,stop,-148.06631252794247,0.45,-148.51631252794246,-1.0087475459236617,98290.42863188968
2022-09-13T15:45:00Z,2022-09-13T15:45:00Z,2022-09-16T13:30:00Z,short,0,30,183.68162999999998,188.58317524447742,178.78008475552255,178.7979627639981,target,146.5100170800565,0.3,146.2100170800565,0.9943124041327662,98436.63864896973
2022-09-19T16:15:00Z,2022-09-19T16:15:00Z,2022-09-19T16:30:00Z,long,0,352,178.887887,178.469587850937,179.30618614906302,179.2882555304481,target,140.92972271773306,3.52,137.40972271773305,0.9332281247105664,98574.04837168746
2022-09-19T18:00:00Z,2022-09-19T18:00:00Z,2022-09-19T19:00:00Z,long,0,174,179.547953,178.69958166579468,180.39632433420533,180.37828470177192,target,144.4777161083125,1.74,142.7377161083125,0.9669488686110794,98716.78608779577
2022-09-20T16:00:00Z,2022-09-20T16:00:00Z,2022-09-20T16:30:00Z,short,0,233,178.722126,179.3558472902059,178.0884047097941,178.1062135502651,target,143.5076007882333,2.33,141.1776007882333,0.9561181849169752,98857.963688584
2022-09-20T17:45:00Z,2022-09-20T17:45:00Z,2022-09-21T13:30:00Z,short,0,96,177.28227,178.81938185649,175.74515814351003,178.83726379467564,stop,-149.27940428885995,0.96,-150.23940428885996,-1.0181391731954417,98707.72428429514
2022-09-21T15:15:00Z,2022-09-21T15:15:00Z,2022-09-21T18:00:00Z,long,0,95,179.467945,177.91762427750967,181.0182657224903,177.89983251508193,stop,-148.97068606721575,0.9500000000000001,-149.92068606721574,-1.0179264600057114,98557.80359822793
2022-09-22T14:30:00Z,2022-09-22T14:30:00Z,2022-09-23T16:00:00Z,short,0,22,172.56274200000001,179.0006797452795,166.12480425472052,166.14141673514598,target,141.26915582678873,0.22,141.04915582678873,0.9958663035465078,98698.85275405471
2022-09-26T17:15:00Z,2022-09-26T17:15:00Z,2022-09-27T13:30:00Z,short,0,42,163.843614,167.33446679581547,160.35276120418453,167.35120024249505,stop,-147.31862218479216,0.42,-147.73862218479215,-1.007658142076809,98551.11413186991
2022-09-27T15:45:00Z,2022-09-27T15:45:00Z,2022-09-27T15:45:00Z,long,0,253,165.846583,165.26309042067479,166.43007557932523,165.24656411163272,stop,-151.80477875692378,2.5300000000000002,-154.33477875692378,-1.0454612620313697,98396.77935311299
2022-09-27T18:00:00Z,2022-09-27T18:00:00Z,2022-09-28T13:30:00Z,short,0,65,163.733625,166.00173070569016,161.46551929430981,166.01833087876074,stop,-148.50588211944853,0.65,-149.15588211944853,-1.0117279247628705,98247.62347099354
2022-09-28T15:45:00Z,2022-09-28T15:45:00Z,2022-09-29T14:00:00Z,long,0,40,168.306829,164.69601847035304,171.91763952964695,164.679548868506,stop,-145.0912052597596,0.4,-145.4912052597596,-1.0073306537769577,98102.13226573377
2022-09-29T16:00:00Z,2022-09-29T16:00:00Z,2022-09-30T14:30:00Z,short,0,56,165.85341300000002,168.43675534650347,163.27007065349656,168.45359902203813,stop,-145.6104172341345,0.56,-146.1704172341345,-1.010391063952864,97955.96184849963
2022-10-03T16:15:00Z,2022-10-03T16:15:00Z,2022-10-04T13:30:00Z,long,0,80,168.61686,166.78640016150712,170.4473198384929,170.43027510650904,target,145.07320852072326,0.8,144.27320852072324,0.9852251705199323,98100.23505702036
2022-10-04T14:30:00Z,2022-10-04T14:30:00Z,2022-10-07T19:15:00Z,long,0,25,174.327431,168.46338862791356,180.19147337208642,168.44654228905077,stop,-147.02221777373055,0.25,-147.27221777373055,-1.004578128389826,97952.96283924663
2022-10-10T16:00:00Z,2022-10-10T16:00:00Z,2022-10-10T17:00:00Z,short,0,98,168.19317900000001,169.69206694623867,166.69429105376136,166.71096048286674,target,145.25741467906107,0.98,144.27741467906108,0.9822071895552286,98097.24025392569
2022-10-10T17:30:00Z,2022-10-10T17:30:00Z,2022-10-10T17:45:00Z,short,0,82,167.303268,169.09094544070885,165.51559055929116,169.10785453525293,stop,-147.9760958907397,0.8200000000000001,-148.7960958907397,-1.015052544676855,97948.44415803495
2022-10-11T15:00:00Z,2022-10-11T15:00:00Z,2022-10-11T15:30:00Z,short,0,93,166.72332600000001,168.2907044244426,165.15594757555743,168.30753349488504,stop,-147.33129702430696,0.93,-148.26129702430697,-1.017117162022938,97800.18286101065
2022-10-11T17:45:00Z,2022-10-11T17:45:00Z,2022-10-11T18:45:00Z,long,0,82,169.196918,167.42898813943972,170.9648478605603,167.4122452406258,stop,-146.34316626868582,0.8200000000000001,-147.1631662686858,-1.0151266740895792,97653.01969474196
2022-10-12T14:30:00Z,2022-10-12T14:30:00Z,2022-10-13T13:30:00Z,short,0,63,166.203378,168.50444189284946,163.90231410715052,163.91870433856124,target,143.93444067064095,0.63,143.30444067064096,0.9885312913332255,97796.32413541261
2022-10-13T17:30:00Z,2022-10-13T17:30:00Z,2022-10-14T19:45:00Z,long,0,30,171.447143,166.59337852117554,176.30090747882448,166.863312,weekend_close,-137.5149300000001,0.3,-137.81493000000012,-0.9464470350882327,97658.50920541261
2022-10-17T15:45:00Z,2022-10-17T15:45:00Z,2022-10-18T13:30:00Z,long,0,37,172.30722899999998,168.42702004509107,176.1874379549089,176.1698192111134,target,142.91583781119684,0.37,142.54583781119683,0.9928821503902412,97801.05504322381
2022-10-19T15:15:00Z,2022-10-19T15:15:00Z,2022-10-19T16:30:00Z,short,0,86,172.04279400000001,173.74495013829647,170.34063786170356,170.3576719254897,target,144.9204984078861,0.86,144.0604984078861,0.9841177532554611,97945.11554163169
2022-10-20T16:00:00Z,2022-10-20T16:00:00Z,2022-10-20T16:15:00Z,long,0,148,172.107209,171.12041826571092,173.0939997342891,171.10330622388435,stop,-148.57761086511857,1.48,-150.05761086511856,-1.02747496595224,97795.05793076658
2022-10-20T18:30:00Z,2022-10-20T18:30:00Z,2022-10-21T16:45:00Z,short,0,43,168.523146,171.91548448283712,165.13080751716288,171.9326760312854,stop,-146.60979134527278,0.43,-147.0397913452728,-1.0080155764484782,97648.0181394213
2022-10-24T16:45:00Z,2022-10-24T16:45:00Z,2022-10-25T13:30:00Z,long,0,85,173.487347,171.766830201408,175.207863798592,175.19034301221214,target,144.75466103803186,0.85,143.90466103803186,0.9840043489244722,97791.92280045933
2022-10-26T14:30:00Z,2022-10-26T14:30:00Z,2022-10-28T19:45:00Z,long,0,39,180.578056,176.88905522878952,184.2670567712105,183.141684,weekend_close,99.98149199999978,0.39,99.59149199999977,0.6922275592699487,97891.51429245934
2022-10-31T16:15:00Z,2022-10-31T16:15:00Z,2022-11-02T13:30:00Z,long,0,80,183.81838000000002,182.00191894150453,185.6348410584955,181.98371874961038,stop,-146.7729000311715,0.8,-147.5729000311715,-1.0155247984878408,97743.94139242817
2022-11-02T15:00:00Z,2022-11-02T15:00:00Z,2022-11-02T18:00:00Z,short,0,64,181.791819,184.0796938477073,179.50394415229272,184.09810181709207,stop,-147.60210029389236,0.64,-148.24210029389235,-1.012416749724422,97595.69929213428
2022-11-03T14:45:00Z,2022-11-03T14:45:00Z,2022-11-04T19:45:00Z,short,0,27,176.80231799999999,182.13122457587303,171.47341142412694,178.737872,weekend_close,-52.259958000000665,0.27,-52.52995800000067,-0.3650944095752475,97543.16933413428
2022-11-07T15:45:00Z,2022-11-07T15:45:00Z,2022-11-07T19:15:00Z,long,0,116,178.187817,176.93091513774831,179.44471886225168,179.42677439036547,target,143.7190572823946,1.16,142.5590572823946,0.9777671807756344,97685.72839141668
2022-11-08T16:45:00Z,2022-11-08T16:45:00Z,2022-11-08T18:30:00Z,long,0,49,181.838182,178.90340029132457,184.7729637086754,178.88550995129543,stop,-144.68093038652327,0.49,-145.17093038652328,-1.0095033780354752,97540.55746103016
2022-11-09T16:00:00Z,2022-11-09T16:00:00Z,2022-11-10T14:30:00Z,short,0,52,176.93230499999999,179.70614433334273,174.15846566665724,179.72411494777606,stop,-145.17411728435582,0.52,-145.69411728435583,-1.01008371829511,97394.8633437458
2022-11-10T16:45:00Z,2022-11-10T16:45:00Z,2022-11-11T20:45:00Z,long,0,17,184.928491,176.785762006276,193.07121999372401,186.891309,weekend_close,33.36790599999998,0.17,33.197905999999975,0.23982352863580864,97428.0612497458
2022-11-14T17:45:00Z,2022-11-14T17:45:00Z,2022-11-14T17:45:00Z,short,0,1101,186.38136,186.51402227754178,186.24869772245822,186.53267367976954,stop,-166.59636142626772,11.01,-177.6063614262677,-1.2159724886280248,97250.45488831954
2022-11-15T16:45:00Z,2022-11-15T16:45:00Z,2022-11-15T18:30:00Z,long,0,56,189.048903,186.4749719648426,191.62283403515738,186.45632446764614,stop,-145.18439781181587,0.56,-145.74439781181587,-1.0111298619913167,97104.71049050773
2022-11-16T16:45:00Z,2022-11-16T16:45:00Z,2022-11-17T14:30:00Z,short,0,44,184.441554,187.72700353498698,181.15610446501302,181.17422007545952,target,143.76269267978114,0.44,143.32269267978114,0.9914423855405188,97248.03318318751
2022-11-17T15:30:00Z,2022-11-17T15:30:00Z,2022-11-18T14:30:00Z,short,0,41,181.65183299999998,185.14366995903234,178.15999604096763,185.16218432602824,stop,-143.92440436715853,0.41000000000000003,-144.33440436715853,-1.0081660075571808,97103.69877882036
2022-11-21T17:00:00Z,2022-11-21T17:00:00Z,2022-11-22T14:30:00Z,short,0,86,181.51184700000002,183.20090281489996,179.82279118510007,183.21922290518145,stop,-146.83432784560353,0.86,-147.69432784560354,-1.0167668173139497,96956.00445097475
2022-11-22T16:45:00Z,2022-11-22T16:45:00Z,2022-11-22T20:00:00Z,long,0,187,183.238322,182.46080735802565,184.01583664197437,183.99743505831017,target,141.9541419040005,1.87,140.0841419040005,0.9634713198556885,97096.08859287875
2022-11-28T16:45:00Z,2022-11-28T16:45:00Z,2022-11-28T20:00:00Z,short,0,77,183.601638,185.47414965940806,181.72912634059196,181.74729925322603,target,142.78408350159617,0.77,142.01408350159616,0.9849544794594349,97238.10267638034
2022-11-30T15:45:00Z,2022-11-30T15:45:00Z,2022-11-30T17:15:00Z,short,0,154,181.78182,182.72544160411513,180.8381983958849,180.85628221572446,target,142.53281877843438,1.54,140.99281877843438,0.9702382610602581,97379.09549515878
2022-11-30T18:15:00Z,2022-11-30T18:15:00Z,2022-11-30T18:30:00Z,short,0,219,181.641834,182.30864696340484,180.97502103659514,182.32687782810117,stop,-150.02459835415976,2.19,-152.21459835415976,-1.0423370063955921,97226.88089680462
2022-12-05T17:00:00Z,2022-12-05T17:00:00Z,2022-12-09T14:30:00Z,short,0,35,183.131685,187.24505065851224,179.01831934148777,179.03622117342192,target,143.3412339302329,0.35000000000000003,142.9912339302329,0.993216787844666,97369.87213073486
2022-12-12T18:15:00Z,2022-12-12T18:15:00Z,2022-12-12T18:45:00Z,long,0,353,179.897988,179.48493088003238,180.31104511996762,180.2930140154556,target,139.4441834558315,3.5300000000000002,135.9141834558315,0.9321374619708711,97505.78631419069
2022-12-14T16:45:00Z,2022-12-14T16:45:00Z,2022-12-14T19:00:00Z,long,0,140,182.498248,181.45663565359538,183.5398603464046,181.43848999003004,stop,-148.36612139579358,1.4000000000000001,-149.7661213957936,-1.0270212461118582,97356.0201927949
2022-12-19T17:15:00Z,2022-12-19T17:15:00Z,2022-12-19T18:30:00Z,short,0,157,173.072691,174.00120149582875,172.14418050417123,172.16139492222166,target,143.07348421119804,1.57,141.50348421119804,0.9706902418737462,97497.52367700609
2022-12-19T19:30:00Z,2022-12-19T19:30:00Z,2022-12-20T15:30:00Z,short,0,81,171.81281700000002,173.60036536510646,170.0252686348936,173.61772540164296,stop,-146.1975805330776,0.81,-147.0075805330776,-1.0153059000084022,97350.51609647302
2022-12-20T17:30:00Z,2022-12-20T17:30:00Z,2022-12-21T14:30:00Z,long,0,199,173.20731899999998,172.4743863518964,173.94025164810355,173.92285762293875,target,142.39218596481442,1.99,140.4021859648144,0.9626240893543416,97490.91828243784
2022-12-21T16:30:00Z,2022-12-21T16:30:00Z,2022-12-22T14:30:00Z,long,0,40,176.68766699999998,173.1151102157659,180.26022378423406,173.09779870474432,stop,-143.59473181022622,0.4,-143.99473181022623,-1.0076448080943323,97346.92355062762
2022-12-22T16:30:00Z,2022-12-22T16:30:00Z,2022-12-23T20:45:00Z,short,0,46,172.56274200000001,175.69465294775262,169.4308310522474,174.397438,weekend_close,-84.39601599999907,0.46,-84.85601599999906,-0.5890001442485769,97262.06753462761
2022-12-27T17:00:00Z,2022-12-27T17:00:00Z,2022-12-27T17:30:00Z,long,0,391,173.96739499999998,173.5945382731732,174.34025172682675,173.5771788193459,stop,-152.57452663574486,3.91,-156.48452663574486,-1.0733779273882382,97105.58300799187
2022-12-28T16:45:00Z,2022-12-28T16:45:00Z,2022-12-29T15:00:00Z,short,0,74,171.522846,173.47178284761094,169.57390915238904,173.4891300258957,stop,-145.50501791628204,0.74,-146.24501791628205,-1.0140318442428107,96959.33799007558
2022-12-29T17:00:00Z,2022-12-29T17:00:00Z,2022-12-30T20:45:00Z,long,0,41,175.157514,171.64072843196115,178.67429956803883,174.342564,weekend_close,-33.412949999999256,0.41000000000000003,-33.82294999999925,-0.2345750072160415,96925.51504007558
2023-01-03T18:45:00Z,2023-01-03T18:45:00Z,2023-01-03T19:30:00Z,short,0,127,173.052693,174.1966908809704,171.9086951190296,171.9258859885415,target,143.10449045523077,1.27,141.83449045523076,0.97623171339371,97067.34953053082
2023-01-04T16:45:00Z,2023-01-04T16:45:00Z,2023-01-05T14:30:00Z,long,0,47,176.43764199999998,173.38208418754616,179.4931998124538,173.3647459791274,stop,-144.4261129810111,0.47000000000000003,-144.8961129810111,-1.0089470434194778,96922.45341754981
2023-01-05T16:30:00Z,2023-01-05T16:30:00Z,2023-01-06T14:30:00Z,short,0,64,173.262672,175.51068271304538,171.01466128695463,175.5282337813167,stop,-144.99595400426733,0.64,-145.63595400426732,-1.012255754882048,96776.81746354555
2023-01-09T15:45:00Z,2023-01-09T15:45:00Z,2023-01-11T14:45:00Z,long,0,53,179.357934,176.65845362276337,182.05741437723663,182.0392086357989,target,142.1075556973417,0.53,141.5775556973417,0.9895514182375355,96918.39501924289
2023-01-11T15:30:00Z,2023-01-11T15:30:00Z,2023-01-12T17:15:00Z,long,0,50,182.178216,179.27298494409357,185.08344705590642,185.06493871120082,target,144.3361355600416,0.5,143.8361355600416,0.990187236692367,97062.23115480292
2023-01-17T19:45:00Z,2023-01-17T19:45:00Z,2023-01-17T19:45:00Z,long,0,661,186.748673,186.5286446389247,186.9687013610753,186.50999177446081,stop,-157.7682900813991,6.61,-164.37829008139911,-1.130223505387487,96897.85286472153
2023-01-18T15:45:00Z,2023-01-18T15:45:00Z,2023-01-18T16:00:00Z,long,0,154,187.508749,186.56518642129754,188.45231157870245,186.5465299026554,stop,-148.18174099106636,1.54,-149.72174099106635,-1.0303705544167925,96748.13112373046
2023-01-18T18:30:00Z,2023-01-18T18:30:00Z,2023-01-19T14:30:00Z,short,0,67,185.00149800000003,187.15261157588145,182.8503844241186,182.868669462561,target,142.89951200841466,0.67,142.22951200841467,0.9868509786003233,96890.36063573888
2023-01-23T19:15:00Z,2023-01-23T19:15:00Z,2023-01-25T14:30:00Z,long,0,67,187.53875200000002,185.38061245500637,189.69689154499366,185.36207439376088,stop,-145.8373996180223,0.67,-146.50739961802228,-1.0132234550410304,96743.85323612085
2023-01-25T16:30:00Z,2023-01-25T16:30:00Z,2023-01-25T20:00:00Z,short,0,83,185.521446,187.26830962587874,183.77458237412125,187.28703645684132,stop,-146.54400791782984,0.8300000000000001,-147.37400791782986,-1.0164448045840597,96596.47922820302
2023-01-26T19:00:00Z,2023-01-26T19:00:00Z,2023-01-26T20:45:00Z,long,0,222,187.488747,186.8363809342563,188.14111306574367,188.1222989544371,target,140.64853388503832,2.22,138.42853388503832,0.9558313762477497,96734.90776208806
2023-01-30T17:00:00Z,2023-01-30T17:00:00Z,2023-01-30T20:15:00Z,short,0,152,188.221176,189.1735452131349,187.26880678686513,187.2875336675438,target,141.9136345333427,1.52,140.3936345333427,0.9698364034846052,96875.3013966214
2023-01-31T17:15:00Z,2023-01-31T17:15:00Z,2023-02-01T19:30:00Z,long,0,61,190.359034,187.99745829852446,192.72060970147555,192.70133764050541,target,142.88052207082978,0.61,142.27052207082977,0.9876048601991252,97017.57191869224
2023-02-06T15:30:00Z,2023-02-06T15:30:00Z,2023-02-09T20:00:00Z,short,0,39,193.890609,197.53146938208096,190.24974861791907,190.26877359278086,target,141.25158088154691,0.39,140.86158088154693,0.992027990140835,97158.43349957379
2023-02-13T16:15:00Z,2023-02-13T16:15:00Z,2023-02-14T14:30:00Z,long,0,88,191.759174,190.10849200207912,193.40985599792089,190.0894811528789,stop,-146.93297054665663,0.88,-147.81297054665663,-1.0175750685091098,97010.62052902713
2023-02-15T18:00:00Z,2023-02-15T18:00:00Z,2023-02-15T18:45:00Z,long,0,151,192.91929,191.95809926486942,193.88048073513056,193.86109268705704,target,142.21220574561434,1.51,140.70220574561435,0.9694253731341564,97151.32273477275
2023-02-15T19:15:00Z,2023-02-15T19:15:00Z,2023-02-16T14:30:00Z,long,0,72,194.28942700000002,192.27173676623218,196.30711723376785,192.25250959255555,stop,-146.65805333600133,0.72,-147.37805333600133,-1.014485461240523,97003.94468143675
2023-02-16T18:00:00Z,2023-02-16T18:00:00Z,2023-02-16T20:15:00Z,long,0,116,194.359434,193.11136769470923,195.60750030529076,193.09205655793977,stop,-147.01578327898585,1.16,-148.17578327898585,-1.0234852400431012,96855.76889815777
2023-02-21T16:45:00Z,2023-02-21T16:45:00Z,2023-02-24T20:45:00Z,short,0,34,188.391159,192.59946383794562,184.18285416205435,187.51875,weekend_close,29.661905999999192,0.34,29.321905999999192,0.2049302589070468,96885.09080415776
2023-02-27T16:00:00Z,2023-02-27T16:00:00Z,2023-03-02T14:30:00Z,long,0,75,189.008899,187.08712471703535,190.93067328296468,187.06841600456366,stop,-145.53622465772662,0.75,-146.28622465772662,-1.0149386495210064,96738.80457950004
2023-03-02T15:30:00Z,2023-03-02T15:30:00Z,2023-03-02T19:00:00Z,short,0,123,187.22127600000002,188.39360210107412,186.0489498989259,188.41244146128423,stop,-146.51335173795835,1.23,-147.74335173795833,-1.0246001178201913,96591.06122776208
2023-03-06T18:15:00Z,2023-03-06T18:15:00Z,2023-03-07T18:00:00Z,short,0,75,188.94110400000002,190.8495553482318,187.03265265176825,187.05135591703342,target,141.73110622249538,0.75,140.98110622249538,0.9849599177407546,96732.04233398457
2023-03-07T19:30:00Z,2023-03-07T19:30:00Z,2023-03-09T17:00:00Z,short,0,77,186.48135,188.35527658283956,184.60742341716042,184.62588415950214,target,142.87086971833497,0.77,142.10086971833496,0.9848122425913882,96874.1432037029
2023-03-09T17:45:00Z,2023-03-09T17:45:00Z,2023-03-09T19:45:00Z,short,0,77,184.341564,186.21540314701545,182.46772485298456,182.48597162546986,target,142.88061283882132,0.77,142.1106128388213,0.9849257218634329,97016.25381654172
2023-03-13T14:30:00Z,2023-03-13T14:30:00Z,2023-03-14T13:30:00Z,short,0,25,172.322766,178.11031746591024,166.53521453408976,178.12812849765683,stop,-145.13406244142075,0.25,-145.38406244142075,-1.0048053191250914,96870.8697541003
2023-03-14T15:45:00Z,2023-03-14T15:45:00Z,2023-03-14T19:00:00Z,long,0,37,178.61785999999998,174.75844917319623,182.47727082680373,174.7409733282789,stop,-143.44480685368,0.37,-143.81480685368,-1.0071191811782534,96727.05494724662
2023-03-15T17:30:00Z,2023-03-15T17:30:00Z,2023-03-16T14:45:00Z,short,0,57,172.092789,174.61220989960466,169.57336810039536,174.62967112059462,stop,-144.60228087389288,0.5700000000000001,-145.17228087389287,-1.0108998147130823,96581.88266637272
2023-03-16T17:15:00Z,2023-03-16T17:15:00Z,2023-03-17T14:15:00Z,long,0,34,176.81768,172.57922076640588,181.0561392335941,172.56196284432923,stop,-144.69438329280604,0.34,-145.03438329280604,-1.006431092190437,96436.84828307992
2023-03-20T16:00:00Z,2023-03-20T16:00:00Z,2023-03-21T13:30:00Z,long,0,85,173.937392,172.2488515621309,175.62593243786907,175.6083698446253,target,142.03311679315036,0.85,141.18311679315036,0.9836766756509754,96578.03139987307
2023-03-21T15:30:00Z,2023-03-21T15:30:00Z,2023-03-22T19:30:00Z,long,0,40,177.007699,173.4575678674525,180.5578301325475,173.44022211066576,stop,-142.69907557336978,0.4,-143.0990755733698,-1.007702745551012,96434.9323242997
2023-03-23T14:45:00Z,2023-03-23T14:45:00Z,2023-03-23T17:15:00Z,short,0,62,173.462652,175.78505178464388,171.1402522153561,171.15736624057763,target,142.92771708418638,0.62,142.30771708418638,0.988324996669043,96577.24004138389
2023-03-27T17:45:00Z,2023-03-27T17:45:00Z,2023-03-30T13:30:00Z,long,0,60,174.267425,171.86628606014742,176.6685639398526,176.6508970834586,target,143.00832500751596,0.6,142.40832500751597,0.9884776112140826,96719.64836639141
2023-03-30T18:30:00Z,2023-03-30T18:30:00Z,2023-03-30T19:00:00Z,short,0,390,175.132485,175.50395417290508,174.76101582709492,174.77849192867762,target,138.0572978157275,3.9,134.1572978157275,0.9260339657048137,96853.80566420715
2023-04-03T14:30:00Z,2023-04-03T14:30:00Z,2023-04-03T14:45:00Z,long,0,58,179.727971,177.24498296705843,182.21095903294156,177.22725846876173,stop,-145.04132681181932,0.58,-145.62132681181933,-1.0111657800717857,96708.18433739533
2023-04-04T16:15:00Z,2023-04-04T16:15:00Z,2023-04-11T18:30:00Z,short,0,44,174.622536,177.85668315733537,171.38838884266463,177.8744688256511,stop,-143.08504432864822,0.44,-143.52504432864822,-1.0085913432395008,96564.65929306668
2023-04-12T17:00:00Z,2023-04-12T17:00:00Z,2023-04-12T17:00:00Z,short,0,545,177.132285,177.39758415759965,176.86698584240034,177.4153239160154,stop,-154.25620922840068,5.45,-159.70620922840067,-1.104560295881593,96404.95308383828
2023-04-13T16:30:00Z,2023-04-13T16:30:00Z,2023-04-14T13:45:00Z,long,0,121,177.957794,176.76710864592062,179.1484793540794,179.130564506144,target,141.90523124342286,1.21,140.69523124342285,0.9765556468467823,96545.64831508171
2023-04-17T15:45:00Z,2023-04-17T15:45:00Z,2023-04-17T19:00:00Z,long,0,151,177.357734,176.40489414346155,178.31057385653844,178.2927427991528,target,141.18632867207236,1.51,139.67632867207237,0.9707914638596709,96685.32464375377
2023-04-18T17:15:00Z,2023-04-18T17:15:00Z,2023-04-18T19:45:00Z,short,0,278,177.452253,177.97226940296667,176.93223659703335,177.99006662990698,stop,-149.51218911413594,2.7800000000000002,-152.29218911413594,-1.0534545194761578,96533.03245463964
2023-04-19T15:00:00Z,2023-04-19T15:00:00Z,2023-04-19T15:00:00Z,short,0,1636,177.542244,177.63072172043132,177.4537662795687,177.47151165619664,target,115.71811446231516,16.36,99.35811446231516,0.686413975261922,96632.39056910196
2023-04-24T17:15:00Z,2023-04-24T17:15:00Z,2023-04-24T17:45:00Z,short,0,356,177.09228900000002,177.49943358926365,176.6851444107364,177.51718353262257,stop,-151.26245361362612,3.56,-154.82245361362612,-1.0681574656539374,96477.56811548834
2023-04-25T15:45:00Z,2023-04-25T15:45:00Z,2023-04-26T13:30:00Z,short,0,61,174.802518,177.1655589800455,172.4394770199545,172.45672096765648,target,143.09361897295423,0.61,142.48361897295422,0.9884708103109322,96620.05173446129
2023-04-26T14:45:00Z,2023-04-26T14:45:00Z,2023-04-28T13:45:00Z,short,0,59,172.142784,174.56504587989627,169.72052212010374,174.58250238448426,stop,-143.94338468457084,0.59,-144.53338468457085,-1.0113350686050342,96475.51834977671
2023-05-01T15:00:00Z,2023-05-01T15:00:00Z,2023-05-01T18:30:00Z,long,0,75,176.767675,174.84302669217195,178.69232330782805,174.82554238950274,stop,-145.65994578729402,0.75,-146.40994578729402,-1.014280168775468,96329.10840398942
2023-05-03T15:45:00Z,2023-05-03T15:45:00Z,2023-05-03T17:15:00Z,long,0,118,173.137312,171.9183318828456,174.35629211715442,174.3388564879427,target,141.78224957723836,1.18,140.60224957723835,0.9774929641381158,96469.71065356665
2023-05-03T17:30:00Z,2023-05-03T17:30:00Z,2023-05-03T19:30:00Z,long,0,76,174.43744199999998,172.54254317741717,176.33234082258278,172.52528892309942,stop,-145.32363384444193,0.76,-146.08363384444192,-1.0143829601839112,96323.62701972222
2023-05-04T15:15:00Z,2023-05-04T15:15:00Z,2023-05-05T13:30:00Z,short,0,43,170.452953,173.7482083026936,167.15769769730642,173.76558312352387,stop,-142.44309531152598,0.43,-142.873095311526,-1.0083073444439625,96180.75392441069
2023-05-08T17:45:00Z,2023-05-08T17:45:00Z,2023-05-08T17:45:00Z,short,0,2232,173.78262,173.84723142614223,173.7180085738578,173.86461614928484,stop,-183.01540520374851,22.32,-205.3354052037485,-1.4238371566405863,95975.41851920694
2023-05-09T15:45:00Z,2023-05-09T15:45:00Z,2023-05-09T17:30:00Z,short,0,239,173.18267999999998,173.78281263768787,172.58254736231208,173.80019091895164,stop,-147.5851096294482,2.39,-149.97510962944818,-1.045620383802576,95825.44340957749
2023-05-10T14:30:00Z,2023-05-10T14:30:00Z,2023-05-10T14:45:00Z,long,0,271,174.08740699999998,173.55812909108258,174.6166849089174,173.54077327817348,stop,-148.1377386149841,2.71,-150.8477386149841,-1.0516851590595497,95674.5956709625
2023-05-11T16:00:00Z,2023-05-11T16:00:00Z,2023-05-12T13:30:00Z,short,0,140,172.902708,173.92542015377694,171.87999584622304,173.94281269579233,stop,-145.61465741092718,1.4000000000000001,-147.01465741092719,-1.0267842148098307,95527.58101355158
2023-05-15T15:30:00Z,2023-05-15T15:30:00Z,2023-05-16T14:15:00Z,long,0,64,174.487447,172.26065600909484,176.71423799090516,172.24342994349394,stop,-143.61709161638828,0.64,-144.25709161638827,-1.0122265923079927,95383.3239219352
2023-05-16T15:45:00Z,2023-05-16T15:45:00Z,2023-05-17T15:15:00Z,short,0,93,172.84271400000003,174.37244164132775,171.3129863586723,174.3898788854919,stop,-143.88633435074362,0.93,-144.81633435074363,-1.0179360321555857,95238.50758758445
2023-05-17T16:45:00Z,2023-05-17T16:45:00Z,2023-05-19T13:30:00Z,long,0,54,175.607559,172.99812593916224,178.21699206083778,178.1991703616317,target,139.94701352811137,0.54,139.40701352811138,0.9893380291590432,95377.91460111256
2023-05-22T15:45:00Z,2023-05-22T15:45:00Z,2023-05-23T14:00:00Z,long,0,85,177.767775,176.09610581659223,179.43944418340777,179.42150023898944,target,140.5666453141022,0.85,139.7166453141022,0.9832838071696881,95517.63124642665
2023-05-23T15:15:00Z,2023-05-23T15:15:00Z,2023-05-23T18:15:00Z,long,0,60,180.238022,177.87552752152345,182.60051647847655,177.8577399687713,stop,-142.8169218737213,0.6,-143.4169218737213,-1.0117619545803376,95374.21432455293
2023-05-25T15:15:00Z,2023-05-25T15:15:00Z,2023-05-26T14:30:00Z,short,0,69,173.732625,175.78610842662596,171.67914157337407,175.80368703746862,stop,-142.9032805853339,0.6900000000000001,-143.5932805853339,-1.0134301599346123,95230.62104396759
2023-05-30T14:30:00Z,2023-05-30T14:30:00Z,2023-05-30T14:30:00Z,long,0,1466,175.47754600000002,175.3801131646012,175.57497883539884,175.36257515328475,stop,-168.5472612845805,14.66,-183.20726128458048,-1.2826358404097111,95047.41378268301
2023-05-30T17:00:00Z,2023-05-30T17:00:00Z,2023-05-30T17:15:00Z,short,0,385,175.452453,175.82198089998948,175.0829251000105,175.1004333925205,target,135.52754887960404,3.85,131.67754887960405,0.9255582798733638,95179.09133156261
2023-05-31T16:00:00Z,2023-05-31T16:00:00Z,2023-06-01T15:15:00Z,short,0,51,172.642734,175.40675523769593,169.87871276230405,175.4242959132197,stop,-141.85965757420564,0.51,-142.36965757420563,-1.0099639883906006,95036.7216739884
2023-06-01T16:45:00Z,2023-06-01T16:45:00Z,2023-06-02T13:30:00Z,long,0,62,175.91759,173.62588726019203,178.20929273980795,178.19147181053398,target,140.98067225310757,0.62,140.36067225310757,0.9878601492284736,95177.08234624151
2023-06-05T18:00:00Z,2023-06-05T18:00:00Z,2023-06-05T18:00:00Z,long,0,338,180.258024,179.83639592236202,180.679652077638,179.81841228276977,stop,-148.58876042381956,3.38,-151.96876042381956,-1.066370436591919,95025.1135858177
2023-06-06T16:00:00Z,2023-06-06T16:00:00Z,2023-06-09T19:45:00Z,long,0,28,184.758474,179.83084631044497,189.68610168955504,184.97150100000002,weekend_close,5.964756000000307,0.28,5.684756000000307,0.04120177350865243,95030.7983418177
2023-06-12T16:15:00Z,2023-06-12T16:15:00Z,2023-06-12T17:30:00Z,long,0,308,185.678566,185.21720575546274,186.13992624453724,185.1986840348872,stop,-147.8036452547367,3.08,-150.8836452547367,-1.061820932586298,94879.91469656296
2023-06-12T18:00:00Z,2023-06-12T18:00:00Z,2023-06-12T18:30:00Z,long,0,609,185.65856399999998,185.42521748901703,185.89191051098294,185.87332131993185,target,130.7872078385045,6.09,124.69720783850448,0.8774818147883935,95004.61190440146
2023-06-14T18:15:00Z,2023-06-14T18:15:00Z,2023-06-16T13:30:00Z,short,0,58,185.46145199999998,187.89976260139468,183.02314139860528,187.91855257765482,stop,-142.51183350398082,0.58,-143.09183350398084,-1.011807345726861,94861.52007089749
2023-06-20T14:45:00Z,2023-06-20T14:45:00Z,2023-06-23T13:30:00Z,short,0,79,184.19157900000002,185.97573356463852,182.40742443536152,182.42566517780506,target,139.50719195340187,0.79,138.71719195340188,0.9841713588030642,95000.23726285089
2023-06-27T16:45:00Z,2023-06-27T16:45:00Z,2023-06-29T13:30:00Z,long,0,75,183.358334,181.463552905582,185.25311509441804,185.23458978290859,target,140.71918371814292,0.75,139.96918371814292,0.9849453260888635,95140.20644656903
2023-06-29T14:30:00Z,2023-06-29T14:30:00Z,2023-06-30T19:45:00Z,long,0,42,186.958694,183.56502611418668,190.35236188581334,187.161282,weekend_close,8.508695999999645,0.42,8.088695999999645,0.05674921839142658,95148.29514256904
2023-07-05T15:00:00Z,2023-07-05T15:00:00Z,2023-07-06T13:30:00Z,short,0,98,186.38136,187.82564434266402,184.93707565733598,184.95556936490172,target,139.7274822396315,0.98,138.74748223963152,0.980271400357923,95287.04262480867
2023-07-06T14:45:00Z,2023-07-06T14:45:00Z,2023-07-07T19:45:00Z,short,0,27,181.38186000000002,186.64946035160781,176.11425964839222,184.958494,weekend_close,-96.56911799999958,0.27,-96.83911799999957,-0.6808857469426772,95190.20350680867
2023-07-10T15:30:00Z,2023-07-10T15:30:00Z,2023-07-11T13:30:00Z,long,0,81,186.998698,185.25661240067757,188.7407835993224,188.72190952096247,target,139.58013319796083,0.81,138.77013319796083,0.9834255685419974,95328.97364000663
2023-07-11T14:30:00Z,2023-07-11T14:30:00Z,2023-07-12T13:30:00Z,long,0,59,189.30892899999998,186.89820045836635,191.7196575416336,191.70048557587944,target,141.1018379768883,0.59,140.5118379768883,0.9878991079873307,95469.48547798352
2023-07-13T15:15:00Z,2023-07-13T15:15:00Z,2023-07-13T19:45:00Z,long,0,150,192.709269,191.7607019519992,193.6578360480008,193.638470264396,target,139.3801896593999,1.5,137.8801896593999,0.9690419526308773,95607.36566764291
2023-07-17T16:00:00Z,2023-07-17T16:00:00Z,2023-07-18T13:45:00Z,long,0,69,193.71937,191.66206937174192,195.77667062825807,195.75709296119524,target,140.60288432247177,0.6900000000000001,139.91288432247177,0.9856230700284786,95747.27855196538
2023-07-18T14:45:00Z,2023-07-18T14:45:00Z,2023-07-21T19:45:00Z,long,0,66,195.609559,193.44252397688288,197.7765940231171,194.410557,weekend_close,-79.1341319999986,0.66,-79.7941319999986,-0.5579060730919452,95667.48441996539
2023-07-24T15:45:00Z,2023-07-24T15:45:00Z,2023-07-24T15:45:00Z,short,0,323,194.510547,194.9536957468722,194.0673982531278,194.97319111644688,stop,-149.43404961234273,3.23,-152.66404961234272,-1.0665586211917937,95514.82037035305
2023-07-24T18:15:00Z,2023-07-24T18:15:00Z,2023-07-24T18:30:00Z,long,0,267,195.24952299999998,194.71387684239866,195.7851691576013,194.69440545471443,stop,-148.21638459124307,2.67,-150.88638459124306,-1.0550202540725957,95363.9339857618
2023-07-25T15:45:00Z,2023-07-25T15:45:00Z,2023-07-26T13:30:00Z,long,0,171,195.679566,194.84532037168537,196.5138116283146,194.82583583964822,stop,-145.98785742015323,1.71,-147.69785742015324,-1.0353427468319136,95216.23612834165
2023-07-26T17:15:00Z,2023-07-26T17:15:00Z,2023-07-26T17:45:00Z,long,0,409,195.95959399999998,195.6107949481779,196.30839305182207,195.59123386868308,stop,-150.65929370861411,4.09,-154.74929370861412,-1.0847510316911626,95061.48683463303
2023-07-31T14:30:00Z,2023-07-31T14:30:00Z,2023-08-01T14:15:00Z,long,0,70,198.21982,196.18372246741683,200.25591753258317,196.1641040951701,stop,-143.9001133380927,0.7000000000000001,-144.60011333809268,-1.014546637267002,94916.88672129494
2023-08-01T16:00:00Z,2023-08-01T16:00:00Z,2023-08-01T19:45:00Z,short,0,136,196.81031700000003,197.85030528254234,195.77032871745772,197.8700903130706,stop,-144.12917057759682,1.36,-145.48917057759684,-1.028639775109238,94771.39755071735
2023-08-02T15:45:00Z,2023-08-02T15:45:00Z,2023-08-04T19:45:00Z,short,0,57,194.770521,197.22587323998724,192.31516876001277,194.209419,weekend_close,31.982814000000303,0.5700000000000001,31.412814000000303,0.2244492627269114,94802.81036471734
2023-08-08T14:30:00Z,2023-08-08T14:30:00Z,2023-08-11T19:45:00Z,short,0,47,191.270871,194.27398996282832,188.26775203717168,191.039102,weekend_close,10.893142999999327,0.47000000000000003,10.423142999999326,0.07384622545592552,94813.23350771733
2023-08-14T15:45:00Z,2023-08-14T15:45:00Z,2023-08-15T13:30:00Z,short,0,165,190.070991,190.9328213582487,189.20916064175128,189.22808155781544,target,139.0800579604506,1.6500000000000001,137.4300579604506,0.966442449157941,94950.66356567778
2023-08-15T15:45:00Z,2023-08-15T15:45:00Z,2023-08-16T15:45:00Z,short,0,96,188.82111600000002,190.29039132355163,187.3518406764484,187.37057586051606,target,139.25185339046038,0.96,138.29185339046037,0.9804426143915689,95088.95541906824
2023-08-17T18:45:00Z,2023-08-17T18:45:00Z,2023-08-18T13:30:00Z,short,0,79,184.211577,186.0140220482308,182.4091319517692,182.42737286496438,target,140.95212666781418,0.79,140.1621266678142,0.9843318867208232,95229.11754573605
2023-08-21T16:00:00Z,2023-08-21T16:00:00Z,2023-08-22T13:30:00Z,short,0,96,183.31166700000003,184.78721909881764,181.8361149011824,184.80569782072752,stop,-143.42695878983886,0.96,-144.38695878983887,-1.0193003838581456,95084.73058694621
2023-08-22T16:30:00Z,2023-08-22T16:30:00Z,2023-08-22T19:00:00Z,short,0,195,183.561642,184.29264985709992,182.8306341429001,184.31107912208563,stop,-146.14023880669663,1.95,-148.09023880669662,-1.0388905053613222,94936.64034813952
2023-08-23T15:15:00Z,2023-08-23T15:15:00Z,2023-08-24T15:30:00Z,long,0,100,185.278526,183.8640020687708,186.6930499312292,183.8456156685639,stop,-143.29103314360907,1.0,-144.29103314360907,-1.0200678119190327,94792.34931499591
2023-08-24T16:45:00Z,2023-08-24T16:45:00Z,2023-08-24T19:45:00Z,short,0,135,184.401558,185.4547236972032,183.34839230279678,183.36672714202706,target,139.7021658263462,1.35,138.3521658263462,0.9730955543790274,94930.70148082226
2023-08-28T14:30:00Z,2023-08-28T14:30:00Z,2023-08-30T15:30:00Z,long,0,50,186.50864900000002,183.67668619734647,189.34061180265357,189.3216777414733,target,140.65143707366445,0.5,140.15143707366445,0.98978303629089,95070.85291789593
2023-08-31T14:30:00Z,2023-08-31T14:30:00Z,2023-08-31T16:45:00Z,long,0,119,189.958994,188.76832918384042,191.14965881615956,188.74945235092204,stop,-143.93545624027587,1.19,-145.12545624027587,-1.024252696918954,94925.72746165565
2023-08-31T18:45:00Z,2023-08-31T18:45:00Z,2023-09-01T13:30:00Z,short,0,219,188.761122,189.4093165731763,188.1129274268237,189.42825750483362,stop,-146.10267555856362,2.19,-148.29267555856362,-1.0446485250801998,94777.43478609709
2023-09-05T15:45:00Z,2023-09-05T15:45:00Z,2023-09-07T13:45:00Z,short,0,47,187.541244,190.55099372234818,184.53149427765183,184.5499474270796,target,140.59093892725969,0.47000000000000003,140.1209389272597,0.9905463403762498,94917.55572502434
2023-09-07T15:00:00Z,2023-09-07T15:00:00Z,2023-09-08T19:45:00Z,short,0,65,184.011597,186.19247984899678,181.8307141510032,183.99839799999998,weekend_close,0.8579350000009356,0.65,0.20793500000093557,0.0014668371579362651,94917.76366002434
2023-09-11T15:45:00Z,2023-09-11T15:45:00Z,2023-09-11T16:00:00Z,long,0,1066,184.43844199999998,184.3050048274419,184.57187917255806,184.5534219846408,target,122.5686636271202,10.66,111.9086636271202,0.7867371784660365,95029.67232365147
2023-09-11T18:00:00Z,2023-09-11T18:00:00Z,2023-09-11T18:15:00Z,long,0,632,184.768475,184.54313459923918,184.9938154007608,184.52468028577925,stop,-154.07825938750807,6.32,-160.39825938750806,-1.1262725785693852,94869.27406426395
2023-09-12T18:00:00Z,2023-09-12T18:00:00Z,2023-09-12T18:45:00Z,long,0,448,184.868485,184.55091575721357,185.1860542427864,184.53246066563784,stop,-150.53890179424343,4.48,-155.01890179424342,-1.0896027944207076,94714.25516246971
2023-09-13T17:00:00Z,2023-09-13T17:00:00Z,2023-09-13T18:15:00Z,short,0,228,183.68162999999998,184.30436254375084,183.05889745624913,183.07720334599475,target,137.80927711319418,2.2800000000000002,135.52927711319418,0.954545671284294,94849.7844395829
2023-09-14T15:45:00Z,2023-09-14T15:45:00Z,2023-09-15T15:00:00Z,long,0,84,185.178516,183.5015329921659,186.8554990078341,183.48318283886667,stop,-142.40798553520005,0.84,-143.24798553520006,-1.016905450542304,94706.5364540477
2023-09-18T14:45:00Z,2023-09-18T14:45:00Z,2023-09-19T13:45:00Z,short,0,182,182.99169899999998,183.76972016825027,182.2136778317497,182.23189919953288,target,138.28356368501346,1.82,136.46356368501347,0.9637267352935247,94843.00001773272
2023-09-19T17:30:00Z,2023-09-19T17:30:00Z,2023-09-20T13:30:00Z,short,0,126,181.391859,182.51915067150202,180.264567328498,182.53740258656916,stop,-144.33849190771252,1.26,-145.5984919077125,-1.0250617615488071,94697.401525825
2023-09-20T15:45:00Z,2023-09-20T15:45:00Z,2023-09-20T18:00:00Z,long,0,200,182.61826,181.9086110996272,183.3279089003728,181.89042023851724,stop,-145.56795229655108,2.0,-147.56795229655108,-1.039725082495228,94549.83357352845
2023-09-25T15:00:00Z,2023-09-25T15:00:00Z,2023-09-25T15:15:00Z,short,0,132,176.37236099999998,177.44273126558085,175.30199073441912,177.4604755387074,stop,-143.63111910938073,1.32,-144.95111910938073,-1.0259202577077484,94404.88245441907
2023-09-25T17:45:00Z,2023-09-25T17:45:00Z,2023-09-25T19:00:00Z,long,0,305,177.48774699999998,177.02421264462555,177.95128135537442,177.0065102233611,stop,-146.77721687486283,3.0500000000000003,-149.82721687486284,-1.0597634694025693,94255.0552375442
2023-09-26T14:45:00Z,2023-09-26T14:45:00Z,2023-09-26T17:00:00Z,short,0,127,176.272371,177.38102913797633,175.16371286202366,175.18122923330986,target,138.57500436964634,1.27,137.30500436964633,0.9751804723713728,94392.36024191385
2023-09-26T18:30:00Z,2023-09-26T18:30:00Z,2023-09-27T13:45:00Z,short,0,82,174.732525,176.45697337431594,173.00807662568408,176.47461907165336,stop,-142.85171387557511,0.8200000000000001,-143.6717138755751,-1.0160316178490385,94248.68852803827
2023-09-27T16:00:00Z,2023-09-27T16:00:00Z,2023-09-27T16:00:00Z,long,0,308,175.877586,175.41923060699406,176.33594139300595,175.40168868393337,stop,-146.57637334852382,3.08,-149.65637334852383,-1.0600885764211645,94099.03215468975
2023-09-27T18:30:00Z,2023-09-27T18:30:00Z,2023-09-27T18:30:00Z,short,0,2013,175.742424,175.8125250399915,175.6723229600085,175.8301062924955,stop,-176.5044547934144,20.13,-196.6344547934144,-1.393449976025063,93902.39769989633
2023-10-02T14:45:00Z,2023-10-02T14:45:00Z,2023-10-03T13:30:00Z,short,0,61,174.952503,177.2364436911411,172.66856230885892,172.6858291650898,target,138.2671039295218,0.61,137.65710392952178,0.9880614867379646,94040.05480382586
2023-10-03T15:00:00Z,2023-10-03T15:00:00Z,2023-10-06T19:45:00Z,short,0,41,171.142884,174.5500531234738,167.73571487652623,172.98729699999998,weekend_close,-75.62093299999896,0.41000000000000003,-76.03093299999895,-0.5442679634609121,93964.02387082585
2023-10-09T17:30:00Z,2023-10-09T17:30:00Z,2023-10-09T17:30:00Z,long,0,196,173.297328,172.57924769554361,174.01540830445637,173.99800676362594,target,137.33303767068514,1.96,135.37303767068514,0.9618405620368901,94099.39690849654
2023-10-09T18:30:00Z,2023-10-09T18:30:00Z,2023-10-10T14:15:00Z,long,0,79,174.487447,172.70907508935008,176.26581891064993,176.24819232875888,target,139.09888097195093,0.79,138.30888097195094,0.9844652393992468,94237.70578946848
2023-10-10T14:45:00Z,2023-10-10T14:45:00Z,2023-10-12T14:15:00Z,long,0,43,176.59765800000002,173.38500014782315,179.8103158521769,173.36766164780838,stop,-138.88984314424087,0.43,-139.31984314424088,-1.0085096207790223,94098.38594632424
2023-10-12T15:45:00Z,2023-10-12T15:45:00Z,2023-10-12T18:00:00Z,short,0,64,173.112687,175.2960163039019,170.9293576960981,170.9464506318677,target,138.6391275604674,0.64,137.9991275604674,0.9875909988835958,94236.38507388471
2023-10-12T18:15:00Z,2023-10-12T18:15:00Z,2023-10-13T19:45:00Z,short,0,44,171.00289800000002,174.1894337342179,167.81636226578212,170.287027,weekend_close,31.498324000000935,0.44,31.058324000000933,0.22151673757183515,94267.44339788471
2023-10-16T15:45:00Z,2023-10-16T15:45:00Z,2023-10-17T14:00:00Z,long,0,69,172.737272,170.69958159906562,174.77496240093436,174.75748490469425,target,139.39469042390405,0.6900000000000001,138.70469042390405,0.9865153723904746,94406.14808830862
2023-10-17T14:45:00Z,2023-10-17T14:45:00Z,2023-10-18T13:30:00Z,long,0,59,174.89748799999998,172.52048807641754,177.27448792358243,172.5032360276099,stop,-141.26086637101557,0.59,-141.85086637101557,-1.01146489258888,94264.29722193761
2023-10-18T15:45:00Z,2023-10-18T15:45:00Z,2023-10-19T18:30:00Z,short,0,53,172.202778,174.86048202164451,169.54507397835548,169.5620284857533,target,139.95972425507472,0.53,139.42972425507472,0.989857972453551,94403.72694619269
2023-10-24T17:45:00Z,2023-10-24T17:45:00Z,2023-10-25T13:30:00Z,short,0,213,166.07339100000002,166.73754217554207,165.40923982445796,165.4257807484404,target,137.9409835822005,2.13,135.8109835822005,0.9600378272901935,94539.53792977489
2023-10-25T15:45:00Z,2023-10-25T15:45:00Z,2023-10-27T13:30:00Z,short,0,86,164.643534,166.2791215975461,163.00794640245388,163.02424719709413,target,139.2586650499041,0.86,138.39866504990408,0.9839196661311788,94677.93659482479
2023-10-31T15:45:00Z,2023-10-31T15:45:00Z,2023-11-02T13:30:00Z,long,0,102,164.386437,162.9970559773461,165.7758180226539,165.75924044085164,target,140.02595096686736,1.02,139.00595096686735,0.9808709192302771,94816.94254579165
2023-11-02T14:45:00Z,2023-11-02T14:45:00Z,2023-11-03T13:30:00Z,long,0,34,168.176816,164.0396243715368,172.3140076284632,172.29677622770035,target,140.07864774181178,0.34,139.73864774181177,0.9934179019952797,94956.68119353347
2023-11-06T17:00:00Z,2023-11-06T17:00:00Z,2023-11-06T18:15:00Z,short,0,113,172.702728,173.96001705151224,171.44543894848778,171.46258349238263,target,140.13632936076314,1.1300000000000001,139.00632936076315,0.9784102598664887,95095.68752289424
2023-11-06T19:00:00Z,2023-11-06T19:00:00Z,2023-11-07T14:30:00Z,short,0,104,171.972801,173.33702163188786,170.60858036811214,170.62564122614896,target,140.10461648050887,1.04,139.06461648050887,0.9801638698284705,95234.75213937474
2023-11-07T15:30:00Z,2023-11-07T15:30:00Z,2023-11-07T17:15:00Z,short,0,247,172.022796,172.59903891563536,171.44655308436464,171.46369773967308,target,138.09727030074916,2.47,135.62727030074916,0.9528937283705906,95370.3794096755
2023-11-07T18:00:00Z,2023-11-07T18:00:00Z,2023-11-07T20:45:00Z,short,0,164,171.392859,172.26482954320727,170.5208884567927,172.2820560261616,stop,-145.8283122905042,1.6400000000000001,-147.46831229050417,-1.031224085683197,95222.911097385
2023-11-08T16:00:00Z,2023-11-08T16:00:00Z,2023-11-09T19:00:00Z,short,0,68,169.79301900000002,171.86907693374198,167.71696106625805,167.73373276236467,target,140.03146415920367,0.68,139.35146415920366,0.9871045524927322,95362.26256154421
2023-11-13T18:30:00Z,2023-11-13T18:30:00Z,2023-11-14T14:30:00Z,long,0,243,169.06690500000002,168.4782872757783,169.65552272422173,169.63855717194932,target,138.91147778367892,2.43,136.4814777836789,0.9541883447222645,95498.74403932788
2023-11-14T15:30:00Z,2023-11-14T15:30:00Z,2023-11-17T20:45:00Z,long,0,18,176.567655,168.92991974675004,184.20539025324996,178.302168,weekend_close,31.221233999999868,0.18,31.041233999999868,0.22578852798886812,95529.78527332789
2023-11-20T16:00:00Z,2023-11-20T16:00:00Z,2023-11-21T14:30:00Z,long,0,93,179.437942,177.90878975507138,180.9670942449286,177.89099887609586,stop,-143.86571052308395,0.93,-144.79571052308395,-1.018174043210992,95384.9895628048
2023-11-21T16:45:00Z,2023-11-21T16:45:00Z,2023-11-22T14:30:00Z,short,0,89,177.472251,179.0652743195528,175.8792276804472,179.08318084698476,stop,-143.37275638164365,0.89,-144.26275638164364,-1.017517965424257,95240.72680642315
2023-11-22T17:00:00Z,2023-11-22T17:00:00Z,2023-11-22T19:30:00Z,long,0,127,178.777876,177.6540839381737,179.90166806182629,177.63631852977989,stop,-144.9777987179536,1.27,-146.2477987179536,-1.024706891369825,95094.47900770519
2023-11-29T16:45:00Z,2023-11-29T16:45:00Z,2023-12-01T14:30:00Z,long,0,88,179.907989,178.30179667472586,181.5141813252741,178.2839664950584,stop,-142.91398043486015,0.88,-143.79398043486015,-1.0173268040380659,94950.68502727033
2023-12-04T15:30:00Z,2023-12-04T15:30:00Z,2023-12-06T15:00:00Z,long,0,57,185.208519,182.71709589202302,187.69994210797697,187.68117211376617,target,140.94122748467174,0.5700000000000001,140.37122748467175,0.9884523852577731,95091.056254755
2023-12-06T16:45:00Z,2023-12-06T16:45:00Z,2023-12-06T20:00:00Z,long,0,146,185.838582,184.86344146150245,186.81372253849756,184.8449551173563,stop,-145.0695248659796,1.46,-146.5295248659796,-1.0292125524696476,94944.52672988902
2023-12-11T19:15:00Z,2023-12-11T19:15:00Z,2023-12-12T14:30:00Z,long,0,177,187.21872,186.41557667734878,188.0218633226512,186.39693511968105,stop,-145.4559238164531,1.77,-147.2259238164531,-1.0356618263016717,94797.30080607257
2023-12-12T16:45:00Z,2023-12-12T16:45:00Z,2023-12-12T18:00:00Z,short,0,182,186.111387,186.8926473559697,185.33012664403032,186.9113366207053,stop,-145.59083096836304,1.82,-147.41083096836303,-1.0367217720909314,94649.8899751042
2023-12-13T19:00:00Z,2023-12-13T19:00:00Z,2023-12-13T19:00:00Z,short,0,145,186.051393,187.02634896898715,185.07643703101283,187.04505160388405,stop,-144.08049756318832,1.45,-145.5304975631883,-1.0294399294018528,94504.35947754102
2023-12-18T16:30:00Z,2023-12-18T16:30:00Z,2023-12-18T16:30:00Z,long,0,1263,197.269725,197.1575391797796,197.38191082022038,197.13782342586163,stop,-166.5916881367588,12.63,-179.2216881367588,-1.2648797669759126,94325.13778940425
2023-12-19T16:00:00Z,2023-12-19T16:00:00Z,2023-12-20T20:30:00Z,long,0,46,200.240022,197.20644885208074,203.27359514791928,197.18672820719553,stop,-140.45151446900616,0.46,-140.91151446900616,-1.009797240229924,94184.22627493525
2023-12-21T15:30:00Z,2023-12-21T15:30:00Z,2023-12-22T14:30:00Z,short,0,50,198.310167,201.11472791866467,195.50560608133534,201.13483939145652,stop,-141.23361957282583,0.5,-141.73361957282583,-1.010736608569084,94042.49265536242
2023-12-26T16:00:00Z,2023-12-26T16:00:00Z,2023-12-26T19:00:00Z,long,0,100,202.63026100000002,201.2233482808902,204.03717371910983,204.0167700017379,target,138.65090017378918,1.0,137.65090017378918,0.9783897629476566,94180.14355553621
2023-12-27T16:00:00Z,2023-12-27T16:00:00Z,2023-12-27T16:15:00Z,long,0,347,203.680366,203.27342672694544,204.08730527305454,204.06689654252725,target,134.12609825695708,3.47,130.65609825695708,0.9252745248718782,94310.79965379316
2023-12-27T18:15:00Z,2023-12-27T18:15:00Z,2023-12-28T14:30:00Z,long,0,103,205.140512,203.77973703328763,206.50128696671237,203.7593590595843,stop,-142.25875286281592,1.03,-143.28875286281593,-1.0223240245054712,94167.51090093034
2023-12-28T19:00:00Z,2023-12-28T19:00:00Z,2023-12-29T15:00:00Z,short,0,171,203.56964100000002,204.39242230669507,202.74685969330497,202.7671343792743,target,137.22863214409855,1.71,135.51863214409855,0.9632044557612351,94303.02953307444
2024-01-02T15:30:00Z,2024-01-02T15:30:00Z,2024-01-02T19:45:00Z,short,0,87,200.509947,202.12429571496145,198.89559828503857,198.91548784486707,target,138.71794649656562,0.87,137.8479464965656,0.9814850660507923,94440.877479571
2024-01-04T18:15:00Z,2024-01-04T18:15:00Z,2024-01-05T14:30:00Z,short,0,123,194.470551,195.61761590330337,193.32348609669663,193.3428184453063,target,138.7111042273243,1.23,137.48110422732432,0.9744283444422305,94578.35858379833
2024-01-08T17:45:00Z,2024-01-08T17:45:00Z,2024-01-08T19:30:00Z,long,0,101,195.14951299999998,193.74889572722154,196.55013027277843,196.53047525975114,target,139.47718823486693,1.01,138.46718823486694,0.9788271831258641,94716.82577203319
2024-01-09T17:00:00Z,2024-01-09T17:00:00Z,2024-01-09T17:00:00Z,short,0,863,195.260472,195.42502171605807,195.09592228394192,195.1154318761703,target,125.16962686502046,8.63,116.53962686502047,0.8206645812869514,94833.36539889821
2024-01-09T19:15:00Z,2024-01-09T19:15:00Z,2024-01-09T19:15:00Z,long,0,644,195.199518,194.97895055167362,195.4200854483264,194.95945265661845,stop,-154.6020811377241,6.44,-161.0420811377241,-1.1337363934659874,94672.32331776049
2024-01-10T16:30:00Z,2024-01-10T16:30:00Z,2024-01-10T19:15:00Z,short,0,181,194.38056,195.16168708655707,193.59943291344294,195.18120325526573,stop,-144.91642920309638,1.81,-146.7264292030964,-1.0377866408893328,94525.59688855738
2024-01-11T16:30:00Z,2024-01-11T16:30:00Z,2024-01-12T14:30:00Z,short,0,42,191.490849,194.8494224019884,188.1322755980116,194.86890734422857,stop,-141.87845045760025,0.42,-142.29845045760024,-1.0087790078438443,94383.29843809978
2024-01-16T15:30:00Z,2024-01-16T15:30:00Z,2024-01-16T19:00:00Z,short,0,87,191.85081300000002,193.47055024518485,190.23107575481518,190.25009886239067,target,139.26212997201296,0.87,138.39212997201295,0.9820815952329476,94521.69056807179
2024-01-17T15:30:00Z,2024-01-17T15:30:00Z,2024-01-19T18:30:00Z,short,0,59,189.141084,191.5155802889899,186.76658771101012,191.5347318470188,stop,-141.22522297410907,0.59,-141.81522297410908,-1.0122769440255939,94379.87534509768
2024-01-22T15:30:00Z,2024-01-22T15:30:00Z,2024-01-26T20:45:00Z,long,0,24,196.479646,190.76547761745854,202.19381438254146,195.950403,weekend_close,-12.701832000000195,0.24,-12.941832000000195,-0.09436946269339232,94366.93351309768
2024-01-29T17:45:00Z,2024-01-29T17:45:00Z,2024-01-29T20:00:00Z,long,0,139,196.999698,195.98816348008074,198.01123251991925,197.99143139666725,target,137.85094213674876,1.3900000000000001,136.46094213674877,0.9705386987145299,94503.39445523443
2024-01-31T16:45:00Z,2024-01-31T16:45:00Z,2024-01-31T19:30:00Z,short,0,76,195.850413,197.70497051129706,193.99585548870294,197.7247410083482,stop,-142.44892863446216,0.76,-143.20892863446215,-1.0160526146370654,94360.18552659998
2024-02-01T15:45:00Z,2024-02-01T15:45:00Z,2024-02-02T20:45:00Z,short,0,32,192.650733,196.9527775206456,188.3486884793544,194.46944499999998,weekend_close,-58.19878399999925,0.32,-58.51878399999925,-0.42507974783244257,94301.66674259998
2024-02-05T16:45:00Z,2024-02-05T16:45:00Z,2024-02-08T15:00:00Z,short,0,43,191.000898,194.26809876669444,187.73369723330558,194.2875255765711,stop,-141.32498579255758,0.43,-141.7549857925576,-1.0090067345039373,94159.91175680741
2024-02-08T16:30:00Z,2024-02-08T16:30:00Z,2024-02-08T18:30:00Z,long,0,113,194.61946,193.37403412541687,195.86488587458314,195.84529938599567,target,138.51985061751068,1.1300000000000001,137.3898506175107,0.9762438783461382,94297.30160742493
2024-02-08T19:30:00Z,2024-02-08T19:30:00Z,2024-02-09T17:15:00Z,long,0,72,196.169615,194.221356247526,198.117873752474,198.09806196509876,target,138.84818148711156,0.72,138.12818148711156,0.9846982402427934,94435.42978891205
2024-02-12T15:30:00Z,2024-02-12T15:30:00Z,2024-02-13T14:30:00Z,long,0,35,201.85018300000002,197.8751193896187,205.82524661038133,197.85533187767973,stop,-139.81978928120995,0.35000000000000003,-140.16978928120994,-1.0074935937782679,94295.25999963084
2024-02-13T16:45:00Z,2024-02-13T16:45:00Z,2024-02-15T14:30:00Z,short,0,29,197.25027300000002,201.97197480373268,192.52857119626736,201.99217200121305,stop,-137.5150710351778,0.29,-137.8050710351778,-1.0063954054566722,94157.45492859566
2024-02-15T19:30:00Z,2024-02-15T19:30:00Z,2024-02-16T20:45:00Z,long,0,34,204.54045200000002,200.48652013860828,208.59438386139175,201.589839,weekend_close,-100.32084200000014,0.34,-100.66084200000014,-0.7303065520651384,94056.79408659566
2024-02-20T15:45:00Z,2024-02-20T15:45:00Z,2024-02-23T20:45:00Z,short,0,37,199.200078,202.93166674098106,195.46848925901892,199.96999499999998,weekend_close,-28.48692899999972,0.37,-28.85692899999972,-0.20900400717656403,94027.93715759566
2024-02-26T17:00:00Z,2024-02-26T17:00:00Z,2024-02-26T18:30:00Z,long,0,107,201.400138,200.09068506688791,202.70959093311208,200.07067599838123,stop,-142.25243417320786,1.07,-143.32243417320785,-1.022917256319676,93884.61472342245
2024-02-29T16:45:00Z,2024-02-29T16:45:00Z,2024-02-29T16:45:00Z,long,0,4021,203.12031,203.0852925130352,203.15532748696478,203.0649839837839,stop,-222.46591120493633,40.21,-262.6759112049363,-1.8655255381913751,93621.93881221752
2024-02-29T18:45:00Z,2024-02-29T18:45:00Z,2024-02-29T18:45:00Z,short,0,768,203.56964100000002,203.75230194595525,203.38698005404478,203.77267717614984,stop,-155.93178328306385,7.68,-163.61178328306386,-1.1662929644634192,93458.32702893445
2024-03-04T16:00:00Z,2024-03-04T16:00:00Z,2024-03-05T14:30:00Z,long,0,149,206.340632,205.4057465955264,207.2755174044736,205.38520602086686,stop,-142.3584708908377,1.49,-143.84847089083772,-1.0326677200364953,93314.47855804361
2024-03-05T16:15:00Z,2024-03-05T16:15:00Z,2024-03-07T14:30:00Z,short,0,60,204.239574,206.5479482501727,201.9311997498273,206.56860304499773,stop,-139.7417426998635,0.6,-140.3417426998635,-1.0132798201256694,93174.13681534375
2024-03-07T16:00:00Z,2024-03-07T16:00:00Z,2024-03-08T14:30:00Z,long,0,70,207.12071,205.14135121745065,209.10006878254936,209.07915877567112,target,137.0914142969781,0.7000000000000001,136.3914142969781,0.9843838281615485,93310.52822964072
2024-03-11T14:30:00Z,2024-03-11T14:30:00Z,2024-03-14T13:45:00Z,short,0,64,205.229475,207.40791004441536,203.05103995558466,203.0713450595802,target,138.12031618686706,0.64,137.48031618686707,0.9860885895711033,93448.00854582759
2024-03-14T15:00:00Z,2024-03-14T15:00:00Z,2024-03-15T19:45:00Z,short,0,42,202.599738,205.90335339321175,199.29612260678826,202.390237,weekend_close,8.799041999999531,0.42,8.379041999999531,0.06038868822621506,93456.38758782759
2024-03-18T18:00:00Z,2024-03-18T18:00:00Z,2024-03-18T18:00:00Z,short,0,740,202.05979200000002,202.24897596077057,201.87060803922947,202.26920085836664,stop,-154.96255519130557,7.4,-162.36255519130557,-1.1597645882503647,93294.02503263629
2024-03-19T14:45:00Z,2024-03-19T14:45:00Z,2024-03-19T16:30:00Z,short,0,88,200.539944,202.12806405621217,198.95182394378782,202.1482768626178,stop,-141.53329191036642,0.88,-142.4132919103664,-1.0190242584541653,93151.61174072592
2024-03-19T18:15:00Z,2024-03-19T18:15:00Z,2024-03-20T13:30:00Z,long,0,150,202.200218,201.2692992546317,203.1311367453683,201.24917232470625,stop,-142.65685129406336,1.5,-144.15685129406336,-1.0323625773735323,93007.45488943186
2024-03-20T16:45:00Z,2024-03-20T16:45:00Z,2024-03-20T17:00:00Z,long,0,481,202.170215,201.88039040498498,202.46003959501505,201.86020236594447,stop,-149.11607698071433,4.8100000000000005,-153.92607698071433,-1.104159686788967,92853.52881245114
2024-03-25T16:00:00Z,2024-03-25T16:00:00Z,2024-03-25T19:00:00Z,long,0,299,206.53065099999998,206.0654261282674,206.99587587173255,206.04481958565458,stop,-145.26359288927404,2.99,-148.25359288927405,-1.0657887066502723,92705.27521956187
2024-03-26T16:45:00Z,2024-03-26T16:45:00Z,2024-03-26T18:15:00Z,short,0,292,205.889409,206.36438843756028,205.41442956243972,206.38502487640403,stop,-144.71983590997706,2.92,-147.63983590997705,-1.064500558173877,92557.63538365188
2024-03-27T16:00:00Z,2024-03-27T16:00:00Z,2024-03-27T19:45:00Z,long,0,81,207.800778,206.0892687552145,209.5122872447855,209.49133601606104,target,136.93519930094365,0.81,136.12519930094365,0.9819158273209622,92693.76058295283
2024-04-01T15:45:00Z,2024-04-01T15:45:00Z,2024-04-02T13:30:00Z,short,0,77,208.57914,210.37571561706602,206.78256438293397,206.80324263937226,target,136.74409676833582,0.77,135.9740967683358,0.9829240382943701,92829.73467972116
2024-04-02T14:30:00Z,2024-04-02T14:30:00Z,2024-04-05T19:45:00Z,short,0,33,204.70952699999998,208.909449063108,200.50960493689195,204.480446,weekend_close,7.5596729999993215,0.33,7.2296729999993214,0.052163110816836146,92836.96435272116
2024-04-08T15:45:00Z,2024-04-08T15:45:00Z,2024-04-09T13:30:00Z,long,0,208,205.550553,204.88133032736857,206.21977567263144,206.19915369506418,target,134.90894457334844,2.08,132.82894457334842,0.9542424684345324,92969.79329729451
2024-04-10T15:00:00Z,2024-04-10T15:00:00Z,2024-04-12T19:45:00Z,short,0,32,201.389859,205.69292820513442,197.08678979486558,198.71987,weekend_close,85.43964800000049,0.32,85.1196480000005,0.6181608691828887,93054.91294529452
2024-04-15T15:45:00Z,2024-04-15T15:45:00Z,2024-04-15T17:30:00Z,short,0,76,197.530245,199.35181503056194,195.70867496943808,195.72824583693503,target,136.95193639293825,0.76,136.19193639293826,0.9837662746966528,93191.10488168745
2024-04-15T17:45:00Z,2024-04-15T17:45:00Z,2024-04-18T13:30:00Z,short,0,48,195.850413,198.71866578672226,192.98216021327775,193.00145842929908,target,136.74981939364443,0.48,136.26981939364444,0.9897853438312851,93327.37470108109
2024-04-18T16:45:00Z,2024-04-18T16:45:00Z,2024-04-18T16:45:00Z,long,0,357,194.48944699999998,194.0979865015351,194.88090749846486,194.07857670288496,stop,-146.68069607006396,3.5700000000000003,-150.25069607006395,-1.0751283942197891,93177.12400501102
2024-04-22T15:45:00Z,2024-04-22T15:45:00Z,2024-04-22T16:00:00Z,long,0,195,193.43934199999998,192.72289133482872,194.15579266517125,194.13637708590474,target,135.9218417514279,1.95,133.97184175142792,0.9589426310889454,93311.09584676244
2024-04-22T17:15:00Z,2024-04-22T17:15:00Z,2024-04-23T13:45:00Z,long,0,71,195.129511,193.16479506194855,197.09422693805146,197.07451751535766,target,138.09546259039297,0.71,137.38546259039296,0.9848785149453856,93448.48130935284
2024-04-23T15:00:00Z,2024-04-23T15:00:00Z,2024-04-25T13:30:00Z,long,0,37,198.469845,194.70625182269552,202.23343817730446,194.68678119751326,stop,-139.97336069200927,0.37,-140.34336069200927,-1.0078304491994463,93308.13794866082
2024-04-25T15:00:00Z,2024-04-25T15:00:00Z,2024-04-26T13:30:00Z,short,0,51,194.830515,197.53393694241126,192.12709305758872,197.5536903361055,stop,-138.88194214138042,0.51,-139.3919421413804,-1.0110058268106281,93168.74600651945
2024-04-29T14:30:00Z,2024-04-29T14:30:00Z,2024-04-30T13:30:00Z,long,0,70,199.96999499999998,197.99953587877758,201.9404541212224,197.97973592518971,stop,-139.31813523671877,0.7000000000000001,-140.01813523671876,-1.015123355398196,93028.72787128272
2024-04-30T15:00:00Z,2024-04-30T15:00:00Z,2024-04-30T19:45:00Z,short,0,80,197.96020199999998,199.6895223038316,196.23088169616835,196.25050478433798,target,136.77577725296032,0.8,135.9757772529603,0.982870097515198,93164.70364853568
2024-05-02T16:00:00Z,2024-05-02T16:00:00Z,2024-05-03T13:30:00Z,long,0,86,198.629861,197.02237523896878,200.23734676103123,200.21732302635513,target,136.52173426654088,0.86,135.66173426654086,0.9813225501563131,93300.36538280222
2024-05-06T15:00:00Z,2024-05-06T15:00:00Z,2024-05-10T19:45:00Z,long,0,48,204.260424,201.38338526709623,207.13746273290377,204.27957,weekend_close,0.9190080000003036,0.48,0.4390080000003036,0.0031789631107174377,93300.80439080222
2024-05-13T15:45:00Z,2024-05-13T15:45:00Z,2024-05-14T13:30:00Z,long,0,121,205.490547,204.33817903262522,206.64291496737476,206.62225067587804,target,136.93614478124323,1.21,135.72614478124322,0.9733901910111352,93436.53053558347
2024-05-14T15:45:00Z,2024-05-14T15:45:00Z,2024-05-15T13:30:00Z,long,0,91,206.690667,205.15343763372852,208.22789636627147,208.20707357663485,target,137.99299847377264,0.91,137.08299847377265,0.9799491277535433,93573.61353405725
2024-05-16T18:45:00Z,2024-05-16T18:45:00Z,2024-05-16T19:00:00Z,short,0,344,208.249173,208.65655842570868,207.84178757429135,208.67742408155124,stop,-147.31837205362103,3.44,-150.75837205362103,-1.07576524316957,93422.85516200363
2024-05-20T16:00:00Z,2024-05-20T16:00:00Z,2024-05-21T13:30:00Z,long,0,98,209.400938,207.98419212175904,210.81768387824096,207.96339370254685,stop,-140.8793411504081,0.98,-141.85934115040808,-1.0217388451134395,93280.99582085322
2024-05-21T15:30:00Z,2024-05-21T15:30:00Z,2024-05-21T15:45:00Z,short,0,353,208.449153,208.84467479741906,208.05363120258093,208.07443656570118,target,132.27490130748293,3.5300000000000002,128.74490130748293,0.922114625992137,93409.7407221607
2024-05-21T17:00:00Z,2024-05-21T17:00:00Z,2024-05-22T13:30:00Z,short,0,353,208.259172,208.65575703093484,207.86258696906518,207.8833732277621,target,132.6569665999837,3.5300000000000002,129.1269665999837,0.9223716068547865,93538.86768876069
2024-05-22T14:30:00Z,2024-05-22T14:30:00Z,2024-05-22T18:00:00Z,short,0,240,207.77922,208.36165165123757,207.19678834876245,207.21750802759732,target,134.81087337664576,2.4,132.41087337664575,0.9472561651318366,93671.27856213733
2024-05-23T15:00:00Z,2024-05-23T15:00:00Z,2024-05-24T19:45:00Z,short,0,49,204.549543,207.39104578497643,201.70804021502357,205.460544,weekend_close,-44.63904899999994,0.49,-45.129048999999945,-0.3241246163366472,93626.14951313734
2024-05-28T16:30:00Z,2024-05-28T16:30:00Z,2024-05-28T17:45:00Z,long,0,196,205.94059199999998,205.22582755404204,206.65535644595792,205.20530497128664,stop,-144.11625762781546,1.96,-146.07625762781547,-1.0427029952706974,93480.07325550952
2024-05-29T14:30:00Z,2024-05-29T14:30:00Z,2024-05-31T13:30:00Z,short,0,51,202.669731,205.37903339678638,199.96042860321364,205.39957130012607,stop,-139.2218553064289,0.51,-139.73185530642888,-1.0112715005072557,93340.34140020309
2024-06-03T18:15:00Z,2024-06-03T18:15:00Z,2024-06-04T13:30:00Z,short,0,137,203.949603,204.97128526251836,202.92792073748163,202.94821352955537,target,137.19035745091315,1.37,135.82035745091315,0.970350085163388,93476.161757654
2024-06-04T15:00:00Z,2024-06-04T15:00:00Z,2024-06-05T15:45:00Z,short,0,64,202.259772,204.42679446379736,200.09274953620263,204.44723714324374,stop,-139.99776916759947,0.64,-140.63776916759946,-1.0140481605313079,93335.5239884864
2024-06-05T16:15:00Z,2024-06-05T16:15:00Z,2024-06-07T13:30:00Z,long,0,74,204.290427,202.41369550158717,206.16715849841282,202.39345413203702,stop,-140.37599222925996,0.74,-141.11599222925997,-1.0161138498371902,93194.40799625714
2024-06-10T14:30:00Z,2024-06-10T14:30:00Z,2024-06-10T19:15:00Z,short,0,98,200.689929,202.11326307005297,199.26659492994705,202.13347439635996,stop,-141.46744884327524,0.98,-142.44744884327523,-1.0212257452011022,93051.96054741387
2024-06-11T15:45:00Z,2024-06-11T15:45:00Z,2024-06-12T13:30:00Z,short,0,69,199.390059,201.40994529573507,197.37017270426495,201.43008629026465,stop,-140.7618830282606,0.6900000000000001,-141.4518830282606,-1.0149221243756272,92910.5086643856
2024-06-12T14:30:00Z,2024-06-12T14:30:00Z,2024-06-14T13:30:00Z,long,0,20,207.050703,200.2085197725652,213.8928862274348,200.18849892058796,stop,-137.24408158824076,0.2,-137.44408158824075,-1.0043876129854103,92773.06458279736
2024-06-17T15:00:00Z,2024-06-17T15:00:00Z,2024-06-17T16:30:00Z,short,0,97,197.62023599999998,199.05452099167078,196.18595100832917,199.07442644376994,stop,-141.05647304568612,0.97,-142.02647304568612,-1.0208504253149266,92631.03810975168
2024-06-17T18:45:00Z,2024-06-17T18:45:00Z,2024-06-21T19:45:00Z,long,0,70,200.350033,198.37985240438982,202.32021359561017,200.269971,weekend_close,-5.6043399999998655,0.7000000000000001,-6.304339999999866,-0.045712560666097454,92624.73376975168
2024-06-24T15:15:00Z,2024-06-24T15:15:00Z,2024-06-26T13:30:00Z,long,0,52,202.44024199999998,199.81719994696,205.06328405303998,199.7972182269653,stop,-137.4372361978036,0.52,-137.9572361978036,-1.0114301331768363,92486.77653355387
2024-06-26T15:00:00Z,2024-06-26T15:00:00Z,2024-06-27T13:30:00Z,short,0,173,199.78002,200.58047345855567,198.97956654144434,200.60053150590153,stop,-141.9484905209632,1.73,-143.67849052096318,-1.037551274249089,92343.09804303291
2024-06-27T15:45:00Z,2024-06-27T15:45:00Z,2024-06-27T16:45:00Z,long,0,263,200.330031,199.80528079080332,200.85478120919666,200.83469573107575,target,132.7268242729258,2.63,130.0968242729258,0.9426670488288857,92473.19486730584
2024-06-27T17:45:00Z,2024-06-27T17:45:00Z,2024-06-27T19:45:00Z,long,0,154,201.14011200000002,200.24169999026645,202.03852400973358,202.0183201573326,target,135.24405622921728,1.54,133.7040562292173,0.9663808452316442,92606.89892353506
2024-07-01T16:30:00Z,2024-07-01T16:30:00Z,2024-07-03T13:30:00Z,short,0,125,201.259872,202.3640474976423,200.1556965023577,202.38428390239207,stop,-140.5514877990086,1.25,-141.8014877990086,-1.0273836947245516,92465.09743573605
2024-07-08T15:30:00Z,2024-07-08T15:30:00Z,2024-07-09T15:00:00Z,long,0,72,202.69026699999998,200.77174584478342,204.60878815521653,200.75166867019894,stop,-139.5790797456748,0.72,-140.2990797456748,-1.0156772702259262,92324.79835599038
2024-07-09T15:45:00Z,2024-07-09T15:45:00Z,2024-07-09T17:00:00Z,short,0,121,201.039894,202.18098447436165,199.89880352563836,202.20120257280908,stop,-140.51833730989827,1.21,-141.72833730989828,-1.0264817725906743,92183.07001868048
2024-07-10T16:30:00Z,2024-07-10T16:30:00Z,2024-07-11T13:30:00Z,long,0,140,202.66026399999998,201.67635131175604,203.64417668824393,203.62381227057512,target,134.8967578805184,1.4000000000000001,133.4967578805184,0.9691391136310995,92316.566776561
2024-07-15T14:45:00Z,2024-07-15T14:45:00Z,2024-07-16T13:30:00Z,long,0,40,216.261624,212.82644620373972,219.6968017962603,219.67483211608067,target,136.52832464322614,0.4,136.12832464322614,0.9906934423556063,92452.69510120423
2024-07-16T14:30:00Z,2024-07-16T14:30:00Z,2024-07-17T13:45:00Z,long,0,30,220.772075,216.20303789560268,225.34111210439733,225.3185779931869,target,136.39508979560674,0.3,136.09508979560673,0.9928794381689039,92588.79019099983
2024-07-17T18:30:00Z,2024-07-17T18:30:00Z,2024-07-17T18:30:00Z,short,0,877,222.937704,223.0960288920351,222.7793791079649,223.1183384949243,stop,-158.41645204861592,8.77,-167.18645204861593,-1.2040715295864306,92421.60373895122
2024-07-18T17:15:00Z,2024-07-18T17:15:00Z,2024-07-18T18:15:00Z,short,0,58,220.597938,222.95627519036364,218.23960080963636,218.2614247697173,target,135.51776735639606,0.58,134.93776735639605,0.986505763378118,92556.54150630762
2024-07-22T17:15:00Z,2024-07-22T17:15:00Z,2024-07-22T19:00:00Z,long,0,92,218.581856,217.07376603881508,220.0899459611849,220.06793696658877,target,136.7194489261684,0.92,135.79944892616842,0.9787751424517335,92692.34095523378
2024-07-23T15:00:00Z,2024-07-23T15:00:00Z,2024-07-24T19:45:00Z,long,0,39,221.802178,218.28939185731468,225.3149641426853,218.26756291812896,stop,-137.8499881929705,0.39,-138.2399881929705,-1.009060881560354,92554.10096704081
2024-07-25T17:00:00Z,2024-07-25T17:00:00Z,2024-07-26T19:45:00Z,long,0,44,223.382336,220.29279847143218,226.47187352856784,224.227575,weekend_close,37.19051599999966,0.44,36.750515999999664,0.2703443451574356,92590.85148304081
2024-07-29T17:00:00Z,2024-07-29T17:00:00Z,2024-07-30T13:30:00Z,short,0,74,221.657832,223.5332771026825,219.78238689731754,223.55563043039277,stop,-140.4370838490638,0.74,-141.17708384906382,-1.0172510129270125,92449.67439919175
2024-07-30T17:15:00Z,2024-07-30T17:15:00Z,2024-07-30T17:15:00Z,short,0,294,221.887809,222.3588750394715,221.4167429605285,221.43888463482455,target,131.98376336158458,2.94,129.04376336158458,0.931768220158449,92578.71816255333
2024-07-31T14:30:00Z,2024-07-31T14:30:00Z,2024-07-31T15:30:00Z,long,0,109,223.212319,221.94590508732347,224.47873291267655,224.45628503938528,target,135.59229829299449,1.09,134.50229829299448,0.9743781452758268,92713.22046084632
2024-08-01T15:45:00Z,2024-08-01T15:45:00Z,2024-08-02T14:00:00Z,short,0,16,216.388359,224.70627679129905,208.07044120870097,208.09124825282183,target,132.7537719548509,0.16,132.5937719548509,0.9962963033665609,92845.81423280117
2024-08-05T14:30:00Z,2024-08-05T14:30:00Z,2024-08-09T19:45:00Z,short,0,12,199.06009200000003,210.48222778508307,187.63795621491698,206.42064,weekend_close,-88.32657599999959,0.12,-88.4465759999996,-0.6452863228631615,92757.36765680117
2024-08-12T16:00:00Z,2024-08-12T16:00:00Z,2024-08-13T13:30:00Z,short,0,107,204.819516,206.11692580140124,203.52210619859875,206.13753749398137,stop,-141.0282998560073,1.07,-142.0982998560073,-1.0235944668732044,92615.26935694517
2024-08-13T15:45:00Z,2024-08-13T15:45:00Z,2024-08-13T16:45:00Z,long,0,105,206.16061399999998,204.84553680643057,207.4756911935694,207.45494362445004,target,135.90461056725601,1.05,134.854610567256,0.9766191906682715,92750.12396751242
2024-08-14T14:30:00Z,2024-08-14T14:30:00Z,2024-08-14T14:30:00Z,long,0,356,206.82068,206.43029021692493,207.2110697830751,206.40964718790323,stop,-146.32768110645293,3.56,-149.88768110645293,-1.0784934195263132,92600.23628640597
2024-08-14T18:45:00Z,2024-08-14T18:45:00Z,2024-08-14T18:45:00Z,short,0,409,206.509347,206.84892858173163,206.16976541826836,206.8696134745898,stop,-147.34898810723678,4.09,-151.43898810723678,-1.0903608867763461,92448.79729829873
2024-08-15T15:00:00Z,2024-08-15T15:00:00Z,2024-08-16T19:45:00Z,long,0,26,211.791177,206.49736834826385,217.08498565173616,212.608737,weekend_close,21.256559999999638,0.26,20.996559999999636,0.15254801469545726,92469.79385829873
2024-08-19T14:30:00Z,2024-08-19T14:30:00Z,2024-08-19T18:00:00Z,long,0,118,213.441342,212.27317551112546,214.60950848887452,214.58804753802565,target,135.3112534870275,1.18,134.1312534870275,0.9730680933338642,92603.92511178575
2024-08-19T18:45:00Z,2024-08-19T18:45:00Z,2024-08-20T14:15:00Z,long,0,79,215.0215,213.27316691408578,216.76983308591423,213.25183959739437,stop,-139.80317180584538,0.79,-140.59317180584537,-1.0179183914917622,92463.33193997991
2024-08-20T16:30:00Z,2024-08-20T16:30:00Z,2024-08-21T13:30:00Z,short,0,83,212.52874500000001,214.18571972850566,210.87177027149437,214.2071383004785,stop,-139.30664393971466,0.8300000000000001,-140.13664393971467,-1.018961406853308,92323.1952960402
2024-08-21T15:00:00Z,2024-08-21T15:00:00Z,2024-08-21T15:15:00Z,long,0,277,213.47134499999999,212.97242304177718,213.9702669582228,213.94886993152699,target,132.27440603297907,2.77,129.50440603297906,0.9370702648413255,92452.69970207318
2024-08-21T18:00:00Z,2024-08-21T18:00:00Z,2024-08-22T18:00:00Z,long,0,92,214.931491,213.4283597281719,216.4346222718281,213.4070168921991,stop,-140.25161791768267,0.92,-141.17161791768265,-1.0208516957635267,92311.52808415549
2024-08-26T14:30:00Z,2024-08-26T14:30:00Z,2024-08-27T13:30:00Z,long,0,39,222.12221,218.65450148252987,225.58991851747012,218.6326360323816,stop,-136.09338473711696,0.39,-136.48338473711695,-1.009189195109023,92175.04469941837
2024-08-27T15:45:00Z,2024-08-27T15:45:00Z,2024-08-29T17:30:00Z,short,0,60,218.348163,220.61616194590437,216.08016405409563,220.63822356209894,stop,-137.40363372593663,0.6,-138.00363372593662,-1.014136521647188,92037.04106569244
2024-09-03T16:15:00Z,2024-09-03T16:15:00Z,2024-09-05T15:00:00Z,short,0,37,215.108487,218.75909727033874,211.45787672966125,211.47902251733422,target,134.29018585863392,0.37,133.92018585863391,0.9914683339588386,92170.96125155107
2024-09-05T15:45:00Z,2024-09-05T15:45:00Z,2024-09-06T14:30:00Z,short,0,59,211.14888299999998,213.4694167547789,208.82834924522106,208.84923208014558,target,135.67940427140962,0.59,135.08940427140962,0.9866914950662016,92306.05065582247
2024-09-09T17:15:00Z,2024-09-09T17:15:00Z,2024-09-09T17:45:00Z,long,0,131,209.890987,208.83977063030173,210.94220336969826,208.8188866532387,stop,-140.44514542572884,1.31,-141.75514542572884,-1.029379277143379,92164.29551039674
2024-09-10T17:00:00Z,2024-09-10T17:00:00Z,2024-09-10T19:45:00Z,short,0,60,206.199378,208.48594158281117,203.91281441718883,208.50679017696945,stop,-138.444730618167,0.6,-139.044730618167,-1.0134912470355864,92025.25077977857
2024-09-11T16:00:00Z,2024-09-11T16:00:00Z,2024-09-11T17:00:00Z,short,0,86,205.969401,207.5695802208442,204.36922177915582,207.59033717886626,stop,-139.40051138249828,0.86,-140.2605113824983,-1.0192209457674688,91884.99026839607
2024-09-11T18:45:00Z,2024-09-11T18:45:00Z,2024-09-12T15:30:00Z,long,0,55,209.0209,206.52870310646242,211.5130968935376,211.49194558384826,target,135.90750711165384,0.55,135.35750711165383,0.9875004620340707,92020.34777550772
2024-09-12T18:30:00Z,2024-09-12T18:30:00Z,2024-09-13T13:30:00Z,long,0,53,211.95119300000002,209.38936626528863,214.5130197347114,214.49156843273795,target,134.63989793511038,0.53,134.10989793511038,0.9877230955757825,92154.45767344283
2024-09-16T14:45:00Z,2024-09-16T14:45:00Z,2024-09-17T13:30:00Z,long,0,90,216.92169,215.39861355161088,218.44476644838915,218.4229219717443,target,135.11087745698603,0.9,134.21087745698603,0.9790920037674247,92288.6685508998
2024-09-17T14:30:00Z,2024-09-17T14:30:00Z,2024-09-18T18:00:00Z,long,0,39,220.51204900000002,216.9749226960344,224.04917530396563,224.02677038643523,target,137.0741340709733,0.39,136.6841340709733,0.9908386314918798,92425.35268497079
2024-09-19T15:00:00Z,2024-09-19T15:00:00Z,2024-09-20T19:45:00Z,long,0,61,222.372235,220.10052430527963,224.64394569472034,221.61783599999998,weekend_close,-46.018339000000395,0.61,-46.628339000000395,-0.33648606830814043,92378.72434597078
2024-09-23T15:15:00Z,2024-09-23T15:15:00Z,2024-09-25T17:00:00Z,short,0,62,220.33796400000003,222.55976901130495,218.1161589886951,218.13797060459396,target,136.39959051517621,0.62,135.7795905151762,0.9856820847297615,92514.50393648595
2024-09-26T17:00:00Z,2024-09-26T17:00:00Z,2024-09-26T17:00:00Z,long,0,694,219.261924,219.06217685185578,219.4616711481442,219.4397249810294,target,123.39388083440815,6.94,116.45388083440815,0.8400669676057597,92630.95781732036
2024-09-30T16:15:00Z,2024-09-30T16:15:00Z,2024-09-30T16:15:00Z,long,0,452,220.802078,220.49520594848238,221.1089500515176,221.08683915651247,target,128.7120427436381,4.5200000000000005,124.19204274363811,0.89536064022012,92755.149860064
2024-10-01T14:45:00Z,2024-10-01T14:45:00Z,2024-10-04T19:45:00Z,short,0,44,217.418256,220.53825508451138,214.29825691548865,219.231921,weekend_close,-79.80125999999939,0.44,-80.24125999999939,-0.5845081843303164,92674.90860006401
2024-10-07T16:00:00Z,2024-10-07T16:00:00Z,2024-10-07T18:30:00Z,short,0,135,217.40825700000002,218.43759112264922,216.37892287735082,216.40056076963856,target,136.0389910987972,1.35,134.6889910987972,0.969263729248268,92809.5975911628
2024-10-07T18:45:00Z,2024-10-07T18:45:00Z,2024-10-08T14:00:00Z,short,0,97,216.558342,217.98426575361088,215.13241824638914,218.00606418018626,stop,-140.42905147806596,0.97,-141.39905147806596,-1.0223002292337506,92668.19853968474
2024-10-08T16:45:00Z,2024-10-08T16:45:00Z,2024-10-09T13:30:00Z,long,0,130,218.32183,217.2536063051755,219.3900536948245,217.231880944545,stop,-141.6933772091511,1.3,-142.9933772091511,-1.0296991732950882,92525.2051624756
2024-10-09T15:30:00Z,2024-10-09T15:30:00Z,2024-10-09T19:00:00Z,long,0,92,219.181916,217.68692779263588,220.67690420736412,217.66515909985662,stop,-139.54163481319074,0.92,-140.46163481319073,-1.0212501293473573,92384.7435276624
2024-10-14T15:45:00Z,2024-10-14T15:45:00Z,2024-10-15T15:30:00Z,long,0,62,222.392237,220.1636194241098,224.62085457589018,224.5983924904326,target,136.78164040682077,0.62,136.16164040682077,0.9854339812228108,92520.90516806922
2024-10-16T16:00:00Z,2024-10-16T16:00:00Z,2024-10-18T19:45:00Z,long,0,52,226.68266599999998,224.0576754741479,229.30765652585205,225.62743500000002,weekend_close,-54.87201199999811,0.52,-55.39201199999811,-0.40580375034084765,92465.51315606922
2024-10-21T14:45:00Z,2024-10-21T14:45:00Z,2024-10-23T13:30:00Z,short,0,45,222.987699,226.00779346363768,219.9676045363623,219.98960129681595,target,134.91439664328198,0.45,134.464396643282,0.9894053776003066,92599.9775527125
2024-10-23T14:30:00Z,2024-10-23T14:30:00Z,2024-10-23T17:00:00Z,short,0,96,220.107987,221.55159585219874,218.66437814780127,218.68624458561604,target,136.4872717808612,0.96,135.52727178086118,0.9779258503671338,92735.50482449336
2024-10-23T18:00:00Z,2024-10-23T18:00:00Z,2024-10-24T13:30:00Z,short,0,59,218.218176,220.54440686571166,215.89194513428833,220.56646130639822,stop,-138.54883307749526,0.59,-139.13883307749526,-1.0137795612460647,92596.36599141586
2024-10-28T15:45:00Z,2024-10-28T15:45:00Z,2024-10-31T14:00:00Z,long,0,55,222.142212,219.65303352375503,224.63139047624497,219.63106822040265,stop,-138.1129078778541,0.55,-138.6629078778541,-1.0128417080805694,92457.70308353801
2024-10-31T14:45:00Z,2024-10-31T14:45:00Z,2024-11-01T19:45:00Z,short,0,41,219.37806,222.71589286451146,216.04022713548855,219.03190099999998,weekend_close,14.19251900000117,0.41000000000000003,13.78251900000117,0.10071175329781851,92471.48560253801
2024-11-04T17:15:00Z,2024-11-04T17:15:00Z,2024-11-05T14:30:00Z,long,0,103,220.49204699999999,219.15326503665244,221.83082896334753,219.13134971014878,stop,-140.15182085467387,1.03,-141.18182085467387,-1.023839077144315,92330.30378168334
2024-11-05T17:00:00Z,2024-11-05T17:00:00Z,2024-11-06T14:30:00Z,long,0,61,222.62225999999998,220.35229117361646,224.8922288263835,224.86973960350088,target,137.09625581355442,0.61,136.4862558135544,0.9856873704585679,92466.79003749689
2024-11-11T15:30:00Z,2024-11-11T15:30:00Z,2024-11-12T17:45:00Z,long,0,35,241.054103,237.14419330929155,244.96401269070844,237.12047888996062,stop,-137.67684385137812,0.35000000000000003,-138.02684385137812,-1.0086228128007786,92328.76319364551
2024-11-13T17:15:00Z,2024-11-13T17:15:00Z,2024-11-13T17:15:00Z,long,0,335,238.793877,238.3816817436923,239.20607225630772,238.35784357551793,stop,-146.07119720149555,3.35,-149.42119720149554,-1.0820925705877213,92179.34199644403
2024-11-13T19:30:00Z,2024-11-13T19:30:00Z,2024-11-14T14:30:00Z,short,0,64,236.596338,238.730410734658,234.462265265342,234.48571149186856,target,135.08009652041255,0.64,134.44009652041257,0.9843275133113469,92313.78209296444
2024-11-14T18:00:00Z,2024-11-14T18:00:00Z,2024-11-15T15:45:00Z,short,0,36,232.456752,236.27793169619954,228.63557230380044,228.65843586103082,target,136.73938100289013,0.36,136.3793810028901,0.9913996305216775,92450.16147396732
2024-11-18T17:45:00Z,2024-11-18T17:45:00Z,2024-11-18T18:15:00Z,long,0,234,229.81297899999998,229.22285708607225,230.40310091392772,229.19993480036365,stop,-143.45234271490227,2.34,-145.79234271490228,-1.0557889563691658,92304.36913125242
2024-11-19T15:45:00Z,2024-11-19T15:45:00Z,2024-11-19T16:30:00Z,short,0,212,228.737124,229.3872593254328,228.08698867456718,229.41019805136534,stop,-142.69169888945362,2.12,-144.81169888945362,-1.0506644149979165,92159.55743236297
2024-11-19T18:30:00Z,2024-11-19T18:30:00Z,2024-11-19T20:45:00Z,long,0,139,229.662964,228.67511221071933,230.65081578928064,230.62775070770172,target,134.105352370541,1.3900000000000001,132.715352370541,0.9665282971213748,92292.2727847335
2024-11-21T15:45:00Z,2024-11-21T15:45:00Z,2024-11-22T14:30:00Z,long,0,40,232.803278,229.42458965513612,236.1819663448639,236.1583481482294,target,134.20280592917607,0.4,133.80280592917606,0.9900499267162086,92426.07559066269
2024-11-25T15:30:00Z,2024-11-25T15:30:00Z,2024-12-06T20:45:00Z,long,0,20,244.204418,237.48831207420412,250.9205239257959,238.936104,weekend_close,-105.36628000000007,0.2,-105.56628000000008,-0.7859188134193255,92320.50931066269
2024-12-09T16:30:00Z,2024-12-09T16:30:00Z,2024-12-09T16:45:00Z,long,0,307,239.253923,238.8033651812421,239.70448081875787,239.680510370676,target,130.962322797533,3.0700000000000003,127.89232279753301,0.9246035765719617,92448.40163346022
2024-12-09T19:00:00Z,2024-12-09T19:00:00Z,2024-12-09T19:15:00Z,short,0,381,238.9761,239.3391447719984,238.6130552280016,238.63691653352438,target,129.22890072721026,3.81,125.41890072721026,0.906729670458015,92573.82053418743
2024-12-09T19:30:00Z,2024-12-09T19:30:00Z,2024-12-09T20:15:00Z,short,0,232,238.70612699999998,239.3040440144341,238.10820998556585,238.1320208065644,target,133.19263687705188,2.32,130.8726368770519,0.9434523183278851,92704.69317106449
2024-12-11T19:00:00Z,2024-12-11T19:00:00Z,2024-12-11T19:30:00Z,long,0,213,238.37383499999999,237.72374704055318,239.0239229594468,239.00002056715084,target,133.37752580313224,2.13,131.24752580313225,0.9478495305084546,92835.94069686762
2024-12-12T16:45:00Z,2024-12-12T16:45:00Z,2024-12-13T14:30:00Z,short,0,60,236.08638900000003,238.3897475998564,233.78303040014364,233.80640870318365,target,136.79881780898256,0.6,136.19881780898257,0.9855088551812619,92972.1395146766
2024-12-16T17:00:00Z,2024-12-16T17:00:00Z,2024-12-17T14:30:00Z,long,0,88,234.75347299999999,233.17456428611186,236.3323817138881,233.15124682968326,stop,-140.9959029878719,0.88,-141.87590298787188,-1.0211015723300143,92830.26361168873
2024-12-17T16:30:00Z,2024-12-17T16:30:00Z,2024-12-18T19:15:00Z,short,0,40,231.286869,234.76168362145899,227.812054378541,227.83483558397884,target,138.08133664084608,0.4,137.68133664084607,0.9905660563198408,92967.94494832958
2024-12-23T16:15:00Z,2024-12-23T16:15:00Z,2024-12-24T16:45:00Z,short,0,60,220.507947,222.82173029185836,218.19416370814164,222.84401246488756,stop,-140.16392789325323,0.6,-140.76392789325322,-1.0139521160615128,92827.18102043633
2024-12-24T17:15:00Z,2024-12-24T17:15:00Z,2024-12-26T16:00:00Z,long,0,79,222.892287,221.1481518938158,224.63642210618423,224.6139584639736,target,136.01204565391382,0.79,135.22204565391382,0.9813869681909864,92962.40306609024
2024-12-26T16:15:00Z,2024-12-26T16:15:00Z,2024-12-27T15:15:00Z,long,0,46,224.892487,221.91142986282924,227.87354413717074,221.88923871984295,stop,-138.14942088722376,0.46,-138.60942088722376,-1.010798566248495,92823.79364520301
2024-12-30T16:15:00Z,2024-12-30T16:15:00Z,2024-12-31T14:30:00Z,short,0,52,219.598038,222.23454067751368,216.96153532248633,222.25676413158143,stop,-138.25375884223445,0.52,-138.77375884223446,-1.0122220448864268,92685.01988636078
2024-12-31T15:45:00Z,2024-12-31T15:45:00Z,2024-12-31T17:00:00Z,long,0,93,222.40223799999998,220.91436118816128,223.89011481183869,220.89226975204247,stop,-140.42704706004903,0.93,-141.35704706004904,-1.0215686109652824,92543.66283930073
2024-12-31T19:00:00Z,2024-12-31T19:00:00Z,2024-12-31T19:00:00Z,short,0,215,220.917906,221.56298247543603,220.27282952456395,221.58513877368358,stop,-143.4550463419727,2.15,-145.6050463419727,-1.0498488155622412,92398.05779295876
2025-01-02T16:00:00Z,2025-01-02T16:00:00Z,2025-01-02T17:30:00Z,long,0,97,222.52224999999999,221.09558578409678,223.9489142159032,221.07347622551836,stop,-140.53105612471742,0.97,-141.50105612471742,-1.0225067386007807,92256.55673683404
2025-01-06T15:30:00Z,2025-01-06T15:30:00Z,2025-01-07T15:00:00Z,long,0,39,226.632661,223.09702159503152,230.1683004049685,223.07471189287202,stop,-138.76001517799185,0.39,-139.15001517799183,-1.009138291114784,92117.40672165605
2025-01-07T16:45:00Z,2025-01-07T16:45:00Z,2025-01-08T14:30:00Z,short,0,54,222.95770199999998,225.48271530104662,220.43268869895334,220.45473196782322,target,135.16038173754515,0.54,134.62038173754516,0.9873096633365864,92252.0271033936
2025-01-08T18:45:00Z,2025-01-08T18:45:00Z,2025-01-08T18:45:00Z,short,0,946,221.527845,221.67408954969247,221.38160045030756,221.40373861035258,target,117.40464460647564,9.46,107.94464460647563,0.7802437074571169,92359.97174800007
2025-01-13T15:30:00Z,2025-01-13T15:30:00Z,2025-01-14T14:30:00Z,short,0,43,214.448553,217.60479687319304,211.29230912680697,217.62655735288035,stop,-136.65418717385506,0.43,-137.08418717385507,-1.0100627457710312,92222.88756082622
2025-01-15T15:30:00Z,2025-01-15T15:30:00Z,2025-01-17T20:45:00Z,long,0,20,225.182516,218.464838534747,231.90019346525298,225.40745700000002,weekend_close,4.498820000000592,0.2,4.298820000000592,0.0319963262767238,92227.18638082621
2025-01-21T16:45:00Z,2025-01-21T16:45:00Z,2025-01-24T20:45:00Z,long,0,40,228.92289,225.47864927331872,232.36713072668127,228.647133,weekend_close,-11.030279999999948,0.4,-11.430279999999948,-0.08296661664393659,92215.75610082621
2025-01-27T17:15:00Z,2025-01-27T17:15:00Z,2025-01-27T18:45:00Z,short,0,76,227.08728900000003,228.89192014232995,225.2826578576701,225.30518612345585,target,135.4398186173571,0.76,134.6798186173571,0.9819751166746712,92350.43591944357
2025-01-28T18:30:00Z,2025-01-28T18:30:00Z,2025-01-28T19:30:00Z,short,0,285,226.227375,226.71221393599617,225.74253606400381,226.73488515738978,stop,-144.64039485608964,2.85,-147.49039485608964,-1.067385721252935,92202.94552458747
2025-01-29T15:30:00Z,2025-01-29T15:30:00Z,2025-01-29T18:00:00Z,long,0,114,227.482746,226.27731897108507,228.68817302891492,226.25469123918796,stop,-139.99824273257127,1.1400000000000001,-141.13824273257126,-1.0270673637760328,92061.8072818549
2025-01-29T19:30:00Z,2025-01-29T19:30:00Z,2025-01-29T19:30:00Z,short,0,72,224.927505,226.82918698568645,223.02582301431354,226.851869904385,stop,-138.55427311572112,0.72,-139.27427311572112,-1.0171863218690407,91922.53300873918
2025-01-30T16:45:00Z,2025-01-30T16:45:00Z,2025-01-31T19:00:00Z,long,0,51,229.172915,226.50364361147464,231.84218638852533,226.4809932471135,stop,-137.2880093972108,0.51,-137.7980093972108,-1.0122319388360053,91784.73499934196
2025-02-03T15:30:00Z,2025-02-03T15:30:00Z,2025-02-05T15:00:00Z,short,0,36,224.707527,228.46203173774282,220.95302226225718,228.4848779409166,stop,-135.98463387299728,0.36,-136.3446338729973,-1.0087484782862515,91648.39036546896
2025-02-06T15:30:00Z,2025-02-06T15:30:00Z,2025-02-06T19:00:00Z,long,0,121,229.492947,228.36564521784166,230.6202487821583,228.34280865331988,stop,-139.16673994829316,1.21,-140.37673994829316,-1.0291284596915242,91508.01362552067
2025-02-10T19:00:00Z,2025-02-10T19:00:00Z,2025-02-11T14:30:00Z,long,0,135,227.432741,226.41999820105877,228.4454837989412,226.39735620123867,stop,-139.77694783277926,1.35,-141.12694783277925,-1.0322312830604525,91366.8866776879
2025-02-11T16:45:00Z,2025-02-11T16:45:00Z,2025-02-12T14:30:00Z,short,0,141,225.857412,226.82455215360503,224.890271846395,224.91276087357963,target,133.19580882527387,1.41,131.78580882527388,0.9664071158006101,91498.67248651317
2025-02-12T16:00:00Z,2025-02-12T16:00:00Z,2025-02-13T19:15:00Z,short,0,57,223.37766000000002,225.75170227303747,221.00361772696257,225.77427744326476,stop,-136.60719426609046,0.5700000000000001,-137.17719426609045,-1.0137213943480545,91361.49529224708
2025-02-18T16:15:00Z,2025-02-18T16:15:00Z,2025-02-18T19:00:00Z,long,0,107,227.25272299999997,225.97648582729533,228.52896017270461,225.95388817871262,stop,-138.97532587774725,1.07,-140.04532587774725,-1.0255419989950891,91221.44996636934
2025-02-19T16:45:00Z,2025-02-19T16:45:00Z,2025-02-19T17:00:00Z,short,0,608,226.357362,226.58227705109672,226.13244694890327,226.15506019359816,target,122.99949829231537,6.08,116.91949829231537,0.8549975000078177,91338.36946466166
2025-02-19T18:45:00Z,2025-02-19T18:45:00Z,2025-02-19T18:45:00Z,short,0,899,226.167381,226.31965931931066,226.01510268068935,226.0377041909574,target,116.57945132929095,8.99,107.58945132929095,0.7859083918469557,91445.95891599095
2025-02-20T16:45:00Z,2025-02-20T16:45:00Z,2025-02-21T17:30:00Z,short,0,47,223.49764800000003,226.3731952315127,220.62210076848734,220.6441629785642,target,134.113796007484,0.47000000000000003,133.643796007484,0.9888500492269823,91579.60271199844
2025-02-24T16:00:00Z,2025-02-24T16:00:00Z,2025-02-28T14:30:00Z,short,0,30,215.758422,220.2868120785571,211.2300319214429,211.25115492463505,target,135.2180122609485,0.3,134.9180122609485,0.9931271373154184,91714.52072425939
2025-03-03T16:00:00Z,2025-03-03T16:00:00Z,2025-03-03T16:30:00Z,long,0,175,213.651363,212.86537315443803,214.43735284556197,212.8440866171226,stop,-141.27336700354576,1.75,-143.02336700354576,-1.0398052691037802,91571.49735725584
2025-03-05T16:45:00Z,2025-03-05T16:45:00Z,2025-03-05T19:00:00Z,short,0,52,205.04949299999998,207.64961196658385,202.44937403341612,207.6703769277805,stop,-136.28596424458658,0.52,-136.8059642445866,-1.0118321359876343,91434.69139301125
2025-03-06T19:00:00Z,2025-03-06T19:00:00Z,2025-03-07T16:30:00Z,short,0,53,204.61953599999998,207.1841292216296,202.05494277837036,202.0751482726482,target,134.85254954964486,0.53,134.32254954964486,0.9882221110065017,91569.0139425609
2025-03-10T16:00:00Z,2025-03-10T16:00:00Z,2025-03-10T18:30:00Z,short,0,50,202.609737,205.32601849123154,199.89345550876845,199.91344485431932,target,134.81460728403363,0.5,134.31460728403363,0.9889594117370833,91703.32854984493
2025-03-11T15:45:00Z,2025-03-11T15:45:00Z,2025-03-11T15:45:00Z,short,0,234,201.31986600000002,201.90735702317394,200.7323749768261,200.75244821432378,target,132.77576184824045,2.34,130.43576184824045,0.9488107284853259,91833.76431169317
2025-03-11T17:45:00Z,2025-03-11T17:45:00Z,2025-03-11T18:15:00Z,short,0,72,199.38006000000001,201.28457308676786,197.47554691323217,201.30470154407655,stop,-138.5741911735106,0.72,-139.2941911735106,-1.015819506580455,91694.47012051966
2025-03-12T16:45:00Z,2025-03-12T16:45:00Z,2025-03-12T16:45:00Z,short,0,267,200.76992099999998,201.28428380006483,200.25555819993514,201.30441222844482,stop,-142.7091579947711,2.67,-145.37915799477108,-1.058574275542851,91549.09096252489
2025-03-12T18:45:00Z,2025-03-12T18:45:00Z,2025-03-13T13:30:00Z,long,0,85,202.430241,200.8177713135786,204.0427106864214,200.79768953644722,stop,-138.76687440198566,0.85,-139.61687440198565,-1.0186557163738859,91409.47408812291
2025-03-13T16:00:00Z,2025-03-13T16:00:00Z,2025-03-14T14:45:00Z,short,0,44,198.410157,201.47195707487055,195.34835692512945,201.49210427057804,stop,-135.60567990543382,0.44,-136.04567990543381,-1.00984623259857,91273.42840821747
2025-03-17T14:30:00Z,2025-03-17T14:30:00Z,2025-03-17T18:00:00Z,long,0,69,203.440342,201.47261296900197,205.408071030998,205.3875302238949,target,134.35598744874991,0.6900000000000001,133.66598744874992,0.9844791601780665,91407.09439566622
2025-03-17T18:45:00Z,2025-03-17T18:45:00Z,2025-03-18T13:30:00Z,long,0,51,205.910589,203.22518651409607,208.5959914859039,203.20486399544467,stop,-137.99197523232127,0.51,-138.50197523232126,-1.011291610404982,91268.5924204339
2025-03-18T16:00:00Z,2025-03-18T16:00:00Z,2025-03-19T13:45:00Z,short,0,71,202.55974200000003,204.46581611040602,200.65366788959403,204.48626269201705,stop,-136.78296913320852,0.71,-137.49296913320853,-1.0159734511081213,91131.09945130069
2025-03-19T15:30:00Z,2025-03-19T15:30:00Z,2025-03-19T18:00:00Z,long,0,109,204.54045200000002,203.29282576618894,205.7880782338111,203.27249648361231,stop,-138.20715128625943,1.09,-139.29715128625944,-1.0243095902880943,90991.80230001443
2025-03-20T15:30:00Z,2025-03-20T15:30:00Z,2025-03-20T18:15:00Z,long,0,62,207.270725,205.0957268383374,209.44572316166258,205.07521726565358,stop,-136.1214795294781,0.62,-136.7414795294781,-1.014027401595831,90855.06082048496
2025-03-24T15:45:00Z,2025-03-24T15:45:00Z,2025-03-27T13:30:00Z,long,0,32,208.31082899999998,204.09436304882368,212.5272949511763,204.0739536125188,stop,-135.58001239939767,0.32,-135.90001239939767,-1.0072120673229652,90719.16080808555
2025-03-27T17:45:00Z,2025-03-27T17:45:00Z,2025-03-27T19:15:00Z,short,0,96,204.37956,205.79421710519867,202.96490289480133,205.8147965269092,stop,-137.78270658328256,0.96,-138.74270658328257,-1.0216161369409924,90580.41810150226
2025-03-31T14:30:00Z,2025-03-31T14:30:00Z,2025-04-02T15:15:00Z,short,0,34,197.320266,201.28772302791768,193.35280897208233,201.30785180022048,stop,-135.57791720749606,0.34,-135.91791720749606,-1.0075939757105852,90444.50018429477
2025-04-02T16:30:00Z,2025-04-02T16:30:00Z,2025-04-03T13:30:00Z,long,0,42,202.160214,198.96850254273264,205.35192545726736,198.94860569247837,stop,-134.88754891590844,0.42,-135.30754891590843,-1.0093670278953932,90309.19263537886
2025-04-03T15:45:00Z,2025-04-03T15:45:00Z,2025-04-04T13:30:00Z,short,0,14,191.50084800000002,200.89613577804312,182.10556022195692,182.1237707779791,target,131.27908110829281,0.14,131.13908110829283,0.9969973718007754,90440.33171648716
2025-04-07T15:00:00Z,2025-04-07T15:00:00Z,2025-04-07T15:00:00Z,short,0,103,181.261872,182.57886625057097,179.94487774942905,182.59712413719603,stop,-137.5309701311903,1.03,-138.5609701311903,-1.0214563477500487,90301.77074635596
2025-04-07T16:30:00Z,2025-04-07T16:30:00Z,2025-04-07T17:45:00Z,short,0,46,178.732125,181.63891517950833,175.82533482049166,181.6570790710263,stop,-134.54788726720943,0.46,-135.00788726720944,-1.0096890005052657,90166.76285908875
2025-04-08T15:45:00Z,2025-04-08T15:45:00Z,2025-04-08T16:15:00Z,long,0,50,182.648263,179.94976962877678,185.3467563712232,179.9317746518139,stop,-135.8244174093045,0.5,-136.3244174093045,-1.01037429895564,90030.43844167945
2025-04-08T18:30:00Z,2025-04-08T18:30:00Z,2025-04-09T17:15:00Z,short,0,24,176.44235400000002,181.89975233906694,170.9849556609331,181.91794231430083,stop,-131.41411954321939,0.24,-131.6541195432194,-1.0051654604414886,89898.78432213623
2025-04-10T17:15:00Z,2025-04-10T17:15:00Z,2025-04-10T18:00:00Z,short,0,26,178.162182,183.3101037259648,173.0142602740352,183.3284347363374,stop,-134.32257114477272,0.26,-134.58257114477271,-1.0055033879458017,89764.20175099146
2025-04-16T15:00:00Z,2025-04-16T15:00:00Z,2025-04-16T15:15:00Z,short,0,113,185.521446,186.70850765370994,184.33438434629005,186.72717850447532,stop,-136.2477730057113,1.1300000000000001,-137.3777730057113,-1.024152789937885,89626.82397798575
2025-04-16T17:45:00Z,2025-04-16T17:45:00Z,2025-04-17T13:30:00Z,short,0,68,184.301568,186.26906051957536,182.33407548042464,186.28768742562733,stop,-135.0561209426579,0.68,-135.73612094265792,-1.014549944036454,89491.0878570431
2025-04-17T17:00:00Z,2025-04-17T17:00:00Z,2025-04-21T13:30:00Z,long,0,75,186.698668,184.9302171533024,188.4671188466976,184.91172413158708,stop,-134.02079013096895,0.75,-134.77079013096895,-1.0161118539248841,89356.31706691213
2025-04-21T15:45:00Z,2025-04-21T15:45:00Z,2025-04-22T13:30:00Z,short,0,32,182.051793,186.14987101964536,177.95371498035465,186.16848600674732,stop,-131.73417621591398,0.32,-132.05417621591397,-1.0069825383911142,89224.26289069622
2025-04-22T15:45:00Z,2025-04-22T15:45:00Z,2025-04-23T13:30:00Z,long,0,43,185.72857100000002,182.64302604297512,188.8141159570249,188.7952345454292,target,131.8665324534547,0.43,131.4365324534547,0.9906397696361675,89355.69942314968
2025-04-23T14:30:00Z,2025-04-23T14:30:00Z,2025-04-25T19:45:00Z,long,0,15,194.359434,185.84696899111165,202.87189900888833,194.09058900000002,weekend_close,-4.032674999999557,0.15,-4.182674999999557,-0.032757256530137016,89351.51674814968
2025-04-28T18:00:00Z,2025-04-28T18:00:00Z,2025-04-28T19:00:00Z,short,0,144,193.200678,194.1265570226788,192.2747989773212,194.14596967838108,stop,-136.12200168687377,1.44,-137.56200168687377,-1.0317672773459867,89213.9547464628
2025-04-29T16:30:00Z,2025-04-29T16:30:00Z,2025-04-30T13:30:00Z,long,0,76,195.58955699999999,193.82877982950058,197.3503341704994,193.80939695151764,stop,-135.29216368465814,0.76,-136.05216368465813,-1.0166874482900075,89077.90258277814
2025-04-30T15:45:00Z,2025-04-30T15:45:00Z,2025-04-30T19:45:00Z,short,0,84,193.830615,195.40829526239216,192.25293473760783,195.4278360919184,stop,-134.16657172114674,0.84,-135.00657172114674,-1.0187242182274996,88942.896011057
2025-05-01T14:45:00Z,2025-05-01T14:45:00Z,2025-05-02T14:15:00Z,long,0,46,196.789677,193.9331217083872,199.64623229161282,199.62626766838366,target,130.4831707456479,0.46,130.0231707456479,0.9895102246691542,89072.91918180266
2025-05-05T17:15:00Z,2025-05-05T17:15:00Z,2025-05-05T17:15:00Z,long,0,996,199.829981,199.6959517642978,199.9640102357022,199.67598216912137,stop,-153.38283555512032,9.96,-163.34283555512033,-1.2236049099244541,88909.57634624754
2025-05-06T15:00:00Z,2025-05-06T15:00:00Z,2025-05-08T15:15:00Z,short,0,54,197.62023599999998,200.05862032587328,195.18185167412668,200.07862618790585,stop,-132.75307014691737,0.54,-133.29307014691736,-1.012305632756161,88776.28327610063
2025-05-08T15:45:00Z,2025-05-08T15:45:00Z,2025-05-09T19:45:00Z,long,0,31,201.68016599999999,197.51238824906852,205.84794375093145,200.809917,weekend_close,-26.977718999999155,0.31,-27.287718999999154,-0.21120344044335002,88748.99555710063
2025-05-12T15:00:00Z,2025-05-12T15:00:00Z,2025-05-16T19:45:00Z,long,0,22,206.62066,200.76569327473507,212.4756267252649,209.889009,weekend_close,71.90367800000001,0.22,71.68367800000001,0.5565102506799596,88820.67923510063
2025-05-19T15:45:00Z,2025-05-19T15:45:00Z,2025-05-19T19:45:00Z,short,0,127,208.039194,209.08662686759604,206.99176113240398,209.1075355302828,stop,-135.67937434591482,1.27,-136.94937434591483,-1.0295089677276437,88683.72986075471
2025-05-20T15:45:00Z,2025-05-20T15:45:00Z,2025-05-20T17:00:00Z,long,0,237,208.97089499999998,208.41049658518128,209.5312934148187,209.5103402854772,target,127.8485326581031,2.37,125.47853265810309,0.9447658513604253,88809.20839341282
2025-05-20T18:00:00Z,2025-05-20T18:00:00Z,2025-05-20T18:45:00Z,long,0,130,209.66096399999998,208.6412028948596,210.68072510514037,208.62033877457011,stop,-135.28127930588226,1.3,-136.58127930588228,-1.0302660300867477,88672.62711410693
2025-05-21T14:30:00Z,2025-05-21T14:30:00Z,2025-05-21T17:15:00Z,short,0,56,206.68932900000001,209.05889036336097,204.31976763663906,204.34019961340272,target,131.55124564944867,0.56,130.99124564944867,0.9871571265322725,88803.61835975638
2025-05-21T18:15:00Z,2025-05-21T18:15:00Z,2025-05-23T13:30:00Z,short,0,34,204.049593,207.86433773896934,200.23484826103063,200.25487174585675,target,129.02052264087018,0.34,128.68052264087018,0.9921296215394418,88932.29888239726
2025-05-27T14:30:00Z,2025-05-27T14:30:00Z,2025-05-30T19:45:00Z,long,0,37,206.180616,202.60309268226408,209.7581393177359,205.069491,weekend_close,-41.11162499999952,0.37,-41.48162499999952,-0.3133802075983415,88890.81725739726
2025-06-05T17:30:00Z,2025-06-05T17:30:00Z,2025-06-05T18:15:00Z,long,0,143,209.44094199999998,208.5086664474278,210.37321755257216,208.48781558078306,stop,-136.2970779480188,1.43,-137.7270779480188,-1.0330920043538816,88753.09017944924
2025-06-05T18:45:00Z,2025-06-05T18:45:00Z,2025-06-05T19:00:00Z,long,0,356,209.200918,208.82781361542118,209.57402238457883,208.80693083405964,stop,-140.25943107476792,3.56,-143.81943107476792,-1.082772496486198,88609.27074837447
2025-06-09T18:15:00Z,2025-06-09T18:15:00Z,2025-06-12T13:30:00Z,long,0,65,214.261424,212.23447482213206,216.28837317786795,212.21325137464984,stop,-133.13122064776053,0.65,-133.78122064776053,-1.0154041590303002,88475.48952772672
2025-06-12T16:45:00Z,2025-06-12T16:45:00Z,2025-06-13T13:30:00Z,short,0,120,212.718726,213.8224154081686,211.6150365918314,211.63619809549058,target,129.9033485411303,1.2,128.7033485411303,0.9717660571637686,88604.19287626786
2025-06-16T16:15:00Z,2025-06-16T16:15:00Z,2025-06-16T19:15:00Z,long,0,163,210.95109300000001,210.13871646496483,211.7634695350352,210.11770259331834,stop,-135.84263628911268,1.6300000000000001,-137.47263628911267,-1.0381767201648002,88466.72023997875
2025-06-17T18:00:00Z,2025-06-17T18:00:00Z,2025-06-18T13:30:00Z,short,0,106,209.06909100000001,210.3143802508596,207.82380174914042,207.84458412931534,target,129.79772829257587,1.06,128.73772829257587,0.9752809396261367,88595.45796827132
2025-06-18T16:30:00Z,2025-06-18T16:30:00Z,2025-06-18T18:45:00Z,long,0,94,210.751073,209.34473610816508,212.1574098918349,209.32380163455426,stop,-134.16350835189894,0.9400000000000001,-135.10350835189894,-1.0219964887435047,88460.35445991943
2025-06-25T16:15:00Z,2025-06-25T16:15:00Z,2025-06-25T17:30:00Z,short,0,162,212.99869800000002,213.81299639317425,212.1843996068258,212.20561804678647,target,128.47895242059502,1.62,126.85895242059502,0.961662161902366,88587.21341234002
2025-06-25T18:15:00Z,2025-06-25T18:15:00Z,2025-06-25T19:45:00Z,short,0,243,212.738724,213.28505362310366,212.19239437689632,212.21361361633402,target,127.60182323083197,2.43,125.17182323083196,0.942856403684751,88712.38523557085
2025-06-26T16:15:00Z,2025-06-26T16:15:00Z,2025-06-26T19:45:00Z,long,0,103,214.081406,212.7897617808995,215.37305021910046,215.35151291407857,target,130.82101215009394,1.03,129.79101215009393,0.9755835975917134,88842.17624772094
2025-06-30T15:45:00Z,2025-06-30T15:45:00Z,2025-06-30T17:45:00Z,long,0,373,215.87158499999998,215.51434003255946,216.2288299674405,215.49278859855622,stop,-141.29105773852427,3.73,-145.02105773852426,-1.0883187640942646,88697.15518998241
2025-07-01T17:30:00Z,2025-07-01T17:30:00Z,2025-07-09T19:45:00Z,long,0,33,219.671965,215.75343402624287,223.59049597375713,223.56813692415975,target,128.57367349727159,0.33,128.24367349727157,0.9917420457273155,88825.39886347968
2025-07-15T16:30:00Z,2025-07-15T16:30:00Z,2025-07-16T15:15:00Z,short,0,57,220.397958,222.7107699393445,218.0851460606555,218.10695457526154,target,130.58719521009158,0.5700000000000001,130.0171952100916,0.9862468218600319,88955.41605868978
2025-07-16T16:30:00Z,2025-07-16T16:30:00Z,2025-07-16T18:30:00Z,short,0,116,219.36806099999998,220.5155736509692,218.22054834903076,220.5376252083343,stop,-135.6694481667813,1.16,-136.8294481667813,-1.027931332467691,88818.586610523
2025-07-17T16:45:00Z,2025-07-17T16:45:00Z,2025-07-18T19:45:00Z,long,0,58,223.342332,221.050799230445,225.633864769555,222.26777099999998,weekend_close,-62.324538000000985,0.58,-62.90453800000098,-0.4732906351632183,88755.68207252299
2025-07-21T15:45:00Z,2025-07-21T15:45:00Z,2025-07-21T18:45:00Z,long,0,93,224.052403,222.6272485189088,225.4775574810912,222.60498579405692,stop,-134.6098001527067,0.93,-135.5398001527067,-1.02263805452668,88620.14227237029
2025-07-24T17:00:00Z,2025-07-24T17:00:00Z,2025-07-25T13:45:00Z,short,0,99,224.037594,225.3722152761442,222.70297272385582,222.7252430211282,target,129.92274690831013,0.99,128.93274690831012,0.9758206332768783,88749.07501927859
2025-07-29T17:15:00Z,2025-07-29T17:15:00Z,2025-07-29T19:45:00Z,short,0,142,223.297668,224.22984013409976,222.36549586590021,222.3877324154868,target,129.21085300087333,1.42,127.79085300087333,0.9654178145780854,88876.86587227946
2025-07-30T16:00:00Z,2025-07-30T16:00:00Z,2025-07-30T17:30:00Z,long,0,166,224.01239900000002,223.21294999737933,224.8118480026207,224.78936681782045,target,128.97665775819212,1.6600000000000001,127.31665775819212,0.9593705355891636,89004.18253003765
2025-07-31T14:30:00Z,2025-07-31T14:30:00Z,2025-08-01T13:30:00Z,short,0,46,221.227875,224.08024029806134,218.37550970193868,218.39734725290887,target,130.2042763661924,0.46,129.7442763661924,0.9888381929930822,89133.92680640385
2025-08-04T16:00:00Z,2025-08-04T16:00:00Z,2025-08-05T13:30:00Z,long,0,54,218.24182199999998,215.7684500820487,220.71519391795127,220.69312239855947,target,132.37022152221203,0.54,131.83022152221204,0.9870332806970793,89265.75702792605
2025-08-05T17:30:00Z,2025-08-05T17:30:00Z,2025-08-07T13:30:00Z,long,0,76,220.612059,218.86332346293133,222.36079453706864,222.33855845761494,target,131.21395877873613,0.76,130.45395877873614,0.9815660637241115,89396.21098670478
2025-08-07T16:45:00Z,2025-08-07T16:45:00Z,2025-08-08T13:30:00Z,short,0,82,219.01809599999999,220.64031717467705,217.39587482532292,220.6623812063945,stop,-134.8313869243513,0.8200000000000001,-135.6513869243513,-1.0197655117674356,89260.55959978043
2025-08-12T15:45:00Z,2025-08-12T15:45:00Z,2025-08-13T16:00:00Z,long,0,28,225.072505,220.37585208974377,229.76915791025624,229.74618099446522,target,130.86292784502598,0.28,130.58292784502598,0.9929786346955708,89391.14252762546
2025-08-14T16:00:00Z,2025-08-14T16:00:00Z,2025-08-15T19:45:00Z,short,0,67,227.31726600000002,229.31720132289922,225.3173306771008,227.152713,weekend_close,11.025051000000815,0.67,10.355051000000815,0.07727899909081284,89401.49757862547
2025-08-18T16:00:00Z,2025-08-18T16:00:00Z,2025-08-19T14:00:00Z,long,0,215,227.91278899999998,227.28914356439194,228.53643443560802,228.51358079216445,target,129.17023531536145,2.15,127.02023531536145,0.9473199969602332,89528.51781394082
2025-08-19T17:15:00Z,2025-08-19T17:15:00Z,2025-08-20T13:45:00Z,short,0,76,226.19737800000001,227.95799928643825,224.43675671356178,224.45920038923313,target,132.1014984182831,0.76,131.3414984182831,0.9815725983087548,89659.85931235911
2025-08-20T14:45:00Z,2025-08-20T14:45:00Z,2025-08-22T13:30:00Z,short,0,47,223.897608,226.74393284708287,221.0512831529171,226.7666072403676,stop,-134.8429642972772,0.47000000000000003,-135.3129642972772,-1.0114795025305015,89524.54634806183
2025-08-26T16:15:00Z,2025-08-26T16:15:00Z,2025-08-27T13:30:00Z,long,0,139,234.273425,233.31189578986806,235.23495421013195,235.21143071471093,target,130.38279434481865,1.3900000000000001,128.99279434481866,0.9651352293120489,89653.53914240665
2025-08-27T15:00:00Z,2025-08-27T15:00:00Z,2025-08-28T13:30:00Z,long,0,104,235.413539,234.12419277803644,236.70288522196353,236.67921493344133,target,131.63029707789974,1.04,130.59029707789975,0.9738857663297599,89784.12943948455
2025-08-28T14:30:00Z,2025-08-28T14:30:00Z,2025-08-28T16:00:00Z,long,0,262,235.81357899999998,235.30079143780418,236.32636656219577,236.30273392553954,target,128.15859049136628,2.62,125.53859049136628,0.9344121442567496,89909.66802997592
2025-08-28T17:30:00Z,2025-08-28T17:30:00Z,2025-08-28T17:30:00Z,long,0,792,235.793577,235.62348981844562,235.96366418155438,235.94006781513622,target,116.02072558788473,7.92,108.10072558788472,0.8024756121470572,90017.7687555638
2025-09-02T14:30:00Z,2025-09-02T14:30:00Z,2025-09-02T15:15:00Z,short,0,93,233.796618,235.24014060848364,232.35309539151635,232.3763307010555,target,132.0867188018373,0.93,131.1567188018373,0.9769762459251868,90148.92547436563
2025-09-03T15:00:00Z,2025-09-03T15:00:00Z,2025-09-03T16:00:00Z,long,0,106,234.41343899999998,233.1474205428546,235.67945745714536,233.12410580080032,stop,-136.669319115164,1.06,-137.729319115164,-1.0263145784852143,90011.19615525047
2025-09-03T17:45:00Z,2025-09-03T17:45:00Z,2025-09-03T19:45:00Z,short,0,164,232.896708,233.71671304862994,232.07670295137004,233.7400847199348,stop,-138.3137820693088,1.6400000000000001,-139.95378206930877,-1.040696909562465,89871.24237318116
2025-09-04T15:45:00Z,2025-09-04T15:45:00Z,2025-09-04T19:45:00Z,long,0,80,234.91348899999997,233.24001653646474,236.5869614635352,236.56330276738885,target,131.98510139111022,0.8,131.1851013911102,0.9798869136602035,90002.42747457227
2025-09-08T16:15:00Z,2025-09-08T16:15:00Z,2025-09-08T18:45:00Z,long,0,179,237.543752,236.7920394097692,238.29546459023084,238.27163504377182,target,130.29106483515423,1.79,128.50106483515424,0.9549967010016096,90130.92853940742
2025-09-09T16:15:00Z,2025-09-09T16:15:00Z,2025-09-10T13:30:00Z,short,0,105,236.336364,237.62364883630443,235.04907916369558,237.64741120118805,stop,-137.65995612474484,1.05,-138.70995612474485,-1.0262275791118223,89992.21858328268
2025-09-10T15:00:00Z,2025-09-10T15:00:00Z,2025-09-10T15:00:00Z,long,0,401,237.043702,236.70760264250217,237.37980135749783,236.6839318822379,stop,-144.26781722259489,4.01,-148.27781722259488,-1.1001809718260767,89843.94076606008
2025-09-10T15:45:00Z,2025-09-10T15:45:00Z,2025-09-10T16:00:00Z,long,0,383,237.103708,236.75226853780725,237.45514746219277,236.72859331095347,stop,-143.66892590482507,3.83,-147.4989259048251,-1.095820846764535,89696.44184015525
2025-09-10T17:45:00Z,2025-09-10T17:45:00Z,2025-09-10T19:15:00Z,short,0,217,236.43635400000002,237.05606718898153,235.81664081101852,235.8402224750996,target,129.36054090338993,2.17,127.19054090338993,0.9458109579105721,89823.63238105865
2025-09-11T16:00:00Z,2025-09-11T16:00:00Z,2025-09-12T19:45:00Z,long,0,42,239.803978,236.62770862114755,242.98024737885245,238.286169,weekend_close,-63.74797799999999,0.42,-64.16797799999999,-0.4810073761917443,89759.46440305865
2025-09-15T16:15:00Z,2025-09-15T16:15:00Z,2025-09-15T17:15:00Z,long,0,294,239.50394799999998,239.0468774029738,239.96101859702617,239.0229727152335,stop,-141.4067337213471,2.94,-144.3467337213471,-1.0741782297108817,89615.1176693373
2025-09-17T14:45:00Z,2025-09-17T14:45:00Z,2025-09-17T18:00:00Z,long,0,54,240.374035,237.8944547505669,242.8536152494331,242.82932988790816,target,132.585923947041,0.54,132.04592394704102,0.9861729171569381,89747.16359328433
2025-09-18T16:00:00Z,2025-09-18T16:00:00Z,2025-09-19T19:45:00Z,long,0,44,242.934291,239.9053245381424,245.9632574618576,242.915706,weekend_close,-0.8177400000000716,0.44,-1.2577400000000716,-0.009437212448523117,89745.90585328433
2025-09-22T14:30:00Z,2025-09-22T14:30:00Z,2025-09-22T16:30:00Z,short,0,118,242.325765,243.45824782663763,241.19328217336235,243.4825936514203,stop,-136.50578086759685,1.18,-137.68578086759686,-1.030327898997501,89608.22007241673
2025-09-22T18:15:00Z,2025-09-22T18:15:00Z,2025-09-22T19:45:00Z,long,0,152,243.814379,242.93267747961383,244.69608052038618,244.67161091233413,target,130.29925067478757,1.52,128.77925067478756,0.9609055817019041,89736.99932309153
2025-09-24T16:15:00Z,2025-09-24T16:15:00Z,2025-09-25T13:30:00Z,short,0,52,241.925805,244.5081238159862,239.34348618401378,239.3674205326322,target,133.03599230312568,0.52,132.51599230312567,0.9868589624145803,89869.51531539466
2025-09-25T14:30:00Z,2025-09-25T14:30:00Z,2025-09-26T19:45:00Z,short,0,37,239.426055,243.00156455885954,235.85054544114044,241.364134,weekend_close,-71.7089230000006,0.37,-72.0789230000006,-0.5448395446665728,89797.43639239467
2025-09-29T14:30:00Z,2025-09-29T14:30:00Z,2025-09-30T14:30:00Z,long,0,116,241.66416399999997,240.50911991745238,242.81920808254756,240.48506900546064,stop,-136.77501936656188,1.16,-137.93501936656187,-1.0294801839221865,89659.5013730281
2025-09-30T16:30:00Z,2025-09-30T16:30:00Z,2025-09-30T19:45:00Z,short,0,123,240.27597,241.3692302844829,239.1827097155171,241.39336720751135,stop,-137.4398565238955,1.23,-138.66985652389548,-1.031224881680013,89520.83151650421
2025-10-01T15:00:00Z,2025-10-01T15:00:00Z,2025-10-02T13:30:00Z,long,0,94,241.72417,240.2980399799805,243.15030002001947,243.12598499001749,target,131.7706090616449,0.9400000000000001,130.8306090616449,0.975938357989605,89651.66212556585
2025-10-02T17:45:00Z,2025-10-02T17:45:00Z,2025-10-02T18:00:00Z,long,0,195,242.72427,242.03606919546004,243.41247080453994,243.38812955745948,target,129.4526137046003,1.95,127.50261370460031,0.9500999608632921,89779.16473927045
2025-10-06T15:45:00Z,2025-10-06T15:45:00Z,2025-10-07T14:15:00Z,long,0,61,248.304828,246.12364443788846,250.4860115621115,246.09903207344468,stop,-134.55355151987396,0.61,-135.16355151987398,-1.0158686160326076,89644.00118775057
2025-10-07T14:45:00Z,2025-10-07T14:45:00Z,2025-10-07T15:30:00Z,short,0,76,245.665431,247.4124623421104,243.91839965788964,243.9427914978554,target,130.92060216298978,0.76,130.1606021629898,0.9803141253755481,89774.16178991356
2025-10-08T16:15:00Z,2025-10-08T16:15:00Z,2025-10-09T17:00:00Z,long,0,64,246.664664,244.58373220634522,248.74559579365476,244.5592738331246,stop,-134.7449706800253,0.64,-135.38497068002528,-1.0165591074756493,89638.77681923354
2025-10-09T18:00:00Z,2025-10-09T18:00:00Z,2025-10-10T13:30:00Z,short,0,112,244.615536,245.8105627373896,243.42050926261038,245.83514379366335,stop,-136.596072890296,1.12,-137.716072890296,-1.0289374749466143,89501.06074634324
2025-10-13T16:30:00Z,2025-10-13T16:30:00Z,2025-10-14T13:30:00Z,long,0,60,243.52435,241.31108825862452,245.73761174137547,241.28695714979867,stop,-134.24357101207988,0.6,-134.84357101207988,-1.0154211805082953,89366.21717533116
2025-10-14T16:45:00Z,2025-10-14T16:45:00Z,2025-10-15T13:30:00Z,long,0,34,247.074705,243.24078858697635,250.90862141302364,250.88353055088234,target,129.50006872999978,0.34,129.16006872999978,0.9908472542536151,89495.37724406115
2025-10-15T14:45:00Z,2025-10-15T14:45:00Z,2025-10-16T16:30:00Z,long,0,27,251.375135,246.43439425059603,256.315875749404,246.40975081117097,stop,-134.06537309838393,0.27,-134.33537309838394,-1.0070117905759866,89361.04187096277
2025-10-16T16:45:00Z,2025-10-16T16:45:00Z,2025-10-17T13:30:00Z,short,0,40,246.235374,249.55846695764336,242.91228104235665,242.93657227046089,target,131.95206918156487,0.4,131.55206918156486,0.989680930223345,89492.59394014433
2025-10-20T15:45:00Z,2025-10-20T15:45:00Z,2025-10-22T14:30:00Z,long,0,39,247.16471399999998,243.72584234774965,250.6035856522503,243.70146976351487,stop,-135.0665252229193,0.39,-135.45652522291928,-1.0099953088427391,89357.13741492141
2025-10-23T15:30:00Z,2025-10-23T15:30:00Z,2025-10-23T18:15:00Z,long,0,70,245.184516,243.27063446578944,247.09839753421056,247.07368769445713,target,132.2420186119993,0.7000000000000001,131.5420186119993,0.9818641649793939,89488.67943353341
2025-10-27T15:00:00Z,2025-10-27T15:00:00Z,2025-10-28T13:30:00Z,long,0,151,250.255023,249.37176536474738,251.1382806352526,249.3468281882109,stop,-137.1374165801522,1.51,-138.6474165801522,-1.0395549103025599,89350.03201695326
2025-10-29T14:30:00Z,2025-10-29T14:30:00Z,2025-10-29T15:00:00Z,short,0,132,248.93510400000002,249.9502820692165,247.91992593078353,249.97527709742343,stop,-137.30284885988954,1.32,-138.62284885988953,-1.0344718126485193,89211.40916809338
2025-10-29T17:30:00Z,2025-10-29T17:30:00Z,2025-10-29T18:00:00Z,long,0,200,250.09500699999998,249.42635685509813,250.76365714490183,250.73858077918734,target,128.7147558374727,2.0,126.7147558374727,0.9475415267880754,89338.12392393085
2025-10-30T17:45:00Z,2025-10-30T17:45:00Z,2025-10-30T19:15:00Z,short,0,85,246.52534500000002,248.09709234468914,244.9535976553109,244.9780930150764,target,131.51641871850643,0.85,130.66641871850643,0.9780528595247306,89468.79034264936
2025-11-03T17:00:00Z,2025-11-03T17:00:00Z,2025-11-04T14:30:00Z,short,0,133,244.565541,245.57299292549303,243.55808907450697,243.5824448834144,target,130.75178350588286,1.33,129.42178350588284,0.9658983143134785,89598.21212615524
2025-11-04T17:30:00Z,2025-11-04T17:30:00Z,2025-11-04T20:45:00Z,short,0,82,242.86571099999998,244.48692582801957,241.2444961719804,241.2686206215976,target,130.96141102899554,0.8200000000000001,130.14141102899555,0.9789513092111986,89728.35353718423
2025-11-05T18:00:00Z,2025-11-05T18:00:00Z,2025-11-06T15:00:00Z,long,0,52,245.12451,242.55455115632196,247.694468843678,242.53029570120634,stop,-134.89914353726954,0.52,-135.41914353726955,-1.013329184317441,89592.93439364697
2025-11-06T17:00:00Z,2025-11-06T17:00:00Z,2025-11-07T16:45:00Z,short,0,33,240.485949,244.46651146757014,236.50538653242987,236.5290370710831,target,130.57809365425754,0.33,130.24809365425753,0.991546285499249,89723.18248730122
2025-11-10T18:30:00Z,2025-11-10T18:30:00Z,2025-11-13T14:30:00Z,long,0,43,244.494447,241.37312879457463,247.6157652054254,241.34899148169518,stop,-135.25458728710763,0.43,-135.68458728710763,-1.0109368256078826,89587.49790001412
2025-11-13T19:15:00Z,2025-11-13T19:15:00Z,2025-11-14T20:45:00Z,short,0,26,236.756322,241.84727667100572,231.6653673289943,237.533751,weekend_close,-20.213153999999577,0.26,-20.473153999999578,-0.15467216875541917,89567.02474601411
2025-11-17T16:30:00Z,2025-11-17T16:30:00Z,2025-11-17T18:45:00Z,short,0,87,236.30636700000002,237.83578310004484,234.7769508999552,234.8004285950452,target,131.01664123107045,0.87,130.14664123107045,0.978110799873887,89697.17138724518
2025-11-17T19:00:00Z,2025-11-17T19:00:00Z,2025-11-17T20:00:00Z,short,0,50,234.486549,237.16002119993465,231.81307680006535,231.83625810774535,target,132.51454461273227,0.5,132.01454461273227,0.9875886842283917,89829.18593185791
2025-11-19T18:30:00Z,2025-11-19T18:30:00Z,2025-11-19T19:15:00Z,short,0,164,233.47665,234.297544118157,232.65575588184302,232.6790214574312,target,130.81108098128584,1.6400000000000001,129.17108098128585,0.9594764113271332,89958.35701283919
2025-11-20T16:15:00Z,2025-11-20T16:15:00Z,2025-11-20T16:45:00Z,long,0,49,236.25362299999998,233.5491504389916,238.95809556100835,233.5257955239477,stop,-133.66354632656189,0.49,-134.1535463265619,-1.0123332421725417,89824.20346651263
2025-11-20T19:00:00Z,2025-11-20T19:00:00Z,2025-11-21T16:45:00Z,short,0,27,230.57694,235.47406781092,225.67981218908002,235.49761521770108,stop,-132.858230877929,0.27,-133.128230877929,-1.0068504249993813,89691.0752356347
2025-11-24T16:00:00Z,2025-11-24T16:00:00Z,2025-11-25T15:30:00Z,long,0,32,238.743872,234.6069300884691,242.8808139115309,242.85652583013976,target,131.60492256447196,0.32,131.28492256447197,0.9917117324525208,89822.36015819917
2025-11-25T18:30:00Z,2025-11-25T18:30:00Z,2025-11-26T20:15:00Z,long,0,32,244.654463,240.5703526644489,248.73857333555108,248.71369947821753,target,129.89556730296135,0.32,129.57556730296136,0.9914610883476928,89951.93572550213
2025-12-01T16:45:00Z,2025-12-01T16:45:00Z,2025-12-01T19:15:00Z,short,0,192,247.095288,247.7947857529014,246.39579024709863,246.42042982612332,target,129.5727693843237,1.92,127.65276938432369,0.9504793562509452,90079.58849488646
2025-12-02T17:45:00Z,2025-12-02T17:45:00Z,2025-12-02T17:45:00Z,short,0,344,246.315366,246.7072520979543,245.92347990204573,245.94807225003592,target,126.34904998764728,3.44,122.90904998764728,0.9117285655940042,90202.4975448741
2025-12-03T17:15:00Z,2025-12-03T17:15:00Z,2025-12-04T15:15:00Z,long,0,61,248.384836,246.1969873555963,250.57268464440372,250.54762737593927,target,131.9302739322951,0.61,131.3202739322951,0.98397637398084,90333.81781880639
2025-12-04T16:30:00Z,2025-12-04T16:30:00Z,2025-12-05T20:45:00Z,long,0,47,251.32513,248.47467002655154,254.17558997344847,250.724925,weekend_close,-28.20963499999945,0.47000000000000003,-28.67963499999945,-0.21407246749084036,90305.1381838064
2025-12-08T19:45:00Z,2025-12-08T19:45:00Z,2025-12-08T19:45:00Z,short,0,1153,251.254872,251.37228716982003,251.13745683017999,251.16257057586301,target,106.42354202995094,11.53,94.89354202995094,0.7009437048308728,90400.03172583635
2025-12-09T17:00:00Z,2025-12-09T17:00:00Z,2025-12-10T14:30:00Z,long,0,106,252.32523,251.04617053896425,253.60428946103576,251.02106592191035,stop,-138.2413922775035,1.06,-139.3013922775035,-1.027445649028288,90260.73033355885
2025-12-10T16:15:00Z,2025-12-10T16:15:00Z,2025-12-10T16:15:00Z,short,0,686,251.664831,251.8621410859031,251.4675209140969,251.8873273000117,stop,-152.63246180802525,6.86,-159.49246180802527,-1.1783295260733975,90101.23787175083
2025-12-10T18:30:00Z,2025-12-10T18:30:00Z,2025-12-10T18:45:00Z,long,0,223,252.205218,251.6013341371604,252.8091018628396,251.57617400374667,stop,-140.27681116449256,2.23,-142.50681116449255,-1.0582233366004996,89958.73106058633
2025-12-10T19:30:00Z,2025-12-10T19:30:00Z,2025-12-10T19:30:00Z,long,0,101,253.04530200000002,251.70952191895523,254.3810820810448,254.3556439728367,target,132.34453925650485,1.01,131.33453925650485,0.9734701028178318,90090.06559984284
2025-12-11T17:45:00Z,2025-12-11T17:45:00Z,2025-12-12T16:30:00Z,long,0,36,257.585756,253.8906434712358,261.28086852876424,253.86525440688868,stop,-133.9380573520076,0.36,-134.29805735200762,-1.0095772629579283,89955.76754249084
2025-12-15T16:15:00Z,2025-12-15T16:15:00Z,2025-12-16T16:15:00Z,short,0,48,252.384759,255.1799816351059,249.58953636489412,249.6144953185306,target,132.97265671053128,0.48,132.4926567105313,0.9874933204971129,90088.26019920137
2025-12-16T19:00:00Z,2025-12-16T19:00:00Z,2025-12-17T14:30:00Z,short,0,66,249.47505,251.50041897193069,247.44968102806934,251.52556901382786,stop,-135.33425491263824,0.66,-135.99425491263824,-1.0173548831765062,89952.26594428872
2025-12-17T18:15:00Z,2025-12-17T18:15:00Z,2025-12-18T14:30:00Z,short,0,69,248.435154,250.37241410078306,246.49789389921696,250.39745134219314,stop,-135.39851661132562,0.6900000000000001,-136.08851661132562,-1.0180859768886548,89816.1774276774
2025-12-18T17:00:00Z,2025-12-18T17:00:00Z,2025-12-18T17:00:00Z,long,0,98,249.964994,248.5916813377748,251.3383066622252,248.566822169641,stop,-137.02083937518103,0.98,-138.00083937518102,-1.0253832714811673,89678.17658830222
2025-12-22T16:30:00Z,2025-12-22T16:30:00Z,2025-12-26T15:15:00Z,long,0,33,254.535451,250.4794132169098,258.5914887830902,250.4543652755881,stop,-134.6758289055929,0.33,-135.00582890559292,-1.008640930680631,89543.17075939663
2025-12-29T16:45:00Z,2025-12-29T16:45:00Z,2025-12-30T20:45:00Z,short,0,85,249.705027,251.28286532081177,248.12718867918824,248.15200139805614,target,132.00717616522795,0.85,131.15717616522795,0.9779364473477892,89674.32793556186
2026-01-05T18:15:00Z,2026-01-05T18:15:00Z,2026-01-08T14:45:00Z,long,0,35,253.105308,249.36462136466417,256.84599463533584,256.8203100358723,target,130.0250712555301,0.35000000000000003,129.6750712555301,0.9904604146398001,89804.0030068174
2026-01-08T16:00:00Z,2026-01-08T16:00:00Z,2026-01-09T14:30:00Z,long,0,66,257.145712,255.12631566876072,259.16510833123925,259.13919182040615,target,131.56966814680595,0.66,130.90966814680596,0.9822142338888544,89934.9126749642
2026-01-12T18:15:00Z,2026-01-12T18:15:00Z,2026-01-12T20:45:00Z,long,0,163,260.696067,259.87346816055003,261.51866583945,261.4925139728661,target,129.82085657717084,1.6300000000000001,128.19085657717085,0.956051644069802,90063.10353154138
2026-01-13T15:30:00Z,2026-01-13T15:30:00Z,2026-01-13T15:30:00Z,long,0,288,261.096107,260.6270626269685,261.56515137303154,261.53899485789424,target,127.55170307353546,2.88,124.67170307353547,0.9229145104041744,90187.7752346149
2026-01-13T18:30:00Z,2026-01-13T18:30:00Z,2026-01-13T20:30:00Z,long,0,141,262.0262,261.071031936654,262.98136806334605,261.0449248334603,stop,-138.35979848210013,1.41,-139.76979848210013,-1.0378018325562461,90048.00543613281
2026-01-14T16:45:00Z,2026-01-14T16:45:00Z,2026-01-14T16:45:00Z,short,0,1411,261.483849,261.5795700090568,261.38812799094325,261.41426680374235,target,98.18047891957258,14.11,84.07047891957258,0.6224568341348207,90132.07591505238
2026-01-20T15:30:00Z,2026-01-20T15:30:00Z,2026-01-21T15:15:00Z,short,0,52,263.823615,266.41271126838257,261.23451873161747,266.4393525395094,stop,-136.01835205448788,0.52,-136.5383520544879,-1.0141521470538928,89995.5375629979
2026-01-21T17:00:00Z,2026-01-21T17:00:00Z,2026-01-21T17:00:00Z,long,0,237,264.24642200000005,263.67861441683476,264.81422958316534,263.6522465553931,stop,-140.81958037184637,2.37,-143.18958037184638,-1.0640496226537177,89852.34798262604
2026-01-21T19:15:00Z,2026-01-21T19:15:00Z,2026-01-21T19:15:00Z,short,0,233,264.203577,264.78077037757936,263.62638362242063,264.80724845461714,stop,-140.6554489257942,2.33,-142.9854489257942,-1.0631990567715135,89709.36253370024
2026-01-26T17:00:00Z,2026-01-26T17:00:00Z,2026-01-28T14:30:00Z,short,0,58,263.733624,266.0339898545178,261.4332581454822,266.06059325350327,stop,-134.96421670318853,0.58,-135.54421670318854,-1.0159119902225862,89573.81831699706
2026-01-28T17:30:00Z,2026-01-28T17:30:00Z,2026-01-28T19:30:00Z,short,0,136,263.30366699999996,264.2901507719754,262.31718322802453,264.3165797870526,stop,-137.75613903915928,1.36,-139.1161390391593,-1.0369281442960423,89434.7021779579
2026-01-29T15:30:00Z,2026-01-29T15:30:00Z,2026-01-29T16:00:00Z,short,0,61,261.71382600000004,263.892751837657,259.5349001623431,259.5608536523593,target,131.3313132060852,0.61,130.7213132060852,0.9834994429847743,89565.42349116398
2026-01-29T16:15:00Z,2026-01-29T16:15:00Z,2026-01-30T17:00:00Z,short,0,50,261.223875,263.88794396793037,258.5598060320697,258.58566201267286,target,131.91064936635826,0.5,131.41064936635826,0.9865408962625175,89696.83414053034
2026-02-02T17:00:00Z,2026-02-02T17:00:00Z,2026-02-03T18:00:00Z,long,0,51,262.506248,259.881852023064,265.130643976936,259.8558638378617,stop,-135.16959226905448,0.51,-135.67959226905447,-1.0137129402417158,89561.15454826129
2026-02-03T19:00:00Z,2026-02-03T19:00:00Z,2026-02-04T14:30:00Z,short,0,33,258.904107,262.9450345679563,254.8631794320437,262.9713290714131,stop,-134.2183283566318,0.33,-134.5483283566318,-1.0089817258157696,89426.60621990466
2026-02-04T18:15:00Z,2026-02-04T18:15:00Z,2026-02-06T14:30:00Z,short,0,31,257.534244,261.78174310179344,253.28674489820656,261.8079212761036,stop,-132.48399555921242,0.31,-132.79399555921242,-1.0085175237105792,89293.81222434544
2026-02-09T16:45:00Z,2026-02-09T16:45:00Z,2026-02-11T15:15:00Z,long,0,34,267.256723,263.38435587762757,271.1290901223725,263.3580174420398,stop,-132.55598897064772,0.34,-132.89598897064772,-1.009384036802149,89160.9162353748
2026-02-11T16:00:00Z,2026-02-11T16:00:00Z,2026-02-12T14:30:00Z,short,0,33,263.243673,267.2067833636737,259.2805626363263,267.23350404201005,stop,-131.66442438633175,0.33,-131.99442438633176,-1.0092656209307045,89028.92181098847
2026-02-12T17:45:00Z,2026-02-12T17:45:00Z,2026-02-13T17:15:00Z,short,0,27,260.08398900000003,264.96105906131834,255.20691893868172,264.98755516722446,stop,-132.3962865150595,0.27,-132.6662865150595,-1.0074832031213952,88896.25552447341
2026-02-17T15:45:00Z,2026-02-17T15:45:00Z,2026-02-17T18:30:00Z,short,0,33,259.45405200000005,263.39182417343386,255.51627982656623,263.4181633558512,stop,-130.81567474308872,0.33,-131.14567474308873,-1.0092283608133863,88765.10984973032
2026-02-18T15:45:00Z,2026-02-18T15:45:00Z,2026-02-19T14:30:00Z,long,0,34,266.656663,262.7434148778472,270.56991112215275,262.7171405363594,stop,-133.94376376377943,0.34,-134.28376376377943,-1.0092696247095752,88630.82608596653
2026-02-19T18:30:00Z,2026-02-19T18:30:00Z,2026-02-19T20:00:00Z,short,0,84,262.303767,263.8775109594232,260.7300230405768,263.9038987105192,stop,-134.41106368361102,0.84,-135.25106368361102,-1.023121773321566,88495.57502228292
2026-02-23T17:00:00Z,2026-02-23T17:00:00Z,2026-02-24T15:30:00Z,short,0,26,258.924105,264.0103471231076,253.83786287689242,264.0367481578199,stop,-132.9287221033171,0.26,-133.1887221033171,-1.007156764037428,88362.38630017961
2026-02-24T16:45:00Z,2026-02-24T16:45:00Z,2026-02-25T14:30:00Z,long,0,60,262.49624700000004,260.2929722492736,264.6995217507265,264.6730517985514,target,130.60828791308154,0.6,130.00828791308155,0.9834473879560112,88492.39458809269
2026-02-25T15:45:00Z,2026-02-25T15:45:00Z,2026-02-25T16:00:00Z,long,0,513,262.906288,262.6478775728984,263.16469842710165,263.13838195725896,target,119.06420007383599,5.13,113.934200073836,0.8594620571235163,88606.32878816653
2026-02-25T18:30:00Z,2026-02-25T18:30:00Z,2026-02-26T15:15:00Z,long,0,80,264.61645899999996,262.9650153195106,266.2679026804893,262.93871881797867,stop,-134.21921456170367,0.8,-135.01921456170368,-1.0219786493240723,88471.30957360483
2026-02-26T18:15:00Z,2026-02-26T18:15:00Z,2026-02-26T18:30:00Z,short,0,77,262.59373800000003,264.30566083548365,260.8818151645164,264.3320914015672,stop,-133.85321192067187,0.77,-134.62321192067188,-1.021280495433812,88336.68636168416
2026-02-26T19:00:00Z,2026-02-26T19:00:00Z,2026-02-26T19:00:00Z,short,0,1338,264.14358300000004,264.2425795033485,264.04458649665156,264.26900376129885,stop,-167.81297861781115,13.38,-181.19297861781115,-1.3679347928292305,88155.49338306635
2026-03-02T17:45:00Z,2026-03-02T17:45:00Z,2026-03-03T14:30:00Z,long,0,58,263.05630299999996,260.80245378134344,265.31015221865647,260.7763735359653,stop,-132.23590891400897,0.58,-132.815908914009,-1.0160082782288482,88022.67747415234
2026-03-03T16:45:00Z,2026-03-03T16:45:00Z,2026-03-04T15:15:00Z,short,0,27,257.694228,262.4353479906247,252.95310800937534,262.4615915254237,stop,-128.7188151864404,0.27,-128.9888151864404,-1.0076445090760666,87893.6886589659
2026-03-04T16:15:00Z,2026-03-04T16:15:00Z,2026-03-05T14:30:00Z,long,0,57,261.73617099999996,259.45742540966694,264.014916590333,259.431479667126,stop,-131.3674059738164,0.5700000000000001,-131.9374059738164,-1.0157743552827685,87761.75125299208
2026-03-05T16:45:00Z,2026-03-05T16:45:00Z,2026-03-06T14:30:00Z,short,0,26,256.604337,261.64960837284445,251.55906562715552,251.58422153371822,target,130.5230021233259,0.26,130.26300212332592,0.9930319096903442,87892.0142551154
2026-03-11T15:00:00Z,2026-03-11T15:00:00Z,2026-03-11T15:00:00Z,short,0,221,253.934604,254.5293492056091,253.33985879439092,253.36519278027035,target,125.83987956025464,2.21,123.62987956025465,0.9405897087589943,88015.64413467565
2026-03-11T16:30:00Z,2026-03-11T16:30:00Z,2026-03-12T13:30:00Z,short,0,49,251.104887,253.78705091197565,248.42272308802433,248.44756536033313,target,130.2087603436762,0.49,129.7187603436762,0.9870096409271504,88145.36289501932
2026-03-12T14:30:00Z,2026-03-12T14:30:00Z,2026-03-13T19:45:00Z,short,0,26,247.445253,252.39858372761387,242.49192227238615,246.584656,weekend_close,22.37552200000033,0.26,22.11552200000033,0.17172223030820433,88167.47841701933
2026-03-16T15:45:00Z,2026-03-16T15:45:00Z,2026-03-18T18:45:00Z,long,0,44,249.884986,246.92596115400485,252.84401084599514,246.90126855788947,stop,-131.2835674528634,0.44,-131.7235674528634,-1.0117243341712188,88035.75484956647
2026-03-19T18:30:00Z,2026-03-19T18:30:00Z,2026-03-19T18:45:00Z,short,0,144,245.295468,246.20626184205233,244.38467415794767,246.23088246823653,stop,-134.69968342606035,1.44,-136.13968342606034,-1.0380114846914092,87899.6151661404
2026-03-23T16:00:00Z,2026-03-23T16:00:00Z,2026-03-25T13:30:00Z,long,0,35,247.52474999999998,243.81701027468884,251.23248972531113,251.2073664763386,target,128.8915766718513,0.35000000000000003,128.54157667185132,0.9905270457004405,88028.15674281225
2026-03-25T14:30:00Z,2026-03-25T14:30:00Z,2026-03-26T16:45:00Z,long,0,32,252.375235,248.25907406174517,256.49139593825487,248.23424815433899,stop,-132.5115790611526,0.32,-132.83157906115258,-1.0084607739902773,87895.3251637511
2026-03-26T17:00:00Z,2026-03-26T17:00:00Z,2026-03-27T13:30:00Z,short,0,54,248.635134,251.04203962456842,246.22822837543157,246.2528511982691,target,128.64327129346833,0.54,128.10327129346834,0.9856152137898067,88023.42843504457
2026-03-30T15:15:00Z,2026-03-30T15:15:00Z,2026-03-30T19:00:00Z,short,0,47,242.095788,244.8703967783735,239.3211792216265,239.34511133954865,target,129.28180304121332,0.47000000000000003,128.81180304121332,0.9877704856314738,88152.24023808578
2026-03-31T16:00:00Z,2026-03-31T16:00:00Z,2026-03-31T16:30:00Z,long,0,72,243.064304,241.2505197829668,244.8780882170332,244.8536004082115,target,128.8293413912279,0.72,128.1093413912279,0.98098571566682,88280.34957947701
2026-03-31T17:30:00Z,2026-03-31T17:30:00Z,2026-04-01T13:30:00Z,long,0,30,246.50464799999997,242.18488865286736,250.8244073471326,250.79932490639789,target,128.8403071919373,0.3,128.5403071919373,0.9918786122291756,88408.88988666896
2026-04-02T17:00:00Z,2026-04-02T17:00:00Z,2026-04-02T18:45:00Z,long,0,172,249.92499,249.15471939503644,250.69526060496358,250.6701910789031,target,128.17458557132966,1.72,126.45458557132966,0.9544711613886006,88535.3444722403
2026-04-06T16:30:00Z,2026-04-06T16:30:00Z,2026-04-07T13:30:00Z,long,0,77,252.19521699999999,250.4758923643375,253.91454163566246,250.45084477510107,stop,-134.3166613172161,0.77,-135.0866613172161,-1.020384509422755,88400.25781092308
2026-04-07T16:00:00Z,2026-04-07T16:00:00Z,2026-04-07T16:00:00Z,short,0,128,250.83491400000003,251.86928523299926,249.8005427670008,251.89447216152257,stop,-135.62344467488583,1.28,-136.90344467488583,-1.0340176982893117,88263.3543662482
2026-04-07T18:30:00Z,2026-04-07T18:30:00Z,2026-04-07T18:30:00Z,long,0,244,251.735171,251.19358185142465,252.27676014857536,251.1684624932395,stop,-138.2768756495634,2.44,-140.7168756495634,-1.0648450181794302,88122.63749059863
2026-04-08T15:30:00Z,2026-04-08T15:30:00Z,2026-04-10T19:45:00Z,long,0,16,259.72596999999996,251.47236332716815,267.97957667283174,261.283869,weekend_close,24.926384000000326,0.16,24.766384000000325,0.18754213295566907,88147.40387459863
2026-04-13T16:30:00Z,2026-04-13T16:30:00Z,2026-04-13T19:45:00Z,long,0,68,263.196317,261.256054623964,265.136579376036,265.11006571809844,target,130.13491283069243,0.68,129.45491283069242,0.9811810720093521,88276.85878742933
2026-04-20T15:30:00Z,2026-04-20T15:30:00Z,2026-04-21T13:45:00Z,long,0,66,276.957693,274.97333511114454,278.9420508888555,278.9141566837666,target,129.12660312859373,0.66,128.46660312859373,0.9809035430041528,88405.32539055792
2026-04-21T14:30:00Z,2026-04-21T14:30:00Z,2026-04-21T15:00:00Z,long,0,40,279.647962,276.34046805588656,282.95545594411345,276.312834009081,stop,-133.40511963676136,0.4,-133.80511963676136,-1.0113784174488263,88271.52027092116
2026-04-21T17:30:00Z,2026-04-21T17:30:00Z,2026-04-22T13:30:00Z,short,0,47,274.69252800000004,277.46948285729184,271.91557314270824,277.49722980557755,stop,-131.8209848621429,0.47000000000000003,-132.2909848621429,-1.0135929283065561,88139.22928605901
2026-04-22T17:45:00Z,2026-04-22T17:45:00Z,2026-04-22T18:15:00Z,short,0,287,275.852412,276.3117770371056,275.3930469628944,275.4205862675907,target,123.93398520147554,2.87,121.06398520147553,0.9182800133575256,88260.29327126048
2026-04-23T15:30:00Z,2026-04-23T15:30:00Z,2026-04-23T17:00:00Z,long,0,77,277.47774499999997,275.7800675280543,279.17542247194564,275.7524895213015,stop,-132.84467185978014,0.77,-133.61467185978015,-1.022134950468365,88126.67859940071
2026-04-27T15:00:00Z,2026-04-27T15:00:00Z,2026-04-27T15:00:00Z,long,0,376,277.0277,276.6762926427774,277.37910735722255,276.64862501351314,stop,-142.53219491905247,3.7600000000000002,-146.29219491905246,-1.1071907815533142,87980.38640448166
2026-04-27T18:15:00Z,2026-04-27T18:15:00Z,2026-04-27T18:30:00Z,short,0,489,276.62233499999996,276.89214660072224,276.3525233992777,276.9198358153823,stop,-145.47789872197586,4.89,-150.36789872197585,-1.139687154144569,87830.01850575968
2026-04-28T15:45:00Z,2026-04-28T15:45:00Z,2026-04-30T17:30:00Z,short,0,37,273.332664,276.8373710685595,269.82795693144055,276.8650548056663,stop,-130.69845980965295,0.37,-131.06845980965295,-1.0107523214835517,87698.95004595003
2026-05-04T15:30:00Z,2026-05-04T15:30:00Z,2026-05-04T15:30:00Z,long,0,2539,278.72787,278.67606130460916,278.7796786953908,278.6481936984787,stop,-202.2981295626247,25.39,-227.68812956262468,-1.7309121730400832,87471.2619163874
2026-05-04T17:45:00Z,2026-05-04T17:45:00Z,2026-05-05T13:30:00Z,short,0,87,277.712226,279.2170231310049,276.20742886899507,279.244944833318,stop,-133.3465384986685,0.87,-134.2165384986685,-1.0252005413432599,87337.04537788873
2026-05-05T15:45:00Z,2026-05-05T15:45:00Z,2026-05-06T15:15:00Z,long,0,33,281.998197,278.12433719988996,285.87205680011004,285.84346959443,target,126.89399561619047,0.33,126.56399561619047,0.9900390804853264,87463.60937350492
2026-05-07T17:45:00Z,2026-05-07T17:45:00Z,2026-05-08T19:45:00Z,short,0,35,281.67183,285.3270489828371,278.0166110171629,284.198417,weekend_close,-88.43054500000022,0.35000000000000003,-88.78054500000022,-0.6939630735970774,87374.82882850492
2026-05-11T14:30:00Z,2026-05-11T14:30:00Z,2026-05-12T13:30:00Z,long,0,44,286.52864999999997,283.5936533559418,289.46364664405814,283.5652939906062,stop,-130.38766441332496,0.44,-130.82766441332495,-1.0130696453821277,87244.00116409159
2026-05-12T15:15:00Z,2026-05-12T15:15:00Z,2026-05-15T19:45:00Z,short,0,19,279.20207700000003,285.89436089971684,272.5097931002832,277.647762,weekend_close,29.53198500000059,0.19,29.341985000000587,0.23076053304692876,87273.3431490916
2026-05-18T14:45:00Z,2026-05-18T14:45:00Z,2026-05-18T18:15:00Z,short,0,49,276.67233,279.31176989353276,274.0328901064672,274.06029339547786,target,127.98979362158445,0.49,127.49979362158446,0.9858290809719584,87400.84294271318
2026-05-19T15:00:00Z,2026-05-19T15:00:00Z,2026-05-20T14:15:00Z,short,0,27,271.452852,276.13616281694283,266.7695411830572,276.16377643322454,stop,-127.19495969706242,0.27,-127.46495969706241,-1.0080314157552042,87273.37798301612
2026-05-20T16:00:00Z,2026-05-20T16:00:00Z,2026-05-22T13:30:00Z,long,0,24,279.257923,273.80729946277484,284.7085465372252,284.68007568257144,target,130.13166438171447,0.24,129.89166438171446,0.992941935103205,87403.26964739784
2026-05-26T15:00:00Z,2026-05-26T15:00:00Z,2026-05-29T19:45:00Z,long,0,23,290.10900799999996,284.57014022016557,295.64787577983435,290.380959,weekend_close,6.254873000001339,0.23,6.024873000001339,0.04729323941505793,87409.29452039785
2026-06-01T14:30:00Z,2026-06-01T14:30:00Z,2026-06-01T17:30:00Z,short,0,38,286.981299,290.3916873089593,283.57091069104064,290.4207264776902,stop,-130.69824415222877,0.38,-131.07824415222876,-1.0114471330517791,87278.21627624561
2026-06-02T15:00:00Z,2026-06-02T15:00:00Z,2026-06-03T13:30:00Z,long,0,55,291.52915,289.1794319453394,293.87886805466064,289.15051400214486,stop,-130.82497988203357,0.55,-131.37497988203359,-1.0165628140437257,87146.84129636358
2026-06-03T15:45:00Z,2026-06-03T15:45:00Z,2026-06-04T14:45:00Z,short,0,42,287.731224,290.83552751487866,284.62692048512133,290.86461106763016,stop,-131.60225684046702,0.42,-132.022256840467,-1.012590119672312,87014.8190395231
2026-06-04T16:15:00Z,2026-06-04T16:15:00Z,2026-06-05T13:30:00Z,long,0,47,290.949092,288.17393193072803,293.724252069272,288.14511453753494,stop,-131.7869407358583,0.47000000000000003,-132.2569407358583,-1.0139874429669484,86882.56209878725
2026-06-08T16:30:00Z,2026-06-08T16:30:00Z,2026-06-08T17:00:00Z,long,0,138,285.288526,284.344708063212,286.23234393678797,284.3162735924057,stop,-134.17083224801104,1.3800000000000001,-135.55083224801103,-1.0407223356414523,86747.01126653924
2026-06-09T17:15:00Z,2026-06-09T17:15:00Z,2026-06-10T13:30:00Z,short,0,25,280.86191099999996,286.0513452022002,275.67247679779973,286.0799503367204,stop,-130.45098341801094,0.25,-130.70098341801094,-1.007439179882816,86616.31028312123
2026-06-10T18:15:00Z,2026-06-10T18:15:00Z,2026-06-10T18:15:00Z,short,0,158,284.361561,285.18062345145137,283.5424985485486,283.57085279840345,target,124.931895852254,1.58,123.351895852254,0.9531729848110299,86739.66217897348
2026-06-11T16:00:00Z,2026-06-11T16:00:00Z,2026-06-11T17:15:00Z,long,0,64,285.92859,283.89919285238466,287.9579871476153,287.92919134890053,target,128.0384863296349,0.64,127.3984863296349,0.9808830919268958,86867.06066530311
2026-06-11T18:45:00Z,2026-06-11T18:45:00Z,2026-06-12T14:00:00Z,long,0,32,288.92888999999997,284.9709394738893,292.88684052611063,292.857551842058,target,125.71717894585709,0.32,125.39717894585709,0.9900734777270604,86992.45784424897
2026-06-15T15:00:00Z,2026-06-15T15:00:00Z,2026-06-16T15:45:00Z,long,0,59,294.869484,292.6602037326362,297.0787642673638,292.63093771226295,stop,-132.07423097648604,0.59,-132.66423097648604,-1.0177732182527075,86859.79361327249
2026-06-16T16:45:00Z,2026-06-16T16:45:00Z,2026-06-16T19:45:00Z,short,0,79,293.50064699999996,295.13267894819535,291.86861505180457,291.89780191330976,target,126.6247618485254,0.79,125.83476184852539,0.9759889127485978,86985.62837512101
2026-06-17T17:00:00Z,2026-06-17T17:00:00Z,2026-06-17T18:00:00Z,long,0,65,295.579555,293.59878875143806,297.560321248562,293.5694288725629,stop,-130.65819828341176,0.65,-131.30819828341177,-1.0198710367281936,86854.3201768376
2026-06-18T17:30:00Z,2026-06-18T17:30:00Z,2026-06-18T19:45:00Z,long,0,110,294.36943399999996,293.18592235382243,295.5529456461775,295.5233903516129,target,126.93519867742111,1.1,125.83519867742112,0.9665780267626796,86980.15537551502
2026-06-24T16:15:00Z,2026-06-24T16:15:00Z,2026-06-24T17:15:00Z,long,0,43,299.18991600000004,296.2053978346649,302.1744341653352,296.1757772948814,stop,-129.6079643201009,0.43,-130.0379643201009,-1.013275355547729,86850.11741119492
2026-06-25T15:45:00Z,2026-06-25T15:45:00Z,2026-06-25T19:15:00Z,long,0,73,298.649862,296.8884087296458,300.4113152703542,296.85871988877284,stop,-130.75337411958162,0.73,-131.4833741195816,-1.0225318727104065,86718.63403707535
2026-06-29T15:30:00Z,2026-06-29T15:30:00Z,2026-06-29T17:00:00Z,short,0,64,295.930404,297.95268738664356,293.90812061335646,297.9824826553822,stop,-131.33303394446193,0.64,-131.97303394446192,-1.019678383851393,86586.66100313088
2026-06-30T17:30:00Z,2026-06-30T17:30:00Z,2026-07-02T14:45:00Z,long,0,54,300.740071,298.37748054394046,303.10266145605954,298.3476427958861,stop,-129.19112302215126,0.54,-129.73112302215125,-1.0168618932461193,86456.92988010873
2026-07-02T16:00:00Z,2026-07-02T16:00:00Z,2026-07-08T13:30:00Z,short,0,39,297.640233,300.94905793005256,294.3314080699475,294.3608412107545,target,127.89627978057649,0.39,127.50627978057649,0.9880824336008734,86584.4361598893
2026-07-09T15:45:00Z,2026-07-09T15:45:00Z,2026-07-10T19:45:00Z,long,0,34,297.32973,293.54898484351276,301.1104751564872,295.910406,weekend_close,-48.25701599999866,0.34,-48.59701599999866,-0.3780535161296024,86535.8391438893
2026-07-13T15:45:00Z,2026-07-13T15:45:00Z,2026-07-14T13:30:00Z,short,0,75,294.250572,295.9708729486053,292.53027105139466,296.00047003590015,stop,-131.242352692513,0.75,-131.992352692513,-1.0230175349998862,86403.84679119679
2026-07-14T16:00:00Z,2026-07-14T16:00:00Z,2026-07-15T13:30:00Z,long,0,171,294.709468,293.9528240291532,295.46611197084684,295.43656535964976,target,124.33364850010673,1.71,122.62364850010674,0.9477341884416037,86526.4704396969
2026-07-15T15:45:00Z,2026-07-15T15:45:00Z,2026-07-15T16:15:00Z,long,0,80,296.039601,294.4195500438726,297.6596519561274,294.39010808886826,stop,-131.95943289053957,0.8,-132.75943289053959,-1.0243461200125716,86393.71100680636
2026-07-16T15:15:00Z,2026-07-16T15:15:00Z,2026-07-16T16:15:00Z,long,0,84,296.909688,295.3800075707609,298.43936842923915,295.3504695700038,stop,-130.97434811968378,0.84,-131.81434811968379,-1.0258472292652434,86261.89665868667
2026-07-16T18:45:00Z,2026-07-16T18:45:00Z,2026-07-17T13:30:00Z,short,0,124,295.180479,296.2164890893855,294.1444689106145,294.17388335750553,target,124.81785966931307,1.24,123.57785966931307,0.9619555376005741,86385.47451835599
2026-07-20T18:15:00Z,2026-07-20T18:15:00Z,2026-07-20T18:15:00Z,short,0,748,294.00059699999997,294.17382535995034,293.8273686400496,294.20324274248634,stop,-151.5790153798032,7.48,-159.05901537980318,-1.227545781460316,86226.41550297619
2026-07-21T16:15:00Z,2026-07-21T16:15:00Z,2026-07-22T19:30:00Z,long,0,59,295.67956499999997,293.5164183777706,297.84271162222933,293.48706673593284,stop,-129.35739757996043,0.59,-129.94739757996044,-1.0181918513675265,86096.46810539623
2026-07-27T17:00:00Z,2026-07-27T17:00:00Z,2026-07-27T18:45:00Z,short,0,209,291.990798,292.6070079548409,291.37458804515904,292.6362686556364,stop,-134.9033670280109,2.09,-136.9933670280109,-1.0637131881545308,85959.47473836821
2026-07-28T17:45:00Z,2026-07-28T17:45:00Z,2026-07-29T13:45:00Z,long,0,151,292.949292,292.098371330969,293.80021266903105,292.0691614938359,stop,-132.8997064307802,1.51,-134.4097064307802,-1.0460793098112373,85825.06503193743
2026-07-29T16:00:00Z,2026-07-29T16:00:00Z,2026-07-29T18:00:00Z,short,0,35,289.37106,292.95568574827485,285.78643425172515,292.98498131684966,stop,-126.48724608973794,0.35000000000000003,-126.83724608973793,-1.0109622513853005,85698.22778584769
2026-07-30T16:00:00Z,2026-07-30T16:00:00Z,2026-07-30T16:00:00Z,short,0,502,290.620935,290.8769639915933,290.36490600840665,290.90605168799243,stop,-143.12857737221304,5.0200000000000005,-148.14857737221305,-1.1526690245346025,85550.07920847548
2026-07-30T18:30:00Z,2026-07-30T18:30:00Z,2026-07-31T13:30:00Z,long,0,103,291.66916399999997,290.4259413410396,292.9123866589603,292.8830954202944,target,125.03493629032766,1.03,124.00493629032766,0.9683956543240911,85674.0841447658
