zone_id,origin_side,current_side,lower,upper,origin_timestamp,available_timestamp,qualified_timestamp,status,score,sources,source_details,pivot_count,touches,retests,last_touch_timestamp,break_timestamp,invalidated_timestamp
1,demand,supply,410.06,411.83,2021-04-20T18:00:00Z,2021-04-21T15:00:00Z,2021-04-21T15:00:00Z,expired,4,pivot|repeated_pivot|role_flip|volume_profile,pivot:2021-04-20T18:00:00Z|volume:VAL:2021-04-20:410.845625|pivot:2021-04-22T18:00:00Z|pivot:2021-05-11T14:00:00Z,3,4,3,2021-05-19T18:00:00Z,2021-05-20T14:30:00Z,2021-05-27T20:00:00Z
2,supply,supply,416.1,417.58,2021-04-22T16:00:00Z,2021-04-22T18:00:00Z,2021-04-22T18:00:00Z,expired,5,order_block|pivot|repeated_pivot|role_flip|volume_profile,order_block:2021-04-22T16:00:00Z|structure_break:2021-04-22T17:00:00Z|volume:VAH:2021-04-21:416.187292|pivot:2021-04-22T17:00:00Z|pivot:2021-04-27T14:00:00Z|pivot:2021-04-28T18:00:00Z|pivot:2021-04-29T16:00:00Z|pivot:2021-04-30T19:00:00Z|pivot:2021-05-06T15:00:00Z,6,5,2,2021-05-06T16:00:00Z,2021-05-06T20:00:00Z,2021-05-14T19:00:00Z
5,supply,supply,417.4587223285406,418.25,2021-04-23T19:00:00Z,2021-04-26T16:00:00Z,2021-04-26T16:00:00Z,expired,4,pivot|repeated_pivot|role_flip|volume_profile,pivot:2021-04-23T19:00:00Z|volume:VAH:2021-04-23:418.136250|pivot:2021-04-26T19:00:00Z|pivot:2021-05-05T16:00:00Z,3,5,4,2021-05-06T16:00:00Z,2021-05-06T20:00:00Z,2021-05-14T19:00:00Z
8,supply,demand,418.33626033318296,419.27,2021-04-28T14:00:00Z,2021-04-28T18:00:00Z,2021-04-28T18:00:00Z,expired,4,order_block|pivot|role_flip|volume_profile,pivot:2021-04-28T14:00:00Z|volume:VAH:2021-04-23:418.136250|order_block:2021-05-03T18:00:00Z|structure_break:2021-05-04T13:30:00Z,1,3,3,2021-05-10T19:00:00Z,2021-05-10T20:00:00Z,2021-05-18T19:00:00Z
10,supply,supply,420.33,420.72,2021-04-29T13:30:00Z,2021-04-29T17:00:00Z,2021-04-29T20:00:00Z,expired,2,pivot|volume_profile,pivot:2021-04-29T13:30:00Z|volume:VAH:2021-04-29:420.452500,1,1,0,2021-04-29T19:00:00Z,2021-05-07T14:30:00Z,2021-05-14T20:00:00Z
13,supply,supply,419.49,419.84,2021-05-03T13:30:00Z,2021-05-03T17:00:00Z,2021-05-03T17:00:00Z,expired,2,pivot|volume_profile,pivot:2021-05-03T13:30:00Z|volume:POC:2021-04-29:419.560833,1,0,0,,2021-05-07T14:30:00Z,2021-05-14T20:00:00Z
15,demand,demand,411.67,412.12,2021-05-04T15:00:00Z,2021-05-04T19:00:00Z,2021-05-06T16:00:00Z,expired,4,pivot|repeated_pivot|role_flip|volume_profile,pivot:2021-05-04T15:00:00Z|volume:VAL:2021-05-04:412.594375|pivot:2021-05-13T14:00:00Z,2,2,2,2021-05-20T14:30:00Z,2021-05-14T14:30:00Z,2021-06-23T15:00:00Z
17,demand,demand,413.36,414.50088271314974,2021-05-06T14:00:00Z,2021-05-06T18:00:00Z,2021-05-06T18:00:00Z,expired,4,pivot|repeated_pivot|role_flip|volume_profile,pivot:2021-05-06T14:00:00Z|volume:VAH:2021-05-04:414.648542|pivot:2021-05-17T17:00:00Z,2,4,2,2021-05-18T19:00:00Z,2021-05-18T20:00:00Z,2021-05-26T19:00:00Z
19,demand,supply,415.66,416.23,2021-05-06T18:00:00Z,2021-05-06T20:00:00Z,2021-05-06T20:00:00Z,expired,3,order_block|role_flip|volume_profile,order_block:2021-05-06T18:00:00Z|structure_break:2021-05-06T19:00:00Z|volume:VAL:2021-05-05:415.780625,0,0,1,2021-05-14T16:00:00Z,2021-05-14T18:00:00Z,2021-05-24T17:00:00Z
20,supply,demand,421.59,422.82,2021-05-07T15:00:00Z,2021-05-07T19:00:00Z,2021-05-07T20:00:00Z,expired,4,order_block|pivot|role_flip|volume_profile,pivot:2021-05-07T15:00:00Z|volume:VAH:2021-05-07:422.743750|order_block:2021-05-10T15:00:00Z|structure_break:2021-05-10T18:00:00Z,1,6,1,2021-06-16T18:00:00Z,2021-06-17T16:00:00Z,2021-06-25T15:00:00Z
21,demand,demand,421.03,421.59,2021-05-10T14:00:00Z,2021-05-10T18:00:00Z,2021-05-10T18:00:00Z,expired,2,pivot|volume_profile,pivot:2021-05-10T14:00:00Z|volume:VAL:2021-05-07:421.676250,1,0,0,,2021-05-10T19:00:00Z,2021-05-18T18:00:00Z
23,supply,demand,413.1,414.89,2021-05-11T13:30:00Z,2021-05-11T15:00:00Z,2021-05-11T15:00:00Z,expired,3,order_block|role_flip|volume_profile,order_block:2021-05-11T13:30:00Z|structure_break:2021-05-11T14:00:00Z|volume:POC:2021-05-04:413.416042,0,7,3,2021-06-18T20:00:00Z,2021-05-20T16:00:00Z,2021-06-29T18:00:00Z
25,demand,demand,404.0,405.3361561963673,2021-05-12T19:00:00Z,2021-05-13T16:00:00Z,2021-05-13T16:00:00Z,expired,2,pivot|volume_profile,pivot:2021-05-12T19:00:00Z|volume:VAL:2021-05-12:404.178958,1,1,0,2021-05-19T15:00:00Z,,2021-07-01T19:00:00Z
27,supply,supply,416.28,417.49,2021-05-14T18:00:00Z,2021-05-17T15:00:00Z,2021-05-17T15:00:00Z,expired,4,pivot|repeated_pivot|role_flip|volume_profile,pivot:2021-05-14T18:00:00Z|volume:VAH:2021-05-14:417.400208|pivot:2021-06-03T13:30:00Z,2,2,2,2021-06-18T19:00:00Z,2021-06-21T14:30:00Z,2021-06-28T20:00:00Z
29,supply,supply,414.89,416.14,2021-05-18T13:30:00Z,2021-05-18T17:00:00Z,2021-05-18T17:00:00Z,expired,4,order_block|pivot|repeated_pivot|volume_profile,pivot:2021-05-18T13:30:00Z|volume:VAH:2021-05-17:415.569375|order_block:2021-05-18T16:00:00Z|structure_break:2021-05-18T19:00:00Z|pivot:2021-05-20T15:00:00Z,2,1,0,2021-05-20T16:00:00Z,2021-05-21T14:30:00Z,2021-05-28T20:00:00Z
31,demand,demand,405.33,406.3702461859678,2021-05-19T14:00:00Z,2021-05-19T18:00:00Z,2021-05-19T20:00:00Z,expired,2,pivot|volume_profile,pivot:2021-05-19T14:00:00Z|volume:VAL:2021-05-19:405.925833,1,0,0,,,2021-07-09T14:30:00Z
33,supply,demand,417.62,418.6618255151956,2021-05-21T14:00:00Z,2021-05-21T18:00:00Z,2021-05-25T19:00:00Z,expired,4,pivot|repeated_pivot|role_flip|volume_profile,pivot:2021-05-21T14:00:00Z|pivot:2021-05-25T15:00:00Z|volume:VAL:2021-05-24:418.902500|pivot:2021-05-25T19:00:00Z,3,3,1,2021-05-26T18:00:00Z,2021-06-03T14:30:00Z,2021-06-10T20:00:00Z
34,demand,demand,414.45,415.0,2021-05-21T16:00:00Z,2021-05-21T20:00:00Z,2021-05-21T20:00:00Z,expired,3,pivot|repeated_pivot|volume_profile,pivot:2021-05-21T16:00:00Z|volume:POC:2021-05-17:414.811875|pivot:2021-06-18T19:00:00Z,2,1,0,2021-06-18T20:00:00Z,,2021-07-13T16:00:00Z
35,supply,supply,419.94,420.8166562447127,2021-05-25T13:30:00Z,2021-05-25T17:00:00Z,2021-05-25T17:00:00Z,expired,4,pivot|repeated_pivot|role_flip|volume_profile,pivot:2021-05-25T13:30:00Z|volume:VAH:2021-05-24:420.117500|pivot:2021-05-27T14:00:00Z|pivot:2021-06-08T15:00:00Z|pivot:2021-06-16T18:00:00Z,4,6,4,2021-06-21T17:00:00Z,2021-06-22T15:00:00Z,2021-06-30T14:30:00Z
39,demand,supply,419.12,419.6,2021-05-27T19:00:00Z,2021-05-28T16:00:00Z,2021-05-28T16:00:00Z,expired,4,pivot|repeated_pivot|role_flip|volume_profile,pivot:2021-05-27T19:00:00Z|volume:POC:2021-05-24:419.172500|pivot:2021-06-01T17:00:00Z,2,2,1,2021-06-03T19:00:00Z,2021-06-04T14:30:00Z,2021-06-11T20:00:00Z
40,supply,supply,420.84,421.29989494285087,2021-05-28T16:00:00Z,2021-05-28T20:00:00Z,2021-05-28T20:00:00Z,expired,4,pivot|repeated_pivot|role_flip|volume_profile,pivot:2021-05-28T16:00:00Z|volume:VAH:2021-05-28:421.037083|pivot:2021-06-02T15:00:00Z|pivot:2021-06-07T17:00:00Z,3,7,2,2021-06-21T18:00:00Z,2021-06-22T15:00:00Z,2021-06-30T14:30:00Z
41,supply,demand,421.97,423.42,2021-06-01T13:30:00Z,2021-06-01T17:00:00Z,2021-06-04T20:00:00Z,expired,5,order_block|pivot|repeated_pivot|role_flip|volume_profile,pivot:2021-06-01T13:30:00Z|volume:VAH:2021-06-04:422.873333|pivot:2021-06-04T19:00:00Z|pivot:2021-06-08T13:30:00Z|pivot:2021-06-09T13:30:00Z|pivot:2021-06-11T16:00:00Z|order_block:2021-06-14T16:00:00Z|structure_break:2021-06-14T19:00:00Z|pivot:2021-06-14T17:00:00Z|pivot:2021-06-17T19:00:00Z|pivot:2021-07-19T18:00:00Z,8,12,3,2021-07-19T17:00:00Z,2021-06-23T14:30:00Z,2021-07-20T20:00:00Z
50,demand,supply,421.41,422.37756651489565,2021-06-09T19:00:00Z,2021-06-10T14:30:00Z,2021-06-10T14:30:00Z,expired,4,order_block|pivot|role_flip|volume_profile,order_block:2021-06-09T19:00:00Z|structure_break:2021-06-10T13:30:00Z|volume:POC:2021-06-04:422.313333|pivot:2021-06-09T19:00:00Z,1,3,1,2021-06-22T15:00:00Z,2021-06-22T19:00:00Z,2021-06-30T18:00:00Z
52,supply,supply,424.19,424.63,2021-06-10T14:00:00Z,2021-06-10T18:00:00Z,2021-06-10T20:00:00Z,expired,4,pivot|repeated_pivot|role_flip|volume_profile,pivot:2021-06-10T14:00:00Z|volume:VAH:2021-06-10:424.052500|pivot:2021-06-11T13:30:00Z|pivot:2021-06-14T13:30:00Z,3,2,2,2021-06-15T16:00:00Z,2021-06-15T19:00:00Z,2021-06-23T18:00:00Z
58,supply,supply,425.35966274991875,425.46,2021-06-15T13:30:00Z,2021-06-15T17:00:00Z,2021-06-21T15:00:00Z,expired,2,pivot|volume_profile,pivot:2021-06-15T13:30:00Z|volume:VAH:2021-06-15:424.860000,1,2,0,2021-06-24T18:00:00Z,2021-06-25T14:30:00Z,2021-07-02T20:00:00Z
59,supply,supply,423.64,424.57,2021-06-16T15:00:00Z,2021-06-16T19:00:00Z,2021-06-16T19:00:00Z,expired,3,order_block|pivot|volume_profile,order_block:2021-06-16T15:00:00Z|structure_break:2021-06-16T18:00:00Z|volume:VAH:2021-06-11:424.253333|pivot:2021-06-23T14:00:00Z,1,1,0,2021-06-23T20:00:00Z,2021-06-24T14:30:00Z,2021-07-01T20:00:00Z
61,demand,demand,419.32,419.99706887991204,2021-06-17T16:00:00Z,2021-06-17T20:00:00Z,,expired,1,pivot,pivot:2021-06-17T16:00:00Z,1,0,0,,2021-06-18T14:30:00Z,2021-06-25T20:00:00Z
63,demand,demand,415.58,416.19,2021-06-18T15:00:00Z,2021-06-18T19:00:00Z,,expired,1,pivot,pivot:2021-06-18T15:00:00Z,1,0,0,,2021-06-18T20:00:00Z,2021-06-28T19:00:00Z
66,demand,supply,422.51,422.63933169695224,2021-06-23T19:00:00Z,2021-06-24T16:00:00Z,2021-06-24T16:00:00Z,expired,3,pivot|role_flip|volume_profile,pivot:2021-06-23T19:00:00Z|volume:POC:2021-06-16:422.507708,1,1,1,2021-07-19T19:00:00Z,2021-07-19T20:00:00Z,2021-07-27T19:00:00Z
67,supply,demand,425.89,426.48,2021-06-25T14:00:00Z,2021-06-25T18:00:00Z,2021-06-25T20:00:00Z,expired,4,pivot|repeated_pivot|role_flip|volume_profile,pivot:2021-06-25T14:00:00Z|volume:POC:2021-06-25:426.421875|pivot:2021-06-28T17:00:00Z,2,0,1,2021-06-25T20:00:00Z,2021-07-19T14:30:00Z,2021-07-26T20:00:00Z
68,supply,demand,427.13,428.14,2021-06-28T13:30:00Z,2021-06-28T17:00:00Z,2021-06-29T19:00:00Z,expired,4,pivot|repeated_pivot|role_flip|volume_profile,pivot:2021-06-28T13:30:00Z|volume:VAH:2021-06-28:427.026667|pivot:2021-06-29T18:00:00Z|pivot:2021-07-08T14:00:00Z,3,1,1,2021-06-30T14:30:00Z,2021-07-19T14:30:00Z,2021-07-26T20:00:00Z
70,supply,demand,428.1823397418096,428.56,2021-06-29T14:00:00Z,2021-06-29T18:00:00Z,2021-06-29T20:00:00Z,expired,4,pivot|repeated_pivot|role_flip|volume_profile,pivot:2021-06-29T14:00:00Z|volume:VAH:2021-06-29:428.232292|pivot:2021-06-30T15:00:00Z,2,2,1,2021-07-08T14:30:00Z,2021-07-19T14:30:00Z,2021-07-26T20:00:00Z
73,supply,demand,433.75,434.1,2021-07-02T19:00:00Z,2021-07-06T16:00:00Z,2021-07-06T16:00:00Z,expired,3,pivot|role_flip|volume_profile,pivot:2021-07-02T19:00:00Z|volume:VAH:2021-07-02:434.042292,1,4,5,2021-07-22T17:00:00Z,2021-07-21T20:00:00Z,2021-08-23T19:00:00Z
74,demand,demand,430.01,430.5041435665202,2021-07-06T16:00:00Z,2021-07-06T20:00:00Z,2021-07-06T20:00:00Z,expired,2,pivot|volume_profile,pivot:2021-07-06T16:00:00Z|volume:VAH:2021-07-01:430.187500,1,0,0,,2021-07-08T14:30:00Z,2021-07-15T20:00:00Z
75,supply,demand,433.98,434.76,2021-07-07T19:00:00Z,2021-07-08T16:00:00Z,2021-07-08T16:00:00Z,expired,4,pivot|repeated_pivot|role_flip|volume_profile,pivot:2021-07-07T19:00:00Z|volume:VAH:2021-07-07:434.692292|pivot:2021-07-15T13:30:00Z,2,3,3,2021-07-22T17:00:00Z,2021-07-22T15:00:00Z,2021-08-25T19:00:00Z
77,supply,demand,437.31,438.4515446227619,2021-07-13T16:00:00Z,2021-07-13T20:00:00Z,2021-07-14T17:00:00Z,expired,4,pivot|repeated_pivot|role_flip|volume_profile,pivot:2021-07-13T16:00:00Z|pivot:2021-07-14T13:30:00Z|volume:VAH:2021-07-12:437.300417|pivot:2021-07-28T18:00:00Z|pivot:2021-07-30T13:30:00Z|pivot:2021-07-30T18:00:00Z,5,6,1,2021-08-02T17:00:00Z,2021-08-03T14:30:00Z,2021-08-10T20:00:00Z
79,demand,demand,434.81,435.42,2021-07-14T15:00:00Z,2021-07-14T19:00:00Z,2021-07-14T19:00:00Z,expired,5,order_block|pivot|repeated_pivot|role_flip|volume_profile,pivot:2021-07-14T15:00:00Z|volume:VAH:2021-07-07:434.692292|order_block:2021-07-15T13:30:00Z|structure_break:2021-07-15T17:00:00Z|pivot:2021-07-22T14:00:00Z,2,3,2,2021-07-22T20:00:00Z,2021-07-22T19:00:00Z,2021-09-01T15:00:00Z
82,demand,demand,432.72,432.868322795724,2021-07-15T17:00:00Z,2021-07-16T14:30:00Z,,expired,1,pivot,pivot:2021-07-15T17:00:00Z,1,0,0,,2021-07-16T19:00:00Z,2021-07-26T18:00:00Z
83,supply,demand,435.911212542928,436.4,2021-07-16T13:30:00Z,2021-07-16T17:00:00Z,2021-07-16T17:00:00Z,expired,4,pivot|repeated_pivot|role_flip|volume_profile,pivot:2021-07-16T13:30:00Z|volume:VAL:2021-07-14:435.976042|pivot:2021-07-27T17:00:00Z|pivot:2021-08-03T14:00:00Z|pivot:2021-08-19T13:30:00Z,4,2,1,2021-08-19T14:30:00Z,2021-07-23T14:30:00Z,2021-09-02T20:00:00Z
86,supply,supply,440.34,441.03,2021-07-26T19:00:00Z,2021-07-27T16:00:00Z,2021-07-27T16:00:00Z,expired,4,pivot|repeated_pivot|role_flip|volume_profile,pivot:2021-07-26T19:00:00Z|volume:VAH:2021-07-26:440.993125|pivot:2021-08-02T13:30:00Z|pivot:2021-08-17T17:00:00Z,3,4,4,2021-08-19T20:00:00Z,2021-08-20T14:30:00Z,2021-08-27T20:00:00Z
88,supply,supply,439.68,439.84,2021-07-28T13:30:00Z,2021-07-28T17:00:00Z,2021-07-28T17:00:00Z,expired,3,pivot|role_flip|volume_profile,pivot:2021-07-28T13:30:00Z|volume:VAL:2021-07-26:439.960625,1,1,2,2021-08-04T15:00:00Z,2021-08-05T14:30:00Z,2021-08-12T20:00:00Z
90,supply,supply,441.12,441.8,2021-07-29T17:00:00Z,2021-07-30T14:30:00Z,2021-07-30T14:30:00Z,expired,4,pivot|repeated_pivot|role_flip|volume_profile,pivot:2021-07-29T17:00:00Z|volume:VAH:2021-07-29:441.509792|pivot:2021-08-03T19:00:00Z|pivot:2021-08-09T13:30:00Z,3,5,2,2021-08-20T14:30:00Z,2021-08-20T15:00:00Z,2021-08-30T14:30:00Z
94,supply,supply,438.56,439.3642717289401,2021-08-02T18:00:00Z,2021-08-03T14:30:00Z,2021-08-03T14:30:00Z,expired,4,order_block|pivot|role_flip|volume_profile,order_block:2021-08-02T18:00:00Z|structure_break:2021-08-03T13:30:00Z|volume:POC:2021-07-28:438.867292|pivot:2021-08-04T15:00:00Z,1,3,2,2021-09-22T17:00:00Z,2021-09-20T14:30:00Z,2021-09-22T18:00:00Z
98,supply,demand,442.41984559038906,443.047042579372,2021-08-06T13:30:00Z,2021-08-06T17:00:00Z,2021-08-06T20:00:00Z,expired,4,pivot|repeated_pivot|role_flip|volume_profile,pivot:2021-08-06T13:30:00Z|volume:POC:2021-08-06:442.488750|pivot:2021-08-12T14:00:00Z,2,10,5,2021-09-23T20:00:00Z,2021-09-23T15:00:00Z,2021-09-24T20:00:00Z
100,demand,supply,441.88,442.3299644086506,2021-08-10T14:00:00Z,2021-08-10T18:00:00Z,2021-08-10T18:00:00Z,expired,3,pivot|role_flip|volume_profile,pivot:2021-08-10T14:00:00Z|volume:VAL:2021-08-06:442.061250,1,2,1,2021-08-20T14:30:00Z,2021-08-20T16:00:00Z,2021-08-30T15:00:00Z
101,supply,supply,442.87,444.12,2021-08-10T14:00:00Z,2021-08-10T18:00:00Z,2021-08-10T20:00:00Z,expired,5,order_block|pivot|repeated_pivot|role_flip|volume_profile,pivot:2021-08-10T14:00:00Z|volume:VAH:2021-08-10:443.017500|pivot:2021-08-16T14:00:00Z|order_block:2021-08-18T13:30:00Z|structure_break:2021-08-18T19:00:00Z,2,5,2,2021-08-20T17:00:00Z,2021-08-23T14:30:00Z,2021-08-30T20:00:00Z
102,supply,supply,443.73359928361,444.96,2021-08-11T13:30:00Z,2021-08-11T17:00:00Z,2021-08-11T20:00:00Z,expired,4,order_block|pivot|role_flip|volume_profile,pivot:2021-08-11T13:30:00Z|volume:VAH:2021-08-11:443.757708|order_block:2021-08-17T14:00:00Z|structure_break:2021-08-17T16:00:00Z,1,3,2,2021-08-18T19:00:00Z,2021-08-23T14:30:00Z,2021-08-30T20:00:00Z
104,supply,demand,445.59,445.85,2021-08-13T13:30:00Z,2021-08-13T17:00:00Z,2021-08-16T19:00:00Z,expired,3,pivot|role_flip|volume_profile,pivot:2021-08-13T13:30:00Z|volume:VAH:2021-08-13:445.732917,1,1,1,2021-08-16T19:00:00Z,2021-08-17T14:30:00Z,2021-08-24T20:00:00Z
105,supply,demand,445.44,445.93,2021-08-13T19:00:00Z,2021-08-16T14:30:00Z,2021-08-16T14:30:00Z,expired,4,order_block|pivot|role_flip|volume_profile,order_block:2021-08-13T19:00:00Z|structure_break:2021-08-16T13:30:00Z|volume:VAH:2021-08-13:445.732917|pivot:2021-08-13T19:00:00Z,1,4,3,2021-09-16T14:30:00Z,2021-09-16T15:00:00Z,2021-09-24T14:30:00Z
108,supply,demand,446.9735728304973,447.11,2021-08-16T19:00:00Z,2021-08-17T16:00:00Z,2021-08-26T16:00:00Z,expired,3,pivot|role_flip|volume_profile,pivot:2021-08-16T19:00:00Z|volume:VAL:2021-08-23:447.135625,1,0,1,2021-08-26T16:00:00Z,2021-08-26T19:00:00Z,2021-09-03T18:00:00Z
111,supply,supply,444.09,444.63,2021-08-18T14:00:00Z,2021-08-18T18:00:00Z,2021-08-18T18:00:00Z,expired,2,pivot|volume_profile,pivot:2021-08-18T14:00:00Z|volume:POC:2021-08-16:444.195000,1,1,0,2021-08-18T19:00:00Z,2021-08-23T14:30:00Z,2021-08-30T20:00:00Z
114,supply,supply,447.9606800548399,449.32,2021-08-23T17:00:00Z,2021-08-24T14:30:00Z,2021-08-24T14:30:00Z,expired,5,order_block|pivot|repeated_pivot|role_flip|volume_profile,pivot:2021-08-23T17:00:00Z|volume:VAH:2021-08-23:448.165625|pivot:2021-08-24T14:00:00Z|order_block:2021-09-10T16:00:00Z|structure_break:2021-09-10T19:00:00Z|pivot:2021-09-14T13:30:00Z,3,7,2,2021-09-16T20:00:00Z,2021-09-10T16:00:00Z,2021-10-12T17:00:00Z
116,supply,supply,448.86,449.46,2021-08-25T18:00:00Z,2021-08-26T15:00:00Z,2021-08-26T15:00:00Z,expired,5,order_block|pivot|repeated_pivot|role_flip|volume_profile,order_block:2021-08-25T18:00:00Z|structure_break:2021-08-26T14:00:00Z|volume:POC:2021-08-25:449.002292|pivot:2021-08-25T19:00:00Z|pivot:2021-09-08T14:00:00Z,2,3,2,2021-09-13T14:30:00Z,2021-09-10T15:00:00Z,2021-10-14T18:00:00Z
118,demand,demand,446.16,446.72,2021-08-26T15:00:00Z,2021-08-26T19:00:00Z,2021-08-26T20:00:00Z,expired,5,order_block|pivot|repeated_pivot|role_flip|volume_profile,pivot:2021-08-26T15:00:00Z|volume:POC:2021-08-26:446.666250|order_block:2021-08-26T19:00:00Z|structure_break:2021-08-27T14:00:00Z|pivot:2021-08-26T19:00:00Z,2,3,2,2021-09-16T18:00:00Z,2021-09-17T14:30:00Z,2021-09-24T20:00:00Z
121,demand,supply,449.99,450.35,2021-08-27T18:00:00Z,2021-08-30T15:00:00Z,2021-08-30T15:00:00Z,expired,3,order_block|role_flip|volume_profile,order_block:2021-08-27T18:00:00Z|structure_break:2021-08-30T14:00:00Z|volume:POC:2021-08-27:450.126458,0,1,1,2021-09-08T16:00:00Z,2021-09-08T19:00:00Z,2021-09-16T18:00:00Z
122,supply,supply,452.94,453.07,2021-08-30T18:00:00Z,2021-08-31T15:00:00Z,2021-08-31T15:00:00Z,expired,3,pivot|role_flip|volume_profile,pivot:2021-08-30T18:00:00Z|volume:VAH:2021-08-30:453.020833,1,1,2,2021-09-03T15:00:00Z,2021-09-03T18:00:00Z,2021-09-14T17:00:00Z
123,demand,supply,450.74,451.21704200890395,2021-08-31T13:30:00Z,2021-08-31T17:00:00Z,2021-08-31T20:00:00Z,expired,4,pivot|repeated_pivot|role_flip|volume_profile,pivot:2021-08-31T13:30:00Z|volume:VAL:2021-08-31:451.214375|pivot:2021-09-07T14:00:00Z,2,3,3,2021-09-10T14:30:00Z,2021-09-09T17:00:00Z,2021-10-19T20:00:00Z
124,demand,supply,451.54,452.57,2021-09-01T19:00:00Z,2021-09-02T16:00:00Z,2021-09-02T16:00:00Z,expired,4,pivot|repeated_pivot|role_flip|volume_profile,pivot:2021-09-01T19:00:00Z|volume:POC:2021-08-31:451.672292|pivot:2021-09-03T13:30:00Z|pivot:2021-09-09T14:00:00Z,3,5,1,2021-10-20T14:30:00Z,2021-09-07T16:00:00Z,2021-10-21T19:00:00Z
125,supply,supply,453.37,454.05,2021-09-02T13:30:00Z,2021-09-02T17:00:00Z,2021-09-02T20:00:00Z,expired,3,pivot|repeated_pivot|volume_profile,pivot:2021-09-02T13:30:00Z|volume:VAH:2021-09-02:453.737917|pivot:2021-09-03T19:00:00Z,2,1,0,2021-09-03T20:00:00Z,,2021-10-21T20:00:00Z
129,supply,supply,450.89,451.43,2021-09-08T13:30:00Z,2021-09-08T15:00:00Z,2021-09-08T15:00:00Z,expired,2,order_block|volume_profile,order_block:2021-09-08T13:30:00Z|structure_break:2021-09-08T14:00:00Z|volume:VAL:2021-08-31:451.214375,0,1,0,2021-09-08T19:00:00Z,2021-09-09T14:30:00Z,2021-09-16T20:00:00Z
132,demand,supply,447.34,448.41,2021-09-10T15:00:00Z,2021-09-10T19:00:00Z,2021-09-13T14:30:00Z,expired,4,pivot|repeated_pivot|role_flip|volume_profile,pivot:2021-09-10T15:00:00Z|volume:POC:2021-09-10:447.756250|pivot:2021-09-15T19:00:00Z|pivot:2021-09-16T19:00:00Z,3,4,1,2021-10-18T20:00:00Z,2021-10-19T14:30:00Z,2021-10-26T20:00:00Z
134,demand,demand,443.96,444.89,2021-09-13T19:00:00Z,2021-09-14T16:00:00Z,2021-09-14T16:00:00Z,expired,4,pivot|repeated_pivot|role_flip|volume_profile,pivot:2021-09-13T19:00:00Z|volume:VAL:2021-09-13:444.611042|pivot:2021-09-16T14:00:00Z|pivot:2021-09-23T17:00:00Z|pivot:2021-09-24T19:00:00Z,4,5,2,2021-10-18T14:30:00Z,2021-10-15T14:30:00Z,2021-11-01T19:00:00Z
136,demand,demand,442.31,444.08812336390696,2021-09-14T18:00:00Z,2021-09-15T15:00:00Z,2021-09-15T15:00:00Z,expired,4,order_block|pivot|role_flip|volume_profile,pivot:2021-09-14T18:00:00Z|volume:POC:2021-09-14:443.966667|order_block:2021-09-27T17:00:00Z|structure_break:2021-09-28T14:00:00Z,1,4,4,2021-10-18T14:30:00Z,2021-10-15T14:30:00Z,2021-11-02T18:00:00Z
140,demand,demand,427.23,429.69,2021-09-20T19:00:00Z,2021-09-21T16:00:00Z,2021-09-30T20:00:00Z,expired,3,pivot|repeated_pivot|volume_profile,pivot:2021-09-20T19:00:00Z|volume:VAL:2021-09-30:429.945208|pivot:2021-10-01T14:00:00Z|pivot:2021-10-06T14:00:00Z,3,3,0,2021-10-06T14:30:00Z,,2021-11-08T20:00:00Z
141,supply,demand,436.5424147865544,437.91,2021-09-21T13:30:00Z,2021-09-21T17:00:00Z,2021-09-21T20:00:00Z,expired,4,pivot|repeated_pivot|role_flip|volume_profile,pivot:2021-09-21T13:30:00Z|volume:VAH:2021-09-21:435.994167|pivot:2021-09-29T14:00:00Z|pivot:2021-10-11T13:30:00Z,3,6,3,2021-10-11T17:00:00Z,2021-10-11T20:00:00Z,2021-10-19T19:00:00Z
143,demand,demand,441.21,441.44,2021-09-24T13:30:00Z,2021-09-24T17:00:00Z,2021-09-24T17:00:00Z,expired,2,pivot|volume_profile,pivot:2021-09-24T13:30:00Z|volume:VAL:2021-09-17:441.110625,1,0,0,,2021-09-28T14:30:00Z,2021-10-05T20:00:00Z
145,demand,demand,441.9,442.81,2021-09-27T13:30:00Z,2021-09-27T17:00:00Z,2021-09-27T17:00:00Z,expired,2,pivot|volume_profile,pivot:2021-09-27T13:30:00Z|volume:POC:2021-09-17:442.016875,1,2,0,2021-09-27T20:00:00Z,2021-09-28T14:30:00Z,2021-10-05T20:00:00Z
147,demand,demand,431.87,433.86,2021-09-28T17:00:00Z,2021-09-29T14:30:00Z,2021-09-29T14:30:00Z,expired,4,order_block|pivot|role_flip|volume_profile,pivot:2021-09-28T17:00:00Z|volume:VAL:2021-09-28:433.087917|order_block:2021-09-30T18:00:00Z|structure_break:2021-09-30T19:00:00Z,1,1,2,2021-10-01T20:00:00Z,2021-10-04T15:00:00Z,2021-10-12T14:30:00Z
151,supply,supply,434.75,436.04,2021-10-01T19:00:00Z,2021-10-04T16:00:00Z,2021-10-04T16:00:00Z,expired,4,pivot|repeated_pivot|role_flip|volume_profile,pivot:2021-10-01T19:00:00Z|volume:POC:2021-09-28:434.862917|pivot:2021-10-05T18:00:00Z,2,5,2,2021-10-13T18:00:00Z,2021-10-14T14:30:00Z,2021-10-21T20:00:00Z
152,demand,demand,426.36,427.7252198424439,2021-10-04T15:00:00Z,2021-10-04T19:00:00Z,2021-10-04T20:00:00Z,expired,2,pivot|volume_profile,pivot:2021-10-04T15:00:00Z|volume:POC:2021-10-04:427.468333,1,2,0,2021-10-06T15:00:00Z,,2021-11-22T16:00:00Z
155,supply,demand,441.34,441.68,2021-10-07T14:00:00Z,2021-10-07T18:00:00Z,2021-10-07T20:00:00Z,expired,3,pivot|role_flip|volume_profile,pivot:2021-10-07T14:00:00Z|volume:VAH:2021-10-07:441.607500,1,2,1,2021-10-14T20:00:00Z,2021-10-14T17:00:00Z,2021-11-26T15:30:00Z
157,supply,supply,439.64,440.26,2021-10-11T14:00:00Z,2021-10-11T18:00:00Z,2021-10-11T18:00:00Z,expired,2,pivot|volume_profile,pivot:2021-10-11T14:00:00Z|volume:VAL:2021-10-07:439.577500,1,1,0,2021-10-14T14:30:00Z,2021-10-14T15:00:00Z,2021-10-22T14:30:00Z
158,demand,demand,433.5,434.11,2021-10-12T13:30:00Z,2021-10-12T17:00:00Z,2021-10-12T17:00:00Z,expired,2,pivot|volume_profile,pivot:2021-10-12T13:30:00Z|volume:VAL:2021-10-05:433.075417,1,1,0,2021-10-12T18:00:00Z,2021-10-13T14:30:00Z,2021-10-20T20:00:00Z
159,demand,demand,431.54,432.5071790657663,2021-10-13T14:00:00Z,2021-10-13T18:00:00Z,2021-10-13T18:00:00Z,expired,2,pivot|volume_profile,pivot:2021-10-13T14:00:00Z|volume:VAH:2021-10-06:432.751250,1,0,0,,,2021-12-02T18:00:00Z
160,supply,supply,446.04,446.26,2021-10-15T18:00:00Z,2021-10-18T15:00:00Z,2021-10-18T15:00:00Z,expired,2,pivot|volume_profile,pivot:2021-10-15T18:00:00Z|volume:VAH:2021-10-15:446.124375,1,0,0,,2021-10-18T16:00:00Z,2021-10-26T15:00:00Z
161,demand,demand,443.27,443.97,2021-10-18T13:30:00Z,2021-10-18T17:00:00Z,,expired,1,pivot,pivot:2021-10-18T13:30:00Z,1,0,0,,,2021-12-07T17:00:00Z
162,supply,supply,452.1525710973968,452.86,2021-10-20T14:00:00Z,2021-10-20T18:00:00Z,2021-10-20T20:00:00Z,expired,4,pivot|repeated_pivot|role_flip|volume_profile,pivot:2021-10-20T14:00:00Z|volume:VAH:2021-10-20:452.487708|pivot:2021-10-21T14:00:00Z,2,1,2,2021-12-03T16:00:00Z,2021-12-03T21:00:00Z,2021-12-13T20:00:00Z
164,supply,supply,454.01581009893994,454.67,2021-10-22T14:00:00Z,2021-10-22T18:00:00Z,2021-10-22T20:00:00Z,expired,2,pivot|volume_profile,pivot:2021-10-22T14:00:00Z|volume:VAH:2021-10-22:453.991250,1,2,0,2021-10-25T14:30:00Z,2021-10-25T16:00:00Z,2021-11-02T15:00:00Z
165,demand,supply,451.05,451.71835490812725,2021-10-22T15:00:00Z,2021-10-22T19:00:00Z,2021-10-22T19:00:00Z,expired,3,pivot|role_flip|volume_profile,pivot:2021-10-22T15:00:00Z|volume:VAL:2021-10-20:451.694792,1,0,1,2021-12-03T17:00:00Z,2021-12-03T21:00:00Z,2021-12-13T20:00:00Z
166,supply,demand,457.47,460.3,2021-10-26T14:00:00Z,2021-10-26T18:00:00Z,2021-10-28T18:00:00Z,expired,4,pivot|repeated_pivot|role_flip|volume_profile,pivot:2021-10-26T14:00:00Z|pivot:2021-10-28T14:00:00Z|volume:VAH:2021-10-26:457.452292|pivot:2021-11-26T17:00:00Z|pivot:2021-12-03T14:30:00Z,4,6,5,2021-12-14T18:00:00Z,2021-12-07T15:30:00Z,2021-12-15T18:00:00Z
167,demand,demand,455.33,455.98861890644366,2021-10-27T13:30:00Z,2021-10-27T17:00:00Z,2021-10-27T17:00:00Z,expired,2,pivot|volume_profile,pivot:2021-10-27T13:30:00Z|volume:VAH:2021-10-25:455.826875,1,0,0,,2021-10-27T20:00:00Z,2021-11-04T19:00:00Z
168,supply,demand,456.19,456.97,2021-10-27T17:00:00Z,2021-10-27T20:00:00Z,2021-10-27T20:00:00Z,expired,3,order_block|role_flip|volume_profile,order_block:2021-10-27T17:00:00Z|structure_break:2021-10-27T19:00:00Z|volume:POC:2021-10-27:456.128750,0,5,3,2021-12-02T21:00:00Z,2021-12-03T15:30:00Z,2021-12-10T21:00:00Z
169,demand,supply,453.86,454.02733656757096,2021-10-27T19:00:00Z,2021-10-28T16:00:00Z,2021-10-28T16:00:00Z,expired,3,pivot|role_flip|volume_profile,pivot:2021-10-27T19:00:00Z|volume:VAH:2021-10-22:453.991250,1,0,1,2021-12-03T16:00:00Z,2021-12-06T15:30:00Z,2021-12-13T21:00:00Z
171,demand,demand,455.3,456.16,2021-10-29T13:30:00Z,2021-10-29T17:00:00Z,2021-10-29T17:00:00Z,expired,4,pivot|repeated_pivot|role_flip|volume_profile,pivot:2021-10-29T13:30:00Z|volume:VAH:2021-10-25:455.826875|pivot:2021-11-30T20:00:00Z,2,3,2,2021-12-03T15:30:00Z,2021-12-03T16:00:00Z,2021-12-13T15:30:00Z
172,supply,supply,460.3,460.71,2021-11-01T13:30:00Z,2021-11-01T17:00:00Z,2021-11-01T20:00:00Z,expired,2,pivot|volume_profile,pivot:2021-11-01T13:30:00Z|volume:VAH:2021-11-01:460.030208,1,0,0,,2021-11-02T14:30:00Z,2021-11-09T21:00:00Z
173,supply,supply,461.60247422933327,462.75,2021-11-02T15:00:00Z,2021-11-02T19:00:00Z,2021-11-02T20:00:00Z,expired,4,pivot|repeated_pivot|role_flip|volume_profile,pivot:2021-11-02T15:00:00Z|volume:VAH:2021-11-02:462.006042|pivot:2021-11-10T19:00:00Z,2,4,2,2021-12-01T15:30:00Z,2021-12-01T16:00:00Z,2021-12-09T15:30:00Z
174,demand,demand,460.74,462.13,2021-11-03T14:00:00Z,2021-11-03T18:00:00Z,2021-11-03T18:00:00Z,expired,5,order_block|pivot|repeated_pivot|role_flip|volume_profile,pivot:2021-11-03T14:00:00Z|volume:VAL:2021-11-02:461.289375|order_block:2021-11-03T17:00:00Z|structure_break:2021-11-03T18:00:00Z|order_block:2021-12-15T16:00:00Z|structure_break:2021-12-15T20:00:00Z|pivot:2021-12-15T19:00:00Z,2,4,8,2021-12-21T21:00:00Z,2021-12-21T20:00:00Z,2021-12-23T18:00:00Z
176,supply,supply,466.14,467.53911854796104,2021-11-04T14:00:00Z,2021-11-04T18:00:00Z,2021-11-04T20:00:00Z,expired,5,order_block|pivot|repeated_pivot|role_flip|volume_profile,pivot:2021-11-04T14:00:00Z|volume:VAH:2021-11-04:466.539375|order_block:2021-11-10T16:00:00Z|structure_break:2021-11-10T18:00:00Z|pivot:2021-11-15T17:00:00Z|pivot:2021-11-18T15:00:00Z|pivot:2021-11-29T18:00:00Z|pivot:2021-12-07T20:00:00Z|pivot:2021-12-09T20:00:00Z,6,12,8,2021-12-22T16:00:00Z,2021-12-22T21:00:00Z,2021-12-31T20:00:00Z
177,supply,demand,470.26,470.94,2021-11-05T14:00:00Z,2021-11-05T18:00:00Z,2021-11-16T21:00:00Z,expired,4,pivot|repeated_pivot|role_flip|volume_profile,pivot:2021-11-05T14:00:00Z|volume:VAH:2021-11-16:470.276250|pivot:2021-11-16T19:00:00Z|pivot:2021-11-19T17:00:00Z,3,2,1,2021-11-22T20:00:00Z,2021-11-22T21:00:00Z,2021-12-02T16:00:00Z
178,supply,demand,469.23,470.08,2021-11-09T14:30:00Z,2021-11-09T18:00:00Z,2021-11-09T18:00:00Z,expired,4,pivot|repeated_pivot|role_flip|volume_profile,pivot:2021-11-09T14:30:00Z|volume:VAH:2021-11-08:469.511042|pivot:2021-11-24T20:00:00Z|pivot:2021-12-08T20:00:00Z|pivot:2021-12-10T14:30:00Z,4,6,5,2021-12-16T16:00:00Z,2021-12-16T18:00:00Z,2021-12-27T17:00:00Z
179,demand,demand,465.31,466.56,2021-11-09T17:00:00Z,2021-11-09T21:00:00Z,2021-11-09T21:00:00Z,expired,3,pivot|repeated_pivot|volume_profile,pivot:2021-11-09T17:00:00Z|volume:POC:2021-11-04:466.204375|pivot:2021-11-10T14:30:00Z,2,2,0,2021-11-10T17:00:00Z,2021-11-10T19:00:00Z,2021-11-18T18:00:00Z
183,demand,supply,463.75,463.90336170761134,2021-11-11T20:00:00Z,2021-11-12T17:00:00Z,2021-11-12T17:00:00Z,expired,3,pivot|role_flip|volume_profile,pivot:2021-11-11T20:00:00Z|volume:VAL:2021-11-11:463.910417,1,0,1,2021-11-29T15:30:00Z,2021-11-29T17:00:00Z,2021-12-07T16:00:00Z
184,demand,supply,464.11,465.12,2021-11-12T14:30:00Z,2021-11-12T17:00:00Z,2021-11-12T17:00:00Z,expired,4,order_block|pivot|role_flip|volume_profile,order_block:2021-11-12T14:30:00Z|structure_break:2021-11-12T16:00:00Z|volume:POC:2021-11-11:464.231250|pivot:2021-11-23T16:00:00Z,1,5,5,2021-12-17T17:00:00Z,2021-12-22T16:00:00Z,2021-12-31T15:30:00Z
185,supply,supply,468.46,469.4,2021-11-15T14:30:00Z,2021-11-15T18:00:00Z,2021-11-15T18:00:00Z,expired,5,order_block|pivot|repeated_pivot|role_flip|volume_profile,pivot:2021-11-15T14:30:00Z|volume:VAL:2021-11-08:468.665208|pivot:2021-11-19T18:00:00Z|order_block:2021-11-19T20:00:00Z|structure_break:2021-11-22T14:30:00Z|pivot:2021-12-07T16:00:00Z|pivot:2021-12-08T14:30:00Z,4,10,8,2021-12-16T19:00:00Z,2021-12-23T15:30:00Z,2021-12-31T21:00:00Z
188,demand,demand,467.48,467.6199191986564,2021-11-17T14:30:00Z,2021-11-17T18:00:00Z,2021-11-17T18:00:00Z,expired,3,pivot|role_flip|volume_profile,pivot:2021-11-17T14:30:00Z|volume:VAH:2021-11-09:467.494375,1,2,2,2021-11-24T20:00:00Z,2021-11-26T15:30:00Z,2021-12-06T17:00:00Z
193,supply,supply,472.57,473.54,2021-11-22T15:00:00Z,2021-11-22T19:00:00Z,2021-11-22T21:00:00Z,expired,3,pivot|repeated_pivot|volume_profile,pivot:2021-11-22T15:00:00Z|volume:VAH:2021-11-22:472.637292|pivot:2021-12-16T14:30:00Z,2,2,0,2021-12-27T15:30:00Z,2021-12-27T16:00:00Z,2022-01-04T15:30:00Z
194,supply,supply,470.67764389336963,471.88,2021-11-22T19:00:00Z,2021-11-22T21:00:00Z,2021-11-22T21:00:00Z,expired,3,order_block|pivot|volume_profile,order_block:2021-11-22T19:00:00Z|structure_break:2021-11-22T20:00:00Z|volume:POC:2021-11-22:470.831875|pivot:2021-12-10T20:00:00Z,1,3,0,2021-12-23T16:00:00Z,2021-12-27T15:30:00Z,2022-01-03T21:00:00Z
195,supply,supply,467.22,469.1,2021-11-23T14:30:00Z,2021-11-23T16:00:00Z,2021-11-23T16:00:00Z,expired,2,order_block|volume_profile,order_block:2021-11-23T14:30:00Z|structure_break:2021-11-23T15:00:00Z|volume:POC:2021-11-15:467.466250,0,2,0,2021-11-24T16:00:00Z,2021-11-24T21:00:00Z,2021-12-06T16:00:00Z
201,supply,supply,461.48,464.67,2021-12-01T16:00:00Z,2021-12-01T20:00:00Z,2021-12-01T20:00:00Z,expired,3,order_block|pivot|volume_profile,pivot:2021-12-01T16:00:00Z|volume:VAL:2021-11-29:463.641875|order_block:2021-12-01T15:00:00Z|structure_break:2021-12-01T20:00:00Z,1,0,0,,2021-12-07T15:30:00Z,2021-12-14T21:00:00Z
203,demand,demand,450.29,450.69861199045033,2021-12-01T20:00:00Z,2021-12-02T17:00:00Z,,expired,1,pivot,pivot:2021-12-01T20:00:00Z,1,1,0,2021-12-03T17:00:00Z,2021-12-03T20:00:00Z,2021-12-13T19:00:00Z
205,demand,demand,448.92,449.64,2021-12-03T20:00:00Z,2021-12-06T17:00:00Z,2021-12-06T17:00:00Z,expired,2,pivot|volume_profile,pivot:2021-12-03T20:00:00Z|volume:VAL:2021-12-03:450.105417,1,0,0,,2022-01-20T21:00:00Z,2022-01-28T20:00:00Z
210,demand,supply,467.06,468.0684914423287,2021-12-09T15:00:00Z,2021-12-09T19:00:00Z,2021-12-09T19:00:00Z,expired,3,pivot|role_flip|volume_profile,pivot:2021-12-09T15:00:00Z|volume:POC:2021-12-07:468.028750,1,2,3,2021-12-22T21:00:00Z,2021-12-23T15:30:00Z,2021-12-31T21:00:00Z
214,supply,supply,463.73044134427363,465.74,2021-12-14T14:30:00Z,2021-12-14T16:00:00Z,2021-12-14T21:00:00Z,expired,4,order_block|pivot|role_flip|volume_profile,order_block:2021-12-14T14:30:00Z|structure_break:2021-12-14T15:00:00Z|volume:VAH:2021-12-14:463.566875|pivot:2022-01-07T15:00:00Z,1,5,4,2022-01-10T20:00:00Z,2022-01-11T17:00:00Z,2022-01-20T16:00:00Z
215,demand,supply,458.06,460.66,2021-12-14T17:00:00Z,2021-12-14T21:00:00Z,2021-12-14T21:00:00Z,expired,4,pivot|repeated_pivot|role_flip|volume_profile,pivot:2021-12-14T17:00:00Z|volume:VAL:2021-12-14:460.593125|pivot:2021-12-17T15:00:00Z,2,2,1,2021-12-21T15:30:00Z,2021-12-21T18:00:00Z,2021-12-30T17:00:00Z
220,demand,demand,451.14,451.92,2021-12-20T16:00:00Z,2021-12-20T20:00:00Z,2021-12-20T21:00:00Z,expired,3,pivot|repeated_pivot|volume_profile,pivot:2021-12-20T16:00:00Z|volume:VAL:2021-12-20:452.293750|pivot:2022-01-19T20:00:00Z,2,1,0,2022-01-19T21:00:00Z,2022-01-20T21:00:00Z,2022-01-28T20:00:00Z
221,supply,supply,478.24,479.0,2021-12-28T14:30:00Z,2021-12-28T18:00:00Z,2021-12-30T19:00:00Z,expired,4,order_block|pivot|repeated_pivot|volume_profile,pivot:2021-12-28T14:30:00Z|pivot:2021-12-30T15:00:00Z|volume:VAH:2021-12-29:478.065000|order_block:2021-12-30T17:00:00Z|structure_break:2021-12-30T20:00:00Z,2,1,0,2021-12-29T21:00:00Z,2022-01-04T15:30:00Z,2022-01-11T21:00:00Z
222,demand,supply,475.92,476.6421701090369,2021-12-29T15:00:00Z,2021-12-29T19:00:00Z,2021-12-29T19:00:00Z,expired,3,pivot|role_flip|volume_profile,pivot:2021-12-29T15:00:00Z|volume:VAL:2021-12-28:476.461042,1,2,3,2022-01-05T19:00:00Z,2022-01-04T19:00:00Z,2022-02-17T15:30:00Z
225,demand,demand,474.87,475.76393705220687,2021-12-31T15:00:00Z,2021-12-31T19:00:00Z,2021-12-31T19:00:00Z,expired,3,pivot|repeated_pivot|volume_profile,pivot:2021-12-31T15:00:00Z|volume:VAL:2021-12-27:474.770417|pivot:2022-01-04T18:00:00Z,2,2,0,2022-01-05T19:00:00Z,2022-01-05T20:00:00Z,2022-01-13T19:00:00Z
226,demand,demand,473.85,474.62614199010994,2022-01-03T14:30:00Z,2022-01-03T18:00:00Z,2022-01-03T18:00:00Z,expired,2,pivot|volume_profile,pivot:2022-01-03T14:30:00Z|volume:VAL:2021-12-27:474.770417,1,0,0,,2022-01-05T20:00:00Z,2022-01-13T19:00:00Z
227,supply,supply,476.9438580098901,477.72,2022-01-03T14:30:00Z,2022-01-03T18:00:00Z,2022-01-03T18:00:00Z,expired,2,pivot|volume_profile,pivot:2022-01-03T14:30:00Z|volume:VAH:2021-12-27:477.199583,1,1,0,2022-01-03T20:00:00Z,2022-01-04T15:30:00Z,2022-01-11T21:00:00Z
228,supply,supply,479.69,479.98,2022-01-04T14:30:00Z,2022-01-04T18:00:00Z,2022-01-10T15:30:00Z,expired,2,pivot|volume_profile,pivot:2022-01-04T14:30:00Z|volume:VAH:2022-01-04:478.971667,1,0,0,,,2022-02-23T21:00:00Z
230,supply,supply,477.22,477.98,2022-01-05T15:00:00Z,2022-01-05T20:00:00Z,2022-01-05T20:00:00Z,expired,2,order_block|volume_profile,order_block:2022-01-05T15:00:00Z|structure_break:2022-01-05T19:00:00Z|volume:POC:2021-12-29:477.405000|structure_break:2022-01-05T20:00:00Z,0,0,0,,,2022-02-25T16:00:00Z
232,demand,supply,465.43,466.5826980742282,2022-01-06T15:00:00Z,2022-01-06T19:00:00Z,2022-01-11T15:30:00Z,expired,3,pivot|role_flip|volume_profile,pivot:2022-01-06T15:00:00Z|volume:VAL:2022-01-07:466.071875,1,0,1,2022-01-11T15:30:00Z,2022-01-11T17:00:00Z,2022-01-20T16:00:00Z
233,supply,demand,466.91,469.2,2022-01-07T14:30:00Z,2022-01-07T16:00:00Z,2022-01-07T16:00:00Z,expired,3,order_block|role_flip|volume_profile,order_block:2022-01-07T14:30:00Z|structure_break:2022-01-07T15:00:00Z|volume:POC:2022-01-06:468.686458|order_block:2022-01-07T19:00:00Z|structure_break:2022-01-10T14:30:00Z,0,5,1,2022-01-13T18:00:00Z,2022-01-13T21:00:00Z,2022-01-24T20:00:00Z
236,demand,supply,456.59,458.74,2022-01-10T15:00:00Z,2022-01-10T19:00:00Z,2022-01-10T21:00:00Z,expired,5,order_block|pivot|repeated_pivot|role_flip|volume_profile,pivot:2022-01-10T15:00:00Z|volume:VAL:2022-01-10:456.780625|order_block:2022-01-19T17:00:00Z|structure_break:2022-01-19T20:00:00Z|pivot:2022-01-20T16:00:00Z|order_block:2022-01-20T15:00:00Z|structure_break:2022-01-20T20:00:00Z|pivot:2022-02-02T20:00:00Z|pivot:2022-02-09T20:00:00Z,4,5,3,2022-02-10T16:00:00Z,2022-01-19T19:00:00Z,2022-03-02T15:30:00Z
237,supply,supply,472.36,473.2,2022-01-12T15:00:00Z,2022-01-12T19:00:00Z,2022-01-13T18:00:00Z,expired,3,pivot|repeated_pivot|volume_profile,pivot:2022-01-12T15:00:00Z|pivot:2022-01-13T14:30:00Z|volume:VAH:2022-01-12:471.691250,2,1,0,2022-01-13T15:30:00Z,,2022-03-04T15:30:00Z
239,supply,supply,469.91,471.36,2022-01-13T16:00:00Z,2022-01-13T18:00:00Z,2022-01-13T18:00:00Z,expired,2,order_block|volume_profile,order_block:2022-01-13T16:00:00Z|structure_break:2022-01-13T17:00:00Z|volume:VAL:2022-01-05:471.311250,0,0,0,,,2022-03-04T21:00:00Z
240,supply,supply,464.69,465.09,2022-01-14T20:00:00Z,2022-01-18T17:00:00Z,2022-01-18T17:00:00Z,expired,2,pivot|volume_profile,pivot:2022-01-14T20:00:00Z|volume:VAL:2022-01-13:465.210000,1,0,0,,,2022-03-08T20:00:00Z
241,supply,supply,459.2922564008228,459.62,2022-01-19T14:30:00Z,2022-01-19T18:00:00Z,2022-01-19T18:00:00Z,expired,2,pivot|volume_profile,pivot:2022-01-19T14:30:00Z|volume:POC:2022-01-10:459.068125,1,0,0,,,2022-03-09T21:00:00Z
246,demand,demand,439.7264490612181,444.04,2022-01-21T15:00:00Z,2022-01-21T19:00:00Z,2022-01-21T21:00:00Z,expired,4,pivot|repeated_pivot|role_flip|volume_profile,pivot:2022-01-21T15:00:00Z|volume:VAL:2022-01-21:440.731875|pivot:2022-01-24T20:00:00Z|pivot:2022-01-26T15:00:00Z|pivot:2022-01-26T19:00:00Z,4,8,4,2022-02-17T15:30:00Z,2022-02-17T20:00:00Z,2022-02-28T19:00:00Z
247,demand,supply,420.76,423.51117947507845,2022-01-24T17:00:00Z,2022-01-24T21:00:00Z,2022-02-23T21:00:00Z,expired,3,pivot|role_flip|volume_profile,pivot:2022-01-24T17:00:00Z|volume:POC:2022-02-23:423.086875,1,1,1,2022-02-24T19:00:00Z,2022-02-24T21:00:00Z,2022-03-04T20:00:00Z
251,demand,demand,428.86,431.839958212948,2022-01-26T20:00:00Z,2022-01-27T17:00:00Z,2022-01-27T17:00:00Z,expired,2,pivot|volume_profile,pivot:2022-01-26T20:00:00Z|volume:POC:2022-01-24:430.161250,1,1,0,2022-01-27T19:00:00Z,2022-01-28T15:30:00Z,2022-02-04T21:00:00Z
252,demand,demand,425.18,429.3561359957948,2022-01-28T15:00:00Z,2022-01-28T19:00:00Z,2022-01-28T19:00:00Z,expired,4,pivot|repeated_pivot|role_flip|volume_profile,pivot:2022-01-28T15:00:00Z|volume:VAL:2022-01-25:429.506875|pivot:2022-03-01T20:00:00Z|pivot:2022-03-04T16:00:00Z|pivot:2022-03-08T18:00:00Z,4,9,4,2022-03-16T19:00:00Z,2022-03-16T14:30:00Z,2022-03-21T14:30:00Z
253,supply,supply,450.62458111997097,452.78,2022-02-01T16:00:00Z,2022-02-01T20:00:00Z,2022-02-03T16:00:00Z,expired,4,pivot|repeated_pivot|role_flip|volume_profile,pivot:2022-02-01T16:00:00Z|volume:VAH:2022-02-01:450.977917|pivot:2022-02-04T20:00:00Z|pivot:2022-02-10T14:30:00Z,3,5,4,2022-02-10T21:00:00Z,2022-02-10T20:00:00Z,2022-03-23T15:00:00Z
255,demand,demand,443.83,446.41,2022-02-04T16:00:00Z,2022-02-04T20:00:00Z,2022-02-04T20:00:00Z,expired,4,pivot|repeated_pivot|role_flip|volume_profile,pivot:2022-02-04T16:00:00Z|volume:VAL:2022-01-31:443.954375|pivot:2022-02-08T15:00:00Z|pivot:2022-02-15T16:00:00Z|pivot:2022-02-15T20:00:00Z,4,3,2,2022-02-16T21:00:00Z,2022-02-17T15:30:00Z,2022-02-25T21:00:00Z
257,supply,demand,448.84,450.99,2022-02-07T20:00:00Z,2022-02-08T17:00:00Z,2022-02-08T17:00:00Z,expired,4,pivot|repeated_pivot|role_flip|volume_profile,pivot:2022-02-07T20:00:00Z|volume:POC:2022-02-01:450.140417|pivot:2022-03-22T15:00:00Z|pivot:2022-03-22T19:00:00Z,3,6,3,2022-03-28T16:00:00Z,2022-03-25T15:00:00Z,2022-03-29T19:00:00Z
261,supply,supply,440.18,441.49,2022-02-14T17:00:00Z,2022-02-14T19:00:00Z,2022-02-14T19:00:00Z,expired,2,order_block|volume_profile,order_block:2022-02-14T17:00:00Z|structure_break:2022-02-14T18:00:00Z|volume:POC:2022-02-11:440.787708,0,1,0,2022-02-14T21:00:00Z,2022-02-15T15:30:00Z,2022-02-23T21:00:00Z
262,demand,demand,435.34,436.26,2022-02-14T19:00:00Z,2022-02-15T16:00:00Z,2022-02-18T21:00:00Z,expired,3,pivot|role_flip|volume_profile,pivot:2022-02-14T19:00:00Z|volume:VAH:2022-02-18:436.522500,1,2,4,2022-03-02T17:00:00Z,2022-03-03T16:00:00Z,2022-03-11T15:30:00Z
265,demand,demand,440.47,443.61,2022-02-16T17:00:00Z,2022-02-16T20:00:00Z,2022-02-16T20:00:00Z,expired,5,order_block|pivot|repeated_pivot|role_flip|volume_profile,order_block:2022-02-16T17:00:00Z|structure_break:2022-02-16T19:00:00Z|volume:VAL:2022-02-15:444.277917|pivot:2022-02-16T17:00:00Z|pivot:2022-03-03T14:30:00Z,2,4,2,2022-04-06T19:00:00Z,2022-03-18T20:00:00Z,2022-04-07T15:00:00Z
267,supply,supply,446.61,448.06,2022-02-16T20:00:00Z,2022-02-17T17:00:00Z,2022-02-17T17:00:00Z,expired,3,pivot|role_flip|volume_profile,pivot:2022-02-16T20:00:00Z|volume:VAH:2022-02-11:447.122708,1,3,4,2022-04-07T18:00:00Z,2022-04-06T14:30:00Z,2022-04-07T19:00:00Z
268,demand,demand,439.8,440.77,2022-02-17T15:00:00Z,2022-02-17T19:00:00Z,2022-02-17T19:00:00Z,expired,2,pivot|volume_profile,pivot:2022-02-17T15:00:00Z|volume:VAH:2022-02-14:440.426250,1,0,0,,2022-02-17T20:00:00Z,2022-02-28T19:00:00Z
269,demand,demand,425.86,427.29,2022-02-22T19:00:00Z,2022-02-23T16:00:00Z,2022-02-23T16:00:00Z,expired,2,pivot|volume_profile,pivot:2022-02-22T19:00:00Z|volume:VAL:2022-02-22:428.069167,1,2,0,2022-02-23T19:00:00Z,2022-02-23T20:00:00Z,2022-03-03T19:00:00Z
270,supply,demand,430.7,433.98867707777987,2022-02-23T14:30:00Z,2022-02-23T18:00:00Z,2022-02-23T18:00:00Z,expired,4,pivot|repeated_pivot|role_flip|volume_profile,pivot:2022-02-23T14:30:00Z|volume:VAL:2022-02-18:432.817500|pivot:2022-02-28T15:00:00Z|pivot:2022-02-28T19:00:00Z,3,6,5,2022-03-17T14:30:00Z,2022-03-16T20:00:00Z,2022-04-12T20:00:00Z
271,demand,demand,410.64,411.09472410875486,2022-02-24T14:30:00Z,2022-02-24T18:00:00Z,2022-02-24T21:00:00Z,expired,2,pivot|volume_profile,pivot:2022-02-24T14:30:00Z|volume:VAL:2022-02-24:411.772500,1,0,0,,,2022-04-13T20:00:00Z
273,supply,supply,437.34,438.2,2022-02-28T16:00:00Z,2022-02-28T20:00:00Z,2022-02-28T20:00:00Z,expired,2,pivot|volume_profile,pivot:2022-02-28T16:00:00Z|volume:VAH:2022-02-25:437.632083,1,1,0,2022-03-02T17:00:00Z,2022-03-02T19:00:00Z,2022-03-10T18:00:00Z
277,demand,demand,433.84,434.9,2022-03-03T16:00:00Z,2022-03-03T20:00:00Z,2022-03-03T20:00:00Z,expired,2,pivot|volume_profile,pivot:2022-03-03T16:00:00Z|volume:VAL:2022-02-25:433.889583,1,1,0,2022-03-03T21:00:00Z,2022-03-04T15:30:00Z,2022-03-11T21:00:00Z
279,demand,demand,415.12,417.36959346257146,2022-03-08T16:00:00Z,2022-03-08T20:00:00Z,2022-03-08T21:00:00Z,expired,3,pivot|repeated_pivot|volume_profile,pivot:2022-03-08T16:00:00Z|volume:VAL:2022-03-08:417.386875|pivot:2022-03-14T18:00:00Z,2,3,0,2022-04-26T20:00:00Z,,2022-04-27T15:00:00Z
281,supply,supply,427.43508874051753,429.51,2022-03-09T20:00:00Z,2022-03-10T17:00:00Z,2022-03-10T17:00:00Z,expired,4,pivot|repeated_pivot|role_flip|volume_profile,pivot:2022-03-09T20:00:00Z|volume:POC:2022-03-04:429.366875|pivot:2022-03-11T14:30:00Z,2,2,2,2022-04-28T18:00:00Z,2022-04-22T20:00:00Z,2022-04-28T19:00:00Z
282,demand,demand,420.44,421.77,2022-03-10T16:00:00Z,2022-03-10T20:00:00Z,2022-03-10T20:00:00Z,expired,3,pivot|role_flip|volume_profile,pivot:2022-03-10T16:00:00Z|volume:POC:2022-03-07:422.220000,1,3,6,2022-05-04T19:00:00Z,2022-04-28T17:00:00Z,2022-05-04T20:00:00Z
285,supply,supply,433.31,434.55,2022-03-16T14:00:00Z,2022-03-16T18:00:00Z,2022-03-17T14:30:00Z,expired,3,pivot|role_flip|volume_profile,pivot:2022-03-16T14:00:00Z|volume:VAH:2022-03-16:434.093333,1,1,2,2022-04-22T16:00:00Z,2022-04-22T15:00:00Z,2022-05-05T14:30:00Z
286,demand,demand,424.8,428.27463139164246,2022-03-16T18:00:00Z,2022-03-16T20:00:00Z,2022-03-16T20:00:00Z,expired,3,order_block|role_flip|volume_profile,order_block:2022-03-16T18:00:00Z|structure_break:2022-03-16T19:00:00Z|volume:POC:2022-03-09:426.861875,0,2,2,2022-05-04T20:00:00Z,2022-05-05T14:30:00Z,2022-05-12T20:00:00Z
287,demand,supply,424.8,426.6765177951692,2022-03-16T18:00:00Z,2022-03-17T15:00:00Z,2022-03-17T15:00:00Z,expired,3,pivot|role_flip|volume_profile,pivot:2022-03-16T18:00:00Z|volume:VAL:2022-03-09:425.468125,1,2,3,2022-05-05T14:30:00Z,2022-04-29T15:00:00Z,2022-05-05T18:00:00Z
288,supply,supply,440.6614480318271,442.1288714452986,2022-03-17T19:00:00Z,2022-03-18T16:00:00Z,2022-03-18T16:00:00Z,expired,4,pivot|repeated_pivot|role_flip|volume_profile,pivot:2022-03-17T19:00:00Z|volume:VAH:2022-03-17:440.856875|pivot:2022-03-21T17:00:00Z,2,3,4,2022-04-19T14:30:00Z,2022-04-19T15:00:00Z,2022-04-27T14:30:00Z
289,supply,demand,444.99792666774306,446.46,2022-03-21T13:30:00Z,2022-03-21T17:00:00Z,2022-03-21T17:00:00Z,expired,4,pivot|repeated_pivot|role_flip|volume_profile,pivot:2022-03-21T13:30:00Z|volume:VAH:2022-03-18:444.700833|pivot:2022-03-23T13:30:00Z,2,1,1,2022-03-23T17:00:00Z,2022-03-23T20:00:00Z,2022-03-31T19:00:00Z
294,demand,supply,443.47,445.75,2022-03-23T19:00:00Z,2022-03-24T16:00:00Z,2022-03-24T16:00:00Z,expired,4,pivot|repeated_pivot|role_flip|volume_profile,pivot:2022-03-23T19:00:00Z|volume:POC:2022-03-21:444.412917|pivot:2022-04-06T14:00:00Z|pivot:2022-04-06T18:00:00Z|pivot:2022-04-12T13:30:00Z,4,7,3,2022-04-21T18:00:00Z,2022-04-21T17:00:00Z,2022-05-12T19:00:00Z
295,supply,supply,447.99,449.95,2022-03-24T15:00:00Z,2022-03-24T19:00:00Z,2022-03-24T19:00:00Z,expired,4,pivot|repeated_pivot|role_flip|volume_profile,pivot:2022-03-24T15:00:00Z|volume:POC:2022-03-22:448.908333|pivot:2022-04-01T17:00:00Z|pivot:2022-04-06T19:00:00Z,3,2,2,2022-04-07T19:00:00Z,2022-04-08T17:00:00Z,2022-04-19T16:00:00Z
296,supply,demand,452.33,452.98,2022-03-25T14:00:00Z,2022-03-25T18:00:00Z,2022-03-25T20:00:00Z,expired,3,pivot|role_flip|volume_profile,pivot:2022-03-25T14:00:00Z|volume:VAH:2022-03-25:452.126875,1,2,3,2022-04-05T17:00:00Z,2022-04-05T20:00:00Z,2022-04-13T19:00:00Z
297,supply,supply,453.39228259661496,453.65,2022-03-28T13:30:00Z,2022-03-28T17:00:00Z,2022-04-04T14:30:00Z,expired,3,pivot|role_flip|volume_profile,pivot:2022-03-28T13:30:00Z|volume:VAH:2022-04-01:452.830000,1,1,2,2022-04-05T19:00:00Z,2022-04-05T18:00:00Z,2022-05-16T20:00:00Z
298,supply,supply,460.48819309387176,462.07,2022-03-29T13:30:00Z,2022-03-29T17:00:00Z,2022-03-29T20:00:00Z,expired,3,pivot|repeated_pivot|volume_profile,pivot:2022-03-29T13:30:00Z|volume:VAH:2022-03-29:460.745625|pivot:2022-03-29T19:00:00Z,2,1,0,2022-03-29T19:00:00Z,,2022-05-17T20:00:00Z
300,demand,supply,456.46,457.50472914350826,2022-03-30T19:00:00Z,2022-03-31T16:00:00Z,2022-03-31T16:00:00Z,expired,3,pivot|role_flip|volume_profile,pivot:2022-03-30T19:00:00Z|volume:VAL:2022-03-29:457.689375,1,1,1,2022-04-05T15:00:00Z,2022-03-31T20:00:00Z,2022-05-19T19:00:00Z
301,supply,supply,456.7,457.83,2022-03-31T17:00:00Z,2022-03-31T20:00:00Z,2022-03-31T20:00:00Z,expired,3,order_block|pivot|volume_profile,order_block:2022-03-31T17:00:00Z|structure_break:2022-03-31T19:00:00Z|volume:POC:2022-03-31:457.018333|pivot:2022-04-05T14:00:00Z,1,1,0,2022-04-04T20:00:00Z,,2022-05-20T16:00:00Z
307,supply,supply,449.317501502772,450.69,2022-04-07T19:00:00Z,2022-04-08T16:00:00Z,2022-04-08T16:00:00Z,expired,3,pivot|repeated_pivot|volume_profile,pivot:2022-04-07T19:00:00Z|volume:VAL:2022-04-01:450.670000|pivot:2022-04-21T13:30:00Z,2,2,0,2022-04-21T14:30:00Z,,2022-05-27T19:00:00Z
308,demand,supply,439.39,439.97,2022-04-11T19:00:00Z,2022-04-12T16:00:00Z,2022-04-13T14:30:00Z,expired,3,pivot|role_flip|volume_profile,pivot:2022-04-11T19:00:00Z|volume:VAL:2022-04-12:439.114583,1,2,3,2022-04-18T18:00:00Z,2022-04-19T14:30:00Z,2022-04-26T20:00:00Z
310,demand,demand,436.65,438.0146660550903,2022-04-12T19:00:00Z,2022-04-13T16:00:00Z,2022-04-18T20:00:00Z,expired,2,pivot|volume_profile,pivot:2022-04-12T19:00:00Z|volume:VAL:2022-04-18:436.731250,1,3,0,2022-04-21T20:00:00Z,2022-04-22T14:30:00Z,2022-04-29T20:00:00Z
311,supply,supply,443.48,444.74,2022-04-14T13:30:00Z,2022-04-14T17:00:00Z,2022-04-14T17:00:00Z,expired,4,pivot|repeated_pivot|role_flip|volume_profile,pivot:2022-04-14T13:30:00Z|volume:VAL:2022-04-06:444.721250|pivot:2022-04-19T15:00:00Z|pivot:2022-04-20T18:00:00Z,3,3,2,2022-04-21T18:00:00Z,2022-04-21T17:00:00Z,2022-06-03T20:00:00Z
312,demand,supply,435.61,436.56,2022-04-18T16:00:00Z,2022-04-18T20:00:00Z,2022-04-18T20:00:00Z,expired,3,pivot|role_flip|volume_profile,pivot:2022-04-18T16:00:00Z|volume:VAL:2022-04-18:436.731250,1,0,1,2022-04-22T15:00:00Z,2022-04-22T14:30:00Z,2022-06-07T16:00:00Z
314,supply,supply,446.91,447.57,2022-04-20T13:30:00Z,2022-04-20T17:00:00Z,2022-04-20T20:00:00Z,expired,2,pivot|volume_profile,pivot:2022-04-20T13:30:00Z|volume:VAH:2022-04-20:446.632708,1,1,0,2022-04-20T18:00:00Z,2022-04-21T14:30:00Z,2022-04-28T20:00:00Z
317,demand,supply,418.84,419.77,2022-04-25T15:00:00Z,2022-04-25T19:00:00Z,2022-04-25T20:00:00Z,expired,3,pivot|role_flip|volume_profile,pivot:2022-04-25T15:00:00Z|volume:VAL:2022-04-25:419.866042,1,3,3,2022-05-04T18:00:00Z,2022-05-04T19:00:00Z,2022-05-12T18:00:00Z
318,supply,supply,428.2692322988279,429.66,2022-04-25T19:00:00Z,2022-04-26T16:00:00Z,2022-04-28T20:00:00Z,expired,3,pivot|repeated_pivot|volume_profile,pivot:2022-04-25T19:00:00Z|volume:VAH:2022-04-28:429.389167|pivot:2022-04-28T19:00:00Z|pivot:2022-05-04T19:00:00Z,3,2,0,2022-05-04T20:00:00Z,,2022-06-14T19:00:00Z
319,supply,demand,419.41,421.0,2022-04-26T18:00:00Z,2022-04-26T20:00:00Z,2022-04-26T20:00:00Z,expired,3,order_block|role_flip|volume_profile,order_block:2022-04-26T18:00:00Z|structure_break:2022-04-26T19:00:00Z|volume:VAL:2022-04-25:419.866042,0,1,3,2022-05-04T19:00:00Z,2022-05-05T15:00:00Z,2022-05-13T14:30:00Z
320,demand,supply,413.7,417.09041975367126,2022-04-27T14:00:00Z,2022-04-27T18:00:00Z,2022-04-27T20:00:00Z,expired,5,order_block|pivot|repeated_pivot|role_flip|volume_profile,pivot:2022-04-27T14:00:00Z|volume:VAL:2022-04-27:417.152292|pivot:2022-05-04T15:00:00Z|order_block:2022-05-04T14:00:00Z|structure_break:2022-05-04T18:00:00Z|structure_break:2022-05-04T19:00:00Z,2,8,3,2022-06-02T17:00:00Z,2022-06-02T20:00:00Z,2022-06-10T19:00:00Z
321,supply,supply,422.06,422.92,2022-04-27T16:00:00Z,2022-04-27T20:00:00Z,2022-04-27T20:00:00Z,expired,3,pivot|role_flip|volume_profile,pivot:2022-04-27T16:00:00Z|volume:VAH:2022-04-26:422.508958,1,1,2,2022-04-29T16:00:00Z,2022-05-04T19:00:00Z,2022-05-12T18:00:00Z
322,demand,supply,417.6,420.44,2022-04-28T14:00:00Z,2022-04-28T17:00:00Z,2022-04-28T17:00:00Z,expired,4,order_block|pivot|role_flip|volume_profile,order_block:2022-04-28T14:00:00Z|structure_break:2022-04-28T16:00:00Z|volume:VAL:2022-04-25:419.866042|pivot:2022-05-03T15:00:00Z,1,3,1,2022-05-04T17:00:00Z,2022-05-04T19:00:00Z,2022-05-12T18:00:00Z
324,demand,supply,402.25,406.46,2022-05-02T18:00:00Z,2022-05-03T15:00:00Z,2022-05-03T15:00:00Z,expired,4,pivot|repeated_pivot|role_flip|volume_profile,pivot:2022-05-02T18:00:00Z|volume:VAL:2022-05-02:407.063750|pivot:2022-05-06T13:30:00Z|pivot:2022-05-10T13:30:00Z|pivot:2022-05-11T14:00:00Z,4,5,1,2022-05-16T18:00:00Z,2022-05-17T19:00:00Z,2022-05-25T18:00:00Z
332,demand,supply,394.71145184520896,397.73,2022-05-10T16:00:00Z,2022-05-10T20:00:00Z,2022-05-11T20:00:00Z,expired,4,pivot|repeated_pivot|role_flip|volume_profile,pivot:2022-05-10T16:00:00Z|volume:POC:2022-05-11:395.231667|pivot:2022-05-20T13:30:00Z|pivot:2022-05-23T18:00:00Z|pivot:2022-05-25T14:00:00Z,4,4,3,2022-05-24T20:00:00Z,2022-05-26T14:30:00Z,2022-06-03T20:00:00Z
334,demand,demand,386.92,388.6,2022-05-12T13:30:00Z,2022-05-12T17:00:00Z,2022-05-20T16:00:00Z,expired,4,pivot|repeated_pivot|role_flip|volume_profile,pivot:2022-05-12T13:30:00Z|volume:POC:2022-05-12:388.034375|pivot:2022-05-24T14:00:00Z,2,1,2,2022-05-24T16:00:00Z,2022-06-13T14:30:00Z,2022-06-21T20:00:00Z
335,demand,demand,385.15,385.75382180385753,2022-05-12T18:00:00Z,2022-05-13T15:00:00Z,2022-05-13T15:00:00Z,expired,2,pivot|volume_profile,pivot:2022-05-12T18:00:00Z|volume:VAL:2022-05-12:386.703125,1,1,0,2022-05-20T16:00:00Z,2022-05-20T17:00:00Z,2022-05-31T16:00:00Z
336,supply,supply,401.76,403.18,2022-05-13T16:00:00Z,2022-05-13T20:00:00Z,2022-05-13T20:00:00Z,expired,3,pivot|role_flip|volume_profile,pivot:2022-05-13T16:00:00Z|volume:VAH:2022-05-10:403.030417,1,3,2,2022-05-26T14:30:00Z,2022-05-26T15:00:00Z,2022-06-06T14:30:00Z
337,supply,demand,406.93,408.57,2022-05-17T19:00:00Z,2022-05-18T16:00:00Z,2022-05-18T16:00:00Z,expired,4,pivot|repeated_pivot|role_flip|volume_profile,pivot:2022-05-17T19:00:00Z|volume:VAH:2022-05-17:407.446875|pivot:2022-06-01T16:00:00Z|pivot:2022-06-07T13:30:00Z,3,4,1,2022-06-09T16:00:00Z,2022-06-09T19:00:00Z,2022-06-17T18:00:00Z
338,demand,demand,387.11,388.56,2022-05-19T13:30:00Z,2022-05-19T17:00:00Z,2022-05-19T17:00:00Z,expired,2,pivot|volume_profile,pivot:2022-05-19T13:30:00Z|volume:POC:2022-05-12:388.034375,1,2,0,2022-05-20T15:00:00Z,2022-05-20T16:00:00Z,2022-05-31T15:00:00Z
340,demand,supply,380.54,383.9,2022-05-20T17:00:00Z,2022-05-23T14:30:00Z,2022-05-23T14:30:00Z,expired,4,pivot|repeated_pivot|role_flip|volume_profile,pivot:2022-05-20T17:00:00Z|volume:POC:2022-05-20:382.257708|pivot:2022-06-15T19:00:00Z|pivot:2022-07-01T19:00:00Z,3,8,5,2022-07-13T16:00:00Z,2022-07-13T14:30:00Z,2022-07-13T17:00:00Z
344,supply,supply,415.0373691114746,415.39,2022-05-27T19:00:00Z,2022-05-31T16:00:00Z,2022-06-02T20:00:00Z,expired,3,pivot|role_flip|volume_profile,pivot:2022-05-27T19:00:00Z|volume:VAH:2022-05-31:415.254375,1,1,2,2022-06-06T16:00:00Z,2022-06-07T20:00:00Z,2022-06-15T19:00:00Z
345,demand,supply,409.44,411.16,2022-05-31T14:00:00Z,2022-05-31T18:00:00Z,2022-05-31T18:00:00Z,expired,5,order_block|pivot|repeated_pivot|role_flip|volume_profile,pivot:2022-05-31T14:00:00Z|volume:VAL:2022-05-27:410.743958|pivot:2022-06-03T15:00:00Z|order_block:2022-06-09T16:00:00Z|structure_break:2022-06-09T19:00:00Z,2,5,3,2022-06-09T16:00:00Z,2022-06-09T15:00:00Z,2022-07-21T14:30:00Z
346,supply,supply,416.07006344183594,416.46,2022-05-31T18:00:00Z,2022-06-01T15:00:00Z,2022-06-01T15:00:00Z,expired,2,pivot|volume_profile,pivot:2022-05-31T18:00:00Z|volume:VAH:2022-05-31:415.254375,1,0,0,,2022-06-02T20:00:00Z,2022-06-10T19:00:00Z
348,supply,supply,415.7,417.44,2022-06-02T19:00:00Z,2022-06-03T16:00:00Z,2022-06-03T16:00:00Z,expired,3,pivot|repeated_pivot|volume_profile,pivot:2022-06-02T19:00:00Z|volume:VAH:2022-06-02:417.223333|pivot:2022-06-06T14:00:00Z|pivot:2022-06-07T19:00:00Z,3,1,0,2022-06-07T20:00:00Z,,2022-07-25T19:00:00Z
354,demand,demand,389.87,390.85,2022-06-10T15:00:00Z,2022-06-10T19:00:00Z,2022-06-10T20:00:00Z,expired,2,pivot|volume_profile,pivot:2022-06-10T15:00:00Z|volume:VAL:2022-06-10:390.126875,1,1,0,2022-06-10T20:00:00Z,2022-06-13T14:30:00Z,2022-06-21T20:00:00Z
355,supply,supply,391.92,394.25,2022-06-10T19:00:00Z,2022-06-13T16:00:00Z,2022-06-13T16:00:00Z,expired,4,pivot|repeated_pivot|role_flip|volume_profile,pivot:2022-06-10T19:00:00Z|volume:VAH:2022-06-10:392.890625|pivot:2022-06-28T13:30:00Z,2,5,2,2022-07-26T18:00:00Z,2022-07-27T14:30:00Z,2022-08-03T20:00:00Z
356,demand,demand,373.8,376.28,2022-06-13T15:00:00Z,2022-06-13T19:00:00Z,2022-06-13T20:00:00Z,expired,4,pivot|repeated_pivot|role_flip|volume_profile,pivot:2022-06-13T15:00:00Z|volume:VAL:2022-06-13:375.604792|pivot:2022-06-21T15:00:00Z|pivot:2022-07-01T14:00:00Z|pivot:2022-07-13T13:30:00Z,4,5,6,2022-07-13T14:30:00Z,2022-07-14T14:30:00Z,2022-07-21T20:00:00Z
357,demand,demand,370.59,372.19,2022-06-14T19:00:00Z,2022-06-15T16:00:00Z,2022-06-15T16:00:00Z,expired,2,pivot|volume_profile,pivot:2022-06-14T19:00:00Z|volume:VAL:2022-06-14:372.580625,1,1,0,2022-06-15T19:00:00Z,2022-06-16T14:30:00Z,2022-06-24T20:00:00Z
358,supply,demand,376.79,379.5,2022-06-15T14:00:00Z,2022-06-15T18:00:00Z,2022-06-15T18:00:00Z,expired,4,pivot|repeated_pivot|role_flip|volume_profile,pivot:2022-06-15T14:00:00Z|volume:VAH:2022-06-13:379.859792|pivot:2022-06-22T14:00:00Z|pivot:2022-06-22T18:00:00Z,3,6,5,2022-07-13T19:00:00Z,2022-07-14T14:30:00Z,2022-07-21T20:00:00Z
360,demand,supply,365.76,366.2520114969609,2022-06-16T14:00:00Z,2022-06-16T18:00:00Z,2022-06-17T15:00:00Z,expired,3,pivot|role_flip|volume_profile,pivot:2022-06-16T14:00:00Z|volume:POC:2022-06-16:366.216875,1,0,1,2022-06-17T15:00:00Z,2022-06-17T18:00:00Z,2022-06-28T17:00:00Z
361,supply,supply,368.39,369.38,2022-06-17T13:30:00Z,2022-06-17T17:00:00Z,2022-06-17T17:00:00Z,expired,2,pivot|volume_profile,pivot:2022-06-17T13:30:00Z|volume:VAH:2022-06-16:367.934375,1,1,0,2022-06-17T18:00:00Z,2022-06-21T14:30:00Z,2022-06-28T20:00:00Z
362,demand,demand,362.17,363.54,2022-06-17T14:00:00Z,2022-06-17T18:00:00Z,,expired,1,pivot,pivot:2022-06-17T14:00:00Z,1,0,0,,,2022-08-09T14:30:00Z
364,demand,demand,370.18,370.65,2022-06-22T13:30:00Z,2022-06-22T17:00:00Z,2022-07-14T20:00:00Z,expired,2,pivot|volume_profile,pivot:2022-06-22T13:30:00Z|volume:VAL:2022-07-14:371.196875,1,0,0,,,2022-08-10T20:00:00Z
367,demand,demand,371.04,373.83,2022-06-23T17:00:00Z,2022-06-24T14:30:00Z,2022-06-24T14:30:00Z,expired,4,pivot|repeated_pivot|role_flip|volume_profile,pivot:2022-06-23T17:00:00Z|volume:VAL:2022-06-22:374.272083|pivot:2022-06-30T14:00:00Z|pivot:2022-07-05T14:00:00Z|pivot:2022-07-14T14:00:00Z,4,2,2,2022-07-14T17:00:00Z,2022-07-14T16:00:00Z,2022-08-12T17:00:00Z
368,supply,supply,391.0451090232692,391.36,2022-06-27T13:30:00Z,2022-06-27T17:00:00Z,,expired,1,pivot,pivot:2022-06-27T13:30:00Z,1,0,0,,2022-06-28T14:30:00Z,2022-07-06T20:00:00Z
369,supply,demand,390.26164546161607,393.16,2022-06-28T13:30:00Z,2022-06-28T16:00:00Z,2022-06-28T16:00:00Z,expired,3,order_block|role_flip|volume_profile,order_block:2022-06-28T13:30:00Z|structure_break:2022-06-28T15:00:00Z|volume:VAH:2022-06-27:389.971667,0,6,1,2022-07-26T14:30:00Z,2022-07-20T15:00:00Z,2022-08-16T19:00:00Z
371,demand,supply,378.42,379.8828604678261,2022-06-29T13:30:00Z,2022-06-29T17:00:00Z,2022-06-29T17:00:00Z,expired,3,pivot|role_flip|volume_profile,pivot:2022-06-29T13:30:00Z|volume:VAH:2022-06-23:377.716250,1,4,3,2022-07-14T20:00:00Z,2022-07-15T14:30:00Z,2022-07-22T20:00:00Z
376,supply,demand,382.12,384.1,2022-07-06T13:30:00Z,2022-07-06T17:00:00Z,2022-07-06T17:00:00Z,expired,4,pivot|repeated_pivot|role_flip|volume_profile,pivot:2022-07-06T13:30:00Z|volume:VAH:2022-06-29:381.227292|pivot:2022-07-11T14:00:00Z|pivot:2022-07-12T14:00:00Z,3,2,3,2022-07-18T19:00:00Z,2022-07-18T20:00:00Z,2022-07-26T19:00:00Z
377,demand,demand,385.66,386.33,2022-07-08T14:00:00Z,2022-07-08T18:00:00Z,2022-07-11T20:00:00Z,expired,3,pivot|role_flip|volume_profile,pivot:2022-07-08T14:00:00Z|volume:VAH:2022-07-11:385.255208,1,1,2,2022-07-19T14:30:00Z,2022-07-18T14:30:00Z,2022-08-26T14:30:00Z
378,supply,demand,389.94,390.74,2022-07-08T15:00:00Z,2022-07-08T19:00:00Z,2022-07-08T19:00:00Z,expired,4,pivot|repeated_pivot|role_flip|volume_profile,pivot:2022-07-08T15:00:00Z|volume:VAH:2022-07-07:389.731875|pivot:2022-07-26T19:00:00Z,2,3,1,2022-07-26T19:00:00Z,2022-07-19T18:00:00Z,2022-08-26T15:00:00Z
383,supply,supply,384.0,384.85,2022-07-15T15:00:00Z,2022-07-15T19:00:00Z,2022-07-15T19:00:00Z,expired,2,pivot|volume_profile,pivot:2022-07-15T15:00:00Z|volume:POC:2022-07-11:384.553125,1,0,0,,2022-07-15T20:00:00Z,2022-07-25T19:00:00Z
384,supply,demand,388.38,389.09,2022-07-18T13:30:00Z,2022-07-18T17:00:00Z,2022-07-18T17:00:00Z,expired,3,pivot|role_flip|volume_profile,pivot:2022-07-18T13:30:00Z|volume:POC:2022-07-08:389.083750,1,1,1,2022-07-19T17:00:00Z,2022-07-19T16:00:00Z,2022-09-02T20:00:00Z
385,demand,demand,380.66,381.99,2022-07-18T19:00:00Z,2022-07-19T16:00:00Z,2022-07-19T16:00:00Z,expired,2,pivot|volume_profile,pivot:2022-07-18T19:00:00Z|volume:VAL:2022-07-12:381.529375,1,0,0,,,2022-09-06T19:00:00Z
386,demand,supply,391.31,392.9473594214436,2022-07-20T13:30:00Z,2022-07-20T15:00:00Z,2022-07-20T15:00:00Z,expired,4,order_block|pivot|role_flip|volume_profile,order_block:2022-07-20T13:30:00Z|structure_break:2022-07-20T14:00:00Z|volume:POC:2022-07-19:391.467500|pivot:2022-07-21T14:00:00Z,1,3,1,2022-07-26T18:00:00Z,2022-07-27T14:30:00Z,2022-08-03T20:00:00Z
387,supply,demand,395.77,397.37227062399717,2022-07-20T16:00:00Z,2022-07-20T20:00:00Z,2022-07-20T20:00:00Z,expired,5,order_block|pivot|repeated_pivot|role_flip|volume_profile,pivot:2022-07-20T16:00:00Z|volume:VAH:2022-07-20:395.933125|pivot:2022-07-25T16:00:00Z|order_block:2022-07-27T16:00:00Z|structure_break:2022-07-27T18:00:00Z|pivot:2022-08-30T17:00:00Z,3,7,5,2022-09-08T15:00:00Z,2022-09-07T19:00:00Z,2022-09-08T16:00:00Z
389,supply,supply,398.92,400.16,2022-07-22T13:30:00Z,2022-07-22T17:00:00Z,2022-07-28T15:00:00Z,expired,3,pivot|role_flip|volume_profile,pivot:2022-07-22T13:30:00Z|volume:VAH:2022-07-27:400.488542,1,3,4,2022-09-08T17:00:00Z,2022-09-08T20:00:00Z,2022-09-16T19:00:00Z
390,demand,demand,392.75,393.71,2022-07-22T18:00:00Z,2022-07-25T15:00:00Z,2022-07-25T15:00:00Z,expired,2,pivot|volume_profile,pivot:2022-07-22T18:00:00Z|volume:VAL:2022-07-20:393.318125,1,1,0,2022-07-25T19:00:00Z,2022-07-26T16:00:00Z,2022-08-03T15:00:00Z
394,supply,demand,412.44,413.5608879298658,2022-08-01T14:00:00Z,2022-08-01T18:00:00Z,2022-08-01T18:00:00Z,expired,4,pivot|repeated_pivot|role_flip|volume_profile,pivot:2022-08-01T14:00:00Z|volume:VAH:2022-07-29:412.899583|pivot:2022-08-02T16:00:00Z|pivot:2022-08-04T14:00:00Z,3,1,3,2022-08-08T16:00:00Z,2022-08-09T14:30:00Z,2022-08-16T20:00:00Z
395,demand,demand,406.82,408.1793258909739,2022-08-02T14:00:00Z,2022-08-02T18:00:00Z,2022-08-02T18:00:00Z,expired,2,pivot|volume_profile,pivot:2022-08-02T14:00:00Z|volume:VAH:2022-07-28:406.619792,1,2,0,2022-08-26T19:00:00Z,2022-08-26T20:00:00Z,2022-09-06T19:00:00Z
397,supply,supply,414.81,415.68,2022-08-03T19:00:00Z,2022-08-04T16:00:00Z,2022-08-04T16:00:00Z,expired,2,pivot|volume_profile,pivot:2022-08-03T19:00:00Z|volume:VAH:2022-08-03:415.561667,1,1,0,2022-08-04T20:00:00Z,2022-08-08T14:30:00Z,2022-08-15T20:00:00Z
399,demand,demand,409.6,411.04,2022-08-05T13:30:00Z,2022-08-05T17:00:00Z,2022-08-05T17:00:00Z,expired,3,pivot|repeated_pivot|volume_profile,pivot:2022-08-05T13:30:00Z|volume:VAL:2022-07-29:409.769583|pivot:2022-08-09T18:00:00Z,2,1,0,2022-08-26T16:00:00Z,2022-08-26T18:00:00Z,2022-09-06T17:00:00Z
400,supply,supply,417.09,417.85,2022-08-08T14:00:00Z,2022-08-08T18:00:00Z,2022-08-25T18:00:00Z,expired,3,pivot|repeated_pivot|role_flip,pivot:2022-08-08T14:00:00Z|pivot:2022-08-25T14:00:00Z,2,0,2,2022-08-25T15:00:00Z,2022-08-25T20:00:00Z,2022-09-02T19:00:00Z
402,supply,supply,419.19,420.04,2022-08-10T15:00:00Z,2022-08-10T19:00:00Z,2022-08-10T20:00:00Z,expired,4,pivot|repeated_pivot|role_flip|volume_profile,pivot:2022-08-10T15:00:00Z|volume:VAH:2022-08-10:419.783750|pivot:2022-08-11T19:00:00Z|pivot:2022-08-26T14:00:00Z,3,1,2,2022-08-26T14:30:00Z,2022-08-22T14:30:00Z,2022-09-29T15:00:00Z
403,supply,demand,423.85791418721027,424.95,2022-08-11T14:00:00Z,2022-08-11T18:00:00Z,2022-08-17T17:00:00Z,expired,4,pivot|repeated_pivot|role_flip|volume_profile,pivot:2022-08-11T14:00:00Z|volume:POC:2022-08-12:425.536250|pivot:2022-08-17T15:00:00Z,2,2,1,2022-08-17T16:00:00Z,2022-08-19T14:30:00Z,2022-08-26T20:00:00Z
405,demand,supply,426.88,428.61,2022-08-16T14:00:00Z,2022-08-16T16:00:00Z,2022-08-16T16:00:00Z,expired,5,order_block|pivot|repeated_pivot|role_flip|volume_profile,order_block:2022-08-16T14:00:00Z|structure_break:2022-08-16T15:00:00Z|volume:VAH:2022-08-12:427.081250|pivot:2022-08-16T14:00:00Z|pivot:2022-08-18T19:00:00Z,2,1,1,2022-08-17T18:00:00Z,2022-08-17T15:00:00Z,2022-10-04T19:00:00Z
407,supply,supply,430.99,431.73,2022-08-16T18:00:00Z,2022-08-17T15:00:00Z,2022-08-17T15:00:00Z,expired,2,pivot|volume_profile,pivot:2022-08-16T18:00:00Z|volume:VAH:2022-08-16:430.416458,1,0,0,,,2022-10-05T18:00:00Z
409,supply,supply,428.4281205295527,429.5,2022-08-17T18:00:00Z,2022-08-18T15:00:00Z,2022-08-18T15:00:00Z,expired,2,pivot|volume_profile,pivot:2022-08-17T18:00:00Z|volume:POC:2022-08-15:428.528750,1,1,0,2022-08-18T20:00:00Z,,2022-10-06T18:00:00Z
411,demand,demand,411.39,412.75910510434005,2022-08-23T16:00:00Z,2022-08-23T20:00:00Z,2022-08-23T20:00:00Z,expired,3,pivot|repeated_pivot|volume_profile,pivot:2022-08-23T16:00:00Z|volume:VAL:2022-08-22:412.500625|pivot:2022-08-24T13:30:00Z,2,3,0,2022-08-26T15:00:00Z,2022-08-26T16:00:00Z,2022-09-06T15:00:00Z
413,supply,demand,414.7,415.12,2022-08-24T15:00:00Z,2022-08-24T19:00:00Z,2022-08-24T19:00:00Z,expired,3,pivot|role_flip|volume_profile,pivot:2022-08-24T15:00:00Z|volume:VAH:2022-08-22:415.318125,1,0,1,2022-08-25T16:00:00Z,2022-08-26T15:00:00Z,2022-09-06T14:30:00Z
415,demand,demand,416.07,416.77,2022-08-25T18:00:00Z,2022-08-25T20:00:00Z,2022-08-25T20:00:00Z,expired,2,order_block|volume_profile,order_block:2022-08-25T18:00:00Z|structure_break:2022-08-25T19:00:00Z|volume:POC:2022-08-25:416.483125,0,0,0,,2022-08-26T15:00:00Z,2022-09-06T14:30:00Z
417,demand,supply,399.91,401.56,2022-08-29T14:00:00Z,2022-08-29T18:00:00Z,2022-08-31T17:00:00Z,expired,4,pivot|repeated_pivot|role_flip|volume_profile,pivot:2022-08-29T14:00:00Z|pivot:2022-08-31T13:30:00Z|volume:VAH:2022-08-30:399.543750|pivot:2022-09-02T14:00:00Z|pivot:2022-09-08T15:00:00Z,4,3,1,2022-09-08T19:00:00Z,2022-09-09T14:30:00Z,2022-09-16T20:00:00Z
418,supply,demand,404.64,405.84,2022-08-29T17:00:00Z,2022-08-30T15:00:00Z,2022-08-30T15:00:00Z,expired,3,order_block|role_flip|volume_profile,order_block:2022-08-29T17:00:00Z|structure_break:2022-08-30T14:00:00Z|volume:VAL:2022-08-26:405.556458,0,1,1,2022-09-09T18:00:00Z,2022-09-13T14:30:00Z,2022-09-20T20:00:00Z
421,demand,supply,388.42,390.3471409972788,2022-09-01T15:00:00Z,2022-09-01T19:00:00Z,2022-09-01T20:00:00Z,expired,4,pivot|repeated_pivot|role_flip|volume_profile,pivot:2022-09-01T15:00:00Z|volume:VAL:2022-09-01:390.461250|pivot:2022-09-06T14:00:00Z,2,5,1,2022-09-21T19:00:00Z,2022-09-16T14:30:00Z,2022-10-21T15:00:00Z
425,supply,supply,411.02,411.73,2022-09-12T14:00:00Z,2022-09-12T18:00:00Z,2022-09-12T20:00:00Z,expired,2,pivot|volume_profile,pivot:2022-09-12T14:00:00Z|volume:VAH:2022-09-12:411.116875,1,1,0,2022-09-12T20:00:00Z,,2022-10-31T14:30:00Z
426,demand,supply,391.76,393.21265962181417,2022-09-14T14:00:00Z,2022-09-14T18:00:00Z,2022-09-14T18:00:00Z,expired,3,pivot|role_flip|volume_profile,pivot:2022-09-14T14:00:00Z|volume:POC:2022-09-06:391.863750,1,1,1,2022-09-15T16:00:00Z,2022-09-15T15:00:00Z,2022-11-02T14:30:00Z
427,supply,supply,395.18,395.96,2022-09-15T14:00:00Z,2022-09-15T18:00:00Z,2022-09-15T18:00:00Z,expired,2,pivot|volume_profile,pivot:2022-09-15T14:00:00Z|volume:VAL:2022-09-13:395.413750,1,0,0,,,2022-11-03T14:30:00Z
428,demand,supply,381.35,383.52,2022-09-16T16:00:00Z,2022-09-16T20:00:00Z,2022-09-16T20:00:00Z,expired,4,pivot|repeated_pivot|role_flip|volume_profile,pivot:2022-09-16T16:00:00Z|volume:VAL:2022-09-16:382.713750|pivot:2022-10-26T13:30:00Z,2,6,5,2022-11-02T20:00:00Z,2022-11-02T19:00:00Z,2022-11-04T16:00:00Z
429,supply,demand,386.21,387.16,2022-09-19T14:00:00Z,2022-09-19T18:00:00Z,2022-09-21T19:00:00Z,expired,3,pivot|role_flip|volume_profile,pivot:2022-09-19T14:00:00Z|volume:VAH:2022-09-19:387.087917,1,0,1,2022-09-21T19:00:00Z,2022-09-21T20:00:00Z,2022-09-29T19:00:00Z
430,supply,supply,386.82,389.31,2022-09-19T19:00:00Z,2022-09-20T16:00:00Z,2022-09-21T20:00:00Z,expired,4,order_block|pivot|repeated_pivot|volume_profile,pivot:2022-09-19T19:00:00Z|order_block:2022-09-21T18:00:00Z|structure_break:2022-09-21T19:00:00Z|volume:VAH:2022-09-21:388.068333|pivot:2022-09-21T18:00:00Z|pivot:2022-10-26T15:00:00Z|pivot:2022-11-02T18:00:00Z,4,4,0,2022-11-02T19:00:00Z,,2022-11-07T20:00:00Z
431,demand,demand,381.19,381.50662357332965,2022-09-20T17:00:00Z,2022-09-21T14:30:00Z,,expired,1,pivot,pivot:2022-09-20T17:00:00Z,1,1,0,2022-09-21T19:00:00Z,2022-09-21T20:00:00Z,2022-09-29T19:00:00Z
434,demand,demand,373.44,374.09,2022-09-22T15:00:00Z,2022-09-22T19:00:00Z,2022-09-22T20:00:00Z,expired,2,pivot|volume_profile,pivot:2022-09-22T15:00:00Z|volume:VAL:2022-09-22:374.055417,1,0,0,,2022-09-23T14:30:00Z,2022-09-30T20:00:00Z
435,supply,supply,375.0191227655631,377.66,2022-09-22T19:00:00Z,2022-09-23T16:00:00Z,2022-09-23T16:00:00Z,expired,4,pivot|repeated_pivot|role_flip|volume_profile,pivot:2022-09-22T19:00:00Z|volume:VAH:2022-09-22:375.989583|pivot:2022-10-04T15:00:00Z|pivot:2022-10-18T13:30:00Z,3,4,6,2022-11-09T21:00:00Z,2022-11-10T15:30:00Z,2022-11-17T21:00:00Z
436,demand,demand,362.15,365.12,2022-09-23T18:00:00Z,2022-09-26T15:00:00Z,2022-09-26T20:00:00Z,expired,4,pivot|repeated_pivot|role_flip|volume_profile,pivot:2022-09-23T18:00:00Z|volume:VAL:2022-09-26:363.469375|pivot:2022-09-26T17:00:00Z|pivot:2022-10-11T16:00:00Z|pivot:2022-10-21T13:30:00Z,4,3,4,2022-10-21T14:30:00Z,2022-10-13T18:00:00Z,2022-11-11T19:00:00Z
437,supply,supply,368.5492443403382,370.4,2022-09-26T14:00:00Z,2022-09-26T18:00:00Z,2022-09-26T18:00:00Z,expired,3,pivot|repeated_pivot|volume_profile,pivot:2022-09-26T14:00:00Z|volume:VAH:2022-09-23:368.634792|pivot:2022-09-27T13:30:00Z,2,3,0,2022-10-03T19:00:00Z,2022-10-04T14:30:00Z,2022-10-11T20:00:00Z
440,demand,supply,360.87,361.76,2022-09-27T17:00:00Z,2022-09-28T14:30:00Z,2022-09-28T14:30:00Z,expired,3,pivot|role_flip|volume_profile,pivot:2022-09-27T17:00:00Z|volume:VAL:2022-09-27:361.068542,1,3,7,2022-10-14T16:00:00Z,2022-10-17T14:30:00Z,2022-10-24T20:00:00Z
441,supply,demand,370.6131723989454,372.3,2022-09-28T19:00:00Z,2022-09-29T16:00:00Z,2022-09-29T16:00:00Z,expired,4,pivot|repeated_pivot|role_flip|volume_profile,pivot:2022-09-28T19:00:00Z|volume:VAH:2022-09-28:372.097917|pivot:2022-10-05T14:00:00Z,2,0,1,2022-10-05T16:00:00Z,2022-10-07T14:30:00Z,2022-10-14T20:00:00Z
442,demand,demand,359.7,360.05403888127216,2022-09-29T18:00:00Z,2022-09-30T15:00:00Z,2022-09-30T15:00:00Z,expired,3,pivot|role_flip|volume_profile,pivot:2022-09-29T18:00:00Z|volume:VAL:2022-09-29:360.471875,1,2,4,2022-10-14T18:00:00Z,2022-10-14T19:00:00Z,2022-10-24T18:00:00Z
443,supply,demand,364.36109794781515,365.91,2022-09-30T15:00:00Z,2022-09-30T19:00:00Z,2022-09-30T19:00:00Z,expired,3,pivot|role_flip|volume_profile,pivot:2022-09-30T15:00:00Z|volume:VAL:2022-09-23:364.969792,1,3,3,2022-10-13T20:00:00Z,2022-10-14T15:00:00Z,2022-10-24T14:30:00Z
444,demand,demand,356.96,357.68,2022-09-30T19:00:00Z,2022-10-03T16:00:00Z,2022-10-03T16:00:00Z,expired,4,pivot|repeated_pivot|role_flip|volume_profile,pivot:2022-09-30T19:00:00Z|volume:VAL:2022-09-30:357.293333|pivot:2022-10-14T19:00:00Z,2,0,2,2022-10-14T20:00:00Z,2022-10-13T16:00:00Z,2022-11-18T20:00:00Z
446,supply,demand,377.01173091295334,379.46,2022-10-04T19:00:00Z,2022-10-05T16:00:00Z,2022-10-05T16:00:00Z,expired,4,pivot|repeated_pivot|role_flip|volume_profile,pivot:2022-10-04T19:00:00Z|volume:VAH:2022-10-04:377.398333|pivot:2022-10-05T19:00:00Z|pivot:2022-10-24T13:30:00Z|pivot:2022-11-04T14:00:00Z|pivot:2022-11-07T15:00:00Z,5,5,3,2022-11-09T15:30:00Z,2022-11-09T19:00:00Z,2022-11-17T18:00:00Z
449,demand,demand,355.71,357.2770036869575,2022-10-11T14:00:00Z,2022-10-11T18:00:00Z,2022-10-11T20:00:00Z,expired,3,pivot|repeated_pivot|volume_profile,pivot:2022-10-11T14:00:00Z|volume:VAL:2022-10-11:355.862500|pivot:2022-10-11T19:00:00Z,2,2,0,2022-10-12T19:00:00Z,2022-10-13T14:30:00Z,2022-10-20T20:00:00Z
452,demand,demand,356.5,357.69,2022-10-12T19:00:00Z,2022-10-13T16:00:00Z,2022-10-13T16:00:00Z,expired,2,order_block|volume_profile,order_block:2022-10-12T19:00:00Z|structure_break:2022-10-13T15:00:00Z|volume:POC:2022-10-11:357.387500,0,1,0,2022-10-14T19:00:00Z,,2022-12-02T16:00:00Z
453,demand,demand,348.11,349.23,2022-10-13T13:30:00Z,2022-10-13T17:00:00Z,,expired,1,pivot,pivot:2022-10-13T13:30:00Z,1,0,0,,,2022-12-02T17:00:00Z
454,supply,supply,368.53,370.26,2022-10-14T13:30:00Z,2022-10-14T17:00:00Z,2022-10-18T17:00:00Z,expired,3,pivot|role_flip|volume_profile,pivot:2022-10-14T13:30:00Z|volume:VAH:2022-10-17:367.562292,1,1,2,2022-10-21T14:30:00Z,2022-10-21T17:00:00Z,2022-10-31T16:00:00Z
456,supply,demand,365.55,367.98,2022-10-17T14:00:00Z,2022-10-17T18:00:00Z,2022-10-17T18:00:00Z,expired,4,pivot|repeated_pivot|role_flip|volume_profile,pivot:2022-10-17T14:00:00Z|volume:VAH:2022-10-13:367.105833|pivot:2022-10-19T17:00:00Z,2,4,1,2022-10-20T17:00:00Z,2022-10-18T14:30:00Z,2022-12-06T18:00:00Z
459,supply,supply,371.96,372.67,2022-10-20T14:00:00Z,2022-10-20T18:00:00Z,2022-10-20T18:00:00Z,expired,2,pivot|volume_profile,pivot:2022-10-20T14:00:00Z|volume:VAH:2022-10-18:372.311042,1,1,0,2022-10-21T18:00:00Z,2022-10-21T19:00:00Z,2022-10-31T18:00:00Z
462,demand,demand,378.13,379.96,2022-10-24T19:00:00Z,2022-10-25T14:30:00Z,2022-10-25T14:30:00Z,expired,4,order_block|pivot|role_flip|volume_profile,order_block:2022-10-24T19:00:00Z|structure_break:2022-10-25T13:30:00Z|volume:POC:2022-10-24:378.177708|pivot:2022-10-27T19:00:00Z,1,5,2,2022-11-09T15:30:00Z,2022-11-09T19:00:00Z,2022-11-17T18:00:00Z
466,supply,demand,388.97,390.44554686712956,2022-10-28T19:00:00Z,2022-10-31T16:00:00Z,2022-10-31T16:00:00Z,expired,4,pivot|repeated_pivot|role_flip|volume_profile,pivot:2022-10-28T19:00:00Z|volume:VAH:2022-10-28:389.315000|pivot:2022-11-01T13:30:00Z|pivot:2022-11-17T15:00:00Z,3,4,1,2022-12-15T16:00:00Z,2022-12-15T19:00:00Z,2022-12-23T18:00:00Z
467,supply,supply,386.25,387.59,2022-10-31T17:00:00Z,2022-11-01T15:00:00Z,2022-11-01T15:00:00Z,expired,2,order_block|volume_profile,order_block:2022-10-31T17:00:00Z|structure_break:2022-11-01T14:00:00Z|volume:POC:2022-10-31:386.502917,0,1,0,2022-11-02T19:00:00Z,2022-11-10T15:30:00Z,2022-11-17T21:00:00Z
469,demand,supply,382.48,384.01,2022-11-01T15:00:00Z,2022-11-01T19:00:00Z,2022-11-01T19:00:00Z,expired,4,order_block|pivot|role_flip|volume_profile,pivot:2022-11-01T15:00:00Z|volume:POC:2022-10-25:383.478750|order_block:2022-11-02T17:00:00Z|structure_break:2022-11-02T19:00:00Z,1,1,3,2022-11-08T21:00:00Z,2022-11-10T15:30:00Z,2022-11-17T21:00:00Z
472,demand,demand,368.79,370.77,2022-11-03T14:00:00Z,2022-11-03T18:00:00Z,2022-11-07T16:00:00Z,expired,3,pivot|repeated_pivot|volume_profile,pivot:2022-11-03T14:00:00Z|pivot:2022-11-04T18:00:00Z|volume:VAL:2022-11-03:371.156875,2,0,0,,,2022-12-23T18:00:00Z
476,supply,supply,384.54,385.12,2022-11-08T16:00:00Z,2022-11-08T20:00:00Z,2022-11-08T20:00:00Z,expired,2,pivot|volume_profile,pivot:2022-11-08T16:00:00Z|volume:POC:2022-11-01:384.621250,1,0,0,,2022-11-10T15:30:00Z,2022-11-17T21:00:00Z
477,demand,demand,373.61,374.15,2022-11-09T20:00:00Z,2022-11-10T17:00:00Z,2022-11-10T17:00:00Z,expired,2,pivot|volume_profile,pivot:2022-11-09T20:00:00Z|volume:VAH:2022-11-03:373.636458,1,0,0,,,2023-01-03T16:00:00Z
478,supply,demand,399.0161742116751,399.35,2022-11-11T20:00:00Z,2022-11-14T17:00:00Z,2022-11-14T17:00:00Z,expired,3,pivot|role_flip|volume_profile,pivot:2022-11-11T20:00:00Z|volume:VAH:2022-11-11:399.230417,1,3,5,2022-12-05T21:00:00Z,2022-12-06T15:30:00Z,2022-12-13T21:00:00Z
479,demand,supply,394.49,396.17146638888164,2022-11-14T20:00:00Z,2022-11-15T17:00:00Z,2022-11-15T17:00:00Z,expired,4,pivot|repeated_pivot|role_flip|volume_profile,pivot:2022-11-14T20:00:00Z|volume:VAL:2022-11-11:395.642917|pivot:2022-11-15T18:00:00Z,2,5,5,2022-12-15T15:30:00Z,2022-12-09T21:00:00Z,2023-01-06T16:00:00Z
480,supply,supply,401.62,402.93,2022-11-15T14:30:00Z,2022-11-15T18:00:00Z,2022-11-15T21:00:00Z,expired,4,pivot|repeated_pivot|role_flip|volume_profile,pivot:2022-11-15T14:30:00Z|volume:VAH:2022-11-15:401.495417|pivot:2022-11-23T15:00:00Z|pivot:2022-11-23T20:00:00Z|pivot:2022-12-02T14:30:00Z,4,3,4,2022-12-14T21:00:00Z,2022-12-14T20:00:00Z,2023-01-06T17:00:00Z
483,supply,demand,396.09,397.81,2022-11-18T14:30:00Z,2022-11-18T18:00:00Z,2022-11-18T18:00:00Z,expired,5,order_block|pivot|repeated_pivot|role_flip|volume_profile,pivot:2022-11-18T14:30:00Z|volume:POC:2022-11-11:397.556250|pivot:2022-11-18T20:00:00Z|pivot:2022-12-08T15:00:00Z|pivot:2022-12-09T16:00:00Z|order_block:2022-12-09T16:00:00Z|structure_break:2022-12-09T20:00:00Z,4,3,3,2022-12-14T20:00:00Z,2022-12-15T15:30:00Z,2022-12-22T21:00:00Z
485,demand,demand,392.66,394.22,2022-11-21T16:00:00Z,2022-11-21T20:00:00Z,2022-11-21T20:00:00Z,expired,3,pivot|repeated_pivot|volume_profile,pivot:2022-11-21T16:00:00Z|volume:VAH:2022-11-17:393.647292|pivot:2022-11-29T16:00:00Z|pivot:2022-11-30T17:00:00Z,3,2,0,2022-12-06T18:00:00Z,2022-12-06T20:00:00Z,2022-12-14T19:00:00Z
489,demand,demand,393.38,395.64,2022-11-30T17:00:00Z,2022-11-30T19:00:00Z,2022-11-30T19:00:00Z,expired,5,order_block|pivot|repeated_pivot|role_flip|volume_profile,order_block:2022-11-30T17:00:00Z|structure_break:2022-11-30T18:00:00Z|volume:POC:2022-11-21:394.305833|structure_break:2022-11-30T19:00:00Z|structure_break:2022-11-30T20:00:00Z|pivot:2022-12-07T16:00:00Z|pivot:2023-01-09T16:00:00Z,2,7,6,2023-01-25T17:00:00Z,2023-01-20T21:00:00Z,2023-01-25T18:00:00Z
493,supply,supply,409.14,410.49,2022-12-01T15:00:00Z,2022-12-01T19:00:00Z,2022-12-01T21:00:00Z,expired,3,pivot|repeated_pivot|volume_profile,pivot:2022-12-01T15:00:00Z|volume:VAH:2022-12-01:408.578125|pivot:2022-12-13T14:30:00Z,2,1,0,2022-12-13T15:30:00Z,,2023-01-24T15:30:00Z
495,supply,supply,406.87,407.86,2022-12-02T20:00:00Z,2022-12-05T17:00:00Z,2022-12-05T17:00:00Z,expired,2,pivot|volume_profile,pivot:2022-12-02T20:00:00Z|volume:VAH:2022-11-30:407.247083,1,0,0,,2022-12-13T15:30:00Z,2022-12-20T21:00:00Z
496,demand,demand,391.64,392.49,2022-12-06T19:00:00Z,2022-12-07T16:00:00Z,2022-12-07T16:00:00Z,expired,2,pivot|volume_profile,pivot:2022-12-06T19:00:00Z|volume:VAL:2022-12-06:391.813958,1,3,0,2022-12-15T15:30:00Z,2022-12-15T16:00:00Z,2022-12-23T15:30:00Z
499,demand,demand,393.34,394.94,2022-12-09T14:30:00Z,2022-12-09T18:00:00Z,2022-12-09T18:00:00Z,expired,4,pivot|repeated_pivot|role_flip|volume_profile,pivot:2022-12-09T14:30:00Z|volume:VAL:2022-12-08:394.997708|pivot:2023-01-13T14:30:00Z|pivot:2023-01-25T15:00:00Z,3,4,4,2023-01-25T17:00:00Z,2023-01-20T21:00:00Z,2023-01-31T21:00:00Z
502,demand,demand,393.15,393.3684491466672,2022-12-09T20:00:00Z,2022-12-12T17:00:00Z,2022-12-12T17:00:00Z,expired,2,pivot|volume_profile,pivot:2022-12-09T20:00:00Z|volume:POC:2022-12-07:392.811042,1,0,0,,2022-12-15T15:30:00Z,2022-12-22T21:00:00Z
503,demand,demand,393.81,394.64,2022-12-12T15:00:00Z,2022-12-12T21:00:00Z,2022-12-12T21:00:00Z,expired,2,order_block|volume_profile,order_block:2022-12-12T15:00:00Z|structure_break:2022-12-12T20:00:00Z|volume:VAH:2022-12-07:394.034375,0,0,0,,2022-12-15T15:30:00Z,2022-12-22T21:00:00Z
505,supply,demand,403.57,405.5,2022-12-14T18:00:00Z,2022-12-14T20:00:00Z,2022-12-14T20:00:00Z,expired,4,order_block|pivot|role_flip|volume_profile,order_block:2022-12-14T18:00:00Z|structure_break:2022-12-14T19:00:00Z|volume:VAH:2022-12-13:405.493750|pivot:2022-12-14T18:00:00Z|order_block:2023-02-01T17:00:00Z|structure_break:2023-02-01T19:00:00Z,1,3,1,2023-01-31T21:00:00Z,2023-01-27T17:00:00Z,2023-02-06T16:00:00Z
507,demand,supply,381.04,381.3690174970304,2022-12-16T17:00:00Z,2022-12-16T21:00:00Z,2022-12-16T21:00:00Z,expired,3,pivot|role_flip|volume_profile,pivot:2022-12-16T17:00:00Z|volume:VAL:2022-12-16:381.386250,1,5,11,2023-01-06T15:30:00Z,2023-01-06T16:00:00Z,2023-01-17T15:30:00Z
508,demand,demand,377.83,379.32,2022-12-20T14:30:00Z,2022-12-20T18:00:00Z,2022-12-20T18:00:00Z,expired,4,pivot|repeated_pivot|role_flip|volume_profile,pivot:2022-12-20T14:30:00Z|volume:VAL:2022-12-19:378.395417|pivot:2022-12-30T18:00:00Z|pivot:2023-01-03T17:00:00Z|pivot:2023-01-05T16:00:00Z,4,5,2,2023-01-05T21:00:00Z,2022-12-29T15:30:00Z,2023-02-09T21:00:00Z
509,demand,supply,381.93,383.39,2022-12-21T14:30:00Z,2022-12-21T16:00:00Z,2022-12-21T16:00:00Z,expired,5,order_block|pivot|repeated_pivot|role_flip|volume_profile,order_block:2022-12-21T14:30:00Z|structure_break:2022-12-21T15:00:00Z|volume:POC:2022-12-16:382.309583|pivot:2022-12-27T15:00:00Z|pivot:2022-12-28T14:30:00Z,2,6,5,2023-01-06T15:30:00Z,2023-01-06T16:00:00Z,2023-01-17T15:30:00Z
510,supply,demand,385.1514025825087,387.41,2022-12-21T19:00:00Z,2022-12-22T16:00:00Z,2022-12-22T16:00:00Z,expired,4,pivot|repeated_pivot|role_flip|volume_profile,pivot:2022-12-21T19:00:00Z|volume:VAH:2022-12-21:386.918333|pivot:2023-01-03T14:30:00Z|pivot:2023-01-04T16:00:00Z,3,4,1,2023-01-19T17:00:00Z,2023-01-06T20:00:00Z,2023-02-13T19:00:00Z
511,demand,demand,374.77,375.53,2022-12-22T18:00:00Z,2022-12-23T15:30:00Z,,expired,1,pivot,pivot:2022-12-22T18:00:00Z,1,0,0,,,2023-02-14T18:00:00Z
512,demand,demand,379.02,380.52,2022-12-27T15:00:00Z,2022-12-27T19:00:00Z,2022-12-27T19:00:00Z,expired,4,pivot|repeated_pivot|role_flip|volume_profile,pivot:2022-12-27T15:00:00Z|volume:POC:2022-12-19:379.780417|pivot:2022-12-30T14:30:00Z,2,3,2,2023-01-03T16:00:00Z,2023-01-03T18:00:00Z,2023-01-11T17:00:00Z
515,demand,demand,376.42,376.6927975834531,2022-12-28T20:00:00Z,2022-12-29T17:00:00Z,2022-12-29T17:00:00Z,expired,2,pivot|volume_profile,pivot:2022-12-28T20:00:00Z|volume:VAL:2022-12-28:376.855625,1,0,0,,,2023-02-17T20:00:00Z
516,supply,demand,383.87,384.35,2022-12-29T19:00:00Z,2022-12-30T16:00:00Z,2022-12-30T16:00:00Z,expired,3,pivot|role_flip|volume_profile,pivot:2022-12-29T19:00:00Z|volume:VAH:2022-12-29:384.240208,1,2,1,2023-01-06T16:00:00Z,2023-01-04T17:00:00Z,2023-02-21T19:00:00Z
524,demand,demand,386.27,387.83,2023-01-10T15:00:00Z,2023-01-10T19:00:00Z,2023-01-10T19:00:00Z,expired,3,pivot|repeated_pivot|volume_profile,pivot:2023-01-10T15:00:00Z|volume:POC:2023-01-06:387.820833|pivot:2023-01-19T16:00:00Z,2,1,0,2023-01-19T17:00:00Z,,2023-03-02T15:30:00Z
525,supply,supply,397.64,398.49,2023-01-12T19:00:00Z,2023-01-13T16:00:00Z,2023-01-13T16:00:00Z,expired,4,pivot|repeated_pivot|role_flip|volume_profile,pivot:2023-01-12T19:00:00Z|volume:VAH:2023-01-12:398.110625|pivot:2023-01-24T15:00:00Z,2,1,4,2023-01-25T17:00:00Z,2023-01-25T19:00:00Z,2023-02-02T18:00:00Z
527,supply,demand,398.94,400.63,2023-01-17T15:00:00Z,2023-01-17T19:00:00Z,2023-01-17T19:00:00Z,expired,5,order_block|pivot|repeated_pivot|role_flip|volume_profile,pivot:2023-01-17T15:00:00Z|volume:VAH:2023-01-13:398.740000|order_block:2023-01-18T14:30:00Z|structure_break:2023-01-18T16:00:00Z|pivot:2023-01-18T15:00:00Z|pivot:2023-01-30T20:00:00Z|pivot:2023-02-28T18:00:00Z,4,8,5,2023-03-09T15:30:00Z,2023-03-03T17:00:00Z,2023-03-09T16:00:00Z
531,supply,supply,402.0,404.07,2023-01-23T18:00:00Z,2023-01-24T15:30:00Z,2023-01-24T15:30:00Z,expired,4,pivot|repeated_pivot|role_flip|volume_profile,pivot:2023-01-23T18:00:00Z|volume:VAH:2023-01-23:401.928125|pivot:2023-01-26T14:30:00Z|pivot:2023-02-01T19:00:00Z,3,7,6,2023-03-07T18:00:00Z,2023-03-07T16:00:00Z,2023-03-14T17:00:00Z
533,supply,demand,400.78,401.15,2023-01-24T18:00:00Z,2023-01-25T15:30:00Z,2023-01-25T15:30:00Z,expired,3,pivot|role_flip|volume_profile,pivot:2023-01-24T18:00:00Z|volume:VAH:2023-01-24:400.784375,1,1,1,2023-01-30T20:00:00Z,2023-01-30T21:00:00Z,2023-02-07T20:00:00Z
536,supply,supply,407.46,409.56,2023-01-27T20:00:00Z,2023-01-30T17:00:00Z,2023-01-30T17:00:00Z,expired,5,order_block|pivot|repeated_pivot|role_flip|volume_profile,pivot:2023-01-27T20:00:00Z|volume:VAH:2023-01-27:407.668333|pivot:2023-02-06T15:00:00Z|order_block:2023-02-07T15:00:00Z|structure_break:2023-02-07T17:00:00Z|pivot:2023-02-07T18:00:00Z|pivot:2023-02-14T16:00:00Z|pivot:2023-02-16T14:30:00Z,5,6,4,2023-02-17T21:00:00Z,2023-02-17T15:30:00Z,2023-03-20T19:00:00Z
538,supply,supply,406.3108519326296,406.53,2023-01-31T20:00:00Z,2023-02-01T17:00:00Z,2023-02-01T17:00:00Z,expired,2,pivot|volume_profile,pivot:2023-01-31T20:00:00Z|volume:POC:2023-01-27:406.291667,1,0,0,,2023-02-01T20:00:00Z,2023-02-09T19:00:00Z
541,supply,supply,417.9603936797182,418.31,2023-02-02T19:00:00Z,2023-02-03T16:00:00Z,2023-02-07T21:00:00Z,expired,2,pivot|volume_profile,pivot:2023-02-02T19:00:00Z|volume:VAH:2023-02-02:417.065625,1,0,0,,,2023-03-24T18:00:00Z
542,demand,demand,411.44,411.78268708228376,2023-02-03T14:30:00Z,2023-02-03T18:00:00Z,2023-02-03T21:00:00Z,expired,3,pivot|role_flip|volume_profile,pivot:2023-02-03T14:30:00Z|volume:VAL:2023-02-03:411.457500,1,2,10,2023-02-16T19:00:00Z,2023-02-16T21:00:00Z,2023-02-27T20:00:00Z
546,supply,supply,414.25937963358984,416.49,2023-02-07T20:00:00Z,2023-02-08T17:00:00Z,2023-02-08T17:00:00Z,expired,3,pivot|repeated_pivot|volume_profile,pivot:2023-02-07T20:00:00Z|volume:POC:2023-02-02:416.386875|pivot:2023-02-09T14:30:00Z,2,1,0,2023-02-14T16:00:00Z,,2023-03-29T19:00:00Z
547,demand,supply,409.93,410.66,2023-02-08T20:00:00Z,2023-02-09T17:00:00Z,2023-02-09T17:00:00Z,expired,3,pivot|role_flip|volume_profile,pivot:2023-02-08T20:00:00Z|volume:VAH:2023-02-01:410.132500,1,1,3,2023-02-16T21:00:00Z,2023-02-16T15:30:00Z,2023-03-30T19:00:00Z
549,demand,supply,405.01,406.2504473230772,2023-02-10T15:00:00Z,2023-02-10T19:00:00Z,2023-02-10T19:00:00Z,expired,3,pivot|role_flip|volume_profile,pivot:2023-02-10T15:00:00Z|volume:VAL:2023-02-09:405.992500,1,1,1,2023-02-17T16:00:00Z,2023-02-17T20:00:00Z,2023-02-28T19:00:00Z
550,supply,supply,413.71627297077555,415.05,2023-02-14T15:00:00Z,2023-02-14T19:00:00Z,2023-02-14T19:00:00Z,expired,3,pivot|repeated_pivot|volume_profile,pivot:2023-02-14T15:00:00Z|volume:VAH:2023-02-07:413.330833|pivot:2023-02-15T20:00:00Z,2,1,0,2023-02-15T21:00:00Z,,2023-04-05T14:30:00Z
554,supply,supply,412.18,412.91,2023-02-16T19:00:00Z,2023-02-17T16:00:00Z,2023-02-17T16:00:00Z,expired,2,pivot|volume_profile,pivot:2023-02-16T19:00:00Z|volume:VAH:2023-02-13:412.674375,1,0,0,,,2023-04-10T18:00:00Z
555,demand,demand,404.05,404.47,2023-02-17T17:00:00Z,2023-02-17T21:00:00Z,2023-02-17T21:00:00Z,expired,2,pivot|volume_profile,pivot:2023-02-17T17:00:00Z|volume:VAL:2023-02-17:404.266250,1,0,0,,2023-02-21T15:30:00Z,2023-02-28T21:00:00Z
556,supply,demand,406.65,408.0087076045807,2023-02-17T20:00:00Z,2023-02-21T17:00:00Z,2023-02-21T17:00:00Z,expired,5,order_block|pivot|repeated_pivot|role_flip|volume_profile,pivot:2023-02-17T20:00:00Z|volume:VAH:2023-02-10:407.796875|pivot:2023-03-06T16:00:00Z|order_block:2023-03-06T16:00:00Z|structure_break:2023-03-07T15:00:00Z|pivot:2023-04-04T16:00:00Z,3,3,3,2023-04-10T17:00:00Z,2023-04-06T16:00:00Z,2023-04-11T19:00:00Z
557,demand,supply,397.62,398.6174048677064,2023-02-22T15:00:00Z,2023-02-22T19:00:00Z,2023-02-22T19:00:00Z,expired,3,pivot|role_flip|volume_profile,pivot:2023-02-22T15:00:00Z|volume:VAL:2023-02-21:398.931250,1,1,5,2023-03-08T20:00:00Z,2023-03-08T21:00:00Z,2023-03-16T19:00:00Z
558,supply,supply,400.11,400.89,2023-02-22T18:00:00Z,2023-02-22T20:00:00Z,2023-02-22T20:00:00Z,expired,2,order_block|volume_profile,order_block:2023-02-22T18:00:00Z|structure_break:2023-02-22T19:00:00Z|volume:POC:2023-02-21:400.043750,0,0,0,,2023-02-23T15:30:00Z,2023-03-02T21:00:00Z
559,supply,supply,400.33,402.2,2023-02-23T14:30:00Z,2023-02-23T17:00:00Z,2023-02-23T17:00:00Z,expired,4,order_block|pivot|repeated_pivot|volume_profile,order_block:2023-02-23T14:30:00Z|structure_break:2023-02-23T16:00:00Z|volume:VAH:2023-02-21:401.601250|pivot:2023-02-23T14:30:00Z|pivot:2023-02-27T15:00:00Z,2,2,0,2023-03-03T15:30:00Z,2023-03-03T18:00:00Z,2023-03-13T16:00:00Z
561,demand,supply,396.03,397.23,2023-02-23T17:00:00Z,2023-02-23T21:00:00Z,2023-02-28T15:30:00Z,expired,4,pivot|repeated_pivot|role_flip|volume_profile,pivot:2023-02-23T17:00:00Z|volume:VAH:2023-02-24:396.422708|pivot:2023-02-28T14:30:00Z|pivot:2023-03-08T18:00:00Z|pivot:2023-03-16T19:00:00Z,4,4,9,2023-03-28T15:00:00Z,2023-03-29T14:30:00Z,2023-04-05T20:00:00Z
562,demand,demand,393.38,394.3632714737542,2023-02-24T15:00:00Z,2023-02-24T19:00:00Z,2023-02-24T21:00:00Z,expired,3,pivot|repeated_pivot|volume_profile,pivot:2023-02-24T15:00:00Z|volume:VAL:2023-02-24:394.617708|pivot:2023-03-01T16:00:00Z,2,2,0,2023-03-01T20:00:00Z,2023-03-02T15:30:00Z,2023-03-09T21:00:00Z
567,demand,demand,392.33,393.45,2023-03-02T14:30:00Z,2023-03-02T18:00:00Z,2023-03-02T21:00:00Z,expired,4,pivot|repeated_pivot|role_flip|volume_profile,pivot:2023-03-02T14:30:00Z|volume:VAL:2023-03-02:392.462500|pivot:2023-03-14T15:00:00Z,2,2,4,2023-03-24T18:00:00Z,2023-03-23T14:30:00Z,2023-04-20T20:00:00Z
571,supply,supply,399.76,401.48,2023-03-09T14:30:00Z,2023-03-09T18:00:00Z,2023-03-09T18:00:00Z,expired,3,order_block|pivot|volume_profile,pivot:2023-03-09T14:30:00Z|volume:VAL:2023-03-03:400.949583|order_block:2023-03-09T14:30:00Z|structure_break:2023-03-09T18:00:00Z,1,3,0,2023-03-29T14:30:00Z,2023-03-30T14:30:00Z,2023-04-06T20:00:00Z
573,demand,demand,387.48,388.7473551860424,2023-03-10T14:30:00Z,2023-03-10T18:00:00Z,2023-03-10T21:00:00Z,expired,3,pivot|role_flip|volume_profile,pivot:2023-03-10T14:30:00Z|volume:POC:2023-03-10:387.819167,1,1,2,2023-03-14T18:00:00Z,2023-03-15T14:30:00Z,2023-03-22T20:00:00Z
574,supply,demand,388.85,391.38,2023-03-10T15:00:00Z,2023-03-10T19:00:00Z,2023-03-10T19:00:00Z,expired,5,order_block|pivot|repeated_pivot|role_flip|volume_profile,order_block:2023-03-10T15:00:00Z|structure_break:2023-03-10T18:00:00Z|volume:VAL:2023-03-09:390.758125|pivot:2023-03-13T16:00:00Z|pivot:2023-03-24T13:30:00Z,2,6,3,2023-03-23T19:00:00Z,2023-03-16T15:00:00Z,2023-05-01T14:30:00Z
575,demand,demand,380.65,381.81,2023-03-13T13:30:00Z,2023-03-13T17:00:00Z,,expired,1,pivot,pivot:2023-03-13T13:30:00Z,1,0,0,,,2023-05-01T20:00:00Z
578,demand,demand,383.71,384.14,2023-03-15T16:00:00Z,2023-03-15T20:00:00Z,2023-03-15T20:00:00Z,expired,2,pivot|volume_profile,pivot:2023-03-15T16:00:00Z|volume:VAL:2023-03-15:384.552917,1,0,0,,,2023-05-04T16:00:00Z
580,demand,demand,388.55,389.65,2023-03-17T18:00:00Z,2023-03-20T15:00:00Z,2023-03-20T15:00:00Z,expired,2,pivot|volume_profile,pivot:2023-03-17T18:00:00Z|volume:VAH:2023-03-13:388.969583,1,1,0,2023-03-24T14:30:00Z,,2023-05-08T18:00:00Z
581,supply,demand,393.04,394.17,2023-03-20T15:00:00Z,2023-03-20T19:00:00Z,2023-03-20T19:00:00Z,expired,4,pivot|repeated_pivot|role_flip|volume_profile,pivot:2023-03-20T15:00:00Z|volume:VAH:2023-03-14:392.783333|pivot:2023-03-28T17:00:00Z,2,2,1,2023-03-28T18:00:00Z,2023-03-21T14:30:00Z,2023-05-09T15:00:00Z
582,supply,supply,397.87,398.34,2023-03-21T14:00:00Z,2023-03-21T18:00:00Z,2023-03-22T14:30:00Z,expired,4,pivot|repeated_pivot|role_flip|volume_profile,pivot:2023-03-21T14:00:00Z|volume:VAH:2023-03-21:398.213125|pivot:2023-03-27T19:00:00Z,2,4,2,2023-03-27T19:00:00Z,2023-03-29T14:30:00Z,2023-04-05T20:00:00Z
583,supply,supply,397.94,399.88,2023-03-22T14:00:00Z,2023-03-22T18:00:00Z,2023-03-22T20:00:00Z,expired,4,order_block|pivot|repeated_pivot|volume_profile,pivot:2023-03-22T14:00:00Z|order_block:2023-03-22T17:00:00Z|structure_break:2023-03-22T19:00:00Z|volume:VAH:2023-03-21:398.213125|pivot:2023-03-27T13:30:00Z,2,5,0,2023-03-29T14:30:00Z,2023-03-29T19:00:00Z,2023-04-06T18:00:00Z
585,supply,demand,401.02381346712076,402.49,2023-03-22T18:00:00Z,2023-03-23T15:00:00Z,2023-03-23T15:00:00Z,expired,3,pivot|role_flip|volume_profile,pivot:2023-03-22T18:00:00Z|volume:VAH:2023-03-22:401.404583,1,1,1,2023-03-30T19:00:00Z,2023-03-30T14:30:00Z,2023-05-11T18:00:00Z
586,demand,demand,392.07,392.3800741547132,2023-03-22T19:00:00Z,2023-03-23T16:00:00Z,2023-03-23T16:00:00Z,expired,3,pivot|role_flip|volume_profile,pivot:2023-03-22T19:00:00Z|volume:VAL:2023-03-20:392.034583,1,1,2,2023-03-24T17:00:00Z,2023-03-24T16:00:00Z,2023-05-11T19:00:00Z
591,supply,supply,404.08,404.35,2023-03-30T14:00:00Z,2023-03-30T18:00:00Z,2023-03-30T20:00:00Z,expired,2,pivot|volume_profile,pivot:2023-03-30T14:00:00Z|volume:VAH:2023-03-30:403.972292,1,0,0,,2023-03-31T14:30:00Z,2023-04-10T20:00:00Z
592,demand,supply,406.68,408.07,2023-03-31T17:00:00Z,2023-03-31T20:00:00Z,2023-03-31T20:00:00Z,expired,4,order_block|pivot|role_flip|volume_profile,order_block:2023-03-31T17:00:00Z|structure_break:2023-03-31T19:00:00Z|volume:VAL:2023-03-31:406.588542|pivot:2023-04-12T19:00:00Z,1,3,7,2023-05-04T18:00:00Z,2023-05-05T14:30:00Z,2023-05-12T20:00:00Z
593,supply,demand,410.58652450403633,411.92,2023-04-03T14:00:00Z,2023-04-03T18:00:00Z,2023-04-03T20:00:00Z,expired,4,pivot|repeated_pivot|role_flip|volume_profile,pivot:2023-04-03T14:00:00Z|volume:VAH:2023-04-03:410.576458|pivot:2023-04-04T14:00:00Z,2,4,1,2023-04-14T15:00:00Z,2023-04-14T17:00:00Z,2023-04-24T16:00:00Z
596,supply,demand,407.89,408.62,2023-04-05T13:30:00Z,2023-04-05T15:00:00Z,2023-04-05T15:00:00Z,expired,3,order_block|role_flip|volume_profile,order_block:2023-04-05T13:30:00Z|structure_break:2023-04-05T14:00:00Z|volume:POC:2023-04-04:408.117500,0,1,1,2023-04-06T20:00:00Z,2023-04-10T14:30:00Z,2023-04-17T20:00:00Z
597,demand,supply,405.67,406.2,2023-04-05T16:00:00Z,2023-04-05T20:00:00Z,2023-04-05T20:00:00Z,expired,4,pivot|repeated_pivot|role_flip|volume_profile,pivot:2023-04-05T16:00:00Z|volume:VAL:2023-04-05:406.408750|pivot:2023-04-06T13:30:00Z|pivot:2023-04-10T13:30:00Z,3,4,1,2023-05-04T14:30:00Z,2023-05-05T14:30:00Z,2023-05-12T20:00:00Z
599,supply,demand,408.23,409.48,2023-04-06T18:00:00Z,2023-04-10T15:00:00Z,2023-04-10T15:00:00Z,expired,4,pivot|repeated_pivot|role_flip|volume_profile,pivot:2023-04-06T18:00:00Z|volume:POC:2023-04-03:409.233542|pivot:2023-04-12T15:00:00Z,2,4,1,2023-04-12T19:00:00Z,2023-04-12T20:00:00Z,2023-04-20T19:00:00Z
601,supply,supply,411.87,412.3165147479237,2023-04-12T13:30:00Z,2023-04-12T17:00:00Z,2023-04-12T20:00:00Z,expired,4,pivot|repeated_pivot|role_flip|volume_profile,pivot:2023-04-12T13:30:00Z|volume:VAH:2023-04-12:411.480208|pivot:2023-04-19T13:30:00Z,2,4,12,2023-05-17T14:30:00Z,2023-05-17T16:00:00Z,2023-05-25T15:00:00Z
604,demand,supply,412.68,413.56,2023-04-13T19:00:00Z,2023-04-14T14:30:00Z,2023-04-14T14:30:00Z,expired,5,order_block|pivot|repeated_pivot|role_flip|volume_profile,order_block:2023-04-13T19:00:00Z|structure_break:2023-04-14T13:30:00Z|volume:POC:2023-04-13:413.090417|pivot:2023-04-17T13:30:00Z|pivot:2023-04-24T14:00:00Z,2,4,3,2023-04-27T20:00:00Z,2023-04-28T16:00:00Z,2023-05-08T15:00:00Z
605,supply,demand,414.54,415.09,2023-04-14T13:30:00Z,2023-04-14T17:00:00Z,2023-04-18T20:00:00Z,expired,4,pivot|repeated_pivot|role_flip|volume_profile,pivot:2023-04-14T13:30:00Z|volume:VAH:2023-04-18:414.556250|pivot:2023-04-19T18:00:00Z,2,3,1,2023-04-28T20:00:00Z,2023-05-02T14:30:00Z,2023-05-09T20:00:00Z
606,demand,demand,410.06,410.92,2023-04-14T17:00:00Z,2023-04-17T14:30:00Z,2023-04-17T14:30:00Z,expired,4,pivot|repeated_pivot|role_flip|volume_profile,pivot:2023-04-14T17:00:00Z|volume:POC:2023-04-12:410.494792|pivot:2023-04-21T14:00:00Z|pivot:2023-04-24T16:00:00Z,3,7,2,2023-05-03T19:00:00Z,2023-05-03T20:00:00Z,2023-05-11T19:00:00Z
608,demand,supply,410.68,411.4365728177518,2023-04-17T18:00:00Z,2023-04-18T15:00:00Z,2023-04-18T15:00:00Z,expired,4,pivot|repeated_pivot|role_flip|volume_profile,pivot:2023-04-17T18:00:00Z|volume:VAH:2023-04-12:411.480208|pivot:2023-04-20T13:30:00Z|pivot:2023-05-09T13:30:00Z|pivot:2023-05-16T14:00:00Z,4,9,11,2023-05-24T15:00:00Z,2023-05-25T14:30:00Z,2023-06-02T20:00:00Z
609,supply,demand,415.548758394913,415.72,2023-04-18T13:30:00Z,2023-04-18T17:00:00Z,2023-05-01T14:30:00Z,expired,3,pivot|role_flip|volume_profile,pivot:2023-04-18T13:30:00Z|volume:VAH:2023-04-28:415.846042,1,3,1,2023-05-01T19:00:00Z,2023-05-02T14:30:00Z,2023-05-09T20:00:00Z
616,supply,demand,412.1,413.87,2023-04-24T19:00:00Z,2023-04-25T18:00:00Z,2023-04-25T18:00:00Z,expired,5,order_block|pivot|repeated_pivot|role_flip|volume_profile,order_block:2023-04-24T19:00:00Z|structure_break:2023-04-25T17:00:00Z|volume:VAH:2023-04-21:412.313958|pivot:2023-05-03T13:30:00Z|order_block:2023-05-03T18:00:00Z|structure_break:2023-05-03T19:00:00Z|pivot:2023-05-03T18:00:00Z,2,12,5,2023-05-25T19:00:00Z,2023-05-25T18:00:00Z,2023-06-14T14:30:00Z
617,supply,demand,407.33,408.71,2023-04-26T16:00:00Z,2023-04-26T20:00:00Z,2023-04-26T20:00:00Z,expired,4,pivot|repeated_pivot|role_flip|volume_profile,pivot:2023-04-26T16:00:00Z|volume:VAH:2023-04-26:407.586250|pivot:2023-05-02T15:00:00Z,2,2,1,2023-05-03T20:00:00Z,2023-05-04T14:30:00Z,2023-05-11T20:00:00Z
618,demand,demand,403.74,404.37,2023-04-26T19:00:00Z,2023-04-27T16:00:00Z,2023-04-27T16:00:00Z,expired,3,pivot|repeated_pivot|volume_profile,pivot:2023-04-26T19:00:00Z|volume:VAL:2023-04-26:404.710417|pivot:2023-05-04T16:00:00Z,2,1,0,2023-05-04T15:00:00Z,,2023-06-15T19:00:00Z
619,supply,demand,416.33,417.62,2023-05-01T16:00:00Z,2023-05-01T20:00:00Z,2023-05-01T20:00:00Z,expired,4,order_block|pivot|role_flip|volume_profile,pivot:2023-05-01T16:00:00Z|volume:VAH:2023-05-01:416.882500|order_block:2023-05-01T16:00:00Z|structure_break:2023-05-02T14:00:00Z,1,4,1,2023-05-23T14:30:00Z,2023-05-23T18:00:00Z,2023-06-01T17:00:00Z
626,supply,demand,412.8679061133735,414.54,2023-05-05T18:00:00Z,2023-05-08T15:00:00Z,2023-05-08T15:00:00Z,expired,4,pivot|repeated_pivot|role_flip|volume_profile,pivot:2023-05-05T18:00:00Z|volume:VAL:2023-04-28:413.591042|pivot:2023-05-08T18:00:00Z|pivot:2023-05-10T13:30:00Z|pivot:2023-05-10T19:00:00Z,4,7,1,2023-05-23T19:00:00Z,2023-05-24T14:30:00Z,2023-06-01T20:00:00Z
630,demand,demand,408.87,409.8301917265017,2023-05-10T17:00:00Z,2023-05-11T14:30:00Z,2023-05-11T14:30:00Z,expired,3,pivot|repeated_pivot|volume_profile,pivot:2023-05-10T17:00:00Z|volume:VAL:2023-05-05:410.015833|pivot:2023-05-12T18:00:00Z,2,1,0,2023-05-12T17:00:00Z,,2023-06-30T17:00:00Z
632,supply,demand,412.77,413.64,2023-05-12T13:30:00Z,2023-05-12T17:00:00Z,2023-05-12T17:00:00Z,expired,4,pivot|repeated_pivot|role_flip|volume_profile,pivot:2023-05-12T13:30:00Z|volume:VAH:2023-05-10:413.713125|pivot:2023-05-15T17:00:00Z,2,2,1,2023-05-25T15:00:00Z,2023-05-17T17:00:00Z,2023-07-05T16:00:00Z
636,demand,demand,409.87,410.43,2023-05-16T19:00:00Z,2023-05-17T16:00:00Z,2023-05-24T20:00:00Z,expired,3,pivot|repeated_pivot|volume_profile,pivot:2023-05-16T19:00:00Z|pivot:2023-05-24T16:00:00Z|volume:VAL:2023-05-24:410.177292,2,1,0,2023-05-24T15:00:00Z,,2023-07-10T15:00:00Z
637,demand,supply,410.63,412.0924385196644,2023-05-17T13:30:00Z,2023-05-17T17:00:00Z,2023-05-17T17:00:00Z,expired,3,order_block|role_flip|volume_profile,order_block:2023-05-17T13:30:00Z|structure_break:2023-05-17T16:00:00Z|volume:POC:2023-05-09:411.179375,0,1,1,2023-05-24T16:00:00Z,2023-05-25T14:30:00Z,2023-06-02T20:00:00Z
638,supply,supply,415.39,416.2,2023-05-17T17:00:00Z,2023-05-18T14:30:00Z,2023-05-18T14:30:00Z,expired,4,order_block|pivot|role_flip|volume_profile,pivot:2023-05-17T17:00:00Z|volume:VAH:2023-05-17:415.751042|order_block:2023-05-18T17:00:00Z|structure_break:2023-05-18T19:00:00Z,1,1,2,2023-05-25T19:00:00Z,2023-05-26T14:30:00Z,2023-06-05T20:00:00Z
639,demand,supply,414.51,415.76,2023-05-17T18:00:00Z,2023-05-18T15:00:00Z,2023-05-18T15:00:00Z,expired,4,order_block|pivot|role_flip|volume_profile,order_block:2023-05-17T18:00:00Z|structure_break:2023-05-18T14:00:00Z|volume:VAH:2023-05-17:415.751042|pivot:2023-05-25T13:30:00Z,1,3,1,2023-05-25T16:00:00Z,2023-05-26T14:30:00Z,2023-06-05T20:00:00Z
640,supply,demand,417.28,418.1489364302851,2023-05-18T15:00:00Z,2023-05-18T19:00:00Z,2023-05-19T16:00:00Z,expired,4,pivot|repeated_pivot|role_flip|volume_profile,pivot:2023-05-18T15:00:00Z|volume:VAH:2023-05-18:418.107500|pivot:2023-05-22T14:00:00Z,2,2,3,2023-05-31T18:00:00Z,2023-06-01T14:30:00Z,2023-06-08T20:00:00Z
642,supply,demand,420.5286746651149,420.72,2023-05-19T14:00:00Z,2023-05-19T18:00:00Z,2023-05-26T20:00:00Z,expired,3,pivot|role_flip|volume_profile,pivot:2023-05-19T14:00:00Z|volume:VAH:2023-05-26:420.655000,1,1,1,2023-06-01T16:00:00Z,2023-05-30T14:30:00Z,2023-07-12T17:00:00Z
646,demand,demand,413.82,414.98,2023-05-25T18:00:00Z,2023-05-26T15:00:00Z,2023-05-26T15:00:00Z,expired,2,order_block|volume_profile,order_block:2023-05-25T18:00:00Z|structure_break:2023-05-26T14:00:00Z|volume:VAL:2023-05-23:414.885208,0,0,0,,,2023-07-19T14:30:00Z
647,supply,supply,422.03,422.58,2023-05-30T13:30:00Z,2023-05-30T17:00:00Z,2023-06-01T20:00:00Z,expired,2,pivot|volume_profile,pivot:2023-05-30T13:30:00Z|volume:VAH:2023-06-01:422.792292,1,1,0,2023-06-01T18:00:00Z,2023-06-02T14:30:00Z,2023-06-09T20:00:00Z
648,demand,demand,416.22,416.75,2023-05-31T15:00:00Z,2023-05-31T19:00:00Z,2023-05-31T19:00:00Z,expired,2,pivot|volume_profile,pivot:2023-05-31T15:00:00Z|volume:POC:2023-05-23:416.924792,1,0,0,,,2023-07-21T18:00:00Z
649,demand,demand,424.3,424.5,2023-06-02T13:30:00Z,2023-06-02T15:00:00Z,,expired,1,order_block,order_block:2023-06-02T13:30:00Z|structure_break:2023-06-02T14:00:00Z,0,0,0,,,2023-07-25T14:30:00Z
650,supply,demand,428.84137887040504,429.67,2023-06-05T13:30:00Z,2023-06-05T17:00:00Z,2023-06-05T17:00:00Z,expired,4,pivot|repeated_pivot|role_flip|volume_profile,pivot:2023-06-05T13:30:00Z|volume:VAH:2023-06-02:428.640208|pivot:2023-06-07T13:30:00Z,2,5,1,2023-06-09T20:00:00Z,2023-06-09T14:30:00Z,2023-07-26T16:00:00Z
651,demand,demand,425.82,426.6,2023-06-06T13:30:00Z,2023-06-06T17:00:00Z,2023-06-06T17:00:00Z,expired,3,pivot|repeated_pivot|volume_profile,pivot:2023-06-06T13:30:00Z|volume:VAL:2023-06-02:426.644375|pivot:2023-06-08T13:30:00Z,2,2,0,2023-06-07T18:00:00Z,,2023-07-27T16:00:00Z
654,supply,supply,431.22934762966497,431.99,2023-06-09T14:00:00Z,2023-06-09T18:00:00Z,2023-06-09T20:00:00Z,expired,2,pivot|volume_profile,pivot:2023-06-09T14:00:00Z|volume:VAH:2023-06-09:431.015000,1,2,0,2023-06-12T17:00:00Z,2023-06-12T19:00:00Z,2023-06-21T18:00:00Z
655,supply,demand,437.72,439.07,2023-06-14T15:00:00Z,2023-06-14T19:00:00Z,2023-06-14T20:00:00Z,expired,4,pivot|repeated_pivot|role_flip|volume_profile,pivot:2023-06-14T15:00:00Z|volume:VAH:2023-06-14:438.270833|pivot:2023-06-29T16:00:00Z,2,3,3,2023-07-07T20:00:00Z,2023-06-30T14:30:00Z,2023-08-04T18:00:00Z
656,demand,demand,433.59,434.4732743796836,2023-06-14T18:00:00Z,2023-06-15T15:00:00Z,2023-06-21T20:00:00Z,expired,4,pivot|repeated_pivot|role_flip|volume_profile,pivot:2023-06-14T18:00:00Z|volume:VAL:2023-06-21:434.828750|pivot:2023-06-22T13:30:00Z,2,4,4,2023-06-28T14:30:00Z,2023-06-27T17:00:00Z,2023-08-07T14:30:00Z
657,supply,supply,443.63,444.3,2023-06-15T18:00:00Z,2023-06-16T15:00:00Z,2023-06-16T15:00:00Z,expired,3,pivot|repeated_pivot|volume_profile,pivot:2023-06-15T18:00:00Z|volume:VAH:2023-06-15:443.740208|pivot:2023-06-30T19:00:00Z,2,4,0,2023-07-05T20:00:00Z,2023-07-12T14:30:00Z,2023-07-19T20:00:00Z
658,demand,demand,434.33,435.76,2023-06-20T14:00:00Z,2023-06-20T18:00:00Z,2023-06-20T18:00:00Z,expired,4,pivot|repeated_pivot|role_flip|volume_profile,pivot:2023-06-20T14:00:00Z|volume:VAL:2023-06-14:435.759167|pivot:2023-06-21T14:00:00Z,2,3,2,2023-06-28T15:00:00Z,2023-06-27T18:00:00Z,2023-08-09T17:00:00Z
660,supply,demand,436.15,437.44,2023-06-21T18:00:00Z,2023-06-22T15:00:00Z,2023-06-22T15:00:00Z,expired,4,pivot|repeated_pivot|role_flip|volume_profile,pivot:2023-06-21T18:00:00Z|volume:VAH:2023-06-13:436.936250|pivot:2023-06-22T19:00:00Z|pivot:2023-06-27T19:00:00Z|pivot:2023-06-28T16:00:00Z,4,5,1,2023-07-06T15:00:00Z,2023-06-29T16:00:00Z,2023-08-11T14:30:00Z
663,demand,demand,432.71,432.93,2023-06-23T13:30:00Z,2023-06-23T17:00:00Z,2023-06-23T20:00:00Z,expired,3,pivot|role_flip|volume_profile,pivot:2023-06-23T13:30:00Z|volume:VAL:2023-06-23:432.847708,1,1,2,2023-06-27T16:00:00Z,2023-06-27T15:00:00Z,2023-08-14T16:00:00Z
664,demand,demand,431.19,431.43,2023-06-26T19:00:00Z,2023-06-27T16:00:00Z,2023-06-27T16:00:00Z,expired,2,pivot|volume_profile,pivot:2023-06-26T19:00:00Z|volume:VAL:2023-06-26:431.688750,1,0,0,,,2023-08-16T15:00:00Z
669,demand,supply,441.9,442.64,2023-07-05T13:30:00Z,2023-07-05T17:00:00Z,2023-07-10T14:30:00Z,expired,4,pivot|repeated_pivot|role_flip|volume_profile,pivot:2023-07-05T13:30:00Z|pivot:2023-07-07T17:00:00Z|volume:VAL:2023-06-30:442.505625,2,1,1,2023-07-11T20:00:00Z,2023-07-12T14:30:00Z,2023-07-19T20:00:00Z
670,demand,demand,437.06,437.21221402940307,2023-07-06T15:00:00Z,2023-07-06T19:00:00Z,2023-07-06T19:00:00Z,expired,3,pivot|role_flip|volume_profile,pivot:2023-07-06T15:00:00Z|volume:POC:2023-06-29:437.309583,1,1,2,2023-08-21T17:00:00Z,2023-08-21T14:30:00Z,2023-08-24T15:00:00Z
671,demand,demand,438.6757060615852,440.10004248011677,2023-07-07T14:00:00Z,2023-07-07T17:00:00Z,2023-07-07T17:00:00Z,expired,4,order_block|pivot|role_flip|volume_profile,order_block:2023-07-07T14:00:00Z|structure_break:2023-07-07T16:00:00Z|volume:POC:2023-07-06:439.530000|pivot:2023-08-21T14:00:00Z,1,2,4,2023-08-25T19:00:00Z,2023-08-23T14:30:00Z,2023-08-25T20:00:00Z
673,demand,supply,437.57,439.5,2023-07-10T16:00:00Z,2023-07-10T20:00:00Z,2023-07-10T20:00:00Z,expired,5,order_block|pivot|repeated_pivot|role_flip|volume_profile,pivot:2023-07-10T16:00:00Z|volume:VAH:2023-06-29:437.880417|pivot:2023-08-22T19:00:00Z|order_block:2023-08-25T13:30:00Z|structure_break:2023-08-25T14:00:00Z,2,1,3,2023-08-25T15:00:00Z,2023-08-25T19:00:00Z,2023-09-05T18:00:00Z
674,supply,supply,446.99,447.48,2023-07-12T14:00:00Z,2023-07-12T18:00:00Z,,expired,1,pivot,pivot:2023-07-12T14:00:00Z,1,0,0,,2023-07-13T14:30:00Z,2023-07-20T20:00:00Z
675,supply,supply,451.03,452.11463729379,2023-07-14T14:00:00Z,2023-07-14T18:00:00Z,2023-07-14T20:00:00Z,expired,4,pivot|repeated_pivot|role_flip|volume_profile,pivot:2023-07-14T14:00:00Z|volume:VAH:2023-07-14:450.702292|pivot:2023-07-20T19:00:00Z,2,3,2,2023-08-04T14:30:00Z,2023-08-04T17:00:00Z,2023-08-14T16:00:00Z
676,demand,supply,448.49,449.65872472805574,2023-07-14T19:00:00Z,2023-07-17T16:00:00Z,2023-07-17T16:00:00Z,expired,4,pivot|repeated_pivot|role_flip|volume_profile,pivot:2023-07-14T19:00:00Z|volume:VAL:2023-07-14:449.147708|pivot:2023-08-04T14:00:00Z|pivot:2023-08-08T19:00:00Z,3,4,1,2023-08-09T19:00:00Z,2023-08-10T14:30:00Z,2023-08-17T20:00:00Z
677,supply,demand,455.98,456.74,2023-07-19T16:00:00Z,2023-07-19T20:00:00Z,2023-07-19T20:00:00Z,expired,4,pivot|repeated_pivot|role_flip|volume_profile,pivot:2023-07-19T16:00:00Z|volume:VAH:2023-07-19:455.957917|pivot:2023-07-25T18:00:00Z,2,3,1,2023-07-28T18:00:00Z,2023-08-02T14:30:00Z,2023-08-09T20:00:00Z
678,demand,supply,452.81,454.1777539947015,2023-07-20T14:00:00Z,2023-07-20T18:00:00Z,2023-07-20T18:00:00Z,expired,4,pivot|repeated_pivot|role_flip|volume_profile,pivot:2023-07-20T14:00:00Z|volume:VAL:2023-07-18:452.550417|pivot:2023-07-26T19:00:00Z|pivot:2023-09-01T13:30:00Z,3,5,3,2023-09-01T14:30:00Z,2023-07-27T20:00:00Z,2023-09-08T14:30:00Z
680,demand,supply,451.55,452.48,2023-07-21T19:00:00Z,2023-07-24T16:00:00Z,2023-07-24T16:00:00Z,expired,4,pivot|repeated_pivot|role_flip|volume_profile,pivot:2023-07-21T19:00:00Z|volume:VAL:2023-07-21:452.545000|pivot:2023-07-27T19:00:00Z,2,4,1,2023-08-04T16:00:00Z,2023-08-04T17:00:00Z,2023-08-14T16:00:00Z
683,supply,supply,459.02,459.44,2023-07-27T13:30:00Z,2023-07-27T17:00:00Z,2023-07-27T20:00:00Z,expired,2,pivot|volume_profile,pivot:2023-07-27T13:30:00Z|volume:VAH:2023-07-27:459.275625,1,0,0,,,2023-09-14T20:00:00Z
684,supply,supply,457.41,458.6,2023-07-27T16:00:00Z,2023-07-27T19:00:00Z,2023-07-27T20:00:00Z,expired,4,order_block|pivot|repeated_pivot|volume_profile,order_block:2023-07-27T16:00:00Z|structure_break:2023-07-27T18:00:00Z|volume:POC:2023-07-27:458.618125|pivot:2023-07-31T13:30:00Z|pivot:2023-07-31T19:00:00Z,2,3,0,2023-07-31T20:00:00Z,,2023-09-15T15:00:00Z
688,demand,demand,455.49,456.14,2023-08-01T16:00:00Z,2023-08-01T20:00:00Z,2023-08-01T20:00:00Z,expired,2,pivot|volume_profile,pivot:2023-08-01T16:00:00Z|volume:POC:2023-07-25:455.723542,1,0,0,,2023-08-02T14:30:00Z,2023-08-09T20:00:00Z
689,supply,supply,456.44,456.97,2023-08-01T18:00:00Z,2023-08-02T15:00:00Z,2023-08-02T15:00:00Z,expired,2,order_block|volume_profile,order_block:2023-08-01T18:00:00Z|structure_break:2023-08-02T14:00:00Z|volume:POC:2023-07-28:456.590000,0,0,0,,,2023-09-20T18:00:00Z
690,demand,supply,447.37,448.2057154435587,2023-08-03T14:00:00Z,2023-08-03T18:00:00Z,2023-08-03T20:00:00Z,expired,3,pivot|role_flip|volume_profile,pivot:2023-08-03T14:00:00Z|volume:VAL:2023-08-03:448.438750,1,0,5,2023-08-09T20:00:00Z,2023-08-10T14:30:00Z,2023-08-17T20:00:00Z
692,supply,supply,451.22,452.9,2023-08-04T16:00:00Z,2023-08-04T19:00:00Z,2023-08-04T19:00:00Z,expired,4,order_block|pivot|repeated_pivot|volume_profile,order_block:2023-08-04T16:00:00Z|structure_break:2023-08-04T18:00:00Z|volume:VAH:2023-08-02:451.691250|pivot:2023-08-04T16:00:00Z|pivot:2023-08-10T14:00:00Z|pivot:2023-08-30T16:00:00Z,3,3,0,2023-09-01T20:00:00Z,,2023-09-25T15:00:00Z
694,demand,demand,446.27,446.8,2023-08-04T19:00:00Z,2023-08-07T16:00:00Z,2023-08-09T18:00:00Z,expired,3,pivot|role_flip|volume_profile,pivot:2023-08-04T19:00:00Z|volume:POC:2023-08-08:446.507500,1,1,4,2023-08-14T15:00:00Z,2023-08-15T14:30:00Z,2023-08-22T20:00:00Z
695,supply,supply,450.6616221766977,450.87,2023-08-07T19:00:00Z,2023-08-08T16:00:00Z,2023-08-08T16:00:00Z,expired,2,pivot|volume_profile,pivot:2023-08-07T19:00:00Z|volume:POC:2023-08-02:450.472083,1,0,0,,2023-08-10T14:30:00Z,2023-08-17T20:00:00Z
696,demand,supply,444.53,445.7305459276731,2023-08-08T15:00:00Z,2023-08-08T19:00:00Z,2023-08-08T20:00:00Z,expired,4,pivot|repeated_pivot|role_flip|volume_profile,pivot:2023-08-08T15:00:00Z|volume:VAL:2023-08-08:445.352500|pivot:2023-08-09T15:00:00Z|pivot:2023-08-24T14:00:00Z|pivot:2023-09-08T19:00:00Z|pivot:2023-09-13T14:00:00Z|pivot:2023-09-18T16:00:00Z,6,8,7,2023-09-18T17:00:00Z,2023-09-15T18:00:00Z,2023-09-27T15:00:00Z
699,demand,supply,445.43,447.42501693312033,2023-08-09T19:00:00Z,2023-08-10T14:30:00Z,2023-08-10T14:30:00Z,expired,3,order_block|role_flip|volume_profile,order_block:2023-08-09T19:00:00Z|structure_break:2023-08-10T13:30:00Z|volume:POC:2023-08-08:446.507500,0,2,1,2023-08-14T15:00:00Z,2023-08-14T20:00:00Z,2023-08-22T19:00:00Z
701,demand,supply,442.75,443.97,2023-08-11T13:30:00Z,2023-08-11T17:00:00Z,2023-08-11T20:00:00Z,expired,4,pivot|repeated_pivot|role_flip|volume_profile,pivot:2023-08-11T13:30:00Z|volume:VAL:2023-08-11:444.533542|pivot:2023-08-15T14:00:00Z|pivot:2023-09-07T14:00:00Z,3,6,3,2023-09-19T19:00:00Z,2023-09-20T14:30:00Z,2023-09-27T20:00:00Z
702,supply,supply,447.23,447.76,2023-08-14T15:00:00Z,2023-08-14T19:00:00Z,2023-08-14T19:00:00Z,expired,2,pivot|volume_profile,pivot:2023-08-14T15:00:00Z|volume:POC:2023-08-09:447.349375,1,0,0,,2023-08-14T20:00:00Z,2023-08-22T19:00:00Z
703,supply,supply,447.8990504106417,448.11,2023-08-14T19:00:00Z,2023-08-15T16:00:00Z,2023-08-15T16:00:00Z,expired,2,pivot|volume_profile,pivot:2023-08-14T19:00:00Z|volume:VAH:2023-08-08:447.827500,1,1,0,2023-08-29T16:00:00Z,2023-08-29T19:00:00Z,2023-09-07T18:00:00Z
705,supply,supply,441.77,442.62,2023-08-16T17:00:00Z,2023-08-16T20:00:00Z,2023-08-16T20:00:00Z,expired,3,order_block|role_flip|volume_profile,order_block:2023-08-16T17:00:00Z|structure_break:2023-08-16T19:00:00Z|volume:POC:2023-08-16:441.758125,0,1,2,2023-08-28T16:00:00Z,2023-08-29T14:30:00Z,2023-09-06T20:00:00Z
706,demand,supply,433.01,433.37,2023-08-18T13:30:00Z,2023-08-18T17:00:00Z,2023-09-22T16:00:00Z,expired,3,pivot|role_flip|volume_profile,pivot:2023-08-18T13:30:00Z|volume:VAL:2023-09-21:433.106250,1,2,1,2023-09-22T20:00:00Z,2023-09-21T20:00:00Z,2023-10-06T20:00:00Z
708,supply,supply,440.97774067079484,441.18,2023-08-22T13:30:00Z,2023-08-22T17:00:00Z,2023-08-22T17:00:00Z,expired,3,pivot|role_flip|volume_profile,pivot:2023-08-22T13:30:00Z|volume:VAH:2023-08-17:440.838333,1,0,2,2023-09-19T16:00:00Z,2023-09-19T18:00:00Z,2023-09-27T17:00:00Z
711,supply,demand,439.21,441.2,2023-08-24T16:00:00Z,2023-08-24T20:00:00Z,2023-08-24T20:00:00Z,expired,4,order_block|pivot|role_flip|volume_profile,order_block:2023-08-24T16:00:00Z|structure_break:2023-08-24T19:00:00Z|volume:POC:2023-08-17:439.891667|pivot:2023-08-25T14:00:00Z,1,3,1,2023-09-19T15:00:00Z,2023-09-20T20:00:00Z,2023-09-28T19:00:00Z
714,demand,demand,435.0,435.26410505666877,2023-08-25T15:00:00Z,2023-08-25T19:00:00Z,2023-08-25T19:00:00Z,expired,3,pivot|role_flip|volume_profile,pivot:2023-08-25T15:00:00Z|volume:POC:2023-08-18:435.575000,1,1,6,2023-10-16T15:00:00Z,2023-10-13T14:30:00Z,2023-10-16T16:00:00Z
716,supply,supply,452.43,452.83,2023-08-31T14:00:00Z,2023-08-31T18:00:00Z,2023-08-31T20:00:00Z,expired,2,pivot|volume_profile,pivot:2023-08-31T14:00:00Z|volume:VAH:2023-08-31:452.218125,1,1,0,2023-09-01T14:30:00Z,,2023-10-20T14:30:00Z
718,demand,supply,449.68,451.08,2023-09-01T16:00:00Z,2023-09-01T20:00:00Z,2023-09-01T20:00:00Z,expired,5,order_block|pivot|repeated_pivot|role_flip|volume_profile,pivot:2023-09-01T16:00:00Z|volume:VAL:2023-09-01:449.763125|order_block:2023-09-05T18:00:00Z|structure_break:2023-09-06T14:00:00Z|order_block:2023-09-14T18:00:00Z|structure_break:2023-09-15T14:00:00Z|pivot:2023-09-14T19:00:00Z,2,1,1,2023-09-14T16:00:00Z,2023-09-05T14:30:00Z,2023-10-23T16:00:00Z
719,demand,demand,449.17,449.59,2023-09-05T14:00:00Z,2023-09-05T18:00:00Z,2023-09-05T18:00:00Z,expired,2,pivot|volume_profile,pivot:2023-09-05T14:00:00Z|volume:VAH:2023-08-29:449.304375,1,1,0,2023-09-05T20:00:00Z,2023-09-06T14:30:00Z,2023-09-13T20:00:00Z
722,supply,supply,446.36722836200545,447.11,2023-09-08T14:00:00Z,2023-09-08T18:00:00Z,2023-09-08T18:00:00Z,expired,3,pivot|role_flip|volume_profile,pivot:2023-09-08T14:00:00Z|volume:VAH:2023-09-06:446.453750,1,2,4,2023-09-15T15:00:00Z,2023-09-13T19:00:00Z,2023-10-27T14:30:00Z
724,supply,demand,448.24,448.77,2023-09-11T13:30:00Z,2023-09-11T17:00:00Z,2023-09-11T20:00:00Z,expired,4,pivot|repeated_pivot|role_flip|volume_profile,pivot:2023-09-11T13:30:00Z|volume:VAH:2023-09-11:448.721875|pivot:2023-09-11T19:00:00Z,2,2,1,2023-09-14T15:00:00Z,2023-09-15T14:30:00Z,2023-09-22T20:00:00Z
729,demand,supply,442.56,443.04,2023-09-18T13:30:00Z,2023-09-18T17:00:00Z,2023-09-18T17:00:00Z,expired,3,pivot|role_flip|volume_profile,pivot:2023-09-18T13:30:00Z|volume:VAL:2023-09-15:443.015000,1,0,1,2023-09-19T19:00:00Z,2023-09-20T14:30:00Z,2023-09-27T20:00:00Z
731,supply,demand,443.53,443.73,2023-09-18T19:00:00Z,2023-09-19T15:00:00Z,2023-09-19T15:00:00Z,expired,3,order_block|role_flip|volume_profile,order_block:2023-09-18T19:00:00Z|structure_break:2023-09-19T14:00:00Z|volume:POC:2023-09-18:443.313125,0,0,1,2023-09-20T16:00:00Z,2023-09-20T19:00:00Z,2023-09-28T18:00:00Z
732,demand,demand,439.94,440.61,2023-09-19T16:00:00Z,2023-09-19T20:00:00Z,2023-09-19T20:00:00Z,expired,2,pivot|volume_profile,pivot:2023-09-19T16:00:00Z|volume:VAL:2023-09-19:440.986875,1,0,0,,2023-09-20T20:00:00Z,2023-09-28T19:00:00Z
733,supply,supply,443.74,444.44,2023-09-20T14:00:00Z,2023-09-20T18:00:00Z,2023-09-20T18:00:00Z,expired,3,order_block|pivot|volume_profile,pivot:2023-09-20T14:00:00Z|volume:VAH:2023-09-18:444.116458|order_block:2023-09-20T16:00:00Z|structure_break:2023-09-20T19:00:00Z,1,0,0,,,2023-11-08T15:30:00Z
735,demand,supply,431.23,431.41428561424163,2023-09-21T19:00:00Z,2023-09-22T16:00:00Z,2023-09-22T20:00:00Z,expired,3,pivot|role_flip|volume_profile,pivot:2023-09-21T19:00:00Z|volume:VAL:2023-09-22:431.274375,1,2,1,2023-09-25T16:00:00Z,2023-09-25T20:00:00Z,2023-10-03T19:00:00Z
736,demand,demand,428.54,430.25,2023-09-25T13:30:00Z,2023-09-25T17:00:00Z,2023-09-28T20:00:00Z,expired,5,order_block|pivot|repeated_pivot|role_flip|volume_profile,pivot:2023-09-25T13:30:00Z|pivot:2023-09-28T16:00:00Z|volume:VAL:2023-09-25:429.977292|order_block:2023-10-09T16:00:00Z|structure_break:2023-10-09T17:00:00Z,2,4,4,2023-10-18T20:00:00Z,2023-10-19T19:00:00Z,2023-10-27T18:00:00Z
737,supply,supply,430.69,432.72,2023-09-25T19:00:00Z,2023-09-26T16:00:00Z,2023-09-26T16:00:00Z,expired,4,pivot|repeated_pivot|role_flip|volume_profile,pivot:2023-09-25T19:00:00Z|volume:VAH:2023-09-25:431.752292|pivot:2023-09-29T13:30:00Z|pivot:2023-10-06T18:00:00Z|pivot:2023-10-12T18:00:00Z|pivot:2023-10-17T13:30:00Z,5,4,2,2023-11-02T20:00:00Z,2023-11-03T14:30:00Z,2023-11-10T21:00:00Z
738,demand,supply,421.91,423.31,2023-09-27T17:00:00Z,2023-09-28T14:30:00Z,2023-10-03T20:00:00Z,expired,4,pivot|repeated_pivot|role_flip|volume_profile,pivot:2023-09-27T17:00:00Z|volume:VAH:2023-10-03:422.471458|pivot:2023-10-20T15:00:00Z,2,3,7,2023-11-01T20:00:00Z,2023-11-02T14:30:00Z,2023-11-09T21:00:00Z
741,demand,supply,424.46,425.43,2023-10-02T16:00:00Z,2023-10-02T20:00:00Z,2023-10-02T20:00:00Z,expired,4,pivot|repeated_pivot|role_flip|volume_profile,pivot:2023-10-02T16:00:00Z|volume:VAL:2023-10-02:424.546250|pivot:2023-10-04T19:00:00Z|pivot:2023-10-05T18:00:00Z,3,1,1,2023-10-05T19:00:00Z,2023-10-06T16:00:00Z,2023-10-16T15:00:00Z
742,supply,supply,425.06,426.65,2023-10-03T13:30:00Z,2023-10-03T15:00:00Z,2023-10-03T15:00:00Z,expired,2,order_block|volume_profile,order_block:2023-10-03T13:30:00Z|structure_break:2023-10-03T14:00:00Z|volume:POC:2023-09-26:425.920000,0,2,0,2023-10-05T19:00:00Z,2023-10-06T16:00:00Z,2023-10-16T15:00:00Z
743,demand,supply,420.18,421.98,2023-10-03T18:00:00Z,2023-10-04T15:00:00Z,2023-10-04T15:00:00Z,expired,5,order_block|pivot|repeated_pivot|role_flip|volume_profile,pivot:2023-10-03T18:00:00Z|volume:VAL:2023-10-03:420.314792|pivot:2023-10-05T15:00:00Z|order_block:2023-10-06T13:30:00Z|structure_break:2023-10-06T15:00:00Z|pivot:2023-10-06T14:00:00Z,3,7,1,2023-11-01T17:00:00Z,2023-11-01T20:00:00Z,2023-11-09T20:00:00Z
750,demand,demand,427.01,427.37,2023-10-09T14:00:00Z,2023-10-09T18:00:00Z,2023-10-09T18:00:00Z,expired,2,pivot|volume_profile,pivot:2023-10-09T14:00:00Z|volume:VAH:2023-10-02:426.788750,1,1,0,2023-10-19T19:00:00Z,2023-10-19T20:00:00Z,2023-10-27T19:00:00Z
752,supply,supply,436.13,438.14,2023-10-10T16:00:00Z,2023-10-10T20:00:00Z,2023-10-10T20:00:00Z,expired,4,order_block|pivot|repeated_pivot|volume_profile,pivot:2023-10-10T16:00:00Z|volume:VAH:2023-10-10:436.536042|order_block:2023-10-12T15:00:00Z|structure_break:2023-10-12T17:00:00Z|pivot:2023-10-12T16:00:00Z|pivot:2023-10-16T15:00:00Z|pivot:2023-10-17T16:00:00Z,4,9,0,2023-11-10T17:00:00Z,2023-11-10T18:00:00Z,2023-11-20T17:00:00Z
753,demand,demand,433.18,434.29,2023-10-11T17:00:00Z,2023-10-12T14:30:00Z,2023-10-12T14:30:00Z,expired,4,pivot|repeated_pivot|role_flip|volume_profile,pivot:2023-10-11T17:00:00Z|volume:VAL:2023-10-11:433.959167|pivot:2023-11-06T18:00:00Z|pivot:2023-11-09T20:00:00Z,3,2,4,2023-11-09T20:00:00Z,2023-11-03T14:30:00Z,2023-11-30T21:00:00Z
757,demand,supply,429.88,431.013858349359,2023-10-13T17:00:00Z,2023-10-16T14:30:00Z,2023-10-16T14:30:00Z,expired,3,pivot|role_flip|volume_profile,pivot:2023-10-13T17:00:00Z|volume:VAH:2023-10-06:430.910625,1,2,1,2023-11-02T18:00:00Z,2023-11-03T14:30:00Z,2023-11-10T21:00:00Z
762,demand,supply,417.8,419.05851782598256,2023-10-23T13:30:00Z,2023-10-23T17:00:00Z,2023-10-25T20:00:00Z,expired,3,pivot|role_flip|volume_profile,pivot:2023-10-23T13:30:00Z|volume:POC:2023-10-25:418.339792,1,3,1,2023-10-31T18:00:00Z,2023-11-01T14:30:00Z,2023-11-08T21:00:00Z
763,supply,supply,424.1712120785209,424.82,2023-10-23T17:00:00Z,2023-10-24T14:30:00Z,2023-10-24T14:30:00Z,expired,3,pivot|repeated_pivot|volume_profile,pivot:2023-10-23T17:00:00Z|volume:VAH:2023-10-20:424.378750|pivot:2023-10-24T14:00:00Z,2,2,0,2023-10-24T20:00:00Z,2023-11-02T14:30:00Z,2023-11-09T21:00:00Z
765,demand,demand,411.6,412.19,2023-10-26T17:00:00Z,2023-10-27T14:30:00Z,,expired,1,pivot,pivot:2023-10-26T17:00:00Z,1,2,0,2023-10-27T17:00:00Z,2023-10-27T18:00:00Z,2023-11-06T18:00:00Z
766,demand,demand,409.21,409.55,2023-10-27T19:00:00Z,2023-10-30T16:00:00Z,2023-10-30T16:00:00Z,expired,2,pivot|volume_profile,pivot:2023-10-27T19:00:00Z|volume:VAL:2023-10-27:409.322292,1,0,0,,,2023-12-19T16:00:00Z
767,supply,demand,414.9,415.35,2023-10-30T13:30:00Z,2023-10-30T17:00:00Z,2023-10-30T17:00:00Z,expired,3,pivot|role_flip|volume_profile,pivot:2023-10-30T13:30:00Z|volume:POC:2023-10-26:414.345625,1,0,1,2023-10-30T19:00:00Z,2023-10-31T14:30:00Z,2023-11-07T21:00:00Z
768,supply,supply,415.84,416.68,2023-10-30T19:00:00Z,2023-10-31T16:00:00Z,2023-10-31T16:00:00Z,expired,2,pivot|volume_profile,pivot:2023-10-30T19:00:00Z|volume:VAH:2023-10-26:416.016875,1,1,0,2023-10-31T17:00:00Z,2023-10-31T18:00:00Z,2023-11-08T18:00:00Z
769,supply,supply,421.25,421.9,2023-11-01T14:00:00Z,2023-11-01T18:00:00Z,,expired,1,pivot,pivot:2023-11-01T14:00:00Z,1,1,0,2023-11-01T19:00:00Z,2023-11-01T20:00:00Z,2023-11-09T20:00:00Z
770,supply,supply,436.0906440599814,436.29,2023-11-03T19:00:00Z,2023-11-06T17:00:00Z,2023-11-06T17:00:00Z,expired,3,pivot|role_flip|volume_profile,pivot:2023-11-03T19:00:00Z|volume:VAH:2023-11-03:436.221667,1,3,2,2023-11-10T15:30:00Z,2023-11-10T17:00:00Z,2023-11-20T16:00:00Z
772,supply,supply,437.17,437.51,2023-11-07T16:00:00Z,2023-11-07T20:00:00Z,2023-11-07T21:00:00Z,expired,3,pivot|role_flip|volume_profile,pivot:2023-11-07T16:00:00Z|volume:VAH:2023-11-07:437.525833,1,1,2,2023-11-09T19:00:00Z,2023-11-10T18:00:00Z,2023-11-20T17:00:00Z
773,supply,demand,437.71,438.47,2023-11-08T14:30:00Z,2023-11-08T18:00:00Z,2023-11-08T18:00:00Z,expired,4,pivot|repeated_pivot|role_flip|volume_profile,pivot:2023-11-08T14:30:00Z|volume:VAH:2023-11-07:437.525833|pivot:2023-11-09T14:30:00Z,2,2,1,2023-11-13T15:30:00Z,2023-11-10T18:00:00Z,2023-12-29T17:00:00Z
774,demand,demand,434.87,435.57974076916054,2023-11-08T17:00:00Z,2023-11-08T21:00:00Z,2023-11-08T21:00:00Z,expired,2,pivot|volume_profile,pivot:2023-11-08T17:00:00Z|volume:POC:2023-11-03:434.991667,1,1,0,2023-11-09T19:00:00Z,2023-11-09T20:00:00Z,2023-11-17T19:00:00Z
777,demand,demand,434.43,435.8,2023-11-10T15:00:00Z,2023-11-10T18:00:00Z,2023-11-10T18:00:00Z,expired,2,order_block|volume_profile,order_block:2023-11-10T15:00:00Z|structure_break:2023-11-10T17:00:00Z|volume:POC:2023-11-03:434.991667,0,0,0,,,2024-01-03T17:00:00Z
778,supply,supply,440.99,441.33,2023-11-13T16:00:00Z,2023-11-13T20:00:00Z,2023-11-13T20:00:00Z,expired,2,pivot|volume_profile,pivot:2023-11-13T16:00:00Z|volume:VAH:2023-11-10:440.794583,1,0,0,,2023-11-14T15:30:00Z,2023-11-21T21:00:00Z
779,supply,demand,448.98,449.73,2023-11-14T16:00:00Z,2023-11-14T20:00:00Z,2023-11-14T21:00:00Z,expired,3,pivot|role_flip|volume_profile,pivot:2023-11-14T16:00:00Z|volume:VAH:2023-11-14:449.481042,1,1,3,2023-11-17T15:30:00Z,2023-11-16T21:00:00Z,2024-01-05T19:00:00Z
780,supply,supply,451.09,451.38,2023-11-15T16:00:00Z,2023-11-15T20:00:00Z,2023-11-17T21:00:00Z,expired,2,pivot|volume_profile,pivot:2023-11-15T16:00:00Z|volume:VAH:2023-11-17:451.198125,1,1,0,2023-11-17T19:00:00Z,2023-11-20T15:30:00Z,2023-11-29T17:00:00Z
781,demand,demand,448.12,448.75,2023-11-16T16:00:00Z,2023-11-16T20:00:00Z,2023-11-16T20:00:00Z,expired,2,pivot|volume_profile,pivot:2023-11-16T16:00:00Z|volume:POC:2023-11-14:448.323125,1,0,0,,,2024-01-09T19:00:00Z
782,demand,demand,450.2,450.95,2023-11-17T20:00:00Z,2023-11-20T15:30:00Z,2023-11-20T15:30:00Z,expired,2,order_block|volume_profile,order_block:2023-11-17T20:00:00Z|structure_break:2023-11-20T14:30:00Z|volume:VAH:2023-11-15:450.573750,0,0,0,,,2024-01-10T21:00:00Z
783,supply,demand,454.56,455.13,2023-11-20T20:00:00Z,2023-11-21T17:00:00Z,2023-11-21T17:00:00Z,expired,3,pivot|role_flip|volume_profile,pivot:2023-11-20T20:00:00Z|volume:VAH:2023-11-20:455.033958,1,3,5,2023-12-06T21:00:00Z,2023-12-04T17:00:00Z,2024-01-12T16:00:00Z
784,demand,demand,451.95,452.5619408897065,2023-11-21T15:00:00Z,2023-11-21T19:00:00Z,2023-11-21T19:00:00Z,expired,2,pivot|volume_profile,pivot:2023-11-21T15:00:00Z|volume:VAL:2023-11-20:452.728958,1,0,0,,,2024-01-12T18:00:00Z
785,supply,supply,455.700589915912,456.38,2023-11-22T14:30:00Z,2023-11-22T18:00:00Z,2023-11-22T21:00:00Z,expired,4,pivot|repeated_pivot|role_flip|volume_profile,pivot:2023-11-22T14:30:00Z|volume:VAH:2023-11-22:455.598750|pivot:2023-11-28T16:00:00Z,2,2,4,2023-12-06T21:00:00Z,2023-12-07T15:30:00Z,2023-12-14T21:00:00Z
786,demand,demand,454.07,454.71,2023-11-27T14:30:00Z,2023-11-27T18:00:00Z,2023-11-27T18:00:00Z,expired,4,pivot|repeated_pivot|role_flip|volume_profile,pivot:2023-11-27T14:30:00Z|volume:VAL:2023-11-22:454.661250|pivot:2023-12-04T15:00:00Z|pivot:2023-12-06T20:00:00Z,3,3,2,2023-12-06T21:00:00Z,2023-11-30T20:00:00Z,2024-01-17T21:00:00Z
787,supply,supply,455.18,455.5,2023-11-27T18:00:00Z,2023-11-28T15:30:00Z,2023-11-28T15:30:00Z,expired,3,pivot|role_flip|volume_profile,pivot:2023-11-27T18:00:00Z|volume:VAH:2023-11-24:455.259375,1,2,4,2023-12-06T21:00:00Z,2023-12-07T15:30:00Z,2023-12-14T21:00:00Z
788,demand,demand,453.34,454.11,2023-11-28T14:30:00Z,2023-11-28T18:00:00Z,2023-11-28T18:00:00Z,expired,4,order_block|pivot|repeated_pivot|volume_profile,pivot:2023-11-28T14:30:00Z|volume:VAH:2023-11-21:453.543750|pivot:2023-11-30T18:00:00Z|order_block:2023-11-30T18:00:00Z|structure_break:2023-12-01T16:00:00Z,2,1,0,2023-11-30T18:00:00Z,,2024-01-18T21:00:00Z
790,supply,demand,458.11,458.84,2023-11-29T14:30:00Z,2023-11-29T18:00:00Z,2023-12-01T21:00:00Z,expired,4,pivot|repeated_pivot|role_flip|volume_profile,pivot:2023-11-29T14:30:00Z|volume:POC:2023-12-01:458.433958|pivot:2023-12-06T14:30:00Z,2,2,3,2023-12-08T18:00:00Z,2023-12-08T16:00:00Z,2024-01-19T21:00:00Z
793,supply,demand,459.41,459.65,2023-12-01T17:00:00Z,2023-12-01T21:00:00Z,2023-12-01T21:00:00Z,expired,3,pivot|role_flip|volume_profile,pivot:2023-12-01T17:00:00Z|volume:VAH:2023-12-01:459.556458,1,1,1,2023-12-11T15:30:00Z,2023-12-08T16:00:00Z,2024-01-24T17:00:00Z
795,supply,demand,457.39,457.59,2023-12-05T16:00:00Z,2023-12-05T20:00:00Z,2023-12-07T21:00:00Z,expired,3,pivot|role_flip|volume_profile,pivot:2023-12-05T16:00:00Z|volume:VAL:2023-12-07:457.214375,1,2,1,2023-12-08T18:00:00Z,2023-12-06T15:30:00Z,2024-01-26T16:00:00Z
798,supply,demand,460.01,460.42,2023-12-08T15:00:00Z,2023-12-08T19:00:00Z,2023-12-08T21:00:00Z,expired,3,pivot|role_flip|volume_profile,pivot:2023-12-08T15:00:00Z|volume:POC:2023-12-08:459.938750,1,1,1,2023-12-11T17:00:00Z,2023-12-11T16:00:00Z,2024-01-31T15:30:00Z
799,demand,demand,464.12,464.5,2023-12-13T18:00:00Z,2023-12-13T20:00:00Z,2023-12-13T20:00:00Z,expired,2,order_block|volume_profile,order_block:2023-12-13T18:00:00Z|structure_break:2023-12-13T19:00:00Z|volume:VAH:2023-12-12:464.125000,0,0,0,,,2024-02-05T16:00:00Z
800,supply,demand,473.14,473.73,2023-12-14T14:30:00Z,2023-12-14T18:00:00Z,2023-12-14T21:00:00Z,expired,3,pivot|role_flip|volume_profile,pivot:2023-12-14T14:30:00Z|volume:VAH:2023-12-14:472.890000,1,1,1,2023-12-19T18:00:00Z,2023-12-20T20:00:00Z,2023-12-29T19:00:00Z
801,demand,demand,468.71,469.39,2023-12-15T14:30:00Z,2023-12-15T18:00:00Z,2023-12-15T18:00:00Z,expired,4,pivot|repeated_pivot|role_flip|volume_profile,pivot:2023-12-15T14:30:00Z|volume:VAH:2023-12-13:468.961667|pivot:2024-01-03T15:00:00Z,2,4,4,2024-01-08T16:00:00Z,2024-01-08T15:30:00Z,2024-02-06T21:00:00Z
802,demand,demand,468.44,468.68,2023-12-15T18:00:00Z,2023-12-18T15:30:00Z,2023-12-18T15:30:00Z,expired,2,pivot|volume_profile,pivot:2023-12-15T18:00:00Z|volume:VAL:2023-12-15:468.843125,1,0,0,,2023-12-20T21:00:00Z,2023-12-29T20:00:00Z
803,supply,demand,474.07,474.48,2023-12-19T16:00:00Z,2023-12-19T20:00:00Z,2023-12-20T15:30:00Z,expired,3,pivot|role_flip|volume_profile,pivot:2023-12-19T16:00:00Z|volume:VAH:2023-12-19:474.456875,1,1,9,2024-01-18T20:00:00Z,2024-01-16T21:00:00Z,2024-02-09T16:00:00Z
804,supply,demand,474.89,475.9,2023-12-20T17:00:00Z,2023-12-20T20:00:00Z,2023-12-20T21:00:00Z,expired,5,order_block|pivot|repeated_pivot|role_flip|volume_profile,order_block:2023-12-20T17:00:00Z|structure_break:2023-12-20T19:00:00Z|pivot:2023-12-20T17:00:00Z|structure_break:2023-12-20T20:00:00Z|volume:VAH:2023-12-20:475.731667|pivot:2023-12-22T14:30:00Z|pivot:2023-12-27T19:00:00Z,3,3,1,2023-12-29T16:00:00Z,2023-12-29T17:00:00Z,2024-01-09T16:00:00Z
807,demand,supply,467.82,468.3,2023-12-20T20:00:00Z,2023-12-21T17:00:00Z,2024-01-04T18:00:00Z,expired,4,pivot|repeated_pivot|role_flip|volume_profile,pivot:2023-12-20T20:00:00Z|pivot:2024-01-04T14:30:00Z|volume:VAL:2024-01-04:468.108958,2,1,1,2024-01-05T18:00:00Z,2024-01-08T15:30:00Z,2024-01-16T21:00:00Z
809,demand,demand,471.3,472.50627305829903,2023-12-22T19:00:00Z,2023-12-26T16:00:00Z,2023-12-26T16:00:00Z,expired,3,pivot|repeated_pivot|volume_profile,pivot:2023-12-22T19:00:00Z|volume:POC:2023-12-18:472.207917|pivot:2024-01-02T15:00:00Z,2,2,0,2024-01-02T19:00:00Z,2024-01-02T20:00:00Z,2024-01-10T19:00:00Z
810,supply,demand,475.9391707945121,476.58,2023-12-26T20:00:00Z,2023-12-27T17:00:00Z,2023-12-27T17:00:00Z,expired,3,pivot|role_flip|volume_profile,pivot:2023-12-26T20:00:00Z|volume:VAH:2023-12-26:475.878542,1,2,1,2023-12-28T21:00:00Z,2023-12-29T16:00:00Z,2024-01-09T15:30:00Z
812,supply,demand,477.27,478.6,2023-12-28T18:00:00Z,2023-12-29T15:30:00Z,2023-12-29T15:30:00Z,expired,4,pivot|repeated_pivot|role_flip|volume_profile,pivot:2023-12-28T18:00:00Z|volume:VAH:2023-12-28:477.415625|pivot:2024-01-11T14:30:00Z|pivot:2024-01-12T14:30:00Z,3,4,1,2024-01-19T18:00:00Z,2024-01-19T17:00:00Z,2024-02-20T18:00:00Z
813,demand,supply,473.3,473.9128239989641,2023-12-29T17:00:00Z,2023-12-29T21:00:00Z,2023-12-29T21:00:00Z,expired,3,pivot|role_flip|volume_profile,pivot:2023-12-29T17:00:00Z|volume:VAL:2023-12-22:473.310000,1,3,3,2024-01-18T18:00:00Z,2024-01-18T20:00:00Z,2024-01-26T19:00:00Z
816,supply,demand,469.87,471.19,2024-01-03T19:00:00Z,2024-01-04T16:00:00Z,2024-01-04T16:00:00Z,expired,4,pivot|repeated_pivot|role_flip|volume_profile,pivot:2024-01-03T19:00:00Z|volume:VAH:2024-01-03:470.372083|pivot:2024-01-05T16:00:00Z|pivot:2024-01-17T18:00:00Z,3,4,1,2024-01-17T18:00:00Z,2024-01-08T18:00:00Z,2024-02-23T19:00:00Z
818,demand,demand,467.05,467.27,2024-01-04T20:00:00Z,2024-01-05T17:00:00Z,,expired,1,pivot,pivot:2024-01-04T20:00:00Z,1,1,0,2024-01-05T18:00:00Z,2024-01-05T20:00:00Z,2024-01-16T19:00:00Z
820,demand,demand,466.43,466.82,2024-01-05T20:00:00Z,2024-01-08T17:00:00Z,2024-01-08T17:00:00Z,expired,2,pivot|volume_profile,pivot:2024-01-05T20:00:00Z|volume:VAL:2024-01-05:466.847708,1,0,0,,,2024-02-27T20:00:00Z
821,supply,demand,474.5507462880021,474.75,2024-01-08T20:00:00Z,2024-01-09T17:00:00Z,2024-01-09T17:00:00Z,expired,3,pivot|role_flip|volume_profile,pivot:2024-01-08T20:00:00Z|volume:VAH:2024-01-08:474.615625,1,2,5,2024-01-18T20:00:00Z,2024-01-16T21:00:00Z,2024-02-28T20:00:00Z
823,demand,demand,472.26,472.61,2024-01-11T16:00:00Z,2024-01-11T20:00:00Z,2024-01-11T20:00:00Z,expired,3,pivot|role_flip|volume_profile,pivot:2024-01-11T16:00:00Z|volume:VAL:2024-01-09:472.617917,1,1,2,2024-01-18T19:00:00Z,2024-01-18T15:30:00Z,2024-03-04T16:00:00Z
825,demand,supply,473.47,474.4280368849257,2024-01-16T14:30:00Z,2024-01-16T18:00:00Z,2024-01-16T18:00:00Z,expired,3,pivot|role_flip|volume_profile,pivot:2024-01-16T14:30:00Z|volume:POC:2024-01-09:473.811250,1,1,1,2024-01-18T18:00:00Z,2024-01-18T20:00:00Z,2024-01-26T19:00:00Z
827,supply,supply,485.01,485.95,2024-01-22T15:00:00Z,2024-01-22T19:00:00Z,2024-01-25T17:00:00Z,expired,4,pivot|repeated_pivot|role_flip|volume_profile,pivot:2024-01-22T15:00:00Z|pivot:2024-01-24T20:00:00Z|pivot:2024-01-25T19:00:00Z|volume:VAL:2024-01-24:486.341667,3,2,2,2024-02-01T16:00:00Z,2024-02-01T18:00:00Z,2024-02-09T17:00:00Z
828,supply,supply,484.02,484.38,2024-01-23T14:30:00Z,2024-01-23T18:00:00Z,2024-01-23T18:00:00Z,expired,2,pivot|volume_profile,pivot:2024-01-23T14:30:00Z|volume:VAH:2024-01-22:484.254167,1,1,0,2024-01-23T19:00:00Z,2024-01-23T21:00:00Z,2024-01-31T20:00:00Z
829,supply,supply,488.5991113862579,488.77,2024-01-24T17:00:00Z,2024-01-24T21:00:00Z,2024-01-24T21:00:00Z,expired,3,pivot|role_flip|volume_profile,pivot:2024-01-24T17:00:00Z|volume:VAH:2024-01-24:488.378333,1,0,2,2024-01-31T20:00:00Z,2024-02-01T21:00:00Z,2024-02-09T20:00:00Z
832,supply,demand,488.94461265586466,489.12,2024-01-26T16:00:00Z,2024-01-26T20:00:00Z,2024-02-01T21:00:00Z,expired,3,pivot|role_flip|volume_profile,pivot:2024-01-26T16:00:00Z|volume:VAH:2024-02-01:489.116875,1,1,1,2024-02-01T21:00:00Z,2024-01-29T21:00:00Z,2024-03-18T15:00:00Z
833,demand,supply,487.18,488.03,2024-01-29T15:00:00Z,2024-01-29T21:00:00Z,2024-01-29T21:00:00Z,expired,3,order_block|role_flip|volume_profile,order_block:2024-01-29T15:00:00Z|structure_break:2024-01-29T20:00:00Z|volume:VAH:2024-01-25:487.762500|order_block:2024-01-31T18:00:00Z|structure_break:2024-01-31T20:00:00Z,0,2,1,2024-02-01T18:00:00Z,2024-02-01T20:00:00Z,2024-02-09T19:00:00Z
834,supply,demand,490.71,491.62,2024-01-30T20:00:00Z,2024-01-31T17:00:00Z,2024-01-31T17:00:00Z,expired,4,pivot|repeated_pivot|role_flip|volume_profile,pivot:2024-01-30T20:00:00Z|volume:VAH:2024-01-30:491.336875|pivot:2024-02-13T20:00:00Z,2,1,1,2024-02-13T20:00:00Z,2024-02-02T16:00:00Z,2024-03-20T19:00:00Z
836,demand,demand,482.89,483.09660501393745,2024-01-31T20:00:00Z,2024-02-01T17:00:00Z,,expired,1,pivot,pivot:2024-01-31T20:00:00Z,1,0,0,,,2024-03-21T19:00:00Z
837,supply,supply,495.68,496.05,2024-02-02T20:00:00Z,2024-02-05T17:00:00Z,2024-02-05T17:00:00Z,expired,3,pivot|role_flip|volume_profile,pivot:2024-02-02T20:00:00Z|volume:VAH:2024-02-02:495.909375,1,1,4,2024-02-21T16:00:00Z,2024-02-21T21:00:00Z,2024-02-29T20:00:00Z
838,demand,demand,490.23,490.86,2024-02-05T15:00:00Z,2024-02-05T19:00:00Z,2024-02-05T19:00:00Z,expired,2,pivot|volume_profile,pivot:2024-02-05T15:00:00Z|volume:POC:2024-01-30:490.707708,1,1,0,2024-02-13T21:00:00Z,,2024-03-26T14:30:00Z
839,supply,demand,493.22,494.32,2024-02-06T14:30:00Z,2024-02-06T18:00:00Z,2024-02-06T18:00:00Z,expired,4,pivot|repeated_pivot|role_flip|volume_profile,pivot:2024-02-06T14:30:00Z|volume:POC:2024-02-02:494.221875|pivot:2024-02-13T15:00:00Z,2,2,1,2024-02-13T18:00:00Z,2024-02-13T20:00:00Z,2024-02-22T19:00:00Z
840,supply,demand,498.33,499.65,2024-02-07T20:00:00Z,2024-02-08T17:00:00Z,2024-02-08T17:00:00Z,expired,4,pivot|repeated_pivot|role_flip|volume_profile,pivot:2024-02-07T20:00:00Z|volume:VAH:2024-02-07:498.463958|pivot:2024-02-16T15:00:00Z,2,2,1,2024-02-16T21:00:00Z,2024-02-20T15:30:00Z,2024-02-27T21:00:00Z
841,supply,supply,502.37,503.5,2024-02-12T16:00:00Z,2024-02-12T20:00:00Z,2024-02-20T16:00:00Z,expired,3,pivot|repeated_pivot|volume_profile,pivot:2024-02-12T16:00:00Z|pivot:2024-02-16T19:00:00Z|volume:VAH:2024-02-12:502.345417,2,0,0,,2024-02-22T15:30:00Z,2024-02-29T21:00:00Z
843,supply,demand,494.45,495.85,2024-02-13T16:00:00Z,2024-02-13T20:00:00Z,2024-02-13T21:00:00Z,expired,4,order_block|pivot|role_flip|volume_profile,order_block:2024-02-13T16:00:00Z|structure_break:2024-02-13T19:00:00Z|volume:VAH:2024-02-13:495.314583|pivot:2024-02-20T17:00:00Z,1,1,1,2024-02-20T16:00:00Z,2024-02-14T15:30:00Z,2024-04-04T15:00:00Z
845,supply,supply,496.99908616490245,497.99,2024-02-14T15:00:00Z,2024-02-14T19:00:00Z,2024-02-14T19:00:00Z,expired,2,pivot|volume_profile,pivot:2024-02-14T15:00:00Z|volume:POC:2024-02-07:497.803542,1,1,0,2024-02-14T20:00:00Z,2024-02-14T21:00:00Z,2024-02-23T20:00:00Z
846,supply,supply,501.84,502.2,2024-02-15T19:00:00Z,2024-02-16T16:00:00Z,2024-02-16T16:00:00Z,expired,2,pivot|volume_profile,pivot:2024-02-15T19:00:00Z|volume:VAH:2024-02-15:502.128958,1,1,0,2024-02-16T17:00:00Z,2024-02-16T19:00:00Z,2024-02-27T18:00:00Z
850,demand,demand,493.56,495.33,2024-02-21T19:00:00Z,2024-02-21T21:00:00Z,2024-02-21T21:00:00Z,expired,3,order_block|pivot|volume_profile,order_block:2024-02-21T19:00:00Z|structure_break:2024-02-21T20:00:00Z|volume:VAH:2024-02-13:495.314583|pivot:2024-02-21T20:00:00Z,1,0,0,,,2024-04-11T16:00:00Z
852,supply,demand,509.74,510.13,2024-02-23T14:30:00Z,2024-02-23T18:00:00Z,2024-03-06T16:00:00Z,expired,3,pivot|role_flip|volume_profile,pivot:2024-02-23T14:30:00Z|volume:VAL:2024-03-01:510.629375,1,3,3,2024-03-15T14:30:00Z,2024-03-15T17:00:00Z,2024-03-25T16:00:00Z
853,demand,supply,504.75,506.5,2024-02-27T18:00:00Z,2024-02-28T15:30:00Z,2024-02-28T15:30:00Z,expired,4,pivot|repeated_pivot|role_flip|volume_profile,pivot:2024-02-27T18:00:00Z|volume:VAL:2024-02-22:505.185208|pivot:2024-03-05T20:00:00Z|pivot:2024-04-16T18:00:00Z,3,2,1,2024-04-16T14:30:00Z,2024-04-15T20:00:00Z,2024-04-17T17:00:00Z
854,supply,supply,506.87,507.16,2024-02-27T20:00:00Z,2024-02-28T17:00:00Z,2024-02-28T17:00:00Z,expired,3,pivot|role_flip|volume_profile,pivot:2024-02-27T20:00:00Z|volume:POC:2024-02-22:507.008542,1,0,2,2024-03-05T19:00:00Z,2024-03-06T15:30:00Z,2024-03-13T20:00:00Z
855,supply,demand,508.36,509.62,2024-02-29T14:30:00Z,2024-02-29T18:00:00Z,2024-02-29T18:00:00Z,expired,4,pivot|repeated_pivot|role_flip|volume_profile,pivot:2024-02-29T14:30:00Z|volume:POC:2024-02-23:508.425625|pivot:2024-03-11T14:00:00Z|pivot:2024-03-15T16:00:00Z|pivot:2024-04-12T19:00:00Z,4,8,3,2024-04-15T17:00:00Z,2024-04-15T18:00:00Z,2024-04-23T17:00:00Z
856,supply,supply,513.1,513.29,2024-03-01T19:00:00Z,2024-03-04T16:00:00Z,2024-03-04T16:00:00Z,expired,3,pivot|role_flip|volume_profile,pivot:2024-03-01T19:00:00Z|volume:VAH:2024-03-01:513.191458,1,4,4,2024-03-19T16:00:00Z,2024-03-19T17:00:00Z,2024-03-27T16:00:00Z
857,supply,supply,513.82,515.48,2024-03-04T20:00:00Z,2024-03-05T17:00:00Z,2024-03-07T21:00:00Z,expired,5,order_block|pivot|repeated_pivot|role_flip|volume_profile,pivot:2024-03-04T20:00:00Z|volume:VAL:2024-03-07:514.112292|order_block:2024-03-07T20:00:00Z|structure_break:2024-03-08T14:30:00Z|pivot:2024-03-18T14:00:00Z,2,5,6,2024-04-10T16:00:00Z,2024-04-11T18:00:00Z,2024-04-19T17:00:00Z
859,supply,demand,511.12,512.07,2024-03-06T17:00:00Z,2024-03-06T21:00:00Z,2024-03-06T21:00:00Z,expired,4,pivot|repeated_pivot|role_flip|volume_profile,pivot:2024-03-06T17:00:00Z|volume:VAL:2024-03-04:512.137500|pivot:2024-03-19T13:30:00Z,2,1,7,2024-04-15T16:00:00Z,2024-04-15T17:00:00Z,2024-04-23T16:00:00Z
861,supply,supply,516.81,518.23,2024-03-08T15:00:00Z,2024-03-08T19:00:00Z,2024-03-12T20:00:00Z,expired,3,pivot|repeated_pivot|volume_profile,pivot:2024-03-08T15:00:00Z|volume:VAH:2024-03-12:517.244167|pivot:2024-03-12T19:00:00Z,2,2,0,2024-03-14T14:30:00Z,2024-03-20T19:00:00Z,2024-03-28T18:00:00Z
863,demand,supply,510.86,512.8950568840571,2024-03-12T13:30:00Z,2024-03-12T15:00:00Z,2024-03-12T15:00:00Z,expired,3,order_block|role_flip|volume_profile,order_block:2024-03-12T13:30:00Z|structure_break:2024-03-12T14:00:00Z|volume:POC:2024-03-04:512.595833,0,7,3,2024-04-12T18:00:00Z,2024-04-15T14:30:00Z,2024-04-22T20:00:00Z
868,supply,supply,515.87,516.44,2024-03-20T14:00:00Z,2024-03-20T18:00:00Z,2024-03-20T18:00:00Z,expired,2,pivot|volume_profile,pivot:2024-03-20T14:00:00Z|volume:POC:2024-03-12:516.429167,1,0,0,,2024-03-20T19:00:00Z,2024-03-28T18:00:00Z
869,demand,supply,515.08,516.14,2024-03-20T17:00:00Z,2024-03-20T19:00:00Z,2024-03-20T19:00:00Z,expired,4,order_block|pivot|role_flip|volume_profile,order_block:2024-03-20T17:00:00Z|structure_break:2024-03-20T18:00:00Z|volume:VAL:2024-03-13:515.831667|pivot:2024-04-11T13:30:00Z,1,4,1,2024-04-11T16:00:00Z,2024-04-11T18:00:00Z,2024-04-19T17:00:00Z
870,supply,supply,523.27,524.61,2024-03-21T16:00:00Z,2024-03-21T20:00:00Z,2024-03-21T20:00:00Z,expired,4,order_block|pivot|repeated_pivot|volume_profile,pivot:2024-03-21T16:00:00Z|volume:VAH:2024-03-21:523.972500|pivot:2024-03-28T19:00:00Z|order_block:2024-04-04T16:00:00Z|structure_break:2024-04-04T18:00:00Z|pivot:2024-04-04T16:00:00Z|structure_break:2024-04-04T19:00:00Z,3,2,0,2024-04-04T17:00:00Z,,2024-05-10T16:00:00Z
871,demand,demand,520.5,521.78,2024-03-22T16:00:00Z,2024-03-22T20:00:00Z,2024-03-22T20:00:00Z,expired,5,order_block|pivot|repeated_pivot|role_flip|volume_profile,pivot:2024-03-22T16:00:00Z|volume:VAL:2024-03-22:521.414167|pivot:2024-03-26T14:00:00Z|order_block:2024-03-26T18:00:00Z|structure_break:2024-03-26T19:00:00Z|pivot:2024-03-27T13:30:00Z|pivot:2024-04-01T16:00:00Z|pivot:2024-04-03T15:00:00Z|pivot:2024-04-09T13:30:00Z,6,2,6,2024-05-14T19:00:00Z,2024-05-10T14:30:00Z,2024-05-14T20:00:00Z
872,supply,demand,522.4575020599824,522.61,2024-03-22T18:00:00Z,2024-03-25T15:00:00Z,2024-03-25T15:00:00Z,expired,3,pivot|role_flip|volume_profile,pivot:2024-03-22T18:00:00Z|volume:VAH:2024-03-22:522.370833,1,0,1,2024-04-04T14:30:00Z,2024-04-04T18:00:00Z,2024-04-12T17:00:00Z
873,demand,demand,519.61,520.31,2024-03-25T13:30:00Z,2024-03-25T17:00:00Z,2024-03-26T16:00:00Z,expired,5,order_block|pivot|repeated_pivot|role_flip|volume_profile,pivot:2024-03-25T13:30:00Z|pivot:2024-03-25T19:00:00Z|volume:VAL:2024-03-26:519.923750|order_block:2024-03-27T17:00:00Z|structure_break:2024-03-27T19:00:00Z,2,4,6,2024-05-13T18:00:00Z,2024-05-10T14:30:00Z,2024-05-13T20:00:00Z
877,demand,supply,517.77,519.48,2024-03-26T19:00:00Z,2024-03-27T16:00:00Z,2024-04-03T14:30:00Z,expired,5,order_block|pivot|repeated_pivot|role_flip|volume_profile,pivot:2024-03-26T19:00:00Z|volume:VAH:2024-04-02:518.511250|pivot:2024-04-03T19:00:00Z|order_block:2024-04-08T16:00:00Z|structure_break:2024-04-09T14:00:00Z|pivot:2024-04-09T19:00:00Z|pivot:2024-04-11T18:00:00Z,4,6,3,2024-05-09T14:30:00Z,2024-05-09T19:00:00Z,2024-05-17T18:00:00Z
882,demand,demand,516.48,516.97,2024-04-02T14:00:00Z,2024-04-02T18:00:00Z,2024-04-02T20:00:00Z,expired,3,pivot|role_flip|volume_profile,pivot:2024-04-02T14:00:00Z|volume:VAL:2024-04-02:517.261250,1,0,2,2024-04-11T18:00:00Z,2024-04-12T14:30:00Z,2024-04-19T20:00:00Z
888,demand,supply,511.11,513.48,2024-04-04T19:00:00Z,2024-04-05T16:00:00Z,2024-04-10T17:00:00Z,expired,5,order_block|pivot|repeated_pivot|role_flip|volume_profile,pivot:2024-04-04T19:00:00Z|pivot:2024-04-10T13:30:00Z|volume:POC:2024-04-10:513.361875|pivot:2024-04-10T17:00:00Z|pivot:2024-04-11T14:00:00Z|order_block:2024-04-15T15:00:00Z|structure_break:2024-04-15T17:00:00Z|pivot:2024-05-03T14:00:00Z,5,6,1,2024-05-03T17:00:00Z,2024-05-06T14:30:00Z,2024-05-13T20:00:00Z
891,demand,supply,514.35,515.411566864768,2024-04-09T14:00:00Z,2024-04-09T18:00:00Z,2024-04-09T18:00:00Z,expired,3,pivot|role_flip|volume_profile,pivot:2024-04-09T14:00:00Z|volume:VAL:2024-04-04:515.298333,1,0,1,2024-04-10T16:00:00Z,2024-04-11T18:00:00Z,2024-04-19T17:00:00Z
899,supply,demand,514.9954352334136,515.3237033822111,2024-04-15T13:30:00Z,2024-04-15T17:00:00Z,2024-04-15T17:00:00Z,expired,4,pivot|repeated_pivot|role_flip|volume_profile,pivot:2024-04-15T13:30:00Z|volume:VAL:2024-04-11:514.700833|pivot:2024-05-08T13:30:00Z,2,2,1,2024-05-08T14:30:00Z,2024-05-06T19:00:00Z,2024-06-03T20:00:00Z
901,demand,demand,502.21,504.13,2024-04-16T17:00:00Z,2024-04-17T14:30:00Z,2024-04-17T14:30:00Z,expired,4,pivot|repeated_pivot|role_flip|volume_profile,pivot:2024-04-16T17:00:00Z|volume:POC:2024-04-16:503.550625|pivot:2024-04-18T15:00:00Z|pivot:2024-04-24T16:00:00Z,3,5,4,2024-05-02T19:00:00Z,2024-05-01T19:00:00Z,2024-06-05T17:00:00Z
903,demand,demand,499.12,500.96430119256974,2024-04-17T16:00:00Z,2024-04-17T20:00:00Z,2024-04-17T20:00:00Z,expired,4,pivot|repeated_pivot|role_flip|volume_profile,pivot:2024-04-17T16:00:00Z|volume:VAL:2024-04-17:500.451250|pivot:2024-05-01T16:00:00Z|pivot:2024-05-02T14:00:00Z,3,4,2,2024-05-02T15:00:00Z,2024-04-22T18:00:00Z,2024-06-06T16:00:00Z
905,demand,demand,493.86,494.91,2024-04-19T19:00:00Z,2024-04-22T16:00:00Z,2024-04-22T16:00:00Z,expired,2,pivot|volume_profile,pivot:2024-04-19T19:00:00Z|volume:VAL:2024-04-19:493.997500,1,0,0,,,2024-06-10T19:00:00Z
906,demand,demand,495.95,498.2,2024-04-22T14:00:00Z,2024-04-22T18:00:00Z,2024-04-22T18:00:00Z,expired,3,order_block|pivot|volume_profile,order_block:2024-04-22T14:00:00Z|structure_break:2024-04-22T17:00:00Z|volume:VAH:2024-04-19:497.847500|pivot:2024-04-25T14:00:00Z,1,1,0,2024-04-25T15:00:00Z,,2024-06-11T14:30:00Z
907,supply,supply,506.56,508.19,2024-04-24T13:30:00Z,2024-04-24T17:00:00Z,2024-04-24T20:00:00Z,expired,4,pivot|repeated_pivot|role_flip|volume_profile,pivot:2024-04-24T13:30:00Z|volume:VAH:2024-04-24:506.575000|pivot:2024-05-01T19:00:00Z,2,1,2,2024-05-01T20:00:00Z,2024-05-03T14:30:00Z,2024-05-10T20:00:00Z
910,supply,demand,510.08,510.75,2024-04-29T13:30:00Z,2024-04-29T17:00:00Z,2024-04-29T17:00:00Z,expired,3,pivot|role_flip|volume_profile,pivot:2024-04-29T13:30:00Z|volume:VAH:2024-04-26:509.618750,1,1,1,2024-05-03T18:00:00Z,2024-05-03T14:30:00Z,2024-06-17T20:00:00Z
911,supply,supply,505.3,506.27,2024-04-30T17:00:00Z,2024-04-30T20:00:00Z,2024-04-30T20:00:00Z,expired,2,order_block|volume_profile,order_block:2024-04-30T17:00:00Z|structure_break:2024-04-30T19:00:00Z|volume:VAH:2024-04-23:505.785625,0,0,0,,2024-05-01T19:00:00Z,2024-05-09T18:00:00Z
916,supply,demand,517.89,519.69,2024-05-07T17:00:00Z,2024-05-08T14:30:00Z,2024-05-08T14:30:00Z,expired,5,order_block|pivot|repeated_pivot|role_flip|volume_profile,pivot:2024-05-07T17:00:00Z|volume:VAH:2024-05-07:517.907500|pivot:2024-05-31T16:00:00Z|order_block:2024-05-31T16:00:00Z|structure_break:2024-05-31T19:00:00Z,2,1,1,2024-05-31T17:00:00Z,2024-05-09T15:00:00Z,2024-06-27T17:00:00Z
918,supply,supply,521.8064164239554,522.67,2024-05-10T13:30:00Z,2024-05-10T17:00:00Z,2024-05-13T17:00:00Z,expired,2,pivot|repeated_pivot,pivot:2024-05-10T13:30:00Z|pivot:2024-05-13T13:30:00Z|pivot:2024-05-14T14:00:00Z,3,1,0,2024-05-13T14:30:00Z,2024-05-14T19:00:00Z,2024-05-22T18:00:00Z
920,demand,demand,519.74,520.344094469988,2024-05-13T17:00:00Z,2024-05-14T14:30:00Z,2024-05-14T14:30:00Z,expired,2,pivot|volume_profile,pivot:2024-05-13T17:00:00Z|volume:VAH:2024-05-09:520.136875,1,1,0,2024-05-31T15:00:00Z,2024-05-31T17:00:00Z,2024-06-10T16:00:00Z
922,demand,demand,520.68,521.1,2024-05-14T16:00:00Z,2024-05-14T19:00:00Z,2024-05-14T19:00:00Z,expired,2,order_block|volume_profile,order_block:2024-05-14T16:00:00Z|structure_break:2024-05-14T18:00:00Z|volume:POC:2024-05-10:520.670208,0,1,0,2024-05-31T15:00:00Z,2024-05-31T16:00:00Z,2024-06-10T15:00:00Z
923,supply,supply,530.69,531.57,2024-05-16T15:00:00Z,2024-05-16T19:00:00Z,2024-05-20T19:00:00Z,expired,4,order_block|pivot|repeated_pivot|volume_profile,pivot:2024-05-16T15:00:00Z|pivot:2024-05-20T15:00:00Z|volume:VAH:2024-05-20:530.920000|pivot:2024-05-21T19:00:00Z|order_block:2024-05-22T16:00:00Z|structure_break:2024-05-22T18:00:00Z,3,6,0,2024-06-05T14:30:00Z,2024-06-05T16:00:00Z,2024-06-13T15:00:00Z
924,demand,demand,528.48,528.78,2024-05-17T17:00:00Z,2024-05-20T14:30:00Z,2024-05-20T14:30:00Z,expired,3,order_block|role_flip|volume_profile,order_block:2024-05-17T17:00:00Z|structure_break:2024-05-20T13:30:00Z|volume:POC:2024-05-15:528.752917,0,1,2,2024-06-05T15:00:00Z,2024-05-28T20:00:00Z,2024-07-10T20:00:00Z
925,demand,demand,527.32,529.31,2024-05-17T18:00:00Z,2024-05-20T15:00:00Z,2024-05-20T15:00:00Z,expired,4,pivot|repeated_pivot|role_flip|volume_profile,pivot:2024-05-17T18:00:00Z|volume:VAL:2024-05-15:527.323750|pivot:2024-05-22T18:00:00Z|pivot:2024-06-03T14:00:00Z,3,5,4,2024-06-05T15:00:00Z,2024-06-05T14:30:00Z,2024-07-11T14:30:00Z
927,demand,demand,529.07,529.28,2024-05-21T13:30:00Z,2024-05-21T17:00:00Z,2024-05-21T17:00:00Z,expired,3,pivot|role_flip|volume_profile,pivot:2024-05-21T13:30:00Z|volume:VAH:2024-05-17:529.199167,1,0,4,2024-06-05T15:00:00Z,2024-05-28T20:00:00Z,2024-07-12T16:00:00Z
931,supply,demand,532.05,533.4220033395985,2024-05-23T13:30:00Z,2024-05-23T17:00:00Z,2024-06-05T20:00:00Z,expired,4,pivot|repeated_pivot|role_flip|volume_profile,pivot:2024-05-23T13:30:00Z|volume:POC:2024-06-05:533.321875|pivot:2024-06-07T13:30:00Z|pivot:2024-06-10T13:30:00Z|pivot:2024-06-11T13:30:00Z,4,4,1,2024-06-11T14:30:00Z,2024-06-05T18:00:00Z,2024-07-16T16:00:00Z
932,supply,supply,529.862712888142,531.49,2024-05-23T15:00:00Z,2024-05-23T18:00:00Z,2024-05-23T18:00:00Z,expired,2,order_block|volume_profile,order_block:2024-05-23T15:00:00Z|structure_break:2024-05-23T17:00:00Z|volume:VAH:2024-05-15:529.977917,0,4,0,2024-06-05T14:30:00Z,2024-06-05T16:00:00Z,2024-06-13T15:00:00Z
933,demand,demand,524.67,525.2,2024-05-23T19:00:00Z,2024-05-24T16:00:00Z,2024-05-24T16:00:00Z,expired,4,order_block|pivot|role_flip|volume_profile,pivot:2024-05-23T19:00:00Z|volume:POC:2024-05-23:524.893958|order_block:2024-05-30T17:00:00Z|structure_break:2024-05-31T14:00:00Z,1,3,2,2024-06-04T16:00:00Z,2024-05-31T20:00:00Z,2024-07-17T15:00:00Z
934,supply,supply,529.45,530.51,2024-05-24T15:00:00Z,2024-05-24T19:00:00Z,2024-05-24T19:00:00Z,expired,3,pivot|repeated_pivot|volume_profile,pivot:2024-05-24T15:00:00Z|volume:POC:2024-05-20:530.020000|pivot:2024-05-28T13:30:00Z,2,3,0,2024-06-05T14:30:00Z,2024-06-05T15:00:00Z,2024-06-13T14:30:00Z
936,demand,demand,525.37,525.68,2024-05-29T13:30:00Z,2024-05-29T17:00:00Z,2024-05-29T17:00:00Z,expired,3,pivot|role_flip|volume_profile,pivot:2024-05-29T13:30:00Z|volume:POC:2024-05-23:524.893958,1,1,2,2024-06-04T17:00:00Z,2024-06-03T20:00:00Z,2024-07-19T16:00:00Z
937,demand,demand,522.89,523.38,2024-05-30T15:00:00Z,2024-05-30T19:00:00Z,2024-05-31T15:00:00Z,expired,3,pivot|role_flip|volume_profile,pivot:2024-05-30T15:00:00Z|volume:VAL:2024-05-30:523.023125,1,0,2,2024-06-03T17:00:00Z,2024-05-31T20:00:00Z,2024-07-22T18:00:00Z
942,supply,demand,534.98,535.42,2024-06-06T13:30:00Z,2024-06-06T17:00:00Z,2024-06-06T17:00:00Z,expired,3,pivot|role_flip|volume_profile,pivot:2024-06-06T13:30:00Z|volume:VAH:2024-06-05:534.565625,1,1,1,2024-06-10T20:00:00Z,2024-06-11T14:30:00Z,2024-06-18T20:00:00Z
944,supply,supply,535.66,536.89,2024-06-07T17:00:00Z,2024-06-10T14:30:00Z,2024-06-10T20:00:00Z,expired,3,pivot|repeated_pivot|volume_profile,pivot:2024-06-07T17:00:00Z|volume:VAH:2024-06-10:535.918750|pivot:2024-06-10T19:00:00Z,2,1,0,2024-06-11T19:00:00Z,2024-06-12T14:30:00Z,2024-06-20T20:00:00Z
948,supply,supply,542.5,544.12,2024-06-12T14:00:00Z,2024-06-12T18:00:00Z,2024-06-12T20:00:00Z,expired,4,pivot|repeated_pivot|role_flip|volume_profile,pivot:2024-06-12T14:00:00Z|volume:VAH:2024-06-12:543.403750|pivot:2024-06-12T19:00:00Z|pivot:2024-06-13T19:00:00Z,3,13,4,2024-07-30T19:00:00Z,2024-07-31T14:30:00Z,2024-08-07T20:00:00Z
950,demand,demand,539.59,540.5318538956611,2024-06-13T16:00:00Z,2024-06-13T20:00:00Z,2024-06-14T20:00:00Z,expired,3,pivot|role_flip|volume_profile,pivot:2024-06-13T16:00:00Z|volume:VAL:2024-06-14:540.898333,1,3,2,2024-08-01T18:00:00Z,2024-08-02T14:30:00Z,2024-08-09T20:00:00Z
952,supply,demand,547.77,549.2571803542577,2024-06-17T18:00:00Z,2024-06-18T15:00:00Z,2024-06-18T15:00:00Z,expired,4,pivot|repeated_pivot|role_flip|volume_profile,pivot:2024-06-17T18:00:00Z|volume:VAH:2024-06-17:548.385625|pivot:2024-07-19T17:00:00Z,2,3,3,2024-07-19T18:00:00Z,2024-07-24T14:30:00Z,2024-07-31T20:00:00Z
953,supply,supply,549.4610059924163,550.28,2024-06-20T13:30:00Z,2024-06-20T17:00:00Z,2024-06-28T18:00:00Z,expired,2,pivot|repeated_pivot,pivot:2024-06-20T13:30:00Z|pivot:2024-06-28T14:00:00Z,2,2,0,2024-07-03T14:30:00Z,2024-07-03T16:00:00Z,2024-07-12T18:00:00Z
954,demand,supply,542.72,544.1089697244415,2024-06-21T13:30:00Z,2024-06-21T17:00:00Z,2024-06-21T17:00:00Z,expired,4,pivot|repeated_pivot|role_flip|volume_profile,pivot:2024-06-21T13:30:00Z|volume:VAH:2024-06-12:543.403750|pivot:2024-07-29T15:00:00Z,2,10,5,2024-07-30T20:00:00Z,2024-07-31T14:30:00Z,2024-08-07T20:00:00Z
955,supply,supply,545.62,547.46,2024-06-24T14:00:00Z,2024-06-24T18:00:00Z,2024-06-24T18:00:00Z,expired,5,order_block|pivot|repeated_pivot|role_flip|volume_profile,pivot:2024-06-24T14:00:00Z|volume:POC:2024-06-20:546.929583|pivot:2024-06-27T14:00:00Z|pivot:2024-07-25T17:00:00Z|pivot:2024-07-26T17:00:00Z|order_block:2024-07-29T16:00:00Z|structure_break:2024-07-30T15:00:00Z|pivot:2024-07-30T13:30:00Z,5,8,4,2024-08-01T17:00:00Z,2024-08-01T16:00:00Z,2024-08-13T17:00:00Z
956,demand,demand,542.44,543.35,2024-06-24T19:00:00Z,2024-06-25T16:00:00Z,2024-06-25T16:00:00Z,expired,4,pivot|repeated_pivot|role_flip|volume_profile,pivot:2024-06-24T19:00:00Z|volume:VAH:2024-06-14:542.378333|pivot:2024-06-25T17:00:00Z|pivot:2024-07-01T14:00:00Z,3,5,4,2024-08-01T17:00:00Z,2024-08-01T19:00:00Z,2024-08-09T18:00:00Z
958,supply,supply,544.61,545.45,2024-06-26T15:00:00Z,2024-06-26T19:00:00Z,2024-06-26T19:00:00Z,expired,4,pivot|repeated_pivot|role_flip|volume_profile,pivot:2024-06-26T15:00:00Z|volume:VAH:2024-06-21:545.156875|pivot:2024-06-27T18:00:00Z|pivot:2024-08-14T16:00:00Z,3,9,8,2024-08-14T20:00:00Z,2024-08-15T14:30:00Z,2024-08-22T20:00:00Z
963,supply,supply,556.02,556.74,2024-07-08T13:30:00Z,2024-07-08T17:00:00Z,2024-07-09T20:00:00Z,expired,4,pivot|repeated_pivot|role_flip|volume_profile,pivot:2024-07-08T13:30:00Z|volume:POC:2024-07-09:556.107917|pivot:2024-07-23T15:00:00Z,2,2,4,2024-08-19T15:00:00Z,2024-08-19T17:00:00Z,2024-08-27T16:00:00Z
964,demand,demand,554.19,554.8501750686572,2024-07-08T18:00:00Z,2024-07-09T15:00:00Z,2024-07-09T15:00:00Z,expired,3,pivot|role_flip|volume_profile,pivot:2024-07-08T18:00:00Z|volume:POC:2024-07-05:554.313125,1,3,2,2024-07-23T17:00:00Z,2024-07-23T20:00:00Z,2024-07-31T19:00:00Z
965,demand,supply,555.52,556.021486701079,2024-07-09T19:00:00Z,2024-07-10T16:00:00Z,2024-07-10T16:00:00Z,expired,4,pivot|repeated_pivot|role_flip|volume_profile,pivot:2024-07-09T19:00:00Z|volume:VAH:2024-07-08:555.526875|pivot:2024-07-11T18:00:00Z,2,2,1,2024-07-23T15:00:00Z,2024-07-23T16:00:00Z,2024-07-31T15:00:00Z
966,demand,demand,556.61,558.05,2024-07-10T14:00:00Z,2024-07-10T17:00:00Z,2024-07-11T17:00:00Z,expired,5,order_block|pivot|repeated_pivot|role_flip|volume_profile,order_block:2024-07-10T14:00:00Z|structure_break:2024-07-10T16:00:00Z|volume:VAH:2024-07-09:556.522917|pivot:2024-07-17T17:00:00Z|pivot:2024-08-20T17:00:00Z,2,4,6,2024-08-23T17:00:00Z,2024-08-23T14:30:00Z,2024-08-27T20:00:00Z
967,supply,demand,561.95,562.33,2024-07-11T14:00:00Z,2024-07-11T18:00:00Z,2024-07-11T18:00:00Z,expired,3,pivot|role_flip|volume_profile,pivot:2024-07-11T14:00:00Z|volume:VAH:2024-07-10:561.567917,1,2,3,2024-07-16T17:00:00Z,2024-07-17T14:30:00Z,2024-07-24T20:00:00Z
969,supply,demand,563.05,563.67,2024-07-12T17:00:00Z,2024-07-15T14:30:00Z,2024-07-15T14:30:00Z,expired,3,pivot|role_flip|volume_profile,pivot:2024-07-12T17:00:00Z|volume:VAH:2024-07-12:563.263750,1,1,1,2024-07-16T19:00:00Z,2024-07-17T14:30:00Z,2024-07-24T20:00:00Z
970,supply,supply,563.11,565.16,2024-07-15T15:00:00Z,2024-07-15T19:00:00Z,2024-07-16T20:00:00Z,expired,3,pivot|repeated_pivot|volume_profile,pivot:2024-07-15T15:00:00Z|volume:VAH:2024-07-16:564.203750|pivot:2024-07-16T19:00:00Z|pivot:2024-08-26T13:30:00Z|pivot:2024-08-29T16:00:00Z,4,5,0,2024-08-30T20:00:00Z,,2024-09-03T15:00:00Z
971,demand,demand,559.63,560.6593580799833,2024-07-15T19:00:00Z,2024-07-16T16:00:00Z,2024-07-16T16:00:00Z,expired,2,pivot|volume_profile,pivot:2024-07-15T19:00:00Z|volume:POC:2024-07-10:559.730417,1,1,0,2024-07-17T14:30:00Z,2024-07-17T15:00:00Z,2024-07-25T14:30:00Z
974,supply,supply,557.99,559.52,2024-07-18T13:30:00Z,2024-07-18T16:00:00Z,2024-07-18T16:00:00Z,expired,5,order_block|pivot|repeated_pivot|role_flip|volume_profile,order_block:2024-07-18T13:30:00Z|structure_break:2024-07-18T15:00:00Z|volume:VAH:2024-07-17:558.641250|pivot:2024-07-18T14:00:00Z|pivot:2024-08-21T16:00:00Z|pivot:2024-08-27T13:30:00Z,3,5,4,2024-09-03T15:00:00Z,2024-08-28T18:00:00Z,2024-09-05T19:00:00Z
978,demand,demand,537.45,538.87,2024-07-25T14:00:00Z,2024-07-25T18:00:00Z,2024-07-26T14:30:00Z,expired,3,pivot|repeated_pivot|volume_profile,pivot:2024-07-25T14:00:00Z|volume:VAL:2024-07-25:539.743958|pivot:2024-07-30T17:00:00Z,2,2,0,2024-07-30T17:00:00Z,2024-08-02T14:30:00Z,2024-08-09T20:00:00Z
985,supply,supply,554.04,556.03,2024-08-01T13:30:00Z,2024-08-01T17:00:00Z,2024-08-16T20:00:00Z,expired,4,pivot|repeated_pivot|role_flip|volume_profile,pivot:2024-08-01T13:30:00Z|pivot:2024-08-16T16:00:00Z|volume:VAH:2024-08-16:554.941667|pivot:2024-08-22T19:00:00Z|pivot:2024-08-28T18:00:00Z,4,4,2,2024-09-11T20:00:00Z,2024-09-12T17:00:00Z,2024-09-20T16:00:00Z
986,supply,demand,539.98,543.47,2024-08-01T19:00:00Z,2024-08-02T15:00:00Z,2024-08-02T15:00:00Z,expired,3,order_block|role_flip|volume_profile,order_block:2024-08-01T19:00:00Z|structure_break:2024-08-02T14:00:00Z|volume:POC:2024-07-25:540.578125,0,5,1,2024-09-11T15:00:00Z,2024-08-14T16:00:00Z,2024-09-20T18:00:00Z
987,demand,demand,528.6,529.27,2024-08-02T15:00:00Z,2024-08-02T19:00:00Z,2024-08-02T20:00:00Z,expired,3,pivot|role_flip|volume_profile,pivot:2024-08-02T15:00:00Z|volume:VAL:2024-08-02:529.823542,1,0,4,2024-08-08T20:00:00Z,2024-08-08T18:00:00Z,2024-09-23T15:00:00Z
988,demand,demand,510.27,511.64,2024-08-05T13:30:00Z,2024-08-05T17:00:00Z,,expired,1,pivot,pivot:2024-08-05T13:30:00Z,1,0,0,,,2024-09-23T20:00:00Z
989,supply,demand,531.04,531.59,2024-08-07T14:00:00Z,2024-08-07T18:00:00Z,2024-08-07T18:00:00Z,expired,3,pivot|role_flip|volume_profile,pivot:2024-08-07T14:00:00Z|volume:POC:2024-08-02:530.522708,1,3,1,2024-08-12T14:30:00Z,2024-08-09T18:00:00Z,2024-09-26T14:30:00Z
990,demand,demand,518.05,518.65,2024-08-07T19:00:00Z,2024-08-08T16:00:00Z,2024-08-08T16:00:00Z,expired,2,pivot|volume_profile,pivot:2024-08-07T19:00:00Z|volume:VAL:2024-08-07:518.332083,1,0,0,,,2024-09-26T19:00:00Z
991,supply,demand,532.732215740209,534.51,2024-08-09T17:00:00Z,2024-08-12T14:30:00Z,2024-08-12T14:30:00Z,expired,3,pivot|role_flip|volume_profile,pivot:2024-08-09T17:00:00Z|volume:VAH:2024-08-02:533.319375,1,0,1,2024-08-12T16:00:00Z,2024-08-12T18:00:00Z,2024-08-20T17:00:00Z
992,supply,supply,535.22,535.73,2024-08-12T15:00:00Z,2024-08-12T19:00:00Z,,expired,1,pivot,pivot:2024-08-12T15:00:00Z,1,0,0,,2024-08-13T14:30:00Z,2024-08-20T20:00:00Z
995,supply,supply,560.6297434016091,562.11,2024-08-20T13:30:00Z,2024-08-20T17:00:00Z,2024-08-21T18:00:00Z,expired,4,pivot|repeated_pivot|role_flip|volume_profile,pivot:2024-08-20T13:30:00Z|pivot:2024-08-21T14:00:00Z|volume:VAH:2024-08-21:560.822500,2,4,2,2024-08-30T19:00:00Z,2024-08-30T20:00:00Z,2024-09-10T19:00:00Z
999,supply,supply,560.43,561.71,2024-08-21T18:00:00Z,2024-08-22T16:00:00Z,2024-08-22T16:00:00Z,expired,3,order_block|role_flip|volume_profile,order_block:2024-08-21T18:00:00Z|structure_break:2024-08-22T15:00:00Z|volume:VAH:2024-08-21:560.822500,0,4,2,2024-08-30T19:00:00Z,2024-08-30T20:00:00Z,2024-09-10T19:00:00Z
1000,supply,supply,561.7405465074679,563.18,2024-08-22T13:30:00Z,2024-08-22T17:00:00Z,2024-08-23T18:00:00Z,expired,3,pivot|repeated_pivot|volume_profile,pivot:2024-08-22T13:30:00Z|pivot:2024-08-23T14:00:00Z|volume:VAH:2024-08-23:561.760833|pivot:2024-08-27T18:00:00Z,3,6,0,2024-08-30T14:30:00Z,2024-08-30T20:00:00Z,2024-09-10T19:00:00Z
1006,supply,demand,558.45,558.67,2024-08-28T16:00:00Z,2024-08-28T18:00:00Z,2024-08-28T18:00:00Z,expired,3,order_block|role_flip|volume_profile,order_block:2024-08-28T16:00:00Z|structure_break:2024-08-28T17:00:00Z|volume:POC:2024-08-20:558.420000,0,2,1,2024-09-03T14:30:00Z,2024-09-03T15:00:00Z,2024-09-11T14:30:00Z
1009,demand,demand,557.14,558.4821597209802,2024-08-29T18:00:00Z,2024-08-30T15:00:00Z,2024-08-30T15:00:00Z,expired,3,pivot|repeated_pivot|volume_profile,pivot:2024-08-29T18:00:00Z|volume:POC:2024-08-22:557.200833|pivot:2024-08-30T16:00:00Z,2,2,0,2024-09-03T14:30:00Z,2024-09-03T15:00:00Z,2024-09-11T14:30:00Z
1011,supply,supply,561.4570615538776,564.2,2024-08-30T19:00:00Z,2024-09-03T15:00:00Z,2024-09-03T15:00:00Z,expired,2,order_block|volume_profile,order_block:2024-08-30T19:00:00Z|structure_break:2024-09-03T14:00:00Z|volume:VAH:2024-08-23:561.760833,0,1,0,2024-09-13T15:00:00Z,2024-09-17T14:30:00Z,2024-09-24T20:00:00Z
1012,supply,supply,562.57,564.2,2024-08-30T19:00:00Z,2024-09-03T16:00:00Z,2024-09-16T14:30:00Z,expired,3,pivot|repeated_pivot|volume_profile,pivot:2024-08-30T19:00:00Z|pivot:2024-09-13T17:00:00Z|volume:VAH:2024-09-13:562.806250,2,2,0,2024-09-16T19:00:00Z,2024-09-17T14:30:00Z,2024-09-24T20:00:00Z
1013,demand,supply,548.72,551.6,2024-09-03T19:00:00Z,2024-09-04T16:00:00Z,2024-09-04T16:00:00Z,expired,5,order_block|pivot|repeated_pivot|role_flip|volume_profile,pivot:2024-09-03T19:00:00Z|volume:VAL:2024-09-03:550.687083|order_block:2024-09-05T17:00:00Z|structure_break:2024-09-06T14:00:00Z|pivot:2024-09-06T13:30:00Z,2,3,1,2024-09-11T18:00:00Z,2024-09-11T20:00:00Z,2024-09-19T19:00:00Z
1014,supply,demand,552.3815958310824,553.8,2024-09-05T14:00:00Z,2024-09-05T18:00:00Z,2024-09-05T18:00:00Z,expired,3,pivot|role_flip|volume_profile,pivot:2024-09-05T14:00:00Z|volume:VAH:2024-09-04:552.048542,1,1,1,2024-09-12T15:00:00Z,2024-09-11T20:00:00Z,2024-10-24T14:30:00Z
1015,demand,demand,547.1,547.48,2024-09-05T16:00:00Z,2024-09-05T20:00:00Z,2024-09-05T20:00:00Z,expired,3,pivot|role_flip|volume_profile,pivot:2024-09-05T16:00:00Z|volume:VAL:2024-09-05:548.077083,1,0,2,2024-09-10T19:00:00Z,2024-09-11T14:30:00Z,2024-09-18T20:00:00Z
1018,demand,demand,539.44,541.16,2024-09-06T18:00:00Z,2024-09-09T15:00:00Z,2024-09-09T15:00:00Z,expired,3,pivot|repeated_pivot|volume_profile,pivot:2024-09-06T18:00:00Z|volume:POC:2024-09-06:540.200000|pivot:2024-09-11T14:00:00Z,2,1,0,2024-09-11T15:00:00Z,,2024-10-25T18:00:00Z
1019,supply,demand,548.3370989491273,548.66,2024-09-10T13:30:00Z,2024-09-10T17:00:00Z,2024-09-10T17:00:00Z,expired,3,pivot|role_flip|volume_profile,pivot:2024-09-10T13:30:00Z|volume:VAL:2024-09-05:548.077083,1,1,1,2024-09-11T18:00:00Z,2024-09-10T20:00:00Z,2024-10-28T20:00:00Z
1020,demand,demand,543.38,544.15,2024-09-10T16:00:00Z,2024-09-10T20:00:00Z,2024-09-10T20:00:00Z,expired,2,pivot|volume_profile,pivot:2024-09-10T16:00:00Z|volume:VAH:2024-09-06:543.746667,1,0,0,,2024-09-11T15:00:00Z,2024-09-19T14:30:00Z
1021,supply,supply,548.2,549.15,2024-09-10T19:00:00Z,2024-09-11T15:00:00Z,2024-09-11T15:00:00Z,expired,3,order_block|pivot|volume_profile,order_block:2024-09-10T19:00:00Z|structure_break:2024-09-11T14:00:00Z|volume:VAH:2024-09-10:549.029792|pivot:2024-09-10T19:00:00Z,1,0,0,,2024-09-11T18:00:00Z,2024-09-19T17:00:00Z
1025,demand,demand,559.9,561.83,2024-09-16T14:00:00Z,2024-09-16T18:00:00Z,2024-09-16T18:00:00Z,expired,3,pivot|repeated_pivot|volume_profile,pivot:2024-09-16T14:00:00Z|volume:VAL:2024-09-13:561.165417|pivot:2024-09-17T17:00:00Z|pivot:2024-09-18T19:00:00Z,3,2,0,2024-09-18T19:00:00Z,,2024-11-04T15:30:00Z
1026,supply,demand,565.17,567.2587680101076,2024-09-17T14:00:00Z,2024-09-17T18:00:00Z,2024-09-17T20:00:00Z,expired,4,pivot|repeated_pivot|role_flip|volume_profile,pivot:2024-09-17T14:00:00Z|volume:VAH:2024-09-17:564.770625|pivot:2024-09-20T15:00:00Z|pivot:2024-10-01T15:00:00Z|pivot:2024-10-02T13:30:00Z|pivot:2024-10-03T17:00:00Z|pivot:2024-10-07T18:00:00Z,6,6,1,2024-10-07T19:00:00Z,2024-09-19T14:30:00Z,2024-11-05T15:30:00Z
1029,supply,supply,571.81,572.88,2024-09-19T17:00:00Z,2024-09-20T14:30:00Z,2024-09-20T14:30:00Z,expired,4,pivot|repeated_pivot|role_flip|volume_profile,pivot:2024-09-19T17:00:00Z|volume:VAH:2024-09-19:572.180000|pivot:2024-10-08T14:00:00Z,2,4,8,2024-11-04T16:00:00Z,2024-11-05T15:30:00Z,2024-11-12T21:00:00Z
1031,supply,demand,568.91,570.34,2024-09-23T14:00:00Z,2024-09-23T18:00:00Z,2024-09-23T18:00:00Z,expired,4,pivot|repeated_pivot|role_flip|volume_profile,pivot:2024-09-23T14:00:00Z|volume:VAL:2024-09-19:570.380000|pivot:2024-09-25T17:00:00Z,2,9,3,2024-10-07T17:00:00Z,2024-10-07T19:00:00Z,2024-10-15T18:00:00Z
1032,demand,demand,567.6,568.5508282278827,2024-09-24T14:00:00Z,2024-09-24T18:00:00Z,2024-09-24T18:00:00Z,expired,3,pivot|role_flip|volume_profile,pivot:2024-09-24T14:00:00Z|volume:POC:2024-09-20:567.843750,1,4,2,2024-10-04T15:00:00Z,2024-10-07T19:00:00Z,2024-10-15T18:00:00Z
1033,supply,supply,570.72,571.96,2024-09-25T14:00:00Z,2024-09-25T18:00:00Z,2024-09-25T18:00:00Z,expired,4,order_block|pivot|role_flip|volume_profile,pivot:2024-09-25T14:00:00Z|volume:VAH:2024-09-19:572.180000|order_block:2024-10-07T14:00:00Z|structure_break:2024-10-07T18:00:00Z,1,3,10,2024-11-04T18:00:00Z,2024-11-05T15:30:00Z,2024-11-12T21:00:00Z
1035,supply,demand,572.92,574.71,2024-09-26T13:30:00Z,2024-09-26T17:00:00Z,2024-09-27T18:00:00Z,expired,4,pivot|repeated_pivot|role_flip|volume_profile,pivot:2024-09-26T13:30:00Z|pivot:2024-09-27T14:00:00Z|pivot:2024-09-30T19:00:00Z|volume:VAH:2024-09-27:573.032500|pivot:2024-10-04T19:00:00Z,4,7,3,2024-11-05T19:00:00Z,2024-11-05T17:00:00Z,2024-11-13T21:00:00Z
1037,demand,demand,570.25,570.62,2024-09-30T14:00:00Z,2024-09-30T18:00:00Z,2024-09-30T18:00:00Z,expired,3,pivot|role_flip|volume_profile,pivot:2024-09-30T14:00:00Z|volume:POC:2024-09-24:570.341667,1,5,2,2024-10-07T16:00:00Z,2024-10-07T19:00:00Z,2024-10-15T18:00:00Z
1038,demand,supply,568.08,569.8152750897043,2024-09-30T18:00:00Z,2024-09-30T20:00:00Z,2024-09-30T20:00:00Z,expired,4,order_block|pivot|role_flip|volume_profile,order_block:2024-09-30T18:00:00Z|structure_break:2024-09-30T19:00:00Z|volume:POC:2024-09-23:569.080000|pivot:2024-10-03T14:00:00Z,1,2,3,2024-10-07T20:00:00Z,2024-10-08T14:30:00Z,2024-10-15T20:00:00Z
1044,supply,supply,572.35,572.71,2024-10-04T13:30:00Z,2024-10-04T17:00:00Z,2024-10-04T17:00:00Z,expired,3,pivot|role_flip|volume_profile,pivot:2024-10-04T13:30:00Z|volume:POC:2024-09-27:572.399167,1,1,2,2024-11-04T16:00:00Z,2024-11-05T15:30:00Z,2024-11-12T21:00:00Z
1049,supply,supply,576.8467142808229,577.71,2024-10-09T15:00:00Z,2024-10-09T19:00:00Z,2024-10-10T14:30:00Z,expired,3,pivot|repeated_pivot|volume_profile,pivot:2024-10-09T15:00:00Z|volume:VAH:2024-10-09:577.602500|pivot:2024-10-09T19:00:00Z,2,3,0,2024-10-11T14:30:00Z,2024-10-11T15:00:00Z,2024-10-21T14:30:00Z
1051,demand,demand,574.41,575.55,2024-10-10T13:30:00Z,2024-10-10T17:00:00Z,2024-10-10T17:00:00Z,expired,4,pivot|repeated_pivot|role_flip|volume_profile,pivot:2024-10-10T13:30:00Z|volume:VAL:2024-10-09:575.452500|pivot:2024-10-10T18:00:00Z|pivot:2024-10-23T18:00:00Z|pivot:2024-11-01T14:00:00Z,4,3,2,2024-11-05T21:00:00Z,2024-11-05T18:00:00Z,2024-11-27T21:00:00Z
1053,supply,demand,579.1447899382075,580.1,2024-10-11T14:00:00Z,2024-10-11T18:00:00Z,2024-10-11T20:00:00Z,expired,3,pivot|role_flip|volume_profile,pivot:2024-10-11T14:00:00Z|volume:POC:2024-10-11:579.501250,1,3,3,2024-10-25T19:00:00Z,2024-10-25T20:00:00Z,2024-11-04T20:00:00Z
1054,supply,supply,583.46,585.39,2024-10-14T19:00:00Z,2024-10-15T16:00:00Z,2024-10-15T16:00:00Z,expired,3,pivot|repeated_pivot|volume_profile,pivot:2024-10-14T19:00:00Z|volume:VAH:2024-10-14:585.175417|pivot:2024-10-18T18:00:00Z|pivot:2024-10-22T18:00:00Z|pivot:2024-10-25T14:00:00Z,4,4,0,2024-10-25T15:00:00Z,2024-11-06T15:30:00Z,2024-11-13T21:00:00Z
1055,demand,demand,578.08,579.3943660817614,2024-10-15T19:00:00Z,2024-10-16T16:00:00Z,2024-10-16T16:00:00Z,expired,4,pivot|repeated_pivot|role_flip|volume_profile,pivot:2024-10-15T19:00:00Z|volume:VAL:2024-10-11:578.580417|pivot:2024-10-25T18:00:00Z|pivot:2024-10-29T13:30:00Z,3,4,2,2024-10-30T20:00:00Z,2024-10-31T14:30:00Z,2024-11-07T21:00:00Z
1056,supply,supply,585.91,586.12,2024-10-17T13:30:00Z,2024-10-17T17:00:00Z,,expired,1,pivot,pivot:2024-10-17T13:30:00Z,1,1,0,2024-11-06T15:30:00Z,2024-11-06T16:00:00Z,2024-11-14T15:30:00Z
1057,demand,supply,582.16,582.338415898252,2024-10-17T19:00:00Z,2024-10-18T16:00:00Z,2024-10-18T16:00:00Z,expired,3,pivot|role_flip|volume_profile,pivot:2024-10-17T19:00:00Z|volume:POC:2024-10-16:582.104375,1,5,3,2024-10-30T15:00:00Z,2024-10-30T16:00:00Z,2024-11-07T16:00:00Z
1059,demand,supply,580.38,581.365551757996,2024-10-21T15:00:00Z,2024-10-21T19:00:00Z,2024-10-21T19:00:00Z,expired,4,pivot|repeated_pivot|role_flip|volume_profile,pivot:2024-10-21T15:00:00Z|volume:POC:2024-10-15:581.322500|pivot:2024-10-22T13:30:00Z,2,2,3,2024-10-30T20:00:00Z,2024-11-06T15:30:00Z,2024-11-13T21:00:00Z
1062,supply,supply,580.62,581.81,2024-10-23T13:30:00Z,2024-10-23T18:00:00Z,2024-10-23T18:00:00Z,expired,3,order_block|role_flip|volume_profile,order_block:2024-10-23T13:30:00Z|structure_break:2024-10-23T17:00:00Z|volume:POC:2024-10-15:581.322500|order_block:2024-10-30T18:00:00Z|structure_break:2024-10-31T14:00:00Z,0,2,4,2024-10-30T19:00:00Z,2024-11-06T15:30:00Z,2024-11-13T21:00:00Z
1067,demand,demand,579.29,580.2089575705085,2024-10-30T13:30:00Z,2024-10-30T17:00:00Z,2024-10-30T17:00:00Z,expired,2,pivot|volume_profile,pivot:2024-10-30T13:30:00Z|volume:VAH:2024-10-24:579.696458,1,1,0,2024-10-30T20:00:00Z,2024-10-31T14:30:00Z,2024-11-07T21:00:00Z
1068,supply,supply,583.11,583.32,2024-10-30T15:00:00Z,2024-10-30T19:00:00Z,2024-10-30T19:00:00Z,expired,2,pivot|volume_profile,pivot:2024-10-30T15:00:00Z|volume:POC:2024-10-25:582.997917,1,0,0,,2024-11-06T15:30:00Z,2024-11-13T21:00:00Z
1070,demand,demand,567.89,568.87,2024-10-31T19:00:00Z,2024-11-01T16:00:00Z,2024-11-01T16:00:00Z,expired,3,pivot|repeated_pivot|volume_profile,pivot:2024-10-31T19:00:00Z|volume:VAL:2024-10-31:569.188958|pivot:2024-11-04T17:00:00Z,2,1,0,2024-11-04T17:00:00Z,,2024-12-23T16:00:00Z
1073,demand,demand,569.17,570.51,2024-11-04T20:00:00Z,2024-11-05T15:30:00Z,2024-11-05T15:30:00Z,expired,2,order_block|volume_profile,order_block:2024-11-04T20:00:00Z|structure_break:2024-11-05T14:30:00Z|volume:VAL:2024-10-31:569.188958,0,0,0,,,2024-12-26T17:00:00Z
1074,supply,supply,599.6143037781259,600.86,2024-11-11T14:30:00Z,2024-11-11T18:00:00Z,2024-11-14T19:00:00Z,expired,3,pivot|repeated_pivot|volume_profile,pivot:2024-11-11T14:30:00Z|volume:VAH:2024-11-11:599.311458|pivot:2024-11-25T14:30:00Z,2,3,0,2024-11-29T15:30:00Z,2024-11-29T16:00:00Z,2024-12-09T18:00:00Z
1075,demand,supply,597.0,597.8044835514022,2024-11-11T18:00:00Z,2024-11-12T15:30:00Z,2024-11-12T15:30:00Z,expired,3,pivot|role_flip|volume_profile,pivot:2024-11-11T18:00:00Z|volume:VAL:2024-11-08:597.392500,1,1,1,2024-11-12T21:00:00Z,2024-11-13T17:00:00Z,2024-11-21T16:00:00Z
1076,demand,supply,594.37,595.75,2024-11-12T18:00:00Z,2024-11-13T15:30:00Z,2024-11-13T15:30:00Z,expired,4,pivot|repeated_pivot|role_flip|volume_profile,pivot:2024-11-12T18:00:00Z|volume:VAL:2024-11-07:594.133750|pivot:2024-12-20T17:00:00Z,2,4,3,2024-12-23T21:00:00Z,2024-12-24T15:30:00Z,2025-01-03T17:00:00Z
1077,supply,supply,599.0304203487786,599.23,2024-11-13T18:00:00Z,2024-11-14T15:30:00Z,2024-11-14T15:30:00Z,expired,3,pivot|role_flip|volume_profile,pivot:2024-11-13T18:00:00Z|volume:VAH:2024-11-08:598.987500,1,4,2,2024-11-27T19:00:00Z,2024-11-29T15:30:00Z,2024-12-09T17:00:00Z
1078,demand,demand,583.86,586.3,2024-11-15T18:00:00Z,2024-11-18T15:30:00Z,2024-11-18T15:30:00Z,expired,3,pivot|repeated_pivot|volume_profile,pivot:2024-11-15T18:00:00Z|volume:VAL:2024-11-15:584.520417|pivot:2024-11-19T14:30:00Z|pivot:2024-11-20T15:00:00Z|pivot:2024-12-18T20:00:00Z,4,3,0,2024-12-19T21:00:00Z,2024-12-20T15:30:00Z,2024-12-31T17:00:00Z
1079,supply,supply,587.66,589.49,2024-11-18T16:00:00Z,2024-11-18T20:00:00Z,2024-11-18T21:00:00Z,expired,4,pivot|repeated_pivot|role_flip|volume_profile,pivot:2024-11-18T16:00:00Z|volume:VAH:2024-11-18:588.711875|pivot:2024-12-23T15:00:00Z,2,4,8,2025-01-08T18:00:00Z,2025-01-08T15:30:00Z,2025-01-13T15:30:00Z
1081,supply,supply,588.8453485470399,591.13,2024-11-19T18:00:00Z,2024-11-20T15:30:00Z,2024-11-20T15:30:00Z,expired,4,pivot|repeated_pivot|role_flip|volume_profile,pivot:2024-11-19T18:00:00Z|volume:VAH:2024-11-19:590.903750|pivot:2025-01-02T15:00:00Z|pivot:2025-01-08T19:00:00Z,3,5,6,2025-01-08T20:00:00Z,2025-01-07T20:00:00Z,2025-01-14T17:00:00Z
1083,supply,demand,595.8658865587817,596.14,2024-11-22T14:30:00Z,2024-11-22T18:00:00Z,2024-11-22T18:00:00Z,expired,3,pivot|role_flip|volume_profile,pivot:2024-11-22T14:30:00Z|volume:VAH:2024-11-14:596.412500,1,3,3,2025-01-07T15:30:00Z,2025-01-07T16:00:00Z,2025-01-16T15:30:00Z
1085,supply,supply,600.74,601.33,2024-11-26T20:00:00Z,2024-11-27T17:00:00Z,2024-11-27T17:00:00Z,expired,2,pivot|volume_profile,pivot:2024-11-26T20:00:00Z|volume:VAH:2024-11-26:600.582917,1,0,0,,2024-11-29T16:00:00Z,2024-12-09T18:00:00Z
1086,demand,demand,597.28,598.0800298458578,2024-11-27T17:00:00Z,2024-11-27T21:00:00Z,2024-11-27T21:00:00Z,expired,3,pivot|role_flip|volume_profile,pivot:2024-11-27T17:00:00Z|volume:POC:2024-11-25:597.440417,1,3,4,2025-01-17T20:00:00Z,2025-01-17T17:00:00Z,2025-01-23T16:00:00Z
1087,supply,demand,603.93,604.66,2024-12-02T20:00:00Z,2024-12-03T17:00:00Z,2024-12-03T17:00:00Z,expired,4,pivot|repeated_pivot|role_flip|volume_profile,pivot:2024-12-02T20:00:00Z|volume:VAH:2024-12-02:603.973125|pivot:2024-12-09T20:00:00Z,2,2,5,2025-01-28T20:00:00Z,2025-01-22T15:30:00Z,2025-01-28T21:00:00Z
1088,demand,demand,601.84,602.978688370674,2024-12-03T15:00:00Z,2024-12-03T19:00:00Z,2024-12-03T19:00:00Z,expired,4,pivot|repeated_pivot|role_flip|volume_profile,pivot:2024-12-03T15:00:00Z|volume:POC:2024-11-29:602.274792|pivot:2024-12-10T20:00:00Z|pivot:2024-12-13T18:00:00Z|pivot:2024-12-26T17:00:00Z,4,4,2,2025-01-28T16:00:00Z,2025-01-22T15:30:00Z,2025-01-28T17:00:00Z
1089,supply,demand,607.32,608.48,2024-12-05T17:00:00Z,2024-12-05T21:00:00Z,2024-12-06T21:00:00Z,expired,5,order_block|pivot|repeated_pivot|role_flip|volume_profile,pivot:2024-12-05T17:00:00Z|volume:VAH:2024-12-06:608.173125|order_block:2024-12-06T20:00:00Z|structure_break:2024-12-09T15:00:00Z|pivot:2024-12-11T18:00:00Z|pivot:2024-12-16T20:00:00Z|pivot:2025-01-22T17:00:00Z,4,4,3,2025-01-31T16:00:00Z,2025-01-23T21:00:00Z,2025-01-31T17:00:00Z
1090,demand,supply,605.96,607.18,2024-12-05T20:00:00Z,2024-12-06T15:30:00Z,2024-12-06T15:30:00Z,expired,5,order_block|pivot|repeated_pivot|role_flip|volume_profile,order_block:2024-12-05T20:00:00Z|structure_break:2024-12-06T14:30:00Z|volume:VAH:2024-12-04:607.108333|pivot:2024-12-05T20:00:00Z|pivot:2024-12-18T15:00:00Z,2,7,5,2025-01-30T15:30:00Z,2025-01-27T15:30:00Z,2025-01-30T16:00:00Z
1092,supply,supply,608.9337781718554,609.07,2024-12-06T15:00:00Z,2024-12-06T19:00:00Z,2024-12-18T21:00:00Z,expired,3,pivot|role_flip|volume_profile,pivot:2024-12-06T15:00:00Z|volume:VAH:2024-12-11:608.256250,1,0,2,2025-01-31T17:00:00Z,2025-01-24T18:00:00Z,2025-01-31T18:00:00Z
1097,demand,supply,605.13,605.8002255970267,2024-12-12T15:00:00Z,2024-12-12T19:00:00Z,2024-12-12T19:00:00Z,expired,3,pivot|role_flip|volume_profile,pivot:2024-12-12T15:00:00Z|volume:VAH:2024-12-10:605.264792,1,1,3,2024-12-17T17:00:00Z,2024-12-18T16:00:00Z,2024-12-27T18:00:00Z
1098,supply,supply,605.77,606.89,2024-12-12T17:00:00Z,2024-12-13T16:00:00Z,2024-12-13T16:00:00Z,expired,2,order_block|volume_profile,order_block:2024-12-12T17:00:00Z|structure_break:2024-12-13T15:00:00Z|volume:VAL:2024-12-05:606.799583,0,1,0,2024-12-16T15:30:00Z,2024-12-16T18:00:00Z,2024-12-24T17:00:00Z
1101,demand,demand,602.88,603.871057479757,2024-12-17T15:00:00Z,2024-12-17T19:00:00Z,2024-12-17T19:00:00Z,expired,3,pivot|repeated_pivot|volume_profile,pivot:2024-12-17T15:00:00Z|volume:POC:2024-12-10:603.582708|pivot:2024-12-17T20:00:00Z,2,1,0,2024-12-17T20:00:00Z,2024-12-18T20:00:00Z,2024-12-30T15:30:00Z
1104,supply,supply,604.61,606.41,2024-12-18T15:00:00Z,2024-12-18T20:00:00Z,2024-12-18T20:00:00Z,expired,5,order_block|pivot|repeated_pivot|role_flip|volume_profile,order_block:2024-12-18T15:00:00Z|structure_break:2024-12-18T19:00:00Z|volume:POC:2024-12-12:605.808750|structure_break:2024-12-18T20:00:00Z|pivot:2025-01-28T20:00:00Z|pivot:2025-01-30T14:30:00Z,2,4,2,2025-01-30T19:00:00Z,2025-01-31T15:30:00Z,2025-02-07T21:00:00Z
1107,demand,demand,580.5,581.9,2024-12-20T14:30:00Z,2024-12-20T18:00:00Z,2025-01-02T21:00:00Z,expired,4,pivot|repeated_pivot|role_flip|volume_profile,pivot:2024-12-20T14:30:00Z|volume:VAL:2025-01-02:580.721458|pivot:2025-01-02T18:00:00Z,2,2,2,2025-01-14T19:00:00Z,2025-01-14T15:30:00Z,2025-02-13T17:00:00Z
1111,demand,demand,590.49,592.03,2024-12-27T17:00:00Z,2024-12-27T21:00:00Z,2024-12-27T21:00:00Z,expired,4,pivot|repeated_pivot|role_flip|volume_profile,pivot:2024-12-27T17:00:00Z|volume:VAH:2024-12-19:591.063542|pivot:2025-01-16T18:00:00Z|pivot:2025-02-03T15:00:00Z,3,4,4,2025-02-03T15:30:00Z,2025-01-15T19:00:00Z,2025-02-20T17:00:00Z
1112,demand,supply,584.32,585.36,2024-12-30T15:00:00Z,2024-12-30T19:00:00Z,2024-12-31T21:00:00Z,expired,4,pivot|repeated_pivot|role_flip|volume_profile,pivot:2024-12-30T15:00:00Z|volume:VAL:2024-12-31:585.067917|pivot:2024-12-31T19:00:00Z|pivot:2025-01-14T14:30:00Z,3,4,1,2025-01-14T15:30:00Z,2025-01-15T15:30:00Z,2025-01-23T21:00:00Z
1114,supply,supply,587.59,588.77,2025-01-02T16:00:00Z,2025-01-02T18:00:00Z,2025-01-02T18:00:00Z,expired,3,order_block|role_flip|volume_profile,order_block:2025-01-02T16:00:00Z|structure_break:2025-01-02T17:00:00Z|volume:VAH:2024-12-31:587.400417,0,2,2,2025-01-08T18:00:00Z,2025-01-08T21:00:00Z,2025-01-17T20:00:00Z
1117,supply,supply,598.51,600.78,2025-01-06T16:00:00Z,2025-01-06T20:00:00Z,2025-01-17T21:00:00Z,expired,4,pivot|repeated_pivot|role_flip|volume_profile,pivot:2025-01-06T16:00:00Z|volume:VAH:2025-01-17:599.125625|pivot:2025-01-29T19:00:00Z|pivot:2025-02-05T15:00:00Z|pivot:2025-02-07T20:00:00Z|pivot:2025-02-12T14:30:00Z|pivot:2025-02-26T16:00:00Z,6,8,6,2025-02-26T16:00:00Z,2025-02-24T16:00:00Z,2025-02-27T16:00:00Z
1118,demand,demand,585.19,586.7138147028414,2025-01-08T17:00:00Z,2025-01-08T21:00:00Z,2025-01-08T21:00:00Z,expired,2,pivot|volume_profile,pivot:2025-01-08T17:00:00Z|volume:POC:2024-12-31:586.622917,1,0,0,,2025-01-10T15:30:00Z,2025-01-17T21:00:00Z
1120,demand,supply,578.35,579.12,2025-01-10T17:00:00Z,2025-01-10T21:00:00Z,2025-01-10T21:00:00Z,expired,4,pivot|repeated_pivot|role_flip|volume_profile,pivot:2025-01-10T17:00:00Z|volume:VAL:2025-01-10:579.630625|pivot:2025-01-14T17:00:00Z,2,2,3,2025-03-04T18:00:00Z,2025-03-04T15:30:00Z,2025-03-04T19:00:00Z
1121,demand,supply,575.35,575.77,2025-01-13T14:30:00Z,2025-01-13T18:00:00Z,2025-03-06T15:30:00Z,expired,3,pivot|role_flip|volume_profile,pivot:2025-01-13T14:30:00Z|volume:POC:2025-03-04:575.808750,1,1,1,2025-03-06T15:30:00Z,2025-03-04T16:00:00Z,2025-03-06T16:00:00Z
1124,supply,supply,591.95,592.97,2025-01-15T15:00:00Z,2025-01-15T19:00:00Z,2025-01-15T19:00:00Z,expired,3,pivot|role_flip|volume_profile,pivot:2025-01-15T15:00:00Z|volume:VAH:2025-01-07:592.493542,1,0,2,2025-01-16T21:00:00Z,2025-01-17T15:30:00Z,2025-01-27T21:00:00Z
1125,supply,supply,593.51,594.35,2025-01-16T16:00:00Z,2025-01-16T20:00:00Z,2025-01-16T20:00:00Z,expired,2,pivot|volume_profile,pivot:2025-01-16T16:00:00Z|volume:VAH:2025-01-15:593.841042,1,0,0,,2025-01-17T15:30:00Z,2025-01-27T21:00:00Z
1128,demand,demand,605.41,605.86,2025-01-23T14:30:00Z,2025-01-23T18:00:00Z,2025-01-23T21:00:00Z,expired,4,pivot|repeated_pivot|role_flip|volume_profile,pivot:2025-01-23T14:30:00Z|volume:VAL:2025-01-23:606.135417|pivot:2025-02-11T19:00:00Z,2,2,4,2025-02-21T16:00:00Z,2025-02-21T18:00:00Z,2025-03-03T17:00:00Z
1129,supply,supply,609.46,610.99,2025-01-24T14:30:00Z,2025-01-24T18:00:00Z,2025-01-31T15:30:00Z,expired,5,order_block|pivot|repeated_pivot|role_flip|volume_profile,pivot:2025-01-24T14:30:00Z|volume:VAH:2025-01-24:609.536250|pivot:2025-01-31T16:00:00Z|pivot:2025-02-14T15:00:00Z|pivot:2025-02-20T20:00:00Z|order_block:2025-02-20T20:00:00Z|structure_break:2025-02-21T17:00:00Z,4,2,2,2025-02-20T20:00:00Z,2025-02-20T15:30:00Z,2025-03-14T20:00:00Z
1130,demand,demand,594.64,594.9148488118815,2025-01-27T14:30:00Z,2025-01-27T18:00:00Z,,expired,1,pivot,pivot:2025-01-27T14:30:00Z,1,0,0,,2025-02-03T15:30:00Z,2025-02-10T21:00:00Z
1136,supply,supply,601.48,602.3,2025-02-04T19:00:00Z,2025-02-05T16:00:00Z,2025-02-05T16:00:00Z,expired,3,pivot|role_flip|volume_profile,pivot:2025-02-04T19:00:00Z|volume:VAL:2025-01-30:602.059792,1,3,4,2025-02-24T18:00:00Z,2025-02-21T20:00:00Z,2025-03-26T18:00:00Z
1138,supply,demand,605.8559009757417,606.1,2025-02-06T14:30:00Z,2025-02-06T18:00:00Z,2025-02-13T16:00:00Z,expired,3,pivot|role_flip|volume_profile,pivot:2025-02-06T14:30:00Z|volume:VAH:2025-02-06:606.061042,1,2,1,2025-02-21T16:00:00Z,2025-02-21T18:00:00Z,2025-03-03T17:00:00Z
1139,demand,supply,602.63,604.7161502559992,2025-02-06T19:00:00Z,2025-02-06T21:00:00Z,2025-02-06T21:00:00Z,expired,3,order_block|role_flip|volume_profile,order_block:2025-02-06T19:00:00Z|structure_break:2025-02-06T20:00:00Z|volume:POC:2025-01-30:603.286875,0,3,5,2025-02-24T15:30:00Z,2025-02-21T19:00:00Z,2025-03-28T16:00:00Z
1140,supply,supply,607.02,608.13,2025-02-07T14:30:00Z,2025-02-07T18:00:00Z,2025-02-07T18:00:00Z,expired,4,pivot|repeated_pivot|role_flip|volume_profile,pivot:2025-02-07T14:30:00Z|volume:VAH:2025-01-31:607.918125|pivot:2025-02-13T15:00:00Z|pivot:2025-02-20T15:00:00Z,3,0,2,2025-02-21T17:00:00Z,2025-02-21T16:00:00Z,2025-03-28T20:00:00Z
1142,supply,demand,604.87,605.5,2025-02-10T15:00:00Z,2025-02-10T19:00:00Z,2025-02-10T19:00:00Z,expired,4,pivot|repeated_pivot|role_flip|volume_profile,pivot:2025-02-10T15:00:00Z|volume:POC:2025-02-06:605.103542|pivot:2025-02-10T19:00:00Z,2,4,1,2025-02-13T19:00:00Z,2025-02-21T18:00:00Z,2025-03-03T17:00:00Z
1144,demand,demand,602.43,602.6564054306834,2025-02-11T14:30:00Z,2025-02-11T18:00:00Z,2025-02-11T18:00:00Z,expired,2,pivot|volume_profile,pivot:2025-02-11T14:30:00Z|volume:POC:2025-02-05:602.801875,1,0,0,,2025-02-12T15:30:00Z,2025-02-20T21:00:00Z
1149,supply,demand,610.8185495750307,611.0,2025-02-18T14:30:00Z,2025-02-18T18:00:00Z,2025-02-19T17:00:00Z,expired,3,pivot|role_flip|volume_profile,pivot:2025-02-18T14:30:00Z|volume:VAH:2025-02-18:610.817500,1,0,1,2025-02-19T17:00:00Z,2025-02-20T15:30:00Z,2025-02-27T21:00:00Z
1150,demand,supply,608.38,609.2141432979776,2025-02-18T19:00:00Z,2025-02-19T16:00:00Z,2025-02-19T16:00:00Z,expired,3,pivot|role_flip|volume_profile,pivot:2025-02-18T19:00:00Z|volume:POC:2025-02-13:608.957083,1,1,1,2025-02-20T17:00:00Z,2025-02-20T20:00:00Z,2025-02-28T19:00:00Z
1151,supply,supply,613.0170607538693,613.23,2025-02-19T19:00:00Z,2025-02-20T16:00:00Z,2025-02-20T16:00:00Z,expired,2,pivot|volume_profile,pivot:2025-02-19T19:00:00Z|volume:VAH:2025-02-19:613.153542,1,0,0,,,2025-04-09T18:00:00Z
1155,demand,supply,596.49,597.6888573978865,2025-02-24T15:00:00Z,2025-02-24T19:00:00Z,2025-02-24T21:00:00Z,expired,3,pivot|role_flip|volume_profile,pivot:2025-02-24T15:00:00Z|volume:VAL:2025-02-24:596.626250,1,1,1,2025-02-25T21:00:00Z,2025-02-26T16:00:00Z,2025-03-06T15:30:00Z
1156,demand,supply,589.56,592.2676664437001,2025-02-25T16:00:00Z,2025-02-25T20:00:00Z,2025-02-27T19:00:00Z,expired,4,pivot|repeated_pivot|role_flip|volume_profile,pivot:2025-02-25T16:00:00Z|pivot:2025-02-27T15:00:00Z|volume:VAL:2025-02-26:592.011042,2,1,1,2025-03-03T19:00:00Z,2025-02-27T20:00:00Z,2025-04-15T15:00:00Z
1159,supply,supply,593.44,595.16,2025-02-27T18:00:00Z,2025-02-27T20:00:00Z,2025-02-27T20:00:00Z,expired,2,order_block|volume_profile,order_block:2025-02-27T18:00:00Z|structure_break:2025-02-27T19:00:00Z|volume:POC:2025-02-25:593.551458|structure_break:2025-02-27T20:00:00Z,0,1,0,2025-02-28T21:00:00Z,,2025-04-17T15:00:00Z
1161,demand,supply,582.44,585.39,2025-02-28T14:30:00Z,2025-02-28T18:00:00Z,2025-02-28T21:00:00Z,expired,4,pivot|repeated_pivot|role_flip|volume_profile,pivot:2025-02-28T14:30:00Z|volume:VAL:2025-02-28:583.207500|pivot:2025-02-28T18:00:00Z|pivot:2025-03-04T20:00:00Z|pivot:2025-03-05T20:00:00Z,4,3,1,2025-03-05T20:00:00Z,2025-03-04T15:30:00Z,2025-04-17T20:00:00Z
1163,supply,supply,596.18,597.34,2025-03-03T14:30:00Z,2025-03-03T18:00:00Z,2025-03-03T18:00:00Z,expired,2,pivot|volume_profile,pivot:2025-03-03T14:30:00Z|volume:VAL:2025-02-24:596.626250,1,0,0,,,2025-04-21T20:00:00Z
1164,demand,supply,572.25,575.5364975072032,2025-03-04T15:00:00Z,2025-03-04T19:00:00Z,2025-03-04T21:00:00Z,expired,4,pivot|repeated_pivot|role_flip|volume_profile,pivot:2025-03-04T15:00:00Z|volume:VAL:2025-03-04:573.618750|pivot:2025-03-05T16:00:00Z,2,3,1,2025-03-07T18:00:00Z,2025-03-07T21:00:00Z,2025-03-17T19:00:00Z
1168,demand,supply,564.94,567.42,2025-03-07T16:00:00Z,2025-03-07T20:00:00Z,2025-03-10T20:00:00Z,expired,4,pivot|repeated_pivot|role_flip|volume_profile,pivot:2025-03-07T16:00:00Z|volume:VAH:2025-03-10:565.180625|pivot:2025-03-17T13:30:00Z|pivot:2025-03-27T13:30:00Z|pivot:2025-04-02T17:00:00Z,4,6,5,2025-04-02T20:00:00Z,2025-03-28T14:30:00Z,2025-04-28T15:00:00Z
1169,supply,supply,575.19,577.39,2025-03-07T20:00:00Z,2025-03-10T16:00:00Z,2025-03-10T16:00:00Z,expired,3,pivot|repeated_pivot|volume_profile,pivot:2025-03-07T20:00:00Z|volume:VAL:2025-03-05:577.252708|pivot:2025-03-25T14:00:00Z|pivot:2025-03-26T13:30:00Z,3,2,0,2025-03-26T14:30:00Z,,2025-04-28T19:00:00Z
1170,demand,supply,552.02,554.28,2025-03-11T17:00:00Z,2025-03-12T14:30:00Z,2025-03-12T14:30:00Z,expired,3,pivot|role_flip|volume_profile,pivot:2025-03-11T17:00:00Z|volume:VAL:2025-03-11:554.270000,1,2,1,2025-03-13T20:00:00Z,2025-03-14T14:30:00Z,2025-03-21T20:00:00Z
1171,supply,supply,561.55,564.02,2025-03-11T19:00:00Z,2025-03-12T16:00:00Z,2025-03-12T16:00:00Z,expired,3,pivot|role_flip|volume_profile,pivot:2025-03-11T19:00:00Z|volume:POC:2025-03-10:563.436875,1,5,4,2025-03-21T16:00:00Z,2025-03-21T20:00:00Z,2025-03-31T19:00:00Z
1172,demand,demand,549.68,550.2674858661596,2025-03-13T17:00:00Z,2025-03-14T14:30:00Z,2025-03-14T14:30:00Z,expired,2,pivot|volume_profile,pivot:2025-03-13T17:00:00Z|volume:VAL:2025-03-13:550.269375,1,1,0,2025-03-31T14:30:00Z,2025-04-03T14:30:00Z,2025-04-10T20:00:00Z
1174,supply,supply,569.1113283367962,570.95,2025-03-17T18:00:00Z,2025-03-18T15:00:00Z,2025-03-18T15:00:00Z,expired,3,pivot|repeated_pivot|volume_profile,pivot:2025-03-17T18:00:00Z|volume:VAH:2025-03-17:569.250000|pivot:2025-03-19T19:00:00Z,2,2,0,2025-03-20T15:00:00Z,2025-03-24T14:30:00Z,2025-03-31T20:00:00Z
1175,demand,demand,558.03,559.85,2025-03-18T15:00:00Z,2025-03-18T19:00:00Z,2025-03-18T19:00:00Z,expired,4,pivot|repeated_pivot|role_flip|volume_profile,pivot:2025-03-18T15:00:00Z|volume:VAL:2025-03-14:559.838542|pivot:2025-03-21T14:00:00Z,2,2,2,2025-04-01T17:00:00Z,2025-04-01T19:00:00Z,2025-04-09T18:00:00Z
1176,demand,supply,562.72,564.95,2025-03-19T17:00:00Z,2025-03-19T19:00:00Z,2025-03-19T19:00:00Z,expired,3,order_block|role_flip|volume_profile,order_block:2025-03-19T17:00:00Z|structure_break:2025-03-19T18:00:00Z|volume:VAH:2025-03-14:563.656458,0,4,3,2025-04-02T16:00:00Z,2025-04-02T17:00:00Z,2025-04-10T16:00:00Z
1182,supply,supply,569.8861526331663,570.9,2025-03-27T15:00:00Z,2025-03-27T19:00:00Z,2025-04-02T15:00:00Z,expired,3,pivot|repeated_pivot|volume_profile,pivot:2025-03-27T15:00:00Z|volume:VAH:2025-03-27:569.534167|pivot:2025-05-08T16:00:00Z,2,0,0,,2025-05-12T14:30:00Z,2025-05-19T20:00:00Z
1183,supply,supply,566.65,569.19,2025-03-27T18:00:00Z,2025-03-28T15:00:00Z,2025-03-28T15:00:00Z,expired,3,order_block|pivot|volume_profile,order_block:2025-03-27T18:00:00Z|structure_break:2025-03-28T14:00:00Z|volume:VAH:2025-03-20:567.747292|pivot:2025-05-02T18:00:00Z,1,4,0,2025-05-08T16:00:00Z,2025-05-08T17:00:00Z,2025-05-16T16:00:00Z
1184,demand,demand,546.87,548.5073584292953,2025-03-31T13:30:00Z,2025-03-31T17:00:00Z,,expired,1,pivot,pivot:2025-03-31T13:30:00Z,1,0,0,,2025-04-03T14:30:00Z,2025-04-10T20:00:00Z
1185,supply,demand,561.59,562.94,2025-04-01T16:00:00Z,2025-04-01T20:00:00Z,2025-04-01T20:00:00Z,expired,3,pivot|role_flip|volume_profile,pivot:2025-04-01T16:00:00Z|volume:VAH:2025-04-01:561.589583,1,1,1,2025-04-02T20:00:00Z,2025-04-03T14:30:00Z,2025-04-10T20:00:00Z
1186,demand,demand,554.81,555.2340026184121,2025-04-02T13:30:00Z,2025-04-02T17:00:00Z,2025-04-02T17:00:00Z,expired,2,pivot|volume_profile,pivot:2025-04-02T13:30:00Z|volume:VAL:2025-03-28:555.303333,1,0,0,,2025-04-03T14:30:00Z,2025-04-10T20:00:00Z
1188,demand,demand,539.58,540.2,2025-04-03T15:00:00Z,2025-04-03T19:00:00Z,2025-04-09T19:00:00Z,expired,3,pivot|role_flip|volume_profile,pivot:2025-04-03T15:00:00Z|volume:VAL:2025-04-03:539.898125,1,0,6,2025-04-24T15:00:00Z,2025-04-23T14:30:00Z,2025-05-23T15:00:00Z
1189,supply,demand,540.2,546.33,2025-04-03T15:00:00Z,2025-04-04T15:00:00Z,2025-04-04T15:00:00Z,expired,5,order_block|pivot|repeated_pivot|role_flip|volume_profile,order_block:2025-04-03T15:00:00Z|structure_break:2025-04-04T14:00:00Z|volume:POC:2025-04-03:541.743125|pivot:2025-04-09T19:00:00Z|pivot:2025-04-14T13:30:00Z|pivot:2025-04-15T14:00:00Z,3,6,1,2025-04-30T14:30:00Z,2025-04-25T16:00:00Z,2025-05-23T18:00:00Z
1190,demand,demand,481.8,487.2030366953266,2025-04-07T13:30:00Z,2025-04-07T17:00:00Z,2025-04-08T20:00:00Z,expired,2,pivot|volume_profile,pivot:2025-04-07T13:30:00Z|volume:VAL:2025-04-08:489.906250,1,0,0,,,2025-05-27T20:00:00Z
1191,supply,demand,517.6119302114824,524.98,2025-04-07T14:00:00Z,2025-04-07T18:00:00Z,2025-04-07T18:00:00Z,expired,4,pivot|repeated_pivot|role_flip|volume_profile,pivot:2025-04-07T14:00:00Z|volume:VAH:2025-04-04:517.632708|pivot:2025-04-08T14:00:00Z,2,4,1,2025-04-21T14:30:00Z,2025-04-21T15:00:00Z,2025-04-29T14:30:00Z
1193,demand,demand,489.16,499.86,2025-04-08T19:00:00Z,2025-04-09T16:00:00Z,2025-04-09T16:00:00Z,expired,3,order_block|pivot|volume_profile,pivot:2025-04-08T19:00:00Z|volume:VAL:2025-04-07:493.004375|order_block:2025-04-09T14:00:00Z|structure_break:2025-04-09T17:00:00Z,1,0,0,,,2025-05-29T19:00:00Z
1196,demand,supply,509.32,515.5561614390862,2025-04-10T16:00:00Z,2025-04-10T20:00:00Z,2025-04-10T20:00:00Z,expired,3,pivot|role_flip|volume_profile,pivot:2025-04-10T16:00:00Z|volume:POC:2025-04-04:514.164375,1,1,1,2025-04-21T19:00:00Z,2025-04-22T14:30:00Z,2025-04-29T20:00:00Z
1199,supply,supply,529.58,532.96,2025-04-16T14:00:00Z,2025-04-16T18:00:00Z,2025-04-16T18:00:00Z,expired,3,order_block|pivot|volume_profile,order_block:2025-04-16T14:00:00Z|structure_break:2025-04-16T17:00:00Z|volume:VAH:2025-04-10:529.973750|pivot:2025-04-17T18:00:00Z,1,1,0,2025-04-17T17:00:00Z,2025-04-23T14:30:00Z,2025-04-30T20:00:00Z
1200,demand,demand,520.29,522.83,2025-04-16T19:00:00Z,2025-04-17T16:00:00Z,2025-04-17T16:00:00Z,expired,2,pivot|volume_profile,pivot:2025-04-16T19:00:00Z|volume:VAL:2025-04-16:524.303750,1,0,0,,2025-04-21T14:30:00Z,2025-04-28T20:00:00Z
1202,demand,demand,508.46,509.01290561934684,2025-04-21T18:00:00Z,2025-04-22T15:00:00Z,2025-04-22T15:00:00Z,expired,2,pivot|volume_profile,pivot:2025-04-21T18:00:00Z|volume:VAL:2025-04-21:508.735833,1,0,0,,,2025-06-10T18:00:00Z
1203,supply,supply,527.56,529.31,2025-04-22T16:00:00Z,2025-04-22T20:00:00Z,2025-04-22T20:00:00Z,expired,2,pivot|volume_profile,pivot:2025-04-22T16:00:00Z|volume:POC:2025-04-17:528.598750,1,0,0,,2025-04-23T14:30:00Z,2025-04-30T20:00:00Z
1204,supply,demand,543.6,546.46,2025-04-23T14:00:00Z,2025-04-23T18:00:00Z,2025-04-23T18:00:00Z,expired,4,pivot|repeated_pivot|role_flip|volume_profile,pivot:2025-04-23T14:00:00Z|volume:VAH:2025-04-14:543.194583|pivot:2025-04-28T17:00:00Z,2,2,1,2025-04-28T18:00:00Z,2025-04-30T14:30:00Z,2025-05-07T20:00:00Z
1205,demand,demand,533.88,535.41,2025-04-23T19:00:00Z,2025-04-24T16:00:00Z,2025-04-24T16:00:00Z,expired,2,pivot|volume_profile,pivot:2025-04-23T19:00:00Z|volume:VAH:2025-04-16:534.801250,1,0,0,,,2025-06-12T19:00:00Z
1206,supply,demand,551.6098213214572,553.55,2025-04-28T13:30:00Z,2025-04-28T17:00:00Z,2025-04-28T20:00:00Z,expired,3,pivot|role_flip|volume_profile,pivot:2025-04-28T13:30:00Z|volume:VAH:2025-04-28:552.306042,1,1,1,2025-04-30T20:00:00Z,2025-04-29T18:00:00Z,2025-06-16T20:00:00Z
1208,supply,supply,551.3216843086802,555.1,2025-04-29T17:00:00Z,2025-04-30T14:30:00Z,2025-04-30T14:30:00Z,expired,2,order_block|volume_profile,order_block:2025-04-29T17:00:00Z|structure_break:2025-04-30T13:30:00Z|volume:VAH:2025-04-28:552.306042,0,1,0,2025-04-30T19:00:00Z,2025-05-01T14:30:00Z,2025-05-08T20:00:00Z
1209,supply,supply,554.34,555.45,2025-04-29T19:00:00Z,2025-04-30T16:00:00Z,2025-04-30T16:00:00Z,expired,2,pivot|volume_profile,pivot:2025-04-29T19:00:00Z|volume:VAH:2025-04-29:555.306250,1,1,0,2025-04-30T20:00:00Z,2025-05-01T14:30:00Z,2025-05-08T20:00:00Z
1210,demand,demand,541.52,541.9738400688263,2025-04-30T13:30:00Z,2025-04-30T17:00:00Z,2025-04-30T17:00:00Z,expired,2,pivot|volume_profile,pivot:2025-04-30T13:30:00Z|volume:VAH:2025-04-23:541.339375,1,0,0,,,2025-06-18T20:00:00Z
1211,supply,demand,562.76,564.56,2025-05-01T15:00:00Z,2025-05-01T19:00:00Z,2025-05-05T20:00:00Z,expired,4,pivot|repeated_pivot|role_flip|volume_profile,pivot:2025-05-01T15:00:00Z|volume:VAL:2025-05-05:563.246875|pivot:2025-05-09T14:00:00Z,2,2,3,2025-05-09T15:00:00Z,2025-05-08T16:00:00Z,2025-06-23T15:00:00Z
1212,demand,demand,557.86,558.46,2025-05-01T19:00:00Z,2025-05-02T16:00:00Z,2025-05-02T16:00:00Z,expired,2,pivot|volume_profile,pivot:2025-05-01T19:00:00Z|volume:VAL:2025-05-01:559.024375,1,0,0,,2025-05-06T14:30:00Z,2025-05-13T20:00:00Z
1214,demand,demand,561.7,564.14,2025-05-05T13:30:00Z,2025-05-05T17:00:00Z,2025-05-05T17:00:00Z,expired,4,order_block|pivot|role_flip|volume_profile,pivot:2025-05-05T13:30:00Z|volume:VAH:2025-05-01:561.870625|order_block:2025-05-08T14:00:00Z|structure_break:2025-05-08T15:00:00Z,1,3,2,2025-05-09T15:00:00Z,2025-05-08T14:30:00Z,2025-06-24T20:00:00Z
1215,supply,supply,565.79,566.65,2025-05-05T18:00:00Z,2025-05-06T15:00:00Z,2025-05-06T15:00:00Z,expired,3,pivot|role_flip|volume_profile,pivot:2025-05-05T18:00:00Z|volume:POC:2025-05-02:566.505000,1,0,2,2025-05-09T20:00:00Z,2025-05-12T14:30:00Z,2025-05-19T20:00:00Z
1216,demand,demand,556.04,557.9485156354723,2025-05-06T13:30:00Z,2025-05-06T17:00:00Z,2025-05-08T15:00:00Z,expired,3,pivot|repeated_pivot|volume_profile,pivot:2025-05-06T13:30:00Z|pivot:2025-05-07T18:00:00Z|volume:VAL:2025-05-07:558.471250,2,1,0,2025-05-07T19:00:00Z,,2025-06-25T20:00:00Z
1221,supply,supply,581.2714682610389,581.73,2025-05-12T13:30:00Z,2025-05-12T17:00:00Z,,expired,1,pivot,pivot:2025-05-12T13:30:00Z,1,1,0,2025-05-12T18:00:00Z,2025-05-12T20:00:00Z,2025-05-20T19:00:00Z
1222,supply,demand,588.09,589.08,2025-05-13T19:00:00Z,2025-05-14T16:00:00Z,2025-05-14T16:00:00Z,expired,4,pivot|repeated_pivot|role_flip|volume_profile,pivot:2025-05-13T19:00:00Z|volume:VAH:2025-05-13:588.690000|pivot:2025-05-19T13:30:00Z|pivot:2025-05-21T13:30:00Z,3,7,7,2025-06-02T15:00:00Z,2025-05-30T20:00:00Z,2025-07-07T15:00:00Z
1223,demand,demand,585.09,585.56,2025-05-15T13:30:00Z,2025-05-15T17:00:00Z,2025-05-22T15:00:00Z,expired,3,pivot|role_flip|volume_profile,pivot:2025-05-15T13:30:00Z|volume:VAL:2025-05-21:584.734167,1,3,2,2025-05-27T18:00:00Z,2025-05-30T17:00:00Z,2025-06-09T16:00:00Z
1224,supply,supply,594.2058476093003,594.5,2025-05-16T19:00:00Z,2025-05-19T16:00:00Z,2025-05-19T16:00:00Z,expired,2,pivot|volume_profile,pivot:2025-05-16T19:00:00Z|volume:VAH:2025-05-16:594.391250,1,1,0,2025-05-19T17:00:00Z,2025-05-19T20:00:00Z,2025-05-28T19:00:00Z
1226,supply,supply,594.54,595.54,2025-05-19T17:00:00Z,2025-05-20T14:30:00Z,2025-05-20T14:30:00Z,expired,3,pivot|role_flip|volume_profile,pivot:2025-05-19T17:00:00Z|volume:VAH:2025-05-19:595.384792,1,2,2,2025-06-05T20:00:00Z,2025-06-06T14:30:00Z,2025-06-13T20:00:00Z
1228,supply,demand,590.66,593.2,2025-05-21T15:00:00Z,2025-05-21T18:00:00Z,2025-05-21T18:00:00Z,expired,5,order_block|pivot|repeated_pivot|role_flip|volume_profile,order_block:2025-05-21T15:00:00Z|structure_break:2025-05-21T17:00:00Z|volume:VAH:2025-05-15:590.847500|pivot:2025-05-28T13:30:00Z|pivot:2025-05-29T13:30:00Z|pivot:2025-06-05T19:00:00Z,3,7,1,2025-06-23T17:00:00Z,2025-06-03T15:00:00Z,2025-07-14T17:00:00Z
1229,demand,demand,581.4,584.4,2025-05-22T13:30:00Z,2025-05-22T17:00:00Z,2025-05-22T20:00:00Z,expired,4,pivot|repeated_pivot|role_flip|volume_profile,pivot:2025-05-22T13:30:00Z|volume:VAL:2025-05-22:582.596250|pivot:2025-05-30T16:00:00Z,2,2,2,2025-05-27T18:00:00Z,2025-05-27T14:30:00Z,2025-07-15T16:00:00Z
1230,supply,demand,585.85,587.18,2025-05-22T19:00:00Z,2025-05-23T16:00:00Z,2025-05-23T16:00:00Z,expired,4,pivot|repeated_pivot|role_flip|volume_profile,pivot:2025-05-22T19:00:00Z|volume:VAH:2025-05-22:585.206250|pivot:2025-05-29T16:00:00Z,2,3,1,2025-05-30T14:30:00Z,2025-05-30T17:00:00Z,2025-06-09T16:00:00Z
1231,demand,demand,575.6,575.98,2025-05-23T13:30:00Z,2025-05-23T17:00:00Z,,expired,1,pivot,pivot:2025-05-23T13:30:00Z,1,0,0,,,2025-07-16T16:00:00Z
1232,demand,demand,578.43,580.1802115839588,2025-05-27T17:00:00Z,2025-05-28T14:30:00Z,2025-05-28T14:30:00Z,expired,2,pivot|volume_profile,pivot:2025-05-27T17:00:00Z|volume:POC:2025-05-23:578.839583,1,0,0,,,2025-07-17T20:00:00Z
1237,supply,demand,589.4343949325831,591.13,2025-05-30T19:00:00Z,2025-06-02T16:00:00Z,2025-06-02T16:00:00Z,expired,3,pivot|role_flip|volume_profile,pivot:2025-05-30T19:00:00Z|volume:POC:2025-05-27:590.505000,1,1,1,2025-06-05T20:00:00Z,2025-06-02T19:00:00Z,2025-07-23T15:00:00Z
1238,supply,supply,595.48,597.95,2025-06-04T13:30:00Z,2025-06-04T17:00:00Z,2025-06-04T17:00:00Z,expired,5,order_block|pivot|repeated_pivot|role_flip|volume_profile,pivot:2025-06-04T13:30:00Z|volume:VAH:2025-06-03:596.971042|order_block:2025-06-04T17:00:00Z|structure_break:2025-06-05T13:30:00Z|pivot:2025-06-13T14:00:00Z|pivot:2025-06-13T19:00:00Z,3,6,2,2025-06-23T14:30:00Z,2025-06-23T18:00:00Z,2025-07-01T17:00:00Z
1240,demand,demand,593.91,594.29,2025-06-05T13:30:00Z,2025-06-05T17:00:00Z,2025-06-05T17:00:00Z,expired,2,pivot|volume_profile,pivot:2025-06-05T13:30:00Z|volume:VAL:2025-06-03:594.791875,1,1,0,2025-06-05T19:00:00Z,2025-06-05T20:00:00Z,2025-06-13T19:00:00Z
1241,supply,supply,597.27,599.0,2025-06-05T15:00:00Z,2025-06-05T19:00:00Z,2025-06-13T14:30:00Z,expired,4,order_block|pivot|role_flip|volume_profile,pivot:2025-06-05T15:00:00Z|volume:POC:2025-06-06:598.927708|order_block:2025-06-18T19:00:00Z|structure_break:2025-06-20T14:00:00Z,1,4,6,2025-06-23T18:00:00Z,2025-06-23T20:00:00Z,2025-07-01T19:00:00Z
1243,supply,supply,599.09,600.83,2025-06-06T13:30:00Z,2025-06-06T17:00:00Z,2025-06-06T20:00:00Z,expired,4,pivot|repeated_pivot|role_flip|volume_profile,pivot:2025-06-06T13:30:00Z|volume:VAH:2025-06-06:600.251042|pivot:2025-06-10T15:00:00Z|pivot:2025-06-11T18:00:00Z|pivot:2025-06-17T13:30:00Z,4,7,4,2025-06-23T18:00:00Z,2025-06-24T14:30:00Z,2025-07-01T20:00:00Z
1245,supply,supply,603.92,605.06,2025-06-11T14:00:00Z,2025-06-11T18:00:00Z,2025-06-11T20:00:00Z,expired,3,pivot|repeated_pivot|volume_profile,pivot:2025-06-11T14:00:00Z|volume:VAH:2025-06-11:604.939375|pivot:2025-06-16T14:00:00Z,2,1,0,2025-06-24T14:30:00Z,2025-06-24T16:00:00Z,2025-07-02T15:00:00Z
1247,supply,demand,603.4516144570921,603.72,2025-06-12T19:00:00Z,2025-06-13T16:00:00Z,2025-06-13T16:00:00Z,expired,3,pivot|role_flip|volume_profile,pivot:2025-06-12T19:00:00Z|volume:VAH:2025-06-12:603.632500,1,0,1,2025-06-24T15:00:00Z,2025-06-16T15:00:00Z,2025-08-05T15:00:00Z
1252,demand,supply,596.76,597.9217673263574,2025-06-17T18:00:00Z,2025-06-18T15:00:00Z,2025-06-18T15:00:00Z,expired,3,pivot|role_flip|volume_profile,pivot:2025-06-17T18:00:00Z|volume:POC:2025-06-13:597.736042,1,1,1,2025-06-23T15:00:00Z,2025-06-23T18:00:00Z,2025-07-01T17:00:00Z
1254,demand,demand,591.89,594.04,2025-06-20T17:00:00Z,2025-06-23T14:30:00Z,2025-06-23T14:30:00Z,expired,3,pivot|repeated_pivot|volume_profile,pivot:2025-06-20T17:00:00Z|volume:VAL:2025-06-20:593.272500|pivot:2025-06-23T16:00:00Z,2,1,0,2025-06-23T17:00:00Z,,2025-08-11T20:00:00Z
1255,demand,demand,591.89,594.5510838142202,2025-06-23T16:00:00Z,2025-06-23T18:00:00Z,2025-06-23T18:00:00Z,expired,2,order_block|volume_profile,order_block:2025-06-23T16:00:00Z|structure_break:2025-06-23T17:00:00Z|volume:POC:2025-06-20:594.097500,0,0,0,,,2025-08-12T17:00:00Z
1257,supply,supply,608.16,608.61,2025-06-25T13:30:00Z,2025-06-25T17:00:00Z,2025-06-25T17:00:00Z,expired,2,pivot|volume_profile,pivot:2025-06-25T13:30:00Z|volume:VAH:2025-06-24:607.757500,1,0,0,,2025-06-26T14:30:00Z,2025-07-07T16:00:00Z
1258,demand,demand,605.54,606.24,2025-06-25T17:00:00Z,2025-06-26T14:30:00Z,2025-06-26T14:30:00Z,expired,2,pivot|volume_profile,pivot:2025-06-25T17:00:00Z|volume:VAL:2025-06-25:606.371458,1,0,0,,,2025-08-14T20:00:00Z
1259,supply,demand,615.97,616.39,2025-06-27T16:00:00Z,2025-06-27T20:00:00Z,2025-06-27T20:00:00Z,expired,3,pivot|role_flip|volume_profile,pivot:2025-06-27T16:00:00Z|volume:VAH:2025-06-27:615.810833,1,2,1,2025-07-01T14:30:00Z,2025-06-30T17:00:00Z,2025-08-18T19:00:00Z
1260,demand,demand,610.83,611.19,2025-06-27T18:00:00Z,2025-06-30T15:00:00Z,2025-06-30T15:00:00Z,expired,2,pivot|volume_profile,pivot:2025-06-27T18:00:00Z|volume:POC:2025-06-26:611.242917,1,0,0,,,2025-08-19T14:30:00Z
1261,supply,demand,617.2745749394427,617.49,2025-06-30T13:30:00Z,2025-06-30T17:00:00Z,2025-07-01T18:00:00Z,expired,3,pivot|role_flip|volume_profile,pivot:2025-06-30T13:30:00Z|volume:VAH:2025-06-30:617.739583,1,1,1,2025-07-01T20:00:00Z,2025-06-30T20:00:00Z,2025-08-19T16:00:00Z
1262,supply,demand,617.87,619.22,2025-06-30T19:00:00Z,2025-07-01T16:00:00Z,2025-07-01T16:00:00Z,expired,4,pivot|repeated_pivot|role_flip|volume_profile,pivot:2025-06-30T19:00:00Z|volume:VAH:2025-06-30:617.739583|pivot:2025-07-07T18:00:00Z|pivot:2025-07-16T15:00:00Z,3,4,1,2025-07-16T16:00:00Z,2025-07-02T17:00:00Z,2025-08-20T15:00:00Z
1263,supply,demand,625.9,626.28,2025-07-03T16:00:00Z,2025-07-07T16:00:00Z,2025-07-07T16:00:00Z,expired,3,pivot|role_flip|volume_profile,pivot:2025-07-03T16:00:00Z|volume:VAH:2025-07-03:626.199792,1,1,1,2025-07-22T14:30:00Z,2025-08-01T14:30:00Z,2025-08-08T20:00:00Z
1265,supply,demand,621.2365542468508,622.602257395006,2025-07-08T16:00:00Z,2025-07-08T20:00:00Z,2025-07-08T20:00:00Z,expired,4,pivot|repeated_pivot|role_flip|volume_profile,pivot:2025-07-08T16:00:00Z|volume:VAH:2025-07-07:622.105000|pivot:2025-07-11T13:30:00Z|pivot:2025-07-14T13:30:00Z,3,4,1,2025-08-01T14:30:00Z,2025-08-01T18:00:00Z,2025-08-11T17:00:00Z
1266,supply,supply,624.25,624.72,2025-07-09T13:30:00Z,2025-07-09T17:00:00Z,2025-07-09T17:00:00Z,expired,3,pivot|role_flip|volume_profile,pivot:2025-07-09T13:30:00Z|volume:VAL:2025-07-03:624.595625,1,2,2,2025-07-16T19:00:00Z,2025-07-17T14:30:00Z,2025-07-24T20:00:00Z
1267,supply,demand,626.19,626.88,2025-07-10T18:00:00Z,2025-07-11T15:00:00Z,2025-07-11T15:00:00Z,expired,4,pivot|repeated_pivot|role_flip|volume_profile,pivot:2025-07-10T18:00:00Z|volume:VAH:2025-07-10:626.799375|pivot:2025-07-18T17:00:00Z|pivot:2025-07-22T13:30:00Z,3,3,1,2025-07-22T14:30:00Z,2025-08-01T14:30:00Z,2025-08-08T20:00:00Z
1269,supply,supply,624.49,624.86,2025-07-11T18:00:00Z,2025-07-14T15:00:00Z,2025-07-14T15:00:00Z,expired,3,pivot|role_flip|volume_profile,pivot:2025-07-11T18:00:00Z|volume:VAL:2025-07-03:624.595625,1,1,2,2025-08-01T17:00:00Z,2025-08-04T14:30:00Z,2025-08-11T20:00:00Z
1271,supply,demand,627.51,627.86,2025-07-15T13:30:00Z,2025-07-15T17:00:00Z,2025-07-17T20:00:00Z,expired,3,pivot|role_flip|volume_profile,pivot:2025-07-15T13:30:00Z|volume:POC:2025-07-17:627.616875,1,2,3,2025-07-22T15:00:00Z,2025-08-01T14:30:00Z,2025-08-08T20:00:00Z
1273,supply,supply,629.283795104737,629.47,2025-07-18T13:30:00Z,2025-07-18T17:00:00Z,,expired,1,pivot,pivot:2025-07-18T13:30:00Z,1,0,0,,2025-07-21T14:30:00Z,2025-07-28T20:00:00Z
1275,supply,demand,631.18,632.637724886699,2025-07-21T15:00:00Z,2025-07-21T19:00:00Z,2025-07-21T20:00:00Z,expired,4,pivot|repeated_pivot|role_flip|volume_profile,pivot:2025-07-21T15:00:00Z|volume:VAH:2025-07-21:631.473333|pivot:2025-07-30T19:00:00Z|pivot:2025-08-05T13:30:00Z,3,4,3,2025-08-07T15:00:00Z,2025-08-07T18:00:00Z,2025-08-15T17:00:00Z
1277,supply,demand,634.66,636.15,2025-07-24T18:00:00Z,2025-07-25T15:00:00Z,2025-07-25T15:00:00Z,expired,4,pivot|repeated_pivot|role_flip|volume_profile,pivot:2025-07-24T18:00:00Z|volume:VAH:2025-07-24:635.745000|pivot:2025-07-28T18:00:00Z|pivot:2025-08-11T19:00:00Z,3,6,5,2025-08-20T14:30:00Z,2025-08-20T15:00:00Z,2025-08-28T14:30:00Z
1278,supply,supply,637.44,638.04,2025-07-28T14:00:00Z,2025-07-28T18:00:00Z,2025-07-28T18:00:00Z,expired,2,pivot|volume_profile,pivot:2025-07-28T14:00:00Z|volume:VAH:2025-07-25:637.522917,1,2,0,2025-07-30T19:00:00Z,2025-07-31T14:30:00Z,2025-08-07T20:00:00Z
1280,supply,supply,638.36,638.67,2025-07-29T13:30:00Z,2025-07-29T17:00:00Z,,expired,1,pivot,pivot:2025-07-29T13:30:00Z,1,0,0,,2025-07-31T14:30:00Z,2025-08-07T20:00:00Z
1281,demand,demand,633.47,635.3757114686631,2025-07-29T15:00:00Z,2025-07-29T19:00:00Z,2025-07-29T19:00:00Z,expired,5,order_block|pivot|repeated_pivot|role_flip|volume_profile,pivot:2025-07-29T15:00:00Z|volume:POC:2025-07-24:635.295000|pivot:2025-07-29T19:00:00Z|order_block:2025-07-31T18:00:00Z|structure_break:2025-08-01T13:30:00Z|pivot:2025-08-21T17:00:00Z,3,8,2,2025-09-02T16:00:00Z,2025-08-07T14:30:00Z,2025-09-17T15:00:00Z
1283,supply,demand,636.47,636.98,2025-07-30T17:00:00Z,2025-07-30T19:00:00Z,2025-07-30T19:00:00Z,expired,4,order_block|pivot|role_flip|volume_profile,order_block:2025-07-30T17:00:00Z|structure_break:2025-07-30T18:00:00Z|volume:VAH:2025-07-29:636.590417|pivot:2025-08-07T13:30:00Z,1,2,3,2025-08-11T18:00:00Z,2025-08-11T20:00:00Z,2025-08-19T19:00:00Z
1285,supply,supply,639.47,639.85,2025-07-31T13:30:00Z,2025-07-31T17:00:00Z,2025-07-31T20:00:00Z,expired,2,pivot|volume_profile,pivot:2025-07-31T13:30:00Z|volume:VAH:2025-07-31:639.660625,1,1,0,2025-08-12T14:30:00Z,2025-08-12T16:00:00Z,2025-08-20T15:00:00Z
1287,demand,demand,619.29,621.2970754987267,2025-08-01T14:00:00Z,2025-08-01T18:00:00Z,2025-08-01T20:00:00Z,expired,3,pivot|repeated_pivot|volume_profile,pivot:2025-08-01T14:00:00Z|volume:VAL:2025-08-01:620.611875|pivot:2025-08-01T18:00:00Z,2,1,0,2025-08-01T19:00:00Z,,2025-09-22T14:30:00Z
1290,demand,demand,627.04,627.91,2025-08-05T14:00:00Z,2025-08-05T18:00:00Z,2025-08-05T18:00:00Z,expired,2,pivot|volume_profile,pivot:2025-08-05T14:00:00Z|volume:VAL:2025-08-04:628.531875,1,1,0,2025-08-05T19:00:00Z,,2025-09-24T14:30:00Z
1292,demand,demand,629.11,630.3825891531935,2025-08-07T18:00:00Z,2025-08-08T15:00:00Z,2025-08-08T15:00:00Z,expired,2,pivot|volume_profile,pivot:2025-08-07T18:00:00Z|volume:POC:2025-08-04:629.700625,1,0,0,,,2025-09-26T18:00:00Z
1293,supply,demand,637.983833308364,638.95,2025-08-11T16:00:00Z,2025-08-11T20:00:00Z,2025-08-11T20:00:00Z,expired,3,pivot|role_flip|volume_profile,pivot:2025-08-11T16:00:00Z|volume:VAH:2025-08-11:637.788125,1,1,1,2025-08-19T18:00:00Z,2025-08-20T14:30:00Z,2025-08-27T20:00:00Z
1295,supply,demand,644.74,646.5,2025-08-13T13:30:00Z,2025-08-13T17:00:00Z,2025-08-14T18:00:00Z,expired,4,pivot|repeated_pivot|role_flip|volume_profile,pivot:2025-08-13T13:30:00Z|pivot:2025-08-14T14:00:00Z|volume:VAH:2025-08-13:644.946875|pivot:2025-08-15T13:30:00Z|pivot:2025-08-22T15:00:00Z,4,7,3,2025-09-05T20:00:00Z,2025-09-04T18:00:00Z,2025-10-01T20:00:00Z
1296,demand,demand,642.18,643.3510206587545,2025-08-14T13:30:00Z,2025-08-14T17:00:00Z,2025-08-14T17:00:00Z,expired,3,pivot|repeated_pivot|volume_profile,pivot:2025-08-14T13:30:00Z|volume:VAH:2025-08-12:642.723750|pivot:2025-08-15T15:00:00Z|pivot:2025-08-18T16:00:00Z,3,2,0,2025-08-15T20:00:00Z,2025-08-19T15:00:00Z,2025-08-27T14:30:00Z
1301,supply,demand,643.14,644.21,2025-08-19T14:00:00Z,2025-08-19T18:00:00Z,2025-08-19T18:00:00Z,expired,4,pivot|repeated_pivot|role_flip|volume_profile,pivot:2025-08-19T14:00:00Z|volume:POC:2025-08-13:643.776875|pivot:2025-08-25T13:30:00Z|pivot:2025-08-29T14:00:00Z|pivot:2025-09-03T15:00:00Z|pivot:2025-09-05T15:00:00Z,5,4,5,2025-09-05T15:00:00Z,2025-09-04T14:30:00Z,2025-10-08T14:30:00Z
1302,supply,supply,638.05,639.91,2025-08-19T19:00:00Z,2025-08-20T14:30:00Z,2025-08-20T14:30:00Z,expired,3,order_block|pivot|volume_profile,order_block:2025-08-19T19:00:00Z|structure_break:2025-08-20T13:30:00Z|volume:VAL:2025-08-12:639.693750|pivot:2025-08-20T19:00:00Z,1,1,0,2025-08-22T14:30:00Z,2025-08-22T15:00:00Z,2025-09-02T14:30:00Z
1303,demand,demand,632.95,633.38,2025-08-20T14:00:00Z,2025-08-20T18:00:00Z,,expired,1,pivot,pivot:2025-08-20T14:00:00Z,1,0,0,,,2025-10-06T14:30:00Z
1306,demand,demand,634.92,636.11,2025-08-21T19:00:00Z,2025-08-22T15:00:00Z,2025-08-22T15:00:00Z,expired,3,order_block|pivot|volume_profile,order_block:2025-08-21T19:00:00Z|structure_break:2025-08-22T14:00:00Z|volume:POC:2025-08-21:635.283333|pivot:2025-09-02T15:00:00Z,1,2,0,2025-09-02T16:00:00Z,,2025-10-10T18:00:00Z
1309,demand,supply,641.57,642.2,2025-08-26T13:30:00Z,2025-08-26T17:00:00Z,2025-08-26T17:00:00Z,expired,3,pivot|role_flip|volume_profile,pivot:2025-08-26T13:30:00Z|volume:VAH:2025-08-19:641.646875,1,0,1,2025-09-03T18:00:00Z,2025-09-03T20:00:00Z,2025-09-11T19:00:00Z
1310,demand,demand,645.34,645.94,2025-08-28T13:30:00Z,2025-08-28T17:00:00Z,2025-08-28T17:00:00Z,expired,3,pivot|role_flip|volume_profile,pivot:2025-08-28T13:30:00Z|volume:VAL:2025-08-27:645.833542,1,1,2,2025-09-05T19:00:00Z,2025-09-05T17:00:00Z,2025-10-16T20:00:00Z
1311,supply,demand,648.96,649.48,2025-08-28T19:00:00Z,2025-08-29T16:00:00Z,2025-08-29T16:00:00Z,expired,3,pivot|role_flip|volume_profile,pivot:2025-08-28T19:00:00Z|volume:VAH:2025-08-28:649.393750,1,1,1,2025-09-09T18:00:00Z,2025-09-05T14:30:00Z,2025-10-17T19:00:00Z
1315,demand,demand,640.46,640.88,2025-09-03T18:00:00Z,2025-09-04T15:00:00Z,,expired,1,pivot,pivot:2025-09-03T18:00:00Z,1,0,0,,,2025-10-22T18:00:00Z
1316,supply,demand,650.63,653.2408669900709,2025-09-05T13:30:00Z,2025-09-05T17:00:00Z,2025-09-10T20:00:00Z,expired,4,pivot|repeated_pivot|role_flip|volume_profile,pivot:2025-09-05T13:30:00Z|volume:VAL:2025-09-10:651.855000|pivot:2025-09-10T19:00:00Z|pivot:2025-10-10T19:00:00Z,3,1,1,2025-10-14T14:30:00Z,2025-09-10T14:30:00Z,2025-10-23T20:00:00Z
1318,supply,supply,649.38,649.84,2025-09-08T15:00:00Z,2025-09-08T19:00:00Z,2025-09-08T19:00:00Z,expired,2,pivot|volume_profile,pivot:2025-09-08T15:00:00Z|volume:VAH:2025-09-04:649.032500,1,2,0,2025-09-09T18:00:00Z,2025-09-09T20:00:00Z,2025-09-17T19:00:00Z
1319,demand,demand,647.22,648.1717303789552,2025-09-09T14:00:00Z,2025-09-09T18:00:00Z,2025-09-09T18:00:00Z,expired,2,pivot|volume_profile,pivot:2025-09-09T14:00:00Z|volume:POC:2025-09-04:647.622500,1,0,0,,,2025-10-28T14:30:00Z
1320,supply,demand,653.6422876512122,655.3360833037979,2025-09-10T14:00:00Z,2025-09-10T18:00:00Z,2025-09-10T20:00:00Z,expired,4,pivot|repeated_pivot|role_flip|volume_profile,pivot:2025-09-10T14:00:00Z|volume:VAH:2025-09-10:653.815000|pivot:2025-09-17T18:00:00Z,2,2,1,2025-09-25T19:00:00Z,2025-10-10T20:00:00Z,2025-10-20T19:00:00Z
1322,supply,supply,656.9,657.8,2025-09-11T15:00:00Z,2025-09-11T19:00:00Z,2025-09-11T20:00:00Z,expired,4,pivot|repeated_pivot|role_flip|volume_profile,pivot:2025-09-11T15:00:00Z|volume:POC:2025-09-11:657.441250|pivot:2025-09-12T19:00:00Z,2,3,2,2025-09-25T18:00:00Z,2025-09-25T20:00:00Z,2025-10-03T19:00:00Z
1323,supply,demand,658.3218369851271,658.48,2025-09-12T14:00:00Z,2025-09-12T18:00:00Z,2025-09-12T18:00:00Z,expired,3,pivot|role_flip|volume_profile,pivot:2025-09-12T14:00:00Z|volume:VAH:2025-09-11:658.231250,1,1,3,2025-10-10T18:00:00Z,2025-10-10T19:00:00Z,2025-10-20T18:00:00Z
1325,supply,demand,659.11,661.2278634606959,2025-09-15T15:00:00Z,2025-09-15T19:00:00Z,2025-09-15T20:00:00Z,expired,5,order_block|pivot|repeated_pivot|role_flip|volume_profile,pivot:2025-09-15T15:00:00Z|volume:VAH:2025-09-15:660.862917|pivot:2025-09-19T15:00:00Z|order_block:2025-10-10T17:00:00Z|structure_break:2025-10-10T19:00:00Z,2,5,5,2025-10-13T16:00:00Z,2025-10-14T14:30:00Z,2025-10-21T20:00:00Z
1326,demand,demand,659.21,660.39,2025-09-15T18:00:00Z,2025-09-16T15:00:00Z,2025-09-16T15:00:00Z,expired,4,pivot|repeated_pivot|role_flip|volume_profile,pivot:2025-09-15T18:00:00Z|volume:VAL:2025-09-15:660.012917|pivot:2025-09-16T15:00:00Z|pivot:2025-09-24T16:00:00Z,3,4,4,2025-10-10T16:00:00Z,2025-10-10T19:00:00Z,2025-10-20T18:00:00Z
1327,supply,supply,660.56,662.37,2025-09-16T13:30:00Z,2025-09-16T17:00:00Z,2025-09-19T14:30:00Z,expired,5,order_block|pivot|repeated_pivot|role_flip|volume_profile,pivot:2025-09-16T13:30:00Z|volume:VAL:2025-09-18:661.906250|pivot:2025-09-23T18:00:00Z|order_block:2025-09-24T18:00:00Z|structure_break:2025-09-25T13:30:00Z|pivot:2025-09-26T14:00:00Z,3,7,6,2025-10-16T19:00:00Z,2025-10-17T18:00:00Z,2025-10-27T17:00:00Z
1329,supply,supply,658.31,659.66,2025-09-17T17:00:00Z,2025-09-17T19:00:00Z,2025-09-17T19:00:00Z,expired,2,order_block|volume_profile,order_block:2025-09-17T17:00:00Z|structure_break:2025-09-17T18:00:00Z|volume:VAH:2025-09-12:658.419375,0,1,0,2025-09-17T20:00:00Z,2025-09-18T14:30:00Z,2025-09-25T20:00:00Z
1331,supply,demand,663.3,665.28,2025-09-18T14:00:00Z,2025-09-18T18:00:00Z,2025-09-18T20:00:00Z,expired,4,pivot|repeated_pivot|role_flip|volume_profile,pivot:2025-09-18T14:00:00Z|volume:VAH:2025-09-18:663.638750|pivot:2025-09-29T14:00:00Z|pivot:2025-10-13T16:00:00Z|pivot:2025-10-22T17:00:00Z,4,8,7,2025-10-22T17:00:00Z,2025-10-20T14:30:00Z,2025-11-06T15:30:00Z
1333,supply,demand,666.78,667.57,2025-09-23T13:30:00Z,2025-09-23T17:00:00Z,2025-09-23T17:00:00Z,expired,4,pivot|repeated_pivot|role_flip|volume_profile,pivot:2025-09-23T13:30:00Z|volume:VAH:2025-09-22:667.183333|pivot:2025-10-02T15:00:00Z,2,2,3,2025-10-22T16:00:00Z,2025-10-22T18:00:00Z,2025-10-30T17:00:00Z
1335,supply,demand,661.2,663.54,2025-09-23T19:00:00Z,2025-09-24T16:00:00Z,2025-09-24T16:00:00Z,expired,4,order_block|pivot|role_flip|volume_profile,order_block:2025-09-23T19:00:00Z|structure_break:2025-09-24T15:00:00Z|volume:POC:2025-09-18:662.483750|pivot:2025-11-07T17:00:00Z,1,8,5,2025-11-07T16:00:00Z,2025-10-17T19:00:00Z,2025-11-11T20:00:00Z
1338,demand,demand,654.4,655.64,2025-09-25T13:30:00Z,2025-09-25T17:00:00Z,2025-09-25T20:00:00Z,expired,3,pivot|repeated_pivot|volume_profile,pivot:2025-09-25T13:30:00Z|volume:VAL:2025-09-25:655.965625|pivot:2025-09-25T18:00:00Z,2,1,0,2025-09-25T18:00:00Z,2025-10-10T20:00:00Z,2025-10-20T19:00:00Z
1342,demand,supply,661.61,662.6076249298369,2025-09-30T15:00:00Z,2025-09-30T19:00:00Z,2025-09-30T19:00:00Z,expired,3,pivot|role_flip|volume_profile,pivot:2025-09-30T15:00:00Z|volume:POC:2025-09-23:662.091667,1,2,3,2025-10-17T14:30:00Z,2025-10-17T18:00:00Z,2025-10-27T17:00:00Z
1343,supply,supply,670.365608886848,670.57,2025-10-02T13:30:00Z,2025-10-02T17:00:00Z,2025-10-03T20:00:00Z,expired,3,pivot|role_flip|volume_profile,pivot:2025-10-02T13:30:00Z|volume:POC:2025-10-03:669.949167,1,2,4,2025-10-09T18:00:00Z,2025-10-09T20:00:00Z,2025-10-17T19:00:00Z
1345,supply,supply,671.72,672.99,2025-10-03T16:00:00Z,2025-10-03T20:00:00Z,2025-10-06T20:00:00Z,expired,4,order_block|pivot|repeated_pivot|volume_profile,pivot:2025-10-03T16:00:00Z|volume:VAH:2025-10-06:672.446250|order_block:2025-10-06T17:00:00Z|structure_break:2025-10-07T15:00:00Z|pivot:2025-10-07T13:30:00Z|pivot:2025-10-21T16:00:00Z,3,6,0,2025-10-23T18:00:00Z,2025-10-24T14:30:00Z,2025-10-31T20:00:00Z
1346,demand,demand,667.09,669.1619249370682,2025-10-03T17:00:00Z,2025-10-06T14:30:00Z,2025-10-06T14:30:00Z,expired,4,pivot|repeated_pivot|role_flip|volume_profile,pivot:2025-10-03T17:00:00Z|volume:POC:2025-10-01:668.449792|pivot:2025-10-07T16:00:00Z|pivot:2025-10-16T14:00:00Z,3,4,2,2025-10-22T15:00:00Z,2025-10-22T18:00:00Z,2025-10-30T17:00:00Z
1350,supply,supply,672.14,673.95,2025-10-09T13:30:00Z,2025-10-09T17:00:00Z,2025-10-09T17:00:00Z,expired,4,order_block|pivot|repeated_pivot|volume_profile,pivot:2025-10-09T13:30:00Z|volume:VAH:2025-10-08:673.131042|order_block:2025-10-10T13:30:00Z|structure_break:2025-10-10T14:00:00Z|structure_break:2025-10-10T15:00:00Z|pivot:2025-10-10T13:30:00Z,2,4,0,2025-10-23T18:00:00Z,2025-10-24T14:30:00Z,2025-10-31T20:00:00Z
1351,demand,demand,669.02,670.56,2025-10-09T17:00:00Z,2025-10-10T14:30:00Z,2025-10-10T14:30:00Z,expired,4,pivot|repeated_pivot|role_flip|volume_profile,pivot:2025-10-09T17:00:00Z|volume:VAH:2025-10-02:669.701458|pivot:2025-10-15T14:00:00Z|pivot:2025-10-21T14:00:00Z,3,4,2,2025-10-22T14:30:00Z,2025-10-22T17:00:00Z,2025-10-30T16:00:00Z
1358,demand,supply,653.17,655.1606525479809,2025-10-14T13:30:00Z,2025-10-14T17:00:00Z,2025-11-21T16:00:00Z,expired,3,pivot|role_flip|volume_profile,pivot:2025-10-14T13:30:00Z|volume:POC:2025-11-20:655.341875,1,1,1,2025-11-21T16:00:00Z,2025-11-21T17:00:00Z,2025-12-02T19:00:00Z
1360,demand,supply,657.11,660.9015769281942,2025-10-15T17:00:00Z,2025-10-16T14:30:00Z,2025-10-16T14:30:00Z,expired,4,pivot|repeated_pivot|role_flip|volume_profile,pivot:2025-10-15T17:00:00Z|volume:POC:2025-10-10:659.436875|pivot:2025-10-16T18:00:00Z|pivot:2025-11-19T17:00:00Z,3,8,1,2025-11-21T17:00:00Z,2025-11-21T19:00:00Z,2025-12-02T21:00:00Z
1366,supply,supply,688.83,689.7,2025-10-29T14:00:00Z,2025-10-29T18:00:00Z,2025-10-29T20:00:00Z,expired,4,order_block|pivot|repeated_pivot|volume_profile,pivot:2025-10-29T14:00:00Z|volume:VAH:2025-10-29:689.557708|pivot:2025-12-11T19:00:00Z|order_block:2025-12-11T20:00:00Z|structure_break:2025-12-12T15:00:00Z,2,0,0,,,2025-12-18T18:00:00Z
1367,demand,demand,680.94,682.6909497442648,2025-10-30T13:30:00Z,2025-10-30T17:00:00Z,2025-10-30T17:00:00Z,expired,4,pivot|repeated_pivot|role_flip|volume_profile,pivot:2025-10-30T13:30:00Z|volume:VAL:2025-10-27:682.467292|pivot:2025-11-10T20:00:00Z|pivot:2025-11-12T16:00:00Z,3,5,4,2025-11-12T20:00:00Z,2025-11-13T15:30:00Z,2025-11-20T21:00:00Z
1368,demand,supply,677.94,680.6459666588179,2025-10-30T19:00:00Z,2025-10-31T16:00:00Z,2025-11-03T15:30:00Z,expired,5,order_block|pivot|repeated_pivot|role_flip|volume_profile,pivot:2025-10-30T19:00:00Z|pivot:2025-10-31T17:00:00Z|volume:POC:2025-11-05:679.884375|pivot:2025-12-01T14:30:00Z|pivot:2025-12-02T16:00:00Z|pivot:2025-12-12T16:00:00Z|pivot:2025-12-15T15:00:00Z|order_block:2025-12-16T20:00:00Z|structure_break:2025-12-17T15:00:00Z,6,14,5,2025-12-18T15:30:00Z,2025-12-22T15:30:00Z,2025-12-31T17:00:00Z
1370,supply,demand,684.6751468164755,685.8,2025-11-03T14:30:00Z,2025-11-03T18:00:00Z,2025-11-03T18:00:00Z,expired,4,pivot|repeated_pivot|role_flip|volume_profile,pivot:2025-11-03T14:30:00Z|volume:VAH:2025-10-30:685.560000|pivot:2025-11-12T14:30:00Z|pivot:2025-12-04T14:30:00Z|pivot:2025-12-09T16:00:00Z|pivot:2025-12-15T14:30:00Z|pivot:2025-12-22T17:00:00Z,6,3,5,2025-12-31T15:30:00Z,2025-12-23T16:00:00Z,2025-12-31T16:00:00Z
1371,demand,supply,674.17,676.0780984848317,2025-11-04T14:30:00Z,2025-11-04T18:00:00Z,2025-11-04T21:00:00Z,expired,4,pivot|repeated_pivot|role_flip|volume_profile,pivot:2025-11-04T14:30:00Z|volume:POC:2025-11-04:675.588750|pivot:2025-11-05T14:30:00Z|pivot:2025-11-14T17:00:00Z|pivot:2025-11-20T15:00:00Z,4,6,1,2025-11-25T21:00:00Z,2025-11-26T15:30:00Z,2025-12-05T17:00:00Z
1373,supply,supply,680.03,680.86,2025-11-05T18:00:00Z,2025-11-06T15:30:00Z,2025-11-06T15:30:00Z,expired,5,order_block|pivot|repeated_pivot|role_flip|volume_profile,pivot:2025-11-05T18:00:00Z|volume:VAH:2025-11-05:680.720625|order_block:2025-11-05T18:00:00Z|structure_break:2025-11-06T15:00:00Z|pivot:2025-12-18T16:00:00Z,2,7,6,2025-12-19T16:00:00Z,2025-12-22T15:30:00Z,2025-12-31T17:00:00Z
1375,demand,demand,668.72,669.24,2025-11-06T17:00:00Z,2025-11-06T21:00:00Z,2025-11-06T21:00:00Z,expired,3,pivot|role_flip|volume_profile,pivot:2025-11-06T17:00:00Z|volume:VAL:2025-11-06:669.622083,1,2,4,2025-11-25T17:00:00Z,2025-11-25T16:00:00Z,2025-12-30T16:00:00Z
1380,demand,demand,663.26,665.0992101938043,2025-11-14T14:30:00Z,2025-11-14T18:00:00Z,2025-11-14T18:00:00Z,expired,3,pivot|role_flip|volume_profile,pivot:2025-11-14T14:30:00Z|volume:POC:2025-11-07:663.464167,1,2,2,2025-11-25T15:30:00Z,2025-11-19T15:30:00Z,2026-01-07T20:00:00Z
1382,demand,demand,655.86,657.23,2025-11-18T16:00:00Z,2025-11-18T20:00:00Z,2025-11-20T18:00:00Z,expired,3,pivot|role_flip|volume_profile,pivot:2025-11-18T16:00:00Z|volume:VAL:2025-11-18:658.753750,1,1,2,2025-11-21T19:00:00Z,2025-11-21T17:00:00Z,2026-01-12T15:30:00Z
1383,supply,demand,664.48,667.34,2025-11-19T15:00:00Z,2025-11-19T19:00:00Z,2025-11-19T19:00:00Z,expired,4,pivot|repeated_pivot|role_flip|volume_profile,pivot:2025-11-19T15:00:00Z|volume:VAL:2025-11-17:664.814583|pivot:2025-11-25T14:30:00Z,2,1,1,2025-11-25T15:30:00Z,2025-11-20T15:30:00Z,2026-01-12T21:00:00Z
1386,demand,demand,650.85,652.77,2025-11-21T15:00:00Z,2025-11-21T19:00:00Z,2025-11-21T19:00:00Z,expired,2,pivot|volume_profile,pivot:2025-11-21T15:00:00Z|volume:VAL:2025-11-20:652.383125,1,0,0,,,2026-01-14T21:00:00Z
1388,supply,supply,681.31,682.65,2025-11-26T17:00:00Z,2025-11-26T21:00:00Z,2025-11-26T21:00:00Z,expired,4,pivot|repeated_pivot|role_flip|volume_profile,pivot:2025-11-26T17:00:00Z|volume:VAH:2025-11-26:681.596250|pivot:2025-12-04T19:00:00Z|pivot:2025-12-08T18:00:00Z|pivot:2025-12-10T14:30:00Z|pivot:2025-12-11T15:00:00Z,5,8,4,2025-12-15T16:00:00Z,2025-12-22T15:30:00Z,2025-12-31T17:00:00Z
1389,supply,supply,683.3319649060243,683.82,2025-11-28T17:00:00Z,2025-12-01T17:00:00Z,2025-12-01T17:00:00Z,expired,4,pivot|repeated_pivot|role_flip|volume_profile,pivot:2025-11-28T17:00:00Z|volume:VAH:2025-11-28:682.943542|pivot:2025-12-02T16:00:00Z,2,6,6,2026-01-02T20:00:00Z,2026-01-05T15:30:00Z,2026-01-12T21:00:00Z
1395,supply,supply,687.2417411510871,688.97,2025-12-05T15:00:00Z,2025-12-05T19:00:00Z,2025-12-05T21:00:00Z,expired,3,pivot|repeated_pivot|volume_profile,pivot:2025-12-05T15:00:00Z|volume:VAH:2025-12-05:687.040625|pivot:2025-12-10T20:00:00Z,2,2,0,2025-12-11T18:00:00Z,2025-12-11T21:00:00Z,2025-12-19T20:00:00Z
1399,demand,supply,682.44,683.83,2025-12-10T18:00:00Z,2025-12-10T20:00:00Z,2025-12-10T20:00:00Z,expired,3,order_block|role_flip|volume_profile,order_block:2025-12-10T18:00:00Z|structure_break:2025-12-10T19:00:00Z|volume:POC:2025-12-04:683.438958,0,2,3,2026-01-02T20:00:00Z,2026-01-05T15:30:00Z,2026-01-12T21:00:00Z
1407,demand,demand,674.98,675.61,2025-12-16T18:00:00Z,2025-12-17T15:30:00Z,2025-12-17T21:00:00Z,expired,3,pivot|role_flip|volume_profile,pivot:2025-12-16T18:00:00Z|volume:VAH:2025-12-17:675.236875,1,1,2,2025-12-18T20:00:00Z,2025-12-18T15:30:00Z,2026-02-06T21:00:00Z
1409,demand,demand,671.19,671.5519072352483,2025-12-17T20:00:00Z,2025-12-18T17:00:00Z,2025-12-18T17:00:00Z,expired,2,pivot|volume_profile,pivot:2025-12-17T20:00:00Z|volume:VAL:2025-12-17:671.382708,1,0,0,,,2026-02-10T16:00:00Z
1412,supply,demand,690.9168327542064,691.66,2025-12-26T14:30:00Z,2025-12-26T18:00:00Z,2025-12-26T18:00:00Z,expired,3,pivot|role_flip|volume_profile,pivot:2025-12-26T14:30:00Z|volume:VAH:2025-12-24:690.766875,1,8,9,2026-02-11T16:00:00Z,2026-02-12T16:00:00Z,2026-02-23T15:30:00Z
1413,demand,demand,684.7,686.87,2025-12-29T17:00:00Z,2025-12-29T21:00:00Z,2025-12-29T21:00:00Z,expired,5,order_block|pivot|repeated_pivot|role_flip|volume_profile,pivot:2025-12-29T17:00:00Z|volume:VAL:2025-12-23:686.305625|order_block:2026-01-02T14:30:00Z|structure_break:2026-01-02T15:00:00Z|pivot:2026-01-02T15:00:00Z|pivot:2026-01-14T17:00:00Z|order_block:2026-02-12T19:00:00Z|structure_break:2026-02-12T20:00:00Z|pivot:2026-02-13T17:00:00Z,4,7,8,2026-02-18T19:00:00Z,2026-02-18T16:00:00Z,2026-02-19T17:00:00Z
1414,supply,supply,688.3,688.62,2025-12-29T20:00:00Z,2025-12-30T17:00:00Z,2025-12-30T17:00:00Z,expired,3,pivot|role_flip|volume_profile,pivot:2025-12-29T20:00:00Z|volume:VAH:2025-12-29:688.352292,1,8,8,2026-02-18T17:00:00Z,2026-02-12T17:00:00Z,2026-02-19T20:00:00Z
1415,supply,supply,687.12,688.7249855003263,2025-12-30T18:00:00Z,2025-12-31T16:00:00Z,2025-12-31T16:00:00Z,expired,5,order_block|pivot|repeated_pivot|role_flip|volume_profile,order_block:2025-12-30T18:00:00Z|structure_break:2025-12-31T15:00:00Z|volume:VAH:2025-12-30:687.941250|pivot:2026-01-08T14:30:00Z|pivot:2026-01-30T18:00:00Z,2,8,8,2026-02-20T16:00:00Z,2026-02-12T17:00:00Z,2026-02-20T19:00:00Z
1416,demand,supply,684.18,684.3333227441842,2025-12-31T15:00:00Z,2025-12-31T19:00:00Z,2025-12-31T19:00:00Z,expired,3,pivot|role_flip|volume_profile,pivot:2025-12-31T15:00:00Z|volume:VAL:2025-12-22:684.075833,1,1,1,2026-01-02T16:00:00Z,2026-01-05T15:30:00Z,2026-01-12T21:00:00Z
1417,supply,supply,684.8,686.05,2025-12-31T18:00:00Z,2025-12-31T20:00:00Z,2025-12-31T20:00:00Z,expired,2,order_block|volume_profile,order_block:2025-12-31T18:00:00Z|structure_break:2025-12-31T19:00:00Z|volume:VAH:2025-12-22:685.192500|structure_break:2025-12-31T20:00:00Z,0,0,0,,2026-01-02T15:30:00Z,2026-01-09T21:00:00Z
1421,demand,demand,679.82,680.52,2026-01-02T18:00:00Z,2026-01-05T15:30:00Z,2026-01-05T15:30:00Z,expired,2,pivot|volume_profile,pivot:2026-01-02T18:00:00Z|volume:VAL:2026-01-02:680.260625,1,1,0,2026-01-20T18:00:00Z,2026-01-20T19:00:00Z,2026-01-28T18:00:00Z
1422,supply,supply,688.5,689.43,2026-01-05T16:00:00Z,2026-01-05T20:00:00Z,2026-01-05T20:00:00Z,expired,4,pivot|repeated_pivot|role_flip|volume_profile,pivot:2026-01-05T16:00:00Z|volume:VAL:2025-12-26:689.817708|pivot:2026-02-18T18:00:00Z,2,8,10,2026-02-20T16:00:00Z,2026-02-25T15:30:00Z,2026-03-04T21:00:00Z
1423,supply,supply,693.45,695.35,2026-01-07T17:00:00Z,2026-01-07T21:00:00Z,2026-01-07T21:00:00Z,expired,4,pivot|repeated_pivot|role_flip|volume_profile,pivot:2026-01-07T17:00:00Z|volume:VAH:2026-01-07:693.090000|pivot:2026-01-29T20:00:00Z|pivot:2026-02-10T14:30:00Z|pivot:2026-02-12T14:30:00Z,4,10,8,2026-02-25T21:00:00Z,2026-02-10T21:00:00Z,2026-02-27T17:00:00Z
1425,supply,supply,694.89,695.31,2026-01-09T20:00:00Z,2026-01-12T17:00:00Z,2026-01-12T17:00:00Z,expired,2,pivot|volume_profile,pivot:2026-01-09T20:00:00Z|volume:VAH:2026-01-09:695.182292,1,1,0,2026-01-12T19:00:00Z,2026-01-12T20:00:00Z,2026-01-21T19:00:00Z
1426,demand,supply,689.18,691.2002639333518,2026-01-12T14:30:00Z,2026-01-12T18:00:00Z,2026-01-12T18:00:00Z,expired,4,pivot|repeated_pivot|role_flip|volume_profile,pivot:2026-01-12T14:30:00Z|volume:VAL:2026-01-07:691.156667|pivot:2026-01-16T15:00:00Z|pivot:2026-01-22T18:00:00Z|pivot:2026-02-11T15:00:00Z|pivot:2026-02-20T18:00:00Z,5,9,7,2026-02-25T15:30:00Z,2026-02-25T17:00:00Z,2026-03-05T16:00:00Z
1427,supply,supply,695.04,696.53,2026-01-13T14:30:00Z,2026-01-13T18:00:00Z,2026-01-13T18:00:00Z,expired,3,pivot|repeated_pivot|volume_profile,pivot:2026-01-13T14:30:00Z|volume:VAH:2026-01-12:695.976250|pivot:2026-01-15T17:00:00Z|pivot:2026-01-27T16:00:00Z,3,1,0,2026-01-27T15:30:00Z,2026-01-28T15:30:00Z,2026-02-04T21:00:00Z
1428,demand,supply,692.09,693.96,2026-01-13T15:00:00Z,2026-01-13T19:00:00Z,2026-01-13T19:00:00Z,expired,5,order_block|pivot|repeated_pivot|role_flip|volume_profile,pivot:2026-01-13T15:00:00Z|volume:VAH:2026-01-06:692.225417|order_block:2026-02-11T19:00:00Z|structure_break:2026-02-12T15:00:00Z|structure_break:2026-02-12T16:00:00Z|pivot:2026-02-25T20:00:00Z,2,7,7,2026-02-25T17:00:00Z,2026-02-11T21:00:00Z,2026-03-05T15:30:00Z
1432,demand,supply,675.78,678.7,2026-01-20T20:00:00Z,2026-01-21T17:00:00Z,2026-01-21T17:00:00Z,expired,4,pivot|repeated_pivot|role_flip|volume_profile,pivot:2026-01-20T20:00:00Z|volume:VAL:2026-01-20:676.740833|pivot:2026-02-05T16:00:00Z|pivot:2026-02-17T15:00:00Z|pivot:2026-03-02T14:30:00Z,4,6,1,2026-03-09T20:00:00Z,2026-03-10T15:00:00Z,2026-03-18T14:30:00Z
1433,supply,demand,684.03,686.07,2026-01-21T15:00:00Z,2026-01-21T19:00:00Z,2026-01-21T21:00:00Z,expired,4,pivot|repeated_pivot|role_flip|volume_profile,pivot:2026-01-21T15:00:00Z|volume:VAH:2026-01-21:684.982292|pivot:2026-01-29T16:00:00Z|pivot:2026-02-03T19:00:00Z,3,3,1,2026-02-04T17:00:00Z,2026-02-04T18:00:00Z,2026-02-12T17:00:00Z
1434,demand,demand,679.91,683.2795184440786,2026-01-21T16:00:00Z,2026-01-21T20:00:00Z,2026-01-21T20:00:00Z,expired,3,order_block|role_flip|volume_profile,order_block:2026-01-21T16:00:00Z|structure_break:2026-01-21T19:00:00Z|volume:VAH:2026-01-20:682.549167,0,5,2,2026-02-13T20:00:00Z,2026-02-17T15:30:00Z,2026-02-24T21:00:00Z
1436,demand,supply,687.16,688.15,2026-01-23T14:30:00Z,2026-01-23T18:00:00Z,2026-01-23T18:00:00Z,expired,3,pivot|role_flip|volume_profile,pivot:2026-01-23T14:30:00Z|volume:POC:2026-01-14:687.578333,1,2,3,2026-02-06T17:00:00Z,2026-02-06T18:00:00Z,2026-02-17T17:00:00Z
1438,supply,supply,695.74,697.84,2026-01-28T14:30:00Z,2026-01-28T18:00:00Z,2026-01-29T18:00:00Z,expired,3,pivot|repeated_pivot|volume_profile,pivot:2026-01-28T14:30:00Z|pivot:2026-01-29T14:30:00Z|volume:VAH:2026-01-27:696.345000|pivot:2026-02-02T17:00:00Z|pivot:2026-02-03T14:30:00Z|pivot:2026-02-10T15:00:00Z|pivot:2026-02-11T14:30:00Z,6,3,0,2026-02-11T15:30:00Z,,2026-03-18T20:00:00Z
1439,supply,supply,694.91,696.29,2026-01-28T20:00:00Z,2026-01-29T15:30:00Z,2026-01-29T15:30:00Z,expired,2,order_block|volume_profile,order_block:2026-01-28T20:00:00Z|structure_break:2026-01-29T14:30:00Z|volume:POC:2026-01-27:695.975000|structure_break:2026-01-29T15:00:00Z,0,1,0,2026-02-02T16:00:00Z,2026-02-02T19:00:00Z,2026-02-10T18:00:00Z
1448,demand,demand,681.54,683.74,2026-02-04T17:00:00Z,2026-02-04T21:00:00Z,2026-02-04T21:00:00Z,expired,5,order_block|pivot|repeated_pivot|role_flip|volume_profile,pivot:2026-02-04T17:00:00Z|volume:VAL:2026-02-04:684.384375|pivot:2026-02-19T18:00:00Z|order_block:2026-02-19T19:00:00Z|structure_break:2026-02-20T15:00:00Z,2,4,4,2026-02-23T16:00:00Z,2026-02-23T20:00:00Z,2026-03-03T19:00:00Z
1458,demand,demand,677.52,679.3405044652905,2026-02-13T14:30:00Z,2026-02-13T18:00:00Z,2026-02-13T18:00:00Z,expired,2,pivot|volume_profile,pivot:2026-02-13T14:30:00Z|volume:POC:2026-02-05:678.917083,1,0,0,,2026-02-17T15:30:00Z,2026-02-24T21:00:00Z
1465,demand,demand,680.0,682.03,2026-02-23T16:00:00Z,2026-02-23T20:00:00Z,2026-02-23T20:00:00Z,expired,4,pivot|repeated_pivot|role_flip|volume_profile,pivot:2026-02-23T16:00:00Z|volume:POC:2026-02-17:682.077500|pivot:2026-02-24T14:30:00Z|pivot:2026-04-10T15:00:00Z,3,8,2,2026-04-13T18:00:00Z,2026-04-13T17:00:00Z,2026-04-14T15:00:00Z
1468,demand,supply,684.35,685.7752988813822,2026-02-26T15:00:00Z,2026-02-26T19:00:00Z,2026-02-26T19:00:00Z,expired,3,pivot|role_flip|volume_profile,pivot:2026-02-26T15:00:00Z|volume:VAL:2026-02-18:685.331667,1,0,3,2026-03-05T16:00:00Z,2026-04-13T20:00:00Z,2026-04-21T19:00:00Z
1469,demand,supply,681.64,685.11,2026-02-27T14:30:00Z,2026-02-27T18:00:00Z,2026-02-27T18:00:00Z,expired,5,order_block|pivot|repeated_pivot|role_flip|volume_profile,pivot:2026-02-27T14:30:00Z|volume:VAL:2026-02-19:682.603333|order_block:2026-03-05T14:30:00Z|structure_break:2026-03-05T17:00:00Z|pivot:2026-03-10T17:00:00Z,2,5,3,2026-04-13T17:00:00Z,2026-04-13T20:00:00Z,2026-04-21T19:00:00Z
1471,supply,supply,688.1484468762003,688.62,2026-03-02T19:00:00Z,2026-03-03T16:00:00Z,2026-03-03T16:00:00Z,expired,2,pivot|volume_profile,pivot:2026-03-02T19:00:00Z|volume:VAH:2026-02-24:688.176042,1,0,0,,2026-04-14T14:30:00Z,2026-04-21T20:00:00Z
1472,demand,demand,669.66,671.8832811502166,2026-03-03T15:00:00Z,2026-03-03T19:00:00Z,2026-03-03T21:00:00Z,expired,4,pivot|repeated_pivot|role_flip|volume_profile,pivot:2026-03-03T15:00:00Z|volume:VAL:2026-03-03:671.548542|pivot:2026-03-06T14:30:00Z,2,2,2,2026-03-17T15:00:00Z,2026-03-18T14:30:00Z,2026-03-25T20:00:00Z
1473,supply,supply,686.6711128544699,687.09,2026-03-04T19:00:00Z,2026-03-05T16:00:00Z,2026-03-05T16:00:00Z,expired,2,pivot|volume_profile,pivot:2026-03-04T19:00:00Z|volume:VAH:2026-03-04:686.934375,1,0,0,,2026-04-14T14:30:00Z,2026-04-21T20:00:00Z
1476,demand,supply,661.07,664.05,2026-03-09T14:00:00Z,2026-03-09T18:00:00Z,2026-03-09T20:00:00Z,expired,4,pivot|repeated_pivot|role_flip|volume_profile,pivot:2026-03-09T14:00:00Z|volume:VAL:2026-03-09:664.216042|pivot:2026-03-13T19:00:00Z|pivot:2026-03-19T19:00:00Z|pivot:2026-03-23T15:00:00Z,4,3,1,2026-03-23T15:00:00Z,2026-04-08T14:30:00Z,2026-04-15T20:00:00Z
1477,demand,demand,668.09,671.27,2026-03-09T17:00:00Z,2026-03-09T20:00:00Z,2026-03-09T20:00:00Z,expired,3,order_block|role_flip|volume_profile,order_block:2026-03-09T17:00:00Z|structure_break:2026-03-09T19:00:00Z|volume:POC:2026-03-09:670.059375,0,2,2,2026-03-17T18:00:00Z,2026-03-18T15:00:00Z,2026-03-26T14:30:00Z
1479,demand,supply,666.92,668.51,2026-03-12T15:00:00Z,2026-03-12T19:00:00Z,2026-03-13T15:00:00Z,expired,3,pivot|role_flip|volume_profile,pivot:2026-03-12T15:00:00Z|volume:POC:2026-03-12:668.176042,1,2,3,2026-03-18T19:00:00Z,2026-04-08T14:30:00Z,2026-04-15T20:00:00Z
1480,supply,demand,669.28,672.34,2026-03-13T13:30:00Z,2026-03-13T15:00:00Z,2026-03-13T15:00:00Z,expired,5,order_block|pivot|repeated_pivot|role_flip|volume_profile,order_block:2026-03-13T13:30:00Z|structure_break:2026-03-13T14:00:00Z|volume:POC:2026-03-09:670.059375|pivot:2026-03-13T13:30:00Z|pivot:2026-03-16T14:00:00Z,2,2,1,2026-03-17T15:00:00Z,2026-03-18T15:00:00Z,2026-03-26T14:30:00Z
1484,supply,demand,673.89,674.44,2026-03-17T13:30:00Z,2026-03-17T17:00:00Z,2026-03-17T17:00:00Z,expired,3,pivot|role_flip|volume_profile,pivot:2026-03-17T13:30:00Z|volume:VAL:2026-03-11:673.761250,1,1,1,2026-04-08T20:00:00Z,2026-04-08T16:00:00Z,2026-05-05T20:00:00Z
1485,demand,supply,655.17,656.887815906999,2026-03-19T13:30:00Z,2026-03-19T17:00:00Z,2026-03-19T20:00:00Z,expired,3,pivot|role_flip|volume_profile,pivot:2026-03-19T13:30:00Z|volume:VAL:2026-03-19:656.308958,1,4,7,2026-04-07T17:00:00Z,2026-04-07T20:00:00Z,2026-04-15T19:00:00Z
1487,demand,demand,644.72,646.9635822975566,2026-03-20T19:00:00Z,2026-03-23T16:00:00Z,2026-03-23T16:00:00Z,expired,2,pivot|volume_profile,pivot:2026-03-20T19:00:00Z|volume:VAL:2026-03-20:647.463125,1,1,0,2026-03-26T18:00:00Z,2026-03-27T14:30:00Z,2026-04-06T20:00:00Z
1489,demand,demand,649.88,652.58,2026-03-24T13:30:00Z,2026-03-24T17:00:00Z,2026-03-26T20:00:00Z,expired,4,pivot|repeated_pivot|role_flip|volume_profile,pivot:2026-03-24T13:30:00Z|volume:VAH:2026-03-26:651.715625|pivot:2026-04-07T15:00:00Z,2,3,2,2026-04-07T16:00:00Z,2026-04-01T14:30:00Z,2026-05-12T20:00:00Z
1490,supply,supply,657.82,660.89,2026-03-25T13:30:00Z,2026-03-25T17:00:00Z,2026-03-25T17:00:00Z,expired,3,pivot|repeated_pivot|volume_profile,pivot:2026-03-25T13:30:00Z|volume:VAH:2026-03-19:659.563125|pivot:2026-04-01T17:00:00Z|pivot:2026-04-06T14:00:00Z,3,5,0,2026-04-07T20:00:00Z,2026-04-08T14:30:00Z,2026-04-15T20:00:00Z
1491,demand,demand,633.1,634.04,2026-03-27T19:00:00Z,2026-03-30T16:00:00Z,,expired,1,pivot,pivot:2026-03-27T19:00:00Z,1,1,0,2026-03-30T18:00:00Z,2026-03-30T19:00:00Z,2026-04-08T18:00:00Z
1492,demand,demand,629.28,631.4175258527521,2026-03-30T19:00:00Z,2026-03-31T16:00:00Z,2026-03-31T16:00:00Z,expired,2,pivot|volume_profile,pivot:2026-03-30T19:00:00Z|volume:VAL:2026-03-30:632.283542,1,0,0,,,2026-05-19T19:00:00Z
1493,demand,demand,637.98,642.2988098812699,2026-03-31T14:00:00Z,2026-03-31T17:00:00Z,2026-03-31T17:00:00Z,expired,2,order_block|volume_profile,order_block:2026-03-31T14:00:00Z|structure_break:2026-03-31T16:00:00Z|volume:POC:2026-03-27:638.875833,0,0,0,,,2026-05-19T20:00:00Z
1495,demand,demand,645.11,646.42,2026-04-02T13:30:00Z,2026-04-02T17:00:00Z,2026-04-02T17:00:00Z,expired,2,pivot|volume_profile,pivot:2026-04-02T13:30:00Z|volume:POC:2026-03-26:646.282708,1,0,0,,,2026-05-21T20:00:00Z
1498,demand,demand,653.43,656.73,2026-04-07T18:00:00Z,2026-04-07T20:00:00Z,2026-04-07T20:00:00Z,expired,2,order_block|volume_profile,order_block:2026-04-07T18:00:00Z|structure_break:2026-04-07T19:00:00Z|volume:VAL:2026-04-01:654.265000,0,0,0,,,2026-05-27T16:00:00Z
1499,supply,demand,676.39,677.4,2026-04-08T13:30:00Z,2026-04-08T17:00:00Z,2026-04-08T20:00:00Z,expired,4,pivot|repeated_pivot|role_flip|volume_profile,pivot:2026-04-08T13:30:00Z|volume:VAH:2026-04-08:676.026250|pivot:2026-04-13T13:30:00Z,2,1,1,2026-04-13T14:30:00Z,2026-04-09T16:00:00Z,2026-05-27T20:00:00Z
1502,supply,demand,702.22,704.0314055145469,2026-04-16T16:00:00Z,2026-04-16T20:00:00Z,2026-04-16T20:00:00Z,expired,4,pivot|repeated_pivot|role_flip|volume_profile,pivot:2026-04-16T16:00:00Z|volume:VAH:2026-04-16:701.806042|pivot:2026-04-21T19:00:00Z|pivot:2026-04-23T17:00:00Z,3,1,1,2026-04-23T18:00:00Z,2026-04-17T14:30:00Z,2026-06-05T16:00:00Z
1503,supply,supply,710.19,712.39,2026-04-17T16:00:00Z,2026-04-17T20:00:00Z,2026-04-17T20:00:00Z,expired,5,order_block|pivot|repeated_pivot|role_flip|volume_profile,pivot:2026-04-17T16:00:00Z|volume:VAH:2026-04-17:711.423125|order_block:2026-04-23T14:00:00Z|structure_break:2026-04-23T17:00:00Z|pivot:2026-04-23T15:00:00Z,2,3,2,2026-04-28T17:00:00Z,2026-04-30T15:00:00Z,2026-05-08T14:30:00Z
1504,demand,demand,706.14,707.16,2026-04-20T15:00:00Z,2026-04-20T19:00:00Z,2026-04-20T20:00:00Z,expired,3,pivot|role_flip|volume_profile,pivot:2026-04-20T15:00:00Z|volume:VAL:2026-04-20:707.318125,1,1,2,2026-04-23T20:00:00Z,2026-04-22T14:30:00Z,2026-06-09T15:00:00Z
1505,supply,demand,710.04,711.28,2026-04-21T14:00:00Z,2026-04-21T18:00:00Z,2026-04-21T18:00:00Z,expired,4,pivot|repeated_pivot|role_flip|volume_profile,pivot:2026-04-21T14:00:00Z|volume:VAH:2026-04-17:711.423125|pivot:2026-04-22T14:00:00Z,2,2,1,2026-04-28T14:30:00Z,2026-04-29T17:00:00Z,2026-05-07T16:00:00Z
1511,supply,demand,713.9,714.6,2026-04-24T19:00:00Z,2026-04-27T16:00:00Z,2026-04-27T16:00:00Z,expired,4,order_block|pivot|role_flip|volume_profile,pivot:2026-04-24T19:00:00Z|volume:VAH:2026-04-24:714.356250|order_block:2026-04-30T16:00:00Z|structure_break:2026-04-30T17:00:00Z|structure_break:2026-05-01T13:30:00Z,1,1,1,2026-04-30T16:00:00Z,2026-04-27T18:00:00Z,2026-06-15T19:00:00Z
1512,demand,supply,712.29,713.3432240762713,2026-04-27T15:00:00Z,2026-04-27T19:00:00Z,2026-04-27T19:00:00Z,expired,3,pivot|role_flip|volume_profile,pivot:2026-04-27T15:00:00Z|volume:POC:2026-04-24:713.446250,1,1,1,2026-04-30T14:30:00Z,2026-04-30T15:00:00Z,2026-05-08T14:30:00Z
1513,supply,demand,714.99,716.243733938479,2026-04-27T19:00:00Z,2026-04-28T16:00:00Z,2026-04-28T16:00:00Z,expired,4,pivot|repeated_pivot|role_flip|volume_profile,pivot:2026-04-27T19:00:00Z|volume:VAH:2026-04-27:715.560417|pivot:2026-05-04T16:00:00Z,2,1,1,2026-05-04T17:00:00Z,2026-04-30T18:00:00Z,2026-06-16T19:00:00Z
1514,demand,demand,708.37,710.3440908118857,2026-04-28T14:00:00Z,2026-04-28T18:00:00Z,2026-04-28T18:00:00Z,expired,3,pivot|repeated_pivot|volume_profile,pivot:2026-04-28T14:00:00Z|volume:POC:2026-04-22:709.229375|pivot:2026-04-29T18:00:00Z,2,1,0,2026-04-29T14:30:00Z,,2026-06-17T14:30:00Z
1515,supply,supply,711.44,712.2,2026-04-29T14:00:00Z,2026-04-29T18:00:00Z,2026-04-29T18:00:00Z,expired,2,pivot|volume_profile,pivot:2026-04-29T14:00:00Z|volume:VAH:2026-04-28:712.199375,1,1,0,2026-04-29T20:00:00Z,2026-04-30T15:00:00Z,2026-05-08T14:30:00Z
1519,supply,supply,724.19,724.87,2026-05-01T14:00:00Z,2026-05-01T18:00:00Z,2026-05-01T20:00:00Z,expired,2,pivot|volume_profile,pivot:2026-05-01T14:00:00Z|volume:VAH:2026-05-01:723.678333,1,1,0,2026-05-05T18:00:00Z,2026-05-06T14:30:00Z,2026-05-13T20:00:00Z
1520,supply,demand,720.77,725.57,2026-05-04T14:00:00Z,2026-05-04T16:00:00Z,2026-05-04T16:00:00Z,expired,5,order_block|pivot|repeated_pivot|role_flip|volume_profile,order_block:2026-05-04T14:00:00Z|structure_break:2026-05-04T15:00:00Z|volume:VAL:2026-05-01:721.478333|pivot:2026-06-09T16:00:00Z|pivot:2026-06-11T15:00:00Z,2,1,1,2026-06-11T15:00:00Z,2026-05-05T14:30:00Z,2026-06-23T19:00:00Z
1522,supply,supply,731.53,733.74,2026-05-06T14:00:00Z,2026-05-06T18:00:00Z,2026-05-12T18:00:00Z,expired,4,pivot|repeated_pivot|role_flip|volume_profile,pivot:2026-05-06T14:00:00Z|volume:POC:2026-05-06:731.910208|pivot:2026-05-12T16:00:00Z|pivot:2026-05-19T14:00:00Z|pivot:2026-06-23T13:30:00Z,4,7,4,2026-06-26T20:00:00Z,2026-06-25T14:30:00Z,2026-06-29T14:30:00Z
1523,supply,demand,735.52,738.38,2026-05-07T15:00:00Z,2026-05-07T19:00:00Z,2026-05-08T20:00:00Z,expired,4,pivot|repeated_pivot|role_flip|volume_profile,pivot:2026-05-07T15:00:00Z|volume:VAL:2026-05-08:736.366875|pivot:2026-06-05T19:00:00Z|pivot:2026-06-10T14:00:00Z,3,8,9,2026-06-29T16:00:00Z,2026-06-24T15:00:00Z,2026-06-29T17:00:00Z
1524,demand,supply,729.75,731.0315660325084,2026-05-07T18:00:00Z,2026-05-08T15:00:00Z,2026-05-08T15:00:00Z,expired,3,pivot|role_flip|volume_profile,pivot:2026-05-07T18:00:00Z|volume:VAL:2026-05-06:730.499792,1,1,3,2026-06-11T17:00:00Z,2026-06-11T18:00:00Z,2026-06-22T17:00:00Z
1525,supply,demand,740.2,741.87,2026-05-11T17:00:00Z,2026-05-12T14:30:00Z,2026-05-12T14:30:00Z,expired,4,pivot|repeated_pivot|role_flip|volume_profile,pivot:2026-05-11T17:00:00Z|volume:VAH:2026-05-11:739.976250|pivot:2026-05-20T15:00:00Z,2,3,5,2026-06-12T15:00:00Z,2026-06-12T16:00:00Z,2026-06-23T15:00:00Z
1527,demand,demand,742.22,742.65,2026-05-13T19:00:00Z,2026-05-14T15:00:00Z,2026-05-14T15:00:00Z,expired,3,order_block|role_flip|volume_profile,order_block:2026-05-13T19:00:00Z|structure_break:2026-05-14T14:00:00Z|volume:POC:2026-05-13:742.327500,0,0,2,2026-05-21T18:00:00Z,2026-05-21T19:00:00Z,2026-06-01T18:00:00Z
1528,supply,demand,749.2744023988998,749.53,2026-05-14T16:00:00Z,2026-05-14T20:00:00Z,2026-05-14T20:00:00Z,expired,3,pivot|role_flip|volume_profile,pivot:2026-05-14T16:00:00Z|volume:VAH:2026-05-14:748.659375,1,0,1,2026-05-26T20:00:00Z,2026-05-27T16:00:00Z,2026-06-04T15:00:00Z
1529,demand,demand,737.96,739.17,2026-05-15T13:30:00Z,2026-05-15T17:00:00Z,2026-05-15T17:00:00Z,expired,2,pivot|volume_profile,pivot:2026-05-15T13:30:00Z|volume:POC:2026-05-11:738.891250,1,1,0,2026-05-15T20:00:00Z,2026-05-18T16:00:00Z,2026-05-27T15:00:00Z
1530,supply,supply,742.97,743.46,2026-05-15T18:00:00Z,2026-05-18T15:00:00Z,2026-05-18T15:00:00Z,expired,2,pivot|volume_profile,pivot:2026-05-15T18:00:00Z|volume:VAH:2026-05-13:743.734167,1,0,0,,2026-05-21T18:00:00Z,2026-06-01T17:00:00Z
1533,demand,demand,737.03,739.3,2026-05-21T16:00:00Z,2026-05-21T18:00:00Z,2026-05-21T18:00:00Z,expired,4,order_block|pivot|role_flip|volume_profile,order_block:2026-05-21T16:00:00Z|structure_break:2026-05-21T17:00:00Z|volume:VAL:2026-05-13:739.162500|pivot:2026-05-21T15:00:00Z,1,8,4,2026-06-29T18:00:00Z,2026-06-24T15:00:00Z,2026-07-14T14:30:00Z
1535,supply,supply,747.54,748.16,2026-05-22T13:30:00Z,2026-05-22T17:00:00Z,2026-05-22T17:00:00Z,expired,2,pivot|volume_profile,pivot:2026-05-22T13:30:00Z|volume:POC:2026-05-14:747.664375,1,1,0,2026-05-22T18:00:00Z,2026-05-26T14:30:00Z,2026-06-02T20:00:00Z
1536,supply,demand,749.8038968563882,752.41,2026-05-26T14:00:00Z,2026-05-26T18:00:00Z,2026-05-27T18:00:00Z,expired,5,order_block|pivot|repeated_pivot|role_flip|volume_profile,pivot:2026-05-26T14:00:00Z|pivot:2026-05-27T14:00:00Z|volume:VAH:2026-05-26:750.485000|pivot:2026-06-04T13:30:00Z|order_block:2026-06-17T17:00:00Z|structure_break:2026-06-17T18:00:00Z|structure_break:2026-06-17T19:00:00Z|pivot:2026-06-22T14:00:00Z|pivot:2026-07-02T14:00:00Z|pivot:2026-07-06T19:00:00Z,6,7,7,2026-07-15T16:00:00Z,2026-07-15T14:30:00Z,2026-07-16T14:30:00Z
1538,demand,demand,748.22,749.400016970783,2026-05-27T17:00:00Z,2026-05-28T14:30:00Z,2026-05-28T14:30:00Z,expired,2,pivot|volume_profile,pivot:2026-05-27T17:00:00Z|volume:POC:2026-05-26:749.075000,1,1,0,2026-06-05T14:30:00Z,2026-06-05T16:00:00Z,2026-06-15T15:00:00Z
1539,supply,supply,756.15,758.31,2026-05-29T14:00:00Z,2026-05-29T18:00:00Z,2026-05-29T20:00:00Z,rejected,5,order_block|pivot|repeated_pivot|role_flip|volume_profile,pivot:2026-05-29T14:00:00Z|volume:VAH:2026-05-29:757.444375|order_block:2026-06-04T17:00:00Z|structure_break:2026-06-05T13:30:00Z|pivot:2026-06-04T19:00:00Z|pivot:2026-06-15T16:00:00Z,3,2,2,2026-06-04T19:00:00Z,2026-06-02T14:30:00Z,
1540,demand,demand,754.69,755.34,2026-06-01T13:30:00Z,2026-06-01T17:00:00Z,2026-06-01T17:00:00Z,expired,2,pivot|volume_profile,pivot:2026-06-01T13:30:00Z|volume:VAH:2026-05-28:755.026667,1,2,0,2026-06-03T16:00:00Z,2026-06-03T20:00:00Z,2026-06-11T19:00:00Z
1541,supply,supply,759.55,760.4,2026-06-01T17:00:00Z,2026-06-02T14:30:00Z,2026-06-02T19:00:00Z,rejected,3,pivot|repeated_pivot|volume_profile,pivot:2026-06-01T17:00:00Z|pivot:2026-06-02T15:00:00Z|volume:VAH:2026-06-02:760.019792,2,2,0,2026-06-02T20:00:00Z,,
1543,demand,demand,753.57,754.5336890103099,2026-06-03T16:00:00Z,2026-06-03T20:00:00Z,2026-06-03T20:00:00Z,expired,2,pivot|volume_profile,pivot:2026-06-03T16:00:00Z|volume:POC:2026-05-28:754.286667,1,0,0,,2026-06-04T14:30:00Z,2026-06-11T20:00:00Z
1547,supply,supply,748.76,750.96,2026-06-05T14:00:00Z,2026-06-05T16:00:00Z,,expired,1,order_block,order_block:2026-06-05T14:00:00Z|structure_break:2026-06-05T15:00:00Z,0,0,0,,2026-06-15T14:30:00Z,2026-06-23T20:00:00Z
1548,supply,demand,742.39,746.9,2026-06-05T17:00:00Z,2026-06-05T19:00:00Z,2026-06-05T20:00:00Z,expired,5,order_block|pivot|repeated_pivot|role_flip|volume_profile,order_block:2026-06-05T17:00:00Z|structure_break:2026-06-05T18:00:00Z|volume:VAH:2026-06-05:745.972083|pivot:2026-06-08T15:00:00Z|order_block:2026-06-09T13:30:00Z|structure_break:2026-06-09T15:00:00Z|pivot:2026-06-09T13:30:00Z|pivot:2026-06-12T15:00:00Z,3,4,1,2026-06-22T15:00:00Z,2026-06-23T14:30:00Z,2026-06-30T20:00:00Z
1558,demand,supply,747.85,749.06,2026-06-17T14:00:00Z,2026-06-17T18:00:00Z,2026-06-18T14:30:00Z,expired,3,pivot|role_flip|volume_profile,pivot:2026-06-17T14:00:00Z|volume:POC:2026-06-17:749.725625,1,2,1,2026-06-18T20:00:00Z,2026-06-22T14:30:00Z,2026-06-29T20:00:00Z
1561,demand,demand,737.2193967277099,741.02,2026-06-17T19:00:00Z,2026-06-18T16:00:00Z,2026-06-18T16:00:00Z,rejected,4,pivot|repeated_pivot|role_flip|volume_profile,pivot:2026-06-17T19:00:00Z|volume:VAH:2026-06-11:739.675000|pivot:2026-06-24T15:00:00Z|pivot:2026-06-29T13:30:00Z,3,5,2,2026-07-08T15:00:00Z,2026-06-30T14:30:00Z,
1562,demand,demand,743.15,744.72,2026-06-22T14:00:00Z,2026-06-22T18:00:00Z,2026-06-22T18:00:00Z,expired,2,pivot|volume_profile,pivot:2026-06-22T14:00:00Z|volume:VAL:2026-06-17:743.799375,1,1,0,2026-06-22T19:00:00Z,2026-06-23T14:30:00Z,2026-06-30T20:00:00Z
1566,supply,demand,731.93,733.35,2026-06-24T19:00:00Z,2026-06-25T14:30:00Z,2026-06-25T14:30:00Z,verified,3,order_block|role_flip|volume_profile,order_block:2026-06-24T19:00:00Z|structure_break:2026-06-25T13:30:00Z|volume:VAL:2026-06-23:733.368958,0,0,3,2026-06-29T15:00:00Z,2026-06-29T14:30:00Z,
1567,demand,demand,726.86,730.111269328869,2026-06-25T13:30:00Z,2026-06-25T17:00:00Z,2026-06-25T17:00:00Z,touched,3,pivot|repeated_pivot|volume_profile,pivot:2026-06-25T13:30:00Z|volume:VAL:2026-06-24:731.029792|pivot:2026-06-26T13:30:00Z,2,2,0,2026-06-26T20:00:00Z,,
1569,supply,demand,735.4,736.53,2026-06-26T15:00:00Z,2026-06-26T19:00:00Z,2026-06-26T19:00:00Z,rejected,3,pivot|role_flip|volume_profile,pivot:2026-06-26T15:00:00Z|volume:VAH:2026-06-23:736.423125,1,0,1,2026-06-29T15:00:00Z,2026-06-29T14:30:00Z,
1570,demand,demand,716.58,719.4177266009278,2026-06-26T19:00:00Z,2026-06-29T16:00:00Z,,candidate,1,pivot,pivot:2026-06-26T19:00:00Z,1,0,0,,,
1572,demand,demand,742.37,744.0665710442573,2026-07-01T13:30:00Z,2026-07-01T17:00:00Z,2026-07-08T15:00:00Z,rejected,3,pivot|role_flip|volume_profile,pivot:2026-07-01T13:30:00Z|volume:POC:2026-07-02:741.675000,1,1,2,2026-07-08T18:00:00Z,2026-07-08T17:00:00Z,
1573,supply,demand,748.0,749.44,2026-07-01T16:00:00Z,2026-07-01T20:00:00Z,2026-07-01T20:00:00Z,rejected,4,pivot|repeated_pivot|role_flip|volume_profile,pivot:2026-07-01T16:00:00Z|volume:VAH:2026-07-01:748.114375|pivot:2026-07-10T14:00:00Z|pivot:2026-07-13T19:00:00Z,3,4,3,2026-07-16T20:00:00Z,2026-07-09T16:00:00Z,
1575,demand,demand,739.51,740.64,2026-07-02T17:00:00Z,2026-07-06T14:30:00Z,2026-07-06T14:30:00Z,rejected,3,pivot|repeated_pivot|volume_profile,pivot:2026-07-02T17:00:00Z|volume:POC:2026-06-29:740.178958|pivot:2026-07-08T15:00:00Z,2,1,0,2026-07-08T16:00:00Z,,
1577,demand,demand,745.21,746.45,2026-07-07T14:00:00Z,2026-07-07T18:00:00Z,2026-07-07T18:00:00Z,verified,3,pivot|role_flip|volume_profile,pivot:2026-07-07T14:00:00Z|volume:POC:2026-06-30:746.386042,1,1,2,2026-07-09T15:00:00Z,2026-07-09T14:30:00Z,
1580,supply,supply,754.45,755.58,2026-07-10T19:00:00Z,2026-07-13T16:00:00Z,2026-07-13T16:00:00Z,rejected,3,pivot|repeated_pivot|volume_profile,pivot:2026-07-10T19:00:00Z|volume:VAH:2026-07-10:755.268542|pivot:2026-07-15T13:30:00Z,2,3,0,2026-07-16T15:00:00Z,,
1582,supply,demand,752.1056170490913,753.34,2026-07-14T14:00:00Z,2026-07-14T18:00:00Z,2026-07-14T18:00:00Z,broken,3,pivot|role_flip|volume_profile,pivot:2026-07-14T14:00:00Z|volume:VAH:2026-07-06:752.305833,1,1,3,2026-07-16T16:00:00Z,2026-07-16T18:00:00Z,
1584,demand,demand,750.2,751.422996506627,2026-07-15T16:00:00Z,2026-07-15T20:00:00Z,2026-07-15T20:00:00Z,touched,2,pivot|volume_profile,pivot:2026-07-15T16:00:00Z|volume:POC:2026-07-09:750.773750,1,2,0,2026-07-16T18:00:00Z,,
