session_date,kind,price,available_timestamp,available_bar_index
2021-04-19,POC,414.34312500000004,2021-04-19T20:00:00Z,6
2021-04-19,VAH,415.2035416666667,2021-04-19T20:00:00Z,6
2021-04-19,VAL,414.0972916666667,2021-04-19T20:00:00Z,6
2021-04-20,POC,411.6977083333333,2021-04-20T20:00:00Z,13
2021-04-20,VAH,412.54979166666664,2021-04-20T20:00:00Z,13
2021-04-20,VAL,410.845625,2021-04-20T20:00:00Z,13
2021-04-21,POC,414.74937500000004,2021-04-21T20:00:00Z,20
2021-04-21,VAH,416.1872916666667,2021-04-21T20:00:00Z,20
2021-04-21,VAL,413.9277083333333,2021-04-21T20:00:00Z,20
2021-04-22,POC,415.720625,2021-04-22T20:00:00Z,27
2021-04-22,VAH,416.66229166666665,2021-04-22T20:00:00Z,27
2021-04-22,VAL,412.66020833333334,2021-04-22T20:00:00Z,27
2021-04-23,POC,416.99875000000003,2021-04-23T20:00:00Z,34
2021-04-23,VAH,418.13625,2021-04-23T20:00:00Z,34
2021-04-23,VAL,415.86125,2021-04-23T20:00:00Z,34
2021-04-26,POC,417.72520833333334,2021-04-26T20:00:00Z,41
2021-04-26,VAH,418.0897916666667,2021-04-26T20:00:00Z,41
2021-04-26,VAL,417.4647916666667,2021-04-26T20:00:00Z,41
2021-04-27,POC,417.2583333333333,2021-04-27T20:00:00Z,48
2021-04-27,VAH,417.795,2021-04-27T20:00:00Z,48
2021-04-27,VAL,417.0283333333333,2021-04-27T20:00:00Z,48
2021-04-28,POC,417.73520833333333,2021-04-28T20:00:00Z,55
2021-04-28,VAH,418.17479166666664,2021-04-28T20:00:00Z,55
2021-04-28,VAL,417.2077083333333,2021-04-28T20:00:00Z,55
2021-04-29,POC,419.56083333333333,2021-04-29T20:00:00Z,62
2021-04-29,VAH,420.45250000000004,2021-04-29T20:00:00Z,62
2021-04-29,VAL,418.13416666666666,2021-04-29T20:00:00Z,62
2021-04-30,POC,417.39416666666665,2021-04-30T20:00:00Z,69
2021-04-30,VAH,417.7608333333333,2021-04-30T20:00:00Z,69
2021-04-30,VAL,416.7525,2021-04-30T20:00:00Z,69
2021-05-03,POC,418.61375,2021-05-03T20:00:00Z,76
2021-05-03,VAH,419.15875,2021-05-03T20:00:00Z,76
2021-05-03,VAL,418.2504166666667,2021-05-03T20:00:00Z,76
2021-05-04,POC,413.4160416666667,2021-05-04T20:00:00Z,83
2021-05-04,VAH,414.6485416666667,2021-05-04T20:00:00Z,83
2021-05-04,VAL,412.594375,2021-05-04T20:00:00Z,83
2021-05-05,POC,416.5652083333333,2021-05-05T20:00:00Z,90
2021-05-05,VAH,417.23770833333333,2021-05-05T20:00:00Z,90
2021-05-05,VAL,415.780625,2021-05-05T20:00:00Z,90
2021-05-06,POC,416.55541666666664,2021-05-06T20:00:00Z,97
2021-05-06,VAH,417.47875,2021-05-06T20:00:00Z,97
2021-05-06,VAL,414.93958333333336,2021-05-06T20:00:00Z,97
2021-05-07,POC,421.98125,2021-05-07T20:00:00Z,104
2021-05-07,VAH,422.74375,2021-05-07T20:00:00Z,104
2021-05-07,VAL,421.67625,2021-05-07T20:00:00Z,104
2021-05-10,POC,421.61020833333333,2021-05-10T20:00:00Z,111
2021-05-10,VAH,422.63729166666667,2021-05-10T20:00:00Z,111
2021-05-10,VAL,419.350625,2021-05-10T20:00:00Z,111
2021-05-11,POC,413.2077083333333,2021-05-11T20:00:00Z,118
2021-05-11,VAH,414.72729166666664,2021-05-11T20:00:00Z,118
2021-05-11,VAL,412.55645833333335,2021-05-11T20:00:00Z,118
2021-05-12,POC,407.4002083333333,2021-05-12T20:00:00Z,125
2021-05-12,VAH,408.83187499999997,2021-05-12T20:00:00Z,125
2021-05-12,VAL,404.17895833333336,2021-05-12T20:00:00Z,125
2021-05-13,POC,410.2402083333333,2021-05-13T20:00:00Z,132
2021-05-13,VAH,412.016875,2021-05-13T20:00:00Z,132
2021-05-13,VAL,409.79604166666667,2021-05-13T20:00:00Z,132
2021-05-14,POC,416.32270833333337,2021-05-14T20:00:00Z,139
2021-05-14,VAH,417.40020833333335,2021-05-14T20:00:00Z,139
2021-05-14,VAL,415.065625,2021-05-14T20:00:00Z,139
2021-05-17,POC,414.811875,2021-05-17T20:00:00Z,146
2021-05-17,VAH,415.569375,2021-05-17T20:00:00Z,146
2021-05-17,VAL,414.306875,2021-05-17T20:00:00Z,146
2021-05-18,POC,414.898125,2021-05-18T20:00:00Z,153
2021-05-18,VAH,415.970625,2021-05-18T20:00:00Z,153
2021-05-18,VAL,413.825625,2021-05-18T20:00:00Z,153
2021-05-19,POC,407.59416666666664,2021-05-19T20:00:00Z,160
2021-05-19,VAH,409.2625,2021-05-19T20:00:00Z,160
2021-05-19,VAL,405.92583333333334,2021-05-19T20:00:00Z,160
2021-05-20,POC,415.08,2021-05-20T20:00:00Z,167
2021-05-20,VAH,416.52666666666664,2021-05-20T20:00:00Z,167
2021-05-20,VAL,414.25333333333333,2021-05-20T20:00:00Z,167
2021-05-21,POC,415.778125,2021-05-21T20:00:00Z,174
2021-05-21,VAH,416.871875,2021-05-21T20:00:00Z,174
2021-05-21,VAL,414.684375,2021-05-21T20:00:00Z,174
2021-05-24,POC,419.1725,2021-05-24T20:00:00Z,181
2021-05-24,VAH,420.1175,2021-05-24T20:00:00Z,181
2021-05-24,VAL,418.9025,2021-05-24T20:00:00Z,181
2021-05-25,POC,418.714375,2021-05-25T20:00:00Z,188
2021-05-25,VAH,419.486875,2021-05-25T20:00:00Z,188
2021-05-25,VAL,418.199375,2021-05-25T20:00:00Z,188
2021-05-26,POC,419.18604166666665,2021-05-26T20:00:00Z,195
2021-05-26,VAH,419.18604166666665,2021-05-26T20:00:00Z,195
2021-05-26,VAL,418.569375,2021-05-26T20:00:00Z,195
2021-05-27,POC,419.9533333333334,2021-05-27T20:00:00Z,202
2021-05-27,VAH,420.22,2021-05-27T20:00:00Z,202
2021-05-27,VAL,419.35333333333335,2021-05-27T20:00:00Z,202
2021-05-28,POC,420.8545833333333,2021-05-28T20:00:00Z,209
2021-05-28,VAH,421.0370833333333,2021-05-28T20:00:00Z,209
2021-05-28,VAL,420.3679166666667,2021-05-28T20:00:00Z,209
2021-06-01,POC,419.7133333333333,2021-06-01T20:00:00Z,216
2021-06-01,VAH,420.44666666666666,2021-06-01T20:00:00Z,216
2021-06-01,VAL,419.42,2021-06-01T20:00:00Z,216
2021-06-02,POC,420.46208333333334,2021-06-02T20:00:00Z,223
2021-06-02,VAH,420.46208333333334,2021-06-02T20:00:00Z,223
2021-06-02,VAL,419.5729166666667,2021-06-02T20:00:00Z,223
2021-06-03,POC,419.13979166666667,2021-06-03T20:00:00Z,230
2021-06-03,VAH,419.91270833333334,2021-06-03T20:00:00Z,230
2021-06-03,VAL,418.366875,2021-06-03T20:00:00Z,230
2021-06-04,POC,422.31333333333333,2021-06-04T20:00:00Z,237
2021-06-04,VAH,422.87333333333333,2021-06-04T20:00:00Z,237
2021-06-04,VAL,421.66,2021-06-04T20:00:00Z,237
2021-06-07,POC,421.819375,2021-06-07T20:00:00Z,244
2021-06-07,VAH,422.21687499999996,2021-06-07T20:00:00Z,244
2021-06-07,VAL,421.421875,2021-06-07T20:00:00Z,244
2021-06-08,POC,422.21229166666666,2021-06-08T20:00:00Z,251
2021-06-08,VAH,422.8227083333333,2021-06-08T20:00:00Z,251
2021-06-08,VAL,421.7239583333333,2021-06-08T20:00:00Z,251
2021-06-09,POC,422.450625,2021-06-09T20:00:00Z,258
2021-06-09,VAH,423.0672916666667,2021-06-09T20:00:00Z,258
2021-06-09,VAL,422.29645833333336,2021-06-09T20:00:00Z,258
2021-06-10,POC,423.5391666666667,2021-06-10T20:00:00Z,265
2021-06-10,VAH,424.0525,2021-06-10T20:00:00Z,265
2021-06-10,VAL,423.1541666666667,2021-06-10T20:00:00Z,265
2021-06-11,POC,423.4533333333333,2021-06-11T20:00:00Z,272
2021-06-11,VAH,424.25333333333333,2021-06-11T20:00:00Z,272
2021-06-11,VAL,423.38666666666666,2021-06-11T20:00:00Z,272
2021-06-14,POC,423.419375,2021-06-14T20:00:00Z,279
2021-06-14,VAH,424.058125,2021-06-14T20:00:00Z,279
2021-06-14,VAL,423.145625,2021-06-14T20:00:00Z,279
2021-06-15,POC,424.46,2021-06-15T20:00:00Z,286
2021-06-15,VAH,424.86,2021-06-15T20:00:00Z,286
2021-06-15,VAL,424.06,2021-06-15T20:00:00Z,286
2021-06-16,POC,422.5077083333333,2021-06-16T20:00:00Z,293
2021-06-16,VAH,423.53479166666665,2021-06-16T20:00:00Z,293
2021-06-16,VAL,420.864375,2021-06-16T20:00:00Z,293
2021-06-17,POC,421.70958333333334,2021-06-17T20:00:00Z,300
2021-06-17,VAH,422.94291666666663,2021-06-17T20:00:00Z,300
2021-06-17,VAL,421.55541666666664,2021-06-17T20:00:00Z,300
2021-06-18,POC,416.3302083333333,2021-06-18T20:00:00Z,307
2021-06-18,VAH,417.11270833333333,2021-06-18T20:00:00Z,307
2021-06-18,VAL,415.80854166666666,2021-06-18T20:00:00Z,307
2021-06-21,POC,420.311875,2021-06-21T20:00:00Z,314
2021-06-21,VAH,420.953125,2021-06-21T20:00:00Z,314
2021-06-21,VAL,419.456875,2021-06-21T20:00:00Z,314
2021-06-22,POC,422.28499999999997,2021-06-22T20:00:00Z,321
2021-06-22,VAH,423.91833333333335,2021-06-22T20:00:00Z,321
2021-06-22,VAL,421.795,2021-06-22T20:00:00Z,321
2021-06-23,POC,423.24791666666664,2021-06-23T20:00:00Z,328
2021-06-23,VAH,423.69708333333335,2021-06-23T20:00:00Z,328
2021-06-23,VAL,423.05541666666664,2021-06-23T20:00:00Z,328
2021-06-24,POC,425.104375,2021-06-24T20:00:00Z,335
2021-06-24,VAH,425.298125,2021-06-24T20:00:00Z,335
2021-06-24,VAL,424.833125,2021-06-24T20:00:00Z,335
2021-06-25,POC,426.421875,2021-06-25T20:00:00Z,342
2021-06-25,VAH,426.87395833333335,2021-06-25T20:00:00Z,342
2021-06-25,VAL,425.9697916666667,2021-06-25T20:00:00Z,342
2021-06-28,POC,426.7333333333333,2021-06-28T20:00:00Z,349
2021-06-28,VAH,427.02666666666664,2021-06-28T20:00:00Z,349
2021-06-28,VAL,426.14666666666665,2021-06-28T20:00:00Z,349
2021-06-29,POC,427.934375,2021-06-29T20:00:00Z,356
2021-06-29,VAH,428.23229166666664,2021-06-29T20:00:00Z,356
2021-06-29,VAL,427.51729166666667,2021-06-29T20:00:00Z,356
2021-06-30,POC,427.88,2021-06-30T20:00:00Z,363
2021-06-30,VAH,428.4133333333333,2021-06-30T20:00:00Z,363
2021-06-30,VAL,427.74666666666667,2021-06-30T20:00:00Z,363
2021-07-01,POC,429.4375,2021-07-01T20:00:00Z,370
2021-07-01,VAH,430.1875,2021-07-01T20:00:00Z,370
2021-07-01,VAL,428.83750000000003,2021-07-01T20:00:00Z,370
2021-07-02,POC,433.234375,2021-07-02T20:00:00Z,377
2021-07-02,VAH,434.0422916666667,2021-07-02T20:00:00Z,377
2021-07-02,VAL,432.31104166666665,2021-07-02T20:00:00Z,377
2021-07-06,POC,430.9266666666667,2021-07-06T20:00:00Z,384
2021-07-06,VAH,432.5933333333333,2021-07-06T20:00:00Z,384
2021-07-06,VAL,430.4266666666667,2021-07-06T20:00:00Z,384
2021-07-07,POC,434.150625,2021-07-07T20:00:00Z,391
2021-07-07,VAH,434.6922916666667,2021-07-07T20:00:00Z,391
2021-07-07,VAL,433.4735416666667,2021-07-07T20:00:00Z,391
2021-07-08,POC,430.940625,2021-07-08T20:00:00Z,398
2021-07-08,VAH,431.11604166666666,2021-07-08T20:00:00Z,398
2021-07-08,VAL,428.66020833333334,2021-07-08T20:00:00Z,398
2021-07-09,POC,435.3252083333333,2021-07-09T20:00:00Z,405
2021-07-09,VAH,435.76645833333333,2021-07-09T20:00:00Z,405
2021-07-09,VAL,434.295625,2021-07-09T20:00:00Z,405
2021-07-12,POC,436.7054166666667,2021-07-12T20:00:00Z,412
2021-07-12,VAH,437.3004166666667,2021-07-12T20:00:00Z,412
2021-07-12,VAL,436.40791666666667,2021-07-12T20:00:00Z,412
2021-07-13,POC,436.20604166666664,2021-07-13T20:00:00Z,419
2021-07-13,VAH,437.049375,2021-07-13T20:00:00Z,419
2021-07-13,VAL,435.57354166666664,2021-07-13T20:00:00Z,419
2021-07-14,POC,436.47770833333334,2021-07-14T20:00:00Z,426
2021-07-14,VAH,437.1047916666667,2021-07-14T20:00:00Z,426
2021-07-14,VAL,435.9760416666667,2021-07-14T20:00:00Z,426
2021-07-15,POC,434.18354166666666,2021-07-15T20:00:00Z,433
2021-07-15,VAH,435.23729166666664,2021-07-15T20:00:00Z,433
2021-07-15,VAL,434.06645833333334,2021-07-15T20:00:00Z,433
2021-07-16,POC,433.59708333333333,2021-07-16T20:00:00Z,440
2021-07-16,VAH,434.2395833333333,2021-07-16T20:00:00Z,440
2021-07-16,VAL,431.4554166666667,2021-07-16T20:00:00Z,440
2021-07-19,POC,422.66125,2021-07-19T20:00:00Z,447
2021-07-19,VAH,424.63625,2021-07-19T20:00:00Z,447
2021-07-19,VAL,422.46375,2021-07-19T20:00:00Z,447
2021-07-20,POC,430.996875,2021-07-20T20:00:00Z,454
2021-07-20,VAH,432.26187500000003,2021-07-20T20:00:00Z,454
2021-07-20,VAL,430.048125,2021-07-20T20:00:00Z,454
2021-07-21,POC,433.58,2021-07-21T20:00:00Z,461
2021-07-21,VAH,434.21999999999997,2021-07-21T20:00:00Z,461
2021-07-21,VAL,433.26,2021-07-21T20:00:00Z,461
2021-07-22,POC,435.17020833333333,2021-07-22T20:00:00Z,468
2021-07-22,VAH,435.6777083333334,2021-07-22T20:00:00Z,468
2021-07-22,VAL,434.49354166666666,2021-07-22T20:00:00Z,468
2021-07-23,POC,439.349375,2021-07-23T20:00:00Z,475
2021-07-23,VAH,440.226875,2021-07-23T20:00:00Z,475
2021-07-23,VAL,438.325625,2021-07-23T20:00:00Z,475
2021-07-26,POC,440.47687499999995,2021-07-26T20:00:00Z,482
2021-07-26,VAH,440.99312499999996,2021-07-26T20:00:00Z,482
2021-07-26,VAL,439.960625,2021-07-26T20:00:00Z,482
2021-07-27,POC,438.5410416666667,2021-07-27T20:00:00Z,489
2021-07-27,VAH,439.03479166666665,2021-07-27T20:00:00Z,489
2021-07-27,VAL,436.89520833333336,2021-07-27T20:00:00Z,489
2021-07-28,POC,438.8672916666667,2021-07-28T20:00:00Z,496
2021-07-28,VAH,439.6147916666667,2021-07-28T20:00:00Z,496
2021-07-28,VAL,438.36895833333335,2021-07-28T20:00:00Z,496
2021-07-29,POC,441.178125,2021-07-29T20:00:00Z,503
2021-07-29,VAH,441.5097916666667,2021-07-29T20:00:00Z,503
2021-07-29,VAL,440.680625,2021-07-29T20:00:00Z,503
2021-07-30,POC,438.58104166666664,2021-07-30T20:00:00Z,510
2021-07-30,VAH,438.86729166666663,2021-07-30T20:00:00Z,510
2021-07-30,VAL,438.00854166666664,2021-07-30T20:00:00Z,510
2021-08-02,POC,438.8375,2021-08-02T20:00:00Z,517
2021-08-02,VAH,439.7675,2021-08-02T20:00:00Z,517
2021-08-02,VAL,437.28749999999997,2021-08-02T20:00:00Z,517
2021-08-03,POC,440.52458333333334,2021-08-03T20:00:00Z,524
2021-08-03,VAH,441.1720833333333,2021-08-03T20:00:00Z,524
2021-08-03,VAL,437.93458333333336,2021-08-03T20:00:00Z,524
2021-08-04,POC,439.605,2021-08-04T20:00:00Z,531
2021-08-04,VAH,439.95500000000004,2021-08-04T20:00:00Z,531
2021-08-04,VAL,439.185,2021-08-04T20:00:00Z,531
2021-08-05,POC,440.741875,2021-08-05T20:00:00Z,538
2021-08-05,VAH,441.15229166666666,2021-08-05T20:00:00Z,538
2021-08-05,VAL,440.4135416666667,2021-08-05T20:00:00Z,538
2021-08-06,POC,442.48875,2021-08-06T20:00:00Z,545
2021-08-06,VAH,442.63125,2021-08-06T20:00:00Z,545
2021-08-06,VAL,442.06125000000003,2021-08-06T20:00:00Z,545
2021-08-09,POC,442.21020833333336,2021-08-09T20:00:00Z,552
2021-08-09,VAH,442.64479166666666,2021-08-09T20:00:00Z,552
2021-08-09,VAL,441.961875,2021-08-09T20:00:00Z,552
2021-08-10,POC,442.7575,2021-08-10T20:00:00Z,559
2021-08-10,VAH,443.0175,2021-08-10T20:00:00Z,559
2021-08-10,VAL,442.3025,2021-08-10T20:00:00Z,559
2021-08-11,POC,443.38729166666667,2021-08-11T20:00:00Z,566
2021-08-11,VAH,443.7577083333333,2021-08-11T20:00:00Z,566
2021-08-11,VAL,443.2285416666667,2021-08-11T20:00:00Z,566
2021-08-12,POC,444.7725,2021-08-12T20:00:00Z,573
2021-08-12,VAH,445.2058333333333,2021-08-12T20:00:00Z,573
2021-08-12,VAL,443.5808333333334,2021-08-12T20:00:00Z,573
2021-08-13,POC,445.41041666666666,2021-08-13T20:00:00Z,580
2021-08-13,VAH,445.73291666666665,2021-08-13T20:00:00Z,580
2021-08-13,VAL,445.33875,2021-08-13T20:00:00Z,580
2021-08-16,POC,444.195,2021-08-16T20:00:00Z,587
2021-08-16,VAH,445.9616666666667,2021-08-16T20:00:00Z,587
2021-08-16,VAL,442.9583333333333,2021-08-16T20:00:00Z,587
2021-08-17,POC,443.333125,2021-08-17T20:00:00Z,594
2021-08-17,VAH,444.874375,2021-08-17T20:00:00Z,594
2021-08-17,VAL,442.648125,2021-08-17T20:00:00Z,594
2021-08-18,POC,443.559375,2021-08-18T20:00:00Z,601
2021-08-18,VAH,444.273125,2021-08-18T20:00:00Z,601
2021-08-18,VAL,441.6560416666667,2021-08-18T20:00:00Z,601
2021-08-19,POC,439.15291666666667,2021-08-19T20:00:00Z,608
2021-08-19,VAH,441.03541666666666,2021-08-19T20:00:00Z,608
2021-08-19,VAL,438.5254166666667,2021-08-19T20:00:00Z,608
2021-08-20,POC,442.7933333333333,2021-08-20T20:00:00Z,615
2021-08-20,VAH,443.62666666666667,2021-08-20T20:00:00Z,615
2021-08-20,VAL,442.2933333333333,2021-08-20T20:00:00Z,615
2021-08-23,POC,447.650625,2021-08-23T20:00:00Z,622
2021-08-23,VAH,448.16562500000003,2021-08-23T20:00:00Z,622
2021-08-23,VAL,447.135625,2021-08-23T20:00:00Z,622
2021-08-24,POC,448.19,2021-08-24T20:00:00Z,629
2021-08-24,VAH,448.37666666666667,2021-08-24T20:00:00Z,629
2021-08-24,VAL,447.81666666666666,2021-08-24T20:00:00Z,629
2021-08-25,POC,449.0022916666666,2021-08-25T20:00:00Z,636
2021-08-25,VAH,449.42479166666664,2021-08-25T20:00:00Z,636
2021-08-25,VAL,448.7910416666667,2021-08-25T20:00:00Z,636
2021-08-26,POC,446.66625000000005,2021-08-26T20:00:00Z,643
2021-08-26,VAH,447.56625,2021-08-26T20:00:00Z,643
2021-08-26,VAL,446.21625,2021-08-26T20:00:00Z,643
2021-08-27,POC,450.1264583333333,2021-08-27T20:00:00Z,650
2021-08-27,VAH,450.5752083333333,2021-08-27T20:00:00Z,650
2021-08-27,VAL,449.2289583333333,2021-08-27T20:00:00Z,650
2021-08-30,POC,452.6275,2021-08-30T20:00:00Z,657
2021-08-30,VAH,453.0208333333333,2021-08-30T20:00:00Z,657
2021-08-30,VAL,452.3325,2021-08-30T20:00:00Z,657
2021-08-31,POC,451.6722916666667,2021-08-31T20:00:00Z,664
2021-08-31,VAH,451.93395833333335,2021-08-31T20:00:00Z,664
2021-08-31,VAL,451.214375,2021-08-31T20:00:00Z,664
2021-09-01,POC,452.35770833333333,2021-09-01T20:00:00Z,671
2021-09-01,VAH,452.6847916666667,2021-09-01T20:00:00Z,671
2021-09-01,VAL,451.89979166666666,2021-09-01T20:00:00Z,671
2021-09-02,POC,453.2029166666667,2021-09-02T20:00:00Z,678
2021-09-02,VAH,453.7379166666667,2021-09-02T20:00:00Z,678
2021-09-02,VAL,452.57875,2021-09-02T20:00:00Z,678
2021-09-03,POC,452.8933333333333,2021-09-03T20:00:00Z,685
2021-09-03,VAH,453.41333333333336,2021-09-03T20:00:00Z,685
2021-09-03,VAL,452.46,2021-09-03T20:00:00Z,685
2021-09-07,POC,451.731875,2021-09-07T20:00:00Z,692
2021-09-07,VAH,452.249375,2021-09-07T20:00:00Z,692
2021-09-07,VAL,451.300625,2021-09-07T20:00:00Z,692
2021-09-08,POC,450.440625,2021-09-08T20:00:00Z,699
2021-09-08,VAH,451.143125,2021-09-08T20:00:00Z,699
2021-09-08,VAL,449.85520833333334,2021-09-08T20:00:00Z,699
2021-09-09,POC,448.96062500000005,2021-09-09T20:00:00Z,706
2021-09-09,VAH,451.04604166666667,2021-09-09T20:00:00Z,706
2021-09-09,VAL,448.8002083333334,2021-09-09T20:00:00Z,706
2021-09-10,POC,447.75625,2021-09-10T20:00:00Z,713
2021-09-10,VAH,449.30125,2021-09-10T20:00:00Z,713
2021-09-10,VAL,446.46875,2021-09-10T20:00:00Z,713
2021-09-13,POC,445.01187500000003,2021-09-13T20:00:00Z,720
2021-09-13,VAH,446.6152083333333,2021-09-13T20:00:00Z,720
2021-09-13,VAL,444.61104166666667,2021-09-13T20:00:00Z,720
2021-09-14,POC,443.9666666666667,2021-09-14T20:00:00Z,727
2021-09-14,VAH,445.46,2021-09-14T20:00:00Z,727
2021-09-14,VAL,443.3266666666667,2021-09-14T20:00:00Z,727
2021-09-15,POC,447.2710416666667,2021-09-15T20:00:00Z,734
2021-09-15,VAH,448.30645833333335,2021-09-15T20:00:00Z,734
2021-09-15,VAL,445.20020833333336,2021-09-15T20:00:00Z,734
2021-09-16,POC,447.00375,2021-09-16T20:00:00Z,741
2021-09-16,VAH,448.26958333333334,2021-09-16T20:00:00Z,741
2021-09-16,VAL,445.5570833333333,2021-09-16T20:00:00Z,741
2021-09-17,POC,442.01687499999997,2021-09-17T20:00:00Z,748
2021-09-17,VAH,442.741875,2021-09-17T20:00:00Z,748
2021-09-17,VAL,441.11062499999997,2021-09-17T20:00:00Z,748
2021-09-20,POC,433.8329166666667,2021-09-20T20:00:00Z,755
2021-09-20,VAH,435.7579166666667,2021-09-20T20:00:00Z,755
2021-09-20,VAL,431.58708333333334,2021-09-20T20:00:00Z,755
2021-09-21,POC,435.59083333333336,2021-09-21T20:00:00Z,762
2021-09-21,VAH,435.9941666666667,2021-09-21T20:00:00Z,762
2021-09-21,VAL,433.7758333333333,2021-09-21T20:00:00Z,762
2021-09-22,POC,437.85999999999996,2021-09-22T20:00:00Z,769
2021-09-22,VAH,439.09999999999997,2021-09-22T20:00:00Z,769
2021-09-22,VAL,437.0333333333333,2021-09-22T20:00:00Z,769
2021-09-23,POC,443.6777083333333,2021-09-23T20:00:00Z,776
2021-09-23,VAH,444.3389583333333,2021-09-23T20:00:00Z,776
2021-09-23,VAL,442.79604166666667,2021-09-23T20:00:00Z,776
2021-09-24,POC,443.30041666666665,2021-09-24T20:00:00Z,783
2021-09-24,VAH,444.02125,2021-09-24T20:00:00Z,783
2021-09-24,VAL,442.57958333333335,2021-09-24T20:00:00Z,783
2021-09-27,POC,443.109375,2021-09-27T20:00:00Z,790
2021-09-27,VAH,443.46770833333335,2021-09-27T20:00:00Z,790
2021-09-27,VAL,442.3927083333333,2021-09-27T20:00:00Z,790
2021-09-28,POC,434.86291666666665,2021-09-28T20:00:00Z,797
2021-09-28,VAH,436.04625,2021-09-28T20:00:00Z,797
2021-09-28,VAL,433.0879166666667,2021-09-28T20:00:00Z,797
2021-09-29,POC,435.51145833333334,2021-09-29T20:00:00Z,804
2021-09-29,VAH,436.44187500000004,2021-09-29T20:00:00Z,804
2021-09-29,VAL,434.5810416666667,2021-09-29T20:00:00Z,804
2021-09-30,POC,431.9427083333333,2021-09-30T20:00:00Z,811
2021-09-30,VAH,433.60729166666664,2021-09-30T20:00:00Z,811
2021-09-30,VAL,429.9452083333333,2021-09-30T20:00:00Z,811
2021-10-01,POC,433.6539583333334,2021-10-01T20:00:00Z,818
2021-10-01,VAH,435.85645833333336,2021-10-01T20:00:00Z,818
2021-10-01,VAL,429.98312500000003,2021-10-01T20:00:00Z,818
2021-10-04,POC,427.46833333333336,2021-10-04T20:00:00Z,825
2021-10-04,VAH,428.735,2021-10-04T20:00:00Z,825
2021-10-04,VAL,426.5183333333334,2021-10-04T20:00:00Z,825
2021-10-05,POC,434.60041666666666,2021-10-05T20:00:00Z,832
2021-10-05,VAH,435.36291666666665,2021-10-05T20:00:00Z,832
2021-10-05,VAL,433.0754166666667,2021-10-05T20:00:00Z,832
2021-10-06,POC,429.27708333333334,2021-10-06T20:00:00Z,839
2021-10-06,VAH,432.75125,2021-10-06T20:00:00Z,839
2021-10-06,VAL,427.6979166666667,2021-10-06T20:00:00Z,839
2021-10-07,POC,440.7375,2021-10-07T20:00:00Z,846
2021-10-07,VAH,441.6075,2021-10-07T20:00:00Z,846
2021-10-07,VAL,439.5775,2021-10-07T20:00:00Z,846
2021-10-08,POC,438.25875,2021-10-08T20:00:00Z,853
2021-10-08,VAH,439.15875,2021-10-08T20:00:00Z,853
2021-10-08,VAL,437.92125,2021-10-08T20:00:00Z,853
2021-10-11,POC,436.8525,2021-10-11T20:00:00Z,860
2021-10-11,VAH,438.7325,2021-10-11T20:00:00Z,860
2021-10-11,VAL,434.7375,2021-10-11T20:00:00Z,860
2021-10-12,POC,434.09416666666664,2021-10-12T20:00:00Z,867
2021-10-12,VAH,435.2008333333333,2021-10-12T20:00:00Z,867
2021-10-12,VAL,433.6791666666667,2021-10-12T20:00:00Z,867
2021-10-13,POC,434.07687500000003,2021-10-13T20:00:00Z,874
2021-10-13,VAH,435.39229166666667,2021-10-13T20:00:00Z,874
2021-10-13,VAL,433.32520833333336,2021-10-13T20:00:00Z,874
2021-10-14,POC,442.065,2021-10-14T20:00:00Z,881
2021-10-14,VAH,442.57500000000005,2021-10-14T20:00:00Z,881
2021-10-14,VAL,440.875,2021-10-14T20:00:00Z,881
2021-10-15,POC,445.58187499999997,2021-10-15T20:00:00Z,888
2021-10-15,VAH,446.124375,2021-10-15T20:00:00Z,888
2021-10-15,VAL,444.94895833333334,2021-10-15T20:00:00Z,888
2021-10-18,POC,446.7475,2021-10-18T20:00:00Z,895
2021-10-18,VAH,447.46083333333337,2021-10-18T20:00:00Z,895
2021-10-18,VAL,445.85583333333335,2021-10-18T20:00:00Z,895
2021-10-19,POC,450.143125,2021-10-19T20:00:00Z,902
2021-10-19,VAH,450.64937499999996,2021-10-19T20:00:00Z,902
2021-10-19,VAL,449.636875,2021-10-19T20:00:00Z,902
2021-10-20,POC,451.766875,2021-10-20T20:00:00Z,909
2021-10-20,VAH,452.48770833333333,2021-10-20T20:00:00Z,909
2021-10-20,VAL,451.6947916666667,2021-10-20T20:00:00Z,909
2021-10-21,POC,451.8875,2021-10-21T20:00:00Z,916
2021-10-21,VAH,452.8325,2021-10-21T20:00:00Z,916
2021-10-21,VAL,451.6775,2021-10-21T20:00:00Z,916
2021-10-22,POC,453.3879166666667,2021-10-22T20:00:00Z,923
2021-10-22,VAH,453.99125000000004,2021-10-22T20:00:00Z,923
2021-10-22,VAL,452.63375,2021-10-22T20:00:00Z,923
2021-10-25,POC,455.241875,2021-10-25T20:00:00Z,930
2021-10-25,VAH,455.826875,2021-10-25T20:00:00Z,930
2021-10-25,VAL,454.218125,2021-10-25T20:00:00Z,930
2021-10-26,POC,457.208125,2021-10-26T20:00:00Z,937
2021-10-26,VAH,457.45229166666667,2021-10-26T20:00:00Z,937
2021-10-26,VAL,455.9872916666667,2021-10-26T20:00:00Z,937
2021-10-27,POC,456.12875,2021-10-27T20:00:00Z,944
2021-10-27,VAH,457.09125,2021-10-27T20:00:00Z,944
2021-10-27,VAL,455.57875,2021-10-27T20:00:00Z,944
2021-10-28,POC,457.35520833333334,2021-10-28T20:00:00Z,951
2021-10-28,VAH,457.96979166666665,2021-10-28T20:00:00Z,951
2021-10-28,VAL,456.74062499999997,2021-10-28T20:00:00Z,951
2021-10-29,POC,458.4766666666667,2021-10-29T20:00:00Z,958
2021-10-29,VAH,459.1433333333333,2021-10-29T20:00:00Z,958
2021-10-29,VAL,457.4766666666667,2021-10-29T20:00:00Z,958
2021-11-01,POC,459.4027083333333,2021-11-01T20:00:00Z,965
2021-11-01,VAH,460.0302083333333,2021-11-01T20:00:00Z,965
2021-11-01,VAL,458.7752083333333,2021-11-01T20:00:00Z,965
2021-11-02,POC,461.37895833333334,2021-11-02T20:00:00Z,972
2021-11-02,VAH,462.0060416666667,2021-11-02T20:00:00Z,972
2021-11-02,VAL,461.289375,2021-11-02T20:00:00Z,972
2021-11-03,POC,461.28,2021-11-03T20:00:00Z,979
2021-11-03,VAH,463.97999999999996,2021-11-03T20:00:00Z,979
2021-11-03,VAL,460.91999999999996,2021-11-03T20:00:00Z,979
2021-11-04,POC,466.204375,2021-11-04T20:00:00Z,986
2021-11-04,VAH,466.539375,2021-11-04T20:00:00Z,986
2021-11-04,VAL,465.618125,2021-11-04T20:00:00Z,986
2021-11-05,POC,469.018125,2021-11-05T20:00:00Z,993
2021-11-05,VAH,469.79520833333333,2021-11-05T20:00:00Z,993
2021-11-05,VAL,467.9302083333333,2021-11-05T20:00:00Z,993
2021-11-08,POC,469.00354166666665,2021-11-08T21:00:00Z,1000
2021-11-08,VAH,469.5110416666667,2021-11-08T21:00:00Z,1000
2021-11-08,VAL,468.66520833333334,2021-11-08T21:00:00Z,1000
2021-11-09,POC,466.571875,2021-11-09T21:00:00Z,1007
2021-11-09,VAH,467.494375,2021-11-09T21:00:00Z,1007
2021-11-09,VAL,466.264375,2021-11-09T21:00:00Z,1007
2021-11-10,POC,463.93125000000003,2021-11-10T21:00:00Z,1014
2021-11-10,VAH,465.93375,2021-11-10T21:00:00Z,1014
2021-11-10,VAL,462.15125,2021-11-10T21:00:00Z,1014
2021-11-11,POC,464.23125,2021-11-11T21:00:00Z,1021
2021-11-11,VAH,464.6804166666667,2021-11-11T21:00:00Z,1021
2021-11-11,VAL,463.91041666666666,2021-11-11T21:00:00Z,1021
2021-11-12,POC,466.688125,2021-11-12T21:00:00Z,1028
2021-11-12,VAH,467.781875,2021-11-12T21:00:00Z,1028
2021-11-12,VAL,466.063125,2021-11-12T21:00:00Z,1028
2021-11-15,POC,467.46625,2021-11-15T21:00:00Z,1035
2021-11-15,VAH,467.78875,2021-11-15T21:00:00Z,1035
2021-11-15,VAL,466.60625,2021-11-15T21:00:00Z,1035
2021-11-16,POC,469.84875,2021-11-16T21:00:00Z,1042
2021-11-16,VAH,470.27625,2021-11-16T21:00:00Z,1042
2021-11-16,VAL,468.99375,2021-11-16T21:00:00Z,1042
2021-11-17,POC,468.156875,2021-11-17T21:00:00Z,1049
2021-11-17,VAH,468.726875,2021-11-17T21:00:00Z,1049
2021-11-17,VAL,467.943125,2021-11-17T21:00:00Z,1049
2021-11-18,POC,469.321875,2021-11-18T21:00:00Z,1056
2021-11-18,VAH,469.93354166666666,2021-11-18T21:00:00Z,1056
2021-11-18,VAL,468.40437499999996,2021-11-18T21:00:00Z,1056
2021-11-19,POC,469.3641666666667,2021-11-19T21:00:00Z,1063
2021-11-19,VAH,469.8725,2021-11-19T21:00:00Z,1063
2021-11-19,VAL,468.75416666666666,2021-11-19T21:00:00Z,1063
2021-11-22,POC,470.831875,2021-11-22T21:00:00Z,1070
2021-11-22,VAH,472.63729166666667,2021-11-22T21:00:00Z,1070
2021-11-22,VAL,469.5422916666667,2021-11-22T21:00:00Z,1070
2021-11-23,POC,467.065625,2021-11-23T21:00:00Z,1077
2021-11-23,VAH,468.034375,2021-11-23T21:00:00Z,1077
2021-11-23,VAL,465.515625,2021-11-23T21:00:00Z,1077
2021-11-24,POC,468.38375,2021-11-24T21:00:00Z,1084
2021-11-24,VAH,469.47875,2021-11-24T21:00:00Z,1084
2021-11-24,VAL,467.10625,2021-11-24T21:00:00Z,1084
2021-11-26,POC,458.919375,2021-11-26T18:00:00Z,1088
2021-11-26,VAH,461.4735416666666,2021-11-26T18:00:00Z,1088
2021-11-26,VAL,458.919375,2021-11-26T18:00:00Z,1088
2021-11-29,POC,465.654375,2021-11-29T21:00:00Z,1095
2021-11-29,VAH,466.459375,2021-11-29T21:00:00Z,1095
2021-11-29,VAL,463.641875,2021-11-29T21:00:00Z,1095
2021-11-30,POC,456.936875,2021-11-30T21:00:00Z,1102
2021-11-30,VAH,459.119375,2021-11-30T21:00:00Z,1102
2021-11-30,VAL,455.845625,2021-11-30T21:00:00Z,1102
2021-12-01,POC,461.97375,2021-12-01T21:00:00Z,1109
2021-12-01,VAH,463.77125,2021-12-01T21:00:00Z,1109
2021-12-01,VAL,456.58125,2021-12-01T21:00:00Z,1109
2021-12-02,POC,456.3325,2021-12-02T21:00:00Z,1116
2021-12-02,VAH,458.8875,2021-12-02T21:00:00Z,1116
2021-12-02,VAL,455.2375,2021-12-02T21:00:00Z,1116
2021-12-03,POC,451.52791666666667,2021-12-03T21:00:00Z,1123
2021-12-03,VAH,453.4245833333334,2021-12-03T21:00:00Z,1123
2021-12-03,VAL,450.10541666666666,2021-12-03T21:00:00Z,1123
2021-12-06,POC,459.43437500000005,2021-12-06T21:00:00Z,1130
2021-12-06,VAH,460.63937500000003,2021-12-06T21:00:00Z,1130
2021-12-06,VAL,457.024375,2021-12-06T21:00:00Z,1130
2021-12-07,POC,468.02875,2021-12-07T21:00:00Z,1137
2021-12-07,VAH,468.78541666666666,2021-12-07T21:00:00Z,1137
2021-12-07,VAL,467.0829166666667,2021-12-07T21:00:00Z,1137
2021-12-08,POC,468.8772916666667,2021-12-08T21:00:00Z,1144
2021-12-08,VAH,469.2735416666667,2021-12-08T21:00:00Z,1144
2021-12-08,VAL,467.5564583333333,2021-12-08T21:00:00Z,1144
2021-12-09,POC,467.934375,2021-12-09T21:00:00Z,1151
2021-12-09,VAH,468.800625,2021-12-09T21:00:00Z,1151
2021-12-09,VAL,467.315625,2021-12-09T21:00:00Z,1151
2021-12-10,POC,468.61354166666666,2021-12-10T21:00:00Z,1158
2021-12-10,VAH,469.71104166666663,2021-12-10T21:00:00Z,1158
2021-12-10,VAL,468.0647916666667,2021-12-10T21:00:00Z,1158
2021-12-13,POC,467.431875,2021-12-13T21:00:00Z,1165
2021-12-13,VAH,468.325625,2021-12-13T21:00:00Z,1165
2021-12-13,VAL,466.71687499999996,2021-12-13T21:00:00Z,1165
2021-12-14,POC,461.050625,2021-12-14T21:00:00Z,1172
2021-12-14,VAH,463.566875,2021-12-14T21:00:00Z,1172
2021-12-14,VAL,460.593125,2021-12-14T21:00:00Z,1172
2021-12-15,POC,461.7941666666667,2021-12-15T21:00:00Z,1179
2021-12-15,VAH,466.0108333333333,2021-12-15T21:00:00Z,1179
2021-12-15,VAL,460.9508333333333,2021-12-15T21:00:00Z,1179
2021-12-16,POC,467.658125,2021-12-16T21:00:00Z,1186
2021-12-16,VAH,470.01187500000003,2021-12-16T21:00:00Z,1186
2021-12-16,VAL,464.968125,2021-12-16T21:00:00Z,1186
2021-12-17,POC,461.8175,2021-12-17T21:00:00Z,1193
2021-12-17,VAH,463.20916666666665,2021-12-17T21:00:00Z,1193
2021-12-17,VAL,460.1475,2021-12-17T21:00:00Z,1193
2021-12-20,POC,453.35875,2021-12-20T21:00:00Z,1200
2021-12-20,VAH,454.42375,2021-12-20T21:00:00Z,1200
2021-12-20,VAL,452.29375,2021-12-20T21:00:00Z,1200
2021-12-21,POC,461.62874999999997,2021-12-21T21:00:00Z,1207
2021-12-21,VAH,463.06624999999997,2021-12-21T21:00:00Z,1207
2021-12-21,VAL,458.75374999999997,2021-12-21T21:00:00Z,1207
2021-12-22,POC,466.17562499999997,2021-12-22T21:00:00Z,1214
2021-12-22,VAH,467.7010416666667,2021-12-22T21:00:00Z,1214
2021-12-22,VAL,465.521875,2021-12-22T21:00:00Z,1214
2021-12-23,POC,470.9327083333333,2021-12-23T21:00:00Z,1221
2021-12-23,VAH,471.8202083333333,2021-12-23T21:00:00Z,1221
2021-12-23,VAL,470.4889583333333,2021-12-23T21:00:00Z,1221
2021-12-27,POC,475.8745833333333,2021-12-27T21:00:00Z,1228
2021-12-27,VAH,477.19958333333335,2021-12-27T21:00:00Z,1228
2021-12-27,VAL,474.7704166666667,2021-12-27T21:00:00Z,1228
2021-12-28,POC,477.1485416666667,2021-12-28T21:00:00Z,1235
2021-12-28,VAH,477.7214583333333,2021-12-28T21:00:00Z,1235
2021-12-28,VAL,476.4610416666667,2021-12-28T21:00:00Z,1235
2021-12-29,POC,477.40500000000003,2021-12-29T21:00:00Z,1242
2021-12-29,VAH,478.065,2021-12-29T21:00:00Z,1242
2021-12-29,VAL,476.635,2021-12-29T21:00:00Z,1242
2021-12-30,POC,477.959375,2021-12-30T21:00:00Z,1249
2021-12-30,VAH,478.930625,2021-12-30T21:00:00Z,1249
2021-12-30,VAL,477.681875,2021-12-30T21:00:00Z,1249
2021-12-31,POC,475.901875,2021-12-31T21:00:00Z,1256
2021-12-31,VAH,476.44937500000003,2021-12-31T21:00:00Z,1256
2021-12-31,VAL,475.263125,2021-12-31T21:00:00Z,1256
2022-01-03,POC,476.6,2022-01-03T21:00:00Z,1263
2022-01-03,VAH,477.7666666666667,2022-01-03T21:00:00Z,1263
2022-01-03,VAL,475.6,2022-01-03T21:00:00Z,1263
2022-01-04,POC,477.505,2022-01-04T21:00:00Z,1270
2022-01-04,VAH,478.9716666666667,2022-01-04T21:00:00Z,1270
2022-01-04,VAL,476.77166666666665,2022-01-04T21:00:00Z,1270
2022-01-05,POC,476.16125,2022-01-05T21:00:00Z,1277
2022-01-05,VAH,477.77791666666667,2022-01-05T21:00:00Z,1277
2022-01-05,VAL,471.31125,2022-01-05T21:00:00Z,1277
2022-01-06,POC,468.68645833333335,2022-01-06T21:00:00Z,1284
2022-01-06,VAH,470.0339583333333,2022-01-06T21:00:00Z,1284
2022-01-06,VAL,468.0127083333333,2022-01-06T21:00:00Z,1284
2022-01-07,POC,466.640625,2022-01-07T21:00:00Z,1291
2022-01-07,VAH,467.778125,2022-01-07T21:00:00Z,1291
2022-01-07,VAL,466.071875,2022-01-07T21:00:00Z,1291
2022-01-10,POC,459.068125,2022-01-10T21:00:00Z,1298
2022-01-10,VAH,462.118125,2022-01-10T21:00:00Z,1298
2022-01-10,VAL,456.780625,2022-01-10T21:00:00Z,1298
2022-01-11,POC,468.38750000000005,2022-01-11T21:00:00Z,1305
2022-01-11,VAH,469.6875,2022-01-11T21:00:00Z,1305
2022-01-11,VAL,464.4875,2022-01-11T21:00:00Z,1305
2022-01-12,POC,470.80375,2022-01-12T21:00:00Z,1312
2022-01-12,VAH,471.69124999999997,2022-01-12T21:00:00Z,1312
2022-01-12,VAL,470.09375,2022-01-12T21:00:00Z,1312
2022-01-13,POC,466.7833333333333,2022-01-13T21:00:00Z,1319
2022-01-13,VAH,470.71666666666664,2022-01-13T21:00:00Z,1319
2022-01-13,VAL,465.21,2022-01-13T21:00:00Z,1319
2022-01-14,POC,462.170625,2022-01-14T21:00:00Z,1326
2022-01-14,VAH,464.116875,2022-01-14T21:00:00Z,1326
2022-01-14,VAL,461.52187499999997,2022-01-14T21:00:00Z,1326
2022-01-18,POC,457.150625,2022-01-18T21:00:00Z,1333
2022-01-18,VAH,458.700625,2022-01-18T21:00:00Z,1333
2022-01-18,VAL,456.569375,2022-01-18T21:00:00Z,1333
2022-01-19,POC,456.05,2022-01-19T21:00:00Z,1340
2022-01-19,VAH,458.09,2022-01-19T21:00:00Z,1340
2022-01-19,VAL,454.34999999999997,2022-01-19T21:00:00Z,1340
2022-01-20,POC,456.66333333333336,2022-01-20T21:00:00Z,1347
2022-01-20,VAH,458.4433333333333,2022-01-20T21:00:00Z,1347
2022-01-20,VAL,451.3233333333333,2022-01-20T21:00:00Z,1347
2022-01-21,POC,443.244375,2022-01-21T21:00:00Z,1354
2022-01-21,VAH,446.594375,2022-01-21T21:00:00Z,1354
2022-01-21,VAL,440.731875,2022-01-21T21:00:00Z,1354
2022-01-24,POC,430.16125,2022-01-24T21:00:00Z,1361
2022-01-24,VAH,433.43125,2022-01-24T21:00:00Z,1361
2022-01-24,VAL,425.25624999999997,2022-01-24T21:00:00Z,1361
2022-01-25,POC,430.030625,2022-01-25T21:00:00Z,1368
2022-01-25,VAH,436.315625,2022-01-25T21:00:00Z,1368
2022-01-25,VAL,429.506875,2022-01-25T21:00:00Z,1368
2022-01-26,POC,440.56125000000003,2022-01-26T21:00:00Z,1375
2022-01-26,VAH,443.72375,2022-01-26T21:00:00Z,1375
2022-01-26,VAL,434.86875000000003,2022-01-26T21:00:00Z,1375
2022-01-27,POC,432.73791666666665,2022-01-27T21:00:00Z,1382
2022-01-27,VAH,437.29041666666666,2022-01-27T21:00:00Z,1382
2022-01-27,VAL,429.7029166666667,2022-01-27T21:00:00Z,1382
2022-01-28,POC,435.79625,2022-01-28T21:00:00Z,1389
2022-01-28,VAH,437.56875,2022-01-28T21:00:00Z,1389
2022-01-28,VAL,430.47875,2022-01-28T21:00:00Z,1389
2022-01-31,POC,447.008125,2022-01-31T21:00:00Z,1396
2022-01-31,VAH,448.316875,2022-01-31T21:00:00Z,1396
2022-01-31,VAL,443.95437499999997,2022-01-31T21:00:00Z,1396
2022-02-01,POC,450.1404166666667,2022-02-01T21:00:00Z,1403
2022-02-01,VAH,450.97791666666666,2022-02-01T21:00:00Z,1403
2022-02-01,VAL,448.7445833333333,2022-02-01T21:00:00Z,1403
2022-02-02,POC,456.535625,2022-02-02T21:00:00Z,1410
2022-02-02,VAH,457.803125,2022-02-02T21:00:00Z,1410
2022-02-02,VAL,454.845625,2022-02-02T21:00:00Z,1410
2022-02-03,POC,450.09625,2022-02-03T21:00:00Z,1417
2022-02-03,VAH,452.21375,2022-02-03T21:00:00Z,1417
2022-02-03,VAL,448.58375,2022-02-03T21:00:00Z,1417
2022-02-04,POC,448.4914583333333,2022-02-04T21:00:00Z,1424
2022-02-04,VAH,451.10187499999995,2022-02-04T21:00:00Z,1424
2022-02-04,VAL,446.626875,2022-02-04T21:00:00Z,1424
2022-02-07,POC,448.74125000000004,2022-02-07T21:00:00Z,1431
2022-02-07,VAH,450.45458333333335,2022-02-07T21:00:00Z,1431
2022-02-07,VAL,447.88458333333335,2022-02-07T21:00:00Z,1431
2022-02-08,POC,449.5470833333334,2022-02-08T21:00:00Z,1438
2022-02-08,VAH,451.22208333333333,2022-02-08T21:00:00Z,1438
2022-02-08,VAL,448.15125,2022-02-08T21:00:00Z,1438
2022-02-09,POC,456.14,2022-02-09T21:00:00Z,1445
2022-02-09,VAH,456.98,2022-02-09T21:00:00Z,1445
2022-02-09,VAL,455.54,2022-02-09T21:00:00Z,1445
2022-02-10,POC,454.86354166666666,2022-02-10T21:00:00Z,1452
2022-02-10,VAH,456.17729166666663,2022-02-10T21:00:00Z,1452
2022-02-10,VAL,450.484375,2022-02-10T21:00:00Z,1452
2022-02-11,POC,440.78770833333334,2022-02-11T21:00:00Z,1459
2022-02-11,VAH,447.1227083333333,2022-02-11T21:00:00Z,1459
2022-02-11,VAL,439.20395833333333,2022-02-11T21:00:00Z,1459
2022-02-14,POC,438.86125,2022-02-14T21:00:00Z,1466
2022-02-14,VAH,440.42625000000004,2022-02-14T21:00:00Z,1466
2022-02-14,VAL,437.29625,2022-02-14T21:00:00Z,1466
2022-02-15,POC,444.7945833333333,2022-02-15T21:00:00Z,1473
2022-02-15,VAH,445.8279166666666,2022-02-15T21:00:00Z,1473
2022-02-15,VAL,444.27791666666667,2022-02-15T21:00:00Z,1473
2022-02-16,POC,442.8325,2022-02-16T21:00:00Z,1480
2022-02-16,VAH,446.1475,2022-02-16T21:00:00Z,1480
2022-02-16,VAL,442.0675,2022-02-16T21:00:00Z,1480
2022-02-17,POC,440.57125,2022-02-17T21:00:00Z,1487
2022-02-17,VAH,442.10875,2022-02-17T21:00:00Z,1487
2022-02-17,VAL,438.11125000000004,2022-02-17T21:00:00Z,1487
2022-02-18,POC,433.6725,2022-02-18T21:00:00Z,1494
2022-02-18,VAH,436.52250000000004,2022-02-18T21:00:00Z,1494
2022-02-18,VAL,432.8175,2022-02-18T21:00:00Z,1494
2022-02-22,POC,431.68416666666667,2022-02-22T21:00:00Z,1501
2022-02-22,VAH,432.4875,2022-02-22T21:00:00Z,1501
2022-02-22,VAL,428.06916666666666,2022-02-22T21:00:00Z,1501
2022-02-23,POC,423.086875,2022-02-23T21:00:00Z,1508
2022-02-23,VAH,428.049375,2022-02-23T21:00:00Z,1508
2022-02-23,VAL,421.59812500000004,2022-02-23T21:00:00Z,1508
2022-02-24,POC,416.3025,2022-02-24T21:00:00Z,1515
2022-02-24,VAH,421.5875,2022-02-24T21:00:00Z,1515
2022-02-24,VAL,411.7725,2022-02-24T21:00:00Z,1515
2022-02-25,POC,435.55291666666665,2022-02-25T21:00:00Z,1522
2022-02-25,VAH,437.6320833333333,2022-02-25T21:00:00Z,1522
2022-02-25,VAL,433.88958333333335,2022-02-25T21:00:00Z,1522
2022-02-28,POC,432.73125,2022-02-28T21:00:00Z,1529
2022-02-28,VAH,435.54375,2022-02-28T21:00:00Z,1529
2022-02-28,VAL,431.79375,2022-02-28T21:00:00Z,1529
2022-03-01,POC,429.41541666666666,2022-03-01T21:00:00Z,1536
2022-03-01,VAH,432.3495833333333,2022-03-01T21:00:00Z,1536
2022-03-01,VAL,427.73875000000004,2022-03-01T21:00:00Z,1536
2022-03-02,POC,437.7289583333333,2022-03-02T21:00:00Z,1543
2022-03-02,VAH,439.3935416666667,2022-03-02T21:00:00Z,1543
2022-03-02,VAL,434.73270833333333,2022-03-02T21:00:00Z,1543
2022-03-03,POC,435.8089583333333,2022-03-03T21:00:00Z,1550
2022-03-03,VAH,438.23229166666664,2022-03-03T21:00:00Z,1550
2022-03-03,VAL,433.9914583333333,2022-03-03T21:00:00Z,1550
2022-03-04,POC,429.366875,2022-03-04T21:00:00Z,1557
2022-03-04,VAH,431.883125,2022-03-04T21:00:00Z,1557
2022-03-04,VAL,429.138125,2022-03-04T21:00:00Z,1557
2022-03-07,POC,422.22,2022-03-07T21:00:00Z,1564
2022-03-07,VAH,425.34,2022-03-07T21:00:00Z,1564
2022-03-07,VAL,419.62,2022-03-07T21:00:00Z,1564
2022-03-08,POC,419.401875,2022-03-08T21:00:00Z,1571
2022-03-08,VAH,422.92812499999997,2022-03-08T21:00:00Z,1571
2022-03-08,VAL,417.386875,2022-03-08T21:00:00Z,1571
2022-03-09,POC,426.861875,2022-03-09T21:00:00Z,1578
2022-03-09,VAH,428.813125,2022-03-09T21:00:00Z,1578
2022-03-09,VAL,425.468125,2022-03-09T21:00:00Z,1578
2022-03-10,POC,424.05895833333335,2022-03-10T21:00:00Z,1585
2022-03-10,VAH,425.306875,2022-03-10T21:00:00Z,1585
2022-03-10,VAL,421.8127083333333,2022-03-10T21:00:00Z,1585
2022-03-11,POC,424.72749999999996,2022-03-11T21:00:00Z,1592
2022-03-11,VAH,427.03749999999997,2022-03-11T21:00:00Z,1592
2022-03-11,VAL,422.41749999999996,2022-03-11T21:00:00Z,1592
2022-03-14,POC,415.9725,2022-03-14T20:00:00Z,1599
2022-03-14,VAH,420.3525,2022-03-14T20:00:00Z,1599
2022-03-14,VAL,415.9725,2022-03-14T20:00:00Z,1599
2022-03-15,POC,424.20875,2022-03-15T20:00:00Z,1606
2022-03-15,VAH,425.9629166666667,2022-03-15T20:00:00Z,1606
2022-03-15,VAL,421.40208333333334,2022-03-15T20:00:00Z,1606
2022-03-16,POC,431.37333333333333,2022-03-16T20:00:00Z,1613
2022-03-16,VAH,434.09333333333336,2022-03-16T20:00:00Z,1613
2022-03-16,VAL,430.0133333333333,2022-03-16T20:00:00Z,1613
2022-03-17,POC,438.246875,2022-03-17T20:00:00Z,1620
2022-03-17,VAH,440.856875,2022-03-17T20:00:00Z,1620
2022-03-17,VAL,435.963125,2022-03-17T20:00:00Z,1620
2022-03-18,POC,442.4725,2022-03-18T20:00:00Z,1627
2022-03-18,VAH,444.7008333333333,2022-03-18T20:00:00Z,1627
2022-03-18,VAL,439.92583333333334,2022-03-18T20:00:00Z,1627
2022-03-21,POC,444.41291666666666,2022-03-21T20:00:00Z,1634
2022-03-21,VAH,445.13541666666663,2022-03-21T20:00:00Z,1634
2022-03-21,VAL,442.24541666666664,2022-03-21T20:00:00Z,1634
2022-03-22,POC,448.9083333333333,2022-03-22T20:00:00Z,1641
2022-03-22,VAH,450.0883333333333,2022-03-22T20:00:00Z,1641
2022-03-22,VAL,448.12166666666667,2022-03-22T20:00:00Z,1641
2022-03-23,POC,446.0420833333333,2022-03-23T20:00:00Z,1648
2022-03-23,VAH,447.21708333333333,2022-03-23T20:00:00Z,1648
2022-03-23,VAL,444.67125000000004,2022-03-23T20:00:00Z,1648
2022-03-24,POC,447.72875,2022-03-24T20:00:00Z,1655
2022-03-24,VAH,450.34125,2022-03-24T20:00:00Z,1655
2022-03-24,VAL,446.77875,2022-03-24T20:00:00Z,1655
2022-03-25,POC,451.17895833333336,2022-03-25T20:00:00Z,1662
2022-03-25,VAH,452.12687500000004,2022-03-25T20:00:00Z,1662
2022-03-25,VAL,449.851875,2022-03-25T20:00:00Z,1662
2022-03-28,POC,452.1247916666667,2022-03-28T20:00:00Z,1669
2022-03-28,VAH,454.5539583333333,2022-03-28T20:00:00Z,1669
2022-03-28,VAL,451.3960416666667,2022-03-28T20:00:00Z,1669
2022-03-29,POC,459.115625,2022-03-29T20:00:00Z,1676
2022-03-29,VAH,460.745625,2022-03-29T20:00:00Z,1676
2022-03-29,VAL,457.689375,2022-03-29T20:00:00Z,1676
2022-03-30,POC,459.91625,2022-03-30T20:00:00Z,1683
2022-03-30,VAH,460.31125,2022-03-30T20:00:00Z,1683
2022-03-30,VAL,457.74375,2022-03-30T20:00:00Z,1683
2022-03-31,POC,457.0183333333333,2022-03-31T20:00:00Z,1690
2022-03-31,VAH,458.60166666666663,2022-03-31T20:00:00Z,1690
2022-03-31,VAL,454.8016666666667,2022-03-31T20:00:00Z,1690
2022-04-01,POC,451.75,2022-04-01T20:00:00Z,1697
2022-04-01,VAH,452.83,2022-04-01T20:00:00Z,1697
2022-04-01,VAL,450.66999999999996,2022-04-01T20:00:00Z,1697
2022-04-04,POC,455.78270833333335,2022-04-04T20:00:00Z,1704
2022-04-04,VAH,456.73479166666664,2022-04-04T20:00:00Z,1704
2022-04-04,VAL,454.6402083333333,2022-04-04T20:00:00Z,1704
2022-04-05,POC,452.656875,2022-04-05T20:00:00Z,1711
2022-04-05,VAH,455.326875,2022-04-05T20:00:00Z,1711
2022-04-05,VAL,450.98812499999997,2022-04-05T20:00:00Z,1711
2022-04-06,POC,445.40375,2022-04-06T20:00:00Z,1718
2022-04-06,VAH,447.22375,2022-04-06T20:00:00Z,1718
2022-04-06,VAL,444.72125,2022-04-06T20:00:00Z,1718
2022-04-07,POC,445.1708333333333,2022-04-07T20:00:00Z,1725
2022-04-07,VAH,448.75083333333333,2022-04-07T20:00:00Z,1725
2022-04-07,VAL,443.6791666666666,2022-04-07T20:00:00Z,1725
2022-04-08,POC,449.164375,2022-04-08T20:00:00Z,1732
2022-04-08,VAH,449.94604166666664,2022-04-08T20:00:00Z,1732
2022-04-08,VAL,447.405625,2022-04-08T20:00:00Z,1732
2022-04-11,POC,442.078125,2022-04-11T20:00:00Z,1739
2022-04-11,VAH,443.480625,2022-04-11T20:00:00Z,1739
2022-04-11,VAL,441.143125,2022-04-11T20:00:00Z,1739
2022-04-12,POC,442.52708333333334,2022-04-12T20:00:00Z,1746
2022-04-12,VAH,445.56041666666664,2022-04-12T20:00:00Z,1746
2022-04-12,VAL,439.1145833333333,2022-04-12T20:00:00Z,1746
2022-04-13,POC,442.411875,2022-04-13T20:00:00Z,1753
2022-04-13,VAH,443.979375,2022-04-13T20:00:00Z,1753
2022-04-13,VAL,440.060625,2022-04-13T20:00:00Z,1753
2022-04-14,POC,439.59208333333333,2022-04-14T20:00:00Z,1760
2022-04-14,VAH,442.2395833333333,2022-04-14T20:00:00Z,1760
2022-04-14,VAL,439.00375,2022-04-14T20:00:00Z,1760
2022-04-18,POC,438.28375,2022-04-18T20:00:00Z,1767
2022-04-18,VAH,439.14625,2022-04-18T20:00:00Z,1767
2022-04-18,VAL,436.73125,2022-04-18T20:00:00Z,1767
2022-04-19,POC,443.60083333333336,2022-04-19T20:00:00Z,1774
2022-04-19,VAH,444.95416666666665,2022-04-19T20:00:00Z,1774
2022-04-19,VAL,442.58583333333337,2022-04-19T20:00:00Z,1774
2022-04-20,POC,445.9510416666667,2022-04-20T20:00:00Z,1781
2022-04-20,VAH,446.6327083333333,2022-04-20T20:00:00Z,1781
2022-04-20,VAL,444.758125,2022-04-20T20:00:00Z,1781
2022-04-21,POC,438.98270833333333,2022-04-21T20:00:00Z,1788
2022-04-21,VAH,444.89979166666666,2022-04-21T20:00:00Z,1788
2022-04-21,VAL,437.36895833333335,2022-04-21T20:00:00Z,1788
2022-04-22,POC,430.106875,2022-04-22T20:00:00Z,1795
2022-04-22,VAH,431.580625,2022-04-22T20:00:00Z,1795
2022-04-22,VAL,425.685625,2022-04-22T20:00:00Z,1795
2022-04-25,POC,421.918125,2022-04-25T20:00:00Z,1802
2022-04-25,VAH,424.7910416666667,2022-04-25T20:00:00Z,1802
2022-04-25,VAL,419.86604166666666,2022-04-25T20:00:00Z,1802
2022-04-26,POC,420.431875,2022-04-26T20:00:00Z,1809
2022-04-26,VAH,422.50895833333334,2022-04-26T20:00:00Z,1809
2022-04-26,VAL,418.35479166666664,2022-04-26T20:00:00Z,1809
2022-04-27,POC,418.80020833333333,2022-04-27T20:00:00Z,1816
2022-04-27,VAH,421.1072916666667,2022-04-27T20:00:00Z,1816
2022-04-27,VAL,417.15229166666666,2022-04-27T20:00:00Z,1816
2022-04-28,POC,426.8808333333333,2022-04-28T20:00:00Z,1823
2022-04-28,VAH,429.38916666666665,2022-04-28T20:00:00Z,1823
2022-04-28,VAL,420.86083333333335,2022-04-28T20:00:00Z,1823
2022-04-29,POC,414.5695833333333,2022-04-29T20:00:00Z,1830
2022-04-29,VAH,420.0670833333333,2022-04-29T20:00:00Z,1830
2022-04-29,VAL,411.5154166666666,2022-04-29T20:00:00Z,1830
2022-05-02,POC,410.24291666666664,2022-05-02T20:00:00Z,1837
2022-05-02,VAH,412.51375,2022-05-02T20:00:00Z,1837
2022-05-02,VAL,407.06374999999997,2022-05-02T20:00:00Z,1837
2022-05-03,POC,414.86854166666666,2022-05-03T20:00:00Z,1844
2022-05-03,VAH,417.6535416666667,2022-05-03T20:00:00Z,1844
2022-05-03,VAL,414.63645833333334,2022-05-03T20:00:00Z,1844
2022-05-04,POC,416.0275,2022-05-04T20:00:00Z,1851
2022-05-04,VAH,424.0075,2022-05-04T20:00:00Z,1851
2022-05-04,VAL,414.03249999999997,2022-05-04T20:00:00Z,1851
2022-05-05,POC,413.0058333333333,2022-05-05T20:00:00Z,1858
2022-05-05,VAH,416.2475,2022-05-05T20:00:00Z,1858
2022-05-05,VAL,410.4125,2022-05-05T20:00:00Z,1858
2022-05-06,POC,409.698125,2022-05-06T20:00:00Z,1865
2022-05-06,VAH,413.099375,2022-05-06T20:00:00Z,1865
2022-05-06,VAL,408.56437500000004,2022-05-06T20:00:00Z,1865
2022-05-09,POC,400.835625,2022-05-09T20:00:00Z,1872
2022-05-09,VAH,403.7260416666667,2022-05-09T20:00:00Z,1872
2022-05-09,VAL,399.18395833333335,2022-05-09T20:00:00Z,1872
2022-05-10,POC,399.74625,2022-05-10T20:00:00Z,1879
2022-05-10,VAH,403.03041666666667,2022-05-10T20:00:00Z,1879
2022-05-10,VAL,397.8695833333333,2022-05-10T20:00:00Z,1879
2022-05-11,POC,395.2316666666667,2022-05-11T20:00:00Z,1886
2022-05-11,VAH,400.265,2022-05-11T20:00:00Z,1886
2022-05-11,VAL,392.21166666666664,2022-05-11T20:00:00Z,1886
2022-05-12,POC,388.034375,2022-05-12T20:00:00Z,1893
2022-05-12,VAH,391.584375,2022-05-12T20:00:00Z,1893
2022-05-12,VAL,386.703125,2022-05-12T20:00:00Z,1893
2022-05-13,POC,400.814375,2022-05-13T20:00:00Z,1900
2022-05-13,VAH,402.0760416666667,2022-05-13T20:00:00Z,1900
2022-05-13,VAL,398.921875,2022-05-13T20:00:00Z,1900
2022-05-16,POC,401.4485416666667,2022-05-16T20:00:00Z,1907
2022-05-16,VAH,402.51020833333337,2022-05-16T20:00:00Z,1907
2022-05-16,VAL,399.32520833333336,2022-05-16T20:00:00Z,1907
2022-05-17,POC,406.698125,2022-05-17T20:00:00Z,1914
2022-05-17,VAH,407.446875,2022-05-17T20:00:00Z,1914
2022-05-17,VAL,404.451875,2022-05-17T20:00:00Z,1914
2022-05-18,POC,392.4822916666667,2022-05-18T20:00:00Z,1921
2022-05-18,VAH,396.8989583333333,2022-05-18T20:00:00Z,1921
2022-05-18,VAL,390.8260416666667,2022-05-18T20:00:00Z,1921
2022-05-19,POC,389.89270833333336,2022-05-19T20:00:00Z,1928
2022-05-19,VAH,392.23604166666667,2022-05-19T20:00:00Z,1928
2022-05-19,VAL,389.01395833333333,2022-05-19T20:00:00Z,1928
2022-05-20,POC,382.25770833333337,2022-05-20T20:00:00Z,1935
2022-05-20,VAH,388.44145833333334,2022-05-20T20:00:00Z,1935
2022-05-20,VAL,381.570625,2022-05-20T20:00:00Z,1935
2022-05-23,POC,396.04562500000003,2022-05-23T20:00:00Z,1942
2022-05-23,VAH,397.270625,2022-05-23T20:00:00Z,1942
2022-05-23,VAL,393.901875,2022-05-23T20:00:00Z,1942
2022-05-24,POC,390.543125,2022-05-24T20:00:00Z,1949
2022-05-24,VAH,392.931875,2022-05-24T20:00:00Z,1949
2022-05-24,VAL,389.17812499999997,2022-05-24T20:00:00Z,1949
2022-05-25,POC,396.4575,2022-05-25T20:00:00Z,1956
2022-05-25,VAH,398.03249999999997,2022-05-25T20:00:00Z,1956
2022-05-25,VAL,393.9375,2022-05-25T20:00:00Z,1956
2022-05-26,POC,405.429375,2022-05-26T20:00:00Z,1963
2022-05-26,VAH,406.86104166666667,2022-05-26T20:00:00Z,1963
2022-05-26,VAL,403.9977083333333,2022-05-26T20:00:00Z,1963
2022-05-27,POC,412.025625,2022-05-27T20:00:00Z,1970
2022-05-27,VAH,413.948125,2022-05-27T20:00:00Z,1970
2022-05-27,VAL,410.7439583333333,2022-05-27T20:00:00Z,1970
2022-05-31,POC,413.3789583333333,2022-05-31T20:00:00Z,1977
2022-05-31,VAH,415.254375,2022-05-31T20:00:00Z,1977
2022-05-31,VAL,412.30729166666663,2022-05-31T20:00:00Z,1977
2022-06-01,POC,409.839375,2022-06-01T20:00:00Z,1984
2022-06-01,VAH,412.166875,2022-06-01T20:00:00Z,1984
2022-06-01,VAL,407.89979166666666,2022-06-01T20:00:00Z,1984
2022-06-02,POC,414.62333333333333,2022-06-02T20:00:00Z,1991
2022-06-02,VAH,417.22333333333336,2022-06-02T20:00:00Z,1991
2022-06-02,VAL,410.72333333333336,2022-06-02T20:00:00Z,1991
2022-06-03,POC,411.303125,2022-06-03T20:00:00Z,1998
2022-06-03,VAH,411.869375,2022-06-03T20:00:00Z,1998
2022-06-03,VAL,409.793125,2022-06-03T20:00:00Z,1998
2022-06-06,POC,411.43375000000003,2022-06-06T20:00:00Z,2005
2022-06-06,VAH,414.46375,2022-06-06T20:00:00Z,2005
2022-06-06,VAL,410.67625000000004,2022-06-06T20:00:00Z,2005
2022-06-07,POC,412.81187500000004,2022-06-07T20:00:00Z,2012
2022-06-07,VAH,416.04062500000003,2022-06-07T20:00:00Z,2012
2022-06-07,VAL,411.735625,2022-06-07T20:00:00Z,2012
2022-06-08,POC,411.62666666666667,2022-06-08T20:00:00Z,2019
2022-06-08,VAH,413.8933333333333,2022-06-08T20:00:00Z,2019
2022-06-08,VAL,410.49333333333334,2022-06-08T20:00:00Z,2019
2022-06-09,POC,408.524375,2022-06-09T20:00:00Z,2026
2022-06-09,VAH,411.525625,2022-06-09T20:00:00Z,2026
2022-06-09,VAL,405.523125,2022-06-09T20:00:00Z,2026
2022-06-10,POC,390.880625,2022-06-10T20:00:00Z,2033
2022-06-10,VAH,392.890625,2022-06-10T20:00:00Z,2033
2022-06-10,VAL,390.126875,2022-06-10T20:00:00Z,2033
2022-06-13,POC,377.7322916666667,2022-06-13T20:00:00Z,2040
2022-06-13,VAH,379.8597916666667,2022-06-13T20:00:00Z,2040
2022-06-13,VAL,375.6047916666667,2022-06-13T20:00:00Z,2040
2022-06-14,POC,374.418125,2022-06-14T20:00:00Z,2047
2022-06-14,VAH,375.949375,2022-06-14T20:00:00Z,2047
2022-06-14,VAL,372.580625,2022-06-14T20:00:00Z,2047
2022-06-15,POC,377.76458333333335,2022-06-15T20:00:00Z,2054
2022-06-15,VAH,381.2004166666666,2022-06-15T20:00:00Z,2054
2022-06-15,VAL,376.2920833333333,2022-06-15T20:00:00Z,2054
2022-06-16,POC,366.216875,2022-06-16T20:00:00Z,2061
2022-06-16,VAH,367.934375,2022-06-16T20:00:00Z,2061
2022-06-16,VAL,364.785625,2022-06-16T20:00:00Z,2061
2022-06-17,POC,367.126875,2022-06-17T20:00:00Z,2068
2022-06-17,VAH,368.32854166666664,2022-06-17T20:00:00Z,2068
2022-06-17,VAL,365.32437500000003,2022-06-17T20:00:00Z,2068
2022-06-21,POC,374.66166666666663,2022-06-21T20:00:00Z,2075
2022-06-21,VAH,376.23499999999996,2022-06-21T20:00:00Z,2075
2022-06-21,VAL,374.66166666666663,2022-06-21T20:00:00Z,2075
2022-06-22,POC,376.40708333333333,2022-06-22T20:00:00Z,2082
2022-06-22,VAH,377.4745833333334,2022-06-22T20:00:00Z,2082
2022-06-22,VAL,374.27208333333334,2022-06-22T20:00:00Z,2082
2022-06-23,POC,375.73625,2022-06-23T20:00:00Z,2089
2022-06-23,VAH,377.71625,2022-06-23T20:00:00Z,2089
2022-06-23,VAL,374.49875,2022-06-23T20:00:00Z,2089
2022-06-24,POC,386.94,2022-06-24T20:00:00Z,2096
2022-06-24,VAH,389.82,2022-06-24T20:00:00Z,2096
2022-06-24,VAL,386.22,2022-06-24T20:00:00Z,2096
2022-06-27,POC,388.50166666666667,2022-06-27T20:00:00Z,2103
2022-06-27,VAH,389.9716666666667,2022-06-27T20:00:00Z,2103
2022-06-27,VAL,388.01166666666666,2022-06-27T20:00:00Z,2103
2022-06-28,POC,380.793125,2022-06-28T20:00:00Z,2110
2022-06-28,VAH,387.634375,2022-06-28T20:00:00Z,2110
2022-06-28,VAL,380.793125,2022-06-28T20:00:00Z,2110
2022-06-29,POC,379.623125,2022-06-29T20:00:00Z,2117
2022-06-29,VAH,381.22729166666664,2022-06-29T20:00:00Z,2117
2022-06-29,VAL,379.46270833333335,2022-06-29T20:00:00Z,2117
2022-06-30,POC,377.79125,2022-06-30T20:00:00Z,2124
2022-06-30,VAH,378.80375000000004,2022-06-30T20:00:00Z,2124
2022-06-30,VAL,375.09125,2022-06-30T20:00:00Z,2124
2022-07-01,POC,377.25625,2022-07-01T20:00:00Z,2131
2022-07-01,VAH,379.88958333333335,2022-07-01T20:00:00Z,2131
2022-07-01,VAL,375.61041666666665,2022-07-01T20:00:00Z,2131
2022-07-05,POC,375.3591666666667,2022-07-05T20:00:00Z,2138
2022-07-05,VAH,379.1425,2022-07-05T20:00:00Z,2138
2022-07-05,VAL,373.08916666666664,2022-07-05T20:00:00Z,2138
2022-07-06,POC,381.036875,2022-07-06T20:00:00Z,2145
2022-07-06,VAH,383.649375,2022-07-06T20:00:00Z,2145
2022-07-06,VAL,380.51437500000003,2022-07-06T20:00:00Z,2145
2022-07-07,POC,388.554375,2022-07-07T20:00:00Z,2152
2022-07-07,VAH,389.731875,2022-07-07T20:00:00Z,2152
2022-07-07,VAL,387.376875,2022-07-07T20:00:00Z,2152
2022-07-08,POC,389.08375,2022-07-08T20:00:00Z,2159
2022-07-08,VAH,390.32875,2022-07-08T20:00:00Z,2159
2022-07-08,VAL,387.83875,2022-07-08T20:00:00Z,2159
2022-07-11,POC,384.553125,2022-07-11T20:00:00Z,2166
2022-07-11,VAH,385.2552083333333,2022-07-11T20:00:00Z,2166
2022-07-11,VAL,383.710625,2022-07-11T20:00:00Z,2166
2022-07-12,POC,383.919375,2022-07-12T20:00:00Z,2173
2022-07-12,VAH,385.41312500000004,2022-07-12T20:00:00Z,2173
2022-07-12,VAL,381.529375,2022-07-12T20:00:00Z,2173
2022-07-13,POC,379.9510416666667,2022-07-13T20:00:00Z,2180
2022-07-13,VAH,381.465625,2022-07-13T20:00:00Z,2180
2022-07-13,VAL,378.13354166666664,2022-07-13T20:00:00Z,2180
2022-07-14,POC,373.079375,2022-07-14T20:00:00Z,2187
2022-07-14,VAH,376.216875,2022-07-14T20:00:00Z,2187
2022-07-14,VAL,371.19687500000003,2022-07-14T20:00:00Z,2187
2022-07-15,POC,383.778125,2022-07-15T20:00:00Z,2194
2022-07-15,VAH,384.955625,2022-07-15T20:00:00Z,2194
2022-07-15,VAL,383.189375,2022-07-15T20:00:00Z,2194
2022-07-18,POC,387.509375,2022-07-18T20:00:00Z,2201
2022-07-18,VAH,388.91437499999995,2022-07-18T20:00:00Z,2201
2022-07-18,VAL,383.645625,2022-07-18T20:00:00Z,2201
2022-07-19,POC,391.4675,2022-07-19T20:00:00Z,2208
2022-07-19,VAH,392.71416666666664,2022-07-19T20:00:00Z,2208
2022-07-19,VAL,388.97416666666663,2022-07-19T20:00:00Z,2208
2022-07-20,POC,394.625625,2022-07-20T20:00:00Z,2215
2022-07-20,VAH,395.933125,2022-07-20T20:00:00Z,2215
2022-07-20,VAL,393.318125,2022-07-20T20:00:00Z,2215
2022-07-21,POC,396.88729166666667,2022-07-21T20:00:00Z,2222
2022-07-21,VAH,397.7885416666666,2022-07-21T20:00:00Z,2222
2022-07-21,VAL,394.18354166666666,2022-07-21T20:00:00Z,2222
2022-07-22,POC,393.521875,2022-07-22T20:00:00Z,2229
2022-07-22,VAH,397.844375,2022-07-22T20:00:00Z,2229
2022-07-22,VAL,392.904375,2022-07-22T20:00:00Z,2229
2022-07-25,POC,394.77208333333334,2022-07-25T20:00:00Z,2236
2022-07-25,VAH,395.72291666666666,2022-07-25T20:00:00Z,2236
2022-07-25,VAL,394.09291666666667,2022-07-25T20:00:00Z,2236
2022-07-26,POC,391.234375,2022-07-26T20:00:00Z,2243
2022-07-26,VAH,392.433125,2022-07-26T20:00:00Z,2243
2022-07-26,VAL,390.20687499999997,2022-07-26T20:00:00Z,2243
2022-07-27,POC,396.0735416666667,2022-07-27T20:00:00Z,2250
2022-07-27,VAH,400.48854166666666,2022-07-27T20:00:00Z,2250
2022-07-27,VAL,394.96979166666665,2022-07-27T20:00:00Z,2250
2022-07-28,POC,405.5385416666667,2022-07-28T20:00:00Z,2257
2022-07-28,VAH,406.6197916666667,2022-07-28T20:00:00Z,2257
2022-07-28,VAL,401.934375,2022-07-28T20:00:00Z,2257
2022-07-29,POC,411.85625,2022-07-29T20:00:00Z,2264
2022-07-29,VAH,412.8995833333333,2022-07-29T20:00:00Z,2264
2022-07-29,VAL,409.7695833333333,2022-07-29T20:00:00Z,2264
2022-08-01,POC,411.635625,2022-08-01T20:00:00Z,2271
2022-08-01,VAH,412.053125,2022-08-01T20:00:00Z,2271
2022-08-01,VAL,409.965625,2022-08-01T20:00:00Z,2271
2022-08-02,POC,409.52375,2022-08-02T20:00:00Z,2278
2022-08-02,VAH,410.81125,2022-08-02T20:00:00Z,2278
2022-08-02,VAL,408.23625,2022-08-02T20:00:00Z,2278
2022-08-03,POC,414.14166666666665,2022-08-03T20:00:00Z,2285
2022-08-03,VAH,415.56166666666667,2022-08-03T20:00:00Z,2285
2022-08-03,VAL,412.24833333333333,2022-08-03T20:00:00Z,2285
2022-08-04,POC,413.599375,2022-08-04T20:00:00Z,2292
2022-08-04,VAH,414.70354166666664,2022-08-04T20:00:00Z,2292
2022-08-04,VAL,413.4889583333333,2022-08-04T20:00:00Z,2292
2022-08-05,POC,412.159375,2022-08-05T20:00:00Z,2299
2022-08-05,VAH,413.4864583333333,2022-08-05T20:00:00Z,2299
2022-08-05,VAL,411.4010416666667,2022-08-05T20:00:00Z,2299
2022-08-08,POC,412.915625,2022-08-08T20:00:00Z,2306
2022-08-08,VAH,416.051875,2022-08-08T20:00:00Z,2306
2022-08-08,VAL,411.950625,2022-08-08T20:00:00Z,2306
2022-08-09,POC,410.90520833333335,2022-08-09T20:00:00Z,2313
2022-08-09,VAH,411.74854166666665,2022-08-09T20:00:00Z,2313
2022-08-09,VAL,410.69437500000004,2022-08-09T20:00:00Z,2313
2022-08-10,POC,418.78625,2022-08-10T20:00:00Z,2320
2022-08-10,VAH,419.78375,2022-08-10T20:00:00Z,2320
2022-08-10,VAL,418.35875,2022-08-10T20:00:00Z,2320
2022-08-11,POC,419.56874999999997,2022-08-11T20:00:00Z,2327
2022-08-11,VAH,422.9170833333333,2022-08-11T20:00:00Z,2327
2022-08-11,VAL,419.3295833333333,2022-08-11T20:00:00Z,2327
2022-08-12,POC,425.53625,2022-08-12T20:00:00Z,2334
2022-08-12,VAH,427.08124999999995,2022-08-12T20:00:00Z,2334
2022-08-12,VAL,422.96124999999995,2022-08-12T20:00:00Z,2334
2022-08-15,POC,428.52875,2022-08-15T20:00:00Z,2341
2022-08-15,VAH,429.31208333333336,2022-08-15T20:00:00Z,2341
2022-08-15,VAL,426.76625,2022-08-15T20:00:00Z,2341
2022-08-16,POC,428.395625,2022-08-16T20:00:00Z,2348
2022-08-16,VAH,430.41645833333337,2022-08-16T20:00:00Z,2348
2022-08-16,VAL,428.19354166666665,2022-08-16T20:00:00Z,2348
2022-08-17,POC,426.2966666666667,2022-08-17T20:00:00Z,2355
2022-08-17,VAH,427.5366666666667,2022-08-17T20:00:00Z,2355
2022-08-17,VAL,425.47,2022-08-17T20:00:00Z,2355
2022-08-18,POC,427.249375,2022-08-18T20:00:00Z,2362
2022-08-18,VAH,427.89729166666666,2022-08-18T20:00:00Z,2362
2022-08-18,VAL,426.21270833333335,2022-08-18T20:00:00Z,2362
2022-08-19,POC,422.81916666666666,2022-08-19T20:00:00Z,2369
2022-08-19,VAH,423.4925,2022-08-19T20:00:00Z,2369
2022-08-19,VAL,421.9775,2022-08-19T20:00:00Z,2369
2022-08-22,POC,413.30562499999996,2022-08-22T20:00:00Z,2376
2022-08-22,VAH,415.318125,2022-08-22T20:00:00Z,2376
2022-08-22,VAL,412.50062499999996,2022-08-22T20:00:00Z,2376
2022-08-23,POC,412.75854166666664,2022-08-23T20:00:00Z,2383
2022-08-23,VAH,413.51895833333333,2022-08-23T20:00:00Z,2383
2022-08-23,VAL,412.1502083333333,2022-08-23T20:00:00Z,2383
2022-08-24,POC,413.17729166666663,2022-08-24T20:00:00Z,2390
2022-08-24,VAH,414.420625,2022-08-24T20:00:00Z,2390
2022-08-24,VAL,412.7110416666667,2022-08-24T20:00:00Z,2390
2022-08-25,POC,416.483125,2022-08-25T20:00:00Z,2397
2022-08-25,VAH,417.850625,2022-08-25T20:00:00Z,2397
2022-08-25,VAL,415.3435416666666,2022-08-25T20:00:00Z,2397
2022-08-26,POC,407.39520833333336,2022-08-26T20:00:00Z,2404
2022-08-26,VAH,412.29854166666667,2022-08-26T20:00:00Z,2404
2022-08-26,VAL,405.55645833333335,2022-08-26T20:00:00Z,2404
2022-08-29,POC,403.611875,2022-08-29T20:00:00Z,2411
2022-08-29,VAH,404.968125,2022-08-29T20:00:00Z,2411
2022-08-29,VAL,402.449375,2022-08-29T20:00:00Z,2411
2022-08-30,POC,397.85625,2022-08-30T20:00:00Z,2418
2022-08-30,VAH,399.54375,2022-08-30T20:00:00Z,2418
2022-08-30,VAL,397.18125,2022-08-30T20:00:00Z,2418
2022-08-31,POC,397.4941666666667,2022-08-31T20:00:00Z,2425
2022-08-31,VAH,399.3025,2022-08-31T20:00:00Z,2425
2022-08-31,VAL,396.20250000000004,2022-08-31T20:00:00Z,2425
2022-09-01,POC,391.86541666666665,2022-09-01T20:00:00Z,2432
2022-09-01,VAH,393.55041666666665,2022-09-01T20:00:00Z,2432
2022-09-01,VAL,390.46125,2022-09-01T20:00:00Z,2432
2022-09-02,POC,392.43562499999996,2022-09-02T20:00:00Z,2439
2022-09-02,VAH,398.5185416666667,2022-09-02T20:00:00Z,2439
2022-09-02,VAL,390.5639583333333,2022-09-02T20:00:00Z,2439
2022-09-06,POC,391.86375,2022-09-06T20:00:00Z,2446
2022-09-06,VAH,392.57625,2022-09-06T20:00:00Z,2446
2022-09-06,VAL,389.72625,2022-09-06T20:00:00Z,2446
2022-09-07,POC,397.3664583333333,2022-09-07T20:00:00Z,2453
2022-09-07,VAH,398.4152083333333,2022-09-07T20:00:00Z,2453
2022-09-07,VAL,393.1714583333333,2022-09-07T20:00:00Z,2453
2022-09-08,POC,399.3154166666667,2022-09-08T20:00:00Z,2460
2022-09-08,VAH,400.15791666666667,2022-09-08T20:00:00Z,2460
2022-09-08,VAL,397.06875,2022-09-08T20:00:00Z,2460
2022-09-09,POC,406.563125,2022-09-09T20:00:00Z,2467
2022-09-09,VAH,407.40479166666665,2022-09-09T20:00:00Z,2467
2022-09-09,VAL,405.0902083333333,2022-09-09T20:00:00Z,2467
2022-09-12,POC,410.299375,2022-09-12T20:00:00Z,2474
2022-09-12,VAH,411.116875,2022-09-12T20:00:00Z,2474
2022-09-12,VAL,409.618125,2022-09-12T20:00:00Z,2474
2022-09-13,POC,398.20875,2022-09-13T20:00:00Z,2481
2022-09-13,VAH,402.86708333333337,2022-09-13T20:00:00Z,2481
2022-09-13,VAL,395.41375,2022-09-13T20:00:00Z,2481
2022-09-14,POC,394.18916666666667,2022-09-14T20:00:00Z,2488
2022-09-14,VAH,395.2475,2022-09-14T20:00:00Z,2488
2022-09-14,VAL,392.7075,2022-09-14T20:00:00Z,2488
2022-09-15,POC,391.02374999999995,2022-09-15T20:00:00Z,2495
2022-09-15,VAH,393.71625,2022-09-15T20:00:00Z,2495
2022-09-15,VAL,390.12624999999997,2022-09-15T20:00:00Z,2495
2022-09-16,POC,384.09375,2022-09-16T20:00:00Z,2502
2022-09-16,VAH,384.95625,2022-09-16T20:00:00Z,2502
2022-09-16,VAL,382.71375,2022-09-16T20:00:00Z,2502
2022-09-19,POC,385.75875,2022-09-19T20:00:00Z,2509
2022-09-19,VAH,387.0879166666667,2022-09-19T20:00:00Z,2509
2022-09-19,VAL,384.42958333333337,2022-09-19T20:00:00Z,2509
2022-09-20,POC,384.16854166666667,2022-09-20T20:00:00Z,2516
2022-09-20,VAH,385.195625,2022-09-20T20:00:00Z,2516
2022-09-20,VAL,382.93604166666665,2022-09-20T20:00:00Z,2516
2022-09-21,POC,385.585,2022-09-21T20:00:00Z,2523
2022-09-21,VAH,388.0683333333333,2022-09-21T20:00:00Z,2523
2022-09-21,VAL,382.10833333333335,2022-09-21T20:00:00Z,2523
2022-09-22,POC,374.40708333333333,2022-09-22T20:00:00Z,2530
2022-09-22,VAH,375.98958333333337,2022-09-22T20:00:00Z,2530
2022-09-22,VAL,374.05541666666664,2022-09-22T20:00:00Z,2530
2022-09-23,POC,366.19145833333334,2022-09-23T20:00:00Z,2537
2022-09-23,VAH,368.6347916666667,2022-09-23T20:00:00Z,2537
2022-09-23,VAL,364.9697916666667,2022-09-23T20:00:00Z,2537
2022-09-26,POC,365.26687499999997,2022-09-26T20:00:00Z,2544
2022-09-26,VAH,366.76479166666667,2022-09-26T20:00:00Z,2544
2022-09-26,VAL,363.46937499999996,2022-09-26T20:00:00Z,2544
2022-09-27,POC,362.2597916666667,2022-09-27T20:00:00Z,2551
2022-09-27,VAH,366.6277083333333,2022-09-27T20:00:00Z,2551
2022-09-27,VAL,361.06854166666665,2022-09-27T20:00:00Z,2551
2022-09-28,POC,369.26875,2022-09-28T20:00:00Z,2558
2022-09-28,VAH,372.09791666666666,2022-09-28T20:00:00Z,2558
2022-09-28,VAL,366.84375,2022-09-28T20:00:00Z,2558
2022-09-29,POC,362.324375,2022-09-29T20:00:00Z,2565
2022-09-29,VAH,363.250625,2022-09-29T20:00:00Z,2565
2022-09-29,VAL,360.471875,2022-09-29T20:00:00Z,2565
2022-09-30,POC,360.59333333333336,2022-09-30T20:00:00Z,2572
2022-09-30,VAH,362.4266666666667,2022-09-30T20:00:00Z,2572
2022-09-30,VAL,357.29333333333335,2022-09-30T20:00:00Z,2572
2022-10-03,POC,366.0204166666667,2022-10-03T20:00:00Z,2579
2022-10-03,VAH,368.35541666666666,2022-10-03T20:00:00Z,2579
2022-10-03,VAL,363.68541666666664,2022-10-03T20:00:00Z,2579
2022-10-04,POC,376.45166666666665,2022-10-04T20:00:00Z,2586
2022-10-04,VAH,377.39833333333337,2022-10-04T20:00:00Z,2586
2022-10-04,VAL,375.505,2022-10-04T20:00:00Z,2586
2022-10-05,POC,373.2547916666667,2022-10-05T20:00:00Z,2593
2022-10-05,VAH,376.80062499999997,2022-10-05T20:00:00Z,2593
2022-10-05,VAL,371.1272916666667,2022-10-05T20:00:00Z,2593
2022-10-06,POC,374.5675,2022-10-06T20:00:00Z,2600
2022-10-06,VAH,376.07750000000004,2022-10-06T20:00:00Z,2600
2022-10-06,VAL,373.30916666666667,2022-10-06T20:00:00Z,2600
2022-10-07,POC,363.574375,2022-10-07T20:00:00Z,2607
2022-10-07,VAH,365.330625,2022-10-07T20:00:00Z,2607
2022-10-07,VAL,361.115625,2022-10-07T20:00:00Z,2607
2022-10-10,POC,359.98625,2022-10-10T20:00:00Z,2614
2022-10-10,VAH,362.16625,2022-10-10T20:00:00Z,2614
2022-10-10,VAL,359.71375,2022-10-10T20:00:00Z,2614
2022-10-11,POC,357.3875,2022-10-11T20:00:00Z,2621
2022-10-11,VAH,359.8275,2022-10-11T20:00:00Z,2621
2022-10-11,VAL,355.86249999999995,2022-10-11T20:00:00Z,2621
2022-10-12,POC,357.6933333333333,2022-10-12T20:00:00Z,2628
2022-10-12,VAH,358.8666666666667,2022-10-12T20:00:00Z,2628
2022-10-12,VAL,357.1066666666667,2022-10-12T20:00:00Z,2628
2022-10-13,POC,364.68083333333334,2022-10-13T20:00:00Z,2635
2022-10-13,VAH,367.1058333333333,2022-10-13T20:00:00Z,2635
2022-10-13,VAL,354.98083333333335,2022-10-13T20:00:00Z,2635
2022-10-14,POC,359.45374999999996,2022-10-14T20:00:00Z,2642
2022-10-14,VAH,362.2245833333333,2022-10-14T20:00:00Z,2642
2022-10-14,VAL,357.2370833333333,2022-10-14T20:00:00Z,2642
2022-10-17,POC,366.22562500000004,2022-10-17T20:00:00Z,2649
2022-10-17,VAH,367.5622916666667,2022-10-17T20:00:00Z,2649
2022-10-17,VAL,366.0585416666667,2022-10-17T20:00:00Z,2649
2022-10-18,POC,370.989375,2022-10-18T20:00:00Z,2656
2022-10-18,VAH,372.31104166666665,2022-10-18T20:00:00Z,2656
2022-10-18,VAL,368.6764583333333,2022-10-18T20:00:00Z,2656
2022-10-19,POC,368.56875,2022-10-19T20:00:00Z,2663
2022-10-19,VAH,369.88125,2022-10-19T20:00:00Z,2663
2022-10-19,VAL,366.99375000000003,2022-10-19T20:00:00Z,2663
2022-10-20,POC,365.44958333333335,2022-10-20T20:00:00Z,2670
2022-10-20,VAH,369.4795833333333,2022-10-20T20:00:00Z,2670
2022-10-20,VAL,364.77791666666667,2022-10-20T20:00:00Z,2670
2022-10-21,POC,372.68875,2022-10-21T20:00:00Z,2677
2022-10-21,VAH,374.5654166666667,2022-10-21T20:00:00Z,2677
2022-10-21,VAL,368.46625,2022-10-21T20:00:00Z,2677
2022-10-24,POC,378.1777083333333,2022-10-24T20:00:00Z,2684
2022-10-24,VAH,379.625625,2022-10-24T20:00:00Z,2684
2022-10-24,VAL,376.4402083333333,2022-10-24T20:00:00Z,2684
2022-10-25,POC,383.47875,2022-10-25T20:00:00Z,2691
2022-10-25,VAH,384.56875,2022-10-25T20:00:00Z,2691
2022-10-25,VAL,382.11625,2022-10-25T20:00:00Z,2691
2022-10-26,POC,382.77770833333335,2022-10-26T20:00:00Z,2698
2022-10-26,VAH,384.33520833333336,2022-10-26T20:00:00Z,2698
2022-10-26,VAL,381.4797916666667,2022-10-26T20:00:00Z,2698
2022-10-27,POC,380.86562499999997,2022-10-27T20:00:00Z,2705
2022-10-27,VAH,382.51937499999997,2022-10-27T20:00:00Z,2705
2022-10-27,VAL,379.920625,2022-10-27T20:00:00Z,2705
2022-10-28,POC,388.085,2022-10-28T20:00:00Z,2712
2022-10-28,VAH,389.315,2022-10-28T20:00:00Z,2712
2022-10-28,VAL,384.805,2022-10-28T20:00:00Z,2712
2022-10-31,POC,386.50291666666664,2022-10-31T20:00:00Z,2719
2022-10-31,VAH,387.41875,2022-10-31T20:00:00Z,2719
2022-10-31,VAL,385.9795833333333,2022-10-31T20:00:00Z,2719
2022-11-01,POC,384.62125000000003,2022-11-01T20:00:00Z,2726
2022-11-01,VAH,385.80458333333337,2022-11-01T20:00:00Z,2726
2022-11-01,VAL,383.4379166666667,2022-11-01T20:00:00Z,2726
2022-11-02,POC,382.596875,2022-11-02T20:00:00Z,2733
2022-11-02,VAH,385.46979166666665,2022-11-02T20:00:00Z,2733
2022-11-02,VAL,379.14937499999996,2022-11-02T20:00:00Z,2733
2022-11-03,POC,372.2839583333333,2022-11-03T20:00:00Z,2740
2022-11-03,VAH,373.63645833333334,2022-11-03T20:00:00Z,2740
2022-11-03,VAL,371.156875,2022-11-03T20:00:00Z,2740
2022-11-04,POC,374.6197916666667,2022-11-04T20:00:00Z,2747
2022-11-04,VAH,376.46770833333335,2022-11-04T20:00:00Z,2747
2022-11-04,VAL,371.663125,2022-11-04T20:00:00Z,2747
2022-11-07,POC,377.945,2022-11-07T21:00:00Z,2754
2022-11-07,VAH,379.41499999999996,2022-11-07T21:00:00Z,2754
2022-11-07,VAL,375.84499999999997,2022-11-07T21:00:00Z,2754
2022-11-08,POC,380.6491666666667,2022-11-08T21:00:00Z,2761
2022-11-08,VAH,384.04083333333335,2022-11-08T21:00:00Z,2761
2022-11-08,VAL,380.34083333333336,2022-11-08T21:00:00Z,2761
2022-11-09,POC,378.159375,2022-11-09T21:00:00Z,2768
2022-11-09,VAH,380.983125,2022-11-09T21:00:00Z,2768
2022-11-09,VAL,375.963125,2022-11-09T21:00:00Z,2768
2022-11-10,POC,389.36083333333335,2022-11-10T21:00:00Z,2775
2022-11-10,VAH,392.4941666666667,2022-11-10T21:00:00Z,2775
2022-11-10,VAL,387.7941666666667,2022-11-10T21:00:00Z,2775
2022-11-11,POC,397.55625000000003,2022-11-11T21:00:00Z,2782
2022-11-11,VAH,399.2304166666667,2022-11-11T21:00:00Z,2782
2022-11-11,VAL,395.6429166666667,2022-11-11T21:00:00Z,2782
2022-11-14,POC,398.508125,2022-11-14T21:00:00Z,2789
2022-11-14,VAH,399.39979166666666,2022-11-14T21:00:00Z,2789
2022-11-14,VAL,396.9477083333333,2022-11-14T21:00:00Z,2789
2022-11-15,POC,399.21458333333334,2022-11-15T21:00:00Z,2796
2022-11-15,VAH,401.49541666666664,2022-11-15T21:00:00Z,2796
2022-11-15,VAL,397.5854166666667,2022-11-15T21:00:00Z,2796
2022-11-16,POC,395.724375,2022-11-16T21:00:00Z,2803
2022-11-16,VAH,396.34729166666665,2022-11-16T21:00:00Z,2803
2022-11-16,VAL,394.976875,2022-11-16T21:00:00Z,2803
2022-11-17,POC,391.643125,2022-11-17T21:00:00Z,2810
2022-11-17,VAH,393.64729166666666,2022-11-17T21:00:00Z,2810
2022-11-17,VAL,390.2402083333333,2022-11-17T21:00:00Z,2810
2022-11-18,POC,394.729375,2022-11-18T21:00:00Z,2817
2022-11-18,VAH,396.31937500000004,2022-11-18T21:00:00Z,2817
2022-11-18,VAL,394.133125,2022-11-18T21:00:00Z,2817
2022-11-21,POC,394.30583333333334,2022-11-21T21:00:00Z,2824
2022-11-21,VAH,395.3591666666667,2022-11-21T21:00:00Z,2824
2022-11-21,VAL,394.0425,2022-11-21T21:00:00Z,2824
2022-11-22,POC,398.7375,2022-11-22T21:00:00Z,2831
2022-11-22,VAH,399.9675,2022-11-22T21:00:00Z,2831
2022-11-22,VAL,397.3025,2022-11-22T21:00:00Z,2831
2022-11-23,POC,401.6479166666667,2022-11-23T21:00:00Z,2838
2022-11-23,VAH,402.70375,2022-11-23T21:00:00Z,2838
2022-11-23,VAL,400.59208333333333,2022-11-23T21:00:00Z,2838
2022-11-25,POC,402.30625,2022-11-25T18:00:00Z,2842
2022-11-25,VAH,402.59375,2022-11-25T18:00:00Z,2842
2022-11-25,VAL,401.96125,2022-11-25T18:00:00Z,2842
2022-11-28,POC,395.70375,2022-11-28T21:00:00Z,2849
2022-11-28,VAH,398.79125,2022-11-28T21:00:00Z,2849
2022-11-28,VAL,395.22875,2022-11-28T21:00:00Z,2849
2022-11-29,POC,395.3833333333333,2022-11-29T21:00:00Z,2856
2022-11-29,VAH,396.05,2022-11-29T21:00:00Z,2856
2022-11-29,VAL,394.2166666666667,2022-11-29T21:00:00Z,2856
2022-11-30,POC,403.14625,2022-11-30T21:00:00Z,2863
2022-11-30,VAH,407.24708333333336,2022-11-30T21:00:00Z,2863
2022-11-30,VAL,396.70208333333335,2022-11-30T21:00:00Z,2863
2022-12-01,POC,407.046875,2022-12-01T21:00:00Z,2870
2022-12-01,VAH,408.578125,2022-12-01T21:00:00Z,2870
2022-12-01,VAL,406.390625,2022-12-01T21:00:00Z,2870
2022-12-02,POC,404.6425,2022-12-02T21:00:00Z,2877
2022-12-02,VAH,406.0725,2022-12-02T21:00:00Z,2877
2022-12-02,VAL,402.73583333333335,2022-12-02T21:00:00Z,2877
2022-12-05,POC,399.15583333333336,2022-12-05T21:00:00Z,2884
2022-12-05,VAH,402.25416666666666,2022-12-05T21:00:00Z,2884
2022-12-05,VAL,398.59250000000003,2022-12-05T21:00:00Z,2884
2022-12-06,POC,392.5097916666667,2022-12-06T21:00:00Z,2891
2022-12-06,VAH,395.64104166666664,2022-12-06T21:00:00Z,2891
2022-12-06,VAL,391.81395833333335,2022-12-06T21:00:00Z,2891
2022-12-07,POC,392.8110416666667,2022-12-07T21:00:00Z,2898
2022-12-07,VAH,394.034375,2022-12-07T21:00:00Z,2898
2022-12-07,VAL,392.3522916666667,2022-12-07T21:00:00Z,2898
2022-12-08,POC,396.138125,2022-12-08T21:00:00Z,2905
2022-12-08,VAH,396.626875,2022-12-08T21:00:00Z,2905
2022-12-08,VAL,394.9977083333333,2022-12-08T21:00:00Z,2905
2022-12-09,POC,396.223125,2022-12-09T21:00:00Z,2912
2022-12-09,VAH,397.154375,2022-12-09T21:00:00Z,2912
2022-12-09,VAL,394.919375,2022-12-09T21:00:00Z,2912
2022-12-12,POC,395.365,2022-12-12T21:00:00Z,2919
2022-12-12,VAH,396.975,2022-12-12T21:00:00Z,2919
2022-12-12,VAL,393.52500000000003,2022-12-12T21:00:00Z,2919
2022-12-13,POC,401.6870833333333,2022-12-13T21:00:00Z,2926
2022-12-13,VAH,405.49375,2022-12-13T21:00:00Z,2926
2022-12-13,VAL,399.78375,2022-12-13T21:00:00Z,2926
2022-12-14,POC,404.15979166666665,2022-12-14T21:00:00Z,2933
2022-12-14,VAH,404.925625,2022-12-14T21:00:00Z,2933
2022-12-14,VAL,400.330625,2022-12-14T21:00:00Z,2933
2022-12-15,POC,390.183125,2022-12-15T21:00:00Z,2940
2022-12-15,VAH,391.104375,2022-12-15T21:00:00Z,2940
2022-12-15,VAL,388.64770833333336,2022-12-15T21:00:00Z,2940
2022-12-16,POC,382.30958333333336,2022-12-16T21:00:00Z,2947
2022-12-16,VAH,384.15625,2022-12-16T21:00:00Z,2947
2022-12-16,VAL,381.38625,2022-12-16T21:00:00Z,2947
2022-12-19,POC,379.78041666666667,2022-12-19T21:00:00Z,2954
2022-12-19,VAH,381.39625,2022-12-19T21:00:00Z,2954
2022-12-19,VAL,378.3954166666666,2022-12-19T21:00:00Z,2954
2022-12-20,POC,380.49625000000003,2022-12-20T21:00:00Z,2961
2022-12-20,VAH,381.77375,2022-12-20T21:00:00Z,2961
2022-12-20,VAL,379.94875,2022-12-20T21:00:00Z,2961
2022-12-21,POC,385.73833333333334,2022-12-21T21:00:00Z,2968
2022-12-21,VAH,386.91833333333335,2022-12-21T21:00:00Z,2968
2022-12-21,VAL,385.14833333333337,2022-12-21T21:00:00Z,2968
2022-12-22,POC,378.895625,2022-12-22T21:00:00Z,2975
2022-12-22,VAH,381.406875,2022-12-22T21:00:00Z,2975
2022-12-22,VAL,377.101875,2022-12-22T21:00:00Z,2975
2022-12-23,POC,381.48812499999997,2022-12-23T21:00:00Z,2982
2022-12-23,VAH,382.95520833333336,2022-12-23T21:00:00Z,2982
2022-12-23,VAL,380.859375,2022-12-23T21:00:00Z,2982
2022-12-27,POC,381.61875,2022-12-27T21:00:00Z,2989
2022-12-27,VAH,382.34791666666666,2022-12-27T21:00:00Z,2989
2022-12-27,VAL,380.74375,2022-12-27T21:00:00Z,2989
2022-12-28,POC,378.598125,2022-12-28T21:00:00Z,2996
2022-12-28,VAH,379.7597916666667,2022-12-28T21:00:00Z,2996
2022-12-28,VAL,376.85562500000003,2022-12-28T21:00:00Z,2996
2022-12-29,POC,383.361875,2022-12-29T21:00:00Z,3003
2022-12-29,VAH,384.2402083333333,2022-12-29T21:00:00Z,3003
2022-12-29,VAL,382.48354166666667,2022-12-29T21:00:00Z,3003
2022-12-30,POC,379.54041666666666,2022-12-30T21:00:00Z,3010
2022-12-30,VAH,381.0779166666666,2022-12-30T21:00:00Z,3010
2022-12-30,VAL,379.02791666666667,2022-12-30T21:00:00Z,3010
2023-01-03,POC,380.15916666666664,2023-01-03T21:00:00Z,3017
2023-01-03,VAH,381.9508333333333,2023-01-03T21:00:00Z,3017
2023-01-03,VAL,378.7258333333333,2023-01-03T21:00:00Z,3017
2023-01-04,POC,383.5525,2023-01-04T21:00:00Z,3024
2023-01-04,VAH,384.7775,2023-01-04T21:00:00Z,3024
2023-01-04,VAL,381.8375,2023-01-04T21:00:00Z,3024
2023-01-05,POC,380.10749999999996,2023-01-05T21:00:00Z,3031
2023-01-05,VAH,380.8775,2023-01-05T21:00:00Z,3031
2023-01-05,VAL,379.20916666666665,2023-01-05T21:00:00Z,3031
2023-01-06,POC,387.8208333333333,2023-01-06T21:00:00Z,3038
2023-01-06,VAH,389.04583333333335,2023-01-06T21:00:00Z,3038
2023-01-06,VAL,384.9625,2023-01-06T21:00:00Z,3038
2023-01-09,POC,392.569375,2023-01-09T21:00:00Z,3045
2023-01-09,VAH,393.323125,2023-01-09T21:00:00Z,3045
2023-01-09,VAL,389.303125,2023-01-09T21:00:00Z,3045
2023-01-10,POC,389.28125,2023-01-10T21:00:00Z,3052
2023-01-10,VAH,390.19374999999997,2023-01-10T21:00:00Z,3052
2023-01-10,VAL,388.18625,2023-01-10T21:00:00Z,3052
2023-01-11,POC,392.87458333333336,2023-01-11T21:00:00Z,3059
2023-01-11,VAH,394.28125,2023-01-11T21:00:00Z,3059
2023-01-11,VAL,391.46791666666667,2023-01-11T21:00:00Z,3059
2023-01-12,POC,396.8460416666667,2023-01-12T21:00:00Z,3066
2023-01-12,VAH,398.110625,2023-01-12T21:00:00Z,3066
2023-01-12,VAL,395.58145833333333,2023-01-12T21:00:00Z,3066
2023-01-13,POC,397.54,2023-01-13T21:00:00Z,3073
2023-01-13,VAH,398.74,2023-01-13T21:00:00Z,3073
2023-01-13,VAL,395.62,2023-01-13T21:00:00Z,3073
2023-01-17,POC,397.91854166666667,2023-01-17T21:00:00Z,3080
2023-01-17,VAH,398.7110416666667,2023-01-17T21:00:00Z,3080
2023-01-17,VAL,397.52229166666666,2023-01-17T21:00:00Z,3080
2023-01-18,POC,393.30583333333334,2023-01-18T21:00:00Z,3087
2023-01-18,VAH,396.62083333333334,2023-01-18T21:00:00Z,3087
2023-01-18,VAL,391.46416666666664,2023-01-18T21:00:00Z,3087
2023-01-19,POC,388.61291666666665,2023-01-19T21:00:00Z,3094
2023-01-19,VAH,390.36375,2023-01-19T21:00:00Z,3094
2023-01-19,VAL,388.45375,2023-01-19T21:00:00Z,3094
2023-01-20,POC,394.28458333333333,2023-01-20T21:00:00Z,3101
2023-01-20,VAH,395.8804166666667,2023-01-20T21:00:00Z,3101
2023-01-20,VAL,391.09291666666667,2023-01-20T21:00:00Z,3101
2023-01-23,POC,399.906875,2023-01-23T21:00:00Z,3108
2023-01-23,VAH,401.92812499999997,2023-01-23T21:00:00Z,3108
2023-01-23,VAL,399.040625,2023-01-23T21:00:00Z,3108
2023-01-24,POC,399.90687499999996,2023-01-24T21:00:00Z,3115
2023-01-24,VAH,400.78437499999995,2023-01-24T21:00:00Z,3115
2023-01-24,VAL,399.321875,2023-01-24T21:00:00Z,3115
2023-01-25,POC,399.36125,2023-01-25T21:00:00Z,3122
2023-01-25,VAH,400.55125,2023-01-25T21:00:00Z,3122
2023-01-25,VAL,395.49375,2023-01-25T21:00:00Z,3122
2023-01-26,POC,403.188125,2023-01-26T21:00:00Z,3129
2023-01-26,VAH,403.799375,2023-01-26T21:00:00Z,3129
2023-01-26,VAL,401.150625,2023-01-26T21:00:00Z,3129
2023-01-27,POC,406.2916666666667,2023-01-27T21:00:00Z,3136
2023-01-27,VAH,407.66833333333335,2023-01-27T21:00:00Z,3136
2023-01-27,VAL,405.1116666666667,2023-01-27T21:00:00Z,3136
2023-01-30,POC,401.795625,2023-01-30T21:00:00Z,3143
2023-01-30,VAH,403.41229166666665,2023-01-30T21:00:00Z,3143
2023-01-30,VAL,400.98729166666664,2023-01-30T21:00:00Z,3143
2023-01-31,POC,403.53,2023-01-31T21:00:00Z,3150
2023-01-31,VAH,405.92999999999995,2023-01-31T21:00:00Z,3150
2023-01-31,VAL,402.81,2023-01-31T21:00:00Z,3150
2023-02-01,POC,404.94416666666666,2023-02-01T21:00:00Z,3157
2023-02-01,VAH,410.1325,2023-02-01T21:00:00Z,3157
2023-02-01,VAL,403.5291666666667,2023-02-01T21:00:00Z,3157
2023-02-02,POC,416.386875,2023-02-02T21:00:00Z,3164
2023-02-02,VAH,417.065625,2023-02-02T21:00:00Z,3164
2023-02-02,VAL,414.124375,2023-02-02T21:00:00Z,3164
2023-02-03,POC,412.4375,2023-02-03T21:00:00Z,3171
2023-02-03,VAH,414.6425,2023-02-03T21:00:00Z,3171
2023-02-03,VAL,411.4575,2023-02-03T21:00:00Z,3171
2023-02-06,POC,409.76145833333334,2023-02-06T21:00:00Z,3178
2023-02-06,VAH,410.69187500000004,2023-02-06T21:00:00Z,3178
2023-02-06,VAL,409.36270833333333,2023-02-06T21:00:00Z,3178
2023-02-07,POC,408.87083333333334,2023-02-07T21:00:00Z,3185
2023-02-07,VAH,413.3308333333333,2023-02-07T21:00:00Z,3185
2023-02-07,VAL,408.49916666666667,2023-02-07T21:00:00Z,3185
2023-02-08,POC,410.9841666666667,2023-02-08T21:00:00Z,3192
2023-02-08,VAH,412.3258333333333,2023-02-08T21:00:00Z,3192
2023-02-08,VAL,410.21750000000003,2023-02-08T21:00:00Z,3192
2023-02-09,POC,408.1825,2023-02-09T21:00:00Z,3199
2023-02-09,VAH,411.8325,2023-02-09T21:00:00Z,3199
2023-02-09,VAL,405.9925,2023-02-09T21:00:00Z,3199
2023-02-10,POC,406.7964583333333,2023-02-10T21:00:00Z,3206
2023-02-10,VAH,407.796875,2023-02-10T21:00:00Z,3206
2023-02-10,VAL,406.08187499999997,2023-02-10T21:00:00Z,3206
2023-02-13,POC,411.8860416666667,2023-02-13T21:00:00Z,3213
2023-02-13,VAH,412.67437500000005,2023-02-13T21:00:00Z,3213
2023-02-13,VAL,411.09770833333334,2023-02-13T21:00:00Z,3213
2023-02-14,POC,412.46125,2023-02-14T21:00:00Z,3220
2023-02-14,VAH,413.82375,2023-02-14T21:00:00Z,3220
2023-02-14,VAL,410.82625,2023-02-14T21:00:00Z,3220
2023-02-15,POC,412.395625,2023-02-15T21:00:00Z,3227
2023-02-15,VAH,413.528125,2023-02-15T21:00:00Z,3227
2023-02-15,VAL,411.07437500000003,2023-02-15T21:00:00Z,3227
2023-02-16,POC,411.81687500000004,2023-02-16T21:00:00Z,3234
2023-02-16,VAH,412.611875,2023-02-16T21:00:00Z,3234
2023-02-16,VAL,409.630625,2023-02-16T21:00:00Z,3234
2023-02-17,POC,405.13125,2023-02-17T21:00:00Z,3241
2023-02-17,VAH,406.5729166666667,2023-02-17T21:00:00Z,3241
2023-02-17,VAL,404.26625,2023-02-17T21:00:00Z,3241
2023-02-21,POC,400.04375,2023-02-21T21:00:00Z,3248
2023-02-21,VAH,401.60125,2023-02-21T21:00:00Z,3248
2023-02-21,VAL,398.93125,2023-02-21T21:00:00Z,3248
2023-02-22,POC,398.64687499999997,2023-02-22T21:00:00Z,3255
2023-02-22,VAH,399.845625,2023-02-22T21:00:00Z,3255
2023-02-22,VAL,397.448125,2023-02-22T21:00:00Z,3255
2023-02-23,POC,400.8364583333333,2023-02-23T21:00:00Z,3262
2023-02-23,VAH,402.07604166666664,2023-02-23T21:00:00Z,3262
2023-02-23,VAL,398.109375,2023-02-23T21:00:00Z,3262
2023-02-24,POC,395.06895833333334,2023-02-24T21:00:00Z,3269
2023-02-24,VAH,396.42270833333333,2023-02-24T21:00:00Z,3269
2023-02-24,VAL,394.6177083333333,2023-02-24T21:00:00Z,3269
2023-02-27,POC,398.16875,2023-02-27T21:00:00Z,3276
2023-02-27,VAH,399.87125000000003,2023-02-27T21:00:00Z,3276
2023-02-27,VAL,397.60125,2023-02-27T21:00:00Z,3276
2023-02-28,POC,397.66541666666666,2023-02-28T21:00:00Z,3283
2023-02-28,VAH,398.31125,2023-02-28T21:00:00Z,3283
2023-02-28,VAL,396.63208333333336,2023-02-28T21:00:00Z,3283
2023-03-01,POC,395.1039583333333,2023-03-01T21:00:00Z,3290
2023-03-01,VAH,395.79354166666667,2023-03-01T21:00:00Z,3290
2023-03-01,VAL,394.000625,2023-03-01T21:00:00Z,3290
2023-03-02,POC,393.5225,2023-03-02T21:00:00Z,3297
2023-03-02,VAH,396.7025,2023-03-02T21:00:00Z,3297
2023-03-02,VAL,392.4625,2023-03-02T21:00:00Z,3297
2023-03-03,POC,403.43375,2023-03-03T21:00:00Z,3304
2023-03-03,VAH,404.33708333333334,2023-03-03T21:00:00Z,3304
2023-03-03,VAL,400.9495833333333,2023-03-03T21:00:00Z,3304
2023-03-06,POC,404.81374999999997,2023-03-06T21:00:00Z,3311
2023-03-06,VAH,406.09625,2023-03-06T21:00:00Z,3311
2023-03-06,VAL,404.10125,2023-03-06T21:00:00Z,3311
2023-03-07,POC,398.060625,2023-03-07T21:00:00Z,3318
2023-03-07,VAH,401.291875,2023-03-07T21:00:00Z,3318
2023-03-07,VAL,397.766875,2023-03-07T21:00:00Z,3318
2023-03-08,POC,397.955,2023-03-08T21:00:00Z,3325
2023-03-08,VAH,398.86499999999995,2023-03-08T21:00:00Z,3325
2023-03-08,VAL,397.17499999999995,2023-03-08T21:00:00Z,3325
2023-03-09,POC,393.49562499999996,2023-03-09T21:00:00Z,3332
2023-03-09,VAH,398.51437500000003,2023-03-09T21:00:00Z,3332
2023-03-09,VAL,390.75812499999995,2023-03-09T21:00:00Z,3332
2023-03-10,POC,387.81916666666666,2023-03-10T21:00:00Z,3339
2023-03-10,VAH,391.13416666666666,2023-03-10T21:00:00Z,3339
2023-03-10,VAL,386.34583333333336,2023-03-10T21:00:00Z,3339
2023-03-13,POC,387.7520833333333,2023-03-13T20:00:00Z,3346
2023-03-13,VAH,388.96958333333333,2023-03-13T20:00:00Z,3346
2023-03-13,VAL,384.91125,2023-03-13T20:00:00Z,3346
2023-03-14,POC,391.98333333333335,2023-03-14T20:00:00Z,3353
2023-03-14,VAH,392.7833333333333,2023-03-14T20:00:00Z,3353
2023-03-14,VAL,389.5833333333333,2023-03-14T20:00:00Z,3353
2023-03-15,POC,386.72041666666667,2023-03-15T20:00:00Z,3360
2023-03-15,VAH,387.68375,2023-03-15T20:00:00Z,3360
2023-03-15,VAL,384.55291666666665,2023-03-15T20:00:00Z,3360
2023-03-16,POC,394.9854166666667,2023-03-16T20:00:00Z,3367
2023-03-16,VAH,396.2579166666667,2023-03-16T20:00:00Z,3367
2023-03-16,VAL,391.59208333333333,2023-03-16T20:00:00Z,3367
2023-03-17,POC,390.134375,2023-03-17T20:00:00Z,3374
2023-03-17,VAH,391.596875,2023-03-17T20:00:00Z,3374
2023-03-17,VAL,388.91562500000003,2023-03-17T20:00:00Z,3374
2023-03-20,POC,392.71791666666667,2023-03-20T20:00:00Z,3381
2023-03-20,VAH,393.91375,2023-03-20T20:00:00Z,3381
2023-03-20,VAL,392.03458333333333,2023-03-20T20:00:00Z,3381
2023-03-21,POC,397.57479166666667,2023-03-21T20:00:00Z,3388
2023-03-21,VAH,398.213125,2023-03-21T20:00:00Z,3388
2023-03-21,VAL,396.13854166666664,2023-03-21T20:00:00Z,3388
2023-03-22,POC,398.36541666666665,2023-03-22T20:00:00Z,3395
2023-03-22,VAH,401.40458333333333,2023-03-22T20:00:00Z,3395
2023-03-22,VAL,397.4970833333333,2023-03-22T20:00:00Z,3395
2023-03-23,POC,395.00625,2023-03-23T20:00:00Z,3402
2023-03-23,VAH,398.35875000000004,2023-03-23T20:00:00Z,3402
2023-03-23,VAL,392.77125,2023-03-23T20:00:00Z,3402
2023-03-24,POC,394.0958333333333,2023-03-24T20:00:00Z,3409
2023-03-24,VAH,395.1691666666666,2023-03-24T20:00:00Z,3409
2023-03-24,VAL,391.41249999999997,2023-03-24T20:00:00Z,3409
2023-03-27,POC,396.33,2023-03-27T20:00:00Z,3416
2023-03-27,VAH,397.87,2023-03-27T20:00:00Z,3416
2023-03-27,VAL,396.05,2023-03-27T20:00:00Z,3416
2023-03-28,POC,394.915,2023-03-28T20:00:00Z,3423
2023-03-28,VAH,395.84833333333336,2023-03-28T20:00:00Z,3423
2023-03-28,VAL,394.565,2023-03-28T20:00:00Z,3423
2023-03-29,POC,400.0791666666667,2023-03-29T20:00:00Z,3430
2023-03-29,VAH,400.6875,2023-03-29T20:00:00Z,3430
2023-03-29,VAL,399.3491666666667,2023-03-29T20:00:00Z,3430
2023-03-30,POC,403.54062500000003,2023-03-30T20:00:00Z,3437
2023-03-30,VAH,403.9722916666667,2023-03-30T20:00:00Z,3437
2023-03-30,VAL,402.78520833333334,2023-03-30T20:00:00Z,3437
2023-03-31,POC,407.446875,2023-03-31T20:00:00Z,3444
2023-03-31,VAH,409.59270833333335,2023-03-31T20:00:00Z,3444
2023-03-31,VAL,406.5885416666667,2023-03-31T20:00:00Z,3444
2023-04-03,POC,409.23354166666667,2023-04-03T20:00:00Z,3451
2023-04-03,VAH,410.57645833333333,2023-04-03T20:00:00Z,3451
2023-04-03,VAL,408.8672916666667,2023-04-03T20:00:00Z,3451
2023-04-04,POC,408.1175,2023-04-04T20:00:00Z,3458
2023-04-04,VAH,409.6775,2023-04-04T20:00:00Z,3458
2023-04-04,VAL,407.5325,2023-04-04T20:00:00Z,3458
2023-04-05,POC,406.99625,2023-04-05T20:00:00Z,3465
2023-04-05,VAH,407.81874999999997,2023-04-05T20:00:00Z,3465
2023-04-05,VAL,406.40875,2023-04-05T20:00:00Z,3465
2023-04-06,POC,408.765625,2023-04-06T20:00:00Z,3472
2023-04-06,VAH,409.400625,2023-04-06T20:00:00Z,3472
2023-04-06,VAL,407.019375,2023-04-06T20:00:00Z,3472
2023-04-10,POC,408.6825,2023-04-10T20:00:00Z,3479
2023-04-10,VAH,409.6125,2023-04-10T20:00:00Z,3479
2023-04-10,VAL,406.82250000000005,2023-04-10T20:00:00Z,3479
2023-04-11,POC,409.81458333333336,2023-04-11T20:00:00Z,3486
2023-04-11,VAH,410.5679166666667,2023-04-11T20:00:00Z,3486
2023-04-11,VAL,409.34375,2023-04-11T20:00:00Z,3486
2023-04-12,POC,410.4947916666667,2023-04-12T20:00:00Z,3493
2023-04-12,VAH,411.48020833333334,2023-04-12T20:00:00Z,3493
2023-04-12,VAL,408.91812500000003,2023-04-12T20:00:00Z,3493
2023-04-13,POC,413.09041666666667,2023-04-13T20:00:00Z,3500
2023-04-13,VAH,413.73291666666665,2023-04-13T20:00:00Z,3500
2023-04-13,VAL,410.7345833333333,2023-04-13T20:00:00Z,3500
2023-04-14,POC,411.631875,2023-04-14T20:00:00Z,3507
2023-04-14,VAH,412.889375,2023-04-14T20:00:00Z,3507
2023-04-14,VAL,410.5839583333333,2023-04-14T20:00:00Z,3507
2023-04-17,POC,412.7,2023-04-17T20:00:00Z,3514
2023-04-17,VAH,413.18,2023-04-17T20:00:00Z,3514
2023-04-17,VAL,411.62,2023-04-17T20:00:00Z,3514
2023-04-18,POC,413.82124999999996,2023-04-18T20:00:00Z,3521
2023-04-18,VAH,414.55625,2023-04-18T20:00:00Z,3521
2023-04-18,VAL,413.45375,2023-04-18T20:00:00Z,3521
2023-04-19,POC,413.8025,2023-04-19T20:00:00Z,3528
2023-04-19,VAH,414.7758333333333,2023-04-19T20:00:00Z,3528
2023-04-19,VAL,413.0725,2023-04-19T20:00:00Z,3528
2023-04-20,POC,411.770625,2023-04-20T20:00:00Z,3535
2023-04-20,VAH,412.9139583333333,2023-04-20T20:00:00Z,3535
2023-04-20,VAL,411.05604166666666,2023-04-20T20:00:00Z,3535
2023-04-21,POC,411.68645833333335,2023-04-21T20:00:00Z,3542
2023-04-21,VAH,412.31395833333335,2023-04-21T20:00:00Z,3542
2023-04-21,VAL,411.3727083333333,2023-04-21T20:00:00Z,3542
2023-04-24,POC,411.989375,2023-04-24T20:00:00Z,3549
2023-04-24,VAH,412.606875,2023-04-24T20:00:00Z,3549
2023-04-24,VAL,411.57770833333336,2023-04-24T20:00:00Z,3549
2023-04-25,POC,406.76958333333334,2023-04-25T20:00:00Z,3556
2023-04-25,VAH,409.33958333333334,2023-04-25T20:00:00Z,3556
2023-04-25,VAL,406.1270833333333,2023-04-25T20:00:00Z,3556
2023-04-26,POC,406.57124999999996,2023-04-26T20:00:00Z,3563
2023-04-26,VAH,407.58624999999995,2023-04-26T20:00:00Z,3563
2023-04-26,VAL,404.7104166666666,2023-04-26T20:00:00Z,3563
2023-04-27,POC,412.0702083333333,2023-04-27T20:00:00Z,3570
2023-04-27,VAH,412.56604166666665,2023-04-27T20:00:00Z,3570
2023-04-27,VAL,408.3514583333333,2023-04-27T20:00:00Z,3570
2023-04-28,POC,414.7185416666667,2023-04-28T20:00:00Z,3577
2023-04-28,VAH,415.8460416666667,2023-04-28T20:00:00Z,3577
2023-04-28,VAL,413.5910416666667,2023-04-28T20:00:00Z,3577
2023-05-01,POC,415.80083333333334,2023-05-01T20:00:00Z,3584
2023-05-01,VAH,416.8825,2023-05-01T20:00:00Z,3584
2023-05-01,VAL,415.6041666666667,2023-05-01T20:00:00Z,3584
2023-05-02,POC,410.59479166666665,2023-05-02T20:00:00Z,3591
2023-05-02,VAH,411.4710416666667,2023-05-02T20:00:00Z,3591
2023-05-02,VAL,408.84229166666665,2023-05-02T20:00:00Z,3591
2023-05-03,POC,411.96375,2023-05-03T20:00:00Z,3598
2023-05-03,VAH,412.47208333333333,2023-05-03T20:00:00Z,3598
2023-05-03,VAL,410.1845833333333,2023-05-03T20:00:00Z,3598
2023-05-04,POC,405.57854166666664,2023-05-04T20:00:00Z,3605
2023-05-04,VAH,406.166875,2023-05-04T20:00:00Z,3605
2023-05-04,VAL,404.54895833333336,2023-05-04T20:00:00Z,3605
2023-05-05,POC,411.07416666666666,2023-05-05T20:00:00Z,3612
2023-05-05,VAH,412.76750000000004,2023-05-05T20:00:00Z,3612
2023-05-05,VAL,410.0158333333333,2023-05-05T20:00:00Z,3612
2023-05-08,POC,412.3825,2023-05-08T20:00:00Z,3619
2023-05-08,VAH,412.8725,2023-05-08T20:00:00Z,3619
2023-05-08,VAL,411.97416666666663,2023-05-08T20:00:00Z,3619
2023-05-09,POC,411.179375,2023-05-09T20:00:00Z,3626
2023-05-09,VAH,411.708125,2023-05-09T20:00:00Z,3626
2023-05-09,VAL,411.003125,2023-05-09T20:00:00Z,3626
2023-05-10,POC,411.823125,2023-05-10T20:00:00Z,3633
2023-05-10,VAH,413.713125,2023-05-10T20:00:00Z,3633
2023-05-10,VAL,411.114375,2023-05-10T20:00:00Z,3633
2023-05-11,POC,411.45625,2023-05-11T20:00:00Z,3640
2023-05-11,VAH,412.17375,2023-05-11T20:00:00Z,3640
2023-05-11,VAL,410.94375,2023-05-11T20:00:00Z,3640
2023-05-12,POC,409.7364583333333,2023-05-12T20:00:00Z,3647
2023-05-12,VAH,411.640625,2023-05-12T20:00:00Z,3647
2023-05-12,VAL,409.355625,2023-05-12T20:00:00Z,3647
2023-05-15,POC,412.43,2023-05-15T20:00:00Z,3654
2023-05-15,VAH,412.96333333333337,2023-05-15T20:00:00Z,3654
2023-05-15,VAL,411.63,2023-05-15T20:00:00Z,3654
2023-05-16,POC,411.58375,2023-05-16T20:00:00Z,3661
2023-05-16,VAH,412.01375,2023-05-16T20:00:00Z,3661
2023-05-16,VAL,411.04625,2023-05-16T20:00:00Z,3661
2023-05-17,POC,414.44354166666665,2023-05-17T20:00:00Z,3668
2023-05-17,VAH,415.75104166666665,2023-05-17T20:00:00Z,3668
2023-05-17,VAL,412.4822916666667,2023-05-17T20:00:00Z,3668
2023-05-18,POC,416.8575,2023-05-18T20:00:00Z,3675
2023-05-18,VAH,418.1075,2023-05-18T20:00:00Z,3675
2023-05-18,VAL,415.6075,2023-05-18T20:00:00Z,3675
2023-05-19,POC,417.981875,2023-05-19T20:00:00Z,3682
2023-05-19,VAH,419.5264583333334,2023-05-19T20:00:00Z,3682
2023-05-19,VAL,417.42020833333333,2023-05-19T20:00:00Z,3682
2023-05-22,POC,419.06,2023-05-22T20:00:00Z,3689
2023-05-22,VAH,419.56666666666666,2023-05-22T20:00:00Z,3689
2023-05-22,VAL,418.4266666666667,2023-05-22T20:00:00Z,3689
2023-05-23,POC,416.9247916666667,2023-05-23T20:00:00Z,3696
2023-05-23,VAH,418.03729166666665,2023-05-23T20:00:00Z,3696
2023-05-23,VAL,414.8852083333333,2023-05-23T20:00:00Z,3696
2023-05-24,POC,410.91479166666664,2023-05-24T20:00:00Z,3703
2023-05-24,VAH,411.529375,2023-05-24T20:00:00Z,3703
2023-05-24,VAL,410.1772916666667,2023-05-24T20:00:00Z,3703
2023-05-25,POC,414.050625,2023-05-25T20:00:00Z,3710
2023-05-25,VAH,414.988125,2023-05-25T20:00:00Z,3710
2023-05-25,VAL,413.113125,2023-05-25T20:00:00Z,3710
2023-05-26,POC,419.735,2023-05-26T20:00:00Z,3717
2023-05-26,VAH,420.655,2023-05-26T20:00:00Z,3717
2023-05-26,VAL,418.815,2023-05-26T20:00:00Z,3717
2023-05-30,POC,420.25395833333334,2023-05-30T20:00:00Z,3724
2023-05-30,VAH,421.05604166666666,2023-05-30T20:00:00Z,3724
2023-05-30,VAL,419.45187500000003,2023-05-30T20:00:00Z,3724
2023-05-31,POC,418.0325,2023-05-31T20:00:00Z,3731
2023-05-31,VAH,419.1575,2023-05-31T20:00:00Z,3731
2023-05-31,VAL,417.5325,2023-05-31T20:00:00Z,3731
2023-06-01,POC,421.770625,2023-06-01T20:00:00Z,3738
2023-06-01,VAH,422.7922916666667,2023-06-01T20:00:00Z,3738
2023-06-01,VAL,419.7272916666667,2023-06-01T20:00:00Z,3738
2023-06-02,POC,427.64229166666667,2023-06-02T20:00:00Z,3745
2023-06-02,VAH,428.64020833333336,2023-06-02T20:00:00Z,3745
2023-06-02,VAL,426.644375,2023-06-02T20:00:00Z,3745
2023-06-05,POC,428.50125,2023-06-05T20:00:00Z,3752
2023-06-05,VAH,429.46375,2023-06-05T20:00:00Z,3752
2023-06-05,VAL,427.40125,2023-06-05T20:00:00Z,3752
2023-06-06,POC,427.446875,2023-06-06T20:00:00Z,3759
2023-06-06,VAH,428.3102083333333,2023-06-06T20:00:00Z,3759
2023-06-06,VAL,426.90729166666665,2023-06-06T20:00:00Z,3759
2023-06-07,POC,427.060625,2023-06-07T20:00:00Z,3766
2023-06-07,VAH,427.499375,2023-06-07T20:00:00Z,3766
2023-06-07,VAL,426.183125,2023-06-07T20:00:00Z,3766
2023-06-08,POC,428.73375000000004,2023-06-08T20:00:00Z,3773
2023-06-08,VAH,429.52125,2023-06-08T20:00:00Z,3773
2023-06-08,VAL,427.78875,2023-06-08T20:00:00Z,3773
2023-06-09,POC,430.495,2023-06-09T20:00:00Z,3780
2023-06-09,VAH,431.015,2023-06-09T20:00:00Z,3780
2023-06-09,VAL,429.585,2023-06-09T20:00:00Z,3780
2023-06-12,POC,431.02020833333336,2023-06-12T20:00:00Z,3787
2023-06-12,VAH,432.720625,2023-06-12T20:00:00Z,3787
2023-06-12,VAL,430.2472916666667,2023-06-12T20:00:00Z,3787
2023-06-13,POC,436.48625,2023-06-13T20:00:00Z,3794
2023-06-13,VAH,436.93625,2023-06-13T20:00:00Z,3794
2023-06-13,VAL,435.81125,2023-06-13T20:00:00Z,3794
2023-06-14,POC,437.35749999999996,2023-06-14T20:00:00Z,3801
2023-06-14,VAH,438.2708333333333,2023-06-14T20:00:00Z,3801
2023-06-14,VAL,435.75916666666666,2023-06-14T20:00:00Z,3801
2023-06-15,POC,442.14229166666667,2023-06-15T20:00:00Z,3808
2023-06-15,VAH,443.7402083333333,2023-06-15T20:00:00Z,3808
2023-06-15,VAL,439.90520833333335,2023-06-15T20:00:00Z,3808
2023-06-16,POC,440.9872916666667,2023-06-16T20:00:00Z,3815
2023-06-16,VAH,442.390625,2023-06-16T20:00:00Z,3815
2023-06-16,VAL,440.28562500000004,2023-06-16T20:00:00Z,3815
2023-06-20,POC,437.32625,2023-06-20T20:00:00Z,3822
2023-06-20,VAH,438.16125,2023-06-20T20:00:00Z,3822
2023-06-20,VAL,436.49125,2023-06-20T20:00:00Z,3822
2023-06-21,POC,435.71541666666667,2023-06-21T20:00:00Z,3829
2023-06-21,VAH,436.04791666666665,2023-06-21T20:00:00Z,3829
2023-06-21,VAL,434.82875,2023-06-21T20:00:00Z,3829
2023-06-22,POC,435.4245833333333,2023-06-22T20:00:00Z,3836
2023-06-22,VAH,436.05375000000004,2023-06-22T20:00:00Z,3836
2023-06-22,VAL,434.54375000000005,2023-06-22T20:00:00Z,3836
2023-06-23,POC,433.0635416666667,2023-06-23T20:00:00Z,3843
2023-06-23,VAH,434.0347916666667,2023-06-23T20:00:00Z,3843
2023-06-23,VAL,432.84770833333334,2023-06-23T20:00:00Z,3843
2023-06-26,POC,432.54375,2023-06-26T20:00:00Z,3850
2023-06-26,VAH,433.11375,2023-06-26T20:00:00Z,3850
2023-06-26,VAL,431.68875,2023-06-26T20:00:00Z,3850
2023-06-27,POC,436.0910416666667,2023-06-27T20:00:00Z,3857
2023-06-27,VAH,436.70729166666666,2023-06-27T20:00:00Z,3857
2023-06-27,VAL,433.21520833333335,2023-06-27T20:00:00Z,3857
2023-06-28,POC,435.23062500000003,2023-06-28T20:00:00Z,3864
2023-06-28,VAH,435.988125,2023-06-28T20:00:00Z,3864
2023-06-28,VAL,434.599375,2023-06-28T20:00:00Z,3864
2023-06-29,POC,437.3095833333333,2023-06-29T20:00:00Z,3871
2023-06-29,VAH,437.88041666666663,2023-06-29T20:00:00Z,3871
2023-06-29,VAL,436.5104166666667,2023-06-29T20:00:00Z,3871
2023-06-30,POC,443.303125,2023-06-30T20:00:00Z,3878
2023-06-30,VAH,444.10062500000004,2023-06-30T20:00:00Z,3878
2023-06-30,VAL,442.505625,2023-06-30T20:00:00Z,3878
2023-07-03,POC,443.56645833333334,2023-07-03T17:00:00Z,3882
2023-07-03,VAH,443.86854166666666,2023-07-03T17:00:00Z,3882
2023-07-03,VAL,443.14354166666664,2023-07-03T17:00:00Z,3882
2023-07-05,POC,443.1852083333333,2023-07-05T20:00:00Z,3889
2023-07-05,VAH,443.765625,2023-07-05T20:00:00Z,3889
2023-07-05,VAL,443.01937499999997,2023-07-05T20:00:00Z,3889
2023-07-06,POC,439.53000000000003,2023-07-06T20:00:00Z,3896
2023-07-06,VAH,440.0366666666667,2023-07-06T20:00:00Z,3896
2023-07-06,VAL,438.13666666666666,2023-07-06T20:00:00Z,3896
2023-07-07,POC,439.65625,2023-07-07T20:00:00Z,3903
2023-07-07,VAH,441.46458333333334,2023-07-07T20:00:00Z,3903
2023-07-07,VAL,438.75208333333336,2023-07-07T20:00:00Z,3903
2023-07-10,POC,438.7570833333333,2023-07-10T20:00:00Z,3910
2023-07-10,VAH,439.41625,2023-07-10T20:00:00Z,3910
2023-07-10,VAL,438.4745833333333,2023-07-10T20:00:00Z,3910
2023-07-11,POC,441.13145833333334,2023-07-11T20:00:00Z,3917
2023-07-11,VAH,441.866875,2023-07-11T20:00:00Z,3917
2023-07-11,VAL,440.24895833333335,2023-07-11T20:00:00Z,3917
2023-07-12,POC,446.034375,2023-07-12T20:00:00Z,3924
2023-07-12,VAH,446.5697916666667,2023-07-12T20:00:00Z,3924
2023-07-12,VAL,445.1777083333334,2023-07-12T20:00:00Z,3924
2023-07-13,POC,448.36562499999997,2023-07-13T20:00:00Z,3931
2023-07-13,VAH,449.34229166666665,2023-07-13T20:00:00Z,3931
2023-07-13,VAL,447.7552083333333,2023-07-13T20:00:00Z,3931
2023-07-14,POC,449.50645833333334,2023-07-14T20:00:00Z,3938
2023-07-14,VAH,450.70229166666667,2023-07-14T20:00:00Z,3938
2023-07-14,VAL,449.14770833333336,2023-07-14T20:00:00Z,3938
2023-07-17,POC,450.683125,2023-07-17T20:00:00Z,3945
2023-07-17,VAH,451.158125,2023-07-17T20:00:00Z,3945
2023-07-17,VAL,449.733125,2023-07-17T20:00:00Z,3945
2023-07-18,POC,453.7554166666667,2023-07-18T20:00:00Z,3952
2023-07-18,VAH,454.75958333333335,2023-07-18T20:00:00Z,3952
2023-07-18,VAL,452.5504166666667,2023-07-18T20:00:00Z,3952
2023-07-19,POC,455.0995833333333,2023-07-19T20:00:00Z,3959
2023-07-19,VAH,455.9579166666667,2023-07-19T20:00:00Z,3959
2023-07-19,VAL,455.01375,2023-07-19T20:00:00Z,3959
2023-07-20,POC,453.49875000000003,2023-07-20T20:00:00Z,3966
2023-07-20,VAH,455.02375,2023-07-20T20:00:00Z,3966
2023-07-20,VAL,452.73625,2023-07-20T20:00:00Z,3966
2023-07-21,POC,453.12833333333333,2023-07-21T20:00:00Z,3973
2023-07-21,VAH,453.62833333333333,2023-07-21T20:00:00Z,3973
2023-07-21,VAL,452.545,2023-07-21T20:00:00Z,3973
2023-07-24,POC,454.03812500000004,2023-07-24T20:00:00Z,3980
2023-07-24,VAH,454.4197916666667,2023-07-24T20:00:00Z,3980
2023-07-24,VAL,453.465625,2023-07-24T20:00:00Z,3980
2023-07-25,POC,455.7235416666667,2023-07-25T20:00:00Z,3987
2023-07-25,VAH,456.32145833333334,2023-07-25T20:00:00Z,3987
2023-07-25,VAL,454.88645833333334,2023-07-25T20:00:00Z,3987
2023-07-26,POC,454.35770833333333,2023-07-26T20:00:00Z,3994
2023-07-26,VAH,455.56104166666665,2023-07-26T20:00:00Z,3994
2023-07-26,VAL,454.056875,2023-07-26T20:00:00Z,3994
2023-07-27,POC,458.618125,2023-07-27T20:00:00Z,4001
2023-07-27,VAH,459.275625,2023-07-27T20:00:00Z,4001
2023-07-27,VAL,453.686875,2023-07-27T20:00:00Z,4001
2023-07-28,POC,456.59,2023-07-28T20:00:00Z,4008
2023-07-28,VAH,457.27,2023-07-28T20:00:00Z,4008
2023-07-28,VAL,456.13666666666666,2023-07-28T20:00:00Z,4008
2023-07-31,POC,456.70250000000004,2023-07-31T20:00:00Z,4015
2023-07-31,VAH,457.58583333333337,2023-07-31T20:00:00Z,4015
2023-07-31,VAL,456.52583333333337,2023-07-31T20:00:00Z,4015
2023-08-01,POC,456.4066666666667,2023-08-01T20:00:00Z,4022
2023-08-01,VAH,456.92,2023-08-01T20:00:00Z,4022
2023-08-01,VAL,456.11333333333334,2023-08-01T20:00:00Z,4022
2023-08-02,POC,450.47208333333333,2023-08-02T20:00:00Z,4029
2023-08-02,VAH,451.69124999999997,2023-08-02T20:00:00Z,4029
2023-08-02,VAL,449.7754166666666,2023-08-02T20:00:00Z,4029
2023-08-03,POC,449.29375,2023-08-03T20:00:00Z,4036
2023-08-03,VAH,450.00625,2023-08-03T20:00:00Z,4036
2023-08-03,VAL,448.43875,2023-08-03T20:00:00Z,4036
2023-08-04,POC,451.65687499999996,2023-08-04T20:00:00Z,4043
2023-08-04,VAH,452.761875,2023-08-04T20:00:00Z,4043
2023-08-04,VAL,447.789375,2023-08-04T20:00:00Z,4043
2023-08-07,POC,449.61,2023-08-07T20:00:00Z,4050
2023-08-07,VAH,450.21,2023-08-07T20:00:00Z,4050
2023-08-07,VAL,448.65000000000003,2023-08-07T20:00:00Z,4050
2023-08-08,POC,446.5075,2023-08-08T20:00:00Z,4057
2023-08-08,VAH,447.8275,2023-08-08T20:00:00Z,4057
2023-08-08,VAL,445.35249999999996,2023-08-08T20:00:00Z,4057
2023-08-09,POC,447.349375,2023-08-09T20:00:00Z,4064
2023-08-09,VAH,448.230625,2023-08-09T20:00:00Z,4064
2023-08-09,VAL,445.93937500000004,2023-08-09T20:00:00Z,4064
2023-08-10,POC,446.8875,2023-08-10T20:00:00Z,4071
2023-08-10,VAH,448.6375,2023-08-10T20:00:00Z,4071
2023-08-10,VAL,444.8458333333333,2023-08-10T20:00:00Z,4071
2023-08-11,POC,444.95479166666667,2023-08-11T20:00:00Z,4078
2023-08-11,VAH,445.9377083333333,2023-08-11T20:00:00Z,4078
2023-08-11,VAL,444.5335416666666,2023-08-11T20:00:00Z,4078
2023-08-14,POC,446.7889583333333,2023-08-14T20:00:00Z,4085
2023-08-14,VAH,447.7214583333333,2023-08-14T20:00:00Z,4085
2023-08-14,VAL,446.32270833333337,2023-08-14T20:00:00Z,4085
2023-08-15,POC,444.0179166666667,2023-08-15T20:00:00Z,4092
2023-08-15,VAH,445.10291666666666,2023-08-15T20:00:00Z,4092
2023-08-15,VAL,443.47541666666666,2023-08-15T20:00:00Z,4092
2023-08-16,POC,441.758125,2023-08-16T20:00:00Z,4099
2023-08-16,VAH,443.501875,2023-08-16T20:00:00Z,4099
2023-08-16,VAL,440.789375,2023-08-16T20:00:00Z,4099
2023-08-17,POC,439.89166666666665,2023-08-17T20:00:00Z,4106
2023-08-17,VAH,440.83833333333337,2023-08-17T20:00:00Z,4106
2023-08-17,VAL,437.28833333333336,2023-08-17T20:00:00Z,4106
2023-08-18,POC,435.575,2023-08-18T20:00:00Z,4113
2023-08-18,VAH,436.715,2023-08-18T20:00:00Z,4113
2023-08-18,VAL,434.625,2023-08-18T20:00:00Z,4113
2023-08-21,POC,437.8147916666667,2023-08-21T20:00:00Z,4120
2023-08-21,VAH,439.211875,2023-08-21T20:00:00Z,4120
2023-08-21,VAL,436.41770833333334,2023-08-21T20:00:00Z,4120
2023-08-22,POC,438.698125,2023-08-22T20:00:00Z,4127
2023-08-22,VAH,439.4502083333333,2023-08-22T20:00:00Z,4127
2023-08-22,VAL,437.795625,2023-08-22T20:00:00Z,4127
2023-08-23,POC,442.4322916666667,2023-08-23T20:00:00Z,4134
2023-08-23,VAH,443.38437500000003,2023-08-23T20:00:00Z,4134
2023-08-23,VAL,441.48020833333334,2023-08-23T20:00:00Z,4134
2023-08-24,POC,439.11687500000005,2023-08-24T20:00:00Z,4141
2023-08-24,VAH,441.209375,2023-08-24T20:00:00Z,4141
2023-08-24,VAL,437.024375,2023-08-24T20:00:00Z,4141
2023-08-25,POC,438.54375,2023-08-25T20:00:00Z,4148
2023-08-25,VAH,440.90625,2023-08-25T20:00:00Z,4148
2023-08-25,VAL,437.49375,2023-08-25T20:00:00Z,4148
2023-08-28,POC,441.75958333333335,2023-08-28T20:00:00Z,4155
2023-08-28,VAH,442.81791666666663,2023-08-28T20:00:00Z,4155
2023-08-28,VAL,441.33625,2023-08-28T20:00:00Z,4155
2023-08-29,POC,448.139375,2023-08-29T20:00:00Z,4162
2023-08-29,VAH,449.304375,2023-08-29T20:00:00Z,4162
2023-08-29,VAL,446.100625,2023-08-29T20:00:00Z,4162
2023-08-30,POC,450.766875,2023-08-30T20:00:00Z,4169
2023-08-30,VAH,451.36895833333335,2023-08-30T20:00:00Z,4169
2023-08-30,VAL,450.28520833333334,2023-08-30T20:00:00Z,4169
2023-08-31,POC,451.439375,2023-08-31T20:00:00Z,4176
2023-08-31,VAH,452.218125,2023-08-31T20:00:00Z,4176
2023-08-31,VAL,450.883125,2023-08-31T20:00:00Z,4176
2023-09-01,POC,450.594375,2023-09-01T20:00:00Z,4183
2023-09-01,VAH,451.25937500000003,2023-09-01T20:00:00Z,4183
2023-09-01,VAL,449.763125,2023-09-01T20:00:00Z,4183
2023-09-05,POC,450.154375,2023-09-05T20:00:00Z,4190
2023-09-05,VAH,450.626875,2023-09-05T20:00:00Z,4190
2023-09-05,VAL,449.681875,2023-09-05T20:00:00Z,4190
2023-09-06,POC,445.67041666666665,2023-09-06T20:00:00Z,4197
2023-09-06,VAH,446.45375,2023-09-06T20:00:00Z,4197
2023-09-06,VAL,444.69125,2023-09-06T20:00:00Z,4197
2023-09-07,POC,444.325,2023-09-07T20:00:00Z,4204
2023-09-07,VAH,445.375,2023-09-07T20:00:00Z,4204
2023-09-07,VAL,444.0916666666667,2023-09-07T20:00:00Z,4204
2023-09-08,POC,445.76625,2023-09-08T20:00:00Z,4211
2023-09-08,VAH,446.30375,2023-09-08T20:00:00Z,4211
2023-09-08,VAL,444.90625,2023-09-08T20:00:00Z,4211
2023-09-11,POC,448.04812499999997,2023-09-11T20:00:00Z,4218
2023-09-11,VAH,448.72187499999995,2023-09-11T20:00:00Z,4218
2023-09-11,VAL,447.374375,2023-09-11T20:00:00Z,4218
2023-09-12,POC,446.24041666666665,2023-09-12T20:00:00Z,4225
2023-09-12,VAH,447.15625,2023-09-12T20:00:00Z,4225
2023-09-12,VAL,445.4554166666667,2023-09-12T20:00:00Z,4225
2023-09-13,POC,446.775,2023-09-13T20:00:00Z,4232
2023-09-13,VAH,447.435,2023-09-13T20:00:00Z,4232
2023-09-13,VAL,446.005,2023-09-13T20:00:00Z,4232
2023-09-14,POC,450.16729166666664,2023-09-14T20:00:00Z,4239
2023-09-14,VAH,451.0097916666667,2023-09-14T20:00:00Z,4239
2023-09-14,VAL,449.32479166666667,2023-09-14T20:00:00Z,4239
2023-09-15,POC,443.20500000000004,2023-09-15T20:00:00Z,4246
2023-09-15,VAH,445.105,2023-09-15T20:00:00Z,4246
2023-09-15,VAL,443.01500000000004,2023-09-15T20:00:00Z,4246
2023-09-18,POC,443.313125,2023-09-18T20:00:00Z,4253
2023-09-18,VAH,444.11645833333336,2023-09-18T20:00:00Z,4253
2023-09-18,VAL,442.710625,2023-09-18T20:00:00Z,4253
2023-09-19,POC,442.1035416666667,2023-09-19T20:00:00Z,4260
2023-09-19,VAH,443.22020833333335,2023-09-19T20:00:00Z,4260
2023-09-19,VAL,440.986875,2023-09-19T20:00:00Z,4260
2023-09-20,POC,443.56354166666665,2023-09-20T20:00:00Z,4267
2023-09-20,VAH,444.3147916666667,2023-09-20T20:00:00Z,4267
2023-09-20,VAL,441.5602083333333,2023-09-20T20:00:00Z,4267
2023-09-21,POC,434.09375,2023-09-21T20:00:00Z,4274
2023-09-21,VAH,435.47625000000005,2023-09-21T20:00:00Z,4274
2023-09-21,VAL,433.10625000000005,2023-09-21T20:00:00Z,4274
2023-09-22,POC,432.644375,2023-09-22T20:00:00Z,4281
2023-09-22,VAH,433.500625,2023-09-22T20:00:00Z,4281
2023-09-22,VAL,431.274375,2023-09-22T20:00:00Z,4281
2023-09-25,POC,430.716875,2023-09-25T20:00:00Z,4288
2023-09-25,VAH,431.7522916666667,2023-09-25T20:00:00Z,4288
2023-09-25,VAL,429.9772916666667,2023-09-25T20:00:00Z,4288
2023-09-26,POC,425.91999999999996,2023-09-26T20:00:00Z,4295
2023-09-26,VAH,427.71999999999997,2023-09-26T20:00:00Z,4295
2023-09-26,VAL,425.12,2023-09-26T20:00:00Z,4295
2023-09-27,POC,424.8679166666667,2023-09-27T20:00:00Z,4302
2023-09-27,VAH,427.1095833333334,2023-09-27T20:00:00Z,4302
2023-09-27,VAL,424.1954166666667,2023-09-27T20:00:00Z,4302
2023-09-28,POC,428.56875,2023-09-28T20:00:00Z,4309
2023-09-28,VAH,429.68958333333336,2023-09-28T20:00:00Z,4309
2023-09-28,VAL,427.4479166666667,2023-09-28T20:00:00Z,4309
2023-09-29,POC,427.76625,2023-09-29T20:00:00Z,4316
2023-09-29,VAH,429.74625000000003,2023-09-29T20:00:00Z,4316
2023-09-29,VAL,426.28125,2023-09-29T20:00:00Z,4316
2023-10-02,POC,425.92625,2023-10-02T20:00:00Z,4323
2023-10-02,VAH,426.78875,2023-10-02T20:00:00Z,4323
2023-10-02,VAL,424.54625,2023-10-02T20:00:00Z,4323
2023-10-03,POC,421.393125,2023-10-03T20:00:00Z,4330
2023-10-03,VAH,422.4714583333333,2023-10-03T20:00:00Z,4330
2023-10-03,VAL,420.3147916666667,2023-10-03T20:00:00Z,4330
2023-10-04,POC,423.299375,2023-10-04T20:00:00Z,4337
2023-10-04,VAH,424.31395833333335,2023-10-04T20:00:00Z,4337
2023-10-04,VAL,421.87895833333334,2023-10-04T20:00:00Z,4337
2023-10-05,POC,424.2325,2023-10-05T20:00:00Z,4344
2023-10-05,VAH,425.1075,2023-10-05T20:00:00Z,4344
2023-10-05,VAL,422.4825,2023-10-05T20:00:00Z,4344
2023-10-06,POC,429.594375,2023-10-06T20:00:00Z,4351
2023-10-06,VAH,430.910625,2023-10-06T20:00:00Z,4351
2023-10-06,VAL,424.768125,2023-10-06T20:00:00Z,4351
2023-10-09,POC,431.779375,2023-10-09T20:00:00Z,4358
2023-10-09,VAH,432.7577083333333,2023-10-09T20:00:00Z,4358
2023-10-09,VAL,428.59979166666665,2023-10-09T20:00:00Z,4358
2023-10-10,POC,435.16812500000003,2023-10-10T20:00:00Z,4365
2023-10-10,VAH,436.5360416666667,2023-10-10T20:00:00Z,4365
2023-10-10,VAL,434.38645833333334,2023-10-10T20:00:00Z,4365
2023-10-11,POC,435.2341666666667,2023-10-11T20:00:00Z,4372
2023-10-11,VAH,435.80083333333334,2023-10-11T20:00:00Z,4372
2023-10-11,VAL,433.95916666666665,2023-10-11T20:00:00Z,4372
2023-10-12,POC,436.194375,2023-10-12T20:00:00Z,4379
2023-10-12,VAH,437.2127083333333,2023-10-12T20:00:00Z,4379
2023-10-12,VAL,433.39395833333333,2023-10-12T20:00:00Z,4379
2023-10-13,POC,431.111875,2023-10-13T20:00:00Z,4386
2023-10-13,VAH,432.480625,2023-10-13T20:00:00Z,4386
2023-10-13,VAL,430.290625,2023-10-13T20:00:00Z,4386
2023-10-16,POC,435.726875,2023-10-16T20:00:00Z,4393
2023-10-16,VAH,436.916875,2023-10-16T20:00:00Z,4393
2023-10-16,VAL,435.429375,2023-10-16T20:00:00Z,4393
2023-10-17,POC,434.939375,2023-10-17T20:00:00Z,4400
2023-10-17,VAH,437.073125,2023-10-17T20:00:00Z,4400
2023-10-17,VAL,434.228125,2023-10-17T20:00:00Z,4400
2023-10-18,POC,433.530625,2023-10-18T20:00:00Z,4407
2023-10-18,VAH,433.784375,2023-10-18T20:00:00Z,4407
2023-10-18,VAL,430.739375,2023-10-18T20:00:00Z,4407
2023-10-19,POC,427.6429166666667,2023-10-19T20:00:00Z,4414
2023-10-19,VAH,430.30541666666664,2023-10-19T20:00:00Z,4414
2023-10-19,VAL,425.8679166666667,2023-10-19T20:00:00Z,4414
2023-10-20,POC,423.01375,2023-10-20T20:00:00Z,4421
2023-10-20,VAH,424.37875,2023-10-20T20:00:00Z,4421
2023-10-20,VAL,421.87624999999997,2023-10-20T20:00:00Z,4421
2023-10-23,POC,422.6489583333333,2023-10-23T20:00:00Z,4428
2023-10-23,VAH,423.203125,2023-10-23T20:00:00Z,4428
2023-10-23,VAL,420.4322916666667,2023-10-23T20:00:00Z,4428
2023-10-24,POC,423.205,2023-10-24T20:00:00Z,4435
2023-10-24,VAH,424.225,2023-10-24T20:00:00Z,4435
2023-10-24,VAL,422.525,2023-10-24T20:00:00Z,4435
2023-10-25,POC,418.33979166666666,2023-10-25T20:00:00Z,4442
2023-10-25,VAH,419.9764583333333,2023-10-25T20:00:00Z,4442
2023-10-25,VAL,417.11229166666664,2023-10-25T20:00:00Z,4442
2023-10-26,POC,414.345625,2023-10-26T20:00:00Z,4449
2023-10-26,VAH,416.01687499999997,2023-10-26T20:00:00Z,4449
2023-10-26,VAL,412.91312500000004,2023-10-26T20:00:00Z,4449
2023-10-27,POC,410.220625,2023-10-27T20:00:00Z,4456
2023-10-27,VAH,412.91562500000003,2023-10-27T20:00:00Z,4456
2023-10-27,VAL,409.3222916666667,2023-10-27T20:00:00Z,4456
2023-10-30,POC,415.47208333333333,2023-10-30T20:00:00Z,4463
2023-10-30,VAH,416.58708333333334,2023-10-30T20:00:00Z,4463
2023-10-30,VAL,413.7995833333334,2023-10-30T20:00:00Z,4463
2023-10-31,POC,417.53999999999996,2023-10-31T20:00:00Z,4470
2023-10-31,VAH,418.44,2023-10-31T20:00:00Z,4470
2023-10-31,VAL,416.09999999999997,2023-10-31T20:00:00Z,4470
2023-11-01,POC,421.37375,2023-11-01T20:00:00Z,4477
2023-11-01,VAH,421.98125,2023-11-01T20:00:00Z,4477
2023-11-01,VAL,419.34875,2023-11-01T20:00:00Z,4477
2023-11-02,POC,430.1025,2023-11-02T20:00:00Z,4484
2023-11-02,VAH,430.8291666666667,2023-11-02T20:00:00Z,4484
2023-11-02,VAL,428.46750000000003,2023-11-02T20:00:00Z,4484
2023-11-03,POC,434.9916666666667,2023-11-03T20:00:00Z,4491
2023-11-03,VAH,436.2216666666667,2023-11-03T20:00:00Z,4491
2023-11-03,VAL,434.71833333333336,2023-11-03T20:00:00Z,4491
2023-11-06,POC,435.069375,2023-11-06T21:00:00Z,4498
2023-11-06,VAH,435.78979166666664,2023-11-06T21:00:00Z,4498
2023-11-06,VAL,434.760625,2023-11-06T21:00:00Z,4498
2023-11-07,POC,436.7558333333333,2023-11-07T21:00:00Z,4505
2023-11-07,VAH,437.5258333333333,2023-11-07T21:00:00Z,4505
2023-11-07,VAL,436.37083333333334,2023-11-07T21:00:00Z,4505
2023-11-08,POC,436.5470833333333,2023-11-08T21:00:00Z,4512
2023-11-08,VAH,437.7545833333333,2023-11-08T21:00:00Z,4512
2023-11-08,VAL,436.41291666666666,2023-11-08T21:00:00Z,4512
2023-11-09,POC,433.71687499999996,2023-11-09T21:00:00Z,4519
2023-11-09,VAH,437.096875,2023-11-09T21:00:00Z,4519
2023-11-09,VAL,433.50562499999995,2023-11-09T21:00:00Z,4519
2023-11-10,POC,439.71125,2023-11-10T21:00:00Z,4526
2023-11-10,VAH,440.7945833333333,2023-11-10T21:00:00Z,4526
2023-11-10,VAL,436.1904166666667,2023-11-10T21:00:00Z,4526
2023-11-13,POC,440.420625,2023-11-13T21:00:00Z,4533
2023-11-13,VAH,441.148125,2023-11-13T21:00:00Z,4533
2023-11-13,VAL,439.571875,2023-11-13T21:00:00Z,4533
2023-11-14,POC,448.323125,2023-11-14T21:00:00Z,4540
2023-11-14,VAH,449.48104166666667,2023-11-14T21:00:00Z,4540
2023-11-14,VAL,447.826875,2023-11-14T21:00:00Z,4540
2023-11-15,POC,449.71375,2023-11-15T21:00:00Z,4547
2023-11-15,VAH,450.57375,2023-11-15T21:00:00Z,4547
2023-11-15,VAL,449.49875000000003,2023-11-15T21:00:00Z,4547
2023-11-16,POC,449.2891666666667,2023-11-16T21:00:00Z,4554
2023-11-16,VAH,449.89916666666664,2023-11-16T21:00:00Z,4554
2023-11-16,VAL,448.78083333333336,2023-11-16T21:00:00Z,4554
2023-11-17,POC,450.221875,2023-11-17T21:00:00Z,4561
2023-11-17,VAH,451.198125,2023-11-17T21:00:00Z,4561
2023-11-17,VAL,450.044375,2023-11-17T21:00:00Z,4561
2023-11-20,POC,453.88145833333334,2023-11-20T21:00:00Z,4568
2023-11-20,VAH,455.0339583333333,2023-11-20T21:00:00Z,4568
2023-11-20,VAL,452.7289583333333,2023-11-20T21:00:00Z,4568
2023-11-21,POC,452.90625,2023-11-21T21:00:00Z,4575
2023-11-21,VAH,453.54375,2023-11-21T21:00:00Z,4575
2023-11-21,VAL,452.7645833333333,2023-11-21T21:00:00Z,4575
2023-11-22,POC,454.97375,2023-11-22T21:00:00Z,4582
2023-11-22,VAH,455.59875,2023-11-22T21:00:00Z,4582
2023-11-22,VAL,454.66125,2023-11-22T21:00:00Z,4582
2023-11-24,POC,454.874375,2023-11-24T18:00:00Z,4586
2023-11-24,VAH,455.259375,2023-11-24T18:00:00Z,4586
2023-11-24,VAL,454.874375,2023-11-24T18:00:00Z,4586
2023-11-27,POC,454.93395833333335,2023-11-27T21:00:00Z,4593
2023-11-27,VAH,455.231875,2023-11-27T21:00:00Z,4593
2023-11-27,VAL,454.51687499999997,2023-11-27T21:00:00Z,4593
2023-11-28,POC,454.9427083333333,2023-11-28T21:00:00Z,4600
2023-11-28,VAH,455.058125,2023-11-28T21:00:00Z,4600
2023-11-28,VAL,453.7885416666667,2023-11-28T21:00:00Z,4600
2023-11-29,POC,455.65916666666664,2023-11-29T21:00:00Z,4607
2023-11-29,VAH,456.68916666666667,2023-11-29T21:00:00Z,4607
2023-11-29,VAL,454.2858333333333,2023-11-29T21:00:00Z,4607
2023-11-30,POC,454.12375,2023-11-30T21:00:00Z,4614
2023-11-30,VAH,455.40625,2023-11-30T21:00:00Z,4614
2023-11-30,VAL,453.83875,2023-11-30T21:00:00Z,4614
2023-12-01,POC,458.43395833333335,2023-12-01T21:00:00Z,4621
2023-12-01,VAH,459.5564583333333,2023-12-01T21:00:00Z,4621
2023-12-01,VAL,456.9372916666667,2023-12-01T21:00:00Z,4621
2023-12-04,POC,455.8025,2023-12-04T21:00:00Z,4628
2023-12-04,VAH,456.6691666666667,2023-12-04T21:00:00Z,4628
2023-12-04,VAL,455.5858333333333,2023-12-04T21:00:00Z,4628
2023-12-05,POC,456.06,2023-12-05T21:00:00Z,4635
2023-12-05,VAH,456.74,2023-12-05T21:00:00Z,4635
2023-12-05,VAL,455.71999999999997,2023-12-05T21:00:00Z,4635
2023-12-06,POC,455.914375,2023-12-06T21:00:00Z,4642
2023-12-06,VAH,456.858125,2023-12-06T21:00:00Z,4642
2023-12-06,VAL,454.404375,2023-12-06T21:00:00Z,4642
2023-12-07,POC,457.975625,2023-12-07T21:00:00Z,4649
2023-12-07,VAH,458.51937499999997,2023-12-07T21:00:00Z,4649
2023-12-07,VAL,457.214375,2023-12-07T21:00:00Z,4649
2023-12-08,POC,459.93874999999997,2023-12-08T21:00:00Z,4656
2023-12-08,VAH,460.67625,2023-12-08T21:00:00Z,4656
2023-12-08,VAL,458.90625,2023-12-08T21:00:00Z,4656
2023-12-11,POC,461.43875,2023-12-11T21:00:00Z,4663
2023-12-11,VAH,461.88875,2023-12-11T21:00:00Z,4663
2023-12-11,VAL,460.31375,2023-12-11T21:00:00Z,4663
2023-12-12,POC,463.525,2023-12-12T21:00:00Z,4670
2023-12-12,VAH,464.125,2023-12-12T21:00:00Z,4670
2023-12-12,VAL,462.325,2023-12-12T21:00:00Z,4670
2023-12-13,POC,464.535,2023-12-13T21:00:00Z,4677
2023-12-13,VAH,468.96166666666664,2023-12-13T21:00:00Z,4677
2023-12-13,VAL,464.2583333333333,2023-12-13T21:00:00Z,4677
2023-12-14,POC,471.9566666666667,2023-12-14T21:00:00Z,4684
2023-12-14,VAH,472.89,2023-12-14T21:00:00Z,4684
2023-12-14,VAL,471.0233333333333,2023-12-14T21:00:00Z,4684
2023-12-15,POC,469.2910416666667,2023-12-15T21:00:00Z,4691
2023-12-15,VAH,470.0077083333333,2023-12-15T21:00:00Z,4691
2023-12-15,VAL,468.843125,2023-12-15T21:00:00Z,4691
2023-12-18,POC,472.2079166666667,2023-12-18T21:00:00Z,4698
2023-12-18,VAH,472.84375,2023-12-18T21:00:00Z,4698
2023-12-18,VAL,471.57208333333335,2023-12-18T21:00:00Z,4698
2023-12-19,POC,474.04520833333333,2023-12-19T21:00:00Z,4705
2023-12-19,VAH,474.456875,2023-12-19T21:00:00Z,4705
2023-12-19,VAL,473.63354166666664,2023-12-19T21:00:00Z,4705
2023-12-20,POC,475.05833333333334,2023-12-20T21:00:00Z,4712
2023-12-20,VAH,475.7316666666666,2023-12-20T21:00:00Z,4712
2023-12-20,VAL,470.0083333333333,2023-12-20T21:00:00Z,4712
2023-12-21,POC,470.47875,2023-12-21T21:00:00Z,4719
2023-12-21,VAH,472.20375,2023-12-21T21:00:00Z,4719
2023-12-21,VAL,470.30625,2023-12-21T21:00:00Z,4719
2023-12-22,POC,474.07666666666665,2023-12-22T21:00:00Z,4726
2023-12-22,VAH,474.69,2023-12-22T21:00:00Z,4726
2023-12-22,VAL,473.31,2023-12-22T21:00:00Z,4726
2023-12-26,POC,475.123125,2023-12-26T21:00:00Z,4733
2023-12-26,VAH,475.87854166666665,2023-12-26T21:00:00Z,4733
2023-12-26,VAL,474.5835416666667,2023-12-26T21:00:00Z,4733
2023-12-27,POC,475.516875,2023-12-27T21:00:00Z,4740
2023-12-27,VAH,476.033125,2023-12-27T21:00:00Z,4740
2023-12-27,VAL,475.221875,2023-12-27T21:00:00Z,4740
2023-12-28,POC,476.985625,2023-12-28T21:00:00Z,4747
2023-12-28,VAH,477.41562500000003,2023-12-28T21:00:00Z,4747
2023-12-28,VAL,476.770625,2023-12-28T21:00:00Z,4747
2023-12-29,POC,475.08729166666666,2023-12-29T21:00:00Z,4754
2023-12-29,VAH,475.864375,2023-12-29T21:00:00Z,4754
2023-12-29,VAL,474.465625,2023-12-29T21:00:00Z,4754
2024-01-02,POC,472.01375,2024-01-02T21:00:00Z,4761
2024-01-02,VAH,472.67625000000004,2024-01-02T21:00:00Z,4761
2024-01-02,VAL,471.35125,2024-01-02T21:00:00Z,4761
2024-01-03,POC,469.86875,2024-01-03T21:00:00Z,4768
2024-01-03,VAH,470.3720833333333,2024-01-03T21:00:00Z,4768
2024-01-03,VAL,468.9879166666667,2024-01-03T21:00:00Z,4768
2024-01-04,POC,468.92354166666667,2024-01-04T21:00:00Z,4775
2024-01-04,VAH,469.73812499999997,2024-01-04T21:00:00Z,4775
2024-01-04,VAL,468.10895833333336,2024-01-04T21:00:00Z,4775
2024-01-05,POC,468.184375,2024-01-05T21:00:00Z,4782
2024-01-05,VAH,468.85270833333334,2024-01-05T21:00:00Z,4782
2024-01-05,VAL,466.84770833333334,2024-01-05T21:00:00Z,4782
2024-01-08,POC,473.271875,2024-01-08T21:00:00Z,4789
2024-01-08,VAH,474.615625,2024-01-08T21:00:00Z,4789
2024-01-08,VAL,470.584375,2024-01-08T21:00:00Z,4789
2024-01-09,POC,473.81125000000003,2024-01-09T21:00:00Z,4796
2024-01-09,VAH,474.40791666666667,2024-01-09T21:00:00Z,4796
2024-01-09,VAL,472.6179166666667,2024-01-09T21:00:00Z,4796
2024-01-10,POC,475.1379166666667,2024-01-10T21:00:00Z,4803
2024-01-10,VAH,476.33125,2024-01-10T21:00:00Z,4803
2024-01-10,VAL,474.39208333333335,2024-01-10T21:00:00Z,4803
2024-01-11,POC,475.80041666666665,2024-01-11T21:00:00Z,4810
2024-01-11,VAH,477.02125,2024-01-11T21:00:00Z,4810
2024-01-11,VAL,474.09125,2024-01-11T21:00:00Z,4810
2024-01-12,POC,476.14270833333336,2024-01-12T21:00:00Z,4817
2024-01-12,VAH,477.125625,2024-01-12T21:00:00Z,4817
2024-01-12,VAL,475.7214583333334,2024-01-12T21:00:00Z,4817
2024-01-16,POC,474.169375,2024-01-16T21:00:00Z,4824
2024-01-16,VAH,475.20479166666667,2024-01-16T21:00:00Z,4824
2024-01-16,VAL,473.725625,2024-01-16T21:00:00Z,4824
2024-01-17,POC,471.99916666666667,2024-01-17T21:00:00Z,4831
2024-01-17,VAH,472.2425,2024-01-17T21:00:00Z,4831
2024-01-17,VAL,471.02583333333337,2024-01-17T21:00:00Z,4831
2024-01-18,POC,474.06333333333333,2024-01-18T21:00:00Z,4838
2024-01-18,VAH,475.61,2024-01-18T21:00:00Z,4838
2024-01-18,VAL,472.90333333333336,2024-01-18T21:00:00Z,4838
2024-01-19,POC,481.87708333333336,2024-01-19T21:00:00Z,4845
2024-01-19,VAH,482.5995833333334,2024-01-19T21:00:00Z,4845
2024-01-19,VAL,478.5054166666667,2024-01-19T21:00:00Z,4845
2024-01-22,POC,483.94916666666666,2024-01-22T21:00:00Z,4852
2024-01-22,VAH,484.25416666666666,2024-01-22T21:00:00Z,4852
2024-01-22,VAL,483.23749999999995,2024-01-22T21:00:00Z,4852
2024-01-23,POC,483.58375,2024-01-23T21:00:00Z,4859
2024-01-23,VAH,484.32375,2024-01-23T21:00:00Z,4859
2024-01-23,VAL,483.02875,2024-01-23T21:00:00Z,4859
2024-01-24,POC,486.9683333333333,2024-01-24T21:00:00Z,4866
2024-01-24,VAH,488.37833333333333,2024-01-24T21:00:00Z,4866
2024-01-24,VAL,486.34166666666664,2024-01-24T21:00:00Z,4866
2024-01-25,POC,486.9108333333333,2024-01-25T21:00:00Z,4873
2024-01-25,VAH,487.7625,2024-01-25T21:00:00Z,4873
2024-01-25,VAL,486.4241666666667,2024-01-25T21:00:00Z,4873
2024-01-26,POC,488.09875,2024-01-26T21:00:00Z,4880
2024-01-26,VAH,488.31375,2024-01-26T21:00:00Z,4880
2024-01-26,VAL,487.02375,2024-01-26T21:00:00Z,4880
2024-01-29,POC,488.14395833333333,2024-01-29T21:00:00Z,4887
2024-01-29,VAH,489.20645833333333,2024-01-29T21:00:00Z,4887
2024-01-29,VAL,487.2585416666667,2024-01-29T21:00:00Z,4887
2024-01-30,POC,490.70770833333336,2024-01-30T21:00:00Z,4894
2024-01-30,VAH,491.336875,2024-01-30T21:00:00Z,4894
2024-01-30,VAL,490.581875,2024-01-30T21:00:00Z,4894
2024-01-31,POC,486.6358333333333,2024-01-31T21:00:00Z,4901
2024-01-31,VAH,487.92749999999995,2024-01-31T21:00:00Z,4901
2024-01-31,VAL,484.56916666666666,2024-01-31T21:00:00Z,4901
2024-02-01,POC,488.211875,2024-02-01T21:00:00Z,4908
2024-02-01,VAH,489.116875,2024-02-01T21:00:00Z,4908
2024-02-01,VAL,485.496875,2024-02-01T21:00:00Z,4908
2024-02-02,POC,494.221875,2024-02-02T21:00:00Z,4915
2024-02-02,VAH,495.909375,2024-02-02T21:00:00Z,4915
2024-02-02,VAL,492.253125,2024-02-02T21:00:00Z,4915
2024-02-05,POC,492.93875,2024-02-05T21:00:00Z,4922
2024-02-05,VAH,494.0879166666667,2024-02-05T21:00:00Z,4922
2024-02-05,VAL,492.44625,2024-02-05T21:00:00Z,4922
2024-02-06,POC,492.94854166666664,2024-02-06T21:00:00Z,4929
2024-02-06,VAH,493.42145833333336,2024-02-06T21:00:00Z,4929
2024-02-06,VAL,492.28645833333337,2024-02-06T21:00:00Z,4929
2024-02-07,POC,497.80354166666666,2024-02-07T21:00:00Z,4936
2024-02-07,VAH,498.4639583333333,2024-02-07T21:00:00Z,4936
2024-02-07,VAL,497.01104166666664,2024-02-07T21:00:00Z,4936
2024-02-08,POC,497.8339583333333,2024-02-08T21:00:00Z,4943
2024-02-08,VAH,498.3172916666667,2024-02-08T21:00:00Z,4943
2024-02-08,VAL,497.6527083333333,2024-02-08T21:00:00Z,4943
2024-02-09,POC,500.66249999999997,2024-02-09T21:00:00Z,4950
2024-02-09,VAH,501.3208333333333,2024-02-09T21:00:00Z,4950
2024-02-09,VAL,499.6091666666667,2024-02-09T21:00:00Z,4950
2024-02-12,POC,501.1229166666667,2024-02-12T21:00:00Z,4957
2024-02-12,VAH,502.34541666666667,2024-02-12T21:00:00Z,4957
2024-02-12,VAL,500.57958333333335,2024-02-12T21:00:00Z,4957
2024-02-13,POC,493.60125,2024-02-13T21:00:00Z,4964
2024-02-13,VAH,495.31458333333336,2024-02-13T21:00:00Z,4964
2024-02-13,VAL,492.7445833333333,2024-02-13T21:00:00Z,4964
2024-02-14,POC,495.859375,2024-02-14T21:00:00Z,4971
2024-02-14,VAH,497.2214583333333,2024-02-14T21:00:00Z,4971
2024-02-14,VAL,495.275625,2024-02-14T21:00:00Z,4971
2024-02-15,POC,501.134375,2024-02-15T21:00:00Z,4978
2024-02-15,VAH,502.12895833333334,2024-02-15T21:00:00Z,4978
2024-02-15,VAL,499.9977083333333,2024-02-15T21:00:00Z,4978
2024-02-16,POC,500.7241666666667,2024-02-16T21:00:00Z,4985
2024-02-16,VAH,502.26916666666665,2024-02-16T21:00:00Z,4985
2024-02-16,VAL,499.86583333333334,2024-02-16T21:00:00Z,4985
2024-02-20,POC,495.6875,2024-02-20T21:00:00Z,4992
2024-02-20,VAH,496.84250000000003,2024-02-20T21:00:00Z,4992
2024-02-20,VAL,495.1925,2024-02-20T21:00:00Z,4992
2024-02-21,POC,495.226875,2024-02-21T21:00:00Z,4999
2024-02-21,VAH,496.020625,2024-02-21T21:00:00Z,4999
2024-02-21,VAL,494.591875,2024-02-21T21:00:00Z,4999
2024-02-22,POC,507.00854166666664,2024-02-22T21:00:00Z,5006
2024-02-22,VAH,508.37604166666665,2024-02-22T21:00:00Z,5006
2024-02-22,VAL,505.1852083333333,2024-02-22T21:00:00Z,5006
2024-02-23,POC,508.425625,2024-02-23T21:00:00Z,5013
2024-02-23,VAH,508.930625,2024-02-23T21:00:00Z,5013
2024-02-23,VAL,507.66812500000003,2024-02-23T21:00:00Z,5013
2024-02-26,POC,507.3652083333333,2024-02-26T21:00:00Z,5020
2024-02-26,VAH,507.846875,2024-02-26T21:00:00Z,5020
2024-02-26,VAL,506.401875,2024-02-26T21:00:00Z,5020
2024-02-27,POC,506.2060416666667,2024-02-27T21:00:00Z,5027
2024-02-27,VAH,506.708125,2024-02-27T21:00:00Z,5027
2024-02-27,VAL,505.6035416666667,2024-02-27T21:00:00Z,5027
2024-02-28,POC,506.18708333333336,2024-02-28T21:00:00Z,5034
2024-02-28,VAH,506.26625,2024-02-28T21:00:00Z,5034
2024-02-28,VAL,505.31624999999997,2024-02-28T21:00:00Z,5034
2024-02-29,POC,507.63645833333334,2024-02-29T21:00:00Z,5041
2024-02-29,VAH,508.916875,2024-02-29T21:00:00Z,5041
2024-02-29,VAL,507.08770833333335,2024-02-29T21:00:00Z,5041
2024-03-01,POC,512.6002083333333,2024-03-01T21:00:00Z,5048
2024-03-01,VAH,513.1914583333333,2024-03-01T21:00:00Z,5048
2024-03-01,VAL,510.629375,2024-03-01T21:00:00Z,5048
2024-03-04,POC,512.5958333333333,2024-03-04T21:00:00Z,5055
2024-03-04,VAH,513.1458333333334,2024-03-04T21:00:00Z,5055
2024-03-04,VAL,512.1375,2024-03-04T21:00:00Z,5055
2024-03-05,POC,507.443125,2024-03-05T21:00:00Z,5062
2024-03-05,VAH,508.408125,2024-03-05T21:00:00Z,5062
2024-03-05,VAL,505.513125,2024-03-05T21:00:00Z,5062
2024-03-06,POC,509.560625,2024-03-06T21:00:00Z,5069
2024-03-06,VAH,510.6252083333334,2024-03-06T21:00:00Z,5069
2024-03-06,VAL,508.49604166666666,2024-03-06T21:00:00Z,5069
2024-03-07,POC,514.7306249999999,2024-03-07T21:00:00Z,5076
2024-03-07,VAH,515.6581249999999,2024-03-07T21:00:00Z,5076
2024-03-07,VAL,514.1122916666666,2024-03-07T21:00:00Z,5076
2024-03-08,POC,512.1654166666667,2024-03-08T21:00:00Z,5083
2024-03-08,VAH,515.7154166666667,2024-03-08T21:00:00Z,5083
2024-03-08,VAL,511.27791666666667,2024-03-08T21:00:00Z,5083
2024-03-11,POC,510.68291666666664,2024-03-11T20:00:00Z,5090
2024-03-11,VAH,511.52791666666667,2024-03-11T20:00:00Z,5090
2024-03-11,VAL,509.97875,2024-03-11T20:00:00Z,5090
2024-03-12,POC,516.4291666666667,2024-03-12T20:00:00Z,5097
2024-03-12,VAH,517.2441666666666,2024-03-12T20:00:00Z,5097
2024-03-12,VAL,514.2558333333334,2024-03-12T20:00:00Z,5097
2024-03-13,POC,516.415,2024-03-13T20:00:00Z,5104
2024-03-13,VAH,516.9983333333333,2024-03-13T20:00:00Z,5104
2024-03-13,VAL,515.8316666666667,2024-03-13T20:00:00Z,5104
2024-03-14,POC,514.1431249999999,2024-03-14T20:00:00Z,5111
2024-03-14,VAH,515.249375,2024-03-14T20:00:00Z,5111
2024-03-14,VAL,513.258125,2024-03-14T20:00:00Z,5111
2024-03-15,POC,509.6820833333333,2024-03-15T20:00:00Z,5118
2024-03-15,VAH,510.51708333333335,2024-03-15T20:00:00Z,5118
2024-03-15,VAL,509.1254166666667,2024-03-15T20:00:00Z,5118
2024-03-18,POC,513.8966666666668,2024-03-18T20:00:00Z,5125
2024-03-18,VAH,514.53,2024-03-18T20:00:00Z,5125
2024-03-18,VAL,513.2633333333333,2024-03-18T20:00:00Z,5125
2024-03-19,POC,514.475,2024-03-19T20:00:00Z,5132
2024-03-19,VAH,515.8983333333333,2024-03-19T20:00:00Z,5132
2024-03-19,VAL,512.8483333333334,2024-03-19T20:00:00Z,5132
2024-03-20,POC,515.6570833333334,2024-03-20T20:00:00Z,5139
2024-03-20,VAH,519.1195833333334,2024-03-20T20:00:00Z,5139
2024-03-20,VAL,515.1954166666667,2024-03-20T20:00:00Z,5139
2024-03-21,POC,523.1475,2024-03-21T20:00:00Z,5146
2024-03-21,VAH,523.9725,2024-03-21T20:00:00Z,5146
2024-03-21,VAL,522.7808333333334,2024-03-21T20:00:00Z,5146
2024-03-22,POC,521.7558333333334,2024-03-22T20:00:00Z,5153
2024-03-22,VAH,522.3708333333334,2024-03-22T20:00:00Z,5153
2024-03-22,VAL,521.4141666666667,2024-03-22T20:00:00Z,5153
2024-03-25,POC,520.5870833333333,2024-03-25T20:00:00Z,5160
2024-03-25,VAH,520.8104166666667,2024-03-25T20:00:00Z,5160
2024-03-25,VAL,520.1404166666667,2024-03-25T20:00:00Z,5160
2024-03-26,POC,520.85125,2024-03-26T20:00:00Z,5167
2024-03-26,VAH,521.5137500000001,2024-03-26T20:00:00Z,5167
2024-03-26,VAL,519.92375,2024-03-26T20:00:00Z,5167
2024-03-27,POC,520.0225,2024-03-27T20:00:00Z,5174
2024-03-27,VAH,521.2625,2024-03-27T20:00:00Z,5174
2024-03-27,VAL,519.5575,2024-03-27T20:00:00Z,5174
2024-03-28,POC,523.123125,2024-03-28T20:00:00Z,5181
2024-03-28,VAH,523.733125,2024-03-28T20:00:00Z,5181
2024-03-28,VAL,522.894375,2024-03-28T20:00:00Z,5181
2024-04-01,POC,522.035625,2024-04-01T20:00:00Z,5188
2024-04-01,VAH,522.7460416666667,2024-04-01T20:00:00Z,5188
2024-04-01,VAL,521.183125,2024-04-01T20:00:00Z,5188
2024-04-02,POC,517.7820833333334,2024-04-02T20:00:00Z,5195
2024-04-02,VAH,518.51125,2024-04-02T20:00:00Z,5195
2024-04-02,VAL,517.26125,2024-04-02T20:00:00Z,5195
2024-04-03,POC,520.0589583333334,2024-04-03T20:00:00Z,5202
2024-04-03,VAH,520.8814583333334,2024-04-03T20:00:00Z,5202
2024-04-03,VAL,518.9622916666667,2024-04-03T20:00:00Z,5202
2024-04-04,POC,523.175,2024-04-04T20:00:00Z,5209
2024-04-04,VAH,523.6383333333333,2024-04-04T20:00:00Z,5209
2024-04-04,VAL,515.2983333333333,2024-04-04T20:00:00Z,5209
2024-04-05,POC,518.9664583333333,2024-04-05T20:00:00Z,5216
2024-04-05,VAH,519.7702083333334,2024-04-05T20:00:00Z,5216
2024-04-05,VAL,517.0910416666667,2024-04-05T20:00:00Z,5216
2024-04-08,POC,518.7010416666667,2024-04-08T20:00:00Z,5223
2024-04-08,VAH,519.464375,2024-04-08T20:00:00Z,5223
2024-04-08,VAL,518.4147916666666,2024-04-08T20:00:00Z,5223
2024-04-09,POC,516.6166666666667,2024-04-09T20:00:00Z,5230
2024-04-09,VAH,518.75,2024-04-09T20:00:00Z,5230
2024-04-09,VAL,515.8166666666667,2024-04-09T20:00:00Z,5230
2024-04-10,POC,513.361875,2024-04-10T20:00:00Z,5237
2024-04-10,VAH,514.5489583333333,2024-04-10T20:00:00Z,5237
2024-04-10,VAL,512.853125,2024-04-10T20:00:00Z,5237
2024-04-11,POC,518.0925,2024-04-11T20:00:00Z,5244
2024-04-11,VAH,519.3258333333333,2024-04-11T20:00:00Z,5244
2024-04-11,VAL,514.7008333333333,2024-04-11T20:00:00Z,5244
2024-04-12,POC,510.34375,2024-04-12T20:00:00Z,5251
2024-04-12,VAH,512.87125,2024-04-12T20:00:00Z,5251
2024-04-12,VAL,509.22041666666667,2024-04-12T20:00:00Z,5251
2024-04-15,POC,504.8008333333333,2024-04-15T20:00:00Z,5258
2024-04-15,VAH,511.6375,2024-04-15T20:00:00Z,5258
2024-04-15,VAL,503.82416666666666,2024-04-15T20:00:00Z,5258
2024-04-16,POC,503.55062499999997,2024-04-16T20:00:00Z,5265
2024-04-16,VAH,505.159375,2024-04-16T20:00:00Z,5265
2024-04-16,VAL,503.193125,2024-04-16T20:00:00Z,5265
2024-04-17,POC,501.33875,2024-04-17T20:00:00Z,5272
2024-04-17,VAH,503.7054166666667,2024-04-17T20:00:00Z,5272
2024-04-17,VAL,500.45125,2024-04-17T20:00:00Z,5272
2024-04-18,POC,500.53270833333335,2024-04-18T20:00:00Z,5279
2024-04-18,VAH,501.693125,2024-04-18T20:00:00Z,5279
2024-04-18,VAL,498.908125,2024-04-18T20:00:00Z,5279
2024-04-19,POC,495.0975,2024-04-19T20:00:00Z,5286
2024-04-19,VAH,497.84749999999997,2024-04-19T20:00:00Z,5286
2024-04-19,VAL,493.9975,2024-04-19T20:00:00Z,5286
2024-04-22,POC,497.3122916666667,2024-04-22T20:00:00Z,5293
2024-04-22,VAH,500.4977083333333,2024-04-22T20:00:00Z,5293
2024-04-22,VAL,495.864375,2024-04-22T20:00:00Z,5293
2024-04-23,POC,505.176875,2024-04-23T20:00:00Z,5300
2024-04-23,VAH,505.785625,2024-04-23T20:00:00Z,5300
2024-04-23,VAL,504.16229166666665,2024-04-23T20:00:00Z,5300
2024-04-24,POC,504.455,2024-04-24T20:00:00Z,5307
2024-04-24,VAH,506.575,2024-04-24T20:00:00Z,5307
2024-04-24,VAL,504.2783333333333,2024-04-24T20:00:00Z,5307
2024-04-25,POC,498.47875,2024-04-25T20:00:00Z,5314
2024-04-25,VAH,502.43375,2024-04-25T20:00:00Z,5314
2024-04-25,VAL,497.63125,2024-04-25T20:00:00Z,5314
2024-04-26,POC,509.09625,2024-04-26T20:00:00Z,5321
2024-04-26,VAH,509.61875,2024-04-26T20:00:00Z,5321
2024-04-26,VAL,508.22541666666666,2024-04-26T20:00:00Z,5321
2024-04-29,POC,509.5104166666667,2024-04-29T20:00:00Z,5328
2024-04-29,VAH,510.3854166666667,2024-04-29T20:00:00Z,5328
2024-04-29,VAL,509.0729166666667,2024-04-29T20:00:00Z,5328
2024-04-30,POC,504.696875,2024-04-30T20:00:00Z,5335
2024-04-30,VAH,506.893125,2024-04-30T20:00:00Z,5335
2024-04-30,VAL,502.50062499999996,2024-04-30T20:00:00Z,5335
2024-05-01,POC,500.72770833333334,2024-05-01T20:00:00Z,5342
2024-05-01,VAH,504.54562500000003,2024-05-01T20:00:00Z,5342
2024-05-01,VAL,500.0335416666667,2024-05-01T20:00:00Z,5342
2024-05-02,POC,503.90875,2024-05-02T20:00:00Z,5349
2024-05-02,VAH,505.75791666666663,2024-05-02T20:00:00Z,5349
2024-05-02,VAL,502.32375,2024-05-02T20:00:00Z,5349
2024-05-03,POC,511.30312499999997,2024-05-03T20:00:00Z,5356
2024-05-03,VAH,511.968125,2024-05-03T20:00:00Z,5356
2024-05-03,VAL,510.47187499999995,2024-05-03T20:00:00Z,5356
2024-05-06,POC,514.1964583333333,2024-05-06T20:00:00Z,5363
2024-05-06,VAH,515.2997916666667,2024-05-06T20:00:00Z,5363
2024-05-06,VAL,513.6447916666666,2024-05-06T20:00:00Z,5363
2024-05-07,POC,517.7308333333334,2024-05-07T20:00:00Z,5370
2024-05-07,VAH,517.9075,2024-05-07T20:00:00Z,5370
2024-05-07,VAL,516.8475000000001,2024-05-07T20:00:00Z,5370
2024-05-08,POC,516.9275,2024-05-08T20:00:00Z,5377
2024-05-08,VAH,517.6858333333333,2024-05-08T20:00:00Z,5377
2024-05-08,VAL,516.6025,2024-05-08T20:00:00Z,5377
2024-05-09,POC,519.551875,2024-05-09T20:00:00Z,5384
2024-05-09,VAH,520.136875,2024-05-09T20:00:00Z,5384
2024-05-09,VAL,518.674375,2024-05-09T20:00:00Z,5384
2024-05-10,POC,520.6702083333333,2024-05-10T20:00:00Z,5391
2024-05-10,VAH,521.305625,2024-05-10T20:00:00Z,5391
2024-05-10,VAL,519.9077083333334,2024-05-10T20:00:00Z,5391
2024-05-13,POC,521.1439583333333,2024-05-13T20:00:00Z,5398
2024-05-13,VAH,521.388125,2024-05-13T20:00:00Z,5398
2024-05-13,VAL,520.4114583333334,2024-05-13T20:00:00Z,5398
2024-05-14,POC,521.1731249999999,2024-05-14T20:00:00Z,5405
2024-05-14,VAH,523.080625,2024-05-14T20:00:00Z,5405
2024-05-14,VAL,520.628125,2024-05-14T20:00:00Z,5405
2024-05-15,POC,528.7529166666667,2024-05-15T20:00:00Z,5412
2024-05-15,VAH,529.9779166666667,2024-05-15T20:00:00Z,5412
2024-05-15,VAL,527.32375,2024-05-15T20:00:00Z,5412
2024-05-16,POC,530.221875,2024-05-16T20:00:00Z,5419
2024-05-16,VAH,530.8447916666667,2024-05-16T20:00:00Z,5419
2024-05-16,VAL,529.3497916666666,2024-05-16T20:00:00Z,5419
2024-05-17,POC,528.6491666666667,2024-05-17T20:00:00Z,5426
2024-05-17,VAH,529.1991666666667,2024-05-17T20:00:00Z,5426
2024-05-17,VAL,528.4658333333333,2024-05-17T20:00:00Z,5426
2024-05-20,POC,530.02,2024-05-20T20:00:00Z,5433
2024-05-20,VAH,530.9200000000001,2024-05-20T20:00:00Z,5433
2024-05-20,VAL,529.52,2024-05-20T20:00:00Z,5433
2024-05-21,POC,530.2439583333334,2024-05-21T20:00:00Z,5440
2024-05-21,VAH,530.754375,2024-05-21T20:00:00Z,5440
2024-05-21,VAL,529.6314583333334,2024-05-21T20:00:00Z,5440
2024-05-22,POC,530.82875,2024-05-22T20:00:00Z,5447
2024-05-22,VAH,531.30125,2024-05-22T20:00:00Z,5447
2024-05-22,VAL,528.93875,2024-05-22T20:00:00Z,5447
2024-05-23,POC,524.8939583333333,2024-05-23T20:00:00Z,5454
2024-05-23,VAH,529.7647916666667,2024-05-23T20:00:00Z,5454
2024-05-23,VAL,524.8939583333333,2024-05-23T20:00:00Z,5454
2024-05-24,POC,529.2106249999999,2024-05-24T20:00:00Z,5461
2024-05-24,VAH,530.058125,2024-05-24T20:00:00Z,5461
2024-05-24,VAL,528.363125,2024-05-24T20:00:00Z,5461
2024-05-28,POC,529.3058333333333,2024-05-28T20:00:00Z,5468
2024-05-28,VAH,530.1558333333334,2024-05-28T20:00:00Z,5468
2024-05-28,VAL,528.7391666666666,2024-05-28T20:00:00Z,5468
2024-05-29,POC,526.1379166666667,2024-05-29T20:00:00Z,5475
2024-05-29,VAH,527.0270833333333,2024-05-29T20:00:00Z,5475
2024-05-29,VAL,526.0570833333334,2024-05-29T20:00:00Z,5475
2024-05-30,POC,523.990625,2024-05-30T20:00:00Z,5482
2024-05-30,VAH,524.796875,2024-05-30T20:00:00Z,5482
2024-05-30,VAL,523.023125,2024-05-30T20:00:00Z,5482
2024-05-31,POC,521.213125,2024-05-31T20:00:00Z,5489
2024-05-31,VAH,524.636875,2024-05-31T20:00:00Z,5489
2024-05-31,VAL,519.6914583333333,2024-05-31T20:00:00Z,5489
2024-06-03,POC,525.8152083333333,2024-06-03T20:00:00Z,5496
2024-06-03,VAH,528.6110416666667,2024-06-03T20:00:00Z,5496
2024-06-03,VAL,525.535625,2024-06-03T20:00:00Z,5496
2024-06-04,POC,526.6185416666667,2024-06-04T20:00:00Z,5503
2024-06-04,VAH,527.6660416666666,2024-06-04T20:00:00Z,5503
2024-06-04,VAL,525.745625,2024-06-04T20:00:00Z,5503
2024-06-05,POC,533.3218750000001,2024-06-05T20:00:00Z,5510
2024-06-05,VAH,534.5656250000001,2024-06-05T20:00:00Z,5510
2024-06-05,VAL,531.083125,2024-06-05T20:00:00Z,5510
2024-06-06,POC,534.3354166666667,2024-06-06T20:00:00Z,5517
2024-06-06,VAH,535.1345833333332,2024-06-06T20:00:00Z,5517
2024-06-06,VAL,533.9929166666666,2024-06-06T20:00:00Z,5517
2024-06-07,POC,533.8924999999999,2024-06-07T20:00:00Z,5524
2024-06-07,VAH,535.5275,2024-06-07T20:00:00Z,5524
2024-06-07,VAL,533.7108333333333,2024-06-07T20:00:00Z,5524
2024-06-10,POC,534.63625,2024-06-10T20:00:00Z,5531
2024-06-10,VAH,535.91875,2024-06-10T20:00:00Z,5531
2024-06-10,VAL,534.49375,2024-06-10T20:00:00Z,5531
2024-06-11,POC,533.8066666666666,2024-06-11T20:00:00Z,5538
2024-06-11,VAH,536.0799999999999,2024-06-11T20:00:00Z,5538
2024-06-11,VAL,532.5666666666666,2024-06-11T20:00:00Z,5538
2024-06-12,POC,542.6079166666666,2024-06-12T20:00:00Z,5545
2024-06-12,VAH,543.40375,2024-06-12T20:00:00Z,5545
2024-06-12,VAL,541.49375,2024-06-12T20:00:00Z,5545
2024-06-13,POC,542.16125,2024-06-13T20:00:00Z,5552
2024-06-13,VAH,543.2520833333334,2024-06-13T20:00:00Z,5552
2024-06-13,VAL,541.22625,2024-06-13T20:00:00Z,5552
2024-06-14,POC,541.515,2024-06-14T20:00:00Z,5559
2024-06-14,VAH,542.3783333333333,2024-06-14T20:00:00Z,5559
2024-06-14,VAL,540.8983333333333,2024-06-14T20:00:00Z,5559
2024-06-17,POC,547.230625,2024-06-17T20:00:00Z,5566
2024-06-17,VAH,548.385625,2024-06-17T20:00:00Z,5566
2024-06-17,VAL,544.054375,2024-06-17T20:00:00Z,5566
2024-06-18,POC,547.478125,2024-06-18T20:00:00Z,5573
2024-06-18,VAH,548.186875,2024-06-18T20:00:00Z,5573
2024-06-18,VAL,547.3206250000001,2024-06-18T20:00:00Z,5573
2024-06-20,POC,546.9295833333333,2024-06-20T20:00:00Z,5580
2024-06-20,VAH,548.3704166666666,2024-06-20T20:00:00Z,5580
2024-06-20,VAL,545.6945833333333,2024-06-20T20:00:00Z,5580
2024-06-21,POC,544.499375,2024-06-21T20:00:00Z,5587
2024-06-21,VAH,545.156875,2024-06-21T20:00:00Z,5587
2024-06-21,VAL,544.0610416666666,2024-06-21T20:00:00Z,5587
2024-06-24,POC,544.7,2024-06-24T20:00:00Z,5594
2024-06-24,VAH,545.7800000000001,2024-06-24T20:00:00Z,5594
2024-06-24,VAL,543.44,2024-06-24T20:00:00Z,5594
2024-06-25,POC,544.2225000000001,2024-06-25T20:00:00Z,5601
2024-06-25,VAH,544.9125,2024-06-25T20:00:00Z,5601
2024-06-25,VAL,543.5325,2024-06-25T20:00:00Z,5601
2024-06-26,POC,544.300625,2024-06-26T20:00:00Z,5608
2024-06-26,VAH,545.370625,2024-06-26T20:00:00Z,5608
2024-06-26,VAL,544.0331249999999,2024-06-26T20:00:00Z,5608
2024-06-27,POC,545.6381250000001,2024-06-27T20:00:00Z,5615
2024-06-27,VAH,546.225625,2024-06-27T20:00:00Z,5615
2024-06-27,VAL,545.1485416666667,2024-06-27T20:00:00Z,5615
2024-06-28,POC,545.5460416666667,2024-06-28T20:00:00Z,5622
2024-06-28,VAH,547.3785416666667,2024-06-28T20:00:00Z,5622
2024-06-28,VAL,543.1027083333333,2024-06-28T20:00:00Z,5622
2024-07-01,POC,544.55,2024-07-01T20:00:00Z,5629
2024-07-01,VAH,545.53,2024-07-01T20:00:00Z,5629
2024-07-01,VAL,544.13,2024-07-01T20:00:00Z,5629
2024-07-02,POC,547.5364583333334,2024-07-02T20:00:00Z,5636
2024-07-02,VAH,548.8689583333334,2024-07-02T20:00:00Z,5636
2024-07-02,VAL,545.7597916666666,2024-07-02T20:00:00Z,5636
2024-07-03,POC,549.51125,2024-07-03T17:00:00Z,5640
2024-07-03,VAH,550.8362500000001,2024-07-03T17:00:00Z,5640
2024-07-03,VAL,548.84875,2024-07-03T17:00:00Z,5640
2024-07-05,POC,554.313125,2024-07-05T20:00:00Z,5647
2024-07-05,VAH,554.968125,2024-07-05T20:00:00Z,5647
2024-07-05,VAL,552.675625,2024-07-05T20:00:00Z,5647
2024-07-08,POC,555.268125,2024-07-08T20:00:00Z,5654
2024-07-08,VAH,555.526875,2024-07-08T20:00:00Z,5654
2024-07-08,VAL,554.6643750000001,2024-07-08T20:00:00Z,5654
2024-07-09,POC,556.1079166666666,2024-07-09T20:00:00Z,5661
2024-07-09,VAH,556.5229166666667,2024-07-09T20:00:00Z,5661
2024-07-09,VAL,555.6929166666666,2024-07-09T20:00:00Z,5661
2024-07-10,POC,559.7304166666667,2024-07-10T20:00:00Z,5668
2024-07-10,VAH,561.5679166666666,2024-07-10T20:00:00Z,5668
2024-07-10,VAL,557.8929166666667,2024-07-10T20:00:00Z,5668
2024-07-11,POC,556.5070833333334,2024-07-11T20:00:00Z,5675
2024-07-11,VAH,558.4029166666667,2024-07-11T20:00:00Z,5675
2024-07-11,VAL,555.9654166666667,2024-07-11T20:00:00Z,5675
2024-07-12,POC,561.63875,2024-07-12T20:00:00Z,5682
2024-07-12,VAH,563.26375,2024-07-12T20:00:00Z,5682
2024-07-12,VAL,560.01375,2024-07-12T20:00:00Z,5682
2024-07-15,POC,562.1264583333334,2024-07-15T20:00:00Z,5689
2024-07-15,VAH,563.211875,2024-07-15T20:00:00Z,5689
2024-07-15,VAL,560.606875,2024-07-15T20:00:00Z,5689
2024-07-16,POC,562.80125,2024-07-16T20:00:00Z,5696
2024-07-16,VAH,564.20375,2024-07-16T20:00:00Z,5696
2024-07-16,VAL,562.29125,2024-07-16T20:00:00Z,5696
2024-07-17,POC,557.82875,2024-07-17T20:00:00Z,5703
2024-07-17,VAH,558.64125,2024-07-17T20:00:00Z,5703
2024-07-17,VAL,557.01625,2024-07-17T20:00:00Z,5703
2024-07-18,POC,553.649375,2024-07-18T20:00:00Z,5710
2024-07-18,VAH,555.5431249999999,2024-07-18T20:00:00Z,5710
2024-07-18,VAL,550.619375,2024-07-18T20:00:00Z,5710
2024-07-19,POC,549.3239583333333,2024-07-19T20:00:00Z,5717
2024-07-19,VAH,550.609375,2024-07-19T20:00:00Z,5717
2024-07-19,VAL,548.0385416666667,2024-07-19T20:00:00Z,5717
2024-07-22,POC,554.1189583333334,2024-07-22T20:00:00Z,5724
2024-07-22,VAH,555.1814583333334,2024-07-22T20:00:00Z,5724
2024-07-22,VAL,553.0564583333334,2024-07-22T20:00:00Z,5724
2024-07-23,POC,554.9327083333334,2024-07-23T20:00:00Z,5731
2024-07-23,VAH,555.655625,2024-07-23T20:00:00Z,5731
2024-07-23,VAL,554.2097916666667,2024-07-23T20:00:00Z,5731
2024-07-24,POC,544.175,2024-07-24T20:00:00Z,5738
2024-07-24,VAH,546.765,2024-07-24T20:00:00Z,5738
2024-07-24,VAL,541.9549999999999,2024-07-24T20:00:00Z,5738
2024-07-25,POC,540.578125,2024-07-25T20:00:00Z,5745
2024-07-25,VAH,544.7489583333333,2024-07-25T20:00:00Z,5745
2024-07-25,VAL,539.7439583333334,2024-07-25T20:00:00Z,5745
2024-07-26,POC,544.6962500000001,2024-07-26T20:00:00Z,5752
2024-07-26,VAH,545.40875,2024-07-26T20:00:00Z,5752
2024-07-26,VAL,542.79625,2024-07-26T20:00:00Z,5752
2024-07-29,POC,545.696875,2024-07-29T20:00:00Z,5759
2024-07-29,VAH,546.0577083333333,2024-07-29T20:00:00Z,5759
2024-07-29,VAL,544.4339583333333,2024-07-29T20:00:00Z,5759
2024-07-30,POC,540.9014583333334,2024-07-30T20:00:00Z,5766
2024-07-30,VAH,543.8447916666667,2024-07-30T20:00:00Z,5766
2024-07-30,VAL,539.4297916666667,2024-07-30T20:00:00Z,5766
2024-07-31,POC,550.1643750000001,2024-07-31T20:00:00Z,5773
2024-07-31,VAH,551.646875,2024-07-31T20:00:00Z,5773
2024-07-31,VAL,548.681875,2024-07-31T20:00:00Z,5773
2024-08-01,POC,542.9683333333332,2024-08-01T20:00:00Z,5780
2024-08-01,VAH,546.185,2024-08-01T20:00:00Z,5780
2024-08-01,VAL,539.7516666666667,2024-08-01T20:00:00Z,5780
2024-08-02,POC,530.5227083333333,2024-08-02T20:00:00Z,5787
2024-08-02,VAH,533.319375,2024-08-02T20:00:00Z,5787
2024-08-02,VAL,529.8235416666666,2024-08-02T20:00:00Z,5787
2024-08-05,POC,515.5385416666667,2024-08-05T20:00:00Z,5794
2024-08-05,VAH,519.9752083333334,2024-08-05T20:00:00Z,5794
2024-08-05,VAL,514.9839583333334,2024-08-05T20:00:00Z,5794
2024-08-06,POC,527.0275,2024-08-06T20:00:00Z,5801
2024-08-06,VAH,527.5225,2024-08-06T20:00:00Z,5801
2024-08-06,VAL,522.0775,2024-08-06T20:00:00Z,5801
2024-08-07,POC,521.7170833333333,2024-08-07T20:00:00Z,5808
2024-08-07,VAH,527.9229166666667,2024-08-07T20:00:00Z,5808
2024-08-07,VAL,518.3320833333333,2024-08-07T20:00:00Z,5808
2024-08-08,POC,528.336875,2024-08-08T20:00:00Z,5815
2024-08-08,VAH,531.093125,2024-08-08T20:00:00Z,5815
2024-08-08,VAL,527.155625,2024-08-08T20:00:00Z,5815
2024-08-09,POC,531.906875,2024-08-09T20:00:00Z,5822
2024-08-09,VAH,533.394375,2024-08-09T20:00:00Z,5822
2024-08-09,VAL,530.6672916666666,2024-08-09T20:00:00Z,5822
2024-08-12,POC,532.6429166666667,2024-08-12T20:00:00Z,5829
2024-08-12,VAH,533.8379166666667,2024-08-12T20:00:00Z,5829
2024-08-12,VAL,531.84625,2024-08-12T20:00:00Z,5829
2024-08-13,POC,540.655,2024-08-13T20:00:00Z,5836
2024-08-13,VAH,542.155,2024-08-13T20:00:00Z,5836
2024-08-13,VAL,538.655,2024-08-13T20:00:00Z,5836
2024-08-14,POC,542.8425,2024-08-14T20:00:00Z,5843
2024-08-14,VAH,544.6575,2024-08-14T20:00:00Z,5843
2024-08-14,VAL,542.4391666666667,2024-08-14T20:00:00Z,5843
2024-08-15,POC,552.52,2024-08-15T20:00:00Z,5850
2024-08-15,VAH,553.2666666666667,2024-08-15T20:00:00Z,5850
2024-08-15,VAL,551.0266666666666,2024-08-15T20:00:00Z,5850
2024-08-16,POC,554.0016666666667,2024-08-16T20:00:00Z,5857
2024-08-16,VAH,554.9416666666666,2024-08-16T20:00:00Z,5857
2024-08-16,VAL,552.905,2024-08-16T20:00:00Z,5857
2024-08-19,POC,557.7925,2024-08-19T20:00:00Z,5864
2024-08-19,VAH,559.4608333333334,2024-08-19T20:00:00Z,5864
2024-08-19,VAL,556.3625000000001,2024-08-19T20:00:00Z,5864
2024-08-20,POC,558.4200000000001,2024-08-20T20:00:00Z,5871
2024-08-20,VAH,559.4466666666667,2024-08-20T20:00:00Z,5871
2024-08-20,VAL,557.98,2024-08-20T20:00:00Z,5871
2024-08-21,POC,560.1358333333334,2024-08-21T20:00:00Z,5878
2024-08-21,VAH,560.8225,2024-08-21T20:00:00Z,5878
2024-08-21,VAL,559.2775,2024-08-21T20:00:00Z,5878
2024-08-22,POC,557.2008333333333,2024-08-22T20:00:00Z,5885
2024-08-22,VAH,559.5925,2024-08-22T20:00:00Z,5885
2024-08-22,VAL,555.1508333333334,2024-08-22T20:00:00Z,5885
2024-08-23,POC,560.3108333333333,2024-08-23T20:00:00Z,5892
2024-08-23,VAH,561.7608333333334,2024-08-23T20:00:00Z,5892
2024-08-23,VAL,558.8608333333333,2024-08-23T20:00:00Z,5892
2024-08-26,POC,560.1637499999999,2024-08-26T20:00:00Z,5899
2024-08-26,VAH,561.7837499999999,2024-08-26T20:00:00Z,5899
2024-08-26,VAL,559.75875,2024-08-26T20:00:00Z,5899
2024-08-27,POC,561.35875,2024-08-27T20:00:00Z,5906
2024-08-27,VAH,561.9820833333333,2024-08-27T20:00:00Z,5906
2024-08-27,VAL,560.42375,2024-08-27T20:00:00Z,5906
2024-08-28,POC,557.6564583333333,2024-08-28T20:00:00Z,5913
2024-08-28,VAH,559.584375,2024-08-28T20:00:00Z,5913
2024-08-28,VAL,557.1056249999999,2024-08-28T20:00:00Z,5913
2024-08-29,POC,560.02375,2024-08-29T20:00:00Z,5920
2024-08-29,VAH,561.9195833333333,2024-08-29T20:00:00Z,5920
2024-08-29,VAL,557.58625,2024-08-29T20:00:00Z,5920
2024-08-30,POC,560.5229166666667,2024-08-30T20:00:00Z,5927
2024-08-30,VAH,561.99375,2024-08-30T20:00:00Z,5927
2024-08-30,VAL,558.46375,2024-08-30T20:00:00Z,5927
2024-09-03,POC,554.9245833333333,2024-09-03T20:00:00Z,5934
2024-09-03,VAH,556.8079166666666,2024-09-03T20:00:00Z,5934
2024-09-03,VAL,550.6870833333334,2024-09-03T20:00:00Z,5934
2024-09-04,POC,551.4272916666666,2024-09-04T20:00:00Z,5941
2024-09-04,VAH,552.0485416666667,2024-09-04T20:00:00Z,5941
2024-09-04,VAL,549.9777083333333,2024-09-04T20:00:00Z,5941
2024-09-05,POC,550.3104166666667,2024-09-05T20:00:00Z,5948
2024-09-05,VAH,551.1479166666667,2024-09-05T20:00:00Z,5948
2024-09-05,VAL,548.0770833333333,2024-09-05T20:00:00Z,5948
2024-09-06,POC,540.2,2024-09-06T20:00:00Z,5955
2024-09-06,VAH,543.7466666666667,2024-09-06T20:00:00Z,5955
2024-09-06,VAL,539.6933333333334,2024-09-06T20:00:00Z,5955
2024-09-09,POC,545.509375,2024-09-09T20:00:00Z,5962
2024-09-09,VAH,546.3477083333333,2024-09-09T20:00:00Z,5962
2024-09-09,VAL,544.4614583333333,2024-09-09T20:00:00Z,5962
2024-09-10,POC,548.068125,2024-09-10T20:00:00Z,5969
2024-09-10,VAH,549.0297916666666,2024-09-10T20:00:00Z,5969
2024-09-10,VAL,546.1447916666666,2024-09-10T20:00:00Z,5969
2024-09-11,POC,544.7725,2024-09-11T20:00:00Z,5976
2024-09-11,VAH,551.1891666666667,2024-09-11T20:00:00Z,5976
2024-09-11,VAL,540.2808333333334,2024-09-11T20:00:00Z,5976
2024-09-12,POC,558.15125,2024-09-12T20:00:00Z,5983
2024-09-12,VAH,559.26125,2024-09-12T20:00:00Z,5983
2024-09-12,VAL,555.37625,2024-09-12T20:00:00Z,5983
2024-09-13,POC,562.2095833333333,2024-09-13T20:00:00Z,5990
2024-09-13,VAH,562.80625,2024-09-13T20:00:00Z,5990
2024-09-13,VAL,561.1654166666667,2024-09-13T20:00:00Z,5990
2024-09-16,POC,561.973125,2024-09-16T20:00:00Z,5997
2024-09-16,VAH,562.909375,2024-09-16T20:00:00Z,5997
2024-09-16,VAL,561.170625,2024-09-16T20:00:00Z,5997
2024-09-17,POC,561.3931249999999,2024-09-17T20:00:00Z,6004
2024-09-17,VAH,564.770625,2024-09-17T20:00:00Z,6004
2024-09-17,VAL,560.910625,2024-09-17T20:00:00Z,6004
2024-09-18,POC,562.95875,2024-09-18T20:00:00Z,6011
2024-09-18,VAH,564.92375,2024-09-18T20:00:00Z,6011
2024-09-18,VAL,561.6487500000001,2024-09-18T20:00:00Z,6011
2024-09-19,POC,570.98,2024-09-19T20:00:00Z,6018
2024-09-19,VAH,572.18,2024-09-19T20:00:00Z,6018
2024-09-19,VAL,570.38,2024-09-19T20:00:00Z,6018
2024-09-20,POC,567.84375,2024-09-20T20:00:00Z,6025
2024-09-20,VAH,568.5337499999999,2024-09-20T20:00:00Z,6025
2024-09-20,VAL,566.8087499999999,2024-09-20T20:00:00Z,6025
2024-09-23,POC,569.08,2024-09-23T20:00:00Z,6032
2024-09-23,VAH,569.7333333333333,2024-09-23T20:00:00Z,6032
2024-09-23,VAL,568.7066666666667,2024-09-23T20:00:00Z,6032
2024-09-24,POC,570.3416666666667,2024-09-24T20:00:00Z,6039
2024-09-24,VAH,571.2816666666666,2024-09-24T20:00:00Z,6039
2024-09-24,VAL,569.715,2024-09-24T20:00:00Z,6039
2024-09-25,POC,569.84125,2024-09-25T20:00:00Z,6046
2024-09-25,VAH,571.0829166666666,2024-09-25T20:00:00Z,6046
2024-09-25,VAL,569.3445833333333,2024-09-25T20:00:00Z,6046
2024-09-26,POC,571.8039583333333,2024-09-26T20:00:00Z,6053
2024-09-26,VAH,572.8060416666667,2024-09-26T20:00:00Z,6053
2024-09-26,VAL,570.801875,2024-09-26T20:00:00Z,6053
2024-09-27,POC,572.3991666666667,2024-09-27T20:00:00Z,6060
2024-09-27,VAH,573.0325,2024-09-27T20:00:00Z,6060
2024-09-27,VAL,571.2908333333334,2024-09-27T20:00:00Z,6060
2024-09-30,POC,571.62375,2024-09-30T20:00:00Z,6067
2024-09-30,VAH,572.41125,2024-09-30T20:00:00Z,6067
2024-09-30,VAL,570.04875,2024-09-30T20:00:00Z,6067
2024-10-01,POC,569.2637500000001,2024-10-01T20:00:00Z,6074
2024-10-01,VAH,570.19625,2024-10-01T20:00:00Z,6074
2024-10-01,VAL,567.0879166666666,2024-10-01T20:00:00Z,6074
2024-10-02,POC,568.6460416666666,2024-10-02T20:00:00Z,6081
2024-10-02,VAH,569.4177083333333,2024-10-02T20:00:00Z,6081
2024-10-02,VAL,567.6814583333334,2024-10-02T20:00:00Z,6081
2024-10-03,POC,566.84,2024-10-03T20:00:00Z,6088
2024-10-03,VAH,568.1,2024-10-03T20:00:00Z,6088
2024-10-03,VAL,566.3,2024-10-03T20:00:00Z,6088
2024-10-04,POC,571.05875,2024-10-04T20:00:00Z,6095
2024-10-04,VAH,572.1545833333333,2024-10-04T20:00:00Z,6095
2024-10-04,VAL,569.5245833333333,2024-10-04T20:00:00Z,6095
2024-10-07,POC,570.7385416666667,2024-10-07T20:00:00Z,6102
2024-10-07,VAH,571.8489583333334,2024-10-07T20:00:00Z,6102
2024-10-07,VAL,568.0735416666666,2024-10-07T20:00:00Z,6102
2024-10-08,POC,572.27125,2024-10-08T20:00:00Z,6109
2024-10-08,VAH,573.51375,2024-10-08T20:00:00Z,6109
2024-10-08,VAL,571.20625,2024-10-08T20:00:00Z,6109
2024-10-09,POC,575.6675,2024-10-09T20:00:00Z,6116
2024-10-09,VAH,577.6025000000001,2024-10-09T20:00:00Z,6116
2024-10-09,VAL,575.4525,2024-10-09T20:00:00Z,6116
2024-10-10,POC,575.8418750000001,2024-10-10T20:00:00Z,6123
2024-10-10,VAH,576.485625,2024-10-10T20:00:00Z,6123
2024-10-10,VAL,575.069375,2024-10-10T20:00:00Z,6123
2024-10-11,POC,579.50125,2024-10-11T20:00:00Z,6130
2024-10-11,VAH,580.2379166666667,2024-10-11T20:00:00Z,6130
2024-10-11,VAL,578.5804166666667,2024-10-11T20:00:00Z,6130
2024-10-14,POC,584.0404166666667,2024-10-14T20:00:00Z,6137
2024-10-14,VAH,585.1754166666667,2024-10-14T20:00:00Z,6137
2024-10-14,VAL,583.28375,2024-10-14T20:00:00Z,6137
2024-10-15,POC,581.3225,2024-10-15T20:00:00Z,6144
2024-10-15,VAH,584.7674999999999,2024-10-15T20:00:00Z,6144
2024-10-15,VAL,579.9975,2024-10-15T20:00:00Z,6144
2024-10-16,POC,582.104375,2024-10-16T20:00:00Z,6151
2024-10-16,VAH,582.749375,2024-10-16T20:00:00Z,6151
2024-10-16,VAL,580.330625,2024-10-16T20:00:00Z,6151
2024-10-17,POC,583.2325,2024-10-17T20:00:00Z,6158
2024-10-17,VAH,584.2225,2024-10-17T20:00:00Z,6158
2024-10-17,VAL,582.4075,2024-10-17T20:00:00Z,6158
2024-10-18,POC,584.0435416666667,2024-10-18T20:00:00Z,6165
2024-10-18,VAH,584.863125,2024-10-18T20:00:00Z,6165
2024-10-18,VAL,583.6922916666667,2024-10-18T20:00:00Z,6165
2024-10-21,POC,582.6364583333334,2024-10-21T20:00:00Z,6172
2024-10-21,VAH,583.8760416666667,2024-10-21T20:00:00Z,6172
2024-10-21,VAL,582.1052083333334,2024-10-21T20:00:00Z,6172
2024-10-22,POC,581.4958333333333,2024-10-22T20:00:00Z,6179
2024-10-22,VAH,583.5558333333333,2024-10-22T20:00:00Z,6179
2024-10-22,VAL,580.9808333333333,2024-10-22T20:00:00Z,6179
2024-10-23,POC,576.69125,2024-10-23T20:00:00Z,6186
2024-10-23,VAH,579.1245833333334,2024-10-23T20:00:00Z,6186
2024-10-23,VAL,574.5620833333332,2024-10-23T20:00:00Z,6186
2024-10-24,POC,578.6785416666667,2024-10-24T20:00:00Z,6193
2024-10-24,VAH,579.6964583333333,2024-10-24T20:00:00Z,6193
2024-10-24,VAL,578.3877083333333,2024-10-24T20:00:00Z,6193
2024-10-25,POC,582.9979166666667,2024-10-25T20:00:00Z,6200
2024-10-25,VAH,584.3270833333333,2024-10-25T20:00:00Z,6200
2024-10-25,VAL,579.8079166666668,2024-10-25T20:00:00Z,6200
2024-10-28,POC,581.386875,2024-10-28T20:00:00Z,6207
2024-10-28,VAH,581.843125,2024-10-28T20:00:00Z,6207
2024-10-28,VAL,580.839375,2024-10-28T20:00:00Z,6207
2024-10-29,POC,581.6966666666666,2024-10-29T20:00:00Z,6214
2024-10-29,VAH,582.8166666666666,2024-10-29T20:00:00Z,6214
2024-10-29,VAL,580.9499999999999,2024-10-29T20:00:00Z,6214
2024-10-30,POC,580.5493749999999,2024-10-30T20:00:00Z,6221
2024-10-30,VAH,581.7247916666666,2024-10-30T20:00:00Z,6221
2024-10-30,VAL,579.3739583333333,2024-10-30T20:00:00Z,6221
2024-10-31,POC,570.9864583333334,2024-10-31T20:00:00Z,6228
2024-10-31,VAH,571.8852083333334,2024-10-31T20:00:00Z,6228
2024-10-31,VAL,569.1889583333334,2024-10-31T20:00:00Z,6228
2024-11-01,POC,572.5714583333333,2024-11-01T20:00:00Z,6235
2024-11-01,VAH,573.8039583333333,2024-11-01T20:00:00Z,6235
2024-11-01,VAL,571.1335416666667,2024-11-01T20:00:00Z,6235
2024-11-04,POC,570.0989583333334,2024-11-04T21:00:00Z,6242
2024-11-04,VAH,571.059375,2024-11-04T21:00:00Z,6242
2024-11-04,VAL,569.1385416666667,2024-11-04T21:00:00Z,6242
2024-11-05,POC,575.0335416666667,2024-11-05T21:00:00Z,6249
2024-11-05,VAH,576.323125,2024-11-05T21:00:00Z,6249
2024-11-05,VAL,574.5177083333333,2024-11-05T21:00:00Z,6249
2024-11-06,POC,590.43125,2024-11-06T21:00:00Z,6256
2024-11-06,VAH,591.7937499999999,2024-11-06T21:00:00Z,6256
2024-11-06,VAL,587.97875,2024-11-06T21:00:00Z,6256
2024-11-07,POC,595.20125,2024-11-07T21:00:00Z,6263
2024-11-07,VAH,595.96375,2024-11-07T21:00:00Z,6263
2024-11-07,VAL,594.13375,2024-11-07T21:00:00Z,6263
2024-11-08,POC,597.9725,2024-11-08T21:00:00Z,6270
2024-11-08,VAH,598.9875,2024-11-08T21:00:00Z,6270
2024-11-08,VAL,597.3924999999999,2024-11-08T21:00:00Z,6270
2024-11-11,POC,598.2547916666666,2024-11-11T21:00:00Z,6277
2024-11-11,VAH,599.3114583333333,2024-11-11T21:00:00Z,6277
2024-11-11,VAL,597.990625,2024-11-11T21:00:00Z,6277
2024-11-12,POC,597.3425,2024-11-12T21:00:00Z,6284
2024-11-12,VAH,598.5725,2024-11-12T21:00:00Z,6284
2024-11-12,VAL,596.5225,2024-11-12T21:00:00Z,6284
2024-11-13,POC,598.2514583333334,2024-11-13T21:00:00Z,6291
2024-11-13,VAH,598.6072916666667,2024-11-13T21:00:00Z,6291
2024-11-13,VAL,596.828125,2024-11-13T21:00:00Z,6291
2024-11-14,POC,595.1225,2024-11-14T21:00:00Z,6298
2024-11-14,VAH,596.4124999999999,2024-11-14T21:00:00Z,6298
2024-11-14,VAL,593.8325,2024-11-14T21:00:00Z,6298
2024-11-15,POC,585.5770833333333,2024-11-15T21:00:00Z,6305
2024-11-15,VAH,587.42625,2024-11-15T21:00:00Z,6305
2024-11-15,VAL,584.5204166666667,2024-11-15T21:00:00Z,6305
2024-11-18,POC,587.8472916666667,2024-11-18T21:00:00Z,6312
2024-11-18,VAH,588.711875,2024-11-18T21:00:00Z,6312
2024-11-18,VAL,587.3285416666666,2024-11-18T21:00:00Z,6312
2024-11-19,POC,589.44125,2024-11-19T21:00:00Z,6319
2024-11-19,VAH,590.90375,2024-11-19T21:00:00Z,6319
2024-11-19,VAL,587.68625,2024-11-19T21:00:00Z,6319
2024-11-20,POC,587.3249999999999,2024-11-20T21:00:00Z,6326
2024-11-20,VAH,589.1216666666667,2024-11-20T21:00:00Z,6326
2024-11-20,VAL,586.0416666666666,2024-11-20T21:00:00Z,6326
2024-11-21,POC,593.681875,2024-11-21T21:00:00Z,6333
2024-11-21,VAH,594.9602083333333,2024-11-21T21:00:00Z,6333
2024-11-21,VAL,591.4447916666667,2024-11-21T21:00:00Z,6333
2024-11-22,POC,594.9625,2024-11-22T21:00:00Z,6340
2024-11-22,VAH,595.9625,2024-11-22T21:00:00Z,6340
2024-11-22,VAL,594.5875,2024-11-22T21:00:00Z,6340
2024-11-25,POC,597.4404166666667,2024-11-25T21:00:00Z,6347
2024-11-25,VAH,598.8554166666667,2024-11-25T21:00:00Z,6347
2024-11-25,VAL,596.4970833333334,2024-11-25T21:00:00Z,6347
2024-11-26,POC,599.9037500000001,2024-11-26T21:00:00Z,6354
2024-11-26,VAH,600.5829166666667,2024-11-26T21:00:00Z,6354
2024-11-26,VAL,598.8170833333334,2024-11-26T21:00:00Z,6354
2024-11-27,POC,598.395625,2024-11-27T21:00:00Z,6361
2024-11-27,VAH,599.139375,2024-11-27T21:00:00Z,6361
2024-11-27,VAL,597.800625,2024-11-27T21:00:00Z,6361
2024-11-29,POC,602.2747916666667,2024-11-29T18:00:00Z,6365
2024-11-29,VAH,603.2672916666667,2024-11-29T18:00:00Z,6365
2024-11-29,VAL,601.7785416666667,2024-11-29T18:00:00Z,6365
2024-12-02,POC,603.4335416666667,2024-12-02T21:00:00Z,6372
2024-12-02,VAH,603.9731250000001,2024-12-02T21:00:00Z,6372
2024-12-02,VAL,603.048125,2024-12-02T21:00:00Z,6372
2024-12-03,POC,603.5154166666666,2024-12-03T21:00:00Z,6379
2024-12-03,VAH,604.1220833333333,2024-12-03T21:00:00Z,6379
2024-12-03,VAL,603.2120833333333,2024-12-03T21:00:00Z,6379
2024-12-04,POC,605.9983333333333,2024-12-04T21:00:00Z,6386
2024-12-04,VAH,607.1083333333333,2024-12-04T21:00:00Z,6386
2024-12-04,VAL,605.0116666666667,2024-12-04T21:00:00Z,6386
2024-12-05,POC,607.3445833333333,2024-12-05T21:00:00Z,6393
2024-12-05,VAH,607.79875,2024-12-05T21:00:00Z,6393
2024-12-05,VAL,606.7995833333333,2024-12-05T21:00:00Z,6393
2024-12-06,POC,607.5752083333333,2024-12-06T21:00:00Z,6400
2024-12-06,VAH,608.173125,2024-12-06T21:00:00Z,6400
2024-12-06,VAL,607.1481249999999,2024-12-06T21:00:00Z,6400
2024-12-09,POC,605.10375,2024-12-09T21:00:00Z,6407
2024-12-09,VAH,605.89125,2024-12-09T21:00:00Z,6407
2024-12-09,VAL,604.15875,2024-12-09T21:00:00Z,6407
2024-12-10,POC,603.5827083333334,2024-12-10T21:00:00Z,6414
2024-12-10,VAH,605.2647916666666,2024-12-10T21:00:00Z,6414
2024-12-10,VAL,603.276875,2024-12-10T21:00:00Z,6414
2024-12-11,POC,607.76625,2024-12-11T21:00:00Z,6421
2024-12-11,VAH,608.25625,2024-12-11T21:00:00Z,6421
2024-12-11,VAL,606.78625,2024-12-11T21:00:00Z,6421
2024-12-12,POC,605.80875,2024-12-12T21:00:00Z,6428
2024-12-12,VAH,606.98375,2024-12-12T21:00:00Z,6428
2024-12-12,VAL,605.22125,2024-12-12T21:00:00Z,6428
2024-12-13,POC,603.9799999999999,2024-12-13T21:00:00Z,6435
2024-12-13,VAH,604.6999999999999,2024-12-13T21:00:00Z,6435
2024-12-13,VAL,603.26,2024-12-13T21:00:00Z,6435
2024-12-16,POC,607.298125,2024-12-16T21:00:00Z,6442
2024-12-16,VAH,607.619375,2024-12-16T21:00:00Z,6442
2024-12-16,VAL,606.334375,2024-12-16T21:00:00Z,6442
2024-12-17,POC,604.2635416666667,2024-12-17T21:00:00Z,6449
2024-12-17,VAH,604.7406249999999,2024-12-17T21:00:00Z,6449
2024-12-17,VAL,603.5956249999999,2024-12-17T21:00:00Z,6449
2024-12-18,POC,605.1274999999999,2024-12-18T21:00:00Z,6456
2024-12-18,VAH,605.9825,2024-12-18T21:00:00Z,6456
2024-12-18,VAL,592.3025,2024-12-18T21:00:00Z,6456
2024-12-19,POC,588.084375,2024-12-19T21:00:00Z,6463
2024-12-19,VAH,591.0635416666667,2024-12-19T21:00:00Z,6463
2024-12-19,VAL,587.7864583333334,2024-12-19T21:00:00Z,6463
2024-12-20,POC,591.7308333333333,2024-12-20T21:00:00Z,6470
2024-12-20,VAH,594.8225,2024-12-20T21:00:00Z,6470
2024-12-20,VAL,589.2574999999999,2024-12-20T21:00:00Z,6470
2024-12-23,POC,592.9124999999999,2024-12-23T21:00:00Z,6477
2024-12-23,VAH,595.1408333333333,2024-12-23T21:00:00Z,6477
2024-12-23,VAL,591.3208333333333,2024-12-23T21:00:00Z,6477
2024-12-24,POC,599.0164583333334,2024-12-24T18:00:00Z,6481
2024-12-24,VAH,601.2177083333333,2024-12-24T18:00:00Z,6481
2024-12-24,VAL,598.771875,2024-12-24T18:00:00Z,6481
2024-12-26,POC,601.105,2024-12-26T21:00:00Z,6488
2024-12-26,VAH,602.0216666666666,2024-12-26T21:00:00Z,6488
2024-12-26,VAL,600.3716666666667,2024-12-26T21:00:00Z,6488
2024-12-27,POC,593.5387499999999,2024-12-27T21:00:00Z,6495
2024-12-27,VAH,595.2937499999999,2024-12-27T21:00:00Z,6495
2024-12-27,VAL,592.07625,2024-12-27T21:00:00Z,6495
2024-12-30,POC,590.0602083333333,2024-12-30T21:00:00Z,6502
2024-12-30,VAH,591.281875,2024-12-30T21:00:00Z,6502
2024-12-30,VAL,586.700625,2024-12-30T21:00:00Z,6502
2024-12-31,POC,586.6229166666666,2024-12-31T21:00:00Z,6509
2024-12-31,VAH,587.4004166666666,2024-12-31T21:00:00Z,6509
2024-12-31,VAL,585.0679166666666,2024-12-31T21:00:00Z,6509
2025-01-02,POC,582.0502083333333,2025-01-02T21:00:00Z,6516
2025-01-02,VAH,586.9222916666666,2025-01-02T21:00:00Z,6516
2025-01-02,VAL,580.7214583333333,2025-01-02T21:00:00Z,6516
2025-01-03,POC,590.9289583333333,2025-01-03T21:00:00Z,6523
2025-01-03,VAH,592.214375,2025-01-03T21:00:00Z,6523
2025-01-03,VAL,589.129375,2025-01-03T21:00:00Z,6523
2025-01-06,POC,595.50625,2025-01-06T21:00:00Z,6530
2025-01-06,VAH,598.0479166666667,2025-01-06T21:00:00Z,6530
2025-01-06,VAL,593.7270833333333,2025-01-06T21:00:00Z,6530
2025-01-07,POC,590.208125,2025-01-07T21:00:00Z,6537
2025-01-07,VAH,592.4935416666666,2025-01-07T21:00:00Z,6537
2025-01-07,VAL,587.4656249999999,2025-01-07T21:00:00Z,6537
2025-01-08,POC,587.7727083333334,2025-01-08T21:00:00Z,6544
2025-01-08,VAH,589.3447916666668,2025-01-08T21:00:00Z,6544
2025-01-08,VAL,587.0989583333334,2025-01-08T21:00:00Z,6544
2025-01-10,POC,581.1743749999999,2025-01-10T21:00:00Z,6551
2025-01-10,VAH,583.026875,2025-01-10T21:00:00Z,6551
2025-01-10,VAL,579.630625,2025-01-10T21:00:00Z,6551
2025-01-13,POC,579.75,2025-01-13T21:00:00Z,6558
2025-01-13,VAH,581.6166666666667,2025-01-13T21:00:00Z,6558
2025-01-13,VAL,577.35,2025-01-13T21:00:00Z,6558
2025-01-14,POC,582.090625,2025-01-14T21:00:00Z,6565
2025-01-14,VAH,583.753125,2025-01-14T21:00:00Z,6565
2025-01-14,VAL,579.8739583333333,2025-01-14T21:00:00Z,6565
2025-01-15,POC,592.6535416666667,2025-01-15T21:00:00Z,6572
2025-01-15,VAH,593.8410416666667,2025-01-15T21:00:00Z,6572
2025-01-15,VAL,591.4660416666667,2025-01-15T21:00:00Z,6572
2025-01-16,POC,592.71125,2025-01-16T21:00:00Z,6579
2025-01-16,VAH,593.42375,2025-01-16T21:00:00Z,6579
2025-01-16,VAL,591.71375,2025-01-16T21:00:00Z,6579
2025-01-17,POC,598.188125,2025-01-17T21:00:00Z,6586
2025-01-17,VAH,599.125625,2025-01-17T21:00:00Z,6586
2025-01-17,VAL,597.406875,2025-01-17T21:00:00Z,6586
2025-01-21,POC,601.9922916666667,2025-01-21T21:00:00Z,6593
2025-01-21,VAH,602.8902083333334,2025-01-21T21:00:00Z,6593
2025-01-21,VAL,600.7352083333333,2025-01-21T21:00:00Z,6593
2025-01-22,POC,606.94875,2025-01-22T21:00:00Z,6600
2025-01-22,VAH,607.66625,2025-01-22T21:00:00Z,6600
2025-01-22,VAL,606.43625,2025-01-22T21:00:00Z,6600
2025-01-23,POC,607.5420833333334,2025-01-23T21:00:00Z,6607
2025-01-23,VAH,608.2454166666666,2025-01-23T21:00:00Z,6607
2025-01-23,VAL,606.1354166666666,2025-01-23T21:00:00Z,6607
2025-01-24,POC,607.2145833333333,2025-01-24T21:00:00Z,6614
2025-01-24,VAH,609.53625,2025-01-24T21:00:00Z,6614
2025-01-24,VAL,606.8829166666666,2025-01-24T21:00:00Z,6614
2025-01-27,POC,596.6389583333333,2025-01-27T21:00:00Z,6621
2025-01-27,VAH,598.5327083333334,2025-01-27T21:00:00Z,6621
2025-01-27,VAL,596.4285416666667,2025-01-27T21:00:00Z,6621
2025-01-28,POC,604.5241666666667,2025-01-28T21:00:00Z,6628
2025-01-28,VAH,605.2008333333333,2025-01-28T21:00:00Z,6628
2025-01-28,VAL,601.4791666666666,2025-01-28T21:00:00Z,6628
2025-01-29,POC,602.3910416666666,2025-01-29T21:00:00Z,6635
2025-01-29,VAH,603.4139583333333,2025-01-29T21:00:00Z,6635
2025-01-29,VAL,600.9589583333334,2025-01-29T21:00:00Z,6635
2025-01-30,POC,603.286875,2025-01-30T21:00:00Z,6642
2025-01-30,VAH,605.0047916666667,2025-01-30T21:00:00Z,6642
2025-01-30,VAL,602.0597916666667,2025-01-30T21:00:00Z,6642
2025-01-31,POC,601.978125,2025-01-31T21:00:00Z,6649
2025-01-31,VAH,607.918125,2025-01-31T21:00:00Z,6649
2025-01-31,VAL,601.2356249999999,2025-01-31T21:00:00Z,6649
2025-02-03,POC,598.4525,2025-02-03T21:00:00Z,6656
2025-02-03,VAH,600.0858333333333,2025-02-03T21:00:00Z,6656
2025-02-03,VAL,594.7775,2025-02-03T21:00:00Z,6656
2025-02-04,POC,600.9404166666666,2025-02-04T21:00:00Z,6663
2025-02-04,VAH,602.1954166666666,2025-02-04T21:00:00Z,6663
2025-02-04,VAL,600.3129166666666,2025-02-04T21:00:00Z,6663
2025-02-05,POC,602.801875,2025-02-05T21:00:00Z,6670
2025-02-05,VAH,604.249375,2025-02-05T21:00:00Z,6670
2025-02-05,VAL,600.871875,2025-02-05T21:00:00Z,6670
2025-02-06,POC,605.1035416666667,2025-02-06T21:00:00Z,6677
2025-02-06,VAH,606.0610416666667,2025-02-06T21:00:00Z,6677
2025-02-06,VAL,604.4652083333333,2025-02-06T21:00:00Z,6677
2025-02-07,POC,601.2283333333332,2025-02-07T21:00:00Z,6684
2025-02-07,VAH,603.9216666666666,2025-02-07T21:00:00Z,6684
2025-02-07,VAL,600.2183333333332,2025-02-07T21:00:00Z,6684
2025-02-10,POC,604.6375,2025-02-10T21:00:00Z,6691
2025-02-10,VAH,605.2125,2025-02-10T21:00:00Z,6691
2025-02-10,VAL,604.0625,2025-02-10T21:00:00Z,6691
2025-02-11,POC,604.6452083333334,2025-02-11T21:00:00Z,6698
2025-02-11,VAH,605.645625,2025-02-11T21:00:00Z,6698
2025-02-11,VAL,604.0735416666666,2025-02-11T21:00:00Z,6698
2025-02-12,POC,602.9141666666667,2025-02-12T21:00:00Z,6705
2025-02-12,VAH,604.4241666666667,2025-02-12T21:00:00Z,6705
2025-02-12,VAL,601.4041666666667,2025-02-12T21:00:00Z,6705
2025-02-13,POC,608.9570833333333,2025-02-13T21:00:00Z,6712
2025-02-13,VAH,609.7995833333334,2025-02-13T21:00:00Z,6712
2025-02-13,VAL,606.1487500000001,2025-02-13T21:00:00Z,6712
2025-02-14,POC,609.83,2025-02-14T21:00:00Z,6719
2025-02-14,VAH,610.3100000000001,2025-02-14T21:00:00Z,6719
2025-02-14,VAL,609.51,2025-02-14T21:00:00Z,6719
2025-02-18,POC,609.9425,2025-02-18T21:00:00Z,6726
2025-02-18,VAH,610.8175,2025-02-18T21:00:00Z,6726
2025-02-18,VAL,609.6925,2025-02-18T21:00:00Z,6726
2025-02-19,POC,611.7772916666667,2025-02-19T21:00:00Z,6733
2025-02-19,VAH,613.1535416666667,2025-02-19T21:00:00Z,6733
2025-02-19,VAL,610.8597916666666,2025-02-19T21:00:00Z,6733
2025-02-20,POC,608.479375,2025-02-20T21:00:00Z,6740
2025-02-20,VAH,610.0360416666667,2025-02-20T21:00:00Z,6740
2025-02-20,VAL,607.7010416666667,2025-02-20T21:00:00Z,6740
2025-02-21,POC,599.6956250000001,2025-02-21T21:00:00Z,6747
2025-02-21,VAH,606.013125,2025-02-21T21:00:00Z,6747
2025-02-21,VAL,599.6956250000001,2025-02-21T21:00:00Z,6747
2025-02-24,POC,599.3512499999999,2025-02-24T21:00:00Z,6754
2025-02-24,VAH,599.89625,2025-02-24T21:00:00Z,6754
2025-02-24,VAL,596.62625,2025-02-24T21:00:00Z,6754
2025-02-25,POC,593.5514583333332,2025-02-25T21:00:00Z,6761
2025-02-25,VAH,596.328125,2025-02-25T21:00:00Z,6761
2025-02-25,VAL,592.8572916666666,2025-02-25T21:00:00Z,6761
2025-02-26,POC,595.2318750000001,2025-02-26T21:00:00Z,6768
2025-02-26,VAH,597.4864583333334,2025-02-26T21:00:00Z,6768
2025-02-26,VAL,592.0110416666666,2025-02-26T21:00:00Z,6768
2025-02-27,POC,593.2847916666666,2025-02-27T21:00:00Z,6775
2025-02-27,VAH,596.6272916666667,2025-02-27T21:00:00Z,6775
2025-02-27,VAL,588.2710416666666,2025-02-27T21:00:00Z,6775
2025-02-28,POC,585.7658333333334,2025-02-28T21:00:00Z,6782
2025-02-28,VAH,588.8358333333334,2025-02-28T21:00:00Z,6782
2025-02-28,VAL,583.2075000000001,2025-02-28T21:00:00Z,6782
2025-03-03,POC,586.0766666666667,2025-03-03T21:00:00Z,6789
2025-03-03,VAH,591.89,2025-03-03T21:00:00Z,6789
2025-03-03,VAL,580.2633333333333,2025-03-03T21:00:00Z,6789
2025-03-04,POC,575.80875,2025-03-04T21:00:00Z,6796
2025-03-04,VAH,580.73625,2025-03-04T21:00:00Z,6796
2025-03-04,VAL,573.61875,2025-03-04T21:00:00Z,6796
2025-03-05,POC,581.189375,2025-03-05T21:00:00Z,6803
2025-03-05,VAH,584.6339583333333,2025-03-05T21:00:00Z,6803
2025-03-05,VAL,577.2527083333333,2025-03-05T21:00:00Z,6803
2025-03-06,POC,574.1020833333333,2025-03-06T21:00:00Z,6810
2025-03-06,VAH,574.9404166666667,2025-03-06T21:00:00Z,6810
2025-03-06,VAL,570.74875,2025-03-06T21:00:00Z,6810
2025-03-07,POC,574.205,2025-03-07T21:00:00Z,6817
2025-03-07,VAH,576.655,2025-03-07T21:00:00Z,6817
2025-03-07,VAL,570.285,2025-03-07T21:00:00Z,6817
2025-03-10,POC,563.436875,2025-03-10T20:00:00Z,6824
2025-03-10,VAH,565.180625,2025-03-10T20:00:00Z,6824
2025-03-10,VAL,557.624375,2025-03-10T20:00:00Z,6824
2025-03-11,POC,558.27,2025-03-11T20:00:00Z,6831
2025-03-11,VAH,560.27,2025-03-11T20:00:00Z,6831
2025-03-11,VAL,554.27,2025-03-11T20:00:00Z,6831
2025-03-12,POC,558.20375,2025-03-12T20:00:00Z,6838
2025-03-12,VAH,561.34375,2025-03-12T20:00:00Z,6838
2025-03-12,VAL,558.20375,2025-03-12T20:00:00Z,6838
2025-03-13,POC,552.2339583333332,2025-03-13T20:00:00Z,6845
2025-03-13,VAH,554.5914583333333,2025-03-13T20:00:00Z,6845
2025-03-13,VAL,550.269375,2025-03-13T20:00:00Z,6845
2025-03-14,POC,561.2268750000001,2025-03-14T20:00:00Z,6852
2025-03-14,VAH,563.6564583333334,2025-03-14T20:00:00Z,6852
2025-03-14,VAL,559.8385416666667,2025-03-14T20:00:00Z,6852
2025-03-17,POC,567.1033333333334,2025-03-17T20:00:00Z,6859
2025-03-17,VAH,569.25,2025-03-17T20:00:00Z,6859
2025-03-17,VAL,564.65,2025-03-17T20:00:00Z,6859
2025-03-18,POC,560.6741666666667,2025-03-18T20:00:00Z,6866
2025-03-18,VAH,561.6675,2025-03-18T20:00:00Z,6866
2025-03-18,VAL,559.9291666666666,2025-03-18T20:00:00Z,6866
2025-03-19,POC,564.5425,2025-03-19T20:00:00Z,6873
2025-03-19,VAH,568.8141666666667,2025-03-19T20:00:00Z,6873
2025-03-19,VAL,563.3775,2025-03-19T20:00:00Z,6873
2025-03-20,POC,565.7547916666667,2025-03-20T20:00:00Z,6880
2025-03-20,VAH,567.7472916666667,2025-03-20T20:00:00Z,6880
2025-03-20,VAL,563.7622916666667,2025-03-20T20:00:00Z,6880
2025-03-21,POC,562.1745833333333,2025-03-21T20:00:00Z,6887
2025-03-21,VAH,564.7470833333333,2025-03-21T20:00:00Z,6887
2025-03-21,VAL,560.4595833333333,2025-03-21T20:00:00Z,6887
2025-03-24,POC,573.396875,2025-03-24T20:00:00Z,6894
2025-03-24,VAH,574.428125,2025-03-24T20:00:00Z,6894
2025-03-24,VAL,572.365625,2025-03-24T20:00:00Z,6894
2025-03-25,POC,574.5400000000001,2025-03-25T20:00:00Z,6901
2025-03-25,VAH,575.22,2025-03-25T20:00:00Z,6901
2025-03-25,VAL,573.9733333333334,2025-03-25T20:00:00Z,6901
2025-03-26,POC,569.2845833333333,2025-03-26T20:00:00Z,6908
2025-03-26,VAH,572.3312500000001,2025-03-26T20:00:00Z,6908
2025-03-26,VAL,567.3804166666667,2025-03-26T20:00:00Z,6908
2025-03-27,POC,567.7958333333333,2025-03-27T20:00:00Z,6915
2025-03-27,VAH,569.5341666666667,2025-03-27T20:00:00Z,6915
2025-03-27,VAL,566.8025,2025-03-27T20:00:00Z,6915
2025-03-28,POC,556.2366666666667,2025-03-28T20:00:00Z,6922
2025-03-28,VAH,559.0366666666667,2025-03-28T20:00:00Z,6922
2025-03-28,VAL,555.3033333333334,2025-03-28T20:00:00Z,6922
2025-03-31,POC,556.391875,2025-03-31T20:00:00Z,6929
2025-03-31,VAH,560.4314583333334,2025-03-31T20:00:00Z,6929
2025-03-31,VAL,552.3522916666667,2025-03-31T20:00:00Z,6929
2025-04-01,POC,559.2745833333333,2025-04-01T20:00:00Z,6936
2025-04-01,VAH,561.5895833333334,2025-04-01T20:00:00Z,6936
2025-04-01,VAL,557.3454166666667,2025-04-01T20:00:00Z,6936
2025-04-02,POC,562.9539583333333,2025-04-02T20:00:00Z,6943
2025-04-02,VAH,565.5810416666666,2025-04-02T20:00:00Z,6943
2025-04-02,VAL,561.3777083333333,2025-04-02T20:00:00Z,6943
2025-04-03,POC,541.743125,2025-04-03T20:00:00Z,6950
2025-04-03,VAH,545.433125,2025-04-03T20:00:00Z,6950
2025-04-03,VAL,539.8981249999999,2025-04-03T20:00:00Z,6950
2025-04-04,POC,514.164375,2025-04-04T20:00:00Z,6957
2025-04-04,VAH,517.6327083333333,2025-04-04T20:00:00Z,6957
2025-04-04,VAL,506.360625,2025-04-04T20:00:00Z,6957
2025-04-07,POC,501.62312499999996,2025-04-07T20:00:00Z,6964
2025-04-07,VAH,508.518125,2025-04-07T20:00:00Z,6964
2025-04-07,VAL,493.004375,2025-04-07T20:00:00Z,6964
2025-04-08,POC,501.84625,2025-04-08T20:00:00Z,6971
2025-04-08,VAH,515.2787500000001,2025-04-08T20:00:00Z,6971
2025-04-08,VAL,489.90625,2025-04-08T20:00:00Z,6971
2025-04-09,POC,498.6,2025-04-09T20:00:00Z,6978
2025-04-09,VAH,534.12,2025-04-09T20:00:00Z,6978
2025-04-09,VAL,494.16,2025-04-09T20:00:00Z,6978
2025-04-10,POC,528.96625,2025-04-10T20:00:00Z,6985
2025-04-10,VAH,529.97375,2025-04-10T20:00:00Z,6985
2025-04-10,VAL,517.88375,2025-04-10T20:00:00Z,6985
2025-04-11,POC,531.9991666666666,2025-04-11T20:00:00Z,6992
2025-04-11,VAH,535.4074999999999,2025-04-11T20:00:00Z,6992
2025-04-11,VAL,525.8641666666667,2025-04-11T20:00:00Z,6992
2025-04-14,POC,539.7212499999999,2025-04-14T20:00:00Z,6999
2025-04-14,VAH,543.1945833333333,2025-04-14T20:00:00Z,6999
2025-04-14,VAL,537.9845833333334,2025-04-14T20:00:00Z,6999
2025-04-15,POC,539.3512499999999,2025-04-15T20:00:00Z,7006
2025-04-15,VAH,540.42125,2025-04-15T20:00:00Z,7006
2025-04-15,VAL,537.21125,2025-04-15T20:00:00Z,7006
2025-04-16,POC,531.09625,2025-04-16T20:00:00Z,7013
2025-04-16,VAH,534.80125,2025-04-16T20:00:00Z,7013
2025-04-16,VAL,524.3037499999999,2025-04-16T20:00:00Z,7013
2025-04-17,POC,528.59875,2025-04-17T20:00:00Z,7020
2025-04-17,VAH,529.20375,2025-04-17T20:00:00Z,7020
2025-04-17,VAL,526.1787499999999,2025-04-17T20:00:00Z,7020
2025-04-21,POC,510.9425,2025-04-21T20:00:00Z,7027
2025-04-21,VAH,514.2525,2025-04-21T20:00:00Z,7027
2025-04-21,VAL,508.7358333333333,2025-04-21T20:00:00Z,7027
2025-04-22,POC,526.1475,2025-04-22T20:00:00Z,7034
2025-04-22,VAH,527.4124999999999,2025-04-22T20:00:00Z,7034
2025-04-22,VAL,522.7741666666667,2025-04-22T20:00:00Z,7034
2025-04-23,POC,536.045625,2025-04-23T20:00:00Z,7041
2025-04-23,VAH,541.339375,2025-04-23T20:00:00Z,7041
2025-04-23,VAL,534.120625,2025-04-23T20:00:00Z,7041
2025-04-24,POC,545.1837499999999,2025-04-24T20:00:00Z,7048
2025-04-24,VAH,547.1804166666666,2025-04-24T20:00:00Z,7048
2025-04-24,VAL,542.18875,2025-04-24T20:00:00Z,7048
2025-04-25,POC,547.5233333333333,2025-04-25T20:00:00Z,7055
2025-04-25,VAH,549.9766666666667,2025-04-25T20:00:00Z,7055
2025-04-25,VAL,545.6833333333334,2025-04-25T20:00:00Z,7055
2025-04-28,POC,550.1735416666667,2025-04-28T20:00:00Z,7062
2025-04-28,VAH,552.3060416666666,2025-04-28T20:00:00Z,7062
2025-04-28,VAL,547.685625,2025-04-28T20:00:00Z,7062
2025-04-29,POC,554.15625,2025-04-29T20:00:00Z,7069
2025-04-29,VAH,555.3062500000001,2025-04-29T20:00:00Z,7069
2025-04-29,VAL,551.56875,2025-04-29T20:00:00Z,7069
2025-04-30,POC,549.3325,2025-04-30T20:00:00Z,7076
2025-04-30,VAH,554.9575,2025-04-30T20:00:00Z,7076
2025-04-30,VAL,546.8325,2025-04-30T20:00:00Z,7076
2025-05-01,POC,560.576875,2025-05-01T20:00:00Z,7083
2025-05-01,VAH,561.870625,2025-05-01T20:00:00Z,7083
2025-05-01,VAL,559.024375,2025-05-01T20:00:00Z,7083
2025-05-02,POC,566.505,2025-05-02T20:00:00Z,7090
2025-05-02,VAH,568.005,2025-05-02T20:00:00Z,7090
2025-05-02,VAL,565.755,2025-05-02T20:00:00Z,7090
2025-05-05,POC,564.896875,2025-05-05T20:00:00Z,7097
2025-05-05,VAH,565.928125,2025-05-05T20:00:00Z,7097
2025-05-05,VAL,563.246875,2025-05-05T20:00:00Z,7097
2025-05-06,POC,560.288125,2025-05-06T20:00:00Z,7104
2025-05-06,VAH,561.0868750000001,2025-05-06T20:00:00Z,7104
2025-05-06,VAL,558.6906250000001,2025-05-06T20:00:00Z,7104
2025-05-07,POC,559.44375,2025-05-07T20:00:00Z,7111
2025-05-07,VAH,561.7129166666667,2025-05-07T20:00:00Z,7111
2025-05-07,VAL,558.4712499999999,2025-05-07T20:00:00Z,7111
2025-05-08,POC,568.336875,2025-05-08T20:00:00Z,7118
2025-05-08,VAH,569.7718749999999,2025-05-08T20:00:00Z,7118
2025-05-08,VAL,564.749375,2025-05-08T20:00:00Z,7118
2025-05-09,POC,564.04375,2025-05-09T20:00:00Z,7125
2025-05-09,VAH,565.82125,2025-05-09T20:00:00Z,7125
2025-05-09,VAL,563.8462499999999,2025-05-09T20:00:00Z,7125
2025-05-12,POC,581.3858333333333,2025-05-12T20:00:00Z,7132
2025-05-12,VAH,582.8758333333333,2025-05-12T20:00:00Z,7132
2025-05-12,VAL,579.3991666666666,2025-05-12T20:00:00Z,7132
2025-05-13,POC,587.6500000000001,2025-05-13T20:00:00Z,7139
2025-05-13,VAH,588.69,2025-05-13T20:00:00Z,7139
2025-05-13,VAL,586.61,2025-05-13T20:00:00Z,7139
2025-05-14,POC,587.039375,2025-05-14T20:00:00Z,7146
2025-05-14,VAH,587.901875,2025-05-14T20:00:00Z,7146
2025-05-14,VAL,586.464375,2025-05-14T20:00:00Z,7146
2025-05-15,POC,589.6225000000001,2025-05-15T20:00:00Z,7153
2025-05-15,VAH,590.8475000000001,2025-05-15T20:00:00Z,7153
2025-05-15,VAL,587.4175,2025-05-15T20:00:00Z,7153
2025-05-16,POC,593.08625,2025-05-16T20:00:00Z,7160
2025-05-16,VAH,594.39125,2025-05-16T20:00:00Z,7160
2025-05-16,VAL,591.12875,2025-05-16T20:00:00Z,7160
2025-05-19,POC,594.4535416666666,2025-05-19T20:00:00Z,7167
2025-05-19,VAH,595.3847916666666,2025-05-19T20:00:00Z,7167
2025-05-19,VAL,591.6597916666667,2025-05-19T20:00:00Z,7167
2025-05-20,POC,592.4739583333333,2025-05-20T20:00:00Z,7174
2025-05-20,VAH,593.5864583333333,2025-05-20T20:00:00Z,7174
2025-05-20,VAL,591.7322916666667,2025-05-20T20:00:00Z,7174
2025-05-21,POC,591.4591666666668,2025-05-21T20:00:00Z,7181
2025-05-21,VAH,592.3558333333334,2025-05-21T20:00:00Z,7181
2025-05-21,VAL,584.7341666666667,2025-05-21T20:00:00Z,7181
2025-05-22,POC,583.03125,2025-05-22T20:00:00Z,7188
2025-05-22,VAH,585.20625,2025-05-22T20:00:00Z,7188
2025-05-22,VAL,582.5962499999999,2025-05-22T20:00:00Z,7188
2025-05-23,POC,578.8395833333334,2025-05-23T20:00:00Z,7195
2025-05-23,VAH,581.4312500000001,2025-05-23T20:00:00Z,7195
2025-05-23,VAL,577.8029166666666,2025-05-23T20:00:00Z,7195
2025-05-27,POC,590.505,2025-05-27T20:00:00Z,7202
2025-05-27,VAH,591.0416666666666,2025-05-27T20:00:00Z,7202
2025-05-27,VAL,587.8216666666666,2025-05-27T20:00:00Z,7202
2025-05-28,POC,589.513125,2025-05-28T20:00:00Z,7209
2025-05-28,VAH,590.719375,2025-05-28T20:00:00Z,7209
2025-05-28,VAL,588.548125,2025-05-28T20:00:00Z,7209
2025-05-29,POC,588.5952083333334,2025-05-29T20:00:00Z,7216
2025-05-29,VAH,590.9718750000001,2025-05-29T20:00:00Z,7216
2025-05-29,VAL,588.298125,2025-05-29T20:00:00Z,7216
2025-05-30,POC,588.66125,2025-05-30T20:00:00Z,7223
2025-05-30,VAH,590.3070833333334,2025-05-30T20:00:00Z,7223
2025-05-30,VAL,586.3570833333333,2025-05-30T20:00:00Z,7223
2025-06-02,POC,589.4081249999999,2025-06-02T20:00:00Z,7230
2025-06-02,VAH,591.3406249999999,2025-06-02T20:00:00Z,7230
2025-06-02,VAL,585.2210416666666,2025-06-02T20:00:00Z,7230
2025-06-03,POC,596.099375,2025-06-03T20:00:00Z,7237
2025-06-03,VAH,596.9710416666667,2025-06-03T20:00:00Z,7237
2025-06-03,VAL,594.791875,2025-06-03T20:00:00Z,7237
2025-06-04,POC,596.87375,2025-06-04T20:00:00Z,7244
2025-06-04,VAH,597.69375,2025-06-04T20:00:00Z,7244
2025-06-04,VAL,596.46375,2025-06-04T20:00:00Z,7244
2025-06-05,POC,594.196875,2025-06-05T20:00:00Z,7251
2025-06-05,VAH,597.509375,2025-06-05T20:00:00Z,7251
2025-06-05,VAL,593.534375,2025-06-05T20:00:00Z,7251
2025-06-06,POC,598.9277083333334,2025-06-06T20:00:00Z,7258
2025-06-06,VAH,600.2510416666667,2025-06-06T20:00:00Z,7258
2025-06-06,VAL,598.5968750000001,2025-06-06T20:00:00Z,7258
2025-06-09,POC,600.3875,2025-06-09T20:00:00Z,7265
2025-06-09,VAH,601.0775,2025-06-09T20:00:00Z,7265
2025-06-09,VAL,599.5825,2025-06-09T20:00:00Z,7265
2025-06-10,POC,601.55375,2025-06-10T20:00:00Z,7272
2025-06-10,VAH,602.4662500000001,2025-06-10T20:00:00Z,7272
2025-06-10,VAL,600.45875,2025-06-10T20:00:00Z,7272
2025-06-11,POC,603.2506249999999,2025-06-11T20:00:00Z,7279
2025-06-11,VAH,604.9393749999999,2025-06-11T20:00:00Z,7279
2025-06-11,VAL,601.079375,2025-06-11T20:00:00Z,7279
2025-06-12,POC,602.4075,2025-06-12T20:00:00Z,7286
2025-06-12,VAH,603.6325,2025-06-12T20:00:00Z,7286
2025-06-12,VAL,602.2325,2025-06-12T20:00:00Z,7286
2025-06-13,POC,597.7360416666667,2025-06-13T20:00:00Z,7293
2025-06-13,VAH,599.5939583333334,2025-06-13T20:00:00Z,7293
2025-06-13,VAL,595.6127083333333,2025-06-13T20:00:00Z,7293
2025-06-16,POC,602.7795833333333,2025-06-16T20:00:00Z,7300
2025-06-16,VAH,603.4829166666667,2025-06-16T20:00:00Z,7300
2025-06-16,VAL,601.9004166666667,2025-06-16T20:00:00Z,7300
2025-06-17,POC,597.4877083333333,2025-06-17T20:00:00Z,7307
2025-06-17,VAH,600.3985416666667,2025-06-17T20:00:00Z,7307
2025-06-17,VAL,596.8639583333334,2025-06-17T20:00:00Z,7307
2025-06-18,POC,598.7460416666667,2025-06-18T20:00:00Z,7314
2025-06-18,VAH,600.1314583333334,2025-06-18T20:00:00Z,7314
2025-06-18,VAL,597.360625,2025-06-18T20:00:00Z,7314
2025-06-20,POC,594.0975,2025-06-20T20:00:00Z,7321
2025-06-20,VAH,595.7475000000001,2025-06-20T20:00:00Z,7321
2025-06-20,VAL,593.2725,2025-06-20T20:00:00Z,7321
2025-06-23,POC,598.5577083333333,2025-06-23T20:00:00Z,7328
2025-06-23,VAH,599.2785416666667,2025-06-23T20:00:00Z,7328
2025-06-23,VAL,594.593125,2025-06-23T20:00:00Z,7328
2025-06-24,POC,606.8325,2025-06-24T20:00:00Z,7335
2025-06-24,VAH,607.7575,2025-06-24T20:00:00Z,7335
2025-06-24,VAL,605.1675,2025-06-24T20:00:00Z,7335
2025-06-25,POC,606.499375,2025-06-25T20:00:00Z,7342
2025-06-25,VAH,607.7785416666667,2025-06-25T20:00:00Z,7342
2025-06-25,VAL,606.3714583333333,2025-06-25T20:00:00Z,7342
2025-06-26,POC,611.2429166666666,2025-06-26T20:00:00Z,7349
2025-06-26,VAH,612.2279166666666,2025-06-26T20:00:00Z,7349
2025-06-26,VAL,610.4220833333333,2025-06-26T20:00:00Z,7349
2025-06-27,POC,614.4208333333333,2025-06-27T20:00:00Z,7356
2025-06-27,VAH,615.8108333333333,2025-06-27T20:00:00Z,7356
2025-06-27,VAL,612.7991666666667,2025-06-27T20:00:00Z,7356
2025-06-30,POC,616.86875,2025-06-30T20:00:00Z,7363
2025-06-30,VAH,617.7395833333334,2025-06-30T20:00:00Z,7363
2025-06-30,VAL,615.6495833333333,2025-06-30T20:00:00Z,7363
2025-07-01,POC,616.968125,2025-07-01T20:00:00Z,7370
2025-07-01,VAH,618.3472916666667,2025-07-01T20:00:00Z,7370
2025-07-01,VAL,616.6922916666666,2025-07-01T20:00:00Z,7370
2025-07-02,POC,619.6008333333333,2025-07-02T20:00:00Z,7377
2025-07-02,VAH,620.4091666666667,2025-07-02T20:00:00Z,7377
2025-07-02,VAL,618.7925,2025-07-02T20:00:00Z,7377
2025-07-03,POC,625.2372916666666,2025-07-03T17:00:00Z,7381
2025-07-03,VAH,626.1997916666667,2025-07-03T17:00:00Z,7381
2025-07-03,VAL,624.5956249999999,2025-07-03T17:00:00Z,7381
2025-07-07,POC,621.0783333333334,2025-07-07T20:00:00Z,7388
2025-07-07,VAH,622.105,2025-07-07T20:00:00Z,7388
2025-07-07,VAL,619.2816666666666,2025-07-07T20:00:00Z,7388
2025-07-08,POC,620.5452083333333,2025-07-08T20:00:00Z,7395
2025-07-08,VAH,621.0847916666667,2025-07-08T20:00:00Z,7395
2025-07-08,VAL,620.005625,2025-07-08T20:00:00Z,7395
2025-07-09,POC,622.418125,2025-07-09T20:00:00Z,7402
2025-07-09,VAH,623.688125,2025-07-09T20:00:00Z,7402
2025-07-09,VAL,621.624375,2025-07-09T20:00:00Z,7402
2025-07-10,POC,625.509375,2025-07-10T20:00:00Z,7409
2025-07-10,VAH,626.7993749999999,2025-07-10T20:00:00Z,7409
2025-07-10,VAL,624.864375,2025-07-10T20:00:00Z,7409
2025-07-11,POC,624.096875,2025-07-11T20:00:00Z,7416
2025-07-11,VAH,624.5131250000001,2025-07-11T20:00:00Z,7416
2025-07-11,VAL,623.264375,2025-07-11T20:00:00Z,7416
2025-07-14,POC,624.5281249999999,2025-07-14T20:00:00Z,7423
2025-07-14,VAH,625.0897916666667,2025-07-14T20:00:00Z,7423
2025-07-14,VAL,623.4047916666666,2025-07-14T20:00:00Z,7423
2025-07-15,POC,623.879375,2025-07-15T20:00:00Z,7430
2025-07-15,VAH,625.085625,2025-07-15T20:00:00Z,7430
2025-07-15,VAL,622.9143750000001,2025-07-15T20:00:00Z,7430
2025-07-16,POC,622.9208333333333,2025-07-16T20:00:00Z,7437
2025-07-16,VAH,624.5908333333333,2025-07-16T20:00:00Z,7437
2025-07-16,VAL,621.5291666666667,2025-07-16T20:00:00Z,7437
2025-07-17,POC,627.6168749999999,2025-07-17T20:00:00Z,7444
2025-07-17,VAH,628.321875,2025-07-17T20:00:00Z,7444
2025-07-17,VAL,626.383125,2025-07-17T20:00:00Z,7444
2025-07-18,POC,627.1497916666667,2025-07-18T20:00:00Z,7451
2025-07-18,VAH,628.0277083333334,2025-07-18T20:00:00Z,7451
2025-07-18,VAL,626.648125,2025-07-18T20:00:00Z,7451
2025-07-21,POC,631.0733333333333,2025-07-21T20:00:00Z,7458
2025-07-21,VAH,631.4733333333332,2025-07-21T20:00:00Z,7458
2025-07-21,VAL,629.8733333333333,2025-07-21T20:00:00Z,7458
2025-07-22,POC,627.73875,2025-07-22T20:00:00Z,7465
2025-07-22,VAH,629.0662500000001,2025-07-22T20:00:00Z,7465
2025-07-22,VAL,627.00125,2025-07-22T20:00:00Z,7465
2025-07-23,POC,632.9602083333333,2025-07-23T20:00:00Z,7472
2025-07-23,VAH,633.883125,2025-07-23T20:00:00Z,7472
2025-07-23,VAL,631.2989583333333,2025-07-23T20:00:00Z,7472
2025-07-24,POC,635.295,2025-07-24T20:00:00Z,7479
2025-07-24,VAH,635.745,2025-07-24T20:00:00Z,7479
2025-07-24,VAL,634.665,2025-07-24T20:00:00Z,7479
2025-07-25,POC,636.9520833333333,2025-07-25T20:00:00Z,7486
2025-07-25,VAH,637.5229166666667,2025-07-25T20:00:00Z,7486
2025-07-25,VAL,635.9245833333333,2025-07-25T20:00:00Z,7486
2025-07-28,POC,637.0504166666666,2025-07-28T20:00:00Z,7493
2025-07-28,VAH,637.88375,2025-07-28T20:00:00Z,7493
2025-07-28,VAL,636.32125,2025-07-28T20:00:00Z,7493
2025-07-29,POC,635.1437500000001,2025-07-29T20:00:00Z,7500
2025-07-29,VAH,636.5904166666667,2025-07-29T20:00:00Z,7500
2025-07-29,VAL,634.4204166666667,2025-07-29T20:00:00Z,7500
2025-07-30,POC,636.0170833333333,2025-07-30T20:00:00Z,7507
2025-07-30,VAH,636.7845833333333,2025-07-30T20:00:00Z,7507
2025-07-30,VAL,633.45875,2025-07-30T20:00:00Z,7507
2025-07-31,POC,637.766875,2025-07-31T20:00:00Z,7514
2025-07-31,VAH,639.660625,2025-07-31T20:00:00Z,7514
2025-07-31,VAL,633.600625,2025-07-31T20:00:00Z,7514
2025-08-01,POC,621.493125,2025-08-01T20:00:00Z,7521
2025-08-01,VAH,623.255625,2025-08-01T20:00:00Z,7521
2025-08-01,VAL,620.6118749999999,2025-08-01T20:00:00Z,7521
2025-08-04,POC,629.7006250000001,2025-08-04T20:00:00Z,7528
2025-08-04,VAH,630.401875,2025-08-04T20:00:00Z,7528
2025-08-04,VAL,628.531875,2025-08-04T20:00:00Z,7528
2025-08-05,POC,628.780625,2025-08-05T20:00:00Z,7535
2025-08-05,VAH,630.173125,2025-08-05T20:00:00Z,7535
2025-08-05,VAL,627.8522916666666,2025-08-05T20:00:00Z,7535
2025-08-06,POC,632.444375,2025-08-06T20:00:00Z,7542
2025-08-06,VAH,633.329375,2025-08-06T20:00:00Z,7542
2025-08-06,VAL,630.674375,2025-08-06T20:00:00Z,7542
2025-08-07,POC,629.9297916666667,2025-08-07T20:00:00Z,7549
2025-08-07,VAH,633.2089583333334,2025-08-07T20:00:00Z,7549
2025-08-07,VAL,629.6018750000001,2025-08-07T20:00:00Z,7549
2025-08-08,POC,636.916875,2025-08-08T20:00:00Z,7556
2025-08-08,VAH,637.5685416666666,2025-08-08T20:00:00Z,7556
2025-08-08,VAL,636.1022916666667,2025-08-08T20:00:00Z,7556
2025-08-11,POC,636.536875,2025-08-11T20:00:00Z,7563
2025-08-11,VAH,637.788125,2025-08-11T20:00:00Z,7563
2025-08-11,VAL,635.821875,2025-08-11T20:00:00Z,7563
2025-08-12,POC,641.9662500000001,2025-08-12T20:00:00Z,7570
2025-08-12,VAH,642.72375,2025-08-12T20:00:00Z,7570
2025-08-12,VAL,639.69375,2025-08-12T20:00:00Z,7570
2025-08-13,POC,643.776875,2025-08-13T20:00:00Z,7577
2025-08-13,VAH,644.946875,2025-08-13T20:00:00Z,7577
2025-08-13,VAL,643.191875,2025-08-13T20:00:00Z,7577
2025-08-14,POC,644.4583333333334,2025-08-14T20:00:00Z,7584
2025-08-14,VAH,645.2783333333333,2025-08-14T20:00:00Z,7584
2025-08-14,VAL,643.6383333333333,2025-08-14T20:00:00Z,7584
2025-08-15,POC,643.7779166666667,2025-08-15T20:00:00Z,7591
2025-08-15,VAH,644.3745833333334,2025-08-15T20:00:00Z,7591
2025-08-15,VAL,643.18125,2025-08-15T20:00:00Z,7591
2025-08-18,POC,643.0520833333333,2025-08-18T20:00:00Z,7598
2025-08-18,VAH,643.5829166666666,2025-08-18T20:00:00Z,7598
2025-08-18,VAL,642.5970833333333,2025-08-18T20:00:00Z,7598
2025-08-19,POC,639.3010416666667,2025-08-19T20:00:00Z,7605
2025-08-19,VAH,641.646875,2025-08-19T20:00:00Z,7605
2025-08-19,VAL,638.5972916666667,2025-08-19T20:00:00Z,7605
2025-08-20,POC,636.724375,2025-08-20T20:00:00Z,7612
2025-08-20,VAH,638.401875,2025-08-20T20:00:00Z,7612
2025-08-20,VAL,635.046875,2025-08-20T20:00:00Z,7612
2025-08-21,POC,635.2833333333333,2025-08-21T20:00:00Z,7619
2025-08-21,VAH,636.4966666666667,2025-08-21T20:00:00Z,7619
2025-08-21,VAL,635.11,2025-08-21T20:00:00Z,7619
2025-08-22,POC,645.1510416666666,2025-08-22T20:00:00Z,7626
2025-08-22,VAH,646.3072916666666,2025-08-22T20:00:00Z,7626
2025-08-22,VAL,643.609375,2025-08-22T20:00:00Z,7626
2025-08-25,POC,644.00375,2025-08-25T20:00:00Z,7633
2025-08-25,VAH,644.98375,2025-08-25T20:00:00Z,7633
2025-08-25,VAL,643.63625,2025-08-25T20:00:00Z,7633
2025-08-26,POC,642.80125,2025-08-26T20:00:00Z,7640
2025-08-26,VAH,644.1145833333334,2025-08-26T20:00:00Z,7640
2025-08-26,VAL,642.30875,2025-08-26T20:00:00Z,7640
2025-08-27,POC,646.5710416666667,2025-08-27T20:00:00Z,7647
2025-08-27,VAH,647.185625,2025-08-27T20:00:00Z,7647
2025-08-27,VAL,645.8335416666666,2025-08-27T20:00:00Z,7647
2025-08-28,POC,648.70375,2025-08-28T20:00:00Z,7654
2025-08-28,VAH,649.3937500000001,2025-08-28T20:00:00Z,7654
2025-08-28,VAL,646.97875,2025-08-28T20:00:00Z,7654
2025-08-29,POC,644.2170833333333,2025-08-29T20:00:00Z,7661
2025-08-29,VAH,645.19625,2025-08-29T20:00:00Z,7661
2025-08-29,VAL,643.8254166666667,2025-08-29T20:00:00Z,7661
2025-09-02,POC,638.053125,2025-09-02T20:00:00Z,7668
2025-09-02,VAH,639.445625,2025-09-02T20:00:00Z,7668
2025-09-02,VAL,636.660625,2025-09-02T20:00:00Z,7668
2025-09-03,POC,642.100625,2025-09-03T20:00:00Z,7675
2025-09-03,VAH,643.663125,2025-09-03T20:00:00Z,7675
2025-09-03,VAL,641.631875,2025-09-03T20:00:00Z,7675
2025-09-04,POC,647.6225,2025-09-04T20:00:00Z,7682
2025-09-04,VAH,649.0325,2025-09-04T20:00:00Z,7682
2025-09-04,VAL,645.5074999999999,2025-09-04T20:00:00Z,7682
2025-09-05,POC,645.735,2025-09-05T20:00:00Z,7689
2025-09-05,VAH,647.585,2025-09-05T20:00:00Z,7689
2025-09-05,VAL,644.255,2025-09-05T20:00:00Z,7689
2025-09-08,POC,648.480625,2025-09-08T20:00:00Z,7696
2025-09-08,VAH,648.915625,2025-09-08T20:00:00Z,7696
2025-09-08,VAL,647.719375,2025-09-08T20:00:00Z,7696
2025-09-09,POC,649.5708333333333,2025-09-09T20:00:00Z,7703
2025-09-09,VAH,650.0258333333334,2025-09-09T20:00:00Z,7703
2025-09-09,VAL,648.3575000000001,2025-09-09T20:00:00Z,7703
2025-09-10,POC,653.3249999999999,2025-09-10T20:00:00Z,7710
2025-09-10,VAH,653.8149999999999,2025-09-10T20:00:00Z,7710
2025-09-10,VAL,651.855,2025-09-10T20:00:00Z,7710
2025-09-11,POC,657.4412500000001,2025-09-11T20:00:00Z,7717
2025-09-11,VAH,658.23125,2025-09-11T20:00:00Z,7717
2025-09-11,VAL,656.65125,2025-09-11T20:00:00Z,7717
2025-09-12,POC,658.2352083333333,2025-09-12T20:00:00Z,7724
2025-09-12,VAH,658.419375,2025-09-12T20:00:00Z,7724
2025-09-12,VAL,657.3143749999999,2025-09-12T20:00:00Z,7724
2025-09-15,POC,660.2254166666667,2025-09-15T20:00:00Z,7731
2025-09-15,VAH,660.8629166666666,2025-09-15T20:00:00Z,7731
2025-09-15,VAL,660.0129166666667,2025-09-15T20:00:00Z,7731
2025-09-16,POC,660.0131250000001,2025-09-16T20:00:00Z,7738
2025-09-16,VAH,660.5485416666667,2025-09-16T20:00:00Z,7738
2025-09-16,VAL,659.691875,2025-09-16T20:00:00Z,7738
2025-09-17,POC,659.7104166666667,2025-09-17T20:00:00Z,7745
2025-09-17,VAH,660.6379166666667,2025-09-17T20:00:00Z,7745
2025-09-17,VAL,658.1645833333333,2025-09-17T20:00:00Z,7745
2025-09-18,POC,662.48375,2025-09-18T20:00:00Z,7752
2025-09-18,VAH,663.63875,2025-09-18T20:00:00Z,7752
2025-09-18,VAL,661.90625,2025-09-18T20:00:00Z,7752
2025-09-19,POC,662.3729166666667,2025-09-19T20:00:00Z,7759
2025-09-19,VAH,663.5920833333333,2025-09-19T20:00:00Z,7759
2025-09-19,VAL,661.3279166666666,2025-09-19T20:00:00Z,7759
2025-09-22,POC,666.7566666666667,2025-09-22T20:00:00Z,7766
2025-09-22,VAH,667.1833333333333,2025-09-22T20:00:00Z,7766
2025-09-22,VAL,664.6233333333333,2025-09-22T20:00:00Z,7766
2025-09-23,POC,662.0916666666667,2025-09-23T20:00:00Z,7773
2025-09-23,VAH,665.8883333333333,2025-09-23T20:00:00Z,7773
2025-09-23,VAL,662.0916666666667,2025-09-23T20:00:00Z,7773
2025-09-24,POC,660.3904166666666,2025-09-24T20:00:00Z,7780
2025-09-24,VAH,662.44875,2025-09-24T20:00:00Z,7780
2025-09-24,VAL,659.7729166666667,2025-09-24T20:00:00Z,7780
2025-09-25,POC,657.635625,2025-09-25T20:00:00Z,7787
2025-09-25,VAH,658.2618749999999,2025-09-25T20:00:00Z,7787
2025-09-25,VAL,655.9656249999999,2025-09-25T20:00:00Z,7787
2025-09-26,POC,661.1539583333333,2025-09-26T20:00:00Z,7794
2025-09-26,VAH,662.089375,2025-09-26T20:00:00Z,7794
2025-09-26,VAL,659.844375,2025-09-26T20:00:00Z,7794
2025-09-29,POC,662.92875,2025-09-29T20:00:00Z,7801
2025-09-29,VAH,664.63875,2025-09-29T20:00:00Z,7801
2025-09-29,VAL,662.78625,2025-09-29T20:00:00Z,7801
2025-09-30,POC,662.5550000000001,2025-09-30T20:00:00Z,7808
2025-09-30,VAH,664.865,2025-09-30T20:00:00Z,7808
2025-09-30,VAL,661.715,2025-09-30T20:00:00Z,7808
2025-10-01,POC,668.4497916666667,2025-10-01T20:00:00Z,7815
2025-10-01,VAH,669.2385416666667,2025-10-01T20:00:00Z,7815
2025-10-01,VAL,665.2947916666666,2025-10-01T20:00:00Z,7815
2025-10-02,POC,668.911875,2025-10-02T20:00:00Z,7822
2025-10-02,VAH,669.7014583333333,2025-10-02T20:00:00Z,7822
2025-10-02,VAL,668.1222916666667,2025-10-02T20:00:00Z,7822
2025-10-03,POC,669.9491666666667,2025-10-03T20:00:00Z,7829
2025-10-03,VAH,671.4558333333333,2025-10-03T20:00:00Z,7829
2025-10-03,VAL,668.8191666666667,2025-10-03T20:00:00Z,7829
2025-10-06,POC,671.55375,2025-10-06T20:00:00Z,7836
2025-10-06,VAH,672.44625,2025-10-06T20:00:00Z,7836
2025-10-06,VAL,670.91625,2025-10-06T20:00:00Z,7836
2025-10-07,POC,668.4458333333333,2025-10-07T20:00:00Z,7843
2025-10-07,VAH,670.4408333333333,2025-10-07T20:00:00Z,7843
2025-10-07,VAL,667.7808333333332,2025-10-07T20:00:00Z,7843
2025-10-08,POC,672.499375,2025-10-08T20:00:00Z,7850
2025-10-08,VAH,673.1310416666666,2025-10-08T20:00:00Z,7850
2025-10-08,VAL,671.7097916666667,2025-10-08T20:00:00Z,7850
2025-10-09,POC,669.8997916666667,2025-10-09T20:00:00Z,7857
2025-10-09,VAH,671.6735416666667,2025-10-09T20:00:00Z,7857
2025-10-09,VAL,669.8997916666667,2025-10-09T20:00:00Z,7857
2025-10-10,POC,659.436875,2025-10-10T20:00:00Z,7864
2025-10-10,VAH,668.2327083333333,2025-10-10T20:00:00Z,7864
2025-10-10,VAL,656.798125,2025-10-10T20:00:00Z,7864
2025-10-13,POC,662.556875,2025-10-13T20:00:00Z,7871
2025-10-13,VAH,663.675625,2025-10-13T20:00:00Z,7871
2025-10-13,VAL,660.990625,2025-10-13T20:00:00Z,7871
2025-10-14,POC,664.51125,2025-10-14T20:00:00Z,7878
2025-10-14,VAH,665.5662500000001,2025-10-14T20:00:00Z,7878
2025-10-14,VAL,659.23625,2025-10-14T20:00:00Z,7878
2025-10-15,POC,663.87375,2025-10-15T20:00:00Z,7885
2025-10-15,VAH,668.11125,2025-10-15T20:00:00Z,7885
2025-10-15,VAL,663.4029166666667,2025-10-15T20:00:00Z,7885
2025-10-16,POC,661.2183333333334,2025-10-16T20:00:00Z,7892
2025-10-16,VAH,665.5683333333334,2025-10-16T20:00:00Z,7892
2025-10-16,VAL,657.835,2025-10-16T20:00:00Z,7892
2025-10-17,POC,661.15625,2025-10-17T20:00:00Z,7899
2025-10-17,VAH,664.01375,2025-10-17T20:00:00Z,7899
2025-10-17,VAL,659.25125,2025-10-17T20:00:00Z,7899
2025-10-20,POC,671.28375,2025-10-20T20:00:00Z,7906
2025-10-20,VAH,672.1070833333333,2025-10-20T20:00:00Z,7906
2025-10-20,VAL,670.2545833333334,2025-10-20T20:00:00Z,7906
2025-10-21,POC,671.7985416666667,2025-10-21T20:00:00Z,7913
2025-10-21,VAH,672.425625,2025-10-21T20:00:00Z,7913
2025-10-21,VAL,671.1714583333334,2025-10-21T20:00:00Z,7913
2025-10-22,POC,668.1993749999999,2025-10-22T20:00:00Z,7920
2025-10-22,VAH,669.288125,2025-10-22T20:00:00Z,7920
2025-10-22,VAL,664.5702083333333,2025-10-22T20:00:00Z,7920
2025-10-23,POC,671.7975,2025-10-23T20:00:00Z,7927
2025-10-23,VAH,672.6175000000001,2025-10-23T20:00:00Z,7927
2025-10-23,VAL,669.9525,2025-10-23T20:00:00Z,7927
2025-10-24,POC,677.7062500000001,2025-10-24T20:00:00Z,7934
2025-10-24,VAH,678.29375,2025-10-24T20:00:00Z,7934
2025-10-24,VAL,677.00125,2025-10-24T20:00:00Z,7934
2025-10-27,POC,684.039375,2025-10-27T20:00:00Z,7941
2025-10-27,VAH,684.1822916666666,2025-10-27T20:00:00Z,7941
2025-10-27,VAL,682.4672916666667,2025-10-27T20:00:00Z,7941
2025-10-28,POC,687.465,2025-10-28T20:00:00Z,7948
2025-10-28,VAH,688.8249999999999,2025-10-28T20:00:00Z,7948
2025-10-28,VAL,686.275,2025-10-28T20:00:00Z,7948
2025-10-29,POC,688.1347916666667,2025-10-29T20:00:00Z,7955
2025-10-29,VAH,689.5577083333334,2025-10-29T20:00:00Z,7955
2025-10-29,VAL,686.1427083333333,2025-10-29T20:00:00Z,7955
2025-10-30,POC,683.2800000000001,2025-10-30T20:00:00Z,7962
2025-10-30,VAH,685.5600000000001,2025-10-30T20:00:00Z,7962
2025-10-30,VAL,682.2666666666667,2025-10-30T20:00:00Z,7962
2025-10-31,POC,682.2816666666666,2025-10-31T20:00:00Z,7969
2025-10-31,VAH,684.715,2025-10-31T20:00:00Z,7969
2025-10-31,VAL,682.0383333333334,2025-10-31T20:00:00Z,7969
2025-11-03,POC,683.4804166666667,2025-11-03T21:00:00Z,7976
2025-11-03,VAH,683.96875,2025-11-03T21:00:00Z,7976
2025-11-03,VAL,682.2595833333334,2025-11-03T21:00:00Z,7976
2025-11-04,POC,675.58875,2025-11-04T21:00:00Z,7983
2025-11-04,VAH,677.60625,2025-11-04T21:00:00Z,7983
2025-11-04,VAL,674.6920833333334,2025-11-04T21:00:00Z,7983
2025-11-05,POC,679.884375,2025-11-05T21:00:00Z,7990
2025-11-05,VAH,680.720625,2025-11-05T21:00:00Z,7990
2025-11-05,VAL,677.375625,2025-11-05T21:00:00Z,7990
2025-11-06,POC,671.42625,2025-11-06T21:00:00Z,7997
2025-11-06,VAH,673.2304166666667,2025-11-06T21:00:00Z,7997
2025-11-06,VAL,669.6220833333333,2025-11-06T21:00:00Z,7997
2025-11-07,POC,663.4641666666668,2025-11-07T21:00:00Z,8004
2025-11-07,VAH,667.5808333333334,2025-11-07T21:00:00Z,8004
2025-11-07,VAL,661.4058333333334,2025-11-07T21:00:00Z,8004
2025-11-10,POC,681.1372916666667,2025-11-10T21:00:00Z,8011
2025-11-10,VAH,682.0310416666666,2025-11-10T21:00:00Z,8011
2025-11-10,VAL,677.5622916666666,2025-11-10T21:00:00Z,8011
2025-11-11,POC,682.4608333333334,2025-11-11T21:00:00Z,8018
2025-11-11,VAH,683.4691666666668,2025-11-11T21:00:00Z,8018
2025-11-11,VAL,680.2425000000001,2025-11-11T21:00:00Z,8018
2025-11-12,POC,683.2012500000001,2025-11-12T21:00:00Z,8025
2025-11-12,VAH,683.87125,2025-11-12T21:00:00Z,8025
2025-11-12,VAL,682.1962500000001,2025-11-12T21:00:00Z,8025
2025-11-13,POC,671.5970833333333,2025-11-13T21:00:00Z,8032
2025-11-13,VAH,675.9054166666666,2025-11-13T21:00:00Z,8032
2025-11-13,VAL,670.7354166666667,2025-11-13T21:00:00Z,8032
2025-11-14,POC,673.3349999999999,2025-11-14T21:00:00Z,8039
2025-11-14,VAH,675.4016666666666,2025-11-14T21:00:00Z,8039
2025-11-14,VAL,670.7516666666667,2025-11-14T21:00:00Z,8039
2025-11-17,POC,670.10375,2025-11-17T21:00:00Z,8046
2025-11-17,VAH,672.98875,2025-11-17T21:00:00Z,8046
2025-11-17,VAL,664.8145833333333,2025-11-17T21:00:00Z,8046
2025-11-18,POC,659.91125,2025-11-18T21:00:00Z,8053
2025-11-18,VAH,664.1554166666667,2025-11-18T21:00:00Z,8053
2025-11-18,VAL,658.75375,2025-11-18T21:00:00Z,8053
2025-11-19,POC,662.5025,2025-11-19T21:00:00Z,8060
2025-11-19,VAH,663.9358333333333,2025-11-19T21:00:00Z,8060
2025-11-19,VAL,660.7108333333333,2025-11-19T21:00:00Z,8060
2025-11-20,POC,655.341875,2025-11-20T21:00:00Z,8067
2025-11-20,VAH,665.2043749999999,2025-11-20T21:00:00Z,8067
2025-11-20,VAL,652.383125,2025-11-20T21:00:00Z,8067
2025-11-21,POC,660.8395833333333,2025-11-21T21:00:00Z,8074
2025-11-21,VAH,664.2645833333332,2025-11-21T21:00:00Z,8074
2025-11-21,VAL,655.13125,2025-11-21T21:00:00Z,8074
2025-11-24,POC,668.8247916666667,2025-11-24T21:00:00Z,8081
2025-11-24,VAH,669.8835416666666,2025-11-24T21:00:00Z,8081
2025-11-24,VAL,666.354375,2025-11-24T21:00:00Z,8081
2025-11-25,POC,674.010625,2025-11-25T21:00:00Z,8088
2025-11-25,VAH,675.965625,2025-11-25T21:00:00Z,8088
2025-11-25,VAL,669.611875,2025-11-25T21:00:00Z,8088
2025-11-26,POC,680.35125,2025-11-26T21:00:00Z,8095
2025-11-26,VAH,681.59625,2025-11-26T21:00:00Z,8095
2025-11-26,VAL,679.52125,2025-11-26T21:00:00Z,8095
2025-11-28,POC,681.886875,2025-11-28T18:00:00Z,8099
2025-11-28,VAH,682.9435416666666,2025-11-28T18:00:00Z,8099
2025-11-28,VAL,681.490625,2025-11-28T18:00:00Z,8099
2025-12-01,POC,680.068125,2025-12-01T21:00:00Z,8106
2025-12-01,VAH,681.4847916666666,2025-12-01T21:00:00Z,8106
2025-12-01,VAL,679.3597916666666,2025-12-01T21:00:00Z,8106
2025-12-02,POC,681.47625,2025-12-02T21:00:00Z,8113
2025-12-02,VAH,682.78875,2025-12-02T21:00:00Z,8113
2025-12-02,VAL,681.10125,2025-12-02T21:00:00Z,8113
2025-12-03,POC,683.93125,2025-12-03T21:00:00Z,8120
2025-12-03,VAH,684.80125,2025-12-03T21:00:00Z,8120
2025-12-03,VAL,682.19125,2025-12-03T21:00:00Z,8120
2025-12-04,POC,683.4389583333334,2025-12-04T21:00:00Z,8127
2025-12-04,VAH,684.614375,2025-12-04T21:00:00Z,8127
2025-12-04,VAL,682.9352083333333,2025-12-04T21:00:00Z,8127
2025-12-05,POC,686.246875,2025-12-05T21:00:00Z,8134
2025-12-05,VAH,687.040625,2025-12-05T21:00:00Z,8134
2025-12-05,VAL,685.2943750000001,2025-12-05T21:00:00Z,8134
2025-12-08,POC,683.576875,2025-12-08T21:00:00Z,8141
2025-12-08,VAH,684.210625,2025-12-08T21:00:00Z,8141
2025-12-08,VAL,682.0981250000001,2025-12-08T21:00:00Z,8141
2025-12-09,POC,683.5816666666667,2025-12-09T21:00:00Z,8148
2025-12-09,VAH,684.515,2025-12-09T21:00:00Z,8148
2025-12-09,VAL,682.9983333333333,2025-12-09T21:00:00Z,8148
2025-12-10,POC,683.0654166666666,2025-12-10T21:00:00Z,8155
2025-12-10,VAH,687.2145833333334,2025-12-10T21:00:00Z,8155
2025-12-10,VAL,681.4695833333333,2025-12-10T21:00:00Z,8155
2025-12-11,POC,687.920625,2025-12-11T21:00:00Z,8162
2025-12-11,VAH,689.1022916666667,2025-12-11T21:00:00Z,8162
2025-12-11,VAL,685.261875,2025-12-11T21:00:00Z,8162
2025-12-12,POC,682.204375,2025-12-12T21:00:00Z,8169
2025-12-12,VAH,683.4181249999999,2025-12-12T21:00:00Z,8169
2025-12-12,VAL,680.1814583333332,2025-12-12T21:00:00Z,8169
2025-12-15,POC,680.470625,2025-12-15T21:00:00Z,8176
2025-12-15,VAH,681.826875,2025-12-15T21:00:00Z,8176
2025-12-15,VAL,679.656875,2025-12-15T21:00:00Z,8176
2025-12-16,POC,677.6487500000001,2025-12-16T21:00:00Z,8183
2025-12-16,VAH,679.6820833333334,2025-12-16T21:00:00Z,8183
2025-12-16,VAL,676.6320833333334,2025-12-16T21:00:00Z,8183
2025-12-17,POC,672.924375,2025-12-17T21:00:00Z,8190
2025-12-17,VAH,675.236875,2025-12-17T21:00:00Z,8190
2025-12-17,VAL,671.3827083333334,2025-12-17T21:00:00Z,8190
2025-12-18,POC,677.6983333333334,2025-12-18T21:00:00Z,8197
2025-12-18,VAH,678.6716666666666,2025-12-18T21:00:00Z,8197
2025-12-18,VAL,675.7516666666667,2025-12-18T21:00:00Z,8197
2025-12-19,POC,680.22375,2025-12-19T21:00:00Z,8204
2025-12-19,VAH,680.99375,2025-12-19T21:00:00Z,8204
2025-12-19,VAL,679.64625,2025-12-19T21:00:00Z,8204
2025-12-22,POC,684.6341666666667,2025-12-22T21:00:00Z,8211
2025-12-22,VAH,685.1925,2025-12-22T21:00:00Z,8211
2025-12-22,VAL,684.0758333333333,2025-12-22T21:00:00Z,8211
2025-12-23,POC,687.5685416666668,2025-12-23T21:00:00Z,8218
2025-12-23,VAH,688.1097916666668,2025-12-23T21:00:00Z,8218
2025-12-23,VAL,686.3056250000001,2025-12-23T21:00:00Z,8218
2025-12-24,POC,690.135625,2025-12-24T18:00:00Z,8222
2025-12-24,VAH,690.766875,2025-12-24T18:00:00Z,8222
2025-12-24,VAL,689.125625,2025-12-24T18:00:00Z,8222
2025-12-26,POC,690.016875,2025-12-26T21:00:00Z,8229
2025-12-26,VAH,690.7139583333333,2025-12-26T21:00:00Z,8229
2025-12-26,VAL,689.8177083333333,2025-12-26T21:00:00Z,8229
2025-12-29,POC,687.439375,2025-12-29T21:00:00Z,8236
2025-12-29,VAH,688.3522916666667,2025-12-29T21:00:00Z,8236
2025-12-29,VAL,687.048125,2025-12-29T21:00:00Z,8236
2025-12-30,POC,687.36375,2025-12-30T21:00:00Z,8243
2025-12-30,VAH,687.94125,2025-12-30T21:00:00Z,8243
2025-12-30,VAL,687.03375,2025-12-30T21:00:00Z,8243
2025-12-31,POC,685.3589583333334,2025-12-31T21:00:00Z,8250
2025-12-31,VAH,686.0652083333333,2025-12-31T21:00:00Z,8250
2025-12-31,VAL,683.2402083333334,2025-12-31T21:00:00Z,8250
2026-01-02,POC,682.023125,2026-01-02T21:00:00Z,8257
2026-01-02,VAH,683.785625,2026-01-02T21:00:00Z,8257
2026-01-02,VAL,680.260625,2026-01-02T21:00:00Z,8257
2026-01-05,POC,688.21875,2026-01-05T21:00:00Z,8264
2026-01-05,VAH,688.6012499999999,2026-01-05T21:00:00Z,8264
2026-01-05,VAL,687.19875,2026-01-05T21:00:00Z,8264
2026-01-06,POC,691.8470833333333,2026-01-06T21:00:00Z,8271
2026-01-06,VAH,692.2254166666667,2026-01-06T21:00:00Z,8271
2026-01-06,VAL,689.3879166666667,2026-01-06T21:00:00Z,8271
2026-01-07,POC,692.7033333333334,2026-01-07T21:00:00Z,8278
2026-01-07,VAH,693.09,2026-01-07T21:00:00Z,8278
2026-01-07,VAL,691.1566666666668,2026-01-07T21:00:00Z,8278
2026-01-08,POC,689.1202083333334,2026-01-08T21:00:00Z,8285
2026-01-08,VAH,690.033125,2026-01-08T21:00:00Z,8285
2026-01-08,VAL,688.7289583333334,2026-01-08T21:00:00Z,8285
2026-01-09,POC,694.4160416666666,2026-01-09T21:00:00Z,8292
2026-01-09,VAH,695.1822916666666,2026-01-09T21:00:00Z,8292
2026-01-09,VAL,692.1172916666666,2026-01-09T21:00:00Z,8292
2026-01-12,POC,694.83875,2026-01-12T21:00:00Z,8299
2026-01-12,VAH,695.97625,2026-01-12T21:00:00Z,8299
2026-01-12,VAL,693.7012500000001,2026-01-12T21:00:00Z,8299
2026-01-13,POC,692.43625,2026-01-13T21:00:00Z,8306
2026-01-13,VAH,694.41125,2026-01-13T21:00:00Z,8306
2026-01-13,VAL,692.23875,2026-01-13T21:00:00Z,8306
2026-01-14,POC,687.5783333333333,2026-01-14T21:00:00Z,8313
2026-01-14,VAH,689.4716666666667,2026-01-14T21:00:00Z,8313
2026-01-14,VAL,686.395,2026-01-14T21:00:00Z,8313
2026-01-15,POC,694.3125,2026-01-15T21:00:00Z,8320
2026-01-15,VAH,695.0125,2026-01-15T21:00:00Z,8320
2026-01-15,VAL,692.9125,2026-01-15T21:00:00Z,8320
2026-01-16,POC,691.915625,2026-01-16T21:00:00Z,8327
2026-01-16,VAH,693.1260416666667,2026-01-16T21:00:00Z,8327
2026-01-16,VAL,691.5697916666667,2026-01-16T21:00:00Z,8327
2026-01-20,POC,678.1075000000001,2026-01-20T21:00:00Z,8334
2026-01-20,VAH,682.5491666666667,2026-01-20T21:00:00Z,8334
2026-01-20,VAL,676.7408333333334,2026-01-20T21:00:00Z,8334
2026-01-21,POC,680.119375,2026-01-21T21:00:00Z,8341
2026-01-21,VAH,684.9822916666667,2026-01-21T21:00:00Z,8341
2026-01-21,VAL,678.793125,2026-01-21T21:00:00Z,8341
2026-01-22,POC,689.4635416666666,2026-01-22T21:00:00Z,8348
2026-01-22,VAH,689.9897916666666,2026-01-22T21:00:00Z,8348
2026-01-22,VAL,687.5339583333333,2026-01-22T21:00:00Z,8348
2026-01-23,POC,689.4558333333333,2026-01-23T21:00:00Z,8355
2026-01-23,VAH,690.2475000000001,2026-01-23T21:00:00Z,8355
2026-01-23,VAL,688.5058333333333,2026-01-23T21:00:00Z,8355
2026-01-26,POC,692.9897916666666,2026-01-26T21:00:00Z,8362
2026-01-26,VAH,693.8668749999999,2026-01-26T21:00:00Z,8362
2026-01-26,VAL,692.4635416666666,2026-01-26T21:00:00Z,8362
2026-01-27,POC,695.975,2026-01-27T21:00:00Z,8369
2026-01-27,VAH,696.345,2026-01-27T21:00:00Z,8369
2026-01-27,VAL,695.3583333333333,2026-01-27T21:00:00Z,8369
2026-01-28,POC,695.4837500000001,2026-01-28T21:00:00Z,8376
2026-01-28,VAH,696.29625,2026-01-28T21:00:00Z,8376
2026-01-28,VAL,694.5087500000001,2026-01-28T21:00:00Z,8376
2026-01-29,POC,691.709375,2026-01-29T21:00:00Z,8383
2026-01-29,VAH,694.7668749999999,2026-01-29T21:00:00Z,8383
2026-01-29,VAL,688.651875,2026-01-29T21:00:00Z,8383
2026-01-30,POC,691.108125,2026-01-30T21:00:00Z,8390
2026-01-30,VAH,692.880625,2026-01-30T21:00:00Z,8390
2026-01-30,VAL,690.2218750000001,2026-01-30T21:00:00Z,8390
2026-02-02,POC,695.8347916666667,2026-02-02T21:00:00Z,8397
2026-02-02,VAH,696.7735416666666,2026-02-02T21:00:00Z,8397
2026-02-02,VAL,694.2702083333332,2026-02-02T21:00:00Z,8397
2026-02-03,POC,686.454375,2026-02-03T21:00:00Z,8404
2026-02-03,VAH,691.841875,2026-02-03T21:00:00Z,8404
2026-02-03,VAL,684.838125,2026-02-03T21:00:00Z,8404
2026-02-04,POC,688.018125,2026-02-04T21:00:00Z,8411
2026-02-04,VAH,688.8256250000001,2026-02-04T21:00:00Z,8411
2026-02-04,VAL,684.384375,2026-02-04T21:00:00Z,8411
2026-02-05,POC,678.9170833333334,2026-02-05T21:00:00Z,8418
2026-02-05,VAH,681.22125,2026-02-05T21:00:00Z,8418
2026-02-05,VAL,677.6004166666667,2026-02-05T21:00:00Z,8418
2026-02-06,POC,689.20625,2026-02-06T21:00:00Z,8425
2026-02-06,VAH,692.07125,2026-02-06T21:00:00Z,8425
2026-02-06,VAL,685.38625,2026-02-06T21:00:00Z,8425
2026-02-09,POC,694.458125,2026-02-09T21:00:00Z,8432
2026-02-09,VAH,695.713125,2026-02-09T21:00:00Z,8432
2026-02-09,VAL,693.203125,2026-02-09T21:00:00Z,8432
2026-02-10,POC,693.9983333333333,2026-02-10T21:00:00Z,8439
2026-02-10,VAH,695.625,2026-02-10T21:00:00Z,8439
2026-02-10,VAL,693.185,2026-02-10T21:00:00Z,8439
2026-02-11,POC,691.9991666666666,2026-02-11T21:00:00Z,8446
2026-02-11,VAH,693.6575,2026-02-11T21:00:00Z,8446
2026-02-11,VAL,691.3358333333333,2026-02-11T21:00:00Z,8446
2026-02-12,POC,683.8029166666666,2026-02-12T21:00:00Z,8453
2026-02-12,VAH,688.1720833333334,2026-02-12T21:00:00Z,8453
2026-02-12,VAL,681.9304166666667,2026-02-12T21:00:00Z,8453
2026-02-13,POC,682.0825,2026-02-13T21:00:00Z,8460
2026-02-13,VAH,684.6374999999999,2026-02-13T21:00:00Z,8460
2026-02-13,VAL,679.8924999999999,2026-02-13T21:00:00Z,8460
2026-02-17,POC,682.0775,2026-02-17T21:00:00Z,8467
2026-02-17,VAH,683.9858333333334,2026-02-17T21:00:00Z,8467
2026-02-17,VAL,679.0241666666667,2026-02-17T21:00:00Z,8467
2026-02-18,POC,686.1216666666667,2026-02-18T21:00:00Z,8474
2026-02-18,VAH,688.755,2026-02-18T21:00:00Z,8474
2026-02-18,VAL,685.3316666666667,2026-02-18T21:00:00Z,8474
2026-02-19,POC,683.7633333333333,2026-02-19T21:00:00Z,8481
2026-02-19,VAH,684.7299999999999,2026-02-19T21:00:00Z,8481
2026-02-19,VAL,682.6033333333332,2026-02-19T21:00:00Z,8481
2026-02-20,POC,688.1510416666666,2026-02-20T21:00:00Z,8488
2026-02-20,VAH,689.539375,2026-02-20T21:00:00Z,8488
2026-02-20,VAL,686.0685416666666,2026-02-20T21:00:00Z,8488
2026-02-23,POC,682.175625,2026-02-23T21:00:00Z,8495
2026-02-23,VAH,683.379375,2026-02-23T21:00:00Z,8495
2026-02-23,VAL,680.570625,2026-02-23T21:00:00Z,8495
2026-02-24,POC,686.7843750000001,2026-02-24T21:00:00Z,8502
2026-02-24,VAH,688.1760416666667,2026-02-24T21:00:00Z,8502
2026-02-24,VAL,685.0447916666667,2026-02-24T21:00:00Z,8502
2026-02-25,POC,692.7104166666667,2026-02-25T21:00:00Z,8509
2026-02-25,VAH,693.6054166666667,2026-02-25T21:00:00Z,8509
2026-02-25,VAL,691.5170833333333,2026-02-25T21:00:00Z,8509
2026-02-26,POC,688.648125,2026-02-26T21:00:00Z,8516
2026-02-26,VAH,689.7693750000001,2026-02-26T21:00:00Z,8516
2026-02-26,VAL,685.658125,2026-02-26T21:00:00Z,8516
2026-02-27,POC,684.57625,2026-02-27T21:00:00Z,8523
2026-02-27,VAH,685.66375,2026-02-27T21:00:00Z,8523
2026-02-27,VAL,683.27125,2026-02-27T21:00:00Z,8523
2026-03-02,POC,685.3075,2026-03-02T21:00:00Z,8530
2026-03-02,VAH,688.3991666666667,2026-03-02T21:00:00Z,8530
2026-03-02,VAL,683.9825,2026-03-02T21:00:00Z,8530
2026-03-03,POC,672.088125,2026-03-03T21:00:00Z,8537
2026-03-03,VAH,680.181875,2026-03-03T21:00:00Z,8537
2026-03-03,VAL,671.5485416666667,2026-03-03T21:00:00Z,8537
2026-03-04,POC,686.311875,2026-03-04T21:00:00Z,8544
2026-03-04,VAH,686.934375,2026-03-04T21:00:00Z,8544
2026-03-04,VAL,684.444375,2026-03-04T21:00:00Z,8544
2026-03-05,POC,676.23,2026-03-05T21:00:00Z,8551
2026-03-05,VAH,681.1899999999999,2026-03-05T21:00:00Z,8551
2026-03-05,VAL,675.8166666666667,2026-03-05T21:00:00Z,8551
2026-03-06,POC,673.8610416666667,2026-03-06T21:00:00Z,8558
2026-03-06,VAH,675.9777083333333,2026-03-06T21:00:00Z,8558
2026-03-06,VAL,672.8027083333334,2026-03-06T21:00:00Z,8558
2026-03-09,POC,670.0593749999999,2026-03-09T20:00:00Z,8565
2026-03-09,VAH,672.250625,2026-03-09T20:00:00Z,8565
2026-03-09,VAL,664.2160416666667,2026-03-09T20:00:00Z,8565
2026-03-10,POC,680.6725,2026-03-10T20:00:00Z,8572
2026-03-10,VAH,682.1058333333333,2026-03-10T20:00:00Z,8572
2026-03-10,VAL,677.8058333333333,2026-03-10T20:00:00Z,8572
2026-03-11,POC,675.1654166666667,2026-03-11T20:00:00Z,8579
2026-03-11,VAH,676.5695833333334,2026-03-11T20:00:00Z,8579
2026-03-11,VAL,673.76125,2026-03-11T20:00:00Z,8579
2026-03-12,POC,668.1760416666666,2026-03-12T20:00:00Z,8586
2026-03-12,VAH,669.853125,2026-03-12T20:00:00Z,8586
2026-03-12,VAL,667.2177083333333,2026-03-12T20:00:00Z,8586
2026-03-13,POC,662.9612500000001,2026-03-13T20:00:00Z,8593
2026-03-13,VAH,666.16375,2026-03-13T20:00:00Z,8593
2026-03-13,VAL,661.58875,2026-03-13T20:00:00Z,8593
2026-03-16,POC,668.666875,2026-03-16T20:00:00Z,8600
2026-03-16,VAH,670.729375,2026-03-16T20:00:00Z,8600
2026-03-16,VAL,668.460625,2026-03-16T20:00:00Z,8600
2026-03-17,POC,671.5762500000001,2026-03-17T20:00:00Z,8607
2026-03-17,VAH,672.36625,2026-03-17T20:00:00Z,8607
2026-03-17,VAL,670.39125,2026-03-17T20:00:00Z,8607
2026-03-18,POC,666.3435416666667,2026-03-18T20:00:00Z,8614
2026-03-18,VAH,669.5422916666666,2026-03-18T20:00:00Z,8614
2026-03-18,VAL,664.2110416666667,2026-03-18T20:00:00Z,8614
2026-03-19,POC,658.2614583333333,2026-03-19T20:00:00Z,8621
2026-03-19,VAH,659.563125,2026-03-19T20:00:00Z,8621
2026-03-19,VAL,656.3089583333333,2026-03-19T20:00:00Z,8621
2026-03-20,POC,652.949375,2026-03-20T20:00:00Z,8628
2026-03-20,VAH,653.9468750000001,2026-03-20T20:00:00Z,8628
2026-03-20,VAL,647.463125,2026-03-20T20:00:00Z,8628
2026-03-23,POC,656.6525,2026-03-23T20:00:00Z,8635
2026-03-23,VAH,659.5458333333333,2026-03-23T20:00:00Z,8635
2026-03-23,VAL,655.5675,2026-03-23T20:00:00Z,8635
2026-03-24,POC,653.901875,2026-03-24T20:00:00Z,8642
2026-03-24,VAH,655.6893749999999,2026-03-24T20:00:00Z,8642
2026-03-24,VAL,652.7102083333333,2026-03-24T20:00:00Z,8642
2026-03-25,POC,656.8722916666667,2026-03-25T20:00:00Z,8649
2026-03-25,VAH,658.5347916666667,2026-03-25T20:00:00Z,8649
2026-03-25,VAL,655.7639583333333,2026-03-25T20:00:00Z,8649
2026-03-26,POC,646.2827083333334,2026-03-26T20:00:00Z,8656
2026-03-26,VAH,651.715625,2026-03-26T20:00:00Z,8656
2026-03-26,VAL,645.0289583333334,2026-03-26T20:00:00Z,8656
2026-03-27,POC,638.8758333333333,2026-03-27T20:00:00Z,8663
2026-03-27,VAH,642.0625,2026-03-27T20:00:00Z,8663
2026-03-27,VAL,635.6891666666667,2026-03-27T20:00:00Z,8663
2026-03-30,POC,635.5181249999999,2026-03-30T20:00:00Z,8670
2026-03-30,VAH,638.7527083333333,2026-03-30T20:00:00Z,8670
2026-03-30,VAL,632.2835416666667,2026-03-30T20:00:00Z,8670
2026-03-31,POC,647.8675,2026-03-31T20:00:00Z,8677
2026-03-31,VAH,651.2574999999999,2026-03-31T20:00:00Z,8677
2026-03-31,VAL,641.6525,2026-03-31T20:00:00Z,8677
2026-04-01,POC,656.795,2026-04-01T20:00:00Z,8684
2026-04-01,VAH,657.025,2026-04-01T20:00:00Z,8684
2026-04-01,VAL,654.265,2026-04-01T20:00:00Z,8684
2026-04-02,POC,654.109375,2026-04-02T20:00:00Z,8691
2026-04-02,VAH,656.8364583333333,2026-04-02T20:00:00Z,8691
2026-04-02,VAL,651.9277083333334,2026-04-02T20:00:00Z,8691
2026-04-06,POC,657.8825,2026-04-06T20:00:00Z,8698
2026-04-06,VAH,658.5825,2026-04-06T20:00:00Z,8698
2026-04-06,VAL,656.6575,2026-04-06T20:00:00Z,8698
2026-04-07,POC,654.088125,2026-04-07T20:00:00Z,8705
2026-04-07,VAH,657.294375,2026-04-07T20:00:00Z,8705
2026-04-07,VAL,653.375625,2026-04-07T20:00:00Z,8705
2026-04-08,POC,674.8554166666667,2026-04-08T20:00:00Z,8712
2026-04-08,VAH,676.02625,2026-04-08T20:00:00Z,8712
2026-04-08,VAL,673.4504166666667,2026-04-08T20:00:00Z,8712
2026-04-09,POC,679.774375,2026-04-09T20:00:00Z,8719
2026-04-09,VAH,681.0060416666666,2026-04-09T20:00:00Z,8719
2026-04-09,VAL,675.7714583333333,2026-04-09T20:00:00Z,8719
2026-04-10,POC,679.12125,2026-04-10T20:00:00Z,8726
2026-04-10,VAH,680.6129166666667,2026-04-10T20:00:00Z,8726
2026-04-10,VAL,678.67375,2026-04-10T20:00:00Z,8726
2026-04-13,POC,682.8575,2026-04-13T20:00:00Z,8733
2026-04-13,VAH,686.0975,2026-04-13T20:00:00Z,8733
2026-04-13,VAL,680.0225,2026-04-13T20:00:00Z,8733
2026-04-14,POC,692.9941666666667,2026-04-14T20:00:00Z,8740
2026-04-14,VAH,694.4358333333333,2026-04-14T20:00:00Z,8740
2026-04-14,VAL,691.2641666666667,2026-04-14T20:00:00Z,8740
2026-04-15,POC,697.1133333333333,2026-04-15T20:00:00Z,8747
2026-04-15,VAH,699.14,2026-04-15T20:00:00Z,8747
2026-04-15,VAL,695.0866666666667,2026-04-15T20:00:00Z,8747
2026-04-16,POC,700.5664583333333,2026-04-16T20:00:00Z,8754
2026-04-16,VAH,701.8060416666666,2026-04-16T20:00:00Z,8754
2026-04-16,VAL,699.858125,2026-04-16T20:00:00Z,8754
2026-04-17,POC,709.765625,2026-04-17T20:00:00Z,8761
2026-04-17,VAH,711.423125,2026-04-17T20:00:00Z,8761
2026-04-17,VAL,708.936875,2026-04-17T20:00:00Z,8761
2026-04-20,POC,708.260625,2026-04-20T20:00:00Z,8768
2026-04-20,VAH,708.731875,2026-04-20T20:00:00Z,8768
2026-04-20,VAL,707.318125,2026-04-20T20:00:00Z,8768
2026-04-21,POC,706.06,2026-04-21T20:00:00Z,8775
2026-04-21,VAH,707.86,2026-04-21T20:00:00Z,8775
2026-04-21,VAL,704.26,2026-04-21T20:00:00Z,8775
2026-04-22,POC,709.229375,2026-04-22T20:00:00Z,8782
2026-04-22,VAH,710.4406250000001,2026-04-22T20:00:00Z,8782
2026-04-22,VAL,709.0947916666667,2026-04-22T20:00:00Z,8782
2026-04-23,POC,710.89,2026-04-23T20:00:00Z,8789
2026-04-23,VAH,711.3100000000001,2026-04-23T20:00:00Z,8789
2026-04-23,VAL,706.6899999999999,2026-04-23T20:00:00Z,8789
2026-04-24,POC,713.44625,2026-04-24T20:00:00Z,8796
2026-04-24,VAH,714.35625,2026-04-24T20:00:00Z,8796
2026-04-24,VAL,711.3987500000001,2026-04-24T20:00:00Z,8796
2026-04-27,POC,714.7254166666667,2026-04-27T20:00:00Z,8803
2026-04-27,VAH,715.5604166666667,2026-04-27T20:00:00Z,8803
2026-04-27,VAL,713.6120833333333,2026-04-27T20:00:00Z,8803
2026-04-28,POC,711.140625,2026-04-28T20:00:00Z,8810
2026-04-28,VAH,712.199375,2026-04-28T20:00:00Z,8810
2026-04-28,VAL,710.384375,2026-04-28T20:00:00Z,8810
2026-04-29,POC,710.2052083333333,2026-04-29T20:00:00Z,8817
2026-04-29,VAH,711.3222916666667,2026-04-29T20:00:00Z,8817
2026-04-29,VAL,709.7264583333333,2026-04-29T20:00:00Z,8817
2026-04-30,POC,718.4264583333334,2026-04-30T20:00:00Z,8824
2026-04-30,VAH,719.5952083333333,2026-04-30T20:00:00Z,8824
2026-04-30,VAL,714.1410416666666,2026-04-30T20:00:00Z,8824
2026-05-01,POC,722.2116666666667,2026-05-01T20:00:00Z,8831
2026-05-01,VAH,723.6783333333334,2026-05-01T20:00:00Z,8831
2026-05-01,VAL,721.4783333333334,2026-05-01T20:00:00Z,8831
2026-05-04,POC,717.218125,2026-05-04T20:00:00Z,8838
2026-05-04,VAH,720.1889583333333,2026-05-04T20:00:00Z,8838
2026-05-04,VAL,716.9210416666667,2026-05-04T20:00:00Z,8838
2026-05-05,POC,723.3341666666666,2026-05-05T20:00:00Z,8845
2026-05-05,VAH,724.6691666666667,2026-05-05T20:00:00Z,8845
2026-05-05,VAL,722.7408333333333,2026-05-05T20:00:00Z,8845
2026-05-06,POC,731.9102083333333,2026-05-06T20:00:00Z,8852
2026-05-06,VAH,733.8847916666667,2026-05-06T20:00:00Z,8852
2026-05-06,VAL,730.4997916666667,2026-05-06T20:00:00Z,8852
2026-05-07,POC,731.4779166666667,2026-05-07T20:00:00Z,8859
2026-05-07,VAH,734.13625,2026-05-07T20:00:00Z,8859
2026-05-07,VAL,729.8829166666667,2026-05-07T20:00:00Z,8859
2026-05-08,POC,736.798125,2026-05-08T20:00:00Z,8866
2026-05-08,VAH,737.516875,2026-05-08T20:00:00Z,8866
2026-05-08,VAL,736.366875,2026-05-08T20:00:00Z,8866
2026-05-11,POC,738.89125,2026-05-11T20:00:00Z,8873
2026-05-11,VAH,739.9762499999999,2026-05-11T20:00:00Z,8873
2026-05-11,VAL,738.1679166666667,2026-05-11T20:00:00Z,8873
2026-05-12,POC,736.0652083333333,2026-05-12T20:00:00Z,8880
2026-05-12,VAH,737.2335416666667,2026-05-12T20:00:00Z,8880
2026-05-12,VAL,732.8522916666667,2026-05-12T20:00:00Z,8880
2026-05-13,POC,742.3275,2026-05-13T20:00:00Z,8887
2026-05-13,VAH,743.7341666666666,2026-05-13T20:00:00Z,8887
2026-05-13,VAL,739.1625,2026-05-13T20:00:00Z,8887
2026-05-14,POC,747.664375,2026-05-14T20:00:00Z,8894
2026-05-14,VAH,748.659375,2026-05-14T20:00:00Z,8894
2026-05-14,VAL,746.669375,2026-05-14T20:00:00Z,8894
2026-05-15,POC,740.5954166666667,2026-05-15T20:00:00Z,8901
2026-05-15,VAH,741.74125,2026-05-15T20:00:00Z,8901
2026-05-15,VAL,739.2204166666667,2026-05-15T20:00:00Z,8901
2026-05-18,POC,736.2339583333334,2026-05-18T20:00:00Z,8908
2026-05-18,VAH,738.910625,2026-05-18T20:00:00Z,8908
2026-05-18,VAL,734.895625,2026-05-18T20:00:00Z,8908
2026-05-19,POC,735.9925,2026-05-19T20:00:00Z,8915
2026-05-19,VAH,736.2475,2026-05-19T20:00:00Z,8915
2026-05-19,VAL,732.9325,2026-05-19T20:00:00Z,8915
2026-05-20,POC,740.04125,2026-05-20T20:00:00Z,8922
2026-05-20,VAH,741.70375,2026-05-20T20:00:00Z,8922
2026-05-20,VAL,738.37875,2026-05-20T20:00:00Z,8922
2026-05-21,POC,738.8266666666666,2026-05-21T20:00:00Z,8929
2026-05-21,VAH,742.0933333333334,2026-05-21T20:00:00Z,8929
2026-05-21,VAL,737.52,2026-05-21T20:00:00Z,8929
2026-05-22,POC,746.8029166666668,2026-05-22T20:00:00Z,8936
2026-05-22,VAH,747.7320833333333,2026-05-22T20:00:00Z,8936
2026-05-22,VAL,745.87375,2026-05-22T20:00:00Z,8936
2026-05-26,POC,749.075,2026-05-26T20:00:00Z,8943
2026-05-26,VAH,750.485,2026-05-26T20:00:00Z,8943
2026-05-26,VAL,748.7616666666667,2026-05-26T20:00:00Z,8943
2026-05-27,POC,750.1291666666667,2026-05-27T20:00:00Z,8950
2026-05-27,VAH,751.1825,2026-05-27T20:00:00Z,8950
2026-05-27,VAL,749.6025,2026-05-27T20:00:00Z,8950
2026-05-28,POC,754.2866666666666,2026-05-28T20:00:00Z,8957
2026-05-28,VAH,755.0266666666666,2026-05-28T20:00:00Z,8957
2026-05-28,VAL,753.0533333333333,2026-05-28T20:00:00Z,8957
2026-05-29,POC,756.314375,2026-05-29T20:00:00Z,8964
2026-05-29,VAH,757.444375,2026-05-29T20:00:00Z,8964
2026-05-29,VAL,755.7493750000001,2026-05-29T20:00:00Z,8964
2026-06-01,POC,755.96875,2026-06-01T20:00:00Z,8971
2026-06-01,VAH,758.75875,2026-06-01T20:00:00Z,8971
2026-06-01,VAL,755.27125,2026-06-01T20:00:00Z,8971
2026-06-02,POC,759.4114583333334,2026-06-02T20:00:00Z,8978
2026-06-02,VAH,760.0197916666666,2026-06-02T20:00:00Z,8978
2026-06-02,VAL,758.803125,2026-06-02T20:00:00Z,8978
2026-06-03,POC,755.6402083333334,2026-06-03T20:00:00Z,8985
2026-06-03,VAH,755.858125,2026-06-03T20:00:00Z,8985
2026-06-03,VAL,753.896875,2026-06-03T20:00:00Z,8985
2026-06-04,POC,757.5975,2026-06-04T20:00:00Z,8992
2026-06-04,VAH,758.1674999999999,2026-06-04T20:00:00Z,8992
2026-06-04,VAL,754.4625,2026-06-04T20:00:00Z,8992
2026-06-05,POC,738.76375,2026-06-05T20:00:00Z,8999
2026-06-05,VAH,745.9720833333333,2026-06-05T20:00:00Z,8999
2026-06-05,VAL,735.8804166666666,2026-06-05T20:00:00Z,8999
2026-06-08,POC,740.7222916666667,2026-06-08T20:00:00Z,9006
2026-06-08,VAH,743.999375,2026-06-08T20:00:00Z,9006
2026-06-08,VAL,740.424375,2026-06-08T20:00:00Z,9006
2026-06-09,POC,734.2385416666667,2026-06-09T20:00:00Z,9013
2026-06-09,VAH,737.2772916666667,2026-06-09T20:00:00Z,9013
2026-06-09,VAL,726.1352083333334,2026-06-09T20:00:00Z,9013
2026-06-10,POC,728.3206250000001,2026-06-10T20:00:00Z,9020
2026-06-10,VAH,732.126875,2026-06-10T20:00:00Z,9020
2026-06-10,VAL,725.6018750000001,2026-06-10T20:00:00Z,9020
2026-06-11,POC,735.125,2026-06-11T20:00:00Z,9027
2026-06-11,VAH,739.675,2026-06-11T20:00:00Z,9027
2026-06-11,VAL,728.625,2026-06-11T20:00:00Z,9027
2026-06-12,POC,740.7152083333334,2026-06-12T20:00:00Z,9034
2026-06-12,VAH,742.2835416666667,2026-06-12T20:00:00Z,9034
2026-06-12,VAL,739.146875,2026-06-12T20:00:00Z,9034
2026-06-15,POC,755.1424999999999,2026-06-15T20:00:00Z,9041
2026-06-15,VAH,755.7574999999999,2026-06-15T20:00:00Z,9041
2026-06-15,VAL,753.5024999999999,2026-06-15T20:00:00Z,9041
2026-06-16,POC,751.6175000000001,2026-06-16T20:00:00Z,9048
2026-06-16,VAH,753.0075,2026-06-16T20:00:00Z,9048
2026-06-16,VAL,749.9958333333333,2026-06-16T20:00:00Z,9048
2026-06-17,POC,749.725625,2026-06-17T20:00:00Z,9055
2026-06-17,VAH,750.803125,2026-06-17T20:00:00Z,9055
2026-06-17,VAL,743.799375,2026-06-17T20:00:00Z,9055
2026-06-18,POC,746.5002083333334,2026-06-18T20:00:00Z,9062
2026-06-18,VAH,747.2285416666667,2026-06-18T20:00:00Z,9062
2026-06-18,VAL,745.225625,2026-06-18T20:00:00Z,9062
2026-06-22,POC,743.864375,2026-06-22T20:00:00Z,9069
2026-06-22,VAH,745.333125,2026-06-22T20:00:00Z,9069
2026-06-22,VAL,743.276875,2026-06-22T20:00:00Z,9069
2026-06-23,POC,734.2852083333333,2026-06-23T20:00:00Z,9076
2026-06-23,VAH,736.423125,2026-06-23T20:00:00Z,9076
2026-06-23,VAL,733.3689583333332,2026-06-23T20:00:00Z,9076
2026-06-24,POC,731.4093750000001,2026-06-24T20:00:00Z,9083
2026-06-24,VAH,736.3439583333334,2026-06-24T20:00:00Z,9083
2026-06-24,VAL,731.0297916666667,2026-06-24T20:00:00Z,9083
2026-06-25,POC,731.8389583333334,2026-06-25T20:00:00Z,9090
2026-06-25,VAH,735.095625,2026-06-25T20:00:00Z,9090
2026-06-25,VAL,731.431875,2026-06-25T20:00:00Z,9090
2026-06-26,POC,733.620625,2026-06-26T20:00:00Z,9097
2026-06-26,VAH,736.114375,2026-06-26T20:00:00Z,9097
2026-06-26,VAL,729.464375,2026-06-26T20:00:00Z,9097
2026-06-29,POC,740.1789583333333,2026-06-29T20:00:00Z,9104
2026-06-29,VAH,741.3627083333333,2026-06-29T20:00:00Z,9104
2026-06-29,VAL,737.416875,2026-06-29T20:00:00Z,9104
2026-06-30,POC,746.3860416666666,2026-06-30T20:00:00Z,9111
2026-06-30,VAH,747.8714583333333,2026-06-30T20:00:00Z,9111
2026-06-30,VAL,745.1977083333334,2026-06-30T20:00:00Z,9111
2026-07-01,POC,747.230625,2026-07-01T20:00:00Z,9118
2026-07-01,VAH,748.114375,2026-07-01T20:00:00Z,9118
2026-07-01,VAL,745.1685416666667,2026-07-01T20:00:00Z,9118
2026-07-02,POC,741.675,2026-07-02T20:00:00Z,9125
2026-07-02,VAH,746.375,2026-07-02T20:00:00Z,9125
2026-07-02,VAL,740.265,2026-07-02T20:00:00Z,9125
2026-07-06,POC,750.8475,2026-07-06T20:00:00Z,9132
2026-07-06,VAH,752.3058333333333,2026-07-06T20:00:00Z,9132
2026-07-06,VAL,750.0141666666666,2026-07-06T20:00:00Z,9132
2026-07-07,POC,747.4860416666667,2026-07-07T20:00:00Z,9139
2026-07-07,VAH,748.6839583333334,2026-07-07T20:00:00Z,9139
2026-07-07,VAL,746.0485416666667,2026-07-07T20:00:00Z,9139
2026-07-08,POC,744.3516666666667,2026-07-08T20:00:00Z,9146
2026-07-08,VAH,746.0116666666667,2026-07-08T20:00:00Z,9146
2026-07-08,VAL,742.6916666666666,2026-07-08T20:00:00Z,9146
2026-07-09,POC,750.7737500000001,2026-07-09T20:00:00Z,9153
2026-07-09,VAH,751.8370833333333,2026-07-09T20:00:00Z,9153
2026-07-09,VAL,748.9129166666667,2026-07-09T20:00:00Z,9153
2026-07-10,POC,754.3597916666666,2026-07-10T20:00:00Z,9160
2026-07-10,VAH,755.2685416666666,2026-07-10T20:00:00Z,9160
2026-07-10,VAL,752.5422916666666,2026-07-10T20:00:00Z,9160
2026-07-13,POC,749.11,2026-07-13T20:00:00Z,9167
2026-07-13,VAH,751.3299999999999,2026-07-13T20:00:00Z,9167
2026-07-13,VAL,748.1233333333333,2026-07-13T20:00:00Z,9167
2026-07-14,POC,751.6825,2026-07-14T20:00:00Z,9174
2026-07-14,VAH,752.6575,2026-07-14T20:00:00Z,9174
2026-07-14,VAL,750.9025,2026-07-14T20:00:00Z,9174
2026-07-15,POC,753.22625,2026-07-15T20:00:00Z,9181
2026-07-15,VAH,754.7954166666667,2026-07-15T20:00:00Z,9181
2026-07-15,VAL,752.7779166666667,2026-07-15T20:00:00Z,9181
2026-07-16,POC,751.085625,2026-07-16T20:00:00Z,9188
2026-07-16,VAH,753.594375,2026-07-16T20:00:00Z,9188
2026-07-16,VAL,749.970625,2026-07-16T20:00:00Z,9188
