timestamp,zone_id,event,side,lower,upper,score,details
2021-04-21T15:00:00Z,1,created,demand,410.59,410.85,1,pivot
2021-04-21T15:00:00Z,1,volume_confluence,demand,410.59,410.85,2,VAL:2021-04-20:410.845625
2021-04-21T15:00:00Z,1,qualified,demand,410.59,410.85,2,pivot|volume_profile
2021-04-22T18:00:00Z,2,created,supply,416.1,416.76,1,order_block
2021-04-22T18:00:00Z,2,volume_confluence,supply,416.1,416.76,2,VAH:2021-04-21:416.187292
2021-04-22T18:00:00Z,2,qualified,supply,416.1,416.76,2,order_block|volume_profile
2021-04-23T14:30:00Z,2,merged,supply,416.1,416.78,3,pivot
2021-04-23T15:00:00Z,1,merged,demand,410.59,411.83,3,pivot
2021-04-23T16:00:00Z,2,touch,supply,416.1,416.78,3,
2021-04-23T17:00:00Z,2,broken,supply,416.1,416.78,3,
2021-04-23T19:00:00Z,2,role_flip_retest,demand,416.1,416.78,4,
2021-04-26T16:00:00Z,5,created,supply,417.5323495740133,418.25,1,pivot
2021-04-26T16:00:00Z,5,volume_confluence,supply,417.5323495740133,418.25,2,VAH:2021-04-23:418.136250
2021-04-26T16:00:00Z,5,qualified,supply,417.5323495740133,418.25,2,pivot|volume_profile
2021-04-26T17:00:00Z,5,touch,supply,417.5323495740133,418.25,2,
2021-04-27T14:30:00Z,2,touch,demand,416.1,416.78,4,
2021-04-27T14:30:00Z,2,rejection,demand,416.1,416.78,4,
2021-04-27T14:30:00Z,5,rejection,supply,417.5323495740133,418.25,2,
2021-04-27T15:00:00Z,2,rejection,demand,416.1,416.78,4,
2021-04-27T16:00:00Z,5,touch,supply,417.5323495740133,418.25,2,
2021-04-27T16:00:00Z,5,merged,supply,417.5323495740133,418.25,3,pivot
2021-04-27T17:00:00Z,5,rejection,supply,417.5323495740133,418.25,3,
2021-04-27T18:00:00Z,5,rejection,supply,417.5323495740133,418.25,3,
2021-04-27T18:00:00Z,2,merged,demand,416.1,416.85,5,pivot
2021-04-27T20:00:00Z,5,rejection,supply,417.5323495740133,418.25,3,
2021-04-28T14:30:00Z,5,broken,supply,417.5323495740133,418.25,3,
2021-04-28T18:00:00Z,8,created,supply,418.33626033318296,418.45,1,pivot
2021-04-28T18:00:00Z,8,volume_confluence,supply,418.33626033318296,418.45,2,VAH:2021-04-23:418.136250
2021-04-28T18:00:00Z,8,qualified,supply,418.33626033318296,418.45,2,pivot|volume_profile
2021-04-28T19:00:00Z,5,role_flip_retest,demand,417.5323495740133,418.25,4,
2021-04-28T19:00:00Z,8,touch,supply,418.33626033318296,418.45,2,
2021-04-28T19:00:00Z,8,rejection,supply,418.33626033318296,418.45,2,
2021-04-28T20:00:00Z,5,broken,demand,417.5323495740133,418.25,4,
2021-04-28T20:00:00Z,8,rejection,supply,418.33626033318296,418.45,2,
2021-04-29T14:30:00Z,8,broken,supply,418.33626033318296,418.45,2,
2021-04-29T15:00:00Z,2,merged,demand,416.1,417.31,5,pivot
2021-04-29T17:00:00Z,2,touch,demand,416.1,417.31,5,
2021-04-29T17:00:00Z,2,rejection,demand,416.1,417.31,5,
2021-04-29T17:00:00Z,10,created,supply,420.33,420.72,1,pivot
2021-04-29T18:00:00Z,8,role_flip_retest,demand,418.33626033318296,418.45,3,
2021-04-29T19:00:00Z,10,touch,supply,420.33,420.72,1,
2021-04-29T19:00:00Z,10,rejection,supply,420.33,420.72,1,
2021-04-29T20:00:00Z,10,rejection,supply,420.33,420.72,1,
2021-04-29T20:00:00Z,2,merged,demand,416.1,417.31,5,pivot
2021-04-29T20:00:00Z,10,volume_confluence,supply,420.33,420.72,2,VAH:2021-04-29:420.452500
2021-04-29T20:00:00Z,10,qualified,supply,420.33,420.72,2,pivot|volume_profile
2021-04-30T14:30:00Z,8,touch,demand,418.33626033318296,418.45,3,
2021-04-30T14:30:00Z,8,rejection,demand,418.33626033318296,418.45,3,
2021-04-30T15:00:00Z,5,role_flip_retest,supply,417.5323495740133,418.25,4,
2021-04-30T15:00:00Z,8,broken,demand,418.33626033318296,418.45,3,
2021-04-30T16:00:00Z,2,touch,demand,416.1,417.31,5,
2021-04-30T16:00:00Z,2,rejection,demand,416.1,417.31,5,
2021-04-30T17:00:00Z,2,rejection,demand,416.1,417.31,5,
2021-04-30T17:00:00Z,5,rejection,supply,417.5323495740133,418.25,4,
2021-04-30T18:00:00Z,5,rejection,supply,417.5323495740133,418.25,4,
2021-04-30T20:00:00Z,5,touch,supply,417.5323495740133,418.25,4,
2021-04-30T20:00:00Z,5,rejection,supply,417.5323495740133,418.25,4,
2021-05-03T14:30:00Z,5,broken,supply,417.5323495740133,418.25,4,
2021-05-03T16:00:00Z,5,role_flip_retest,demand,417.5323495740133,418.25,4,
2021-05-03T16:00:00Z,2,merged,demand,416.1,417.31,5,pivot
2021-05-03T17:00:00Z,5,rejection,demand,417.5323495740133,418.25,4,
2021-05-03T17:00:00Z,13,created,supply,419.49,419.84,1,pivot
2021-05-03T17:00:00Z,13,volume_confluence,supply,419.49,419.84,2,POC:2021-04-29:419.560833
2021-05-03T17:00:00Z,13,qualified,supply,419.49,419.84,2,pivot|volume_profile
2021-05-03T20:00:00Z,5,touch,demand,417.5323495740133,418.25,4,
2021-05-03T20:00:00Z,8,role_flip_retest,supply,418.33626033318296,418.45,3,
2021-05-04T14:30:00Z,2,broken,demand,416.1,417.31,5,
2021-05-04T14:30:00Z,5,broken,demand,417.5323495740133,418.25,4,
2021-05-04T14:30:00Z,8,merged,supply,418.33626033318296,419.27,4,order_block
2021-05-04T16:00:00Z,1,touch,demand,410.59,411.83,3,
2021-05-04T16:00:00Z,1,rejection,demand,410.59,411.83,3,
2021-05-04T19:00:00Z,15,created,demand,411.67,412.12,1,pivot
2021-05-05T17:00:00Z,5,role_flip_retest,supply,417.5323495740133,418.25,4,
2021-05-05T20:00:00Z,2,role_flip_retest,supply,416.1,417.31,5,
2021-05-05T20:00:00Z,5,merged,supply,417.4587223285406,418.25,4,pivot
2021-05-06T14:30:00Z,2,rejection,supply,416.1,417.31,5,
2021-05-06T16:00:00Z,2,touch,supply,416.1,417.31,5,
2021-05-06T16:00:00Z,5,touch,supply,417.4587223285406,418.25,4,
2021-05-06T16:00:00Z,5,rejection,supply,417.4587223285406,418.25,4,
2021-05-06T16:00:00Z,15,volume_confluence,demand,411.67,412.12,2,VAL:2021-05-04:412.594375
2021-05-06T16:00:00Z,15,qualified,demand,411.67,412.12,2,pivot|volume_profile
2021-05-06T17:00:00Z,5,rejection,supply,417.4587223285406,418.25,4,
2021-05-06T18:00:00Z,17,created,demand,413.67,414.50088271314974,1,pivot
2021-05-06T18:00:00Z,17,volume_confluence,demand,413.67,414.50088271314974,2,VAH:2021-05-04:414.648542
2021-05-06T18:00:00Z,17,qualified,demand,413.67,414.50088271314974,2,pivot|volume_profile
2021-05-06T19:00:00Z,2,merged,supply,416.1,417.58,5,pivot
2021-05-06T20:00:00Z,2,broken,supply,416.1,417.58,5,
2021-05-06T20:00:00Z,5,broken,supply,417.4587223285406,418.25,4,
2021-05-06T20:00:00Z,8,touch,supply,418.33626033318296,419.27,4,
2021-05-06T20:00:00Z,19,created,demand,415.66,416.23,1,order_block
2021-05-06T20:00:00Z,19,volume_confluence,demand,415.66,416.23,2,VAL:2021-05-05:415.780625
2021-05-06T20:00:00Z,19,qualified,demand,415.66,416.23,2,order_block|volume_profile
2021-05-07T14:30:00Z,8,broken,supply,418.33626033318296,419.27,4,
2021-05-07T14:30:00Z,10,broken,supply,420.33,420.72,2,
2021-05-07T14:30:00Z,13,broken,supply,419.49,419.84,2,
2021-05-07T19:00:00Z,20,created,supply,422.54,422.82,1,pivot
2021-05-07T20:00:00Z,20,touch,supply,422.54,422.82,1,
2021-05-07T20:00:00Z,20,rejection,supply,422.54,422.82,1,
2021-05-07T20:00:00Z,20,volume_confluence,supply,422.54,422.82,2,VAH:2021-05-07:422.743750
2021-05-07T20:00:00Z,20,qualified,supply,422.54,422.82,2,pivot|volume_profile
2021-05-10T14:30:00Z,20,rejection,supply,422.54,422.82,2,
2021-05-10T17:00:00Z,20,touch,supply,422.54,422.82,2,
2021-05-10T17:00:00Z,20,rejection,supply,422.54,422.82,2,
2021-05-10T18:00:00Z,21,created,demand,421.03,421.59,1,pivot
2021-05-10T18:00:00Z,21,volume_confluence,demand,421.03,421.59,2,VAL:2021-05-07:421.676250
2021-05-10T18:00:00Z,21,qualified,demand,421.03,421.59,2,pivot|volume_profile
2021-05-10T19:00:00Z,8,role_flip_retest,demand,418.33626033318296,419.27,4,
2021-05-10T19:00:00Z,21,broken,demand,421.03,421.59,2,
2021-05-10T19:00:00Z,20,merged,supply,421.59,422.82,3,order_block
2021-05-10T20:00:00Z,8,broken,demand,418.33626033318296,419.27,4,
2021-05-11T14:30:00Z,17,touch,demand,413.67,414.50088271314974,2,
2021-05-11T14:30:00Z,17,rejection,demand,413.67,414.50088271314974,2,
2021-05-11T14:30:00Z,19,broken,demand,415.66,416.23,2,
2021-05-11T15:00:00Z,1,touch,demand,410.59,411.83,3,
2021-05-11T15:00:00Z,15,touch,demand,411.67,412.12,2,
2021-05-11T15:00:00Z,17,broken,demand,413.67,414.50088271314974,2,
2021-05-11T15:00:00Z,23,created,supply,413.1,414.89,1,order_block
2021-05-11T15:00:00Z,23,volume_confluence,supply,413.1,414.89,2,POC:2021-05-04:413.416042
2021-05-11T15:00:00Z,23,qualified,supply,413.1,414.89,2,order_block|volume_profile
2021-05-11T16:00:00Z,1,rejection,demand,410.59,411.83,3,
2021-05-11T16:00:00Z,15,rejection,demand,411.67,412.12,2,
2021-05-11T16:00:00Z,23,touch,supply,413.1,414.89,2,
2021-05-11T17:00:00Z,15,rejection,demand,411.67,412.12,2,
2021-05-11T17:00:00Z,17,role_flip_retest,supply,413.67,414.50088271314974,3,
2021-05-11T17:00:00Z,23,rejection,supply,413.1,414.89,2,
2021-05-11T18:00:00Z,1,merged,demand,410.06,411.83,3,pivot
2021-05-12T14:30:00Z,1,touch,demand,410.06,411.83,3,
2021-05-12T14:30:00Z,15,broken,demand,411.67,412.12,2,
2021-05-12T15:00:00Z,1,broken,demand,410.06,411.83,3,
2021-05-12T16:00:00Z,1,role_flip_retest,supply,410.06,411.83,4,
2021-05-13T14:30:00Z,1,touch,supply,410.06,411.83,4,
2021-05-13T14:30:00Z,1,rejection,supply,410.06,411.83,4,
2021-05-13T16:00:00Z,1,rejection,supply,410.06,411.83,4,
2021-05-13T16:00:00Z,15,role_flip_retest,supply,411.67,412.12,3,
2021-05-13T16:00:00Z,25,created,demand,404.0,405.3361561963673,1,pivot
2021-05-13T16:00:00Z,25,volume_confluence,demand,404.0,405.3361561963673,2,VAL:2021-05-12:404.178958
2021-05-13T16:00:00Z,25,qualified,demand,404.0,405.3361561963673,2,pivot|volume_profile
2021-05-13T17:00:00Z,1,rejection,supply,410.06,411.83,4,
2021-05-13T18:00:00Z,1,rejection,supply,410.06,411.83,4,
2021-05-13T18:00:00Z,15,merged,supply,411.67,412.12,4,pivot
2021-05-13T19:00:00Z,15,touch,supply,411.67,412.12,4,
2021-05-13T19:00:00Z,15,rejection,supply,411.67,412.12,4,
2021-05-13T20:00:00Z,15,rejection,supply,411.67,412.12,4,
2021-05-14T14:30:00Z,1,broken,supply,410.06,411.83,4,
2021-05-14T14:30:00Z,15,broken,supply,411.67,412.12,4,
2021-05-14T14:30:00Z,17,broken,supply,413.67,414.50088271314974,3,
2021-05-14T14:30:00Z,23,touch,supply,413.1,414.89,2,
2021-05-14T15:00:00Z,17,role_flip_retest,demand,413.67,414.50088271314974,3,
2021-05-14T15:00:00Z,23,broken,supply,413.1,414.89,2,
2021-05-14T16:00:00Z,19,role_flip_retest,supply,415.66,416.23,3,
2021-05-14T16:00:00Z,23,role_flip_retest,demand,413.1,414.89,3,
2021-05-14T18:00:00Z,19,broken,supply,415.66,416.23,3,
2021-05-14T19:00:00Z,2,broken_zone_expired,supply,416.1,417.58,5,
2021-05-14T19:00:00Z,5,broken_zone_expired,supply,417.4587223285406,418.25,4,
2021-05-14T20:00:00Z,10,broken_zone_expired,supply,420.33,420.72,2,
2021-05-14T20:00:00Z,13,broken_zone_expired,supply,419.49,419.84,2,
2021-05-17T14:30:00Z,17,touch,demand,413.67,414.50088271314974,3,
2021-05-17T14:30:00Z,17,rejection,demand,413.67,414.50088271314974,3,
2021-05-17T14:30:00Z,23,touch,demand,413.1,414.89,3,
2021-05-17T14:30:00Z,23,rejection,demand,413.1,414.89,3,
2021-05-17T15:00:00Z,17,rejection,demand,413.67,414.50088271314974,3,
2021-05-17T15:00:00Z,27,created,supply,417.22,417.49,1,pivot
2021-05-17T15:00:00Z,27,volume_confluence,supply,417.22,417.49,2,VAH:2021-05-14:417.400208
2021-05-17T15:00:00Z,27,qualified,supply,417.22,417.49,2,pivot|volume_profile
2021-05-17T19:00:00Z,17,rejection,demand,413.67,414.50088271314974,3,
2021-05-17T19:00:00Z,23,rejection,demand,413.1,414.89,3,
2021-05-17T20:00:00Z,23,rejection,demand,413.1,414.89,3,
2021-05-18T14:30:00Z,23,rejection,demand,413.1,414.89,3,
2021-05-18T14:30:00Z,17,merged,demand,413.36,414.50088271314974,4,pivot
2021-05-18T15:00:00Z,17,touch,demand,413.36,414.50088271314974,4,
2021-05-18T15:00:00Z,17,rejection,demand,413.36,414.50088271314974,4,
2021-05-18T15:00:00Z,23,rejection,demand,413.1,414.89,3,
2021-05-18T17:00:00Z,23,rejection,demand,413.1,414.89,3,
2021-05-18T17:00:00Z,29,created,supply,415.8,416.06,1,pivot
2021-05-18T17:00:00Z,29,volume_confluence,supply,415.8,416.06,2,VAH:2021-05-17:415.569375
2021-05-18T17:00:00Z,29,qualified,supply,415.8,416.06,2,pivot|volume_profile
2021-05-18T18:00:00Z,21,broken_zone_expired,demand,421.03,421.59,2,
2021-05-18T19:00:00Z,8,broken_zone_expired,demand,418.33626033318296,419.27,4,
2021-05-18T19:00:00Z,17,touch,demand,413.36,414.50088271314974,4,
2021-05-18T19:00:00Z,23,touch,demand,413.1,414.89,3,
2021-05-18T20:00:00Z,1,role_flip_retest,demand,410.06,411.83,4,
2021-05-18T20:00:00Z,17,broken,demand,413.36,414.50088271314974,4,
2021-05-18T20:00:00Z,23,broken,demand,413.1,414.89,3,
2021-05-18T20:00:00Z,29,merged,supply,414.89,416.06,3,order_block
2021-05-19T14:30:00Z,1,broken,demand,410.06,411.83,4,
2021-05-19T15:00:00Z,25,touch,demand,404.0,405.3361561963673,2,
2021-05-19T15:00:00Z,25,rejection,demand,404.0,405.3361561963673,2,
2021-05-19T18:00:00Z,1,role_flip_retest,supply,410.06,411.83,4,
2021-05-19T18:00:00Z,31,created,demand,405.33,406.3702461859678,1,pivot
2021-05-19T19:00:00Z,1,rejection,supply,410.06,411.83,4,
2021-05-19T20:00:00Z,31,volume_confluence,demand,405.33,406.3702461859678,2,VAL:2021-05-19:405.925833
2021-05-19T20:00:00Z,31,qualified,demand,405.33,406.3702461859678,2,pivot|volume_profile
2021-05-20T14:30:00Z,1,broken,supply,410.06,411.83,4,
2021-05-20T14:30:00Z,15,role_flip_retest,demand,411.67,412.12,4,
2021-05-20T14:30:00Z,23,role_flip_retest,supply,413.1,414.89,3,
2021-05-20T16:00:00Z,23,broken,supply,413.1,414.89,3,
2021-05-20T16:00:00Z,29,touch,supply,414.89,416.06,3,
2021-05-20T17:00:00Z,29,rejection,supply,414.89,416.06,3,
2021-05-20T18:00:00Z,23,role_flip_retest,demand,413.1,414.89,3,
2021-05-20T19:00:00Z,29,merged,supply,414.89,416.14,4,pivot
2021-05-21T14:30:00Z,27,broken,supply,417.22,417.49,2,
2021-05-21T14:30:00Z,29,broken,supply,414.89,416.14,4,
2021-05-21T17:00:00Z,23,touch,demand,413.1,414.89,3,
2021-05-21T18:00:00Z,23,rejection,demand,413.1,414.89,3,
2021-05-21T18:00:00Z,33,created,supply,417.98202196855095,418.2,1,pivot
2021-05-21T20:00:00Z,23,touch,demand,413.1,414.89,3,
2021-05-21T20:00:00Z,23,rejection,demand,413.1,414.89,3,
2021-05-21T20:00:00Z,34,created,demand,414.45,414.89,1,pivot
2021-05-21T20:00:00Z,34,volume_confluence,demand,414.45,414.89,2,POC:2021-05-17:414.811875
2021-05-21T20:00:00Z,34,qualified,demand,414.45,414.89,2,pivot|volume_profile
2021-05-24T14:30:00Z,27,role_flip_retest,demand,417.22,417.49,3,
2021-05-24T14:30:00Z,33,touch,supply,417.98202196855095,418.2,1,
2021-05-24T15:00:00Z,33,broken,supply,417.98202196855095,418.2,1,
2021-05-24T17:00:00Z,19,broken_zone_expired,supply,415.66,416.23,3,
2021-05-25T16:00:00Z,33,role_flip_retest,demand,417.98202196855095,418.2,2,
2021-05-25T17:00:00Z,35,created,supply,420.33,420.71,1,pivot
2021-05-25T17:00:00Z,35,volume_confluence,supply,420.33,420.71,2,VAH:2021-05-24:420.117500
2021-05-25T17:00:00Z,35,qualified,supply,420.33,420.71,2,pivot|volume_profile
2021-05-25T19:00:00Z,33,touch,demand,417.98202196855095,418.2,2,
2021-05-25T19:00:00Z,33,rejection,demand,417.98202196855095,418.2,2,
2021-05-25T19:00:00Z,33,merged,demand,417.94,418.6618255151956,3,pivot
2021-05-25T19:00:00Z,33,qualified,demand,417.94,418.6618255151956,3,pivot|repeated_pivot|role_flip
2021-05-25T19:00:00Z,33,volume_confluence,demand,417.94,418.6618255151956,4,VAL:2021-05-24:418.902500
2021-05-26T15:00:00Z,33,rejection,demand,417.94,418.6618255151956,4,
2021-05-26T16:00:00Z,33,merged,demand,417.62,418.6618255151956,4,pivot
2021-05-26T18:00:00Z,33,touch,demand,417.62,418.6618255151956,4,
2021-05-26T18:00:00Z,33,rejection,demand,417.62,418.6618255151956,4,
2021-05-26T19:00:00Z,17,broken_zone_expired,demand,413.36,414.50088271314974,4,
2021-05-26T19:00:00Z,33,rejection,demand,417.62,418.6618255151956,4,
2021-05-26T20:00:00Z,33,rejection,demand,417.62,418.6618255151956,4,
2021-05-27T14:30:00Z,35,touch,supply,420.33,420.71,2,
2021-05-27T14:30:00Z,35,rejection,supply,420.33,420.71,2,
2021-05-27T15:00:00Z,35,rejection,supply,420.33,420.71,2,
2021-05-27T16:00:00Z,35,rejection,supply,420.33,420.71,2,
2021-05-27T17:00:00Z,35,rejection,supply,420.33,420.71,2,
2021-05-27T18:00:00Z,35,merged,supply,420.1478355900539,420.72,3,pivot
2021-05-27T20:00:00Z,1,broken_zone_expired,supply,410.06,411.83,4,
2021-05-28T14:30:00Z,35,broken,supply,420.1478355900539,420.72,3,
2021-05-28T16:00:00Z,35,role_flip_retest,demand,420.1478355900539,420.72,4,
2021-05-28T16:00:00Z,39,created,demand,419.12,419.24474306380546,1,pivot
2021-05-28T16:00:00Z,39,volume_confluence,demand,419.12,419.24474306380546,2,POC:2021-05-24:419.172500
2021-05-28T16:00:00Z,39,qualified,demand,419.12,419.24474306380546,2,pivot|volume_profile
2021-05-28T18:00:00Z,35,touch,demand,420.1478355900539,420.72,4,
2021-05-28T19:00:00Z,35,rejection,demand,420.1478355900539,420.72,4,
2021-05-28T20:00:00Z,29,broken_zone_expired,supply,414.89,416.14,4,
2021-05-28T20:00:00Z,35,broken,demand,420.1478355900539,420.72,4,
2021-05-28T20:00:00Z,40,created,supply,420.95,421.25,1,pivot
2021-05-28T20:00:00Z,40,volume_confluence,supply,420.95,421.25,2,VAH:2021-05-28:421.037083
2021-05-28T20:00:00Z,40,qualified,supply,420.95,421.25,2,pivot|volume_profile
2021-06-01T14:30:00Z,20,touch,supply,421.59,422.82,3,
2021-06-01T14:30:00Z,20,rejection,supply,421.59,422.82,3,
2021-06-01T14:30:00Z,40,touch,supply,420.95,421.25,2,
2021-06-01T15:00:00Z,35,role_flip_retest,supply,420.1478355900539,420.72,4,
2021-06-01T15:00:00Z,40,rejection,supply,420.95,421.25,2,
2021-06-01T17:00:00Z,35,rejection,supply,420.1478355900539,420.72,4,
2021-06-01T17:00:00Z,41,created,supply,422.57,422.72,1,pivot
2021-06-01T18:00:00Z,39,touch,demand,419.12,419.24474306380546,2,
2021-06-01T18:00:00Z,39,rejection,demand,419.12,419.24474306380546,2,
2021-06-01T19:00:00Z,35,touch,supply,420.1478355900539,420.72,4,
2021-06-01T20:00:00Z,35,rejection,supply,420.1478355900539,420.72,4,
2021-06-02T14:30:00Z,39,merged,demand,419.12,419.6,3,pivot
2021-06-02T15:00:00Z,40,touch,supply,420.95,421.25,2,
2021-06-02T15:00:00Z,40,rejection,supply,420.95,421.25,2,
2021-06-02T16:00:00Z,35,broken,supply,420.1478355900539,420.72,4,
2021-06-02T16:00:00Z,40,rejection,supply,420.95,421.25,2,
2021-06-02T18:00:00Z,39,touch,demand,419.12,419.6,3,
2021-06-02T18:00:00Z,39,rejection,demand,419.12,419.6,3,
2021-06-02T19:00:00Z,39,rejection,demand,419.12,419.6,3,
2021-06-02T19:00:00Z,40,merged,supply,420.84,421.25,3,pivot
2021-06-02T20:00:00Z,39,rejection,demand,419.12,419.6,3,
2021-06-03T14:30:00Z,27,touch,demand,417.22,417.49,3,
2021-06-03T14:30:00Z,33,broken,demand,417.62,418.6618255151956,4,
2021-06-03T14:30:00Z,39,broken,demand,419.12,419.6,3,
2021-06-03T15:00:00Z,27,rejection,demand,417.22,417.49,3,
2021-06-03T17:00:00Z,27,merged,demand,416.28,417.49,4,pivot
2021-06-03T19:00:00Z,39,role_flip_retest,supply,419.12,419.6,4,
2021-06-03T20:00:00Z,39,rejection,supply,419.12,419.6,4,
2021-06-04T14:30:00Z,35,role_flip_retest,demand,420.1478355900539,420.72,4,
2021-06-04T14:30:00Z,39,broken,supply,419.12,419.6,4,
2021-06-04T14:30:00Z,40,touch,supply,420.84,421.25,3,
2021-06-04T15:00:00Z,20,touch,supply,421.59,422.82,3,
2021-06-04T15:00:00Z,40,broken,supply,420.84,421.25,3,
2021-06-04T19:00:00Z,41,touch,supply,422.57,422.72,1,
2021-06-04T19:00:00Z,41,rejection,supply,422.57,422.72,1,
2021-06-04T20:00:00Z,41,volume_confluence,supply,422.57,422.72,2,VAH:2021-06-04:422.873333
2021-06-04T20:00:00Z,41,qualified,supply,422.57,422.72,2,pivot|volume_profile
2021-06-07T14:30:00Z,41,rejection,supply,422.57,422.72,2,
2021-06-07T16:00:00Z,20,rejection,supply,421.59,422.82,3,
2021-06-07T16:00:00Z,40,role_flip_retest,demand,420.84,421.25,4,
2021-06-07T16:00:00Z,41,merged,supply,422.57,422.92,3,pivot
2021-06-07T18:00:00Z,20,rejection,supply,421.59,422.82,3,
2021-06-07T18:00:00Z,40,touch,demand,420.84,421.25,4,
2021-06-07T19:00:00Z,40,rejection,demand,420.84,421.25,4,
2021-06-08T14:30:00Z,41,touch,supply,422.57,422.92,3,
2021-06-08T14:30:00Z,41,rejection,supply,422.57,422.92,3,
2021-06-08T14:30:00Z,40,merged,demand,420.84,421.29989494285087,4,pivot
2021-06-08T16:00:00Z,35,touch,demand,420.1478355900539,420.72,4,
2021-06-08T16:00:00Z,35,rejection,demand,420.1478355900539,420.72,4,
2021-06-08T16:00:00Z,40,touch,demand,420.84,421.29989494285087,4,
2021-06-08T16:00:00Z,40,rejection,demand,420.84,421.29989494285087,4,
2021-06-08T17:00:00Z,41,touch,supply,422.57,422.92,3,
2021-06-08T17:00:00Z,41,merged,supply,422.57,423.25,3,pivot
2021-06-08T18:00:00Z,41,rejection,supply,422.57,423.25,3,
2021-06-08T19:00:00Z,35,merged,demand,420.1478355900539,420.8166562447127,4,pivot
2021-06-08T20:00:00Z,41,rejection,supply,422.57,423.25,3,
2021-06-09T16:00:00Z,41,rejection,supply,422.57,423.25,3,
2021-06-09T17:00:00Z,41,merged,supply,422.57,423.26,3,pivot
2021-06-09T19:00:00Z,41,rejection,supply,422.57,423.26,3,
2021-06-10T14:30:00Z,20,broken,supply,421.59,422.82,3,
2021-06-10T14:30:00Z,41,broken,supply,422.57,423.26,3,
2021-06-10T14:30:00Z,50,created,demand,421.41,422.37756651489565,1,order_block
2021-06-10T14:30:00Z,50,volume_confluence,demand,421.41,422.37756651489565,2,POC:2021-06-04:422.313333
2021-06-10T14:30:00Z,50,qualified,demand,421.41,422.37756651489565,2,order_block|volume_profile
2021-06-10T15:00:00Z,50,touch,demand,421.41,422.37756651489565,2,
2021-06-10T15:00:00Z,50,rejection,demand,421.41,422.37756651489565,2,
2021-06-10T16:00:00Z,20,role_flip_retest,demand,421.59,422.82,4,
2021-06-10T16:00:00Z,41,role_flip_retest,demand,422.57,423.26,4,
2021-06-10T16:00:00Z,50,rejection,demand,421.41,422.37756651489565,2,
2021-06-10T16:00:00Z,50,merged,demand,421.41,422.37756651489565,3,pivot
2021-06-10T17:00:00Z,41,rejection,demand,422.57,423.26,4,
2021-06-10T18:00:00Z,52,created,supply,424.25,424.63,1,pivot
2021-06-10T20:00:00Z,33,broken_zone_expired,demand,417.62,418.6618255151956,4,
2021-06-10T20:00:00Z,41,touch,demand,422.57,423.26,4,
2021-06-10T20:00:00Z,41,rejection,demand,422.57,423.26,4,
2021-06-10T20:00:00Z,52,volume_confluence,supply,424.25,424.63,2,VAH:2021-06-10:424.052500
2021-06-10T20:00:00Z,52,qualified,supply,424.25,424.63,2,pivot|volume_profile
2021-06-11T14:30:00Z,52,touch,supply,424.25,424.63,2,
2021-06-11T14:30:00Z,52,rejection,supply,424.25,424.63,2,
2021-06-11T15:00:00Z,41,touch,demand,422.57,423.26,4,
2021-06-11T15:00:00Z,41,rejection,demand,422.57,423.26,4,
2021-06-11T15:00:00Z,52,rejection,supply,424.25,424.63,2,
2021-06-11T16:00:00Z,41,rejection,demand,422.57,423.26,4,
2021-06-11T17:00:00Z,20,touch,demand,421.59,422.82,4,
2021-06-11T17:00:00Z,20,rejection,demand,421.59,422.82,4,
2021-06-11T17:00:00Z,52,merged,supply,424.19,424.63,3,pivot
2021-06-11T18:00:00Z,41,rejection,demand,422.57,423.26,4,
2021-06-11T20:00:00Z,39,broken_zone_expired,supply,419.12,419.6,4,
2021-06-11T20:00:00Z,52,touch,supply,424.19,424.63,3,
2021-06-11T20:00:00Z,41,merged,demand,422.57,423.26,4,pivot
2021-06-14T14:30:00Z,52,rejection,supply,424.19,424.63,3,
2021-06-14T15:00:00Z,41,touch,demand,422.57,423.26,4,
2021-06-14T15:00:00Z,41,rejection,demand,422.57,423.26,4,
2021-06-14T16:00:00Z,41,rejection,demand,422.57,423.26,4,
2021-06-14T17:00:00Z,52,merged,supply,424.19,424.63,3,pivot
2021-06-14T18:00:00Z,41,rejection,demand,422.57,423.26,4,
2021-06-14T19:00:00Z,41,rejection,demand,422.57,423.26,4,
2021-06-14T20:00:00Z,52,broken,supply,424.19,424.63,3,
2021-06-14T20:00:00Z,41,merged,demand,422.57,423.42,5,order_block
2021-06-15T14:30:00Z,52,role_flip_retest,demand,424.19,424.63,4,
2021-06-15T14:30:00Z,41,merged,demand,422.57,423.42,5,pivot
2021-06-15T15:00:00Z,52,broken,demand,424.19,424.63,4,
2021-06-15T16:00:00Z,52,role_flip_retest,supply,424.19,424.63,4,
2021-06-15T17:00:00Z,58,created,supply,425.35966274991875,425.46,1,pivot
2021-06-15T19:00:00Z,52,broken,supply,424.19,424.63,4,
2021-06-16T17:00:00Z,41,touch,demand,422.57,423.42,5,
2021-06-16T17:00:00Z,41,rejection,demand,422.57,423.42,5,
2021-06-16T18:00:00Z,20,touch,demand,421.59,422.82,4,
2021-06-16T18:00:00Z,20,rejection,demand,421.59,422.82,4,
2021-06-16T19:00:00Z,35,touch,demand,420.1478355900539,420.8166562447127,4,
2021-06-16T19:00:00Z,35,rejection,demand,420.1478355900539,420.8166562447127,4,
2021-06-16T19:00:00Z,40,touch,demand,420.84,421.29989494285087,4,
2021-06-16T19:00:00Z,40,rejection,demand,420.84,421.29989494285087,4,
2021-06-16T19:00:00Z,41,broken,demand,422.57,423.42,5,
2021-06-16T19:00:00Z,50,touch,demand,421.41,422.37756651489565,3,
2021-06-16T19:00:00Z,59,created,supply,424.21,424.57,1,order_block
2021-06-16T19:00:00Z,59,volume_confluence,supply,424.21,424.57,2,VAH:2021-06-11:424.253333
2021-06-16T19:00:00Z,59,qualified,supply,424.21,424.57,2,order_block|volume_profile
2021-06-16T20:00:00Z,41,role_flip_retest,supply,422.57,423.42,5,
2021-06-17T14:30:00Z,41,rejection,supply,422.57,423.42,5,
2021-06-17T15:00:00Z,40,touch,demand,420.84,421.29989494285087,4,
2021-06-17T15:00:00Z,40,rejection,demand,420.84,421.29989494285087,4,
2021-06-17T15:00:00Z,41,rejection,supply,422.57,423.42,5,
2021-06-17T15:00:00Z,35,merged,demand,419.94,420.8166562447127,4,pivot
2021-06-17T16:00:00Z,20,broken,demand,421.59,422.82,4,
2021-06-17T16:00:00Z,41,rejection,supply,422.57,423.42,5,
2021-06-17T16:00:00Z,50,broken,demand,421.41,422.37756651489565,3,
2021-06-17T17:00:00Z,35,touch,demand,419.94,420.8166562447127,4,
2021-06-17T17:00:00Z,35,rejection,demand,419.94,420.8166562447127,4,
2021-06-17T17:00:00Z,50,role_flip_retest,supply,421.41,422.37756651489565,4,
2021-06-17T18:00:00Z,40,rejection,demand,420.84,421.29989494285087,4,
2021-06-17T18:00:00Z,41,touch,supply,422.57,423.42,5,
2021-06-17T18:00:00Z,41,rejection,supply,422.57,423.42,5,
2021-06-17T20:00:00Z,41,touch,supply,422.57,423.42,5,
2021-06-17T20:00:00Z,41,rejection,supply,422.57,423.42,5,
2021-06-17T20:00:00Z,61,created,demand,419.32,419.99706887991204,1,pivot
2021-06-18T14:30:00Z,27,touch,demand,416.28,417.49,4,
2021-06-18T14:30:00Z,35,broken,demand,419.94,420.8166562447127,4,
2021-06-18T14:30:00Z,40,broken,demand,420.84,421.29989494285087,4,
2021-06-18T14:30:00Z,61,broken,demand,419.32,419.99706887991204,1,
2021-06-18T15:00:00Z,27,broken,demand,416.28,417.49,4,
2021-06-18T16:00:00Z,41,merged,supply,422.17423020074096,423.42,5,pivot
2021-06-18T19:00:00Z,27,role_flip_retest,supply,416.28,417.49,4,
2021-06-18T19:00:00Z,63,created,demand,415.58,416.19,1,pivot
2021-06-18T20:00:00Z,23,touch,demand,413.1,414.89,3,
2021-06-18T20:00:00Z,23,rejection,demand,413.1,414.89,3,
2021-06-18T20:00:00Z,27,rejection,supply,416.28,417.49,4,
2021-06-18T20:00:00Z,34,touch,demand,414.45,414.89,2,
2021-06-18T20:00:00Z,34,rejection,demand,414.45,414.89,2,
2021-06-18T20:00:00Z,63,broken,demand,415.58,416.19,1,
2021-06-21T14:30:00Z,27,broken,supply,416.28,417.49,4,
2021-06-21T15:00:00Z,58,volume_confluence,supply,425.35966274991875,425.46,2,VAH:2021-06-15:424.860000
2021-06-21T15:00:00Z,58,qualified,supply,425.35966274991875,425.46,2,pivot|volume_profile
2021-06-21T16:00:00Z,34,merged,demand,414.45,415.0,3,pivot
2021-06-21T17:00:00Z,35,role_flip_retest,supply,419.94,420.8166562447127,4,
2021-06-21T18:00:00Z,40,role_flip_retest,supply,420.84,421.29989494285087,4,
2021-06-21T19:00:00Z,40,rejection,supply,420.84,421.29989494285087,4,
2021-06-22T14:30:00Z,40,rejection,supply,420.84,421.29989494285087,4,
2021-06-22T15:00:00Z,35,broken,supply,419.94,420.8166562447127,4,
2021-06-22T15:00:00Z,40,broken,supply,420.84,421.29989494285087,4,
2021-06-22T15:00:00Z,50,touch,supply,421.41,422.37756651489565,4,
2021-06-22T16:00:00Z,41,touch,supply,422.17423020074096,423.42,5,
2021-06-22T16:00:00Z,41,rejection,supply,422.17423020074096,423.42,5,
2021-06-22T19:00:00Z,50,broken,supply,421.41,422.37756651489565,4,
2021-06-23T14:30:00Z,41,broken,supply,422.17423020074096,423.42,5,
2021-06-23T15:00:00Z,15,age_expired,demand,411.67,412.12,4,
2021-06-23T15:00:00Z,41,role_flip_retest,demand,422.17423020074096,423.42,5,
2021-06-23T18:00:00Z,41,rejection,demand,422.17423020074096,423.42,5,
2021-06-23T18:00:00Z,52,broken_zone_expired,supply,424.19,424.63,4,
2021-06-23T18:00:00Z,59,merged,supply,423.64,424.57,3,pivot
2021-06-23T20:00:00Z,59,touch,supply,423.64,424.57,3,
2021-06-23T20:00:00Z,59,rejection,supply,423.64,424.57,3,
2021-06-24T14:30:00Z,59,broken,supply,423.64,424.57,3,
2021-06-24T15:00:00Z,58,touch,supply,425.35966274991875,425.46,2,
2021-06-24T15:00:00Z,58,rejection,supply,425.35966274991875,425.46,2,
2021-06-24T16:00:00Z,66,created,demand,422.51,422.63933169695224,1,pivot
2021-06-24T16:00:00Z,66,volume_confluence,demand,422.51,422.63933169695224,2,POC:2021-06-16:422.507708
2021-06-24T16:00:00Z,66,qualified,demand,422.51,422.63933169695224,2,pivot|volume_profile
2021-06-24T18:00:00Z,58,touch,supply,425.35966274991875,425.46,2,
2021-06-24T18:00:00Z,58,rejection,supply,425.35966274991875,425.46,2,
2021-06-24T20:00:00Z,58,rejection,supply,425.35966274991875,425.46,2,
2021-06-25T14:30:00Z,58,broken,supply,425.35966274991875,425.46,2,
2021-06-25T15:00:00Z,20,broken_zone_expired,demand,421.59,422.82,4,
2021-06-25T18:00:00Z,67,created,supply,426.0189345275723,426.48,1,pivot
2021-06-25T19:00:00Z,67,broken,supply,426.0189345275723,426.48,1,
2021-06-25T20:00:00Z,61,broken_zone_expired,demand,419.32,419.99706887991204,1,
2021-06-25T20:00:00Z,67,role_flip_retest,demand,426.0189345275723,426.48,2,
2021-06-25T20:00:00Z,67,volume_confluence,demand,426.0189345275723,426.48,3,POC:2021-06-25:426.421875
2021-06-25T20:00:00Z,67,qualified,demand,426.0189345275723,426.48,3,pivot|role_flip|volume_profile
2021-06-28T14:30:00Z,67,rejection,demand,426.0189345275723,426.48,3,
2021-06-28T15:00:00Z,67,rejection,demand,426.0189345275723,426.48,3,
2021-06-28T16:00:00Z,67,rejection,demand,426.0189345275723,426.48,3,
2021-06-28T17:00:00Z,68,created,supply,427.15670903209866,427.25,1,pivot
2021-06-28T18:00:00Z,67,rejection,demand,426.0189345275723,426.48,3,
2021-06-28T19:00:00Z,63,broken_zone_expired,demand,415.58,416.19,1,
2021-06-28T19:00:00Z,67,rejection,demand,426.0189345275723,426.48,3,
2021-06-28T20:00:00Z,27,broken_zone_expired,supply,416.28,417.49,4,
2021-06-28T20:00:00Z,68,broken,supply,427.15670903209866,427.25,1,
2021-06-29T14:30:00Z,67,merged,demand,425.89,426.48,4,pivot
2021-06-29T18:00:00Z,23,age_expired,demand,413.1,414.89,3,
2021-06-29T18:00:00Z,70,created,supply,428.1823397418096,428.56,1,pivot
2021-06-29T19:00:00Z,68,role_flip_retest,demand,427.15670903209866,427.25,2,
2021-06-29T19:00:00Z,68,volume_confluence,demand,427.15670903209866,427.25,3,VAH:2021-06-28:427.026667
2021-06-29T19:00:00Z,68,qualified,demand,427.15670903209866,427.25,3,pivot|role_flip|volume_profile
2021-06-29T20:00:00Z,70,volume_confluence,supply,428.1823397418096,428.56,2,VAH:2021-06-29:428.232292
2021-06-29T20:00:00Z,70,qualified,supply,428.1823397418096,428.56,2,pivot|volume_profile
2021-06-30T14:30:00Z,35,broken_zone_expired,supply,419.94,420.8166562447127,4,
2021-06-30T14:30:00Z,40,broken_zone_expired,supply,420.84,421.29989494285087,4,
2021-06-30T14:30:00Z,68,touch,demand,427.15670903209866,427.25,3,
2021-06-30T14:30:00Z,68,rejection,demand,427.15670903209866,427.25,3,
2021-06-30T15:00:00Z,70,touch,supply,428.1823397418096,428.56,2,
2021-06-30T15:00:00Z,68,merged,demand,427.13,427.5171885447255,4,pivot
2021-06-30T16:00:00Z,70,rejection,supply,428.1823397418096,428.56,2,
2021-06-30T18:00:00Z,50,broken_zone_expired,supply,421.41,422.37756651489565,4,
2021-06-30T19:00:00Z,70,merged,supply,428.1823397418096,428.56,3,pivot
2021-06-30T20:00:00Z,70,touch,supply,428.1823397418096,428.56,3,
2021-06-30T20:00:00Z,70,rejection,supply,428.1823397418096,428.56,3,
2021-07-01T14:30:00Z,70,broken,supply,428.1823397418096,428.56,3,
2021-07-01T19:00:00Z,25,age_expired,demand,404.0,405.3361561963673,2,
2021-07-01T20:00:00Z,59,broken_zone_expired,supply,423.64,424.57,3,
2021-07-02T20:00:00Z,58,broken_zone_expired,supply,425.35966274991875,425.46,2,
2021-07-06T16:00:00Z,73,created,supply,433.75,434.1,1,pivot
2021-07-06T16:00:00Z,73,volume_confluence,supply,433.75,434.1,2,VAH:2021-07-02:434.042292
2021-07-06T16:00:00Z,73,qualified,supply,433.75,434.1,2,pivot|volume_profile
2021-07-06T20:00:00Z,74,created,demand,430.01,430.5041435665202,1,pivot
2021-07-06T20:00:00Z,74,volume_confluence,demand,430.01,430.5041435665202,2,VAH:2021-07-01:430.187500
2021-07-06T20:00:00Z,74,qualified,demand,430.01,430.5041435665202,2,pivot|volume_profile
2021-07-07T14:30:00Z,73,touch,supply,433.75,434.1,2,
2021-07-07T14:30:00Z,73,rejection,supply,433.75,434.1,2,
2021-07-07T15:00:00Z,73,rejection,supply,433.75,434.1,2,
2021-07-07T19:00:00Z,73,broken,supply,433.75,434.1,2,
2021-07-07T20:00:00Z,73,role_flip_retest,demand,433.75,434.1,3,
2021-07-08T14:30:00Z,70,role_flip_retest,demand,428.1823397418096,428.56,4,
2021-07-08T14:30:00Z,73,broken,demand,433.75,434.1,3,
2021-07-08T14:30:00Z,74,broken,demand,430.01,430.5041435665202,2,
2021-07-08T16:00:00Z,70,rejection,demand,428.1823397418096,428.56,4,
2021-07-08T16:00:00Z,75,created,supply,434.48,434.76,1,pivot
2021-07-08T16:00:00Z,75,volume_confluence,supply,434.48,434.76,2,VAH:2021-07-07:434.692292
2021-07-08T16:00:00Z,75,qualified,supply,434.48,434.76,2,pivot|volume_profile
2021-07-08T18:00:00Z,68,merged,demand,427.13,428.14,4,pivot
2021-07-09T14:30:00Z,31,age_expired,demand,405.33,406.3702461859678,2,
2021-07-09T16:00:00Z,75,touch,supply,434.48,434.76,2,
2021-07-09T18:00:00Z,75,broken,supply,434.48,434.76,2,
2021-07-13T16:00:00Z,34,age_expired,demand,414.45,415.0,3,
2021-07-13T20:00:00Z,77,created,supply,437.71959071482854,437.84,1,pivot
2021-07-14T14:30:00Z,77,touch,supply,437.71959071482854,437.84,1,
2021-07-14T14:30:00Z,77,rejection,supply,437.71959071482854,437.84,1,
2021-07-14T17:00:00Z,77,merged,supply,437.39,437.92,2,pivot
2021-07-14T17:00:00Z,77,qualified,supply,437.39,437.92,2,pivot|repeated_pivot
2021-07-14T17:00:00Z,77,volume_confluence,supply,437.39,437.92,3,VAH:2021-07-12:437.300417
2021-07-14T19:00:00Z,79,created,demand,434.91,435.04635759368824,1,pivot
2021-07-14T19:00:00Z,79,volume_confluence,demand,434.91,435.04635759368824,2,VAH:2021-07-07:434.692292
2021-07-14T19:00:00Z,79,qualified,demand,434.91,435.04635759368824,2,pivot|volume_profile
2021-07-15T14:30:00Z,75,role_flip_retest,demand,434.48,434.76,3,
2021-07-15T14:30:00Z,79,touch,demand,434.91,435.04635759368824,2,
2021-07-15T14:30:00Z,79,rejection,demand,434.91,435.04635759368824,2,
2021-07-15T15:00:00Z,75,rejection,demand,434.48,434.76,3,
2021-07-15T15:00:00Z,79,broken,demand,434.91,435.04635759368824,2,
2021-07-15T16:00:00Z,79,role_flip_retest,supply,434.91,435.04635759368824,3,
2021-07-15T17:00:00Z,79,rejection,supply,434.91,435.04635759368824,3,
2021-07-15T17:00:00Z,75,merged,demand,433.98,434.76,4,pivot
2021-07-15T18:00:00Z,73,role_flip_retest,supply,433.75,434.1,3,
2021-07-15T18:00:00Z,75,broken,demand,433.98,434.76,4,
2021-07-15T18:00:00Z,79,merged,supply,434.81,435.42,4,order_block
2021-07-15T19:00:00Z,73,broken,supply,433.75,434.1,3,
2021-07-15T20:00:00Z,73,role_flip_retest,demand,433.75,434.1,3,
2021-07-15T20:00:00Z,74,broken_zone_expired,demand,430.01,430.5041435665202,2,
2021-07-15T20:00:00Z,79,touch,supply,434.81,435.42,4,
2021-07-15T20:00:00Z,79,rejection,supply,434.81,435.42,4,
2021-07-16T14:30:00Z,82,created,demand,432.72,432.868322795724,1,pivot
2021-07-16T15:00:00Z,73,touch,demand,433.75,434.1,3,
2021-07-16T15:00:00Z,75,role_flip_retest,supply,433.98,434.76,4,
2021-07-16T15:00:00Z,79,rejection,supply,434.81,435.42,4,
2021-07-16T16:00:00Z,73,broken,demand,433.75,434.1,3,
2021-07-16T17:00:00Z,73,role_flip_retest,supply,433.75,434.1,3,
2021-07-16T17:00:00Z,75,touch,supply,433.98,434.76,4,
2021-07-16T17:00:00Z,75,rejection,supply,433.98,434.76,4,
2021-07-16T17:00:00Z,83,created,supply,435.911212542928,436.06,1,pivot
2021-07-16T17:00:00Z,83,volume_confluence,supply,435.911212542928,436.06,2,VAL:2021-07-14:435.976042
2021-07-16T17:00:00Z,83,qualified,supply,435.911212542928,436.06,2,pivot|volume_profile
2021-07-16T18:00:00Z,73,rejection,supply,433.75,434.1,3,
2021-07-16T18:00:00Z,75,rejection,supply,433.98,434.76,4,
2021-07-16T19:00:00Z,82,broken,demand,432.72,432.868322795724,1,
2021-07-19T14:30:00Z,67,broken,demand,425.89,426.48,4,
2021-07-19T14:30:00Z,68,broken,demand,427.13,428.14,4,
2021-07-19T14:30:00Z,70,broken,demand,428.1823397418096,428.56,4,
2021-07-19T15:00:00Z,41,touch,demand,422.17423020074096,423.42,5,
2021-07-19T15:00:00Z,41,rejection,demand,422.17423020074096,423.42,5,
2021-07-19T17:00:00Z,41,touch,demand,422.17423020074096,423.42,5,
2021-07-19T17:00:00Z,66,touch,demand,422.51,422.63933169695224,2,
2021-07-19T17:00:00Z,66,rejection,demand,422.51,422.63933169695224,2,
2021-07-19T18:00:00Z,66,broken,demand,422.51,422.63933169695224,2,
2021-07-19T19:00:00Z,66,role_flip_retest,supply,422.51,422.63933169695224,3,
2021-07-19T20:00:00Z,41,rejection,demand,422.17423020074096,423.42,5,
2021-07-19T20:00:00Z,66,broken,supply,422.51,422.63933169695224,3,
2021-07-20T15:00:00Z,41,merged,demand,421.97,423.42,5,pivot
2021-07-20T20:00:00Z,41,age_expired,demand,421.97,423.42,5,
2021-07-21T16:00:00Z,73,touch,supply,433.75,434.1,3,
2021-07-21T16:00:00Z,75,touch,supply,433.98,434.76,4,
2021-07-21T17:00:00Z,73,rejection,supply,433.75,434.1,3,
2021-07-21T17:00:00Z,75,rejection,supply,433.98,434.76,4,
2021-07-21T18:00:00Z,75,rejection,supply,433.98,434.76,4,
2021-07-21T20:00:00Z,73,broken,supply,433.75,434.1,3,
2021-07-22T14:30:00Z,73,role_flip_retest,demand,433.75,434.1,3,
2021-07-22T14:30:00Z,79,touch,supply,434.81,435.42,4,
2021-07-22T14:30:00Z,79,rejection,supply,434.81,435.42,4,
2021-07-22T15:00:00Z,73,rejection,demand,433.75,434.1,3,
2021-07-22T15:00:00Z,75,broken,supply,433.98,434.76,4,
2021-07-22T16:00:00Z,79,rejection,supply,434.81,435.42,4,
2021-07-22T17:00:00Z,73,touch,demand,433.75,434.1,3,
2021-07-22T17:00:00Z,73,rejection,demand,433.75,434.1,3,
2021-07-22T17:00:00Z,75,role_flip_retest,demand,433.98,434.76,4,
2021-07-22T18:00:00Z,75,rejection,demand,433.98,434.76,4,
2021-07-22T18:00:00Z,79,merged,supply,434.81,435.42,5,pivot
2021-07-22T19:00:00Z,79,broken,supply,434.81,435.42,5,
2021-07-22T20:00:00Z,79,role_flip_retest,demand,434.81,435.42,5,
2021-07-23T14:30:00Z,77,touch,supply,437.39,437.92,3,
2021-07-23T14:30:00Z,77,rejection,supply,437.39,437.92,3,
2021-07-23T14:30:00Z,83,broken,supply,435.911212542928,436.06,2,
2021-07-23T15:00:00Z,77,broken,supply,437.39,437.92,3,
2021-07-26T18:00:00Z,82,broken_zone_expired,demand,432.72,432.868322795724,1,
2021-07-26T20:00:00Z,67,broken_zone_expired,demand,425.89,426.48,4,
2021-07-26T20:00:00Z,68,broken_zone_expired,demand,427.13,428.14,4,
2021-07-26T20:00:00Z,70,broken_zone_expired,demand,428.1823397418096,428.56,4,
2021-07-27T16:00:00Z,86,created,supply,440.8829742141959,441.03,1,pivot
2021-07-27T16:00:00Z,86,volume_confluence,supply,440.8829742141959,441.03,2,VAH:2021-07-26:440.993125
2021-07-27T16:00:00Z,86,qualified,supply,440.8829742141959,441.03,2,pivot|volume_profile
2021-07-27T18:00:00Z,83,role_flip_retest,demand,435.911212542928,436.06,3,
2021-07-27T19:00:00Z,66,broken_zone_expired,supply,422.51,422.63933169695224,3,
2021-07-27T19:00:00Z,77,role_flip_retest,demand,437.39,437.92,4,
2021-07-27T20:00:00Z,77,rejection,demand,437.39,437.92,4,
2021-07-28T14:30:00Z,83,merged,demand,435.911212542928,436.34,4,pivot
2021-07-28T17:00:00Z,88,created,supply,439.68,439.84,1,pivot
2021-07-28T17:00:00Z,88,volume_confluence,supply,439.68,439.84,2,VAL:2021-07-26:439.960625
2021-07-28T17:00:00Z,88,qualified,supply,439.68,439.84,2,pivot|volume_profile
2021-07-28T18:00:00Z,77,touch,demand,437.39,437.92,4,
2021-07-28T18:00:00Z,77,rejection,demand,437.39,437.92,4,
2021-07-28T19:00:00Z,77,rejection,demand,437.39,437.92,4,
2021-07-28T19:00:00Z,88,touch,supply,439.68,439.84,2,
2021-07-28T20:00:00Z,88,rejection,supply,439.68,439.84,2,
2021-07-29T14:30:00Z,86,touch,supply,440.8829742141959,441.03,2,
2021-07-29T14:30:00Z,86,rejection,supply,440.8829742141959,441.03,2,
2021-07-29T14:30:00Z,88,broken,supply,439.68,439.84,2,
2021-07-29T15:00:00Z,86,broken,supply,440.8829742141959,441.03,2,
2021-07-29T15:00:00Z,77,merged,demand,437.31,438.06938252448964,4,pivot
2021-07-29T19:00:00Z,86,role_flip_retest,demand,440.8829742141959,441.03,3,
2021-07-29T20:00:00Z,86,broken,demand,440.8829742141959,441.03,3,
2021-07-30T14:30:00Z,77,touch,demand,437.31,438.06938252448964,4,
2021-07-30T14:30:00Z,77,rejection,demand,437.31,438.06938252448964,4,
2021-07-30T14:30:00Z,90,created,supply,441.52,441.8,1,pivot
2021-07-30T14:30:00Z,90,volume_confluence,supply,441.52,441.8,2,VAH:2021-07-29:441.509792
2021-07-30T14:30:00Z,90,qualified,supply,441.52,441.8,2,pivot|volume_profile
2021-07-30T17:00:00Z,77,merged,demand,437.31,438.06938252448964,4,pivot
2021-07-30T19:00:00Z,77,touch,demand,437.31,438.06938252448964,4,
2021-07-30T19:00:00Z,77,rejection,demand,437.31,438.06938252448964,4,
2021-07-30T20:00:00Z,77,rejection,demand,437.31,438.06938252448964,4,
2021-08-02T14:30:00Z,86,role_flip_retest,supply,440.8829742141959,441.03,3,
2021-08-02T15:00:00Z,88,role_flip_retest,demand,439.68,439.84,3,
2021-08-02T15:00:00Z,77,merged,demand,437.31,438.4515446227619,4,pivot
2021-08-02T16:00:00Z,88,broken,demand,439.68,439.84,3,
2021-08-02T17:00:00Z,77,touch,demand,437.31,438.4515446227619,4,
2021-08-02T17:00:00Z,77,rejection,demand,437.31,438.4515446227619,4,
2021-08-02T17:00:00Z,86,merged,supply,440.34,441.03,4,pivot
2021-08-02T18:00:00Z,77,rejection,demand,437.31,438.4515446227619,4,
2021-08-02T19:00:00Z,77,rejection,demand,437.31,438.4515446227619,4,
2021-08-03T14:30:00Z,77,broken,demand,437.31,438.4515446227619,4,
2021-08-03T14:30:00Z,83,touch,demand,435.911212542928,436.34,4,
2021-08-03T14:30:00Z,83,rejection,demand,435.911212542928,436.34,4,
2021-08-03T14:30:00Z,94,created,supply,438.56,438.97,1,order_block
2021-08-03T14:30:00Z,94,volume_confluence,supply,438.56,438.97,2,POC:2021-07-28:438.867292
2021-08-03T14:30:00Z,94,qualified,supply,438.56,438.97,2,order_block|volume_profile
2021-08-03T15:00:00Z,83,rejection,demand,435.911212542928,436.34,4,
2021-08-03T16:00:00Z,94,broken,supply,438.56,438.97,2,
2021-08-03T18:00:00Z,83,merged,demand,435.911212542928,436.4,4,pivot
2021-08-03T19:00:00Z,86,touch,supply,440.34,441.03,4,
2021-08-03T20:00:00Z,86,broken,supply,440.34,441.03,4,
2021-08-04T15:00:00Z,88,role_flip_retest,supply,439.68,439.84,3,
2021-08-04T16:00:00Z,88,rejection,supply,439.68,439.84,3,
2021-08-04T16:00:00Z,94,role_flip_retest,demand,438.56,438.97,3,
2021-08-04T16:00:00Z,90,merged,supply,441.12,441.8,3,pivot
2021-08-04T17:00:00Z,88,rejection,supply,439.68,439.84,3,
2021-08-04T19:00:00Z,94,merged,demand,438.56,439.3642717289401,4,pivot
2021-08-04T20:00:00Z,88,rejection,supply,439.68,439.84,3,
2021-08-04T20:00:00Z,94,touch,demand,438.56,439.3642717289401,4,
2021-08-05T14:30:00Z,88,broken,supply,439.68,439.84,3,
2021-08-05T16:00:00Z,90,touch,supply,441.12,441.8,3,
2021-08-05T16:00:00Z,90,rejection,supply,441.12,441.8,3,
2021-08-05T19:00:00Z,90,touch,supply,441.12,441.8,3,
2021-08-05T19:00:00Z,90,rejection,supply,441.12,441.8,3,
2021-08-05T20:00:00Z,86,role_flip_retest,demand,440.34,441.03,4,
2021-08-06T14:30:00Z,90,broken,supply,441.12,441.8,3,
2021-08-06T15:00:00Z,90,role_flip_retest,demand,441.12,441.8,4,
2021-08-06T17:00:00Z,98,created,supply,442.41984559038906,442.94,1,pivot
2021-08-06T18:00:00Z,98,touch,supply,442.41984559038906,442.94,1,
2021-08-06T19:00:00Z,98,rejection,supply,442.41984559038906,442.94,1,
2021-08-06T20:00:00Z,98,volume_confluence,supply,442.41984559038906,442.94,2,POC:2021-08-06:442.488750
2021-08-06T20:00:00Z,98,qualified,supply,442.41984559038906,442.94,2,pivot|volume_profile
2021-08-09T14:30:00Z,90,touch,demand,441.12,441.8,4,
2021-08-09T14:30:00Z,98,rejection,supply,442.41984559038906,442.94,2,
2021-08-09T15:00:00Z,90,rejection,demand,441.12,441.8,4,
2021-08-09T16:00:00Z,90,rejection,demand,441.12,441.8,4,
2021-08-09T17:00:00Z,90,merged,demand,441.12,441.8,4,pivot
2021-08-09T19:00:00Z,98,touch,supply,442.41984559038906,442.94,2,
2021-08-09T20:00:00Z,98,rejection,supply,442.41984559038906,442.94,2,
2021-08-10T15:00:00Z,98,rejection,supply,442.41984559038906,442.94,2,
2021-08-10T16:00:00Z,98,broken,supply,442.41984559038906,442.94,2,
2021-08-10T18:00:00Z,98,role_flip_retest,demand,442.41984559038906,442.94,3,
2021-08-10T18:00:00Z,100,created,demand,441.88,442.3299644086506,1,pivot
2021-08-10T18:00:00Z,101,created,supply,442.9900355913494,443.44,1,pivot
2021-08-10T18:00:00Z,100,volume_confluence,demand,441.88,442.3299644086506,2,VAL:2021-08-06:442.061250
2021-08-10T18:00:00Z,100,qualified,demand,441.88,442.3299644086506,2,pivot|volume_profile
2021-08-10T19:00:00Z,101,touch,supply,442.9900355913494,443.44,1,
2021-08-10T19:00:00Z,101,rejection,supply,442.9900355913494,443.44,1,
2021-08-10T20:00:00Z,77,broken_zone_expired,demand,437.31,438.4515446227619,4,
2021-08-10T20:00:00Z,100,touch,demand,441.88,442.3299644086506,2,
2021-08-10T20:00:00Z,100,rejection,demand,441.88,442.3299644086506,2,
2021-08-10T20:00:00Z,101,volume_confluence,supply,442.9900355913494,443.44,2,VAH:2021-08-10:443.017500
2021-08-10T20:00:00Z,101,qualified,supply,442.9900355913494,443.44,2,pivot|volume_profile
2021-08-11T14:30:00Z,101,broken,supply,442.9900355913494,443.44,2,
2021-08-11T16:00:00Z,98,touch,demand,442.41984559038906,442.94,3,
2021-08-11T17:00:00Z,98,rejection,demand,442.41984559038906,442.94,3,
2021-08-11T17:00:00Z,102,created,supply,443.7959717784994,443.89,1,pivot
2021-08-11T20:00:00Z,101,role_flip_retest,demand,442.9900355913494,443.44,3,
2021-08-11T20:00:00Z,102,volume_confluence,supply,443.7959717784994,443.89,2,VAH:2021-08-11:443.757708
2021-08-11T20:00:00Z,102,qualified,supply,443.7959717784994,443.89,2,pivot|volume_profile
2021-08-12T14:30:00Z,98,touch,demand,442.41984559038906,442.94,3,
2021-08-12T14:30:00Z,98,rejection,demand,442.41984559038906,442.94,3,
2021-08-12T15:00:00Z,98,rejection,demand,442.41984559038906,442.94,3,
2021-08-12T15:00:00Z,101,rejection,demand,442.9900355913494,443.44,3,
2021-08-12T16:00:00Z,101,rejection,demand,442.9900355913494,443.44,3,
2021-08-12T16:00:00Z,102,touch,supply,443.7959717784994,443.89,2,
2021-08-12T17:00:00Z,102,broken,supply,443.7959717784994,443.89,2,
2021-08-12T18:00:00Z,98,merged,demand,442.41984559038906,443.047042579372,4,pivot
2021-08-12T20:00:00Z,88,broken_zone_expired,supply,439.68,439.84,3,
2021-08-13T17:00:00Z,104,created,supply,445.59,445.85,1,pivot
2021-08-13T18:00:00Z,104,touch,supply,445.59,445.85,1,
2021-08-13T19:00:00Z,104,rejection,supply,445.59,445.85,1,
2021-08-13T20:00:00Z,104,broken,supply,445.59,445.85,1,
2021-08-16T14:30:00Z,101,touch,demand,442.9900355913494,443.44,3,
2021-08-16T14:30:00Z,105,created,supply,445.44,445.93,1,order_block
2021-08-16T14:30:00Z,105,volume_confluence,supply,445.44,445.93,2,VAH:2021-08-13:445.732917
2021-08-16T14:30:00Z,105,qualified,supply,445.44,445.93,2,order_block|volume_profile
2021-08-16T15:00:00Z,98,touch,demand,442.41984559038906,443.047042579372,4,
2021-08-16T15:00:00Z,98,rejection,demand,442.41984559038906,443.047042579372,4,
2021-08-16T16:00:00Z,101,rejection,demand,442.9900355913494,443.44,3,
2021-08-16T16:00:00Z,102,role_flip_retest,demand,443.7959717784994,443.89,3,
2021-08-16T16:00:00Z,105,merged,supply,445.44,445.93,3,pivot
2021-08-16T18:00:00Z,105,touch,supply,445.44,445.93,3,
2021-08-16T18:00:00Z,101,merged,demand,442.87,443.44,4,pivot
2021-08-16T19:00:00Z,104,role_flip_retest,demand,445.59,445.85,2,
2021-08-16T19:00:00Z,105,broken,supply,445.44,445.93,3,
2021-08-16T19:00:00Z,104,volume_confluence,demand,445.59,445.85,3,VAH:2021-08-13:445.732917
2021-08-16T19:00:00Z,104,qualified,demand,445.59,445.85,3,pivot|role_flip|volume_profile
2021-08-17T14:30:00Z,101,touch,demand,442.87,443.44,4,
2021-08-17T14:30:00Z,101,rejection,demand,442.87,443.44,4,
2021-08-17T14:30:00Z,102,broken,demand,443.7959717784994,443.89,3,
2021-08-17T14:30:00Z,104,broken,demand,445.59,445.85,3,
2021-08-17T15:00:00Z,101,rejection,demand,442.87,443.44,4,
2021-08-17T16:00:00Z,98,touch,demand,442.41984559038906,443.047042579372,4,
2021-08-17T16:00:00Z,98,rejection,demand,442.41984559038906,443.047042579372,4,
2021-08-17T16:00:00Z,102,role_flip_retest,supply,443.7959717784994,443.89,3,
2021-08-17T16:00:00Z,108,created,supply,446.9735728304973,447.11,1,pivot
2021-08-17T17:00:00Z,86,touch,demand,440.34,441.03,4,
2021-08-17T17:00:00Z,90,broken,demand,441.12,441.8,4,
2021-08-17T17:00:00Z,98,broken,demand,442.41984559038906,443.047042579372,4,
2021-08-17T17:00:00Z,100,broken,demand,441.88,442.3299644086506,2,
2021-08-17T17:00:00Z,101,broken,demand,442.87,443.44,4,
2021-08-17T17:00:00Z,102,merged,supply,443.73359928361,444.96,4,order_block
2021-08-17T18:00:00Z,86,rejection,demand,440.34,441.03,4,
2021-08-17T20:00:00Z,102,touch,supply,443.73359928361,444.96,4,
2021-08-18T14:30:00Z,86,merged,demand,440.34,441.03,4,pivot
2021-08-18T16:00:00Z,102,rejection,supply,443.73359928361,444.96,4,
2021-08-18T18:00:00Z,111,created,supply,444.09,444.63,1,pivot
2021-08-18T18:00:00Z,111,volume_confluence,supply,444.09,444.63,2,POC:2021-08-16:444.195000
2021-08-18T18:00:00Z,111,qualified,supply,444.09,444.63,2,pivot|volume_profile
2021-08-18T19:00:00Z,101,role_flip_retest,supply,442.87,443.44,4,
2021-08-18T19:00:00Z,102,touch,supply,443.73359928361,444.96,4,
2021-08-18T19:00:00Z,102,rejection,supply,443.73359928361,444.96,4,
2021-08-18T19:00:00Z,111,touch,supply,444.09,444.63,2,
2021-08-18T19:00:00Z,111,rejection,supply,444.09,444.63,2,
2021-08-18T20:00:00Z,86,broken,demand,440.34,441.03,4,
2021-08-18T20:00:00Z,90,role_flip_retest,supply,441.12,441.8,4,
2021-08-18T20:00:00Z,94,touch,demand,438.56,439.3642717289401,4,
2021-08-18T20:00:00Z,98,role_flip_retest,supply,442.41984559038906,443.047042579372,4,
2021-08-18T20:00:00Z,100,role_flip_retest,supply,441.88,442.3299644086506,3,
2021-08-18T20:00:00Z,101,merged,supply,442.87,444.12,5,order_block
2021-08-19T14:30:00Z,83,touch,demand,435.911212542928,436.4,4,
2021-08-19T14:30:00Z,83,rejection,demand,435.911212542928,436.4,4,
2021-08-19T15:00:00Z,94,rejection,demand,438.56,439.3642717289401,4,
2021-08-19T16:00:00Z,94,rejection,demand,438.56,439.3642717289401,4,
2021-08-19T17:00:00Z,90,touch,supply,441.12,441.8,4,
2021-08-19T17:00:00Z,90,rejection,supply,441.12,441.8,4,
2021-08-19T17:00:00Z,83,merged,demand,435.911212542928,436.4,4,pivot
2021-08-19T18:00:00Z,86,role_flip_retest,supply,440.34,441.03,4,
2021-08-19T18:00:00Z,94,touch,demand,438.56,439.3642717289401,4,
2021-08-19T19:00:00Z,94,rejection,demand,438.56,439.3642717289401,4,
2021-08-19T20:00:00Z,86,touch,supply,440.34,441.03,4,
2021-08-19T20:00:00Z,86,rejection,supply,440.34,441.03,4,
2021-08-19T20:00:00Z,94,rejection,demand,438.56,439.3642717289401,4,
2021-08-20T14:30:00Z,86,broken,supply,440.34,441.03,4,
2021-08-20T14:30:00Z,90,touch,supply,441.12,441.8,4,
2021-08-20T14:30:00Z,100,touch,supply,441.88,442.3299644086506,3,
2021-08-20T14:30:00Z,100,rejection,supply,441.88,442.3299644086506,3,
2021-08-20T15:00:00Z,90,broken,supply,441.12,441.8,4,
2021-08-20T15:00:00Z,98,touch,supply,442.41984559038906,443.047042579372,4,
2021-08-20T15:00:00Z,98,rejection,supply,442.41984559038906,443.047042579372,4,
2021-08-20T15:00:00Z,101,touch,supply,442.87,444.12,5,
2021-08-20T15:00:00Z,101,rejection,supply,442.87,444.12,5,
2021-08-20T16:00:00Z,100,broken,supply,441.88,442.3299644086506,3,
2021-08-20T17:00:00Z,98,broken,supply,442.41984559038906,443.047042579372,4,
2021-08-20T17:00:00Z,101,touch,supply,442.87,444.12,5,
2021-08-20T18:00:00Z,101,rejection,supply,442.87,444.12,5,
2021-08-20T19:00:00Z,101,rejection,supply,442.87,444.12,5,
2021-08-20T20:00:00Z,98,role_flip_retest,demand,442.41984559038906,443.047042579372,4,
2021-08-23T14:30:00Z,101,broken,supply,442.87,444.12,5,
2021-08-23T14:30:00Z,102,broken,supply,443.73359928361,444.96,4,
2021-08-23T14:30:00Z,105,role_flip_retest,demand,445.44,445.93,4,
2021-08-23T14:30:00Z,111,broken,supply,444.09,444.63,2,
2021-08-23T15:00:00Z,108,broken,supply,446.9735728304973,447.11,1,
2021-08-23T19:00:00Z,73,age_expired,demand,433.75,434.1,3,
2021-08-24T14:30:00Z,114,created,supply,448.0794170958048,448.23,1,pivot
2021-08-24T14:30:00Z,114,volume_confluence,supply,448.0794170958048,448.23,2,VAH:2021-08-23:448.165625
2021-08-24T14:30:00Z,114,qualified,supply,448.0794170958048,448.23,2,pivot|volume_profile
2021-08-24T15:00:00Z,114,touch,supply,448.0794170958048,448.23,2,
2021-08-24T16:00:00Z,114,rejection,supply,448.0794170958048,448.23,2,
2021-08-24T18:00:00Z,114,touch,supply,448.0794170958048,448.23,2,
2021-08-24T18:00:00Z,114,merged,supply,448.0794170958048,448.46,3,pivot
2021-08-24T20:00:00Z,104,broken_zone_expired,demand,445.59,445.85,3,
2021-08-24T20:00:00Z,114,rejection,supply,448.0794170958048,448.46,3,
2021-08-25T16:00:00Z,114,broken,supply,448.0794170958048,448.46,3,
2021-08-25T19:00:00Z,75,age_expired,demand,433.98,434.76,4,
2021-08-26T15:00:00Z,116,created,supply,449.07,449.3,1,order_block
2021-08-26T15:00:00Z,116,volume_confluence,supply,449.07,449.3,2,POC:2021-08-25:449.002292
2021-08-26T15:00:00Z,116,qualified,supply,449.07,449.3,2,order_block|volume_profile
2021-08-26T16:00:00Z,108,role_flip_retest,demand,446.9735728304973,447.11,2,
2021-08-26T16:00:00Z,116,merged,supply,449.07,449.46,3,pivot
2021-08-26T16:00:00Z,108,volume_confluence,demand,446.9735728304973,447.11,3,VAL:2021-08-23:447.135625
2021-08-26T16:00:00Z,108,qualified,demand,446.9735728304973,447.11,3,pivot|role_flip|volume_profile
2021-08-26T19:00:00Z,108,broken,demand,446.9735728304973,447.11,3,
2021-08-26T19:00:00Z,118,created,demand,446.18,446.6783668731454,1,pivot
2021-08-26T20:00:00Z,118,touch,demand,446.18,446.6783668731454,1,
2021-08-26T20:00:00Z,118,volume_confluence,demand,446.18,446.6783668731454,2,POC:2021-08-26:446.666250
2021-08-26T20:00:00Z,118,qualified,demand,446.18,446.6783668731454,2,pivot|volume_profile
2021-08-27T15:00:00Z,114,role_flip_retest,demand,448.0794170958048,448.46,4,
2021-08-27T15:00:00Z,116,broken,supply,449.07,449.46,3,
2021-08-27T15:00:00Z,118,merged,demand,446.16,446.72,3,order_block
2021-08-27T16:00:00Z,116,role_flip_retest,demand,449.07,449.46,4,
2021-08-27T16:00:00Z,118,merged,demand,446.16,446.72,4,pivot
2021-08-27T20:00:00Z,86,broken_zone_expired,supply,440.34,441.03,4,
2021-08-30T14:30:00Z,90,broken_zone_expired,supply,441.12,441.8,4,
2021-08-30T15:00:00Z,100,broken_zone_expired,supply,441.88,442.3299644086506,3,
2021-08-30T15:00:00Z,121,created,demand,449.99,450.35,1,order_block
2021-08-30T15:00:00Z,121,volume_confluence,demand,449.99,450.35,2,POC:2021-08-27:450.126458
2021-08-30T15:00:00Z,121,qualified,demand,449.99,450.35,2,order_block|volume_profile
2021-08-30T20:00:00Z,101,broken_zone_expired,supply,442.87,444.12,5,
2021-08-30T20:00:00Z,102,broken_zone_expired,supply,443.73359928361,444.96,4,
2021-08-30T20:00:00Z,111,broken_zone_expired,supply,444.09,444.63,2,
2021-08-31T15:00:00Z,122,created,supply,452.94,453.07,1,pivot
2021-08-31T15:00:00Z,122,volume_confluence,supply,452.94,453.07,2,VAH:2021-08-30:453.020833
2021-08-31T15:00:00Z,122,qualified,supply,452.94,453.07,2,pivot|volume_profile
2021-08-31T17:00:00Z,123,created,demand,450.92,451.12,1,pivot
2021-08-31T20:00:00Z,123,volume_confluence,demand,450.92,451.12,2,VAL:2021-08-31:451.214375
2021-08-31T20:00:00Z,123,qualified,demand,450.92,451.12,2,pivot|volume_profile
2021-09-01T15:00:00Z,79,age_expired,demand,434.81,435.42,5,
2021-09-01T17:00:00Z,122,touch,supply,452.94,453.07,2,
2021-09-01T19:00:00Z,122,rejection,supply,452.94,453.07,2,
2021-09-02T14:30:00Z,122,broken,supply,452.94,453.07,2,
2021-09-02T15:00:00Z,122,role_flip_retest,demand,452.94,453.07,3,
2021-09-02T16:00:00Z,124,created,demand,451.54,451.82,1,pivot
2021-09-02T16:00:00Z,124,volume_confluence,demand,451.54,451.82,2,POC:2021-08-31:451.672292
2021-09-02T16:00:00Z,124,qualified,demand,451.54,451.82,2,pivot|volume_profile
2021-09-02T17:00:00Z,125,created,supply,453.60043935756585,454.05,1,pivot
2021-09-02T18:00:00Z,122,broken,demand,452.94,453.07,3,
2021-09-02T20:00:00Z,83,age_expired,demand,435.911212542928,436.4,4,
2021-09-02T20:00:00Z,125,volume_confluence,supply,453.60043935756585,454.05,2,VAH:2021-09-02:453.737917
2021-09-02T20:00:00Z,125,qualified,supply,453.60043935756585,454.05,2,pivot|volume_profile
2021-09-03T14:30:00Z,124,touch,demand,451.54,451.82,2,
2021-09-03T14:30:00Z,124,rejection,demand,451.54,451.82,2,
2021-09-03T15:00:00Z,122,role_flip_retest,supply,452.94,453.07,3,
2021-09-03T16:00:00Z,122,rejection,supply,452.94,453.07,3,
2021-09-03T17:00:00Z,124,merged,demand,451.54,451.98,3,pivot
2021-09-03T18:00:00Z,108,broken_zone_expired,demand,446.9735728304973,447.11,3,
2021-09-03T18:00:00Z,122,broken,supply,452.94,453.07,3,
2021-09-03T20:00:00Z,125,touch,supply,453.60043935756585,454.05,2,
2021-09-03T20:00:00Z,125,rejection,supply,453.60043935756585,454.05,2,
2021-09-07T14:30:00Z,124,touch,demand,451.54,451.98,3,
2021-09-07T15:00:00Z,123,touch,demand,450.92,451.12,2,
2021-09-07T15:00:00Z,123,rejection,demand,450.92,451.12,2,
2021-09-07T16:00:00Z,123,rejection,demand,450.92,451.12,2,
2021-09-07T16:00:00Z,124,broken,demand,451.54,451.98,3,
2021-09-07T16:00:00Z,125,merged,supply,453.37,454.05,3,pivot
2021-09-07T18:00:00Z,123,merged,demand,450.74,451.21704200890395,3,pivot
2021-09-07T20:00:00Z,124,role_flip_retest,supply,451.54,451.98,4,
2021-09-08T14:30:00Z,121,touch,demand,449.99,450.35,2,
2021-09-08T14:30:00Z,121,rejection,demand,449.99,450.35,2,
2021-09-08T14:30:00Z,123,touch,demand,450.74,451.21704200890395,3,
2021-09-08T14:30:00Z,123,rejection,demand,450.74,451.21704200890395,3,
2021-09-08T15:00:00Z,116,touch,demand,449.07,449.46,4,
2021-09-08T15:00:00Z,121,broken,demand,449.99,450.35,2,
2021-09-08T15:00:00Z,123,broken,demand,450.74,451.21704200890395,3,
2021-09-08T15:00:00Z,124,touch,supply,451.54,451.98,4,
2021-09-08T15:00:00Z,124,rejection,supply,451.54,451.98,4,
2021-09-08T15:00:00Z,129,created,supply,450.89,451.43,1,order_block
2021-09-08T15:00:00Z,129,volume_confluence,supply,450.89,451.43,2,VAL:2021-08-31:451.214375
2021-09-08T15:00:00Z,129,qualified,supply,450.89,451.43,2,order_block|volume_profile
2021-09-08T16:00:00Z,121,role_flip_retest,supply,449.99,450.35,3,
2021-09-08T17:00:00Z,116,rejection,demand,449.07,449.46,4,
2021-09-08T17:00:00Z,123,role_flip_retest,supply,450.74,451.21704200890395,4,
2021-09-08T18:00:00Z,123,rejection,supply,450.74,451.21704200890395,4,
2021-09-08T18:00:00Z,116,merged,demand,448.86,449.46,5,pivot
2021-09-08T19:00:00Z,121,broken,supply,449.99,450.35,3,
2021-09-08T19:00:00Z,129,touch,supply,450.89,451.43,2,
2021-09-08T19:00:00Z,129,rejection,supply,450.89,451.43,2,
2021-09-09T14:30:00Z,123,broken,supply,450.74,451.21704200890395,4,
2021-09-09T14:30:00Z,124,touch,supply,451.54,451.98,4,
2021-09-09T14:30:00Z,129,broken,supply,450.89,451.43,2,
2021-09-09T16:00:00Z,123,role_flip_retest,demand,450.74,451.21704200890395,4,
2021-09-09T16:00:00Z,124,rejection,supply,451.54,451.98,4,
2021-09-09T17:00:00Z,123,broken,demand,450.74,451.21704200890395,4,
2021-09-09T18:00:00Z,116,touch,demand,448.86,449.46,5,
2021-09-09T18:00:00Z,123,role_flip_retest,supply,450.74,451.21704200890395,4,
2021-09-09T18:00:00Z,124,merged,supply,451.54,452.57,4,pivot
2021-09-09T19:00:00Z,116,rejection,demand,448.86,449.46,5,
2021-09-10T14:30:00Z,123,touch,supply,450.74,451.21704200890395,4,
2021-09-10T14:30:00Z,123,rejection,supply,450.74,451.21704200890395,4,
2021-09-10T15:00:00Z,114,touch,demand,448.0794170958048,448.46,4,
2021-09-10T15:00:00Z,116,broken,demand,448.86,449.46,5,
2021-09-10T16:00:00Z,114,broken,demand,448.0794170958048,448.46,4,
2021-09-10T18:00:00Z,116,role_flip_retest,supply,448.86,449.46,5,
2021-09-10T19:00:00Z,114,role_flip_retest,supply,448.0794170958048,448.46,4,
2021-09-10T19:00:00Z,132,created,demand,447.34,447.92,1,pivot
2021-09-10T20:00:00Z,105,touch,demand,445.44,445.93,4,
2021-09-10T20:00:00Z,118,broken,demand,446.16,446.72,4,
2021-09-10T20:00:00Z,132,broken,demand,447.34,447.92,1,
2021-09-10T20:00:00Z,114,merged,supply,447.9606800548399,449.32,5,order_block
2021-09-13T14:30:00Z,114,touch,supply,447.9606800548399,449.32,5,
2021-09-13T14:30:00Z,114,rejection,supply,447.9606800548399,449.32,5,
2021-09-13T14:30:00Z,116,touch,supply,448.86,449.46,5,
2021-09-13T14:30:00Z,116,rejection,supply,448.86,449.46,5,
2021-09-13T14:30:00Z,132,role_flip_retest,supply,447.34,447.92,2,
2021-09-13T14:30:00Z,132,volume_confluence,supply,447.34,447.92,3,POC:2021-09-10:447.756250
2021-09-13T14:30:00Z,132,qualified,supply,447.34,447.92,3,pivot|role_flip|volume_profile
2021-09-13T15:00:00Z,105,touch,demand,445.44,445.93,4,
2021-09-13T15:00:00Z,105,rejection,demand,445.44,445.93,4,
2021-09-13T15:00:00Z,132,rejection,supply,447.34,447.92,3,
2021-09-13T16:00:00Z,118,role_flip_retest,supply,446.16,446.72,5,
2021-09-13T17:00:00Z,105,rejection,demand,445.44,445.93,4,
2021-09-13T17:00:00Z,118,rejection,supply,446.16,446.72,5,
2021-09-13T18:00:00Z,105,broken,demand,445.44,445.93,4,
2021-09-13T18:00:00Z,118,rejection,supply,446.16,446.72,5,
2021-09-13T20:00:00Z,118,touch,supply,446.16,446.72,5,
2021-09-14T14:30:00Z,114,touch,supply,447.9606800548399,449.32,5,
2021-09-14T14:30:00Z,114,rejection,supply,447.9606800548399,449.32,5,
2021-09-14T14:30:00Z,118,rejection,supply,446.16,446.72,5,
2021-09-14T14:30:00Z,132,touch,supply,447.34,447.92,3,
2021-09-14T14:30:00Z,132,rejection,supply,447.34,447.92,3,
2021-09-14T15:00:00Z,105,role_flip_retest,supply,445.44,445.93,4,
2021-09-14T16:00:00Z,105,broken,supply,445.44,445.93,4,
2021-09-14T16:00:00Z,134,created,demand,444.11,444.86,1,pivot
2021-09-14T16:00:00Z,134,volume_confluence,demand,444.11,444.86,2,VAL:2021-09-13:444.611042
2021-09-14T16:00:00Z,134,qualified,demand,444.11,444.86,2,pivot|volume_profile
2021-09-14T17:00:00Z,118,touch,supply,446.16,446.72,5,
2021-09-14T17:00:00Z,118,rejection,supply,446.16,446.72,5,
2021-09-14T17:00:00Z,122,broken_zone_expired,supply,452.94,453.07,3,
2021-09-14T17:00:00Z,134,touch,demand,444.11,444.86,2,
2021-09-14T17:00:00Z,134,rejection,demand,444.11,444.86,2,
2021-09-14T17:00:00Z,114,merged,supply,447.9606800548399,449.32,5,pivot
2021-09-14T18:00:00Z,134,rejection,demand,444.11,444.86,2,
2021-09-15T14:30:00Z,134,rejection,demand,444.11,444.86,2,
2021-09-15T15:00:00Z,134,rejection,demand,444.11,444.86,2,
2021-09-15T15:00:00Z,136,created,demand,443.22,444.08812336390696,1,pivot
2021-09-15T15:00:00Z,136,volume_confluence,demand,443.22,444.08812336390696,2,POC:2021-09-14:443.966667
2021-09-15T15:00:00Z,136,qualified,demand,443.22,444.08812336390696,2,pivot|volume_profile
2021-09-15T16:00:00Z,134,rejection,demand,444.11,444.86,2,
2021-09-15T17:00:00Z,105,role_flip_retest,demand,445.44,445.93,4,
2021-09-15T17:00:00Z,118,broken,supply,446.16,446.72,5,
2021-09-15T18:00:00Z,132,touch,supply,447.34,447.92,3,
2021-09-15T19:00:00Z,132,rejection,supply,447.34,447.92,3,
2021-09-15T20:00:00Z,114,touch,supply,447.9606800548399,449.32,5,
2021-09-15T20:00:00Z,114,rejection,supply,447.9606800548399,449.32,5,
2021-09-16T14:30:00Z,105,touch,demand,445.44,445.93,4,
2021-09-16T14:30:00Z,105,rejection,demand,445.44,445.93,4,
2021-09-16T14:30:00Z,114,rejection,supply,447.9606800548399,449.32,5,
2021-09-16T14:30:00Z,132,rejection,supply,447.34,447.92,3,
2021-09-16T15:00:00Z,105,broken,demand,445.44,445.93,4,
2021-09-16T15:00:00Z,134,touch,demand,444.11,444.86,2,
2021-09-16T15:00:00Z,136,touch,demand,443.22,444.08812336390696,2,
2021-09-16T15:00:00Z,136,rejection,demand,443.22,444.08812336390696,2,
2021-09-16T16:00:00Z,134,rejection,demand,444.11,444.86,2,
2021-09-16T16:00:00Z,132,merged,supply,447.34,448.41,4,pivot
2021-09-16T18:00:00Z,118,role_flip_retest,demand,446.16,446.72,5,
2021-09-16T18:00:00Z,121,broken_zone_expired,supply,449.99,450.35,3,
2021-09-16T18:00:00Z,134,merged,demand,444.02,444.86,3,pivot
2021-09-16T19:00:00Z,118,rejection,demand,446.16,446.72,5,
2021-09-16T19:00:00Z,132,touch,supply,447.34,448.41,4,
2021-09-16T20:00:00Z,114,touch,supply,447.9606800548399,449.32,5,
2021-09-16T20:00:00Z,114,rejection,supply,447.9606800548399,449.32,5,
2021-09-16T20:00:00Z,129,broken_zone_expired,supply,450.89,451.43,2,
2021-09-16T20:00:00Z,132,rejection,supply,447.34,448.41,4,
2021-09-17T14:30:00Z,118,broken,demand,446.16,446.72,5,
2021-09-17T14:30:00Z,134,broken,demand,444.02,444.86,3,
2021-09-17T14:30:00Z,136,touch,demand,443.22,444.08812336390696,2,
2021-09-17T15:00:00Z,98,touch,demand,442.41984559038906,443.047042579372,4,
2021-09-17T15:00:00Z,136,broken,demand,443.22,444.08812336390696,2,
2021-09-17T16:00:00Z,98,broken,demand,442.41984559038906,443.047042579372,4,
2021-09-17T16:00:00Z,132,merged,supply,447.34,448.41,4,pivot
2021-09-17T17:00:00Z,136,role_flip_retest,supply,443.22,444.08812336390696,3,
2021-09-17T18:00:00Z,98,role_flip_retest,supply,442.41984559038906,443.047042579372,4,
2021-09-20T14:30:00Z,94,broken,demand,438.56,439.3642717289401,4,
2021-09-21T16:00:00Z,140,created,demand,428.86,429.69,1,pivot
2021-09-21T17:00:00Z,141,created,supply,436.5424147865544,437.91,1,pivot
2021-09-21T20:00:00Z,141,volume_confluence,supply,436.5424147865544,437.91,2,VAH:2021-09-21:435.994167
2021-09-21T20:00:00Z,141,qualified,supply,436.5424147865544,437.91,2,pivot|volume_profile
2021-09-22T14:30:00Z,141,touch,supply,436.5424147865544,437.91,2,
2021-09-22T16:00:00Z,141,broken,supply,436.5424147865544,437.91,2,
2021-09-22T17:00:00Z,94,role_flip_retest,supply,438.56,439.3642717289401,4,
2021-09-22T18:00:00Z,94,age_expired,supply,438.56,439.3642717289401,4,
2021-09-22T18:00:00Z,141,role_flip_retest,demand,436.5424147865544,437.91,3,
2021-09-23T14:30:00Z,98,touch,supply,442.41984559038906,443.047042579372,4,
2021-09-23T14:30:00Z,98,rejection,supply,442.41984559038906,443.047042579372,4,
2021-09-23T15:00:00Z,98,broken,supply,442.41984559038906,443.047042579372,4,
2021-09-23T15:00:00Z,136,touch,supply,443.22,444.08812336390696,3,
2021-09-23T16:00:00Z,98,role_flip_retest,demand,442.41984559038906,443.047042579372,4,
2021-09-23T17:00:00Z,134,role_flip_retest,supply,444.02,444.86,4,
2021-09-23T18:00:00Z,136,broken,supply,443.22,444.08812336390696,3,
2021-09-23T19:00:00Z,136,role_flip_retest,demand,443.22,444.08812336390696,3,
2021-09-23T20:00:00Z,98,touch,demand,442.41984559038906,443.047042579372,4,
2021-09-23T20:00:00Z,98,rejection,demand,442.41984559038906,443.047042579372,4,
2021-09-23T20:00:00Z,134,rejection,supply,444.02,444.86,4,
2021-09-23T20:00:00Z,136,broken,demand,443.22,444.08812336390696,3,
2021-09-24T14:30:00Z,98,rejection,demand,442.41984559038906,443.047042579372,4,
2021-09-24T14:30:00Z,105,broken_zone_expired,demand,445.44,445.93,4,
2021-09-24T14:30:00Z,134,merged,supply,444.02,444.89,4,pivot
2021-09-24T15:00:00Z,136,role_flip_retest,supply,443.22,444.08812336390696,3,
2021-09-24T16:00:00Z,98,rejection,demand,442.41984559038906,443.047042579372,4,
2021-09-24T16:00:00Z,136,rejection,supply,443.22,444.08812336390696,3,
2021-09-24T17:00:00Z,98,rejection,demand,442.41984559038906,443.047042579372,4,
2021-09-24T17:00:00Z,143,created,demand,441.21,441.44,1,pivot
2021-09-24T17:00:00Z,143,volume_confluence,demand,441.21,441.44,2,VAL:2021-09-17:441.110625
2021-09-24T17:00:00Z,143,qualified,demand,441.21,441.44,2,pivot|volume_profile
2021-09-24T18:00:00Z,136,rejection,supply,443.22,444.08812336390696,3,
2021-09-24T19:00:00Z,98,rejection,demand,442.41984559038906,443.047042579372,4,
2021-09-24T20:00:00Z,98,age_expired,demand,442.41984559038906,443.047042579372,4,
2021-09-24T20:00:00Z,118,broken_zone_expired,demand,446.16,446.72,5,
2021-09-24T20:00:00Z,134,touch,supply,444.02,444.89,4,
2021-09-24T20:00:00Z,134,rejection,supply,444.02,444.89,4,
2021-09-27T14:30:00Z,136,rejection,supply,443.22,444.08812336390696,3,
2021-09-27T15:00:00Z,134,touch,supply,444.02,444.89,4,
2021-09-27T15:00:00Z,134,rejection,supply,444.02,444.89,4,
2021-09-27T15:00:00Z,136,rejection,supply,443.22,444.08812336390696,3,
2021-09-27T16:00:00Z,136,rejection,supply,443.22,444.08812336390696,3,
2021-09-27T16:00:00Z,134,merged,supply,443.96,444.89,4,pivot
2021-09-27T17:00:00Z,136,rejection,supply,443.22,444.08812336390696,3,
2021-09-27T17:00:00Z,145,created,demand,441.9,442.81,1,pivot
2021-09-27T17:00:00Z,145,volume_confluence,demand,441.9,442.81,2,POC:2021-09-17:442.016875
2021-09-27T17:00:00Z,145,qualified,demand,441.9,442.81,2,pivot|volume_profile
2021-09-27T18:00:00Z,145,touch,demand,441.9,442.81,2,
2021-09-27T18:00:00Z,145,rejection,demand,441.9,442.81,2,
2021-09-27T20:00:00Z,136,rejection,supply,443.22,444.08812336390696,3,
2021-09-27T20:00:00Z,145,touch,demand,441.9,442.81,2,
2021-09-28T14:30:00Z,141,touch,demand,436.5424147865544,437.91,3,
2021-09-28T14:30:00Z,141,rejection,demand,436.5424147865544,437.91,3,
2021-09-28T14:30:00Z,143,broken,demand,441.21,441.44,2,
2021-09-28T14:30:00Z,145,broken,demand,441.9,442.81,2,
2021-09-28T15:00:00Z,141,broken,demand,436.5424147865544,437.91,3,
2021-09-28T15:00:00Z,136,merged,supply,442.31,444.08812336390696,4,order_block
2021-09-28T20:00:00Z,141,role_flip_retest,supply,436.5424147865544,437.91,3,
2021-09-29T14:30:00Z,147,created,demand,432.94,433.31,1,pivot
2021-09-29T14:30:00Z,147,volume_confluence,demand,432.94,433.31,2,VAL:2021-09-28:433.087917
2021-09-29T14:30:00Z,147,qualified,demand,432.94,433.31,2,pivot|volume_profile
2021-09-29T15:00:00Z,141,touch,supply,436.5424147865544,437.91,3,
2021-09-29T16:00:00Z,141,rejection,supply,436.5424147865544,437.91,3,
2021-09-29T18:00:00Z,141,merged,supply,436.5424147865544,437.91,4,pivot
2021-09-29T19:00:00Z,141,touch,supply,436.5424147865544,437.91,4,
2021-09-29T20:00:00Z,141,rejection,supply,436.5424147865544,437.91,4,
2021-09-30T14:30:00Z,141,rejection,supply,436.5424147865544,437.91,4,
2021-09-30T16:00:00Z,147,broken,demand,432.94,433.31,2,
2021-09-30T19:00:00Z,147,role_flip_retest,supply,432.94,433.31,3,
2021-09-30T20:00:00Z,140,touch,demand,428.86,429.69,1,
2021-09-30T20:00:00Z,147,rejection,supply,432.94,433.31,3,
2021-09-30T20:00:00Z,147,merged,supply,431.87,433.86,4,order_block
2021-09-30T20:00:00Z,140,volume_confluence,demand,428.86,429.69,2,VAL:2021-09-30:429.945208
2021-09-30T20:00:00Z,140,qualified,demand,428.86,429.69,2,pivot|volume_profile
2021-10-01T16:00:00Z,140,rejection,demand,428.86,429.69,2,
2021-10-01T16:00:00Z,147,touch,supply,431.87,433.86,4,
2021-10-01T16:00:00Z,147,rejection,supply,431.87,433.86,4,
2021-10-01T17:00:00Z,147,rejection,supply,431.87,433.86,4,
2021-10-01T18:00:00Z,140,merged,demand,427.23,429.69,3,pivot
2021-10-01T19:00:00Z,147,broken,supply,431.87,433.86,4,
2021-10-01T20:00:00Z,147,role_flip_retest,demand,431.87,433.86,4,
2021-10-04T15:00:00Z,140,touch,demand,427.23,429.69,3,
2021-10-04T15:00:00Z,147,broken,demand,431.87,433.86,4,
2021-10-04T16:00:00Z,151,created,supply,434.75,436.04,1,pivot
2021-10-04T16:00:00Z,151,volume_confluence,supply,434.75,436.04,2,POC:2021-09-28:434.862917
2021-10-04T16:00:00Z,151,qualified,supply,434.75,436.04,2,pivot|volume_profile
2021-10-04T19:00:00Z,152,created,demand,426.36,427.7252198424439,1,pivot
2021-10-04T20:00:00Z,152,touch,demand,426.36,427.7252198424439,1,
2021-10-04T20:00:00Z,152,rejection,demand,426.36,427.7252198424439,1,
2021-10-04T20:00:00Z,152,volume_confluence,demand,426.36,427.7252198424439,2,POC:2021-10-04:427.468333
2021-10-04T20:00:00Z,152,qualified,demand,426.36,427.7252198424439,2,pivot|volume_profile
2021-10-05T14:30:00Z,140,rejection,demand,427.23,429.69,3,
2021-10-05T16:00:00Z,151,touch,supply,434.75,436.04,2,
2021-10-05T16:00:00Z,151,rejection,supply,434.75,436.04,2,
2021-10-05T17:00:00Z,151,rejection,supply,434.75,436.04,2,
2021-10-05T20:00:00Z,143,broken_zone_expired,demand,441.21,441.44,2,
2021-10-05T20:00:00Z,145,broken_zone_expired,demand,441.9,442.81,2,
2021-10-05T20:00:00Z,151,rejection,supply,434.75,436.04,2,
2021-10-06T14:30:00Z,140,touch,demand,427.23,429.69,3,
2021-10-06T15:00:00Z,140,rejection,demand,427.23,429.69,3,
2021-10-06T15:00:00Z,152,touch,demand,426.36,427.7252198424439,2,
2021-10-06T15:00:00Z,152,rejection,demand,426.36,427.7252198424439,2,
2021-10-06T15:00:00Z,151,merged,supply,434.75,436.04,3,pivot
2021-10-06T16:00:00Z,140,rejection,demand,427.23,429.69,3,
2021-10-06T17:00:00Z,140,rejection,demand,427.23,429.69,3,
2021-10-06T18:00:00Z,140,rejection,demand,427.23,429.69,3,
2021-10-06T18:00:00Z,140,merged,demand,427.23,429.69,3,pivot
2021-10-06T20:00:00Z,151,touch,supply,434.75,436.04,3,
2021-10-07T14:30:00Z,141,broken,supply,436.5424147865544,437.91,4,
2021-10-07T14:30:00Z,151,broken,supply,434.75,436.04,3,
2021-10-07T18:00:00Z,155,created,supply,441.34,441.68,1,pivot
2021-10-07T20:00:00Z,155,volume_confluence,supply,441.34,441.68,2,VAH:2021-10-07:441.607500
2021-10-07T20:00:00Z,155,qualified,supply,441.34,441.68,2,pivot|volume_profile
2021-10-08T17:00:00Z,141,role_flip_retest,demand,436.5424147865544,437.91,4,
2021-10-08T18:00:00Z,141,rejection,demand,436.5424147865544,437.91,4,
2021-10-08T20:00:00Z,141,touch,demand,436.5424147865544,437.91,4,
2021-10-11T14:30:00Z,141,rejection,demand,436.5424147865544,437.91,4,
2021-10-11T17:00:00Z,141,touch,demand,436.5424147865544,437.91,4,
2021-10-11T17:00:00Z,141,rejection,demand,436.5424147865544,437.91,4,
2021-10-11T17:00:00Z,141,merged,demand,436.5424147865544,437.91,4,pivot
2021-10-11T18:00:00Z,151,role_flip_retest,demand,434.75,436.04,4,
2021-10-11T18:00:00Z,157,created,supply,439.64,440.26,1,pivot
2021-10-11T18:00:00Z,157,volume_confluence,supply,439.64,440.26,2,VAL:2021-10-07:439.577500
2021-10-11T18:00:00Z,157,qualified,supply,439.64,440.26,2,pivot|volume_profile
2021-10-11T20:00:00Z,141,broken,demand,436.5424147865544,437.91,4,
2021-10-11T20:00:00Z,151,touch,demand,434.75,436.04,4,
2021-10-12T14:30:00Z,147,broken_zone_expired,demand,431.87,433.86,4,
2021-10-12T14:30:00Z,151,broken,demand,434.75,436.04,4,
2021-10-12T15:00:00Z,151,role_flip_retest,supply,434.75,436.04,4,
2021-10-12T17:00:00Z,114,age_expired,supply,447.9606800548399,449.32,5,
2021-10-12T17:00:00Z,151,rejection,supply,434.75,436.04,4,
2021-10-12T17:00:00Z,158,created,demand,433.5,434.11,1,pivot
2021-10-12T17:00:00Z,158,volume_confluence,demand,433.5,434.11,2,VAL:2021-10-05:433.075417
2021-10-12T17:00:00Z,158,qualified,demand,433.5,434.11,2,pivot|volume_profile
2021-10-12T18:00:00Z,151,rejection,supply,434.75,436.04,4,
2021-10-12T18:00:00Z,158,touch,demand,433.5,434.11,2,
2021-10-12T18:00:00Z,158,rejection,demand,433.5,434.11,2,
2021-10-12T19:00:00Z,151,rejection,supply,434.75,436.04,4,
2021-10-12T19:00:00Z,158,rejection,demand,433.5,434.11,2,
2021-10-13T14:30:00Z,151,touch,supply,434.75,436.04,4,
2021-10-13T14:30:00Z,151,rejection,supply,434.75,436.04,4,
2021-10-13T14:30:00Z,158,broken,demand,433.5,434.11,2,
2021-10-13T18:00:00Z,151,touch,supply,434.75,436.04,4,
2021-10-13T18:00:00Z,159,created,demand,431.54,432.5071790657663,1,pivot
2021-10-13T18:00:00Z,159,volume_confluence,demand,431.54,432.5071790657663,2,VAH:2021-10-06:432.751250
2021-10-13T18:00:00Z,159,qualified,demand,431.54,432.5071790657663,2,pivot|volume_profile
2021-10-13T19:00:00Z,151,rejection,supply,434.75,436.04,4,
2021-10-14T14:30:00Z,151,broken,supply,434.75,436.04,4,
2021-10-14T14:30:00Z,157,touch,supply,439.64,440.26,2,
2021-10-14T14:30:00Z,157,rejection,supply,439.64,440.26,2,
2021-10-14T15:00:00Z,157,broken,supply,439.64,440.26,2,
2021-10-14T16:00:00Z,155,touch,supply,441.34,441.68,2,
2021-10-14T17:00:00Z,155,broken,supply,441.34,441.68,2,
2021-10-14T18:00:00Z,116,age_expired,supply,448.86,449.46,5,
2021-10-14T18:00:00Z,136,touch,supply,442.31,444.08812336390696,4,
2021-10-14T18:00:00Z,136,rejection,supply,442.31,444.08812336390696,4,
2021-10-14T18:00:00Z,155,role_flip_retest,demand,441.34,441.68,3,
2021-10-14T20:00:00Z,155,touch,demand,441.34,441.68,3,
2021-10-14T20:00:00Z,155,rejection,demand,441.34,441.68,3,
2021-10-15T14:30:00Z,134,broken,supply,443.96,444.89,4,
2021-10-15T14:30:00Z,136,broken,supply,442.31,444.08812336390696,4,
2021-10-15T15:00:00Z,134,role_flip_retest,demand,443.96,444.89,4,
2021-10-15T17:00:00Z,134,rejection,demand,443.96,444.89,4,
2021-10-18T14:30:00Z,134,touch,demand,443.96,444.89,4,
2021-10-18T14:30:00Z,134,rejection,demand,443.96,444.89,4,
2021-10-18T14:30:00Z,136,role_flip_retest,demand,442.31,444.08812336390696,4,
2021-10-18T15:00:00Z,160,created,supply,446.04,446.26,1,pivot
2021-10-18T15:00:00Z,160,volume_confluence,supply,446.04,446.26,2,VAH:2021-10-15:446.124375
2021-10-18T15:00:00Z,160,qualified,supply,446.04,446.26,2,pivot|volume_profile
2021-10-18T16:00:00Z,160,broken,supply,446.04,446.26,2,
2021-10-18T17:00:00Z,161,created,demand,443.27,443.97,1,pivot
2021-10-18T20:00:00Z,132,touch,supply,447.34,448.41,4,
2021-10-18T20:00:00Z,132,rejection,supply,447.34,448.41,4,
2021-10-19T14:30:00Z,132,broken,supply,447.34,448.41,4,
2021-10-19T19:00:00Z,141,broken_zone_expired,demand,436.5424147865544,437.91,4,
2021-10-19T20:00:00Z,123,age_expired,supply,450.74,451.21704200890395,4,
2021-10-20T14:30:00Z,124,touch,supply,451.54,452.57,4,
2021-10-20T18:00:00Z,162,created,supply,452.1525710973968,452.74,1,pivot
2021-10-20T19:00:00Z,162,touch,supply,452.1525710973968,452.74,1,
2021-10-20T20:00:00Z,158,broken_zone_expired,demand,433.5,434.11,2,
2021-10-20T20:00:00Z,162,volume_confluence,supply,452.1525710973968,452.74,2,VAH:2021-10-20:452.487708
2021-10-20T20:00:00Z,162,qualified,supply,452.1525710973968,452.74,2,pivot|volume_profile
2021-10-21T14:30:00Z,162,rejection,supply,452.1525710973968,452.74,2,
2021-10-21T16:00:00Z,162,rejection,supply,452.1525710973968,452.74,2,
2021-10-21T17:00:00Z,162,rejection,supply,452.1525710973968,452.74,2,
2021-10-21T18:00:00Z,162,rejection,supply,452.1525710973968,452.74,2,
2021-10-21T18:00:00Z,162,merged,supply,452.1525710973968,452.86,3,pivot
2021-10-21T19:00:00Z,124,age_expired,supply,451.54,452.57,4,
2021-10-21T20:00:00Z,125,age_expired,supply,453.37,454.05,3,
2021-10-21T20:00:00Z,151,broken_zone_expired,supply,434.75,436.04,4,
2021-10-21T20:00:00Z,162,broken,supply,452.1525710973968,452.86,3,
2021-10-22T14:30:00Z,157,broken_zone_expired,supply,439.64,440.26,2,
2021-10-22T18:00:00Z,164,created,supply,454.01581009893994,454.67,1,pivot
2021-10-22T19:00:00Z,162,role_flip_retest,demand,452.1525710973968,452.86,4,
2021-10-22T19:00:00Z,164,touch,supply,454.01581009893994,454.67,1,
2021-10-22T19:00:00Z,164,rejection,supply,454.01581009893994,454.67,1,
2021-10-22T19:00:00Z,165,created,demand,451.05,451.71835490812725,1,pivot
2021-10-22T19:00:00Z,165,volume_confluence,demand,451.05,451.71835490812725,2,VAL:2021-10-20:451.694792
2021-10-22T19:00:00Z,165,qualified,demand,451.05,451.71835490812725,2,pivot|volume_profile
2021-10-22T20:00:00Z,162,rejection,demand,452.1525710973968,452.86,4,
2021-10-22T20:00:00Z,164,volume_confluence,supply,454.01581009893994,454.67,2,VAH:2021-10-22:453.991250
2021-10-22T20:00:00Z,164,qualified,supply,454.01581009893994,454.67,2,pivot|volume_profile
2021-10-25T14:30:00Z,162,rejection,demand,452.1525710973968,452.86,4,
2021-10-25T14:30:00Z,164,touch,supply,454.01581009893994,454.67,2,
2021-10-25T14:30:00Z,164,rejection,supply,454.01581009893994,454.67,2,
2021-10-25T16:00:00Z,164,broken,supply,454.01581009893994,454.67,2,
2021-10-26T15:00:00Z,160,broken_zone_expired,supply,446.04,446.26,2,
2021-10-26T18:00:00Z,166,created,supply,458.13,458.49,1,pivot
2021-10-26T20:00:00Z,132,broken_zone_expired,supply,447.34,448.41,4,
2021-10-27T17:00:00Z,167,created,demand,455.33,455.98861890644366,1,pivot
2021-10-27T17:00:00Z,167,volume_confluence,demand,455.33,455.98861890644366,2,VAH:2021-10-25:455.826875
2021-10-27T17:00:00Z,167,qualified,demand,455.33,455.98861890644366,2,pivot|volume_profile
2021-10-27T20:00:00Z,167,broken,demand,455.33,455.98861890644366,2,
2021-10-27T20:00:00Z,168,created,supply,456.19,456.97,1,order_block
2021-10-27T20:00:00Z,168,volume_confluence,supply,456.19,456.97,2,POC:2021-10-27:456.128750
2021-10-27T20:00:00Z,168,qualified,supply,456.19,456.97,2,order_block|volume_profile
2021-10-28T14:30:00Z,168,touch,supply,456.19,456.97,2,
2021-10-28T15:00:00Z,168,broken,supply,456.19,456.97,2,
2021-10-28T16:00:00Z,168,role_flip_retest,demand,456.19,456.97,3,
2021-10-28T16:00:00Z,169,created,demand,453.86,454.02733656757096,1,pivot
2021-10-28T16:00:00Z,169,volume_confluence,demand,453.86,454.02733656757096,2,VAH:2021-10-22:453.991250
2021-10-28T16:00:00Z,169,qualified,demand,453.86,454.02733656757096,2,pivot|volume_profile
2021-10-28T18:00:00Z,168,rejection,demand,456.19,456.97,3,
2021-10-28T18:00:00Z,166,merged,supply,457.47,458.49,2,pivot
2021-10-28T18:00:00Z,166,qualified,supply,457.47,458.49,2,pivot|repeated_pivot
2021-10-28T18:00:00Z,166,volume_confluence,supply,457.47,458.49,3,VAH:2021-10-26:457.452292
2021-10-28T19:00:00Z,166,touch,supply,457.47,458.49,3,
2021-10-29T14:30:00Z,166,rejection,supply,457.47,458.49,3,
2021-10-29T14:30:00Z,168,touch,demand,456.19,456.97,3,
2021-10-29T14:30:00Z,168,rejection,demand,456.19,456.97,3,
2021-10-29T15:00:00Z,166,rejection,supply,457.47,458.49,3,
2021-10-29T15:00:00Z,168,rejection,demand,456.19,456.97,3,
2021-10-29T17:00:00Z,166,broken,supply,457.47,458.49,3,
2021-10-29T17:00:00Z,171,created,demand,455.56,455.87,1,pivot
2021-10-29T17:00:00Z,171,volume_confluence,demand,455.56,455.87,2,VAH:2021-10-25:455.826875
2021-10-29T17:00:00Z,171,qualified,demand,455.56,455.87,2,pivot|volume_profile
2021-10-29T18:00:00Z,166,role_flip_retest,demand,457.47,458.49,4,
2021-10-29T20:00:00Z,166,rejection,demand,457.47,458.49,4,
2021-11-01T15:00:00Z,166,touch,demand,457.47,458.49,4,
2021-11-01T15:00:00Z,166,rejection,demand,457.47,458.49,4,
2021-11-01T17:00:00Z,172,created,supply,460.3,460.71,1,pivot
2021-11-01T19:00:00Z,134,age_expired,demand,443.96,444.89,4,
2021-11-01T19:00:00Z,166,touch,demand,457.47,458.49,4,
2021-11-01T19:00:00Z,166,rejection,demand,457.47,458.49,4,
2021-11-01T20:00:00Z,172,volume_confluence,supply,460.3,460.71,2,VAH:2021-11-01:460.030208
2021-11-01T20:00:00Z,172,qualified,supply,460.3,460.71,2,pivot|volume_profile
2021-11-02T14:30:00Z,172,broken,supply,460.3,460.71,2,
2021-11-02T15:00:00Z,164,broken_zone_expired,supply,454.01581009893994,454.67,2,
2021-11-02T18:00:00Z,136,age_expired,demand,442.31,444.08812336390696,4,
2021-11-02T19:00:00Z,173,created,supply,461.60247422933327,462.23,1,pivot
2021-11-02T20:00:00Z,173,touch,supply,461.60247422933327,462.23,1,
2021-11-02T20:00:00Z,173,volume_confluence,supply,461.60247422933327,462.23,2,VAH:2021-11-02:462.006042
2021-11-02T20:00:00Z,173,qualified,supply,461.60247422933327,462.23,2,pivot|volume_profile
2021-11-03T15:00:00Z,173,touch,supply,461.60247422933327,462.23,2,
2021-11-03T15:00:00Z,173,rejection,supply,461.60247422933327,462.23,2,
2021-11-03T18:00:00Z,174,created,demand,460.83,461.3529359381622,1,pivot
2021-11-03T18:00:00Z,174,volume_confluence,demand,460.83,461.3529359381622,2,VAL:2021-11-02:461.289375
2021-11-03T18:00:00Z,174,qualified,demand,460.83,461.3529359381622,2,pivot|volume_profile
2021-11-03T19:00:00Z,173,broken,supply,461.60247422933327,462.23,2,
2021-11-03T19:00:00Z,174,touch,demand,460.83,461.3529359381622,2,
2021-11-03T19:00:00Z,174,rejection,demand,460.83,461.3529359381622,2,
2021-11-03T19:00:00Z,174,merged,demand,460.83,461.3529359381622,3,order_block
2021-11-04T18:00:00Z,176,created,supply,466.5,467.0,1,pivot
2021-11-04T19:00:00Z,167,broken_zone_expired,demand,455.33,455.98861890644366,2,
2021-11-04T20:00:00Z,176,touch,supply,466.5,467.0,1,
2021-11-04T20:00:00Z,176,volume_confluence,supply,466.5,467.0,2,VAH:2021-11-04:466.539375
2021-11-04T20:00:00Z,176,qualified,supply,466.5,467.0,2,pivot|volume_profile
2021-11-05T14:30:00Z,176,broken,supply,466.5,467.0,2,
2021-11-05T18:00:00Z,176,role_flip_retest,demand,466.5,467.0,3,
2021-11-05T18:00:00Z,177,created,supply,470.26,470.65,1,pivot
2021-11-08T20:00:00Z,140,age_expired,demand,427.23,429.69,3,
2021-11-09T15:30:00Z,176,touch,demand,466.5,467.0,3,
2021-11-09T16:00:00Z,176,rejection,demand,466.5,467.0,3,
2021-11-09T18:00:00Z,178,created,supply,469.32,469.57,1,pivot
2021-11-09T18:00:00Z,178,volume_confluence,supply,469.32,469.57,2,VAH:2021-11-08:469.511042
2021-11-09T18:00:00Z,178,qualified,supply,469.32,469.57,2,pivot|volume_profile
2021-11-09T19:00:00Z,176,broken,demand,466.5,467.0,3,
2021-11-09T21:00:00Z,172,broken_zone_expired,supply,460.3,460.71,2,
2021-11-09T21:00:00Z,179,created,demand,465.88,466.56,1,pivot
2021-11-09T21:00:00Z,179,volume_confluence,demand,465.88,466.56,2,POC:2021-11-04:466.204375
2021-11-09T21:00:00Z,179,qualified,demand,465.88,466.56,2,pivot|volume_profile
2021-11-10T15:30:00Z,179,touch,demand,465.88,466.56,2,
2021-11-10T15:30:00Z,179,rejection,demand,465.88,466.56,2,
2021-11-10T17:00:00Z,179,touch,demand,465.88,466.56,2,
2021-11-10T17:00:00Z,179,rejection,demand,465.88,466.56,2,
2021-11-10T18:00:00Z,176,role_flip_retest,supply,466.5,467.0,3,
2021-11-10T18:00:00Z,179,merged,demand,465.31,466.56,3,pivot
2021-11-10T19:00:00Z,179,broken,demand,465.31,466.56,3,
2021-11-10T19:00:00Z,176,merged,supply,466.5,467.3,4,order_block
2021-11-10T20:00:00Z,173,role_flip_retest,demand,461.60247422933327,462.23,3,
2021-11-11T16:00:00Z,173,merged,demand,461.60247422933327,462.75,4,pivot
2021-11-12T17:00:00Z,176,touch,supply,466.5,467.3,4,
2021-11-12T17:00:00Z,183,created,demand,463.75,463.90336170761134,1,pivot
2021-11-12T17:00:00Z,184,created,demand,464.11,465.12,1,order_block
2021-11-12T17:00:00Z,183,volume_confluence,demand,463.75,463.90336170761134,2,VAL:2021-11-11:463.910417
2021-11-12T17:00:00Z,183,qualified,demand,463.75,463.90336170761134,2,pivot|volume_profile
2021-11-12T17:00:00Z,184,volume_confluence,demand,464.11,465.12,2,POC:2021-11-11:464.231250
2021-11-12T17:00:00Z,184,qualified,demand,464.11,465.12,2,order_block|volume_profile
2021-11-15T15:30:00Z,176,broken,supply,466.5,467.3,4,
2021-11-15T18:00:00Z,185,created,supply,468.64,468.81,1,pivot
2021-11-15T18:00:00Z,185,volume_confluence,supply,468.64,468.81,2,VAL:2021-11-08:468.665208
2021-11-15T18:00:00Z,185,qualified,supply,468.64,468.81,2,pivot|volume_profile
2021-11-15T21:00:00Z,176,role_flip_retest,demand,466.5,467.3,4,
2021-11-15T21:00:00Z,176,merged,demand,466.23,467.3,5,pivot
2021-11-16T15:30:00Z,176,rejection,demand,466.23,467.3,5,
2021-11-16T15:30:00Z,185,touch,supply,468.64,468.81,2,
2021-11-16T15:30:00Z,185,rejection,supply,468.64,468.81,2,
2021-11-16T16:00:00Z,185,rejection,supply,468.64,468.81,2,
2021-11-16T17:00:00Z,178,broken,supply,469.32,469.57,2,
2021-11-16T17:00:00Z,185,broken,supply,468.64,468.81,2,
2021-11-16T18:00:00Z,178,role_flip_retest,demand,469.32,469.57,3,
2021-11-16T19:00:00Z,177,touch,supply,470.26,470.65,1,
2021-11-16T20:00:00Z,177,rejection,supply,470.26,470.65,1,
2021-11-16T21:00:00Z,178,broken,demand,469.32,469.57,3,
2021-11-16T21:00:00Z,177,volume_confluence,supply,470.26,470.65,2,VAH:2021-11-16:470.276250
2021-11-16T21:00:00Z,177,qualified,supply,470.26,470.65,2,pivot|volume_profile
2021-11-17T16:00:00Z,177,merged,supply,470.26,470.65,3,pivot
2021-11-17T17:00:00Z,185,role_flip_retest,demand,468.64,468.81,3,
2021-11-17T18:00:00Z,185,broken,demand,468.64,468.81,3,
2021-11-17T18:00:00Z,188,created,demand,467.48,467.6199191986564,1,pivot
2021-11-17T18:00:00Z,188,volume_confluence,demand,467.48,467.6199191986564,2,VAH:2021-11-09:467.494375
2021-11-17T18:00:00Z,188,qualified,demand,467.48,467.6199191986564,2,pivot|volume_profile
2021-11-17T20:00:00Z,185,role_flip_retest,supply,468.64,468.81,3,
2021-11-17T21:00:00Z,185,rejection,supply,468.64,468.81,3,
2021-11-18T15:30:00Z,185,rejection,supply,468.64,468.81,3,
2021-11-18T16:00:00Z,176,touch,demand,466.23,467.3,5,
2021-11-18T16:00:00Z,176,rejection,demand,466.23,467.3,5,
2021-11-18T16:00:00Z,185,rejection,supply,468.64,468.81,3,
2021-11-18T16:00:00Z,188,touch,demand,467.48,467.6199191986564,2,
2021-11-18T17:00:00Z,176,rejection,demand,466.23,467.3,5,
2021-11-18T17:00:00Z,185,broken,supply,468.64,468.81,3,
2021-11-18T17:00:00Z,188,rejection,demand,467.48,467.6199191986564,2,
2021-11-18T18:00:00Z,178,role_flip_retest,supply,469.32,469.57,3,
2021-11-18T18:00:00Z,179,broken_zone_expired,demand,465.31,466.56,3,
2021-11-18T18:00:00Z,185,role_flip_retest,demand,468.64,468.81,3,
2021-11-18T19:00:00Z,176,merged,demand,466.23,467.3,5,pivot
2021-11-18T20:00:00Z,185,touch,demand,468.64,468.81,3,
2021-11-18T20:00:00Z,185,rejection,demand,468.64,468.81,3,
2021-11-18T21:00:00Z,178,broken,supply,469.32,469.57,3,
2021-11-19T15:30:00Z,178,role_flip_retest,demand,469.32,469.57,3,
2021-11-19T15:30:00Z,185,touch,demand,468.64,468.81,3,
2021-11-19T15:30:00Z,185,rejection,demand,468.64,468.81,3,
2021-11-19T16:00:00Z,185,rejection,demand,468.64,468.81,3,
2021-11-19T17:00:00Z,178,rejection,demand,469.32,469.57,3,
2021-11-19T18:00:00Z,177,touch,supply,470.26,470.65,3,
2021-11-19T19:00:00Z,177,rejection,supply,470.26,470.65,3,
2021-11-19T19:00:00Z,178,touch,demand,469.32,469.57,3,
2021-11-19T19:00:00Z,185,touch,demand,468.64,468.81,3,
2021-11-19T19:00:00Z,185,rejection,demand,468.64,468.81,3,
2021-11-19T21:00:00Z,178,broken,demand,469.32,469.57,3,
2021-11-19T21:00:00Z,185,touch,demand,468.64,468.81,3,
2021-11-19T21:00:00Z,185,rejection,demand,468.64,468.81,3,
2021-11-19T21:00:00Z,177,merged,supply,470.26,470.94,3,pivot
2021-11-22T15:30:00Z,177,broken,supply,470.26,470.94,3,
2021-11-22T15:30:00Z,185,merged,demand,468.5,469.24488677970896,4,pivot
2021-11-22T15:30:00Z,185,merged,demand,468.5,469.4,5,order_block
2021-11-22T16:00:00Z,152,age_expired,demand,426.36,427.7252198424439,2,
2021-11-22T17:00:00Z,185,touch,demand,468.5,469.4,5,
2021-11-22T17:00:00Z,185,rejection,demand,468.5,469.4,5,
2021-11-22T19:00:00Z,193,created,supply,472.79,473.54,1,pivot
2021-11-22T20:00:00Z,177,role_flip_retest,demand,470.26,470.94,4,
2021-11-22T21:00:00Z,177,broken,demand,470.26,470.94,4,
2021-11-22T21:00:00Z,178,role_flip_retest,supply,469.32,469.57,3,
2021-11-22T21:00:00Z,185,broken,demand,468.5,469.4,5,
2021-11-22T21:00:00Z,188,touch,demand,467.48,467.6199191986564,2,
2021-11-22T21:00:00Z,194,created,supply,470.73,471.88,1,order_block
2021-11-22T21:00:00Z,193,volume_confluence,supply,472.79,473.54,2,VAH:2021-11-22:472.637292
2021-11-22T21:00:00Z,193,qualified,supply,472.79,473.54,2,pivot|volume_profile
2021-11-22T21:00:00Z,194,volume_confluence,supply,470.73,471.88,2,POC:2021-11-22:470.831875
2021-11-22T21:00:00Z,194,qualified,supply,470.73,471.88,2,order_block|volume_profile
2021-11-23T15:30:00Z,176,touch,demand,466.23,467.3,5,
2021-11-23T15:30:00Z,176,rejection,demand,466.23,467.3,5,
2021-11-23T15:30:00Z,188,rejection,demand,467.48,467.6199191986564,2,
2021-11-23T16:00:00Z,176,broken,demand,466.23,467.3,5,
2021-11-23T16:00:00Z,184,touch,demand,464.11,465.12,2,
2021-11-23T16:00:00Z,185,role_flip_retest,supply,468.5,469.4,5,
2021-11-23T16:00:00Z,188,broken,demand,467.48,467.6199191986564,2,
2021-11-23T16:00:00Z,195,created,supply,467.22,469.1,1,order_block
2021-11-23T16:00:00Z,195,volume_confluence,supply,467.22,469.1,2,POC:2021-11-15:467.466250
2021-11-23T16:00:00Z,195,qualified,supply,467.22,469.1,2,order_block|volume_profile
2021-11-23T17:00:00Z,176,role_flip_retest,supply,466.23,467.3,5,
2021-11-23T17:00:00Z,184,rejection,demand,464.11,465.12,2,
2021-11-23T18:00:00Z,176,rejection,supply,466.23,467.3,5,
2021-11-23T19:00:00Z,184,touch,demand,464.11,465.12,2,
2021-11-23T19:00:00Z,184,rejection,demand,464.11,465.12,2,
2021-11-23T20:00:00Z,176,broken,supply,466.23,467.3,5,
2021-11-23T20:00:00Z,195,touch,supply,467.22,469.1,2,
2021-11-23T20:00:00Z,184,merged,demand,464.11,465.12,3,pivot
2021-11-23T21:00:00Z,176,role_flip_retest,demand,466.23,467.3,5,
2021-11-23T21:00:00Z,185,touch,supply,468.5,469.4,5,
2021-11-23T21:00:00Z,185,rejection,supply,468.5,469.4,5,
2021-11-24T16:00:00Z,176,rejection,demand,466.23,467.3,5,
2021-11-24T16:00:00Z,188,role_flip_retest,supply,467.48,467.6199191986564,3,
2021-11-24T16:00:00Z,195,touch,supply,467.22,469.1,2,
2021-11-24T17:00:00Z,176,rejection,demand,466.23,467.3,5,
2021-11-24T17:00:00Z,185,touch,supply,468.5,469.4,5,
2021-11-24T17:00:00Z,185,rejection,supply,468.5,469.4,5,
2021-11-24T17:00:00Z,188,broken,supply,467.48,467.6199191986564,3,
2021-11-24T19:00:00Z,185,rejection,supply,468.5,469.4,5,
2021-11-24T20:00:00Z,188,role_flip_retest,demand,467.48,467.6199191986564,3,
2021-11-24T21:00:00Z,178,touch,supply,469.32,469.57,3,
2021-11-24T21:00:00Z,195,broken,supply,467.22,469.1,2,
2021-11-26T15:30:00Z,155,age_expired,demand,441.34,441.68,3,
2021-11-26T15:30:00Z,173,touch,demand,461.60247422933327,462.75,4,
2021-11-26T15:30:00Z,174,touch,demand,460.83,461.3529359381622,3,
2021-11-26T15:30:00Z,174,rejection,demand,460.83,461.3529359381622,3,
2021-11-26T15:30:00Z,176,broken,demand,466.23,467.3,5,
2021-11-26T15:30:00Z,183,broken,demand,463.75,463.90336170761134,2,
2021-11-26T15:30:00Z,184,broken,demand,464.11,465.12,3,
2021-11-26T15:30:00Z,188,broken,demand,467.48,467.6199191986564,3,
2021-11-26T16:00:00Z,173,broken,demand,461.60247422933327,462.75,4,
2021-11-26T16:00:00Z,174,broken,demand,460.83,461.3529359381622,3,
2021-11-26T17:00:00Z,166,touch,demand,457.47,458.49,4,
2021-11-26T17:00:00Z,166,rejection,demand,457.47,458.49,4,
2021-11-26T17:00:00Z,178,merged,supply,469.29649401092524,469.57,4,pivot
2021-11-26T18:00:00Z,166,rejection,demand,457.47,458.49,4,
2021-11-26T18:00:00Z,174,role_flip_retest,supply,460.83,461.3529359381622,4,
2021-11-29T15:30:00Z,174,broken,supply,460.83,461.3529359381622,4,
2021-11-29T15:30:00Z,183,role_flip_retest,supply,463.75,463.90336170761134,3,
2021-11-29T15:30:00Z,184,role_flip_retest,supply,464.11,465.12,4,
2021-11-29T16:00:00Z,183,rejection,supply,463.75,463.90336170761134,3,
2021-11-29T17:00:00Z,183,broken,supply,463.75,463.90336170761134,3,
2021-11-29T17:00:00Z,184,touch,supply,464.11,465.12,4,
2021-11-29T17:00:00Z,166,merged,demand,457.47,458.94,4,pivot
2021-11-29T18:00:00Z,176,role_flip_retest,supply,466.23,467.3,5,
2021-11-29T18:00:00Z,184,broken,supply,464.11,465.12,4,
2021-11-29T20:00:00Z,176,rejection,supply,466.23,467.3,5,
2021-11-29T21:00:00Z,176,rejection,supply,466.23,467.3,5,
2021-11-30T15:30:00Z,174,role_flip_retest,demand,460.83,461.3529359381622,4,
2021-11-30T15:30:00Z,176,merged,supply,466.23,467.3,5,pivot
2021-11-30T16:00:00Z,166,touch,demand,457.47,458.94,4,
2021-11-30T16:00:00Z,173,role_flip_retest,supply,461.60247422933327,462.75,4,
2021-11-30T16:00:00Z,174,broken,demand,460.83,461.3529359381622,4,
2021-11-30T17:00:00Z,166,broken,demand,457.47,458.94,4,
2021-11-30T17:00:00Z,168,touch,demand,456.19,456.97,3,
2021-11-30T17:00:00Z,168,rejection,demand,456.19,456.97,3,
2021-11-30T18:00:00Z,166,role_flip_retest,supply,457.47,458.94,4,
2021-11-30T18:00:00Z,168,rejection,demand,456.19,456.97,3,
2021-11-30T18:00:00Z,171,touch,demand,455.56,455.87,2,
2021-11-30T18:00:00Z,171,rejection,demand,455.56,455.87,2,
2021-11-30T19:00:00Z,168,rejection,demand,456.19,456.97,3,
2021-11-30T20:00:00Z,166,rejection,supply,457.47,458.94,4,
2021-11-30T20:00:00Z,168,rejection,demand,456.19,456.97,3,
2021-11-30T21:00:00Z,166,rejection,supply,457.47,458.94,4,
2021-11-30T21:00:00Z,171,touch,demand,455.56,455.87,2,
2021-11-30T21:00:00Z,171,rejection,demand,455.56,455.87,2,
2021-12-01T15:30:00Z,166,broken,supply,457.47,458.94,4,
2021-12-01T15:30:00Z,173,touch,supply,461.60247422933327,462.75,4,
2021-12-01T15:30:00Z,173,rejection,supply,461.60247422933327,462.75,4,
2021-12-01T16:00:00Z,173,broken,supply,461.60247422933327,462.75,4,
2021-12-01T17:00:00Z,171,merged,demand,455.3,456.16,3,pivot
2021-12-01T18:00:00Z,174,role_flip_retest,supply,460.83,461.3529359381622,4,
2021-12-01T19:00:00Z,166,role_flip_retest,demand,457.47,458.94,4,
2021-12-01T19:00:00Z,174,rejection,supply,460.83,461.3529359381622,4,
2021-12-01T20:00:00Z,168,touch,demand,456.19,456.97,3,
2021-12-01T20:00:00Z,168,rejection,demand,456.19,456.97,3,
2021-12-01T20:00:00Z,201,created,supply,463.45,464.67,1,pivot
2021-12-01T20:00:00Z,201,volume_confluence,supply,463.45,464.67,2,VAL:2021-11-29:463.641875
2021-12-01T20:00:00Z,201,qualified,supply,463.45,464.67,2,pivot|volume_profile
2021-12-01T21:00:00Z,162,broken,demand,452.1525710973968,452.86,4,
2021-12-01T21:00:00Z,165,broken,demand,451.05,451.71835490812725,2,
2021-12-01T21:00:00Z,166,broken,demand,457.47,458.94,4,
2021-12-01T21:00:00Z,168,broken,demand,456.19,456.97,3,
2021-12-01T21:00:00Z,169,broken,demand,453.86,454.02733656757096,2,
2021-12-01T21:00:00Z,171,broken,demand,455.3,456.16,3,
2021-12-01T21:00:00Z,201,merged,supply,461.48,464.67,3,order_block
2021-12-02T16:00:00Z,168,role_flip_retest,supply,456.19,456.97,3,
2021-12-02T16:00:00Z,171,role_flip_retest,supply,455.3,456.16,4,
2021-12-02T16:00:00Z,177,broken_zone_expired,demand,470.26,470.94,4,
2021-12-02T17:00:00Z,171,broken,supply,455.3,456.16,4,
2021-12-02T17:00:00Z,203,created,demand,450.29,450.69861199045033,1,pivot
2021-12-02T18:00:00Z,159,age_expired,demand,431.54,432.5071790657663,2,
2021-12-02T18:00:00Z,168,broken,supply,456.19,456.97,3,
2021-12-02T19:00:00Z,168,role_flip_retest,demand,456.19,456.97,3,
2021-12-02T19:00:00Z,171,role_flip_retest,demand,455.3,456.16,4,
2021-12-02T21:00:00Z,166,role_flip_retest,supply,457.47,458.94,4,
2021-12-02T21:00:00Z,168,touch,demand,456.19,456.97,3,
2021-12-02T21:00:00Z,168,rejection,demand,456.19,456.97,3,
2021-12-03T15:30:00Z,166,rejection,supply,457.47,458.94,4,
2021-12-03T15:30:00Z,168,broken,demand,456.19,456.97,3,
2021-12-03T15:30:00Z,171,touch,demand,455.3,456.16,4,
2021-12-03T16:00:00Z,162,role_flip_retest,supply,452.1525710973968,452.86,4,
2021-12-03T16:00:00Z,169,role_flip_retest,supply,453.86,454.02733656757096,3,
2021-12-03T16:00:00Z,171,broken,demand,455.3,456.16,4,
2021-12-03T17:00:00Z,162,rejection,supply,452.1525710973968,452.86,4,
2021-12-03T17:00:00Z,165,role_flip_retest,supply,451.05,451.71835490812725,3,
2021-12-03T17:00:00Z,203,touch,demand,450.29,450.69861199045033,1,
2021-12-03T18:00:00Z,162,rejection,supply,452.1525710973968,452.86,4,
2021-12-03T18:00:00Z,203,rejection,demand,450.29,450.69861199045033,1,
2021-12-03T18:00:00Z,166,merged,supply,457.47,460.3,4,pivot
2021-12-03T19:00:00Z,162,rejection,supply,452.1525710973968,452.86,4,
2021-12-03T19:00:00Z,165,rejection,supply,451.05,451.71835490812725,3,
2021-12-03T20:00:00Z,165,rejection,supply,451.05,451.71835490812725,3,
2021-12-03T20:00:00Z,203,broken,demand,450.29,450.69861199045033,1,
2021-12-03T21:00:00Z,162,broken,supply,452.1525710973968,452.86,4,
2021-12-03T21:00:00Z,165,broken,supply,451.05,451.71835490812725,3,
2021-12-06T15:30:00Z,169,broken,supply,453.86,454.02733656757096,3,
2021-12-06T16:00:00Z,166,touch,supply,457.47,460.3,4,
2021-12-06T16:00:00Z,195,broken_zone_expired,supply,467.22,469.1,2,
2021-12-06T17:00:00Z,166,rejection,supply,457.47,460.3,4,
2021-12-06T17:00:00Z,188,broken_zone_expired,demand,467.48,467.6199191986564,3,
2021-12-06T17:00:00Z,205,created,demand,448.92,449.64,1,pivot
2021-12-06T17:00:00Z,205,volume_confluence,demand,448.92,449.64,2,VAL:2021-12-03:450.105417
2021-12-06T17:00:00Z,205,qualified,demand,448.92,449.64,2,pivot|volume_profile
2021-12-07T15:30:00Z,166,broken,supply,457.47,460.3,4,
2021-12-07T15:30:00Z,174,broken,supply,460.83,461.3529359381622,4,
2021-12-07T15:30:00Z,176,touch,supply,466.23,467.3,5,
2021-12-07T15:30:00Z,184,role_flip_retest,demand,464.11,465.12,4,
2021-12-07T15:30:00Z,201,broken,supply,461.48,464.67,3,
2021-12-07T16:00:00Z,176,broken,supply,466.23,467.3,5,
2021-12-07T16:00:00Z,183,broken_zone_expired,supply,463.75,463.90336170761134,3,
2021-12-07T16:00:00Z,185,touch,supply,468.5,469.4,5,
2021-12-07T16:00:00Z,185,rejection,supply,468.5,469.4,5,
2021-12-07T17:00:00Z,161,age_expired,demand,443.27,443.97,1,
2021-12-07T17:00:00Z,185,rejection,supply,468.5,469.4,5,
2021-12-07T19:00:00Z,185,rejection,supply,468.5,469.4,5,
2021-12-07T20:00:00Z,185,rejection,supply,468.5,469.4,5,
2021-12-07T20:00:00Z,185,merged,supply,468.46,469.4,5,pivot
2021-12-07T21:00:00Z,176,role_flip_retest,demand,466.23,467.3,5,
2021-12-07T21:00:00Z,185,rejection,supply,468.46,469.4,5,
2021-12-08T15:30:00Z,185,rejection,supply,468.46,469.4,5,
2021-12-08T16:00:00Z,176,touch,demand,466.23,467.3,5,
2021-12-08T16:00:00Z,185,rejection,supply,468.46,469.4,5,
2021-12-08T17:00:00Z,176,rejection,demand,466.23,467.3,5,
2021-12-08T17:00:00Z,176,merged,demand,466.23,467.53911854796104,5,pivot
2021-12-08T18:00:00Z,176,rejection,demand,466.23,467.53911854796104,5,
2021-12-08T18:00:00Z,185,touch,supply,468.46,469.4,5,
2021-12-08T18:00:00Z,185,rejection,supply,468.46,469.4,5,
2021-12-08T18:00:00Z,185,merged,supply,468.46,469.4,5,pivot
2021-12-08T21:00:00Z,178,touch,supply,469.29649401092524,469.57,4,
2021-12-08T21:00:00Z,185,broken,supply,468.46,469.4,5,
2021-12-09T15:30:00Z,173,broken_zone_expired,supply,461.60247422933327,462.75,4,
2021-12-09T16:00:00Z,176,touch,demand,466.23,467.53911854796104,5,
2021-12-09T16:00:00Z,176,rejection,demand,466.23,467.53911854796104,5,
2021-12-09T17:00:00Z,178,merged,supply,469.29649401092524,470.0,4,pivot
2021-12-09T19:00:00Z,210,created,demand,467.06,468.0684914423287,1,pivot
2021-12-09T19:00:00Z,210,volume_confluence,demand,467.06,468.0684914423287,2,POC:2021-12-07:468.028750
2021-12-09T19:00:00Z,210,qualified,demand,467.06,468.0684914423287,2,pivot|volume_profile
2021-12-09T20:00:00Z,176,touch,demand,466.23,467.53911854796104,5,
2021-12-09T20:00:00Z,210,touch,demand,467.06,468.0684914423287,2,
2021-12-09T21:00:00Z,210,broken,demand,467.06,468.0684914423287,2,
2021-12-10T15:30:00Z,178,touch,supply,469.29649401092524,470.0,4,
2021-12-10T15:30:00Z,178,rejection,supply,469.29649401092524,470.0,4,
2021-12-10T16:00:00Z,176,touch,demand,466.23,467.53911854796104,5,
2021-12-10T16:00:00Z,176,rejection,demand,466.23,467.53911854796104,5,
2021-12-10T16:00:00Z,178,rejection,supply,469.29649401092524,470.0,4,
2021-12-10T17:00:00Z,176,rejection,demand,466.23,467.53911854796104,5,
2021-12-10T17:00:00Z,176,merged,demand,466.14,467.53911854796104,5,pivot
2021-12-10T18:00:00Z,178,merged,supply,469.23,470.08,4,pivot
2021-12-10T19:00:00Z,178,touch,supply,469.23,470.08,4,
2021-12-10T20:00:00Z,178,rejection,supply,469.23,470.08,4,
2021-12-10T21:00:00Z,168,broken_zone_expired,demand,456.19,456.97,3,
2021-12-10T21:00:00Z,178,broken,supply,469.23,470.08,4,
2021-12-10T21:00:00Z,185,role_flip_retest,demand,468.46,469.4,5,
2021-12-10T21:00:00Z,194,touch,supply,470.73,471.88,2,
2021-12-10T21:00:00Z,194,rejection,supply,470.73,471.88,2,
2021-12-13T15:30:00Z,171,broken_zone_expired,demand,455.3,456.16,4,
2021-12-13T16:00:00Z,176,touch,demand,466.14,467.53911854796104,5,
2021-12-13T16:00:00Z,176,rejection,demand,466.14,467.53911854796104,5,
2021-12-13T16:00:00Z,185,broken,demand,468.46,469.4,5,
2021-12-13T17:00:00Z,194,merged,supply,470.67764389336963,471.88,3,pivot
2021-12-13T19:00:00Z,176,rejection,demand,466.14,467.53911854796104,5,
2021-12-13T19:00:00Z,203,broken_zone_expired,demand,450.29,450.69861199045033,1,
2021-12-13T20:00:00Z,162,broken_zone_expired,supply,452.1525710973968,452.86,4,
2021-12-13T20:00:00Z,165,broken_zone_expired,supply,451.05,451.71835490812725,3,
2021-12-13T20:00:00Z,176,rejection,demand,466.14,467.53911854796104,5,
2021-12-13T21:00:00Z,169,broken_zone_expired,supply,453.86,454.02733656757096,3,
2021-12-13T21:00:00Z,185,role_flip_retest,supply,468.46,469.4,5,
2021-12-13T21:00:00Z,210,role_flip_retest,supply,467.06,468.0684914423287,3,
2021-12-14T15:30:00Z,176,broken,demand,466.14,467.53911854796104,5,
2021-12-14T15:30:00Z,184,touch,demand,464.11,465.12,4,
2021-12-14T16:00:00Z,174,role_flip_retest,demand,460.83,461.3529359381622,4,
2021-12-14T16:00:00Z,184,broken,demand,464.11,465.12,4,
2021-12-14T16:00:00Z,214,created,supply,463.73044134427363,465.74,1,order_block
2021-12-14T18:00:00Z,166,role_flip_retest,demand,457.47,460.3,4,
2021-12-14T18:00:00Z,174,broken,demand,460.83,461.3529359381622,4,
2021-12-14T19:00:00Z,174,role_flip_retest,supply,460.83,461.3529359381622,4,
2021-12-14T20:00:00Z,174,broken,supply,460.83,461.3529359381622,4,
2021-12-14T21:00:00Z,184,role_flip_retest,supply,464.11,465.12,4,
2021-12-14T21:00:00Z,201,broken_zone_expired,supply,461.48,464.67,3,
2021-12-14T21:00:00Z,214,touch,supply,463.73044134427363,465.74,1,
2021-12-14T21:00:00Z,214,rejection,supply,463.73044134427363,465.74,1,
2021-12-14T21:00:00Z,215,created,demand,460.25,460.66,1,pivot
2021-12-14T21:00:00Z,214,volume_confluence,supply,463.73044134427363,465.74,2,VAH:2021-12-14:463.566875
2021-12-14T21:00:00Z,214,qualified,supply,463.73044134427363,465.74,2,order_block|volume_profile
2021-12-14T21:00:00Z,215,volume_confluence,demand,460.25,460.66,2,VAL:2021-12-14:460.593125
2021-12-14T21:00:00Z,215,qualified,demand,460.25,460.66,2,pivot|volume_profile
2021-12-15T16:00:00Z,174,role_flip_retest,demand,460.83,461.3529359381622,4,
2021-12-15T17:00:00Z,174,rejection,demand,460.83,461.3529359381622,4,
2021-12-15T18:00:00Z,166,age_expired,demand,457.47,460.3,4,
2021-12-15T18:00:00Z,174,rejection,demand,460.83,461.3529359381622,4,
2021-12-15T20:00:00Z,174,touch,demand,460.83,461.3529359381622,4,
2021-12-15T20:00:00Z,174,rejection,demand,460.83,461.3529359381622,4,
2021-12-15T20:00:00Z,184,touch,supply,464.11,465.12,4,
2021-12-15T20:00:00Z,214,touch,supply,463.73044134427363,465.74,2,
2021-12-15T21:00:00Z,178,role_flip_retest,demand,469.23,470.08,4,
2021-12-15T21:00:00Z,184,broken,supply,464.11,465.12,4,
2021-12-15T21:00:00Z,185,broken,supply,468.46,469.4,5,
2021-12-15T21:00:00Z,194,touch,supply,470.67764389336963,471.88,3,
2021-12-15T21:00:00Z,194,rejection,supply,470.67764389336963,471.88,3,
2021-12-15T21:00:00Z,210,broken,supply,467.06,468.0684914423287,3,
2021-12-15T21:00:00Z,214,broken,supply,463.73044134427363,465.74,2,
2021-12-15T21:00:00Z,174,merged,demand,460.79,462.13,4,order_block
2021-12-16T15:30:00Z,193,touch,supply,472.79,473.54,2,
2021-12-16T15:30:00Z,193,rejection,supply,472.79,473.54,2,
2021-12-16T16:00:00Z,178,touch,demand,469.23,470.08,4,
2021-12-16T16:00:00Z,178,rejection,demand,469.23,470.08,4,
2021-12-16T16:00:00Z,174,merged,demand,460.74,462.13,5,pivot
2021-12-16T17:00:00Z,185,role_flip_retest,demand,468.46,469.4,5,
2021-12-16T17:00:00Z,194,rejection,supply,470.67764389336963,471.88,3,
2021-12-16T18:00:00Z,178,broken,demand,469.23,470.08,4,
2021-12-16T18:00:00Z,185,broken,demand,468.46,469.4,5,
2021-12-16T18:00:00Z,193,merged,supply,472.57,473.54,3,pivot
2021-12-16T19:00:00Z,185,role_flip_retest,supply,468.46,469.4,5,
2021-12-16T19:00:00Z,210,role_flip_retest,demand,467.06,468.0684914423287,3,
2021-12-16T20:00:00Z,176,role_flip_retest,supply,466.14,467.53911854796104,5,
2021-12-16T20:00:00Z,184,role_flip_retest,demand,464.11,465.12,4,
2021-12-16T20:00:00Z,185,rejection,supply,468.46,469.4,5,
2021-12-16T20:00:00Z,210,broken,demand,467.06,468.0684914423287,3,
2021-12-16T20:00:00Z,214,role_flip_retest,demand,463.73044134427363,465.74,3,
2021-12-16T21:00:00Z,184,rejection,demand,464.11,465.12,4,
2021-12-16T21:00:00Z,210,role_flip_retest,supply,467.06,468.0684914423287,3,
2021-12-16T21:00:00Z,214,rejection,demand,463.73044134427363,465.74,3,
2021-12-17T15:30:00Z,174,broken,demand,460.74,462.13,5,
2021-12-17T15:30:00Z,184,broken,demand,464.11,465.12,4,
2021-12-17T15:30:00Z,214,broken,demand,463.73044134427363,465.74,3,
2021-12-17T15:30:00Z,215,touch,demand,460.25,460.66,2,
2021-12-17T16:00:00Z,214,role_flip_retest,supply,463.73044134427363,465.74,3,
2021-12-17T16:00:00Z,215,rejection,demand,460.25,460.66,2,
2021-12-17T17:00:00Z,184,role_flip_retest,supply,464.11,465.12,4,
2021-12-17T17:00:00Z,214,rejection,supply,463.73044134427363,465.74,3,
2021-12-17T17:00:00Z,215,rejection,demand,460.25,460.66,2,
2021-12-17T18:00:00Z,215,rejection,demand,460.25,460.66,2,
2021-12-17T19:00:00Z,215,merged,demand,458.06,460.66,3,pivot
2021-12-17T21:00:00Z,174,role_flip_retest,supply,460.74,462.13,5,
2021-12-17T21:00:00Z,215,touch,demand,458.06,460.66,3,
2021-12-20T15:30:00Z,215,broken,demand,458.06,460.66,3,
2021-12-20T20:00:00Z,220,created,demand,451.14,451.92,1,pivot
2021-12-20T21:00:00Z,220,volume_confluence,demand,451.14,451.92,2,VAL:2021-12-20:452.293750
2021-12-20T21:00:00Z,220,qualified,demand,451.14,451.92,2,pivot|volume_profile
2021-12-21T15:30:00Z,215,role_flip_retest,supply,458.06,460.66,4,
2021-12-21T16:00:00Z,215,rejection,supply,458.06,460.66,4,
2021-12-21T18:00:00Z,174,touch,supply,460.74,462.13,5,
2021-12-21T18:00:00Z,215,broken,supply,458.06,460.66,4,
2021-12-21T20:00:00Z,174,broken,supply,460.74,462.13,5,
2021-12-21T21:00:00Z,174,role_flip_retest,demand,460.74,462.13,5,
2021-12-22T15:30:00Z,214,touch,supply,463.73044134427363,465.74,3,
2021-12-22T15:30:00Z,214,rejection,supply,463.73044134427363,465.74,3,
2021-12-22T16:00:00Z,176,touch,supply,466.14,467.53911854796104,5,
2021-12-22T16:00:00Z,176,rejection,supply,466.14,467.53911854796104,5,
2021-12-22T16:00:00Z,184,broken,supply,464.11,465.12,4,
2021-12-22T16:00:00Z,214,broken,supply,463.73044134427363,465.74,3,
2021-12-22T19:00:00Z,176,rejection,supply,466.14,467.53911854796104,5,
2021-12-22T19:00:00Z,214,role_flip_retest,demand,463.73044134427363,465.74,3,
2021-12-22T20:00:00Z,214,rejection,demand,463.73044134427363,465.74,3,
2021-12-22T21:00:00Z,176,broken,supply,466.14,467.53911854796104,5,
2021-12-22T21:00:00Z,210,touch,supply,467.06,468.0684914423287,3,
2021-12-23T15:30:00Z,185,broken,supply,468.46,469.4,5,
2021-12-23T15:30:00Z,210,broken,supply,467.06,468.0684914423287,3,
2021-12-23T16:00:00Z,194,touch,supply,470.67764389336963,471.88,3,
2021-12-23T18:00:00Z,174,age_expired,demand,460.74,462.13,5,
2021-12-23T21:00:00Z,194,rejection,supply,470.67764389336963,471.88,3,
2021-12-27T15:30:00Z,193,touch,supply,472.57,473.54,3,
2021-12-27T15:30:00Z,194,broken,supply,470.67764389336963,471.88,3,
2021-12-27T16:00:00Z,193,broken,supply,472.57,473.54,3,
2021-12-27T17:00:00Z,178,broken_zone_expired,demand,469.23,470.08,4,
2021-12-28T18:00:00Z,221,created,supply,478.47,478.81,1,pivot
2021-12-29T19:00:00Z,222,created,demand,475.92,476.6421701090369,1,pivot
2021-12-29T19:00:00Z,222,volume_confluence,demand,475.92,476.6421701090369,2,VAL:2021-12-28:476.461042
2021-12-29T19:00:00Z,222,qualified,demand,475.92,476.6421701090369,2,pivot|volume_profile
2021-12-29T21:00:00Z,221,touch,supply,478.47,478.81,1,
2021-12-29T21:00:00Z,221,rejection,supply,478.47,478.81,1,
2021-12-30T15:30:00Z,221,rejection,supply,478.47,478.81,1,
2021-12-30T16:00:00Z,221,rejection,supply,478.47,478.81,1,
2021-12-30T17:00:00Z,215,broken_zone_expired,supply,458.06,460.66,4,
2021-12-30T19:00:00Z,221,merged,supply,478.3914539203507,479.0,2,pivot
2021-12-30T19:00:00Z,221,qualified,supply,478.3914539203507,479.0,2,pivot|repeated_pivot
2021-12-30T19:00:00Z,221,volume_confluence,supply,478.3914539203507,479.0,3,VAH:2021-12-29:478.065000
2021-12-30T21:00:00Z,222,touch,demand,475.92,476.6421701090369,2,
2021-12-30T21:00:00Z,221,merged,supply,478.24,479.0,4,order_block
2021-12-31T15:30:00Z,184,broken_zone_expired,supply,464.11,465.12,4,
2021-12-31T15:30:00Z,222,broken,demand,475.92,476.6421701090369,2,
2021-12-31T16:00:00Z,222,role_flip_retest,supply,475.92,476.6421701090369,3,
2021-12-31T17:00:00Z,222,rejection,supply,475.92,476.6421701090369,3,
2021-12-31T19:00:00Z,225,created,demand,474.87,475.4917687719038,1,pivot
2021-12-31T19:00:00Z,225,volume_confluence,demand,474.87,475.4917687719038,2,VAL:2021-12-27:474.770417
2021-12-31T19:00:00Z,225,qualified,demand,474.87,475.4917687719038,2,pivot|volume_profile
2021-12-31T20:00:00Z,176,broken_zone_expired,supply,466.14,467.53911854796104,5,
2021-12-31T21:00:00Z,185,broken_zone_expired,supply,468.46,469.4,5,
2021-12-31T21:00:00Z,210,broken_zone_expired,supply,467.06,468.0684914423287,3,
2021-12-31T21:00:00Z,222,rejection,supply,475.92,476.6421701090369,3,
2021-12-31T21:00:00Z,225,touch,demand,474.87,475.4917687719038,2,
2022-01-03T15:30:00Z,222,rejection,supply,475.92,476.6421701090369,3,
2022-01-03T16:00:00Z,225,rejection,demand,474.87,475.4917687719038,2,
2022-01-03T17:00:00Z,222,rejection,supply,475.92,476.6421701090369,3,
2022-01-03T18:00:00Z,222,rejection,supply,475.92,476.6421701090369,3,
2022-01-03T18:00:00Z,225,rejection,demand,474.87,475.4917687719038,2,
2022-01-03T18:00:00Z,226,created,demand,473.85,474.62614199010994,1,pivot
2022-01-03T18:00:00Z,227,created,supply,476.9438580098901,477.72,1,pivot
2022-01-03T18:00:00Z,226,volume_confluence,demand,473.85,474.62614199010994,2,VAL:2021-12-27:474.770417
2022-01-03T18:00:00Z,226,qualified,demand,473.85,474.62614199010994,2,pivot|volume_profile
2022-01-03T18:00:00Z,227,volume_confluence,supply,476.9438580098901,477.72,2,VAH:2021-12-27:477.199583
2022-01-03T18:00:00Z,227,qualified,supply,476.9438580098901,477.72,2,pivot|volume_profile
2022-01-03T19:00:00Z,222,broken,supply,475.92,476.6421701090369,3,
2022-01-03T19:00:00Z,225,rejection,demand,474.87,475.4917687719038,2,
2022-01-03T20:00:00Z,222,role_flip_retest,demand,475.92,476.6421701090369,3,
2022-01-03T20:00:00Z,227,touch,supply,476.9438580098901,477.72,2,
2022-01-03T21:00:00Z,194,broken_zone_expired,supply,470.67764389336963,471.88,3,
2022-01-04T15:30:00Z,193,broken_zone_expired,supply,472.57,473.54,3,
2022-01-04T15:30:00Z,221,broken,supply,478.24,479.0,4,
2022-01-04T15:30:00Z,227,broken,supply,476.9438580098901,477.72,2,
2022-01-04T17:00:00Z,222,touch,demand,475.92,476.6421701090369,3,
2022-01-04T17:00:00Z,222,rejection,demand,475.92,476.6421701090369,3,
2022-01-04T18:00:00Z,228,created,supply,479.69,479.98,1,pivot
2022-01-04T19:00:00Z,222,broken,demand,475.92,476.6421701090369,3,
2022-01-05T15:30:00Z,225,merged,demand,474.87,475.76393705220687,3,pivot
2022-01-05T19:00:00Z,222,role_flip_retest,supply,475.92,476.6421701090369,3,
2022-01-05T19:00:00Z,225,touch,demand,474.87,475.76393705220687,3,
2022-01-05T19:00:00Z,225,rejection,demand,474.87,475.76393705220687,3,
2022-01-05T20:00:00Z,222,rejection,supply,475.92,476.6421701090369,3,
2022-01-05T20:00:00Z,225,broken,demand,474.87,475.76393705220687,3,
2022-01-05T20:00:00Z,226,broken,demand,473.85,474.62614199010994,2,
2022-01-05T20:00:00Z,230,created,supply,477.22,477.98,1,order_block
2022-01-05T20:00:00Z,230,volume_confluence,supply,477.22,477.98,2,POC:2021-12-29:477.405000
2022-01-05T20:00:00Z,230,qualified,supply,477.22,477.98,2,order_block|volume_profile
2022-01-05T21:00:00Z,230,merged,supply,477.22,477.98,2,order_block
2022-01-06T16:00:00Z,214,touch,demand,463.73044134427363,465.74,3,
2022-01-06T16:00:00Z,214,rejection,demand,463.73044134427363,465.74,3,
2022-01-06T19:00:00Z,232,created,demand,465.43,466.5826980742282,1,pivot
2022-01-07T16:00:00Z,214,touch,demand,463.73044134427363,465.74,3,
2022-01-07T16:00:00Z,232,broken,demand,465.43,466.5826980742282,1,
2022-01-07T16:00:00Z,233,created,supply,467.95,469.2,1,order_block
2022-01-07T16:00:00Z,233,volume_confluence,supply,467.95,469.2,2,POC:2022-01-06:468.686458
2022-01-07T16:00:00Z,233,qualified,supply,467.95,469.2,2,order_block|volume_profile
2022-01-07T17:00:00Z,214,rejection,demand,463.73044134427363,465.74,3,
2022-01-07T17:00:00Z,233,touch,supply,467.95,469.2,2,
2022-01-07T17:00:00Z,233,rejection,supply,467.95,469.2,2,
2022-01-07T19:00:00Z,214,merged,demand,463.73044134427363,465.74,4,pivot
2022-01-07T21:00:00Z,233,touch,supply,467.95,469.2,2,
2022-01-07T21:00:00Z,233,rejection,supply,467.95,469.2,2,
2022-01-10T15:30:00Z,214,broken,demand,463.73044134427363,465.74,4,
2022-01-10T15:30:00Z,233,merged,supply,466.91,469.2,2,order_block
2022-01-10T15:30:00Z,228,volume_confluence,supply,479.69,479.98,2,VAH:2022-01-04:478.971667
2022-01-10T15:30:00Z,228,qualified,supply,479.69,479.98,2,pivot|volume_profile
2022-01-10T19:00:00Z,236,created,demand,456.59,457.79,1,pivot
2022-01-10T20:00:00Z,214,role_flip_retest,supply,463.73044134427363,465.74,4,
2022-01-10T21:00:00Z,236,volume_confluence,demand,456.59,457.79,2,VAL:2022-01-10:456.780625
2022-01-10T21:00:00Z,236,qualified,demand,456.59,457.79,2,pivot|volume_profile
2022-01-11T15:30:00Z,214,rejection,supply,463.73044134427363,465.74,4,
2022-01-11T15:30:00Z,232,role_flip_retest,supply,465.43,466.5826980742282,2,
2022-01-11T15:30:00Z,232,volume_confluence,supply,465.43,466.5826980742282,3,VAL:2022-01-07:466.071875
2022-01-11T15:30:00Z,232,qualified,supply,465.43,466.5826980742282,3,pivot|role_flip|volume_profile
2022-01-11T16:00:00Z,214,rejection,supply,463.73044134427363,465.74,4,
2022-01-11T17:00:00Z,214,broken,supply,463.73044134427363,465.74,4,
2022-01-11T17:00:00Z,232,broken,supply,465.43,466.5826980742282,3,
2022-01-11T17:00:00Z,233,touch,supply,466.91,469.2,2,
2022-01-11T21:00:00Z,221,broken_zone_expired,supply,478.24,479.0,4,
2022-01-11T21:00:00Z,227,broken_zone_expired,supply,476.9438580098901,477.72,2,
2022-01-11T21:00:00Z,233,broken,supply,466.91,469.2,2,
2022-01-12T17:00:00Z,233,role_flip_retest,demand,466.91,469.2,3,
2022-01-12T19:00:00Z,237,created,supply,472.64,473.2,1,pivot
2022-01-13T15:30:00Z,237,touch,supply,472.64,473.2,1,
2022-01-13T15:30:00Z,237,rejection,supply,472.64,473.2,1,
2022-01-13T16:00:00Z,233,touch,demand,466.91,469.2,3,
2022-01-13T16:00:00Z,233,rejection,demand,466.91,469.2,3,
2022-01-13T18:00:00Z,233,touch,demand,466.91,469.2,3,
2022-01-13T18:00:00Z,237,merged,supply,472.36,473.2,2,pivot
2022-01-13T18:00:00Z,237,qualified,supply,472.36,473.2,2,pivot|repeated_pivot
2022-01-13T18:00:00Z,239,created,supply,469.91,471.36,1,order_block
2022-01-13T18:00:00Z,237,volume_confluence,supply,472.36,473.2,3,VAH:2022-01-12:471.691250
2022-01-13T18:00:00Z,239,volume_confluence,supply,469.91,471.36,2,VAL:2022-01-05:471.311250
2022-01-13T18:00:00Z,239,qualified,supply,469.91,471.36,2,order_block|volume_profile
2022-01-13T19:00:00Z,225,broken_zone_expired,demand,474.87,475.76393705220687,3,
2022-01-13T19:00:00Z,226,broken_zone_expired,demand,473.85,474.62614199010994,2,
2022-01-13T21:00:00Z,233,broken,demand,466.91,469.2,3,
2022-01-18T15:30:00Z,236,touch,demand,456.59,457.79,2,
2022-01-18T15:30:00Z,236,rejection,demand,456.59,457.79,2,
2022-01-18T17:00:00Z,236,rejection,demand,456.59,457.79,2,
2022-01-18T17:00:00Z,240,created,supply,464.69,465.09,1,pivot
2022-01-18T17:00:00Z,240,volume_confluence,supply,464.69,465.09,2,VAL:2022-01-13:465.210000
2022-01-18T17:00:00Z,240,qualified,supply,464.69,465.09,2,pivot|volume_profile
2022-01-18T18:00:00Z,236,broken,demand,456.59,457.79,2,
2022-01-18T21:00:00Z,236,role_flip_retest,supply,456.59,457.79,3,
2022-01-19T15:30:00Z,236,broken,supply,456.59,457.79,3,
2022-01-19T18:00:00Z,236,role_flip_retest,demand,456.59,457.79,3,
2022-01-19T18:00:00Z,241,created,supply,459.2922564008228,459.62,1,pivot
2022-01-19T18:00:00Z,241,volume_confluence,supply,459.2922564008228,459.62,2,POC:2022-01-10:459.068125
2022-01-19T18:00:00Z,241,qualified,supply,459.2922564008228,459.62,2,pivot|volume_profile
2022-01-19T19:00:00Z,236,broken,demand,456.59,457.79,3,
2022-01-19T20:00:00Z,236,role_flip_retest,supply,456.59,457.79,3,
2022-01-19T21:00:00Z,220,touch,demand,451.14,451.92,2,
2022-01-19T21:00:00Z,236,merged,supply,456.59,458.26,4,order_block
2022-01-20T15:30:00Z,236,touch,supply,456.59,458.26,4,
2022-01-20T16:00:00Z,214,broken_zone_expired,supply,463.73044134427363,465.74,4,
2022-01-20T16:00:00Z,232,broken_zone_expired,supply,465.43,466.5826980742282,3,
2022-01-20T17:00:00Z,220,merged,demand,451.14,451.92,3,pivot
2022-01-20T19:00:00Z,236,rejection,supply,456.59,458.26,4,
2022-01-20T20:00:00Z,236,merged,supply,456.59,458.74,5,pivot
2022-01-20T21:00:00Z,205,broken,demand,448.92,449.64,2,
2022-01-20T21:00:00Z,220,broken,demand,451.14,451.92,3,
2022-01-20T21:00:00Z,236,merged,supply,456.59,458.74,5,order_block
2022-01-21T19:00:00Z,246,created,demand,440.66,442.56314238184285,1,pivot
2022-01-21T20:00:00Z,246,broken,demand,440.66,442.56314238184285,1,
2022-01-21T21:00:00Z,246,role_flip_retest,supply,440.66,442.56314238184285,2,
2022-01-21T21:00:00Z,246,volume_confluence,supply,440.66,442.56314238184285,3,VAL:2022-01-21:440.731875
2022-01-21T21:00:00Z,246,qualified,supply,440.66,442.56314238184285,3,pivot|role_flip|volume_profile
2022-01-24T20:00:00Z,233,broken_zone_expired,demand,466.91,469.2,3,
2022-01-24T21:00:00Z,247,created,demand,420.76,423.51117947507845,1,pivot
2022-01-25T17:00:00Z,246,merged,supply,439.7264490612181,442.56314238184285,4,pivot
2022-01-26T15:30:00Z,246,touch,supply,439.7264490612181,442.56314238184285,4,
2022-01-26T16:00:00Z,246,rejection,supply,439.7264490612181,442.56314238184285,4,
2022-01-26T19:00:00Z,246,merged,supply,439.7264490612181,443.1,4,pivot
2022-01-26T20:00:00Z,246,rejection,supply,439.7264490612181,443.1,4,
2022-01-27T15:30:00Z,246,touch,supply,439.7264490612181,443.1,4,
2022-01-27T16:00:00Z,246,rejection,supply,439.7264490612181,443.1,4,
2022-01-27T16:00:00Z,246,merged,supply,439.7264490612181,444.04,4,pivot
2022-01-27T17:00:00Z,246,rejection,supply,439.7264490612181,444.04,4,
2022-01-27T17:00:00Z,251,created,demand,428.86,431.839958212948,1,pivot
2022-01-27T17:00:00Z,251,volume_confluence,demand,428.86,431.839958212948,2,POC:2022-01-24:430.161250
2022-01-27T17:00:00Z,251,qualified,demand,428.86,431.839958212948,2,pivot|volume_profile
2022-01-27T19:00:00Z,251,touch,demand,428.86,431.839958212948,2,
2022-01-27T19:00:00Z,251,rejection,demand,428.86,431.839958212948,2,
2022-01-28T15:30:00Z,251,broken,demand,428.86,431.839958212948,2,
2022-01-28T19:00:00Z,252,created,demand,427.82,428.5,1,pivot
2022-01-28T19:00:00Z,252,volume_confluence,demand,427.82,428.5,2,VAL:2022-01-25:429.506875
2022-01-28T19:00:00Z,252,qualified,demand,427.82,428.5,2,pivot|volume_profile
2022-01-28T20:00:00Z,205,broken_zone_expired,demand,448.92,449.64,2,
2022-01-28T20:00:00Z,220,broken_zone_expired,demand,451.14,451.92,3,
2022-01-28T21:00:00Z,246,touch,supply,439.7264490612181,444.04,4,
2022-01-31T16:00:00Z,246,broken,supply,439.7264490612181,444.04,4,
2022-01-31T17:00:00Z,246,role_flip_retest,demand,439.7264490612181,444.04,4,
2022-02-01T20:00:00Z,253,created,supply,450.62458111997097,451.02,1,pivot
2022-02-01T21:00:00Z,253,broken,supply,450.62458111997097,451.02,1,
2022-02-02T18:00:00Z,236,touch,supply,456.59,458.74,5,
2022-02-02T19:00:00Z,236,rejection,supply,456.59,458.74,5,
2022-02-03T16:00:00Z,253,role_flip_retest,demand,450.62458111997097,451.02,2,
2022-02-03T16:00:00Z,253,volume_confluence,demand,450.62458111997097,451.02,3,VAH:2022-02-01:450.977917
2022-02-03T16:00:00Z,253,qualified,demand,450.62458111997097,451.02,3,pivot|role_flip|volume_profile
2022-02-03T17:00:00Z,253,broken,demand,450.62458111997097,451.02,3,
2022-02-03T17:00:00Z,236,merged,supply,456.59,458.74,5,pivot
2022-02-03T18:00:00Z,253,role_flip_retest,supply,450.62458111997097,451.02,3,
2022-02-03T19:00:00Z,253,rejection,supply,450.62458111997097,451.02,3,
2022-02-04T17:00:00Z,246,touch,demand,439.7264490612181,444.04,4,
2022-02-04T17:00:00Z,246,rejection,demand,439.7264490612181,444.04,4,
2022-02-04T19:00:00Z,253,touch,supply,450.62458111997097,451.02,3,
2022-02-04T20:00:00Z,255,created,demand,443.83,444.71,1,pivot
2022-02-04T20:00:00Z,255,volume_confluence,demand,443.83,444.71,2,VAL:2022-01-31:443.954375
2022-02-04T20:00:00Z,255,qualified,demand,443.83,444.71,2,pivot|volume_profile
2022-02-04T21:00:00Z,251,broken_zone_expired,demand,428.86,431.839958212948,2,
2022-02-04T21:00:00Z,253,rejection,supply,450.62458111997097,451.02,3,
2022-02-07T16:00:00Z,253,touch,supply,450.62458111997097,451.02,3,
2022-02-07T16:00:00Z,253,rejection,supply,450.62458111997097,451.02,3,
2022-02-07T17:00:00Z,253,merged,supply,450.62458111997097,452.78,4,pivot
2022-02-07T21:00:00Z,253,touch,supply,450.62458111997097,452.78,4,
2022-02-07T21:00:00Z,253,rejection,supply,450.62458111997097,452.78,4,
2022-02-08T17:00:00Z,257,created,supply,449.9,450.99,1,pivot
2022-02-08T17:00:00Z,257,volume_confluence,supply,449.9,450.99,2,POC:2022-02-01:450.140417
2022-02-08T17:00:00Z,257,qualified,supply,449.9,450.99,2,pivot|volume_profile
2022-02-08T18:00:00Z,253,touch,supply,450.62458111997097,452.78,4,
2022-02-08T18:00:00Z,253,rejection,supply,450.62458111997097,452.78,4,
2022-02-08T18:00:00Z,257,touch,supply,449.9,450.99,2,
2022-02-08T19:00:00Z,253,rejection,supply,450.62458111997097,452.78,4,
2022-02-08T19:00:00Z,255,merged,demand,443.83,446.41,3,pivot
2022-02-08T20:00:00Z,253,rejection,supply,450.62458111997097,452.78,4,
2022-02-08T20:00:00Z,257,rejection,supply,449.9,450.99,2,
2022-02-09T15:30:00Z,253,broken,supply,450.62458111997097,452.78,4,
2022-02-09T15:30:00Z,257,broken,supply,449.9,450.99,2,
2022-02-09T16:00:00Z,236,touch,supply,456.59,458.74,5,
2022-02-09T17:00:00Z,236,rejection,supply,456.59,458.74,5,
2022-02-10T15:30:00Z,253,role_flip_retest,demand,450.62458111997097,452.78,4,
2022-02-10T16:00:00Z,236,touch,supply,456.59,458.74,5,
2022-02-10T16:00:00Z,236,rejection,supply,456.59,458.74,5,
2022-02-10T17:00:00Z,236,merged,supply,456.59,458.74,5,pivot
2022-02-10T18:00:00Z,253,touch,demand,450.62458111997097,452.78,4,
2022-02-10T18:00:00Z,253,rejection,demand,450.62458111997097,452.78,4,
2022-02-10T18:00:00Z,253,merged,demand,450.62458111997097,452.78,4,pivot
2022-02-10T19:00:00Z,257,role_flip_retest,demand,449.9,450.99,3,
2022-02-10T20:00:00Z,253,broken,demand,450.62458111997097,452.78,4,
2022-02-10T21:00:00Z,253,role_flip_retest,supply,450.62458111997097,452.78,4,
2022-02-10T21:00:00Z,257,broken,demand,449.9,450.99,3,
2022-02-11T15:30:00Z,253,rejection,supply,450.62458111997097,452.78,4,
2022-02-11T15:30:00Z,257,role_flip_retest,supply,449.9,450.99,3,
2022-02-11T16:00:00Z,253,rejection,supply,450.62458111997097,452.78,4,
2022-02-11T16:00:00Z,257,rejection,supply,449.9,450.99,3,
2022-02-11T17:00:00Z,257,rejection,supply,449.9,450.99,3,
2022-02-11T18:00:00Z,255,touch,demand,443.83,446.41,3,
2022-02-11T18:00:00Z,255,rejection,demand,443.83,446.41,3,
2022-02-11T19:00:00Z,246,touch,demand,439.7264490612181,444.04,4,
2022-02-11T19:00:00Z,255,broken,demand,443.83,446.41,3,
2022-02-11T20:00:00Z,255,role_flip_retest,supply,443.83,446.41,4,
2022-02-14T16:00:00Z,246,broken,demand,439.7264490612181,444.04,4,
2022-02-14T19:00:00Z,246,role_flip_retest,supply,439.7264490612181,444.04,4,
2022-02-14T19:00:00Z,261,created,supply,440.18,441.49,1,order_block
2022-02-14T19:00:00Z,261,volume_confluence,supply,440.18,441.49,2,POC:2022-02-11:440.787708
2022-02-14T19:00:00Z,261,qualified,supply,440.18,441.49,2,order_block|volume_profile
2022-02-14T21:00:00Z,246,touch,supply,439.7264490612181,444.04,4,
2022-02-14T21:00:00Z,246,rejection,supply,439.7264490612181,444.04,4,
2022-02-14T21:00:00Z,261,touch,supply,440.18,441.49,2,
2022-02-14T21:00:00Z,261,rejection,supply,440.18,441.49,2,
2022-02-15T15:30:00Z,255,touch,supply,443.83,446.41,4,
2022-02-15T15:30:00Z,261,broken,supply,440.18,441.49,2,
2022-02-15T16:00:00Z,246,broken,supply,439.7264490612181,444.04,4,
2022-02-15T16:00:00Z,262,created,demand,435.34,436.26,1,pivot
2022-02-15T19:00:00Z,246,role_flip_retest,demand,439.7264490612181,444.04,4,
2022-02-15T20:00:00Z,255,merged,supply,443.83,446.41,4,pivot
2022-02-15T21:00:00Z,246,touch,demand,439.7264490612181,444.04,4,
2022-02-15T21:00:00Z,246,rejection,demand,439.7264490612181,444.04,4,
2022-02-16T15:30:00Z,255,rejection,supply,443.83,446.41,4,
2022-02-16T17:00:00Z,255,merged,supply,443.83,446.41,4,pivot
2022-02-16T18:00:00Z,255,touch,supply,443.83,446.41,4,
2022-02-16T18:00:00Z,255,rejection,supply,443.83,446.41,4,
2022-02-16T20:00:00Z,246,rejection,demand,439.7264490612181,444.04,4,
2022-02-16T20:00:00Z,255,broken,supply,443.83,446.41,4,
2022-02-16T20:00:00Z,265,created,demand,441.94,443.61,1,order_block
2022-02-16T20:00:00Z,265,volume_confluence,demand,441.94,443.61,2,VAL:2022-02-15:444.277917
2022-02-16T20:00:00Z,265,qualified,demand,441.94,443.61,2,order_block|volume_profile
2022-02-16T21:00:00Z,255,role_flip_retest,demand,443.83,446.41,4,
2022-02-16T21:00:00Z,265,merged,demand,441.94,443.61,3,pivot
2022-02-17T15:30:00Z,222,age_expired,supply,475.92,476.6421701090369,3,
2022-02-17T15:30:00Z,246,touch,demand,439.7264490612181,444.04,4,
2022-02-17T15:30:00Z,255,broken,demand,443.83,446.41,4,
2022-02-17T15:30:00Z,265,broken,demand,441.94,443.61,3,
2022-02-17T17:00:00Z,265,role_flip_retest,supply,441.94,443.61,4,
2022-02-17T17:00:00Z,267,created,supply,446.61,448.06,1,pivot
2022-02-17T17:00:00Z,267,volume_confluence,supply,446.61,448.06,2,VAH:2022-02-11:447.122708
2022-02-17T17:00:00Z,267,qualified,supply,446.61,448.06,2,pivot|volume_profile
2022-02-17T19:00:00Z,268,created,demand,439.8,440.77,1,pivot
2022-02-17T19:00:00Z,268,volume_confluence,demand,439.8,440.77,2,VAH:2022-02-14:440.426250
2022-02-17T19:00:00Z,268,qualified,demand,439.8,440.77,2,pivot|volume_profile
2022-02-17T20:00:00Z,246,broken,demand,439.7264490612181,444.04,4,
2022-02-17T20:00:00Z,268,broken,demand,439.8,440.77,2,
2022-02-18T15:30:00Z,262,touch,demand,435.34,436.26,1,
2022-02-18T15:30:00Z,262,rejection,demand,435.34,436.26,1,
2022-02-18T17:00:00Z,262,broken,demand,435.34,436.26,1,
2022-02-18T21:00:00Z,262,role_flip_retest,supply,435.34,436.26,2,
2022-02-18T21:00:00Z,262,volume_confluence,supply,435.34,436.26,3,VAH:2022-02-18:436.522500
2022-02-18T21:00:00Z,262,qualified,supply,435.34,436.26,3,pivot|role_flip|volume_profile
2022-02-22T16:00:00Z,262,touch,supply,435.34,436.26,3,
2022-02-22T16:00:00Z,262,rejection,supply,435.34,436.26,3,
2022-02-22T19:00:00Z,252,broken,demand,427.82,428.5,2,
2022-02-23T16:00:00Z,269,created,demand,425.86,427.29,1,pivot
2022-02-23T16:00:00Z,269,volume_confluence,demand,425.86,427.29,2,VAL:2022-02-22:428.069167
2022-02-23T16:00:00Z,269,qualified,demand,425.86,427.29,2,pivot|volume_profile
2022-02-23T17:00:00Z,269,touch,demand,425.86,427.29,2,
2022-02-23T17:00:00Z,269,rejection,demand,425.86,427.29,2,
2022-02-23T18:00:00Z,270,created,supply,432.69,433.26,1,pivot
2022-02-23T18:00:00Z,270,volume_confluence,supply,432.69,433.26,2,VAL:2022-02-18:432.817500
2022-02-23T18:00:00Z,270,qualified,supply,432.69,433.26,2,pivot|volume_profile
2022-02-23T19:00:00Z,252,role_flip_retest,supply,427.82,428.5,3,
2022-02-23T19:00:00Z,269,touch,demand,425.86,427.29,2,
2022-02-23T20:00:00Z,247,touch,demand,420.76,423.51117947507845,1,
2022-02-23T20:00:00Z,247,rejection,demand,420.76,423.51117947507845,1,
2022-02-23T20:00:00Z,269,broken,demand,425.86,427.29,2,
2022-02-23T21:00:00Z,228,age_expired,supply,479.69,479.98,2,
2022-02-23T21:00:00Z,261,broken_zone_expired,supply,440.18,441.49,2,
2022-02-23T21:00:00Z,247,volume_confluence,demand,420.76,423.51117947507845,2,POC:2022-02-23:423.086875
2022-02-23T21:00:00Z,247,qualified,demand,420.76,423.51117947507845,2,pivot|volume_profile
2022-02-24T15:30:00Z,247,broken,demand,420.76,423.51117947507845,2,
2022-02-24T18:00:00Z,271,created,demand,410.64,411.09472410875486,1,pivot
2022-02-24T19:00:00Z,247,role_flip_retest,supply,420.76,423.51117947507845,3,
2022-02-24T21:00:00Z,247,broken,supply,420.76,423.51117947507845,3,
2022-02-24T21:00:00Z,252,touch,supply,427.82,428.5,3,
2022-02-24T21:00:00Z,271,volume_confluence,demand,410.64,411.09472410875486,2,VAL:2022-02-24:411.772500
2022-02-24T21:00:00Z,271,qualified,demand,410.64,411.09472410875486,2,pivot|volume_profile
2022-02-25T16:00:00Z,230,age_expired,supply,477.22,477.98,2,
2022-02-25T16:00:00Z,252,broken,supply,427.82,428.5,3,
2022-02-25T16:00:00Z,270,touch,supply,432.69,433.26,2,
2022-02-25T17:00:00Z,262,broken,supply,435.34,436.26,3,
2022-02-25T17:00:00Z,270,broken,supply,432.69,433.26,2,
2022-02-25T19:00:00Z,262,role_flip_retest,demand,435.34,436.26,3,
2022-02-25T21:00:00Z,255,broken_zone_expired,demand,443.83,446.41,4,
2022-02-25T21:00:00Z,262,rejection,demand,435.34,436.26,3,
2022-02-28T15:30:00Z,262,broken,demand,435.34,436.26,3,
2022-02-28T15:30:00Z,270,role_flip_retest,demand,432.69,433.26,3,
2022-02-28T16:00:00Z,270,rejection,demand,432.69,433.26,3,
2022-02-28T18:00:00Z,262,role_flip_retest,supply,435.34,436.26,3,
2022-02-28T18:00:00Z,270,touch,demand,432.69,433.26,3,
2022-02-28T18:00:00Z,270,rejection,demand,432.69,433.26,3,
2022-02-28T19:00:00Z,246,broken_zone_expired,demand,439.7264490612181,444.04,4,
2022-02-28T19:00:00Z,262,rejection,supply,435.34,436.26,3,
2022-02-28T19:00:00Z,268,broken_zone_expired,demand,439.8,440.77,2,
2022-02-28T19:00:00Z,270,rejection,demand,432.69,433.26,3,
2022-02-28T19:00:00Z,270,merged,demand,431.85,433.98867707777987,4,pivot
2022-02-28T20:00:00Z,273,created,supply,437.34,438.2,1,pivot
2022-02-28T20:00:00Z,273,volume_confluence,supply,437.34,438.2,2,VAH:2022-02-25:437.632083
2022-02-28T20:00:00Z,273,qualified,supply,437.34,438.2,2,pivot|volume_profile
2022-02-28T21:00:00Z,262,broken,supply,435.34,436.26,3,
2022-02-28T21:00:00Z,270,rejection,demand,431.85,433.98867707777987,4,
2022-03-01T16:00:00Z,270,touch,demand,431.85,433.98867707777987,4,
2022-03-01T16:00:00Z,270,merged,demand,430.7,433.98867707777987,4,pivot
2022-03-01T17:00:00Z,270,broken,demand,430.7,433.98867707777987,4,
2022-03-01T18:00:00Z,252,role_flip_retest,demand,427.82,428.5,3,
2022-03-01T19:00:00Z,252,rejection,demand,427.82,428.5,3,
2022-03-01T19:00:00Z,270,role_flip_retest,supply,430.7,433.98867707777987,4,
2022-03-01T20:00:00Z,252,rejection,demand,427.82,428.5,3,
2022-03-01T20:00:00Z,270,rejection,supply,430.7,433.98867707777987,4,
2022-03-01T21:00:00Z,252,rejection,demand,427.82,428.5,3,
2022-03-01T21:00:00Z,270,rejection,supply,430.7,433.98867707777987,4,
2022-03-02T15:30:00Z,236,age_expired,supply,456.59,458.74,5,
2022-03-02T16:00:00Z,270,broken,supply,430.7,433.98867707777987,4,
2022-03-02T17:00:00Z,262,role_flip_retest,demand,435.34,436.26,3,
2022-03-02T17:00:00Z,270,role_flip_retest,demand,430.7,433.98867707777987,4,
2022-03-02T17:00:00Z,273,touch,supply,437.34,438.2,2,
2022-03-02T17:00:00Z,273,rejection,supply,437.34,438.2,2,
2022-03-02T17:00:00Z,252,merged,demand,427.11,429.3561359957948,4,pivot
2022-03-02T19:00:00Z,273,broken,supply,437.34,438.2,2,
2022-03-03T16:00:00Z,262,broken,demand,435.34,436.26,3,
2022-03-03T17:00:00Z,270,touch,demand,430.7,433.98867707777987,4,
2022-03-03T17:00:00Z,270,rejection,demand,430.7,433.98867707777987,4,
2022-03-03T18:00:00Z,265,merged,supply,440.47,443.61,5,pivot
2022-03-03T19:00:00Z,269,broken_zone_expired,demand,425.86,427.29,2,
2022-03-03T20:00:00Z,277,created,demand,433.84,434.9,1,pivot
2022-03-03T20:00:00Z,277,volume_confluence,demand,433.84,434.9,2,VAL:2022-02-25:433.889583
2022-03-03T20:00:00Z,277,qualified,demand,433.84,434.9,2,pivot|volume_profile
2022-03-03T21:00:00Z,270,touch,demand,430.7,433.98867707777987,4,
2022-03-03T21:00:00Z,270,rejection,demand,430.7,433.98867707777987,4,
2022-03-03T21:00:00Z,277,touch,demand,433.84,434.9,2,
2022-03-03T21:00:00Z,277,rejection,demand,433.84,434.9,2,
2022-03-04T15:30:00Z,237,age_expired,supply,472.36,473.2,3,
2022-03-04T15:30:00Z,277,broken,demand,433.84,434.9,2,
2022-03-04T16:00:00Z,252,touch,demand,427.11,429.3561359957948,4,
2022-03-04T16:00:00Z,270,broken,demand,430.7,433.98867707777987,4,
2022-03-04T18:00:00Z,252,rejection,demand,427.11,429.3561359957948,4,
2022-03-04T19:00:00Z,270,role_flip_retest,supply,430.7,433.98867707777987,4,
2022-03-04T20:00:00Z,247,broken_zone_expired,supply,420.76,423.51117947507845,3,
2022-03-04T20:00:00Z,252,touch,demand,427.11,429.3561359957948,4,
2022-03-04T20:00:00Z,270,rejection,supply,430.7,433.98867707777987,4,
2022-03-04T20:00:00Z,252,merged,demand,427.11,429.3561359957948,4,pivot
2022-03-04T21:00:00Z,239,age_expired,supply,469.91,471.36,2,
2022-03-04T21:00:00Z,252,rejection,demand,427.11,429.3561359957948,4,
2022-03-07T15:30:00Z,270,rejection,supply,430.7,433.98867707777987,4,
2022-03-07T16:00:00Z,252,broken,demand,427.11,429.3561359957948,4,
2022-03-07T17:00:00Z,252,role_flip_retest,supply,427.11,429.3561359957948,4,
2022-03-08T19:00:00Z,252,touch,supply,427.11,429.3561359957948,4,
2022-03-08T19:00:00Z,252,rejection,supply,427.11,429.3561359957948,4,
2022-03-08T20:00:00Z,240,age_expired,supply,464.69,465.09,2,
2022-03-08T20:00:00Z,279,created,demand,415.12,417.36959346257146,1,pivot
2022-03-08T21:00:00Z,279,touch,demand,415.12,417.36959346257146,1,
2022-03-08T21:00:00Z,279,volume_confluence,demand,415.12,417.36959346257146,2,VAL:2022-03-08:417.386875
2022-03-08T21:00:00Z,279,qualified,demand,415.12,417.36959346257146,2,pivot|volume_profile
2022-03-09T15:30:00Z,252,merged,supply,425.18,429.3561359957948,4,pivot
2022-03-09T16:00:00Z,252,touch,supply,425.18,429.3561359957948,4,
2022-03-09T21:00:00Z,241,age_expired,supply,459.2922564008228,459.62,2,
2022-03-10T16:00:00Z,252,touch,supply,425.18,429.3561359957948,4,
2022-03-10T16:00:00Z,252,rejection,supply,425.18,429.3561359957948,4,
2022-03-10T17:00:00Z,281,created,supply,427.43508874051753,429.51,1,pivot
2022-03-10T17:00:00Z,281,volume_confluence,supply,427.43508874051753,429.51,2,POC:2022-03-04:429.366875
2022-03-10T17:00:00Z,281,qualified,supply,427.43508874051753,429.51,2,pivot|volume_profile
2022-03-10T18:00:00Z,273,broken_zone_expired,supply,437.34,438.2,2,
2022-03-10T20:00:00Z,252,touch,supply,425.18,429.3561359957948,4,
2022-03-10T20:00:00Z,282,created,demand,420.44,421.77,1,pivot
2022-03-10T20:00:00Z,282,volume_confluence,demand,420.44,421.77,2,POC:2022-03-07:422.220000
2022-03-10T20:00:00Z,282,qualified,demand,420.44,421.77,2,pivot|volume_profile
2022-03-11T15:30:00Z,262,broken_zone_expired,demand,435.34,436.26,3,
2022-03-11T15:30:00Z,281,touch,supply,427.43508874051753,429.51,2,
2022-03-11T15:30:00Z,281,rejection,supply,427.43508874051753,429.51,2,
2022-03-11T17:00:00Z,252,rejection,supply,425.18,429.3561359957948,4,
2022-03-11T18:00:00Z,281,merged,supply,427.43508874051753,429.51,3,pivot
2022-03-11T19:00:00Z,252,touch,supply,425.18,429.3561359957948,4,
2022-03-11T19:00:00Z,252,rejection,supply,425.18,429.3561359957948,4,
2022-03-11T21:00:00Z,277,broken_zone_expired,demand,433.84,434.9,2,
2022-03-11T21:00:00Z,282,broken,demand,420.44,421.77,2,
2022-03-14T17:00:00Z,282,role_flip_retest,supply,420.44,421.77,3,
2022-03-14T18:00:00Z,279,touch,demand,415.12,417.36959346257146,2,
2022-03-15T14:30:00Z,282,touch,supply,420.44,421.77,3,
2022-03-15T14:30:00Z,282,rejection,supply,420.44,421.77,3,
2022-03-15T15:00:00Z,279,merged,demand,415.12,417.36959346257146,3,pivot
2022-03-15T16:00:00Z,282,broken,supply,420.44,421.77,3,
2022-03-15T17:00:00Z,282,role_flip_retest,demand,420.44,421.77,3,
2022-03-15T19:00:00Z,282,touch,demand,420.44,421.77,3,
2022-03-15T19:00:00Z,282,rejection,demand,420.44,421.77,3,
2022-03-15T20:00:00Z,252,touch,supply,425.18,429.3561359957948,4,
2022-03-16T14:30:00Z,252,broken,supply,425.18,429.3561359957948,4,
2022-03-16T14:30:00Z,270,touch,supply,430.7,433.98867707777987,4,
2022-03-16T14:30:00Z,281,broken,supply,427.43508874051753,429.51,3,
2022-03-16T18:00:00Z,285,created,supply,433.31,434.55,1,pivot
2022-03-16T19:00:00Z,252,role_flip_retest,demand,425.18,429.3561359957948,4,
2022-03-16T19:00:00Z,270,rejection,supply,430.7,433.98867707777987,4,
2022-03-16T19:00:00Z,281,role_flip_retest,demand,427.43508874051753,429.51,4,
2022-03-16T20:00:00Z,270,broken,supply,430.7,433.98867707777987,4,
2022-03-16T20:00:00Z,281,rejection,demand,427.43508874051753,429.51,4,
2022-03-16T20:00:00Z,285,broken,supply,433.31,434.55,1,
2022-03-16T20:00:00Z,286,created,demand,424.8,428.27463139164246,1,order_block
2022-03-16T20:00:00Z,286,volume_confluence,demand,424.8,428.27463139164246,2,POC:2022-03-09:426.861875
2022-03-16T20:00:00Z,286,qualified,demand,424.8,428.27463139164246,2,order_block|volume_profile
2022-03-17T14:30:00Z,270,role_flip_retest,demand,430.7,433.98867707777987,4,
2022-03-17T14:30:00Z,285,role_flip_retest,demand,433.31,434.55,2,
2022-03-17T14:30:00Z,285,volume_confluence,demand,433.31,434.55,3,VAH:2022-03-16:434.093333
2022-03-17T14:30:00Z,285,qualified,demand,433.31,434.55,3,pivot|role_flip|volume_profile
2022-03-17T15:00:00Z,270,rejection,demand,430.7,433.98867707777987,4,
2022-03-17T15:00:00Z,285,rejection,demand,433.31,434.55,3,
2022-03-17T15:00:00Z,287,created,demand,424.8,426.6765177951692,1,pivot
2022-03-17T15:00:00Z,287,volume_confluence,demand,424.8,426.6765177951692,2,VAL:2022-03-09:425.468125
2022-03-17T15:00:00Z,287,qualified,demand,424.8,426.6765177951692,2,pivot|volume_profile
2022-03-17T16:00:00Z,285,rejection,demand,433.31,434.55,3,
2022-03-17T20:00:00Z,265,touch,supply,440.47,443.61,5,
2022-03-18T15:00:00Z,265,touch,supply,440.47,443.61,5,
2022-03-18T15:00:00Z,265,rejection,supply,440.47,443.61,5,
2022-03-18T16:00:00Z,265,rejection,supply,440.47,443.61,5,
2022-03-18T16:00:00Z,288,created,supply,440.6614480318271,441.02,1,pivot
2022-03-18T16:00:00Z,288,volume_confluence,supply,440.6614480318271,441.02,2,VAH:2022-03-17:440.856875
2022-03-18T16:00:00Z,288,qualified,supply,440.6614480318271,441.02,2,pivot|volume_profile
2022-03-18T17:00:00Z,288,broken,supply,440.6614480318271,441.02,2,
2022-03-18T20:00:00Z,265,broken,supply,440.47,443.61,5,
2022-03-21T14:30:00Z,252,age_expired,demand,425.18,429.3561359957948,4,
2022-03-21T15:00:00Z,265,role_flip_retest,demand,440.47,443.61,5,
2022-03-21T17:00:00Z,265,touch,demand,440.47,443.61,5,
2022-03-21T17:00:00Z,289,created,supply,444.99792666774306,446.46,1,pivot
2022-03-21T17:00:00Z,289,volume_confluence,supply,444.99792666774306,446.46,2,VAH:2022-03-18:444.700833
2022-03-21T17:00:00Z,289,qualified,supply,444.99792666774306,446.46,2,pivot|volume_profile
2022-03-21T18:00:00Z,288,role_flip_retest,demand,440.6614480318271,441.02,3,
2022-03-21T20:00:00Z,265,rejection,demand,440.47,443.61,5,
2022-03-22T14:30:00Z,267,touch,supply,446.61,448.06,2,
2022-03-22T14:30:00Z,289,broken,supply,444.99792666774306,446.46,2,
2022-03-22T14:30:00Z,288,merged,demand,440.6614480318271,442.1288714452986,4,pivot
2022-03-22T15:00:00Z,267,broken,supply,446.61,448.06,2,
2022-03-22T17:00:00Z,267,role_flip_retest,demand,446.61,448.06,3,
2022-03-22T19:00:00Z,257,merged,supply,448.84,450.99,4,pivot
2022-03-22T20:00:00Z,257,touch,supply,448.84,450.99,4,
2022-03-23T14:30:00Z,267,broken,demand,446.61,448.06,3,
2022-03-23T15:00:00Z,253,age_expired,supply,450.62458111997097,452.78,4,
2022-03-23T15:00:00Z,289,role_flip_retest,demand,444.99792666774306,446.46,3,
2022-03-23T16:00:00Z,257,merged,supply,448.84,450.99,4,pivot
2022-03-23T17:00:00Z,289,touch,demand,444.99792666774306,446.46,3,
2022-03-23T17:00:00Z,289,rejection,demand,444.99792666774306,446.46,3,
2022-03-23T17:00:00Z,289,merged,demand,444.99792666774306,446.46,4,pivot
2022-03-23T18:00:00Z,267,role_flip_retest,supply,446.61,448.06,3,
2022-03-23T20:00:00Z,289,broken,demand,444.99792666774306,446.46,4,
2022-03-24T15:00:00Z,267,touch,supply,446.61,448.06,3,
2022-03-24T15:00:00Z,267,rejection,supply,446.61,448.06,3,
2022-03-24T16:00:00Z,257,touch,supply,448.84,450.99,4,
2022-03-24T16:00:00Z,257,rejection,supply,448.84,450.99,4,
2022-03-24T16:00:00Z,267,broken,supply,446.61,448.06,3,
2022-03-24T16:00:00Z,294,created,demand,443.79,444.0581776151504,1,pivot
2022-03-24T16:00:00Z,294,volume_confluence,demand,443.79,444.0581776151504,2,POC:2022-03-21:444.412917
2022-03-24T16:00:00Z,294,qualified,demand,443.79,444.0581776151504,2,pivot|volume_profile
2022-03-24T18:00:00Z,267,role_flip_retest,demand,446.61,448.06,3,
2022-03-24T19:00:00Z,257,touch,supply,448.84,450.99,4,
2022-03-24T19:00:00Z,257,rejection,supply,448.84,450.99,4,
2022-03-24T19:00:00Z,267,rejection,demand,446.61,448.06,3,
2022-03-24T19:00:00Z,295,created,supply,448.42,448.94,1,pivot
2022-03-24T19:00:00Z,295,volume_confluence,supply,448.42,448.94,2,POC:2022-03-22:448.908333
2022-03-24T19:00:00Z,295,qualified,supply,448.42,448.94,2,pivot|volume_profile
2022-03-24T20:00:00Z,267,rejection,demand,446.61,448.06,3,
2022-03-24T20:00:00Z,295,broken,supply,448.42,448.94,2,
2022-03-25T15:00:00Z,257,broken,supply,448.84,450.99,4,
2022-03-25T16:00:00Z,295,role_flip_retest,demand,448.42,448.94,3,
2022-03-25T18:00:00Z,257,role_flip_retest,demand,448.84,450.99,4,
2022-03-25T18:00:00Z,296,created,supply,452.33,452.98,1,pivot
2022-03-25T20:00:00Z,257,touch,demand,448.84,450.99,4,
2022-03-25T20:00:00Z,257,rejection,demand,448.84,450.99,4,
2022-03-25T20:00:00Z,296,touch,supply,452.33,452.98,1,
2022-03-25T20:00:00Z,296,volume_confluence,supply,452.33,452.98,2,VAH:2022-03-25:452.126875
2022-03-25T20:00:00Z,296,qualified,supply,452.33,452.98,2,pivot|volume_profile
2022-03-28T14:30:00Z,296,broken,supply,452.33,452.98,2,
2022-03-28T15:00:00Z,296,role_flip_retest,demand,452.33,452.98,3,
2022-03-28T16:00:00Z,257,touch,demand,448.84,450.99,4,
2022-03-28T16:00:00Z,296,broken,demand,452.33,452.98,3,
2022-03-28T17:00:00Z,257,rejection,demand,448.84,450.99,4,
2022-03-28T17:00:00Z,297,created,supply,453.39228259661496,453.65,1,pivot
2022-03-28T19:00:00Z,297,broken,supply,453.39228259661496,453.65,1,
2022-03-29T17:00:00Z,298,created,supply,460.48819309387176,461.75,1,pivot
2022-03-29T19:00:00Z,257,age_expired,demand,448.84,450.99,4,
2022-03-29T19:00:00Z,298,touch,supply,460.48819309387176,461.75,1,
2022-03-29T20:00:00Z,298,volume_confluence,supply,460.48819309387176,461.75,2,VAH:2022-03-29:460.745625
2022-03-29T20:00:00Z,298,qualified,supply,460.48819309387176,461.75,2,pivot|volume_profile
2022-03-30T15:00:00Z,298,rejection,supply,460.48819309387176,461.75,2,
2022-03-30T16:00:00Z,298,merged,supply,460.48819309387176,462.07,3,pivot
2022-03-31T16:00:00Z,300,created,demand,456.46,457.50472914350826,1,pivot
2022-03-31T16:00:00Z,300,volume_confluence,demand,456.46,457.50472914350826,2,VAL:2022-03-29:457.689375
2022-03-31T16:00:00Z,300,qualified,demand,456.46,457.50472914350826,2,pivot|volume_profile
2022-03-31T17:00:00Z,300,touch,demand,456.46,457.50472914350826,2,
2022-03-31T19:00:00Z,289,broken_zone_expired,demand,444.99792666774306,446.46,4,
2022-03-31T20:00:00Z,296,role_flip_retest,supply,452.33,452.98,3,
2022-03-31T20:00:00Z,300,broken,demand,456.46,457.50472914350826,2,
2022-03-31T20:00:00Z,301,created,supply,456.7,457.48,1,order_block
2022-03-31T20:00:00Z,301,volume_confluence,supply,456.7,457.48,2,POC:2022-03-31:457.018333
2022-03-31T20:00:00Z,301,qualified,supply,456.7,457.48,2,order_block|volume_profile
2022-04-01T14:30:00Z,296,rejection,supply,452.33,452.98,3,
2022-04-01T15:00:00Z,296,rejection,supply,452.33,452.98,3,
2022-04-01T16:00:00Z,296,rejection,supply,452.33,452.98,3,
2022-04-01T19:00:00Z,296,touch,supply,452.33,452.98,3,
2022-04-01T19:00:00Z,296,rejection,supply,452.33,452.98,3,
2022-04-04T14:30:00Z,296,broken,supply,452.33,452.98,3,
2022-04-04T14:30:00Z,297,role_flip_retest,demand,453.39228259661496,453.65,2,
2022-04-04T14:30:00Z,295,merged,demand,448.42,449.95,4,pivot
2022-04-04T14:30:00Z,297,volume_confluence,demand,453.39228259661496,453.65,3,VAH:2022-04-01:452.830000
2022-04-04T14:30:00Z,297,qualified,demand,453.39228259661496,453.65,3,pivot|role_flip|volume_profile
2022-04-04T15:00:00Z,297,rejection,demand,453.39228259661496,453.65,3,
2022-04-04T20:00:00Z,301,touch,supply,456.7,457.48,2,
2022-04-05T15:00:00Z,300,role_flip_retest,supply,456.46,457.50472914350826,3,
2022-04-05T15:00:00Z,301,rejection,supply,456.7,457.48,2,
2022-04-05T16:00:00Z,297,touch,demand,453.39228259661496,453.65,3,
2022-04-05T17:00:00Z,296,role_flip_retest,demand,452.33,452.98,3,
2022-04-05T18:00:00Z,296,rejection,demand,452.33,452.98,3,
2022-04-05T18:00:00Z,297,broken,demand,453.39228259661496,453.65,3,
2022-04-05T18:00:00Z,301,merged,supply,456.7,457.83,3,pivot
2022-04-05T19:00:00Z,297,role_flip_retest,supply,453.39228259661496,453.65,3,
2022-04-05T20:00:00Z,295,touch,demand,448.42,449.95,4,
2022-04-05T20:00:00Z,295,rejection,demand,448.42,449.95,4,
2022-04-05T20:00:00Z,296,broken,demand,452.33,452.98,3,
2022-04-06T14:30:00Z,267,broken,demand,446.61,448.06,3,
2022-04-06T14:30:00Z,295,broken,demand,448.42,449.95,4,
2022-04-06T18:00:00Z,267,role_flip_retest,supply,446.61,448.06,3,
2022-04-06T18:00:00Z,294,merged,demand,443.79,444.97,3,pivot
2022-04-06T19:00:00Z,265,touch,demand,440.47,443.61,5,
2022-04-06T19:00:00Z,265,rejection,demand,440.47,443.61,5,
2022-04-06T19:00:00Z,294,touch,demand,443.79,444.97,3,
2022-04-06T19:00:00Z,294,rejection,demand,443.79,444.97,3,
2022-04-06T19:00:00Z,295,role_flip_retest,supply,448.42,449.95,4,
2022-04-06T20:00:00Z,267,rejection,supply,446.61,448.06,3,
2022-04-06T20:00:00Z,295,rejection,supply,448.42,449.95,4,
2022-04-07T15:00:00Z,265,age_expired,demand,440.47,443.61,5,
2022-04-07T15:00:00Z,267,rejection,supply,446.61,448.06,3,
2022-04-07T15:00:00Z,294,touch,demand,443.79,444.97,3,
2022-04-07T15:00:00Z,294,rejection,demand,443.79,444.97,3,
2022-04-07T15:00:00Z,294,merged,demand,443.47,444.97,3,pivot
2022-04-07T16:00:00Z,295,merged,supply,447.99,449.95,4,pivot
2022-04-07T18:00:00Z,267,touch,supply,446.61,448.06,3,
2022-04-07T18:00:00Z,294,rejection,demand,443.47,444.97,3,
2022-04-07T19:00:00Z,267,age_expired,supply,446.61,448.06,3,
2022-04-07T19:00:00Z,295,touch,supply,447.99,449.95,4,
2022-04-08T14:30:00Z,295,rejection,supply,447.99,449.95,4,
2022-04-08T16:00:00Z,307,created,supply,449.317501502772,450.69,1,pivot
2022-04-08T16:00:00Z,307,volume_confluence,supply,449.317501502772,450.69,2,VAL:2022-04-01:450.670000
2022-04-08T16:00:00Z,307,qualified,supply,449.317501502772,450.69,2,pivot|volume_profile
2022-04-08T17:00:00Z,295,broken,supply,447.99,449.95,4,
2022-04-08T17:00:00Z,307,touch,supply,449.317501502772,450.69,2,
2022-04-08T18:00:00Z,307,rejection,supply,449.317501502772,450.69,2,
2022-04-08T19:00:00Z,307,rejection,supply,449.317501502772,450.69,2,
2022-04-08T20:00:00Z,307,rejection,supply,449.317501502772,450.69,2,
2022-04-11T14:30:00Z,294,touch,demand,443.47,444.97,3,
2022-04-11T15:00:00Z,288,touch,demand,440.6614480318271,442.1288714452986,4,
2022-04-11T15:00:00Z,288,rejection,demand,440.6614480318271,442.1288714452986,4,
2022-04-11T15:00:00Z,294,broken,demand,443.47,444.97,3,
2022-04-11T16:00:00Z,288,rejection,demand,440.6614480318271,442.1288714452986,4,
2022-04-11T18:00:00Z,288,rejection,demand,440.6614480318271,442.1288714452986,4,
2022-04-11T19:00:00Z,288,rejection,demand,440.6614480318271,442.1288714452986,4,
2022-04-11T20:00:00Z,288,broken,demand,440.6614480318271,442.1288714452986,4,
2022-04-12T15:00:00Z,294,role_flip_retest,supply,443.47,444.97,4,
2022-04-12T16:00:00Z,308,created,demand,439.39,439.97,1,pivot
2022-04-12T17:00:00Z,294,rejection,supply,443.47,444.97,4,
2022-04-12T17:00:00Z,294,merged,supply,443.47,445.75,4,pivot
2022-04-12T18:00:00Z,288,role_flip_retest,supply,440.6614480318271,442.1288714452986,4,
2022-04-12T18:00:00Z,308,touch,demand,439.39,439.97,1,
2022-04-12T19:00:00Z,308,broken,demand,439.39,439.97,1,
2022-04-12T20:00:00Z,270,age_expired,demand,430.7,433.98867707777987,4,
2022-04-13T14:30:00Z,308,role_flip_retest,supply,439.39,439.97,2,
2022-04-13T14:30:00Z,308,volume_confluence,supply,439.39,439.97,3,VAL:2022-04-12:439.114583
2022-04-13T14:30:00Z,308,qualified,supply,439.39,439.97,3,pivot|role_flip|volume_profile
2022-04-13T16:00:00Z,288,touch,supply,440.6614480318271,442.1288714452986,4,
2022-04-13T16:00:00Z,308,broken,supply,439.39,439.97,3,
2022-04-13T16:00:00Z,310,created,demand,436.65,438.0146660550903,1,pivot
2022-04-13T19:00:00Z,288,broken,supply,440.6614480318271,442.1288714452986,4,
2022-04-13T19:00:00Z,296,broken_zone_expired,demand,452.33,452.98,3,
2022-04-13T20:00:00Z,271,age_expired,demand,410.64,411.09472410875486,2,
2022-04-13T20:00:00Z,294,touch,supply,443.47,445.75,4,
2022-04-13T20:00:00Z,294,rejection,supply,443.47,445.75,4,
2022-04-14T14:30:00Z,288,role_flip_retest,demand,440.6614480318271,442.1288714452986,4,
2022-04-14T14:30:00Z,294,rejection,supply,443.47,445.75,4,
2022-04-14T17:00:00Z,288,broken,demand,440.6614480318271,442.1288714452986,4,
2022-04-14T17:00:00Z,308,role_flip_retest,demand,439.39,439.97,3,
2022-04-14T17:00:00Z,311,created,supply,443.55,444.74,1,pivot
2022-04-14T17:00:00Z,311,volume_confluence,supply,443.55,444.74,2,VAL:2022-04-06:444.721250
2022-04-14T17:00:00Z,311,qualified,supply,443.55,444.74,2,pivot|volume_profile
2022-04-14T18:00:00Z,308,rejection,demand,439.39,439.97,3,
2022-04-14T19:00:00Z,288,role_flip_retest,supply,440.6614480318271,442.1288714452986,4,
2022-04-14T20:00:00Z,308,broken,demand,439.39,439.97,3,
2022-04-14T20:00:00Z,310,touch,demand,436.65,438.0146660550903,1,
2022-04-18T14:30:00Z,308,role_flip_retest,supply,439.39,439.97,3,
2022-04-18T15:00:00Z,308,rejection,supply,439.39,439.97,3,
2022-04-18T15:00:00Z,310,rejection,demand,436.65,438.0146660550903,1,
2022-04-18T18:00:00Z,308,touch,supply,439.39,439.97,3,
2022-04-18T18:00:00Z,308,rejection,supply,439.39,439.97,3,
2022-04-18T18:00:00Z,310,rejection,demand,436.65,438.0146660550903,1,
2022-04-18T19:00:00Z,308,rejection,supply,439.39,439.97,3,
2022-04-18T20:00:00Z,310,touch,demand,436.65,438.0146660550903,1,
2022-04-18T20:00:00Z,312,created,demand,435.61,436.56,1,pivot
2022-04-18T20:00:00Z,310,volume_confluence,demand,436.65,438.0146660550903,2,VAL:2022-04-18:436.731250
2022-04-18T20:00:00Z,310,qualified,demand,436.65,438.0146660550903,2,pivot|volume_profile
2022-04-18T20:00:00Z,312,volume_confluence,demand,435.61,436.56,2,VAL:2022-04-18:436.731250
2022-04-18T20:00:00Z,312,qualified,demand,435.61,436.56,2,pivot|volume_profile
2022-04-19T14:30:00Z,288,touch,supply,440.6614480318271,442.1288714452986,4,
2022-04-19T14:30:00Z,308,broken,supply,439.39,439.97,3,
2022-04-19T14:30:00Z,310,rejection,demand,436.65,438.0146660550903,2,
2022-04-19T15:00:00Z,288,broken,supply,440.6614480318271,442.1288714452986,4,
2022-04-19T15:00:00Z,294,touch,supply,443.47,445.75,4,
2022-04-19T15:00:00Z,294,rejection,supply,443.47,445.75,4,
2022-04-19T15:00:00Z,311,touch,supply,443.55,444.74,2,
2022-04-19T15:00:00Z,311,rejection,supply,443.55,444.74,2,
2022-04-19T16:00:00Z,295,broken_zone_expired,supply,447.99,449.95,4,
2022-04-19T17:00:00Z,294,rejection,supply,443.47,445.75,4,
2022-04-19T17:00:00Z,311,rejection,supply,443.55,444.74,2,
2022-04-19T19:00:00Z,311,merged,supply,443.55,444.74,3,pivot
2022-04-19T20:00:00Z,311,broken,supply,443.55,444.74,3,
2022-04-20T14:30:00Z,311,role_flip_retest,demand,443.55,444.74,4,
2022-04-20T15:00:00Z,294,broken,supply,443.47,445.75,4,
2022-04-20T15:00:00Z,311,rejection,demand,443.55,444.74,4,
2022-04-20T16:00:00Z,294,role_flip_retest,demand,443.47,445.75,4,
2022-04-20T17:00:00Z,294,rejection,demand,443.47,445.75,4,
2022-04-20T17:00:00Z,314,created,supply,446.91,447.57,1,pivot
2022-04-20T18:00:00Z,314,touch,supply,446.91,447.57,1,
2022-04-20T18:00:00Z,314,rejection,supply,446.91,447.57,1,
2022-04-20T19:00:00Z,294,touch,demand,443.47,445.75,4,
2022-04-20T19:00:00Z,311,touch,demand,443.55,444.74,4,
2022-04-20T20:00:00Z,314,volume_confluence,supply,446.91,447.57,2,VAH:2022-04-20:446.632708
2022-04-20T20:00:00Z,314,qualified,supply,446.91,447.57,2,pivot|volume_profile
2022-04-21T14:30:00Z,307,touch,supply,449.317501502772,450.69,2,
2022-04-21T14:30:00Z,314,broken,supply,446.91,447.57,2,
2022-04-21T15:00:00Z,307,rejection,supply,449.317501502772,450.69,2,
2022-04-21T15:00:00Z,311,merged,demand,443.48,444.74,4,pivot
2022-04-21T16:00:00Z,294,touch,demand,443.47,445.75,4,
2022-04-21T16:00:00Z,311,touch,demand,443.48,444.74,4,
2022-04-21T17:00:00Z,294,broken,demand,443.47,445.75,4,
2022-04-21T17:00:00Z,311,broken,demand,443.48,444.74,4,
2022-04-21T17:00:00Z,307,merged,supply,449.317501502772,450.69,3,pivot
2022-04-21T18:00:00Z,294,role_flip_retest,supply,443.47,445.75,4,
2022-04-21T18:00:00Z,311,role_flip_retest,supply,443.48,444.74,4,
2022-04-21T20:00:00Z,310,touch,demand,436.65,438.0146660550903,2,
2022-04-21T20:00:00Z,310,rejection,demand,436.65,438.0146660550903,2,
2022-04-22T14:30:00Z,285,touch,demand,433.31,434.55,3,
2022-04-22T14:30:00Z,310,broken,demand,436.65,438.0146660550903,2,
2022-04-22T14:30:00Z,312,broken,demand,435.61,436.56,2,
2022-04-22T15:00:00Z,285,broken,demand,433.31,434.55,3,
2022-04-22T15:00:00Z,312,role_flip_retest,supply,435.61,436.56,3,
2022-04-22T16:00:00Z,285,role_flip_retest,supply,433.31,434.55,3,
2022-04-22T18:00:00Z,281,touch,demand,427.43508874051753,429.51,4,
2022-04-22T19:00:00Z,286,touch,demand,424.8,428.27463139164246,2,
2022-04-22T20:00:00Z,281,broken,demand,427.43508874051753,429.51,4,
2022-04-22T20:00:00Z,287,touch,demand,424.8,426.6765177951692,2,
2022-04-25T14:30:00Z,282,touch,demand,420.44,421.77,3,
2022-04-25T14:30:00Z,286,broken,demand,424.8,428.27463139164246,2,
2022-04-25T14:30:00Z,287,broken,demand,424.8,426.6765177951692,2,
2022-04-25T16:00:00Z,282,broken,demand,420.44,421.77,3,
2022-04-25T19:00:00Z,317,created,demand,418.84,419.77,1,pivot
2022-04-25T20:00:00Z,317,volume_confluence,demand,418.84,419.77,2,VAL:2022-04-25:419.866042
2022-04-25T20:00:00Z,317,qualified,demand,418.84,419.77,2,pivot|volume_profile
2022-04-26T14:30:00Z,286,role_flip_retest,supply,424.8,428.27463139164246,3,
2022-04-26T14:30:00Z,287,role_flip_retest,supply,424.8,426.6765177951692,3,
2022-04-26T16:00:00Z,282,role_flip_retest,supply,420.44,421.77,3,
2022-04-26T16:00:00Z,317,touch,demand,418.84,419.77,2,
2022-04-26T16:00:00Z,318,created,supply,428.2692322988279,428.69,1,pivot
2022-04-26T17:00:00Z,282,broken,supply,420.44,421.77,3,
2022-04-26T17:00:00Z,317,rejection,demand,418.84,419.77,2,
2022-04-26T19:00:00Z,317,rejection,demand,418.84,419.77,2,
2022-04-26T20:00:00Z,279,touch,demand,415.12,417.36959346257146,3,
2022-04-26T20:00:00Z,308,broken_zone_expired,supply,439.39,439.97,3,
2022-04-26T20:00:00Z,317,broken,demand,418.84,419.77,2,
2022-04-26T20:00:00Z,319,created,supply,419.41,421.0,1,order_block
2022-04-26T20:00:00Z,319,volume_confluence,supply,419.41,421.0,2,VAL:2022-04-25:419.866042
2022-04-26T20:00:00Z,319,qualified,supply,419.41,421.0,2,order_block|volume_profile
2022-04-27T14:30:00Z,279,rejection,demand,415.12,417.36959346257146,3,
2022-04-27T14:30:00Z,288,broken_zone_expired,supply,440.6614480318271,442.1288714452986,4,
2022-04-27T14:30:00Z,319,touch,supply,419.41,421.0,2,
2022-04-27T15:00:00Z,279,age_expired,demand,415.12,417.36959346257146,3,
2022-04-27T15:00:00Z,317,role_flip_retest,supply,418.84,419.77,3,
2022-04-27T15:00:00Z,319,rejection,supply,419.41,421.0,2,
2022-04-27T17:00:00Z,282,role_flip_retest,demand,420.44,421.77,3,
2022-04-27T17:00:00Z,317,broken,supply,418.84,419.77,3,
2022-04-27T17:00:00Z,319,broken,supply,419.41,421.0,2,
2022-04-27T18:00:00Z,282,rejection,demand,420.44,421.77,3,
2022-04-27T18:00:00Z,317,role_flip_retest,demand,418.84,419.77,3,
2022-04-27T18:00:00Z,319,role_flip_retest,demand,419.41,421.0,3,
2022-04-27T18:00:00Z,320,created,demand,415.01,417.09041975367126,1,pivot
2022-04-27T19:00:00Z,282,broken,demand,420.44,421.77,3,
2022-04-27T19:00:00Z,319,broken,demand,419.41,421.0,3,
2022-04-27T20:00:00Z,317,broken,demand,418.84,419.77,3,
2022-04-27T20:00:00Z,320,touch,demand,415.01,417.09041975367126,1,
2022-04-27T20:00:00Z,320,rejection,demand,415.01,417.09041975367126,1,
2022-04-27T20:00:00Z,321,created,supply,422.06,422.92,1,pivot
2022-04-27T20:00:00Z,320,volume_confluence,demand,415.01,417.09041975367126,2,VAL:2022-04-27:417.152292
2022-04-27T20:00:00Z,320,qualified,demand,415.01,417.09041975367126,2,pivot|volume_profile
2022-04-27T20:00:00Z,321,volume_confluence,supply,422.06,422.92,2,VAH:2022-04-26:422.508958
2022-04-27T20:00:00Z,321,qualified,supply,422.06,422.92,2,pivot|volume_profile
2022-04-28T14:30:00Z,321,touch,supply,422.06,422.92,2,
2022-04-28T14:30:00Z,321,rejection,supply,422.06,422.92,2,
2022-04-28T15:00:00Z,282,role_flip_retest,supply,420.44,421.77,3,
2022-04-28T15:00:00Z,319,role_flip_retest,supply,419.41,421.0,3,
2022-04-28T17:00:00Z,282,broken,supply,420.44,421.77,3,
2022-04-28T17:00:00Z,286,touch,supply,424.8,428.27463139164246,3,
2022-04-28T17:00:00Z,287,touch,supply,424.8,426.6765177951692,3,
2022-04-28T17:00:00Z,319,broken,supply,419.41,421.0,3,
2022-04-28T17:00:00Z,321,broken,supply,422.06,422.92,2,
2022-04-28T17:00:00Z,322,created,demand,417.6,420.44,1,order_block
2022-04-28T17:00:00Z,322,volume_confluence,demand,417.6,420.44,2,VAL:2022-04-25:419.866042
2022-04-28T17:00:00Z,322,qualified,demand,417.6,420.44,2,order_block|volume_profile
2022-04-28T18:00:00Z,281,role_flip_retest,supply,427.43508874051753,429.51,4,
2022-04-28T18:00:00Z,287,broken,supply,424.8,426.6765177951692,3,
2022-04-28T19:00:00Z,281,age_expired,supply,427.43508874051753,429.51,4,
2022-04-28T19:00:00Z,286,broken,supply,424.8,428.27463139164246,3,
2022-04-28T19:00:00Z,318,touch,supply,428.2692322988279,428.69,1,
2022-04-28T20:00:00Z,287,role_flip_retest,demand,424.8,426.6765177951692,3,
2022-04-28T20:00:00Z,314,broken_zone_expired,supply,446.91,447.57,2,
2022-04-28T20:00:00Z,318,rejection,supply,428.2692322988279,428.69,1,
2022-04-28T20:00:00Z,318,volume_confluence,supply,428.2692322988279,428.69,2,VAH:2022-04-28:429.389167
2022-04-28T20:00:00Z,318,qualified,supply,428.2692322988279,428.69,2,pivot|volume_profile
2022-04-29T14:30:00Z,321,role_flip_retest,demand,422.06,422.92,3,
2022-04-29T15:00:00Z,287,broken,demand,424.8,426.6765177951692,3,
2022-04-29T15:00:00Z,321,broken,demand,422.06,422.92,3,
2022-04-29T15:00:00Z,322,touch,demand,417.6,420.44,2,
2022-04-29T15:00:00Z,322,rejection,demand,417.6,420.44,2,
2022-04-29T16:00:00Z,321,role_flip_retest,supply,422.06,422.92,3,
2022-04-29T16:00:00Z,322,rejection,demand,417.6,420.44,2,
2022-04-29T16:00:00Z,318,merged,supply,428.2692322988279,429.64,3,pivot
2022-04-29T17:00:00Z,317,role_flip_retest,supply,418.84,419.77,3,
2022-04-29T18:00:00Z,317,rejection,supply,418.84,419.77,3,
2022-04-29T19:00:00Z,320,touch,demand,415.01,417.09041975367126,2,
2022-04-29T19:00:00Z,322,broken,demand,417.6,420.44,2,
2022-04-29T20:00:00Z,310,broken_zone_expired,demand,436.65,438.0146660550903,2,
2022-04-29T20:00:00Z,320,broken,demand,415.01,417.09041975367126,2,
2022-05-02T15:00:00Z,320,role_flip_retest,supply,415.01,417.09041975367126,3,
2022-05-03T14:30:00Z,320,touch,supply,415.01,417.09041975367126,3,
2022-05-03T15:00:00Z,324,created,demand,405.02,406.46,1,pivot
2022-05-03T15:00:00Z,324,volume_confluence,demand,405.02,406.46,2,VAL:2022-05-02:407.063750
2022-05-03T15:00:00Z,324,qualified,demand,405.02,406.46,2,pivot|volume_profile
2022-05-03T16:00:00Z,317,touch,supply,418.84,419.77,3,
2022-05-03T16:00:00Z,317,rejection,supply,418.84,419.77,3,
2022-05-03T16:00:00Z,320,broken,supply,415.01,417.09041975367126,3,
2022-05-03T17:00:00Z,322,role_flip_retest,supply,417.6,420.44,3,
2022-05-03T18:00:00Z,320,role_flip_retest,demand,415.01,417.09041975367126,3,
2022-05-03T18:00:00Z,322,rejection,supply,417.6,420.44,3,
2022-05-03T19:00:00Z,320,rejection,demand,415.01,417.09041975367126,3,
2022-05-03T19:00:00Z,322,merged,supply,417.6,420.44,4,pivot
2022-05-03T20:00:00Z,322,touch,supply,417.6,420.44,4,
2022-05-03T20:00:00Z,322,rejection,supply,417.6,420.44,4,
2022-05-04T17:00:00Z,320,rejection,demand,415.01,417.09041975367126,3,
2022-05-04T17:00:00Z,322,touch,supply,417.6,420.44,4,
2022-05-04T18:00:00Z,317,touch,supply,418.84,419.77,3,
2022-05-04T18:00:00Z,317,rejection,supply,418.84,419.77,3,
2022-05-04T18:00:00Z,320,rejection,demand,415.01,417.09041975367126,3,
2022-05-04T19:00:00Z,282,role_flip_retest,demand,420.44,421.77,3,
2022-05-04T19:00:00Z,317,broken,supply,418.84,419.77,3,
2022-05-04T19:00:00Z,319,role_flip_retest,demand,419.41,421.0,3,
2022-05-04T19:00:00Z,320,rejection,demand,415.01,417.09041975367126,3,
2022-05-04T19:00:00Z,321,broken,supply,422.06,422.92,3,
2022-05-04T19:00:00Z,322,broken,supply,417.6,420.44,4,
2022-05-04T19:00:00Z,320,merged,demand,413.7,417.09041975367126,4,pivot
2022-05-04T19:00:00Z,320,merged,demand,413.7,417.09041975367126,5,order_block
2022-05-04T20:00:00Z,282,age_expired,demand,420.44,421.77,3,
2022-05-04T20:00:00Z,286,role_flip_retest,demand,424.8,428.27463139164246,3,
2022-05-04T20:00:00Z,318,touch,supply,428.2692322988279,429.64,3,
2022-05-04T20:00:00Z,320,merged,demand,413.7,417.09041975367126,5,order_block
2022-05-05T14:30:00Z,285,age_expired,supply,433.31,434.55,3,
2022-05-05T14:30:00Z,286,broken,demand,424.8,428.27463139164246,3,
2022-05-05T14:30:00Z,287,role_flip_retest,supply,424.8,426.6765177951692,3,
2022-05-05T15:00:00Z,319,broken,demand,419.41,421.0,3,
2022-05-05T15:00:00Z,320,touch,demand,413.7,417.09041975367126,5,
2022-05-05T16:00:00Z,320,broken,demand,413.7,417.09041975367126,5,
2022-05-05T16:00:00Z,318,merged,supply,428.2692322988279,429.66,3,pivot
2022-05-05T18:00:00Z,287,age_expired,supply,424.8,426.6765177951692,3,
2022-05-05T18:00:00Z,320,role_flip_retest,supply,413.7,417.09041975367126,5,
2022-05-05T19:00:00Z,320,rejection,supply,413.7,417.09041975367126,5,
2022-05-06T14:30:00Z,324,touch,demand,405.02,406.46,2,
2022-05-06T15:00:00Z,324,rejection,demand,405.02,406.46,2,
2022-05-06T16:00:00Z,320,touch,supply,413.7,417.09041975367126,5,
2022-05-06T16:00:00Z,320,rejection,supply,413.7,417.09041975367126,5,
2022-05-06T17:00:00Z,324,merged,demand,405.02,406.46,3,pivot
2022-05-06T18:00:00Z,320,rejection,supply,413.7,417.09041975367126,5,
2022-05-09T14:30:00Z,324,touch,demand,405.02,406.46,3,
2022-05-09T15:00:00Z,324,broken,demand,405.02,406.46,3,
2022-05-10T14:30:00Z,324,role_flip_retest,supply,405.02,406.46,4,
2022-05-10T15:00:00Z,324,rejection,supply,405.02,406.46,4,
2022-05-10T17:00:00Z,324,merged,supply,404.49,406.46,4,pivot
2022-05-10T20:00:00Z,332,created,demand,394.82,395.95,1,pivot
2022-05-11T14:30:00Z,332,touch,demand,394.82,395.95,1,
2022-05-11T14:30:00Z,332,rejection,demand,394.82,395.95,1,
2022-05-11T18:00:00Z,332,broken,demand,394.82,395.95,1,
2022-05-11T18:00:00Z,324,merged,supply,402.25,406.46,4,pivot
2022-05-11T20:00:00Z,332,role_flip_retest,supply,394.82,395.95,2,
2022-05-11T20:00:00Z,332,volume_confluence,supply,394.82,395.95,3,POC:2022-05-11:395.231667
2022-05-11T20:00:00Z,332,qualified,supply,394.82,395.95,3,pivot|role_flip|volume_profile
2022-05-12T16:00:00Z,332,touch,supply,394.82,395.95,3,
2022-05-12T16:00:00Z,332,rejection,supply,394.82,395.95,3,
2022-05-12T17:00:00Z,334,created,demand,386.92,388.6,1,pivot
2022-05-12T18:00:00Z,317,broken_zone_expired,supply,418.84,419.77,3,
2022-05-12T18:00:00Z,321,broken_zone_expired,supply,422.06,422.92,3,
2022-05-12T18:00:00Z,322,broken_zone_expired,supply,417.6,420.44,4,
2022-05-12T18:00:00Z,334,touch,demand,386.92,388.6,1,
2022-05-12T19:00:00Z,294,age_expired,supply,443.47,445.75,4,
2022-05-12T19:00:00Z,334,broken,demand,386.92,388.6,1,
2022-05-12T20:00:00Z,286,broken_zone_expired,demand,424.8,428.27463139164246,3,
2022-05-13T14:30:00Z,319,broken_zone_expired,demand,419.41,421.0,3,
2022-05-13T14:30:00Z,332,broken,supply,394.82,395.95,3,
2022-05-13T15:00:00Z,335,created,demand,385.15,385.75382180385753,1,pivot
2022-05-13T15:00:00Z,335,volume_confluence,demand,385.15,385.75382180385753,2,VAL:2022-05-12:386.703125
2022-05-13T15:00:00Z,335,qualified,demand,385.15,385.75382180385753,2,pivot|volume_profile
2022-05-13T17:00:00Z,324,touch,supply,402.25,406.46,4,
2022-05-13T17:00:00Z,324,rejection,supply,402.25,406.46,4,
2022-05-13T20:00:00Z,324,touch,supply,402.25,406.46,4,
2022-05-13T20:00:00Z,324,rejection,supply,402.25,406.46,4,
2022-05-13T20:00:00Z,336,created,supply,401.76,403.18,1,pivot
2022-05-13T20:00:00Z,336,volume_confluence,supply,401.76,403.18,2,VAH:2022-05-10:403.030417
2022-05-13T20:00:00Z,336,qualified,supply,401.76,403.18,2,pivot|volume_profile
2022-05-16T15:00:00Z,336,touch,supply,401.76,403.18,2,
2022-05-16T15:00:00Z,336,rejection,supply,401.76,403.18,2,
2022-05-16T17:00:00Z,336,touch,supply,401.76,403.18,2,
2022-05-16T17:00:00Z,336,rejection,supply,401.76,403.18,2,
2022-05-16T18:00:00Z,324,touch,supply,402.25,406.46,4,
2022-05-16T18:00:00Z,324,rejection,supply,402.25,406.46,4,
2022-05-16T20:00:00Z,297,age_expired,supply,453.39228259661496,453.65,3,
2022-05-16T20:00:00Z,324,rejection,supply,402.25,406.46,4,
2022-05-16T20:00:00Z,336,rejection,supply,401.76,403.18,2,
2022-05-17T14:30:00Z,336,broken,supply,401.76,403.18,2,
2022-05-17T15:00:00Z,336,role_flip_retest,demand,401.76,403.18,3,
2022-05-17T19:00:00Z,324,broken,supply,402.25,406.46,4,
2022-05-17T20:00:00Z,298,age_expired,supply,460.48819309387176,462.07,3,
2022-05-18T14:30:00Z,336,broken,demand,401.76,403.18,3,
2022-05-18T15:00:00Z,336,role_flip_retest,supply,401.76,403.18,3,
2022-05-18T16:00:00Z,337,created,supply,408.11147067604503,408.57,1,pivot
2022-05-18T16:00:00Z,337,volume_confluence,supply,408.11147067604503,408.57,2,VAH:2022-05-17:407.446875
2022-05-18T16:00:00Z,337,qualified,supply,408.11147067604503,408.57,2,pivot|volume_profile
2022-05-18T17:00:00Z,332,role_flip_retest,demand,394.82,395.95,3,
2022-05-18T18:00:00Z,332,broken,demand,394.82,395.95,3,
2022-05-19T17:00:00Z,338,created,demand,387.11,388.56,1,pivot
2022-05-19T17:00:00Z,338,volume_confluence,demand,387.11,388.56,2,POC:2022-05-12:388.034375
2022-05-19T17:00:00Z,338,qualified,demand,387.11,388.56,2,pivot|volume_profile
2022-05-19T18:00:00Z,338,touch,demand,387.11,388.56,2,
2022-05-19T18:00:00Z,338,rejection,demand,387.11,388.56,2,
2022-05-19T19:00:00Z,300,age_expired,supply,456.46,457.50472914350826,3,
2022-05-20T14:30:00Z,332,role_flip_retest,supply,394.82,395.95,3,
2022-05-20T15:00:00Z,338,touch,demand,387.11,388.56,2,
2022-05-20T16:00:00Z,301,age_expired,supply,456.7,457.83,3,
2022-05-20T16:00:00Z,334,role_flip_retest,supply,386.92,388.6,2,
2022-05-20T16:00:00Z,335,touch,demand,385.15,385.75382180385753,2,
2022-05-20T16:00:00Z,335,rejection,demand,385.15,385.75382180385753,2,
2022-05-20T16:00:00Z,338,broken,demand,387.11,388.56,2,
2022-05-20T16:00:00Z,334,volume_confluence,supply,386.92,388.6,3,POC:2022-05-12:388.034375
2022-05-20T16:00:00Z,334,qualified,supply,386.92,388.6,3,pivot|role_flip|volume_profile
2022-05-20T17:00:00Z,335,broken,demand,385.15,385.75382180385753,2,
2022-05-20T17:00:00Z,332,merged,supply,394.71145184520896,397.03,4,pivot
2022-05-20T20:00:00Z,334,broken,supply,386.92,388.6,3,
2022-05-23T14:30:00Z,340,created,demand,380.54,382.94,1,pivot
2022-05-23T14:30:00Z,340,volume_confluence,demand,380.54,382.94,2,POC:2022-05-20:382.257708
2022-05-23T14:30:00Z,340,qualified,demand,380.54,382.94,2,pivot|volume_profile
2022-05-23T15:00:00Z,332,touch,supply,394.71145184520896,397.03,4,
2022-05-23T15:00:00Z,332,rejection,supply,394.71145184520896,397.03,4,
2022-05-24T15:00:00Z,332,merged,supply,394.71145184520896,397.73,4,pivot
2022-05-24T16:00:00Z,334,role_flip_retest,demand,386.92,388.6,3,
2022-05-24T18:00:00Z,334,merged,demand,386.92,388.6,4,pivot
2022-05-24T20:00:00Z,332,touch,supply,394.71145184520896,397.73,4,
2022-05-24T20:00:00Z,332,rejection,supply,394.71145184520896,397.73,4,
2022-05-25T14:30:00Z,332,rejection,supply,394.71145184520896,397.73,4,
2022-05-25T17:00:00Z,332,rejection,supply,394.71145184520896,397.73,4,
2022-05-25T18:00:00Z,324,broken_zone_expired,supply,402.25,406.46,4,
2022-05-25T18:00:00Z,332,rejection,supply,394.71145184520896,397.73,4,
2022-05-25T18:00:00Z,332,merged,supply,394.71145184520896,397.73,4,pivot
2022-05-26T14:30:00Z,332,broken,supply,394.71145184520896,397.73,4,
2022-05-26T14:30:00Z,336,touch,supply,401.76,403.18,3,
2022-05-26T15:00:00Z,336,broken,supply,401.76,403.18,3,
2022-05-27T14:30:00Z,337,broken,supply,408.11147067604503,408.57,2,
2022-05-27T19:00:00Z,307,age_expired,supply,449.317501502772,450.69,3,
2022-05-27T20:00:00Z,320,touch,supply,413.7,417.09041975367126,5,
2022-05-31T14:30:00Z,320,rejection,supply,413.7,417.09041975367126,5,
2022-05-31T15:00:00Z,338,broken_zone_expired,demand,387.11,388.56,2,
2022-05-31T16:00:00Z,320,touch,supply,413.7,417.09041975367126,5,
2022-05-31T16:00:00Z,335,broken_zone_expired,demand,385.15,385.75382180385753,2,
2022-05-31T16:00:00Z,344,created,supply,415.0373691114746,415.39,1,pivot
2022-05-31T17:00:00Z,344,touch,supply,415.0373691114746,415.39,1,
2022-05-31T18:00:00Z,344,broken,supply,415.0373691114746,415.39,1,
2022-05-31T18:00:00Z,345,created,demand,410.03,411.16,1,pivot
2022-05-31T18:00:00Z,345,volume_confluence,demand,410.03,411.16,2,VAL:2022-05-27:410.743958
2022-05-31T18:00:00Z,345,qualified,demand,410.03,411.16,2,pivot|volume_profile
2022-05-31T19:00:00Z,320,rejection,supply,413.7,417.09041975367126,5,
2022-05-31T20:00:00Z,320,rejection,supply,413.7,417.09041975367126,5,
2022-06-01T15:00:00Z,320,rejection,supply,413.7,417.09041975367126,5,
2022-06-01T15:00:00Z,345,touch,demand,410.03,411.16,2,
2022-06-01T15:00:00Z,346,created,supply,416.07006344183594,416.46,1,pivot
2022-06-01T15:00:00Z,346,volume_confluence,supply,416.07006344183594,416.46,2,VAH:2022-05-31:415.254375
2022-06-01T15:00:00Z,346,qualified,supply,416.07006344183594,416.46,2,pivot|volume_profile
2022-06-01T16:00:00Z,345,broken,demand,410.03,411.16,2,
2022-06-01T18:00:00Z,337,role_flip_retest,demand,408.11147067604503,408.57,3,
2022-06-01T18:00:00Z,345,role_flip_retest,supply,410.03,411.16,3,
2022-06-01T20:00:00Z,345,rejection,supply,410.03,411.16,3,
2022-06-01T20:00:00Z,337,merged,demand,406.93,408.57,4,pivot
2022-06-02T14:30:00Z,337,touch,demand,406.93,408.57,4,
2022-06-02T15:00:00Z,337,rejection,demand,406.93,408.57,4,
2022-06-02T15:00:00Z,345,touch,supply,410.03,411.16,3,
2022-06-02T15:00:00Z,345,rejection,supply,410.03,411.16,3,
2022-06-02T16:00:00Z,345,broken,supply,410.03,411.16,3,
2022-06-02T17:00:00Z,320,touch,supply,413.7,417.09041975367126,5,
2022-06-02T20:00:00Z,320,broken,supply,413.7,417.09041975367126,5,
2022-06-02T20:00:00Z,344,role_flip_retest,demand,415.0373691114746,415.39,2,
2022-06-02T20:00:00Z,346,broken,supply,416.07006344183594,416.46,2,
2022-06-02T20:00:00Z,344,volume_confluence,demand,415.0373691114746,415.39,3,VAH:2022-05-31:415.254375
2022-06-02T20:00:00Z,344,qualified,demand,415.0373691114746,415.39,3,pivot|role_flip|volume_profile
2022-06-03T14:30:00Z,344,broken,demand,415.0373691114746,415.39,3,
2022-06-03T15:00:00Z,345,role_flip_retest,demand,410.03,411.16,3,
2022-06-03T16:00:00Z,348,created,supply,417.08020715122035,417.44,1,pivot
2022-06-03T16:00:00Z,348,volume_confluence,supply,417.08020715122035,417.44,2,VAH:2022-06-02:417.223333
2022-06-03T16:00:00Z,348,qualified,supply,417.08020715122035,417.44,2,pivot|volume_profile
2022-06-03T17:00:00Z,345,rejection,demand,410.03,411.16,3,
2022-06-03T19:00:00Z,345,rejection,demand,410.03,411.16,3,
2022-06-03T19:00:00Z,345,merged,demand,409.51,411.16,4,pivot
2022-06-03T20:00:00Z,311,age_expired,supply,443.48,444.74,4,
2022-06-03T20:00:00Z,332,broken_zone_expired,supply,394.71145184520896,397.73,4,
2022-06-06T14:30:00Z,336,broken_zone_expired,supply,401.76,403.18,3,
2022-06-06T16:00:00Z,344,role_flip_retest,supply,415.0373691114746,415.39,3,
2022-06-06T17:00:00Z,345,touch,demand,409.51,411.16,4,
2022-06-06T17:00:00Z,345,rejection,demand,409.51,411.16,4,
2022-06-06T18:00:00Z,348,merged,supply,416.08,417.44,3,pivot
2022-06-06T19:00:00Z,345,touch,demand,409.51,411.16,4,
2022-06-06T19:00:00Z,345,rejection,demand,409.51,411.16,4,
2022-06-06T20:00:00Z,345,rejection,demand,409.51,411.16,4,
2022-06-07T14:30:00Z,337,touch,demand,406.93,408.57,4,
2022-06-07T14:30:00Z,337,rejection,demand,406.93,408.57,4,
2022-06-07T15:00:00Z,345,rejection,demand,409.51,411.16,4,
2022-06-07T16:00:00Z,312,age_expired,supply,435.61,436.56,3,
2022-06-07T16:00:00Z,345,rejection,demand,409.51,411.16,4,
2022-06-07T17:00:00Z,345,rejection,demand,409.51,411.16,4,
2022-06-07T17:00:00Z,337,merged,demand,406.93,408.57,4,pivot
2022-06-07T20:00:00Z,344,broken,supply,415.0373691114746,415.39,3,
2022-06-07T20:00:00Z,348,touch,supply,416.08,417.44,3,
2022-06-07T20:00:00Z,348,rejection,supply,416.08,417.44,3,
2022-06-08T16:00:00Z,348,merged,supply,415.7,417.44,3,pivot
2022-06-08T18:00:00Z,345,touch,demand,409.51,411.16,4,
2022-06-08T18:00:00Z,345,rejection,demand,409.51,411.16,4,
2022-06-08T19:00:00Z,345,rejection,demand,409.51,411.16,4,
2022-06-08T20:00:00Z,345,rejection,demand,409.51,411.16,4,
2022-06-09T14:30:00Z,337,touch,demand,406.93,408.57,4,
2022-06-09T14:30:00Z,337,rejection,demand,406.93,408.57,4,
2022-06-09T14:30:00Z,345,rejection,demand,409.51,411.16,4,
2022-06-09T15:00:00Z,345,broken,demand,409.51,411.16,4,
2022-06-09T16:00:00Z,337,touch,demand,406.93,408.57,4,
2022-06-09T16:00:00Z,337,rejection,demand,406.93,408.57,4,
2022-06-09T16:00:00Z,345,role_flip_retest,supply,409.51,411.16,4,
2022-06-09T17:00:00Z,337,rejection,demand,406.93,408.57,4,
2022-06-09T18:00:00Z,337,rejection,demand,406.93,408.57,4,
2022-06-09T18:00:00Z,345,rejection,supply,409.51,411.16,4,
2022-06-09T19:00:00Z,337,broken,demand,406.93,408.57,4,
2022-06-09T20:00:00Z,345,merged,supply,409.44,411.16,5,order_block
2022-06-10T19:00:00Z,320,broken_zone_expired,supply,413.7,417.09041975367126,5,
2022-06-10T19:00:00Z,346,broken_zone_expired,supply,416.07006344183594,416.46,2,
2022-06-10T19:00:00Z,354,created,demand,389.87,390.85,1,pivot
2022-06-10T20:00:00Z,354,touch,demand,389.87,390.85,1,
2022-06-10T20:00:00Z,354,volume_confluence,demand,389.87,390.85,2,VAL:2022-06-10:390.126875
2022-06-10T20:00:00Z,354,qualified,demand,389.87,390.85,2,pivot|volume_profile
2022-06-13T14:30:00Z,334,broken,demand,386.92,388.6,4,
2022-06-13T14:30:00Z,340,broken,demand,380.54,382.94,2,
2022-06-13T14:30:00Z,354,broken,demand,389.87,390.85,2,
2022-06-13T15:00:00Z,340,role_flip_retest,supply,380.54,382.94,3,
2022-06-13T16:00:00Z,355,created,supply,393.1,394.25,1,pivot
2022-06-13T16:00:00Z,355,volume_confluence,supply,393.1,394.25,2,VAH:2022-06-10:392.890625
2022-06-13T16:00:00Z,355,qualified,supply,393.1,394.25,2,pivot|volume_profile
2022-06-13T17:00:00Z,340,touch,supply,380.54,382.94,3,
2022-06-13T17:00:00Z,340,rejection,supply,380.54,382.94,3,
2022-06-13T19:00:00Z,356,created,demand,374.93,376.14,1,pivot
2022-06-13T20:00:00Z,356,touch,demand,374.93,376.14,1,
2022-06-13T20:00:00Z,356,volume_confluence,demand,374.93,376.14,2,VAL:2022-06-13:375.604792
2022-06-13T20:00:00Z,356,qualified,demand,374.93,376.14,2,pivot|volume_profile
2022-06-14T14:30:00Z,356,rejection,demand,374.93,376.14,2,
2022-06-14T17:00:00Z,356,broken,demand,374.93,376.14,2,
2022-06-14T18:00:00Z,356,role_flip_retest,supply,374.93,376.14,3,
2022-06-14T19:00:00Z,318,age_expired,supply,428.2692322988279,429.66,3,
2022-06-14T20:00:00Z,356,touch,supply,374.93,376.14,3,
2022-06-14T20:00:00Z,356,rejection,supply,374.93,376.14,3,
2022-06-15T14:30:00Z,356,broken,supply,374.93,376.14,3,
2022-06-15T16:00:00Z,356,role_flip_retest,demand,374.93,376.14,3,
2022-06-15T16:00:00Z,357,created,demand,370.59,372.19,1,pivot
2022-06-15T16:00:00Z,357,volume_confluence,demand,370.59,372.19,2,VAL:2022-06-14:372.580625
2022-06-15T16:00:00Z,357,qualified,demand,370.59,372.19,2,pivot|volume_profile
2022-06-15T17:00:00Z,356,rejection,demand,374.93,376.14,3,
2022-06-15T18:00:00Z,356,rejection,demand,374.93,376.14,3,
2022-06-15T18:00:00Z,358,created,supply,378.61,379.5,1,pivot
2022-06-15T18:00:00Z,358,volume_confluence,supply,378.61,379.5,2,VAH:2022-06-13:379.859792
2022-06-15T18:00:00Z,358,qualified,supply,378.61,379.5,2,pivot|volume_profile
2022-06-15T19:00:00Z,340,touch,supply,380.54,382.94,3,
2022-06-15T19:00:00Z,340,rejection,supply,380.54,382.94,3,
2022-06-15T19:00:00Z,344,broken_zone_expired,supply,415.0373691114746,415.39,3,
2022-06-15T19:00:00Z,356,rejection,demand,374.93,376.14,3,
2022-06-15T19:00:00Z,357,touch,demand,370.59,372.19,2,
2022-06-15T19:00:00Z,357,rejection,demand,370.59,372.19,2,
2022-06-15T19:00:00Z,358,touch,supply,378.61,379.5,2,
2022-06-15T19:00:00Z,358,rejection,supply,378.61,379.5,2,
2022-06-15T20:00:00Z,340,rejection,supply,380.54,382.94,3,
2022-06-16T14:30:00Z,356,broken,demand,374.93,376.14,3,
2022-06-16T14:30:00Z,357,broken,demand,370.59,372.19,2,
2022-06-16T16:00:00Z,340,merged,supply,380.54,383.9,4,pivot
2022-06-16T18:00:00Z,360,created,demand,365.76,366.2520114969609,1,pivot
2022-06-16T19:00:00Z,360,broken,demand,365.76,366.2520114969609,1,
2022-06-17T15:00:00Z,360,role_flip_retest,supply,365.76,366.2520114969609,2,
2022-06-17T15:00:00Z,360,volume_confluence,supply,365.76,366.2520114969609,3,POC:2022-06-16:366.216875
2022-06-17T15:00:00Z,360,qualified,supply,365.76,366.2520114969609,3,pivot|role_flip|volume_profile
2022-06-17T16:00:00Z,360,rejection,supply,365.76,366.2520114969609,3,
2022-06-17T17:00:00Z,360,rejection,supply,365.76,366.2520114969609,3,
2022-06-17T17:00:00Z,361,created,supply,368.39,369.38,1,pivot
2022-06-17T17:00:00Z,361,volume_confluence,supply,368.39,369.38,2,VAH:2022-06-16:367.934375
2022-06-17T17:00:00Z,361,qualified,supply,368.39,369.38,2,pivot|volume_profile
2022-06-17T18:00:00Z,337,broken_zone_expired,demand,406.93,408.57,4,
2022-06-17T18:00:00Z,360,broken,supply,365.76,366.2520114969609,3,
2022-06-17T18:00:00Z,361,touch,supply,368.39,369.38,2,
2022-06-17T18:00:00Z,361,rejection,supply,368.39,369.38,2,
2022-06-17T18:00:00Z,362,created,demand,362.17,363.54,1,pivot
2022-06-17T19:00:00Z,361,rejection,supply,368.39,369.38,2,
2022-06-21T14:30:00Z,361,broken,supply,368.39,369.38,2,
2022-06-21T16:00:00Z,356,role_flip_retest,supply,374.93,376.14,3,
2022-06-21T18:00:00Z,356,rejection,supply,374.93,376.14,3,
2022-06-21T19:00:00Z,356,merged,supply,374.93,376.28,4,pivot
2022-06-21T20:00:00Z,334,broken_zone_expired,demand,386.92,388.6,4,
2022-06-21T20:00:00Z,354,broken_zone_expired,demand,389.87,390.85,2,
2022-06-22T15:00:00Z,356,broken,supply,374.93,376.28,4,
2022-06-22T17:00:00Z,356,role_flip_retest,demand,374.93,376.28,4,
2022-06-22T17:00:00Z,364,created,demand,370.18,370.65,1,pivot
2022-06-22T18:00:00Z,356,rejection,demand,374.93,376.28,4,
2022-06-22T18:00:00Z,358,merged,supply,376.79,379.5,3,pivot
2022-06-22T19:00:00Z,358,touch,supply,376.79,379.5,3,
2022-06-22T20:00:00Z,356,broken,demand,374.93,376.28,4,
2022-06-22T20:00:00Z,358,rejection,supply,376.79,379.5,3,
2022-06-23T15:00:00Z,358,merged,supply,376.79,379.5,3,pivot
2022-06-23T16:00:00Z,358,rejection,supply,376.79,379.5,3,
2022-06-23T17:00:00Z,356,role_flip_retest,supply,374.93,376.28,4,
2022-06-23T18:00:00Z,356,rejection,supply,374.93,376.28,4,
2022-06-23T20:00:00Z,356,broken,supply,374.93,376.28,4,
2022-06-23T20:00:00Z,358,touch,supply,376.79,379.5,3,
2022-06-24T14:30:00Z,340,touch,supply,380.54,383.9,4,
2022-06-24T14:30:00Z,358,broken,supply,376.79,379.5,3,
2022-06-24T14:30:00Z,367,created,demand,372.89,373.58,1,pivot
2022-06-24T14:30:00Z,367,volume_confluence,demand,372.89,373.58,2,VAL:2022-06-22:374.272083
2022-06-24T14:30:00Z,367,qualified,demand,372.89,373.58,2,pivot|volume_profile
2022-06-24T15:00:00Z,340,broken,supply,380.54,383.9,4,
2022-06-24T20:00:00Z,357,broken_zone_expired,demand,370.59,372.19,2,
2022-06-27T17:00:00Z,368,created,supply,391.0451090232692,391.36,1,pivot
2022-06-28T14:30:00Z,355,touch,supply,393.1,394.25,2,
2022-06-28T14:30:00Z,355,rejection,supply,393.1,394.25,2,
2022-06-28T14:30:00Z,368,broken,supply,391.0451090232692,391.36,1,
2022-06-28T16:00:00Z,340,role_flip_retest,demand,380.54,383.9,4,
2022-06-28T16:00:00Z,369,created,supply,390.26164546161607,393.16,1,order_block
2022-06-28T16:00:00Z,369,volume_confluence,supply,390.26164546161607,393.16,2,VAH:2022-06-27:389.971667
2022-06-28T16:00:00Z,369,qualified,supply,390.26164546161607,393.16,2,order_block|volume_profile
2022-06-28T17:00:00Z,340,rejection,demand,380.54,383.9,4,
2022-06-28T17:00:00Z,360,broken_zone_expired,supply,365.76,366.2520114969609,3,
2022-06-28T17:00:00Z,355,merged,supply,391.92,394.25,3,pivot
2022-06-28T20:00:00Z,361,broken_zone_expired,supply,368.39,369.38,2,
2022-06-29T14:30:00Z,358,role_flip_retest,demand,376.79,379.5,4,
2022-06-29T16:00:00Z,358,touch,demand,376.79,379.5,4,
2022-06-29T16:00:00Z,358,rejection,demand,376.79,379.5,4,
2022-06-29T17:00:00Z,340,broken,demand,380.54,383.9,4,
2022-06-29T17:00:00Z,358,rejection,demand,376.79,379.5,4,
2022-06-29T17:00:00Z,371,created,demand,378.42,379.8828604678261,1,pivot
2022-06-29T17:00:00Z,371,volume_confluence,demand,378.42,379.8828604678261,2,VAH:2022-06-23:377.716250
2022-06-29T17:00:00Z,371,qualified,demand,378.42,379.8828604678261,2,pivot|volume_profile
2022-06-29T18:00:00Z,358,rejection,demand,376.79,379.5,4,
2022-06-29T18:00:00Z,371,touch,demand,378.42,379.8828604678261,2,
2022-06-29T18:00:00Z,371,rejection,demand,378.42,379.8828604678261,2,
2022-06-29T19:00:00Z,340,role_flip_retest,supply,380.54,383.9,4,
2022-06-29T19:00:00Z,371,rejection,demand,378.42,379.8828604678261,2,
2022-06-29T20:00:00Z,340,rejection,supply,380.54,383.9,4,
2022-06-29T20:00:00Z,371,rejection,demand,378.42,379.8828604678261,2,
2022-06-30T14:30:00Z,358,broken,demand,376.79,379.5,4,
2022-06-30T14:30:00Z,367,touch,demand,372.89,373.58,2,
2022-06-30T14:30:00Z,371,broken,demand,378.42,379.8828604678261,2,
2022-06-30T15:00:00Z,367,rejection,demand,372.89,373.58,2,
2022-06-30T16:00:00Z,356,role_flip_retest,demand,374.93,376.28,4,
2022-06-30T16:00:00Z,371,role_flip_retest,supply,378.42,379.8828604678261,3,
2022-06-30T17:00:00Z,340,touch,supply,380.54,383.9,4,
2022-06-30T17:00:00Z,340,rejection,supply,380.54,383.9,4,
2022-06-30T18:00:00Z,367,merged,demand,372.56,373.58,3,pivot
2022-06-30T19:00:00Z,371,rejection,supply,378.42,379.8828604678261,3,
2022-06-30T20:00:00Z,356,touch,demand,374.93,376.28,4,
2022-06-30T20:00:00Z,356,rejection,demand,374.93,376.28,4,
2022-06-30T20:00:00Z,371,rejection,supply,378.42,379.8828604678261,3,
2022-07-01T14:30:00Z,356,rejection,demand,374.93,376.28,4,
2022-07-01T15:00:00Z,358,role_flip_retest,supply,376.79,379.5,4,
2022-07-01T15:00:00Z,371,rejection,supply,378.42,379.8828604678261,3,
2022-07-01T16:00:00Z,358,rejection,supply,376.79,379.5,4,
2022-07-01T17:00:00Z,358,rejection,supply,376.79,379.5,4,
2022-07-01T18:00:00Z,356,rejection,demand,374.93,376.28,4,
2022-07-01T18:00:00Z,356,merged,demand,373.8,376.28,4,pivot
2022-07-01T19:00:00Z,358,broken,supply,376.79,379.5,4,
2022-07-01T19:00:00Z,371,touch,supply,378.42,379.8828604678261,3,
2022-07-01T20:00:00Z,340,touch,supply,380.54,383.9,4,
2022-07-01T20:00:00Z,358,role_flip_retest,demand,376.79,379.5,4,
2022-07-01T20:00:00Z,371,broken,supply,378.42,379.8828604678261,3,
2022-07-05T14:30:00Z,356,touch,demand,373.8,376.28,4,
2022-07-05T14:30:00Z,358,broken,demand,376.79,379.5,4,
2022-07-05T14:30:00Z,367,touch,demand,372.56,373.58,3,
2022-07-05T14:30:00Z,367,rejection,demand,372.56,373.58,3,
2022-07-05T15:00:00Z,367,rejection,demand,372.56,373.58,3,
2022-07-05T16:00:00Z,367,rejection,demand,372.56,373.58,3,
2022-07-05T16:00:00Z,340,merged,supply,380.54,383.9,4,pivot
2022-07-05T17:00:00Z,358,role_flip_retest,supply,376.79,379.5,4,
2022-07-05T18:00:00Z,356,rejection,demand,373.8,376.28,4,
2022-07-05T18:00:00Z,367,merged,demand,372.56,373.83,3,pivot
2022-07-05T19:00:00Z,358,broken,supply,376.79,379.5,4,
2022-07-05T19:00:00Z,371,role_flip_retest,demand,378.42,379.8828604678261,3,
2022-07-05T20:00:00Z,340,touch,supply,380.54,383.9,4,
2022-07-05T20:00:00Z,358,role_flip_retest,demand,376.79,379.5,4,
2022-07-05T20:00:00Z,371,rejection,demand,378.42,379.8828604678261,3,
2022-07-06T16:00:00Z,371,touch,demand,378.42,379.8828604678261,3,
2022-07-06T16:00:00Z,371,rejection,demand,378.42,379.8828604678261,3,
2022-07-06T17:00:00Z,376,created,supply,382.12,383.66,1,pivot
2022-07-06T17:00:00Z,376,volume_confluence,supply,382.12,383.66,2,VAH:2022-06-29:381.227292
2022-07-06T17:00:00Z,376,qualified,supply,382.12,383.66,2,pivot|volume_profile
2022-07-06T19:00:00Z,340,broken,supply,380.54,383.9,4,
2022-07-06T19:00:00Z,376,broken,supply,382.12,383.66,2,
2022-07-06T20:00:00Z,368,broken_zone_expired,supply,391.0451090232692,391.36,1,
2022-07-08T16:00:00Z,369,touch,supply,390.26164546161607,393.16,2,
2022-07-08T16:00:00Z,369,rejection,supply,390.26164546161607,393.16,2,
2022-07-08T18:00:00Z,377,created,demand,385.66,386.33,1,pivot
2022-07-08T19:00:00Z,378,created,supply,389.94,390.64,1,pivot
2022-07-08T19:00:00Z,378,volume_confluence,supply,389.94,390.64,2,VAH:2022-07-07:389.731875
2022-07-08T19:00:00Z,378,qualified,supply,389.94,390.64,2,pivot|volume_profile
2022-07-08T20:00:00Z,369,touch,supply,390.26164546161607,393.16,2,
2022-07-08T20:00:00Z,369,rejection,supply,390.26164546161607,393.16,2,
2022-07-08T20:00:00Z,378,touch,supply,389.94,390.64,2,
2022-07-08T20:00:00Z,378,rejection,supply,389.94,390.64,2,
2022-07-11T14:30:00Z,340,role_flip_retest,demand,380.54,383.9,4,
2022-07-11T14:30:00Z,377,broken,demand,385.66,386.33,1,
2022-07-11T15:00:00Z,340,rejection,demand,380.54,383.9,4,
2022-07-11T15:00:00Z,376,role_flip_retest,demand,382.12,383.66,3,
2022-07-11T18:00:00Z,376,merged,demand,382.12,384.1,4,pivot
2022-07-11T19:00:00Z,377,role_flip_retest,supply,385.66,386.33,2,
2022-07-11T20:00:00Z,340,touch,demand,380.54,383.9,4,
2022-07-11T20:00:00Z,340,rejection,demand,380.54,383.9,4,
2022-07-11T20:00:00Z,376,touch,demand,382.12,384.1,4,
2022-07-11T20:00:00Z,376,rejection,demand,382.12,384.1,4,
2022-07-11T20:00:00Z,377,volume_confluence,supply,385.66,386.33,3,VAH:2022-07-11:385.255208
2022-07-11T20:00:00Z,377,qualified,supply,385.66,386.33,3,pivot|role_flip|volume_profile
2022-07-12T14:30:00Z,377,touch,supply,385.66,386.33,3,
2022-07-12T14:30:00Z,377,rejection,supply,385.66,386.33,3,
2022-07-12T15:00:00Z,340,rejection,demand,380.54,383.9,4,
2022-07-12T16:00:00Z,340,rejection,demand,380.54,383.9,4,
2022-07-12T16:00:00Z,376,rejection,demand,382.12,384.1,4,
2022-07-12T17:00:00Z,376,rejection,demand,382.12,384.1,4,
2022-07-12T18:00:00Z,340,touch,demand,380.54,383.9,4,
2022-07-12T18:00:00Z,340,rejection,demand,380.54,383.9,4,
2022-07-12T18:00:00Z,376,rejection,demand,382.12,384.1,4,
2022-07-12T18:00:00Z,376,merged,demand,382.12,384.1,4,pivot
2022-07-12T20:00:00Z,358,touch,demand,376.79,379.5,4,
2022-07-12T20:00:00Z,358,rejection,demand,376.79,379.5,4,
2022-07-12T20:00:00Z,371,touch,demand,378.42,379.8828604678261,3,
2022-07-12T20:00:00Z,371,rejection,demand,378.42,379.8828604678261,3,
2022-07-12T20:00:00Z,376,broken,demand,382.12,384.1,4,
2022-07-13T14:30:00Z,340,broken,demand,380.54,383.9,4,
2022-07-13T14:30:00Z,356,touch,demand,373.8,376.28,4,
2022-07-13T14:30:00Z,356,rejection,demand,373.8,376.28,4,
2022-07-13T14:30:00Z,371,broken,demand,378.42,379.8828604678261,3,
2022-07-13T15:00:00Z,356,rejection,demand,373.8,376.28,4,
2022-07-13T15:00:00Z,358,rejection,demand,376.79,379.5,4,
2022-07-13T16:00:00Z,340,role_flip_retest,supply,380.54,383.9,4,
2022-07-13T17:00:00Z,340,age_expired,supply,380.54,383.9,4,
2022-07-13T17:00:00Z,358,rejection,demand,376.79,379.5,4,
2022-07-13T17:00:00Z,356,merged,demand,373.8,376.28,4,pivot
2022-07-13T19:00:00Z,358,touch,demand,376.79,379.5,4,
2022-07-13T19:00:00Z,358,rejection,demand,376.79,379.5,4,
2022-07-14T14:30:00Z,356,broken,demand,373.8,376.28,4,
2022-07-14T14:30:00Z,358,broken,demand,376.79,379.5,4,
2022-07-14T14:30:00Z,367,broken,demand,372.56,373.83,3,
2022-07-14T15:00:00Z,367,role_flip_retest,supply,372.56,373.83,4,
2022-07-14T16:00:00Z,367,broken,supply,372.56,373.83,4,
2022-07-14T17:00:00Z,367,role_flip_retest,demand,372.56,373.83,4,
2022-07-14T18:00:00Z,367,rejection,demand,372.56,373.83,4,
2022-07-14T18:00:00Z,367,merged,demand,371.04,373.83,4,pivot
2022-07-14T20:00:00Z,371,role_flip_retest,supply,378.42,379.8828604678261,3,
2022-07-14T20:00:00Z,364,volume_confluence,demand,370.18,370.65,2,VAL:2022-07-14:371.196875
2022-07-14T20:00:00Z,364,qualified,demand,370.18,370.65,2,pivot|volume_profile
2022-07-15T14:30:00Z,371,broken,supply,378.42,379.8828604678261,3,
2022-07-15T14:30:00Z,376,role_flip_retest,supply,382.12,384.1,4,
2022-07-15T19:00:00Z,376,broken,supply,382.12,384.1,4,
2022-07-15T19:00:00Z,383,created,supply,384.0,384.85,1,pivot
2022-07-15T19:00:00Z,383,volume_confluence,supply,384.0,384.85,2,POC:2022-07-11:384.553125
2022-07-15T19:00:00Z,383,qualified,supply,384.0,384.85,2,pivot|volume_profile
2022-07-15T20:00:00Z,376,role_flip_retest,demand,382.12,384.1,4,
2022-07-15T20:00:00Z,383,broken,supply,384.0,384.85,2,
2022-07-18T14:30:00Z,377,broken,supply,385.66,386.33,3,
2022-07-18T17:00:00Z,384,created,supply,388.38,389.09,1,pivot
2022-07-18T17:00:00Z,384,volume_confluence,supply,388.38,389.09,2,POC:2022-07-08:389.083750
2022-07-18T17:00:00Z,384,qualified,supply,388.38,389.09,2,pivot|volume_profile
2022-07-18T19:00:00Z,376,touch,demand,382.12,384.1,4,
2022-07-18T20:00:00Z,376,broken,demand,382.12,384.1,4,
2022-07-19T14:30:00Z,377,role_flip_retest,demand,385.66,386.33,3,
2022-07-19T15:00:00Z,377,rejection,demand,385.66,386.33,3,
2022-07-19T15:00:00Z,384,touch,supply,388.38,389.09,2,
2022-07-19T16:00:00Z,384,broken,supply,388.38,389.09,2,
2022-07-19T16:00:00Z,385,created,demand,380.66,381.99,1,pivot
2022-07-19T16:00:00Z,385,volume_confluence,demand,380.66,381.99,2,VAL:2022-07-12:381.529375
2022-07-19T16:00:00Z,385,qualified,demand,380.66,381.99,2,pivot|volume_profile
2022-07-19T17:00:00Z,369,touch,supply,390.26164546161607,393.16,2,
2022-07-19T17:00:00Z,378,touch,supply,389.94,390.64,2,
2022-07-19T17:00:00Z,384,role_flip_retest,demand,388.38,389.09,3,
2022-07-19T18:00:00Z,378,broken,supply,389.94,390.64,2,
2022-07-19T19:00:00Z,355,touch,supply,391.92,394.25,3,
2022-07-19T19:00:00Z,355,rejection,supply,391.92,394.25,3,
2022-07-20T14:30:00Z,355,rejection,supply,391.92,394.25,3,
2022-07-20T15:00:00Z,355,broken,supply,391.92,394.25,3,
2022-07-20T15:00:00Z,369,broken,supply,390.26164546161607,393.16,2,
2022-07-20T15:00:00Z,386,created,demand,391.31,392.41,1,order_block
2022-07-20T15:00:00Z,386,volume_confluence,demand,391.31,392.41,2,POC:2022-07-19:391.467500
2022-07-20T15:00:00Z,386,qualified,demand,391.31,392.41,2,order_block|volume_profile
2022-07-20T17:00:00Z,355,role_flip_retest,demand,391.92,394.25,4,
2022-07-20T19:00:00Z,355,rejection,demand,391.92,394.25,4,
2022-07-20T19:00:00Z,369,role_flip_retest,demand,390.26164546161607,393.16,3,
2022-07-20T20:00:00Z,387,created,supply,395.77,396.26,1,pivot
2022-07-20T20:00:00Z,387,volume_confluence,supply,395.77,396.26,2,VAH:2022-07-20:395.933125
2022-07-20T20:00:00Z,387,qualified,supply,395.77,396.26,2,pivot|volume_profile
2022-07-21T14:30:00Z,345,age_expired,supply,409.44,411.16,5,
2022-07-21T14:30:00Z,355,touch,demand,391.92,394.25,4,
2022-07-21T14:30:00Z,355,rejection,demand,391.92,394.25,4,
2022-07-21T14:30:00Z,369,touch,demand,390.26164546161607,393.16,3,
2022-07-21T14:30:00Z,369,rejection,demand,390.26164546161607,393.16,3,
2022-07-21T15:00:00Z,355,rejection,demand,391.92,394.25,4,
2022-07-21T15:00:00Z,369,rejection,demand,390.26164546161607,393.16,3,
2022-07-21T15:00:00Z,386,touch,demand,391.31,392.41,2,
2022-07-21T15:00:00Z,386,rejection,demand,391.31,392.41,2,
2022-07-21T16:00:00Z,355,rejection,demand,391.92,394.25,4,
2022-07-21T16:00:00Z,387,touch,supply,395.77,396.26,2,
2022-07-21T16:00:00Z,387,rejection,supply,395.77,396.26,2,
2022-07-21T17:00:00Z,387,broken,supply,395.77,396.26,2,
2022-07-21T18:00:00Z,387,role_flip_retest,demand,395.77,396.26,3,
2022-07-21T18:00:00Z,386,merged,demand,391.31,392.9473594214436,3,pivot
2022-07-21T19:00:00Z,387,rejection,demand,395.77,396.26,3,
2022-07-21T20:00:00Z,356,broken_zone_expired,demand,373.8,376.28,4,
2022-07-21T20:00:00Z,358,broken_zone_expired,demand,376.79,379.5,4,
2022-07-22T16:00:00Z,387,touch,demand,395.77,396.26,3,
2022-07-22T16:00:00Z,387,rejection,demand,395.77,396.26,3,
2022-07-22T17:00:00Z,387,broken,demand,395.77,396.26,3,
2022-07-22T17:00:00Z,389,created,supply,398.92,400.16,1,pivot
2022-07-22T18:00:00Z,355,touch,demand,391.92,394.25,4,
2022-07-22T19:00:00Z,369,touch,demand,390.26164546161607,393.16,3,
2022-07-22T19:00:00Z,369,rejection,demand,390.26164546161607,393.16,3,
2022-07-22T19:00:00Z,386,touch,demand,391.31,392.9473594214436,3,
2022-07-22T19:00:00Z,386,rejection,demand,391.31,392.9473594214436,3,
2022-07-22T20:00:00Z,355,rejection,demand,391.92,394.25,4,
2022-07-22T20:00:00Z,371,broken_zone_expired,supply,378.42,379.8828604678261,3,
2022-07-25T14:30:00Z,355,rejection,demand,391.92,394.25,4,
2022-07-25T14:30:00Z,387,role_flip_retest,supply,395.77,396.26,3,
2022-07-25T15:00:00Z,355,rejection,demand,391.92,394.25,4,
2022-07-25T15:00:00Z,387,rejection,supply,395.77,396.26,3,
2022-07-25T15:00:00Z,390,created,demand,392.75,393.71,1,pivot
2022-07-25T15:00:00Z,390,volume_confluence,demand,392.75,393.71,2,VAL:2022-07-20:393.318125
2022-07-25T15:00:00Z,390,qualified,demand,392.75,393.71,2,pivot|volume_profile
2022-07-25T18:00:00Z,387,rejection,supply,395.77,396.26,3,
2022-07-25T19:00:00Z,348,age_expired,supply,415.7,417.44,3,
2022-07-25T19:00:00Z,355,touch,demand,391.92,394.25,4,
2022-07-25T19:00:00Z,383,broken_zone_expired,supply,384.0,384.85,2,
2022-07-25T19:00:00Z,390,touch,demand,392.75,393.71,2,
2022-07-25T19:00:00Z,390,rejection,demand,392.75,393.71,2,
2022-07-25T20:00:00Z,355,rejection,demand,391.92,394.25,4,
2022-07-25T20:00:00Z,390,rejection,demand,392.75,393.71,2,
2022-07-25T20:00:00Z,387,merged,supply,395.77,396.47,4,pivot
2022-07-26T14:30:00Z,369,touch,demand,390.26164546161607,393.16,3,
2022-07-26T14:30:00Z,369,rejection,demand,390.26164546161607,393.16,3,
2022-07-26T14:30:00Z,386,touch,demand,391.31,392.9473594214436,3,
2022-07-26T14:30:00Z,386,rejection,demand,391.31,392.9473594214436,3,
2022-07-26T16:00:00Z,355,broken,demand,391.92,394.25,4,
2022-07-26T16:00:00Z,386,broken,demand,391.31,392.9473594214436,3,
2022-07-26T16:00:00Z,390,broken,demand,392.75,393.71,2,
2022-07-26T17:00:00Z,378,role_flip_retest,demand,389.94,390.64,3,
2022-07-26T18:00:00Z,355,role_flip_retest,supply,391.92,394.25,4,
2022-07-26T18:00:00Z,386,role_flip_retest,supply,391.31,392.9473594214436,4,
2022-07-26T19:00:00Z,355,rejection,supply,391.92,394.25,4,
2022-07-26T19:00:00Z,376,broken_zone_expired,demand,382.12,384.1,4,
2022-07-26T19:00:00Z,378,touch,demand,389.94,390.64,3,
2022-07-26T19:00:00Z,378,rejection,demand,389.94,390.64,3,
2022-07-26T19:00:00Z,386,rejection,supply,391.31,392.9473594214436,4,
2022-07-26T20:00:00Z,378,rejection,demand,389.94,390.64,3,
2022-07-26T20:00:00Z,386,rejection,supply,391.31,392.9473594214436,4,
2022-07-27T14:30:00Z,355,broken,supply,391.92,394.25,4,
2022-07-27T14:30:00Z,386,broken,supply,391.31,392.9473594214436,4,
2022-07-27T15:00:00Z,387,touch,supply,395.77,396.47,4,
2022-07-27T16:00:00Z,387,broken,supply,395.77,396.47,4,
2022-07-27T16:00:00Z,378,merged,demand,389.94,390.74,4,pivot
2022-07-27T19:00:00Z,387,role_flip_retest,demand,395.77,396.47,4,
2022-07-27T19:00:00Z,389,touch,supply,398.92,400.16,1,
2022-07-27T19:00:00Z,387,merged,demand,395.77,396.65,5,order_block
2022-07-27T20:00:00Z,389,broken,supply,398.92,400.16,1,
2022-07-28T15:00:00Z,389,role_flip_retest,demand,398.92,400.16,2,
2022-07-28T15:00:00Z,389,volume_confluence,demand,398.92,400.16,3,VAH:2022-07-27:400.488542
2022-07-28T15:00:00Z,389,qualified,demand,398.92,400.16,3,pivot|role_flip|volume_profile
2022-08-01T18:00:00Z,394,created,supply,413.05,413.41,1,pivot
2022-08-01T18:00:00Z,394,volume_confluence,supply,413.05,413.41,2,VAH:2022-07-29:412.899583
2022-08-01T18:00:00Z,394,qualified,supply,413.05,413.41,2,pivot|volume_profile
2022-08-02T18:00:00Z,395,created,demand,406.82,408.1793258909739,1,pivot
2022-08-02T18:00:00Z,395,volume_confluence,demand,406.82,408.1793258909739,2,VAH:2022-07-28:406.619792
2022-08-02T18:00:00Z,395,qualified,demand,406.82,408.1793258909739,2,pivot|volume_profile
2022-08-02T20:00:00Z,395,touch,demand,406.82,408.1793258909739,2,
2022-08-02T20:00:00Z,394,merged,supply,412.63,413.41,3,pivot
2022-08-03T15:00:00Z,390,broken_zone_expired,demand,392.75,393.71,2,
2022-08-03T16:00:00Z,394,touch,supply,412.63,413.41,3,
2022-08-03T17:00:00Z,394,broken,supply,412.63,413.41,3,
2022-08-03T20:00:00Z,355,broken_zone_expired,supply,391.92,394.25,4,
2022-08-03T20:00:00Z,386,broken_zone_expired,supply,391.31,392.9473594214436,4,
2022-08-04T15:00:00Z,394,role_flip_retest,demand,412.63,413.41,4,
2022-08-04T16:00:00Z,394,rejection,demand,412.63,413.41,4,
2022-08-04T16:00:00Z,397,created,supply,414.81,415.68,1,pivot
2022-08-04T16:00:00Z,397,volume_confluence,supply,414.81,415.68,2,VAH:2022-08-03:415.561667
2022-08-04T16:00:00Z,397,qualified,supply,414.81,415.68,2,pivot|volume_profile
2022-08-04T18:00:00Z,394,rejection,demand,412.63,413.41,4,
2022-08-04T18:00:00Z,394,merged,demand,412.44,413.5608879298658,4,pivot
2022-08-04T20:00:00Z,397,touch,supply,414.81,415.68,2,
2022-08-04T20:00:00Z,397,rejection,supply,414.81,415.68,2,
2022-08-05T14:30:00Z,394,broken,demand,412.44,413.5608879298658,4,
2022-08-05T16:00:00Z,394,role_flip_retest,supply,412.44,413.5608879298658,4,
2022-08-05T17:00:00Z,399,created,demand,409.6,409.8603659426712,1,pivot
2022-08-05T17:00:00Z,399,volume_confluence,demand,409.6,409.8603659426712,2,VAL:2022-07-29:409.769583
2022-08-05T17:00:00Z,399,qualified,demand,409.6,409.8603659426712,2,pivot|volume_profile
2022-08-05T19:00:00Z,394,rejection,supply,412.44,413.5608879298658,4,
2022-08-08T14:30:00Z,394,broken,supply,412.44,413.5608879298658,4,
2022-08-08T14:30:00Z,397,broken,supply,414.81,415.68,2,
2022-08-08T16:00:00Z,394,role_flip_retest,demand,412.44,413.5608879298658,4,
2022-08-08T18:00:00Z,394,rejection,demand,412.44,413.5608879298658,4,
2022-08-08T18:00:00Z,400,created,supply,417.19,417.62,1,pivot
2022-08-09T14:30:00Z,362,age_expired,demand,362.17,363.54,1,
2022-08-09T14:30:00Z,394,broken,demand,412.44,413.5608879298658,4,
2022-08-10T14:30:00Z,400,broken,supply,417.19,417.62,1,
2022-08-10T15:00:00Z,400,role_flip_retest,demand,417.19,417.62,2,
2022-08-10T15:00:00Z,399,merged,demand,409.6,411.04,3,pivot
2022-08-10T19:00:00Z,402,created,supply,419.59,420.04,1,pivot
2022-08-10T20:00:00Z,364,age_expired,demand,370.18,370.65,2,
2022-08-10T20:00:00Z,402,touch,supply,419.59,420.04,1,
2022-08-10T20:00:00Z,402,volume_confluence,supply,419.59,420.04,2,VAH:2022-08-10:419.783750
2022-08-10T20:00:00Z,402,qualified,supply,419.59,420.04,2,pivot|volume_profile
2022-08-11T14:30:00Z,402,broken,supply,419.59,420.04,2,
2022-08-11T18:00:00Z,403,created,supply,423.85791418721027,424.95,1,pivot
2022-08-11T19:00:00Z,402,role_flip_retest,demand,419.59,420.04,3,
2022-08-12T16:00:00Z,402,merged,demand,419.21,420.04,4,pivot
2022-08-12T17:00:00Z,367,age_expired,demand,371.04,373.83,4,
2022-08-12T17:00:00Z,403,touch,supply,423.85791418721027,424.95,1,
2022-08-12T19:00:00Z,403,broken,supply,423.85791418721027,424.95,1,
2022-08-15T14:30:00Z,403,role_flip_retest,demand,423.85791418721027,424.95,2,
2022-08-15T20:00:00Z,397,broken_zone_expired,supply,414.81,415.68,2,
2022-08-16T16:00:00Z,405,created,demand,426.88,428.41,1,order_block
2022-08-16T16:00:00Z,405,volume_confluence,demand,426.88,428.41,2,VAH:2022-08-12:427.081250
2022-08-16T16:00:00Z,405,qualified,demand,426.88,428.41,2,order_block|volume_profile
2022-08-16T18:00:00Z,405,merged,demand,426.88,428.41,3,pivot
2022-08-16T19:00:00Z,369,age_expired,demand,390.26164546161607,393.16,3,
2022-08-16T19:00:00Z,405,touch,demand,426.88,428.41,3,
2022-08-16T19:00:00Z,405,rejection,demand,426.88,428.41,3,
2022-08-16T20:00:00Z,394,broken_zone_expired,demand,412.44,413.5608879298658,4,
2022-08-16T20:00:00Z,405,rejection,demand,426.88,428.41,3,
2022-08-17T15:00:00Z,405,broken,demand,426.88,428.41,3,
2022-08-17T15:00:00Z,407,created,supply,430.99,431.73,1,pivot
2022-08-17T15:00:00Z,407,volume_confluence,supply,430.99,431.73,2,VAH:2022-08-16:430.416458
2022-08-17T15:00:00Z,407,qualified,supply,430.99,431.73,2,pivot|volume_profile
2022-08-17T16:00:00Z,403,touch,demand,423.85791418721027,424.95,2,
2022-08-17T17:00:00Z,403,rejection,demand,423.85791418721027,424.95,2,
2022-08-17T17:00:00Z,403,volume_confluence,demand,423.85791418721027,424.95,3,POC:2022-08-12:425.536250
2022-08-17T17:00:00Z,403,qualified,demand,423.85791418721027,424.95,3,pivot|role_flip|volume_profile
2022-08-17T18:00:00Z,405,role_flip_retest,supply,426.88,428.41,4,
2022-08-17T19:00:00Z,403,merged,demand,423.85791418721027,424.95,4,pivot
2022-08-17T20:00:00Z,405,rejection,supply,426.88,428.41,4,
2022-08-18T14:30:00Z,405,rejection,supply,426.88,428.41,4,
2022-08-18T15:00:00Z,405,rejection,supply,426.88,428.41,4,
2022-08-18T15:00:00Z,409,created,supply,428.4281205295527,429.5,1,pivot
2022-08-18T15:00:00Z,409,volume_confluence,supply,428.4281205295527,429.5,2,POC:2022-08-15:428.528750
2022-08-18T15:00:00Z,409,qualified,supply,428.4281205295527,429.5,2,pivot|volume_profile
2022-08-18T17:00:00Z,405,rejection,supply,426.88,428.41,4,
2022-08-18T20:00:00Z,409,touch,supply,428.4281205295527,429.5,2,
2022-08-18T20:00:00Z,409,rejection,supply,428.4281205295527,429.5,2,
2022-08-19T14:30:00Z,403,broken,demand,423.85791418721027,424.95,4,
2022-08-19T16:00:00Z,405,merged,supply,426.88,428.61,5,pivot
2022-08-22T14:30:00Z,400,broken,demand,417.19,417.62,2,
2022-08-22T14:30:00Z,402,broken,demand,419.21,420.04,4,
2022-08-23T20:00:00Z,411,created,demand,411.77,412.75910510434005,1,pivot
2022-08-23T20:00:00Z,411,volume_confluence,demand,411.77,412.75910510434005,2,VAL:2022-08-22:412.500625
2022-08-23T20:00:00Z,411,qualified,demand,411.77,412.75910510434005,2,pivot|volume_profile
2022-08-24T14:30:00Z,411,touch,demand,411.77,412.75910510434005,2,
2022-08-24T15:00:00Z,411,rejection,demand,411.77,412.75910510434005,2,
2022-08-24T17:00:00Z,411,merged,demand,411.39,412.75910510434005,3,pivot
2022-08-24T18:00:00Z,411,touch,demand,411.39,412.75910510434005,3,
2022-08-24T18:00:00Z,411,rejection,demand,411.39,412.75910510434005,3,
2022-08-24T19:00:00Z,411,rejection,demand,411.39,412.75910510434005,3,
2022-08-24T19:00:00Z,413,created,supply,414.7,415.12,1,pivot
2022-08-24T19:00:00Z,413,volume_confluence,supply,414.7,415.12,2,VAH:2022-08-22:415.318125
2022-08-24T19:00:00Z,413,qualified,supply,414.7,415.12,2,pivot|volume_profile
2022-08-25T14:30:00Z,413,broken,supply,414.7,415.12,2,
2022-08-25T15:00:00Z,400,role_flip_retest,supply,417.19,417.62,2,
2022-08-25T16:00:00Z,413,role_flip_retest,demand,414.7,415.12,3,
2022-08-25T17:00:00Z,413,rejection,demand,414.7,415.12,3,
2022-08-25T18:00:00Z,400,merged,supply,417.09,417.85,3,pivot
2022-08-25T18:00:00Z,400,qualified,supply,417.09,417.85,3,pivot|repeated_pivot|role_flip
2022-08-25T20:00:00Z,400,broken,supply,417.09,417.85,3,
2022-08-25T20:00:00Z,415,created,demand,416.07,416.77,1,order_block
2022-08-25T20:00:00Z,415,volume_confluence,demand,416.07,416.77,2,POC:2022-08-25:416.483125
2022-08-25T20:00:00Z,415,qualified,demand,416.07,416.77,2,order_block|volume_profile
2022-08-26T14:30:00Z,377,age_expired,demand,385.66,386.33,3,
2022-08-26T14:30:00Z,402,role_flip_retest,supply,419.21,420.04,4,
2022-08-26T15:00:00Z,378,age_expired,demand,389.94,390.74,4,
2022-08-26T15:00:00Z,402,rejection,supply,419.21,420.04,4,
2022-08-26T15:00:00Z,411,touch,demand,411.39,412.75910510434005,3,
2022-08-26T15:00:00Z,411,rejection,demand,411.39,412.75910510434005,3,
2022-08-26T15:00:00Z,413,broken,demand,414.7,415.12,3,
2022-08-26T15:00:00Z,415,broken,demand,416.07,416.77,2,
2022-08-26T16:00:00Z,399,touch,demand,409.6,411.04,3,
2022-08-26T16:00:00Z,399,rejection,demand,409.6,411.04,3,
2022-08-26T16:00:00Z,411,broken,demand,411.39,412.75910510434005,3,
2022-08-26T18:00:00Z,399,broken,demand,409.6,411.04,3,
2022-08-26T18:00:00Z,402,merged,supply,419.19,420.04,4,pivot
2022-08-26T19:00:00Z,395,touch,demand,406.82,408.1793258909739,2,
2022-08-26T20:00:00Z,395,broken,demand,406.82,408.1793258909739,2,
2022-08-26T20:00:00Z,403,broken_zone_expired,demand,423.85791418721027,424.95,4,
2022-08-29T18:00:00Z,417,created,demand,401.19,401.4717810837741,1,pivot
2022-08-30T15:00:00Z,387,touch,demand,395.77,396.65,5,
2022-08-30T15:00:00Z,387,rejection,demand,395.77,396.65,5,
2022-08-30T15:00:00Z,389,broken,demand,398.92,400.16,3,
2022-08-30T15:00:00Z,417,broken,demand,401.19,401.4717810837741,1,
2022-08-30T15:00:00Z,418,created,supply,404.64,405.84,1,order_block
2022-08-30T15:00:00Z,418,volume_confluence,supply,404.64,405.84,2,VAL:2022-08-26:405.556458
2022-08-30T15:00:00Z,418,qualified,supply,404.64,405.84,2,order_block|volume_profile
2022-08-30T16:00:00Z,389,role_flip_retest,supply,398.92,400.16,3,
2022-08-30T17:00:00Z,389,rejection,supply,398.92,400.16,3,
2022-08-30T18:00:00Z,387,touch,demand,395.77,396.65,5,
2022-08-30T18:00:00Z,387,rejection,demand,395.77,396.65,5,
2022-08-30T20:00:00Z,389,touch,supply,398.92,400.16,3,
2022-08-30T20:00:00Z,389,rejection,supply,398.92,400.16,3,
2022-08-31T14:30:00Z,417,role_flip_retest,supply,401.19,401.4717810837741,2,
2022-08-31T14:30:00Z,387,merged,demand,395.77,397.37227062399717,5,pivot
2022-08-31T15:00:00Z,389,rejection,supply,398.92,400.16,3,
2022-08-31T16:00:00Z,387,touch,demand,395.77,397.37227062399717,5,
2022-08-31T16:00:00Z,387,rejection,demand,395.77,397.37227062399717,5,
2022-08-31T17:00:00Z,387,rejection,demand,395.77,397.37227062399717,5,
2022-08-31T17:00:00Z,389,rejection,supply,398.92,400.16,3,
2022-08-31T17:00:00Z,417,merged,supply,399.93,401.4717810837741,3,pivot
2022-08-31T17:00:00Z,417,qualified,supply,399.93,401.4717810837741,3,pivot|repeated_pivot|role_flip
2022-08-31T17:00:00Z,417,volume_confluence,supply,399.93,401.4717810837741,4,VAH:2022-08-30:399.543750
2022-08-31T20:00:00Z,387,broken,demand,395.77,397.37227062399717,5,
2022-09-01T19:00:00Z,421,created,demand,390.04,390.3471409972788,1,pivot
2022-09-01T20:00:00Z,421,volume_confluence,demand,390.04,390.3471409972788,2,VAL:2022-09-01:390.461250
2022-09-01T20:00:00Z,421,qualified,demand,390.04,390.3471409972788,2,pivot|volume_profile
2022-09-02T14:30:00Z,389,touch,supply,398.92,400.16,3,
2022-09-02T14:30:00Z,389,rejection,supply,398.92,400.16,3,
2022-09-02T14:30:00Z,417,touch,supply,399.93,401.4717810837741,4,
2022-09-02T14:30:00Z,417,rejection,supply,399.93,401.4717810837741,4,
2022-09-02T15:00:00Z,389,broken,supply,398.92,400.16,3,
2022-09-02T16:00:00Z,389,role_flip_retest,demand,398.92,400.16,3,
2022-09-02T17:00:00Z,389,broken,demand,398.92,400.16,3,
2022-09-02T17:00:00Z,417,rejection,supply,399.93,401.4717810837741,4,
2022-09-02T18:00:00Z,387,role_flip_retest,supply,395.77,397.37227062399717,5,
2022-09-02T18:00:00Z,417,merged,supply,399.93,401.56,4,pivot
2022-09-02T19:00:00Z,400,broken_zone_expired,supply,417.09,417.85,3,
2022-09-02T20:00:00Z,384,age_expired,demand,388.38,389.09,3,
2022-09-02T20:00:00Z,421,touch,demand,390.04,390.3471409972788,2,
2022-09-02T20:00:00Z,421,rejection,demand,390.04,390.3471409972788,2,
2022-09-06T14:30:00Z,413,broken_zone_expired,demand,414.7,415.12,3,
2022-09-06T14:30:00Z,415,broken_zone_expired,demand,416.07,416.77,2,
2022-09-06T15:00:00Z,411,broken_zone_expired,demand,411.39,412.75910510434005,3,
2022-09-06T15:00:00Z,421,touch,demand,390.04,390.3471409972788,2,
2022-09-06T15:00:00Z,421,rejection,demand,390.04,390.3471409972788,2,
2022-09-06T17:00:00Z,399,broken_zone_expired,demand,409.6,411.04,3,
2022-09-06T18:00:00Z,421,touch,demand,390.04,390.3471409972788,2,
2022-09-06T18:00:00Z,421,rejection,demand,390.04,390.3471409972788,2,
2022-09-06T18:00:00Z,421,merged,demand,388.42,390.3471409972788,3,pivot
2022-09-06T19:00:00Z,385,age_expired,demand,380.66,381.99,2,
2022-09-06T19:00:00Z,395,broken_zone_expired,demand,406.82,408.1793258909739,2,
2022-09-06T19:00:00Z,421,rejection,demand,388.42,390.3471409972788,3,
2022-09-06T20:00:00Z,421,rejection,demand,388.42,390.3471409972788,3,
2022-09-07T14:30:00Z,421,rejection,demand,388.42,390.3471409972788,3,
2022-09-07T18:00:00Z,387,touch,supply,395.77,397.37227062399717,5,
2022-09-07T19:00:00Z,387,broken,supply,395.77,397.37227062399717,5,
2022-09-08T15:00:00Z,387,role_flip_retest,demand,395.77,397.37227062399717,5,
2022-09-08T15:00:00Z,417,touch,supply,399.93,401.56,4,
2022-09-08T15:00:00Z,417,rejection,supply,399.93,401.56,4,
2022-09-08T16:00:00Z,387,age_expired,demand,395.77,397.37227062399717,5,
2022-09-08T16:00:00Z,417,rejection,supply,399.93,401.56,4,
2022-09-08T17:00:00Z,389,role_flip_retest,supply,398.92,400.16,3,
2022-09-08T19:00:00Z,389,rejection,supply,398.92,400.16,3,
2022-09-08T19:00:00Z,417,touch,supply,399.93,401.56,4,
2022-09-08T19:00:00Z,417,rejection,supply,399.93,401.56,4,
2022-09-08T19:00:00Z,417,merged,supply,399.91,401.56,4,pivot
2022-09-08T20:00:00Z,389,broken,supply,398.92,400.16,3,
2022-09-09T14:30:00Z,417,broken,supply,399.91,401.56,4,
2022-09-09T15:00:00Z,418,touch,supply,404.64,405.84,2,
2022-09-09T17:00:00Z,418,broken,supply,404.64,405.84,2,
2022-09-09T18:00:00Z,418,role_flip_retest,demand,404.64,405.84,3,
2022-09-12T18:00:00Z,425,created,supply,411.02,411.73,1,pivot
2022-09-12T20:00:00Z,425,touch,supply,411.02,411.73,1,
2022-09-12T20:00:00Z,425,rejection,supply,411.02,411.73,1,
2022-09-12T20:00:00Z,425,volume_confluence,supply,411.02,411.73,2,VAH:2022-09-12:411.116875
2022-09-12T20:00:00Z,425,qualified,supply,411.02,411.73,2,pivot|volume_profile
2022-09-13T14:30:00Z,418,broken,demand,404.64,405.84,3,
2022-09-14T18:00:00Z,426,created,demand,391.76,393.21265962181417,1,pivot
2022-09-14T18:00:00Z,426,volume_confluence,demand,391.76,393.21265962181417,2,POC:2022-09-06:391.863750
2022-09-14T18:00:00Z,426,qualified,demand,391.76,393.21265962181417,2,pivot|volume_profile
2022-09-14T19:00:00Z,426,touch,demand,391.76,393.21265962181417,2,
2022-09-14T20:00:00Z,426,rejection,demand,391.76,393.21265962181417,2,
2022-09-15T14:30:00Z,426,rejection,demand,391.76,393.21265962181417,2,
2022-09-15T15:00:00Z,426,broken,demand,391.76,393.21265962181417,2,
2022-09-15T16:00:00Z,426,role_flip_retest,supply,391.76,393.21265962181417,3,
2022-09-15T17:00:00Z,421,touch,demand,388.42,390.3471409972788,3,
2022-09-15T17:00:00Z,421,rejection,demand,388.42,390.3471409972788,3,
2022-09-15T18:00:00Z,427,created,supply,395.18,395.96,1,pivot
2022-09-15T18:00:00Z,427,volume_confluence,supply,395.18,395.96,2,VAL:2022-09-13:395.413750
2022-09-15T18:00:00Z,427,qualified,supply,395.18,395.96,2,pivot|volume_profile
2022-09-15T19:00:00Z,426,rejection,supply,391.76,393.21265962181417,3,
2022-09-15T20:00:00Z,421,touch,demand,388.42,390.3471409972788,3,
2022-09-16T14:30:00Z,421,broken,demand,388.42,390.3471409972788,3,
2022-09-16T19:00:00Z,389,broken_zone_expired,supply,398.92,400.16,3,
2022-09-16T20:00:00Z,417,broken_zone_expired,supply,399.91,401.56,4,
2022-09-16T20:00:00Z,428,created,demand,382.11,383.52,1,pivot
2022-09-16T20:00:00Z,428,volume_confluence,demand,382.11,383.52,2,VAL:2022-09-16:382.713750
2022-09-16T20:00:00Z,428,qualified,demand,382.11,383.52,2,pivot|volume_profile
2022-09-19T14:30:00Z,428,touch,demand,382.11,383.52,2,
2022-09-19T14:30:00Z,428,rejection,demand,382.11,383.52,2,
2022-09-19T18:00:00Z,429,created,supply,386.21,387.16,1,pivot
2022-09-19T20:00:00Z,429,broken,supply,386.21,387.16,1,
2022-09-20T14:30:00Z,428,touch,demand,382.11,383.52,2,
2022-09-20T14:30:00Z,428,rejection,demand,382.11,383.52,2,
2022-09-20T15:00:00Z,428,rejection,demand,382.11,383.52,2,
2022-09-20T16:00:00Z,430,created,supply,388.23218675842946,388.55,1,pivot
2022-09-20T18:00:00Z,428,broken,demand,382.11,383.52,2,
2022-09-20T20:00:00Z,418,broken_zone_expired,demand,404.64,405.84,3,
2022-09-21T14:30:00Z,431,created,demand,381.19,381.50662357332965,1,pivot
2022-09-21T19:00:00Z,421,role_flip_retest,supply,388.42,390.3471409972788,4,
2022-09-21T19:00:00Z,429,role_flip_retest,demand,386.21,387.16,2,
2022-09-21T19:00:00Z,430,touch,supply,388.23218675842946,388.55,1,
2022-09-21T19:00:00Z,430,rejection,supply,388.23218675842946,388.55,1,
2022-09-21T19:00:00Z,431,touch,demand,381.19,381.50662357332965,1,
2022-09-21T19:00:00Z,431,rejection,demand,381.19,381.50662357332965,1,
2022-09-21T19:00:00Z,429,volume_confluence,demand,386.21,387.16,3,VAH:2022-09-19:387.087917
2022-09-21T19:00:00Z,429,qualified,demand,386.21,387.16,3,pivot|role_flip|volume_profile
2022-09-21T20:00:00Z,428,role_flip_retest,supply,382.11,383.52,3,
2022-09-21T20:00:00Z,429,broken,demand,386.21,387.16,3,
2022-09-21T20:00:00Z,431,broken,demand,381.19,381.50662357332965,1,
2022-09-21T20:00:00Z,430,merged,supply,387.1,389.31,2,order_block
2022-09-21T20:00:00Z,430,qualified,supply,387.1,389.31,2,order_block|pivot
2022-09-21T20:00:00Z,430,volume_confluence,supply,387.1,389.31,3,VAH:2022-09-21:388.068333
2022-09-22T15:00:00Z,430,merged,supply,387.1,389.31,4,pivot
2022-09-22T19:00:00Z,434,created,demand,373.44,374.09,1,pivot
2022-09-22T20:00:00Z,434,volume_confluence,demand,373.44,374.09,2,VAL:2022-09-22:374.055417
2022-09-22T20:00:00Z,434,qualified,demand,373.44,374.09,2,pivot|volume_profile
2022-09-23T14:30:00Z,434,broken,demand,373.44,374.09,2,
2022-09-23T16:00:00Z,435,created,supply,375.8540304127382,377.54,1,pivot
2022-09-23T16:00:00Z,435,volume_confluence,supply,375.8540304127382,377.54,2,VAH:2022-09-22:375.989583
2022-09-23T16:00:00Z,435,qualified,supply,375.8540304127382,377.54,2,pivot|volume_profile
2022-09-26T15:00:00Z,436,created,demand,363.29,363.65291894203955,1,pivot
2022-09-26T18:00:00Z,436,touch,demand,363.29,363.65291894203955,1,
2022-09-26T18:00:00Z,437,created,supply,368.5492443403382,370.21,1,pivot
2022-09-26T18:00:00Z,437,volume_confluence,supply,368.5492443403382,370.21,2,VAH:2022-09-23:368.634792
2022-09-26T18:00:00Z,437,qualified,supply,368.5492443403382,370.21,2,pivot|volume_profile
2022-09-26T19:00:00Z,436,rejection,demand,363.29,363.65291894203955,1,
2022-09-26T20:00:00Z,436,volume_confluence,demand,363.29,363.65291894203955,2,VAL:2022-09-26:363.469375
2022-09-26T20:00:00Z,436,qualified,demand,363.29,363.65291894203955,2,pivot|volume_profile
2022-09-27T14:30:00Z,437,touch,supply,368.5492443403382,370.21,2,
2022-09-27T14:30:00Z,437,rejection,supply,368.5492443403382,370.21,2,
2022-09-27T14:30:00Z,436,merged,demand,363.02,363.65291894203955,3,pivot
2022-09-27T15:00:00Z,437,rejection,supply,368.5492443403382,370.21,2,
2022-09-27T17:00:00Z,436,broken,demand,363.02,363.65291894203955,3,
2022-09-27T17:00:00Z,437,merged,supply,368.5492443403382,370.4,3,pivot
2022-09-28T14:30:00Z,440,created,demand,360.87,361.76,1,pivot
2022-09-28T14:30:00Z,440,volume_confluence,demand,360.87,361.76,2,VAL:2022-09-27:361.068542
2022-09-28T14:30:00Z,440,qualified,demand,360.87,361.76,2,pivot|volume_profile
2022-09-28T17:00:00Z,437,touch,supply,368.5492443403382,370.4,3,
2022-09-29T15:00:00Z,402,age_expired,supply,419.19,420.04,4,
2022-09-29T15:00:00Z,436,role_flip_retest,supply,363.02,363.65291894203955,4,
2022-09-29T15:00:00Z,440,touch,demand,360.87,361.76,2,
2022-09-29T15:00:00Z,440,rejection,demand,360.87,361.76,2,
2022-09-29T16:00:00Z,436,broken,supply,363.02,363.65291894203955,4,
2022-09-29T16:00:00Z,441,created,supply,370.6131723989454,372.3,1,pivot
2022-09-29T16:00:00Z,441,volume_confluence,supply,370.6131723989454,372.3,2,VAH:2022-09-28:372.097917
2022-09-29T16:00:00Z,441,qualified,supply,370.6131723989454,372.3,2,pivot|volume_profile
2022-09-29T18:00:00Z,440,broken,demand,360.87,361.76,2,
2022-09-29T19:00:00Z,429,broken_zone_expired,demand,386.21,387.16,3,
2022-09-29T19:00:00Z,431,broken_zone_expired,demand,381.19,381.50662357332965,1,
2022-09-29T19:00:00Z,440,role_flip_retest,supply,360.87,361.76,3,
2022-09-29T20:00:00Z,440,broken,supply,360.87,361.76,3,
2022-09-30T14:30:00Z,440,role_flip_retest,demand,360.87,361.76,3,
2022-09-30T15:00:00Z,436,role_flip_retest,demand,363.02,363.65291894203955,4,
2022-09-30T15:00:00Z,440,rejection,demand,360.87,361.76,3,
2022-09-30T15:00:00Z,442,created,demand,359.7,360.05403888127216,1,pivot
2022-09-30T15:00:00Z,442,volume_confluence,demand,359.7,360.05403888127216,2,VAL:2022-09-29:360.471875
2022-09-30T15:00:00Z,442,qualified,demand,359.7,360.05403888127216,2,pivot|volume_profile
2022-09-30T17:00:00Z,436,broken,demand,363.02,363.65291894203955,4,
2022-09-30T18:00:00Z,440,touch,demand,360.87,361.76,3,
2022-09-30T19:00:00Z,440,broken,demand,360.87,361.76,3,
2022-09-30T19:00:00Z,442,broken,demand,359.7,360.05403888127216,2,
2022-09-30T19:00:00Z,443,created,supply,364.36109794781515,365.91,1,pivot
2022-09-30T19:00:00Z,443,volume_confluence,supply,364.36109794781515,365.91,2,VAL:2022-09-23:364.969792
2022-09-30T19:00:00Z,443,qualified,supply,364.36109794781515,365.91,2,pivot|volume_profile
2022-09-30T20:00:00Z,434,broken_zone_expired,demand,373.44,374.09,2,
2022-09-30T20:00:00Z,442,role_flip_retest,supply,359.7,360.05403888127216,3,
2022-10-03T14:30:00Z,440,role_flip_retest,supply,360.87,361.76,3,
2022-10-03T14:30:00Z,442,broken,supply,359.7,360.05403888127216,3,
2022-10-03T15:00:00Z,440,broken,supply,360.87,361.76,3,
2022-10-03T15:00:00Z,443,touch,supply,364.36109794781515,365.91,2,
2022-10-03T15:00:00Z,443,rejection,supply,364.36109794781515,365.91,2,
2022-10-03T16:00:00Z,443,rejection,supply,364.36109794781515,365.91,2,
2022-10-03T16:00:00Z,444,created,demand,357.11,357.4708955502203,1,pivot
2022-10-03T16:00:00Z,444,volume_confluence,demand,357.11,357.4708955502203,2,VAL:2022-09-30:357.293333
2022-10-03T16:00:00Z,444,qualified,demand,357.11,357.4708955502203,2,pivot|volume_profile
2022-10-03T17:00:00Z,443,rejection,supply,364.36109794781515,365.91,2,
2022-10-03T19:00:00Z,437,touch,supply,368.5492443403382,370.4,3,
2022-10-03T19:00:00Z,437,rejection,supply,368.5492443403382,370.4,3,
2022-10-03T19:00:00Z,443,broken,supply,364.36109794781515,365.91,2,
2022-10-04T14:30:00Z,435,touch,supply,375.8540304127382,377.54,2,
2022-10-04T14:30:00Z,437,broken,supply,368.5492443403382,370.4,3,
2022-10-04T14:30:00Z,441,broken,supply,370.6131723989454,372.3,2,
2022-10-04T19:00:00Z,405,age_expired,supply,426.88,428.61,5,
2022-10-04T19:00:00Z,435,merged,supply,375.8540304127382,377.66,3,pivot
2022-10-04T20:00:00Z,435,broken,supply,375.8540304127382,377.66,3,
2022-10-05T16:00:00Z,441,role_flip_retest,demand,370.6131723989454,372.3,3,
2022-10-05T16:00:00Z,446,created,supply,377.6391407196952,377.99,1,pivot
2022-10-05T16:00:00Z,446,volume_confluence,supply,377.6391407196952,377.99,2,VAH:2022-10-04:377.398333
2022-10-05T16:00:00Z,446,qualified,supply,377.6391407196952,377.99,2,pivot|volume_profile
2022-10-05T17:00:00Z,441,rejection,demand,370.6131723989454,372.3,3,
2022-10-05T18:00:00Z,407,age_expired,supply,430.99,431.73,2,
2022-10-05T18:00:00Z,441,merged,demand,370.6131723989454,372.3,4,pivot
2022-10-05T19:00:00Z,435,role_flip_retest,demand,375.8540304127382,377.66,4,
2022-10-05T19:00:00Z,446,touch,supply,377.6391407196952,377.99,2,
2022-10-05T20:00:00Z,446,rejection,supply,377.6391407196952,377.99,2,
2022-10-06T14:30:00Z,446,rejection,supply,377.6391407196952,377.99,2,
2022-10-06T16:00:00Z,435,broken,demand,375.8540304127382,377.66,4,
2022-10-06T16:00:00Z,446,merged,supply,377.6391407196952,379.46,3,pivot
2022-10-06T17:00:00Z,435,role_flip_retest,supply,375.8540304127382,377.66,4,
2022-10-06T18:00:00Z,409,age_expired,supply,428.4281205295527,429.5,2,
2022-10-06T18:00:00Z,435,rejection,supply,375.8540304127382,377.66,4,
2022-10-07T14:30:00Z,441,broken,demand,370.6131723989454,372.3,4,
2022-10-07T15:00:00Z,443,role_flip_retest,demand,364.36109794781515,365.91,3,
2022-10-07T17:00:00Z,443,broken,demand,364.36109794781515,365.91,3,
2022-10-07T18:00:00Z,443,role_flip_retest,supply,364.36109794781515,365.91,3,
2022-10-07T19:00:00Z,436,role_flip_retest,supply,363.02,363.65291894203955,4,
2022-10-07T20:00:00Z,436,rejection,supply,363.02,363.65291894203955,4,
2022-10-07T20:00:00Z,440,role_flip_retest,demand,360.87,361.76,3,
2022-10-10T14:30:00Z,436,rejection,supply,363.02,363.65291894203955,4,
2022-10-10T15:00:00Z,440,broken,demand,360.87,361.76,3,
2022-10-10T15:00:00Z,442,role_flip_retest,demand,359.7,360.05403888127216,3,
2022-10-10T16:00:00Z,440,role_flip_retest,supply,360.87,361.76,3,
2022-10-10T16:00:00Z,442,rejection,demand,359.7,360.05403888127216,3,
2022-10-10T17:00:00Z,440,rejection,supply,360.87,361.76,3,
2022-10-10T17:00:00Z,442,broken,demand,359.7,360.05403888127216,3,
2022-10-10T19:00:00Z,440,rejection,supply,360.87,361.76,3,
2022-10-10T20:00:00Z,440,rejection,supply,360.87,361.76,3,
2022-10-11T14:30:00Z,444,broken,demand,357.11,357.4708955502203,2,
2022-10-11T16:00:00Z,440,touch,supply,360.87,361.76,3,
2022-10-11T16:00:00Z,440,rejection,supply,360.87,361.76,3,
2022-10-11T17:00:00Z,436,touch,supply,363.02,363.65291894203955,4,
2022-10-11T17:00:00Z,436,rejection,supply,363.02,363.65291894203955,4,
2022-10-11T17:00:00Z,440,broken,supply,360.87,361.76,3,
2022-10-11T18:00:00Z,440,role_flip_retest,demand,360.87,361.76,3,
2022-10-11T18:00:00Z,449,created,demand,355.81,356.59,1,pivot
2022-10-11T19:00:00Z,440,broken,demand,360.87,361.76,3,
2022-10-11T19:00:00Z,442,role_flip_retest,supply,359.7,360.05403888127216,3,
2022-10-11T20:00:00Z,437,broken_zone_expired,supply,368.5492443403382,370.4,3,
2022-10-11T20:00:00Z,449,touch,demand,355.81,356.59,1,
2022-10-11T20:00:00Z,449,rejection,demand,355.81,356.59,1,
2022-10-11T20:00:00Z,436,merged,supply,362.15,363.65291894203955,4,pivot
2022-10-11T20:00:00Z,449,volume_confluence,demand,355.81,356.59,2,VAL:2022-10-11:355.862500
2022-10-11T20:00:00Z,449,qualified,demand,355.81,356.59,2,pivot|volume_profile
2022-10-12T14:30:00Z,442,touch,supply,359.7,360.05403888127216,3,
2022-10-12T14:30:00Z,442,rejection,supply,359.7,360.05403888127216,3,
2022-10-12T14:30:00Z,449,rejection,demand,355.81,356.59,2,
2022-10-12T16:00:00Z,449,merged,demand,355.71,357.2770036869575,3,pivot
2022-10-12T17:00:00Z,442,touch,supply,359.7,360.05403888127216,3,
2022-10-12T17:00:00Z,442,rejection,supply,359.7,360.05403888127216,3,
2022-10-12T19:00:00Z,449,touch,demand,355.71,357.2770036869575,3,
2022-10-12T19:00:00Z,449,rejection,demand,355.71,357.2770036869575,3,
2022-10-12T20:00:00Z,444,role_flip_retest,supply,357.11,357.4708955502203,3,
2022-10-13T14:30:00Z,449,broken,demand,355.71,357.2770036869575,3,
2022-10-13T16:00:00Z,436,touch,supply,362.15,363.65291894203955,4,
2022-10-13T16:00:00Z,442,broken,supply,359.7,360.05403888127216,3,
2022-10-13T16:00:00Z,443,touch,supply,364.36109794781515,365.91,3,
2022-10-13T16:00:00Z,443,rejection,supply,364.36109794781515,365.91,3,
2022-10-13T16:00:00Z,444,broken,supply,357.11,357.4708955502203,3,
2022-10-13T16:00:00Z,452,created,demand,356.5,357.69,1,order_block
2022-10-13T16:00:00Z,452,volume_confluence,demand,356.5,357.69,2,POC:2022-10-11:357.387500
2022-10-13T16:00:00Z,452,qualified,demand,356.5,357.69,2,order_block|volume_profile
2022-10-13T17:00:00Z,453,created,demand,348.11,349.23,1,pivot
2022-10-13T18:00:00Z,436,broken,supply,362.15,363.65291894203955,4,
2022-10-13T18:00:00Z,443,touch,supply,364.36109794781515,365.91,3,
2022-10-13T19:00:00Z,443,broken,supply,364.36109794781515,365.91,3,
2022-10-13T20:00:00Z,443,role_flip_retest,demand,364.36109794781515,365.91,3,
2022-10-14T15:00:00Z,443,broken,demand,364.36109794781515,365.91,3,
2022-10-14T16:00:00Z,440,role_flip_retest,supply,360.87,361.76,3,
2022-10-14T17:00:00Z,440,rejection,supply,360.87,361.76,3,
2022-10-14T17:00:00Z,454,created,supply,368.53,370.26,1,pivot
2022-10-14T18:00:00Z,442,role_flip_retest,demand,359.7,360.05403888127216,3,
2022-10-14T19:00:00Z,442,broken,demand,359.7,360.05403888127216,3,
2022-10-14T19:00:00Z,452,touch,demand,356.5,357.69,2,
2022-10-14T19:00:00Z,452,rejection,demand,356.5,357.69,2,
2022-10-14T20:00:00Z,441,broken_zone_expired,demand,370.6131723989454,372.3,4,
2022-10-14T20:00:00Z,444,role_flip_retest,demand,357.11,357.4708955502203,3,
2022-10-17T14:30:00Z,440,broken,supply,360.87,361.76,3,
2022-10-17T16:00:00Z,444,merged,demand,356.96,357.68,4,pivot
2022-10-17T18:00:00Z,456,created,supply,366.067106366183,367.98,1,pivot
2022-10-17T18:00:00Z,456,volume_confluence,supply,366.067106366183,367.98,2,VAH:2022-10-13:367.105833
2022-10-17T18:00:00Z,456,qualified,supply,366.067106366183,367.98,2,pivot|volume_profile
2022-10-17T19:00:00Z,456,touch,supply,366.067106366183,367.98,2,
2022-10-18T14:30:00Z,454,broken,supply,368.53,370.26,1,
2022-10-18T14:30:00Z,456,broken,supply,366.067106366183,367.98,2,
2022-10-18T16:00:00Z,456,role_flip_retest,demand,366.067106366183,367.98,3,
2022-10-18T17:00:00Z,454,role_flip_retest,demand,368.53,370.26,2,
2022-10-18T17:00:00Z,435,merged,supply,375.0191227655631,377.66,4,pivot
2022-10-18T17:00:00Z,454,volume_confluence,demand,368.53,370.26,3,VAH:2022-10-17:367.562292
2022-10-18T17:00:00Z,454,qualified,demand,368.53,370.26,3,pivot|role_flip|volume_profile
2022-10-18T18:00:00Z,454,rejection,demand,368.53,370.26,3,
2022-10-18T20:00:00Z,454,rejection,demand,368.53,370.26,3,
2022-10-19T14:30:00Z,456,touch,demand,366.067106366183,367.98,3,
2022-10-19T14:30:00Z,456,rejection,demand,366.067106366183,367.98,3,
2022-10-19T17:00:00Z,454,broken,demand,368.53,370.26,3,
2022-10-19T17:00:00Z,456,touch,demand,366.067106366183,367.98,3,
2022-10-19T20:00:00Z,456,rejection,demand,366.067106366183,367.98,3,
2022-10-20T14:30:00Z,456,rejection,demand,366.067106366183,367.98,3,
2022-10-20T14:30:00Z,456,merged,demand,365.55,367.98,4,pivot
2022-10-20T17:00:00Z,454,role_flip_retest,supply,368.53,370.26,3,
2022-10-20T17:00:00Z,456,touch,demand,365.55,367.98,4,
2022-10-20T18:00:00Z,459,created,supply,371.96,372.67,1,pivot
2022-10-20T18:00:00Z,459,volume_confluence,supply,371.96,372.67,2,VAH:2022-10-18:372.311042
2022-10-20T18:00:00Z,459,qualified,supply,371.96,372.67,2,pivot|volume_profile
2022-10-20T20:00:00Z,449,broken_zone_expired,demand,355.71,357.2770036869575,3,
2022-10-21T14:30:00Z,436,role_flip_retest,demand,362.15,363.65291894203955,4,
2022-10-21T14:30:00Z,454,touch,supply,368.53,370.26,3,
2022-10-21T14:30:00Z,456,rejection,demand,365.55,367.98,4,
2022-10-21T15:00:00Z,421,age_expired,supply,388.42,390.3471409972788,4,
2022-10-21T15:00:00Z,454,rejection,supply,368.53,370.26,3,
2022-10-21T16:00:00Z,456,rejection,demand,365.55,367.98,4,
2022-10-21T17:00:00Z,454,broken,supply,368.53,370.26,3,
2022-10-21T17:00:00Z,436,merged,demand,362.15,365.12,4,pivot
2022-10-21T18:00:00Z,459,touch,supply,371.96,372.67,2,
2022-10-21T19:00:00Z,459,broken,supply,371.96,372.67,2,
2022-10-24T14:30:00Z,435,touch,supply,375.0191227655631,377.66,4,
2022-10-24T14:30:00Z,443,broken_zone_expired,demand,364.36109794781515,365.91,3,
2022-10-24T14:30:00Z,446,touch,supply,377.6391407196952,379.46,3,
2022-10-24T15:00:00Z,446,rejection,supply,377.6391407196952,379.46,3,
2022-10-24T16:00:00Z,435,broken,supply,375.0191227655631,377.66,4,
2022-10-24T17:00:00Z,435,role_flip_retest,demand,375.0191227655631,377.66,4,
2022-10-24T17:00:00Z,446,merged,supply,377.6391407196952,379.46,3,pivot
2022-10-24T18:00:00Z,442,broken_zone_expired,demand,359.7,360.05403888127216,3,
2022-10-24T18:00:00Z,446,rejection,supply,377.6391407196952,379.46,3,
2022-10-24T19:00:00Z,435,rejection,demand,375.0191227655631,377.66,4,
2022-10-24T20:00:00Z,440,broken_zone_expired,supply,360.87,361.76,3,
2022-10-25T14:30:00Z,428,touch,supply,382.11,383.52,3,
2022-10-25T14:30:00Z,446,broken,supply,377.6391407196952,379.46,3,
2022-10-25T14:30:00Z,462,created,demand,378.13,379.35,1,order_block
2022-10-25T14:30:00Z,462,volume_confluence,demand,378.13,379.35,2,POC:2022-10-24:378.177708
2022-10-25T14:30:00Z,462,qualified,demand,378.13,379.35,2,order_block|volume_profile
2022-10-25T20:00:00Z,428,broken,supply,382.11,383.52,3,
2022-10-26T15:00:00Z,428,role_flip_retest,demand,382.11,383.52,3,
2022-10-26T16:00:00Z,430,touch,supply,387.1,389.31,4,
2022-10-26T16:00:00Z,430,rejection,supply,387.1,389.31,4,
2022-10-26T17:00:00Z,430,rejection,supply,387.1,389.31,4,
2022-10-26T17:00:00Z,428,merged,demand,381.35,383.52,4,pivot
2022-10-26T18:00:00Z,428,touch,demand,381.35,383.52,4,
2022-10-26T18:00:00Z,428,rejection,demand,381.35,383.52,4,
2022-10-26T19:00:00Z,430,merged,supply,386.82,389.31,4,pivot
2022-10-27T14:30:00Z,428,broken,demand,381.35,383.52,4,
2022-10-27T18:00:00Z,428,role_flip_retest,supply,381.35,383.52,4,
2022-10-27T20:00:00Z,446,role_flip_retest,demand,377.6391407196952,379.46,4,
2022-10-27T20:00:00Z,462,touch,demand,378.13,379.35,2,
2022-10-27T20:00:00Z,462,rejection,demand,378.13,379.35,2,
2022-10-28T14:30:00Z,428,touch,supply,381.35,383.52,4,
2022-10-28T15:00:00Z,428,broken,supply,381.35,383.52,4,
2022-10-28T16:00:00Z,462,merged,demand,378.13,379.96,3,pivot
2022-10-28T17:00:00Z,430,touch,supply,386.82,389.31,4,
2022-10-31T14:30:00Z,425,age_expired,supply,411.02,411.73,2,
2022-10-31T14:30:00Z,430,rejection,supply,386.82,389.31,4,
2022-10-31T15:00:00Z,430,rejection,supply,386.82,389.31,4,
2022-10-31T16:00:00Z,454,broken_zone_expired,supply,368.53,370.26,3,
2022-10-31T16:00:00Z,466,created,supply,388.97,389.52,1,pivot
2022-10-31T16:00:00Z,466,volume_confluence,supply,388.97,389.52,2,VAH:2022-10-28:389.315000
2022-10-31T16:00:00Z,466,qualified,supply,388.97,389.52,2,pivot|volume_profile
2022-10-31T17:00:00Z,430,rejection,supply,386.82,389.31,4,
2022-10-31T18:00:00Z,459,broken_zone_expired,supply,371.96,372.67,2,
2022-10-31T20:00:00Z,430,rejection,supply,386.82,389.31,4,
2022-11-01T14:30:00Z,466,touch,supply,388.97,389.52,2,
2022-11-01T14:30:00Z,466,rejection,supply,388.97,389.52,2,
2022-11-01T15:00:00Z,430,rejection,supply,386.82,389.31,4,
2022-11-01T15:00:00Z,467,created,supply,386.25,387.59,1,order_block
2022-11-01T15:00:00Z,467,volume_confluence,supply,386.25,387.59,2,POC:2022-10-31:386.502917
2022-11-01T15:00:00Z,467,qualified,supply,386.25,387.59,2,order_block|volume_profile
2022-11-01T16:00:00Z,428,role_flip_retest,demand,381.35,383.52,4,
2022-11-01T17:00:00Z,466,merged,supply,388.97,390.39,3,pivot
2022-11-01T19:00:00Z,469,created,demand,383.29,384.01,1,pivot
2022-11-01T19:00:00Z,469,volume_confluence,demand,383.29,384.01,2,POC:2022-10-25:383.478750
2022-11-01T19:00:00Z,469,qualified,demand,383.29,384.01,2,pivot|volume_profile
2022-11-02T14:30:00Z,426,age_expired,supply,391.76,393.21265962181417,3,
2022-11-02T14:30:00Z,428,touch,demand,381.35,383.52,4,
2022-11-02T14:30:00Z,469,broken,demand,383.29,384.01,2,
2022-11-02T19:00:00Z,428,broken,demand,381.35,383.52,4,
2022-11-02T19:00:00Z,430,touch,supply,386.82,389.31,4,
2022-11-02T19:00:00Z,430,rejection,supply,386.82,389.31,4,
2022-11-02T19:00:00Z,446,touch,demand,377.6391407196952,379.46,4,
2022-11-02T19:00:00Z,446,rejection,demand,377.6391407196952,379.46,4,
2022-11-02T19:00:00Z,462,touch,demand,378.13,379.96,3,
2022-11-02T19:00:00Z,462,rejection,demand,378.13,379.96,3,
2022-11-02T19:00:00Z,467,touch,supply,386.25,387.59,2,
2022-11-02T19:00:00Z,467,rejection,supply,386.25,387.59,2,
2022-11-02T19:00:00Z,469,role_flip_retest,supply,383.29,384.01,3,
2022-11-02T20:00:00Z,428,role_flip_retest,supply,381.35,383.52,4,
2022-11-02T20:00:00Z,435,broken,demand,375.0191227655631,377.66,4,
2022-11-02T20:00:00Z,446,broken,demand,377.6391407196952,379.46,4,
2022-11-02T20:00:00Z,462,broken,demand,378.13,379.96,3,
2022-11-02T20:00:00Z,469,merged,supply,382.48,384.01,4,order_block
2022-11-03T14:30:00Z,427,age_expired,supply,395.18,395.96,2,
2022-11-03T15:00:00Z,430,merged,supply,386.82,389.31,4,pivot
2022-11-03T18:00:00Z,472,created,demand,368.79,369.22,1,pivot
2022-11-04T15:00:00Z,446,role_flip_retest,supply,377.6391407196952,379.46,4,
2022-11-04T15:00:00Z,462,role_flip_retest,supply,378.13,379.96,4,
2022-11-04T16:00:00Z,428,age_expired,supply,381.35,383.52,4,
2022-11-04T16:00:00Z,435,role_flip_retest,supply,375.0191227655631,377.66,4,
2022-11-04T18:00:00Z,446,merged,supply,377.01173091295334,379.46,4,pivot
2022-11-04T20:00:00Z,435,touch,supply,375.0191227655631,377.66,4,
2022-11-07T15:30:00Z,446,touch,supply,377.01173091295334,379.46,4,
2022-11-07T15:30:00Z,446,rejection,supply,377.01173091295334,379.46,4,
2022-11-07T15:30:00Z,462,touch,supply,378.13,379.96,4,
2022-11-07T15:30:00Z,462,rejection,supply,378.13,379.96,4,
2022-11-07T16:00:00Z,462,rejection,supply,378.13,379.96,4,
2022-11-07T16:00:00Z,472,merged,demand,368.79,370.77,2,pivot
2022-11-07T16:00:00Z,472,qualified,demand,368.79,370.77,2,pivot|repeated_pivot
2022-11-07T16:00:00Z,472,volume_confluence,demand,368.79,370.77,3,VAL:2022-11-03:371.156875
2022-11-07T17:00:00Z,446,rejection,supply,377.01173091295334,379.46,4,
2022-11-07T17:00:00Z,462,rejection,supply,378.13,379.96,4,
2022-11-07T18:00:00Z,446,rejection,supply,377.01173091295334,379.46,4,
2022-11-07T19:00:00Z,435,broken,supply,375.0191227655631,377.66,4,
2022-11-07T19:00:00Z,446,merged,supply,377.01173091295334,379.46,4,pivot
2022-11-07T20:00:00Z,430,age_expired,supply,386.82,389.31,4,
2022-11-07T20:00:00Z,462,touch,supply,378.13,379.96,4,
2022-11-07T21:00:00Z,446,broken,supply,377.01173091295334,379.46,4,
2022-11-08T15:30:00Z,462,broken,supply,378.13,379.96,4,
2022-11-08T16:00:00Z,469,touch,supply,382.48,384.01,4,
2022-11-08T17:00:00Z,469,broken,supply,382.48,384.01,4,
2022-11-08T18:00:00Z,469,role_flip_retest,demand,382.48,384.01,4,
2022-11-08T19:00:00Z,469,broken,demand,382.48,384.01,4,
2022-11-08T20:00:00Z,446,role_flip_retest,demand,377.01173091295334,379.46,4,
2022-11-08T20:00:00Z,462,role_flip_retest,demand,378.13,379.96,4,
2022-11-08T20:00:00Z,476,created,supply,384.54,385.12,1,pivot
2022-11-08T20:00:00Z,476,volume_confluence,supply,384.54,385.12,2,POC:2022-11-01:384.621250
2022-11-08T20:00:00Z,476,qualified,supply,384.54,385.12,2,pivot|volume_profile
2022-11-08T21:00:00Z,469,role_flip_retest,supply,382.48,384.01,4,
2022-11-09T15:30:00Z,446,touch,demand,377.01173091295334,379.46,4,
2022-11-09T15:30:00Z,462,touch,demand,378.13,379.96,4,
2022-11-09T16:00:00Z,435,role_flip_retest,demand,375.0191227655631,377.66,4,
2022-11-09T19:00:00Z,435,touch,demand,375.0191227655631,377.66,4,
2022-11-09T19:00:00Z,446,broken,demand,377.01173091295334,379.46,4,
2022-11-09T19:00:00Z,462,broken,demand,378.13,379.96,4,
2022-11-09T20:00:00Z,435,broken,demand,375.0191227655631,377.66,4,
2022-11-09T21:00:00Z,435,role_flip_retest,supply,375.0191227655631,377.66,4,
2022-11-10T15:30:00Z,435,broken,supply,375.0191227655631,377.66,4,
2022-11-10T15:30:00Z,466,touch,supply,388.97,390.39,3,
2022-11-10T15:30:00Z,467,broken,supply,386.25,387.59,2,
2022-11-10T15:30:00Z,469,broken,supply,382.48,384.01,4,
2022-11-10T15:30:00Z,476,broken,supply,384.54,385.12,2,
2022-11-10T17:00:00Z,466,broken,supply,388.97,390.39,3,
2022-11-10T17:00:00Z,477,created,demand,373.61,374.15,1,pivot
2022-11-10T17:00:00Z,477,volume_confluence,demand,373.61,374.15,2,VAH:2022-11-03:373.636458
2022-11-10T17:00:00Z,477,qualified,demand,373.61,374.15,2,pivot|volume_profile
2022-11-10T19:00:00Z,466,role_flip_retest,demand,388.97,390.39,4,
2022-11-11T19:00:00Z,436,age_expired,demand,362.15,365.12,4,
2022-11-14T17:00:00Z,478,created,supply,399.0161742116751,399.35,1,pivot
2022-11-14T17:00:00Z,478,volume_confluence,supply,399.0161742116751,399.35,2,VAH:2022-11-11:399.230417
2022-11-14T17:00:00Z,478,qualified,supply,399.0161742116751,399.35,2,pivot|volume_profile
2022-11-14T18:00:00Z,478,touch,supply,399.0161742116751,399.35,2,
2022-11-14T18:00:00Z,478,rejection,supply,399.0161742116751,399.35,2,
2022-11-14T19:00:00Z,478,broken,supply,399.0161742116751,399.35,2,
2022-11-15T17:00:00Z,478,role_flip_retest,demand,399.0161742116751,399.35,3,
2022-11-15T17:00:00Z,479,created,demand,394.83,395.18220036044096,1,pivot
2022-11-15T17:00:00Z,479,volume_confluence,demand,394.83,395.18220036044096,2,VAL:2022-11-11:395.642917
2022-11-15T17:00:00Z,479,qualified,demand,394.83,395.18220036044096,2,pivot|volume_profile
2022-11-15T18:00:00Z,480,created,supply,401.62,402.31,1,pivot
2022-11-15T19:00:00Z,478,broken,demand,399.0161742116751,399.35,3,
2022-11-15T19:00:00Z,479,touch,demand,394.83,395.18220036044096,2,
2022-11-15T19:00:00Z,479,rejection,demand,394.83,395.18220036044096,2,
2022-11-15T20:00:00Z,478,role_flip_retest,supply,399.0161742116751,399.35,3,
2022-11-15T20:00:00Z,479,rejection,demand,394.83,395.18220036044096,2,
2022-11-15T21:00:00Z,478,rejection,supply,399.0161742116751,399.35,3,
2022-11-15T21:00:00Z,480,volume_confluence,supply,401.62,402.31,2,VAH:2022-11-15:401.495417
2022-11-15T21:00:00Z,480,qualified,supply,401.62,402.31,2,pivot|volume_profile
2022-11-16T15:30:00Z,479,merged,demand,394.49,396.17146638888164,3,pivot
2022-11-16T16:00:00Z,479,touch,demand,394.49,396.17146638888164,3,
2022-11-16T17:00:00Z,479,rejection,demand,394.49,396.17146638888164,3,
2022-11-16T18:00:00Z,479,rejection,demand,394.49,396.17146638888164,3,
2022-11-16T20:00:00Z,479,rejection,demand,394.49,396.17146638888164,3,
2022-11-17T15:30:00Z,466,touch,demand,388.97,390.39,4,
2022-11-17T15:30:00Z,479,broken,demand,394.49,396.17146638888164,3,
2022-11-17T16:00:00Z,466,rejection,demand,388.97,390.39,4,
2022-11-17T17:00:00Z,466,rejection,demand,388.97,390.39,4,
2022-11-17T18:00:00Z,446,broken_zone_expired,demand,377.01173091295334,379.46,4,
2022-11-17T18:00:00Z,462,broken_zone_expired,demand,378.13,379.96,4,
2022-11-17T18:00:00Z,479,role_flip_retest,supply,394.49,396.17146638888164,4,
2022-11-17T19:00:00Z,479,rejection,supply,394.49,396.17146638888164,4,
2022-11-17T19:00:00Z,466,merged,demand,388.97,390.44554686712956,4,pivot
2022-11-17T20:00:00Z,479,rejection,supply,394.49,396.17146638888164,4,
2022-11-17T21:00:00Z,435,broken_zone_expired,supply,375.0191227655631,377.66,4,
2022-11-17T21:00:00Z,467,broken_zone_expired,supply,386.25,387.59,2,
2022-11-17T21:00:00Z,469,broken_zone_expired,supply,382.48,384.01,4,
2022-11-17T21:00:00Z,476,broken_zone_expired,supply,384.54,385.12,2,
2022-11-18T15:30:00Z,479,touch,supply,394.49,396.17146638888164,4,
2022-11-18T18:00:00Z,479,rejection,supply,394.49,396.17146638888164,4,
2022-11-18T18:00:00Z,483,created,supply,397.51202640739314,397.81,1,pivot
2022-11-18T18:00:00Z,483,volume_confluence,supply,397.51202640739314,397.81,2,POC:2022-11-11:397.556250
2022-11-18T18:00:00Z,483,qualified,supply,397.51202640739314,397.81,2,pivot|volume_profile
2022-11-18T19:00:00Z,479,rejection,supply,394.49,396.17146638888164,4,
2022-11-18T20:00:00Z,444,age_expired,demand,356.96,357.68,4,
2022-11-21T16:00:00Z,479,rejection,supply,394.49,396.17146638888164,4,
2022-11-21T17:00:00Z,483,merged,supply,396.09,397.81,3,pivot
2022-11-21T18:00:00Z,479,touch,supply,394.49,396.17146638888164,4,
2022-11-21T18:00:00Z,479,rejection,supply,394.49,396.17146638888164,4,
2022-11-21T20:00:00Z,479,rejection,supply,394.49,396.17146638888164,4,
2022-11-21T20:00:00Z,485,created,demand,392.66,393.22,1,pivot
2022-11-21T20:00:00Z,485,volume_confluence,demand,392.66,393.22,2,VAH:2022-11-17:393.647292
2022-11-21T20:00:00Z,485,qualified,demand,392.66,393.22,2,pivot|volume_profile
2022-11-22T15:30:00Z,483,touch,supply,396.09,397.81,3,
2022-11-22T15:30:00Z,483,rejection,supply,396.09,397.81,3,
2022-11-22T16:00:00Z,479,broken,supply,394.49,396.17146638888164,4,
2022-11-22T19:00:00Z,483,broken,supply,396.09,397.81,3,
2022-11-22T20:00:00Z,478,touch,supply,399.0161742116751,399.35,3,
2022-11-22T20:00:00Z,478,rejection,supply,399.0161742116751,399.35,3,
2022-11-22T21:00:00Z,478,broken,supply,399.0161742116751,399.35,3,
2022-11-23T15:30:00Z,480,touch,supply,401.62,402.31,2,
2022-11-23T15:30:00Z,480,rejection,supply,401.62,402.31,2,
2022-11-23T17:00:00Z,480,rejection,supply,401.62,402.31,2,
2022-11-23T18:00:00Z,478,role_flip_retest,demand,399.0161742116751,399.35,3,
2022-11-23T19:00:00Z,480,merged,supply,401.62,402.74,3,pivot
2022-11-23T20:00:00Z,480,touch,supply,401.62,402.74,3,
2022-11-25T17:00:00Z,480,merged,supply,401.62,402.93,3,pivot
2022-11-28T15:30:00Z,478,touch,demand,399.0161742116751,399.35,3,
2022-11-28T15:30:00Z,478,rejection,demand,399.0161742116751,399.35,3,
2022-11-28T16:00:00Z,478,broken,demand,399.0161742116751,399.35,3,
2022-11-28T17:00:00Z,478,role_flip_retest,supply,399.0161742116751,399.35,3,
2022-11-28T18:00:00Z,478,rejection,supply,399.0161742116751,399.35,3,
2022-11-29T16:00:00Z,479,role_flip_retest,demand,394.49,396.17146638888164,4,
2022-11-29T20:00:00Z,485,merged,demand,392.66,394.20735553966745,3,pivot
2022-11-30T16:00:00Z,479,broken,demand,394.49,396.17146638888164,4,
2022-11-30T16:00:00Z,485,touch,demand,392.66,394.20735553966745,3,
2022-11-30T17:00:00Z,485,rejection,demand,392.66,394.20735553966745,3,
2022-11-30T18:00:00Z,479,role_flip_retest,supply,394.49,396.17146638888164,4,
2022-11-30T18:00:00Z,485,rejection,demand,392.66,394.20735553966745,3,
2022-11-30T19:00:00Z,478,broken,supply,399.0161742116751,399.35,3,
2022-11-30T19:00:00Z,479,broken,supply,394.49,396.17146638888164,4,
2022-11-30T19:00:00Z,483,role_flip_retest,demand,396.09,397.81,4,
2022-11-30T19:00:00Z,485,rejection,demand,392.66,394.20735553966745,3,
2022-11-30T19:00:00Z,489,created,demand,393.48,395.15,1,order_block
2022-11-30T19:00:00Z,489,volume_confluence,demand,393.48,395.15,2,POC:2022-11-21:394.305833
2022-11-30T19:00:00Z,489,qualified,demand,393.48,395.15,2,order_block|volume_profile
2022-11-30T20:00:00Z,480,broken,supply,401.62,402.93,3,
2022-11-30T20:00:00Z,489,merged,demand,393.48,395.15,2,order_block
2022-11-30T21:00:00Z,485,merged,demand,392.66,394.22,3,pivot
2022-11-30T21:00:00Z,489,merged,demand,393.48,395.15,2,order_block
2022-12-01T19:00:00Z,493,created,supply,409.14,410.0,1,pivot
2022-12-01T21:00:00Z,493,volume_confluence,supply,409.14,410.0,2,VAH:2022-12-01:408.578125
2022-12-01T21:00:00Z,493,qualified,supply,409.14,410.0,2,pivot|volume_profile
2022-12-02T15:30:00Z,480,role_flip_retest,demand,401.62,402.93,4,
2022-12-02T16:00:00Z,452,age_expired,demand,356.5,357.69,2,
2022-12-02T16:00:00Z,480,rejection,demand,401.62,402.93,4,
2022-12-02T17:00:00Z,453,age_expired,demand,348.11,349.23,1,
2022-12-02T18:00:00Z,480,merged,demand,401.62,402.93,4,pivot
2022-12-05T16:00:00Z,480,touch,demand,401.62,402.93,4,
2022-12-05T16:00:00Z,480,rejection,demand,401.62,402.93,4,
2022-12-05T17:00:00Z,480,broken,demand,401.62,402.93,4,
2022-12-05T17:00:00Z,495,created,supply,406.87,407.86,1,pivot
2022-12-05T17:00:00Z,495,volume_confluence,supply,406.87,407.86,2,VAH:2022-11-30:407.247083
2022-12-05T17:00:00Z,495,qualified,supply,406.87,407.86,2,pivot|volume_profile
2022-12-05T18:00:00Z,480,role_flip_retest,supply,401.62,402.93,4,
2022-12-05T21:00:00Z,478,role_flip_retest,demand,399.0161742116751,399.35,3,
2022-12-06T15:30:00Z,478,broken,demand,399.0161742116751,399.35,3,
2022-12-06T15:30:00Z,483,touch,demand,396.09,397.81,4,
2022-12-06T16:00:00Z,483,broken,demand,396.09,397.81,4,
2022-12-06T16:00:00Z,489,touch,demand,393.48,395.15,2,
2022-12-06T16:00:00Z,489,rejection,demand,393.48,395.15,2,
2022-12-06T18:00:00Z,456,age_expired,demand,365.55,367.98,4,
2022-12-06T18:00:00Z,485,touch,demand,392.66,394.22,3,
2022-12-06T19:00:00Z,489,broken,demand,393.48,395.15,2,
2022-12-06T20:00:00Z,485,broken,demand,392.66,394.22,3,
2022-12-07T15:30:00Z,489,role_flip_retest,supply,393.48,395.15,3,
2022-12-07T16:00:00Z,496,created,demand,391.64,392.49,1,pivot
2022-12-07T16:00:00Z,496,volume_confluence,demand,391.64,392.49,2,VAL:2022-12-06:391.813958
2022-12-07T16:00:00Z,496,qualified,demand,391.64,392.49,2,pivot|volume_profile
2022-12-07T17:00:00Z,489,rejection,supply,393.48,395.15,3,
2022-12-07T17:00:00Z,496,touch,demand,391.64,392.49,2,
2022-12-07T17:00:00Z,496,rejection,demand,391.64,392.49,2,
2022-12-07T19:00:00Z,489,rejection,supply,393.48,395.15,3,
2022-12-07T20:00:00Z,489,rejection,supply,393.48,395.15,3,
2022-12-07T20:00:00Z,496,touch,demand,391.64,392.49,2,
2022-12-07T20:00:00Z,496,rejection,demand,391.64,392.49,2,
2022-12-07T20:00:00Z,489,merged,supply,393.48,395.64,4,pivot
2022-12-07T21:00:00Z,489,rejection,supply,393.48,395.64,4,
2022-12-07T21:00:00Z,496,rejection,demand,391.64,392.49,2,
2022-12-08T15:30:00Z,479,role_flip_retest,demand,394.49,396.17146638888164,4,
2022-12-08T15:30:00Z,489,broken,supply,393.48,395.64,4,
2022-12-08T16:00:00Z,479,rejection,demand,394.49,396.17146638888164,4,
2022-12-08T17:00:00Z,489,role_flip_retest,demand,393.48,395.64,4,
2022-12-08T18:00:00Z,483,role_flip_retest,supply,396.09,397.81,4,
2022-12-08T18:00:00Z,489,rejection,demand,393.48,395.64,4,
2022-12-08T19:00:00Z,479,rejection,demand,394.49,396.17146638888164,4,
2022-12-08T19:00:00Z,489,rejection,demand,393.48,395.64,4,
2022-12-08T19:00:00Z,483,merged,supply,396.09,397.81,4,pivot
2022-12-08T20:00:00Z,483,rejection,supply,396.09,397.81,4,
2022-12-08T21:00:00Z,479,rejection,demand,394.49,396.17146638888164,4,
2022-12-08T21:00:00Z,489,rejection,demand,393.48,395.64,4,
2022-12-09T15:30:00Z,483,rejection,supply,396.09,397.81,4,
2022-12-09T15:30:00Z,489,rejection,demand,393.48,395.64,4,
2022-12-09T16:00:00Z,479,rejection,demand,394.49,396.17146638888164,4,
2022-12-09T16:00:00Z,489,rejection,demand,393.48,395.64,4,
2022-12-09T18:00:00Z,499,created,demand,394.12,394.94,1,pivot
2022-12-09T18:00:00Z,499,volume_confluence,demand,394.12,394.94,2,VAL:2022-12-08:394.997708
2022-12-09T18:00:00Z,499,qualified,demand,394.12,394.94,2,pivot|volume_profile
2022-12-09T19:00:00Z,479,touch,demand,394.49,396.17146638888164,4,
2022-12-09T19:00:00Z,483,rejection,supply,396.09,397.81,4,
2022-12-09T19:00:00Z,489,touch,demand,393.48,395.64,4,
2022-12-09T19:00:00Z,489,rejection,demand,393.48,395.64,4,
2022-12-09T20:00:00Z,483,rejection,supply,396.09,397.81,4,
2022-12-09T20:00:00Z,489,rejection,demand,393.48,395.64,4,
2022-12-09T20:00:00Z,483,merged,supply,396.09,397.81,4,pivot
2022-12-09T21:00:00Z,479,broken,demand,394.49,396.17146638888164,4,
2022-12-09T21:00:00Z,483,rejection,supply,396.09,397.81,4,
2022-12-09T21:00:00Z,489,broken,demand,393.48,395.64,4,
2022-12-09T21:00:00Z,499,broken,demand,394.12,394.94,2,
2022-12-09T21:00:00Z,483,merged,supply,396.09,397.81,5,order_block
2022-12-12T17:00:00Z,502,created,demand,393.15,393.3684491466672,1,pivot
2022-12-12T17:00:00Z,502,volume_confluence,demand,393.15,393.3684491466672,2,POC:2022-12-07:392.811042
2022-12-12T17:00:00Z,502,qualified,demand,393.15,393.3684491466672,2,pivot|volume_profile
2022-12-12T19:00:00Z,483,touch,supply,396.09,397.81,5,
2022-12-12T19:00:00Z,483,rejection,supply,396.09,397.81,5,
2022-12-12T21:00:00Z,483,broken,supply,396.09,397.81,5,
2022-12-12T21:00:00Z,503,created,demand,393.81,394.64,1,order_block
2022-12-12T21:00:00Z,503,volume_confluence,demand,393.81,394.64,2,VAH:2022-12-07:394.034375
2022-12-12T21:00:00Z,503,qualified,demand,393.81,394.64,2,order_block|volume_profile
2022-12-13T15:30:00Z,480,broken,supply,401.62,402.93,4,
2022-12-13T15:30:00Z,493,touch,supply,409.14,410.0,2,
2022-12-13T15:30:00Z,495,broken,supply,406.87,407.86,2,
2022-12-13T16:00:00Z,493,rejection,supply,409.14,410.0,2,
2022-12-13T18:00:00Z,493,merged,supply,409.14,410.49,3,pivot
2022-12-13T21:00:00Z,478,broken_zone_expired,demand,399.0161742116751,399.35,3,
2022-12-14T15:30:00Z,480,role_flip_retest,demand,401.62,402.93,4,
2022-12-14T19:00:00Z,485,broken_zone_expired,demand,392.66,394.22,3,
2022-12-14T20:00:00Z,480,broken,demand,401.62,402.93,4,
2022-12-14T20:00:00Z,483,role_flip_retest,demand,396.09,397.81,5,
2022-12-14T20:00:00Z,505,created,supply,403.57,405.5,1,order_block
2022-12-14T20:00:00Z,505,volume_confluence,supply,403.57,405.5,2,VAH:2022-12-13:405.493750
2022-12-14T20:00:00Z,505,qualified,supply,403.57,405.5,2,order_block|volume_profile
2022-12-14T21:00:00Z,480,role_flip_retest,supply,401.62,402.93,4,
2022-12-14T21:00:00Z,483,rejection,demand,396.09,397.81,5,
2022-12-14T21:00:00Z,505,touch,supply,403.57,405.5,2,
2022-12-14T21:00:00Z,505,rejection,supply,403.57,405.5,2,
2022-12-15T15:30:00Z,479,role_flip_retest,supply,394.49,396.17146638888164,4,
2022-12-15T15:30:00Z,483,broken,demand,396.09,397.81,5,
2022-12-15T15:30:00Z,489,role_flip_retest,supply,393.48,395.64,4,
2022-12-15T15:30:00Z,496,touch,demand,391.64,392.49,2,
2022-12-15T15:30:00Z,499,role_flip_retest,supply,394.12,394.94,3,
2022-12-15T15:30:00Z,502,broken,demand,393.15,393.3684491466672,2,
2022-12-15T15:30:00Z,503,broken,demand,393.81,394.64,2,
2022-12-15T15:30:00Z,505,merged,supply,403.57,405.5,3,pivot
2022-12-15T16:00:00Z,466,touch,demand,388.97,390.44554686712956,4,
2022-12-15T16:00:00Z,466,rejection,demand,388.97,390.44554686712956,4,
2022-12-15T16:00:00Z,496,broken,demand,391.64,392.49,2,
2022-12-15T19:00:00Z,466,broken,demand,388.97,390.44554686712956,4,
2022-12-16T21:00:00Z,507,created,demand,381.04,381.3690174970304,1,pivot
2022-12-16T21:00:00Z,507,volume_confluence,demand,381.04,381.3690174970304,2,VAL:2022-12-16:381.386250
2022-12-16T21:00:00Z,507,qualified,demand,381.04,381.3690174970304,2,pivot|volume_profile
2022-12-19T17:00:00Z,507,touch,demand,381.04,381.3690174970304,2,
2022-12-19T18:00:00Z,507,rejection,demand,381.04,381.3690174970304,2,
2022-12-19T19:00:00Z,507,broken,demand,381.04,381.3690174970304,2,
2022-12-20T17:00:00Z,507,role_flip_retest,supply,381.04,381.3690174970304,3,
2022-12-20T18:00:00Z,508,created,demand,377.85,379.15737942867173,1,pivot
2022-12-20T18:00:00Z,508,volume_confluence,demand,377.85,379.15737942867173,2,VAL:2022-12-19:378.395417
2022-12-20T18:00:00Z,508,qualified,demand,377.85,379.15737942867173,2,pivot|volume_profile
2022-12-20T20:00:00Z,507,rejection,supply,381.04,381.3690174970304,3,
2022-12-20T21:00:00Z,495,broken_zone_expired,supply,406.87,407.86,2,
2022-12-20T21:00:00Z,507,rejection,supply,381.04,381.3690174970304,3,
2022-12-21T15:30:00Z,507,broken,supply,381.04,381.3690174970304,3,
2022-12-21T16:00:00Z,509,created,demand,382.69,383.25,1,order_block
2022-12-21T16:00:00Z,509,volume_confluence,demand,382.69,383.25,2,POC:2022-12-16:382.309583
2022-12-21T16:00:00Z,509,qualified,demand,382.69,383.25,2,order_block|volume_profile
2022-12-22T15:30:00Z,507,role_flip_retest,demand,381.04,381.3690174970304,3,
2022-12-22T15:30:00Z,509,broken,demand,382.69,383.25,2,
2022-12-22T16:00:00Z,507,broken,demand,381.04,381.3690174970304,3,
2022-12-22T16:00:00Z,508,touch,demand,377.85,379.15737942867173,2,
2022-12-22T16:00:00Z,510,created,supply,386.39,387.41,1,pivot
2022-12-22T16:00:00Z,510,volume_confluence,supply,386.39,387.41,2,VAH:2022-12-21:386.918333
2022-12-22T16:00:00Z,510,qualified,supply,386.39,387.41,2,pivot|volume_profile
2022-12-22T18:00:00Z,508,broken,demand,377.85,379.15737942867173,2,
2022-12-22T21:00:00Z,483,broken_zone_expired,demand,396.09,397.81,5,
2022-12-22T21:00:00Z,502,broken_zone_expired,demand,393.15,393.3684491466672,2,
2022-12-22T21:00:00Z,503,broken_zone_expired,demand,393.81,394.64,2,
2022-12-23T15:30:00Z,496,broken_zone_expired,demand,391.64,392.49,2,
2022-12-23T15:30:00Z,507,role_flip_retest,supply,381.04,381.3690174970304,3,
2022-12-23T15:30:00Z,511,created,demand,374.77,375.53,1,pivot
2022-12-23T16:00:00Z,507,rejection,supply,381.04,381.3690174970304,3,
2022-12-23T16:00:00Z,509,role_flip_retest,supply,382.69,383.25,3,
2022-12-23T17:00:00Z,507,broken,supply,381.04,381.3690174970304,3,
2022-12-23T18:00:00Z,466,broken_zone_expired,demand,388.97,390.44554686712956,4,
2022-12-23T18:00:00Z,472,age_expired,demand,368.79,370.77,3,
2022-12-23T18:00:00Z,509,touch,supply,382.69,383.25,3,
2022-12-23T18:00:00Z,509,rejection,supply,382.69,383.25,3,
2022-12-23T19:00:00Z,507,role_flip_retest,demand,381.04,381.3690174970304,3,
2022-12-23T20:00:00Z,507,rejection,demand,381.04,381.3690174970304,3,
2022-12-23T21:00:00Z,509,touch,supply,382.69,383.25,3,
2022-12-27T15:30:00Z,507,broken,demand,381.04,381.3690174970304,3,
2022-12-27T15:30:00Z,509,rejection,supply,382.69,383.25,3,
2022-12-27T16:00:00Z,509,rejection,supply,382.69,383.25,3,
2022-12-27T17:00:00Z,509,rejection,supply,382.69,383.25,3,
2022-12-27T18:00:00Z,509,rejection,supply,382.69,383.25,3,
2022-12-27T19:00:00Z,512,created,demand,379.65,380.52,1,pivot
2022-12-27T19:00:00Z,509,merged,supply,381.93,383.25,4,pivot
2022-12-27T19:00:00Z,512,volume_confluence,demand,379.65,380.52,2,POC:2022-12-19:379.780417
2022-12-27T19:00:00Z,512,qualified,demand,379.65,380.52,2,pivot|volume_profile
2022-12-27T20:00:00Z,512,touch,demand,379.65,380.52,2,
2022-12-27T20:00:00Z,512,rejection,demand,379.65,380.52,2,
2022-12-27T21:00:00Z,509,touch,supply,381.93,383.25,4,
2022-12-27T21:00:00Z,509,rejection,supply,381.93,383.25,4,
2022-12-28T16:00:00Z,507,role_flip_retest,supply,381.04,381.3690174970304,3,
2022-12-28T16:00:00Z,509,rejection,supply,381.93,383.25,4,
2022-12-28T16:00:00Z,512,broken,demand,379.65,380.52,2,
2022-12-28T17:00:00Z,512,role_flip_retest,supply,379.65,380.52,3,
2022-12-28T18:00:00Z,509,merged,supply,381.93,383.39,5,pivot
2022-12-28T19:00:00Z,512,touch,supply,379.65,380.52,3,
2022-12-28T19:00:00Z,512,rejection,supply,379.65,380.52,3,
2022-12-28T21:00:00Z,508,role_flip_retest,supply,377.85,379.15737942867173,3,
2022-12-29T15:30:00Z,507,broken,supply,381.04,381.3690174970304,3,
2022-12-29T15:30:00Z,508,broken,supply,377.85,379.15737942867173,3,
2022-12-29T15:30:00Z,512,broken,supply,379.65,380.52,3,
2022-12-29T16:00:00Z,507,role_flip_retest,demand,381.04,381.3690174970304,3,
2022-12-29T16:00:00Z,509,touch,supply,381.93,383.39,5,
2022-12-29T17:00:00Z,509,broken,supply,381.93,383.39,5,
2022-12-29T17:00:00Z,515,created,demand,376.42,376.6927975834531,1,pivot
2022-12-29T17:00:00Z,515,volume_confluence,demand,376.42,376.6927975834531,2,VAL:2022-12-28:376.855625
2022-12-29T17:00:00Z,515,qualified,demand,376.42,376.6927975834531,2,pivot|volume_profile
2022-12-29T18:00:00Z,509,role_flip_retest,demand,381.93,383.39,5,
2022-12-29T19:00:00Z,509,rejection,demand,381.93,383.39,5,
2022-12-29T21:00:00Z,509,touch,demand,381.93,383.39,5,
2022-12-30T15:30:00Z,507,broken,demand,381.04,381.3690174970304,3,
2022-12-30T15:30:00Z,508,role_flip_retest,demand,377.85,379.15737942867173,3,
2022-12-30T15:30:00Z,509,broken,demand,381.93,383.39,5,
2022-12-30T16:00:00Z,507,role_flip_retest,supply,381.04,381.3690174970304,3,
2022-12-30T16:00:00Z,516,created,supply,383.87,384.35,1,pivot
2022-12-30T16:00:00Z,516,volume_confluence,supply,383.87,384.35,2,VAH:2022-12-29:384.240208
2022-12-30T16:00:00Z,516,qualified,supply,383.87,384.35,2,pivot|volume_profile
2022-12-30T17:00:00Z,512,role_flip_retest,demand,379.65,380.52,3,
2022-12-30T18:00:00Z,507,touch,supply,381.04,381.3690174970304,3,
2022-12-30T18:00:00Z,507,rejection,supply,381.04,381.3690174970304,3,
2022-12-30T18:00:00Z,512,rejection,demand,379.65,380.52,3,
2022-12-30T18:00:00Z,512,merged,demand,379.02,380.52,4,pivot
2022-12-30T19:00:00Z,508,touch,demand,377.85,379.15737942867173,3,
2022-12-30T19:00:00Z,508,rejection,demand,377.85,379.15737942867173,3,
2022-12-30T21:00:00Z,507,broken,supply,381.04,381.3690174970304,3,
2022-12-30T21:00:00Z,508,rejection,demand,377.85,379.15737942867173,3,
2022-12-30T21:00:00Z,512,rejection,demand,379.02,380.52,4,
2023-01-03T15:30:00Z,509,role_flip_retest,supply,381.93,383.39,5,
2023-01-03T15:30:00Z,510,touch,supply,386.39,387.41,2,
2023-01-03T15:30:00Z,510,rejection,supply,386.39,387.41,2,
2023-01-03T15:30:00Z,516,touch,supply,383.87,384.35,2,
2023-01-03T15:30:00Z,516,rejection,supply,383.87,384.35,2,
2023-01-03T15:30:00Z,508,merged,demand,377.85,379.32,4,pivot
2023-01-03T16:00:00Z,477,age_expired,demand,373.61,374.15,2,
2023-01-03T16:00:00Z,507,role_flip_retest,demand,381.04,381.3690174970304,3,
2023-01-03T16:00:00Z,512,touch,demand,379.02,380.52,4,
2023-01-03T16:00:00Z,512,rejection,demand,379.02,380.52,4,
2023-01-03T17:00:00Z,507,broken,demand,381.04,381.3690174970304,3,
2023-01-03T17:00:00Z,508,touch,demand,377.85,379.32,4,
2023-01-03T17:00:00Z,509,rejection,supply,381.93,383.39,5,
2023-01-03T18:00:00Z,512,broken,demand,379.02,380.52,4,
2023-01-03T18:00:00Z,510,merged,supply,385.1514025825087,387.41,3,pivot
2023-01-03T19:00:00Z,508,rejection,demand,377.85,379.32,4,
2023-01-03T20:00:00Z,508,rejection,demand,377.85,379.32,4,
2023-01-03T21:00:00Z,507,role_flip_retest,supply,381.04,381.3690174970304,3,
2023-01-03T21:00:00Z,508,merged,demand,377.83,379.32,4,pivot
2023-01-04T15:30:00Z,507,broken,supply,381.04,381.3690174970304,3,
2023-01-04T15:30:00Z,509,touch,supply,381.93,383.39,5,
2023-01-04T15:30:00Z,516,touch,supply,383.87,384.35,2,
2023-01-04T15:30:00Z,516,rejection,supply,383.87,384.35,2,
2023-01-04T16:00:00Z,507,role_flip_retest,demand,381.04,381.3690174970304,3,
2023-01-04T16:00:00Z,516,rejection,supply,383.87,384.35,2,
2023-01-04T17:00:00Z,509,broken,supply,381.93,383.39,5,
2023-01-04T17:00:00Z,510,touch,supply,385.1514025825087,387.41,3,
2023-01-04T17:00:00Z,516,broken,supply,383.87,384.35,2,
2023-01-04T18:00:00Z,510,rejection,supply,385.1514025825087,387.41,3,
2023-01-04T19:00:00Z,510,rejection,supply,385.1514025825087,387.41,3,
2023-01-04T20:00:00Z,507,touch,demand,381.04,381.3690174970304,3,
2023-01-04T20:00:00Z,507,rejection,demand,381.04,381.3690174970304,3,
2023-01-04T20:00:00Z,510,rejection,supply,385.1514025825087,387.41,3,
2023-01-04T20:00:00Z,510,merged,supply,385.1514025825087,387.41,3,pivot
2023-01-04T21:00:00Z,507,rejection,demand,381.04,381.3690174970304,3,
2023-01-04T21:00:00Z,509,role_flip_retest,demand,381.93,383.39,5,
2023-01-05T15:30:00Z,507,broken,demand,381.04,381.3690174970304,3,
2023-01-05T15:30:00Z,508,touch,demand,377.83,379.32,4,
2023-01-05T15:30:00Z,508,rejection,demand,377.83,379.32,4,
2023-01-05T15:30:00Z,509,broken,demand,381.93,383.39,5,
2023-01-05T16:00:00Z,507,role_flip_retest,supply,381.04,381.3690174970304,3,
2023-01-05T16:00:00Z,508,rejection,demand,377.83,379.32,4,
2023-01-05T18:00:00Z,508,rejection,demand,377.83,379.32,4,
2023-01-05T19:00:00Z,507,touch,supply,381.04,381.3690174970304,3,
2023-01-05T19:00:00Z,507,rejection,supply,381.04,381.3690174970304,3,
2023-01-05T19:00:00Z,508,rejection,demand,377.83,379.32,4,
2023-01-05T20:00:00Z,507,rejection,supply,381.04,381.3690174970304,3,
2023-01-05T20:00:00Z,508,merged,demand,377.83,379.32,4,pivot
2023-01-05T21:00:00Z,508,touch,demand,377.83,379.32,4,
2023-01-05T21:00:00Z,508,rejection,demand,377.83,379.32,4,
2023-01-06T15:30:00Z,507,touch,supply,381.04,381.3690174970304,3,
2023-01-06T15:30:00Z,507,rejection,supply,381.04,381.3690174970304,3,
2023-01-06T15:30:00Z,509,role_flip_retest,supply,381.93,383.39,5,
2023-01-06T16:00:00Z,479,age_expired,supply,394.49,396.17146638888164,4,
2023-01-06T16:00:00Z,507,broken,supply,381.04,381.3690174970304,3,
2023-01-06T16:00:00Z,509,broken,supply,381.93,383.39,5,
2023-01-06T16:00:00Z,510,touch,supply,385.1514025825087,387.41,3,
2023-01-06T16:00:00Z,516,role_flip_retest,demand,383.87,384.35,3,
2023-01-06T17:00:00Z,480,age_expired,supply,401.62,402.93,4,
2023-01-06T20:00:00Z,510,broken,supply,385.1514025825087,387.41,3,
2023-01-09T17:00:00Z,489,touch,supply,393.48,395.64,4,
2023-01-09T17:00:00Z,489,rejection,supply,393.48,395.64,4,
2023-01-09T20:00:00Z,489,merged,supply,393.38,395.64,5,pivot
2023-01-10T15:30:00Z,510,role_flip_retest,demand,385.1514025825087,387.41,4,
2023-01-10T16:00:00Z,510,rejection,demand,385.1514025825087,387.41,4,
2023-01-10T17:00:00Z,510,rejection,demand,385.1514025825087,387.41,4,
2023-01-10T18:00:00Z,510,rejection,demand,385.1514025825087,387.41,4,
2023-01-10T19:00:00Z,524,created,demand,386.27,387.482175747239,1,pivot
2023-01-10T19:00:00Z,524,volume_confluence,demand,386.27,387.482175747239,2,POC:2023-01-06:387.820833
2023-01-10T19:00:00Z,524,qualified,demand,386.27,387.482175747239,2,pivot|volume_profile
2023-01-11T17:00:00Z,512,broken_zone_expired,demand,379.02,380.52,4,
2023-01-11T18:00:00Z,489,touch,supply,393.38,395.64,5,
2023-01-11T18:00:00Z,489,rejection,supply,393.38,395.64,5,
2023-01-11T19:00:00Z,499,touch,supply,394.12,394.94,3,
2023-01-11T19:00:00Z,499,rejection,supply,394.12,394.94,3,
2023-01-11T21:00:00Z,499,broken,supply,394.12,394.94,3,
2023-01-12T16:00:00Z,499,role_flip_retest,demand,394.12,394.94,3,
2023-01-12T17:00:00Z,489,broken,supply,393.38,395.64,5,
2023-01-12T17:00:00Z,499,rejection,demand,394.12,394.94,3,
2023-01-12T19:00:00Z,489,role_flip_retest,demand,393.38,395.64,5,
2023-01-13T15:30:00Z,489,touch,demand,393.38,395.64,5,
2023-01-13T15:30:00Z,499,touch,demand,394.12,394.94,3,
2023-01-13T16:00:00Z,489,rejection,demand,393.38,395.64,5,
2023-01-13T16:00:00Z,499,rejection,demand,394.12,394.94,3,
2023-01-13T16:00:00Z,525,created,supply,398.2199877932297,398.49,1,pivot
2023-01-13T16:00:00Z,525,volume_confluence,supply,398.2199877932297,398.49,2,VAH:2023-01-12:398.110625
2023-01-13T16:00:00Z,525,qualified,supply,398.2199877932297,398.49,2,pivot|volume_profile
2023-01-13T17:00:00Z,489,rejection,demand,393.38,395.64,5,
2023-01-13T18:00:00Z,499,merged,demand,393.34,394.94,4,pivot
2023-01-13T21:00:00Z,525,touch,supply,398.2199877932297,398.49,2,
2023-01-17T15:30:00Z,507,broken_zone_expired,supply,381.04,381.3690174970304,3,
2023-01-17T15:30:00Z,509,broken_zone_expired,supply,381.93,383.39,5,
2023-01-17T18:00:00Z,525,rejection,supply,398.2199877932297,398.49,2,
2023-01-17T19:00:00Z,525,broken,supply,398.2199877932297,398.49,2,
2023-01-17T19:00:00Z,527,created,supply,399.25021737084637,400.23,1,pivot
2023-01-17T19:00:00Z,527,volume_confluence,supply,399.25021737084637,400.23,2,VAH:2023-01-13:398.740000
2023-01-17T19:00:00Z,527,qualified,supply,399.25021737084637,400.23,2,pivot|volume_profile
2023-01-18T15:30:00Z,525,role_flip_retest,demand,398.2199877932297,398.49,3,
2023-01-18T15:30:00Z,527,touch,supply,399.25021737084637,400.23,2,
2023-01-18T16:00:00Z,525,broken,demand,398.2199877932297,398.49,3,
2023-01-18T16:00:00Z,527,rejection,supply,399.25021737084637,400.23,2,
2023-01-18T17:00:00Z,489,touch,demand,393.38,395.64,5,
2023-01-18T17:00:00Z,499,touch,demand,393.34,394.94,4,
2023-01-18T17:00:00Z,527,merged,supply,399.03,400.23,3,order_block
2023-01-18T19:00:00Z,527,merged,supply,399.03,400.23,4,pivot
2023-01-18T20:00:00Z,489,broken,demand,393.38,395.64,5,
2023-01-18T20:00:00Z,499,broken,demand,393.34,394.94,4,
2023-01-18T21:00:00Z,489,role_flip_retest,supply,393.38,395.64,5,
2023-01-18T21:00:00Z,499,role_flip_retest,supply,393.34,394.94,4,
2023-01-19T17:00:00Z,510,touch,demand,385.1514025825087,387.41,4,
2023-01-19T17:00:00Z,510,rejection,demand,385.1514025825087,387.41,4,
2023-01-19T17:00:00Z,524,touch,demand,386.27,387.482175747239,2,
2023-01-19T17:00:00Z,524,rejection,demand,386.27,387.482175747239,2,
2023-01-19T20:00:00Z,524,merged,demand,386.27,387.83,3,pivot
2023-01-20T19:00:00Z,489,touch,supply,393.38,395.64,5,
2023-01-20T19:00:00Z,499,touch,supply,393.34,394.94,4,
2023-01-20T21:00:00Z,489,broken,supply,393.38,395.64,5,
2023-01-20T21:00:00Z,499,broken,supply,393.34,394.94,4,
2023-01-23T15:30:00Z,525,role_flip_retest,supply,398.2199877932297,398.49,3,
2023-01-23T16:00:00Z,525,broken,supply,398.2199877932297,398.49,3,
2023-01-23T16:00:00Z,527,touch,supply,399.03,400.23,4,
2023-01-23T17:00:00Z,527,broken,supply,399.03,400.23,4,
2023-01-23T21:00:00Z,527,role_flip_retest,demand,399.03,400.23,5,
2023-01-24T15:30:00Z,493,age_expired,supply,409.14,410.49,3,
2023-01-24T15:30:00Z,527,broken,demand,399.03,400.23,5,
2023-01-24T15:30:00Z,531,created,supply,402.0,402.65,1,pivot
2023-01-24T15:30:00Z,531,volume_confluence,supply,402.0,402.65,2,VAH:2023-01-23:401.928125
2023-01-24T15:30:00Z,531,qualified,supply,402.0,402.65,2,pivot|volume_profile
2023-01-24T16:00:00Z,525,role_flip_retest,demand,398.2199877932297,398.49,3,
2023-01-24T19:00:00Z,525,merged,demand,397.64,398.49,4,pivot
2023-01-25T15:30:00Z,525,broken,demand,397.64,398.49,4,
2023-01-25T15:30:00Z,533,created,supply,400.78,401.15,1,pivot
2023-01-25T15:30:00Z,533,volume_confluence,supply,400.78,401.15,2,VAH:2023-01-24:400.784375
2023-01-25T15:30:00Z,533,qualified,supply,400.78,401.15,2,pivot|volume_profile
2023-01-25T17:00:00Z,489,role_flip_retest,demand,393.38,395.64,5,
2023-01-25T17:00:00Z,499,role_flip_retest,demand,393.34,394.94,4,
2023-01-25T17:00:00Z,525,role_flip_retest,supply,397.64,398.49,4,
2023-01-25T18:00:00Z,489,age_expired,demand,393.38,395.64,5,
2023-01-25T19:00:00Z,525,broken,supply,397.64,398.49,4,
2023-01-25T19:00:00Z,527,role_flip_retest,supply,399.03,400.23,5,
2023-01-25T19:00:00Z,499,merged,demand,393.34,394.94,4,pivot
2023-01-25T21:00:00Z,527,broken,supply,399.03,400.23,5,
2023-01-26T15:30:00Z,505,touch,supply,403.57,405.5,3,
2023-01-26T15:30:00Z,505,rejection,supply,403.57,405.5,3,
2023-01-26T15:30:00Z,531,touch,supply,402.0,402.65,2,
2023-01-26T15:30:00Z,531,rejection,supply,402.0,402.65,2,
2023-01-26T15:30:00Z,533,broken,supply,400.78,401.15,2,
2023-01-26T16:00:00Z,527,role_flip_retest,demand,399.03,400.23,5,
2023-01-26T16:00:00Z,531,rejection,supply,402.0,402.65,2,
2023-01-26T17:00:00Z,527,rejection,demand,399.03,400.23,5,
2023-01-26T17:00:00Z,533,role_flip_retest,demand,400.78,401.15,3,
2023-01-26T18:00:00Z,531,touch,supply,402.0,402.65,2,
2023-01-26T18:00:00Z,531,merged,supply,402.0,404.07,3,pivot
2023-01-26T20:00:00Z,505,touch,supply,403.57,405.5,3,
2023-01-26T20:00:00Z,505,rejection,supply,403.57,405.5,3,
2023-01-26T21:00:00Z,531,broken,supply,402.0,404.07,3,
2023-01-27T15:30:00Z,531,role_flip_retest,demand,402.0,404.07,4,
2023-01-27T16:00:00Z,531,rejection,demand,402.0,404.07,4,
2023-01-27T17:00:00Z,505,broken,supply,403.57,405.5,3,
2023-01-27T17:00:00Z,531,rejection,demand,402.0,404.07,4,
2023-01-30T15:30:00Z,531,touch,demand,402.0,404.07,4,
2023-01-30T15:30:00Z,531,rejection,demand,402.0,404.07,4,
2023-01-30T17:00:00Z,536,created,supply,407.46,408.16,1,pivot
2023-01-30T17:00:00Z,536,volume_confluence,supply,407.46,408.16,2,VAH:2023-01-27:407.668333
2023-01-30T17:00:00Z,536,qualified,supply,407.46,408.16,2,pivot|volume_profile
2023-01-30T20:00:00Z,531,broken,demand,402.0,404.07,4,
2023-01-30T20:00:00Z,533,touch,demand,400.78,401.15,3,
2023-01-30T20:00:00Z,533,rejection,demand,400.78,401.15,3,
2023-01-30T21:00:00Z,533,broken,demand,400.78,401.15,3,
2023-01-31T15:30:00Z,531,role_flip_retest,supply,402.0,404.07,4,
2023-01-31T17:00:00Z,527,merged,demand,399.03,400.63,5,pivot
2023-01-31T19:00:00Z,531,broken,supply,402.0,404.07,4,
2023-01-31T21:00:00Z,499,age_expired,demand,393.34,394.94,4,
2023-01-31T21:00:00Z,505,role_flip_retest,demand,403.57,405.5,4,
2023-01-31T21:00:00Z,531,role_flip_retest,demand,402.0,404.07,4,
2023-02-01T15:30:00Z,505,rejection,demand,403.57,405.5,4,
2023-02-01T16:00:00Z,531,touch,demand,402.0,404.07,4,
2023-02-01T16:00:00Z,531,rejection,demand,402.0,404.07,4,
2023-02-01T17:00:00Z,531,rejection,demand,402.0,404.07,4,
2023-02-01T17:00:00Z,538,created,supply,406.3108519326296,406.53,1,pivot
2023-02-01T17:00:00Z,538,volume_confluence,supply,406.3108519326296,406.53,2,POC:2023-01-27:406.291667
2023-02-01T17:00:00Z,538,qualified,supply,406.3108519326296,406.53,2,pivot|volume_profile
2023-02-01T18:00:00Z,531,rejection,demand,402.0,404.07,4,
2023-02-01T19:00:00Z,531,rejection,demand,402.0,404.07,4,
2023-02-01T20:00:00Z,505,rejection,demand,403.57,405.5,4,
2023-02-01T20:00:00Z,531,rejection,demand,402.0,404.07,4,
2023-02-01T20:00:00Z,536,broken,supply,407.46,408.16,2,
2023-02-01T20:00:00Z,538,broken,supply,406.3108519326296,406.53,2,
2023-02-01T20:00:00Z,505,merged,demand,403.57,405.5,4,order_block
2023-02-02T16:00:00Z,531,merged,demand,402.0,404.07,4,pivot
2023-02-02T18:00:00Z,525,broken_zone_expired,supply,397.64,398.49,4,
2023-02-03T16:00:00Z,541,created,supply,417.9603936797182,418.31,1,pivot
2023-02-03T18:00:00Z,542,created,demand,411.44,411.78268708228376,1,pivot
2023-02-03T19:00:00Z,542,touch,demand,411.44,411.78268708228376,1,
2023-02-03T19:00:00Z,542,rejection,demand,411.44,411.78268708228376,1,
2023-02-03T20:00:00Z,542,rejection,demand,411.44,411.78268708228376,1,
2023-02-03T21:00:00Z,542,rejection,demand,411.44,411.78268708228376,1,
2023-02-03T21:00:00Z,542,volume_confluence,demand,411.44,411.78268708228376,2,VAL:2023-02-03:411.457500
2023-02-03T21:00:00Z,542,qualified,demand,411.44,411.78268708228376,2,pivot|volume_profile
2023-02-06T15:30:00Z,542,broken,demand,411.44,411.78268708228376,2,
2023-02-06T16:00:00Z,505,age_expired,demand,403.57,405.5,4,
2023-02-06T16:00:00Z,536,role_flip_retest,demand,407.46,408.16,3,
2023-02-06T19:00:00Z,536,merged,demand,407.46,409.4373300797259,4,pivot
2023-02-06T21:00:00Z,536,touch,demand,407.46,409.4373300797259,4,
2023-02-06T21:00:00Z,536,rejection,demand,407.46,409.4373300797259,4,
2023-02-07T17:00:00Z,536,rejection,demand,407.46,409.4373300797259,4,
2023-02-07T18:00:00Z,536,rejection,demand,407.46,409.4373300797259,4,
2023-02-07T18:00:00Z,536,merged,demand,407.46,409.4373300797259,5,order_block
2023-02-07T19:00:00Z,542,role_flip_retest,supply,411.44,411.78268708228376,3,
2023-02-07T20:00:00Z,533,broken_zone_expired,demand,400.78,401.15,3,
2023-02-07T20:00:00Z,536,rejection,demand,407.46,409.4373300797259,5,
2023-02-07T20:00:00Z,542,broken,supply,411.44,411.78268708228376,3,
2023-02-07T21:00:00Z,541,volume_confluence,supply,417.9603936797182,418.31,2,VAH:2023-02-02:417.065625
2023-02-07T21:00:00Z,541,qualified,supply,417.9603936797182,418.31,2,pivot|volume_profile
2023-02-08T15:30:00Z,536,merged,demand,407.46,409.4373300797259,5,pivot
2023-02-08T17:00:00Z,546,created,supply,415.18,416.49,1,pivot
2023-02-08T17:00:00Z,546,volume_confluence,supply,415.18,416.49,2,POC:2023-02-02:416.386875
2023-02-08T17:00:00Z,546,qualified,supply,415.18,416.49,2,pivot|volume_profile
2023-02-08T18:00:00Z,542,role_flip_retest,demand,411.44,411.78268708228376,3,
2023-02-08T21:00:00Z,542,broken,demand,411.44,411.78268708228376,3,
2023-02-09T17:00:00Z,542,role_flip_retest,supply,411.44,411.78268708228376,3,
2023-02-09T17:00:00Z,547,created,demand,409.93,410.66,1,pivot
2023-02-09T17:00:00Z,547,volume_confluence,demand,409.93,410.66,2,VAH:2023-02-01:410.132500
2023-02-09T17:00:00Z,547,qualified,demand,409.93,410.66,2,pivot|volume_profile
2023-02-09T18:00:00Z,536,touch,demand,407.46,409.4373300797259,5,
2023-02-09T18:00:00Z,536,rejection,demand,407.46,409.4373300797259,5,
2023-02-09T18:00:00Z,542,rejection,supply,411.44,411.78268708228376,3,
2023-02-09T18:00:00Z,547,touch,demand,409.93,410.66,2,
2023-02-09T18:00:00Z,546,merged,supply,414.25937963358984,416.49,3,pivot
2023-02-09T19:00:00Z,538,broken_zone_expired,supply,406.3108519326296,406.53,2,
2023-02-09T19:00:00Z,547,broken,demand,409.93,410.66,2,
2023-02-09T21:00:00Z,508,age_expired,demand,377.83,379.32,4,
2023-02-09T21:00:00Z,536,broken,demand,407.46,409.4373300797259,5,
2023-02-10T16:00:00Z,536,role_flip_retest,supply,407.46,409.4373300797259,5,
2023-02-10T17:00:00Z,536,rejection,supply,407.46,409.4373300797259,5,
2023-02-10T19:00:00Z,536,touch,supply,407.46,409.4373300797259,5,
2023-02-10T19:00:00Z,536,rejection,supply,407.46,409.4373300797259,5,
2023-02-10T19:00:00Z,549,created,demand,405.01,406.2504473230772,1,pivot
2023-02-10T19:00:00Z,549,volume_confluence,demand,405.01,406.2504473230772,2,VAL:2023-02-09:405.992500
2023-02-10T19:00:00Z,549,qualified,demand,405.01,406.2504473230772,2,pivot|volume_profile
2023-02-10T20:00:00Z,536,rejection,supply,407.46,409.4373300797259,5,
2023-02-10T20:00:00Z,549,touch,demand,405.01,406.2504473230772,2,
2023-02-10T20:00:00Z,549,rejection,demand,405.01,406.2504473230772,2,
2023-02-13T15:30:00Z,536,broken,supply,407.46,409.4373300797259,5,
2023-02-13T16:00:00Z,542,touch,supply,411.44,411.78268708228376,3,
2023-02-13T17:00:00Z,542,broken,supply,411.44,411.78268708228376,3,
2023-02-13T19:00:00Z,510,age_expired,demand,385.1514025825087,387.41,4,
2023-02-13T19:00:00Z,542,role_flip_retest,demand,411.44,411.78268708228376,3,
2023-02-13T21:00:00Z,542,rejection,demand,411.44,411.78268708228376,3,
2023-02-14T15:30:00Z,542,rejection,demand,411.44,411.78268708228376,3,
2023-02-14T16:00:00Z,536,role_flip_retest,demand,407.46,409.4373300797259,5,
2023-02-14T16:00:00Z,542,broken,demand,411.44,411.78268708228376,3,
2023-02-14T16:00:00Z,546,touch,supply,414.25937963358984,416.49,3,
2023-02-14T16:00:00Z,546,rejection,supply,414.25937963358984,416.49,3,
2023-02-14T17:00:00Z,536,rejection,demand,407.46,409.4373300797259,5,
2023-02-14T17:00:00Z,542,role_flip_retest,supply,411.44,411.78268708228376,3,
2023-02-14T17:00:00Z,547,role_flip_retest,supply,409.93,410.66,3,
2023-02-14T18:00:00Z,511,age_expired,demand,374.77,375.53,1,
2023-02-14T18:00:00Z,536,rejection,demand,407.46,409.4373300797259,5,
2023-02-14T18:00:00Z,547,broken,supply,409.93,410.66,3,
2023-02-14T19:00:00Z,542,broken,supply,411.44,411.78268708228376,3,
2023-02-14T19:00:00Z,550,created,supply,413.735172076712,415.05,1,pivot
2023-02-14T19:00:00Z,550,volume_confluence,supply,413.735172076712,415.05,2,VAH:2023-02-07:413.330833
2023-02-14T19:00:00Z,550,qualified,supply,413.735172076712,415.05,2,pivot|volume_profile
2023-02-14T20:00:00Z,542,role_flip_retest,demand,411.44,411.78268708228376,3,
2023-02-14T20:00:00Z,536,merged,demand,407.46,409.56,5,pivot
2023-02-15T15:30:00Z,542,broken,demand,411.44,411.78268708228376,3,
2023-02-15T16:00:00Z,536,touch,demand,407.46,409.56,5,
2023-02-15T16:00:00Z,536,rejection,demand,407.46,409.56,5,
2023-02-15T16:00:00Z,542,role_flip_retest,supply,411.44,411.78268708228376,3,
2023-02-15T16:00:00Z,547,role_flip_retest,demand,409.93,410.66,3,
2023-02-15T17:00:00Z,542,broken,supply,411.44,411.78268708228376,3,
2023-02-15T17:00:00Z,547,rejection,demand,409.93,410.66,3,
2023-02-15T19:00:00Z,542,role_flip_retest,demand,411.44,411.78268708228376,3,
2023-02-15T21:00:00Z,550,touch,supply,413.735172076712,415.05,2,
2023-02-16T15:30:00Z,536,touch,demand,407.46,409.56,5,
2023-02-16T15:30:00Z,542,broken,demand,411.44,411.78268708228376,3,
2023-02-16T15:30:00Z,547,broken,demand,409.93,410.66,3,
2023-02-16T16:00:00Z,536,rejection,demand,407.46,409.56,5,
2023-02-16T16:00:00Z,542,role_flip_retest,supply,411.44,411.78268708228376,3,
2023-02-16T17:00:00Z,542,rejection,supply,411.44,411.78268708228376,3,
2023-02-16T17:00:00Z,550,merged,supply,413.71627297077555,415.05,3,pivot
2023-02-16T18:00:00Z,542,broken,supply,411.44,411.78268708228376,3,
2023-02-16T18:00:00Z,536,merged,demand,407.46,409.56,5,pivot
2023-02-16T19:00:00Z,542,role_flip_retest,demand,411.44,411.78268708228376,3,
2023-02-16T21:00:00Z,536,touch,demand,407.46,409.56,5,
2023-02-16T21:00:00Z,542,broken,demand,411.44,411.78268708228376,3,
2023-02-16T21:00:00Z,547,role_flip_retest,supply,409.93,410.66,3,
2023-02-17T15:30:00Z,536,broken,demand,407.46,409.56,5,
2023-02-17T15:30:00Z,549,broken,demand,405.01,406.2504473230772,2,
2023-02-17T16:00:00Z,549,role_flip_retest,supply,405.01,406.2504473230772,3,
2023-02-17T16:00:00Z,554,created,supply,412.18,412.91,1,pivot
2023-02-17T16:00:00Z,554,volume_confluence,supply,412.18,412.91,2,VAH:2023-02-13:412.674375
2023-02-17T16:00:00Z,554,qualified,supply,412.18,412.91,2,pivot|volume_profile
2023-02-17T17:00:00Z,549,rejection,supply,405.01,406.2504473230772,3,
2023-02-17T18:00:00Z,531,touch,demand,402.0,404.07,4,
2023-02-17T18:00:00Z,531,rejection,demand,402.0,404.07,4,
2023-02-17T18:00:00Z,549,rejection,supply,405.01,406.2504473230772,3,
2023-02-17T20:00:00Z,515,age_expired,demand,376.42,376.6927975834531,2,
2023-02-17T20:00:00Z,549,broken,supply,405.01,406.2504473230772,3,
2023-02-17T21:00:00Z,536,role_flip_retest,supply,407.46,409.56,5,
2023-02-17T21:00:00Z,555,created,demand,404.05,404.47,1,pivot
2023-02-17T21:00:00Z,555,volume_confluence,demand,404.05,404.47,2,VAL:2023-02-17:404.266250
2023-02-17T21:00:00Z,555,qualified,demand,404.05,404.47,2,pivot|volume_profile
2023-02-21T15:30:00Z,531,touch,demand,402.0,404.07,4,
2023-02-21T15:30:00Z,555,broken,demand,404.05,404.47,2,
2023-02-21T16:00:00Z,531,broken,demand,402.0,404.07,4,
2023-02-21T17:00:00Z,527,touch,demand,399.03,400.63,5,
2023-02-21T17:00:00Z,556,created,supply,407.2378670690775,407.51,1,pivot
2023-02-21T17:00:00Z,556,volume_confluence,supply,407.2378670690775,407.51,2,VAH:2023-02-10:407.796875
2023-02-21T17:00:00Z,556,qualified,supply,407.2378670690775,407.51,2,pivot|volume_profile
2023-02-21T18:00:00Z,527,rejection,demand,399.03,400.63,5,
2023-02-21T19:00:00Z,516,age_expired,demand,383.87,384.35,3,
2023-02-22T19:00:00Z,557,created,demand,397.62,398.6174048677064,1,pivot
2023-02-22T19:00:00Z,557,volume_confluence,demand,397.62,398.6174048677064,2,VAL:2023-02-21:398.931250
2023-02-22T19:00:00Z,557,qualified,demand,397.62,398.6174048677064,2,pivot|volume_profile
2023-02-22T20:00:00Z,527,broken,demand,399.03,400.63,5,
2023-02-22T20:00:00Z,557,touch,demand,397.62,398.6174048677064,2,
2023-02-22T20:00:00Z,558,created,supply,400.11,400.89,1,order_block
2023-02-22T20:00:00Z,558,volume_confluence,supply,400.11,400.89,2,POC:2023-02-21:400.043750
2023-02-22T20:00:00Z,558,qualified,supply,400.11,400.89,2,order_block|volume_profile
2023-02-23T15:30:00Z,531,role_flip_retest,supply,402.0,404.07,4,
2023-02-23T15:30:00Z,558,broken,supply,400.11,400.89,2,
2023-02-23T16:00:00Z,531,rejection,supply,402.0,404.07,4,
2023-02-23T17:00:00Z,527,role_flip_retest,supply,399.03,400.63,5,
2023-02-23T17:00:00Z,557,broken,demand,397.62,398.6174048677064,2,
2023-02-23T17:00:00Z,559,created,supply,401.56,402.2,1,order_block
2023-02-23T17:00:00Z,559,volume_confluence,supply,401.56,402.2,2,VAH:2023-02-21:401.601250
2023-02-23T17:00:00Z,559,qualified,supply,401.56,402.2,2,order_block|volume_profile
2023-02-23T18:00:00Z,557,role_flip_retest,supply,397.62,398.6174048677064,3,
2023-02-23T18:00:00Z,559,merged,supply,401.56,402.2,3,pivot
2023-02-23T20:00:00Z,527,touch,supply,399.03,400.63,5,
2023-02-23T20:00:00Z,557,broken,supply,397.62,398.6174048677064,3,
2023-02-23T21:00:00Z,559,touch,supply,401.56,402.2,3,
2023-02-23T21:00:00Z,559,rejection,supply,401.56,402.2,3,
2023-02-23T21:00:00Z,561,created,demand,396.25,396.50218875016265,1,pivot
2023-02-24T15:30:00Z,561,broken,demand,396.25,396.50218875016265,1,
2023-02-24T17:00:00Z,561,role_flip_retest,supply,396.25,396.50218875016265,2,
2023-02-24T19:00:00Z,562,created,demand,393.64,394.1,1,pivot
2023-02-24T20:00:00Z,561,broken,supply,396.25,396.50218875016265,2,
2023-02-24T21:00:00Z,562,volume_confluence,demand,393.64,394.1,2,VAL:2023-02-24:394.617708
2023-02-24T21:00:00Z,562,qualified,demand,393.64,394.1,2,pivot|volume_profile
2023-02-27T15:30:00Z,527,touch,supply,399.03,400.63,5,
2023-02-27T16:00:00Z,557,role_flip_retest,demand,397.62,398.6174048677064,3,
2023-02-27T17:00:00Z,527,rejection,supply,399.03,400.63,5,
2023-02-27T18:00:00Z,557,rejection,demand,397.62,398.6174048677064,3,
2023-02-27T19:00:00Z,527,touch,supply,399.03,400.63,5,
2023-02-27T19:00:00Z,527,rejection,supply,399.03,400.63,5,
2023-02-27T19:00:00Z,557,rejection,demand,397.62,398.6174048677064,3,
2023-02-27T19:00:00Z,559,merged,supply,400.33,402.2,4,pivot
2023-02-27T20:00:00Z,527,rejection,supply,399.03,400.63,5,
2023-02-27T20:00:00Z,542,broken_zone_expired,demand,411.44,411.78268708228376,3,
2023-02-28T15:30:00Z,557,broken,demand,397.62,398.6174048677064,3,
2023-02-28T15:30:00Z,561,role_flip_retest,demand,396.25,396.50218875016265,2,
2023-02-28T15:30:00Z,561,volume_confluence,demand,396.25,396.50218875016265,3,VAH:2023-02-24:396.422708
2023-02-28T15:30:00Z,561,qualified,demand,396.25,396.50218875016265,3,pivot|role_flip|volume_profile
2023-02-28T16:00:00Z,557,role_flip_retest,supply,397.62,398.6174048677064,3,
2023-02-28T17:00:00Z,557,rejection,supply,397.62,398.6174048677064,3,
2023-02-28T18:00:00Z,527,touch,supply,399.03,400.63,5,
2023-02-28T18:00:00Z,527,rejection,supply,399.03,400.63,5,
2023-02-28T18:00:00Z,557,broken,supply,397.62,398.6174048677064,3,
2023-02-28T18:00:00Z,561,merged,demand,396.25,397.23,4,pivot
2023-02-28T19:00:00Z,527,rejection,supply,399.03,400.63,5,
2023-02-28T19:00:00Z,549,broken_zone_expired,supply,405.01,406.2504473230772,3,
2023-02-28T20:00:00Z,527,rejection,supply,399.03,400.63,5,
2023-02-28T21:00:00Z,555,broken_zone_expired,demand,404.05,404.47,2,
2023-02-28T21:00:00Z,561,touch,demand,396.25,397.23,4,
2023-03-01T15:30:00Z,561,broken,demand,396.25,397.23,4,
2023-03-01T15:30:00Z,527,merged,supply,398.94,400.63,5,pivot
2023-03-01T16:00:00Z,561,role_flip_retest,supply,396.25,397.23,4,
2023-03-01T16:00:00Z,562,touch,demand,393.64,394.1,2,
2023-03-01T16:00:00Z,562,rejection,demand,393.64,394.1,2,
2023-03-01T17:00:00Z,562,rejection,demand,393.64,394.1,2,
2023-03-01T18:00:00Z,561,touch,supply,396.25,397.23,4,
2023-03-01T18:00:00Z,561,rejection,supply,396.25,397.23,4,
2023-03-01T20:00:00Z,562,touch,demand,393.64,394.1,2,
2023-03-01T20:00:00Z,562,merged,demand,393.38,394.3632714737542,3,pivot
2023-03-01T21:00:00Z,562,rejection,demand,393.38,394.3632714737542,3,
2023-03-02T15:30:00Z,524,age_expired,demand,386.27,387.83,3,
2023-03-02T15:30:00Z,562,broken,demand,393.38,394.3632714737542,3,
2023-03-02T18:00:00Z,567,created,demand,392.33,392.69,1,pivot
2023-03-02T20:00:00Z,561,touch,supply,396.25,397.23,4,
2023-03-02T21:00:00Z,558,broken_zone_expired,supply,400.11,400.89,2,
2023-03-02T21:00:00Z,561,broken,supply,396.25,397.23,4,
2023-03-02T21:00:00Z,567,volume_confluence,demand,392.33,392.69,2,VAL:2023-03-02:392.462500
2023-03-02T21:00:00Z,567,qualified,demand,392.33,392.69,2,pivot|volume_profile
2023-03-03T15:30:00Z,527,touch,supply,398.94,400.63,5,
2023-03-03T15:30:00Z,559,touch,supply,400.33,402.2,4,
2023-03-03T17:00:00Z,527,broken,supply,398.94,400.63,5,
2023-03-03T17:00:00Z,531,touch,supply,402.0,404.07,4,
2023-03-03T17:00:00Z,531,rejection,supply,402.0,404.07,4,
2023-03-03T18:00:00Z,559,broken,supply,400.33,402.2,4,
2023-03-06T15:30:00Z,531,broken,supply,402.0,404.07,4,
2023-03-06T16:00:00Z,556,touch,supply,407.2378670690775,407.51,2,
2023-03-06T16:00:00Z,556,rejection,supply,407.2378670690775,407.51,2,
2023-03-06T17:00:00Z,556,rejection,supply,407.2378670690775,407.51,2,
2023-03-06T18:00:00Z,556,rejection,supply,407.2378670690775,407.51,2,
2023-03-06T20:00:00Z,556,merged,supply,406.79,407.51,3,pivot
2023-03-06T21:00:00Z,531,role_flip_retest,demand,402.0,404.07,4,
2023-03-07T16:00:00Z,531,broken,demand,402.0,404.07,4,
2023-03-07T16:00:00Z,556,merged,supply,406.65,407.51,4,order_block
2023-03-07T18:00:00Z,531,role_flip_retest,supply,402.0,404.07,4,
2023-03-08T15:30:00Z,557,role_flip_retest,demand,397.62,398.6174048677064,3,
2023-03-08T16:00:00Z,561,role_flip_retest,demand,396.25,397.23,4,
2023-03-08T17:00:00Z,557,rejection,demand,397.62,398.6174048677064,3,
2023-03-08T18:00:00Z,561,touch,demand,396.25,397.23,4,
2023-03-08T18:00:00Z,561,rejection,demand,396.25,397.23,4,
2023-03-08T19:00:00Z,557,broken,demand,397.62,398.6174048677064,3,
2023-03-08T20:00:00Z,557,role_flip_retest,supply,397.62,398.6174048677064,3,
2023-03-08T20:00:00Z,561,rejection,demand,396.25,397.23,4,
2023-03-08T21:00:00Z,557,broken,supply,397.62,398.6174048677064,3,
2023-03-08T21:00:00Z,561,rejection,demand,396.25,397.23,4,
2023-03-09T15:30:00Z,527,role_flip_retest,demand,398.94,400.63,5,
2023-03-09T15:30:00Z,561,merged,demand,396.25,397.23,4,pivot
2023-03-09T16:00:00Z,527,age_expired,demand,398.94,400.63,5,
2023-03-09T18:00:00Z,571,created,supply,400.78,401.48,1,pivot
2023-03-09T18:00:00Z,571,volume_confluence,supply,400.78,401.48,2,VAL:2023-03-03:400.949583
2023-03-09T18:00:00Z,571,qualified,supply,400.78,401.48,2,pivot|volume_profile
2023-03-09T19:00:00Z,561,broken,demand,396.25,397.23,4,
2023-03-09T19:00:00Z,571,merged,supply,399.76,401.48,3,order_block
2023-03-09T21:00:00Z,562,broken_zone_expired,demand,393.38,394.3632714737542,3,
2023-03-09T21:00:00Z,567,broken,demand,392.33,392.69,2,
2023-03-10T17:00:00Z,567,role_flip_retest,supply,392.33,392.69,3,
2023-03-10T18:00:00Z,573,created,demand,387.48,388.7473551860424,1,pivot
2023-03-10T19:00:00Z,573,broken,demand,387.48,388.7473551860424,1,
2023-03-10T19:00:00Z,574,created,supply,389.18,391.38,1,order_block
2023-03-10T19:00:00Z,574,volume_confluence,supply,389.18,391.38,2,VAL:2023-03-09:390.758125
2023-03-10T19:00:00Z,574,qualified,supply,389.18,391.38,2,order_block|volume_profile
2023-03-10T20:00:00Z,573,role_flip_retest,supply,387.48,388.7473551860424,2,
2023-03-10T21:00:00Z,573,rejection,supply,387.48,388.7473551860424,2,
2023-03-10T21:00:00Z,573,volume_confluence,supply,387.48,388.7473551860424,3,POC:2023-03-10:387.819167
2023-03-10T21:00:00Z,573,qualified,supply,387.48,388.7473551860424,3,pivot|role_flip|volume_profile
2023-03-13T15:00:00Z,573,touch,supply,387.48,388.7473551860424,3,
2023-03-13T16:00:00Z,559,broken_zone_expired,supply,400.33,402.2,4,
2023-03-13T16:00:00Z,574,touch,supply,389.18,391.38,2,
2023-03-13T16:00:00Z,574,rejection,supply,389.18,391.38,2,
2023-03-13T17:00:00Z,573,rejection,supply,387.48,388.7473551860424,3,
2023-03-13T17:00:00Z,574,rejection,supply,389.18,391.38,2,
2023-03-13T17:00:00Z,575,created,demand,380.65,381.81,1,pivot
2023-03-13T19:00:00Z,574,touch,supply,389.18,391.38,2,
2023-03-13T19:00:00Z,574,rejection,supply,389.18,391.38,2,
2023-03-13T20:00:00Z,573,rejection,supply,387.48,388.7473551860424,3,
2023-03-13T20:00:00Z,574,merged,supply,388.85,391.38,3,pivot
2023-03-14T14:30:00Z,573,broken,supply,387.48,388.7473551860424,3,
2023-03-14T14:30:00Z,574,touch,supply,388.85,391.38,3,
2023-03-14T15:00:00Z,567,touch,supply,392.33,392.69,3,
2023-03-14T15:00:00Z,567,rejection,supply,392.33,392.69,3,
2023-03-14T15:00:00Z,574,broken,supply,388.85,391.38,3,
2023-03-14T17:00:00Z,531,age_expired,supply,402.0,404.07,4,
2023-03-14T17:00:00Z,567,rejection,supply,392.33,392.69,3,
2023-03-14T17:00:00Z,574,role_flip_retest,demand,388.85,391.38,4,
2023-03-14T18:00:00Z,573,role_flip_retest,demand,387.48,388.7473551860424,3,
2023-03-14T19:00:00Z,573,rejection,demand,387.48,388.7473551860424,3,
2023-03-14T19:00:00Z,567,merged,supply,392.33,393.45,4,pivot
2023-03-14T20:00:00Z,573,rejection,demand,387.48,388.7473551860424,3,
2023-03-14T20:00:00Z,574,rejection,demand,388.85,391.38,4,
2023-03-15T14:30:00Z,573,broken,demand,387.48,388.7473551860424,3,
2023-03-15T14:30:00Z,574,broken,demand,388.85,391.38,4,
2023-03-15T19:00:00Z,574,role_flip_retest,supply,388.85,391.38,4,
2023-03-15T20:00:00Z,578,created,demand,383.71,384.14,1,pivot
2023-03-15T20:00:00Z,578,volume_confluence,demand,383.71,384.14,2,VAL:2023-03-15:384.552917
2023-03-15T20:00:00Z,578,qualified,demand,383.71,384.14,2,pivot|volume_profile
2023-03-16T15:00:00Z,574,broken,supply,388.85,391.38,4,
2023-03-16T16:00:00Z,567,broken,supply,392.33,393.45,4,
2023-03-16T16:00:00Z,574,role_flip_retest,demand,388.85,391.38,4,
2023-03-16T17:00:00Z,567,role_flip_retest,demand,392.33,393.45,4,
2023-03-16T19:00:00Z,557,broken_zone_expired,supply,397.62,398.6174048677064,3,
2023-03-16T20:00:00Z,561,role_flip_retest,supply,396.25,397.23,4,
2023-03-17T14:30:00Z,567,touch,demand,392.33,393.45,4,
2023-03-17T15:00:00Z,567,broken,demand,392.33,393.45,4,
2023-03-17T15:00:00Z,574,touch,demand,388.85,391.38,4,
2023-03-17T16:00:00Z,561,merged,supply,396.03,397.23,4,pivot
2023-03-20T14:30:00Z,574,rejection,demand,388.85,391.38,4,
2023-03-20T15:00:00Z,574,rejection,demand,388.85,391.38,4,
2023-03-20T15:00:00Z,580,created,demand,388.55,389.65,1,pivot
2023-03-20T15:00:00Z,580,volume_confluence,demand,388.55,389.65,2,VAH:2023-03-13:388.969583
2023-03-20T15:00:00Z,580,qualified,demand,388.55,389.65,2,pivot|volume_profile
2023-03-20T17:00:00Z,574,touch,demand,388.85,391.38,4,
2023-03-20T17:00:00Z,574,rejection,demand,388.85,391.38,4,
2023-03-20T19:00:00Z,536,age_expired,supply,407.46,409.56,5,
2023-03-20T19:00:00Z,581,created,supply,393.04,394.17,1,pivot
2023-03-20T19:00:00Z,581,volume_confluence,supply,393.04,394.17,2,VAH:2023-03-14:392.783333
2023-03-20T19:00:00Z,581,qualified,supply,393.04,394.17,2,pivot|volume_profile
2023-03-20T20:00:00Z,581,touch,supply,393.04,394.17,2,
2023-03-21T14:30:00Z,561,broken,supply,396.03,397.23,4,
2023-03-21T14:30:00Z,581,broken,supply,393.04,394.17,2,
2023-03-21T18:00:00Z,582,created,supply,397.87,398.34,1,pivot
2023-03-21T19:00:00Z,561,role_flip_retest,demand,396.03,397.23,4,
2023-03-21T19:00:00Z,582,touch,supply,397.87,398.34,1,
2023-03-21T19:00:00Z,582,rejection,supply,397.87,398.34,1,
2023-03-21T20:00:00Z,582,broken,supply,397.87,398.34,1,
2023-03-22T14:30:00Z,582,role_flip_retest,demand,397.87,398.34,2,
2023-03-22T14:30:00Z,582,volume_confluence,demand,397.87,398.34,3,VAH:2023-03-21:398.213125
2023-03-22T14:30:00Z,582,qualified,demand,397.87,398.34,3,pivot|role_flip|volume_profile
2023-03-22T15:00:00Z,571,touch,supply,399.76,401.48,3,
2023-03-22T15:00:00Z,571,rejection,supply,399.76,401.48,3,
2023-03-22T15:00:00Z,582,rejection,demand,397.87,398.34,3,
2023-03-22T17:00:00Z,582,touch,demand,397.87,398.34,3,
2023-03-22T18:00:00Z,582,rejection,demand,397.87,398.34,3,
2023-03-22T18:00:00Z,583,created,supply,399.25,399.88,1,pivot
2023-03-22T19:00:00Z,571,touch,supply,399.76,401.48,3,
2023-03-22T19:00:00Z,571,rejection,supply,399.76,401.48,3,
2023-03-22T19:00:00Z,582,rejection,demand,397.87,398.34,3,
2023-03-22T19:00:00Z,583,touch,supply,399.25,399.88,1,
2023-03-22T19:00:00Z,583,rejection,supply,399.25,399.88,1,
2023-03-22T20:00:00Z,561,broken,demand,396.03,397.23,4,
2023-03-22T20:00:00Z,567,role_flip_retest,supply,392.33,393.45,4,
2023-03-22T20:00:00Z,571,rejection,supply,399.76,401.48,3,
2023-03-22T20:00:00Z,573,broken_zone_expired,demand,387.48,388.7473551860424,3,
2023-03-22T20:00:00Z,582,broken,demand,397.87,398.34,3,
2023-03-22T20:00:00Z,583,rejection,supply,399.25,399.88,1,
2023-03-22T20:00:00Z,583,merged,supply,397.94,399.88,2,order_block
2023-03-22T20:00:00Z,583,qualified,supply,397.94,399.88,2,order_block|pivot
2023-03-22T20:00:00Z,583,volume_confluence,supply,397.94,399.88,3,VAH:2023-03-21:398.213125
2023-03-23T14:30:00Z,561,role_flip_retest,supply,396.03,397.23,4,
2023-03-23T14:30:00Z,567,broken,supply,392.33,393.45,4,
2023-03-23T15:00:00Z,561,broken,supply,396.03,397.23,4,
2023-03-23T15:00:00Z,583,touch,supply,397.94,399.88,3,
2023-03-23T15:00:00Z,585,created,supply,401.02381346712076,402.49,1,pivot
2023-03-23T15:00:00Z,585,volume_confluence,supply,401.02381346712076,402.49,2,VAH:2023-03-22:401.404583
2023-03-23T15:00:00Z,585,qualified,supply,401.02381346712076,402.49,2,pivot|volume_profile
2023-03-23T16:00:00Z,586,created,demand,392.07,392.3800741547132,1,pivot
2023-03-23T16:00:00Z,586,volume_confluence,demand,392.07,392.3800741547132,2,VAL:2023-03-20:392.034583
2023-03-23T16:00:00Z,586,qualified,demand,392.07,392.3800741547132,2,pivot|volume_profile
2023-03-23T17:00:00Z,582,role_flip_retest,supply,397.87,398.34,3,
2023-03-23T17:00:00Z,583,rejection,supply,397.94,399.88,3,
2023-03-23T19:00:00Z,574,touch,demand,388.85,391.38,4,
2023-03-23T19:00:00Z,574,rejection,demand,388.85,391.38,4,
2023-03-23T19:00:00Z,586,touch,demand,392.07,392.3800741547132,2,
2023-03-23T20:00:00Z,574,rejection,demand,388.85,391.38,4,
2023-03-23T20:00:00Z,586,rejection,demand,392.07,392.3800741547132,2,
2023-03-24T14:30:00Z,574,rejection,demand,388.85,391.38,4,
2023-03-24T14:30:00Z,580,touch,demand,388.55,389.65,2,
2023-03-24T14:30:00Z,580,rejection,demand,388.55,389.65,2,
2023-03-24T14:30:00Z,586,broken,demand,392.07,392.3800741547132,2,
2023-03-24T15:00:00Z,574,rejection,demand,388.85,391.38,4,
2023-03-24T15:00:00Z,586,role_flip_retest,supply,392.07,392.3800741547132,3,
2023-03-24T16:00:00Z,574,rejection,demand,388.85,391.38,4,
2023-03-24T16:00:00Z,586,broken,supply,392.07,392.3800741547132,3,
2023-03-24T17:00:00Z,586,role_flip_retest,demand,392.07,392.3800741547132,3,
2023-03-24T17:00:00Z,574,merged,demand,388.85,391.38,5,pivot
2023-03-24T18:00:00Z,541,age_expired,supply,417.9603936797182,418.31,2,
2023-03-24T18:00:00Z,567,role_flip_retest,demand,392.33,393.45,4,
2023-03-24T19:00:00Z,567,rejection,demand,392.33,393.45,4,
2023-03-24T19:00:00Z,581,role_flip_retest,demand,393.04,394.17,3,
2023-03-24T20:00:00Z,581,rejection,demand,393.04,394.17,3,
2023-03-27T14:30:00Z,582,touch,supply,397.87,398.34,3,
2023-03-27T14:30:00Z,583,touch,supply,397.94,399.88,3,
2023-03-27T15:00:00Z,582,rejection,supply,397.87,398.34,3,
2023-03-27T15:00:00Z,583,rejection,supply,397.94,399.88,3,
2023-03-27T17:00:00Z,583,merged,supply,397.94,399.88,4,pivot
2023-03-27T19:00:00Z,561,role_flip_retest,demand,396.03,397.23,4,
2023-03-27T19:00:00Z,582,touch,supply,397.87,398.34,3,
2023-03-27T19:00:00Z,583,touch,supply,397.94,399.88,4,
2023-03-27T20:00:00Z,582,rejection,supply,397.87,398.34,3,
2023-03-27T20:00:00Z,583,rejection,supply,397.94,399.88,4,
2023-03-28T14:30:00Z,561,broken,demand,396.03,397.23,4,
2023-03-28T15:00:00Z,561,role_flip_retest,supply,396.03,397.23,4,
2023-03-28T16:00:00Z,582,merged,supply,397.87,398.34,4,pivot
2023-03-28T17:00:00Z,561,rejection,supply,396.03,397.23,4,
2023-03-28T18:00:00Z,581,touch,demand,393.04,394.17,3,
2023-03-28T19:00:00Z,581,rejection,demand,393.04,394.17,3,
2023-03-29T14:30:00Z,561,broken,supply,396.03,397.23,4,
2023-03-29T14:30:00Z,571,touch,supply,399.76,401.48,3,
2023-03-29T14:30:00Z,582,broken,supply,397.87,398.34,4,
2023-03-29T14:30:00Z,583,touch,supply,397.94,399.88,4,
2023-03-29T14:30:00Z,581,merged,demand,393.04,394.17,4,pivot
2023-03-29T15:00:00Z,571,rejection,supply,399.76,401.48,3,
2023-03-29T17:00:00Z,571,rejection,supply,399.76,401.48,3,
2023-03-29T18:00:00Z,571,rejection,supply,399.76,401.48,3,
2023-03-29T19:00:00Z,546,age_expired,supply,414.25937963358984,416.49,3,
2023-03-29T19:00:00Z,583,broken,supply,397.94,399.88,4,
2023-03-29T20:00:00Z,585,touch,supply,401.02381346712076,402.49,2,
2023-03-30T14:30:00Z,571,broken,supply,399.76,401.48,3,
2023-03-30T14:30:00Z,585,broken,supply,401.02381346712076,402.49,2,
2023-03-30T18:00:00Z,591,created,supply,404.08,404.35,1,pivot
2023-03-30T19:00:00Z,547,age_expired,supply,409.93,410.66,3,
2023-03-30T19:00:00Z,585,role_flip_retest,demand,401.02381346712076,402.49,3,
2023-03-30T20:00:00Z,591,volume_confluence,supply,404.08,404.35,2,VAH:2023-03-30:403.972292
2023-03-30T20:00:00Z,591,qualified,supply,404.08,404.35,2,pivot|volume_profile
2023-03-31T14:30:00Z,591,broken,supply,404.08,404.35,2,
2023-03-31T16:00:00Z,556,touch,supply,406.65,407.51,4,
2023-03-31T20:00:00Z,556,broken,supply,406.65,407.51,4,
2023-03-31T20:00:00Z,592,created,demand,406.68,407.23,1,order_block
2023-03-31T20:00:00Z,592,volume_confluence,demand,406.68,407.23,2,VAL:2023-03-31:406.588542
2023-03-31T20:00:00Z,592,qualified,demand,406.68,407.23,2,order_block|volume_profile
2023-04-03T18:00:00Z,593,created,supply,410.58652450403633,411.37,1,pivot
2023-04-03T20:00:00Z,593,touch,supply,410.58652450403633,411.37,1,
2023-04-03T20:00:00Z,593,volume_confluence,supply,410.58652450403633,411.37,2,VAH:2023-04-03:410.576458
2023-04-03T20:00:00Z,593,qualified,supply,410.58652450403633,411.37,2,pivot|volume_profile
2023-04-04T15:00:00Z,593,rejection,supply,410.58652450403633,411.37,2,
2023-04-04T17:00:00Z,556,role_flip_retest,demand,406.65,407.51,5,
2023-04-04T18:00:00Z,593,merged,supply,410.58652450403633,411.92,3,pivot
2023-04-04T20:00:00Z,556,touch,demand,406.65,407.51,5,
2023-04-04T20:00:00Z,556,rejection,demand,406.65,407.51,5,
2023-04-04T20:00:00Z,556,merged,demand,406.65,408.0087076045807,5,pivot
2023-04-05T14:30:00Z,550,age_expired,supply,413.71627297077555,415.05,3,
2023-04-05T14:30:00Z,556,rejection,demand,406.65,408.0087076045807,5,
2023-04-05T15:00:00Z,556,broken,demand,406.65,408.0087076045807,5,
2023-04-05T15:00:00Z,592,broken,demand,406.68,407.23,2,
2023-04-05T15:00:00Z,596,created,supply,407.89,408.62,1,order_block
2023-04-05T15:00:00Z,596,volume_confluence,supply,407.89,408.62,2,POC:2023-04-04:408.117500
2023-04-05T15:00:00Z,596,qualified,supply,407.89,408.62,2,order_block|volume_profile
2023-04-05T17:00:00Z,556,role_flip_retest,supply,406.65,408.0087076045807,5,
2023-04-05T17:00:00Z,592,role_flip_retest,supply,406.68,407.23,3,
2023-04-05T19:00:00Z,592,broken,supply,406.68,407.23,3,
2023-04-05T20:00:00Z,561,broken_zone_expired,supply,396.03,397.23,4,
2023-04-05T20:00:00Z,582,broken_zone_expired,supply,397.87,398.34,4,
2023-04-05T20:00:00Z,592,role_flip_retest,demand,406.68,407.23,3,
2023-04-05T20:00:00Z,597,created,demand,405.88,406.16,1,pivot
2023-04-05T20:00:00Z,597,volume_confluence,demand,405.88,406.16,2,VAL:2023-04-05:406.408750
2023-04-05T20:00:00Z,597,qualified,demand,405.88,406.16,2,pivot|volume_profile
2023-04-06T14:30:00Z,556,rejection,supply,406.65,408.0087076045807,5,
2023-04-06T14:30:00Z,592,broken,demand,406.68,407.23,3,
2023-04-06T14:30:00Z,597,touch,demand,405.88,406.16,2,
2023-04-06T15:00:00Z,556,rejection,supply,406.65,408.0087076045807,5,
2023-04-06T15:00:00Z,592,role_flip_retest,supply,406.68,407.23,3,
2023-04-06T15:00:00Z,597,rejection,demand,405.88,406.16,2,
2023-04-06T16:00:00Z,556,broken,supply,406.65,408.0087076045807,5,
2023-04-06T16:00:00Z,592,broken,supply,406.68,407.23,3,
2023-04-06T16:00:00Z,596,touch,supply,407.89,408.62,2,
2023-04-06T17:00:00Z,597,merged,demand,405.67,406.16,3,pivot
2023-04-06T18:00:00Z,583,broken_zone_expired,supply,397.94,399.88,4,
2023-04-06T18:00:00Z,596,broken,supply,407.89,408.62,2,
2023-04-06T20:00:00Z,571,broken_zone_expired,supply,399.76,401.48,3,
2023-04-06T20:00:00Z,596,role_flip_retest,demand,407.89,408.62,3,
2023-04-10T14:30:00Z,596,broken,demand,407.89,408.62,3,
2023-04-10T14:30:00Z,597,touch,demand,405.67,406.16,3,
2023-04-10T14:30:00Z,597,rejection,demand,405.67,406.16,3,
2023-04-10T15:00:00Z,597,rejection,demand,405.67,406.16,3,
2023-04-10T15:00:00Z,599,created,supply,408.93,409.48,1,pivot
2023-04-10T15:00:00Z,599,volume_confluence,supply,408.93,409.48,2,POC:2023-04-03:409.233542
2023-04-10T15:00:00Z,599,qualified,supply,408.93,409.48,2,pivot|volume_profile
2023-04-10T17:00:00Z,556,role_flip_retest,demand,406.65,408.0087076045807,5,
2023-04-10T17:00:00Z,592,role_flip_retest,demand,406.68,407.23,3,
2023-04-10T17:00:00Z,597,merged,demand,405.67,406.2,3,pivot
2023-04-10T18:00:00Z,554,age_expired,supply,412.18,412.91,2,
2023-04-10T19:00:00Z,599,touch,supply,408.93,409.48,2,
2023-04-10T20:00:00Z,591,broken_zone_expired,supply,404.08,404.35,2,
2023-04-10T20:00:00Z,599,broken,supply,408.93,409.48,2,
2023-04-11T14:30:00Z,599,role_flip_retest,demand,408.93,409.48,3,
2023-04-11T16:00:00Z,599,rejection,demand,408.93,409.48,3,
2023-04-11T18:00:00Z,593,touch,supply,410.58652450403633,411.92,3,
2023-04-11T19:00:00Z,556,age_expired,demand,406.65,408.0087076045807,5,
2023-04-11T20:00:00Z,593,rejection,supply,410.58652450403633,411.92,3,
2023-04-11T20:00:00Z,599,touch,demand,408.93,409.48,3,
2023-04-11T20:00:00Z,599,rejection,demand,408.93,409.48,3,
2023-04-12T15:00:00Z,593,rejection,supply,410.58652450403633,411.92,3,
2023-04-12T15:00:00Z,599,touch,demand,408.93,409.48,3,
2023-04-12T16:00:00Z,599,rejection,demand,408.93,409.48,3,
2023-04-12T17:00:00Z,593,touch,supply,410.58652450403633,411.92,3,
2023-04-12T17:00:00Z,601,created,supply,411.87,412.17,1,pivot
2023-04-12T19:00:00Z,593,rejection,supply,410.58652450403633,411.92,3,
2023-04-12T19:00:00Z,599,touch,demand,408.93,409.48,3,
2023-04-12T19:00:00Z,599,merged,demand,408.23,409.48,4,pivot
2023-04-12T20:00:00Z,599,broken,demand,408.23,409.48,4,
2023-04-12T20:00:00Z,601,volume_confluence,supply,411.87,412.17,2,VAH:2023-04-12:411.480208
2023-04-12T20:00:00Z,601,qualified,supply,411.87,412.17,2,pivot|volume_profile
2023-04-13T15:00:00Z,593,touch,supply,410.58652450403633,411.92,3,
2023-04-13T15:00:00Z,593,rejection,supply,410.58652450403633,411.92,3,
2023-04-13T16:00:00Z,592,merged,demand,406.68,408.07,4,pivot
2023-04-13T18:00:00Z,593,broken,supply,410.58652450403633,411.92,3,
2023-04-13T18:00:00Z,601,broken,supply,411.87,412.17,2,
2023-04-14T14:30:00Z,604,created,demand,413.13,413.56,1,order_block
2023-04-14T14:30:00Z,604,volume_confluence,demand,413.13,413.56,2,POC:2023-04-13:413.090417
2023-04-14T14:30:00Z,604,qualified,demand,413.13,413.56,2,order_block|volume_profile
2023-04-14T15:00:00Z,593,role_flip_retest,demand,410.58652450403633,411.92,4,
2023-04-14T15:00:00Z,601,role_flip_retest,demand,411.87,412.17,3,
2023-04-14T15:00:00Z,604,broken,demand,413.13,413.56,2,
2023-04-14T16:00:00Z,601,broken,demand,411.87,412.17,3,
2023-04-14T17:00:00Z,593,broken,demand,410.58652450403633,411.92,4,
2023-04-14T17:00:00Z,605,created,supply,414.83,415.09,1,pivot
2023-04-17T14:30:00Z,604,role_flip_retest,supply,413.13,413.56,3,
2023-04-17T14:30:00Z,606,created,demand,410.06,410.35,1,pivot
2023-04-17T14:30:00Z,606,volume_confluence,demand,410.06,410.35,2,POC:2023-04-12:410.494792
2023-04-17T14:30:00Z,606,qualified,demand,410.06,410.35,2,pivot|volume_profile
2023-04-17T15:00:00Z,604,rejection,supply,413.13,413.56,3,
2023-04-17T16:00:00Z,601,role_flip_retest,supply,411.87,412.17,3,
2023-04-17T17:00:00Z,601,rejection,supply,411.87,412.17,3,
2023-04-17T17:00:00Z,604,merged,supply,412.68,413.56,4,pivot
2023-04-17T18:00:00Z,601,rejection,supply,411.87,412.17,3,
2023-04-17T19:00:00Z,601,broken,supply,411.87,412.17,3,
2023-04-17T19:00:00Z,604,touch,supply,412.68,413.56,4,
2023-04-17T20:00:00Z,596,broken_zone_expired,demand,407.89,408.62,3,
2023-04-17T20:00:00Z,604,broken,supply,412.68,413.56,4,
2023-04-18T14:30:00Z,605,touch,supply,414.83,415.09,1,
2023-04-18T14:30:00Z,605,rejection,supply,414.83,415.09,1,
2023-04-18T15:00:00Z,608,created,demand,411.08,411.32,1,pivot
2023-04-18T15:00:00Z,608,volume_confluence,demand,411.08,411.32,2,VAH:2023-04-12:411.480208
2023-04-18T15:00:00Z,608,qualified,demand,411.08,411.32,2,pivot|volume_profile
2023-04-18T17:00:00Z,604,role_flip_retest,demand,412.68,413.56,4,
2023-04-18T17:00:00Z,609,created,supply,415.548758394913,415.72,1,pivot
2023-04-18T18:00:00Z,604,rejection,demand,412.68,413.56,4,
2023-04-18T19:00:00Z,604,rejection,demand,412.68,413.56,4,
2023-04-18T20:00:00Z,605,volume_confluence,supply,414.83,415.09,2,VAH:2023-04-18:414.556250
2023-04-18T20:00:00Z,605,qualified,supply,414.83,415.09,2,pivot|volume_profile
2023-04-19T14:30:00Z,601,role_flip_retest,demand,411.87,412.17,3,
2023-04-19T14:30:00Z,604,broken,demand,412.68,413.56,4,
2023-04-19T17:00:00Z,601,merged,demand,411.87,412.3165147479237,4,pivot
2023-04-19T19:00:00Z,605,touch,supply,414.83,415.09,2,
2023-04-19T19:00:00Z,605,rejection,supply,414.83,415.09,2,
2023-04-20T14:30:00Z,601,broken,demand,411.87,412.3165147479237,4,
2023-04-20T14:30:00Z,608,touch,demand,411.08,411.32,2,
2023-04-20T14:30:00Z,608,rejection,demand,411.08,411.32,2,
2023-04-20T15:00:00Z,605,merged,supply,414.54,415.09,3,pivot
2023-04-20T16:00:00Z,604,role_flip_retest,supply,412.68,413.56,4,
2023-04-20T17:00:00Z,608,merged,demand,411.08,411.32,3,pivot
2023-04-20T19:00:00Z,599,broken_zone_expired,demand,408.23,409.48,4,
2023-04-20T19:00:00Z,601,role_flip_retest,supply,411.87,412.3165147479237,4,
2023-04-20T19:00:00Z,604,rejection,supply,412.68,413.56,4,
2023-04-20T19:00:00Z,608,touch,demand,411.08,411.32,3,
2023-04-20T19:00:00Z,608,rejection,demand,411.08,411.32,3,
2023-04-20T20:00:00Z,567,age_expired,demand,392.33,393.45,4,
2023-04-20T20:00:00Z,606,touch,demand,410.06,410.35,2,
2023-04-20T20:00:00Z,606,rejection,demand,410.06,410.35,2,
2023-04-20T20:00:00Z,608,rejection,demand,411.08,411.32,3,
2023-04-21T14:30:00Z,601,rejection,supply,411.87,412.3165147479237,4,
2023-04-21T14:30:00Z,608,broken,demand,411.08,411.32,3,
2023-04-21T15:00:00Z,601,rejection,supply,411.87,412.3165147479237,4,
2023-04-21T15:00:00Z,606,touch,demand,410.06,410.35,2,
2023-04-21T15:00:00Z,606,rejection,demand,410.06,410.35,2,
2023-04-21T15:00:00Z,608,role_flip_retest,supply,411.08,411.32,4,
2023-04-21T16:00:00Z,601,rejection,supply,411.87,412.3165147479237,4,
2023-04-21T16:00:00Z,608,broken,supply,411.08,411.32,4,
2023-04-21T17:00:00Z,601,rejection,supply,411.87,412.3165147479237,4,
2023-04-21T17:00:00Z,608,role_flip_retest,demand,411.08,411.32,4,
2023-04-21T18:00:00Z,606,merged,demand,410.06,410.82,3,pivot
2023-04-21T19:00:00Z,604,touch,supply,412.68,413.56,4,
2023-04-21T19:00:00Z,604,rejection,supply,412.68,413.56,4,
2023-04-24T14:30:00Z,601,broken,supply,411.87,412.3165147479237,4,
2023-04-24T14:30:00Z,604,touch,supply,412.68,413.56,4,
2023-04-24T15:00:00Z,604,rejection,supply,412.68,413.56,4,
2023-04-24T16:00:00Z,593,broken_zone_expired,demand,410.58652450403633,411.92,4,
2023-04-24T16:00:00Z,606,touch,demand,410.06,410.82,3,
2023-04-24T16:00:00Z,606,rejection,demand,410.06,410.82,3,
2023-04-24T16:00:00Z,608,broken,demand,411.08,411.32,4,
2023-04-24T17:00:00Z,606,rejection,demand,410.06,410.82,3,
2023-04-24T18:00:00Z,604,merged,supply,412.68,413.56,5,pivot
2023-04-24T20:00:00Z,601,role_flip_retest,demand,411.87,412.3165147479237,4,
2023-04-24T20:00:00Z,606,merged,demand,410.06,410.92,3,pivot
2023-04-25T14:30:00Z,601,broken,demand,411.87,412.3165147479237,4,
2023-04-25T14:30:00Z,606,touch,demand,410.06,410.92,3,
2023-04-25T14:30:00Z,608,role_flip_retest,supply,411.08,411.32,4,
2023-04-25T15:00:00Z,606,broken,demand,410.06,410.92,3,
2023-04-25T16:00:00Z,606,role_flip_retest,supply,410.06,410.92,4,
2023-04-25T18:00:00Z,592,touch,demand,406.68,408.07,4,
2023-04-25T18:00:00Z,616,created,supply,412.1,412.64,1,order_block
2023-04-25T18:00:00Z,616,volume_confluence,supply,412.1,412.64,2,VAH:2023-04-21:412.313958
2023-04-25T18:00:00Z,616,qualified,supply,412.1,412.64,2,order_block|volume_profile
2023-04-25T20:00:00Z,592,broken,demand,406.68,408.07,4,
2023-04-25T20:00:00Z,597,touch,demand,405.67,406.2,3,
2023-04-26T15:00:00Z,592,role_flip_retest,supply,406.68,408.07,4,
2023-04-26T15:00:00Z,597,touch,demand,405.67,406.2,3,
2023-04-26T15:00:00Z,597,rejection,demand,405.67,406.2,3,
2023-04-26T18:00:00Z,592,rejection,supply,406.68,408.07,4,
2023-04-26T18:00:00Z,597,broken,demand,405.67,406.2,3,
2023-04-26T20:00:00Z,617,created,supply,407.33,407.84,1,pivot
2023-04-26T20:00:00Z,617,volume_confluence,supply,407.33,407.84,2,VAH:2023-04-26:407.586250
2023-04-26T20:00:00Z,617,qualified,supply,407.33,407.84,2,pivot|volume_profile
2023-04-27T14:30:00Z,592,touch,supply,406.68,408.07,4,
2023-04-27T14:30:00Z,617,touch,supply,407.33,407.84,2,
2023-04-27T16:00:00Z,592,broken,supply,406.68,408.07,4,
2023-04-27T16:00:00Z,617,broken,supply,407.33,407.84,2,
2023-04-27T16:00:00Z,618,created,demand,403.78,404.37,1,pivot
2023-04-27T16:00:00Z,618,volume_confluence,demand,403.78,404.37,2,VAL:2023-04-26:404.710417
2023-04-27T16:00:00Z,618,qualified,demand,403.78,404.37,2,pivot|volume_profile
2023-04-27T18:00:00Z,606,touch,supply,410.06,410.92,4,
2023-04-27T18:00:00Z,608,touch,supply,411.08,411.32,4,
2023-04-27T18:00:00Z,608,rejection,supply,411.08,411.32,4,
2023-04-27T19:00:00Z,606,broken,supply,410.06,410.92,4,
2023-04-27T19:00:00Z,608,broken,supply,411.08,411.32,4,
2023-04-27T19:00:00Z,616,touch,supply,412.1,412.64,2,
2023-04-27T20:00:00Z,604,touch,supply,412.68,413.56,5,
2023-04-27T20:00:00Z,604,rejection,supply,412.68,413.56,5,
2023-04-28T14:30:00Z,604,rejection,supply,412.68,413.56,5,
2023-04-28T15:00:00Z,605,touch,supply,414.54,415.09,3,
2023-04-28T15:00:00Z,605,rejection,supply,414.54,415.09,3,
2023-04-28T15:00:00Z,616,broken,supply,412.1,412.64,2,
2023-04-28T16:00:00Z,604,broken,supply,412.68,413.56,5,
2023-04-28T16:00:00Z,616,role_flip_retest,demand,412.1,412.64,3,
2023-04-28T17:00:00Z,605,broken,supply,414.54,415.09,3,
2023-04-28T18:00:00Z,609,touch,supply,415.548758394913,415.72,1,
2023-04-28T18:00:00Z,609,rejection,supply,415.548758394913,415.72,1,
2023-04-28T20:00:00Z,605,role_flip_retest,demand,414.54,415.09,4,
2023-04-28T20:00:00Z,609,broken,supply,415.548758394913,415.72,1,
2023-05-01T14:30:00Z,574,age_expired,demand,388.85,391.38,5,
2023-05-01T14:30:00Z,609,role_flip_retest,demand,415.548758394913,415.72,2,
2023-05-01T14:30:00Z,609,volume_confluence,demand,415.548758394913,415.72,3,VAH:2023-04-28:415.846042
2023-05-01T14:30:00Z,609,qualified,demand,415.548758394913,415.72,3,pivot|role_flip|volume_profile
2023-05-01T16:00:00Z,609,touch,demand,415.548758394913,415.72,3,
2023-05-01T16:00:00Z,609,rejection,demand,415.548758394913,415.72,3,
2023-05-01T19:00:00Z,609,touch,demand,415.548758394913,415.72,3,
2023-05-01T19:00:00Z,609,rejection,demand,415.548758394913,415.72,3,
2023-05-01T20:00:00Z,575,age_expired,demand,380.65,381.81,1,
2023-05-01T20:00:00Z,619,created,supply,417.16,417.62,1,pivot
2023-05-01T20:00:00Z,619,volume_confluence,supply,417.16,417.62,2,VAH:2023-05-01:416.882500
2023-05-01T20:00:00Z,619,qualified,supply,417.16,417.62,2,pivot|volume_profile
2023-05-02T14:30:00Z,605,broken,demand,414.54,415.09,4,
2023-05-02T14:30:00Z,609,broken,demand,415.548758394913,415.72,3,
2023-05-02T15:00:00Z,601,role_flip_retest,supply,411.87,412.3165147479237,4,
2023-05-02T15:00:00Z,616,broken,demand,412.1,412.64,3,
2023-05-02T15:00:00Z,619,merged,supply,416.33,417.62,3,order_block
2023-05-02T16:00:00Z,592,role_flip_retest,demand,406.68,408.07,4,
2023-05-02T16:00:00Z,617,role_flip_retest,demand,407.33,407.84,3,
2023-05-02T19:00:00Z,606,role_flip_retest,demand,410.06,410.92,4,
2023-05-02T19:00:00Z,617,merged,demand,407.33,408.71,4,pivot
2023-05-03T14:30:00Z,601,touch,supply,411.87,412.3165147479237,4,
2023-05-03T14:30:00Z,608,role_flip_retest,demand,411.08,411.32,4,
2023-05-03T15:00:00Z,601,rejection,supply,411.87,412.3165147479237,4,
2023-05-03T15:00:00Z,606,touch,demand,410.06,410.92,4,
2023-05-03T15:00:00Z,608,broken,demand,411.08,411.32,4,
2023-05-03T15:00:00Z,616,role_flip_retest,supply,412.1,412.64,3,
2023-05-03T16:00:00Z,606,rejection,demand,410.06,410.92,4,
2023-05-03T17:00:00Z,601,touch,supply,411.87,412.3165147479237,4,
2023-05-03T17:00:00Z,616,touch,supply,412.1,412.64,3,
2023-05-03T17:00:00Z,616,merged,supply,412.1,412.65,4,pivot
2023-05-03T19:00:00Z,606,touch,demand,410.06,410.92,4,
2023-05-03T19:00:00Z,606,rejection,demand,410.06,410.92,4,
2023-05-03T20:00:00Z,592,touch,demand,406.68,408.07,4,
2023-05-03T20:00:00Z,601,rejection,supply,411.87,412.3165147479237,4,
2023-05-03T20:00:00Z,606,broken,demand,410.06,410.92,4,
2023-05-03T20:00:00Z,608,role_flip_retest,supply,411.08,411.32,4,
2023-05-03T20:00:00Z,616,rejection,supply,412.1,412.65,4,
2023-05-03T20:00:00Z,617,touch,demand,407.33,408.71,4,
2023-05-03T20:00:00Z,616,merged,supply,412.1,413.87,4,order_block
2023-05-04T14:30:00Z,592,broken,demand,406.68,408.07,4,
2023-05-04T14:30:00Z,597,role_flip_retest,supply,405.67,406.2,4,
2023-05-04T14:30:00Z,617,broken,demand,407.33,408.71,4,
2023-05-04T15:00:00Z,597,rejection,supply,405.67,406.2,4,
2023-05-04T15:00:00Z,618,touch,demand,403.78,404.37,2,
2023-05-04T15:00:00Z,618,rejection,demand,403.78,404.37,2,
2023-05-04T15:00:00Z,616,merged,supply,412.1,413.87,5,pivot
2023-05-04T16:00:00Z,578,age_expired,demand,383.71,384.14,2,
2023-05-04T16:00:00Z,597,rejection,supply,405.67,406.2,4,
2023-05-04T17:00:00Z,618,rejection,demand,403.78,404.37,2,
2023-05-04T18:00:00Z,592,role_flip_retest,supply,406.68,408.07,4,
2023-05-04T19:00:00Z,597,rejection,supply,405.67,406.2,4,
2023-05-04T20:00:00Z,597,rejection,supply,405.67,406.2,4,
2023-05-04T20:00:00Z,618,merged,demand,403.74,404.37,3,pivot
2023-05-05T14:30:00Z,592,broken,supply,406.68,408.07,4,
2023-05-05T14:30:00Z,597,broken,supply,405.67,406.2,4,
2023-05-05T15:00:00Z,608,touch,supply,411.08,411.32,4,
2023-05-05T15:00:00Z,608,rejection,supply,411.08,411.32,4,
2023-05-05T16:00:00Z,608,rejection,supply,411.08,411.32,4,
2023-05-05T18:00:00Z,601,touch,supply,411.87,412.3165147479237,4,
2023-05-05T18:00:00Z,601,rejection,supply,411.87,412.3165147479237,4,
2023-05-05T18:00:00Z,608,broken,supply,411.08,411.32,4,
2023-05-05T19:00:00Z,601,broken,supply,411.87,412.3165147479237,4,
2023-05-05T19:00:00Z,616,touch,supply,412.1,413.87,5,
2023-05-05T20:00:00Z,601,role_flip_retest,demand,411.87,412.3165147479237,4,
2023-05-08T15:00:00Z,601,rejection,demand,411.87,412.3165147479237,4,
2023-05-08T15:00:00Z,604,broken_zone_expired,supply,412.68,413.56,5,
2023-05-08T15:00:00Z,626,created,supply,413.26,413.72,1,pivot
2023-05-08T15:00:00Z,626,volume_confluence,supply,413.26,413.72,2,VAL:2023-04-28:413.591042
2023-05-08T15:00:00Z,626,qualified,supply,413.26,413.72,2,pivot|volume_profile
2023-05-08T16:00:00Z,601,rejection,demand,411.87,412.3165147479237,4,
2023-05-08T18:00:00Z,580,age_expired,demand,388.55,389.65,2,
2023-05-08T18:00:00Z,601,rejection,demand,411.87,412.3165147479237,4,
2023-05-08T19:00:00Z,601,rejection,demand,411.87,412.3165147479237,4,
2023-05-08T19:00:00Z,608,role_flip_retest,demand,411.08,411.32,4,
2023-05-09T14:30:00Z,601,broken,demand,411.87,412.3165147479237,4,
2023-05-09T14:30:00Z,608,touch,demand,411.08,411.32,4,
2023-05-09T14:30:00Z,608,rejection,demand,411.08,411.32,4,
2023-05-09T15:00:00Z,581,age_expired,demand,393.04,394.17,4,
2023-05-09T15:00:00Z,608,rejection,demand,411.08,411.32,4,
2023-05-09T15:00:00Z,626,merged,supply,413.0549758228949,413.72,3,pivot
2023-05-09T17:00:00Z,608,rejection,demand,411.08,411.32,4,
2023-05-09T17:00:00Z,608,merged,demand,410.68,411.32,4,pivot
2023-05-09T18:00:00Z,601,role_flip_retest,supply,411.87,412.3165147479237,4,
2023-05-09T18:00:00Z,608,rejection,demand,410.68,411.32,4,
2023-05-09T19:00:00Z,601,rejection,supply,411.87,412.3165147479237,4,
2023-05-09T19:00:00Z,608,rejection,demand,410.68,411.32,4,
2023-05-09T20:00:00Z,605,broken_zone_expired,demand,414.54,415.09,4,
2023-05-09T20:00:00Z,609,broken_zone_expired,demand,415.548758394913,415.72,3,
2023-05-10T14:30:00Z,601,broken,supply,411.87,412.3165147479237,4,
2023-05-10T14:30:00Z,616,touch,supply,412.1,413.87,5,
2023-05-10T14:30:00Z,626,touch,supply,413.0549758228949,413.72,3,
2023-05-10T14:30:00Z,626,rejection,supply,413.0549758228949,413.72,3,
2023-05-10T15:00:00Z,608,touch,demand,410.68,411.32,4,
2023-05-10T15:00:00Z,616,rejection,supply,412.1,413.87,5,
2023-05-10T15:00:00Z,626,rejection,supply,413.0549758228949,413.72,3,
2023-05-10T16:00:00Z,608,rejection,demand,410.68,411.32,4,
2023-05-10T16:00:00Z,616,rejection,supply,412.1,413.87,5,
2023-05-10T17:00:00Z,626,merged,supply,413.0549758228949,414.54,3,pivot
2023-05-10T18:00:00Z,608,broken,demand,410.68,411.32,4,
2023-05-10T19:00:00Z,616,touch,supply,412.1,413.87,5,
2023-05-10T19:00:00Z,616,rejection,supply,412.1,413.87,5,
2023-05-10T20:00:00Z,601,role_flip_retest,demand,411.87,412.3165147479237,4,
2023-05-10T20:00:00Z,626,touch,supply,413.0549758228949,414.54,3,
2023-05-10T20:00:00Z,626,rejection,supply,413.0549758228949,414.54,3,
2023-05-11T14:30:00Z,601,broken,demand,411.87,412.3165147479237,4,
2023-05-11T14:30:00Z,608,role_flip_retest,supply,410.68,411.32,4,
2023-05-11T14:30:00Z,630,created,demand,408.87,409.8301917265017,1,pivot
2023-05-11T14:30:00Z,630,volume_confluence,demand,408.87,409.8301917265017,2,VAL:2023-05-05:410.015833
2023-05-11T14:30:00Z,630,qualified,demand,408.87,409.8301917265017,2,pivot|volume_profile
2023-05-11T16:00:00Z,601,role_flip_retest,supply,411.87,412.3165147479237,4,
2023-05-11T16:00:00Z,608,broken,supply,410.68,411.32,4,
2023-05-11T16:00:00Z,626,merged,supply,412.8679061133735,414.54,3,pivot
2023-05-11T17:00:00Z,608,role_flip_retest,demand,410.68,411.32,4,
2023-05-11T17:00:00Z,616,touch,supply,412.1,413.87,5,
2023-05-11T17:00:00Z,616,rejection,supply,412.1,413.87,5,
2023-05-11T18:00:00Z,585,age_expired,demand,401.02381346712076,402.49,3,
2023-05-11T18:00:00Z,601,rejection,supply,411.87,412.3165147479237,4,
2023-05-11T18:00:00Z,608,rejection,demand,410.68,411.32,4,
2023-05-11T19:00:00Z,586,age_expired,demand,392.07,392.3800741547132,3,
2023-05-11T19:00:00Z,606,broken_zone_expired,demand,410.06,410.92,4,
2023-05-11T19:00:00Z,608,rejection,demand,410.68,411.32,4,
2023-05-11T19:00:00Z,616,touch,supply,412.1,413.87,5,
2023-05-11T20:00:00Z,617,broken_zone_expired,demand,407.33,408.71,4,
2023-05-12T14:30:00Z,601,broken,supply,411.87,412.3165147479237,4,
2023-05-12T14:30:00Z,626,touch,supply,412.8679061133735,414.54,3,
2023-05-12T14:30:00Z,626,rejection,supply,412.8679061133735,414.54,3,
2023-05-12T15:00:00Z,608,touch,demand,410.68,411.32,4,
2023-05-12T15:00:00Z,608,rejection,demand,410.68,411.32,4,
2023-05-12T15:00:00Z,616,rejection,supply,412.1,413.87,5,
2023-05-12T15:00:00Z,626,rejection,supply,412.8679061133735,414.54,3,
2023-05-12T16:00:00Z,608,rejection,demand,410.68,411.32,4,
2023-05-12T17:00:00Z,608,broken,demand,410.68,411.32,4,
2023-05-12T17:00:00Z,630,touch,demand,408.87,409.8301917265017,2,
2023-05-12T17:00:00Z,632,created,supply,413.41,413.64,1,pivot
2023-05-12T17:00:00Z,632,volume_confluence,supply,413.41,413.64,2,VAH:2023-05-10:413.713125
2023-05-12T17:00:00Z,632,qualified,supply,413.41,413.64,2,pivot|volume_profile
2023-05-12T18:00:00Z,608,role_flip_retest,supply,410.68,411.32,4,
2023-05-12T19:00:00Z,630,rejection,demand,408.87,409.8301917265017,2,
2023-05-12T20:00:00Z,592,broken_zone_expired,supply,406.68,408.07,4,
2023-05-12T20:00:00Z,597,broken_zone_expired,supply,405.67,406.2,4,
2023-05-12T20:00:00Z,608,broken,supply,410.68,411.32,4,
2023-05-12T20:00:00Z,630,rejection,demand,408.87,409.8301917265017,2,
2023-05-15T14:30:00Z,616,touch,supply,412.1,413.87,5,
2023-05-15T14:30:00Z,616,rejection,supply,412.1,413.87,5,
2023-05-15T15:00:00Z,608,role_flip_retest,demand,410.68,411.32,4,
2023-05-15T15:00:00Z,630,merged,demand,408.87,409.8301917265017,3,pivot
2023-05-15T16:00:00Z,616,touch,supply,412.1,413.87,5,
2023-05-15T16:00:00Z,616,rejection,supply,412.1,413.87,5,
2023-05-15T17:00:00Z,601,role_flip_retest,demand,411.87,412.3165147479237,4,
2023-05-15T18:00:00Z,626,touch,supply,412.8679061133735,414.54,3,
2023-05-15T18:00:00Z,626,rejection,supply,412.8679061133735,414.54,3,
2023-05-15T18:00:00Z,632,touch,supply,413.41,413.64,2,
2023-05-15T18:00:00Z,632,rejection,supply,413.41,413.64,2,
2023-05-15T19:00:00Z,601,rejection,demand,411.87,412.3165147479237,4,
2023-05-15T20:00:00Z,626,touch,supply,412.8679061133735,414.54,3,
2023-05-16T14:30:00Z,601,broken,demand,411.87,412.3165147479237,4,
2023-05-16T14:30:00Z,608,touch,demand,410.68,411.32,4,
2023-05-16T14:30:00Z,608,rejection,demand,410.68,411.32,4,
2023-05-16T14:30:00Z,616,rejection,supply,412.1,413.87,5,
2023-05-16T14:30:00Z,632,merged,supply,412.77,413.64,3,pivot
2023-05-16T15:00:00Z,601,role_flip_retest,supply,411.87,412.3165147479237,4,
2023-05-16T15:00:00Z,608,rejection,demand,410.68,411.32,4,
2023-05-16T15:00:00Z,616,rejection,supply,412.1,413.87,5,
2023-05-16T16:00:00Z,608,rejection,demand,410.68,411.32,4,
2023-05-16T17:00:00Z,616,touch,supply,412.1,413.87,5,
2023-05-16T17:00:00Z,616,rejection,supply,412.1,413.87,5,
2023-05-16T18:00:00Z,616,rejection,supply,412.1,413.87,5,
2023-05-16T18:00:00Z,608,merged,demand,410.68,411.4365728177518,4,pivot
2023-05-16T19:00:00Z,601,rejection,supply,411.87,412.3165147479237,4,
2023-05-16T19:00:00Z,608,touch,demand,410.68,411.4365728177518,4,
2023-05-16T19:00:00Z,608,rejection,demand,410.68,411.4365728177518,4,
2023-05-16T20:00:00Z,608,broken,demand,410.68,411.4365728177518,4,
2023-05-17T14:30:00Z,601,touch,supply,411.87,412.3165147479237,4,
2023-05-17T14:30:00Z,601,rejection,supply,411.87,412.3165147479237,4,
2023-05-17T14:30:00Z,616,touch,supply,412.1,413.87,5,
2023-05-17T14:30:00Z,616,rejection,supply,412.1,413.87,5,
2023-05-17T16:00:00Z,601,broken,supply,411.87,412.3165147479237,4,
2023-05-17T16:00:00Z,616,touch,supply,412.1,413.87,5,
2023-05-17T16:00:00Z,632,touch,supply,412.77,413.64,3,
2023-05-17T16:00:00Z,632,rejection,supply,412.77,413.64,3,
2023-05-17T16:00:00Z,636,created,demand,410.24,410.40831513177204,1,pivot
2023-05-17T17:00:00Z,616,broken,supply,412.1,413.87,5,
2023-05-17T17:00:00Z,626,touch,supply,412.8679061133735,414.54,3,
2023-05-17T17:00:00Z,632,broken,supply,412.77,413.64,3,
2023-05-17T17:00:00Z,637,created,demand,410.63,412.0924385196644,1,order_block
2023-05-17T17:00:00Z,637,volume_confluence,demand,410.63,412.0924385196644,2,POC:2023-05-09:411.179375
2023-05-17T17:00:00Z,637,qualified,demand,410.63,412.0924385196644,2,order_block|volume_profile
2023-05-17T18:00:00Z,626,broken,supply,412.8679061133735,414.54,3,
2023-05-17T19:00:00Z,626,role_flip_retest,demand,412.8679061133735,414.54,4,
2023-05-17T20:00:00Z,626,rejection,demand,412.8679061133735,414.54,4,
2023-05-18T14:30:00Z,638,created,supply,415.69466383831696,415.86,1,pivot
2023-05-18T14:30:00Z,638,volume_confluence,supply,415.69466383831696,415.86,2,VAH:2023-05-17:415.751042
2023-05-18T14:30:00Z,638,qualified,supply,415.69466383831696,415.86,2,pivot|volume_profile
2023-05-18T15:00:00Z,619,touch,supply,416.33,417.62,3,
2023-05-18T15:00:00Z,638,broken,supply,415.69466383831696,415.86,2,
2023-05-18T15:00:00Z,639,created,demand,414.51,415.76,1,order_block
2023-05-18T15:00:00Z,639,volume_confluence,demand,414.51,415.76,2,VAH:2023-05-17:415.751042
2023-05-18T15:00:00Z,639,qualified,demand,414.51,415.76,2,order_block|volume_profile
2023-05-18T17:00:00Z,619,rejection,supply,416.33,417.62,3,
2023-05-18T17:00:00Z,638,role_flip_retest,demand,415.69466383831696,415.86,3,
2023-05-18T17:00:00Z,639,touch,demand,414.51,415.76,2,
2023-05-18T17:00:00Z,639,rejection,demand,414.51,415.76,2,
2023-05-18T18:00:00Z,619,rejection,supply,416.33,417.62,3,
2023-05-18T19:00:00Z,638,rejection,demand,415.69466383831696,415.86,3,
2023-05-18T19:00:00Z,639,rejection,demand,414.51,415.76,2,
2023-05-18T19:00:00Z,640,created,supply,417.28,418.06,1,pivot
2023-05-18T20:00:00Z,619,broken,supply,416.33,417.62,3,
2023-05-18T20:00:00Z,640,broken,supply,417.28,418.06,1,
2023-05-18T20:00:00Z,638,merged,demand,415.39,416.2,4,order_block
2023-05-19T16:00:00Z,619,role_flip_retest,demand,416.33,417.62,4,
2023-05-19T16:00:00Z,640,role_flip_retest,demand,417.28,418.06,2,
2023-05-19T16:00:00Z,640,volume_confluence,demand,417.28,418.06,3,VAH:2023-05-18:418.107500
2023-05-19T16:00:00Z,640,qualified,demand,417.28,418.06,3,pivot|role_flip|volume_profile
2023-05-19T17:00:00Z,619,rejection,demand,416.33,417.62,4,
2023-05-19T17:00:00Z,640,rejection,demand,417.28,418.06,3,
2023-05-19T18:00:00Z,642,created,supply,420.5286746651149,420.72,1,pivot
2023-05-19T19:00:00Z,619,touch,demand,416.33,417.62,4,
2023-05-19T19:00:00Z,619,rejection,demand,416.33,417.62,4,
2023-05-19T19:00:00Z,640,rejection,demand,417.28,418.06,3,
2023-05-19T20:00:00Z,640,rejection,demand,417.28,418.06,3,
2023-05-22T15:00:00Z,619,touch,demand,416.33,417.62,4,
2023-05-22T15:00:00Z,619,rejection,demand,416.33,417.62,4,
2023-05-22T15:00:00Z,640,touch,demand,417.28,418.06,3,
2023-05-22T15:00:00Z,640,rejection,demand,417.28,418.06,3,
2023-05-22T18:00:00Z,640,merged,demand,417.28,418.1489364302851,4,pivot
2023-05-23T14:30:00Z,619,touch,demand,416.33,417.62,4,
2023-05-23T14:30:00Z,619,rejection,demand,416.33,417.62,4,
2023-05-23T14:30:00Z,640,touch,demand,417.28,418.1489364302851,4,
2023-05-23T16:00:00Z,619,rejection,demand,416.33,417.62,4,
2023-05-23T17:00:00Z,638,touch,demand,415.39,416.2,4,
2023-05-23T17:00:00Z,638,rejection,demand,415.39,416.2,4,
2023-05-23T17:00:00Z,640,broken,demand,417.28,418.1489364302851,4,
2023-05-23T18:00:00Z,619,broken,demand,416.33,417.62,4,
2023-05-23T18:00:00Z,639,touch,demand,414.51,415.76,2,
2023-05-23T19:00:00Z,616,role_flip_retest,demand,412.1,413.87,5,
2023-05-23T19:00:00Z,626,touch,demand,412.8679061133735,414.54,4,
2023-05-23T19:00:00Z,626,rejection,demand,412.8679061133735,414.54,4,
2023-05-23T19:00:00Z,638,broken,demand,415.39,416.2,4,
2023-05-23T20:00:00Z,639,broken,demand,414.51,415.76,2,
2023-05-24T14:30:00Z,616,broken,demand,412.1,413.87,5,
2023-05-24T14:30:00Z,626,broken,demand,412.8679061133735,414.54,4,
2023-05-24T14:30:00Z,637,touch,demand,410.63,412.0924385196644,2,
2023-05-24T15:00:00Z,608,role_flip_retest,supply,410.68,411.4365728177518,4,
2023-05-24T15:00:00Z,636,touch,demand,410.24,410.40831513177204,1,
2023-05-24T15:00:00Z,636,rejection,demand,410.24,410.40831513177204,1,
2023-05-24T15:00:00Z,637,broken,demand,410.63,412.0924385196644,2,
2023-05-24T16:00:00Z,608,rejection,supply,410.68,411.4365728177518,4,
2023-05-24T16:00:00Z,636,rejection,demand,410.24,410.40831513177204,1,
2023-05-24T16:00:00Z,637,role_flip_retest,supply,410.63,412.0924385196644,3,
2023-05-24T17:00:00Z,608,rejection,supply,410.68,411.4365728177518,4,
2023-05-24T17:00:00Z,636,rejection,demand,410.24,410.40831513177204,1,
2023-05-24T17:00:00Z,637,rejection,supply,410.63,412.0924385196644,3,
2023-05-24T18:00:00Z,636,rejection,demand,410.24,410.40831513177204,1,
2023-05-24T19:00:00Z,608,rejection,supply,410.68,411.4365728177518,4,
2023-05-24T19:00:00Z,636,rejection,demand,410.24,410.40831513177204,1,
2023-05-24T19:00:00Z,637,rejection,supply,410.63,412.0924385196644,3,
2023-05-24T20:00:00Z,616,role_flip_retest,supply,412.1,413.87,5,
2023-05-24T20:00:00Z,636,rejection,demand,410.24,410.40831513177204,1,
2023-05-24T20:00:00Z,636,merged,demand,409.87,410.43,2,pivot
2023-05-24T20:00:00Z,636,qualified,demand,409.87,410.43,2,pivot|repeated_pivot
2023-05-24T20:00:00Z,636,volume_confluence,demand,409.87,410.43,3,VAL:2023-05-24:410.177292
2023-05-25T14:30:00Z,608,broken,supply,410.68,411.4365728177518,4,
2023-05-25T14:30:00Z,637,broken,supply,410.63,412.0924385196644,3,
2023-05-25T14:30:00Z,639,role_flip_retest,supply,414.51,415.76,3,
2023-05-25T15:00:00Z,601,broken_zone_expired,supply,411.87,412.3165147479237,4,
2023-05-25T15:00:00Z,632,role_flip_retest,demand,412.77,413.64,4,
2023-05-25T16:00:00Z,639,touch,supply,414.51,415.76,3,
2023-05-25T16:00:00Z,639,rejection,supply,414.51,415.76,3,
2023-05-25T17:00:00Z,632,rejection,demand,412.77,413.64,4,
2023-05-25T17:00:00Z,639,rejection,supply,414.51,415.76,3,
2023-05-25T17:00:00Z,639,merged,supply,414.51,415.76,4,pivot
2023-05-25T18:00:00Z,616,broken,supply,412.1,413.87,5,
2023-05-25T18:00:00Z,632,rejection,demand,412.77,413.64,4,
2023-05-25T19:00:00Z,616,role_flip_retest,demand,412.1,413.87,5,
2023-05-25T19:00:00Z,638,role_flip_retest,supply,415.39,416.2,4,
2023-05-25T19:00:00Z,639,rejection,supply,414.51,415.76,4,
2023-05-25T20:00:00Z,638,rejection,supply,415.39,416.2,4,
2023-05-26T14:30:00Z,638,broken,supply,415.39,416.2,4,
2023-05-26T14:30:00Z,639,broken,supply,414.51,415.76,4,
2023-05-26T14:30:00Z,640,role_flip_retest,supply,417.28,418.1489364302851,4,
2023-05-26T15:00:00Z,640,broken,supply,417.28,418.1489364302851,4,
2023-05-26T15:00:00Z,646,created,demand,413.82,414.98,1,order_block
2023-05-26T15:00:00Z,646,volume_confluence,demand,413.82,414.98,2,VAL:2023-05-23:414.885208
2023-05-26T15:00:00Z,646,qualified,demand,413.82,414.98,2,order_block|volume_profile
2023-05-26T20:00:00Z,642,touch,supply,420.5286746651149,420.72,1,
2023-05-26T20:00:00Z,642,rejection,supply,420.5286746651149,420.72,1,
2023-05-26T20:00:00Z,642,volume_confluence,supply,420.5286746651149,420.72,2,VAH:2023-05-26:420.655000
2023-05-26T20:00:00Z,642,qualified,supply,420.5286746651149,420.72,2,pivot|volume_profile
2023-05-30T14:30:00Z,642,broken,supply,420.5286746651149,420.72,2,
2023-05-30T17:00:00Z,647,created,supply,422.03,422.58,1,pivot
2023-05-31T18:00:00Z,640,role_flip_retest,demand,417.28,418.1489364302851,4,
2023-05-31T19:00:00Z,648,created,demand,416.22,416.75,1,pivot
2023-05-31T19:00:00Z,648,volume_confluence,demand,416.22,416.75,2,POC:2023-05-23:416.924792
2023-05-31T19:00:00Z,648,qualified,demand,416.22,416.75,2,pivot|volume_profile
2023-06-01T14:30:00Z,640,broken,demand,417.28,418.1489364302851,4,
2023-06-01T16:00:00Z,642,role_flip_retest,demand,420.5286746651149,420.72,3,
2023-06-01T17:00:00Z,619,broken_zone_expired,demand,416.33,417.62,4,
2023-06-01T18:00:00Z,647,touch,supply,422.03,422.58,1,
2023-06-01T20:00:00Z,626,broken_zone_expired,demand,412.8679061133735,414.54,4,
2023-06-01T20:00:00Z,647,rejection,supply,422.03,422.58,1,
2023-06-01T20:00:00Z,647,volume_confluence,supply,422.03,422.58,2,VAH:2023-06-01:422.792292
2023-06-01T20:00:00Z,647,qualified,supply,422.03,422.58,2,pivot|volume_profile
2023-06-02T14:30:00Z,647,broken,supply,422.03,422.58,2,
2023-06-02T15:00:00Z,649,created,demand,424.3,424.5,1,order_block
2023-06-02T20:00:00Z,608,broken_zone_expired,supply,410.68,411.4365728177518,4,
2023-06-02T20:00:00Z,637,broken_zone_expired,supply,410.63,412.0924385196644,3,
2023-06-05T17:00:00Z,650,created,supply,428.84137887040504,429.67,1,pivot
2023-06-05T17:00:00Z,650,volume_confluence,supply,428.84137887040504,429.67,2,VAH:2023-06-02:428.640208
2023-06-05T17:00:00Z,650,qualified,supply,428.84137887040504,429.67,2,pivot|volume_profile
2023-06-05T18:00:00Z,650,touch,supply,428.84137887040504,429.67,2,
2023-06-05T18:00:00Z,650,rejection,supply,428.84137887040504,429.67,2,
2023-06-05T20:00:00Z,638,broken_zone_expired,supply,415.39,416.2,4,
2023-06-05T20:00:00Z,639,broken_zone_expired,supply,414.51,415.76,4,
2023-06-06T17:00:00Z,651,created,demand,425.99,426.6,1,pivot
2023-06-06T17:00:00Z,651,volume_confluence,demand,425.99,426.6,2,VAL:2023-06-02:426.644375
2023-06-06T17:00:00Z,651,qualified,demand,425.99,426.6,2,pivot|volume_profile
2023-06-06T18:00:00Z,651,touch,demand,425.99,426.6,2,
2023-06-06T18:00:00Z,651,rejection,demand,425.99,426.6,2,
2023-06-06T19:00:00Z,651,rejection,demand,425.99,426.6,2,
2023-06-07T14:30:00Z,650,touch,supply,428.84137887040504,429.67,2,
2023-06-07T15:00:00Z,650,rejection,supply,428.84137887040504,429.67,2,
2023-06-07T17:00:00Z,650,merged,supply,428.84137887040504,429.67,3,pivot
2023-06-07T18:00:00Z,651,touch,demand,425.99,426.6,2,
2023-06-07T18:00:00Z,651,rejection,demand,425.99,426.6,2,
2023-06-07T19:00:00Z,651,rejection,demand,425.99,426.6,2,
2023-06-08T15:00:00Z,651,rejection,demand,425.99,426.6,2,
2023-06-08T17:00:00Z,650,touch,supply,428.84137887040504,429.67,3,
2023-06-08T17:00:00Z,650,rejection,supply,428.84137887040504,429.67,3,
2023-06-08T17:00:00Z,651,merged,demand,425.82,426.6,3,pivot
2023-06-08T19:00:00Z,650,touch,supply,428.84137887040504,429.67,3,
2023-06-08T20:00:00Z,640,broken_zone_expired,demand,417.28,418.1489364302851,4,
2023-06-09T14:30:00Z,650,broken,supply,428.84137887040504,429.67,3,
2023-06-09T17:00:00Z,650,role_flip_retest,demand,428.84137887040504,429.67,4,
2023-06-09T18:00:00Z,650,rejection,demand,428.84137887040504,429.67,4,
2023-06-09T18:00:00Z,654,created,supply,431.22934762966497,431.99,1,pivot
2023-06-09T20:00:00Z,647,broken_zone_expired,supply,422.03,422.58,2,
2023-06-09T20:00:00Z,650,touch,demand,428.84137887040504,429.67,4,
2023-06-09T20:00:00Z,650,rejection,demand,428.84137887040504,429.67,4,
2023-06-09T20:00:00Z,654,volume_confluence,supply,431.22934762966497,431.99,2,VAH:2023-06-09:431.015000
2023-06-09T20:00:00Z,654,qualified,supply,431.22934762966497,431.99,2,pivot|volume_profile
2023-06-12T14:30:00Z,654,touch,supply,431.22934762966497,431.99,2,
2023-06-12T14:30:00Z,654,rejection,supply,431.22934762966497,431.99,2,
2023-06-12T17:00:00Z,654,touch,supply,431.22934762966497,431.99,2,
2023-06-12T19:00:00Z,654,broken,supply,431.22934762966497,431.99,2,
2023-06-14T14:30:00Z,616,age_expired,demand,412.1,413.87,5,
2023-06-14T19:00:00Z,655,created,supply,438.2869581712099,439.07,1,pivot
2023-06-14T20:00:00Z,655,volume_confluence,supply,438.2869581712099,439.07,2,VAH:2023-06-14:438.270833
2023-06-14T20:00:00Z,655,qualified,supply,438.2869581712099,439.07,2,pivot|volume_profile
2023-06-15T14:30:00Z,655,touch,supply,438.2869581712099,439.07,2,
2023-06-15T15:00:00Z,655,broken,supply,438.2869581712099,439.07,2,
2023-06-15T15:00:00Z,656,created,demand,433.59,434.4732743796836,1,pivot
2023-06-15T19:00:00Z,618,age_expired,demand,403.74,404.37,3,
2023-06-16T15:00:00Z,657,created,supply,443.63,443.9,1,pivot
2023-06-16T15:00:00Z,657,volume_confluence,supply,443.63,443.9,2,VAH:2023-06-15:443.740208
2023-06-16T15:00:00Z,657,qualified,supply,443.63,443.9,2,pivot|volume_profile
2023-06-16T20:00:00Z,655,role_flip_retest,demand,438.2869581712099,439.07,3,
2023-06-20T14:30:00Z,655,broken,demand,438.2869581712099,439.07,3,
2023-06-20T18:00:00Z,655,role_flip_retest,supply,438.2869581712099,439.07,3,
2023-06-20T18:00:00Z,658,created,demand,435.03,435.76,1,pivot
2023-06-20T18:00:00Z,658,volume_confluence,demand,435.03,435.76,2,VAL:2023-06-14:435.759167
2023-06-20T18:00:00Z,658,qualified,demand,435.03,435.76,2,pivot|volume_profile
2023-06-21T14:30:00Z,658,touch,demand,435.03,435.76,2,
2023-06-21T15:00:00Z,656,touch,demand,433.59,434.4732743796836,1,
2023-06-21T15:00:00Z,656,rejection,demand,433.59,434.4732743796836,1,
2023-06-21T16:00:00Z,656,rejection,demand,433.59,434.4732743796836,1,
2023-06-21T18:00:00Z,654,broken_zone_expired,supply,431.22934762966497,431.99,2,
2023-06-21T18:00:00Z,658,rejection,demand,435.03,435.76,2,
2023-06-21T18:00:00Z,658,merged,demand,434.33,435.76,3,pivot
2023-06-21T19:00:00Z,658,rejection,demand,434.33,435.76,3,
2023-06-21T20:00:00Z,656,volume_confluence,demand,433.59,434.4732743796836,2,VAL:2023-06-21:434.828750
2023-06-21T20:00:00Z,656,qualified,demand,433.59,434.4732743796836,2,pivot|volume_profile
2023-06-22T14:30:00Z,656,touch,demand,433.59,434.4732743796836,2,
2023-06-22T14:30:00Z,656,rejection,demand,433.59,434.4732743796836,2,
2023-06-22T15:00:00Z,656,rejection,demand,433.59,434.4732743796836,2,
2023-06-22T15:00:00Z,660,created,supply,436.52,436.99,1,pivot
2023-06-22T15:00:00Z,660,volume_confluence,supply,436.52,436.99,2,VAH:2023-06-13:436.936250
2023-06-22T15:00:00Z,660,qualified,supply,436.52,436.99,2,pivot|volume_profile
2023-06-22T17:00:00Z,656,merged,demand,433.59,434.4732743796836,3,pivot
2023-06-22T18:00:00Z,656,touch,demand,433.59,434.4732743796836,3,
2023-06-22T18:00:00Z,656,rejection,demand,433.59,434.4732743796836,3,
2023-06-22T19:00:00Z,658,rejection,demand,434.33,435.76,3,
2023-06-22T20:00:00Z,658,rejection,demand,434.33,435.76,3,
2023-06-22T20:00:00Z,660,touch,supply,436.52,436.99,2,
2023-06-23T14:30:00Z,656,broken,demand,433.59,434.4732743796836,3,
2023-06-23T14:30:00Z,658,broken,demand,434.33,435.76,3,
2023-06-23T15:00:00Z,656,role_flip_retest,supply,433.59,434.4732743796836,4,
2023-06-23T16:00:00Z,660,merged,supply,436.43548077785886,436.99,3,pivot
2023-06-23T17:00:00Z,656,broken,supply,433.59,434.4732743796836,4,
2023-06-23T17:00:00Z,663,created,demand,432.71,432.93,1,pivot
2023-06-23T18:00:00Z,656,role_flip_retest,demand,433.59,434.4732743796836,4,
2023-06-23T19:00:00Z,656,broken,demand,433.59,434.4732743796836,4,
2023-06-23T19:00:00Z,658,role_flip_retest,supply,434.33,435.76,4,
2023-06-23T19:00:00Z,663,touch,demand,432.71,432.93,1,
2023-06-23T19:00:00Z,663,rejection,demand,432.71,432.93,1,
2023-06-23T20:00:00Z,656,role_flip_retest,supply,433.59,434.4732743796836,4,
2023-06-23T20:00:00Z,663,rejection,demand,432.71,432.93,1,
2023-06-23T20:00:00Z,663,volume_confluence,demand,432.71,432.93,2,VAL:2023-06-23:432.847708
2023-06-23T20:00:00Z,663,qualified,demand,432.71,432.93,2,pivot|volume_profile
2023-06-26T14:30:00Z,658,touch,supply,434.33,435.76,4,
2023-06-26T14:30:00Z,658,rejection,supply,434.33,435.76,4,
2023-06-26T14:30:00Z,663,rejection,demand,432.71,432.93,2,
2023-06-26T15:00:00Z,656,rejection,supply,433.59,434.4732743796836,4,
2023-06-26T15:00:00Z,658,rejection,supply,434.33,435.76,4,
2023-06-26T15:00:00Z,663,rejection,demand,432.71,432.93,2,
2023-06-26T16:00:00Z,663,rejection,demand,432.71,432.93,2,
2023-06-26T17:00:00Z,663,broken,demand,432.71,432.93,2,
2023-06-26T18:00:00Z,663,role_flip_retest,supply,432.71,432.93,3,
2023-06-26T19:00:00Z,663,rejection,supply,432.71,432.93,3,
2023-06-26T20:00:00Z,663,rejection,supply,432.71,432.93,3,
2023-06-27T15:00:00Z,663,broken,supply,432.71,432.93,3,
2023-06-27T16:00:00Z,656,touch,supply,433.59,434.4732743796836,4,
2023-06-27T16:00:00Z,663,role_flip_retest,demand,432.71,432.93,3,
2023-06-27T16:00:00Z,664,created,demand,431.19,431.43,1,pivot
2023-06-27T16:00:00Z,664,volume_confluence,demand,431.19,431.43,2,VAL:2023-06-26:431.688750
2023-06-27T16:00:00Z,664,qualified,demand,431.19,431.43,2,pivot|volume_profile
2023-06-27T17:00:00Z,656,broken,supply,433.59,434.4732743796836,4,
2023-06-27T17:00:00Z,658,touch,supply,434.33,435.76,4,
2023-06-27T18:00:00Z,658,broken,supply,434.33,435.76,4,
2023-06-27T19:00:00Z,660,touch,supply,436.43548077785886,436.99,3,
2023-06-27T19:00:00Z,660,rejection,supply,436.43548077785886,436.99,3,
2023-06-27T20:00:00Z,660,rejection,supply,436.43548077785886,436.99,3,
2023-06-28T14:30:00Z,656,role_flip_retest,demand,433.59,434.4732743796836,4,
2023-06-28T15:00:00Z,656,rejection,demand,433.59,434.4732743796836,4,
2023-06-28T15:00:00Z,658,role_flip_retest,demand,434.33,435.76,4,
2023-06-28T15:00:00Z,660,touch,supply,436.43548077785886,436.99,3,
2023-06-28T15:00:00Z,660,rejection,supply,436.43548077785886,436.99,3,
2023-06-28T16:00:00Z,658,rejection,demand,434.33,435.76,4,
2023-06-28T16:00:00Z,660,merged,supply,436.15,436.99,3,pivot
2023-06-28T17:00:00Z,660,rejection,supply,436.15,436.99,3,
2023-06-28T20:00:00Z,658,rejection,demand,434.33,435.76,4,
2023-06-28T20:00:00Z,660,touch,supply,436.15,436.99,3,
2023-06-28T20:00:00Z,660,merged,supply,436.15,437.44,3,pivot
2023-06-29T14:30:00Z,658,rejection,demand,434.33,435.76,4,
2023-06-29T16:00:00Z,660,broken,supply,436.15,437.44,3,
2023-06-29T17:00:00Z,660,role_flip_retest,demand,436.15,437.44,4,
2023-06-29T20:00:00Z,660,rejection,demand,436.15,437.44,4,
2023-06-29T20:00:00Z,655,merged,supply,437.72,439.07,4,pivot
2023-06-30T14:30:00Z,655,broken,supply,437.72,439.07,4,
2023-06-30T17:00:00Z,630,age_expired,demand,408.87,409.8301917265017,3,
2023-06-30T18:00:00Z,657,touch,supply,443.63,443.9,2,
2023-06-30T20:00:00Z,657,rejection,supply,443.63,443.9,2,
2023-07-03T15:00:00Z,657,touch,supply,443.63,443.9,2,
2023-07-03T15:00:00Z,657,rejection,supply,443.63,443.9,2,
2023-07-03T16:00:00Z,657,merged,supply,443.63,444.3,3,pivot
2023-07-05T15:00:00Z,657,touch,supply,443.63,444.3,3,
2023-07-05T16:00:00Z,632,age_expired,demand,412.77,413.64,4,
2023-07-05T16:00:00Z,657,rejection,supply,443.63,444.3,3,
2023-07-05T17:00:00Z,669,created,demand,441.9,442.0383666192416,1,pivot
2023-07-05T20:00:00Z,657,touch,supply,443.63,444.3,3,
2023-07-05T20:00:00Z,657,rejection,supply,443.63,444.3,3,
2023-07-06T14:30:00Z,669,broken,demand,441.9,442.0383666192416,1,
2023-07-06T15:00:00Z,660,touch,demand,436.15,437.44,4,
2023-07-06T16:00:00Z,660,rejection,demand,436.15,437.44,4,
2023-07-06T17:00:00Z,655,role_flip_retest,demand,437.72,439.07,4,
2023-07-06T18:00:00Z,655,rejection,demand,437.72,439.07,4,
2023-07-06T19:00:00Z,670,created,demand,437.06,437.21221402940307,1,pivot
2023-07-06T19:00:00Z,670,volume_confluence,demand,437.06,437.21221402940307,2,POC:2023-06-29:437.309583
2023-07-06T19:00:00Z,670,qualified,demand,437.06,437.21221402940307,2,pivot|volume_profile
2023-07-07T14:30:00Z,655,touch,demand,437.72,439.07,4,
2023-07-07T14:30:00Z,655,rejection,demand,437.72,439.07,4,
2023-07-07T15:00:00Z,655,rejection,demand,437.72,439.07,4,
2023-07-07T17:00:00Z,671,created,demand,438.82,440.10004248011677,1,order_block
2023-07-07T17:00:00Z,671,volume_confluence,demand,438.82,440.10004248011677,2,POC:2023-07-06:439.530000
2023-07-07T17:00:00Z,671,qualified,demand,438.82,440.10004248011677,2,order_block|volume_profile
2023-07-07T18:00:00Z,669,role_flip_retest,supply,441.9,442.0383666192416,2,
2023-07-07T20:00:00Z,655,touch,demand,437.72,439.07,4,
2023-07-07T20:00:00Z,671,broken,demand,438.82,440.10004248011677,2,
2023-07-10T14:30:00Z,655,rejection,demand,437.72,439.07,4,
2023-07-10T14:30:00Z,669,merged,supply,441.9,442.64,3,pivot
2023-07-10T14:30:00Z,669,qualified,supply,441.9,442.64,3,pivot|repeated_pivot|role_flip
2023-07-10T14:30:00Z,669,volume_confluence,supply,441.9,442.64,4,VAL:2023-06-30:442.505625
2023-07-10T15:00:00Z,636,age_expired,demand,409.87,410.43,3,
2023-07-10T15:00:00Z,671,role_flip_retest,supply,438.82,440.10004248011677,3,
2023-07-10T16:00:00Z,671,rejection,supply,438.82,440.10004248011677,3,
2023-07-10T19:00:00Z,655,rejection,demand,437.72,439.07,4,
2023-07-10T20:00:00Z,655,rejection,demand,437.72,439.07,4,
2023-07-10T20:00:00Z,673,created,demand,437.58,438.2695563853755,1,pivot
2023-07-10T20:00:00Z,673,volume_confluence,demand,437.58,438.2695563853755,2,VAH:2023-06-29:437.880417
2023-07-10T20:00:00Z,673,qualified,demand,437.58,438.2695563853755,2,pivot|volume_profile
2023-07-11T14:30:00Z,671,broken,supply,438.82,440.10004248011677,3,
2023-07-11T15:00:00Z,671,role_flip_retest,demand,438.82,440.10004248011677,3,
2023-07-11T20:00:00Z,669,touch,supply,441.9,442.64,4,
2023-07-12T14:30:00Z,657,broken,supply,443.63,444.3,3,
2023-07-12T14:30:00Z,669,broken,supply,441.9,442.64,4,
2023-07-12T17:00:00Z,642,age_expired,demand,420.5286746651149,420.72,3,
2023-07-12T18:00:00Z,674,created,supply,446.99,447.48,1,pivot
2023-07-13T14:30:00Z,674,broken,supply,446.99,447.48,1,
2023-07-14T18:00:00Z,675,created,supply,451.03,451.36,1,pivot
2023-07-14T20:00:00Z,675,volume_confluence,supply,451.03,451.36,2,VAH:2023-07-14:450.702292
2023-07-14T20:00:00Z,675,qualified,supply,451.03,451.36,2,pivot|volume_profile
2023-07-17T16:00:00Z,676,created,demand,448.49,449.0933884077378,1,pivot
2023-07-17T16:00:00Z,676,volume_confluence,demand,448.49,449.0933884077378,2,VAL:2023-07-14:449.147708
2023-07-17T16:00:00Z,676,qualified,demand,448.49,449.0933884077378,2,pivot|volume_profile
2023-07-17T19:00:00Z,675,touch,supply,451.03,451.36,2,
2023-07-17T19:00:00Z,675,rejection,supply,451.03,451.36,2,
2023-07-17T20:00:00Z,675,rejection,supply,451.03,451.36,2,
2023-07-18T14:30:00Z,675,broken,supply,451.03,451.36,2,
2023-07-18T15:00:00Z,675,role_flip_retest,demand,451.03,451.36,3,
2023-07-19T14:30:00Z,646,age_expired,demand,413.82,414.98,2,
2023-07-19T20:00:00Z,657,broken_zone_expired,supply,443.63,444.3,3,
2023-07-19T20:00:00Z,669,broken_zone_expired,supply,441.9,442.64,4,
2023-07-19T20:00:00Z,677,created,supply,455.98,456.43,1,pivot
2023-07-19T20:00:00Z,677,volume_confluence,supply,455.98,456.43,2,VAH:2023-07-19:455.957917
2023-07-19T20:00:00Z,677,qualified,supply,455.98,456.43,2,pivot|volume_profile
2023-07-20T18:00:00Z,678,created,demand,452.81,453.4469453972882,1,pivot
2023-07-20T18:00:00Z,678,volume_confluence,demand,452.81,453.4469453972882,2,VAL:2023-07-18:452.550417
2023-07-20T18:00:00Z,678,qualified,demand,452.81,453.4469453972882,2,pivot|volume_profile
2023-07-20T19:00:00Z,678,broken,demand,452.81,453.4469453972882,2,
2023-07-20T20:00:00Z,674,broken_zone_expired,supply,446.99,447.48,1,
2023-07-21T16:00:00Z,675,merged,demand,451.03,452.11463729379,4,pivot
2023-07-21T18:00:00Z,648,age_expired,demand,416.22,416.75,2,
2023-07-21T20:00:00Z,678,role_flip_retest,supply,452.81,453.4469453972882,3,
2023-07-24T15:00:00Z,678,broken,supply,452.81,453.4469453972882,3,
2023-07-24T16:00:00Z,680,created,demand,452.17,452.32040821786666,1,pivot
2023-07-24T16:00:00Z,680,volume_confluence,demand,452.17,452.32040821786666,2,VAL:2023-07-21:452.545000
2023-07-24T16:00:00Z,680,qualified,demand,452.17,452.32040821786666,2,pivot|volume_profile
2023-07-24T20:00:00Z,678,role_flip_retest,demand,452.81,453.4469453972882,3,
2023-07-25T14:30:00Z,649,age_expired,demand,424.3,424.5,1,
2023-07-25T18:00:00Z,677,touch,supply,455.98,456.43,2,
2023-07-25T18:00:00Z,677,rejection,supply,455.98,456.43,2,
2023-07-25T19:00:00Z,677,rejection,supply,455.98,456.43,2,
2023-07-25T20:00:00Z,677,rejection,supply,455.98,456.43,2,
2023-07-26T15:00:00Z,677,merged,supply,455.98,456.74,3,pivot
2023-07-26T16:00:00Z,650,age_expired,demand,428.84137887040504,429.67,4,
2023-07-26T19:00:00Z,677,touch,supply,455.98,456.74,3,
2023-07-26T20:00:00Z,677,rejection,supply,455.98,456.74,3,
2023-07-26T20:00:00Z,678,touch,demand,452.81,453.4469453972882,3,
2023-07-26T20:00:00Z,678,rejection,demand,452.81,453.4469453972882,3,
2023-07-27T14:30:00Z,677,broken,supply,455.98,456.74,3,
2023-07-27T16:00:00Z,651,age_expired,demand,425.82,426.6,3,
2023-07-27T16:00:00Z,678,merged,demand,452.81,454.1777539947015,4,pivot
2023-07-27T17:00:00Z,683,created,supply,459.02,459.44,1,pivot
2023-07-27T19:00:00Z,678,touch,demand,452.81,454.1777539947015,4,
2023-07-27T19:00:00Z,684,created,supply,457.45,458.6,1,order_block
2023-07-27T20:00:00Z,675,touch,demand,451.03,452.11463729379,4,
2023-07-27T20:00:00Z,675,rejection,demand,451.03,452.11463729379,4,
2023-07-27T20:00:00Z,678,broken,demand,452.81,454.1777539947015,4,
2023-07-27T20:00:00Z,680,touch,demand,452.17,452.32040821786666,2,
2023-07-27T20:00:00Z,680,rejection,demand,452.17,452.32040821786666,2,
2023-07-27T20:00:00Z,683,volume_confluence,supply,459.02,459.44,2,VAH:2023-07-27:459.275625
2023-07-27T20:00:00Z,683,qualified,supply,459.02,459.44,2,pivot|volume_profile
2023-07-27T20:00:00Z,684,volume_confluence,supply,457.45,458.6,2,POC:2023-07-27:458.618125
2023-07-27T20:00:00Z,684,qualified,supply,457.45,458.6,2,order_block|volume_profile
2023-07-28T15:00:00Z,677,role_flip_retest,demand,455.98,456.74,4,
2023-07-28T16:00:00Z,677,rejection,demand,455.98,456.74,4,
2023-07-28T16:00:00Z,684,touch,supply,457.45,458.6,2,
2023-07-28T16:00:00Z,680,merged,demand,451.55,452.48,3,pivot
2023-07-28T17:00:00Z,684,rejection,supply,457.45,458.6,2,
2023-07-28T18:00:00Z,677,touch,demand,455.98,456.74,4,
2023-07-28T19:00:00Z,677,rejection,demand,455.98,456.74,4,
2023-07-28T20:00:00Z,677,rejection,demand,455.98,456.74,4,
2023-07-31T14:30:00Z,677,rejection,demand,455.98,456.74,4,
2023-07-31T14:30:00Z,684,touch,supply,457.45,458.6,2,
2023-07-31T14:30:00Z,684,rejection,supply,457.45,458.6,2,
2023-07-31T15:00:00Z,677,rejection,demand,455.98,456.74,4,
2023-07-31T16:00:00Z,677,rejection,demand,455.98,456.74,4,
2023-07-31T16:00:00Z,684,rejection,supply,457.45,458.6,2,
2023-07-31T17:00:00Z,684,merged,supply,457.41,458.6,3,pivot
2023-07-31T18:00:00Z,677,rejection,demand,455.98,456.74,4,
2023-07-31T19:00:00Z,677,rejection,demand,455.98,456.74,4,
2023-07-31T20:00:00Z,677,rejection,demand,455.98,456.74,4,
2023-07-31T20:00:00Z,684,touch,supply,457.41,458.6,3,
2023-08-01T14:30:00Z,677,rejection,demand,455.98,456.74,4,
2023-08-01T16:00:00Z,684,merged,supply,457.41,458.6,4,pivot
2023-08-01T20:00:00Z,688,created,demand,455.49,456.14,1,pivot
2023-08-01T20:00:00Z,688,volume_confluence,demand,455.49,456.14,2,POC:2023-07-25:455.723542
2023-08-01T20:00:00Z,688,qualified,demand,455.49,456.14,2,pivot|volume_profile
2023-08-02T14:30:00Z,677,broken,demand,455.98,456.74,4,
2023-08-02T14:30:00Z,680,touch,demand,451.55,452.48,3,
2023-08-02T14:30:00Z,680,rejection,demand,451.55,452.48,3,
2023-08-02T14:30:00Z,688,broken,demand,455.49,456.14,2,
2023-08-02T15:00:00Z,675,broken,demand,451.03,452.11463729379,4,
2023-08-02T15:00:00Z,678,role_flip_retest,supply,452.81,454.1777539947015,4,
2023-08-02T15:00:00Z,680,broken,demand,451.55,452.48,3,
2023-08-02T15:00:00Z,689,created,supply,456.44,456.97,1,order_block
2023-08-02T15:00:00Z,689,volume_confluence,supply,456.44,456.97,2,POC:2023-07-28:456.590000
2023-08-02T15:00:00Z,689,qualified,supply,456.44,456.97,2,order_block|volume_profile
2023-08-02T16:00:00Z,675,role_flip_retest,supply,451.03,452.11463729379,4,
2023-08-02T16:00:00Z,680,role_flip_retest,supply,451.55,452.48,4,
2023-08-02T17:00:00Z,675,rejection,supply,451.03,452.11463729379,4,
2023-08-02T18:00:00Z,675,rejection,supply,451.03,452.11463729379,4,
2023-08-02T19:00:00Z,675,rejection,supply,451.03,452.11463729379,4,
2023-08-03T14:30:00Z,676,touch,demand,448.49,449.0933884077378,2,
2023-08-03T16:00:00Z,676,rejection,demand,448.49,449.0933884077378,2,
2023-08-03T18:00:00Z,690,created,demand,447.37,448.2057154435587,1,pivot
2023-08-03T20:00:00Z,676,touch,demand,448.49,449.0933884077378,2,
2023-08-03T20:00:00Z,690,volume_confluence,demand,447.37,448.2057154435587,2,VAL:2023-08-03:448.438750
2023-08-03T20:00:00Z,690,qualified,demand,447.37,448.2057154435587,2,pivot|volume_profile
2023-08-04T14:30:00Z,675,touch,supply,451.03,452.11463729379,4,
2023-08-04T14:30:00Z,675,rejection,supply,451.03,452.11463729379,4,
2023-08-04T14:30:00Z,680,touch,supply,451.55,452.48,4,
2023-08-04T14:30:00Z,680,rejection,supply,451.55,452.48,4,
2023-08-04T15:00:00Z,676,touch,demand,448.49,449.0933884077378,2,
2023-08-04T15:00:00Z,676,rejection,demand,448.49,449.0933884077378,2,
2023-08-04T16:00:00Z,680,touch,supply,451.55,452.48,4,
2023-08-04T17:00:00Z,675,broken,supply,451.03,452.11463729379,4,
2023-08-04T17:00:00Z,678,touch,supply,452.81,454.1777539947015,4,
2023-08-04T17:00:00Z,678,rejection,supply,452.81,454.1777539947015,4,
2023-08-04T17:00:00Z,680,broken,supply,451.55,452.48,4,
2023-08-04T18:00:00Z,655,age_expired,demand,437.72,439.07,4,
2023-08-04T18:00:00Z,676,merged,demand,448.49,449.65872472805574,3,pivot
2023-08-04T19:00:00Z,676,broken,demand,448.49,449.65872472805574,3,
2023-08-04T19:00:00Z,690,broken,demand,447.37,448.2057154435587,2,
2023-08-04T19:00:00Z,692,created,supply,451.82,452.9,1,order_block
2023-08-04T19:00:00Z,692,volume_confluence,supply,451.82,452.9,2,VAH:2023-08-02:451.691250
2023-08-04T19:00:00Z,692,qualified,supply,451.82,452.9,2,order_block|volume_profile
2023-08-04T20:00:00Z,690,role_flip_retest,supply,447.37,448.2057154435587,3,
2023-08-04T20:00:00Z,692,merged,supply,451.82,452.9,3,pivot
2023-08-07T14:30:00Z,656,age_expired,demand,433.59,434.4732743796836,4,
2023-08-07T14:30:00Z,690,broken,supply,447.37,448.2057154435587,3,
2023-08-07T15:00:00Z,690,role_flip_retest,demand,447.37,448.2057154435587,3,
2023-08-07T16:00:00Z,694,created,demand,446.27,446.8,1,pivot
2023-08-08T14:30:00Z,690,broken,demand,447.37,448.2057154435587,3,
2023-08-08T14:30:00Z,694,touch,demand,446.27,446.8,1,
2023-08-08T15:00:00Z,694,broken,demand,446.27,446.8,1,
2023-08-08T16:00:00Z,694,role_flip_retest,supply,446.27,446.8,2,
2023-08-08T16:00:00Z,695,created,supply,450.6616221766977,450.87,1,pivot
2023-08-08T16:00:00Z,695,volume_confluence,supply,450.6616221766977,450.87,2,POC:2023-08-02:450.472083
2023-08-08T16:00:00Z,695,qualified,supply,450.6616221766977,450.87,2,pivot|volume_profile
2023-08-08T18:00:00Z,690,role_flip_retest,supply,447.37,448.2057154435587,3,
2023-08-08T18:00:00Z,694,broken,supply,446.27,446.8,2,
2023-08-08T19:00:00Z,676,role_flip_retest,supply,448.49,449.65872472805574,4,
2023-08-08T19:00:00Z,690,broken,supply,447.37,448.2057154435587,3,
2023-08-08T19:00:00Z,696,created,demand,445.27,445.54,1,pivot
2023-08-08T20:00:00Z,690,role_flip_retest,demand,447.37,448.2057154435587,3,
2023-08-08T20:00:00Z,696,volume_confluence,demand,445.27,445.54,2,VAL:2023-08-08:445.352500
2023-08-08T20:00:00Z,696,qualified,demand,445.27,445.54,2,pivot|volume_profile
2023-08-09T14:30:00Z,676,rejection,supply,448.49,449.65872472805574,4,
2023-08-09T14:30:00Z,690,rejection,demand,447.37,448.2057154435587,3,
2023-08-09T15:00:00Z,676,rejection,supply,448.49,449.65872472805574,4,
2023-08-09T16:00:00Z,690,broken,demand,447.37,448.2057154435587,3,
2023-08-09T16:00:00Z,696,touch,demand,445.27,445.54,2,
2023-08-09T16:00:00Z,676,merged,supply,448.49,449.65872472805574,4,pivot
2023-08-09T17:00:00Z,658,age_expired,demand,434.33,435.76,4,
2023-08-09T17:00:00Z,696,rejection,demand,445.27,445.54,2,
2023-08-09T18:00:00Z,694,role_flip_retest,demand,446.27,446.8,2,
2023-08-09T18:00:00Z,694,volume_confluence,demand,446.27,446.8,3,POC:2023-08-08:446.507500
2023-08-09T18:00:00Z,694,qualified,demand,446.27,446.8,3,pivot|role_flip|volume_profile
2023-08-09T19:00:00Z,676,touch,supply,448.49,449.65872472805574,4,
2023-08-09T19:00:00Z,676,rejection,supply,448.49,449.65872472805574,4,
2023-08-09T19:00:00Z,696,merged,demand,444.97,445.54,3,pivot
2023-08-09T20:00:00Z,677,broken_zone_expired,demand,455.98,456.74,4,
2023-08-09T20:00:00Z,688,broken_zone_expired,demand,455.49,456.14,2,
2023-08-09T20:00:00Z,690,role_flip_retest,supply,447.37,448.2057154435587,3,
2023-08-09T20:00:00Z,694,broken,demand,446.27,446.8,3,
2023-08-09T20:00:00Z,696,touch,demand,444.97,445.54,3,
2023-08-09T20:00:00Z,696,rejection,demand,444.97,445.54,3,
2023-08-10T14:30:00Z,676,broken,supply,448.49,449.65872472805574,4,
2023-08-10T14:30:00Z,690,broken,supply,447.37,448.2057154435587,3,
2023-08-10T14:30:00Z,695,broken,supply,450.6616221766977,450.87,2,
2023-08-10T14:30:00Z,699,created,demand,445.43,447.42501693312033,1,order_block
2023-08-10T14:30:00Z,699,volume_confluence,demand,445.43,447.42501693312033,2,POC:2023-08-08:446.507500
2023-08-10T14:30:00Z,699,qualified,demand,445.43,447.42501693312033,2,order_block|volume_profile
2023-08-10T16:00:00Z,699,touch,demand,445.43,447.42501693312033,2,
2023-08-10T16:00:00Z,699,rejection,demand,445.43,447.42501693312033,2,
2023-08-10T18:00:00Z,694,role_flip_retest,supply,446.27,446.8,3,
2023-08-10T18:00:00Z,696,broken,demand,444.97,445.54,3,
2023-08-10T18:00:00Z,699,broken,demand,445.43,447.42501693312033,2,
2023-08-10T18:00:00Z,692,merged,supply,451.22,452.9,4,pivot
2023-08-10T19:00:00Z,694,broken,supply,446.27,446.8,3,
2023-08-11T14:30:00Z,660,age_expired,demand,436.15,437.44,4,
2023-08-11T15:00:00Z,699,role_flip_retest,supply,445.43,447.42501693312033,3,
2023-08-11T16:00:00Z,699,rejection,supply,445.43,447.42501693312033,3,
2023-08-11T17:00:00Z,696,role_flip_retest,supply,444.97,445.54,4,
2023-08-11T17:00:00Z,699,rejection,supply,445.43,447.42501693312033,3,
2023-08-11T17:00:00Z,701,created,demand,443.34,443.97,1,pivot
2023-08-11T18:00:00Z,696,rejection,supply,444.97,445.54,4,
2023-08-11T18:00:00Z,699,rejection,supply,445.43,447.42501693312033,3,
2023-08-11T19:00:00Z,696,broken,supply,444.97,445.54,4,
2023-08-11T20:00:00Z,696,role_flip_retest,demand,444.97,445.54,4,
2023-08-11T20:00:00Z,701,volume_confluence,demand,443.34,443.97,2,VAL:2023-08-11:444.533542
2023-08-11T20:00:00Z,701,qualified,demand,443.34,443.97,2,pivot|volume_profile
2023-08-14T15:00:00Z,694,role_flip_retest,demand,446.27,446.8,3,
2023-08-14T15:00:00Z,696,rejection,demand,444.97,445.54,4,
2023-08-14T15:00:00Z,699,touch,supply,445.43,447.42501693312033,3,
2023-08-14T16:00:00Z,663,age_expired,demand,432.71,432.93,3,
2023-08-14T16:00:00Z,675,broken_zone_expired,supply,451.03,452.11463729379,4,
2023-08-14T16:00:00Z,680,broken_zone_expired,supply,451.55,452.48,4,
2023-08-14T16:00:00Z,694,rejection,demand,446.27,446.8,3,
2023-08-14T17:00:00Z,694,rejection,demand,446.27,446.8,3,
2023-08-14T18:00:00Z,694,rejection,demand,446.27,446.8,3,
2023-08-14T19:00:00Z,702,created,supply,447.23,447.76,1,pivot
2023-08-14T19:00:00Z,702,volume_confluence,supply,447.23,447.76,2,POC:2023-08-09:447.349375
2023-08-14T19:00:00Z,702,qualified,supply,447.23,447.76,2,pivot|volume_profile
2023-08-14T20:00:00Z,694,rejection,demand,446.27,446.8,3,
2023-08-14T20:00:00Z,699,broken,supply,445.43,447.42501693312033,3,
2023-08-14T20:00:00Z,702,broken,supply,447.23,447.76,2,
2023-08-15T14:30:00Z,694,broken,demand,446.27,446.8,3,
2023-08-15T14:30:00Z,696,touch,demand,444.97,445.54,4,
2023-08-15T15:00:00Z,696,broken,demand,444.97,445.54,4,
2023-08-15T15:00:00Z,701,touch,demand,443.34,443.97,2,
2023-08-15T16:00:00Z,701,rejection,demand,443.34,443.97,2,
2023-08-15T16:00:00Z,703,created,supply,447.8990504106417,448.11,1,pivot
2023-08-15T16:00:00Z,703,volume_confluence,supply,447.8990504106417,448.11,2,VAH:2023-08-08:447.827500
2023-08-15T16:00:00Z,703,qualified,supply,447.8990504106417,448.11,2,pivot|volume_profile
2023-08-15T17:00:00Z,696,role_flip_retest,supply,444.97,445.54,4,
2023-08-15T17:00:00Z,701,rejection,demand,443.34,443.97,2,
2023-08-15T18:00:00Z,701,rejection,demand,443.34,443.97,2,
2023-08-15T18:00:00Z,701,merged,demand,443.34,443.97,3,pivot
2023-08-15T19:00:00Z,701,rejection,demand,443.34,443.97,3,
2023-08-15T20:00:00Z,701,broken,demand,443.34,443.97,3,
2023-08-16T15:00:00Z,664,age_expired,demand,431.19,431.43,2,
2023-08-16T16:00:00Z,701,role_flip_retest,supply,443.34,443.97,4,
2023-08-16T20:00:00Z,671,touch,demand,438.82,440.10004248011677,3,
2023-08-16T20:00:00Z,705,created,supply,441.77,442.62,1,order_block
2023-08-16T20:00:00Z,705,volume_confluence,supply,441.77,442.62,2,POC:2023-08-16:441.758125
2023-08-16T20:00:00Z,705,qualified,supply,441.77,442.62,2,order_block|volume_profile
2023-08-17T14:30:00Z,671,rejection,demand,438.82,440.10004248011677,3,
2023-08-17T17:00:00Z,671,rejection,demand,438.82,440.10004248011677,3,
2023-08-17T19:00:00Z,670,touch,demand,437.06,437.21221402940307,2,
2023-08-17T19:00:00Z,671,broken,demand,438.82,440.10004248011677,3,
2023-08-17T19:00:00Z,673,broken,demand,437.58,438.2695563853755,2,
2023-08-17T20:00:00Z,670,broken,demand,437.06,437.21221402940307,2,
2023-08-17T20:00:00Z,676,broken_zone_expired,supply,448.49,449.65872472805574,4,
2023-08-17T20:00:00Z,690,broken_zone_expired,supply,447.37,448.2057154435587,3,
2023-08-17T20:00:00Z,695,broken_zone_expired,supply,450.6616221766977,450.87,2,
2023-08-18T17:00:00Z,706,created,demand,433.01,433.37,1,pivot
2023-08-18T20:00:00Z,670,role_flip_retest,supply,437.06,437.21221402940307,3,
2023-08-21T14:30:00Z,670,broken,supply,437.06,437.21221402940307,3,
2023-08-21T15:00:00Z,671,role_flip_retest,supply,438.82,440.10004248011677,3,
2023-08-21T15:00:00Z,673,role_flip_retest,supply,437.58,438.2695563853755,3,
2023-08-21T17:00:00Z,670,role_flip_retest,demand,437.06,437.21221402940307,3,
2023-08-21T18:00:00Z,670,rejection,demand,437.06,437.21221402940307,3,
2023-08-21T18:00:00Z,673,touch,supply,437.58,438.2695563853755,3,
2023-08-21T18:00:00Z,671,merged,supply,438.6757060615852,440.10004248011677,4,pivot
2023-08-21T19:00:00Z,671,touch,supply,438.6757060615852,440.10004248011677,4,
2023-08-21T19:00:00Z,673,broken,supply,437.58,438.2695563853755,3,
2023-08-22T17:00:00Z,673,role_flip_retest,demand,437.58,438.2695563853755,3,
2023-08-22T17:00:00Z,708,created,supply,440.97774067079484,441.18,1,pivot
2023-08-22T17:00:00Z,708,volume_confluence,supply,440.97774067079484,441.18,2,VAH:2023-08-17:440.838333
2023-08-22T17:00:00Z,708,qualified,supply,440.97774067079484,441.18,2,pivot|volume_profile
2023-08-22T18:00:00Z,671,rejection,supply,438.6757060615852,440.10004248011677,4,
2023-08-22T19:00:00Z,671,rejection,supply,438.6757060615852,440.10004248011677,4,
2023-08-22T19:00:00Z,673,rejection,demand,437.58,438.2695563853755,3,
2023-08-22T19:00:00Z,699,broken_zone_expired,supply,445.43,447.42501693312033,3,
2023-08-22T19:00:00Z,702,broken_zone_expired,supply,447.23,447.76,2,
2023-08-22T20:00:00Z,671,rejection,supply,438.6757060615852,440.10004248011677,4,
2023-08-22T20:00:00Z,694,broken_zone_expired,demand,446.27,446.8,3,
2023-08-23T14:30:00Z,671,broken,supply,438.6757060615852,440.10004248011677,4,
2023-08-23T15:00:00Z,705,touch,supply,441.77,442.62,2,
2023-08-23T15:00:00Z,708,broken,supply,440.97774067079484,441.18,2,
2023-08-23T16:00:00Z,673,merged,demand,437.57,438.2695563853755,4,pivot
2023-08-23T18:00:00Z,701,touch,supply,443.34,443.97,4,
2023-08-23T18:00:00Z,705,broken,supply,441.77,442.62,2,
2023-08-23T19:00:00Z,701,rejection,supply,443.34,443.97,4,
2023-08-23T19:00:00Z,705,role_flip_retest,demand,441.77,442.62,3,
2023-08-23T20:00:00Z,701,rejection,supply,443.34,443.97,4,
2023-08-23T20:00:00Z,705,rejection,demand,441.77,442.62,3,
2023-08-24T14:30:00Z,696,touch,supply,444.97,445.54,4,
2023-08-24T14:30:00Z,696,rejection,supply,444.97,445.54,4,
2023-08-24T14:30:00Z,701,broken,supply,443.34,443.97,4,
2023-08-24T15:00:00Z,670,age_expired,demand,437.06,437.21221402940307,3,
2023-08-24T15:00:00Z,696,rejection,supply,444.97,445.54,4,
2023-08-24T15:00:00Z,705,broken,demand,441.77,442.62,3,
2023-08-24T18:00:00Z,696,merged,supply,444.96,445.54,4,pivot
2023-08-24T20:00:00Z,673,broken,demand,437.57,438.2695563853755,4,
2023-08-24T20:00:00Z,711,created,supply,439.21,440.82,1,order_block
2023-08-24T20:00:00Z,711,volume_confluence,supply,439.21,440.82,2,POC:2023-08-17:439.891667
2023-08-24T20:00:00Z,711,qualified,supply,439.21,440.82,2,order_block|volume_profile
2023-08-25T14:30:00Z,711,touch,supply,439.21,440.82,2,
2023-08-25T14:30:00Z,711,rejection,supply,439.21,440.82,2,
2023-08-25T15:00:00Z,673,role_flip_retest,supply,437.57,438.2695563853755,4,
2023-08-25T15:00:00Z,711,rejection,supply,439.21,440.82,2,
2023-08-25T15:00:00Z,673,merged,supply,437.57,439.5,5,order_block
2023-08-25T16:00:00Z,673,rejection,supply,437.57,439.5,5,
2023-08-25T18:00:00Z,711,merged,supply,439.21,441.2,3,pivot
2023-08-25T19:00:00Z,671,role_flip_retest,demand,438.6757060615852,440.10004248011677,4,
2023-08-25T19:00:00Z,673,broken,supply,437.57,439.5,5,
2023-08-25T19:00:00Z,711,touch,supply,439.21,441.2,3,
2023-08-25T19:00:00Z,714,created,demand,435.0,435.26410505666877,1,pivot
2023-08-25T19:00:00Z,714,volume_confluence,demand,435.0,435.26410505666877,2,POC:2023-08-18:435.575000
2023-08-25T19:00:00Z,714,qualified,demand,435.0,435.26410505666877,2,pivot|volume_profile
2023-08-25T20:00:00Z,671,age_expired,demand,438.6757060615852,440.10004248011677,4,
2023-08-28T14:30:00Z,711,broken,supply,439.21,441.2,3,
2023-08-28T16:00:00Z,705,role_flip_retest,supply,441.77,442.62,3,
2023-08-28T16:00:00Z,708,role_flip_retest,demand,440.97774067079484,441.18,3,
2023-08-28T16:00:00Z,711,role_flip_retest,demand,439.21,441.2,4,
2023-08-28T17:00:00Z,708,rejection,demand,440.97774067079484,441.18,3,
2023-08-28T17:00:00Z,711,rejection,demand,439.21,441.2,4,
2023-08-28T18:00:00Z,705,rejection,supply,441.77,442.62,3,
2023-08-28T19:00:00Z,708,rejection,demand,440.97774067079484,441.18,3,
2023-08-28T19:00:00Z,711,rejection,demand,439.21,441.2,4,
2023-08-29T14:30:00Z,705,broken,supply,441.77,442.62,3,
2023-08-29T15:00:00Z,696,broken,supply,444.96,445.54,4,
2023-08-29T15:00:00Z,701,role_flip_retest,demand,443.34,443.97,4,
2023-08-29T16:00:00Z,703,touch,supply,447.8990504106417,448.11,2,
2023-08-29T16:00:00Z,703,rejection,supply,447.8990504106417,448.11,2,
2023-08-29T19:00:00Z,703,broken,supply,447.8990504106417,448.11,2,
2023-08-30T14:30:00Z,692,touch,supply,451.22,452.9,4,
2023-08-30T15:00:00Z,692,rejection,supply,451.22,452.9,4,
2023-08-30T17:00:00Z,692,touch,supply,451.22,452.9,4,
2023-08-30T18:00:00Z,692,rejection,supply,451.22,452.9,4,
2023-08-30T19:00:00Z,692,rejection,supply,451.22,452.9,4,
2023-08-30T20:00:00Z,692,rejection,supply,451.22,452.9,4,
2023-08-30T20:00:00Z,692,merged,supply,451.22,452.9,4,pivot
2023-08-31T15:00:00Z,678,touch,supply,452.81,454.1777539947015,4,
2023-08-31T15:00:00Z,678,rejection,supply,452.81,454.1777539947015,4,
2023-08-31T17:00:00Z,692,rejection,supply,451.22,452.9,4,
2023-08-31T18:00:00Z,716,created,supply,452.43,452.83,1,pivot
2023-08-31T19:00:00Z,692,rejection,supply,451.22,452.9,4,
2023-08-31T20:00:00Z,692,rejection,supply,451.22,452.9,4,
2023-08-31T20:00:00Z,716,volume_confluence,supply,452.43,452.83,2,VAH:2023-08-31:452.218125
2023-08-31T20:00:00Z,716,qualified,supply,452.43,452.83,2,pivot|volume_profile
2023-09-01T14:30:00Z,678,touch,supply,452.81,454.1777539947015,4,
2023-09-01T14:30:00Z,678,rejection,supply,452.81,454.1777539947015,4,
2023-09-01T14:30:00Z,716,touch,supply,452.43,452.83,2,
2023-09-01T14:30:00Z,716,rejection,supply,452.43,452.83,2,
2023-09-01T15:00:00Z,678,rejection,supply,452.81,454.1777539947015,4,
2023-09-01T15:00:00Z,692,rejection,supply,451.22,452.9,4,
2023-09-01T15:00:00Z,716,rejection,supply,452.43,452.83,2,
2023-09-01T16:00:00Z,692,rejection,supply,451.22,452.9,4,
2023-09-01T17:00:00Z,678,merged,supply,452.81,454.1777539947015,4,pivot
2023-09-01T20:00:00Z,692,touch,supply,451.22,452.9,4,
2023-09-01T20:00:00Z,692,rejection,supply,451.22,452.9,4,
2023-09-01T20:00:00Z,718,created,demand,449.68,449.88,1,pivot
2023-09-01T20:00:00Z,718,volume_confluence,demand,449.68,449.88,2,VAL:2023-09-01:449.763125
2023-09-01T20:00:00Z,718,qualified,demand,449.68,449.88,2,pivot|volume_profile
2023-09-05T14:30:00Z,718,broken,demand,449.68,449.88,2,
2023-09-05T18:00:00Z,673,broken_zone_expired,supply,437.57,439.5,5,
2023-09-05T18:00:00Z,719,created,demand,449.17,449.59,1,pivot
2023-09-05T18:00:00Z,719,volume_confluence,demand,449.17,449.59,2,VAH:2023-08-29:449.304375
2023-09-05T18:00:00Z,719,qualified,demand,449.17,449.59,2,pivot|volume_profile
2023-09-05T20:00:00Z,718,role_flip_retest,supply,449.68,449.88,3,
2023-09-05T20:00:00Z,719,touch,demand,449.17,449.59,2,
2023-09-06T14:30:00Z,719,broken,demand,449.17,449.59,2,
2023-09-06T15:00:00Z,718,merged,supply,449.68,450.64,4,order_block
2023-09-06T16:00:00Z,696,role_flip_retest,demand,444.96,445.54,4,
2023-09-06T17:00:00Z,696,broken,demand,444.96,445.54,4,
2023-09-06T18:00:00Z,701,touch,demand,443.34,443.97,4,
2023-09-06T18:00:00Z,701,rejection,demand,443.34,443.97,4,
2023-09-06T20:00:00Z,705,broken_zone_expired,supply,441.77,442.62,3,
2023-09-07T14:30:00Z,701,touch,demand,443.34,443.97,4,
2023-09-07T15:00:00Z,701,rejection,demand,443.34,443.97,4,
2023-09-07T16:00:00Z,696,role_flip_retest,supply,444.96,445.54,4,
2023-09-07T16:00:00Z,701,rejection,demand,443.34,443.97,4,
2023-09-07T17:00:00Z,696,rejection,supply,444.96,445.54,4,
2023-09-07T17:00:00Z,701,rejection,demand,443.34,443.97,4,
2023-09-07T18:00:00Z,703,broken_zone_expired,supply,447.8990504106417,448.11,2,
2023-09-07T18:00:00Z,701,merged,demand,442.75,443.97,4,pivot
2023-09-07T20:00:00Z,696,rejection,supply,444.96,445.54,4,
2023-09-08T14:30:00Z,678,age_expired,supply,452.81,454.1777539947015,4,
2023-09-08T14:30:00Z,696,broken,supply,444.96,445.54,4,
2023-09-08T18:00:00Z,696,role_flip_retest,demand,444.96,445.54,4,
2023-09-08T18:00:00Z,722,created,supply,446.36722836200545,447.11,1,pivot
2023-09-08T18:00:00Z,722,volume_confluence,supply,446.36722836200545,447.11,2,VAH:2023-09-06:446.453750
2023-09-08T18:00:00Z,722,qualified,supply,446.36722836200545,447.11,2,pivot|volume_profile
2023-09-11T14:30:00Z,722,touch,supply,446.36722836200545,447.11,2,
2023-09-11T16:00:00Z,696,merged,demand,444.53,445.54,4,pivot
2023-09-11T17:00:00Z,722,broken,supply,446.36722836200545,447.11,2,
2023-09-11T17:00:00Z,724,created,supply,448.24,448.77,1,pivot
2023-09-11T18:00:00Z,724,touch,supply,448.24,448.77,1,
2023-09-11T20:00:00Z,724,volume_confluence,supply,448.24,448.77,2,VAH:2023-09-11:448.721875
2023-09-11T20:00:00Z,724,qualified,supply,448.24,448.77,2,pivot|volume_profile
2023-09-12T14:30:00Z,722,role_flip_retest,demand,446.36722836200545,447.11,3,
2023-09-12T15:00:00Z,722,broken,demand,446.36722836200545,447.11,3,
2023-09-12T16:00:00Z,724,merged,supply,448.24,448.77,3,pivot
2023-09-12T18:00:00Z,724,touch,supply,448.24,448.77,3,
2023-09-12T18:00:00Z,724,rejection,supply,448.24,448.77,3,
2023-09-12T19:00:00Z,722,role_flip_retest,supply,446.36722836200545,447.11,3,
2023-09-12T20:00:00Z,696,touch,demand,444.53,445.54,4,
2023-09-12T20:00:00Z,696,rejection,demand,444.53,445.54,4,
2023-09-13T14:30:00Z,722,touch,supply,446.36722836200545,447.11,3,
2023-09-13T15:00:00Z,696,touch,demand,444.53,445.54,4,
2023-09-13T15:00:00Z,696,rejection,demand,444.53,445.54,4,
2023-09-13T16:00:00Z,722,broken,supply,446.36722836200545,447.11,3,
2023-09-13T17:00:00Z,722,role_flip_retest,demand,446.36722836200545,447.11,3,
2023-09-13T18:00:00Z,696,merged,demand,444.53,445.7305459276731,4,pivot
2023-09-13T19:00:00Z,696,touch,demand,444.53,445.7305459276731,4,
2023-09-13T19:00:00Z,696,rejection,demand,444.53,445.7305459276731,4,
2023-09-13T19:00:00Z,722,broken,demand,446.36722836200545,447.11,3,
2023-09-13T20:00:00Z,696,rejection,demand,444.53,445.7305459276731,4,
2023-09-13T20:00:00Z,719,broken_zone_expired,demand,449.17,449.59,2,
2023-09-14T14:30:00Z,724,broken,supply,448.24,448.77,3,
2023-09-14T15:00:00Z,724,role_flip_retest,demand,448.24,448.77,4,
2023-09-14T16:00:00Z,718,touch,supply,449.68,450.64,4,
2023-09-14T20:00:00Z,683,age_expired,supply,459.02,459.44,2,
2023-09-15T14:30:00Z,724,broken,demand,448.24,448.77,4,
2023-09-15T15:00:00Z,684,age_expired,supply,457.41,458.6,4,
2023-09-15T15:00:00Z,696,touch,demand,444.53,445.7305459276731,4,
2023-09-15T15:00:00Z,722,role_flip_retest,supply,446.36722836200545,447.11,3,
2023-09-15T15:00:00Z,718,merged,supply,449.68,450.64,4,order_block
2023-09-15T16:00:00Z,718,merged,supply,449.68,451.08,5,pivot
2023-09-15T18:00:00Z,696,broken,demand,444.53,445.7305459276731,4,
2023-09-15T18:00:00Z,701,touch,demand,442.75,443.97,4,
2023-09-18T16:00:00Z,701,rejection,demand,442.75,443.97,4,
2023-09-18T17:00:00Z,696,role_flip_retest,supply,444.53,445.7305459276731,4,
2023-09-18T17:00:00Z,729,created,demand,442.56,443.04,1,pivot
2023-09-18T17:00:00Z,729,volume_confluence,demand,442.56,443.04,2,VAL:2023-09-15:443.015000
2023-09-18T17:00:00Z,729,qualified,demand,442.56,443.04,2,pivot|volume_profile
2023-09-18T18:00:00Z,696,rejection,supply,444.53,445.7305459276731,4,
2023-09-18T19:00:00Z,701,touch,demand,442.75,443.97,4,
2023-09-18T20:00:00Z,696,merged,supply,444.53,445.7305459276731,4,pivot
2023-09-19T14:30:00Z,701,broken,demand,442.75,443.97,4,
2023-09-19T14:30:00Z,729,broken,demand,442.56,443.04,2,
2023-09-19T15:00:00Z,708,broken,demand,440.97774067079484,441.18,3,
2023-09-19T15:00:00Z,711,touch,demand,439.21,441.2,4,
2023-09-19T15:00:00Z,731,created,supply,443.53,443.73,1,order_block
2023-09-19T15:00:00Z,731,volume_confluence,supply,443.53,443.73,2,POC:2023-09-18:443.313125
2023-09-19T15:00:00Z,731,qualified,supply,443.53,443.73,2,order_block|volume_profile
2023-09-19T16:00:00Z,708,role_flip_retest,supply,440.97774067079484,441.18,3,
2023-09-19T18:00:00Z,708,broken,supply,440.97774067079484,441.18,3,
2023-09-19T18:00:00Z,711,rejection,demand,439.21,441.2,4,
2023-09-19T19:00:00Z,701,role_flip_retest,supply,442.75,443.97,4,
2023-09-19T19:00:00Z,729,role_flip_retest,supply,442.56,443.04,3,
2023-09-19T20:00:00Z,732,created,demand,439.94,440.61,1,pivot
2023-09-19T20:00:00Z,732,volume_confluence,demand,439.94,440.61,2,VAL:2023-09-19:440.986875
2023-09-19T20:00:00Z,732,qualified,demand,439.94,440.61,2,pivot|volume_profile
2023-09-20T14:30:00Z,701,broken,supply,442.75,443.97,4,
2023-09-20T14:30:00Z,729,broken,supply,442.56,443.04,3,
2023-09-20T14:30:00Z,731,broken,supply,443.53,443.73,2,
2023-09-20T16:00:00Z,731,role_flip_retest,demand,443.53,443.73,3,
2023-09-20T17:00:00Z,731,rejection,demand,443.53,443.73,3,
2023-09-20T18:00:00Z,689,age_expired,supply,456.44,456.97,2,
2023-09-20T18:00:00Z,733,created,supply,444.11,444.44,1,pivot
2023-09-20T18:00:00Z,733,volume_confluence,supply,444.11,444.44,2,VAH:2023-09-18:444.116458
2023-09-20T18:00:00Z,733,qualified,supply,444.11,444.44,2,pivot|volume_profile
2023-09-20T19:00:00Z,731,broken,demand,443.53,443.73,3,
2023-09-20T20:00:00Z,711,broken,demand,439.21,441.2,4,
2023-09-20T20:00:00Z,732,broken,demand,439.94,440.61,2,
2023-09-20T20:00:00Z,733,merged,supply,443.74,444.44,3,order_block
2023-09-21T14:30:00Z,714,broken,demand,435.0,435.26410505666877,2,
2023-09-21T15:00:00Z,714,role_flip_retest,supply,435.0,435.26410505666877,3,
2023-09-21T19:00:00Z,706,touch,demand,433.01,433.37,1,
2023-09-21T20:00:00Z,706,broken,demand,433.01,433.37,1,
2023-09-22T16:00:00Z,706,role_flip_retest,supply,433.01,433.37,2,
2023-09-22T16:00:00Z,735,created,demand,431.23,431.41428561424163,1,pivot
2023-09-22T16:00:00Z,706,volume_confluence,supply,433.01,433.37,3,VAL:2023-09-21:433.106250
2023-09-22T16:00:00Z,706,qualified,supply,433.01,433.37,3,pivot|role_flip|volume_profile
2023-09-22T18:00:00Z,706,rejection,supply,433.01,433.37,3,
2023-09-22T18:00:00Z,735,touch,demand,431.23,431.41428561424163,1,
2023-09-22T18:00:00Z,735,rejection,demand,431.23,431.41428561424163,1,
2023-09-22T19:00:00Z,735,broken,demand,431.23,431.41428561424163,1,
2023-09-22T20:00:00Z,706,touch,supply,433.01,433.37,3,
2023-09-22T20:00:00Z,706,rejection,supply,433.01,433.37,3,
2023-09-22T20:00:00Z,724,broken_zone_expired,demand,448.24,448.77,4,
2023-09-22T20:00:00Z,735,role_flip_retest,supply,431.23,431.41428561424163,2,
2023-09-22T20:00:00Z,735,volume_confluence,supply,431.23,431.41428561424163,3,VAL:2023-09-22:431.274375
2023-09-22T20:00:00Z,735,qualified,supply,431.23,431.41428561424163,3,pivot|role_flip|volume_profile
2023-09-25T15:00:00Z,692,age_expired,supply,451.22,452.9,4,
2023-09-25T16:00:00Z,735,touch,supply,431.23,431.41428561424163,3,
2023-09-25T17:00:00Z,735,rejection,supply,431.23,431.41428561424163,3,
2023-09-25T17:00:00Z,736,created,demand,428.72,429.16,1,pivot
2023-09-25T19:00:00Z,735,rejection,supply,431.23,431.41428561424163,3,
2023-09-25T20:00:00Z,735,broken,supply,431.23,431.41428561424163,3,
2023-09-26T14:30:00Z,736,touch,demand,428.72,429.16,1,
2023-09-26T15:00:00Z,736,broken,demand,428.72,429.16,1,
2023-09-26T16:00:00Z,737,created,supply,432.0527317207429,432.27,1,pivot
2023-09-26T16:00:00Z,737,volume_confluence,supply,432.0527317207429,432.27,2,VAH:2023-09-25:431.752292
2023-09-26T16:00:00Z,737,qualified,supply,432.0527317207429,432.27,2,pivot|volume_profile
2023-09-27T15:00:00Z,696,age_expired,supply,444.53,445.7305459276731,4,
2023-09-27T17:00:00Z,708,broken_zone_expired,supply,440.97774067079484,441.18,3,
2023-09-27T20:00:00Z,701,broken_zone_expired,supply,442.75,443.97,4,
2023-09-27T20:00:00Z,729,broken_zone_expired,supply,442.56,443.04,3,
2023-09-28T14:30:00Z,738,created,demand,422.29,423.31,1,pivot
2023-09-28T18:00:00Z,731,broken_zone_expired,demand,443.53,443.73,3,
2023-09-28T18:00:00Z,736,role_flip_retest,supply,428.72,429.16,2,
2023-09-28T19:00:00Z,711,broken_zone_expired,demand,439.21,441.2,4,
2023-09-28T19:00:00Z,732,broken_zone_expired,demand,439.94,440.61,2,
2023-09-28T19:00:00Z,736,rejection,supply,428.72,429.16,2,
2023-09-28T20:00:00Z,736,rejection,supply,428.72,429.16,2,
2023-09-28T20:00:00Z,736,merged,supply,428.72,430.25,3,pivot
2023-09-28T20:00:00Z,736,qualified,supply,428.72,430.25,3,pivot|repeated_pivot|role_flip
2023-09-28T20:00:00Z,736,volume_confluence,supply,428.72,430.25,4,VAL:2023-09-25:429.977292
2023-09-29T14:30:00Z,736,broken,supply,428.72,430.25,4,
2023-09-29T15:00:00Z,736,role_flip_retest,demand,428.72,430.25,4,
2023-09-29T17:00:00Z,736,broken,demand,428.72,430.25,4,
2023-09-29T17:00:00Z,737,merged,supply,431.6058171113202,432.27,3,pivot
2023-09-29T20:00:00Z,736,role_flip_retest,supply,428.72,430.25,4,
2023-10-02T20:00:00Z,741,created,demand,424.46,424.82,1,pivot
2023-10-02T20:00:00Z,741,volume_confluence,demand,424.46,424.82,2,VAL:2023-10-02:424.546250
2023-10-02T20:00:00Z,741,qualified,demand,424.46,424.82,2,pivot|volume_profile
2023-10-03T15:00:00Z,738,broken,demand,422.29,423.31,1,
2023-10-03T15:00:00Z,741,broken,demand,424.46,424.82,2,
2023-10-03T15:00:00Z,742,created,supply,425.06,426.65,1,order_block
2023-10-03T15:00:00Z,742,volume_confluence,supply,425.06,426.65,2,POC:2023-09-26:425.920000
2023-10-03T15:00:00Z,742,qualified,supply,425.06,426.65,2,order_block|volume_profile
2023-10-03T17:00:00Z,738,role_flip_retest,supply,422.29,423.31,2,
2023-10-03T18:00:00Z,738,rejection,supply,422.29,423.31,2,
2023-10-03T19:00:00Z,735,broken_zone_expired,supply,431.23,431.41428561424163,3,
2023-10-03T20:00:00Z,738,volume_confluence,supply,422.29,423.31,3,VAH:2023-10-03:422.471458
2023-10-03T20:00:00Z,738,qualified,supply,422.29,423.31,3,pivot|role_flip|volume_profile
2023-10-04T14:30:00Z,738,touch,supply,422.29,423.31,3,
2023-10-04T15:00:00Z,738,rejection,supply,422.29,423.31,3,
2023-10-04T15:00:00Z,743,created,demand,420.18,420.9,1,pivot
2023-10-04T15:00:00Z,743,volume_confluence,demand,420.18,420.9,2,VAL:2023-10-03:420.314792
2023-10-04T15:00:00Z,743,qualified,demand,420.18,420.9,2,pivot|volume_profile
2023-10-04T16:00:00Z,738,broken,supply,422.29,423.31,3,
2023-10-04T16:00:00Z,743,touch,demand,420.18,420.9,2,
2023-10-04T16:00:00Z,743,rejection,demand,420.18,420.9,2,
2023-10-04T17:00:00Z,738,role_flip_retest,demand,422.29,423.31,3,
2023-10-04T20:00:00Z,738,rejection,demand,422.29,423.31,3,
2023-10-04T20:00:00Z,742,touch,supply,425.06,426.65,2,
2023-10-04T20:00:00Z,742,rejection,supply,425.06,426.65,2,
2023-10-05T14:30:00Z,741,role_flip_retest,supply,424.46,424.82,3,
2023-10-05T14:30:00Z,742,rejection,supply,425.06,426.65,2,
2023-10-05T15:00:00Z,738,broken,demand,422.29,423.31,3,
2023-10-05T16:00:00Z,738,role_flip_retest,supply,422.29,423.31,3,
2023-10-05T16:00:00Z,741,merged,supply,424.46,425.43,4,pivot
2023-10-05T18:00:00Z,738,broken,supply,422.29,423.31,3,
2023-10-05T19:00:00Z,741,touch,supply,424.46,425.43,4,
2023-10-05T19:00:00Z,742,touch,supply,425.06,426.65,2,
2023-10-05T19:00:00Z,742,rejection,supply,425.06,426.65,2,
2023-10-05T19:00:00Z,743,merged,demand,420.18,421.98,3,pivot
2023-10-05T20:00:00Z,741,rejection,supply,424.46,425.43,4,
2023-10-05T20:00:00Z,742,rejection,supply,425.06,426.65,2,
2023-10-06T14:30:00Z,743,touch,demand,420.18,421.98,3,
2023-10-06T15:00:00Z,738,role_flip_retest,demand,422.29,423.31,3,
2023-10-06T15:00:00Z,743,rejection,demand,420.18,421.98,3,
2023-10-06T15:00:00Z,741,merged,supply,424.46,425.43,4,pivot
2023-10-06T16:00:00Z,736,touch,supply,428.72,430.25,4,
2023-10-06T16:00:00Z,741,broken,supply,424.46,425.43,4,
2023-10-06T16:00:00Z,742,broken,supply,425.06,426.65,2,
2023-10-06T16:00:00Z,743,merged,demand,420.18,421.98,4,order_block
2023-10-06T17:00:00Z,736,rejection,supply,428.72,430.25,4,
2023-10-06T18:00:00Z,743,merged,demand,420.18,421.98,4,pivot
2023-10-06T19:00:00Z,736,broken,supply,428.72,430.25,4,
2023-10-06T20:00:00Z,706,age_expired,supply,433.01,433.37,3,
2023-10-09T15:00:00Z,737,merged,supply,430.69,432.27,3,pivot
2023-10-09T18:00:00Z,736,role_flip_retest,demand,428.72,430.25,4,
2023-10-09T18:00:00Z,737,touch,supply,430.69,432.27,3,
2023-10-09T18:00:00Z,750,created,demand,427.01,427.37,1,pivot
2023-10-09T18:00:00Z,736,merged,demand,428.54,430.25,5,order_block
2023-10-09T18:00:00Z,750,volume_confluence,demand,427.01,427.37,2,VAH:2023-10-02:426.788750
2023-10-09T18:00:00Z,750,qualified,demand,427.01,427.37,2,pivot|volume_profile
2023-10-09T19:00:00Z,737,broken,supply,430.69,432.27,3,
2023-10-10T15:00:00Z,714,touch,supply,435.0,435.26410505666877,3,
2023-10-10T16:00:00Z,714,broken,supply,435.0,435.26410505666877,3,
2023-10-10T18:00:00Z,714,role_flip_retest,demand,435.0,435.26410505666877,3,
2023-10-10T19:00:00Z,714,broken,demand,435.0,435.26410505666877,3,
2023-10-10T20:00:00Z,714,role_flip_retest,supply,435.0,435.26410505666877,3,
2023-10-10T20:00:00Z,752,created,supply,437.0,437.22,1,pivot
2023-10-10T20:00:00Z,752,volume_confluence,supply,437.0,437.22,2,VAH:2023-10-10:436.536042
2023-10-10T20:00:00Z,752,qualified,supply,437.0,437.22,2,pivot|volume_profile
2023-10-11T14:30:00Z,714,broken,supply,435.0,435.26410505666877,3,
2023-10-11T15:00:00Z,714,role_flip_retest,demand,435.0,435.26410505666877,3,
2023-10-11T16:00:00Z,714,broken,demand,435.0,435.26410505666877,3,
2023-10-12T14:30:00Z,752,touch,supply,437.0,437.22,2,
2023-10-12T14:30:00Z,752,rejection,supply,437.0,437.22,2,
2023-10-12T14:30:00Z,753,created,demand,433.18,433.83,1,pivot
2023-10-12T14:30:00Z,753,volume_confluence,demand,433.18,433.83,2,VAL:2023-10-11:433.959167
2023-10-12T14:30:00Z,753,qualified,demand,433.18,433.83,2,pivot|volume_profile
2023-10-12T17:00:00Z,752,touch,supply,437.0,437.22,2,
2023-10-12T17:00:00Z,752,rejection,supply,437.0,437.22,2,
2023-10-12T18:00:00Z,714,role_flip_retest,supply,435.0,435.26410505666877,3,
2023-10-12T18:00:00Z,753,broken,demand,433.18,433.83,2,
2023-10-12T18:00:00Z,752,merged,supply,436.13,437.22,3,order_block
2023-10-12T19:00:00Z,737,role_flip_retest,demand,430.69,432.27,4,
2023-10-12T19:00:00Z,753,role_flip_retest,supply,433.18,433.83,3,
2023-10-12T20:00:00Z,752,merged,supply,436.13,437.34,4,pivot
2023-10-13T14:30:00Z,714,broken,supply,435.0,435.26410505666877,3,
2023-10-13T14:30:00Z,752,touch,supply,436.13,437.34,4,
2023-10-13T14:30:00Z,752,rejection,supply,436.13,437.34,4,
2023-10-13T14:30:00Z,753,broken,supply,433.18,433.83,3,
2023-10-13T15:00:00Z,737,merged,demand,430.69,432.31107643443096,4,pivot
2023-10-13T16:00:00Z,737,touch,demand,430.69,432.31107643443096,4,
2023-10-13T18:00:00Z,736,touch,demand,428.54,430.25,5,
2023-10-13T18:00:00Z,736,rejection,demand,428.54,430.25,5,
2023-10-16T14:30:00Z,753,role_flip_retest,demand,433.18,433.83,3,
2023-10-16T14:30:00Z,757,created,demand,429.88,431.013858349359,1,pivot
2023-10-16T14:30:00Z,757,volume_confluence,demand,429.88,431.013858349359,2,VAH:2023-10-06:430.910625
2023-10-16T14:30:00Z,757,qualified,demand,429.88,431.013858349359,2,pivot|volume_profile
2023-10-16T15:00:00Z,714,role_flip_retest,demand,435.0,435.26410505666877,3,
2023-10-16T15:00:00Z,741,broken_zone_expired,supply,424.46,425.43,4,
2023-10-16T15:00:00Z,742,broken_zone_expired,supply,425.06,426.65,2,
2023-10-16T15:00:00Z,752,touch,supply,436.13,437.34,4,
2023-10-16T15:00:00Z,753,rejection,demand,433.18,433.83,3,
2023-10-16T16:00:00Z,714,age_expired,demand,435.0,435.26410505666877,3,
2023-10-16T16:00:00Z,752,rejection,supply,436.13,437.34,4,
2023-10-16T17:00:00Z,752,rejection,supply,436.13,437.34,4,
2023-10-16T19:00:00Z,752,merged,supply,436.13,437.34,4,pivot
2023-10-16T20:00:00Z,752,rejection,supply,436.13,437.34,4,
2023-10-17T14:30:00Z,753,broken,demand,433.18,433.83,3,
2023-10-17T16:00:00Z,752,touch,supply,436.13,437.34,4,
2023-10-17T17:00:00Z,737,merged,demand,430.69,432.72,4,pivot
2023-10-17T18:00:00Z,752,rejection,supply,436.13,437.34,4,
2023-10-17T20:00:00Z,752,merged,supply,436.13,438.14,4,pivot
2023-10-18T15:00:00Z,737,touch,demand,430.69,432.72,4,
2023-10-18T15:00:00Z,753,role_flip_retest,supply,433.18,433.83,3,
2023-10-18T16:00:00Z,753,rejection,supply,433.18,433.83,3,
2023-10-18T17:00:00Z,753,rejection,supply,433.18,433.83,3,
2023-10-18T18:00:00Z,753,rejection,supply,433.18,433.83,3,
2023-10-18T19:00:00Z,753,rejection,supply,433.18,433.83,3,
2023-10-18T19:00:00Z,757,touch,demand,429.88,431.013858349359,2,
2023-10-18T19:00:00Z,757,rejection,demand,429.88,431.013858349359,2,
2023-10-18T20:00:00Z,736,touch,demand,428.54,430.25,5,
2023-10-18T20:00:00Z,737,broken,demand,430.69,432.72,4,
2023-10-19T14:30:00Z,736,rejection,demand,428.54,430.25,5,
2023-10-19T15:00:00Z,737,role_flip_retest,supply,430.69,432.72,4,
2023-10-19T15:00:00Z,757,broken,demand,429.88,431.013858349359,2,
2023-10-19T16:00:00Z,737,rejection,supply,430.69,432.72,4,
2023-10-19T17:00:00Z,736,rejection,demand,428.54,430.25,5,
2023-10-19T18:00:00Z,737,rejection,supply,430.69,432.72,4,
2023-10-19T18:00:00Z,757,role_flip_retest,supply,429.88,431.013858349359,3,
2023-10-19T19:00:00Z,736,broken,demand,428.54,430.25,5,
2023-10-19T19:00:00Z,750,touch,demand,427.01,427.37,2,
2023-10-19T19:00:00Z,757,rejection,supply,429.88,431.013858349359,3,
2023-10-19T20:00:00Z,750,broken,demand,427.01,427.37,2,
2023-10-20T14:30:00Z,716,age_expired,supply,452.43,452.83,2,
2023-10-20T15:00:00Z,738,touch,demand,422.29,423.31,3,
2023-10-20T16:00:00Z,738,rejection,demand,422.29,423.31,3,
2023-10-20T16:00:00Z,743,touch,demand,420.18,421.98,4,
2023-10-20T16:00:00Z,743,rejection,demand,420.18,421.98,4,
2023-10-20T17:00:00Z,738,rejection,demand,422.29,423.31,3,
2023-10-20T18:00:00Z,738,rejection,demand,422.29,423.31,3,
2023-10-20T19:00:00Z,738,merged,demand,421.91,423.31,4,pivot
2023-10-20T20:00:00Z,738,broken,demand,421.91,423.31,4,
2023-10-20T20:00:00Z,743,touch,demand,420.18,421.98,4,
2023-10-23T16:00:00Z,718,age_expired,supply,449.68,451.08,5,
2023-10-23T16:00:00Z,743,rejection,demand,420.18,421.98,4,
2023-10-23T17:00:00Z,743,rejection,demand,420.18,421.98,4,
2023-10-23T17:00:00Z,762,created,demand,417.8,419.05851782598256,1,pivot
2023-10-23T19:00:00Z,743,touch,demand,420.18,421.98,4,
2023-10-23T19:00:00Z,743,rejection,demand,420.18,421.98,4,
2023-10-23T20:00:00Z,738,role_flip_retest,supply,421.91,423.31,4,
2023-10-24T14:30:00Z,738,broken,supply,421.91,423.31,4,
2023-10-24T14:30:00Z,763,created,supply,424.1712120785209,424.45,1,pivot
2023-10-24T14:30:00Z,763,volume_confluence,supply,424.1712120785209,424.45,2,VAH:2023-10-20:424.378750
2023-10-24T14:30:00Z,763,qualified,supply,424.1712120785209,424.45,2,pivot|volume_profile
2023-10-24T15:00:00Z,738,role_flip_retest,demand,421.91,423.31,4,
2023-10-24T15:00:00Z,763,touch,supply,424.1712120785209,424.45,2,
2023-10-24T16:00:00Z,763,rejection,supply,424.1712120785209,424.45,2,
2023-10-24T17:00:00Z,738,broken,demand,421.91,423.31,4,
2023-10-24T17:00:00Z,743,touch,demand,420.18,421.98,4,
2023-10-24T18:00:00Z,743,rejection,demand,420.18,421.98,4,
2023-10-24T18:00:00Z,763,merged,supply,424.1712120785209,424.82,3,pivot
2023-10-24T19:00:00Z,743,rejection,demand,420.18,421.98,4,
2023-10-24T20:00:00Z,763,touch,supply,424.1712120785209,424.82,3,
2023-10-24T20:00:00Z,763,rejection,supply,424.1712120785209,424.82,3,
2023-10-25T14:30:00Z,738,role_flip_retest,supply,421.91,423.31,4,
2023-10-25T14:30:00Z,743,touch,demand,420.18,421.98,4,
2023-10-25T15:00:00Z,762,touch,demand,417.8,419.05851782598256,1,
2023-10-25T15:00:00Z,762,rejection,demand,417.8,419.05851782598256,1,
2023-10-25T16:00:00Z,743,broken,demand,420.18,421.98,4,
2023-10-25T17:00:00Z,762,touch,demand,417.8,419.05851782598256,1,
2023-10-25T19:00:00Z,762,broken,demand,417.8,419.05851782598256,1,
2023-10-25T20:00:00Z,762,role_flip_retest,supply,417.8,419.05851782598256,2,
2023-10-25T20:00:00Z,762,volume_confluence,supply,417.8,419.05851782598256,3,POC:2023-10-25:418.339792
2023-10-25T20:00:00Z,762,qualified,supply,417.8,419.05851782598256,3,pivot|role_flip|volume_profile
2023-10-27T14:30:00Z,722,age_expired,supply,446.36722836200545,447.11,3,
2023-10-27T14:30:00Z,765,created,demand,411.6,412.19,1,pivot
2023-10-27T15:00:00Z,765,touch,demand,411.6,412.19,1,
2023-10-27T15:00:00Z,765,rejection,demand,411.6,412.19,1,
2023-10-27T17:00:00Z,765,touch,demand,411.6,412.19,1,
2023-10-27T18:00:00Z,736,broken_zone_expired,demand,428.54,430.25,5,
2023-10-27T18:00:00Z,765,broken,demand,411.6,412.19,1,
2023-10-27T19:00:00Z,750,broken_zone_expired,demand,427.01,427.37,2,
2023-10-30T16:00:00Z,766,created,demand,409.21,409.55,1,pivot
2023-10-30T16:00:00Z,766,volume_confluence,demand,409.21,409.55,2,VAL:2023-10-27:409.322292
2023-10-30T16:00:00Z,766,qualified,demand,409.21,409.55,2,pivot|volume_profile
2023-10-30T17:00:00Z,767,created,supply,414.9,415.35,1,pivot
2023-10-30T17:00:00Z,767,volume_confluence,supply,414.9,415.35,2,POC:2023-10-26:414.345625
2023-10-30T17:00:00Z,767,qualified,supply,414.9,415.35,2,pivot|volume_profile
2023-10-30T18:00:00Z,767,broken,supply,414.9,415.35,2,
2023-10-30T19:00:00Z,767,role_flip_retest,demand,414.9,415.35,3,
2023-10-31T14:30:00Z,767,broken,demand,414.9,415.35,3,
2023-10-31T16:00:00Z,768,created,supply,415.84,416.68,1,pivot
2023-10-31T16:00:00Z,768,volume_confluence,supply,415.84,416.68,2,VAH:2023-10-26:416.016875
2023-10-31T16:00:00Z,768,qualified,supply,415.84,416.68,2,pivot|volume_profile
2023-10-31T17:00:00Z,768,touch,supply,415.84,416.68,2,
2023-10-31T18:00:00Z,762,touch,supply,417.8,419.05851782598256,3,
2023-10-31T18:00:00Z,768,broken,supply,415.84,416.68,2,
2023-11-01T14:30:00Z,762,broken,supply,417.8,419.05851782598256,3,
2023-11-01T17:00:00Z,743,role_flip_retest,supply,420.18,421.98,5,
2023-11-01T18:00:00Z,743,rejection,supply,420.18,421.98,5,
2023-11-01T18:00:00Z,769,created,supply,421.25,421.9,1,pivot
2023-11-01T19:00:00Z,769,touch,supply,421.25,421.9,1,
2023-11-01T20:00:00Z,738,touch,supply,421.91,423.31,4,
2023-11-01T20:00:00Z,743,broken,supply,420.18,421.98,5,
2023-11-01T20:00:00Z,769,broken,supply,421.25,421.9,1,
2023-11-02T14:30:00Z,738,broken,supply,421.91,423.31,4,
2023-11-02T14:30:00Z,763,broken,supply,424.1712120785209,424.82,3,
2023-11-02T18:00:00Z,757,touch,supply,429.88,431.013858349359,3,
2023-11-02T20:00:00Z,737,touch,supply,430.69,432.72,4,
2023-11-03T14:30:00Z,737,broken,supply,430.69,432.72,4,
2023-11-03T14:30:00Z,753,broken,supply,433.18,433.83,3,
2023-11-03T14:30:00Z,757,broken,supply,429.88,431.013858349359,3,
2023-11-03T15:00:00Z,753,role_flip_retest,demand,433.18,433.83,3,
2023-11-03T16:00:00Z,753,rejection,demand,433.18,433.83,3,
2023-11-03T19:00:00Z,752,touch,supply,436.13,438.14,4,
2023-11-03T19:00:00Z,752,rejection,supply,436.13,438.14,4,
2023-11-03T20:00:00Z,752,rejection,supply,436.13,438.14,4,
2023-11-06T15:30:00Z,752,rejection,supply,436.13,438.14,4,
2023-11-06T17:00:00Z,770,created,supply,436.0906440599814,436.29,1,pivot
2023-11-06T17:00:00Z,770,volume_confluence,supply,436.0906440599814,436.29,2,VAH:2023-11-03:436.221667
2023-11-06T17:00:00Z,770,qualified,supply,436.0906440599814,436.29,2,pivot|volume_profile
2023-11-06T18:00:00Z,765,broken_zone_expired,demand,411.6,412.19,1,
2023-11-06T19:00:00Z,753,touch,demand,433.18,433.83,3,
2023-11-06T19:00:00Z,753,rejection,demand,433.18,433.83,3,
2023-11-06T20:00:00Z,753,rejection,demand,433.18,433.83,3,
2023-11-07T15:30:00Z,753,merged,demand,433.18,434.29,4,pivot
2023-11-07T16:00:00Z,752,touch,supply,436.13,438.14,4,
2023-11-07T16:00:00Z,770,broken,supply,436.0906440599814,436.29,2,
2023-11-07T18:00:00Z,770,role_flip_retest,demand,436.0906440599814,436.29,3,
2023-11-07T20:00:00Z,772,created,supply,437.17,437.51,1,pivot
2023-11-07T21:00:00Z,767,broken_zone_expired,demand,414.9,415.35,3,
2023-11-07T21:00:00Z,770,touch,demand,436.0906440599814,436.29,3,
2023-11-07T21:00:00Z,770,rejection,demand,436.0906440599814,436.29,3,
2023-11-07T21:00:00Z,772,touch,supply,437.17,437.51,1,
2023-11-07T21:00:00Z,772,rejection,supply,437.17,437.51,1,
2023-11-07T21:00:00Z,772,volume_confluence,supply,437.17,437.51,2,VAH:2023-11-07:437.525833
2023-11-07T21:00:00Z,772,qualified,supply,437.17,437.51,2,pivot|volume_profile
2023-11-08T15:30:00Z,733,age_expired,supply,443.74,444.44,3,
2023-11-08T15:30:00Z,772,broken,supply,437.17,437.51,2,
2023-11-08T17:00:00Z,752,rejection,supply,436.13,438.14,4,
2023-11-08T17:00:00Z,770,touch,demand,436.0906440599814,436.29,3,
2023-11-08T18:00:00Z,752,rejection,supply,436.13,438.14,4,
2023-11-08T18:00:00Z,768,broken_zone_expired,supply,415.84,416.68,2,
2023-11-08T18:00:00Z,770,broken,demand,436.0906440599814,436.29,3,
2023-11-08T18:00:00Z,773,created,supply,437.71,438.09,1,pivot
2023-11-08T18:00:00Z,773,volume_confluence,supply,437.71,438.09,2,VAH:2023-11-07:437.525833
2023-11-08T18:00:00Z,773,qualified,supply,437.71,438.09,2,pivot|volume_profile
2023-11-08T21:00:00Z,762,broken_zone_expired,supply,417.8,419.05851782598256,3,
2023-11-08T21:00:00Z,773,touch,supply,437.71,438.09,2,
2023-11-08T21:00:00Z,773,rejection,supply,437.71,438.09,2,
2023-11-08T21:00:00Z,774,created,demand,434.87,435.57974076916054,1,pivot
2023-11-08T21:00:00Z,774,volume_confluence,demand,434.87,435.57974076916054,2,POC:2023-11-03:434.991667
2023-11-08T21:00:00Z,774,qualified,demand,434.87,435.57974076916054,2,pivot|volume_profile
2023-11-09T15:30:00Z,772,role_flip_retest,demand,437.17,437.51,3,
2023-11-09T16:00:00Z,772,broken,demand,437.17,437.51,3,
2023-11-09T16:00:00Z,773,rejection,supply,437.71,438.09,2,
2023-11-09T18:00:00Z,773,rejection,supply,437.71,438.09,2,
2023-11-09T18:00:00Z,773,merged,supply,437.71,438.47,3,pivot
2023-11-09T19:00:00Z,752,rejection,supply,436.13,438.14,4,
2023-11-09T19:00:00Z,770,role_flip_retest,supply,436.0906440599814,436.29,3,
2023-11-09T19:00:00Z,772,role_flip_retest,supply,437.17,437.51,3,
2023-11-09T19:00:00Z,774,touch,demand,434.87,435.57974076916054,2,
2023-11-09T20:00:00Z,743,broken_zone_expired,supply,420.18,421.98,5,
2023-11-09T20:00:00Z,753,touch,demand,433.18,434.29,4,
2023-11-09T20:00:00Z,769,broken_zone_expired,supply,421.25,421.9,1,
2023-11-09T20:00:00Z,774,broken,demand,434.87,435.57974076916054,2,
2023-11-09T21:00:00Z,738,broken_zone_expired,supply,421.91,423.31,4,
2023-11-09T21:00:00Z,763,broken_zone_expired,supply,424.1712120785209,424.82,3,
2023-11-10T15:30:00Z,752,touch,supply,436.13,438.14,4,
2023-11-10T15:30:00Z,752,rejection,supply,436.13,438.14,4,
2023-11-10T15:30:00Z,770,touch,supply,436.0906440599814,436.29,3,
2023-11-10T15:30:00Z,770,rejection,supply,436.0906440599814,436.29,3,
2023-11-10T17:00:00Z,752,touch,supply,436.13,438.14,4,
2023-11-10T17:00:00Z,770,broken,supply,436.0906440599814,436.29,3,
2023-11-10T17:00:00Z,753,merged,demand,433.18,434.29,4,pivot
2023-11-10T18:00:00Z,752,broken,supply,436.13,438.14,4,
2023-11-10T18:00:00Z,772,broken,supply,437.17,437.51,3,
2023-11-10T18:00:00Z,773,broken,supply,437.71,438.47,3,
2023-11-10T18:00:00Z,777,created,demand,434.43,435.8,1,order_block
2023-11-10T18:00:00Z,777,volume_confluence,demand,434.43,435.8,2,POC:2023-11-03:434.991667
2023-11-10T18:00:00Z,777,qualified,demand,434.43,435.8,2,order_block|volume_profile
2023-11-10T19:00:00Z,773,role_flip_retest,demand,437.71,438.47,4,
2023-11-10T21:00:00Z,737,broken_zone_expired,supply,430.69,432.72,4,
2023-11-10T21:00:00Z,757,broken_zone_expired,supply,429.88,431.013858349359,3,
2023-11-13T15:30:00Z,773,touch,demand,437.71,438.47,4,
2023-11-13T15:30:00Z,773,rejection,demand,437.71,438.47,4,
2023-11-13T20:00:00Z,778,created,supply,440.99,441.33,1,pivot
2023-11-13T20:00:00Z,778,volume_confluence,supply,440.99,441.33,2,VAH:2023-11-10:440.794583
2023-11-13T20:00:00Z,778,qualified,supply,440.99,441.33,2,pivot|volume_profile
2023-11-14T15:30:00Z,778,broken,supply,440.99,441.33,2,
2023-11-14T20:00:00Z,779,created,supply,448.98,449.73,1,pivot
2023-11-14T21:00:00Z,779,touch,supply,448.98,449.73,1,
2023-11-14T21:00:00Z,779,rejection,supply,448.98,449.73,1,
2023-11-14T21:00:00Z,779,volume_confluence,supply,448.98,449.73,2,VAH:2023-11-14:449.481042
2023-11-14T21:00:00Z,779,qualified,supply,448.98,449.73,2,pivot|volume_profile
2023-11-15T15:30:00Z,779,broken,supply,448.98,449.73,2,
2023-11-15T17:00:00Z,779,role_flip_retest,demand,448.98,449.73,3,
2023-11-15T18:00:00Z,779,rejection,demand,448.98,449.73,3,
2023-11-15T19:00:00Z,779,rejection,demand,448.98,449.73,3,
2023-11-15T20:00:00Z,779,rejection,demand,448.98,449.73,3,
2023-11-15T20:00:00Z,780,created,supply,451.09,451.38,1,pivot
2023-11-16T15:30:00Z,779,rejection,demand,448.98,449.73,3,
2023-11-16T17:00:00Z,779,broken,demand,448.98,449.73,3,
2023-11-16T19:00:00Z,779,role_flip_retest,supply,448.98,449.73,3,
2023-11-16T20:00:00Z,781,created,demand,448.12,448.75,1,pivot
2023-11-16T20:00:00Z,781,volume_confluence,demand,448.12,448.75,2,POC:2023-11-14:448.323125
2023-11-16T20:00:00Z,781,qualified,demand,448.12,448.75,2,pivot|volume_profile
2023-11-16T21:00:00Z,779,broken,supply,448.98,449.73,3,
2023-11-17T15:30:00Z,779,role_flip_retest,demand,448.98,449.73,3,
2023-11-17T16:00:00Z,779,rejection,demand,448.98,449.73,3,
2023-11-17T17:00:00Z,779,rejection,demand,448.98,449.73,3,
2023-11-17T19:00:00Z,774,broken_zone_expired,demand,434.87,435.57974076916054,2,
2023-11-17T19:00:00Z,780,touch,supply,451.09,451.38,1,
2023-11-17T19:00:00Z,780,rejection,supply,451.09,451.38,1,
2023-11-17T20:00:00Z,780,rejection,supply,451.09,451.38,1,
2023-11-17T21:00:00Z,780,rejection,supply,451.09,451.38,1,
2023-11-17T21:00:00Z,780,volume_confluence,supply,451.09,451.38,2,VAH:2023-11-17:451.198125
2023-11-17T21:00:00Z,780,qualified,supply,451.09,451.38,2,pivot|volume_profile
2023-11-20T15:30:00Z,780,broken,supply,451.09,451.38,2,
2023-11-20T15:30:00Z,782,created,demand,450.2,450.95,1,order_block
2023-11-20T15:30:00Z,782,volume_confluence,demand,450.2,450.95,2,VAH:2023-11-15:450.573750
2023-11-20T15:30:00Z,782,qualified,demand,450.2,450.95,2,order_block|volume_profile
2023-11-20T16:00:00Z,770,broken_zone_expired,supply,436.0906440599814,436.29,3,
2023-11-20T17:00:00Z,752,broken_zone_expired,supply,436.13,438.14,4,
2023-11-20T17:00:00Z,772,broken_zone_expired,supply,437.17,437.51,3,
2023-11-21T17:00:00Z,783,created,supply,454.56,455.13,1,pivot
2023-11-21T17:00:00Z,783,volume_confluence,supply,454.56,455.13,2,VAH:2023-11-20:455.033958
2023-11-21T17:00:00Z,783,qualified,supply,454.56,455.13,2,pivot|volume_profile
2023-11-21T19:00:00Z,784,created,demand,451.95,452.5619408897065,1,pivot
2023-11-21T19:00:00Z,784,volume_confluence,demand,451.95,452.5619408897065,2,VAL:2023-11-20:452.728958
2023-11-21T19:00:00Z,784,qualified,demand,451.95,452.5619408897065,2,pivot|volume_profile
2023-11-21T21:00:00Z,778,broken_zone_expired,supply,440.99,441.33,2,
2023-11-22T15:30:00Z,783,touch,supply,454.56,455.13,2,
2023-11-22T16:00:00Z,783,rejection,supply,454.56,455.13,2,
2023-11-22T17:00:00Z,783,broken,supply,454.56,455.13,2,
2023-11-22T18:00:00Z,785,created,supply,455.700589915912,456.38,1,pivot
2023-11-22T19:00:00Z,783,role_flip_retest,demand,454.56,455.13,3,
2023-11-22T21:00:00Z,785,volume_confluence,supply,455.700589915912,456.38,2,VAH:2023-11-22:455.598750
2023-11-22T21:00:00Z,785,qualified,supply,455.700589915912,456.38,2,pivot|volume_profile
2023-11-24T15:30:00Z,783,rejection,demand,454.56,455.13,3,
2023-11-24T18:00:00Z,783,rejection,demand,454.56,455.13,3,
2023-11-27T18:00:00Z,783,rejection,demand,454.56,455.13,3,
2023-11-27T18:00:00Z,786,created,demand,454.07,454.52,1,pivot
2023-11-27T18:00:00Z,786,volume_confluence,demand,454.07,454.52,2,VAL:2023-11-22:454.661250
2023-11-27T18:00:00Z,786,qualified,demand,454.07,454.52,2,pivot|volume_profile
2023-11-27T19:00:00Z,783,rejection,demand,454.56,455.13,3,
2023-11-27T20:00:00Z,786,touch,demand,454.07,454.52,2,
2023-11-27T20:00:00Z,786,rejection,demand,454.07,454.52,2,
2023-11-27T21:00:00Z,783,broken,demand,454.56,455.13,3,
2023-11-28T15:30:00Z,786,broken,demand,454.07,454.52,2,
2023-11-28T15:30:00Z,787,created,supply,455.18,455.5,1,pivot
2023-11-28T15:30:00Z,787,volume_confluence,supply,455.18,455.5,2,VAH:2023-11-24:455.259375
2023-11-28T15:30:00Z,787,qualified,supply,455.18,455.5,2,pivot|volume_profile
2023-11-28T16:00:00Z,787,touch,supply,455.18,455.5,2,
2023-11-28T16:00:00Z,787,rejection,supply,455.18,455.5,2,
2023-11-28T17:00:00Z,785,touch,supply,455.700589915912,456.38,2,
2023-11-28T17:00:00Z,787,broken,supply,455.18,455.5,2,
2023-11-28T18:00:00Z,785,rejection,supply,455.700589915912,456.38,2,
2023-11-28T18:00:00Z,788,created,demand,453.5,453.63141725335527,1,pivot
2023-11-28T18:00:00Z,788,volume_confluence,demand,453.5,453.63141725335527,2,VAH:2023-11-21:453.543750
2023-11-28T18:00:00Z,788,qualified,demand,453.5,453.63141725335527,2,pivot|volume_profile
2023-11-28T19:00:00Z,783,role_flip_retest,supply,454.56,455.13,3,
2023-11-28T20:00:00Z,785,merged,supply,455.700589915912,456.38,3,pivot
2023-11-29T15:30:00Z,783,broken,supply,454.56,455.13,3,
2023-11-29T15:30:00Z,785,broken,supply,455.700589915912,456.38,3,
2023-11-29T16:00:00Z,785,role_flip_retest,demand,455.700589915912,456.38,4,
2023-11-29T17:00:00Z,780,broken_zone_expired,supply,451.09,451.38,2,
2023-11-29T17:00:00Z,783,role_flip_retest,demand,454.56,455.13,3,
2023-11-29T17:00:00Z,787,role_flip_retest,demand,455.18,455.5,3,
2023-11-29T18:00:00Z,790,created,supply,458.11,458.32,1,pivot
2023-11-29T20:00:00Z,783,touch,demand,454.56,455.13,3,
2023-11-29T20:00:00Z,783,rejection,demand,454.56,455.13,3,
2023-11-29T20:00:00Z,785,broken,demand,455.700589915912,456.38,4,
2023-11-29T20:00:00Z,787,touch,demand,455.18,455.5,3,
2023-11-29T20:00:00Z,787,rejection,demand,455.18,455.5,3,
2023-11-29T21:00:00Z,787,broken,demand,455.18,455.5,3,
2023-11-30T15:30:00Z,783,rejection,demand,454.56,455.13,3,
2023-11-30T15:30:00Z,785,role_flip_retest,supply,455.700589915912,456.38,4,
2023-11-30T16:00:00Z,787,role_flip_retest,supply,455.18,455.5,3,
2023-11-30T17:00:00Z,783,broken,demand,454.56,455.13,3,
2023-11-30T17:00:00Z,786,role_flip_retest,supply,454.07,454.52,3,
2023-11-30T17:00:00Z,787,rejection,supply,455.18,455.5,3,
2023-11-30T18:00:00Z,788,touch,demand,453.5,453.63141725335527,2,
2023-11-30T18:00:00Z,788,rejection,demand,453.5,453.63141725335527,2,
2023-11-30T19:00:00Z,786,rejection,supply,454.07,454.52,3,
2023-11-30T19:00:00Z,788,rejection,demand,453.5,453.63141725335527,2,
2023-11-30T20:00:00Z,786,broken,supply,454.07,454.52,3,
2023-11-30T21:00:00Z,753,age_expired,demand,433.18,434.29,4,
2023-11-30T21:00:00Z,785,touch,supply,455.700589915912,456.38,4,
2023-11-30T21:00:00Z,786,role_flip_retest,demand,454.07,454.52,3,
2023-11-30T21:00:00Z,787,broken,supply,455.18,455.5,3,
2023-12-01T15:30:00Z,787,role_flip_retest,demand,455.18,455.5,3,
2023-12-01T15:30:00Z,788,merged,demand,453.34,453.92,3,pivot
2023-12-01T16:00:00Z,787,rejection,demand,455.18,455.5,3,
2023-12-01T17:00:00Z,785,broken,supply,455.700589915912,456.38,4,
2023-12-01T17:00:00Z,787,rejection,demand,455.18,455.5,3,
2023-12-01T17:00:00Z,790,touch,supply,458.11,458.32,1,
2023-12-01T17:00:00Z,788,merged,demand,453.34,454.11,4,order_block
2023-12-01T18:00:00Z,790,broken,supply,458.11,458.32,1,
2023-12-01T20:00:00Z,790,role_flip_retest,demand,458.11,458.32,2,
2023-12-01T21:00:00Z,793,created,supply,459.41,459.65,1,pivot
2023-12-01T21:00:00Z,790,volume_confluence,demand,458.11,458.32,3,POC:2023-12-01:458.433958
2023-12-01T21:00:00Z,790,qualified,demand,458.11,458.32,3,pivot|role_flip|volume_profile
2023-12-01T21:00:00Z,793,volume_confluence,supply,459.41,459.65,2,VAH:2023-12-01:459.556458
2023-12-01T21:00:00Z,793,qualified,supply,459.41,459.65,2,pivot|volume_profile
2023-12-04T15:30:00Z,790,broken,demand,458.11,458.32,3,
2023-12-04T16:00:00Z,783,role_flip_retest,supply,454.56,455.13,3,
2023-12-04T16:00:00Z,786,touch,demand,454.07,454.52,3,
2023-12-04T16:00:00Z,786,rejection,demand,454.07,454.52,3,
2023-12-04T16:00:00Z,787,broken,demand,455.18,455.5,3,
2023-12-04T17:00:00Z,783,broken,supply,454.56,455.13,3,
2023-12-04T17:00:00Z,786,rejection,demand,454.07,454.52,3,
2023-12-04T18:00:00Z,785,role_flip_retest,demand,455.700589915912,456.38,4,
2023-12-04T19:00:00Z,786,merged,demand,454.07,454.55,4,pivot
2023-12-04T21:00:00Z,785,rejection,demand,455.700589915912,456.38,4,
2023-12-05T15:30:00Z,783,role_flip_retest,demand,454.56,455.13,3,
2023-12-05T15:30:00Z,785,broken,demand,455.700589915912,456.38,4,
2023-12-05T20:00:00Z,795,created,supply,457.39,457.59,1,pivot
2023-12-06T15:30:00Z,790,role_flip_retest,supply,458.11,458.32,3,
2023-12-06T15:30:00Z,795,broken,supply,457.39,457.59,1,
2023-12-06T16:00:00Z,790,rejection,supply,458.11,458.32,3,
2023-12-06T18:00:00Z,790,merged,supply,458.11,458.84,4,pivot
2023-12-06T21:00:00Z,783,touch,demand,454.56,455.13,3,
2023-12-06T21:00:00Z,785,role_flip_retest,supply,455.700589915912,456.38,4,
2023-12-06T21:00:00Z,786,touch,demand,454.07,454.55,4,
2023-12-06T21:00:00Z,786,rejection,demand,454.07,454.55,4,
2023-12-06T21:00:00Z,787,role_flip_retest,supply,455.18,455.5,3,
2023-12-07T15:30:00Z,785,broken,supply,455.700589915912,456.38,4,
2023-12-07T15:30:00Z,787,broken,supply,455.18,455.5,3,
2023-12-07T16:00:00Z,790,touch,supply,458.11,458.84,4,
2023-12-07T16:00:00Z,790,rejection,supply,458.11,458.84,4,
2023-12-07T16:00:00Z,795,role_flip_retest,demand,457.39,457.59,2,
2023-12-07T17:00:00Z,790,rejection,supply,458.11,458.84,4,
2023-12-07T17:00:00Z,795,rejection,demand,457.39,457.59,2,
2023-12-07T17:00:00Z,786,merged,demand,454.07,454.71,4,pivot
2023-12-07T20:00:00Z,790,rejection,supply,458.11,458.84,4,
2023-12-07T21:00:00Z,795,volume_confluence,demand,457.39,457.59,3,VAL:2023-12-07:457.214375
2023-12-07T21:00:00Z,795,qualified,demand,457.39,457.59,3,pivot|role_flip|volume_profile
2023-12-08T15:30:00Z,795,touch,demand,457.39,457.59,3,
2023-12-08T15:30:00Z,795,rejection,demand,457.39,457.59,3,
2023-12-08T16:00:00Z,790,broken,supply,458.11,458.84,4,
2023-12-08T16:00:00Z,793,broken,supply,459.41,459.65,2,
2023-12-08T18:00:00Z,790,role_flip_retest,demand,458.11,458.84,4,
2023-12-08T18:00:00Z,795,touch,demand,457.39,457.59,3,
2023-12-08T18:00:00Z,795,rejection,demand,457.39,457.59,3,
2023-12-08T19:00:00Z,798,created,supply,460.01,460.42,1,pivot
2023-12-08T20:00:00Z,793,role_flip_retest,demand,459.41,459.65,3,
2023-12-08T20:00:00Z,798,touch,supply,460.01,460.42,1,
2023-12-08T21:00:00Z,798,volume_confluence,supply,460.01,460.42,2,POC:2023-12-08:459.938750
2023-12-08T21:00:00Z,798,qualified,supply,460.01,460.42,2,pivot|volume_profile
2023-12-11T15:30:00Z,793,touch,demand,459.41,459.65,3,
2023-12-11T15:30:00Z,793,rejection,demand,459.41,459.65,3,
2023-12-11T16:00:00Z,798,broken,supply,460.01,460.42,2,
2023-12-11T17:00:00Z,798,role_flip_retest,demand,460.01,460.42,3,
2023-12-11T18:00:00Z,798,rejection,demand,460.01,460.42,3,
2023-12-13T20:00:00Z,799,created,demand,464.12,464.5,1,order_block
2023-12-13T20:00:00Z,799,volume_confluence,demand,464.12,464.5,2,VAH:2023-12-12:464.125000
2023-12-13T20:00:00Z,799,qualified,demand,464.12,464.5,2,order_block|volume_profile
2023-12-14T18:00:00Z,800,created,supply,473.14,473.73,1,pivot
2023-12-14T21:00:00Z,785,broken_zone_expired,supply,455.700589915912,456.38,4,
2023-12-14T21:00:00Z,787,broken_zone_expired,supply,455.18,455.5,3,
2023-12-14T21:00:00Z,800,volume_confluence,supply,473.14,473.73,2,VAH:2023-12-14:472.890000
2023-12-14T21:00:00Z,800,qualified,supply,473.14,473.73,2,pivot|volume_profile
2023-12-15T18:00:00Z,801,created,demand,468.81,469.15,1,pivot
2023-12-15T18:00:00Z,801,volume_confluence,demand,468.81,469.15,2,VAH:2023-12-13:468.961667
2023-12-15T18:00:00Z,801,qualified,demand,468.81,469.15,2,pivot|volume_profile
2023-12-15T19:00:00Z,801,broken,demand,468.81,469.15,2,
2023-12-18T15:30:00Z,802,created,demand,468.44,468.68,1,pivot
2023-12-18T15:30:00Z,802,volume_confluence,demand,468.44,468.68,2,VAL:2023-12-15:468.843125
2023-12-18T15:30:00Z,802,qualified,demand,468.44,468.68,2,pivot|volume_profile
2023-12-19T15:30:00Z,800,touch,supply,473.14,473.73,2,
2023-12-19T16:00:00Z,766,age_expired,demand,409.21,409.55,2,
2023-12-19T16:00:00Z,800,broken,supply,473.14,473.73,2,
2023-12-19T18:00:00Z,800,role_flip_retest,demand,473.14,473.73,3,
2023-12-19T19:00:00Z,800,rejection,demand,473.14,473.73,3,
2023-12-19T20:00:00Z,803,created,supply,474.07,474.48,1,pivot
2023-12-19T21:00:00Z,803,broken,supply,474.07,474.48,1,
2023-12-20T15:30:00Z,803,role_flip_retest,demand,474.07,474.48,2,
2023-12-20T15:30:00Z,803,volume_confluence,demand,474.07,474.48,3,VAH:2023-12-19:474.456875
2023-12-20T15:30:00Z,803,qualified,demand,474.07,474.48,3,pivot|role_flip|volume_profile
2023-12-20T20:00:00Z,800,broken,demand,473.14,473.73,3,
2023-12-20T20:00:00Z,803,broken,demand,474.07,474.48,3,
2023-12-20T20:00:00Z,804,created,supply,475.17,475.9,1,order_block
2023-12-20T21:00:00Z,801,role_flip_retest,supply,468.81,469.15,3,
2023-12-20T21:00:00Z,802,broken,demand,468.44,468.68,2,
2023-12-20T21:00:00Z,804,merged,supply,475.17,475.9,2,pivot
2023-12-20T21:00:00Z,804,qualified,supply,475.17,475.9,2,order_block|pivot
2023-12-20T21:00:00Z,804,merged,supply,475.17,475.9,2,order_block
2023-12-20T21:00:00Z,804,volume_confluence,supply,475.17,475.9,3,VAH:2023-12-20:475.731667
2023-12-21T15:30:00Z,801,broken,supply,468.81,469.15,3,
2023-12-21T17:00:00Z,807,created,demand,467.82,468.015535289942,1,pivot
2023-12-21T19:00:00Z,801,role_flip_retest,demand,468.81,469.15,3,
2023-12-22T15:30:00Z,804,touch,supply,475.17,475.9,3,
2023-12-22T15:30:00Z,804,rejection,supply,475.17,475.9,3,
2023-12-22T16:00:00Z,804,rejection,supply,475.17,475.9,3,
2023-12-22T17:00:00Z,803,role_flip_retest,supply,474.07,474.48,3,
2023-12-22T18:00:00Z,804,merged,supply,474.91,475.9,4,pivot
2023-12-22T20:00:00Z,803,rejection,supply,474.07,474.48,3,
2023-12-26T15:30:00Z,803,broken,supply,474.07,474.48,3,
2023-12-26T16:00:00Z,804,touch,supply,474.91,475.9,4,
2023-12-26T16:00:00Z,804,rejection,supply,474.91,475.9,4,
2023-12-26T16:00:00Z,809,created,demand,471.7,472.50627305829903,1,pivot
2023-12-26T16:00:00Z,809,volume_confluence,demand,471.7,472.50627305829903,2,POC:2023-12-18:472.207917
2023-12-26T16:00:00Z,809,qualified,demand,471.7,472.50627305829903,2,pivot|volume_profile
2023-12-27T15:30:00Z,804,broken,supply,474.91,475.9,4,
2023-12-27T17:00:00Z,810,created,supply,475.9391707945121,476.58,1,pivot
2023-12-27T17:00:00Z,810,volume_confluence,supply,475.9391707945121,476.58,2,VAH:2023-12-26:475.878542
2023-12-27T17:00:00Z,810,qualified,supply,475.9391707945121,476.58,2,pivot|volume_profile
2023-12-27T18:00:00Z,810,touch,supply,475.9391707945121,476.58,2,
2023-12-27T18:00:00Z,810,rejection,supply,475.9391707945121,476.58,2,
2023-12-27T19:00:00Z,804,role_flip_retest,demand,474.91,475.9,5,
2023-12-27T20:00:00Z,810,rejection,supply,475.9391707945121,476.58,2,
2023-12-27T21:00:00Z,804,rejection,demand,474.91,475.9,5,
2023-12-28T15:30:00Z,810,broken,supply,475.9391707945121,476.58,2,
2023-12-28T16:00:00Z,804,merged,demand,474.89,475.9,5,pivot
2023-12-28T19:00:00Z,810,role_flip_retest,demand,475.9391707945121,476.58,3,
2023-12-28T21:00:00Z,810,touch,demand,475.9391707945121,476.58,3,
2023-12-28T21:00:00Z,810,rejection,demand,475.9391707945121,476.58,3,
2023-12-29T15:30:00Z,810,rejection,demand,475.9391707945121,476.58,3,
2023-12-29T15:30:00Z,812,created,supply,477.27,477.55,1,pivot
2023-12-29T15:30:00Z,812,volume_confluence,supply,477.27,477.55,2,VAH:2023-12-28:477.415625
2023-12-29T15:30:00Z,812,qualified,supply,477.27,477.55,2,pivot|volume_profile
2023-12-29T16:00:00Z,804,touch,demand,474.89,475.9,5,
2023-12-29T16:00:00Z,810,broken,demand,475.9391707945121,476.58,3,
2023-12-29T17:00:00Z,773,age_expired,demand,437.71,438.47,4,
2023-12-29T17:00:00Z,804,broken,demand,474.89,475.9,5,
2023-12-29T19:00:00Z,800,broken_zone_expired,demand,473.14,473.73,3,
2023-12-29T19:00:00Z,803,role_flip_retest,demand,474.07,474.48,3,
2023-12-29T20:00:00Z,802,broken_zone_expired,demand,468.44,468.68,2,
2023-12-29T21:00:00Z,813,created,demand,473.3,473.9128239989641,1,pivot
2023-12-29T21:00:00Z,813,volume_confluence,demand,473.3,473.9128239989641,2,VAL:2023-12-22:473.310000
2023-12-29T21:00:00Z,813,qualified,demand,473.3,473.9128239989641,2,pivot|volume_profile
2024-01-02T15:30:00Z,803,broken,demand,474.07,474.48,3,
2024-01-02T15:30:00Z,809,touch,demand,471.7,472.50627305829903,2,
2024-01-02T15:30:00Z,813,broken,demand,473.3,473.9128239989641,2,
2024-01-02T17:00:00Z,809,rejection,demand,471.7,472.50627305829903,2,
2024-01-02T18:00:00Z,813,role_flip_retest,supply,473.3,473.9128239989641,3,
2024-01-02T19:00:00Z,809,touch,demand,471.7,472.50627305829903,2,
2024-01-02T19:00:00Z,809,merged,demand,471.3,472.50627305829903,3,pivot
2024-01-02T20:00:00Z,809,broken,demand,471.3,472.50627305829903,3,
2024-01-03T16:00:00Z,801,touch,demand,468.81,469.15,3,
2024-01-03T16:00:00Z,801,rejection,demand,468.81,469.15,3,
2024-01-03T17:00:00Z,777,age_expired,demand,434.43,435.8,2,
2024-01-03T17:00:00Z,801,rejection,demand,468.81,469.15,3,
2024-01-03T18:00:00Z,801,rejection,demand,468.81,469.15,3,
2024-01-03T19:00:00Z,801,merged,demand,468.71,469.39,4,pivot
2024-01-03T20:00:00Z,801,touch,demand,468.71,469.39,4,
2024-01-03T20:00:00Z,801,rejection,demand,468.71,469.39,4,
2024-01-04T16:00:00Z,801,rejection,demand,468.71,469.39,4,
2024-01-04T16:00:00Z,816,created,supply,470.35584659034504,471.19,1,pivot
2024-01-04T16:00:00Z,816,volume_confluence,supply,470.35584659034504,471.19,2,VAH:2024-01-03:470.372083
2024-01-04T16:00:00Z,816,qualified,supply,470.35584659034504,471.19,2,pivot|volume_profile
2024-01-04T17:00:00Z,816,touch,supply,470.35584659034504,471.19,2,
2024-01-04T17:00:00Z,816,rejection,supply,470.35584659034504,471.19,2,
2024-01-04T18:00:00Z,801,touch,demand,468.71,469.39,4,
2024-01-04T18:00:00Z,807,merged,demand,467.82,468.3,2,pivot
2024-01-04T18:00:00Z,807,qualified,demand,467.82,468.3,2,pivot|repeated_pivot
2024-01-04T20:00:00Z,807,touch,demand,467.82,468.3,2,
2024-01-04T20:00:00Z,807,rejection,demand,467.82,468.3,2,
2024-01-04T21:00:00Z,801,broken,demand,468.71,469.39,4,
2024-01-04T21:00:00Z,807,broken,demand,467.82,468.3,2,
2024-01-05T16:00:00Z,816,touch,supply,470.35584659034504,471.19,2,
2024-01-05T16:00:00Z,816,rejection,supply,470.35584659034504,471.19,2,
2024-01-05T17:00:00Z,816,rejection,supply,470.35584659034504,471.19,2,
2024-01-05T17:00:00Z,818,created,demand,467.05,467.27,1,pivot
2024-01-05T18:00:00Z,801,role_flip_retest,supply,468.71,469.39,4,
2024-01-05T18:00:00Z,807,role_flip_retest,supply,467.82,468.3,3,
2024-01-05T18:00:00Z,818,touch,demand,467.05,467.27,1,
2024-01-05T18:00:00Z,818,rejection,demand,467.05,467.27,1,
2024-01-05T18:00:00Z,807,volume_confluence,supply,467.82,468.3,4,VAL:2024-01-04:468.108958
2024-01-05T19:00:00Z,779,age_expired,demand,448.98,449.73,3,
2024-01-05T19:00:00Z,818,rejection,demand,467.05,467.27,1,
2024-01-05T20:00:00Z,801,touch,supply,468.71,469.39,4,
2024-01-05T20:00:00Z,801,rejection,supply,468.71,469.39,4,
2024-01-05T20:00:00Z,807,rejection,supply,467.82,468.3,4,
2024-01-05T20:00:00Z,818,broken,demand,467.05,467.27,1,
2024-01-05T20:00:00Z,816,merged,supply,470.14,471.19,3,pivot
2024-01-08T15:30:00Z,801,broken,supply,468.71,469.39,4,
2024-01-08T15:30:00Z,807,broken,supply,467.82,468.3,4,
2024-01-08T16:00:00Z,801,role_flip_retest,demand,468.71,469.39,4,
2024-01-08T16:00:00Z,816,touch,supply,470.14,471.19,3,
2024-01-08T17:00:00Z,820,created,demand,466.43,466.82,1,pivot
2024-01-08T17:00:00Z,820,volume_confluence,demand,466.43,466.82,2,VAL:2024-01-05:466.847708
2024-01-08T17:00:00Z,820,qualified,demand,466.43,466.82,2,pivot|volume_profile
2024-01-08T18:00:00Z,816,broken,supply,470.14,471.19,3,
2024-01-08T20:00:00Z,813,touch,supply,473.3,473.9128239989641,3,
2024-01-08T21:00:00Z,813,broken,supply,473.3,473.9128239989641,3,
2024-01-09T15:30:00Z,810,broken_zone_expired,demand,475.9391707945121,476.58,3,
2024-01-09T16:00:00Z,804,broken_zone_expired,demand,474.89,475.9,5,
2024-01-09T17:00:00Z,813,role_flip_retest,demand,473.3,473.9128239989641,3,
2024-01-09T17:00:00Z,821,created,supply,474.5507462880021,474.75,1,pivot
2024-01-09T17:00:00Z,821,volume_confluence,supply,474.5507462880021,474.75,2,VAH:2024-01-08:474.615625
2024-01-09T17:00:00Z,821,qualified,supply,474.5507462880021,474.75,2,pivot|volume_profile
2024-01-09T18:00:00Z,813,rejection,demand,473.3,473.9128239989641,3,
2024-01-09T19:00:00Z,781,age_expired,demand,448.12,448.75,2,
2024-01-09T19:00:00Z,813,rejection,demand,473.3,473.9128239989641,3,
2024-01-09T19:00:00Z,821,touch,supply,474.5507462880021,474.75,2,
2024-01-09T19:00:00Z,821,rejection,supply,474.5507462880021,474.75,2,
2024-01-09T20:00:00Z,803,role_flip_retest,supply,474.07,474.48,3,
2024-01-09T21:00:00Z,803,rejection,supply,474.07,474.48,3,
2024-01-10T15:30:00Z,803,broken,supply,474.07,474.48,3,
2024-01-10T15:30:00Z,821,touch,supply,474.5507462880021,474.75,2,
2024-01-10T16:00:00Z,803,role_flip_retest,demand,474.07,474.48,3,
2024-01-10T16:00:00Z,813,touch,demand,473.3,473.9128239989641,3,
2024-01-10T16:00:00Z,813,rejection,demand,473.3,473.9128239989641,3,
2024-01-10T16:00:00Z,821,broken,supply,474.5507462880021,474.75,2,
2024-01-10T17:00:00Z,803,rejection,demand,474.07,474.48,3,
2024-01-10T17:00:00Z,821,role_flip_retest,demand,474.5507462880021,474.75,3,
2024-01-10T18:00:00Z,821,rejection,demand,474.5507462880021,474.75,3,
2024-01-10T19:00:00Z,809,broken_zone_expired,demand,471.3,472.50627305829903,3,
2024-01-10T20:00:00Z,812,touch,supply,477.27,477.55,2,
2024-01-10T20:00:00Z,812,rejection,supply,477.27,477.55,2,
2024-01-10T21:00:00Z,782,age_expired,demand,450.2,450.95,2,
2024-01-10T21:00:00Z,812,rejection,supply,477.27,477.55,2,
2024-01-11T15:30:00Z,812,rejection,supply,477.27,477.55,2,
2024-01-11T16:00:00Z,803,touch,demand,474.07,474.48,3,
2024-01-11T16:00:00Z,813,touch,demand,473.3,473.9128239989641,3,
2024-01-11T16:00:00Z,813,rejection,demand,473.3,473.9128239989641,3,
2024-01-11T16:00:00Z,821,broken,demand,474.5507462880021,474.75,3,
2024-01-11T17:00:00Z,803,broken,demand,474.07,474.48,3,
2024-01-11T17:00:00Z,813,broken,demand,473.3,473.9128239989641,3,
2024-01-11T18:00:00Z,803,role_flip_retest,supply,474.07,474.48,3,
2024-01-11T18:00:00Z,812,merged,supply,477.27,478.12,3,pivot
2024-01-11T19:00:00Z,803,broken,supply,474.07,474.48,3,
2024-01-11T20:00:00Z,823,created,demand,472.26,472.61,1,pivot
2024-01-11T20:00:00Z,823,volume_confluence,demand,472.26,472.61,2,VAL:2024-01-09:472.617917
2024-01-11T20:00:00Z,823,qualified,demand,472.26,472.61,2,pivot|volume_profile
2024-01-12T15:30:00Z,812,touch,supply,477.27,478.12,3,
2024-01-12T15:30:00Z,812,rejection,supply,477.27,478.12,3,
2024-01-12T16:00:00Z,783,age_expired,demand,454.56,455.13,3,
2024-01-12T16:00:00Z,812,rejection,supply,477.27,478.12,3,
2024-01-12T18:00:00Z,784,age_expired,demand,451.95,452.5619408897065,2,
2024-01-12T18:00:00Z,812,merged,supply,477.27,478.6,3,pivot
2024-01-12T20:00:00Z,812,touch,supply,477.27,478.6,3,
2024-01-12T20:00:00Z,812,rejection,supply,477.27,478.6,3,
2024-01-16T15:30:00Z,803,role_flip_retest,demand,474.07,474.48,3,
2024-01-16T15:30:00Z,821,role_flip_retest,supply,474.5507462880021,474.75,3,
2024-01-16T16:00:00Z,803,rejection,demand,474.07,474.48,3,
2024-01-16T16:00:00Z,821,broken,supply,474.5507462880021,474.75,3,
2024-01-16T17:00:00Z,821,role_flip_retest,demand,474.5507462880021,474.75,3,
2024-01-16T18:00:00Z,803,broken,demand,474.07,474.48,3,
2024-01-16T18:00:00Z,821,broken,demand,474.5507462880021,474.75,3,
2024-01-16T18:00:00Z,825,created,demand,473.47,474.4280368849257,1,pivot
2024-01-16T18:00:00Z,825,volume_confluence,demand,473.47,474.4280368849257,2,POC:2024-01-09:473.811250
2024-01-16T18:00:00Z,825,qualified,demand,473.47,474.4280368849257,2,pivot|volume_profile
2024-01-16T19:00:00Z,803,role_flip_retest,supply,474.07,474.48,3,
2024-01-16T19:00:00Z,818,broken_zone_expired,demand,467.05,467.27,1,
2024-01-16T19:00:00Z,821,role_flip_retest,supply,474.5507462880021,474.75,3,
2024-01-16T19:00:00Z,825,touch,demand,473.47,474.4280368849257,2,
2024-01-16T21:00:00Z,803,broken,supply,474.07,474.48,3,
2024-01-16T21:00:00Z,807,broken_zone_expired,supply,467.82,468.3,4,
2024-01-16T21:00:00Z,821,broken,supply,474.5507462880021,474.75,3,
2024-01-16T21:00:00Z,825,rejection,demand,473.47,474.4280368849257,2,
2024-01-17T15:30:00Z,816,role_flip_retest,demand,470.14,471.19,4,
2024-01-17T15:30:00Z,823,broken,demand,472.26,472.61,2,
2024-01-17T15:30:00Z,825,broken,demand,473.47,474.4280368849257,2,
2024-01-17T16:00:00Z,816,rejection,demand,470.14,471.19,4,
2024-01-17T16:00:00Z,823,role_flip_retest,supply,472.26,472.61,3,
2024-01-17T17:00:00Z,823,rejection,supply,472.26,472.61,3,
2024-01-17T18:00:00Z,816,touch,demand,470.14,471.19,4,
2024-01-17T18:00:00Z,816,rejection,demand,470.14,471.19,4,
2024-01-17T18:00:00Z,823,rejection,supply,472.26,472.61,3,
2024-01-17T20:00:00Z,816,rejection,demand,470.14,471.19,4,
2024-01-17T21:00:00Z,786,age_expired,demand,454.07,454.71,4,
2024-01-17T21:00:00Z,816,rejection,demand,470.14,471.19,4,
2024-01-17T21:00:00Z,823,touch,supply,472.26,472.61,3,
2024-01-18T15:30:00Z,823,broken,supply,472.26,472.61,3,
2024-01-18T15:30:00Z,816,merged,demand,469.87,471.19,4,pivot
2024-01-18T18:00:00Z,813,role_flip_retest,supply,473.3,473.9128239989641,3,
2024-01-18T18:00:00Z,825,role_flip_retest,supply,473.47,474.4280368849257,3,
2024-01-18T19:00:00Z,823,role_flip_retest,demand,472.26,472.61,3,
2024-01-18T20:00:00Z,803,role_flip_retest,demand,474.07,474.48,3,
2024-01-18T20:00:00Z,813,broken,supply,473.3,473.9128239989641,3,
2024-01-18T20:00:00Z,821,role_flip_retest,demand,474.5507462880021,474.75,3,
2024-01-18T20:00:00Z,825,broken,supply,473.47,474.4280368849257,3,
2024-01-18T21:00:00Z,788,age_expired,demand,453.34,454.11,4,
2024-01-19T15:30:00Z,812,touch,supply,477.27,478.6,3,
2024-01-19T17:00:00Z,812,broken,supply,477.27,478.6,3,
2024-01-19T18:00:00Z,812,role_flip_retest,demand,477.27,478.6,4,
2024-01-19T21:00:00Z,790,age_expired,demand,458.11,458.84,4,
2024-01-22T19:00:00Z,827,created,supply,485.02,485.22,1,pivot
2024-01-23T18:00:00Z,828,created,supply,484.02,484.38,1,pivot
2024-01-23T18:00:00Z,828,volume_confluence,supply,484.02,484.38,2,VAH:2024-01-22:484.254167
2024-01-23T18:00:00Z,828,qualified,supply,484.02,484.38,2,pivot|volume_profile
2024-01-23T19:00:00Z,828,touch,supply,484.02,484.38,2,
2024-01-23T19:00:00Z,828,rejection,supply,484.02,484.38,2,
2024-01-23T21:00:00Z,827,touch,supply,485.02,485.22,1,
2024-01-23T21:00:00Z,827,rejection,supply,485.02,485.22,1,
2024-01-23T21:00:00Z,828,broken,supply,484.02,484.38,2,
2024-01-24T15:30:00Z,827,broken,supply,485.02,485.22,1,
2024-01-24T17:00:00Z,793,age_expired,demand,459.41,459.65,3,
2024-01-24T21:00:00Z,827,role_flip_retest,demand,485.02,485.22,2,
2024-01-24T21:00:00Z,829,created,supply,488.5991113862579,488.77,1,pivot
2024-01-24T21:00:00Z,829,volume_confluence,supply,488.5991113862579,488.77,2,VAH:2024-01-24:488.378333
2024-01-24T21:00:00Z,829,qualified,supply,488.5991113862579,488.77,2,pivot|volume_profile
2024-01-25T17:00:00Z,827,merged,demand,485.01,485.32,3,pivot
2024-01-25T17:00:00Z,827,qualified,demand,485.01,485.32,3,pivot|repeated_pivot|role_flip
2024-01-26T16:00:00Z,795,age_expired,demand,457.39,457.59,3,
2024-01-26T16:00:00Z,829,broken,supply,488.5991113862579,488.77,2,
2024-01-26T16:00:00Z,827,merged,demand,485.01,485.95,3,pivot
2024-01-26T16:00:00Z,827,volume_confluence,demand,485.01,485.95,4,VAL:2024-01-24:486.341667
2024-01-26T19:00:00Z,813,broken_zone_expired,supply,473.3,473.9128239989641,3,
2024-01-26T19:00:00Z,825,broken_zone_expired,supply,473.47,474.4280368849257,3,
2024-01-26T20:00:00Z,832,created,supply,488.94461265586466,489.12,1,pivot
2024-01-29T20:00:00Z,829,role_flip_retest,demand,488.5991113862579,488.77,3,
2024-01-29T20:00:00Z,832,touch,supply,488.94461265586466,489.12,1,
2024-01-29T20:00:00Z,832,rejection,supply,488.94461265586466,489.12,1,
2024-01-29T21:00:00Z,832,broken,supply,488.94461265586466,489.12,1,
2024-01-29T21:00:00Z,833,created,demand,487.18,488.03,1,order_block
2024-01-29T21:00:00Z,833,volume_confluence,demand,487.18,488.03,2,VAH:2024-01-25:487.762500
2024-01-29T21:00:00Z,833,qualified,demand,487.18,488.03,2,order_block|volume_profile
2024-01-31T15:30:00Z,798,age_expired,demand,460.01,460.42,3,
2024-01-31T15:30:00Z,829,broken,demand,488.5991113862579,488.77,3,
2024-01-31T15:30:00Z,833,touch,demand,487.18,488.03,2,
2024-01-31T16:00:00Z,833,broken,demand,487.18,488.03,2,
2024-01-31T17:00:00Z,833,role_flip_retest,supply,487.18,488.03,3,
2024-01-31T17:00:00Z,834,created,supply,491.38,491.62,1,pivot
2024-01-31T17:00:00Z,834,volume_confluence,supply,491.38,491.62,2,VAH:2024-01-30:491.336875
2024-01-31T17:00:00Z,834,qualified,supply,491.38,491.62,2,pivot|volume_profile
2024-01-31T20:00:00Z,827,touch,demand,485.01,485.95,4,
2024-01-31T20:00:00Z,827,rejection,demand,485.01,485.95,4,
2024-01-31T20:00:00Z,828,broken_zone_expired,supply,484.02,484.38,2,
2024-01-31T20:00:00Z,829,role_flip_retest,supply,488.5991113862579,488.77,3,
2024-01-31T20:00:00Z,833,rejection,supply,487.18,488.03,3,
2024-01-31T21:00:00Z,827,broken,demand,485.01,485.95,4,
2024-01-31T21:00:00Z,833,merged,supply,487.18,488.03,3,order_block
2024-02-01T16:00:00Z,827,role_flip_retest,supply,485.01,485.95,4,
2024-02-01T17:00:00Z,836,created,demand,482.89,483.09660501393745,1,pivot
2024-02-01T18:00:00Z,827,broken,supply,485.01,485.95,4,
2024-02-01T18:00:00Z,833,touch,supply,487.18,488.03,3,
2024-02-01T20:00:00Z,833,broken,supply,487.18,488.03,3,
2024-02-01T21:00:00Z,829,broken,supply,488.5991113862579,488.77,3,
2024-02-01T21:00:00Z,832,role_flip_retest,demand,488.94461265586466,489.12,2,
2024-02-01T21:00:00Z,832,volume_confluence,demand,488.94461265586466,489.12,3,VAH:2024-02-01:489.116875
2024-02-01T21:00:00Z,832,qualified,demand,488.94461265586466,489.12,3,pivot|role_flip|volume_profile
2024-02-02T16:00:00Z,834,broken,supply,491.38,491.62,2,
2024-02-05T16:00:00Z,799,age_expired,demand,464.12,464.5,2,
2024-02-05T17:00:00Z,834,role_flip_retest,demand,491.38,491.62,3,
2024-02-05T17:00:00Z,837,created,supply,495.68,496.05,1,pivot
2024-02-05T17:00:00Z,837,volume_confluence,supply,495.68,496.05,2,VAH:2024-02-02:495.909375
2024-02-05T17:00:00Z,837,qualified,supply,495.68,496.05,2,pivot|volume_profile
2024-02-05T19:00:00Z,838,created,demand,490.23,490.86,1,pivot
2024-02-05T19:00:00Z,838,volume_confluence,demand,490.23,490.86,2,POC:2024-01-30:490.707708
2024-02-05T19:00:00Z,838,qualified,demand,490.23,490.86,2,pivot|volume_profile
2024-02-06T18:00:00Z,839,created,supply,493.52,494.32,1,pivot
2024-02-06T18:00:00Z,839,volume_confluence,supply,493.52,494.32,2,POC:2024-02-02:494.221875
2024-02-06T18:00:00Z,839,qualified,supply,493.52,494.32,2,pivot|volume_profile
2024-02-06T19:00:00Z,839,touch,supply,493.52,494.32,2,
2024-02-06T20:00:00Z,839,rejection,supply,493.52,494.32,2,
2024-02-06T21:00:00Z,801,age_expired,demand,468.71,469.39,4,
2024-02-07T15:30:00Z,837,touch,supply,495.68,496.05,2,
2024-02-07T15:30:00Z,839,broken,supply,493.52,494.32,2,
2024-02-07T16:00:00Z,837,broken,supply,495.68,496.05,2,
2024-02-08T17:00:00Z,840,created,supply,498.33,498.53,1,pivot
2024-02-08T17:00:00Z,840,volume_confluence,supply,498.33,498.53,2,VAH:2024-02-07:498.463958
2024-02-08T17:00:00Z,840,qualified,supply,498.33,498.53,2,pivot|volume_profile
2024-02-08T19:00:00Z,840,touch,supply,498.33,498.53,2,
2024-02-08T19:00:00Z,840,rejection,supply,498.33,498.53,2,
2024-02-08T20:00:00Z,840,rejection,supply,498.33,498.53,2,
2024-02-09T15:30:00Z,840,broken,supply,498.33,498.53,2,
2024-02-09T16:00:00Z,803,age_expired,demand,474.07,474.48,3,
2024-02-09T17:00:00Z,827,broken_zone_expired,supply,485.01,485.95,4,
2024-02-09T19:00:00Z,833,broken_zone_expired,supply,487.18,488.03,3,
2024-02-09T20:00:00Z,829,broken_zone_expired,supply,488.5991113862579,488.77,3,
2024-02-12T20:00:00Z,841,created,supply,503.3,503.5,1,pivot
2024-02-13T16:00:00Z,839,role_flip_retest,demand,493.52,494.32,3,
2024-02-13T18:00:00Z,839,touch,demand,493.52,494.32,3,
2024-02-13T18:00:00Z,839,rejection,demand,493.52,494.32,3,
2024-02-13T19:00:00Z,839,merged,demand,493.22,494.32,4,pivot
2024-02-13T20:00:00Z,834,touch,demand,491.38,491.62,3,
2024-02-13T20:00:00Z,839,broken,demand,493.22,494.32,4,
2024-02-13T20:00:00Z,843,created,supply,494.57,495.85,1,order_block
2024-02-13T21:00:00Z,834,rejection,demand,491.38,491.62,3,
2024-02-13T21:00:00Z,838,touch,demand,490.23,490.86,2,
2024-02-13T21:00:00Z,838,rejection,demand,490.23,490.86,2,
2024-02-13T21:00:00Z,843,volume_confluence,supply,494.57,495.85,2,VAH:2024-02-13:495.314583
2024-02-13T21:00:00Z,843,qualified,supply,494.57,495.85,2,order_block|volume_profile
2024-02-14T15:30:00Z,837,role_flip_retest,demand,495.68,496.05,3,
2024-02-14T15:30:00Z,843,broken,supply,494.57,495.85,2,
2024-02-14T17:00:00Z,837,broken,demand,495.68,496.05,3,
2024-02-14T17:00:00Z,834,merged,demand,490.71,491.62,4,pivot
2024-02-14T18:00:00Z,843,role_flip_retest,demand,494.57,495.85,3,
2024-02-14T19:00:00Z,843,rejection,demand,494.57,495.85,3,
2024-02-14T19:00:00Z,845,created,supply,496.99908616490245,497.99,1,pivot
2024-02-14T19:00:00Z,845,volume_confluence,supply,496.99908616490245,497.99,2,POC:2024-02-07:497.803542
2024-02-14T19:00:00Z,845,qualified,supply,496.99908616490245,497.99,2,pivot|volume_profile
2024-02-14T20:00:00Z,843,rejection,demand,494.57,495.85,3,
2024-02-14T20:00:00Z,845,touch,supply,496.99908616490245,497.99,2,
2024-02-14T20:00:00Z,845,rejection,supply,496.99908616490245,497.99,2,
2024-02-14T21:00:00Z,840,role_flip_retest,demand,498.33,498.53,3,
2024-02-14T21:00:00Z,845,broken,supply,496.99908616490245,497.99,2,
2024-02-16T16:00:00Z,846,created,supply,501.84,502.2,1,pivot
2024-02-16T16:00:00Z,846,volume_confluence,supply,501.84,502.2,2,VAH:2024-02-15:502.128958
2024-02-16T16:00:00Z,846,qualified,supply,501.84,502.2,2,pivot|volume_profile
2024-02-16T17:00:00Z,846,touch,supply,501.84,502.2,2,
2024-02-16T18:00:00Z,846,rejection,supply,501.84,502.2,2,
2024-02-16T19:00:00Z,846,broken,supply,501.84,502.2,2,
2024-02-16T19:00:00Z,840,merged,demand,498.33,499.65,4,pivot
2024-02-16T21:00:00Z,840,touch,demand,498.33,499.65,4,
2024-02-20T15:30:00Z,840,broken,demand,498.33,499.65,4,
2024-02-20T16:00:00Z,843,touch,demand,494.57,495.85,3,
2024-02-20T16:00:00Z,843,rejection,demand,494.57,495.85,3,
2024-02-20T16:00:00Z,841,merged,supply,502.37,503.5,2,pivot
2024-02-20T16:00:00Z,841,qualified,supply,502.37,503.5,2,pivot|repeated_pivot
2024-02-20T16:00:00Z,841,volume_confluence,supply,502.37,503.5,3,VAH:2024-02-12:502.345417
2024-02-20T18:00:00Z,812,age_expired,demand,477.27,478.6,4,
2024-02-20T18:00:00Z,837,role_flip_retest,supply,495.68,496.05,3,
2024-02-20T19:00:00Z,843,rejection,demand,494.57,495.85,3,
2024-02-20T20:00:00Z,837,broken,supply,495.68,496.05,3,
2024-02-20T20:00:00Z,843,rejection,demand,494.57,495.85,3,
2024-02-20T21:00:00Z,837,role_flip_retest,demand,495.68,496.05,3,
2024-02-20T21:00:00Z,843,rejection,demand,494.57,495.85,3,
2024-02-20T21:00:00Z,843,merged,demand,494.45,495.85,4,pivot
2024-02-21T15:30:00Z,837,broken,demand,495.68,496.05,3,
2024-02-21T16:00:00Z,837,role_flip_retest,supply,495.68,496.05,3,
2024-02-21T17:00:00Z,843,rejection,demand,494.45,495.85,4,
2024-02-21T18:00:00Z,837,rejection,supply,495.68,496.05,3,
2024-02-21T19:00:00Z,837,rejection,supply,495.68,496.05,3,
2024-02-21T20:00:00Z,837,rejection,supply,495.68,496.05,3,
2024-02-21T21:00:00Z,837,broken,supply,495.68,496.05,3,
2024-02-21T21:00:00Z,843,rejection,demand,494.45,495.85,4,
2024-02-21T21:00:00Z,850,created,demand,493.9,495.33,1,order_block
2024-02-21T21:00:00Z,850,volume_confluence,demand,493.9,495.33,2,VAH:2024-02-13:495.314583
2024-02-21T21:00:00Z,850,qualified,demand,493.9,495.33,2,order_block|volume_profile
2024-02-22T15:30:00Z,841,broken,supply,502.37,503.5,3,
2024-02-22T17:00:00Z,850,merged,demand,493.56,495.33,3,pivot
2024-02-22T19:00:00Z,839,broken_zone_expired,demand,493.22,494.32,4,
2024-02-23T18:00:00Z,852,created,supply,509.74,510.13,1,pivot
2024-02-23T19:00:00Z,816,age_expired,demand,469.87,471.19,4,
2024-02-23T20:00:00Z,845,broken_zone_expired,supply,496.99908616490245,497.99,2,
2024-02-27T18:00:00Z,846,broken_zone_expired,supply,501.84,502.2,2,
2024-02-27T20:00:00Z,820,age_expired,demand,466.43,466.82,2,
2024-02-27T21:00:00Z,840,broken_zone_expired,demand,498.33,499.65,4,
2024-02-28T15:30:00Z,853,created,demand,504.75,505.05,1,pivot
2024-02-28T15:30:00Z,853,volume_confluence,demand,504.75,505.05,2,VAL:2024-02-22:505.185208
2024-02-28T15:30:00Z,853,qualified,demand,504.75,505.05,2,pivot|volume_profile
2024-02-28T17:00:00Z,854,created,supply,506.87,507.16,1,pivot
2024-02-28T17:00:00Z,854,volume_confluence,supply,506.87,507.16,2,POC:2024-02-22:507.008542
2024-02-28T17:00:00Z,854,qualified,supply,506.87,507.16,2,pivot|volume_profile
2024-02-28T20:00:00Z,821,age_expired,demand,474.5507462880021,474.75,3,
2024-02-29T15:30:00Z,854,broken,supply,506.87,507.16,2,
2024-02-29T16:00:00Z,854,role_flip_retest,demand,506.87,507.16,3,
2024-02-29T17:00:00Z,854,broken,demand,506.87,507.16,3,
2024-02-29T18:00:00Z,855,created,supply,508.49,508.85,1,pivot
2024-02-29T18:00:00Z,855,volume_confluence,supply,508.49,508.85,2,POC:2024-02-23:508.425625
2024-02-29T18:00:00Z,855,qualified,supply,508.49,508.85,2,pivot|volume_profile
2024-02-29T20:00:00Z,837,broken_zone_expired,supply,495.68,496.05,3,
2024-02-29T21:00:00Z,841,broken_zone_expired,supply,502.37,503.5,3,
2024-02-29T21:00:00Z,852,touch,supply,509.74,510.13,1,
2024-02-29T21:00:00Z,852,rejection,supply,509.74,510.13,1,
2024-02-29T21:00:00Z,855,touch,supply,508.49,508.85,2,
2024-02-29T21:00:00Z,855,rejection,supply,508.49,508.85,2,
2024-03-01T15:30:00Z,855,broken,supply,508.49,508.85,2,
2024-03-01T16:00:00Z,852,broken,supply,509.74,510.13,1,
2024-03-01T16:00:00Z,855,role_flip_retest,demand,508.49,508.85,3,
2024-03-04T16:00:00Z,823,age_expired,demand,472.26,472.61,3,
2024-03-04T16:00:00Z,856,created,supply,513.1,513.29,1,pivot
2024-03-04T16:00:00Z,856,volume_confluence,supply,513.1,513.29,2,VAH:2024-03-01:513.191458
2024-03-04T16:00:00Z,856,qualified,supply,513.1,513.29,2,pivot|volume_profile
2024-03-04T18:00:00Z,856,touch,supply,513.1,513.29,2,
2024-03-04T18:00:00Z,856,rejection,supply,513.1,513.29,2,
2024-03-04T20:00:00Z,856,broken,supply,513.1,513.29,2,
2024-03-05T16:00:00Z,855,broken,demand,508.49,508.85,3,
2024-03-05T17:00:00Z,857,created,supply,513.82,514.2,1,pivot
2024-03-05T18:00:00Z,855,role_flip_retest,supply,508.49,508.85,3,
2024-03-05T19:00:00Z,854,role_flip_retest,supply,506.87,507.16,3,
2024-03-05T20:00:00Z,854,rejection,supply,506.87,507.16,3,
2024-03-05T21:00:00Z,853,touch,demand,504.75,505.05,2,
2024-03-05T21:00:00Z,853,rejection,demand,504.75,505.05,2,
2024-03-06T15:30:00Z,854,broken,supply,506.87,507.16,3,
2024-03-06T15:30:00Z,855,broken,supply,508.49,508.85,3,
2024-03-06T16:00:00Z,852,role_flip_retest,demand,509.74,510.13,2,
2024-03-06T16:00:00Z,855,role_flip_retest,demand,508.49,508.85,3,
2024-03-06T16:00:00Z,852,volume_confluence,demand,509.74,510.13,3,VAL:2024-03-01:510.629375
2024-03-06T16:00:00Z,852,qualified,demand,509.74,510.13,3,pivot|role_flip|volume_profile
2024-03-06T17:00:00Z,853,merged,demand,504.75,505.73,3,pivot
2024-03-06T19:00:00Z,852,touch,demand,509.74,510.13,3,
2024-03-06T19:00:00Z,852,rejection,demand,509.74,510.13,3,
2024-03-06T20:00:00Z,852,broken,demand,509.74,510.13,3,
2024-03-06T20:00:00Z,855,touch,demand,508.49,508.85,3,
2024-03-06T20:00:00Z,855,rejection,demand,508.49,508.85,3,
2024-03-06T21:00:00Z,855,rejection,demand,508.49,508.85,3,
2024-03-06T21:00:00Z,859,created,supply,511.33,512.07,1,pivot
2024-03-06T21:00:00Z,859,volume_confluence,supply,511.33,512.07,2,VAL:2024-03-04:512.137500
2024-03-06T21:00:00Z,859,qualified,supply,511.33,512.07,2,pivot|volume_profile
2024-03-07T15:30:00Z,856,role_flip_retest,demand,513.1,513.29,3,
2024-03-07T15:30:00Z,859,broken,supply,511.33,512.07,2,
2024-03-07T16:00:00Z,856,rejection,demand,513.1,513.29,3,
2024-03-07T16:00:00Z,857,broken,supply,513.82,514.2,1,
2024-03-07T17:00:00Z,857,role_flip_retest,demand,513.82,514.2,2,
2024-03-07T18:00:00Z,857,rejection,demand,513.82,514.2,2,
2024-03-07T21:00:00Z,857,touch,demand,513.82,514.2,2,
2024-03-07T21:00:00Z,857,rejection,demand,513.82,514.2,2,
2024-03-07T21:00:00Z,857,volume_confluence,demand,513.82,514.2,3,VAL:2024-03-07:514.112292
2024-03-07T21:00:00Z,857,qualified,demand,513.82,514.2,3,pivot|role_flip|volume_profile
2024-03-08T15:30:00Z,857,merged,demand,513.82,514.9,4,order_block
2024-03-08T17:00:00Z,857,touch,demand,513.82,514.9,4,
2024-03-08T18:00:00Z,856,broken,demand,513.1,513.29,3,
2024-03-08T18:00:00Z,857,broken,demand,513.82,514.9,4,
2024-03-08T19:00:00Z,856,role_flip_retest,supply,513.1,513.29,3,
2024-03-08T19:00:00Z,861,created,supply,517.76,518.23,1,pivot
2024-03-08T20:00:00Z,856,broken,supply,513.1,513.29,3,
2024-03-08T20:00:00Z,859,role_flip_retest,demand,511.33,512.07,3,
2024-03-08T21:00:00Z,857,role_flip_retest,supply,513.82,514.9,4,
2024-03-11T14:30:00Z,852,role_flip_retest,supply,509.74,510.13,3,
2024-03-11T14:30:00Z,859,broken,demand,511.33,512.07,3,
2024-03-11T15:00:00Z,852,broken,supply,509.74,510.13,3,
2024-03-11T15:00:00Z,855,touch,demand,508.49,508.85,3,
2024-03-11T15:00:00Z,855,rejection,demand,508.49,508.85,3,
2024-03-11T16:00:00Z,852,role_flip_retest,demand,509.74,510.13,3,
2024-03-11T17:00:00Z,852,rejection,demand,509.74,510.13,3,
2024-03-11T18:00:00Z,859,role_flip_retest,supply,511.33,512.07,3,
2024-03-11T18:00:00Z,855,merged,demand,508.49,509.43,4,pivot
2024-03-11T20:00:00Z,859,rejection,supply,511.33,512.07,3,
2024-03-12T14:30:00Z,856,role_flip_retest,demand,513.1,513.29,3,
2024-03-12T14:30:00Z,859,broken,supply,511.33,512.07,3,
2024-03-12T15:00:00Z,856,rejection,demand,513.1,513.29,3,
2024-03-12T15:00:00Z,857,broken,supply,513.82,514.9,4,
2024-03-12T15:00:00Z,863,created,demand,510.86,512.8950568840571,1,order_block
2024-03-12T15:00:00Z,863,volume_confluence,demand,510.86,512.8950568840571,2,POC:2024-03-04:512.595833
2024-03-12T15:00:00Z,863,qualified,demand,510.86,512.8950568840571,2,order_block|volume_profile
2024-03-12T18:00:00Z,857,role_flip_retest,demand,513.82,514.9,4,
2024-03-12T20:00:00Z,861,volume_confluence,supply,517.76,518.23,2,VAH:2024-03-12:517.244167
2024-03-12T20:00:00Z,861,qualified,supply,517.76,518.23,2,pivot|volume_profile
2024-03-13T16:00:00Z,861,merged,supply,516.81,518.23,3,pivot
2024-03-13T18:00:00Z,861,touch,supply,516.81,518.23,3,
2024-03-13T19:00:00Z,861,rejection,supply,516.81,518.23,3,
2024-03-13T20:00:00Z,854,broken_zone_expired,supply,506.87,507.16,3,
2024-03-13T20:00:00Z,857,touch,demand,513.82,514.9,4,
2024-03-13T20:00:00Z,857,rejection,demand,513.82,514.9,4,
2024-03-14T14:30:00Z,861,touch,supply,516.81,518.23,3,
2024-03-14T14:30:00Z,861,rejection,supply,516.81,518.23,3,
2024-03-14T16:00:00Z,857,rejection,demand,513.82,514.9,4,
2024-03-14T18:00:00Z,856,touch,demand,513.1,513.29,3,
2024-03-14T18:00:00Z,856,rejection,demand,513.1,513.29,3,
2024-03-14T18:00:00Z,863,touch,demand,510.86,512.8950568840571,2,
2024-03-14T18:00:00Z,863,rejection,demand,510.86,512.8950568840571,2,
2024-03-14T20:00:00Z,856,touch,demand,513.1,513.29,3,
2024-03-14T20:00:00Z,856,rejection,demand,513.1,513.29,3,
2024-03-14T20:00:00Z,857,rejection,demand,513.82,514.9,4,
2024-03-14T20:00:00Z,859,role_flip_retest,demand,511.33,512.07,3,
2024-03-14T20:00:00Z,863,touch,demand,510.86,512.8950568840571,2,
2024-03-14T20:00:00Z,863,rejection,demand,510.86,512.8950568840571,2,
2024-03-15T14:30:00Z,852,touch,demand,509.74,510.13,3,
2024-03-15T14:30:00Z,856,broken,demand,513.1,513.29,3,
2024-03-15T14:30:00Z,857,broken,demand,513.82,514.9,4,
2024-03-15T14:30:00Z,859,broken,demand,511.33,512.07,3,
2024-03-15T14:30:00Z,863,broken,demand,510.86,512.8950568840571,2,
2024-03-15T15:00:00Z,852,rejection,demand,509.74,510.13,3,
2024-03-15T15:00:00Z,855,touch,demand,508.49,509.43,4,
2024-03-15T15:00:00Z,855,rejection,demand,508.49,509.43,4,
2024-03-15T15:00:00Z,859,role_flip_retest,supply,511.33,512.07,3,
2024-03-15T16:00:00Z,863,role_flip_retest,supply,510.86,512.8950568840571,3,
2024-03-15T17:00:00Z,852,broken,demand,509.74,510.13,3,
2024-03-15T17:00:00Z,855,touch,demand,508.49,509.43,4,
2024-03-15T18:00:00Z,855,rejection,demand,508.49,509.43,4,
2024-03-15T19:00:00Z,855,rejection,demand,508.49,509.43,4,
2024-03-15T20:00:00Z,855,rejection,demand,508.49,509.43,4,
2024-03-15T20:00:00Z,855,merged,demand,508.36,509.43,4,pivot
2024-03-18T14:30:00Z,859,broken,supply,511.33,512.07,3,
2024-03-18T14:30:00Z,863,broken,supply,510.86,512.8950568840571,3,
2024-03-18T15:00:00Z,832,age_expired,demand,488.94461265586466,489.12,3,
2024-03-18T17:00:00Z,857,role_flip_retest,supply,513.82,514.9,4,
2024-03-18T18:00:00Z,857,rejection,supply,513.82,514.9,4,
2024-03-18T18:00:00Z,857,merged,supply,513.82,515.48,5,pivot
2024-03-18T19:00:00Z,857,rejection,supply,513.82,515.48,5,
2024-03-18T20:00:00Z,856,role_flip_retest,supply,513.1,513.29,3,
2024-03-18T20:00:00Z,857,rejection,supply,513.82,515.48,5,
2024-03-19T15:00:00Z,859,role_flip_retest,demand,511.33,512.07,3,
2024-03-19T16:00:00Z,856,touch,supply,513.1,513.29,3,
2024-03-19T16:00:00Z,863,role_flip_retest,demand,510.86,512.8950568840571,3,
2024-03-19T17:00:00Z,856,broken,supply,513.1,513.29,3,
2024-03-19T17:00:00Z,857,touch,supply,513.82,515.48,5,
2024-03-19T17:00:00Z,859,merged,demand,511.12,512.07,4,pivot
2024-03-19T20:00:00Z,857,broken,supply,513.82,515.48,5,
2024-03-20T15:00:00Z,857,role_flip_retest,demand,513.82,515.48,5,
2024-03-20T17:00:00Z,857,touch,demand,513.82,515.48,5,
2024-03-20T17:00:00Z,857,rejection,demand,513.82,515.48,5,
2024-03-20T18:00:00Z,868,created,supply,515.87,516.44,1,pivot
2024-03-20T18:00:00Z,868,volume_confluence,supply,515.87,516.44,2,POC:2024-03-12:516.429167
2024-03-20T18:00:00Z,868,qualified,supply,515.87,516.44,2,pivot|volume_profile
2024-03-20T19:00:00Z,834,age_expired,demand,490.71,491.62,4,
2024-03-20T19:00:00Z,857,rejection,demand,513.82,515.48,5,
2024-03-20T19:00:00Z,861,broken,supply,516.81,518.23,3,
2024-03-20T19:00:00Z,868,broken,supply,515.87,516.44,2,
2024-03-20T19:00:00Z,869,created,demand,515.08,516.14,1,order_block
2024-03-20T19:00:00Z,869,volume_confluence,demand,515.08,516.14,2,VAL:2024-03-13:515.831667
2024-03-20T19:00:00Z,869,qualified,demand,515.08,516.14,2,order_block|volume_profile
2024-03-21T19:00:00Z,836,age_expired,demand,482.89,483.09660501393745,1,
2024-03-21T20:00:00Z,870,created,supply,523.76,524.11,1,pivot
2024-03-21T20:00:00Z,870,volume_confluence,supply,523.76,524.11,2,VAH:2024-03-21:523.972500
2024-03-21T20:00:00Z,870,qualified,supply,523.76,524.11,2,pivot|volume_profile
2024-03-22T20:00:00Z,871,created,demand,520.97,521.6725679454586,1,pivot
2024-03-22T20:00:00Z,871,volume_confluence,demand,520.97,521.6725679454586,2,VAL:2024-03-22:521.414167
2024-03-22T20:00:00Z,871,qualified,demand,520.97,521.6725679454586,2,pivot|volume_profile
2024-03-25T14:30:00Z,871,broken,demand,520.97,521.6725679454586,2,
2024-03-25T15:00:00Z,872,created,supply,522.4575020599824,522.61,1,pivot
2024-03-25T15:00:00Z,872,volume_confluence,supply,522.4575020599824,522.61,2,VAH:2024-03-22:522.370833
2024-03-25T15:00:00Z,872,qualified,supply,522.4575020599824,522.61,2,pivot|volume_profile
2024-03-25T16:00:00Z,852,broken_zone_expired,demand,509.74,510.13,3,
2024-03-25T17:00:00Z,873,created,demand,519.61,519.79,1,pivot
2024-03-25T20:00:00Z,873,touch,demand,519.61,519.79,1,
2024-03-25T20:00:00Z,873,rejection,demand,519.61,519.79,1,
2024-03-26T14:30:00Z,838,age_expired,demand,490.23,490.86,2,
2024-03-26T16:00:00Z,873,merged,demand,519.61,519.81,2,pivot
2024-03-26T16:00:00Z,873,qualified,demand,519.61,519.81,2,pivot|repeated_pivot
2024-03-26T17:00:00Z,871,role_flip_retest,supply,520.97,521.6725679454586,3,
2024-03-26T18:00:00Z,871,rejection,supply,520.97,521.6725679454586,3,
2024-03-26T18:00:00Z,871,merged,supply,520.97,521.6725679454586,4,pivot
2024-03-26T19:00:00Z,871,rejection,supply,520.97,521.6725679454586,4,
2024-03-26T20:00:00Z,873,broken,demand,519.61,519.81,2,
2024-03-26T20:00:00Z,871,merged,supply,520.66,521.6725679454586,5,order_block
2024-03-27T14:30:00Z,871,touch,supply,520.66,521.6725679454586,5,
2024-03-27T15:00:00Z,871,rejection,supply,520.66,521.6725679454586,5,
2024-03-27T16:00:00Z,856,broken_zone_expired,supply,513.1,513.29,3,
2024-03-27T16:00:00Z,873,role_flip_retest,supply,519.61,519.81,3,
2024-03-27T16:00:00Z,877,created,demand,518.4,518.66,1,pivot
2024-03-27T16:00:00Z,873,volume_confluence,supply,519.61,519.81,4,VAL:2024-03-26:519.923750
2024-03-27T17:00:00Z,873,broken,supply,519.61,519.81,4,
2024-03-27T17:00:00Z,871,merged,supply,520.66,521.78,5,pivot
2024-03-27T18:00:00Z,873,role_flip_retest,demand,519.61,519.81,4,
2024-03-27T19:00:00Z,871,touch,supply,520.66,521.78,5,
2024-03-27T19:00:00Z,871,rejection,supply,520.66,521.78,5,
2024-03-27T20:00:00Z,871,broken,supply,520.66,521.78,5,
2024-03-27T20:00:00Z,872,broken,supply,522.4575020599824,522.61,2,
2024-03-27T20:00:00Z,873,merged,demand,519.61,520.31,5,order_block
2024-03-28T18:00:00Z,861,broken_zone_expired,supply,516.81,518.23,3,
2024-03-28T18:00:00Z,868,broken_zone_expired,supply,515.87,516.44,2,
2024-03-28T19:00:00Z,870,touch,supply,523.76,524.11,2,
2024-03-28T20:00:00Z,870,rejection,supply,523.76,524.11,2,
2024-04-01T15:00:00Z,870,rejection,supply,523.76,524.11,2,
2024-04-01T16:00:00Z,870,merged,supply,523.76,524.61,3,pivot
2024-04-01T17:00:00Z,871,role_flip_retest,demand,520.66,521.78,5,
2024-04-01T19:00:00Z,871,rejection,demand,520.66,521.78,5,
2024-04-01T20:00:00Z,871,rejection,demand,520.66,521.78,5,
2024-04-01T20:00:00Z,871,merged,demand,520.66,521.78,5,pivot
2024-04-02T14:30:00Z,871,broken,demand,520.66,521.78,5,
2024-04-02T14:30:00Z,873,broken,demand,519.61,520.31,5,
2024-04-02T14:30:00Z,877,broken,demand,518.4,518.66,1,
2024-04-02T18:00:00Z,882,created,demand,516.48,516.97,1,pivot
2024-04-02T20:00:00Z,882,volume_confluence,demand,516.48,516.97,2,VAL:2024-04-02:517.261250
2024-04-02T20:00:00Z,882,qualified,demand,516.48,516.97,2,pivot|volume_profile
2024-04-03T14:30:00Z,877,role_flip_retest,supply,518.4,518.66,2,
2024-04-03T14:30:00Z,877,volume_confluence,supply,518.4,518.66,3,VAH:2024-04-02:518.511250
2024-04-03T14:30:00Z,877,qualified,supply,518.4,518.66,3,pivot|role_flip|volume_profile
2024-04-03T15:00:00Z,877,broken,supply,518.4,518.66,3,
2024-04-03T16:00:00Z,871,role_flip_retest,supply,520.66,521.78,5,
2024-04-03T17:00:00Z,871,rejection,supply,520.66,521.78,5,
2024-04-03T18:00:00Z,871,rejection,supply,520.66,521.78,5,
2024-04-03T19:00:00Z,871,rejection,supply,520.66,521.78,5,
2024-04-03T19:00:00Z,871,merged,supply,520.66,521.78,5,pivot
2024-04-03T20:00:00Z,873,role_flip_retest,supply,519.61,520.31,5,
2024-04-03T20:00:00Z,877,role_flip_retest,demand,518.4,518.66,3,
2024-04-04T14:30:00Z,871,broken,supply,520.66,521.78,5,
2024-04-04T14:30:00Z,872,role_flip_retest,demand,522.4575020599824,522.61,3,
2024-04-04T14:30:00Z,873,broken,supply,519.61,520.31,5,
2024-04-04T15:00:00Z,843,age_expired,demand,494.45,495.85,4,
2024-04-04T15:00:00Z,872,rejection,demand,522.4575020599824,522.61,3,
2024-04-04T16:00:00Z,872,rejection,demand,522.4575020599824,522.61,3,
2024-04-04T16:00:00Z,877,merged,demand,517.77,518.66,4,pivot
2024-04-04T17:00:00Z,870,touch,supply,523.76,524.61,3,
2024-04-04T17:00:00Z,870,rejection,supply,523.76,524.61,3,
2024-04-04T18:00:00Z,871,role_flip_retest,demand,520.66,521.78,5,
2024-04-04T18:00:00Z,872,broken,demand,522.4575020599824,522.61,3,
2024-04-04T19:00:00Z,869,touch,demand,515.08,516.14,2,
2024-04-04T19:00:00Z,871,broken,demand,520.66,521.78,5,
2024-04-04T19:00:00Z,877,broken,demand,517.77,518.66,4,
2024-04-04T19:00:00Z,882,broken,demand,516.48,516.97,2,
2024-04-04T19:00:00Z,870,merged,supply,523.27,524.61,4,order_block
2024-04-04T20:00:00Z,857,broken,demand,513.82,515.48,5,
2024-04-04T20:00:00Z,863,touch,demand,510.86,512.8950568840571,3,
2024-04-04T20:00:00Z,863,rejection,demand,510.86,512.8950568840571,3,
2024-04-04T20:00:00Z,869,broken,demand,515.08,516.14,2,
2024-04-04T20:00:00Z,870,merged,supply,523.27,524.61,4,pivot
2024-04-04T20:00:00Z,870,merged,supply,523.27,524.61,4,order_block
2024-04-05T16:00:00Z,888,created,demand,512.75,513.03,1,pivot
2024-04-05T17:00:00Z,873,role_flip_retest,demand,519.61,520.31,5,
2024-04-05T18:00:00Z,873,broken,demand,519.61,520.31,5,
2024-04-08T16:00:00Z,873,role_flip_retest,supply,519.61,520.31,5,
2024-04-08T20:00:00Z,873,touch,supply,519.61,520.31,5,
2024-04-08T20:00:00Z,873,rejection,supply,519.61,520.31,5,
2024-04-09T14:30:00Z,871,role_flip_retest,supply,520.66,521.78,5,
2024-04-09T14:30:00Z,873,rejection,supply,519.61,520.31,5,
2024-04-09T15:00:00Z,877,role_flip_retest,supply,517.77,518.66,4,
2024-04-09T15:00:00Z,882,role_flip_retest,supply,516.48,516.97,3,
2024-04-09T15:00:00Z,877,merged,supply,517.77,519.44,5,order_block
2024-04-09T17:00:00Z,877,touch,supply,517.77,519.44,5,
2024-04-09T17:00:00Z,877,rejection,supply,517.77,519.44,5,
2024-04-09T17:00:00Z,871,merged,supply,520.5,521.78,5,pivot
2024-04-09T18:00:00Z,891,created,demand,514.35,515.411566864768,1,pivot
2024-04-09T18:00:00Z,891,volume_confluence,demand,514.35,515.411566864768,2,VAL:2024-04-04:515.298333
2024-04-09T18:00:00Z,891,qualified,demand,514.35,515.411566864768,2,pivot|volume_profile
2024-04-09T20:00:00Z,877,touch,supply,517.77,519.44,5,
2024-04-09T20:00:00Z,882,broken,supply,516.48,516.97,3,
2024-04-10T14:30:00Z,863,touch,demand,510.86,512.8950568840571,3,
2024-04-10T14:30:00Z,863,rejection,demand,510.86,512.8950568840571,3,
2024-04-10T14:30:00Z,888,touch,demand,512.75,513.03,1,
2024-04-10T14:30:00Z,888,rejection,demand,512.75,513.03,1,
2024-04-10T14:30:00Z,891,broken,demand,514.35,515.411566864768,2,
2024-04-10T15:00:00Z,869,role_flip_retest,supply,515.08,516.14,3,
2024-04-10T16:00:00Z,857,role_flip_retest,supply,513.82,515.48,5,
2024-04-10T16:00:00Z,888,touch,demand,512.75,513.03,1,
2024-04-10T16:00:00Z,888,rejection,demand,512.75,513.03,1,
2024-04-10T16:00:00Z,891,role_flip_retest,supply,514.35,515.411566864768,3,
2024-04-10T16:00:00Z,877,merged,supply,517.77,519.44,5,pivot
2024-04-10T17:00:00Z,888,rejection,demand,512.75,513.03,1,
2024-04-10T17:00:00Z,891,rejection,supply,514.35,515.411566864768,3,
2024-04-10T17:00:00Z,888,merged,demand,512.67,513.48,2,pivot
2024-04-10T17:00:00Z,888,qualified,demand,512.67,513.48,2,pivot|repeated_pivot
2024-04-10T18:00:00Z,857,rejection,supply,513.82,515.48,5,
2024-04-10T18:00:00Z,863,touch,demand,510.86,512.8950568840571,3,
2024-04-10T18:00:00Z,863,rejection,demand,510.86,512.8950568840571,3,
2024-04-10T18:00:00Z,869,touch,supply,515.08,516.14,3,
2024-04-10T18:00:00Z,869,rejection,supply,515.08,516.14,3,
2024-04-10T18:00:00Z,888,rejection,demand,512.67,513.48,2,
2024-04-10T18:00:00Z,891,rejection,supply,514.35,515.411566864768,3,
2024-04-10T19:00:00Z,857,rejection,supply,513.82,515.48,5,
2024-04-10T19:00:00Z,891,rejection,supply,514.35,515.411566864768,3,
2024-04-10T20:00:00Z,863,rejection,demand,510.86,512.8950568840571,3,
2024-04-10T20:00:00Z,888,rejection,demand,512.67,513.48,2,
2024-04-10T20:00:00Z,891,rejection,supply,514.35,515.411566864768,3,
2024-04-10T20:00:00Z,888,volume_confluence,demand,512.67,513.48,3,POC:2024-04-10:513.361875
2024-04-11T14:30:00Z,869,touch,supply,515.08,516.14,3,
2024-04-11T14:30:00Z,869,rejection,supply,515.08,516.14,3,
2024-04-11T14:30:00Z,888,merged,demand,512.09,513.48,3,pivot
2024-04-11T15:00:00Z,857,rejection,supply,513.82,515.48,5,
2024-04-11T15:00:00Z,863,touch,demand,510.86,512.8950568840571,3,
2024-04-11T15:00:00Z,863,rejection,demand,510.86,512.8950568840571,3,
2024-04-11T15:00:00Z,888,touch,demand,512.09,513.48,3,
2024-04-11T15:00:00Z,891,rejection,supply,514.35,515.411566864768,3,
2024-04-11T16:00:00Z,850,age_expired,demand,493.56,495.33,3,
2024-04-11T16:00:00Z,869,touch,supply,515.08,516.14,3,
2024-04-11T16:00:00Z,888,rejection,demand,512.09,513.48,3,
2024-04-11T17:00:00Z,869,merged,supply,515.08,516.14,4,pivot
2024-04-11T18:00:00Z,857,broken,supply,513.82,515.48,5,
2024-04-11T18:00:00Z,869,broken,supply,515.08,516.14,4,
2024-04-11T18:00:00Z,877,touch,supply,517.77,519.44,5,
2024-04-11T18:00:00Z,882,role_flip_retest,demand,516.48,516.97,3,
2024-04-11T18:00:00Z,891,broken,supply,514.35,515.411566864768,3,
2024-04-11T18:00:00Z,888,merged,demand,512.08,513.48,3,pivot
2024-04-12T14:30:00Z,882,broken,demand,516.48,516.97,3,
2024-04-12T15:00:00Z,859,touch,demand,511.12,512.07,4,
2024-04-12T15:00:00Z,859,rejection,demand,511.12,512.07,4,
2024-04-12T15:00:00Z,863,touch,demand,510.86,512.8950568840571,3,
2024-04-12T15:00:00Z,888,touch,demand,512.08,513.48,3,
2024-04-12T15:00:00Z,877,merged,supply,517.77,519.48,5,pivot
2024-04-12T16:00:00Z,863,rejection,demand,510.86,512.8950568840571,3,
2024-04-12T17:00:00Z,859,broken,demand,511.12,512.07,4,
2024-04-12T17:00:00Z,863,broken,demand,510.86,512.8950568840571,3,
2024-04-12T17:00:00Z,872,broken_zone_expired,demand,522.4575020599824,522.61,3,
2024-04-12T17:00:00Z,888,broken,demand,512.08,513.48,3,
2024-04-12T18:00:00Z,855,touch,demand,508.36,509.43,4,
2024-04-12T18:00:00Z,855,rejection,demand,508.36,509.43,4,
2024-04-12T18:00:00Z,859,role_flip_retest,supply,511.12,512.07,4,
2024-04-12T18:00:00Z,863,role_flip_retest,supply,510.86,512.8950568840571,3,
2024-04-12T19:00:00Z,859,rejection,supply,511.12,512.07,4,
2024-04-12T19:00:00Z,863,rejection,supply,510.86,512.8950568840571,3,
2024-04-12T20:00:00Z,855,touch,demand,508.36,509.43,4,
2024-04-12T20:00:00Z,855,rejection,demand,508.36,509.43,4,
2024-04-12T20:00:00Z,863,rejection,supply,510.86,512.8950568840571,3,
2024-04-15T14:30:00Z,859,broken,supply,511.12,512.07,4,
2024-04-15T14:30:00Z,863,broken,supply,510.86,512.8950568840571,3,
2024-04-15T15:00:00Z,888,role_flip_retest,supply,512.08,513.48,4,
2024-04-15T16:00:00Z,859,role_flip_retest,demand,511.12,512.07,4,
2024-04-15T16:00:00Z,855,merged,demand,508.36,509.62,4,pivot
2024-04-15T17:00:00Z,855,touch,demand,508.36,509.62,4,
2024-04-15T17:00:00Z,855,rejection,demand,508.36,509.62,4,
2024-04-15T17:00:00Z,859,broken,demand,511.12,512.07,4,
2024-04-15T17:00:00Z,888,rejection,supply,512.08,513.48,4,
2024-04-15T17:00:00Z,899,created,supply,514.9954352334136,515.3,1,pivot
2024-04-15T17:00:00Z,899,volume_confluence,supply,514.9954352334136,515.3,2,VAL:2024-04-11:514.700833
2024-04-15T17:00:00Z,899,qualified,supply,514.9954352334136,515.3,2,pivot|volume_profile
2024-04-15T18:00:00Z,853,touch,demand,504.75,505.73,3,
2024-04-15T18:00:00Z,853,rejection,demand,504.75,505.73,3,
2024-04-15T18:00:00Z,855,broken,demand,508.36,509.62,4,
2024-04-15T18:00:00Z,888,merged,supply,511.11,513.48,5,order_block
2024-04-15T20:00:00Z,853,broken,demand,504.75,505.73,3,
2024-04-16T14:30:00Z,853,role_flip_retest,supply,504.75,505.73,4,
2024-04-16T15:00:00Z,853,rejection,supply,504.75,505.73,4,
2024-04-16T16:00:00Z,853,rejection,supply,504.75,505.73,4,
2024-04-16T17:00:00Z,853,rejection,supply,504.75,505.73,4,
2024-04-16T18:00:00Z,853,rejection,supply,504.75,505.73,4,
2024-04-16T20:00:00Z,853,rejection,supply,504.75,505.73,4,
2024-04-17T14:30:00Z,901,created,demand,502.21,503.6714755361143,1,pivot
2024-04-17T14:30:00Z,901,volume_confluence,demand,502.21,503.6714755361143,2,POC:2024-04-16:503.550625
2024-04-17T14:30:00Z,901,qualified,demand,502.21,503.6714755361143,2,pivot|volume_profile
2024-04-17T15:00:00Z,853,rejection,supply,504.75,505.73,4,
2024-04-17T15:00:00Z,901,touch,demand,502.21,503.6714755361143,2,
2024-04-17T15:00:00Z,853,merged,supply,504.75,506.5,4,pivot
2024-04-17T16:00:00Z,901,broken,demand,502.21,503.6714755361143,2,
2024-04-17T17:00:00Z,853,age_expired,supply,504.75,506.5,4,
2024-04-17T19:00:00Z,901,role_flip_retest,supply,502.21,503.6714755361143,3,
2024-04-17T20:00:00Z,903,created,demand,499.12,499.89,1,pivot
2024-04-17T20:00:00Z,903,volume_confluence,demand,499.12,499.89,2,VAL:2024-04-17:500.451250
2024-04-17T20:00:00Z,903,qualified,demand,499.12,499.89,2,pivot|volume_profile
2024-04-18T14:30:00Z,903,touch,demand,499.12,499.89,2,
2024-04-18T14:30:00Z,903,rejection,demand,499.12,499.89,2,
2024-04-18T15:00:00Z,901,touch,supply,502.21,503.6714755361143,3,
2024-04-18T17:00:00Z,901,rejection,supply,502.21,503.6714755361143,3,
2024-04-18T18:00:00Z,903,touch,demand,499.12,499.89,2,
2024-04-18T19:00:00Z,903,broken,demand,499.12,499.89,2,
2024-04-18T19:00:00Z,901,merged,supply,502.21,504.13,4,pivot
2024-04-19T15:00:00Z,903,role_flip_retest,supply,499.12,499.89,3,
2024-04-19T17:00:00Z,857,broken_zone_expired,supply,513.82,515.48,5,
2024-04-19T17:00:00Z,869,broken_zone_expired,supply,515.08,516.14,4,
2024-04-19T17:00:00Z,891,broken_zone_expired,supply,514.35,515.411566864768,3,
2024-04-19T20:00:00Z,882,broken_zone_expired,demand,516.48,516.97,3,
2024-04-22T16:00:00Z,905,created,demand,493.86,494.91,1,pivot
2024-04-22T16:00:00Z,905,volume_confluence,demand,493.86,494.91,2,VAL:2024-04-19:493.997500
2024-04-22T16:00:00Z,905,qualified,demand,493.86,494.91,2,pivot|volume_profile
2024-04-22T18:00:00Z,903,broken,supply,499.12,499.89,3,
2024-04-22T18:00:00Z,906,created,demand,495.95,497.58,1,order_block
2024-04-22T18:00:00Z,906,volume_confluence,demand,495.95,497.58,2,VAH:2024-04-19:497.847500
2024-04-22T18:00:00Z,906,qualified,demand,495.95,497.58,2,order_block|volume_profile
2024-04-22T19:00:00Z,901,touch,supply,502.21,504.13,4,
2024-04-22T19:00:00Z,901,rejection,supply,502.21,504.13,4,
2024-04-22T20:00:00Z,863,broken_zone_expired,supply,510.86,512.8950568840571,3,
2024-04-23T14:30:00Z,901,touch,supply,502.21,504.13,4,
2024-04-23T15:00:00Z,901,broken,supply,502.21,504.13,4,
2024-04-23T16:00:00Z,859,broken_zone_expired,demand,511.12,512.07,4,
2024-04-23T16:00:00Z,901,role_flip_retest,demand,502.21,504.13,4,
2024-04-23T17:00:00Z,855,broken_zone_expired,demand,508.36,509.62,4,
2024-04-24T16:00:00Z,901,touch,demand,502.21,504.13,4,
2024-04-24T17:00:00Z,901,rejection,demand,502.21,504.13,4,
2024-04-24T17:00:00Z,907,created,supply,506.56,507.37,1,pivot
2024-04-24T18:00:00Z,901,rejection,demand,502.21,504.13,4,
2024-04-24T20:00:00Z,901,merged,demand,502.21,504.13,4,pivot
2024-04-24T20:00:00Z,907,volume_confluence,supply,506.56,507.37,2,VAH:2024-04-24:506.575000
2024-04-24T20:00:00Z,907,qualified,supply,506.56,507.37,2,pivot|volume_profile
2024-04-25T14:30:00Z,901,broken,demand,502.21,504.13,4,
2024-04-25T15:00:00Z,906,touch,demand,495.95,497.58,2,
2024-04-25T15:00:00Z,906,rejection,demand,495.95,497.58,2,
2024-04-25T16:00:00Z,903,role_flip_retest,demand,499.12,499.89,3,
2024-04-25T18:00:00Z,906,merged,demand,495.95,498.2,3,pivot
2024-04-26T14:30:00Z,907,broken,supply,506.56,507.37,2,
2024-04-29T17:00:00Z,910,created,supply,510.08,510.75,1,pivot
2024-04-29T17:00:00Z,910,volume_confluence,supply,510.08,510.75,2,VAH:2024-04-26:509.618750
2024-04-29T17:00:00Z,910,qualified,supply,510.08,510.75,2,pivot|volume_profile
2024-04-29T18:00:00Z,910,touch,supply,510.08,510.75,2,
2024-04-29T19:00:00Z,910,rejection,supply,510.08,510.75,2,
2024-04-29T20:00:00Z,907,role_flip_retest,demand,506.56,507.37,3,
2024-04-29T20:00:00Z,910,rejection,supply,510.08,510.75,2,
2024-04-30T16:00:00Z,907,touch,demand,506.56,507.37,3,
2024-04-30T17:00:00Z,907,broken,demand,506.56,507.37,3,
2024-04-30T20:00:00Z,901,role_flip_retest,supply,502.21,504.13,4,
2024-04-30T20:00:00Z,911,created,supply,505.3,506.27,1,order_block
2024-04-30T20:00:00Z,911,volume_confluence,supply,505.3,506.27,2,VAH:2024-04-23:505.785625
2024-04-30T20:00:00Z,911,qualified,supply,505.3,506.27,2,order_block|volume_profile
2024-05-01T17:00:00Z,903,touch,demand,499.12,499.89,3,
2024-05-01T17:00:00Z,903,rejection,demand,499.12,499.89,3,
2024-05-01T19:00:00Z,901,broken,supply,502.21,504.13,4,
2024-05-01T19:00:00Z,911,broken,supply,505.3,506.27,2,
2024-05-01T20:00:00Z,907,role_flip_retest,supply,506.56,507.37,3,
2024-05-01T20:00:00Z,903,merged,demand,499.12,500.24,4,pivot
2024-05-02T15:00:00Z,903,touch,demand,499.12,500.24,4,
2024-05-02T15:00:00Z,903,rejection,demand,499.12,500.24,4,
2024-05-02T16:00:00Z,907,merged,supply,506.56,508.19,4,pivot
2024-05-02T18:00:00Z,903,merged,demand,499.12,500.96430119256974,4,pivot
2024-05-02T19:00:00Z,901,role_flip_retest,demand,502.21,504.13,4,
2024-05-02T20:00:00Z,901,rejection,demand,502.21,504.13,4,
2024-05-03T14:30:00Z,888,touch,supply,511.11,513.48,5,
2024-05-03T14:30:00Z,907,broken,supply,506.56,508.19,4,
2024-05-03T14:30:00Z,910,broken,supply,510.08,510.75,2,
2024-05-03T15:00:00Z,888,rejection,supply,511.11,513.48,5,
2024-05-03T17:00:00Z,888,touch,supply,511.11,513.48,5,
2024-05-03T17:00:00Z,888,rejection,supply,511.11,513.48,5,
2024-05-03T18:00:00Z,910,role_flip_retest,demand,510.08,510.75,3,
2024-05-03T18:00:00Z,888,merged,supply,511.11,513.48,5,pivot
2024-05-06T14:30:00Z,888,broken,supply,511.11,513.48,5,
2024-05-06T18:00:00Z,899,touch,supply,514.9954352334136,515.3,2,
2024-05-06T18:00:00Z,899,rejection,supply,514.9954352334136,515.3,2,
2024-05-06T19:00:00Z,899,broken,supply,514.9954352334136,515.3,2,
2024-05-06T20:00:00Z,899,role_flip_retest,demand,514.9954352334136,515.3,3,
2024-05-07T14:30:00Z,877,touch,supply,517.77,519.48,5,
2024-05-07T14:30:00Z,877,rejection,supply,517.77,519.48,5,
2024-05-07T18:00:00Z,877,rejection,supply,517.77,519.48,5,
2024-05-07T20:00:00Z,877,touch,supply,517.77,519.48,5,
2024-05-07T20:00:00Z,877,rejection,supply,517.77,519.48,5,
2024-05-08T14:30:00Z,899,touch,demand,514.9954352334136,515.3,3,
2024-05-08T14:30:00Z,899,rejection,demand,514.9954352334136,515.3,3,
2024-05-08T14:30:00Z,916,created,supply,517.89,518.57,1,pivot
2024-05-08T14:30:00Z,916,volume_confluence,supply,517.89,518.57,2,VAH:2024-05-07:517.907500
2024-05-08T14:30:00Z,916,qualified,supply,517.89,518.57,2,pivot|volume_profile
2024-05-08T17:00:00Z,899,merged,demand,514.9954352334136,515.3237033822111,4,pivot
2024-05-09T14:30:00Z,877,touch,supply,517.77,519.48,5,
2024-05-09T14:30:00Z,877,rejection,supply,517.77,519.48,5,
2024-05-09T15:00:00Z,916,broken,supply,517.89,518.57,2,
2024-05-09T17:00:00Z,916,role_flip_retest,demand,517.89,518.57,3,
2024-05-09T18:00:00Z,873,touch,supply,519.61,520.31,5,
2024-05-09T18:00:00Z,873,rejection,supply,519.61,520.31,5,
2024-05-09T18:00:00Z,911,broken_zone_expired,supply,505.3,506.27,2,
2024-05-09T19:00:00Z,877,broken,supply,517.77,519.48,5,
2024-05-10T14:30:00Z,871,broken,supply,520.5,521.78,5,
2024-05-10T14:30:00Z,873,broken,supply,519.61,520.31,5,
2024-05-10T15:00:00Z,873,role_flip_retest,demand,519.61,520.31,5,
2024-05-10T16:00:00Z,870,age_expired,supply,523.27,524.61,4,
2024-05-10T16:00:00Z,873,rejection,demand,519.61,520.31,5,
2024-05-10T17:00:00Z,873,rejection,demand,519.61,520.31,5,
2024-05-10T17:00:00Z,918,created,supply,522.42,522.64,1,pivot
2024-05-10T18:00:00Z,873,rejection,demand,519.61,520.31,5,
2024-05-10T19:00:00Z,873,rejection,demand,519.61,520.31,5,
2024-05-10T20:00:00Z,907,broken_zone_expired,supply,506.56,508.19,4,
2024-05-13T14:30:00Z,918,touch,supply,522.42,522.64,1,
2024-05-13T14:30:00Z,918,rejection,supply,522.42,522.64,1,
2024-05-13T17:00:00Z,918,merged,supply,522.42,522.67,2,pivot
2024-05-13T17:00:00Z,918,qualified,supply,522.42,522.67,2,pivot|repeated_pivot
2024-05-13T18:00:00Z,873,touch,demand,519.61,520.31,5,
2024-05-13T18:00:00Z,873,rejection,demand,519.61,520.31,5,
2024-05-13T19:00:00Z,873,rejection,demand,519.61,520.31,5,
2024-05-13T20:00:00Z,873,age_expired,demand,519.61,520.31,5,
2024-05-13T20:00:00Z,888,broken_zone_expired,supply,511.11,513.48,5,
2024-05-14T14:30:00Z,920,created,demand,519.74,520.344094469988,1,pivot
2024-05-14T14:30:00Z,920,volume_confluence,demand,519.74,520.344094469988,2,VAH:2024-05-09:520.136875
2024-05-14T14:30:00Z,920,qualified,demand,519.74,520.344094469988,2,pivot|volume_profile
2024-05-14T18:00:00Z,918,merged,supply,521.8064164239554,522.67,2,pivot
2024-05-14T19:00:00Z,871,role_flip_retest,demand,520.5,521.78,5,
2024-05-14T19:00:00Z,918,broken,supply,521.8064164239554,522.67,2,
2024-05-14T19:00:00Z,922,created,demand,520.68,521.1,1,order_block
2024-05-14T19:00:00Z,922,volume_confluence,demand,520.68,521.1,2,POC:2024-05-10:520.670208
2024-05-14T19:00:00Z,922,qualified,demand,520.68,521.1,2,order_block|volume_profile
2024-05-14T20:00:00Z,871,age_expired,demand,520.5,521.78,5,
2024-05-16T19:00:00Z,923,created,supply,531.38,531.53,1,pivot
2024-05-17T18:00:00Z,877,broken_zone_expired,supply,517.77,519.48,5,
2024-05-20T14:30:00Z,924,created,demand,528.48,528.78,1,order_block
2024-05-20T14:30:00Z,924,volume_confluence,demand,528.48,528.78,2,POC:2024-05-15:528.752917
2024-05-20T14:30:00Z,924,qualified,demand,528.48,528.78,2,order_block|volume_profile
2024-05-20T15:00:00Z,923,touch,supply,531.38,531.53,1,
2024-05-20T15:00:00Z,923,rejection,supply,531.38,531.53,1,
2024-05-20T15:00:00Z,925,created,demand,527.32,527.9501321579944,1,pivot
2024-05-20T15:00:00Z,925,volume_confluence,demand,527.32,527.9501321579944,2,VAL:2024-05-15:527.323750
2024-05-20T15:00:00Z,925,qualified,demand,527.32,527.9501321579944,2,pivot|volume_profile
2024-05-20T16:00:00Z,923,rejection,supply,531.38,531.53,1,
2024-05-20T19:00:00Z,923,merged,supply,531.23,531.57,2,pivot
2024-05-20T19:00:00Z,923,qualified,supply,531.23,531.57,2,pivot|repeated_pivot
2024-05-20T20:00:00Z,923,volume_confluence,supply,531.23,531.57,3,VAH:2024-05-20:530.920000
2024-05-21T17:00:00Z,927,created,demand,529.07,529.28,1,pivot
2024-05-21T17:00:00Z,927,volume_confluence,demand,529.07,529.28,2,VAH:2024-05-17:529.199167
2024-05-21T17:00:00Z,927,qualified,demand,529.07,529.28,2,pivot|volume_profile
2024-05-21T20:00:00Z,923,touch,supply,531.23,531.57,3,
2024-05-22T15:00:00Z,923,touch,supply,531.23,531.57,3,
2024-05-22T15:00:00Z,923,rejection,supply,531.23,531.57,3,
2024-05-22T16:00:00Z,923,rejection,supply,531.23,531.57,3,
2024-05-22T16:00:00Z,923,merged,supply,531.23,531.57,3,pivot
2024-05-22T18:00:00Z,918,broken_zone_expired,supply,521.8064164239554,522.67,2,
2024-05-22T18:00:00Z,923,touch,supply,531.23,531.57,3,
2024-05-22T18:00:00Z,923,rejection,supply,531.23,531.57,3,
2024-05-22T19:00:00Z,924,touch,demand,528.48,528.78,2,
2024-05-22T19:00:00Z,925,touch,demand,527.32,527.9501321579944,2,
2024-05-22T19:00:00Z,925,rejection,demand,527.32,527.9501321579944,2,
2024-05-22T19:00:00Z,927,broken,demand,529.07,529.28,2,
2024-05-22T19:00:00Z,923,merged,supply,530.69,531.57,4,order_block
2024-05-22T20:00:00Z,924,rejection,demand,528.48,528.78,2,
2024-05-22T20:00:00Z,925,rejection,demand,527.32,527.9501321579944,2,
2024-05-23T14:30:00Z,923,touch,supply,530.69,531.57,4,
2024-05-23T14:30:00Z,923,rejection,supply,530.69,531.57,4,
2024-05-23T15:00:00Z,923,rejection,supply,530.69,531.57,4,
2024-05-23T15:00:00Z,927,role_flip_retest,supply,529.07,529.28,3,
2024-05-23T15:00:00Z,925,merged,demand,527.32,528.3655453842586,3,pivot
2024-05-23T16:00:00Z,927,broken,supply,529.07,529.28,3,
2024-05-23T17:00:00Z,923,rejection,supply,530.69,531.57,4,
2024-05-23T17:00:00Z,931,created,supply,532.8898890501599,533.07,1,pivot
2024-05-23T18:00:00Z,924,broken,demand,528.48,528.78,2,
2024-05-23T18:00:00Z,925,broken,demand,527.32,528.3655453842586,3,
2024-05-23T18:00:00Z,932,created,supply,529.862712888142,531.49,1,order_block
2024-05-23T18:00:00Z,932,volume_confluence,supply,529.862712888142,531.49,2,VAH:2024-05-15:529.977917
2024-05-23T18:00:00Z,932,qualified,supply,529.862712888142,531.49,2,order_block|volume_profile
2024-05-24T14:30:00Z,925,role_flip_retest,supply,527.32,528.3655453842586,4,
2024-05-24T15:00:00Z,925,broken,supply,527.32,528.3655453842586,4,
2024-05-24T16:00:00Z,927,role_flip_retest,demand,529.07,529.28,3,
2024-05-24T16:00:00Z,932,touch,supply,529.862712888142,531.49,2,
2024-05-24T16:00:00Z,932,rejection,supply,529.862712888142,531.49,2,
2024-05-24T16:00:00Z,933,created,demand,524.72,524.94,1,pivot
2024-05-24T16:00:00Z,933,volume_confluence,demand,524.72,524.94,2,POC:2024-05-23:524.893958
2024-05-24T16:00:00Z,933,qualified,demand,524.72,524.94,2,pivot|volume_profile
2024-05-24T17:00:00Z,932,rejection,supply,529.862712888142,531.49,2,
2024-05-24T18:00:00Z,927,rejection,demand,529.07,529.28,3,
2024-05-24T18:00:00Z,932,rejection,supply,529.862712888142,531.49,2,
2024-05-24T19:00:00Z,932,rejection,supply,529.862712888142,531.49,2,
2024-05-24T19:00:00Z,934,created,supply,529.45,530.27,1,pivot
2024-05-24T19:00:00Z,934,volume_confluence,supply,529.45,530.27,2,POC:2024-05-20:530.020000
2024-05-24T19:00:00Z,934,qualified,supply,529.45,530.27,2,pivot|volume_profile
2024-05-24T20:00:00Z,925,role_flip_retest,demand,527.32,528.3655453842586,4,
2024-05-24T20:00:00Z,927,rejection,demand,529.07,529.28,3,
2024-05-24T20:00:00Z,934,touch,supply,529.45,530.27,2,
2024-05-28T14:30:00Z,927,rejection,demand,529.07,529.28,3,
2024-05-28T14:30:00Z,932,touch,supply,529.862712888142,531.49,2,
2024-05-28T14:30:00Z,932,rejection,supply,529.862712888142,531.49,2,
2024-05-28T14:30:00Z,934,rejection,supply,529.45,530.27,2,
2024-05-28T15:00:00Z,927,rejection,demand,529.07,529.28,3,
2024-05-28T17:00:00Z,932,rejection,supply,529.862712888142,531.49,2,
2024-05-28T17:00:00Z,934,merged,supply,529.45,530.51,3,pivot
2024-05-28T18:00:00Z,927,broken,demand,529.07,529.28,3,
2024-05-28T18:00:00Z,932,rejection,supply,529.862712888142,531.49,2,
2024-05-28T18:00:00Z,934,rejection,supply,529.45,530.51,3,
2024-05-28T19:00:00Z,924,role_flip_retest,supply,528.48,528.78,3,
2024-05-28T19:00:00Z,925,touch,demand,527.32,528.3655453842586,4,
2024-05-28T19:00:00Z,927,role_flip_retest,supply,529.07,529.28,3,
2024-05-28T20:00:00Z,924,broken,supply,528.48,528.78,3,
2024-05-28T20:00:00Z,925,rejection,demand,527.32,528.3655453842586,4,
2024-05-28T20:00:00Z,927,broken,supply,529.07,529.28,3,
2024-05-28T20:00:00Z,932,touch,supply,529.862712888142,531.49,2,
2024-05-28T20:00:00Z,934,touch,supply,529.45,530.51,3,
2024-05-29T14:30:00Z,925,broken,demand,527.32,528.3655453842586,4,
2024-05-29T17:00:00Z,936,created,demand,525.37,525.68,1,pivot
2024-05-29T17:00:00Z,936,volume_confluence,demand,525.37,525.68,2,POC:2024-05-23:524.893958
2024-05-29T17:00:00Z,936,qualified,demand,525.37,525.68,2,pivot|volume_profile
2024-05-29T20:00:00Z,936,touch,demand,525.37,525.68,2,
2024-05-29T20:00:00Z,936,rejection,demand,525.37,525.68,2,
2024-05-30T14:30:00Z,933,broken,demand,524.72,524.94,2,
2024-05-30T14:30:00Z,936,broken,demand,525.37,525.68,2,
2024-05-30T15:00:00Z,933,role_flip_retest,supply,524.72,524.94,3,
2024-05-30T17:00:00Z,933,touch,supply,524.72,524.94,3,
2024-05-30T17:00:00Z,933,rejection,supply,524.72,524.94,3,
2024-05-30T19:00:00Z,933,rejection,supply,524.72,524.94,3,
2024-05-30T19:00:00Z,937,created,demand,522.89,523.38,1,pivot
2024-05-30T20:00:00Z,937,broken,demand,522.89,523.38,1,
2024-05-31T14:30:00Z,933,touch,supply,524.72,524.94,3,
2024-05-31T14:30:00Z,933,rejection,supply,524.72,524.94,3,
2024-05-31T15:00:00Z,920,touch,demand,519.74,520.344094469988,2,
2024-05-31T15:00:00Z,920,rejection,demand,519.74,520.344094469988,2,
2024-05-31T15:00:00Z,922,touch,demand,520.68,521.1,2,
2024-05-31T15:00:00Z,937,role_flip_retest,supply,522.89,523.38,2,
2024-05-31T15:00:00Z,933,merged,supply,524.67,525.2,4,order_block
2024-05-31T15:00:00Z,937,volume_confluence,supply,522.89,523.38,3,VAL:2024-05-30:523.023125
2024-05-31T15:00:00Z,937,qualified,supply,522.89,523.38,3,pivot|role_flip|volume_profile
2024-05-31T16:00:00Z,922,broken,demand,520.68,521.1,2,
2024-05-31T17:00:00Z,916,touch,demand,517.89,518.57,3,
2024-05-31T17:00:00Z,916,rejection,demand,517.89,518.57,3,
2024-05-31T17:00:00Z,920,broken,demand,519.74,520.344094469988,2,
2024-05-31T20:00:00Z,933,broken,supply,524.67,525.2,4,
2024-05-31T20:00:00Z,937,broken,supply,522.89,523.38,3,
2024-05-31T20:00:00Z,916,merged,demand,517.89,519.4431587871339,4,pivot
2024-05-31T20:00:00Z,916,merged,demand,517.89,519.69,5,order_block
2024-06-03T15:00:00Z,925,role_flip_retest,supply,527.32,528.3655453842586,4,
2024-06-03T17:00:00Z,936,role_flip_retest,supply,525.37,525.68,3,
2024-06-03T17:00:00Z,937,role_flip_retest,demand,522.89,523.38,3,
2024-06-03T18:00:00Z,936,rejection,supply,525.37,525.68,3,
2024-06-03T18:00:00Z,937,rejection,demand,522.89,523.38,3,
2024-06-03T18:00:00Z,925,merged,supply,527.32,529.31,4,pivot
2024-06-03T19:00:00Z,933,role_flip_retest,demand,524.67,525.2,4,
2024-06-03T20:00:00Z,899,age_expired,demand,514.9954352334136,515.3237033822111,4,
2024-06-03T20:00:00Z,925,touch,supply,527.32,529.31,4,
2024-06-03T20:00:00Z,936,broken,supply,525.37,525.68,3,
2024-06-04T15:00:00Z,925,touch,supply,527.32,529.31,4,
2024-06-04T15:00:00Z,925,rejection,supply,527.32,529.31,4,
2024-06-04T16:00:00Z,933,touch,demand,524.67,525.2,4,
2024-06-04T16:00:00Z,933,rejection,demand,524.67,525.2,4,
2024-06-04T17:00:00Z,933,rejection,demand,524.67,525.2,4,
2024-06-04T17:00:00Z,936,role_flip_retest,demand,525.37,525.68,3,
2024-06-04T19:00:00Z,925,touch,supply,527.32,529.31,4,
2024-06-05T14:30:00Z,923,touch,supply,530.69,531.57,4,
2024-06-05T14:30:00Z,923,rejection,supply,530.69,531.57,4,
2024-06-05T14:30:00Z,925,broken,supply,527.32,529.31,4,
2024-06-05T14:30:00Z,932,touch,supply,529.862712888142,531.49,2,
2024-06-05T14:30:00Z,934,touch,supply,529.45,530.51,3,
2024-06-05T15:00:00Z,924,role_flip_retest,demand,528.48,528.78,3,
2024-06-05T15:00:00Z,925,role_flip_retest,demand,527.32,529.31,4,
2024-06-05T15:00:00Z,927,role_flip_retest,demand,529.07,529.28,3,
2024-06-05T15:00:00Z,934,broken,supply,529.45,530.51,3,
2024-06-05T16:00:00Z,923,broken,supply,530.69,531.57,4,
2024-06-05T16:00:00Z,932,broken,supply,529.862712888142,531.49,2,
2024-06-05T17:00:00Z,901,age_expired,demand,502.21,504.13,4,
2024-06-05T18:00:00Z,931,broken,supply,532.8898890501599,533.07,1,
2024-06-05T19:00:00Z,931,role_flip_retest,demand,532.8898890501599,533.07,2,
2024-06-05T20:00:00Z,931,volume_confluence,demand,532.8898890501599,533.07,3,POC:2024-06-05:533.321875
2024-06-05T20:00:00Z,931,qualified,demand,532.8898890501599,533.07,3,pivot|role_flip|volume_profile
2024-06-06T16:00:00Z,903,age_expired,demand,499.12,500.96430119256974,4,
2024-06-06T17:00:00Z,942,created,supply,534.98,535.42,1,pivot
2024-06-06T17:00:00Z,942,volume_confluence,supply,534.98,535.42,2,VAH:2024-06-05:534.565625
2024-06-06T17:00:00Z,942,qualified,supply,534.98,535.42,2,pivot|volume_profile
2024-06-06T19:00:00Z,931,touch,demand,532.8898890501599,533.07,3,
2024-06-06T19:00:00Z,931,rejection,demand,532.8898890501599,533.07,3,
2024-06-07T14:30:00Z,931,touch,demand,532.8898890501599,533.07,3,
2024-06-07T14:30:00Z,931,rejection,demand,532.8898890501599,533.07,3,
2024-06-07T15:00:00Z,942,touch,supply,534.98,535.42,2,
2024-06-07T17:00:00Z,942,broken,supply,534.98,535.42,2,
2024-06-07T17:00:00Z,931,merged,demand,532.53,533.4220033395985,4,pivot
2024-06-10T14:30:00Z,931,touch,demand,532.53,533.4220033395985,4,
2024-06-10T14:30:00Z,944,created,supply,536.35,536.89,1,pivot
2024-06-10T15:00:00Z,922,broken_zone_expired,demand,520.68,521.1,2,
2024-06-10T15:00:00Z,931,rejection,demand,532.53,533.4220033395985,4,
2024-06-10T16:00:00Z,920,broken_zone_expired,demand,519.74,520.344094469988,2,
2024-06-10T17:00:00Z,931,merged,demand,532.53,533.4220033395985,4,pivot
2024-06-10T19:00:00Z,905,age_expired,demand,493.86,494.91,2,
2024-06-10T20:00:00Z,942,role_flip_retest,demand,534.98,535.42,3,
2024-06-10T20:00:00Z,944,volume_confluence,supply,536.35,536.89,2,VAH:2024-06-10:535.918750
2024-06-10T20:00:00Z,944,qualified,supply,536.35,536.89,2,pivot|volume_profile
2024-06-11T14:30:00Z,906,age_expired,demand,495.95,498.2,3,
2024-06-11T14:30:00Z,931,touch,demand,532.53,533.4220033395985,4,
2024-06-11T14:30:00Z,942,broken,demand,534.98,535.42,3,
2024-06-11T15:00:00Z,931,rejection,demand,532.53,533.4220033395985,4,
2024-06-11T16:00:00Z,944,merged,supply,535.66,536.89,3,pivot
2024-06-11T17:00:00Z,931,merged,demand,532.05,533.4220033395985,4,pivot
2024-06-11T19:00:00Z,944,touch,supply,535.66,536.89,3,
2024-06-12T14:30:00Z,944,broken,supply,535.66,536.89,3,
2024-06-12T18:00:00Z,948,created,supply,543.09,543.96,1,pivot
2024-06-12T20:00:00Z,948,touch,supply,543.09,543.96,1,
2024-06-12T20:00:00Z,948,rejection,supply,543.09,543.96,1,
2024-06-12T20:00:00Z,948,volume_confluence,supply,543.09,543.96,2,VAH:2024-06-12:543.403750
2024-06-12T20:00:00Z,948,qualified,supply,543.09,543.96,2,pivot|volume_profile
2024-06-13T14:30:00Z,934,broken_zone_expired,supply,529.45,530.51,3,
2024-06-13T14:30:00Z,948,rejection,supply,543.09,543.96,2,
2024-06-13T15:00:00Z,923,broken_zone_expired,supply,530.69,531.57,4,
2024-06-13T15:00:00Z,932,broken_zone_expired,supply,529.862712888142,531.49,2,
2024-06-13T16:00:00Z,948,merged,supply,543.09,544.12,3,pivot
2024-06-13T20:00:00Z,948,touch,supply,543.09,544.12,3,
2024-06-13T20:00:00Z,948,rejection,supply,543.09,544.12,3,
2024-06-13T20:00:00Z,950,created,demand,539.59,540.5318538956611,1,pivot
2024-06-14T15:00:00Z,950,touch,demand,539.59,540.5318538956611,1,
2024-06-14T15:00:00Z,950,rejection,demand,539.59,540.5318538956611,1,
2024-06-14T16:00:00Z,950,rejection,demand,539.59,540.5318538956611,1,
2024-06-14T16:00:00Z,948,merged,supply,542.5,544.12,3,pivot
2024-06-14T20:00:00Z,948,touch,supply,542.5,544.12,3,
2024-06-14T20:00:00Z,950,volume_confluence,demand,539.59,540.5318538956611,2,VAL:2024-06-14:540.898333
2024-06-14T20:00:00Z,950,qualified,demand,539.59,540.5318538956611,2,pivot|volume_profile
2024-06-17T15:00:00Z,948,touch,supply,542.5,544.12,3,
2024-06-17T17:00:00Z,948,broken,supply,542.5,544.12,3,
2024-06-17T20:00:00Z,910,age_expired,demand,510.08,510.75,3,
2024-06-18T15:00:00Z,952,created,supply,547.77,548.53,1,pivot
2024-06-18T15:00:00Z,952,volume_confluence,supply,547.77,548.53,2,VAH:2024-06-17:548.385625
2024-06-18T15:00:00Z,952,qualified,supply,547.77,548.53,2,pivot|volume_profile
2024-06-18T16:00:00Z,952,touch,supply,547.77,548.53,2,
2024-06-18T20:00:00Z,942,broken_zone_expired,demand,534.98,535.42,3,
2024-06-20T14:30:00Z,952,broken,supply,547.77,548.53,2,
2024-06-20T15:00:00Z,952,role_flip_retest,demand,547.77,548.53,3,
2024-06-20T17:00:00Z,952,broken,demand,547.77,548.53,3,
2024-06-20T17:00:00Z,953,created,supply,549.61,550.12,1,pivot
2024-06-20T19:00:00Z,952,role_flip_retest,supply,547.77,548.53,3,
2024-06-20T20:00:00Z,944,broken_zone_expired,supply,535.66,536.89,3,
2024-06-21T15:00:00Z,948,role_flip_retest,demand,542.5,544.12,4,
2024-06-21T16:00:00Z,948,rejection,demand,542.5,544.12,4,
2024-06-21T17:00:00Z,954,created,demand,543.02,543.85,1,pivot
2024-06-21T17:00:00Z,954,volume_confluence,demand,543.02,543.85,2,VAH:2024-06-12:543.403750
2024-06-21T17:00:00Z,954,qualified,demand,543.02,543.85,2,pivot|volume_profile
2024-06-21T18:00:00Z,948,touch,demand,542.5,544.12,4,
2024-06-21T18:00:00Z,954,touch,demand,543.02,543.85,2,
2024-06-21T18:00:00Z,954,rejection,demand,543.02,543.85,2,
2024-06-21T19:00:00Z,948,rejection,demand,542.5,544.12,4,
2024-06-21T19:00:00Z,954,rejection,demand,543.02,543.85,2,
2024-06-21T20:00:00Z,948,rejection,demand,542.5,544.12,4,
2024-06-24T14:30:00Z,948,rejection,demand,542.5,544.12,4,
2024-06-24T14:30:00Z,954,touch,demand,543.02,543.85,2,
2024-06-24T14:30:00Z,954,rejection,demand,543.02,543.85,2,
2024-06-24T18:00:00Z,948,touch,demand,542.5,544.12,4,
2024-06-24T18:00:00Z,954,touch,demand,543.02,543.85,2,
2024-06-24T18:00:00Z,954,rejection,demand,543.02,543.85,2,
2024-06-24T18:00:00Z,955,created,supply,546.1003021632825,546.95,1,pivot
2024-06-24T18:00:00Z,955,volume_confluence,supply,546.1003021632825,546.95,2,POC:2024-06-20:546.929583
2024-06-24T18:00:00Z,955,qualified,supply,546.1003021632825,546.95,2,pivot|volume_profile
2024-06-24T19:00:00Z,948,rejection,demand,542.5,544.12,4,
2024-06-24T19:00:00Z,954,rejection,demand,543.02,543.85,2,
2024-06-24T20:00:00Z,954,broken,demand,543.02,543.85,2,
2024-06-25T16:00:00Z,948,rejection,demand,542.5,544.12,4,
2024-06-25T16:00:00Z,956,created,demand,542.63,542.8079910715861,1,pivot
2024-06-25T16:00:00Z,956,volume_confluence,demand,542.63,542.8079910715861,2,VAH:2024-06-14:542.378333
2024-06-25T16:00:00Z,956,qualified,demand,542.63,542.8079910715861,2,pivot|volume_profile
2024-06-25T17:00:00Z,954,role_flip_retest,supply,543.02,543.85,3,
2024-06-25T17:00:00Z,956,touch,demand,542.63,542.8079910715861,2,
2024-06-25T17:00:00Z,956,rejection,demand,542.63,542.8079910715861,2,
2024-06-25T18:00:00Z,954,broken,supply,543.02,543.85,3,
2024-06-25T18:00:00Z,956,rejection,demand,542.63,542.8079910715861,2,
2024-06-25T19:00:00Z,948,rejection,demand,542.5,544.12,4,
2024-06-25T19:00:00Z,954,role_flip_retest,demand,543.02,543.85,3,
2024-06-26T14:30:00Z,948,touch,demand,542.5,544.12,4,
2024-06-26T14:30:00Z,954,touch,demand,543.02,543.85,3,
2024-06-26T14:30:00Z,954,rejection,demand,543.02,543.85,3,
2024-06-26T14:30:00Z,956,merged,demand,542.44,542.95,3,pivot
2024-06-26T15:00:00Z,948,rejection,demand,542.5,544.12,4,
2024-06-26T15:00:00Z,954,rejection,demand,543.02,543.85,3,
2024-06-26T16:00:00Z,948,rejection,demand,542.5,544.12,4,
2024-06-26T16:00:00Z,954,rejection,demand,543.02,543.85,3,
2024-06-26T18:00:00Z,948,touch,demand,542.5,544.12,4,
2024-06-26T18:00:00Z,948,rejection,demand,542.5,544.12,4,
2024-06-26T19:00:00Z,958,created,supply,545.280599780638,545.45,1,pivot
2024-06-26T19:00:00Z,958,volume_confluence,supply,545.280599780638,545.45,2,VAH:2024-06-21:545.156875
2024-06-26T19:00:00Z,958,qualified,supply,545.280599780638,545.45,2,pivot|volume_profile
2024-06-26T20:00:00Z,955,touch,supply,546.1003021632825,546.95,2,
2024-06-26T20:00:00Z,955,rejection,supply,546.1003021632825,546.95,2,
2024-06-26T20:00:00Z,958,touch,supply,545.280599780638,545.45,2,
2024-06-27T14:30:00Z,958,broken,supply,545.280599780638,545.45,2,
2024-06-27T15:00:00Z,955,rejection,supply,546.1003021632825,546.95,2,
2024-06-27T17:00:00Z,916,age_expired,demand,517.89,519.69,5,
2024-06-27T17:00:00Z,958,role_flip_retest,demand,545.280599780638,545.45,3,
2024-06-27T18:00:00Z,955,touch,supply,546.1003021632825,546.95,2,
2024-06-27T18:00:00Z,955,rejection,supply,546.1003021632825,546.95,2,
2024-06-27T18:00:00Z,955,merged,supply,546.1003021632825,546.96,3,pivot
2024-06-27T19:00:00Z,958,touch,demand,545.280599780638,545.45,3,
2024-06-27T20:00:00Z,955,touch,supply,546.1003021632825,546.96,3,
2024-06-27T20:00:00Z,958,rejection,demand,545.280599780638,545.45,3,
2024-06-28T14:30:00Z,952,touch,supply,547.77,548.53,3,
2024-06-28T14:30:00Z,955,broken,supply,546.1003021632825,546.96,3,
2024-06-28T15:00:00Z,952,broken,supply,547.77,548.53,3,
2024-06-28T15:00:00Z,953,touch,supply,549.61,550.12,1,
2024-06-28T15:00:00Z,953,rejection,supply,549.61,550.12,1,
2024-06-28T15:00:00Z,958,merged,demand,544.61,545.45,4,pivot
2024-06-28T18:00:00Z,953,merged,supply,549.4610059924163,550.28,2,pivot
2024-06-28T18:00:00Z,953,qualified,supply,549.4610059924163,550.28,2,pivot|repeated_pivot
2024-06-28T19:00:00Z,958,touch,demand,544.61,545.45,4,
2024-06-28T20:00:00Z,948,touch,demand,542.5,544.12,4,
2024-06-28T20:00:00Z,954,touch,demand,543.02,543.85,3,
2024-06-28T20:00:00Z,954,rejection,demand,543.02,543.85,3,
2024-06-28T20:00:00Z,956,touch,demand,542.44,542.95,3,
2024-06-28T20:00:00Z,956,rejection,demand,542.44,542.95,3,
2024-06-28T20:00:00Z,958,broken,demand,544.61,545.45,4,
2024-07-01T14:30:00Z,948,rejection,demand,542.5,544.12,4,
2024-07-01T15:00:00Z,954,touch,demand,543.02,543.85,3,
2024-07-01T15:00:00Z,956,touch,demand,542.44,542.95,3,
2024-07-01T15:00:00Z,956,rejection,demand,542.44,542.95,3,
2024-07-01T15:00:00Z,958,role_flip_retest,supply,544.61,545.45,4,
2024-07-01T16:00:00Z,948,rejection,demand,542.5,544.12,4,
2024-07-01T16:00:00Z,954,rejection,demand,543.02,543.85,3,
2024-07-01T16:00:00Z,956,rejection,demand,542.44,542.95,3,
2024-07-01T17:00:00Z,948,rejection,demand,542.5,544.12,4,
2024-07-01T17:00:00Z,958,touch,supply,544.61,545.45,4,
2024-07-01T18:00:00Z,956,merged,demand,542.44,543.35,3,pivot
2024-07-01T20:00:00Z,948,touch,demand,542.5,544.12,4,
2024-07-01T20:00:00Z,948,rejection,demand,542.5,544.12,4,
2024-07-01T20:00:00Z,954,touch,demand,543.02,543.85,3,
2024-07-01T20:00:00Z,954,rejection,demand,543.02,543.85,3,
2024-07-02T14:30:00Z,948,rejection,demand,542.5,544.12,4,
2024-07-02T14:30:00Z,954,rejection,demand,543.02,543.85,3,
2024-07-02T15:00:00Z,958,broken,supply,544.61,545.45,4,
2024-07-02T16:00:00Z,958,role_flip_retest,demand,544.61,545.45,4,
2024-07-02T17:00:00Z,958,rejection,demand,544.61,545.45,4,
2024-07-02T18:00:00Z,955,role_flip_retest,demand,546.1003021632825,546.96,4,
2024-07-02T20:00:00Z,952,role_flip_retest,demand,547.77,548.53,3,
2024-07-03T14:30:00Z,953,touch,supply,549.4610059924163,550.28,2,
2024-07-03T16:00:00Z,953,broken,supply,549.4610059924163,550.28,2,
2024-07-08T17:00:00Z,963,created,supply,556.02,556.26,1,pivot
2024-07-09T14:30:00Z,963,broken,supply,556.02,556.26,1,
2024-07-09T15:00:00Z,963,role_flip_retest,demand,556.02,556.26,2,
2024-07-09T15:00:00Z,964,created,demand,554.19,554.8501750686572,1,pivot
2024-07-09T15:00:00Z,964,volume_confluence,demand,554.19,554.8501750686572,2,POC:2024-07-05:554.313125
2024-07-09T15:00:00Z,964,qualified,demand,554.19,554.8501750686572,2,pivot|volume_profile
2024-07-09T16:00:00Z,963,rejection,demand,556.02,556.26,2,
2024-07-09T17:00:00Z,963,rejection,demand,556.02,556.26,2,
2024-07-09T19:00:00Z,963,broken,demand,556.02,556.26,2,
2024-07-09T20:00:00Z,963,role_flip_retest,supply,556.02,556.26,2,
2024-07-09T20:00:00Z,963,volume_confluence,supply,556.02,556.26,3,POC:2024-07-09:556.107917
2024-07-09T20:00:00Z,963,qualified,supply,556.02,556.26,3,pivot|role_flip|volume_profile
2024-07-10T14:30:00Z,963,broken,supply,556.02,556.26,3,
2024-07-10T16:00:00Z,965,created,demand,555.52,555.85,1,pivot
2024-07-10T16:00:00Z,965,volume_confluence,demand,555.52,555.85,2,VAH:2024-07-08:555.526875
2024-07-10T16:00:00Z,965,qualified,demand,555.52,555.85,2,pivot|volume_profile
2024-07-10T17:00:00Z,966,created,demand,556.92,557.27,1,order_block
2024-07-10T20:00:00Z,924,age_expired,demand,528.48,528.78,3,
2024-07-11T14:30:00Z,925,age_expired,demand,527.32,529.31,4,
2024-07-11T16:00:00Z,966,broken,demand,556.92,557.27,1,
2024-07-11T17:00:00Z,963,role_flip_retest,demand,556.02,556.26,3,
2024-07-11T17:00:00Z,966,role_flip_retest,supply,556.92,557.27,2,
2024-07-11T17:00:00Z,966,volume_confluence,supply,556.92,557.27,3,VAH:2024-07-09:556.522917
2024-07-11T17:00:00Z,966,qualified,supply,556.92,557.27,3,order_block|role_flip|volume_profile
2024-07-11T18:00:00Z,963,broken,demand,556.02,556.26,3,
2024-07-11T18:00:00Z,965,touch,demand,555.52,555.85,2,
2024-07-11T18:00:00Z,965,rejection,demand,555.52,555.85,2,
2024-07-11T18:00:00Z,966,rejection,supply,556.92,557.27,3,
2024-07-11T18:00:00Z,967,created,supply,561.95,562.33,1,pivot
2024-07-11T18:00:00Z,967,volume_confluence,supply,561.95,562.33,2,VAH:2024-07-10:561.567917
2024-07-11T18:00:00Z,967,qualified,supply,561.95,562.33,2,pivot|volume_profile
2024-07-11T19:00:00Z,965,rejection,demand,555.52,555.85,2,
2024-07-11T20:00:00Z,966,rejection,supply,556.92,557.27,3,
2024-07-12T14:30:00Z,966,broken,supply,556.92,557.27,3,
2024-07-12T15:00:00Z,965,merged,demand,555.52,556.021486701079,3,pivot
2024-07-12T16:00:00Z,927,age_expired,demand,529.07,529.28,3,
2024-07-12T18:00:00Z,953,broken_zone_expired,supply,549.4610059924163,550.28,2,
2024-07-12T18:00:00Z,967,broken,supply,561.95,562.33,2,
2024-07-15T14:30:00Z,969,created,supply,563.05,563.67,1,pivot
2024-07-15T14:30:00Z,969,volume_confluence,supply,563.05,563.67,2,VAH:2024-07-12:563.263750
2024-07-15T14:30:00Z,969,qualified,supply,563.05,563.67,2,pivot|volume_profile
2024-07-15T15:00:00Z,967,role_flip_retest,demand,561.95,562.33,3,
2024-07-15T15:00:00Z,969,touch,supply,563.05,563.67,2,
2024-07-15T16:00:00Z,969,broken,supply,563.05,563.67,2,
2024-07-15T17:00:00Z,967,touch,demand,561.95,562.33,3,
2024-07-15T17:00:00Z,967,rejection,demand,561.95,562.33,3,
2024-07-15T18:00:00Z,967,broken,demand,561.95,562.33,3,
2024-07-15T19:00:00Z,970,created,supply,563.8437124925374,564.84,1,pivot
2024-07-15T20:00:00Z,967,role_flip_retest,supply,561.95,562.33,3,
2024-07-16T14:30:00Z,967,broken,supply,561.95,562.33,3,
2024-07-16T15:00:00Z,967,role_flip_retest,demand,561.95,562.33,3,
2024-07-16T16:00:00Z,931,age_expired,demand,532.05,533.4220033395985,4,
2024-07-16T16:00:00Z,970,touch,supply,563.8437124925374,564.84,1,
2024-07-16T16:00:00Z,970,rejection,supply,563.8437124925374,564.84,1,
2024-07-16T16:00:00Z,971,created,demand,559.63,560.6593580799833,1,pivot
2024-07-16T16:00:00Z,971,volume_confluence,demand,559.63,560.6593580799833,2,POC:2024-07-10:559.730417
2024-07-16T16:00:00Z,971,qualified,demand,559.63,560.6593580799833,2,pivot|volume_profile
2024-07-16T17:00:00Z,967,touch,demand,561.95,562.33,3,
2024-07-16T17:00:00Z,967,rejection,demand,561.95,562.33,3,
2024-07-16T19:00:00Z,969,role_flip_retest,demand,563.05,563.67,3,
2024-07-16T19:00:00Z,970,touch,supply,563.8437124925374,564.84,1,
2024-07-16T20:00:00Z,970,volume_confluence,supply,563.8437124925374,564.84,2,VAH:2024-07-16:564.203750
2024-07-16T20:00:00Z,970,qualified,supply,563.8437124925374,564.84,2,pivot|volume_profile
2024-07-17T14:30:00Z,967,broken,demand,561.95,562.33,3,
2024-07-17T14:30:00Z,969,broken,demand,563.05,563.67,3,
2024-07-17T14:30:00Z,971,touch,demand,559.63,560.6593580799833,2,
2024-07-17T15:00:00Z,933,age_expired,demand,524.67,525.2,4,
2024-07-17T15:00:00Z,971,broken,demand,559.63,560.6593580799833,2,
2024-07-17T16:00:00Z,970,merged,supply,563.8437124925374,565.16,3,pivot
2024-07-17T17:00:00Z,966,role_flip_retest,demand,556.92,557.27,3,
2024-07-17T18:00:00Z,966,rejection,demand,556.92,557.27,3,
2024-07-17T19:00:00Z,966,rejection,demand,556.92,557.27,3,
2024-07-18T14:30:00Z,966,merged,demand,556.61,557.32,4,pivot
2024-07-18T15:00:00Z,965,touch,demand,555.52,556.021486701079,3,
2024-07-18T15:00:00Z,965,rejection,demand,555.52,556.021486701079,3,
2024-07-18T15:00:00Z,966,touch,demand,556.61,557.32,4,
2024-07-18T16:00:00Z,963,role_flip_retest,supply,556.02,556.26,3,
2024-07-18T16:00:00Z,964,broken,demand,554.19,554.8501750686572,2,
2024-07-18T16:00:00Z,965,broken,demand,555.52,556.021486701079,3,
2024-07-18T16:00:00Z,966,broken,demand,556.61,557.32,4,
2024-07-18T16:00:00Z,974,created,supply,558.51,558.89,1,order_block
2024-07-18T16:00:00Z,974,volume_confluence,supply,558.51,558.89,2,VAH:2024-07-17:558.641250
2024-07-18T16:00:00Z,974,qualified,supply,558.51,558.89,2,order_block|volume_profile
2024-07-18T18:00:00Z,964,role_flip_retest,supply,554.19,554.8501750686572,3,
2024-07-18T18:00:00Z,974,merged,supply,558.51,559.52,3,pivot
2024-07-19T16:00:00Z,936,age_expired,demand,525.37,525.68,3,
2024-07-19T18:00:00Z,952,touch,demand,547.77,548.53,3,
2024-07-19T18:00:00Z,952,rejection,demand,547.77,548.53,3,
2024-07-19T19:00:00Z,952,rejection,demand,547.77,548.53,3,
2024-07-19T20:00:00Z,952,rejection,demand,547.77,548.53,3,
2024-07-22T14:30:00Z,964,touch,supply,554.19,554.8501750686572,3,
2024-07-22T14:30:00Z,964,rejection,supply,554.19,554.8501750686572,3,
2024-07-22T14:30:00Z,952,merged,demand,547.77,549.2571803542577,4,pivot
2024-07-22T15:00:00Z,964,rejection,supply,554.19,554.8501750686572,3,
2024-07-22T16:00:00Z,964,rejection,supply,554.19,554.8501750686572,3,
2024-07-22T18:00:00Z,937,age_expired,demand,522.89,523.38,3,
2024-07-22T18:00:00Z,964,touch,supply,554.19,554.8501750686572,3,
2024-07-23T14:30:00Z,964,broken,supply,554.19,554.8501750686572,3,
2024-07-23T15:00:00Z,963,touch,supply,556.02,556.26,3,
2024-07-23T15:00:00Z,963,rejection,supply,556.02,556.26,3,
2024-07-23T15:00:00Z,964,role_flip_retest,demand,554.19,554.8501750686572,3,
2024-07-23T15:00:00Z,965,role_flip_retest,supply,555.52,556.021486701079,4,
2024-07-23T16:00:00Z,965,broken,supply,555.52,556.021486701079,4,
2024-07-23T16:00:00Z,966,role_flip_retest,supply,556.61,557.32,4,
2024-07-23T17:00:00Z,963,rejection,supply,556.02,556.26,3,
2024-07-23T17:00:00Z,964,touch,demand,554.19,554.8501750686572,3,
2024-07-23T18:00:00Z,964,rejection,demand,554.19,554.8501750686572,3,
2024-07-23T19:00:00Z,964,rejection,demand,554.19,554.8501750686572,3,
2024-07-23T19:00:00Z,963,merged,supply,556.02,556.74,4,pivot
2024-07-23T20:00:00Z,964,broken,demand,554.19,554.8501750686572,3,
2024-07-24T14:30:00Z,952,broken,demand,547.77,549.2571803542577,4,
2024-07-24T14:30:00Z,955,touch,demand,546.1003021632825,546.96,4,
2024-07-24T15:00:00Z,955,broken,demand,546.1003021632825,546.96,4,
2024-07-24T15:00:00Z,958,touch,demand,544.61,545.45,4,
2024-07-24T15:00:00Z,958,rejection,demand,544.61,545.45,4,
2024-07-24T16:00:00Z,958,broken,demand,544.61,545.45,4,
2024-07-24T17:00:00Z,948,touch,demand,542.5,544.12,4,
2024-07-24T17:00:00Z,954,touch,demand,543.02,543.85,3,
2024-07-24T17:00:00Z,954,rejection,demand,543.02,543.85,3,
2024-07-24T17:00:00Z,958,role_flip_retest,supply,544.61,545.45,4,
2024-07-24T18:00:00Z,954,rejection,demand,543.02,543.85,3,
2024-07-24T18:00:00Z,958,rejection,supply,544.61,545.45,4,
2024-07-24T19:00:00Z,954,broken,demand,543.02,543.85,3,
2024-07-24T19:00:00Z,956,touch,demand,542.44,543.35,3,
2024-07-24T20:00:00Z,948,broken,demand,542.5,544.12,4,
2024-07-24T20:00:00Z,950,touch,demand,539.59,540.5318538956611,2,
2024-07-24T20:00:00Z,950,rejection,demand,539.59,540.5318538956611,2,
2024-07-24T20:00:00Z,956,broken,demand,542.44,543.35,3,
2024-07-24T20:00:00Z,967,broken_zone_expired,demand,561.95,562.33,3,
2024-07-24T20:00:00Z,969,broken_zone_expired,demand,563.05,563.67,3,
2024-07-25T14:30:00Z,971,broken_zone_expired,demand,559.63,560.6593580799833,2,
2024-07-25T15:00:00Z,950,rejection,demand,539.59,540.5318538956611,2,
2024-07-25T16:00:00Z,958,touch,supply,544.61,545.45,4,
2024-07-25T16:00:00Z,958,rejection,supply,544.61,545.45,4,
2024-07-25T17:00:00Z,958,broken,supply,544.61,545.45,4,
2024-07-25T18:00:00Z,955,role_flip_retest,supply,546.1003021632825,546.96,4,
2024-07-25T18:00:00Z,978,created,demand,537.45,538.8577585332373,1,pivot
2024-07-25T19:00:00Z,948,role_flip_retest,supply,542.5,544.12,4,
2024-07-25T19:00:00Z,950,touch,demand,539.59,540.5318538956611,2,
2024-07-25T19:00:00Z,950,rejection,demand,539.59,540.5318538956611,2,
2024-07-25T19:00:00Z,954,role_flip_retest,supply,543.02,543.85,3,
2024-07-25T19:00:00Z,956,role_flip_retest,supply,542.44,543.35,4,
2024-07-25T20:00:00Z,948,rejection,supply,542.5,544.12,4,
2024-07-25T20:00:00Z,950,broken,demand,539.59,540.5318538956611,2,
2024-07-25T20:00:00Z,954,rejection,supply,543.02,543.85,3,
2024-07-25T20:00:00Z,956,rejection,supply,542.44,543.35,4,
2024-07-25T20:00:00Z,978,touch,demand,537.45,538.8577585332373,1,
2024-07-26T14:30:00Z,954,rejection,supply,543.02,543.85,3,
2024-07-26T14:30:00Z,955,merged,supply,546.1003021632825,547.46,4,pivot
2024-07-26T14:30:00Z,978,volume_confluence,demand,537.45,538.8577585332373,2,VAL:2024-07-25:539.743958
2024-07-26T14:30:00Z,978,qualified,demand,537.45,538.8577585332373,2,pivot|volume_profile
2024-07-26T16:00:00Z,948,broken,supply,542.5,544.12,4,
2024-07-26T16:00:00Z,954,broken,supply,543.02,543.85,3,
2024-07-26T16:00:00Z,956,broken,supply,542.44,543.35,4,
2024-07-26T17:00:00Z,955,touch,supply,546.1003021632825,547.46,4,
2024-07-26T17:00:00Z,958,role_flip_retest,demand,544.61,545.45,4,
2024-07-26T18:00:00Z,948,role_flip_retest,demand,542.5,544.12,4,
2024-07-26T18:00:00Z,955,rejection,supply,546.1003021632825,547.46,4,
2024-07-26T19:00:00Z,958,broken,demand,544.61,545.45,4,
2024-07-26T20:00:00Z,948,rejection,demand,542.5,544.12,4,
2024-07-26T20:00:00Z,954,role_flip_retest,demand,543.02,543.85,3,
2024-07-26T20:00:00Z,956,role_flip_retest,demand,542.44,543.35,4,
2024-07-26T20:00:00Z,958,role_flip_retest,supply,544.61,545.45,4,
2024-07-29T14:30:00Z,955,touch,supply,546.1003021632825,547.46,4,
2024-07-29T14:30:00Z,958,broken,supply,544.61,545.45,4,
2024-07-29T14:30:00Z,955,merged,supply,546.1003021632825,547.46,4,pivot
2024-07-29T15:00:00Z,955,rejection,supply,546.1003021632825,547.46,4,
2024-07-29T16:00:00Z,948,touch,demand,542.5,544.12,4,
2024-07-29T16:00:00Z,948,rejection,demand,542.5,544.12,4,
2024-07-29T16:00:00Z,954,touch,demand,543.02,543.85,3,
2024-07-29T16:00:00Z,954,rejection,demand,543.02,543.85,3,
2024-07-29T16:00:00Z,956,touch,demand,542.44,543.35,4,
2024-07-29T16:00:00Z,956,rejection,demand,542.44,543.35,4,
2024-07-29T16:00:00Z,958,role_flip_retest,demand,544.61,545.45,4,
2024-07-29T17:00:00Z,955,touch,supply,546.1003021632825,547.46,4,
2024-07-29T18:00:00Z,955,rejection,supply,546.1003021632825,547.46,4,
2024-07-29T18:00:00Z,958,touch,demand,544.61,545.45,4,
2024-07-29T18:00:00Z,958,rejection,demand,544.61,545.45,4,
2024-07-29T19:00:00Z,954,merged,demand,542.72,544.1089697244415,4,pivot
2024-07-30T14:30:00Z,955,touch,supply,546.1003021632825,547.46,4,
2024-07-30T15:00:00Z,948,touch,demand,542.5,544.12,4,
2024-07-30T15:00:00Z,954,touch,demand,542.72,544.1089697244415,4,
2024-07-30T15:00:00Z,955,rejection,supply,546.1003021632825,547.46,4,
2024-07-30T15:00:00Z,958,broken,demand,544.61,545.45,4,
2024-07-30T16:00:00Z,948,broken,demand,542.5,544.12,4,
2024-07-30T16:00:00Z,954,broken,demand,542.72,544.1089697244415,4,
2024-07-30T16:00:00Z,956,broken,demand,542.44,543.35,4,
2024-07-30T16:00:00Z,955,merged,supply,545.62,547.46,5,order_block
2024-07-30T17:00:00Z,950,role_flip_retest,supply,539.59,540.5318538956611,3,
2024-07-30T17:00:00Z,978,touch,demand,537.45,538.8577585332373,2,
2024-07-30T17:00:00Z,955,merged,supply,545.62,547.46,5,pivot
2024-07-30T18:00:00Z,950,broken,supply,539.59,540.5318538956611,3,
2024-07-30T18:00:00Z,978,rejection,demand,537.45,538.8577585332373,2,
2024-07-30T19:00:00Z,948,role_flip_retest,supply,542.5,544.12,4,
2024-07-30T19:00:00Z,956,role_flip_retest,supply,542.44,543.35,4,
2024-07-30T20:00:00Z,948,rejection,supply,542.5,544.12,4,
2024-07-30T20:00:00Z,954,role_flip_retest,supply,542.72,544.1089697244415,4,
2024-07-30T20:00:00Z,956,rejection,supply,542.44,543.35,4,
2024-07-31T14:30:00Z,948,broken,supply,542.5,544.12,4,
2024-07-31T14:30:00Z,954,broken,supply,542.72,544.1089697244415,4,
2024-07-31T14:30:00Z,955,broken,supply,545.62,547.46,5,
2024-07-31T14:30:00Z,956,broken,supply,542.44,543.35,4,
2024-07-31T14:30:00Z,978,merged,demand,537.45,538.87,3,pivot
2024-07-31T15:00:00Z,965,broken_zone_expired,supply,555.52,556.021486701079,4,
2024-07-31T19:00:00Z,964,broken_zone_expired,demand,554.19,554.8501750686572,3,
2024-07-31T20:00:00Z,952,broken_zone_expired,demand,547.77,549.2571803542577,4,
2024-08-01T15:00:00Z,955,role_flip_retest,demand,545.62,547.46,5,
2024-08-01T16:00:00Z,955,broken,demand,545.62,547.46,5,
2024-08-01T17:00:00Z,955,role_flip_retest,supply,545.62,547.46,5,
2024-08-01T17:00:00Z,956,role_flip_retest,demand,542.44,543.35,4,
2024-08-01T17:00:00Z,958,role_flip_retest,supply,544.61,545.45,4,
2024-08-01T17:00:00Z,985,created,supply,554.04,554.87,1,pivot
2024-08-01T18:00:00Z,950,role_flip_retest,demand,539.59,540.5318538956611,3,
2024-08-01T19:00:00Z,956,broken,demand,542.44,543.35,4,
2024-08-01T20:00:00Z,950,rejection,demand,539.59,540.5318538956611,3,
2024-08-02T14:30:00Z,950,broken,demand,539.59,540.5318538956611,3,
2024-08-02T14:30:00Z,978,broken,demand,537.45,538.87,3,
2024-08-02T15:00:00Z,986,created,supply,539.98,543.47,1,order_block
2024-08-02T15:00:00Z,986,volume_confluence,supply,539.98,543.47,2,POC:2024-07-25:540.578125
2024-08-02T15:00:00Z,986,qualified,supply,539.98,543.47,2,order_block|volume_profile
2024-08-02T19:00:00Z,987,created,demand,528.6,529.27,1,pivot
2024-08-02T20:00:00Z,987,volume_confluence,demand,528.6,529.27,2,VAL:2024-08-02:529.823542
2024-08-02T20:00:00Z,987,qualified,demand,528.6,529.27,2,pivot|volume_profile
2024-08-05T14:30:00Z,987,broken,demand,528.6,529.27,2,
2024-08-05T17:00:00Z,988,created,demand,510.27,511.64,1,pivot
2024-08-06T19:00:00Z,987,role_flip_retest,supply,528.6,529.27,3,
2024-08-07T14:30:00Z,987,broken,supply,528.6,529.27,3,
2024-08-07T15:00:00Z,987,role_flip_retest,demand,528.6,529.27,3,
2024-08-07T16:00:00Z,987,broken,demand,528.6,529.27,3,
2024-08-07T18:00:00Z,989,created,supply,531.04,531.59,1,pivot
2024-08-07T18:00:00Z,989,volume_confluence,supply,531.04,531.59,2,POC:2024-08-02:530.522708
2024-08-07T18:00:00Z,989,qualified,supply,531.04,531.59,2,pivot|volume_profile
2024-08-07T20:00:00Z,948,broken_zone_expired,supply,542.5,544.12,4,
2024-08-07T20:00:00Z,954,broken_zone_expired,supply,542.72,544.1089697244415,4,
2024-08-08T16:00:00Z,990,created,demand,518.05,518.65,1,pivot
2024-08-08T16:00:00Z,990,volume_confluence,demand,518.05,518.65,2,VAL:2024-08-07:518.332083
2024-08-08T16:00:00Z,990,qualified,demand,518.05,518.65,2,pivot|volume_profile
2024-08-08T17:00:00Z,987,role_flip_retest,supply,528.6,529.27,3,
2024-08-08T18:00:00Z,987,broken,supply,528.6,529.27,3,
2024-08-08T19:00:00Z,989,touch,supply,531.04,531.59,2,
2024-08-08T19:00:00Z,989,rejection,supply,531.04,531.59,2,
2024-08-08T20:00:00Z,987,role_flip_retest,demand,528.6,529.27,3,
2024-08-09T14:30:00Z,989,touch,supply,531.04,531.59,2,
2024-08-09T14:30:00Z,989,rejection,supply,531.04,531.59,2,
2024-08-09T15:00:00Z,987,rejection,demand,528.6,529.27,3,
2024-08-09T16:00:00Z,989,rejection,supply,531.04,531.59,2,
2024-08-09T18:00:00Z,956,broken_zone_expired,demand,542.44,543.35,4,
2024-08-09T18:00:00Z,989,broken,supply,531.04,531.59,2,
2024-08-09T19:00:00Z,989,role_flip_retest,demand,531.04,531.59,3,
2024-08-09T20:00:00Z,950,broken_zone_expired,demand,539.59,540.5318538956611,3,
2024-08-09T20:00:00Z,978,broken_zone_expired,demand,537.45,538.87,3,
2024-08-12T14:30:00Z,989,touch,demand,531.04,531.59,3,
2024-08-12T14:30:00Z,991,created,supply,532.732215740209,534.51,1,pivot
2024-08-12T14:30:00Z,991,volume_confluence,supply,532.732215740209,534.51,2,VAH:2024-08-02:533.319375
2024-08-12T14:30:00Z,991,qualified,supply,532.732215740209,534.51,2,pivot|volume_profile
2024-08-12T15:00:00Z,989,rejection,demand,531.04,531.59,3,
2024-08-12T15:00:00Z,991,broken,supply,532.732215740209,534.51,2,
2024-08-12T16:00:00Z,991,role_flip_retest,demand,532.732215740209,534.51,3,
2024-08-12T18:00:00Z,991,broken,demand,532.732215740209,534.51,3,
2024-08-12T19:00:00Z,992,created,supply,535.22,535.73,1,pivot
2024-08-13T14:30:00Z,992,broken,supply,535.22,535.73,1,
2024-08-13T17:00:00Z,955,age_expired,supply,545.62,547.46,5,
2024-08-13T17:00:00Z,986,touch,supply,539.98,543.47,2,
2024-08-14T16:00:00Z,958,touch,supply,544.61,545.45,4,
2024-08-14T16:00:00Z,986,broken,supply,539.98,543.47,2,
2024-08-14T17:00:00Z,958,rejection,supply,544.61,545.45,4,
2024-08-14T19:00:00Z,986,role_flip_retest,demand,539.98,543.47,3,
2024-08-14T20:00:00Z,958,touch,supply,544.61,545.45,4,
2024-08-14T20:00:00Z,958,rejection,supply,544.61,545.45,4,
2024-08-14T20:00:00Z,986,rejection,demand,539.98,543.47,3,
2024-08-14T20:00:00Z,958,merged,supply,544.61,545.45,4,pivot
2024-08-15T14:30:00Z,958,broken,supply,544.61,545.45,4,
2024-08-16T17:00:00Z,985,touch,supply,554.04,554.87,1,
2024-08-16T20:00:00Z,985,merged,supply,554.04,555.02,2,pivot
2024-08-16T20:00:00Z,985,qualified,supply,554.04,555.02,2,pivot|repeated_pivot
2024-08-16T20:00:00Z,985,volume_confluence,supply,554.04,555.02,3,VAH:2024-08-16:554.941667
2024-08-19T15:00:00Z,963,touch,supply,556.02,556.74,4,
2024-08-19T15:00:00Z,966,touch,supply,556.61,557.32,4,
2024-08-19T15:00:00Z,966,rejection,supply,556.61,557.32,4,
2024-08-19T15:00:00Z,985,broken,supply,554.04,555.02,3,
2024-08-19T16:00:00Z,966,rejection,supply,556.61,557.32,4,
2024-08-19T17:00:00Z,963,broken,supply,556.02,556.74,4,
2024-08-19T18:00:00Z,966,broken,supply,556.61,557.32,4,
2024-08-19T20:00:00Z,974,touch,supply,558.51,559.52,3,
2024-08-20T14:30:00Z,974,broken,supply,558.51,559.52,3,
2024-08-20T17:00:00Z,991,broken_zone_expired,demand,532.732215740209,534.51,3,
2024-08-20T17:00:00Z,995,created,supply,560.6297434016091,560.84,1,pivot
2024-08-20T18:00:00Z,966,role_flip_retest,demand,556.61,557.32,4,
2024-08-20T20:00:00Z,992,broken_zone_expired,supply,535.22,535.73,1,
2024-08-21T14:30:00Z,974,role_flip_retest,demand,558.51,559.52,4,
2024-08-21T14:30:00Z,966,merged,demand,556.61,558.05,5,pivot
2024-08-21T15:00:00Z,995,touch,supply,560.6297434016091,560.84,1,
2024-08-21T15:00:00Z,995,rejection,supply,560.6297434016091,560.84,1,
2024-08-21T17:00:00Z,966,touch,demand,556.61,558.05,5,
2024-08-21T17:00:00Z,966,rejection,demand,556.61,558.05,5,
2024-08-21T17:00:00Z,974,rejection,demand,558.51,559.52,4,
2024-08-21T18:00:00Z,995,merged,supply,560.6297434016091,562.11,2,pivot
2024-08-21T18:00:00Z,995,qualified,supply,560.6297434016091,562.11,2,pivot|repeated_pivot
2024-08-21T19:00:00Z,995,touch,supply,560.6297434016091,562.11,2,
2024-08-21T20:00:00Z,974,touch,demand,558.51,559.52,4,
2024-08-21T20:00:00Z,974,rejection,demand,558.51,559.52,4,
2024-08-21T20:00:00Z,974,merged,demand,557.99,559.52,5,pivot
2024-08-21T20:00:00Z,995,volume_confluence,supply,560.6297434016091,562.11,3,VAH:2024-08-21:560.822500
2024-08-22T14:30:00Z,995,broken,supply,560.6297434016091,562.11,3,
2024-08-22T16:00:00Z,966,touch,demand,556.61,558.05,5,
2024-08-22T16:00:00Z,974,broken,demand,557.99,559.52,5,
2024-08-22T16:00:00Z,999,created,supply,560.43,561.71,1,order_block
2024-08-22T16:00:00Z,999,volume_confluence,supply,560.43,561.71,2,VAH:2024-08-21:560.822500
2024-08-22T16:00:00Z,999,qualified,supply,560.43,561.71,2,order_block|volume_profile
2024-08-22T17:00:00Z,974,role_flip_retest,supply,557.99,559.52,5,
2024-08-22T17:00:00Z,1000,created,supply,562.56,563.18,1,pivot
2024-08-22T18:00:00Z,966,broken,demand,556.61,558.05,5,
2024-08-22T18:00:00Z,974,rejection,supply,557.99,559.52,5,
2024-08-22T19:00:00Z,966,role_flip_retest,supply,556.61,558.05,5,
2024-08-22T20:00:00Z,958,broken_zone_expired,supply,544.61,545.45,4,
2024-08-22T20:00:00Z,966,rejection,supply,556.61,558.05,5,
2024-08-22T20:00:00Z,985,role_flip_retest,demand,554.04,555.02,4,
2024-08-23T14:30:00Z,966,broken,supply,556.61,558.05,5,
2024-08-23T14:30:00Z,974,broken,supply,557.99,559.52,5,
2024-08-23T15:00:00Z,974,role_flip_retest,demand,557.99,559.52,5,
2024-08-23T15:00:00Z,999,touch,supply,560.43,561.71,2,
2024-08-23T15:00:00Z,1000,touch,supply,562.56,563.18,1,
2024-08-23T15:00:00Z,1000,rejection,supply,562.56,563.18,1,
2024-08-23T16:00:00Z,974,rejection,demand,557.99,559.52,5,
2024-08-23T16:00:00Z,999,rejection,supply,560.43,561.71,2,
2024-08-23T16:00:00Z,985,merged,demand,554.04,556.03,4,pivot
2024-08-23T17:00:00Z,966,role_flip_retest,demand,556.61,558.05,5,
2024-08-23T18:00:00Z,974,rejection,demand,557.99,559.52,5,
2024-08-23T18:00:00Z,999,touch,supply,560.43,561.71,2,
2024-08-23T18:00:00Z,999,rejection,supply,560.43,561.71,2,
2024-08-23T18:00:00Z,1000,merged,supply,561.7405465074679,563.18,2,pivot
2024-08-23T18:00:00Z,1000,qualified,supply,561.7405465074679,563.18,2,pivot|repeated_pivot
2024-08-23T20:00:00Z,999,broken,supply,560.43,561.71,2,
2024-08-23T20:00:00Z,1000,touch,supply,561.7405465074679,563.18,2,
2024-08-23T20:00:00Z,1000,volume_confluence,supply,561.7405465074679,563.18,3,VAH:2024-08-23:561.760833
2024-08-26T14:30:00Z,970,touch,supply,563.8437124925374,565.16,3,
2024-08-26T14:30:00Z,970,rejection,supply,563.8437124925374,565.16,3,
2024-08-26T15:00:00Z,1000,rejection,supply,561.7405465074679,563.18,3,
2024-08-26T17:00:00Z,970,merged,supply,563.14,565.16,3,pivot
2024-08-26T18:00:00Z,974,touch,demand,557.99,559.52,5,
2024-08-26T19:00:00Z,974,rejection,demand,557.99,559.52,5,
2024-08-27T14:30:00Z,974,touch,demand,557.99,559.52,5,
2024-08-27T14:30:00Z,974,rejection,demand,557.99,559.52,5,
2024-08-27T16:00:00Z,963,broken_zone_expired,supply,556.02,556.74,4,
2024-08-27T16:00:00Z,1000,touch,supply,561.7405465074679,563.18,3,
2024-08-27T16:00:00Z,1000,rejection,supply,561.7405465074679,563.18,3,
2024-08-27T17:00:00Z,974,merged,demand,557.99,559.52,5,pivot
2024-08-27T18:00:00Z,999,role_flip_retest,demand,560.43,561.71,3,
2024-08-27T18:00:00Z,1000,touch,supply,561.7405465074679,563.18,3,
2024-08-27T19:00:00Z,1000,rejection,supply,561.7405465074679,563.18,3,
2024-08-27T20:00:00Z,966,age_expired,demand,556.61,558.05,5,
2024-08-27T20:00:00Z,1000,rejection,supply,561.7405465074679,563.18,3,
2024-08-28T15:00:00Z,974,touch,demand,557.99,559.52,5,
2024-08-28T15:00:00Z,974,rejection,demand,557.99,559.52,5,
2024-08-28T15:00:00Z,999,broken,demand,560.43,561.71,3,
2024-08-28T15:00:00Z,1000,merged,supply,561.7405465074679,563.18,3,pivot
2024-08-28T18:00:00Z,974,broken,demand,557.99,559.52,5,
2024-08-28T18:00:00Z,985,touch,demand,554.04,556.03,4,
2024-08-28T18:00:00Z,1006,created,supply,558.45,558.67,1,order_block
2024-08-28T18:00:00Z,1006,volume_confluence,supply,558.45,558.67,2,POC:2024-08-20:558.420000
2024-08-28T18:00:00Z,1006,qualified,supply,558.45,558.67,2,order_block|volume_profile
2024-08-28T19:00:00Z,985,rejection,demand,554.04,556.03,4,
2024-08-28T20:00:00Z,1006,touch,supply,558.45,558.67,2,
2024-08-28T20:00:00Z,1006,rejection,supply,558.45,558.67,2,
2024-08-29T14:30:00Z,1006,broken,supply,558.45,558.67,2,
2024-08-29T15:00:00Z,995,role_flip_retest,demand,560.6297434016091,562.11,4,
2024-08-29T15:00:00Z,1000,touch,supply,561.7405465074679,563.18,3,
2024-08-29T15:00:00Z,985,merged,demand,554.04,556.03,4,pivot
2024-08-29T16:00:00Z,970,touch,supply,563.14,565.16,3,
2024-08-29T16:00:00Z,970,rejection,supply,563.14,565.16,3,
2024-08-29T16:00:00Z,995,rejection,demand,560.6297434016091,562.11,4,
2024-08-29T17:00:00Z,970,rejection,supply,563.14,565.16,3,
2024-08-29T18:00:00Z,995,touch,demand,560.6297434016091,562.11,4,
2024-08-29T18:00:00Z,995,rejection,demand,560.6297434016091,562.11,4,
2024-08-29T19:00:00Z,995,broken,demand,560.6297434016091,562.11,4,
2024-08-29T19:00:00Z,999,role_flip_retest,supply,560.43,561.71,3,
2024-08-29T19:00:00Z,1000,rejection,supply,561.7405465074679,563.18,3,
2024-08-29T20:00:00Z,970,merged,supply,563.11,565.16,3,pivot
2024-08-30T14:30:00Z,999,touch,supply,560.43,561.71,3,
2024-08-30T14:30:00Z,1000,touch,supply,561.7405465074679,563.18,3,
2024-08-30T14:30:00Z,1000,rejection,supply,561.7405465074679,563.18,3,
2024-08-30T15:00:00Z,995,role_flip_retest,supply,560.6297434016091,562.11,4,
2024-08-30T15:00:00Z,999,rejection,supply,560.43,561.71,3,
2024-08-30T15:00:00Z,1000,rejection,supply,561.7405465074679,563.18,3,
2024-08-30T15:00:00Z,1009,created,demand,557.18,558.4821597209802,1,pivot
2024-08-30T15:00:00Z,1009,volume_confluence,demand,557.18,558.4821597209802,2,POC:2024-08-22:557.200833
2024-08-30T15:00:00Z,1009,qualified,demand,557.18,558.4821597209802,2,pivot|volume_profile
2024-08-30T16:00:00Z,999,rejection,supply,560.43,561.71,3,
2024-08-30T16:00:00Z,1006,role_flip_retest,demand,558.45,558.67,3,
2024-08-30T16:00:00Z,1009,touch,demand,557.18,558.4821597209802,2,
2024-08-30T16:00:00Z,1009,rejection,demand,557.18,558.4821597209802,2,
2024-08-30T17:00:00Z,1006,rejection,demand,558.45,558.67,3,
2024-08-30T17:00:00Z,1009,rejection,demand,557.18,558.4821597209802,2,
2024-08-30T18:00:00Z,1006,rejection,demand,558.45,558.67,3,
2024-08-30T19:00:00Z,995,touch,supply,560.6297434016091,562.11,4,
2024-08-30T19:00:00Z,999,touch,supply,560.43,561.71,3,
2024-08-30T19:00:00Z,1006,rejection,demand,558.45,558.67,3,
2024-08-30T20:00:00Z,970,touch,supply,563.11,565.16,3,
2024-08-30T20:00:00Z,995,broken,supply,560.6297434016091,562.11,4,
2024-08-30T20:00:00Z,999,broken,supply,560.43,561.71,3,
2024-08-30T20:00:00Z,1000,broken,supply,561.7405465074679,563.18,3,
2024-08-30T20:00:00Z,1009,merged,demand,557.14,558.4821597209802,3,pivot
2024-09-03T14:30:00Z,1006,touch,demand,558.45,558.67,3,
2024-09-03T14:30:00Z,1006,rejection,demand,558.45,558.67,3,
2024-09-03T14:30:00Z,1009,touch,demand,557.14,558.4821597209802,3,
2024-09-03T14:30:00Z,1009,rejection,demand,557.14,558.4821597209802,3,
2024-09-03T15:00:00Z,970,age_expired,supply,563.11,565.16,3,
2024-09-03T15:00:00Z,974,role_flip_retest,supply,557.99,559.52,5,
2024-09-03T15:00:00Z,985,touch,demand,554.04,556.03,4,
2024-09-03T15:00:00Z,1006,broken,demand,558.45,558.67,3,
2024-09-03T15:00:00Z,1009,broken,demand,557.14,558.4821597209802,3,
2024-09-03T15:00:00Z,1011,created,supply,561.4570615538776,564.2,1,order_block
2024-09-03T15:00:00Z,1011,volume_confluence,supply,561.4570615538776,564.2,2,VAH:2024-08-23:561.760833
2024-09-03T15:00:00Z,1011,qualified,supply,561.4570615538776,564.2,2,order_block|volume_profile
2024-09-03T16:00:00Z,1012,created,supply,563.57,564.2,1,pivot
2024-09-03T19:00:00Z,985,broken,demand,554.04,556.03,4,
2024-09-04T16:00:00Z,985,role_flip_retest,supply,554.04,556.03,4,
2024-09-04T16:00:00Z,1013,created,demand,549.51,550.997519521016,1,pivot
2024-09-04T16:00:00Z,1013,volume_confluence,demand,549.51,550.997519521016,2,VAL:2024-09-03:550.687083
2024-09-04T16:00:00Z,1013,qualified,demand,549.51,550.997519521016,2,pivot|volume_profile
2024-09-04T18:00:00Z,1013,touch,demand,549.51,550.997519521016,2,
2024-09-05T14:30:00Z,1013,rejection,demand,549.51,550.997519521016,2,
2024-09-05T16:00:00Z,1013,broken,demand,549.51,550.997519521016,2,
2024-09-05T18:00:00Z,1014,created,supply,552.3815958310824,553.8,1,pivot
2024-09-05T18:00:00Z,1014,volume_confluence,supply,552.3815958310824,553.8,2,VAH:2024-09-04:552.048542
2024-09-05T18:00:00Z,1014,qualified,supply,552.3815958310824,553.8,2,pivot|volume_profile
2024-09-05T19:00:00Z,974,age_expired,supply,557.99,559.52,5,
2024-09-05T20:00:00Z,1015,created,demand,547.1,547.48,1,pivot
2024-09-05T20:00:00Z,1015,volume_confluence,demand,547.1,547.48,2,VAL:2024-09-05:548.077083
2024-09-05T20:00:00Z,1015,qualified,demand,547.1,547.48,2,pivot|volume_profile
2024-09-06T14:30:00Z,1013,role_flip_retest,supply,549.51,550.997519521016,3,
2024-09-06T15:00:00Z,986,touch,demand,539.98,543.47,3,
2024-09-06T15:00:00Z,1015,broken,demand,547.1,547.48,2,
2024-09-06T15:00:00Z,1013,merged,supply,548.72,550.997519521016,4,order_block
2024-09-06T17:00:00Z,1013,merged,supply,548.72,551.6,5,pivot
2024-09-09T15:00:00Z,986,touch,demand,539.98,543.47,3,
2024-09-09T15:00:00Z,1018,created,demand,539.44,540.45,1,pivot
2024-09-09T15:00:00Z,1018,volume_confluence,demand,539.44,540.45,2,POC:2024-09-06:540.200000
2024-09-09T15:00:00Z,1018,qualified,demand,539.44,540.45,2,pivot|volume_profile
2024-09-09T16:00:00Z,986,rejection,demand,539.98,543.47,3,
2024-09-09T18:00:00Z,1015,role_flip_retest,supply,547.1,547.48,3,
2024-09-10T14:30:00Z,1015,broken,supply,547.1,547.48,3,
2024-09-10T17:00:00Z,986,touch,demand,539.98,543.47,3,
2024-09-10T17:00:00Z,986,rejection,demand,539.98,543.47,3,
2024-09-10T17:00:00Z,1019,created,supply,548.3370989491273,548.66,1,pivot
2024-09-10T17:00:00Z,1019,volume_confluence,supply,548.3370989491273,548.66,2,VAL:2024-09-05:548.077083
2024-09-10T17:00:00Z,1019,qualified,supply,548.3370989491273,548.66,2,pivot|volume_profile
2024-09-10T19:00:00Z,995,broken_zone_expired,supply,560.6297434016091,562.11,4,
2024-09-10T19:00:00Z,999,broken_zone_expired,supply,560.43,561.71,3,
2024-09-10T19:00:00Z,1000,broken_zone_expired,supply,561.7405465074679,563.18,3,
2024-09-10T19:00:00Z,1015,role_flip_retest,demand,547.1,547.48,3,
2024-09-10T19:00:00Z,1019,touch,supply,548.3370989491273,548.66,2,
2024-09-10T19:00:00Z,1019,rejection,supply,548.3370989491273,548.66,2,
2024-09-10T20:00:00Z,1013,touch,supply,548.72,551.6,5,
2024-09-10T20:00:00Z,1019,broken,supply,548.3370989491273,548.66,2,
2024-09-10T20:00:00Z,1020,created,demand,543.38,544.15,1,pivot
2024-09-10T20:00:00Z,1020,volume_confluence,demand,543.38,544.15,2,VAH:2024-09-06:543.746667
2024-09-10T20:00:00Z,1020,qualified,demand,543.38,544.15,2,pivot|volume_profile
2024-09-11T14:30:00Z,1006,broken_zone_expired,demand,558.45,558.67,3,
2024-09-11T14:30:00Z,1009,broken_zone_expired,demand,557.14,558.4821597209802,3,
2024-09-11T14:30:00Z,1013,rejection,supply,548.72,551.6,5,
2024-09-11T14:30:00Z,1015,broken,demand,547.1,547.48,3,
2024-09-11T15:00:00Z,986,touch,demand,539.98,543.47,3,
2024-09-11T15:00:00Z,1018,touch,demand,539.44,540.45,2,
2024-09-11T15:00:00Z,1018,rejection,demand,539.44,540.45,2,
2024-09-11T15:00:00Z,1020,broken,demand,543.38,544.15,2,
2024-09-11T15:00:00Z,1021,created,supply,548.2,549.15,1,order_block
2024-09-11T15:00:00Z,1021,volume_confluence,supply,548.2,549.15,2,VAH:2024-09-10:549.029792
2024-09-11T15:00:00Z,1021,qualified,supply,548.2,549.15,2,order_block|volume_profile
2024-09-11T16:00:00Z,986,rejection,demand,539.98,543.47,3,
2024-09-11T16:00:00Z,1021,merged,supply,548.2,549.15,3,pivot
2024-09-11T18:00:00Z,1013,touch,supply,548.72,551.6,5,
2024-09-11T18:00:00Z,1019,role_flip_retest,demand,548.3370989491273,548.66,3,
2024-09-11T18:00:00Z,1021,broken,supply,548.2,549.15,3,
2024-09-11T18:00:00Z,1018,merged,demand,539.44,541.16,3,pivot
2024-09-11T19:00:00Z,1014,touch,supply,552.3815958310824,553.8,2,
2024-09-11T19:00:00Z,1014,rejection,supply,552.3815958310824,553.8,2,
2024-09-11T20:00:00Z,985,touch,supply,554.04,556.03,4,
2024-09-11T20:00:00Z,1013,broken,supply,548.72,551.6,5,
2024-09-11T20:00:00Z,1014,broken,supply,552.3815958310824,553.8,2,
2024-09-12T14:30:00Z,985,rejection,supply,554.04,556.03,4,
2024-09-12T15:00:00Z,1014,role_flip_retest,demand,552.3815958310824,553.8,3,
2024-09-12T17:00:00Z,985,broken,supply,554.04,556.03,4,
2024-09-13T15:00:00Z,1011,touch,supply,561.4570615538776,564.2,2,
2024-09-13T19:00:00Z,1011,rejection,supply,561.4570615538776,564.2,2,
2024-09-16T14:30:00Z,1012,merged,supply,562.57,564.2,2,pivot
2024-09-16T14:30:00Z,1012,qualified,supply,562.57,564.2,2,pivot|repeated_pivot
2024-09-16T14:30:00Z,1012,volume_confluence,supply,562.57,564.2,3,VAH:2024-09-13:562.806250
2024-09-16T15:00:00Z,1011,rejection,supply,561.4570615538776,564.2,2,
2024-09-16T15:00:00Z,1012,touch,supply,562.57,564.2,3,
2024-09-16T15:00:00Z,1012,rejection,supply,562.57,564.2,3,
2024-09-16T16:00:00Z,1011,rejection,supply,561.4570615538776,564.2,2,
2024-09-16T18:00:00Z,1025,created,demand,559.9,560.73,1,pivot
2024-09-16T18:00:00Z,1025,volume_confluence,demand,559.9,560.73,2,VAL:2024-09-13:561.165417
2024-09-16T18:00:00Z,1025,qualified,demand,559.9,560.73,2,pivot|volume_profile
2024-09-16T19:00:00Z,1012,touch,supply,562.57,564.2,3,
2024-09-17T14:30:00Z,1011,broken,supply,561.4570615538776,564.2,2,
2024-09-17T14:30:00Z,1012,broken,supply,562.57,564.2,3,
2024-09-17T18:00:00Z,1026,created,supply,565.3852379914018,566.58,1,pivot
2024-09-17T20:00:00Z,1026,volume_confluence,supply,565.3852379914018,566.58,2,VAH:2024-09-17:564.770625
2024-09-17T20:00:00Z,1026,qualified,supply,565.3852379914018,566.58,2,pivot|volume_profile
2024-09-18T14:30:00Z,1025,merged,demand,559.9,561.83,3,pivot
2024-09-18T16:00:00Z,1025,touch,demand,559.9,561.83,3,
2024-09-18T17:00:00Z,1025,rejection,demand,559.9,561.83,3,
2024-09-18T19:00:00Z,1025,touch,demand,559.9,561.83,3,
2024-09-18T19:00:00Z,1025,rejection,demand,559.9,561.83,3,
2024-09-18T19:00:00Z,1026,touch,supply,565.3852379914018,566.58,2,
2024-09-18T19:00:00Z,1026,rejection,supply,565.3852379914018,566.58,2,
2024-09-18T20:00:00Z,1015,broken_zone_expired,demand,547.1,547.48,3,
2024-09-18T20:00:00Z,1026,rejection,supply,565.3852379914018,566.58,2,
2024-09-19T14:30:00Z,1020,broken_zone_expired,demand,543.38,544.15,2,
2024-09-19T14:30:00Z,1026,broken,supply,565.3852379914018,566.58,2,
2024-09-19T16:00:00Z,1025,merged,demand,559.9,561.83,3,pivot
2024-09-19T17:00:00Z,1021,broken_zone_expired,supply,548.2,549.15,3,
2024-09-19T19:00:00Z,1013,broken_zone_expired,supply,548.72,551.6,5,
2024-09-20T14:30:00Z,1029,created,supply,572.5,572.88,1,pivot
2024-09-20T14:30:00Z,1029,volume_confluence,supply,572.5,572.88,2,VAH:2024-09-19:572.180000
2024-09-20T14:30:00Z,1029,qualified,supply,572.5,572.88,2,pivot|volume_profile
2024-09-20T16:00:00Z,985,broken_zone_expired,supply,554.04,556.03,4,
2024-09-20T16:00:00Z,1026,role_flip_retest,demand,565.3852379914018,566.58,3,
2024-09-20T18:00:00Z,986,age_expired,demand,539.98,543.47,3,
2024-09-20T19:00:00Z,1026,touch,demand,565.3852379914018,566.58,3,
2024-09-20T19:00:00Z,1026,rejection,demand,565.3852379914018,566.58,3,
2024-09-20T19:00:00Z,1026,merged,demand,565.17,566.58,4,pivot
2024-09-23T15:00:00Z,987,age_expired,demand,528.6,529.27,3,
2024-09-23T18:00:00Z,1031,created,supply,569.85,570.34,1,pivot
2024-09-23T18:00:00Z,1031,volume_confluence,supply,569.85,570.34,2,VAL:2024-09-19:570.380000
2024-09-23T18:00:00Z,1031,qualified,supply,569.85,570.34,2,pivot|volume_profile
2024-09-23T20:00:00Z,988,age_expired,demand,510.27,511.64,1,
2024-09-23T20:00:00Z,1031,touch,supply,569.85,570.34,2,
2024-09-23T20:00:00Z,1031,rejection,supply,569.85,570.34,2,
2024-09-24T14:30:00Z,1031,rejection,supply,569.85,570.34,2,
2024-09-24T16:00:00Z,1031,broken,supply,569.85,570.34,2,
2024-09-24T17:00:00Z,1031,role_flip_retest,demand,569.85,570.34,3,
2024-09-24T18:00:00Z,1031,rejection,demand,569.85,570.34,3,
2024-09-24T18:00:00Z,1032,created,demand,567.6,568.5508282278827,1,pivot
2024-09-24T18:00:00Z,1032,volume_confluence,demand,567.6,568.5508282278827,2,POC:2024-09-20:567.843750
2024-09-24T18:00:00Z,1032,qualified,demand,567.6,568.5508282278827,2,pivot|volume_profile
2024-09-24T19:00:00Z,1031,rejection,demand,569.85,570.34,3,
2024-09-24T20:00:00Z,1011,broken_zone_expired,supply,561.4570615538776,564.2,2,
2024-09-24T20:00:00Z,1012,broken_zone_expired,supply,562.57,564.2,3,
2024-09-25T16:00:00Z,1031,touch,demand,569.85,570.34,3,
2024-09-25T16:00:00Z,1031,rejection,demand,569.85,570.34,3,
2024-09-25T18:00:00Z,1033,created,supply,571.58,571.89,1,pivot
2024-09-25T18:00:00Z,1033,volume_confluence,supply,571.58,571.89,2,VAH:2024-09-19:572.180000
2024-09-25T18:00:00Z,1033,qualified,supply,571.58,571.89,2,pivot|volume_profile
2024-09-26T14:30:00Z,989,age_expired,demand,531.04,531.59,3,
2024-09-26T14:30:00Z,1029,broken,supply,572.5,572.88,2,
2024-09-26T14:30:00Z,1033,broken,supply,571.58,571.89,2,
2024-09-26T14:30:00Z,1031,merged,demand,568.91,570.34,4,pivot
2024-09-26T16:00:00Z,1033,role_flip_retest,demand,571.58,571.89,3,
2024-09-26T17:00:00Z,1033,broken,demand,571.58,571.89,3,
2024-09-26T17:00:00Z,1035,created,supply,574.4,574.71,1,pivot
2024-09-26T18:00:00Z,1031,touch,demand,568.91,570.34,4,
2024-09-26T18:00:00Z,1031,rejection,demand,568.91,570.34,4,
2024-09-26T18:00:00Z,1033,role_flip_retest,supply,571.58,571.89,3,
2024-09-26T19:00:00Z,990,age_expired,demand,518.05,518.65,2,
2024-09-26T19:00:00Z,1033,broken,supply,571.58,571.89,3,
2024-09-26T20:00:00Z,1033,role_flip_retest,demand,571.58,571.89,3,
2024-09-27T14:30:00Z,1029,role_flip_retest,demand,572.5,572.88,3,
2024-09-27T15:00:00Z,1029,rejection,demand,572.5,572.88,3,
2024-09-27T17:00:00Z,1029,broken,demand,572.5,572.88,3,
2024-09-27T17:00:00Z,1033,touch,demand,571.58,571.89,3,
2024-09-27T17:00:00Z,1033,rejection,demand,571.58,571.89,3,
2024-09-27T18:00:00Z,1029,role_flip_retest,supply,572.5,572.88,3,
2024-09-27T18:00:00Z,1033,rejection,demand,571.58,571.89,3,
2024-09-27T18:00:00Z,1035,merged,supply,573.71,574.71,2,pivot
2024-09-27T18:00:00Z,1035,qualified,supply,573.71,574.71,2,pivot|repeated_pivot
2024-09-27T19:00:00Z,1029,rejection,supply,572.5,572.88,3,
2024-09-27T19:00:00Z,1033,rejection,demand,571.58,571.89,3,
2024-09-27T20:00:00Z,1033,broken,demand,571.58,571.89,3,
2024-09-30T15:00:00Z,1031,touch,demand,568.91,570.34,4,
2024-09-30T15:00:00Z,1031,rejection,demand,568.91,570.34,4,
2024-09-30T15:00:00Z,1033,role_flip_retest,supply,571.58,571.89,3,
2024-09-30T16:00:00Z,1033,rejection,supply,571.58,571.89,3,
2024-09-30T18:00:00Z,1037,created,demand,570.25,570.62,1,pivot
2024-09-30T18:00:00Z,1037,volume_confluence,demand,570.25,570.62,2,POC:2024-09-24:570.341667
2024-09-30T18:00:00Z,1037,qualified,demand,570.25,570.62,2,pivot|volume_profile
2024-09-30T19:00:00Z,1031,touch,demand,568.91,570.34,4,
2024-09-30T19:00:00Z,1031,rejection,demand,568.91,570.34,4,
2024-09-30T19:00:00Z,1032,touch,demand,567.6,568.5508282278827,2,
2024-09-30T19:00:00Z,1032,rejection,demand,567.6,568.5508282278827,2,
2024-09-30T19:00:00Z,1033,rejection,supply,571.58,571.89,3,
2024-09-30T19:00:00Z,1037,touch,demand,570.25,570.62,2,
2024-09-30T20:00:00Z,1029,broken,supply,572.5,572.88,3,
2024-09-30T20:00:00Z,1031,rejection,demand,568.91,570.34,4,
2024-09-30T20:00:00Z,1033,broken,supply,571.58,571.89,3,
2024-09-30T20:00:00Z,1035,touch,supply,573.71,574.71,2,
2024-09-30T20:00:00Z,1037,rejection,demand,570.25,570.62,2,
2024-09-30T20:00:00Z,1038,created,demand,568.08,569.8152750897043,1,order_block
2024-09-30T20:00:00Z,1038,volume_confluence,demand,568.08,569.8152750897043,2,POC:2024-09-23:569.080000
2024-09-30T20:00:00Z,1038,qualified,demand,568.08,569.8152750897043,2,order_block|volume_profile
2024-10-01T14:30:00Z,1032,touch,demand,567.6,568.5508282278827,2,
2024-10-01T14:30:00Z,1032,rejection,demand,567.6,568.5508282278827,2,
2024-10-01T14:30:00Z,1037,broken,demand,570.25,570.62,2,
2024-10-01T14:30:00Z,1038,touch,demand,568.08,569.8152750897043,2,
2024-10-01T15:00:00Z,1031,broken,demand,568.91,570.34,4,
2024-10-01T15:00:00Z,1037,role_flip_retest,supply,570.25,570.62,3,
2024-10-01T16:00:00Z,1026,touch,demand,565.17,566.58,4,
2024-10-01T16:00:00Z,1026,rejection,demand,565.17,566.58,4,
2024-10-01T16:00:00Z,1031,role_flip_retest,supply,568.91,570.34,4,
2024-10-01T16:00:00Z,1035,merged,supply,573.71,574.71,2,pivot
2024-10-01T17:00:00Z,1026,rejection,demand,565.17,566.58,4,
2024-10-01T17:00:00Z,1031,rejection,supply,568.91,570.34,4,
2024-10-01T17:00:00Z,1035,volume_confluence,supply,573.71,574.71,3,VAH:2024-09-27:573.032500
2024-10-01T18:00:00Z,1026,rejection,demand,565.17,566.58,4,
2024-10-01T18:00:00Z,1032,rejection,demand,567.6,568.5508282278827,2,
2024-10-01T19:00:00Z,1037,touch,supply,570.25,570.62,3,
2024-10-01T19:00:00Z,1038,rejection,demand,568.08,569.8152750897043,2,
2024-10-01T19:00:00Z,1026,merged,demand,565.17,567.2587680101076,4,pivot
2024-10-01T20:00:00Z,1031,rejection,supply,568.91,570.34,4,
2024-10-01T20:00:00Z,1032,touch,demand,567.6,568.5508282278827,2,
2024-10-01T20:00:00Z,1032,rejection,demand,567.6,568.5508282278827,2,
2024-10-01T20:00:00Z,1037,rejection,supply,570.25,570.62,3,
2024-10-02T14:30:00Z,1026,touch,demand,565.17,567.2587680101076,4,
2024-10-02T14:30:00Z,1032,broken,demand,567.6,568.5508282278827,2,
2024-10-02T14:30:00Z,1038,broken,demand,568.08,569.8152750897043,2,
2024-10-02T15:00:00Z,1026,rejection,demand,565.17,567.2587680101076,4,
2024-10-02T15:00:00Z,1031,touch,supply,568.91,570.34,4,
2024-10-02T15:00:00Z,1031,rejection,supply,568.91,570.34,4,
2024-10-02T17:00:00Z,1031,rejection,supply,568.91,570.34,4,
2024-10-02T17:00:00Z,1038,role_flip_retest,supply,568.08,569.8152750897043,3,
2024-10-02T17:00:00Z,1026,merged,demand,565.17,567.2587680101076,4,pivot
2024-10-02T19:00:00Z,1031,rejection,supply,568.91,570.34,4,
2024-10-02T20:00:00Z,1031,rejection,supply,568.91,570.34,4,
2024-10-03T14:30:00Z,1026,touch,demand,565.17,567.2587680101076,4,
2024-10-03T14:30:00Z,1026,rejection,demand,565.17,567.2587680101076,4,
2024-10-03T14:30:00Z,1038,rejection,supply,568.08,569.8152750897043,3,
2024-10-03T15:00:00Z,1031,touch,supply,568.91,570.34,4,
2024-10-03T15:00:00Z,1031,rejection,supply,568.91,570.34,4,
2024-10-03T15:00:00Z,1032,role_flip_retest,supply,567.6,568.5508282278827,3,
2024-10-03T15:00:00Z,1038,rejection,supply,568.08,569.8152750897043,3,
2024-10-03T16:00:00Z,1026,rejection,demand,565.17,567.2587680101076,4,
2024-10-03T16:00:00Z,1031,rejection,supply,568.91,570.34,4,
2024-10-03T17:00:00Z,1031,rejection,supply,568.91,570.34,4,
2024-10-03T17:00:00Z,1032,rejection,supply,567.6,568.5508282278827,3,
2024-10-03T17:00:00Z,1038,rejection,supply,568.08,569.8152750897043,3,
2024-10-03T18:00:00Z,1038,merged,supply,568.08,569.8152750897043,4,pivot
2024-10-03T20:00:00Z,1026,rejection,demand,565.17,567.2587680101076,4,
2024-10-03T20:00:00Z,1032,touch,supply,567.6,568.5508282278827,3,
2024-10-03T20:00:00Z,1038,touch,supply,568.08,569.8152750897043,4,
2024-10-03T20:00:00Z,1038,rejection,supply,568.08,569.8152750897043,4,
2024-10-04T14:30:00Z,1031,touch,supply,568.91,570.34,4,
2024-10-04T14:30:00Z,1032,broken,supply,567.6,568.5508282278827,3,
2024-10-04T14:30:00Z,1037,touch,supply,570.25,570.62,3,
2024-10-04T14:30:00Z,1037,rejection,supply,570.25,570.62,3,
2024-10-04T14:30:00Z,1038,broken,supply,568.08,569.8152750897043,4,
2024-10-04T14:30:00Z,1026,merged,demand,565.17,567.2587680101076,4,pivot
2024-10-04T15:00:00Z,1032,role_flip_retest,demand,567.6,568.5508282278827,3,
2024-10-04T15:00:00Z,1037,rejection,supply,570.25,570.62,3,
2024-10-04T15:00:00Z,1038,role_flip_retest,demand,568.08,569.8152750897043,4,
2024-10-04T16:00:00Z,1031,broken,supply,568.91,570.34,4,
2024-10-04T16:00:00Z,1032,rejection,demand,567.6,568.5508282278827,3,
2024-10-04T16:00:00Z,1038,rejection,demand,568.08,569.8152750897043,4,
2024-10-04T17:00:00Z,1031,role_flip_retest,demand,568.91,570.34,4,
2024-10-04T17:00:00Z,1037,broken,supply,570.25,570.62,3,
2024-10-04T17:00:00Z,1038,rejection,demand,568.08,569.8152750897043,4,
2024-10-04T17:00:00Z,1044,created,supply,572.35,572.71,1,pivot
2024-10-04T17:00:00Z,1044,volume_confluence,supply,572.35,572.71,2,POC:2024-09-27:572.399167
2024-10-04T17:00:00Z,1044,qualified,supply,572.35,572.71,2,pivot|volume_profile
2024-10-04T18:00:00Z,1038,rejection,demand,568.08,569.8152750897043,4,
2024-10-04T19:00:00Z,1031,rejection,demand,568.91,570.34,4,
2024-10-04T19:00:00Z,1037,role_flip_retest,demand,570.25,570.62,3,
2024-10-04T19:00:00Z,1038,rejection,demand,568.08,569.8152750897043,4,
2024-10-04T20:00:00Z,1029,role_flip_retest,demand,572.5,572.88,3,
2024-10-04T20:00:00Z,1033,role_flip_retest,demand,571.58,571.89,3,
2024-10-04T20:00:00Z,1044,broken,supply,572.35,572.71,2,
2024-10-07T14:30:00Z,1029,broken,demand,572.5,572.88,3,
2024-10-07T14:30:00Z,1033,broken,demand,571.58,571.89,3,
2024-10-07T14:30:00Z,1037,touch,demand,570.25,570.62,3,
2024-10-07T14:30:00Z,1037,rejection,demand,570.25,570.62,3,
2024-10-07T15:00:00Z,1033,role_flip_retest,supply,571.58,571.89,3,
2024-10-07T16:00:00Z,1033,rejection,supply,571.58,571.89,3,
2024-10-07T16:00:00Z,1037,touch,demand,570.25,570.62,3,
2024-10-07T16:00:00Z,1037,rejection,demand,570.25,570.62,3,
2024-10-07T16:00:00Z,1035,merged,supply,572.92,574.71,3,pivot
2024-10-07T17:00:00Z,1031,touch,demand,568.91,570.34,4,
2024-10-07T17:00:00Z,1031,rejection,demand,568.91,570.34,4,
2024-10-07T18:00:00Z,1031,rejection,demand,568.91,570.34,4,
2024-10-07T19:00:00Z,1026,touch,demand,565.17,567.2587680101076,4,
2024-10-07T19:00:00Z,1031,broken,demand,568.91,570.34,4,
2024-10-07T19:00:00Z,1032,broken,demand,567.6,568.5508282278827,3,
2024-10-07T19:00:00Z,1037,broken,demand,570.25,570.62,3,
2024-10-07T19:00:00Z,1038,broken,demand,568.08,569.8152750897043,4,
2024-10-07T19:00:00Z,1033,merged,supply,570.72,571.96,4,order_block
2024-10-07T20:00:00Z,1026,rejection,demand,565.17,567.2587680101076,4,
2024-10-07T20:00:00Z,1038,role_flip_retest,supply,568.08,569.8152750897043,4,
2024-10-08T14:30:00Z,1033,touch,supply,570.72,571.96,4,
2024-10-08T14:30:00Z,1038,broken,supply,568.08,569.8152750897043,4,
2024-10-08T15:00:00Z,1029,role_flip_retest,supply,572.5,572.88,3,
2024-10-08T15:00:00Z,1026,merged,demand,565.17,567.2587680101076,4,pivot
2024-10-08T16:00:00Z,1033,broken,supply,570.72,571.96,4,
2024-10-08T18:00:00Z,1029,merged,supply,571.81,572.88,4,pivot
2024-10-08T19:00:00Z,1029,touch,supply,571.81,572.88,4,
2024-10-08T19:00:00Z,1033,role_flip_retest,demand,570.72,571.96,4,
2024-10-08T19:00:00Z,1044,role_flip_retest,demand,572.35,572.71,3,
2024-10-08T20:00:00Z,1029,broken,supply,571.81,572.88,4,
2024-10-08T20:00:00Z,1035,touch,supply,572.92,574.71,3,
2024-10-08T20:00:00Z,1044,rejection,demand,572.35,572.71,3,
2024-10-09T14:30:00Z,1029,role_flip_retest,demand,571.81,572.88,4,
2024-10-09T14:30:00Z,1044,rejection,demand,572.35,572.71,3,
2024-10-09T15:00:00Z,1035,broken,supply,572.92,574.71,3,
2024-10-09T19:00:00Z,1049,created,supply,576.8467142808229,577.06,1,pivot
2024-10-09T20:00:00Z,1049,touch,supply,576.8467142808229,577.06,1,
2024-10-10T14:30:00Z,1035,role_flip_retest,demand,572.92,574.71,4,
2024-10-10T14:30:00Z,1049,volume_confluence,supply,576.8467142808229,577.06,2,VAH:2024-10-09:577.602500
2024-10-10T14:30:00Z,1049,qualified,supply,576.8467142808229,577.06,2,pivot|volume_profile
2024-10-10T16:00:00Z,1049,touch,supply,576.8467142808229,577.06,2,
2024-10-10T16:00:00Z,1049,merged,supply,576.8467142808229,577.71,3,pivot
2024-10-10T17:00:00Z,1049,rejection,supply,576.8467142808229,577.71,3,
2024-10-10T17:00:00Z,1051,created,demand,574.56,575.39,1,pivot
2024-10-10T17:00:00Z,1051,volume_confluence,demand,574.56,575.39,2,VAL:2024-10-09:575.452500
2024-10-10T17:00:00Z,1051,qualified,demand,574.56,575.39,2,pivot|volume_profile
2024-10-10T18:00:00Z,1051,touch,demand,574.56,575.39,2,
2024-10-10T18:00:00Z,1051,rejection,demand,574.56,575.39,2,
2024-10-10T19:00:00Z,1035,touch,demand,572.92,574.71,4,
2024-10-10T19:00:00Z,1035,rejection,demand,572.92,574.71,4,
2024-10-10T20:00:00Z,1051,rejection,demand,574.56,575.39,2,
2024-10-11T14:30:00Z,1049,touch,supply,576.8467142808229,577.71,3,
2024-10-11T15:00:00Z,1049,broken,supply,576.8467142808229,577.71,3,
2024-10-11T15:00:00Z,1051,merged,demand,574.49,575.39,3,pivot
2024-10-11T18:00:00Z,1053,created,supply,579.1447899382075,580.1,1,pivot
2024-10-11T19:00:00Z,1053,touch,supply,579.1447899382075,580.1,1,
2024-10-11T20:00:00Z,1053,volume_confluence,supply,579.1447899382075,580.1,2,POC:2024-10-11:579.501250
2024-10-11T20:00:00Z,1053,qualified,supply,579.1447899382075,580.1,2,pivot|volume_profile
2024-10-14T14:30:00Z,1053,broken,supply,579.1447899382075,580.1,2,
2024-10-15T16:00:00Z,1054,created,supply,584.3945189352753,585.27,1,pivot
2024-10-15T16:00:00Z,1054,volume_confluence,supply,584.3945189352753,585.27,2,VAH:2024-10-14:585.175417
2024-10-15T16:00:00Z,1054,qualified,supply,584.3945189352753,585.27,2,pivot|volume_profile
2024-10-15T18:00:00Z,1031,broken_zone_expired,demand,568.91,570.34,4,
2024-10-15T18:00:00Z,1032,broken_zone_expired,demand,567.6,568.5508282278827,3,
2024-10-15T18:00:00Z,1037,broken_zone_expired,demand,570.25,570.62,3,
2024-10-15T19:00:00Z,1053,role_flip_retest,demand,579.1447899382075,580.1,3,
2024-10-15T20:00:00Z,1038,broken_zone_expired,supply,568.08,569.8152750897043,4,
2024-10-16T16:00:00Z,1053,rejection,demand,579.1447899382075,580.1,3,
2024-10-16T16:00:00Z,1055,created,demand,578.54,579.3703358396715,1,pivot
2024-10-16T16:00:00Z,1055,volume_confluence,demand,578.54,579.3703358396715,2,VAL:2024-10-11:578.580417
2024-10-16T16:00:00Z,1055,qualified,demand,578.54,579.3703358396715,2,pivot|volume_profile
2024-10-17T14:30:00Z,1054,touch,supply,584.3945189352753,585.27,2,
2024-10-17T14:30:00Z,1054,rejection,supply,584.3945189352753,585.27,2,
2024-10-17T15:00:00Z,1054,rejection,supply,584.3945189352753,585.27,2,
2024-10-17T17:00:00Z,1054,rejection,supply,584.3945189352753,585.27,2,
2024-10-17T17:00:00Z,1056,created,supply,585.91,586.12,1,pivot
2024-10-17T18:00:00Z,1054,rejection,supply,584.3945189352753,585.27,2,
2024-10-17T19:00:00Z,1054,rejection,supply,584.3945189352753,585.27,2,
2024-10-18T16:00:00Z,1054,touch,supply,584.3945189352753,585.27,2,
2024-10-18T16:00:00Z,1054,rejection,supply,584.3945189352753,585.27,2,
2024-10-18T16:00:00Z,1057,created,demand,582.16,582.338415898252,1,pivot
2024-10-18T16:00:00Z,1057,volume_confluence,demand,582.16,582.338415898252,2,POC:2024-10-16:582.104375
2024-10-18T16:00:00Z,1057,qualified,demand,582.16,582.338415898252,2,pivot|volume_profile
2024-10-21T14:30:00Z,1049,broken_zone_expired,supply,576.8467142808229,577.71,3,
2024-10-21T14:30:00Z,1054,rejection,supply,584.3945189352753,585.27,2,
2024-10-21T15:00:00Z,1054,rejection,supply,584.3945189352753,585.27,2,
2024-10-21T15:00:00Z,1057,touch,demand,582.16,582.338415898252,2,
2024-10-21T15:00:00Z,1057,rejection,demand,582.16,582.338415898252,2,
2024-10-21T15:00:00Z,1054,merged,supply,584.3945189352753,585.39,3,pivot
2024-10-21T16:00:00Z,1057,rejection,demand,582.16,582.338415898252,2,
2024-10-21T17:00:00Z,1057,rejection,demand,582.16,582.338415898252,2,
2024-10-21T19:00:00Z,1057,touch,demand,582.16,582.338415898252,2,
2024-10-21T19:00:00Z,1057,rejection,demand,582.16,582.338415898252,2,
2024-10-21T19:00:00Z,1059,created,demand,580.6,581.365551757996,1,pivot
2024-10-21T19:00:00Z,1059,volume_confluence,demand,580.6,581.365551757996,2,POC:2024-10-15:581.322500
2024-10-21T19:00:00Z,1059,qualified,demand,580.6,581.365551757996,2,pivot|volume_profile
2024-10-21T20:00:00Z,1057,rejection,demand,582.16,582.338415898252,2,
2024-10-22T14:30:00Z,1057,broken,demand,582.16,582.338415898252,2,
2024-10-22T14:30:00Z,1059,touch,demand,580.6,581.365551757996,2,
2024-10-22T15:00:00Z,1057,role_flip_retest,supply,582.16,582.338415898252,3,
2024-10-22T15:00:00Z,1059,rejection,demand,580.6,581.365551757996,2,
2024-10-22T16:00:00Z,1057,rejection,supply,582.16,582.338415898252,3,
2024-10-22T17:00:00Z,1057,broken,supply,582.16,582.338415898252,3,
2024-10-22T17:00:00Z,1059,merged,demand,580.38,581.365551757996,3,pivot
2024-10-22T18:00:00Z,1057,role_flip_retest,demand,582.16,582.338415898252,3,
2024-10-22T19:00:00Z,1054,touch,supply,584.3945189352753,585.39,3,
2024-10-22T19:00:00Z,1054,rejection,supply,584.3945189352753,585.39,3,
2024-10-23T14:30:00Z,1057,broken,demand,582.16,582.338415898252,3,
2024-10-23T14:30:00Z,1059,touch,demand,580.38,581.365551757996,3,
2024-10-23T15:00:00Z,1053,touch,demand,579.1447899382075,580.1,3,
2024-10-23T15:00:00Z,1053,rejection,demand,579.1447899382075,580.1,3,
2024-10-23T15:00:00Z,1054,merged,supply,583.96,585.39,3,pivot
2024-10-23T16:00:00Z,1055,touch,demand,578.54,579.3703358396715,2,
2024-10-23T16:00:00Z,1055,rejection,demand,578.54,579.3703358396715,2,
2024-10-23T16:00:00Z,1059,broken,demand,580.38,581.365551757996,3,
2024-10-23T17:00:00Z,1053,broken,demand,579.1447899382075,580.1,3,
2024-10-23T17:00:00Z,1055,broken,demand,578.54,579.3703358396715,2,
2024-10-23T18:00:00Z,1062,created,supply,581.26,581.71,1,order_block
2024-10-23T18:00:00Z,1062,volume_confluence,supply,581.26,581.71,2,POC:2024-10-15:581.322500
2024-10-23T18:00:00Z,1062,qualified,supply,581.26,581.71,2,order_block|volume_profile
2024-10-23T19:00:00Z,1035,touch,demand,572.92,574.71,4,
2024-10-23T19:00:00Z,1035,rejection,demand,572.92,574.71,4,
2024-10-23T19:00:00Z,1051,touch,demand,574.49,575.39,3,
2024-10-23T19:00:00Z,1051,rejection,demand,574.49,575.39,3,
2024-10-24T14:30:00Z,1014,age_expired,demand,552.3815958310824,553.8,3,
2024-10-24T15:00:00Z,1053,role_flip_retest,supply,579.1447899382075,580.1,3,
2024-10-24T15:00:00Z,1051,merged,demand,574.41,575.39,3,pivot
2024-10-24T16:00:00Z,1053,rejection,supply,579.1447899382075,580.1,3,
2024-10-24T16:00:00Z,1055,role_flip_retest,supply,578.54,579.3703358396715,3,
2024-10-24T18:00:00Z,1053,touch,supply,579.1447899382075,580.1,3,
2024-10-24T18:00:00Z,1053,rejection,supply,579.1447899382075,580.1,3,
2024-10-24T18:00:00Z,1055,rejection,supply,578.54,579.3703358396715,3,
2024-10-24T19:00:00Z,1053,rejection,supply,579.1447899382075,580.1,3,
2024-10-25T14:30:00Z,1053,broken,supply,579.1447899382075,580.1,3,
2024-10-25T14:30:00Z,1055,broken,supply,578.54,579.3703358396715,3,
2024-10-25T14:30:00Z,1062,broken,supply,581.26,581.71,2,
2024-10-25T15:00:00Z,1054,touch,supply,583.96,585.39,3,
2024-10-25T15:00:00Z,1054,rejection,supply,583.96,585.39,3,
2024-10-25T16:00:00Z,1062,role_flip_retest,demand,581.26,581.71,3,
2024-10-25T17:00:00Z,1057,role_flip_retest,supply,582.16,582.338415898252,3,
2024-10-25T18:00:00Z,1018,age_expired,demand,539.44,541.16,3,
2024-10-25T18:00:00Z,1059,role_flip_retest,supply,580.38,581.365551757996,4,
2024-10-25T18:00:00Z,1062,broken,demand,581.26,581.71,3,
2024-10-25T18:00:00Z,1054,merged,supply,583.46,585.39,3,pivot
2024-10-25T19:00:00Z,1053,role_flip_retest,demand,579.1447899382075,580.1,3,
2024-10-25T19:00:00Z,1055,role_flip_retest,demand,578.54,579.3703358396715,3,
2024-10-25T19:00:00Z,1059,rejection,supply,580.38,581.365551757996,4,
2024-10-25T20:00:00Z,1053,broken,demand,579.1447899382075,580.1,3,
2024-10-28T14:30:00Z,1057,touch,supply,582.16,582.338415898252,3,
2024-10-28T14:30:00Z,1057,rejection,supply,582.16,582.338415898252,3,
2024-10-28T14:30:00Z,1059,broken,supply,580.38,581.365551757996,4,
2024-10-28T15:00:00Z,1057,rejection,supply,582.16,582.338415898252,3,
2024-10-28T15:00:00Z,1059,role_flip_retest,demand,580.38,581.365551757996,4,
2024-10-28T15:00:00Z,1055,merged,demand,578.08,579.3703358396715,4,pivot
2024-10-28T16:00:00Z,1062,role_flip_retest,supply,581.26,581.71,3,
2024-10-28T17:00:00Z,1062,rejection,supply,581.26,581.71,3,
2024-10-28T18:00:00Z,1059,rejection,demand,580.38,581.365551757996,4,
2024-10-28T19:00:00Z,1062,rejection,supply,581.26,581.71,3,
2024-10-28T20:00:00Z,1019,age_expired,demand,548.3370989491273,548.66,3,
2024-10-28T20:00:00Z,1062,rejection,supply,581.26,581.71,3,
2024-10-29T14:30:00Z,1055,touch,demand,578.08,579.3703358396715,4,
2024-10-29T14:30:00Z,1055,rejection,demand,578.08,579.3703358396715,4,
2024-10-29T14:30:00Z,1059,broken,demand,580.38,581.365551757996,4,
2024-10-29T15:00:00Z,1062,touch,supply,581.26,581.71,3,
2024-10-29T17:00:00Z,1062,broken,supply,581.26,581.71,3,
2024-10-29T17:00:00Z,1055,merged,demand,578.08,579.3943660817614,4,pivot
2024-10-29T18:00:00Z,1057,touch,supply,582.16,582.338415898252,3,
2024-10-29T18:00:00Z,1057,rejection,supply,582.16,582.338415898252,3,
2024-10-29T18:00:00Z,1062,role_flip_retest,demand,581.26,581.71,3,
2024-10-29T19:00:00Z,1062,rejection,demand,581.26,581.71,3,
2024-10-29T20:00:00Z,1057,rejection,supply,582.16,582.338415898252,3,
2024-10-30T14:30:00Z,1055,touch,demand,578.08,579.3943660817614,4,
2024-10-30T14:30:00Z,1055,rejection,demand,578.08,579.3943660817614,4,
2024-10-30T14:30:00Z,1062,rejection,demand,581.26,581.71,3,
2024-10-30T15:00:00Z,1057,touch,supply,582.16,582.338415898252,3,
2024-10-30T16:00:00Z,1057,broken,supply,582.16,582.338415898252,3,
2024-10-30T16:00:00Z,1062,touch,demand,581.26,581.71,3,
2024-10-30T16:00:00Z,1062,rejection,demand,581.26,581.71,3,
2024-10-30T17:00:00Z,1067,created,demand,579.29,580.2089575705085,1,pivot
2024-10-30T17:00:00Z,1067,volume_confluence,demand,579.29,580.2089575705085,2,VAH:2024-10-24:579.696458
2024-10-30T17:00:00Z,1067,qualified,demand,579.29,580.2089575705085,2,pivot|volume_profile
2024-10-30T18:00:00Z,1062,broken,demand,581.26,581.71,3,
2024-10-30T19:00:00Z,1062,role_flip_retest,supply,581.26,581.71,3,
2024-10-30T19:00:00Z,1068,created,supply,583.11,583.32,1,pivot
2024-10-30T19:00:00Z,1068,volume_confluence,supply,583.11,583.32,2,POC:2024-10-25:582.997917
2024-10-30T19:00:00Z,1068,qualified,supply,583.11,583.32,2,pivot|volume_profile
2024-10-30T20:00:00Z,1055,touch,demand,578.08,579.3943660817614,4,
2024-10-30T20:00:00Z,1055,rejection,demand,578.08,579.3943660817614,4,
2024-10-30T20:00:00Z,1059,role_flip_retest,supply,580.38,581.365551757996,4,
2024-10-30T20:00:00Z,1067,touch,demand,579.29,580.2089575705085,2,
2024-10-31T14:30:00Z,1035,touch,demand,572.92,574.71,4,
2024-10-31T14:30:00Z,1051,broken,demand,574.41,575.39,3,
2024-10-31T14:30:00Z,1055,broken,demand,578.08,579.3943660817614,4,
2024-10-31T14:30:00Z,1067,broken,demand,579.29,580.2089575705085,2,
2024-10-31T15:00:00Z,1029,broken,demand,571.81,572.88,4,
2024-10-31T15:00:00Z,1033,touch,demand,570.72,571.96,4,
2024-10-31T15:00:00Z,1035,broken,demand,572.92,574.71,4,
2024-10-31T15:00:00Z,1044,broken,demand,572.35,572.71,3,
2024-10-31T15:00:00Z,1062,merged,supply,580.62,581.81,3,order_block
2024-10-31T17:00:00Z,1029,role_flip_retest,supply,571.81,572.88,4,
2024-10-31T18:00:00Z,1029,rejection,supply,571.81,572.88,4,
2024-10-31T18:00:00Z,1033,broken,demand,570.72,571.96,4,
2024-10-31T19:00:00Z,1033,role_flip_retest,supply,570.72,571.96,4,
2024-10-31T20:00:00Z,1029,touch,supply,571.81,572.88,4,
2024-10-31T20:00:00Z,1029,rejection,supply,571.81,572.88,4,
2024-10-31T20:00:00Z,1033,rejection,supply,570.72,571.96,4,
2024-11-01T14:30:00Z,1029,broken,supply,571.81,572.88,4,
2024-11-01T14:30:00Z,1033,broken,supply,570.72,571.96,4,
2024-11-01T15:00:00Z,1029,role_flip_retest,demand,571.81,572.88,4,
2024-11-01T16:00:00Z,1051,role_flip_retest,supply,574.41,575.39,4,
2024-11-01T16:00:00Z,1070,created,demand,568.44,568.7129390791475,1,pivot
2024-11-01T16:00:00Z,1070,volume_confluence,demand,568.44,568.7129390791475,2,VAL:2024-10-31:569.188958
2024-11-01T16:00:00Z,1070,qualified,demand,568.44,568.7129390791475,2,pivot|volume_profile
2024-11-01T17:00:00Z,1029,touch,demand,571.81,572.88,4,
2024-11-01T17:00:00Z,1029,rejection,demand,571.81,572.88,4,
2024-11-01T18:00:00Z,1029,broken,demand,571.81,572.88,4,
2024-11-01T18:00:00Z,1035,role_flip_retest,supply,572.92,574.71,4,
2024-11-01T18:00:00Z,1044,role_flip_retest,supply,572.35,572.71,3,
2024-11-01T18:00:00Z,1051,merged,supply,574.41,575.55,4,pivot
2024-11-01T19:00:00Z,1033,role_flip_retest,demand,570.72,571.96,4,
2024-11-01T19:00:00Z,1044,rejection,supply,572.35,572.71,3,
2024-11-01T20:00:00Z,1029,role_flip_retest,supply,571.81,572.88,4,
2024-11-01T20:00:00Z,1035,touch,supply,572.92,574.71,4,
2024-11-01T20:00:00Z,1035,rejection,supply,572.92,574.71,4,
2024-11-01T20:00:00Z,1044,rejection,supply,572.35,572.71,3,
2024-11-04T15:30:00Z,1025,age_expired,demand,559.9,561.83,3,
2024-11-04T16:00:00Z,1029,touch,supply,571.81,572.88,4,
2024-11-04T16:00:00Z,1029,rejection,supply,571.81,572.88,4,
2024-11-04T16:00:00Z,1044,touch,supply,572.35,572.71,3,
2024-11-04T16:00:00Z,1044,rejection,supply,572.35,572.71,3,
2024-11-04T17:00:00Z,1029,rejection,supply,571.81,572.88,4,
2024-11-04T17:00:00Z,1033,broken,demand,570.72,571.96,4,
2024-11-04T17:00:00Z,1070,touch,demand,568.44,568.7129390791475,2,
2024-11-04T17:00:00Z,1070,rejection,demand,568.44,568.7129390791475,2,
2024-11-04T18:00:00Z,1033,role_flip_retest,supply,570.72,571.96,4,
2024-11-04T18:00:00Z,1070,rejection,demand,568.44,568.7129390791475,2,
2024-11-04T19:00:00Z,1033,rejection,supply,570.72,571.96,4,
2024-11-04T20:00:00Z,1033,rejection,supply,570.72,571.96,4,
2024-11-04T20:00:00Z,1053,broken_zone_expired,demand,579.1447899382075,580.1,3,
2024-11-04T21:00:00Z,1070,merged,demand,567.89,568.87,3,pivot
2024-11-05T15:30:00Z,1026,age_expired,demand,565.17,567.2587680101076,4,
2024-11-05T15:30:00Z,1029,broken,supply,571.81,572.88,4,
2024-11-05T15:30:00Z,1033,broken,supply,570.72,571.96,4,
2024-11-05T15:30:00Z,1035,touch,supply,572.92,574.71,4,
2024-11-05T15:30:00Z,1044,broken,supply,572.35,572.71,3,
2024-11-05T15:30:00Z,1073,created,demand,569.17,570.51,1,order_block
2024-11-05T15:30:00Z,1073,volume_confluence,demand,569.17,570.51,2,VAL:2024-10-31:569.188958
2024-11-05T15:30:00Z,1073,qualified,demand,569.17,570.51,2,order_block|volume_profile
2024-11-05T16:00:00Z,1051,touch,supply,574.41,575.55,4,
2024-11-05T16:00:00Z,1051,rejection,supply,574.41,575.55,4,
2024-11-05T17:00:00Z,1035,broken,supply,572.92,574.71,4,
2024-11-05T18:00:00Z,1051,broken,supply,574.41,575.55,4,
2024-11-05T19:00:00Z,1035,role_flip_retest,demand,572.92,574.71,4,
2024-11-05T20:00:00Z,1035,rejection,demand,572.92,574.71,4,
2024-11-05T21:00:00Z,1051,role_flip_retest,demand,574.41,575.55,4,
2024-11-06T15:30:00Z,1054,broken,supply,583.46,585.39,3,
2024-11-06T15:30:00Z,1056,touch,supply,585.91,586.12,1,
2024-11-06T15:30:00Z,1059,broken,supply,580.38,581.365551757996,4,
2024-11-06T15:30:00Z,1062,broken,supply,580.62,581.81,3,
2024-11-06T15:30:00Z,1068,broken,supply,583.11,583.32,2,
2024-11-06T16:00:00Z,1056,broken,supply,585.91,586.12,1,
2024-11-07T16:00:00Z,1057,broken_zone_expired,supply,582.16,582.338415898252,3,
2024-11-07T21:00:00Z,1055,broken_zone_expired,demand,578.08,579.3943660817614,4,
2024-11-07T21:00:00Z,1067,broken_zone_expired,demand,579.29,580.2089575705085,2,
2024-11-11T18:00:00Z,1074,created,supply,599.82,600.17,1,pivot
2024-11-12T15:30:00Z,1075,created,demand,597.0,597.8044835514022,1,pivot
2024-11-12T15:30:00Z,1075,volume_confluence,demand,597.0,597.8044835514022,2,VAL:2024-11-08:597.392500
2024-11-12T15:30:00Z,1075,qualified,demand,597.0,597.8044835514022,2,pivot|volume_profile
2024-11-12T16:00:00Z,1075,touch,demand,597.0,597.8044835514022,2,
2024-11-12T17:00:00Z,1075,broken,demand,597.0,597.8044835514022,2,
2024-11-12T21:00:00Z,1029,broken_zone_expired,supply,571.81,572.88,4,
2024-11-12T21:00:00Z,1033,broken_zone_expired,supply,570.72,571.96,4,
2024-11-12T21:00:00Z,1044,broken_zone_expired,supply,572.35,572.71,3,
2024-11-12T21:00:00Z,1075,role_flip_retest,supply,597.0,597.8044835514022,3,
2024-11-13T15:30:00Z,1076,created,demand,594.37,594.67,1,pivot
2024-11-13T15:30:00Z,1076,volume_confluence,demand,594.37,594.67,2,VAL:2024-11-07:594.133750
2024-11-13T15:30:00Z,1076,qualified,demand,594.37,594.67,2,pivot|volume_profile
2024-11-13T17:00:00Z,1075,broken,supply,597.0,597.8044835514022,3,
2024-11-13T21:00:00Z,1035,age_expired,demand,572.92,574.71,4,
2024-11-13T21:00:00Z,1054,broken_zone_expired,supply,583.46,585.39,3,
2024-11-13T21:00:00Z,1059,broken_zone_expired,supply,580.38,581.365551757996,4,
2024-11-13T21:00:00Z,1062,broken_zone_expired,supply,580.62,581.81,3,
2024-11-13T21:00:00Z,1068,broken_zone_expired,supply,583.11,583.32,2,
2024-11-14T15:30:00Z,1056,broken_zone_expired,supply,585.91,586.12,1,
2024-11-14T15:30:00Z,1077,created,supply,599.0304203487786,599.23,1,pivot
2024-11-14T15:30:00Z,1077,volume_confluence,supply,599.0304203487786,599.23,2,VAH:2024-11-08:598.987500
2024-11-14T15:30:00Z,1077,qualified,supply,599.0304203487786,599.23,2,pivot|volume_profile
2024-11-14T18:00:00Z,1076,touch,demand,594.37,594.67,2,
2024-11-14T18:00:00Z,1076,rejection,demand,594.37,594.67,2,
2024-11-14T19:00:00Z,1076,broken,demand,594.37,594.67,2,
2024-11-14T19:00:00Z,1074,volume_confluence,supply,599.82,600.17,2,VAH:2024-11-11:599.311458
2024-11-14T19:00:00Z,1074,qualified,supply,599.82,600.17,2,pivot|volume_profile
2024-11-14T21:00:00Z,1076,role_flip_retest,supply,594.37,594.67,3,
2024-11-18T15:30:00Z,1078,created,demand,583.86,584.5,1,pivot
2024-11-18T15:30:00Z,1078,volume_confluence,demand,583.86,584.5,2,VAL:2024-11-15:584.520417
2024-11-18T15:30:00Z,1078,qualified,demand,583.86,584.5,2,pivot|volume_profile
2024-11-18T20:00:00Z,1079,created,supply,588.5070802451909,589.49,1,pivot
2024-11-18T21:00:00Z,1079,volume_confluence,supply,588.5070802451909,589.49,2,VAH:2024-11-18:588.711875
2024-11-18T21:00:00Z,1079,qualified,supply,588.5070802451909,589.49,2,pivot|volume_profile
2024-11-19T15:30:00Z,1078,touch,demand,583.86,584.5,2,
2024-11-19T15:30:00Z,1078,rejection,demand,583.86,584.5,2,
2024-11-19T17:00:00Z,1079,touch,supply,588.5070802451909,589.49,2,
2024-11-19T18:00:00Z,1078,merged,demand,583.86,584.71,3,pivot
2024-11-19T19:00:00Z,1079,broken,supply,588.5070802451909,589.49,2,
2024-11-19T20:00:00Z,1079,role_flip_retest,demand,588.5070802451909,589.49,3,
2024-11-19T21:00:00Z,1079,rejection,demand,588.5070802451909,589.49,3,
2024-11-20T15:30:00Z,1079,broken,demand,588.5070802451909,589.49,3,
2024-11-20T15:30:00Z,1081,created,supply,590.8103243677268,591.05,1,pivot
2024-11-20T15:30:00Z,1081,volume_confluence,supply,590.8103243677268,591.05,2,VAH:2024-11-19:590.903750
2024-11-20T15:30:00Z,1081,qualified,supply,590.8103243677268,591.05,2,pivot|volume_profile
2024-11-20T16:00:00Z,1078,touch,demand,583.86,584.71,3,
2024-11-20T16:00:00Z,1078,rejection,demand,583.86,584.71,3,
2024-11-20T17:00:00Z,1079,role_flip_retest,supply,588.5070802451909,589.49,3,
2024-11-20T18:00:00Z,1079,rejection,supply,588.5070802451909,589.49,3,
2024-11-20T19:00:00Z,1078,merged,demand,583.86,585.8228718835346,3,pivot
2024-11-20T21:00:00Z,1079,broken,supply,588.5070802451909,589.49,3,
2024-11-21T15:30:00Z,1079,role_flip_retest,demand,588.5070802451909,589.49,3,
2024-11-21T15:30:00Z,1081,touch,supply,590.8103243677268,591.05,2,
2024-11-21T15:30:00Z,1081,rejection,supply,590.8103243677268,591.05,2,
2024-11-21T16:00:00Z,1075,broken_zone_expired,supply,597.0,597.8044835514022,3,
2024-11-21T16:00:00Z,1079,rejection,demand,588.5070802451909,589.49,3,
2024-11-21T16:00:00Z,1081,broken,supply,590.8103243677268,591.05,2,
2024-11-21T17:00:00Z,1081,role_flip_retest,demand,590.8103243677268,591.05,3,
2024-11-21T19:00:00Z,1076,touch,supply,594.37,594.67,3,
2024-11-21T21:00:00Z,1076,rejection,supply,594.37,594.67,3,
2024-11-22T15:30:00Z,1076,broken,supply,594.37,594.67,3,
2024-11-22T16:00:00Z,1076,role_flip_retest,demand,594.37,594.67,3,
2024-11-22T17:00:00Z,1076,rejection,demand,594.37,594.67,3,
2024-11-22T18:00:00Z,1076,rejection,demand,594.37,594.67,3,
2024-11-22T18:00:00Z,1083,created,supply,595.8658865587817,596.14,1,pivot
2024-11-22T18:00:00Z,1083,volume_confluence,supply,595.8658865587817,596.14,2,VAH:2024-11-14:596.412500
2024-11-22T18:00:00Z,1083,qualified,supply,595.8658865587817,596.14,2,pivot|volume_profile
2024-11-22T19:00:00Z,1083,touch,supply,595.8658865587817,596.14,2,
2024-11-22T19:00:00Z,1083,rejection,supply,595.8658865587817,596.14,2,
2024-11-22T20:00:00Z,1076,touch,demand,594.37,594.67,3,
2024-11-22T20:00:00Z,1076,rejection,demand,594.37,594.67,3,
2024-11-22T21:00:00Z,1076,rejection,demand,594.37,594.67,3,
2024-11-22T21:00:00Z,1083,touch,supply,595.8658865587817,596.14,2,
2024-11-22T21:00:00Z,1083,rejection,supply,595.8658865587817,596.14,2,
2024-11-25T15:30:00Z,1074,touch,supply,599.82,600.17,2,
2024-11-25T15:30:00Z,1074,rejection,supply,599.82,600.17,2,
2024-11-25T15:30:00Z,1077,touch,supply,599.0304203487786,599.23,2,
2024-11-25T15:30:00Z,1083,broken,supply,595.8658865587817,596.14,2,
2024-11-25T16:00:00Z,1077,rejection,supply,599.0304203487786,599.23,2,
2024-11-25T18:00:00Z,1083,role_flip_retest,demand,595.8658865587817,596.14,3,
2024-11-25T18:00:00Z,1074,merged,supply,599.6143037781259,600.86,3,pivot
2024-11-26T15:30:00Z,1077,touch,supply,599.0304203487786,599.23,2,
2024-11-26T15:30:00Z,1077,rejection,supply,599.0304203487786,599.23,2,
2024-11-26T17:00:00Z,1074,touch,supply,599.6143037781259,600.86,3,
2024-11-26T17:00:00Z,1077,broken,supply,599.0304203487786,599.23,2,
2024-11-26T18:00:00Z,1077,role_flip_retest,demand,599.0304203487786,599.23,3,
2024-11-26T20:00:00Z,1077,touch,demand,599.0304203487786,599.23,3,
2024-11-26T20:00:00Z,1077,rejection,demand,599.0304203487786,599.23,3,
2024-11-27T16:00:00Z,1074,rejection,supply,599.6143037781259,600.86,3,
2024-11-27T16:00:00Z,1077,broken,demand,599.0304203487786,599.23,3,
2024-11-27T17:00:00Z,1077,role_flip_retest,supply,599.0304203487786,599.23,3,
2024-11-27T17:00:00Z,1085,created,supply,600.74,601.33,1,pivot
2024-11-27T17:00:00Z,1085,volume_confluence,supply,600.74,601.33,2,VAH:2024-11-26:600.582917
2024-11-27T17:00:00Z,1085,qualified,supply,600.74,601.33,2,pivot|volume_profile
2024-11-27T19:00:00Z,1077,touch,supply,599.0304203487786,599.23,3,
2024-11-27T19:00:00Z,1077,rejection,supply,599.0304203487786,599.23,3,
2024-11-27T20:00:00Z,1077,rejection,supply,599.0304203487786,599.23,3,
2024-11-27T21:00:00Z,1051,age_expired,demand,574.41,575.55,4,
2024-11-27T21:00:00Z,1086,created,demand,597.28,598.0800298458578,1,pivot
2024-11-27T21:00:00Z,1086,volume_confluence,demand,597.28,598.0800298458578,2,POC:2024-11-25:597.440417
2024-11-27T21:00:00Z,1086,qualified,demand,597.28,598.0800298458578,2,pivot|volume_profile
2024-11-29T15:30:00Z,1074,touch,supply,599.6143037781259,600.86,3,
2024-11-29T15:30:00Z,1077,broken,supply,599.0304203487786,599.23,3,
2024-11-29T16:00:00Z,1074,broken,supply,599.6143037781259,600.86,3,
2024-11-29T16:00:00Z,1085,broken,supply,600.74,601.33,2,
2024-12-03T17:00:00Z,1087,created,supply,603.93,604.32,1,pivot
2024-12-03T17:00:00Z,1087,volume_confluence,supply,603.93,604.32,2,VAH:2024-12-02:603.973125
2024-12-03T17:00:00Z,1087,qualified,supply,603.93,604.32,2,pivot|volume_profile
2024-12-03T19:00:00Z,1088,created,demand,602.34,602.88,1,pivot
2024-12-03T19:00:00Z,1088,volume_confluence,demand,602.34,602.88,2,POC:2024-11-29:602.274792
2024-12-03T19:00:00Z,1088,qualified,demand,602.34,602.88,2,pivot|volume_profile
2024-12-03T20:00:00Z,1087,touch,supply,603.93,604.32,2,
2024-12-03T21:00:00Z,1087,rejection,supply,603.93,604.32,2,
2024-12-04T15:30:00Z,1087,broken,supply,603.93,604.32,2,
2024-12-05T21:00:00Z,1089,created,supply,608.3489575550843,608.48,1,pivot
2024-12-06T15:30:00Z,1089,broken,supply,608.3489575550843,608.48,1,
2024-12-06T15:30:00Z,1090,created,demand,606.3,607.18,1,order_block
2024-12-06T15:30:00Z,1090,volume_confluence,demand,606.3,607.18,2,VAH:2024-12-04:607.108333
2024-12-06T15:30:00Z,1090,qualified,demand,606.3,607.18,2,order_block|volume_profile
2024-12-06T16:00:00Z,1089,role_flip_retest,demand,608.3489575550843,608.48,2,
2024-12-06T17:00:00Z,1089,broken,demand,608.3489575550843,608.48,2,
2024-12-06T17:00:00Z,1090,merged,demand,606.3,607.18,3,pivot
2024-12-06T18:00:00Z,1090,touch,demand,606.3,607.18,3,
2024-12-06T18:00:00Z,1090,rejection,demand,606.3,607.18,3,
2024-12-06T19:00:00Z,1089,role_flip_retest,supply,608.3489575550843,608.48,2,
2024-12-06T19:00:00Z,1092,created,supply,608.9337781718554,609.07,1,pivot
2024-12-06T20:00:00Z,1090,touch,demand,606.3,607.18,3,
2024-12-06T20:00:00Z,1090,rejection,demand,606.3,607.18,3,
2024-12-06T21:00:00Z,1090,rejection,demand,606.3,607.18,3,
2024-12-06T21:00:00Z,1089,volume_confluence,supply,608.3489575550843,608.48,3,VAH:2024-12-06:608.173125
2024-12-06T21:00:00Z,1089,qualified,supply,608.3489575550843,608.48,3,pivot|role_flip|volume_profile
2024-12-09T16:00:00Z,1090,broken,demand,606.3,607.18,3,
2024-12-09T16:00:00Z,1089,merged,supply,607.32,608.48,4,order_block
2024-12-09T17:00:00Z,1077,broken_zone_expired,supply,599.0304203487786,599.23,3,
2024-12-09T18:00:00Z,1074,broken_zone_expired,supply,599.6143037781259,600.86,3,
2024-12-09T18:00:00Z,1085,broken_zone_expired,supply,600.74,601.33,2,
2024-12-09T19:00:00Z,1090,role_flip_retest,supply,606.3,607.18,4,
2024-12-09T21:00:00Z,1087,role_flip_retest,demand,603.93,604.32,3,
2024-12-10T15:30:00Z,1087,rejection,demand,603.93,604.32,3,
2024-12-10T17:00:00Z,1087,touch,demand,603.93,604.32,3,
2024-12-10T17:00:00Z,1087,rejection,demand,603.93,604.32,3,
2024-12-10T17:00:00Z,1087,merged,demand,603.93,604.66,4,pivot
2024-12-10T20:00:00Z,1087,broken,demand,603.93,604.66,4,
2024-12-10T21:00:00Z,1088,touch,demand,602.34,602.88,2,
2024-12-11T15:30:00Z,1090,touch,supply,606.3,607.18,4,
2024-12-11T17:00:00Z,1089,touch,supply,607.32,608.48,4,
2024-12-11T17:00:00Z,1090,broken,supply,606.3,607.18,4,
2024-12-11T17:00:00Z,1088,merged,demand,602.13,602.88,3,pivot
2024-12-12T15:30:00Z,1089,merged,supply,607.32,608.48,5,pivot
2024-12-12T19:00:00Z,1097,created,demand,605.13,605.8002255970267,1,pivot
2024-12-12T19:00:00Z,1097,volume_confluence,demand,605.13,605.8002255970267,2,VAH:2024-12-10:605.264792
2024-12-12T19:00:00Z,1097,qualified,demand,605.13,605.8002255970267,2,pivot|volume_profile
2024-12-12T20:00:00Z,1097,touch,demand,605.13,605.8002255970267,2,
2024-12-12T21:00:00Z,1097,broken,demand,605.13,605.8002255970267,2,
2024-12-13T16:00:00Z,1087,role_flip_retest,supply,603.93,604.66,4,
2024-12-13T16:00:00Z,1097,role_flip_retest,supply,605.13,605.8002255970267,3,
2024-12-13T16:00:00Z,1098,created,supply,605.77,606.89,1,order_block
2024-12-13T16:00:00Z,1098,volume_confluence,supply,605.77,606.89,2,VAL:2024-12-05:606.799583
2024-12-13T16:00:00Z,1098,qualified,supply,605.77,606.89,2,order_block|volume_profile
2024-12-13T17:00:00Z,1087,rejection,supply,603.93,604.66,4,
2024-12-13T18:00:00Z,1087,rejection,supply,603.93,604.66,4,
2024-12-13T18:00:00Z,1088,touch,demand,602.13,602.88,3,
2024-12-13T18:00:00Z,1088,rejection,demand,602.13,602.88,3,
2024-12-13T19:00:00Z,1088,rejection,demand,602.13,602.88,3,
2024-12-16T15:30:00Z,1087,broken,supply,603.93,604.66,4,
2024-12-16T15:30:00Z,1097,broken,supply,605.13,605.8002255970267,3,
2024-12-16T15:30:00Z,1098,touch,supply,605.77,606.89,2,
2024-12-16T15:30:00Z,1088,merged,demand,602.13,602.978688370674,3,pivot
2024-12-16T16:00:00Z,1097,role_flip_retest,demand,605.13,605.8002255970267,3,
2024-12-16T18:00:00Z,1089,touch,supply,607.32,608.48,5,
2024-12-16T18:00:00Z,1089,rejection,supply,607.32,608.48,5,
2024-12-16T18:00:00Z,1090,role_flip_retest,demand,606.3,607.18,4,
2024-12-16T18:00:00Z,1098,broken,supply,605.77,606.89,2,
2024-12-16T19:00:00Z,1090,rejection,demand,606.3,607.18,4,
2024-12-16T21:00:00Z,1089,rejection,supply,607.32,608.48,5,
2024-12-16T21:00:00Z,1090,touch,demand,606.3,607.18,4,
2024-12-17T15:30:00Z,1090,broken,demand,606.3,607.18,4,
2024-12-17T15:30:00Z,1097,broken,demand,605.13,605.8002255970267,3,
2024-12-17T17:00:00Z,1087,role_flip_retest,demand,603.93,604.66,4,
2024-12-17T17:00:00Z,1097,role_flip_retest,supply,605.13,605.8002255970267,3,
2024-12-17T17:00:00Z,1089,merged,supply,607.32,608.48,5,pivot
2024-12-17T18:00:00Z,1087,rejection,demand,603.93,604.66,4,
2024-12-17T19:00:00Z,1101,created,demand,603.16,603.871057479757,1,pivot
2024-12-17T19:00:00Z,1101,volume_confluence,demand,603.16,603.871057479757,2,POC:2024-12-10:603.582708
2024-12-17T19:00:00Z,1101,qualified,demand,603.16,603.871057479757,2,pivot|volume_profile
2024-12-17T20:00:00Z,1087,broken,demand,603.93,604.66,4,
2024-12-17T20:00:00Z,1101,touch,demand,603.16,603.871057479757,2,
2024-12-17T21:00:00Z,1088,touch,demand,602.13,602.978688370674,3,
2024-12-17T21:00:00Z,1088,rejection,demand,602.13,602.978688370674,3,
2024-12-17T21:00:00Z,1101,rejection,demand,603.16,603.871057479757,2,
2024-12-18T15:30:00Z,1101,rejection,demand,603.16,603.871057479757,2,
2024-12-18T16:00:00Z,1090,role_flip_retest,supply,606.3,607.18,4,
2024-12-18T16:00:00Z,1097,broken,supply,605.13,605.8002255970267,3,
2024-12-18T17:00:00Z,1101,merged,demand,602.88,603.871057479757,3,pivot
2024-12-18T18:00:00Z,1090,touch,supply,606.3,607.18,4,
2024-12-18T18:00:00Z,1090,rejection,supply,606.3,607.18,4,
2024-12-18T19:00:00Z,1090,merged,supply,605.96,607.18,5,pivot
2024-12-18T20:00:00Z,1083,touch,demand,595.8658865587817,596.14,3,
2024-12-18T20:00:00Z,1083,rejection,demand,595.8658865587817,596.14,3,
2024-12-18T20:00:00Z,1086,broken,demand,597.28,598.0800298458578,2,
2024-12-18T20:00:00Z,1087,role_flip_retest,supply,603.93,604.66,4,
2024-12-18T20:00:00Z,1088,broken,demand,602.13,602.978688370674,3,
2024-12-18T20:00:00Z,1101,broken,demand,602.88,603.871057479757,3,
2024-12-18T20:00:00Z,1104,created,supply,604.61,606.41,1,order_block
2024-12-18T20:00:00Z,1104,volume_confluence,supply,604.61,606.41,2,POC:2024-12-12:605.808750
2024-12-18T20:00:00Z,1104,qualified,supply,604.61,606.41,2,order_block|volume_profile
2024-12-18T21:00:00Z,1076,broken,demand,594.37,594.67,3,
2024-12-18T21:00:00Z,1079,broken,demand,588.5070802451909,589.49,3,
2024-12-18T21:00:00Z,1081,broken,demand,590.8103243677268,591.05,3,
2024-12-18T21:00:00Z,1083,broken,demand,595.8658865587817,596.14,3,
2024-12-18T21:00:00Z,1104,merged,supply,604.61,606.41,2,order_block
2024-12-18T21:00:00Z,1092,volume_confluence,supply,608.9337781718554,609.07,2,VAH:2024-12-11:608.256250
2024-12-18T21:00:00Z,1092,qualified,supply,608.9337781718554,609.07,2,pivot|volume_profile
2024-12-19T15:30:00Z,1081,role_flip_retest,supply,590.8103243677268,591.05,3,
2024-12-19T16:00:00Z,1081,rejection,supply,590.8103243677268,591.05,3,
2024-12-19T17:00:00Z,1081,rejection,supply,590.8103243677268,591.05,3,
2024-12-19T17:00:00Z,1078,merged,demand,583.86,586.3,3,pivot
2024-12-19T19:00:00Z,1081,broken,supply,590.8103243677268,591.05,3,
2024-12-19T20:00:00Z,1079,role_flip_retest,supply,588.5070802451909,589.49,3,
2024-12-19T21:00:00Z,1078,touch,demand,583.86,586.3,3,
2024-12-19T21:00:00Z,1079,rejection,supply,588.5070802451909,589.49,3,
2024-12-20T15:30:00Z,1078,broken,demand,583.86,586.3,3,
2024-12-20T16:00:00Z,1079,touch,supply,588.5070802451909,589.49,3,
2024-12-20T16:00:00Z,1079,rejection,supply,588.5070802451909,589.49,3,
2024-12-20T17:00:00Z,1079,broken,supply,588.5070802451909,589.49,3,
2024-12-20T17:00:00Z,1081,role_flip_retest,demand,590.8103243677268,591.05,3,
2024-12-20T18:00:00Z,1107,created,demand,580.91,581.77,1,pivot
2024-12-20T19:00:00Z,1076,role_flip_retest,supply,594.37,594.67,3,
2024-12-20T21:00:00Z,1079,role_flip_retest,demand,588.5070802451909,589.49,3,
2024-12-20T21:00:00Z,1081,touch,demand,590.8103243677268,591.05,3,
2024-12-20T21:00:00Z,1076,merged,supply,594.37,595.75,4,pivot
2024-12-23T15:30:00Z,1079,rejection,demand,588.5070802451909,589.49,3,
2024-12-23T15:30:00Z,1081,broken,demand,590.8103243677268,591.05,3,
2024-12-23T16:00:00Z,1070,age_expired,demand,567.89,568.87,3,
2024-12-23T17:00:00Z,1079,rejection,demand,588.5070802451909,589.49,3,
2024-12-23T19:00:00Z,1079,merged,demand,587.66,589.49,4,pivot
2024-12-23T21:00:00Z,1076,touch,supply,594.37,595.75,4,
2024-12-24T15:30:00Z,1076,broken,supply,594.37,595.75,4,
2024-12-24T15:30:00Z,1086,role_flip_retest,supply,597.28,598.0800298458578,3,
2024-12-24T16:00:00Z,1086,broken,supply,597.28,598.0800298458578,3,
2024-12-24T17:00:00Z,1098,broken_zone_expired,supply,605.77,606.89,2,
2024-12-26T15:30:00Z,1086,role_flip_retest,demand,597.28,598.0800298458578,3,
2024-12-26T17:00:00Z,1073,age_expired,demand,569.17,570.51,2,
2024-12-26T18:00:00Z,1088,role_flip_retest,supply,602.13,602.978688370674,4,
2024-12-26T21:00:00Z,1088,merged,supply,601.84,602.978688370674,4,pivot
2024-12-27T15:30:00Z,1086,broken,demand,597.28,598.0800298458578,3,
2024-12-27T16:00:00Z,1083,role_flip_retest,supply,595.8658865587817,596.14,3,
2024-12-27T18:00:00Z,1097,broken_zone_expired,supply,605.13,605.8002255970267,3,
2024-12-27T21:00:00Z,1111,created,demand,590.76,592.03,1,pivot
2024-12-27T21:00:00Z,1111,volume_confluence,demand,590.76,592.03,2,VAH:2024-12-19:591.063542
2024-12-27T21:00:00Z,1111,qualified,demand,590.76,592.03,2,pivot|volume_profile
2024-12-30T15:30:00Z,1079,broken,demand,587.66,589.49,4,
2024-12-30T15:30:00Z,1101,broken_zone_expired,demand,602.88,603.871057479757,3,
2024-12-30T15:30:00Z,1111,broken,demand,590.76,592.03,2,
2024-12-30T19:00:00Z,1112,created,demand,584.41,585.21,1,pivot
2024-12-30T21:00:00Z,1081,role_flip_retest,supply,590.8103243677268,591.05,3,
2024-12-30T21:00:00Z,1111,role_flip_retest,supply,590.76,592.03,3,
2024-12-31T17:00:00Z,1078,broken_zone_expired,demand,583.86,586.3,3,
2024-12-31T17:00:00Z,1079,role_flip_retest,supply,587.66,589.49,4,
2024-12-31T18:00:00Z,1112,touch,demand,584.41,585.21,1,
2024-12-31T18:00:00Z,1112,rejection,demand,584.41,585.21,1,
2024-12-31T19:00:00Z,1079,touch,supply,587.66,589.49,4,
2024-12-31T19:00:00Z,1079,rejection,supply,587.66,589.49,4,
2024-12-31T19:00:00Z,1112,rejection,demand,584.41,585.21,1,
2024-12-31T20:00:00Z,1112,rejection,demand,584.41,585.21,1,
2024-12-31T21:00:00Z,1112,rejection,demand,584.41,585.21,1,
2024-12-31T21:00:00Z,1112,volume_confluence,demand,584.41,585.21,2,VAL:2024-12-31:585.067917
2024-12-31T21:00:00Z,1112,qualified,demand,584.41,585.21,2,pivot|volume_profile
2025-01-02T15:30:00Z,1079,broken,supply,587.66,589.49,4,
2025-01-02T16:00:00Z,1081,touch,supply,590.8103243677268,591.05,3,
2025-01-02T16:00:00Z,1081,rejection,supply,590.8103243677268,591.05,3,
2025-01-02T16:00:00Z,1111,touch,supply,590.76,592.03,3,
2025-01-02T16:00:00Z,1111,rejection,supply,590.76,592.03,3,
2025-01-02T16:00:00Z,1112,merged,demand,584.41,585.36,3,pivot
2025-01-02T17:00:00Z,1112,touch,demand,584.41,585.36,3,
2025-01-02T17:00:00Z,1112,rejection,demand,584.41,585.36,3,
2025-01-02T18:00:00Z,1107,touch,demand,580.91,581.77,1,
2025-01-02T18:00:00Z,1107,rejection,demand,580.91,581.77,1,
2025-01-02T18:00:00Z,1112,broken,demand,584.41,585.36,3,
2025-01-02T18:00:00Z,1114,created,supply,587.59,588.77,1,order_block
2025-01-02T18:00:00Z,1114,volume_confluence,supply,587.59,588.77,2,VAH:2024-12-31:587.400417
2025-01-02T18:00:00Z,1114,qualified,supply,587.59,588.77,2,order_block|volume_profile
2025-01-02T19:00:00Z,1107,rejection,demand,580.91,581.77,1,
2025-01-02T19:00:00Z,1081,merged,supply,590.18,591.13,4,pivot
2025-01-02T20:00:00Z,1107,rejection,demand,580.91,581.77,1,
2025-01-02T21:00:00Z,1107,volume_confluence,demand,580.91,581.77,2,VAL:2025-01-02:580.721458
2025-01-02T21:00:00Z,1107,qualified,demand,580.91,581.77,2,pivot|volume_profile
2025-01-03T15:30:00Z,1114,touch,supply,587.59,588.77,2,
2025-01-03T15:30:00Z,1107,merged,demand,580.5,581.9,3,pivot
2025-01-03T16:00:00Z,1114,broken,supply,587.59,588.77,2,
2025-01-03T17:00:00Z,1076,broken_zone_expired,supply,594.37,595.75,4,
2025-01-03T17:00:00Z,1079,role_flip_retest,demand,587.66,589.49,4,
2025-01-03T17:00:00Z,1081,touch,supply,590.18,591.13,4,
2025-01-03T17:00:00Z,1111,touch,supply,590.76,592.03,3,
2025-01-03T17:00:00Z,1111,rejection,supply,590.76,592.03,3,
2025-01-03T17:00:00Z,1114,role_flip_retest,demand,587.59,588.77,3,
2025-01-03T18:00:00Z,1111,rejection,supply,590.76,592.03,3,
2025-01-03T19:00:00Z,1081,broken,supply,590.18,591.13,4,
2025-01-03T20:00:00Z,1081,role_flip_retest,demand,590.18,591.13,4,
2025-01-03T21:00:00Z,1081,rejection,demand,590.18,591.13,4,
2025-01-06T15:30:00Z,1083,broken,supply,595.8658865587817,596.14,3,
2025-01-06T15:30:00Z,1111,broken,supply,590.76,592.03,3,
2025-01-06T19:00:00Z,1086,role_flip_retest,supply,597.28,598.0800298458578,3,
2025-01-06T20:00:00Z,1117,created,supply,599.3815844214677,599.7,1,pivot
2025-01-07T15:30:00Z,1083,role_flip_retest,demand,595.8658865587817,596.14,3,
2025-01-07T15:30:00Z,1086,touch,supply,597.28,598.0800298458578,3,
2025-01-07T15:30:00Z,1086,rejection,supply,597.28,598.0800298458578,3,
2025-01-07T16:00:00Z,1081,touch,demand,590.18,591.13,4,
2025-01-07T16:00:00Z,1081,rejection,demand,590.18,591.13,4,
2025-01-07T16:00:00Z,1083,broken,demand,595.8658865587817,596.14,3,
2025-01-07T16:00:00Z,1111,role_flip_retest,demand,590.76,592.03,3,
2025-01-07T20:00:00Z,1081,broken,demand,590.18,591.13,4,
2025-01-07T20:00:00Z,1111,broken,demand,590.76,592.03,3,
2025-01-07T21:00:00Z,1079,touch,demand,587.66,589.49,4,
2025-01-07T21:00:00Z,1114,touch,demand,587.59,588.77,3,
2025-01-08T15:30:00Z,1079,broken,demand,587.66,589.49,4,
2025-01-08T15:30:00Z,1114,broken,demand,587.59,588.77,3,
2025-01-08T18:00:00Z,1079,role_flip_retest,supply,587.66,589.49,4,
2025-01-08T18:00:00Z,1114,role_flip_retest,supply,587.59,588.77,3,
2025-01-08T20:00:00Z,1081,role_flip_retest,supply,590.18,591.13,4,
2025-01-08T21:00:00Z,1114,broken,supply,587.59,588.77,3,
2025-01-08T21:00:00Z,1118,created,demand,585.19,586.7138147028414,1,pivot
2025-01-08T21:00:00Z,1118,volume_confluence,demand,585.19,586.7138147028414,2,POC:2024-12-31:586.622917
2025-01-08T21:00:00Z,1118,qualified,demand,585.19,586.7138147028414,2,pivot|volume_profile
2025-01-10T15:30:00Z,1112,role_flip_retest,supply,584.41,585.36,4,
2025-01-10T15:30:00Z,1118,broken,demand,585.19,586.7138147028414,2,
2025-01-10T16:00:00Z,1107,touch,demand,580.5,581.9,3,
2025-01-10T16:00:00Z,1081,merged,supply,588.8453485470399,591.13,4,pivot
2025-01-10T17:00:00Z,1107,broken,demand,580.5,581.9,3,
2025-01-10T19:00:00Z,1112,touch,supply,584.41,585.36,4,
2025-01-10T20:00:00Z,1112,rejection,supply,584.41,585.36,4,
2025-01-10T21:00:00Z,1120,created,demand,578.55,579.12,1,pivot
2025-01-10T21:00:00Z,1120,volume_confluence,demand,578.55,579.12,2,VAL:2025-01-10:579.630625
2025-01-10T21:00:00Z,1120,qualified,demand,578.55,579.12,2,pivot|volume_profile
2025-01-13T15:30:00Z,1079,age_expired,supply,587.66,589.49,4,
2025-01-13T15:30:00Z,1120,broken,demand,578.55,579.12,2,
2025-01-13T16:00:00Z,1120,role_flip_retest,supply,578.55,579.12,3,
2025-01-13T18:00:00Z,1120,broken,supply,578.55,579.12,3,
2025-01-13T18:00:00Z,1121,created,demand,575.35,575.77,1,pivot
2025-01-13T19:00:00Z,1120,role_flip_retest,demand,578.55,579.12,3,
2025-01-13T20:00:00Z,1107,role_flip_retest,supply,580.5,581.9,4,
2025-01-13T20:00:00Z,1120,rejection,demand,578.55,579.12,3,
2025-01-14T15:30:00Z,1107,broken,supply,580.5,581.9,4,
2025-01-14T15:30:00Z,1112,touch,supply,584.41,585.36,4,
2025-01-14T15:30:00Z,1112,rejection,supply,584.41,585.36,4,
2025-01-14T16:00:00Z,1112,rejection,supply,584.41,585.36,4,
2025-01-14T17:00:00Z,1081,age_expired,supply,588.8453485470399,591.13,4,
2025-01-14T17:00:00Z,1120,touch,demand,578.55,579.12,3,
2025-01-14T18:00:00Z,1120,rejection,demand,578.55,579.12,3,
2025-01-14T18:00:00Z,1112,merged,supply,584.32,585.36,4,pivot
2025-01-14T19:00:00Z,1107,role_flip_retest,demand,580.5,581.9,4,
2025-01-14T21:00:00Z,1107,rejection,demand,580.5,581.9,4,
2025-01-14T21:00:00Z,1120,touch,demand,578.55,579.12,3,
2025-01-14T21:00:00Z,1120,rejection,demand,578.55,579.12,3,
2025-01-14T21:00:00Z,1120,merged,demand,578.35,579.12,4,pivot
2025-01-15T15:30:00Z,1112,broken,supply,584.32,585.36,4,
2025-01-15T17:00:00Z,1111,role_flip_retest,supply,590.76,592.03,3,
2025-01-15T19:00:00Z,1111,broken,supply,590.76,592.03,3,
2025-01-15T19:00:00Z,1124,created,supply,591.95,592.97,1,pivot
2025-01-15T19:00:00Z,1124,volume_confluence,supply,591.95,592.97,2,VAH:2025-01-07:592.493542
2025-01-15T19:00:00Z,1124,qualified,supply,591.95,592.97,2,pivot|volume_profile
2025-01-15T20:00:00Z,1124,broken,supply,591.95,592.97,2,
2025-01-16T15:30:00Z,1083,broken_zone_expired,demand,595.8658865587817,596.14,3,
2025-01-16T16:00:00Z,1111,role_flip_retest,demand,590.76,592.03,3,
2025-01-16T16:00:00Z,1124,role_flip_retest,demand,591.95,592.97,3,
2025-01-16T17:00:00Z,1111,rejection,demand,590.76,592.03,3,
2025-01-16T17:00:00Z,1124,rejection,demand,591.95,592.97,3,
2025-01-16T18:00:00Z,1124,rejection,demand,591.95,592.97,3,
2025-01-16T19:00:00Z,1111,touch,demand,590.76,592.03,3,
2025-01-16T19:00:00Z,1124,broken,demand,591.95,592.97,3,
2025-01-16T20:00:00Z,1111,rejection,demand,590.76,592.03,3,
2025-01-16T20:00:00Z,1125,created,supply,593.51,594.35,1,pivot
2025-01-16T20:00:00Z,1125,volume_confluence,supply,593.51,594.35,2,VAH:2025-01-15:593.841042
2025-01-16T20:00:00Z,1125,qualified,supply,593.51,594.35,2,pivot|volume_profile
2025-01-16T21:00:00Z,1124,role_flip_retest,supply,591.95,592.97,3,
2025-01-17T15:30:00Z,1086,touch,supply,597.28,598.0800298458578,3,
2025-01-17T15:30:00Z,1086,rejection,supply,597.28,598.0800298458578,3,
2025-01-17T15:30:00Z,1124,broken,supply,591.95,592.97,3,
2025-01-17T15:30:00Z,1125,broken,supply,593.51,594.35,2,
2025-01-17T15:30:00Z,1111,merged,demand,590.76,592.03,4,pivot
2025-01-17T17:00:00Z,1086,broken,supply,597.28,598.0800298458578,3,
2025-01-17T18:00:00Z,1086,role_flip_retest,demand,597.28,598.0800298458578,3,
2025-01-17T20:00:00Z,1086,touch,demand,597.28,598.0800298458578,3,
2025-01-17T20:00:00Z,1086,rejection,demand,597.28,598.0800298458578,3,
2025-01-17T20:00:00Z,1114,broken_zone_expired,supply,587.59,588.77,3,
2025-01-17T21:00:00Z,1118,broken_zone_expired,demand,585.19,586.7138147028414,2,
2025-01-17T21:00:00Z,1117,volume_confluence,supply,599.3815844214677,599.7,2,VAH:2025-01-17:599.125625
2025-01-17T21:00:00Z,1117,qualified,supply,599.3815844214677,599.7,2,pivot|volume_profile
2025-01-21T15:30:00Z,1117,broken,supply,599.3815844214677,599.7,2,
2025-01-21T16:00:00Z,1117,role_flip_retest,demand,599.3815844214677,599.7,3,
2025-01-21T18:00:00Z,1088,touch,supply,601.84,602.978688370674,4,
2025-01-22T15:30:00Z,1087,broken,supply,603.93,604.66,4,
2025-01-22T15:30:00Z,1088,broken,supply,601.84,602.978688370674,4,
2025-01-22T15:30:00Z,1090,touch,supply,605.96,607.18,5,
2025-01-22T15:30:00Z,1104,touch,supply,604.61,606.41,2,
2025-01-22T16:00:00Z,1104,broken,supply,604.61,606.41,2,
2025-01-22T17:00:00Z,1089,touch,supply,607.32,608.48,5,
2025-01-22T17:00:00Z,1090,broken,supply,605.96,607.18,5,
2025-01-22T17:00:00Z,1104,role_flip_retest,demand,604.61,606.41,3,
2025-01-22T18:00:00Z,1089,rejection,supply,607.32,608.48,5,
2025-01-22T19:00:00Z,1089,rejection,supply,607.32,608.48,5,
2025-01-22T20:00:00Z,1090,role_flip_retest,demand,605.96,607.18,5,
2025-01-22T21:00:00Z,1089,rejection,supply,607.32,608.48,5,
2025-01-22T21:00:00Z,1104,touch,demand,604.61,606.41,3,
2025-01-22T21:00:00Z,1089,merged,supply,607.32,608.48,5,pivot
2025-01-23T16:00:00Z,1086,age_expired,demand,597.28,598.0800298458578,3,
2025-01-23T16:00:00Z,1104,rejection,demand,604.61,606.41,3,
2025-01-23T17:00:00Z,1089,touch,supply,607.32,608.48,5,
2025-01-23T17:00:00Z,1089,rejection,supply,607.32,608.48,5,
2025-01-23T17:00:00Z,1090,rejection,demand,605.96,607.18,5,
2025-01-23T17:00:00Z,1104,rejection,demand,604.61,606.41,3,
2025-01-23T18:00:00Z,1090,rejection,demand,605.96,607.18,5,
2025-01-23T18:00:00Z,1128,created,demand,605.52,605.8,1,pivot
2025-01-23T21:00:00Z,1089,broken,supply,607.32,608.48,5,
2025-01-23T21:00:00Z,1092,broken,supply,608.9337781718554,609.07,2,
2025-01-23T21:00:00Z,1112,broken_zone_expired,supply,584.32,585.36,4,
2025-01-23T21:00:00Z,1128,volume_confluence,demand,605.52,605.8,2,VAL:2025-01-23:606.135417
2025-01-23T21:00:00Z,1128,qualified,demand,605.52,605.8,2,pivot|volume_profile
2025-01-24T16:00:00Z,1092,role_flip_retest,demand,608.9337781718554,609.07,3,
2025-01-24T18:00:00Z,1092,broken,demand,608.9337781718554,609.07,3,
2025-01-24T18:00:00Z,1129,created,supply,610.33,610.78,1,pivot
2025-01-24T20:00:00Z,1090,touch,demand,605.96,607.18,5,
2025-01-24T20:00:00Z,1090,rejection,demand,605.96,607.18,5,
2025-01-24T21:00:00Z,1090,rejection,demand,605.96,607.18,5,
2025-01-27T15:30:00Z,1090,broken,demand,605.96,607.18,5,
2025-01-27T15:30:00Z,1104,broken,demand,604.61,606.41,3,
2025-01-27T15:30:00Z,1117,broken,demand,599.3815844214677,599.7,3,
2025-01-27T15:30:00Z,1128,broken,demand,605.52,605.8,2,
2025-01-27T16:00:00Z,1117,role_flip_retest,supply,599.3815844214677,599.7,3,
2025-01-27T18:00:00Z,1130,created,demand,594.64,594.9148488118815,1,pivot
2025-01-27T21:00:00Z,1117,touch,supply,599.3815844214677,599.7,3,
2025-01-27T21:00:00Z,1124,broken_zone_expired,supply,591.95,592.97,3,
2025-01-27T21:00:00Z,1125,broken_zone_expired,supply,593.51,594.35,2,
2025-01-28T15:30:00Z,1117,rejection,supply,599.3815844214677,599.7,3,
2025-01-28T16:00:00Z,1088,role_flip_retest,demand,601.84,602.978688370674,4,
2025-01-28T16:00:00Z,1117,broken,supply,599.3815844214677,599.7,3,
2025-01-28T17:00:00Z,1088,age_expired,demand,601.84,602.978688370674,4,
2025-01-28T19:00:00Z,1104,role_flip_retest,supply,604.61,606.41,3,
2025-01-28T20:00:00Z,1087,role_flip_retest,demand,603.93,604.66,4,
2025-01-28T21:00:00Z,1087,age_expired,demand,603.93,604.66,4,
2025-01-28T21:00:00Z,1104,rejection,supply,604.61,606.41,3,
2025-01-29T17:00:00Z,1104,merged,supply,604.61,606.41,4,pivot
2025-01-29T19:00:00Z,1117,role_flip_retest,demand,599.3815844214677,599.7,3,
2025-01-29T20:00:00Z,1117,rejection,demand,599.3815844214677,599.7,3,
2025-01-30T15:30:00Z,1090,role_flip_retest,supply,605.96,607.18,5,
2025-01-30T15:30:00Z,1104,touch,supply,604.61,606.41,4,
2025-01-30T15:30:00Z,1128,role_flip_retest,supply,605.52,605.8,3,
2025-01-30T16:00:00Z,1090,age_expired,supply,605.96,607.18,5,
2025-01-30T16:00:00Z,1104,rejection,supply,604.61,606.41,4,
2025-01-30T16:00:00Z,1117,merged,demand,599.22,600.6317565409583,4,pivot
2025-01-30T18:00:00Z,1104,merged,supply,604.61,606.41,5,pivot
2025-01-30T19:00:00Z,1104,touch,supply,604.61,606.41,5,
2025-01-30T20:00:00Z,1128,touch,supply,605.52,605.8,3,
2025-01-30T21:00:00Z,1128,rejection,supply,605.52,605.8,3,
2025-01-31T15:30:00Z,1104,broken,supply,604.61,606.41,5,
2025-01-31T15:30:00Z,1128,broken,supply,605.52,605.8,3,
2025-01-31T15:30:00Z,1129,volume_confluence,supply,610.33,610.78,2,VAH:2025-01-24:609.536250
2025-01-31T15:30:00Z,1129,qualified,supply,610.33,610.78,2,pivot|volume_profile
2025-01-31T16:00:00Z,1089,role_flip_retest,demand,607.32,608.48,5,
2025-01-31T17:00:00Z,1089,age_expired,demand,607.32,608.48,5,
2025-01-31T17:00:00Z,1092,role_flip_retest,supply,608.9337781718554,609.07,3,
2025-01-31T18:00:00Z,1092,age_expired,supply,608.9337781718554,609.07,3,
2025-01-31T20:00:00Z,1129,merged,supply,609.46,610.78,3,pivot
2025-02-03T15:30:00Z,1111,touch,demand,590.76,592.03,4,
2025-02-03T15:30:00Z,1111,rejection,demand,590.76,592.03,4,
2025-02-03T15:30:00Z,1117,broken,demand,599.22,600.6317565409583,4,
2025-02-03T15:30:00Z,1130,broken,demand,594.64,594.9148488118815,1,
2025-02-03T16:00:00Z,1111,rejection,demand,590.76,592.03,4,
2025-02-03T17:00:00Z,1117,role_flip_retest,supply,599.22,600.6317565409583,4,
2025-02-03T19:00:00Z,1111,merged,demand,590.49,592.03,4,pivot
2025-02-03T20:00:00Z,1117,touch,supply,599.22,600.6317565409583,4,
2025-02-03T21:00:00Z,1117,rejection,supply,599.22,600.6317565409583,4,
2025-02-04T16:00:00Z,1117,touch,supply,599.22,600.6317565409583,4,
2025-02-04T17:00:00Z,1117,broken,supply,599.22,600.6317565409583,4,
2025-02-04T18:00:00Z,1117,role_flip_retest,demand,599.22,600.6317565409583,4,
2025-02-04T19:00:00Z,1117,rejection,demand,599.22,600.6317565409583,4,
2025-02-04T20:00:00Z,1117,rejection,demand,599.22,600.6317565409583,4,
2025-02-05T15:30:00Z,1117,touch,demand,599.22,600.6317565409583,4,
2025-02-05T16:00:00Z,1136,created,supply,601.48,602.3,1,pivot
2025-02-05T16:00:00Z,1136,volume_confluence,supply,601.48,602.3,2,VAL:2025-01-30:602.059792
2025-02-05T16:00:00Z,1136,qualified,supply,601.48,602.3,2,pivot|volume_profile
2025-02-05T17:00:00Z,1117,rejection,demand,599.22,600.6317565409583,4,
2025-02-05T17:00:00Z,1136,broken,supply,601.48,602.3,2,
2025-02-05T19:00:00Z,1136,role_flip_retest,demand,601.48,602.3,3,
2025-02-05T19:00:00Z,1117,merged,demand,598.58,600.6317565409583,4,pivot
2025-02-06T18:00:00Z,1138,created,supply,605.8559009757417,606.1,1,pivot
2025-02-06T19:00:00Z,1138,touch,supply,605.8559009757417,606.1,1,
2025-02-06T19:00:00Z,1138,rejection,supply,605.8559009757417,606.1,1,
2025-02-06T21:00:00Z,1128,role_flip_retest,demand,605.52,605.8,3,
2025-02-06T21:00:00Z,1138,broken,supply,605.8559009757417,606.1,1,
2025-02-06T21:00:00Z,1139,created,demand,602.63,604.7161502559992,1,order_block
2025-02-06T21:00:00Z,1139,volume_confluence,demand,602.63,604.7161502559992,2,POC:2025-01-30:603.286875
2025-02-06T21:00:00Z,1139,qualified,demand,602.63,604.7161502559992,2,order_block|volume_profile
2025-02-07T16:00:00Z,1128,broken,demand,605.52,605.8,3,
2025-02-07T16:00:00Z,1136,touch,demand,601.48,602.3,3,
2025-02-07T16:00:00Z,1136,rejection,demand,601.48,602.3,3,
2025-02-07T16:00:00Z,1139,touch,demand,602.63,604.7161502559992,2,
2025-02-07T17:00:00Z,1139,broken,demand,602.63,604.7161502559992,2,
2025-02-07T18:00:00Z,1139,role_flip_retest,supply,602.63,604.7161502559992,3,
2025-02-07T18:00:00Z,1140,created,supply,607.81,608.13,1,pivot
2025-02-07T18:00:00Z,1140,volume_confluence,supply,607.81,608.13,2,VAH:2025-01-31:607.918125
2025-02-07T18:00:00Z,1140,qualified,supply,607.81,608.13,2,pivot|volume_profile
2025-02-07T19:00:00Z,1136,broken,demand,601.48,602.3,3,
2025-02-07T19:00:00Z,1139,rejection,supply,602.63,604.7161502559992,3,
2025-02-07T20:00:00Z,1117,touch,demand,598.58,600.6317565409583,4,
2025-02-07T20:00:00Z,1117,rejection,demand,598.58,600.6317565409583,4,
2025-02-07T20:00:00Z,1136,role_flip_retest,supply,601.48,602.3,3,
2025-02-07T21:00:00Z,1104,broken_zone_expired,supply,604.61,606.41,5,
2025-02-07T21:00:00Z,1117,rejection,demand,598.58,600.6317565409583,4,
2025-02-10T15:30:00Z,1136,broken,supply,601.48,602.3,3,
2025-02-10T15:30:00Z,1139,touch,supply,602.63,604.7161502559992,3,
2025-02-10T16:00:00Z,1139,broken,supply,602.63,604.7161502559992,3,
2025-02-10T17:00:00Z,1117,merged,demand,598.58,600.78,4,pivot
2025-02-10T19:00:00Z,1139,role_flip_retest,demand,602.63,604.7161502559992,3,
2025-02-10T19:00:00Z,1142,created,supply,604.87,605.33,1,pivot
2025-02-10T19:00:00Z,1142,volume_confluence,supply,604.87,605.33,2,POC:2025-02-06:605.103542
2025-02-10T19:00:00Z,1142,qualified,supply,604.87,605.33,2,pivot|volume_profile
2025-02-10T20:00:00Z,1139,rejection,demand,602.63,604.7161502559992,3,
2025-02-10T20:00:00Z,1142,touch,supply,604.87,605.33,2,
2025-02-10T21:00:00Z,1130,broken_zone_expired,demand,594.64,594.9148488118815,1,
2025-02-10T21:00:00Z,1139,rejection,demand,602.63,604.7161502559992,3,
2025-02-10T21:00:00Z,1142,rejection,supply,604.87,605.33,2,
2025-02-11T16:00:00Z,1142,touch,supply,604.87,605.33,2,
2025-02-11T16:00:00Z,1142,rejection,supply,604.87,605.33,2,
2025-02-11T16:00:00Z,1142,merged,supply,604.87,605.5,3,pivot
2025-02-11T17:00:00Z,1142,rejection,supply,604.87,605.5,3,
2025-02-11T18:00:00Z,1144,created,demand,602.43,602.6564054306834,1,pivot
2025-02-11T18:00:00Z,1144,volume_confluence,demand,602.43,602.6564054306834,2,POC:2025-02-05:602.801875
2025-02-11T18:00:00Z,1144,qualified,demand,602.43,602.6564054306834,2,pivot|volume_profile
2025-02-11T19:00:00Z,1142,touch,supply,604.87,605.5,3,
2025-02-11T19:00:00Z,1142,rejection,supply,604.87,605.5,3,
2025-02-11T20:00:00Z,1128,role_flip_retest,supply,605.52,605.8,3,
2025-02-11T20:00:00Z,1139,rejection,demand,602.63,604.7161502559992,3,
2025-02-11T21:00:00Z,1128,rejection,supply,605.52,605.8,3,
2025-02-11T21:00:00Z,1139,rejection,demand,602.63,604.7161502559992,3,
2025-02-12T15:30:00Z,1117,touch,demand,598.58,600.78,4,
2025-02-12T15:30:00Z,1117,rejection,demand,598.58,600.78,4,
2025-02-12T15:30:00Z,1139,broken,demand,602.63,604.7161502559992,3,
2025-02-12T15:30:00Z,1144,broken,demand,602.43,602.6564054306834,2,
2025-02-12T16:00:00Z,1117,rejection,demand,598.58,600.78,4,
2025-02-12T16:00:00Z,1136,role_flip_retest,demand,601.48,602.3,3,
2025-02-12T16:00:00Z,1139,role_flip_retest,supply,602.63,604.7161502559992,3,
2025-02-12T16:00:00Z,1128,merged,supply,605.41,605.86,4,pivot
2025-02-12T17:00:00Z,1117,rejection,demand,598.58,600.78,4,
2025-02-12T17:00:00Z,1136,rejection,demand,601.48,602.3,3,
2025-02-12T18:00:00Z,1117,merged,demand,598.51,600.78,4,pivot
2025-02-13T15:30:00Z,1139,broken,supply,602.63,604.7161502559992,3,
2025-02-13T15:30:00Z,1142,touch,supply,604.87,605.5,3,
2025-02-13T15:30:00Z,1142,rejection,supply,604.87,605.5,3,
2025-02-13T16:00:00Z,1128,broken,supply,605.41,605.86,4,
2025-02-13T16:00:00Z,1138,role_flip_retest,demand,605.8559009757417,606.1,2,
2025-02-13T16:00:00Z,1139,role_flip_retest,demand,602.63,604.7161502559992,3,
2025-02-13T16:00:00Z,1142,broken,supply,604.87,605.5,3,
2025-02-13T16:00:00Z,1138,volume_confluence,demand,605.8559009757417,606.1,3,VAH:2025-02-06:606.061042
2025-02-13T16:00:00Z,1138,qualified,demand,605.8559009757417,606.1,3,pivot|role_flip|volume_profile
2025-02-13T17:00:00Z,1107,age_expired,demand,580.5,581.9,4,
2025-02-13T17:00:00Z,1128,role_flip_retest,demand,605.41,605.86,4,
2025-02-13T18:00:00Z,1128,rejection,demand,605.41,605.86,4,
2025-02-13T18:00:00Z,1138,rejection,demand,605.8559009757417,606.1,3,
2025-02-13T19:00:00Z,1128,rejection,demand,605.41,605.86,4,
2025-02-13T19:00:00Z,1138,rejection,demand,605.8559009757417,606.1,3,
2025-02-13T19:00:00Z,1142,role_flip_retest,demand,604.87,605.5,4,
2025-02-13T19:00:00Z,1140,merged,supply,607.09,608.13,3,pivot
2025-02-13T20:00:00Z,1140,broken,supply,607.09,608.13,3,
2025-02-13T21:00:00Z,1129,touch,supply,609.46,610.78,3,
2025-02-14T19:00:00Z,1129,merged,supply,609.46,610.99,3,pivot
2025-02-18T18:00:00Z,1149,created,supply,610.8185495750307,611.0,1,pivot
2025-02-18T21:00:00Z,1129,broken,supply,609.46,610.99,3,
2025-02-18T21:00:00Z,1149,broken,supply,610.8185495750307,611.0,1,
2025-02-19T16:00:00Z,1150,created,demand,608.38,609.2141432979776,1,pivot
2025-02-19T16:00:00Z,1150,volume_confluence,demand,608.38,609.2141432979776,2,POC:2025-02-13:608.957083
2025-02-19T16:00:00Z,1150,qualified,demand,608.38,609.2141432979776,2,pivot|volume_profile
2025-02-19T17:00:00Z,1129,role_flip_retest,demand,609.46,610.99,4,
2025-02-19T17:00:00Z,1149,role_flip_retest,demand,610.8185495750307,611.0,2,
2025-02-19T17:00:00Z,1149,volume_confluence,demand,610.8185495750307,611.0,3,VAH:2025-02-18:610.817500
2025-02-19T17:00:00Z,1149,qualified,demand,610.8185495750307,611.0,3,pivot|role_flip|volume_profile
2025-02-19T18:00:00Z,1129,rejection,demand,609.46,610.99,4,
2025-02-19T18:00:00Z,1149,rejection,demand,610.8185495750307,611.0,3,
2025-02-19T19:00:00Z,1129,rejection,demand,609.46,610.99,4,
2025-02-19T19:00:00Z,1149,rejection,demand,610.8185495750307,611.0,3,
2025-02-20T15:30:00Z,1129,broken,demand,609.46,610.99,4,
2025-02-20T15:30:00Z,1149,broken,demand,610.8185495750307,611.0,3,
2025-02-20T15:30:00Z,1150,touch,demand,608.38,609.2141432979776,2,
2025-02-20T16:00:00Z,1129,role_flip_retest,supply,609.46,610.99,4,
2025-02-20T16:00:00Z,1150,broken,demand,608.38,609.2141432979776,2,
2025-02-20T16:00:00Z,1151,created,supply,613.0170607538693,613.23,1,pivot
2025-02-20T16:00:00Z,1151,volume_confluence,supply,613.0170607538693,613.23,2,VAH:2025-02-19:613.153542
2025-02-20T16:00:00Z,1151,qualified,supply,613.0170607538693,613.23,2,pivot|volume_profile
2025-02-20T17:00:00Z,1111,age_expired,demand,590.49,592.03,4,
2025-02-20T17:00:00Z,1150,role_flip_retest,supply,608.38,609.2141432979776,3,
2025-02-20T18:00:00Z,1150,rejection,supply,608.38,609.2141432979776,3,
2025-02-20T19:00:00Z,1140,role_flip_retest,demand,607.09,608.13,4,
2025-02-20T19:00:00Z,1140,merged,demand,607.02,608.13,4,pivot
2025-02-20T20:00:00Z,1129,touch,supply,609.46,610.99,4,
2025-02-20T20:00:00Z,1150,broken,supply,608.38,609.2141432979776,3,
2025-02-20T21:00:00Z,1144,broken_zone_expired,demand,602.43,602.6564054306834,2,
2025-02-21T15:30:00Z,1129,rejection,supply,609.46,610.99,4,
2025-02-21T16:00:00Z,1128,touch,demand,605.41,605.86,4,
2025-02-21T16:00:00Z,1128,rejection,demand,605.41,605.86,4,
2025-02-21T16:00:00Z,1138,touch,demand,605.8559009757417,606.1,3,
2025-02-21T16:00:00Z,1138,rejection,demand,605.8559009757417,606.1,3,
2025-02-21T16:00:00Z,1140,broken,demand,607.02,608.13,4,
2025-02-21T17:00:00Z,1140,role_flip_retest,supply,607.02,608.13,4,
2025-02-21T17:00:00Z,1129,merged,supply,609.46,610.99,4,pivot
2025-02-21T18:00:00Z,1128,broken,demand,605.41,605.86,4,
2025-02-21T18:00:00Z,1138,broken,demand,605.8559009757417,606.1,3,
2025-02-21T18:00:00Z,1139,touch,demand,602.63,604.7161502559992,3,
2025-02-21T18:00:00Z,1140,rejection,supply,607.02,608.13,4,
2025-02-21T18:00:00Z,1142,broken,demand,604.87,605.5,4,
2025-02-21T18:00:00Z,1129,merged,supply,609.46,610.99,5,order_block
2025-02-21T19:00:00Z,1136,touch,demand,601.48,602.3,3,
2025-02-21T19:00:00Z,1139,broken,demand,602.63,604.7161502559992,3,
2025-02-21T20:00:00Z,1117,touch,demand,598.51,600.78,4,
2025-02-21T20:00:00Z,1136,broken,demand,601.48,602.3,3,
2025-02-24T15:30:00Z,1136,role_flip_retest,supply,601.48,602.3,3,
2025-02-24T15:30:00Z,1139,role_flip_retest,supply,602.63,604.7161502559992,3,
2025-02-24T16:00:00Z,1117,broken,demand,598.51,600.78,4,
2025-02-24T18:00:00Z,1136,touch,supply,601.48,602.3,3,
2025-02-24T18:00:00Z,1136,rejection,supply,601.48,602.3,3,
2025-02-24T19:00:00Z,1136,rejection,supply,601.48,602.3,3,
2025-02-24T19:00:00Z,1155,created,demand,596.49,597.6888573978865,1,pivot
2025-02-24T21:00:00Z,1117,role_flip_retest,supply,598.51,600.78,4,
2025-02-24T21:00:00Z,1155,touch,demand,596.49,597.6888573978865,1,
2025-02-24T21:00:00Z,1155,volume_confluence,demand,596.49,597.6888573978865,2,VAL:2025-02-24:596.626250
2025-02-24T21:00:00Z,1155,qualified,demand,596.49,597.6888573978865,2,pivot|volume_profile
2025-02-25T15:30:00Z,1155,broken,demand,596.49,597.6888573978865,2,
2025-02-25T20:00:00Z,1156,created,demand,589.56,591.0132528571366,1,pivot
2025-02-25T21:00:00Z,1155,role_flip_retest,supply,596.49,597.6888573978865,3,
2025-02-26T16:00:00Z,1117,touch,supply,598.51,600.78,4,
2025-02-26T16:00:00Z,1155,broken,supply,596.49,597.6888573978865,3,
2025-02-26T17:00:00Z,1117,rejection,supply,598.51,600.78,4,
2025-02-26T18:00:00Z,1117,rejection,supply,598.51,600.78,4,
2025-02-26T20:00:00Z,1117,merged,supply,598.51,600.78,4,pivot
2025-02-27T16:00:00Z,1117,age_expired,supply,598.51,600.78,4,
2025-02-27T16:00:00Z,1156,touch,demand,589.56,591.0132528571366,1,
2025-02-27T16:00:00Z,1156,rejection,demand,589.56,591.0132528571366,1,
2025-02-27T19:00:00Z,1156,merged,demand,589.56,592.2676664437001,2,pivot
2025-02-27T19:00:00Z,1156,qualified,demand,589.56,592.2676664437001,2,pivot|repeated_pivot
2025-02-27T19:00:00Z,1156,volume_confluence,demand,589.56,592.2676664437001,3,VAL:2025-02-26:592.011042
2025-02-27T20:00:00Z,1156,broken,demand,589.56,592.2676664437001,3,
2025-02-27T20:00:00Z,1159,created,supply,593.44,595.16,1,order_block
2025-02-27T20:00:00Z,1159,volume_confluence,supply,593.44,595.16,2,POC:2025-02-25:593.551458
2025-02-27T20:00:00Z,1159,qualified,supply,593.44,595.16,2,order_block|volume_profile
2025-02-27T21:00:00Z,1149,broken_zone_expired,demand,610.8185495750307,611.0,3,
2025-02-27T21:00:00Z,1159,merged,supply,593.44,595.16,2,order_block
2025-02-28T18:00:00Z,1161,created,demand,583.27,585.1990685129136,1,pivot
2025-02-28T19:00:00Z,1150,broken_zone_expired,supply,608.38,609.2141432979776,3,
2025-02-28T19:00:00Z,1161,touch,demand,583.27,585.1990685129136,1,
2025-02-28T20:00:00Z,1161,rejection,demand,583.27,585.1990685129136,1,
2025-02-28T21:00:00Z,1159,touch,supply,593.44,595.16,2,
2025-02-28T21:00:00Z,1161,volume_confluence,demand,583.27,585.1990685129136,2,VAL:2025-02-28:583.207500
2025-02-28T21:00:00Z,1161,qualified,demand,583.27,585.1990685129136,2,pivot|volume_profile
2025-03-03T15:30:00Z,1159,rejection,supply,593.44,595.16,2,
2025-03-03T15:30:00Z,1161,merged,demand,582.44,585.1990685129136,3,pivot
2025-03-03T16:00:00Z,1159,rejection,supply,593.44,595.16,2,
2025-03-03T17:00:00Z,1128,broken_zone_expired,demand,605.41,605.86,4,
2025-03-03T17:00:00Z,1138,broken_zone_expired,demand,605.8559009757417,606.1,3,
2025-03-03T17:00:00Z,1142,broken_zone_expired,demand,604.87,605.5,4,
2025-03-03T17:00:00Z,1159,rejection,supply,593.44,595.16,2,
2025-03-03T18:00:00Z,1159,rejection,supply,593.44,595.16,2,
2025-03-03T18:00:00Z,1163,created,supply,596.18,597.34,1,pivot
2025-03-03T18:00:00Z,1163,volume_confluence,supply,596.18,597.34,2,VAL:2025-02-24:596.626250
2025-03-03T18:00:00Z,1163,qualified,supply,596.18,597.34,2,pivot|volume_profile
2025-03-03T19:00:00Z,1156,role_flip_retest,supply,589.56,592.2676664437001,4,
2025-03-03T20:00:00Z,1156,rejection,supply,589.56,592.2676664437001,4,
2025-03-03T21:00:00Z,1161,touch,demand,582.44,585.1990685129136,3,
2025-03-04T15:30:00Z,1120,broken,demand,578.35,579.12,4,
2025-03-04T15:30:00Z,1121,touch,demand,575.35,575.77,1,
2025-03-04T15:30:00Z,1161,broken,demand,582.44,585.1990685129136,3,
2025-03-04T16:00:00Z,1121,broken,demand,575.35,575.77,1,
2025-03-04T18:00:00Z,1120,role_flip_retest,supply,578.35,579.12,4,
2025-03-04T19:00:00Z,1120,age_expired,supply,578.35,579.12,4,
2025-03-04T19:00:00Z,1164,created,demand,572.25,574.09,1,pivot
2025-03-04T21:00:00Z,1161,role_flip_retest,supply,582.44,585.1990685129136,4,
2025-03-04T21:00:00Z,1164,volume_confluence,demand,572.25,574.09,2,VAL:2025-03-04:573.618750
2025-03-04T21:00:00Z,1164,qualified,demand,572.25,574.09,2,pivot|volume_profile
2025-03-05T17:00:00Z,1164,touch,demand,572.25,574.09,2,
2025-03-05T17:00:00Z,1164,rejection,demand,572.25,574.09,2,
2025-03-05T17:00:00Z,1161,merged,supply,582.44,585.39,4,pivot
2025-03-05T20:00:00Z,1161,touch,supply,582.44,585.39,4,
2025-03-05T20:00:00Z,1164,merged,demand,572.25,575.5364975072032,3,pivot
2025-03-06T15:30:00Z,1121,role_flip_retest,supply,575.35,575.77,2,
2025-03-06T15:30:00Z,1155,broken_zone_expired,supply,596.49,597.6888573978865,3,
2025-03-06T15:30:00Z,1164,touch,demand,572.25,575.5364975072032,3,
2025-03-06T15:30:00Z,1121,volume_confluence,supply,575.35,575.77,3,POC:2025-03-04:575.808750
2025-03-06T15:30:00Z,1121,qualified,supply,575.35,575.77,3,pivot|role_flip|volume_profile
2025-03-06T16:00:00Z,1121,age_expired,supply,575.35,575.77,3,
2025-03-06T16:00:00Z,1164,rejection,demand,572.25,575.5364975072032,3,
2025-03-06T17:00:00Z,1161,merged,supply,582.44,585.39,4,pivot
2025-03-06T20:00:00Z,1164,broken,demand,572.25,575.5364975072032,3,
2025-03-07T16:00:00Z,1164,role_flip_retest,supply,572.25,575.5364975072032,4,
2025-03-07T18:00:00Z,1164,touch,supply,572.25,575.5364975072032,4,
2025-03-07T18:00:00Z,1164,rejection,supply,572.25,575.5364975072032,4,
2025-03-07T20:00:00Z,1168,created,demand,565.63,567.1,1,pivot
2025-03-07T21:00:00Z,1164,broken,supply,572.25,575.5364975072032,4,
2025-03-10T14:30:00Z,1168,touch,demand,565.63,567.1,1,
2025-03-10T14:30:00Z,1168,rejection,demand,565.63,567.1,1,
2025-03-10T15:00:00Z,1168,broken,demand,565.63,567.1,1,
2025-03-10T16:00:00Z,1168,role_flip_retest,supply,565.63,567.1,2,
2025-03-10T16:00:00Z,1169,created,supply,575.85,577.39,1,pivot
2025-03-10T16:00:00Z,1169,volume_confluence,supply,575.85,577.39,2,VAL:2025-03-05:577.252708
2025-03-10T16:00:00Z,1169,qualified,supply,575.85,577.39,2,pivot|volume_profile
2025-03-10T20:00:00Z,1168,volume_confluence,supply,565.63,567.1,3,VAH:2025-03-10:565.180625
2025-03-10T20:00:00Z,1168,qualified,supply,565.63,567.1,3,pivot|role_flip|volume_profile
2025-03-12T14:30:00Z,1170,created,demand,552.02,554.28,1,pivot
2025-03-12T14:30:00Z,1170,volume_confluence,demand,552.02,554.28,2,VAL:2025-03-11:554.270000
2025-03-12T14:30:00Z,1170,qualified,demand,552.02,554.28,2,pivot|volume_profile
2025-03-12T16:00:00Z,1170,touch,demand,552.02,554.28,2,
2025-03-12T16:00:00Z,1170,rejection,demand,552.02,554.28,2,
2025-03-12T16:00:00Z,1171,created,supply,561.55,564.02,1,pivot
2025-03-12T16:00:00Z,1171,volume_confluence,supply,561.55,564.02,2,POC:2025-03-10:563.436875
2025-03-12T16:00:00Z,1171,qualified,supply,561.55,564.02,2,pivot|volume_profile
2025-03-12T18:00:00Z,1171,touch,supply,561.55,564.02,2,
2025-03-12T18:00:00Z,1171,rejection,supply,561.55,564.02,2,
2025-03-12T19:00:00Z,1171,rejection,supply,561.55,564.02,2,
2025-03-13T16:00:00Z,1170,touch,demand,552.02,554.28,2,
2025-03-13T18:00:00Z,1170,broken,demand,552.02,554.28,2,
2025-03-13T20:00:00Z,1170,role_flip_retest,supply,552.02,554.28,3,
2025-03-14T14:30:00Z,1170,broken,supply,552.02,554.28,3,
2025-03-14T14:30:00Z,1172,created,demand,549.68,550.2674858661596,1,pivot
2025-03-14T14:30:00Z,1172,volume_confluence,demand,549.68,550.2674858661596,2,VAL:2025-03-13:550.269375
2025-03-14T14:30:00Z,1172,qualified,demand,549.68,550.2674858661596,2,pivot|volume_profile
2025-03-14T16:00:00Z,1171,touch,supply,561.55,564.02,2,
2025-03-14T18:00:00Z,1171,rejection,supply,561.55,564.02,2,
2025-03-14T20:00:00Z,1129,age_expired,supply,609.46,610.99,5,
2025-03-17T14:30:00Z,1168,touch,supply,565.63,567.1,3,
2025-03-17T14:30:00Z,1171,broken,supply,561.55,564.02,2,
2025-03-17T15:00:00Z,1168,rejection,supply,565.63,567.1,3,
2025-03-17T17:00:00Z,1171,role_flip_retest,demand,561.55,564.02,3,
2025-03-17T17:00:00Z,1168,merged,supply,565.63,567.1,4,pivot
2025-03-17T18:00:00Z,1168,touch,supply,565.63,567.1,4,
2025-03-17T18:00:00Z,1171,rejection,demand,561.55,564.02,3,
2025-03-17T19:00:00Z,1164,broken_zone_expired,supply,572.25,575.5364975072032,4,
2025-03-17T19:00:00Z,1168,broken,supply,565.63,567.1,4,
2025-03-18T14:30:00Z,1171,broken,demand,561.55,564.02,3,
2025-03-18T15:00:00Z,1171,role_flip_retest,supply,561.55,564.02,3,
2025-03-18T15:00:00Z,1174,created,supply,569.2,569.71,1,pivot
2025-03-18T15:00:00Z,1174,volume_confluence,supply,569.2,569.71,2,VAH:2025-03-17:569.250000
2025-03-18T15:00:00Z,1174,qualified,supply,569.2,569.71,2,pivot|volume_profile
2025-03-18T17:00:00Z,1171,touch,supply,561.55,564.02,3,
2025-03-18T17:00:00Z,1171,rejection,supply,561.55,564.02,3,
2025-03-18T18:00:00Z,1171,rejection,supply,561.55,564.02,3,
2025-03-18T19:00:00Z,1171,rejection,supply,561.55,564.02,3,
2025-03-18T19:00:00Z,1175,created,demand,559.06,559.61,1,pivot
2025-03-18T19:00:00Z,1175,volume_confluence,demand,559.06,559.61,2,VAL:2025-03-14:559.838542
2025-03-18T19:00:00Z,1175,qualified,demand,559.06,559.61,2,pivot|volume_profile
2025-03-18T20:00:00Z,1171,rejection,supply,561.55,564.02,3,
2025-03-19T16:00:00Z,1171,broken,supply,561.55,564.02,3,
2025-03-19T19:00:00Z,1168,role_flip_retest,demand,565.63,567.1,4,
2025-03-19T19:00:00Z,1171,role_flip_retest,demand,561.55,564.02,3,
2025-03-19T19:00:00Z,1176,created,demand,562.72,564.95,1,order_block
2025-03-19T19:00:00Z,1176,volume_confluence,demand,562.72,564.95,2,VAH:2025-03-14:563.656458
2025-03-19T19:00:00Z,1176,qualified,demand,562.72,564.95,2,order_block|volume_profile
2025-03-19T20:00:00Z,1174,touch,supply,569.2,569.71,2,
2025-03-19T20:00:00Z,1174,rejection,supply,569.2,569.71,2,
2025-03-20T14:30:00Z,1171,touch,demand,561.55,564.02,3,
2025-03-20T14:30:00Z,1171,rejection,demand,561.55,564.02,3,
2025-03-20T14:30:00Z,1176,touch,demand,562.72,564.95,2,
2025-03-20T14:30:00Z,1176,rejection,demand,562.72,564.95,2,
2025-03-20T15:00:00Z,1168,rejection,demand,565.63,567.1,4,
2025-03-20T15:00:00Z,1174,touch,supply,569.2,569.71,2,
2025-03-20T16:00:00Z,1174,rejection,supply,569.2,569.71,2,
2025-03-20T16:00:00Z,1174,merged,supply,569.1113283367962,570.95,3,pivot
2025-03-20T17:00:00Z,1168,touch,demand,565.63,567.1,4,
2025-03-20T17:00:00Z,1174,rejection,supply,569.1113283367962,570.95,3,
2025-03-20T18:00:00Z,1168,broken,demand,565.63,567.1,4,
2025-03-20T18:00:00Z,1176,touch,demand,562.72,564.95,2,
2025-03-20T18:00:00Z,1176,rejection,demand,562.72,564.95,2,
2025-03-20T19:00:00Z,1168,role_flip_retest,supply,565.63,567.1,4,
2025-03-20T19:00:00Z,1171,touch,demand,561.55,564.02,3,
2025-03-20T19:00:00Z,1171,rejection,demand,561.55,564.02,3,
2025-03-20T20:00:00Z,1176,rejection,demand,562.72,564.95,2,
2025-03-21T14:30:00Z,1171,broken,demand,561.55,564.02,3,
2025-03-21T14:30:00Z,1175,touch,demand,559.06,559.61,2,
2025-03-21T14:30:00Z,1175,rejection,demand,559.06,559.61,2,
2025-03-21T14:30:00Z,1176,broken,demand,562.72,564.95,2,
2025-03-21T15:00:00Z,1175,rejection,demand,559.06,559.61,2,
2025-03-21T16:00:00Z,1171,role_flip_retest,supply,561.55,564.02,3,
2025-03-21T17:00:00Z,1175,rejection,demand,559.06,559.61,2,
2025-03-21T18:00:00Z,1175,merged,demand,558.03,559.85,3,pivot
2025-03-21T19:00:00Z,1176,role_flip_retest,supply,562.72,564.95,3,
2025-03-21T20:00:00Z,1170,broken_zone_expired,supply,552.02,554.28,3,
2025-03-21T20:00:00Z,1171,broken,supply,561.55,564.02,3,
2025-03-24T14:30:00Z,1168,broken,supply,565.63,567.1,4,
2025-03-24T14:30:00Z,1174,broken,supply,569.1113283367962,570.95,3,
2025-03-24T14:30:00Z,1176,broken,supply,562.72,564.95,3,
2025-03-25T15:00:00Z,1169,touch,supply,575.85,577.39,2,
2025-03-25T16:00:00Z,1169,rejection,supply,575.85,577.39,2,
2025-03-25T18:00:00Z,1169,merged,supply,575.85,577.39,3,pivot
2025-03-26T14:30:00Z,1169,touch,supply,575.85,577.39,3,
2025-03-26T14:30:00Z,1169,rejection,supply,575.85,577.39,3,
2025-03-26T17:00:00Z,1169,merged,supply,575.19,577.39,3,pivot
2025-03-26T18:00:00Z,1136,age_expired,supply,601.48,602.3,3,
2025-03-27T14:30:00Z,1168,role_flip_retest,demand,565.63,567.1,4,
2025-03-27T14:30:00Z,1176,role_flip_retest,demand,562.72,564.95,3,
2025-03-27T17:00:00Z,1168,touch,demand,565.63,567.1,4,
2025-03-27T17:00:00Z,1168,merged,demand,564.94,567.1,4,pivot
2025-03-27T19:00:00Z,1168,rejection,demand,564.94,567.1,4,
2025-03-27T19:00:00Z,1182,created,supply,570.5879299202287,570.9,1,pivot
2025-03-28T14:30:00Z,1168,broken,demand,564.94,567.1,4,
2025-03-28T14:30:00Z,1176,touch,demand,562.72,564.95,3,
2025-03-28T15:00:00Z,1175,touch,demand,558.03,559.85,3,
2025-03-28T15:00:00Z,1176,broken,demand,562.72,564.95,3,
2025-03-28T15:00:00Z,1183,created,supply,566.65,569.19,1,order_block
2025-03-28T15:00:00Z,1183,volume_confluence,supply,566.65,569.19,2,VAH:2025-03-20:567.747292
2025-03-28T15:00:00Z,1183,qualified,supply,566.65,569.19,2,order_block|volume_profile
2025-03-28T16:00:00Z,1139,age_expired,supply,602.63,604.7161502559992,3,
2025-03-28T17:00:00Z,1175,broken,demand,558.03,559.85,3,
2025-03-28T20:00:00Z,1140,age_expired,supply,607.02,608.13,4,
2025-03-31T14:30:00Z,1172,touch,demand,549.68,550.2674858661596,2,
2025-03-31T15:00:00Z,1172,rejection,demand,549.68,550.2674858661596,2,
2025-03-31T17:00:00Z,1184,created,demand,546.87,548.5073584292953,1,pivot
2025-03-31T19:00:00Z,1171,broken_zone_expired,supply,561.55,564.02,3,
2025-03-31T20:00:00Z,1174,broken_zone_expired,supply,569.1113283367962,570.95,3,
2025-04-01T14:30:00Z,1175,role_flip_retest,supply,558.03,559.85,4,
2025-04-01T16:00:00Z,1175,broken,supply,558.03,559.85,4,
2025-04-01T17:00:00Z,1175,role_flip_retest,demand,558.03,559.85,4,
2025-04-01T17:00:00Z,1176,role_flip_retest,supply,562.72,564.95,3,
2025-04-01T19:00:00Z,1175,broken,demand,558.03,559.85,4,
2025-04-01T20:00:00Z,1185,created,supply,561.59,562.94,1,pivot
2025-04-01T20:00:00Z,1185,volume_confluence,supply,561.59,562.94,2,VAH:2025-04-01:561.589583
2025-04-01T20:00:00Z,1185,qualified,supply,561.59,562.94,2,pivot|volume_profile
2025-04-02T15:00:00Z,1185,touch,supply,561.59,562.94,2,
2025-04-02T15:00:00Z,1182,volume_confluence,supply,570.5879299202287,570.9,2,VAH:2025-03-27:569.534167
2025-04-02T15:00:00Z,1182,qualified,supply,570.5879299202287,570.9,2,pivot|volume_profile
2025-04-02T16:00:00Z,1176,touch,supply,562.72,564.95,3,
2025-04-02T16:00:00Z,1176,rejection,supply,562.72,564.95,3,
2025-04-02T17:00:00Z,1176,broken,supply,562.72,564.95,3,
2025-04-02T17:00:00Z,1185,broken,supply,561.59,562.94,2,
2025-04-02T17:00:00Z,1186,created,demand,554.81,555.2340026184121,1,pivot
2025-04-02T17:00:00Z,1186,volume_confluence,demand,554.81,555.2340026184121,2,VAL:2025-03-28:555.303333
2025-04-02T17:00:00Z,1186,qualified,demand,554.81,555.2340026184121,2,pivot|volume_profile
2025-04-02T18:00:00Z,1168,role_flip_retest,supply,564.94,567.1,4,
2025-04-02T18:00:00Z,1183,touch,supply,566.65,569.19,2,
2025-04-02T18:00:00Z,1183,rejection,supply,566.65,569.19,2,
2025-04-02T20:00:00Z,1168,touch,supply,564.94,567.1,4,
2025-04-02T20:00:00Z,1168,rejection,supply,564.94,567.1,4,
2025-04-02T20:00:00Z,1185,role_flip_retest,demand,561.59,562.94,3,
2025-04-03T14:30:00Z,1172,broken,demand,549.68,550.2674858661596,2,
2025-04-03T14:30:00Z,1184,broken,demand,546.87,548.5073584292953,1,
2025-04-03T14:30:00Z,1185,broken,demand,561.59,562.94,3,
2025-04-03T14:30:00Z,1186,broken,demand,554.81,555.2340026184121,2,
2025-04-03T14:30:00Z,1168,merged,supply,564.94,567.42,4,pivot
2025-04-03T19:00:00Z,1188,created,demand,539.58,540.2,1,pivot
2025-04-03T20:00:00Z,1188,broken,demand,539.58,540.2,1,
2025-04-04T15:00:00Z,1189,created,supply,540.2,544.42,1,order_block
2025-04-04T15:00:00Z,1189,volume_confluence,supply,540.2,544.42,2,POC:2025-04-03:541.743125
2025-04-04T15:00:00Z,1189,qualified,supply,540.2,544.42,2,order_block|volume_profile
2025-04-07T17:00:00Z,1190,created,demand,481.8,487.2030366953266,1,pivot
2025-04-07T18:00:00Z,1191,created,supply,517.6119302114824,523.17,1,pivot
2025-04-07T18:00:00Z,1191,volume_confluence,supply,517.6119302114824,523.17,2,VAH:2025-04-04:517.632708
2025-04-07T18:00:00Z,1191,qualified,supply,517.6119302114824,523.17,2,pivot|volume_profile
2025-04-08T14:30:00Z,1191,touch,supply,517.6119302114824,523.17,2,
2025-04-08T16:00:00Z,1191,rejection,supply,517.6119302114824,523.17,2,
2025-04-08T18:00:00Z,1191,merged,supply,517.6119302114824,524.98,3,pivot
2025-04-08T20:00:00Z,1190,volume_confluence,demand,481.8,487.2030366953266,2,VAL:2025-04-08:489.906250
2025-04-08T20:00:00Z,1190,qualified,demand,481.8,487.2030366953266,2,pivot|volume_profile
2025-04-09T16:00:00Z,1193,created,demand,489.16,494.35111551949484,1,pivot
2025-04-09T16:00:00Z,1193,volume_confluence,demand,489.16,494.35111551949484,2,VAL:2025-04-07:493.004375
2025-04-09T16:00:00Z,1193,qualified,demand,489.16,494.35111551949484,2,pivot|volume_profile
2025-04-09T18:00:00Z,1151,age_expired,supply,613.0170607538693,613.23,2,
2025-04-09T18:00:00Z,1175,broken_zone_expired,demand,558.03,559.85,4,
2025-04-09T18:00:00Z,1191,broken,supply,517.6119302114824,524.98,3,
2025-04-09T18:00:00Z,1193,merged,demand,489.16,499.86,3,order_block
2025-04-09T19:00:00Z,1188,role_flip_retest,supply,539.58,540.2,2,
2025-04-09T19:00:00Z,1188,volume_confluence,supply,539.58,540.2,3,VAL:2025-04-03:539.898125
2025-04-09T19:00:00Z,1188,qualified,supply,539.58,540.2,3,pivot|role_flip|volume_profile
2025-04-09T20:00:00Z,1188,broken,supply,539.58,540.2,3,
2025-04-09T20:00:00Z,1189,touch,supply,540.2,544.42,2,
2025-04-10T16:00:00Z,1176,broken_zone_expired,supply,562.72,564.95,3,
2025-04-10T16:00:00Z,1189,merged,supply,540.2,546.33,3,pivot
2025-04-10T19:00:00Z,1191,role_flip_retest,demand,517.6119302114824,524.98,4,
2025-04-10T20:00:00Z,1172,broken_zone_expired,demand,549.68,550.2674858661596,2,
2025-04-10T20:00:00Z,1184,broken_zone_expired,demand,546.87,548.5073584292953,1,
2025-04-10T20:00:00Z,1185,broken_zone_expired,demand,561.59,562.94,3,
2025-04-10T20:00:00Z,1186,broken_zone_expired,demand,554.81,555.2340026184121,2,
2025-04-10T20:00:00Z,1196,created,demand,509.32,515.5561614390862,1,pivot
2025-04-10T20:00:00Z,1196,volume_confluence,demand,509.32,515.5561614390862,2,POC:2025-04-04:514.164375
2025-04-10T20:00:00Z,1196,qualified,demand,509.32,515.5561614390862,2,pivot|volume_profile
2025-04-11T14:30:00Z,1191,rejection,demand,517.6119302114824,524.98,4,
2025-04-11T16:00:00Z,1191,rejection,demand,517.6119302114824,524.98,4,
2025-04-14T14:30:00Z,1188,role_flip_retest,demand,539.58,540.2,3,
2025-04-14T14:30:00Z,1189,touch,supply,540.2,546.33,3,
2025-04-14T15:00:00Z,1188,rejection,demand,539.58,540.2,3,
2025-04-14T16:00:00Z,1188,broken,demand,539.58,540.2,3,
2025-04-14T16:00:00Z,1189,rejection,supply,540.2,546.33,3,
2025-04-14T17:00:00Z,1189,merged,supply,540.2,546.33,4,pivot
2025-04-14T19:00:00Z,1189,touch,supply,540.2,546.33,4,
2025-04-14T20:00:00Z,1188,role_flip_retest,supply,539.58,540.2,3,
2025-04-14T20:00:00Z,1189,rejection,supply,540.2,546.33,4,
2025-04-15T14:30:00Z,1188,broken,supply,539.58,540.2,3,
2025-04-15T15:00:00Z,1156,age_expired,supply,589.56,592.2676664437001,4,
2025-04-15T15:00:00Z,1188,role_flip_retest,demand,539.58,540.2,3,
2025-04-15T16:00:00Z,1188,rejection,demand,539.58,540.2,3,
2025-04-15T17:00:00Z,1188,broken,demand,539.58,540.2,3,
2025-04-15T17:00:00Z,1189,rejection,supply,540.2,546.33,4,
2025-04-15T18:00:00Z,1188,role_flip_retest,supply,539.58,540.2,3,
2025-04-15T18:00:00Z,1189,merged,supply,540.2,546.33,4,pivot
2025-04-16T18:00:00Z,1191,touch,demand,517.6119302114824,524.98,4,
2025-04-16T18:00:00Z,1199,created,supply,529.9,532.96,1,order_block
2025-04-16T18:00:00Z,1199,volume_confluence,supply,529.9,532.96,2,VAH:2025-04-10:529.973750
2025-04-16T18:00:00Z,1199,qualified,supply,529.9,532.96,2,order_block|volume_profile
2025-04-16T20:00:00Z,1191,rejection,demand,517.6119302114824,524.98,4,
2025-04-17T15:00:00Z,1159,age_expired,supply,593.44,595.16,2,
2025-04-17T15:00:00Z,1191,touch,demand,517.6119302114824,524.98,4,
2025-04-17T15:00:00Z,1191,rejection,demand,517.6119302114824,524.98,4,
2025-04-17T16:00:00Z,1200,created,demand,520.29,522.83,1,pivot
2025-04-17T16:00:00Z,1200,volume_confluence,demand,520.29,522.83,2,VAL:2025-04-16:524.303750
2025-04-17T16:00:00Z,1200,qualified,demand,520.29,522.83,2,pivot|volume_profile
2025-04-17T17:00:00Z,1199,touch,supply,529.9,532.96,2,
2025-04-17T18:00:00Z,1199,rejection,supply,529.9,532.96,2,
2025-04-17T19:00:00Z,1199,rejection,supply,529.9,532.96,2,
2025-04-17T20:00:00Z,1161,age_expired,supply,582.44,585.39,4,
2025-04-21T14:30:00Z,1191,touch,demand,517.6119302114824,524.98,4,
2025-04-21T14:30:00Z,1200,broken,demand,520.29,522.83,2,
2025-04-21T15:00:00Z,1191,broken,demand,517.6119302114824,524.98,4,
2025-04-21T15:00:00Z,1196,touch,demand,509.32,515.5561614390862,2,
2025-04-21T15:00:00Z,1199,merged,supply,529.58,532.96,3,pivot
2025-04-21T18:00:00Z,1196,broken,demand,509.32,515.5561614390862,2,
2025-04-21T19:00:00Z,1196,role_flip_retest,supply,509.32,515.5561614390862,3,
2025-04-21T20:00:00Z,1163,age_expired,supply,596.18,597.34,2,
2025-04-22T14:30:00Z,1196,broken,supply,509.32,515.5561614390862,3,
2025-04-22T15:00:00Z,1202,created,demand,508.46,509.01290561934684,1,pivot
2025-04-22T15:00:00Z,1202,volume_confluence,demand,508.46,509.01290561934684,2,VAL:2025-04-21:508.735833
2025-04-22T15:00:00Z,1202,qualified,demand,508.46,509.01290561934684,2,pivot|volume_profile
2025-04-22T20:00:00Z,1203,created,supply,527.56,529.31,1,pivot
2025-04-22T20:00:00Z,1203,volume_confluence,supply,527.56,529.31,2,POC:2025-04-17:528.598750
2025-04-22T20:00:00Z,1203,qualified,supply,527.56,529.31,2,pivot|volume_profile
2025-04-23T14:30:00Z,1188,broken,supply,539.58,540.2,3,
2025-04-23T14:30:00Z,1189,touch,supply,540.2,546.33,4,
2025-04-23T14:30:00Z,1199,broken,supply,529.58,532.96,3,
2025-04-23T14:30:00Z,1203,broken,supply,527.56,529.31,2,
2025-04-23T16:00:00Z,1189,rejection,supply,540.2,546.33,4,
2025-04-23T18:00:00Z,1204,created,supply,543.6,545.43,1,pivot
2025-04-23T18:00:00Z,1204,volume_confluence,supply,543.6,545.43,2,VAH:2025-04-14:543.194583
2025-04-23T18:00:00Z,1204,qualified,supply,543.6,545.43,2,pivot|volume_profile
2025-04-24T15:00:00Z,1188,role_flip_retest,demand,539.58,540.2,3,
2025-04-24T15:00:00Z,1189,touch,supply,540.2,546.33,4,
2025-04-24T16:00:00Z,1204,touch,supply,543.6,545.43,2,
2025-04-24T16:00:00Z,1204,rejection,supply,543.6,545.43,2,
2025-04-24T16:00:00Z,1205,created,demand,533.88,535.41,1,pivot
2025-04-24T16:00:00Z,1205,volume_confluence,demand,533.88,535.41,2,VAH:2025-04-16:534.801250
2025-04-24T16:00:00Z,1205,qualified,demand,533.88,535.41,2,pivot|volume_profile
2025-04-24T19:00:00Z,1204,broken,supply,543.6,545.43,2,
2025-04-24T20:00:00Z,1204,role_flip_retest,demand,543.6,545.43,3,
2025-04-25T15:00:00Z,1204,rejection,demand,543.6,545.43,3,
2025-04-25T16:00:00Z,1189,broken,supply,540.2,546.33,4,
2025-04-28T15:00:00Z,1168,age_expired,supply,564.94,567.42,4,
2025-04-28T17:00:00Z,1189,role_flip_retest,demand,540.2,546.33,5,
2025-04-28T17:00:00Z,1206,created,supply,551.6098213214572,553.55,1,pivot
2025-04-28T18:00:00Z,1189,rejection,demand,540.2,546.33,5,
2025-04-28T18:00:00Z,1204,touch,demand,543.6,545.43,3,
2025-04-28T18:00:00Z,1204,rejection,demand,543.6,545.43,3,
2025-04-28T19:00:00Z,1169,age_expired,supply,575.19,577.39,3,
2025-04-28T20:00:00Z,1200,broken_zone_expired,demand,520.29,522.83,2,
2025-04-28T20:00:00Z,1206,touch,supply,551.6098213214572,553.55,1,
2025-04-28T20:00:00Z,1206,rejection,supply,551.6098213214572,553.55,1,
2025-04-28T20:00:00Z,1206,volume_confluence,supply,551.6098213214572,553.55,2,VAH:2025-04-28:552.306042
2025-04-28T20:00:00Z,1206,qualified,supply,551.6098213214572,553.55,2,pivot|volume_profile
2025-04-29T14:30:00Z,1191,broken_zone_expired,demand,517.6119302114824,524.98,4,
2025-04-29T14:30:00Z,1206,rejection,supply,551.6098213214572,553.55,2,
2025-04-29T14:30:00Z,1204,merged,demand,543.6,546.46,4,pivot
2025-04-29T17:00:00Z,1206,rejection,supply,551.6098213214572,553.55,2,
2025-04-29T18:00:00Z,1206,broken,supply,551.6098213214572,553.55,2,
2025-04-29T20:00:00Z,1196,broken_zone_expired,supply,509.32,515.5561614390862,3,
2025-04-30T14:30:00Z,1189,touch,demand,540.2,546.33,5,
2025-04-30T14:30:00Z,1204,broken,demand,543.6,546.46,4,
2025-04-30T14:30:00Z,1208,created,supply,551.3216843086802,555.1,1,order_block
2025-04-30T14:30:00Z,1208,volume_confluence,supply,551.3216843086802,555.1,2,VAH:2025-04-28:552.306042
2025-04-30T14:30:00Z,1208,qualified,supply,551.3216843086802,555.1,2,order_block|volume_profile
2025-04-30T15:00:00Z,1189,rejection,demand,540.2,546.33,5,
2025-04-30T16:00:00Z,1209,created,supply,554.34,555.45,1,pivot
2025-04-30T16:00:00Z,1209,volume_confluence,supply,554.34,555.45,2,VAH:2025-04-29:555.306250
2025-04-30T16:00:00Z,1209,qualified,supply,554.34,555.45,2,pivot|volume_profile
2025-04-30T17:00:00Z,1210,created,demand,541.52,541.9738400688263,1,pivot
2025-04-30T17:00:00Z,1210,volume_confluence,demand,541.52,541.9738400688263,2,VAH:2025-04-23:541.339375
2025-04-30T17:00:00Z,1210,qualified,demand,541.52,541.9738400688263,2,pivot|volume_profile
2025-04-30T19:00:00Z,1208,touch,supply,551.3216843086802,555.1,2,
2025-04-30T19:00:00Z,1208,rejection,supply,551.3216843086802,555.1,2,
2025-04-30T20:00:00Z,1199,broken_zone_expired,supply,529.58,532.96,3,
2025-04-30T20:00:00Z,1203,broken_zone_expired,supply,527.56,529.31,2,
2025-04-30T20:00:00Z,1206,role_flip_retest,demand,551.6098213214572,553.55,3,
2025-04-30T20:00:00Z,1209,touch,supply,554.34,555.45,2,
2025-05-01T14:30:00Z,1208,broken,supply,551.3216843086802,555.1,2,
2025-05-01T14:30:00Z,1209,broken,supply,554.34,555.45,2,
2025-05-01T19:00:00Z,1211,created,supply,563.36,564.07,1,pivot
2025-05-02T14:30:00Z,1211,touch,supply,563.36,564.07,1,
2025-05-02T15:00:00Z,1211,broken,supply,563.36,564.07,1,
2025-05-02T16:00:00Z,1212,created,demand,557.86,558.46,1,pivot
2025-05-02T16:00:00Z,1212,volume_confluence,demand,557.86,558.46,2,VAL:2025-05-01:559.024375
2025-05-02T16:00:00Z,1212,qualified,demand,557.86,558.46,2,pivot|volume_profile
2025-05-02T17:00:00Z,1183,touch,supply,566.65,569.19,2,
2025-05-02T20:00:00Z,1183,rejection,supply,566.65,569.19,2,
2025-05-05T15:00:00Z,1211,role_flip_retest,demand,563.36,564.07,2,
2025-05-05T15:00:00Z,1183,merged,supply,566.65,569.19,3,pivot
2025-05-05T16:00:00Z,1211,rejection,demand,563.36,564.07,2,
2025-05-05T17:00:00Z,1214,created,demand,561.7,562.55,1,pivot
2025-05-05T17:00:00Z,1214,volume_confluence,demand,561.7,562.55,2,VAH:2025-05-01:561.870625
2025-05-05T17:00:00Z,1214,qualified,demand,561.7,562.55,2,pivot|volume_profile
2025-05-05T19:00:00Z,1183,touch,supply,566.65,569.19,3,
2025-05-05T19:00:00Z,1183,rejection,supply,566.65,569.19,3,
2025-05-05T20:00:00Z,1211,touch,demand,563.36,564.07,2,
2025-05-05T20:00:00Z,1211,volume_confluence,demand,563.36,564.07,3,VAL:2025-05-05:563.246875
2025-05-05T20:00:00Z,1211,qualified,demand,563.36,564.07,3,pivot|role_flip|volume_profile
2025-05-06T14:30:00Z,1211,broken,demand,563.36,564.07,3,
2025-05-06T14:30:00Z,1212,broken,demand,557.86,558.46,2,
2025-05-06T14:30:00Z,1214,broken,demand,561.7,562.55,2,
2025-05-06T15:00:00Z,1215,created,supply,565.79,566.65,1,pivot
2025-05-06T15:00:00Z,1215,volume_confluence,supply,565.79,566.65,2,POC:2025-05-02:566.505000
2025-05-06T15:00:00Z,1215,qualified,supply,565.79,566.65,2,pivot|volume_profile
2025-05-06T16:00:00Z,1214,role_flip_retest,supply,561.7,562.55,3,
2025-05-06T17:00:00Z,1214,rejection,supply,561.7,562.55,3,
2025-05-06T17:00:00Z,1216,created,demand,556.96,557.4,1,pivot
2025-05-07T15:00:00Z,1214,touch,supply,561.7,562.55,3,
2025-05-07T15:00:00Z,1214,rejection,supply,561.7,562.55,3,
2025-05-07T18:00:00Z,1214,touch,supply,561.7,562.55,3,
2025-05-07T18:00:00Z,1214,rejection,supply,561.7,562.55,3,
2025-05-07T19:00:00Z,1214,rejection,supply,561.7,562.55,3,
2025-05-07T19:00:00Z,1216,touch,demand,556.96,557.4,1,
2025-05-07T19:00:00Z,1216,rejection,demand,556.96,557.4,1,
2025-05-07T20:00:00Z,1204,broken_zone_expired,demand,543.6,546.46,4,
2025-05-07T20:00:00Z,1211,role_flip_retest,supply,563.36,564.07,3,
2025-05-07T20:00:00Z,1214,rejection,supply,561.7,562.55,3,
2025-05-08T14:30:00Z,1214,broken,supply,561.7,562.55,3,
2025-05-08T15:00:00Z,1211,rejection,supply,563.36,564.07,3,
2025-05-08T15:00:00Z,1214,role_flip_retest,demand,561.7,562.55,3,
2025-05-08T15:00:00Z,1216,merged,demand,556.04,557.9485156354723,2,pivot
2025-05-08T15:00:00Z,1216,qualified,demand,556.04,557.9485156354723,2,pivot|repeated_pivot
2025-05-08T15:00:00Z,1216,volume_confluence,demand,556.04,557.9485156354723,3,VAL:2025-05-07:558.471250
2025-05-08T16:00:00Z,1183,touch,supply,566.65,569.19,3,
2025-05-08T16:00:00Z,1211,broken,supply,563.36,564.07,3,
2025-05-08T16:00:00Z,1214,rejection,demand,561.7,562.55,3,
2025-05-08T16:00:00Z,1215,broken,supply,565.79,566.65,2,
2025-05-08T16:00:00Z,1214,merged,demand,561.7,564.14,4,order_block
2025-05-08T17:00:00Z,1183,broken,supply,566.65,569.19,3,
2025-05-08T20:00:00Z,1208,broken_zone_expired,supply,551.3216843086802,555.1,2,
2025-05-08T20:00:00Z,1209,broken_zone_expired,supply,554.34,555.45,2,
2025-05-08T20:00:00Z,1182,merged,supply,569.8861526331663,570.9,3,pivot
2025-05-09T14:30:00Z,1215,role_flip_retest,demand,565.79,566.65,3,
2025-05-09T15:00:00Z,1211,role_flip_retest,demand,563.36,564.07,3,
2025-05-09T15:00:00Z,1214,touch,demand,561.7,564.14,4,
2025-05-09T15:00:00Z,1214,rejection,demand,561.7,564.14,4,
2025-05-09T15:00:00Z,1215,broken,demand,565.79,566.65,3,
2025-05-09T16:00:00Z,1211,rejection,demand,563.36,564.07,3,
2025-05-09T16:00:00Z,1214,rejection,demand,561.7,564.14,4,
2025-05-09T18:00:00Z,1211,rejection,demand,563.36,564.07,3,
2025-05-09T18:00:00Z,1214,rejection,demand,561.7,564.14,4,
2025-05-09T18:00:00Z,1211,merged,demand,562.76,564.56,4,pivot
2025-05-09T19:00:00Z,1211,rejection,demand,562.76,564.56,4,
2025-05-09T19:00:00Z,1214,rejection,demand,561.7,564.14,4,
2025-05-09T20:00:00Z,1214,rejection,demand,561.7,564.14,4,
2025-05-09T20:00:00Z,1215,role_flip_retest,supply,565.79,566.65,3,
2025-05-12T14:30:00Z,1182,broken,supply,569.8861526331663,570.9,3,
2025-05-12T14:30:00Z,1215,broken,supply,565.79,566.65,3,
2025-05-12T17:00:00Z,1221,created,supply,581.2714682610389,581.73,1,pivot
2025-05-12T18:00:00Z,1221,touch,supply,581.2714682610389,581.73,1,
2025-05-12T20:00:00Z,1221,broken,supply,581.2714682610389,581.73,1,
2025-05-13T20:00:00Z,1212,broken_zone_expired,demand,557.86,558.46,2,
2025-05-14T16:00:00Z,1222,created,supply,588.59,589.08,1,pivot
2025-05-14T16:00:00Z,1222,volume_confluence,supply,588.59,589.08,2,VAH:2025-05-13:588.690000
2025-05-14T16:00:00Z,1222,qualified,supply,588.59,589.08,2,pivot|volume_profile
2025-05-15T16:00:00Z,1222,touch,supply,588.59,589.08,2,
2025-05-15T17:00:00Z,1222,broken,supply,588.59,589.08,2,
2025-05-15T17:00:00Z,1223,created,demand,585.09,585.56,1,pivot
2025-05-15T19:00:00Z,1222,role_flip_retest,demand,588.59,589.08,3,
2025-05-15T20:00:00Z,1222,rejection,demand,588.59,589.08,3,
2025-05-16T16:00:00Z,1183,broken_zone_expired,supply,566.65,569.19,3,
2025-05-19T14:30:00Z,1222,touch,demand,588.59,589.08,3,
2025-05-19T14:30:00Z,1222,rejection,demand,588.59,589.08,3,
2025-05-19T16:00:00Z,1222,touch,demand,588.59,589.08,3,
2025-05-19T16:00:00Z,1222,rejection,demand,588.59,589.08,3,
2025-05-19T16:00:00Z,1224,created,supply,594.2058476093003,594.5,1,pivot
2025-05-19T16:00:00Z,1224,volume_confluence,supply,594.2058476093003,594.5,2,VAH:2025-05-16:594.391250
2025-05-19T16:00:00Z,1224,qualified,supply,594.2058476093003,594.5,2,pivot|volume_profile
2025-05-19T17:00:00Z,1222,rejection,demand,588.59,589.08,3,
2025-05-19T17:00:00Z,1224,touch,supply,594.2058476093003,594.5,2,
2025-05-19T17:00:00Z,1222,merged,demand,588.09,589.08,4,pivot
2025-05-19T20:00:00Z,1182,broken_zone_expired,supply,569.8861526331663,570.9,3,
2025-05-19T20:00:00Z,1215,broken_zone_expired,supply,565.79,566.65,3,
2025-05-19T20:00:00Z,1224,broken,supply,594.2058476093003,594.5,2,
2025-05-20T14:30:00Z,1226,created,supply,594.54,595.54,1,pivot
2025-05-20T14:30:00Z,1226,volume_confluence,supply,594.54,595.54,2,VAH:2025-05-19:595.384792
2025-05-20T14:30:00Z,1226,qualified,supply,594.54,595.54,2,pivot|volume_profile
2025-05-20T19:00:00Z,1221,broken_zone_expired,supply,581.2714682610389,581.73,1,
2025-05-21T14:30:00Z,1222,touch,demand,588.09,589.08,4,
2025-05-21T14:30:00Z,1222,rejection,demand,588.09,589.08,4,
2025-05-21T15:00:00Z,1222,rejection,demand,588.09,589.08,4,
2025-05-21T17:00:00Z,1222,merged,demand,588.09,589.08,4,pivot
2025-05-21T18:00:00Z,1222,broken,demand,588.09,589.08,4,
2025-05-21T18:00:00Z,1223,touch,demand,585.09,585.56,1,
2025-05-21T18:00:00Z,1223,rejection,demand,585.09,585.56,1,
2025-05-21T18:00:00Z,1228,created,supply,590.66,592.24,1,order_block
2025-05-21T18:00:00Z,1228,volume_confluence,supply,590.66,592.24,2,VAH:2025-05-15:590.847500
2025-05-21T18:00:00Z,1228,qualified,supply,590.66,592.24,2,order_block|volume_profile
2025-05-21T19:00:00Z,1223,broken,demand,585.09,585.56,1,
2025-05-22T15:00:00Z,1223,role_flip_retest,supply,585.09,585.56,2,
2025-05-22T15:00:00Z,1223,volume_confluence,supply,585.09,585.56,3,VAL:2025-05-21:584.734167
2025-05-22T15:00:00Z,1223,qualified,supply,585.09,585.56,3,pivot|role_flip|volume_profile
2025-05-22T17:00:00Z,1223,touch,supply,585.09,585.56,3,
2025-05-22T17:00:00Z,1223,rejection,supply,585.09,585.56,3,
2025-05-22T17:00:00Z,1229,created,demand,581.4,582.66,1,pivot
2025-05-22T18:00:00Z,1229,touch,demand,581.4,582.66,1,
2025-05-22T18:00:00Z,1229,rejection,demand,581.4,582.66,1,
2025-05-22T19:00:00Z,1223,broken,supply,585.09,585.56,3,
2025-05-22T20:00:00Z,1229,touch,demand,581.4,582.66,1,
2025-05-22T20:00:00Z,1229,rejection,demand,581.4,582.66,1,
2025-05-22T20:00:00Z,1229,volume_confluence,demand,581.4,582.66,2,VAL:2025-05-22:582.596250
2025-05-22T20:00:00Z,1229,qualified,demand,581.4,582.66,2,pivot|volume_profile
2025-05-23T14:30:00Z,1229,broken,demand,581.4,582.66,2,
2025-05-23T15:00:00Z,1188,age_expired,demand,539.58,540.2,3,
2025-05-23T16:00:00Z,1230,created,supply,585.85,586.62,1,pivot
2025-05-23T16:00:00Z,1230,volume_confluence,supply,585.85,586.62,2,VAH:2025-05-22:585.206250
2025-05-23T16:00:00Z,1230,qualified,supply,585.85,586.62,2,pivot|volume_profile
2025-05-23T17:00:00Z,1231,created,demand,575.6,575.98,1,pivot
2025-05-23T18:00:00Z,1189,age_expired,demand,540.2,546.33,5,
2025-05-23T18:00:00Z,1229,role_flip_retest,supply,581.4,582.66,3,
2025-05-23T19:00:00Z,1229,rejection,supply,581.4,582.66,3,
2025-05-23T20:00:00Z,1229,rejection,supply,581.4,582.66,3,
2025-05-27T14:30:00Z,1223,role_flip_retest,demand,585.09,585.56,3,
2025-05-27T14:30:00Z,1229,broken,supply,581.4,582.66,3,
2025-05-27T14:30:00Z,1230,touch,supply,585.85,586.62,2,
2025-05-27T15:00:00Z,1222,role_flip_retest,supply,588.09,589.08,4,
2025-05-27T15:00:00Z,1230,broken,supply,585.85,586.62,2,
2025-05-27T17:00:00Z,1222,broken,supply,588.09,589.08,4,
2025-05-27T17:00:00Z,1228,touch,supply,590.66,592.24,2,
2025-05-27T17:00:00Z,1228,rejection,supply,590.66,592.24,2,
2025-05-27T18:00:00Z,1222,role_flip_retest,demand,588.09,589.08,4,
2025-05-27T18:00:00Z,1223,touch,demand,585.09,585.56,3,
2025-05-27T18:00:00Z,1223,rejection,demand,585.09,585.56,3,
2025-05-27T18:00:00Z,1229,role_flip_retest,demand,581.4,582.66,3,
2025-05-27T18:00:00Z,1230,role_flip_retest,demand,585.85,586.62,3,
2025-05-27T19:00:00Z,1228,rejection,supply,590.66,592.24,2,
2025-05-27T20:00:00Z,1190,age_expired,demand,481.8,487.2030366953266,2,
2025-05-28T14:30:00Z,1232,created,demand,578.43,580.1802115839588,1,pivot
2025-05-28T14:30:00Z,1232,volume_confluence,demand,578.43,580.1802115839588,2,POC:2025-05-23:578.839583
2025-05-28T14:30:00Z,1232,qualified,demand,578.43,580.1802115839588,2,pivot|volume_profile
2025-05-28T15:00:00Z,1228,rejection,supply,590.66,592.24,2,
2025-05-28T16:00:00Z,1222,touch,demand,588.09,589.08,4,
2025-05-28T17:00:00Z,1222,rejection,demand,588.09,589.08,4,
2025-05-28T17:00:00Z,1228,merged,supply,590.66,592.77,3,pivot
2025-05-28T19:00:00Z,1222,touch,demand,588.09,589.08,4,
2025-05-28T19:00:00Z,1222,rejection,demand,588.09,589.08,4,
2025-05-28T19:00:00Z,1224,broken_zone_expired,supply,594.2058476093003,594.5,2,
2025-05-28T20:00:00Z,1222,broken,demand,588.09,589.08,4,
2025-05-28T20:00:00Z,1228,touch,supply,590.66,592.77,3,
2025-05-28T20:00:00Z,1228,rejection,supply,590.66,592.77,3,
2025-05-29T16:00:00Z,1222,role_flip_retest,supply,588.09,589.08,4,
2025-05-29T16:00:00Z,1228,rejection,supply,590.66,592.77,3,
2025-05-29T16:00:00Z,1230,touch,demand,585.85,586.62,3,
2025-05-29T16:00:00Z,1230,rejection,demand,585.85,586.62,3,
2025-05-29T17:00:00Z,1222,broken,supply,588.09,589.08,4,
2025-05-29T17:00:00Z,1230,rejection,demand,585.85,586.62,3,
2025-05-29T17:00:00Z,1228,merged,supply,590.66,593.2,4,pivot
2025-05-29T19:00:00Z,1193,age_expired,demand,489.16,499.86,3,
2025-05-29T20:00:00Z,1222,role_flip_retest,demand,588.09,589.08,4,
2025-05-29T20:00:00Z,1228,touch,supply,590.66,593.2,4,
2025-05-29T20:00:00Z,1228,rejection,supply,590.66,593.2,4,
2025-05-29T20:00:00Z,1230,merged,demand,585.85,587.18,4,pivot
2025-05-30T14:30:00Z,1222,broken,demand,588.09,589.08,4,
2025-05-30T14:30:00Z,1230,touch,demand,585.85,587.18,4,
2025-05-30T15:00:00Z,1230,rejection,demand,585.85,587.18,4,
2025-05-30T16:00:00Z,1222,role_flip_retest,supply,588.09,589.08,4,
2025-05-30T17:00:00Z,1222,rejection,supply,588.09,589.08,4,
2025-05-30T17:00:00Z,1223,broken,demand,585.09,585.56,3,
2025-05-30T17:00:00Z,1230,broken,demand,585.85,587.18,4,
2025-05-30T19:00:00Z,1222,touch,supply,588.09,589.08,4,
2025-05-30T20:00:00Z,1222,broken,supply,588.09,589.08,4,
2025-05-30T20:00:00Z,1228,touch,supply,590.66,593.2,4,
2025-05-30T20:00:00Z,1228,rejection,supply,590.66,593.2,4,
2025-05-30T20:00:00Z,1229,merged,demand,581.4,584.4,4,pivot
2025-06-02T15:00:00Z,1222,role_flip_retest,demand,588.09,589.08,4,
2025-06-02T16:00:00Z,1222,rejection,demand,588.09,589.08,4,
2025-06-02T16:00:00Z,1237,created,supply,589.4343949325831,591.13,1,pivot
2025-06-02T16:00:00Z,1237,volume_confluence,supply,589.4343949325831,591.13,2,POC:2025-05-27:590.505000
2025-06-02T16:00:00Z,1237,qualified,supply,589.4343949325831,591.13,2,pivot|volume_profile
2025-06-02T17:00:00Z,1222,rejection,demand,588.09,589.08,4,
2025-06-02T17:00:00Z,1237,touch,supply,589.4343949325831,591.13,2,
2025-06-02T19:00:00Z,1228,touch,supply,590.66,593.2,4,
2025-06-02T19:00:00Z,1237,broken,supply,589.4343949325831,591.13,2,
2025-06-03T15:00:00Z,1228,broken,supply,590.66,593.2,4,
2025-06-03T16:00:00Z,1226,touch,supply,594.54,595.54,2,
2025-06-03T17:00:00Z,1226,broken,supply,594.54,595.54,2,
2025-06-03T19:00:00Z,1226,role_flip_retest,demand,594.54,595.54,3,
2025-06-03T20:00:00Z,1226,rejection,demand,594.54,595.54,3,
2025-06-04T15:00:00Z,1226,touch,demand,594.54,595.54,3,
2025-06-04T15:00:00Z,1226,rejection,demand,594.54,595.54,3,
2025-06-04T17:00:00Z,1238,created,supply,597.57,597.95,1,pivot
2025-06-04T17:00:00Z,1238,volume_confluence,supply,597.57,597.95,2,VAH:2025-06-03:596.971042
2025-06-04T17:00:00Z,1238,qualified,supply,597.57,597.95,2,pivot|volume_profile
2025-06-04T18:00:00Z,1238,touch,supply,597.57,597.95,2,
2025-06-04T19:00:00Z,1238,rejection,supply,597.57,597.95,2,
2025-06-04T20:00:00Z,1238,rejection,supply,597.57,597.95,2,
2025-06-05T14:30:00Z,1226,broken,demand,594.54,595.54,3,
2025-06-05T14:30:00Z,1238,rejection,supply,597.57,597.95,2,
2025-06-05T14:30:00Z,1238,merged,supply,596.77,597.95,3,order_block
2025-06-05T16:00:00Z,1238,broken,supply,596.77,597.95,3,
2025-06-05T17:00:00Z,1240,created,demand,593.91,594.29,1,pivot
2025-06-05T17:00:00Z,1240,volume_confluence,demand,593.91,594.29,2,VAL:2025-06-03:594.791875
2025-06-05T17:00:00Z,1240,qualified,demand,593.91,594.29,2,pivot|volume_profile
2025-06-05T19:00:00Z,1228,role_flip_retest,demand,590.66,593.2,5,
2025-06-05T19:00:00Z,1240,touch,demand,593.91,594.29,2,
2025-06-05T19:00:00Z,1240,rejection,demand,593.91,594.29,2,
2025-06-05T19:00:00Z,1241,created,supply,598.712173691653,599.0,1,pivot
2025-06-05T20:00:00Z,1226,role_flip_retest,supply,594.54,595.54,3,
2025-06-05T20:00:00Z,1237,role_flip_retest,demand,589.4343949325831,591.13,3,
2025-06-05T20:00:00Z,1240,broken,demand,593.91,594.29,2,
2025-06-06T14:30:00Z,1226,broken,supply,594.54,595.54,3,
2025-06-06T14:30:00Z,1241,broken,supply,598.712173691653,599.0,1,
2025-06-06T15:00:00Z,1241,role_flip_retest,demand,598.712173691653,599.0,2,
2025-06-06T16:00:00Z,1238,role_flip_retest,demand,596.77,597.95,4,
2025-06-06T16:00:00Z,1228,merged,demand,590.66,593.2,5,pivot
2025-06-06T17:00:00Z,1241,broken,demand,598.712173691653,599.0,2,
2025-06-06T17:00:00Z,1243,created,supply,600.3,600.83,1,pivot
2025-06-06T18:00:00Z,1238,rejection,demand,596.77,597.95,4,
2025-06-06T19:00:00Z,1243,touch,supply,600.3,600.83,1,
2025-06-06T19:00:00Z,1243,rejection,supply,600.3,600.83,1,
2025-06-06T20:00:00Z,1243,volume_confluence,supply,600.3,600.83,2,VAH:2025-06-06:600.251042
2025-06-06T20:00:00Z,1243,qualified,supply,600.3,600.83,2,pivot|volume_profile
2025-06-09T15:00:00Z,1243,touch,supply,600.3,600.83,2,
2025-06-09T15:00:00Z,1243,rejection,supply,600.3,600.83,2,
2025-06-09T16:00:00Z,1223,broken_zone_expired,demand,585.09,585.56,3,
2025-06-09T16:00:00Z,1230,broken_zone_expired,demand,585.85,587.18,4,
2025-06-09T17:00:00Z,1243,touch,supply,600.3,600.83,2,
2025-06-09T19:00:00Z,1243,broken,supply,600.3,600.83,2,
2025-06-10T15:00:00Z,1243,role_flip_retest,demand,600.3,600.83,3,
2025-06-10T16:00:00Z,1243,rejection,demand,600.3,600.83,3,
2025-06-10T18:00:00Z,1202,age_expired,demand,508.46,509.01290561934684,2,
2025-06-10T19:00:00Z,1243,touch,demand,600.3,600.83,3,
2025-06-10T19:00:00Z,1243,rejection,demand,600.3,600.83,3,
2025-06-10T19:00:00Z,1243,merged,demand,599.09,600.83,4,pivot
2025-06-11T18:00:00Z,1245,created,supply,604.7,605.06,1,pivot
2025-06-11T19:00:00Z,1243,touch,demand,599.09,600.83,4,
2025-06-11T20:00:00Z,1243,rejection,demand,599.09,600.83,4,
2025-06-11T20:00:00Z,1245,volume_confluence,supply,604.7,605.06,2,VAH:2025-06-11:604.939375
2025-06-11T20:00:00Z,1245,qualified,supply,604.7,605.06,2,pivot|volume_profile
2025-06-12T15:00:00Z,1243,rejection,demand,599.09,600.83,4,
2025-06-12T15:00:00Z,1243,merged,demand,599.09,600.83,4,pivot
2025-06-12T19:00:00Z,1205,age_expired,demand,533.88,535.41,2,
2025-06-13T14:30:00Z,1238,touch,demand,596.77,597.95,4,
2025-06-13T14:30:00Z,1238,rejection,demand,596.77,597.95,4,
2025-06-13T14:30:00Z,1241,role_flip_retest,supply,598.712173691653,599.0,2,
2025-06-13T14:30:00Z,1243,broken,demand,599.09,600.83,4,
2025-06-13T14:30:00Z,1241,volume_confluence,supply,598.712173691653,599.0,3,POC:2025-06-06:598.927708
2025-06-13T14:30:00Z,1241,qualified,supply,598.712173691653,599.0,3,pivot|role_flip|volume_profile
2025-06-13T15:00:00Z,1238,rejection,demand,596.77,597.95,4,
2025-06-13T15:00:00Z,1241,broken,supply,598.712173691653,599.0,3,
2025-06-13T16:00:00Z,1241,role_flip_retest,demand,598.712173691653,599.0,3,
2025-06-13T16:00:00Z,1247,created,supply,603.4516144570921,603.72,1,pivot
2025-06-13T16:00:00Z,1247,volume_confluence,supply,603.4516144570921,603.72,2,VAH:2025-06-12:603.632500
2025-06-13T16:00:00Z,1247,qualified,supply,603.4516144570921,603.72,2,pivot|volume_profile
2025-06-13T18:00:00Z,1241,touch,demand,598.712173691653,599.0,3,
2025-06-13T18:00:00Z,1241,rejection,demand,598.712173691653,599.0,3,
2025-06-13T18:00:00Z,1238,merged,demand,596.63,597.95,5,pivot
2025-06-13T19:00:00Z,1238,touch,demand,596.63,597.95,5,
2025-06-13T19:00:00Z,1240,broken_zone_expired,demand,593.91,594.29,2,
2025-06-13T19:00:00Z,1241,broken,demand,598.712173691653,599.0,3,
2025-06-13T19:00:00Z,1243,role_flip_retest,supply,599.09,600.83,4,
2025-06-13T20:00:00Z,1226,broken_zone_expired,supply,594.54,595.54,3,
2025-06-16T14:30:00Z,1243,broken,supply,599.09,600.83,4,
2025-06-16T15:00:00Z,1247,broken,supply,603.4516144570921,603.72,2,
2025-06-16T16:00:00Z,1238,merged,demand,595.48,597.95,5,pivot
2025-06-16T18:00:00Z,1245,merged,supply,603.92,605.06,3,pivot
2025-06-16T20:00:00Z,1206,age_expired,demand,551.6098213214572,553.55,3,
2025-06-17T14:30:00Z,1243,role_flip_retest,demand,599.09,600.83,4,
2025-06-17T17:00:00Z,1243,merged,demand,599.09,600.83,4,pivot
2025-06-17T18:00:00Z,1238,touch,demand,595.48,597.95,5,
2025-06-17T18:00:00Z,1238,rejection,demand,595.48,597.95,5,
2025-06-17T18:00:00Z,1241,role_flip_retest,supply,598.712173691653,599.0,3,
2025-06-17T18:00:00Z,1243,broken,demand,599.09,600.83,4,
2025-06-17T19:00:00Z,1238,rejection,demand,595.48,597.95,5,
2025-06-18T14:30:00Z,1238,rejection,demand,595.48,597.95,5,
2025-06-18T14:30:00Z,1241,broken,supply,598.712173691653,599.0,3,
2025-06-18T15:00:00Z,1241,role_flip_retest,demand,598.712173691653,599.0,3,
2025-06-18T15:00:00Z,1252,created,demand,596.76,597.9217673263574,1,pivot
2025-06-18T15:00:00Z,1252,volume_confluence,demand,596.76,597.9217673263574,2,POC:2025-06-13:597.736042
2025-06-18T15:00:00Z,1252,qualified,demand,596.76,597.9217673263574,2,pivot|volume_profile
2025-06-18T18:00:00Z,1241,touch,demand,598.712173691653,599.0,3,
2025-06-18T18:00:00Z,1241,rejection,demand,598.712173691653,599.0,3,
2025-06-18T19:00:00Z,1238,touch,demand,595.48,597.95,5,
2025-06-18T19:00:00Z,1241,broken,demand,598.712173691653,599.0,3,
2025-06-18T19:00:00Z,1243,role_flip_retest,supply,599.09,600.83,4,
2025-06-18T19:00:00Z,1252,touch,demand,596.76,597.9217673263574,2,
2025-06-18T20:00:00Z,1210,age_expired,demand,541.52,541.9738400688263,2,
2025-06-18T20:00:00Z,1241,role_flip_retest,supply,598.712173691653,599.0,3,
2025-06-20T14:30:00Z,1241,rejection,supply,598.712173691653,599.0,3,
2025-06-20T14:30:00Z,1243,touch,supply,599.09,600.83,4,
2025-06-20T14:30:00Z,1243,rejection,supply,599.09,600.83,4,
2025-06-20T15:00:00Z,1238,broken,demand,595.48,597.95,5,
2025-06-20T15:00:00Z,1252,broken,demand,596.76,597.9217673263574,2,
2025-06-20T15:00:00Z,1241,merged,supply,597.27,599.0,4,order_block
2025-06-20T16:00:00Z,1238,role_flip_retest,supply,595.48,597.95,5,
2025-06-20T17:00:00Z,1238,rejection,supply,595.48,597.95,5,
2025-06-20T18:00:00Z,1228,touch,demand,590.66,593.2,5,
2025-06-20T18:00:00Z,1228,rejection,demand,590.66,593.2,5,
2025-06-20T18:00:00Z,1238,rejection,supply,595.48,597.95,5,
2025-06-23T14:30:00Z,1238,touch,supply,595.48,597.95,5,
2025-06-23T14:30:00Z,1254,created,demand,592.86,594.04,1,pivot
2025-06-23T14:30:00Z,1254,volume_confluence,demand,592.86,594.04,2,VAL:2025-06-20:593.272500
2025-06-23T14:30:00Z,1254,qualified,demand,592.86,594.04,2,pivot|volume_profile
2025-06-23T15:00:00Z,1211,age_expired,demand,562.76,564.56,4,
2025-06-23T15:00:00Z,1241,touch,supply,597.27,599.0,4,
2025-06-23T15:00:00Z,1241,rejection,supply,597.27,599.0,4,
2025-06-23T15:00:00Z,1252,role_flip_retest,supply,596.76,597.9217673263574,3,
2025-06-23T16:00:00Z,1241,rejection,supply,597.27,599.0,4,
2025-06-23T16:00:00Z,1252,rejection,supply,596.76,597.9217673263574,3,
2025-06-23T17:00:00Z,1228,touch,demand,590.66,593.2,5,
2025-06-23T17:00:00Z,1228,rejection,demand,590.66,593.2,5,
2025-06-23T17:00:00Z,1238,rejection,supply,595.48,597.95,5,
2025-06-23T17:00:00Z,1254,touch,demand,592.86,594.04,2,
2025-06-23T18:00:00Z,1228,rejection,demand,590.66,593.2,5,
2025-06-23T18:00:00Z,1238,broken,supply,595.48,597.95,5,
2025-06-23T18:00:00Z,1241,touch,supply,597.27,599.0,4,
2025-06-23T18:00:00Z,1243,touch,supply,599.09,600.83,4,
2025-06-23T18:00:00Z,1243,rejection,supply,599.09,600.83,4,
2025-06-23T18:00:00Z,1252,broken,supply,596.76,597.9217673263574,3,
2025-06-23T18:00:00Z,1254,rejection,demand,592.86,594.04,2,
2025-06-23T18:00:00Z,1255,created,demand,591.89,594.5510838142202,1,order_block
2025-06-23T18:00:00Z,1255,volume_confluence,demand,591.89,594.5510838142202,2,POC:2025-06-20:594.097500
2025-06-23T18:00:00Z,1255,qualified,demand,591.89,594.5510838142202,2,order_block|volume_profile
2025-06-23T19:00:00Z,1243,rejection,supply,599.09,600.83,4,
2025-06-23T20:00:00Z,1241,broken,supply,597.27,599.0,4,
2025-06-23T20:00:00Z,1254,merged,demand,591.89,594.04,3,pivot
2025-06-24T14:30:00Z,1243,broken,supply,599.09,600.83,4,
2025-06-24T14:30:00Z,1245,touch,supply,603.92,605.06,3,
2025-06-24T15:00:00Z,1247,role_flip_retest,demand,603.4516144570921,603.72,3,
2025-06-24T16:00:00Z,1245,broken,supply,603.92,605.06,3,
2025-06-24T20:00:00Z,1214,age_expired,demand,561.7,564.14,4,
2025-06-25T17:00:00Z,1257,created,supply,608.16,608.61,1,pivot
2025-06-25T17:00:00Z,1257,volume_confluence,supply,608.16,608.61,2,VAH:2025-06-24:607.757500
2025-06-25T17:00:00Z,1257,qualified,supply,608.16,608.61,2,pivot|volume_profile
2025-06-25T20:00:00Z,1216,age_expired,demand,556.04,557.9485156354723,3,
2025-06-26T14:30:00Z,1257,broken,supply,608.16,608.61,2,
2025-06-26T14:30:00Z,1258,created,demand,605.54,606.24,1,pivot
2025-06-26T14:30:00Z,1258,volume_confluence,demand,605.54,606.24,2,VAL:2025-06-25:606.371458
2025-06-26T14:30:00Z,1258,qualified,demand,605.54,606.24,2,pivot|volume_profile
2025-06-27T20:00:00Z,1259,created,supply,615.97,616.39,1,pivot
2025-06-27T20:00:00Z,1259,volume_confluence,supply,615.97,616.39,2,VAH:2025-06-27:615.810833
2025-06-27T20:00:00Z,1259,qualified,supply,615.97,616.39,2,pivot|volume_profile
2025-06-30T14:30:00Z,1259,touch,supply,615.97,616.39,2,
2025-06-30T15:00:00Z,1260,created,demand,610.83,611.19,1,pivot
2025-06-30T15:00:00Z,1260,volume_confluence,demand,610.83,611.19,2,POC:2025-06-26:611.242917
2025-06-30T15:00:00Z,1260,qualified,demand,610.83,611.19,2,pivot|volume_profile
2025-06-30T17:00:00Z,1259,broken,supply,615.97,616.39,2,
2025-06-30T17:00:00Z,1261,created,supply,617.2745749394427,617.49,1,pivot
2025-06-30T19:00:00Z,1259,role_flip_retest,demand,615.97,616.39,3,
2025-06-30T20:00:00Z,1261,broken,supply,617.2745749394427,617.49,1,
2025-07-01T14:30:00Z,1259,touch,demand,615.97,616.39,3,
2025-07-01T14:30:00Z,1259,rejection,demand,615.97,616.39,3,
2025-07-01T15:00:00Z,1259,rejection,demand,615.97,616.39,3,
2025-07-01T16:00:00Z,1259,rejection,demand,615.97,616.39,3,
2025-07-01T16:00:00Z,1262,created,supply,618.2163822859978,619.22,1,pivot
2025-07-01T16:00:00Z,1262,volume_confluence,supply,618.2163822859978,619.22,2,VAH:2025-06-30:617.739583
2025-07-01T16:00:00Z,1262,qualified,supply,618.2163822859978,619.22,2,pivot|volume_profile
2025-07-01T17:00:00Z,1238,broken_zone_expired,supply,595.48,597.95,5,
2025-07-01T17:00:00Z,1252,broken_zone_expired,supply,596.76,597.9217673263574,3,
2025-07-01T18:00:00Z,1261,role_flip_retest,demand,617.2745749394427,617.49,2,
2025-07-01T18:00:00Z,1262,touch,supply,618.2163822859978,619.22,2,
2025-07-01T18:00:00Z,1261,volume_confluence,demand,617.2745749394427,617.49,3,VAH:2025-06-30:617.739583
2025-07-01T18:00:00Z,1261,qualified,demand,617.2745749394427,617.49,3,pivot|role_flip|volume_profile
2025-07-01T19:00:00Z,1241,broken_zone_expired,supply,597.27,599.0,4,
2025-07-01T19:00:00Z,1262,rejection,supply,618.2163822859978,619.22,2,
2025-07-01T20:00:00Z,1243,broken_zone_expired,supply,599.09,600.83,4,
2025-07-01T20:00:00Z,1261,touch,demand,617.2745749394427,617.49,3,
2025-07-01T20:00:00Z,1261,rejection,demand,617.2745749394427,617.49,3,
2025-07-01T20:00:00Z,1262,rejection,supply,618.2163822859978,619.22,2,
2025-07-02T15:00:00Z,1245,broken_zone_expired,supply,603.92,605.06,3,
2025-07-02T15:00:00Z,1261,rejection,demand,617.2745749394427,617.49,3,
2025-07-02T15:00:00Z,1262,touch,supply,618.2163822859978,619.22,2,
2025-07-02T17:00:00Z,1262,broken,supply,618.2163822859978,619.22,2,
2025-07-02T18:00:00Z,1262,role_flip_retest,demand,618.2163822859978,619.22,3,
2025-07-07T15:00:00Z,1222,age_expired,demand,588.09,589.08,4,
2025-07-07T16:00:00Z,1257,broken_zone_expired,supply,608.16,608.61,2,
2025-07-07T16:00:00Z,1263,created,supply,625.9,626.28,1,pivot
2025-07-07T16:00:00Z,1263,volume_confluence,supply,625.9,626.28,2,VAH:2025-07-03:626.199792
2025-07-07T16:00:00Z,1263,qualified,supply,625.9,626.28,2,pivot|volume_profile
2025-07-07T19:00:00Z,1262,touch,demand,618.2163822859978,619.22,3,
2025-07-07T19:00:00Z,1262,rejection,demand,618.2163822859978,619.22,3,
2025-07-08T15:00:00Z,1262,merged,demand,617.87,619.22,4,pivot
2025-07-08T20:00:00Z,1265,created,supply,621.2365542468508,622.11,1,pivot
2025-07-08T20:00:00Z,1265,volume_confluence,supply,621.2365542468508,622.11,2,VAH:2025-07-07:622.105000
2025-07-08T20:00:00Z,1265,qualified,supply,621.2365542468508,622.11,2,pivot|volume_profile
2025-07-09T14:30:00Z,1265,broken,supply,621.2365542468508,622.11,2,
2025-07-09T17:00:00Z,1266,created,supply,624.25,624.72,1,pivot
2025-07-09T17:00:00Z,1266,volume_confluence,supply,624.25,624.72,2,VAL:2025-07-03:624.595625
2025-07-09T17:00:00Z,1266,qualified,supply,624.25,624.72,2,pivot|volume_profile
2025-07-09T18:00:00Z,1265,role_flip_retest,demand,621.2365542468508,622.11,3,
2025-07-10T14:30:00Z,1266,touch,supply,624.25,624.72,2,
2025-07-10T14:30:00Z,1266,rejection,supply,624.25,624.72,2,
2025-07-10T15:00:00Z,1266,broken,supply,624.25,624.72,2,
2025-07-10T18:00:00Z,1263,broken,supply,625.9,626.28,2,
2025-07-11T14:30:00Z,1265,touch,demand,621.2365542468508,622.11,3,
2025-07-11T14:30:00Z,1265,rejection,demand,621.2365542468508,622.11,3,
2025-07-11T15:00:00Z,1267,created,supply,626.58,626.88,1,pivot
2025-07-11T15:00:00Z,1267,volume_confluence,supply,626.58,626.88,2,VAH:2025-07-10:626.799375
2025-07-11T15:00:00Z,1267,qualified,supply,626.58,626.88,2,pivot|volume_profile
2025-07-11T17:00:00Z,1265,merged,demand,621.2365542468508,622.4439743243174,4,pivot
2025-07-14T14:30:00Z,1265,touch,demand,621.2365542468508,622.4439743243174,4,
2025-07-14T14:30:00Z,1265,rejection,demand,621.2365542468508,622.4439743243174,4,
2025-07-14T15:00:00Z,1265,rejection,demand,621.2365542468508,622.4439743243174,4,
2025-07-14T15:00:00Z,1269,created,supply,624.49,624.86,1,pivot
2025-07-14T15:00:00Z,1269,volume_confluence,supply,624.49,624.86,2,VAL:2025-07-03:624.595625
2025-07-14T15:00:00Z,1269,qualified,supply,624.49,624.86,2,pivot|volume_profile
2025-07-14T17:00:00Z,1228,age_expired,demand,590.66,593.2,5,
2025-07-14T17:00:00Z,1265,merged,demand,621.2365542468508,622.602257395006,4,pivot
2025-07-14T18:00:00Z,1269,touch,supply,624.49,624.86,2,
2025-07-14T19:00:00Z,1266,role_flip_retest,demand,624.25,624.72,3,
2025-07-14T19:00:00Z,1269,broken,supply,624.49,624.86,2,
2025-07-14T20:00:00Z,1266,rejection,demand,624.25,624.72,3,
2025-07-15T14:30:00Z,1267,touch,supply,626.58,626.88,2,
2025-07-15T14:30:00Z,1267,rejection,supply,626.58,626.88,2,
2025-07-15T15:00:00Z,1266,broken,demand,624.25,624.72,3,
2025-07-15T16:00:00Z,1229,age_expired,demand,581.4,584.4,4,
2025-07-15T17:00:00Z,1266,role_flip_retest,supply,624.25,624.72,3,
2025-07-15T17:00:00Z,1271,created,supply,627.51,627.86,1,pivot
2025-07-15T19:00:00Z,1266,rejection,supply,624.25,624.72,3,
2025-07-15T20:00:00Z,1265,touch,demand,621.2365542468508,622.602257395006,4,
2025-07-16T16:00:00Z,1231,age_expired,demand,575.6,575.98,1,
2025-07-16T16:00:00Z,1262,touch,demand,617.87,619.22,4,
2025-07-16T16:00:00Z,1262,rejection,demand,617.87,619.22,4,
2025-07-16T17:00:00Z,1265,rejection,demand,621.2365542468508,622.602257395006,4,
2025-07-16T19:00:00Z,1266,touch,supply,624.25,624.72,3,
2025-07-16T19:00:00Z,1262,merged,demand,617.87,619.22,4,pivot
2025-07-16T20:00:00Z,1266,rejection,supply,624.25,624.72,3,
2025-07-17T14:30:00Z,1266,broken,supply,624.25,624.72,3,
2025-07-17T14:30:00Z,1269,role_flip_retest,demand,624.49,624.86,3,
2025-07-17T15:00:00Z,1269,rejection,demand,624.49,624.86,3,
2025-07-17T16:00:00Z,1263,role_flip_retest,demand,625.9,626.28,3,
2025-07-17T16:00:00Z,1267,broken,supply,626.58,626.88,2,
2025-07-17T17:00:00Z,1271,touch,supply,627.51,627.86,1,
2025-07-17T17:00:00Z,1271,rejection,supply,627.51,627.86,1,
2025-07-17T18:00:00Z,1267,role_flip_retest,demand,626.58,626.88,3,
2025-07-17T19:00:00Z,1271,broken,supply,627.51,627.86,1,
2025-07-17T20:00:00Z,1232,age_expired,demand,578.43,580.1802115839588,2,
2025-07-17T20:00:00Z,1271,role_flip_retest,demand,627.51,627.86,2,
2025-07-17T20:00:00Z,1271,volume_confluence,demand,627.51,627.86,3,POC:2025-07-17:627.616875
2025-07-17T20:00:00Z,1271,qualified,demand,627.51,627.86,3,pivot|role_flip|volume_profile
2025-07-18T15:00:00Z,1271,broken,demand,627.51,627.86,3,
2025-07-18T17:00:00Z,1267,touch,demand,626.58,626.88,3,
2025-07-18T17:00:00Z,1271,role_flip_retest,supply,627.51,627.86,3,
2025-07-18T17:00:00Z,1273,created,supply,629.283795104737,629.47,1,pivot
2025-07-18T18:00:00Z,1267,rejection,demand,626.58,626.88,3,
2025-07-18T18:00:00Z,1271,rejection,supply,627.51,627.86,3,
2025-07-18T19:00:00Z,1267,rejection,demand,626.58,626.88,3,
2025-07-18T20:00:00Z,1271,touch,supply,627.51,627.86,3,
2025-07-21T14:30:00Z,1271,broken,supply,627.51,627.86,3,
2025-07-21T14:30:00Z,1273,broken,supply,629.283795104737,629.47,1,
2025-07-21T14:30:00Z,1267,merged,demand,626.46,626.88,4,pivot
2025-07-21T19:00:00Z,1275,created,supply,631.18,631.54,1,pivot
2025-07-21T20:00:00Z,1275,volume_confluence,supply,631.18,631.54,2,VAH:2025-07-21:631.473333
2025-07-21T20:00:00Z,1275,qualified,supply,631.18,631.54,2,pivot|volume_profile
2025-07-22T14:30:00Z,1263,touch,demand,625.9,626.28,3,
2025-07-22T14:30:00Z,1263,rejection,demand,625.9,626.28,3,
2025-07-22T14:30:00Z,1267,touch,demand,626.46,626.88,4,
2025-07-22T15:00:00Z,1263,rejection,demand,625.9,626.28,3,
2025-07-22T15:00:00Z,1267,rejection,demand,626.46,626.88,4,
2025-07-22T15:00:00Z,1271,role_flip_retest,demand,627.51,627.86,3,
2025-07-22T17:00:00Z,1267,merged,demand,626.19,626.88,4,pivot
2025-07-22T18:00:00Z,1271,rejection,demand,627.51,627.86,3,
2025-07-22T19:00:00Z,1271,rejection,demand,627.51,627.86,3,
2025-07-23T14:30:00Z,1275,touch,supply,631.18,631.54,2,
2025-07-23T14:30:00Z,1275,rejection,supply,631.18,631.54,2,
2025-07-23T15:00:00Z,1237,age_expired,demand,589.4343949325831,591.13,3,
2025-07-23T16:00:00Z,1275,broken,supply,631.18,631.54,2,
2025-07-23T17:00:00Z,1275,role_flip_retest,demand,631.18,631.54,3,
2025-07-23T18:00:00Z,1275,rejection,demand,631.18,631.54,3,
2025-07-24T20:00:00Z,1266,broken_zone_expired,supply,624.25,624.72,3,
2025-07-25T15:00:00Z,1277,created,supply,635.3896308096485,636.15,1,pivot
2025-07-25T15:00:00Z,1277,volume_confluence,supply,635.3896308096485,636.15,2,VAH:2025-07-24:635.745000
2025-07-25T15:00:00Z,1277,qualified,supply,635.3896308096485,636.15,2,pivot|volume_profile
2025-07-25T16:00:00Z,1277,touch,supply,635.3896308096485,636.15,2,
2025-07-25T17:00:00Z,1277,broken,supply,635.3896308096485,636.15,2,
2025-07-28T18:00:00Z,1278,created,supply,637.44,638.04,1,pivot
2025-07-28T18:00:00Z,1278,volume_confluence,supply,637.44,638.04,2,VAH:2025-07-25:637.522917
2025-07-28T18:00:00Z,1278,qualified,supply,637.44,638.04,2,pivot|volume_profile
2025-07-28T20:00:00Z,1273,broken_zone_expired,supply,629.283795104737,629.47,1,
2025-07-28T20:00:00Z,1277,role_flip_retest,demand,635.3896308096485,636.15,3,
2025-07-29T14:30:00Z,1278,touch,supply,637.44,638.04,2,
2025-07-29T15:00:00Z,1278,rejection,supply,637.44,638.04,2,
2025-07-29T15:00:00Z,1277,merged,demand,635.3896308096485,636.15,4,pivot
2025-07-29T16:00:00Z,1277,touch,demand,635.3896308096485,636.15,4,
2025-07-29T17:00:00Z,1277,rejection,demand,635.3896308096485,636.15,4,
2025-07-29T17:00:00Z,1280,created,supply,638.36,638.67,1,pivot
2025-07-29T19:00:00Z,1281,created,demand,634.69,635.3757114686631,1,pivot
2025-07-29T19:00:00Z,1281,volume_confluence,demand,634.69,635.3757114686631,2,POC:2025-07-24:635.295000
2025-07-29T19:00:00Z,1281,qualified,demand,634.69,635.3757114686631,2,pivot|volume_profile
2025-07-29T20:00:00Z,1277,broken,demand,635.3896308096485,636.15,4,
2025-07-29T20:00:00Z,1281,touch,demand,634.69,635.3757114686631,2,
2025-07-30T14:30:00Z,1281,rejection,demand,634.69,635.3757114686631,2,
2025-07-30T16:00:00Z,1281,touch,demand,634.69,635.3757114686631,2,
2025-07-30T16:00:00Z,1281,rejection,demand,634.69,635.3757114686631,2,
2025-07-30T16:00:00Z,1281,merged,demand,634.33,635.3757114686631,3,pivot
2025-07-30T19:00:00Z,1277,role_flip_retest,supply,635.3896308096485,636.15,4,
2025-07-30T19:00:00Z,1278,touch,supply,637.44,638.04,2,
2025-07-30T19:00:00Z,1278,rejection,supply,637.44,638.04,2,
2025-07-30T19:00:00Z,1281,broken,demand,634.33,635.3757114686631,3,
2025-07-30T19:00:00Z,1283,created,supply,636.47,636.95,1,order_block
2025-07-30T19:00:00Z,1283,volume_confluence,supply,636.47,636.95,2,VAH:2025-07-29:636.590417
2025-07-30T19:00:00Z,1283,qualified,supply,636.47,636.95,2,order_block|volume_profile
2025-07-30T20:00:00Z,1275,touch,demand,631.18,631.54,3,
2025-07-30T20:00:00Z,1275,rejection,demand,631.18,631.54,3,
2025-07-31T14:30:00Z,1277,broken,supply,635.3896308096485,636.15,4,
2025-07-31T14:30:00Z,1278,broken,supply,637.44,638.04,2,
2025-07-31T14:30:00Z,1280,broken,supply,638.36,638.67,1,
2025-07-31T14:30:00Z,1283,broken,supply,636.47,636.95,2,
2025-07-31T16:00:00Z,1277,role_flip_retest,demand,635.3896308096485,636.15,4,
2025-07-31T16:00:00Z,1283,role_flip_retest,demand,636.47,636.95,3,
2025-07-31T16:00:00Z,1275,merged,demand,631.18,632.637724886699,4,pivot
2025-07-31T17:00:00Z,1285,created,supply,639.47,639.85,1,pivot
2025-07-31T18:00:00Z,1277,broken,demand,635.3896308096485,636.15,4,
2025-07-31T18:00:00Z,1281,role_flip_retest,supply,634.33,635.3757114686631,4,
2025-07-31T18:00:00Z,1283,broken,demand,636.47,636.95,3,
2025-07-31T19:00:00Z,1275,touch,demand,631.18,632.637724886699,4,
2025-07-31T19:00:00Z,1275,rejection,demand,631.18,632.637724886699,4,
2025-07-31T19:00:00Z,1281,rejection,supply,634.33,635.3757114686631,4,
2025-07-31T20:00:00Z,1281,rejection,supply,634.33,635.3757114686631,4,
2025-07-31T20:00:00Z,1285,volume_confluence,supply,639.47,639.85,2,VAH:2025-07-31:639.660625
2025-07-31T20:00:00Z,1285,qualified,supply,639.47,639.85,2,pivot|volume_profile
2025-08-01T14:30:00Z,1263,broken,demand,625.9,626.28,3,
2025-08-01T14:30:00Z,1265,touch,demand,621.2365542468508,622.602257395006,4,
2025-08-01T14:30:00Z,1267,broken,demand,626.19,626.88,4,
2025-08-01T14:30:00Z,1269,broken,demand,624.49,624.86,3,
2025-08-01T14:30:00Z,1271,broken,demand,627.51,627.86,3,
2025-08-01T14:30:00Z,1275,broken,demand,631.18,632.637724886699,4,
2025-08-01T14:30:00Z,1281,merged,supply,633.47,635.3757114686631,5,order_block
2025-08-01T16:00:00Z,1265,rejection,demand,621.2365542468508,622.602257395006,4,
2025-08-01T17:00:00Z,1269,role_flip_retest,supply,624.49,624.86,3,
2025-08-01T18:00:00Z,1265,broken,demand,621.2365542468508,622.602257395006,4,
2025-08-01T18:00:00Z,1287,created,demand,619.65,621.2970754987267,1,pivot
2025-08-01T19:00:00Z,1287,touch,demand,619.65,621.2970754987267,1,
2025-08-01T19:00:00Z,1287,rejection,demand,619.65,621.2970754987267,1,
2025-08-01T20:00:00Z,1287,rejection,demand,619.65,621.2970754987267,1,
2025-08-01T20:00:00Z,1287,volume_confluence,demand,619.65,621.2970754987267,2,VAL:2025-08-01:620.611875
2025-08-01T20:00:00Z,1287,qualified,demand,619.65,621.2970754987267,2,pivot|volume_profile
2025-08-04T14:30:00Z,1269,broken,supply,624.49,624.86,3,
2025-08-04T15:00:00Z,1287,merged,demand,619.29,621.2970754987267,3,pivot
2025-08-04T20:00:00Z,1275,role_flip_retest,supply,631.18,632.637724886699,4,
2025-08-05T15:00:00Z,1247,age_expired,demand,603.4516144570921,603.72,3,
2025-08-05T15:00:00Z,1275,rejection,supply,631.18,632.637724886699,4,
2025-08-05T17:00:00Z,1275,merged,supply,631.18,632.637724886699,4,pivot
2025-08-05T18:00:00Z,1290,created,demand,627.04,627.91,1,pivot
2025-08-05T18:00:00Z,1290,volume_confluence,demand,627.04,627.91,2,VAL:2025-08-04:628.531875
2025-08-05T18:00:00Z,1290,qualified,demand,627.04,627.91,2,pivot|volume_profile
2025-08-05T19:00:00Z,1290,touch,demand,627.04,627.91,2,
2025-08-05T19:00:00Z,1290,rejection,demand,627.04,627.91,2,
2025-08-05T20:00:00Z,1290,rejection,demand,627.04,627.91,2,
2025-08-06T16:00:00Z,1275,touch,supply,631.18,632.637724886699,4,
2025-08-07T14:30:00Z,1275,broken,supply,631.18,632.637724886699,4,
2025-08-07T14:30:00Z,1281,broken,supply,633.47,635.3757114686631,5,
2025-08-07T15:00:00Z,1275,role_flip_retest,demand,631.18,632.637724886699,4,
2025-08-07T15:00:00Z,1277,role_flip_retest,supply,635.3896308096485,636.15,4,
2025-08-07T15:00:00Z,1283,role_flip_retest,supply,636.47,636.95,3,
2025-08-07T17:00:00Z,1283,merged,supply,636.47,636.98,4,pivot
2025-08-07T18:00:00Z,1275,broken,demand,631.18,632.637724886699,4,
2025-08-07T20:00:00Z,1278,broken_zone_expired,supply,637.44,638.04,2,
2025-08-07T20:00:00Z,1280,broken_zone_expired,supply,638.36,638.67,1,
2025-08-08T14:30:00Z,1277,touch,supply,635.3896308096485,636.15,4,
2025-08-08T14:30:00Z,1281,role_flip_retest,demand,633.47,635.3757114686631,5,
2025-08-08T15:00:00Z,1283,touch,supply,636.47,636.98,4,
2025-08-08T15:00:00Z,1283,rejection,supply,636.47,636.98,4,
2025-08-08T15:00:00Z,1292,created,demand,629.11,630.3825891531935,1,pivot
2025-08-08T15:00:00Z,1292,volume_confluence,demand,629.11,630.3825891531935,2,POC:2025-08-04:629.700625
2025-08-08T15:00:00Z,1292,qualified,demand,629.11,630.3825891531935,2,pivot|volume_profile
2025-08-08T16:00:00Z,1277,broken,supply,635.3896308096485,636.15,4,
2025-08-08T16:00:00Z,1281,touch,demand,633.47,635.3757114686631,5,
2025-08-08T16:00:00Z,1281,rejection,demand,633.47,635.3757114686631,5,
2025-08-08T16:00:00Z,1283,rejection,supply,636.47,636.98,4,
2025-08-08T18:00:00Z,1277,role_flip_retest,demand,635.3896308096485,636.15,4,
2025-08-08T18:00:00Z,1283,broken,supply,636.47,636.98,4,
2025-08-08T19:00:00Z,1283,role_flip_retest,demand,636.47,636.98,4,
2025-08-08T20:00:00Z,1263,broken_zone_expired,demand,625.9,626.28,3,
2025-08-08T20:00:00Z,1267,broken_zone_expired,demand,626.19,626.88,4,
2025-08-08T20:00:00Z,1271,broken_zone_expired,demand,627.51,627.86,3,
2025-08-08T20:00:00Z,1277,touch,demand,635.3896308096485,636.15,4,
2025-08-08T20:00:00Z,1277,rejection,demand,635.3896308096485,636.15,4,
2025-08-08T20:00:00Z,1283,rejection,demand,636.47,636.98,4,
2025-08-11T14:30:00Z,1283,rejection,demand,636.47,636.98,4,
2025-08-11T16:00:00Z,1283,rejection,demand,636.47,636.98,4,
2025-08-11T17:00:00Z,1265,broken_zone_expired,demand,621.2365542468508,622.602257395006,4,
2025-08-11T18:00:00Z,1283,touch,demand,636.47,636.98,4,
2025-08-11T19:00:00Z,1277,touch,demand,635.3896308096485,636.15,4,
2025-08-11T19:00:00Z,1277,rejection,demand,635.3896308096485,636.15,4,
2025-08-11T20:00:00Z,1254,age_expired,demand,591.89,594.04,3,
2025-08-11T20:00:00Z,1269,broken_zone_expired,supply,624.49,624.86,3,
2025-08-11T20:00:00Z,1281,touch,demand,633.47,635.3757114686631,5,
2025-08-11T20:00:00Z,1281,rejection,demand,633.47,635.3757114686631,5,
2025-08-11T20:00:00Z,1283,broken,demand,636.47,636.98,4,
2025-08-11T20:00:00Z,1293,created,supply,637.983833308364,638.95,1,pivot
2025-08-11T20:00:00Z,1293,volume_confluence,supply,637.983833308364,638.95,2,VAH:2025-08-11:637.788125
2025-08-11T20:00:00Z,1293,qualified,supply,637.983833308364,638.95,2,pivot|volume_profile
2025-08-12T14:30:00Z,1285,touch,supply,639.47,639.85,2,
2025-08-12T14:30:00Z,1285,rejection,supply,639.47,639.85,2,
2025-08-12T14:30:00Z,1293,touch,supply,637.983833308364,638.95,2,
2025-08-12T14:30:00Z,1293,rejection,supply,637.983833308364,638.95,2,
2025-08-12T15:00:00Z,1293,broken,supply,637.983833308364,638.95,2,
2025-08-12T16:00:00Z,1285,broken,supply,639.47,639.85,2,
2025-08-12T16:00:00Z,1277,merged,demand,634.66,636.15,4,pivot
2025-08-12T17:00:00Z,1255,age_expired,demand,591.89,594.5510838142202,2,
2025-08-13T17:00:00Z,1295,created,supply,645.62,646.19,1,pivot
2025-08-14T17:00:00Z,1296,created,demand,642.34,642.78,1,pivot
2025-08-14T17:00:00Z,1296,volume_confluence,demand,642.34,642.78,2,VAH:2025-08-12:642.723750
2025-08-14T17:00:00Z,1296,qualified,demand,642.34,642.78,2,pivot|volume_profile
2025-08-14T18:00:00Z,1295,merged,supply,644.74,646.19,2,pivot
2025-08-14T18:00:00Z,1295,qualified,supply,644.74,646.19,2,pivot|repeated_pivot
2025-08-14T18:00:00Z,1295,volume_confluence,supply,644.74,646.19,3,VAH:2025-08-13:644.946875
2025-08-14T19:00:00Z,1295,touch,supply,644.74,646.19,3,
2025-08-14T19:00:00Z,1295,rejection,supply,644.74,646.19,3,
2025-08-14T20:00:00Z,1258,age_expired,demand,605.54,606.24,2,
2025-08-15T14:30:00Z,1295,rejection,supply,644.74,646.19,3,
2025-08-15T16:00:00Z,1296,touch,demand,642.34,642.78,2,
2025-08-15T16:00:00Z,1296,rejection,demand,642.34,642.78,2,
2025-08-15T17:00:00Z,1275,broken_zone_expired,demand,631.18,632.637724886699,4,
2025-08-15T17:00:00Z,1295,merged,supply,644.74,646.19,3,pivot
2025-08-15T18:00:00Z,1295,touch,supply,644.74,646.19,3,
2025-08-15T19:00:00Z,1295,rejection,supply,644.74,646.19,3,
2025-08-15T19:00:00Z,1296,merged,demand,642.34,643.3510206587545,3,pivot
2025-08-15T20:00:00Z,1296,touch,demand,642.34,643.3510206587545,3,
2025-08-15T20:00:00Z,1296,rejection,demand,642.34,643.3510206587545,3,
2025-08-18T19:00:00Z,1259,age_expired,demand,615.97,616.39,3,
2025-08-18T19:00:00Z,1296,rejection,demand,642.34,643.3510206587545,3,
2025-08-18T20:00:00Z,1296,merged,demand,642.18,643.3510206587545,3,pivot
2025-08-19T14:30:00Z,1260,age_expired,demand,610.83,611.19,2,
2025-08-19T15:00:00Z,1296,broken,demand,642.18,643.3510206587545,3,
2025-08-19T16:00:00Z,1261,age_expired,demand,617.2745749394427,617.49,3,
2025-08-19T18:00:00Z,1293,role_flip_retest,demand,637.983833308364,638.95,3,
2025-08-19T18:00:00Z,1301,created,supply,643.2897262326155,644.11,1,pivot
2025-08-19T18:00:00Z,1301,volume_confluence,supply,643.2897262326155,644.11,2,POC:2025-08-13:643.776875
2025-08-19T18:00:00Z,1301,qualified,supply,643.2897262326155,644.11,2,pivot|volume_profile
2025-08-19T19:00:00Z,1283,broken_zone_expired,demand,636.47,636.98,4,
2025-08-19T19:00:00Z,1293,rejection,demand,637.983833308364,638.95,3,
2025-08-19T20:00:00Z,1293,rejection,demand,637.983833308364,638.95,3,
2025-08-20T14:30:00Z,1277,touch,demand,634.66,636.15,4,
2025-08-20T14:30:00Z,1281,touch,demand,633.47,635.3757114686631,5,
2025-08-20T14:30:00Z,1281,rejection,demand,633.47,635.3757114686631,5,
2025-08-20T14:30:00Z,1293,broken,demand,637.983833308364,638.95,3,
2025-08-20T14:30:00Z,1302,created,supply,639.12,639.91,1,order_block
2025-08-20T14:30:00Z,1302,volume_confluence,supply,639.12,639.91,2,VAL:2025-08-12:639.693750
2025-08-20T14:30:00Z,1302,qualified,supply,639.12,639.91,2,order_block|volume_profile
2025-08-20T15:00:00Z,1262,age_expired,demand,617.87,619.22,4,
2025-08-20T15:00:00Z,1277,broken,demand,634.66,636.15,4,
2025-08-20T15:00:00Z,1285,broken_zone_expired,supply,639.47,639.85,2,
2025-08-20T17:00:00Z,1281,rejection,demand,633.47,635.3757114686631,5,
2025-08-20T18:00:00Z,1303,created,demand,632.95,633.38,1,pivot
2025-08-20T19:00:00Z,1281,touch,demand,633.47,635.3757114686631,5,
2025-08-20T19:00:00Z,1281,rejection,demand,633.47,635.3757114686631,5,
2025-08-21T14:30:00Z,1281,touch,demand,633.47,635.3757114686631,5,
2025-08-21T15:00:00Z,1281,rejection,demand,633.47,635.3757114686631,5,
2025-08-21T16:00:00Z,1281,rejection,demand,633.47,635.3757114686631,5,
2025-08-21T16:00:00Z,1302,merged,supply,638.05,639.91,3,pivot
2025-08-21T18:00:00Z,1281,rejection,demand,633.47,635.3757114686631,5,
2025-08-21T19:00:00Z,1281,rejection,demand,633.47,635.3757114686631,5,
2025-08-21T20:00:00Z,1281,rejection,demand,633.47,635.3757114686631,5,
2025-08-22T14:30:00Z,1302,touch,supply,638.05,639.91,3,
2025-08-22T14:30:00Z,1281,merged,demand,633.47,635.3757114686631,5,pivot
2025-08-22T15:00:00Z,1295,touch,supply,644.74,646.19,3,
2025-08-22T15:00:00Z,1301,broken,supply,643.2897262326155,644.11,2,
2025-08-22T15:00:00Z,1302,broken,supply,638.05,639.91,3,
2025-08-22T15:00:00Z,1306,created,demand,635.08,636.11,1,order_block
2025-08-22T15:00:00Z,1306,volume_confluence,demand,635.08,636.11,2,POC:2025-08-21:635.283333
2025-08-22T15:00:00Z,1306,qualified,demand,635.08,636.11,2,order_block|volume_profile
2025-08-22T17:00:00Z,1295,rejection,supply,644.74,646.19,3,
2025-08-22T19:00:00Z,1295,merged,supply,644.74,646.5,3,pivot
2025-08-25T14:30:00Z,1301,role_flip_retest,demand,643.2897262326155,644.11,3,
2025-08-25T15:00:00Z,1301,rejection,demand,643.2897262326155,644.11,3,
2025-08-25T16:00:00Z,1295,touch,supply,644.74,646.5,3,
2025-08-25T17:00:00Z,1301,merged,demand,643.2897262326155,644.11,4,pivot
2025-08-25T18:00:00Z,1295,rejection,supply,644.74,646.5,3,
2025-08-25T18:00:00Z,1301,touch,demand,643.2897262326155,644.11,4,
2025-08-25T18:00:00Z,1301,rejection,demand,643.2897262326155,644.11,4,
2025-08-25T20:00:00Z,1301,broken,demand,643.2897262326155,644.11,4,
2025-08-26T17:00:00Z,1309,created,demand,641.57,642.2,1,pivot
2025-08-26T17:00:00Z,1309,volume_confluence,demand,641.57,642.2,2,VAH:2025-08-19:641.646875
2025-08-26T17:00:00Z,1309,qualified,demand,641.57,642.2,2,pivot|volume_profile
2025-08-26T18:00:00Z,1301,role_flip_retest,supply,643.2897262326155,644.11,4,
2025-08-26T20:00:00Z,1295,touch,supply,644.74,646.5,3,
2025-08-26T20:00:00Z,1301,broken,supply,643.2897262326155,644.11,4,
2025-08-27T14:30:00Z,1296,broken_zone_expired,demand,642.18,643.3510206587545,3,
2025-08-27T18:00:00Z,1295,broken,supply,644.74,646.5,3,
2025-08-27T20:00:00Z,1293,broken_zone_expired,demand,637.983833308364,638.95,3,
2025-08-27T20:00:00Z,1295,role_flip_retest,demand,644.74,646.5,4,
2025-08-28T14:30:00Z,1277,broken_zone_expired,demand,634.66,636.15,4,
2025-08-28T15:00:00Z,1295,rejection,demand,644.74,646.5,4,
2025-08-28T16:00:00Z,1295,rejection,demand,644.74,646.5,4,
2025-08-28T17:00:00Z,1310,created,demand,645.34,645.94,1,pivot
2025-08-28T17:00:00Z,1310,volume_confluence,demand,645.34,645.94,2,VAL:2025-08-27:645.833542
2025-08-28T17:00:00Z,1310,qualified,demand,645.34,645.94,2,pivot|volume_profile
2025-08-29T14:30:00Z,1295,touch,demand,644.74,646.5,4,
2025-08-29T14:30:00Z,1310,touch,demand,645.34,645.94,2,
2025-08-29T15:00:00Z,1295,broken,demand,644.74,646.5,4,
2025-08-29T15:00:00Z,1310,broken,demand,645.34,645.94,2,
2025-08-29T16:00:00Z,1295,role_flip_retest,supply,644.74,646.5,4,
2025-08-29T16:00:00Z,1311,created,supply,648.96,649.48,1,pivot
2025-08-29T16:00:00Z,1311,volume_confluence,supply,648.96,649.48,2,VAH:2025-08-28:649.393750
2025-08-29T16:00:00Z,1311,qualified,supply,648.96,649.48,2,pivot|volume_profile
2025-08-29T17:00:00Z,1295,rejection,supply,644.74,646.5,4,
2025-08-29T17:00:00Z,1301,role_flip_retest,demand,643.2897262326155,644.11,4,
2025-08-29T18:00:00Z,1295,rejection,supply,644.74,646.5,4,
2025-08-29T18:00:00Z,1301,rejection,demand,643.2897262326155,644.11,4,
2025-08-29T18:00:00Z,1301,merged,demand,643.14,644.11,4,pivot
2025-08-29T19:00:00Z,1295,rejection,supply,644.74,646.5,4,
2025-08-29T20:00:00Z,1301,touch,demand,643.14,644.11,4,
2025-08-29T20:00:00Z,1301,rejection,demand,643.14,644.11,4,
2025-09-02T14:30:00Z,1301,broken,demand,643.14,644.11,4,
2025-09-02T14:30:00Z,1302,broken_zone_expired,supply,638.05,639.91,3,
2025-09-02T14:30:00Z,1306,touch,demand,635.08,636.11,2,
2025-09-02T14:30:00Z,1306,rejection,demand,635.08,636.11,2,
2025-09-02T14:30:00Z,1309,broken,demand,641.57,642.2,2,
2025-09-02T16:00:00Z,1281,touch,demand,633.47,635.3757114686631,5,
2025-09-02T16:00:00Z,1306,touch,demand,635.08,636.11,2,
2025-09-02T17:00:00Z,1281,rejection,demand,633.47,635.3757114686631,5,
2025-09-02T17:00:00Z,1306,rejection,demand,635.08,636.11,2,
2025-09-02T19:00:00Z,1306,merged,demand,634.92,636.11,3,pivot
2025-09-03T14:30:00Z,1301,role_flip_retest,supply,643.14,644.11,4,
2025-09-03T16:00:00Z,1301,rejection,supply,643.14,644.11,4,
2025-09-03T18:00:00Z,1309,role_flip_retest,supply,641.57,642.2,3,
2025-09-03T19:00:00Z,1301,merged,supply,643.14,644.21,4,pivot
2025-09-03T20:00:00Z,1301,touch,supply,643.14,644.21,4,
2025-09-03T20:00:00Z,1309,broken,supply,641.57,642.2,3,
2025-09-04T14:30:00Z,1295,touch,supply,644.74,646.5,4,
2025-09-04T14:30:00Z,1301,broken,supply,643.14,644.21,4,
2025-09-04T15:00:00Z,1301,role_flip_retest,demand,643.14,644.21,4,
2025-09-04T15:00:00Z,1315,created,demand,640.46,640.88,1,pivot
2025-09-04T18:00:00Z,1295,broken,supply,644.74,646.5,4,
2025-09-04T20:00:00Z,1311,touch,supply,648.96,649.48,2,
2025-09-05T14:30:00Z,1311,broken,supply,648.96,649.48,2,
2025-09-05T15:00:00Z,1301,touch,demand,643.14,644.21,4,
2025-09-05T15:00:00Z,1310,role_flip_retest,supply,645.34,645.94,3,
2025-09-05T16:00:00Z,1301,rejection,demand,643.14,644.21,4,
2025-09-05T17:00:00Z,1310,broken,supply,645.34,645.94,3,
2025-09-05T17:00:00Z,1316,created,supply,651.46,652.21,1,pivot
2025-09-05T19:00:00Z,1310,role_flip_retest,demand,645.34,645.94,3,
2025-09-05T19:00:00Z,1301,merged,demand,643.14,644.21,4,pivot
2025-09-05T20:00:00Z,1295,role_flip_retest,demand,644.74,646.5,4,
2025-09-05T20:00:00Z,1310,rejection,demand,645.34,645.94,3,
2025-09-08T19:00:00Z,1318,created,supply,649.38,649.84,1,pivot
2025-09-08T19:00:00Z,1318,volume_confluence,supply,649.38,649.84,2,VAH:2025-09-04:649.032500
2025-09-08T19:00:00Z,1318,qualified,supply,649.38,649.84,2,pivot|volume_profile
2025-09-09T14:30:00Z,1318,touch,supply,649.38,649.84,2,
2025-09-09T14:30:00Z,1318,rejection,supply,649.38,649.84,2,
2025-09-09T15:00:00Z,1318,rejection,supply,649.38,649.84,2,
2025-09-09T18:00:00Z,1311,role_flip_retest,demand,648.96,649.48,3,
2025-09-09T18:00:00Z,1318,touch,supply,649.38,649.84,2,
2025-09-09T18:00:00Z,1319,created,demand,647.22,648.1717303789552,1,pivot
2025-09-09T18:00:00Z,1319,volume_confluence,demand,647.22,648.1717303789552,2,POC:2025-09-04:647.622500
2025-09-09T18:00:00Z,1319,qualified,demand,647.22,648.1717303789552,2,pivot|volume_profile
2025-09-09T20:00:00Z,1318,broken,supply,649.38,649.84,2,
2025-09-10T14:30:00Z,1316,broken,supply,651.46,652.21,1,
2025-09-10T17:00:00Z,1316,role_flip_retest,demand,651.46,652.21,2,
2025-09-10T18:00:00Z,1316,rejection,demand,651.46,652.21,2,
2025-09-10T18:00:00Z,1320,created,supply,653.6422876512122,654.55,1,pivot
2025-09-10T20:00:00Z,1316,rejection,demand,651.46,652.21,2,
2025-09-10T20:00:00Z,1316,volume_confluence,demand,651.46,652.21,3,VAL:2025-09-10:651.855000
2025-09-10T20:00:00Z,1316,qualified,demand,651.46,652.21,3,pivot|role_flip|volume_profile
2025-09-10T20:00:00Z,1320,volume_confluence,supply,653.6422876512122,654.55,2,VAH:2025-09-10:653.815000
2025-09-10T20:00:00Z,1320,qualified,supply,653.6422876512122,654.55,2,pivot|volume_profile
2025-09-11T14:30:00Z,1320,broken,supply,653.6422876512122,654.55,2,
2025-09-11T16:00:00Z,1316,merged,demand,650.63,652.21,4,pivot
2025-09-11T19:00:00Z,1309,broken_zone_expired,supply,641.57,642.2,3,
2025-09-11T19:00:00Z,1322,created,supply,657.21,657.8,1,pivot
2025-09-11T20:00:00Z,1322,touch,supply,657.21,657.8,1,
2025-09-11T20:00:00Z,1322,volume_confluence,supply,657.21,657.8,2,POC:2025-09-11:657.441250
2025-09-11T20:00:00Z,1322,qualified,supply,657.21,657.8,2,pivot|volume_profile
2025-09-12T14:30:00Z,1322,broken,supply,657.21,657.8,2,
2025-09-12T15:00:00Z,1322,role_flip_retest,demand,657.21,657.8,3,
2025-09-12T17:00:00Z,1322,rejection,demand,657.21,657.8,3,
2025-09-12T18:00:00Z,1322,rejection,demand,657.21,657.8,3,
2025-09-12T18:00:00Z,1323,created,supply,658.3218369851271,658.48,1,pivot
2025-09-12T18:00:00Z,1323,volume_confluence,supply,658.3218369851271,658.48,2,VAH:2025-09-11:658.231250
2025-09-12T18:00:00Z,1323,qualified,supply,658.3218369851271,658.48,2,pivot|volume_profile
2025-09-12T19:00:00Z,1323,broken,supply,658.3218369851271,658.48,2,
2025-09-12T20:00:00Z,1322,touch,demand,657.21,657.8,3,
2025-09-15T16:00:00Z,1322,merged,demand,656.9,657.8,4,pivot
2025-09-15T19:00:00Z,1325,created,supply,660.8793407854937,661.04,1,pivot
2025-09-15T20:00:00Z,1325,touch,supply,660.8793407854937,661.04,1,
2025-09-15T20:00:00Z,1325,rejection,supply,660.8793407854937,661.04,1,
2025-09-15T20:00:00Z,1325,volume_confluence,supply,660.8793407854937,661.04,2,VAH:2025-09-15:660.862917
2025-09-15T20:00:00Z,1325,qualified,supply,660.8793407854937,661.04,2,pivot|volume_profile
2025-09-16T14:30:00Z,1325,rejection,supply,660.8793407854937,661.04,2,
2025-09-16T15:00:00Z,1326,created,demand,659.34,660.0,1,pivot
2025-09-16T15:00:00Z,1326,volume_confluence,demand,659.34,660.0,2,VAL:2025-09-15:660.012917
2025-09-16T15:00:00Z,1326,qualified,demand,659.34,660.0,2,pivot|volume_profile
2025-09-16T16:00:00Z,1326,touch,demand,659.34,660.0,2,
2025-09-16T17:00:00Z,1327,created,supply,661.46,661.78,1,pivot
2025-09-16T18:00:00Z,1326,rejection,demand,659.34,660.0,2,
2025-09-16T19:00:00Z,1326,merged,demand,659.21,660.0,3,pivot
2025-09-16T20:00:00Z,1326,touch,demand,659.21,660.0,3,
2025-09-17T15:00:00Z,1281,age_expired,demand,633.47,635.3757114686631,5,
2025-09-17T17:00:00Z,1326,broken,demand,659.21,660.0,3,
2025-09-17T18:00:00Z,1323,role_flip_retest,demand,658.3218369851271,658.48,3,
2025-09-17T19:00:00Z,1318,broken_zone_expired,supply,649.38,649.84,2,
2025-09-17T19:00:00Z,1320,role_flip_retest,demand,653.6422876512122,654.55,3,
2025-09-17T19:00:00Z,1322,touch,demand,656.9,657.8,4,
2025-09-17T19:00:00Z,1323,broken,demand,658.3218369851271,658.48,3,
2025-09-17T19:00:00Z,1325,touch,supply,660.8793407854937,661.04,2,
2025-09-17T19:00:00Z,1325,rejection,supply,660.8793407854937,661.04,2,
2025-09-17T19:00:00Z,1326,role_flip_retest,supply,659.21,660.0,4,
2025-09-17T19:00:00Z,1327,touch,supply,661.46,661.78,1,
2025-09-17T19:00:00Z,1327,rejection,supply,661.46,661.78,1,
2025-09-17T19:00:00Z,1329,created,supply,658.31,659.66,1,order_block
2025-09-17T19:00:00Z,1329,volume_confluence,supply,658.31,659.66,2,VAH:2025-09-12:658.419375
2025-09-17T19:00:00Z,1329,qualified,supply,658.31,659.66,2,order_block|volume_profile
2025-09-17T20:00:00Z,1322,rejection,demand,656.9,657.8,4,
2025-09-17T20:00:00Z,1326,rejection,supply,659.21,660.0,4,
2025-09-17T20:00:00Z,1329,touch,supply,658.31,659.66,2,
2025-09-18T14:30:00Z,1325,broken,supply,660.8793407854937,661.04,2,
2025-09-18T14:30:00Z,1326,broken,supply,659.21,660.0,4,
2025-09-18T14:30:00Z,1327,broken,supply,661.46,661.78,1,
2025-09-18T14:30:00Z,1329,broken,supply,658.31,659.66,2,
2025-09-18T15:00:00Z,1320,merged,demand,653.6422876512122,655.3360833037979,4,pivot
2025-09-18T18:00:00Z,1331,created,supply,663.8630429961938,664.89,1,pivot
2025-09-18T20:00:00Z,1331,volume_confluence,supply,663.8630429961938,664.89,2,VAH:2025-09-18:663.638750
2025-09-18T20:00:00Z,1331,qualified,supply,663.8630429961938,664.89,2,pivot|volume_profile
2025-09-19T14:30:00Z,1327,role_flip_retest,demand,661.46,661.78,2,
2025-09-19T14:30:00Z,1327,volume_confluence,demand,661.46,661.78,3,VAL:2025-09-18:661.906250
2025-09-19T14:30:00Z,1327,qualified,demand,661.46,661.78,3,pivot|role_flip|volume_profile
2025-09-19T15:00:00Z,1325,role_flip_retest,demand,660.8793407854937,661.04,3,
2025-09-19T16:00:00Z,1325,rejection,demand,660.8793407854937,661.04,3,
2025-09-19T17:00:00Z,1327,rejection,demand,661.46,661.78,3,
2025-09-19T19:00:00Z,1325,merged,demand,660.37,661.2278634606959,4,pivot
2025-09-19T20:00:00Z,1331,touch,supply,663.8630429961938,664.89,2,
2025-09-19T20:00:00Z,1331,rejection,supply,663.8630429961938,664.89,2,
2025-09-22T14:30:00Z,1287,age_expired,demand,619.29,621.2970754987267,3,
2025-09-22T15:00:00Z,1331,broken,supply,663.8630429961938,664.89,2,
2025-09-22T17:00:00Z,1331,role_flip_retest,demand,663.8630429961938,664.89,3,
2025-09-23T17:00:00Z,1331,touch,demand,663.8630429961938,664.89,3,
2025-09-23T17:00:00Z,1331,rejection,demand,663.8630429961938,664.89,3,
2025-09-23T17:00:00Z,1333,created,supply,666.89,667.34,1,pivot
2025-09-23T17:00:00Z,1333,volume_confluence,supply,666.89,667.34,2,VAH:2025-09-22:667.183333
2025-09-23T17:00:00Z,1333,qualified,supply,666.89,667.34,2,pivot|volume_profile
2025-09-23T18:00:00Z,1331,broken,demand,663.8630429961938,664.89,3,
2025-09-24T14:30:00Z,1290,age_expired,demand,627.04,627.91,2,
2025-09-24T14:30:00Z,1331,role_flip_retest,supply,663.8630429961938,664.89,3,
2025-09-24T15:00:00Z,1327,merged,demand,661.46,662.1521605218844,4,pivot
2025-09-24T16:00:00Z,1325,touch,demand,660.37,661.2278634606959,4,
2025-09-24T16:00:00Z,1327,broken,demand,661.46,662.1521605218844,4,
2025-09-24T16:00:00Z,1335,created,supply,662.1,663.54,1,order_block
2025-09-24T16:00:00Z,1335,volume_confluence,supply,662.1,663.54,2,POC:2025-09-18:662.483750
2025-09-24T16:00:00Z,1335,qualified,supply,662.1,663.54,2,order_block|volume_profile
2025-09-24T17:00:00Z,1326,role_flip_retest,demand,659.21,660.0,4,
2025-09-24T18:00:00Z,1327,role_flip_retest,supply,661.46,662.1521605218844,4,
2025-09-24T19:00:00Z,1326,touch,demand,659.21,660.0,4,
2025-09-24T19:00:00Z,1326,rejection,demand,659.21,660.0,4,
2025-09-24T20:00:00Z,1326,merged,demand,659.21,660.39,4,pivot
2025-09-25T14:30:00Z,1320,touch,demand,653.6422876512122,655.3360833037979,4,
2025-09-25T14:30:00Z,1320,rejection,demand,653.6422876512122,655.3360833037979,4,
2025-09-25T14:30:00Z,1322,broken,demand,656.9,657.8,4,
2025-09-25T14:30:00Z,1325,broken,demand,660.37,661.2278634606959,4,
2025-09-25T14:30:00Z,1326,broken,demand,659.21,660.39,4,
2025-09-25T14:30:00Z,1327,merged,supply,660.56,662.1521605218844,5,order_block
2025-09-25T16:00:00Z,1326,role_flip_retest,supply,659.21,660.39,4,
2025-09-25T17:00:00Z,1323,role_flip_retest,supply,658.3218369851271,658.48,3,
2025-09-25T17:00:00Z,1326,rejection,supply,659.21,660.39,4,
2025-09-25T17:00:00Z,1338,created,demand,655.08,655.64,1,pivot
2025-09-25T18:00:00Z,1322,role_flip_retest,supply,656.9,657.8,4,
2025-09-25T18:00:00Z,1323,rejection,supply,658.3218369851271,658.48,3,
2025-09-25T18:00:00Z,1338,touch,demand,655.08,655.64,1,
2025-09-25T19:00:00Z,1320,touch,demand,653.6422876512122,655.3360833037979,4,
2025-09-25T19:00:00Z,1320,rejection,demand,653.6422876512122,655.3360833037979,4,
2025-09-25T19:00:00Z,1338,rejection,demand,655.08,655.64,1,
2025-09-25T20:00:00Z,1322,broken,supply,656.9,657.8,4,
2025-09-25T20:00:00Z,1329,broken_zone_expired,supply,658.31,659.66,2,
2025-09-25T20:00:00Z,1338,volume_confluence,demand,655.08,655.64,2,VAL:2025-09-25:655.965625
2025-09-25T20:00:00Z,1338,qualified,demand,655.08,655.64,2,pivot|volume_profile
2025-09-26T14:30:00Z,1323,broken,supply,658.3218369851271,658.48,3,
2025-09-26T14:30:00Z,1326,broken,supply,659.21,660.39,4,
2025-09-26T14:30:00Z,1327,touch,supply,660.56,662.1521605218844,5,
2025-09-26T15:00:00Z,1325,role_flip_retest,supply,660.37,661.2278634606959,4,
2025-09-26T15:00:00Z,1327,rejection,supply,660.56,662.1521605218844,5,
2025-09-26T15:00:00Z,1335,touch,supply,662.1,663.54,2,
2025-09-26T15:00:00Z,1335,rejection,supply,662.1,663.54,2,
2025-09-26T15:00:00Z,1338,merged,demand,654.4,655.64,3,pivot
2025-09-26T16:00:00Z,1323,role_flip_retest,demand,658.3218369851271,658.48,3,
2025-09-26T17:00:00Z,1325,touch,supply,660.37,661.2278634606959,4,
2025-09-26T17:00:00Z,1326,role_flip_retest,demand,659.21,660.39,4,
2025-09-26T17:00:00Z,1327,touch,supply,660.56,662.1521605218844,5,
2025-09-26T18:00:00Z,1292,age_expired,demand,629.11,630.3825891531935,2,
2025-09-26T18:00:00Z,1325,broken,supply,660.37,661.2278634606959,4,
2025-09-26T18:00:00Z,1327,merged,supply,660.56,662.37,5,pivot
2025-09-26T19:00:00Z,1325,role_flip_retest,demand,660.37,661.2278634606959,4,
2025-09-26T19:00:00Z,1335,touch,supply,662.1,663.54,2,
2025-09-26T19:00:00Z,1335,rejection,supply,662.1,663.54,2,
2025-09-26T20:00:00Z,1325,rejection,demand,660.37,661.2278634606959,4,
2025-09-29T14:30:00Z,1327,broken,supply,660.56,662.37,5,
2025-09-29T14:30:00Z,1331,touch,supply,663.8630429961938,664.89,3,
2025-09-29T14:30:00Z,1335,broken,supply,662.1,663.54,2,
2025-09-29T16:00:00Z,1331,rejection,supply,663.8630429961938,664.89,3,
2025-09-29T18:00:00Z,1327,role_flip_retest,demand,660.56,662.37,5,
2025-09-29T18:00:00Z,1331,merged,supply,663.8630429961938,665.28,4,pivot
2025-09-29T20:00:00Z,1327,touch,demand,660.56,662.37,5,
2025-09-29T20:00:00Z,1327,rejection,demand,660.56,662.37,5,
2025-09-29T20:00:00Z,1335,role_flip_retest,demand,662.1,663.54,3,
2025-09-30T14:30:00Z,1327,rejection,demand,660.56,662.37,5,
2025-09-30T15:00:00Z,1327,rejection,demand,660.56,662.37,5,
2025-09-30T16:00:00Z,1327,rejection,demand,660.56,662.37,5,
2025-09-30T17:00:00Z,1331,touch,supply,663.8630429961938,665.28,4,
2025-09-30T17:00:00Z,1331,rejection,supply,663.8630429961938,665.28,4,
2025-09-30T18:00:00Z,1327,touch,demand,660.56,662.37,5,
2025-09-30T18:00:00Z,1327,rejection,demand,660.56,662.37,5,
2025-09-30T19:00:00Z,1331,touch,supply,663.8630429961938,665.28,4,
2025-09-30T19:00:00Z,1335,rejection,demand,662.1,663.54,3,
2025-09-30T19:00:00Z,1342,created,demand,661.61,662.6076249298369,1,pivot
2025-09-30T19:00:00Z,1342,volume_confluence,demand,661.61,662.6076249298369,2,POC:2025-09-23:662.091667
2025-09-30T19:00:00Z,1342,qualified,demand,661.61,662.6076249298369,2,pivot|volume_profile
2025-09-30T20:00:00Z,1331,broken,supply,663.8630429961938,665.28,4,
2025-10-01T14:30:00Z,1335,touch,demand,662.1,663.54,3,
2025-10-01T14:30:00Z,1335,rejection,demand,662.1,663.54,3,
2025-10-01T15:00:00Z,1331,role_flip_retest,demand,663.8630429961938,665.28,4,
2025-10-01T15:00:00Z,1335,rejection,demand,662.1,663.54,3,
2025-10-01T16:00:00Z,1333,touch,supply,666.89,667.34,2,
2025-10-01T18:00:00Z,1333,broken,supply,666.89,667.34,2,
2025-10-01T20:00:00Z,1295,age_expired,demand,644.74,646.5,4,
2025-10-02T16:00:00Z,1333,role_flip_retest,demand,666.89,667.34,3,
2025-10-02T17:00:00Z,1343,created,supply,670.365608886848,670.57,1,pivot
2025-10-02T19:00:00Z,1333,merged,demand,666.78,667.57,4,pivot
2025-10-03T14:30:00Z,1343,broken,supply,670.365608886848,670.57,1,
2025-10-03T15:00:00Z,1343,role_flip_retest,demand,670.365608886848,670.57,2,
2025-10-03T18:00:00Z,1343,broken,demand,670.365608886848,670.57,2,
2025-10-03T19:00:00Z,1322,broken_zone_expired,supply,656.9,657.8,4,
2025-10-03T19:00:00Z,1343,role_flip_retest,supply,670.365608886848,670.57,2,
2025-10-03T20:00:00Z,1345,created,supply,672.4671980567448,672.68,1,pivot
2025-10-03T20:00:00Z,1343,volume_confluence,supply,670.365608886848,670.57,3,POC:2025-10-03:669.949167
2025-10-03T20:00:00Z,1343,qualified,supply,670.365608886848,670.57,3,pivot|role_flip|volume_profile
2025-10-06T14:30:00Z,1343,touch,supply,670.365608886848,670.57,3,
2025-10-06T14:30:00Z,1343,rejection,supply,670.365608886848,670.57,3,
2025-10-06T14:30:00Z,1346,created,demand,668.16,669.1619249370682,1,pivot
2025-10-06T14:30:00Z,1346,volume_confluence,demand,668.16,669.1619249370682,2,POC:2025-10-01:668.449792
2025-10-06T14:30:00Z,1346,qualified,demand,668.16,669.1619249370682,2,pivot|volume_profile
2025-10-06T14:30:00Z,1303,capacity_expired,demand,632.95,633.38,1,
2025-10-06T15:00:00Z,1343,broken,supply,670.365608886848,670.57,3,
2025-10-06T19:00:00Z,1345,touch,supply,672.4671980567448,672.68,1,
2025-10-06T19:00:00Z,1345,rejection,supply,672.4671980567448,672.68,1,
2025-10-06T20:00:00Z,1345,volume_confluence,supply,672.4671980567448,672.68,2,VAH:2025-10-06:672.446250
2025-10-06T20:00:00Z,1345,qualified,supply,672.4671980567448,672.68,2,pivot|volume_profile
2025-10-07T14:30:00Z,1345,touch,supply,672.4671980567448,672.68,2,
2025-10-07T14:30:00Z,1345,rejection,supply,672.4671980567448,672.68,2,
2025-10-07T16:00:00Z,1346,touch,demand,668.16,669.1619249370682,2,
2025-10-07T16:00:00Z,1345,merged,supply,671.72,672.68,3,order_block
2025-10-07T17:00:00Z,1345,merged,supply,671.72,672.99,4,pivot
2025-10-07T20:00:00Z,1346,merged,demand,667.67,669.1619249370682,3,pivot
2025-10-08T14:30:00Z,1301,age_expired,demand,643.14,644.21,4,
2025-10-08T15:00:00Z,1343,role_flip_retest,demand,670.365608886848,670.57,3,
2025-10-08T15:00:00Z,1345,touch,supply,671.72,672.99,4,
2025-10-09T15:00:00Z,1343,touch,demand,670.365608886848,670.57,3,
2025-10-09T15:00:00Z,1343,rejection,demand,670.365608886848,670.57,3,
2025-10-09T15:00:00Z,1345,rejection,supply,671.72,672.99,4,
2025-10-09T16:00:00Z,1343,rejection,demand,670.365608886848,670.57,3,
2025-10-09T16:00:00Z,1345,rejection,supply,671.72,672.99,4,
2025-10-09T17:00:00Z,1343,broken,demand,670.365608886848,670.57,3,
2025-10-09T17:00:00Z,1350,created,supply,673.52,673.94,1,pivot
2025-10-09T17:00:00Z,1350,volume_confluence,supply,673.52,673.94,2,VAH:2025-10-08:673.131042
2025-10-09T17:00:00Z,1350,qualified,supply,673.52,673.94,2,pivot|volume_profile
2025-10-09T18:00:00Z,1343,role_flip_retest,supply,670.365608886848,670.57,3,
2025-10-09T20:00:00Z,1343,broken,supply,670.365608886848,670.57,3,
2025-10-10T14:30:00Z,1345,touch,supply,671.72,672.99,4,
2025-10-10T14:30:00Z,1350,touch,supply,673.52,673.94,2,
2025-10-10T14:30:00Z,1350,rejection,supply,673.52,673.94,2,
2025-10-10T14:30:00Z,1351,created,demand,669.21,669.8,1,pivot
2025-10-10T14:30:00Z,1351,volume_confluence,demand,669.21,669.8,2,VAH:2025-10-02:669.701458
2025-10-10T14:30:00Z,1351,qualified,demand,669.21,669.8,2,pivot|volume_profile
2025-10-10T15:00:00Z,1345,rejection,supply,671.72,672.99,4,
2025-10-10T15:00:00Z,1346,touch,demand,667.67,669.1619249370682,3,
2025-10-10T15:00:00Z,1351,touch,demand,669.21,669.8,2,
2025-10-10T15:00:00Z,1350,merged,supply,672.14,673.95,3,order_block
2025-10-10T16:00:00Z,1325,touch,demand,660.37,661.2278634606959,4,
2025-10-10T16:00:00Z,1325,rejection,demand,660.37,661.2278634606959,4,
2025-10-10T16:00:00Z,1326,touch,demand,659.21,660.39,4,
2025-10-10T16:00:00Z,1326,rejection,demand,659.21,660.39,4,
2025-10-10T16:00:00Z,1327,touch,demand,660.56,662.37,5,
2025-10-10T16:00:00Z,1331,broken,demand,663.8630429961938,665.28,4,
2025-10-10T16:00:00Z,1333,broken,demand,666.78,667.57,4,
2025-10-10T16:00:00Z,1335,broken,demand,662.1,663.54,3,
2025-10-10T16:00:00Z,1342,touch,demand,661.61,662.6076249298369,2,
2025-10-10T16:00:00Z,1346,broken,demand,667.67,669.1619249370682,3,
2025-10-10T16:00:00Z,1351,broken,demand,669.21,669.8,2,
2025-10-10T16:00:00Z,1350,merged,supply,672.14,673.95,3,order_block
2025-10-10T17:00:00Z,1325,broken,demand,660.37,661.2278634606959,4,
2025-10-10T17:00:00Z,1327,broken,demand,660.56,662.37,5,
2025-10-10T17:00:00Z,1335,role_flip_retest,supply,662.1,663.54,3,
2025-10-10T17:00:00Z,1342,broken,demand,661.61,662.6076249298369,2,
2025-10-10T17:00:00Z,1350,merged,supply,672.14,673.95,4,pivot
2025-10-10T18:00:00Z,1306,age_expired,demand,634.92,636.11,3,
2025-10-10T18:00:00Z,1323,touch,demand,658.3218369851271,658.48,3,
2025-10-10T18:00:00Z,1323,rejection,demand,658.3218369851271,658.48,3,
2025-10-10T18:00:00Z,1325,role_flip_retest,supply,660.37,661.2278634606959,4,
2025-10-10T18:00:00Z,1327,role_flip_retest,supply,660.56,662.37,5,
2025-10-10T19:00:00Z,1323,broken,demand,658.3218369851271,658.48,3,
2025-10-10T19:00:00Z,1326,broken,demand,659.21,660.39,4,
2025-10-10T20:00:00Z,1320,broken,demand,653.6422876512122,655.3360833037979,4,
2025-10-10T20:00:00Z,1338,broken,demand,654.4,655.64,3,
2025-10-10T20:00:00Z,1325,merged,supply,659.11,661.2278634606959,5,order_block
2025-10-13T14:30:00Z,1325,broken,supply,659.11,661.2278634606959,5,
2025-10-13T14:30:00Z,1327,broken,supply,660.56,662.37,5,
2025-10-13T14:30:00Z,1335,touch,supply,662.1,663.54,3,
2025-10-13T15:00:00Z,1335,rejection,supply,662.1,663.54,3,
2025-10-13T15:00:00Z,1342,role_flip_retest,supply,661.61,662.6076249298369,3,
2025-10-13T16:00:00Z,1325,role_flip_retest,demand,659.11,661.2278634606959,5,
2025-10-13T16:00:00Z,1327,role_flip_retest,demand,660.56,662.37,5,
2025-10-13T16:00:00Z,1342,broken,supply,661.61,662.6076249298369,3,
2025-10-13T16:00:00Z,1316,merged,demand,650.63,653.2408669900709,4,pivot
2025-10-13T17:00:00Z,1335,broken,supply,662.1,663.54,3,
2025-10-13T18:00:00Z,1327,touch,demand,660.56,662.37,5,
2025-10-13T18:00:00Z,1327,rejection,demand,660.56,662.37,5,
2025-10-13T18:00:00Z,1331,role_flip_retest,supply,663.8630429961938,665.28,4,
2025-10-13T18:00:00Z,1342,role_flip_retest,demand,661.61,662.6076249298369,3,
2025-10-13T19:00:00Z,1331,rejection,supply,663.8630429961938,665.28,4,
2025-10-13T20:00:00Z,1327,rejection,demand,660.56,662.37,5,
2025-10-13T20:00:00Z,1342,rejection,demand,661.61,662.6076249298369,3,
2025-10-13T20:00:00Z,1331,merged,supply,663.8630429961938,665.28,4,pivot
2025-10-14T14:30:00Z,1316,touch,demand,650.63,653.2408669900709,4,
2025-10-14T14:30:00Z,1316,rejection,demand,650.63,653.2408669900709,4,
2025-10-14T14:30:00Z,1325,broken,demand,659.11,661.2278634606959,5,
2025-10-14T14:30:00Z,1327,broken,demand,660.56,662.37,5,
2025-10-14T14:30:00Z,1342,broken,demand,661.61,662.6076249298369,3,
2025-10-14T17:00:00Z,1331,touch,supply,663.8630429961938,665.28,4,
2025-10-14T17:00:00Z,1335,role_flip_retest,demand,662.1,663.54,3,
2025-10-14T17:00:00Z,1358,created,demand,653.17,655.1606525479809,1,pivot
2025-10-14T20:00:00Z,1331,rejection,supply,663.8630429961938,665.28,4,
2025-10-14T20:00:00Z,1335,touch,demand,662.1,663.54,3,
2025-10-15T14:30:00Z,1331,broken,supply,663.8630429961938,665.28,4,
2025-10-15T15:00:00Z,1351,role_flip_retest,supply,669.21,669.8,3,
2025-10-15T16:00:00Z,1333,role_flip_retest,supply,666.78,667.57,4,
2025-10-15T16:00:00Z,1346,role_flip_retest,supply,667.67,669.1619249370682,4,
2025-10-15T18:00:00Z,1335,touch,demand,662.1,663.54,3,
2025-10-15T18:00:00Z,1335,rejection,demand,662.1,663.54,3,
2025-10-15T18:00:00Z,1351,merged,supply,669.02,670.23,4,pivot
2025-10-15T19:00:00Z,1331,role_flip_retest,demand,663.8630429961938,665.28,4,
2025-10-15T19:00:00Z,1335,rejection,demand,662.1,663.54,3,
2025-10-15T20:00:00Z,1335,rejection,demand,662.1,663.54,3,
2025-10-16T14:30:00Z,1333,touch,supply,666.78,667.57,4,
2025-10-16T14:30:00Z,1333,rejection,supply,666.78,667.57,4,
2025-10-16T14:30:00Z,1346,touch,supply,667.67,669.1619249370682,4,
2025-10-16T14:30:00Z,1346,rejection,supply,667.67,669.1619249370682,4,
2025-10-16T14:30:00Z,1360,created,demand,658.93,660.8632084684074,1,pivot
2025-10-16T14:30:00Z,1360,volume_confluence,demand,658.93,660.8632084684074,2,POC:2025-10-10:659.436875
2025-10-16T14:30:00Z,1360,qualified,demand,658.93,660.8632084684074,2,pivot|volume_profile
2025-10-16T15:00:00Z,1346,rejection,supply,667.67,669.1619249370682,4,
2025-10-16T16:00:00Z,1331,touch,demand,663.8630429961938,665.28,4,
2025-10-16T16:00:00Z,1333,rejection,supply,666.78,667.57,4,
2025-10-16T16:00:00Z,1346,rejection,supply,667.67,669.1619249370682,4,
2025-10-16T17:00:00Z,1331,broken,demand,663.8630429961938,665.28,4,
2025-10-16T17:00:00Z,1335,touch,demand,662.1,663.54,3,
2025-10-16T17:00:00Z,1360,touch,demand,658.93,660.8632084684074,2,
2025-10-16T17:00:00Z,1360,rejection,demand,658.93,660.8632084684074,2,
2025-10-16T18:00:00Z,1331,role_flip_retest,supply,663.8630429961938,665.28,4,
2025-10-16T18:00:00Z,1335,broken,demand,662.1,663.54,3,
2025-10-16T18:00:00Z,1346,merged,supply,667.09,669.1619249370682,4,pivot
2025-10-16T19:00:00Z,1327,role_flip_retest,supply,660.56,662.37,5,
2025-10-16T19:00:00Z,1342,role_flip_retest,supply,661.61,662.6076249298369,3,
2025-10-16T19:00:00Z,1360,touch,demand,658.93,660.8632084684074,2,
2025-10-16T20:00:00Z,1310,age_expired,demand,645.34,645.94,3,
2025-10-17T14:30:00Z,1335,role_flip_retest,supply,662.1,663.54,3,
2025-10-17T14:30:00Z,1342,touch,supply,661.61,662.6076249298369,3,
2025-10-17T14:30:00Z,1342,rejection,supply,661.61,662.6076249298369,3,
2025-10-17T15:00:00Z,1327,rejection,supply,660.56,662.37,5,
2025-10-17T15:00:00Z,1335,rejection,supply,662.1,663.54,3,
2025-10-17T15:00:00Z,1342,rejection,supply,661.61,662.6076249298369,3,
2025-10-17T15:00:00Z,1360,merged,demand,657.11,660.8632084684074,3,pivot
2025-10-17T16:00:00Z,1335,rejection,supply,662.1,663.54,3,
2025-10-17T16:00:00Z,1360,rejection,demand,657.11,660.8632084684074,3,
2025-10-17T17:00:00Z,1335,rejection,supply,662.1,663.54,3,
2025-10-17T18:00:00Z,1327,broken,supply,660.56,662.37,5,
2025-10-17T18:00:00Z,1342,broken,supply,661.61,662.6076249298369,3,
2025-10-17T18:00:00Z,1360,touch,demand,657.11,660.8632084684074,3,
2025-10-17T18:00:00Z,1360,rejection,demand,657.11,660.8632084684074,3,
2025-10-17T19:00:00Z,1311,age_expired,demand,648.96,649.48,3,
2025-10-17T19:00:00Z,1331,touch,supply,663.8630429961938,665.28,4,
2025-10-17T19:00:00Z,1335,broken,supply,662.1,663.54,3,
2025-10-17T19:00:00Z,1343,broken_zone_expired,supply,670.365608886848,670.57,3,
2025-10-20T14:30:00Z,1331,broken,supply,663.8630429961938,665.28,4,
2025-10-20T14:30:00Z,1333,broken,supply,666.78,667.57,4,
2025-10-20T14:30:00Z,1346,touch,supply,667.09,669.1619249370682,4,
2025-10-20T14:30:00Z,1351,touch,supply,669.02,670.23,4,
2025-10-20T14:30:00Z,1351,rejection,supply,669.02,670.23,4,
2025-10-20T15:00:00Z,1346,broken,supply,667.09,669.1619249370682,4,
2025-10-20T15:00:00Z,1351,broken,supply,669.02,670.23,4,
2025-10-20T16:00:00Z,1351,role_flip_retest,demand,669.02,670.23,4,
2025-10-20T17:00:00Z,1351,rejection,demand,669.02,670.23,4,
2025-10-20T18:00:00Z,1323,broken_zone_expired,demand,658.3218369851271,658.48,3,
2025-10-20T18:00:00Z,1326,broken_zone_expired,demand,659.21,660.39,4,
2025-10-20T18:00:00Z,1345,touch,supply,671.72,672.99,4,
2025-10-20T19:00:00Z,1320,broken_zone_expired,demand,653.6422876512122,655.3360833037979,4,
2025-10-20T19:00:00Z,1338,broken_zone_expired,demand,654.4,655.64,3,
2025-10-20T19:00:00Z,1345,rejection,supply,671.72,672.99,4,
2025-10-20T19:00:00Z,1350,touch,supply,672.14,673.95,4,
2025-10-20T19:00:00Z,1350,rejection,supply,672.14,673.95,4,
2025-10-20T20:00:00Z,1345,rejection,supply,671.72,672.99,4,
2025-10-21T14:30:00Z,1345,rejection,supply,671.72,672.99,4,
2025-10-21T14:30:00Z,1351,touch,demand,669.02,670.23,4,
2025-10-21T14:30:00Z,1351,rejection,demand,669.02,670.23,4,
2025-10-21T15:00:00Z,1350,touch,supply,672.14,673.95,4,
2025-10-21T15:00:00Z,1351,rejection,demand,669.02,670.23,4,
2025-10-21T17:00:00Z,1345,rejection,supply,671.72,672.99,4,
2025-10-21T17:00:00Z,1350,rejection,supply,672.14,673.95,4,
2025-10-21T18:00:00Z,1351,merged,demand,669.02,670.56,4,pivot
2025-10-21T19:00:00Z,1350,rejection,supply,672.14,673.95,4,
2025-10-21T20:00:00Z,1325,broken_zone_expired,demand,659.11,661.2278634606959,5,
2025-10-21T20:00:00Z,1345,rejection,supply,671.72,672.99,4,
2025-10-21T20:00:00Z,1350,rejection,supply,672.14,673.95,4,
2025-10-21T20:00:00Z,1345,merged,supply,671.72,672.99,4,pivot
2025-10-22T14:30:00Z,1345,rejection,supply,671.72,672.99,4,
2025-10-22T14:30:00Z,1351,touch,demand,669.02,670.56,4,
2025-10-22T14:30:00Z,1351,rejection,demand,669.02,670.56,4,
2025-10-22T15:00:00Z,1346,role_flip_retest,demand,667.09,669.1619249370682,4,
2025-10-22T16:00:00Z,1333,role_flip_retest,demand,666.78,667.57,4,
2025-10-22T17:00:00Z,1331,role_flip_retest,demand,663.8630429961938,665.28,4,
2025-10-22T17:00:00Z,1351,broken,demand,669.02,670.56,4,
2025-10-22T18:00:00Z,1315,age_expired,demand,640.46,640.88,1,
2025-10-22T18:00:00Z,1333,broken,demand,666.78,667.57,4,
2025-10-22T18:00:00Z,1335,role_flip_retest,demand,662.1,663.54,3,
2025-10-22T18:00:00Z,1346,broken,demand,667.09,669.1619249370682,4,
2025-10-22T19:00:00Z,1331,rejection,demand,663.8630429961938,665.28,4,
2025-10-23T14:30:00Z,1331,merged,demand,663.3,665.28,4,pivot
2025-10-23T18:00:00Z,1345,touch,supply,671.72,672.99,4,
2025-10-23T18:00:00Z,1350,touch,supply,672.14,673.95,4,
2025-10-23T20:00:00Z,1316,age_expired,demand,650.63,653.2408669900709,4,
2025-10-23T20:00:00Z,1345,rejection,supply,671.72,672.99,4,
2025-10-23T20:00:00Z,1350,rejection,supply,672.14,673.95,4,
2025-10-24T14:30:00Z,1345,broken,supply,671.72,672.99,4,
2025-10-24T14:30:00Z,1350,broken,supply,672.14,673.95,4,
2025-10-27T17:00:00Z,1327,broken_zone_expired,supply,660.56,662.37,5,
2025-10-27T17:00:00Z,1342,broken_zone_expired,supply,661.61,662.6076249298369,3,
2025-10-28T14:30:00Z,1319,age_expired,demand,647.22,648.1717303789552,2,
2025-10-29T18:00:00Z,1366,created,supply,689.4978533237493,689.7,1,pivot
2025-10-29T20:00:00Z,1366,volume_confluence,supply,689.4978533237493,689.7,2,VAH:2025-10-29:689.557708
2025-10-29T20:00:00Z,1366,qualified,supply,689.4978533237493,689.7,2,pivot|volume_profile
2025-10-30T16:00:00Z,1351,broken_zone_expired,demand,669.02,670.56,4,
2025-10-30T17:00:00Z,1333,broken_zone_expired,demand,666.78,667.57,4,
2025-10-30T17:00:00Z,1346,broken_zone_expired,demand,667.09,669.1619249370682,4,
2025-10-30T17:00:00Z,1367,created,demand,681.39,682.6909497442648,1,pivot
2025-10-30T17:00:00Z,1367,volume_confluence,demand,681.39,682.6909497442648,2,VAL:2025-10-27:682.467292
2025-10-30T17:00:00Z,1367,qualified,demand,681.39,682.6909497442648,2,pivot|volume_profile
2025-10-30T19:00:00Z,1367,touch,demand,681.39,682.6909497442648,2,
2025-10-30T20:00:00Z,1367,broken,demand,681.39,682.6909497442648,2,
2025-10-31T16:00:00Z,1368,created,demand,679.86,680.1640048309049,1,pivot
2025-10-31T17:00:00Z,1367,role_flip_retest,supply,681.39,682.6909497442648,3,
2025-10-31T17:00:00Z,1368,touch,demand,679.86,680.1640048309049,1,
2025-10-31T17:00:00Z,1368,rejection,demand,679.86,680.1640048309049,1,
2025-10-31T18:00:00Z,1367,rejection,supply,681.39,682.6909497442648,3,
2025-10-31T18:00:00Z,1368,rejection,demand,679.86,680.1640048309049,1,
2025-10-31T20:00:00Z,1345,broken_zone_expired,supply,671.72,672.99,4,
2025-10-31T20:00:00Z,1350,broken_zone_expired,supply,672.14,673.95,4,
2025-11-03T15:30:00Z,1368,merged,demand,679.24,680.37,2,pivot
2025-11-03T15:30:00Z,1368,qualified,demand,679.24,680.37,2,pivot|repeated_pivot
2025-11-03T16:00:00Z,1368,touch,demand,679.24,680.37,2,
2025-11-03T16:00:00Z,1368,rejection,demand,679.24,680.37,2,
2025-11-03T17:00:00Z,1367,broken,supply,681.39,682.6909497442648,3,
2025-11-03T18:00:00Z,1367,role_flip_retest,demand,681.39,682.6909497442648,3,
2025-11-03T18:00:00Z,1370,created,supply,685.501539585626,685.8,1,pivot
2025-11-03T18:00:00Z,1370,volume_confluence,supply,685.501539585626,685.8,2,VAH:2025-10-30:685.560000
2025-11-03T18:00:00Z,1370,qualified,supply,685.501539585626,685.8,2,pivot|volume_profile
2025-11-03T20:00:00Z,1367,touch,demand,681.39,682.6909497442648,3,
2025-11-03T20:00:00Z,1367,rejection,demand,681.39,682.6909497442648,3,
2025-11-03T21:00:00Z,1367,rejection,demand,681.39,682.6909497442648,3,
2025-11-04T15:30:00Z,1367,broken,demand,681.39,682.6909497442648,3,
2025-11-04T15:30:00Z,1368,broken,demand,679.24,680.37,2,
2025-11-04T16:00:00Z,1368,role_flip_retest,supply,679.24,680.37,3,
2025-11-04T18:00:00Z,1371,created,demand,674.67,676.0780984848317,1,pivot
2025-11-04T19:00:00Z,1371,touch,demand,674.67,676.0780984848317,1,
2025-11-04T19:00:00Z,1371,rejection,demand,674.67,676.0780984848317,1,
2025-11-04T21:00:00Z,1371,volume_confluence,demand,674.67,676.0780984848317,2,POC:2025-11-04:675.588750
2025-11-04T21:00:00Z,1371,qualified,demand,674.67,676.0780984848317,2,pivot|volume_profile
2025-11-05T15:30:00Z,1371,rejection,demand,674.67,676.0780984848317,2,
2025-11-05T16:00:00Z,1371,rejection,demand,674.67,676.0780984848317,2,
2025-11-05T17:00:00Z,1368,touch,supply,679.24,680.37,3,
2025-11-05T18:00:00Z,1371,merged,demand,674.17,676.0780984848317,3,pivot
2025-11-05T19:00:00Z,1368,broken,supply,679.24,680.37,3,
2025-11-06T15:30:00Z,1331,age_expired,demand,663.3,665.28,4,
2025-11-06T15:30:00Z,1371,touch,demand,674.17,676.0780984848317,3,
2025-11-06T15:30:00Z,1373,created,supply,680.5691233647148,680.86,1,pivot
2025-11-06T15:30:00Z,1373,volume_confluence,supply,680.5691233647148,680.86,2,VAH:2025-11-05:680.720625
2025-11-06T15:30:00Z,1373,qualified,supply,680.5691233647148,680.86,2,pivot|volume_profile
2025-11-06T16:00:00Z,1371,broken,demand,674.17,676.0780984848317,3,
2025-11-06T16:00:00Z,1373,merged,supply,680.21,680.86,3,order_block
2025-11-06T21:00:00Z,1375,created,demand,668.72,669.24,1,pivot
2025-11-06T21:00:00Z,1375,volume_confluence,demand,668.72,669.24,2,VAL:2025-11-06:669.622083
2025-11-06T21:00:00Z,1375,qualified,demand,668.72,669.24,2,pivot|volume_profile
2025-11-07T15:30:00Z,1375,broken,demand,668.72,669.24,2,
2025-11-07T16:00:00Z,1335,touch,demand,662.1,663.54,3,
2025-11-07T18:00:00Z,1335,rejection,demand,662.1,663.54,3,
2025-11-07T21:00:00Z,1335,merged,demand,661.2,663.54,4,pivot
2025-11-10T19:00:00Z,1373,touch,supply,680.21,680.86,3,
2025-11-10T19:00:00Z,1373,rejection,supply,680.21,680.86,3,
2025-11-10T20:00:00Z,1367,role_flip_retest,supply,681.39,682.6909497442648,3,
2025-11-10T20:00:00Z,1368,role_flip_retest,demand,679.24,680.37,3,
2025-11-10T20:00:00Z,1373,broken,supply,680.21,680.86,3,
2025-11-10T20:00:00Z,1368,volume_confluence,demand,679.24,680.37,4,POC:2025-11-05:679.884375
2025-11-10T21:00:00Z,1367,rejection,supply,681.39,682.6909497442648,3,
2025-11-11T15:30:00Z,1368,touch,demand,679.24,680.37,4,
2025-11-11T15:30:00Z,1368,rejection,demand,679.24,680.37,4,
2025-11-11T17:00:00Z,1367,merged,supply,681.32,682.6909497442648,4,pivot
2025-11-11T18:00:00Z,1367,touch,supply,681.32,682.6909497442648,4,
2025-11-11T18:00:00Z,1368,rejection,demand,679.24,680.37,4,
2025-11-11T18:00:00Z,1373,role_flip_retest,demand,680.21,680.86,4,
2025-11-11T19:00:00Z,1367,broken,supply,681.32,682.6909497442648,4,
2025-11-11T20:00:00Z,1335,age_expired,demand,661.2,663.54,4,
2025-11-11T20:00:00Z,1367,role_flip_retest,demand,681.32,682.6909497442648,4,
2025-11-11T21:00:00Z,1367,rejection,demand,681.32,682.6909497442648,4,
2025-11-12T16:00:00Z,1367,touch,demand,681.32,682.6909497442648,4,
2025-11-12T18:00:00Z,1367,rejection,demand,681.32,682.6909497442648,4,
2025-11-12T18:00:00Z,1370,merged,supply,684.6751468164755,685.8,3,pivot
2025-11-12T20:00:00Z,1367,touch,demand,681.32,682.6909497442648,4,
2025-11-12T20:00:00Z,1367,rejection,demand,681.32,682.6909497442648,4,
2025-11-12T20:00:00Z,1367,merged,demand,680.94,682.6909497442648,4,pivot
2025-11-12T21:00:00Z,1367,rejection,demand,680.94,682.6909497442648,4,
2025-11-13T15:30:00Z,1367,broken,demand,680.94,682.6909497442648,4,
2025-11-13T15:30:00Z,1368,broken,demand,679.24,680.37,4,
2025-11-13T15:30:00Z,1373,broken,demand,680.21,680.86,4,
2025-11-13T16:00:00Z,1368,role_flip_retest,supply,679.24,680.37,4,
2025-11-13T16:00:00Z,1373,role_flip_retest,supply,680.21,680.86,4,
2025-11-13T18:00:00Z,1371,role_flip_retest,supply,674.17,676.0780984848317,4,
2025-11-13T19:00:00Z,1371,rejection,supply,674.17,676.0780984848317,4,
2025-11-14T15:30:00Z,1375,role_flip_retest,supply,668.72,669.24,3,
2025-11-14T16:00:00Z,1375,broken,supply,668.72,669.24,3,
2025-11-14T17:00:00Z,1371,touch,supply,674.17,676.0780984848317,4,
2025-11-14T18:00:00Z,1371,rejection,supply,674.17,676.0780984848317,4,
2025-11-14T18:00:00Z,1380,created,demand,663.26,665.0992101938043,1,pivot
2025-11-14T18:00:00Z,1380,volume_confluence,demand,663.26,665.0992101938043,2,POC:2025-11-07:663.464167
2025-11-14T18:00:00Z,1380,qualified,demand,663.26,665.0992101938043,2,pivot|volume_profile
2025-11-14T19:00:00Z,1371,rejection,supply,674.17,676.0780984848317,4,
2025-11-14T21:00:00Z,1371,rejection,supply,674.17,676.0780984848317,4,
2025-11-14T21:00:00Z,1371,merged,supply,674.17,676.0780984848317,4,pivot
2025-11-17T15:30:00Z,1375,role_flip_retest,demand,668.72,669.24,3,
2025-11-17T17:00:00Z,1375,touch,demand,668.72,669.24,3,
2025-11-17T17:00:00Z,1375,rejection,demand,668.72,669.24,3,
2025-11-17T19:00:00Z,1375,broken,demand,668.72,669.24,3,
2025-11-17T20:00:00Z,1380,broken,demand,663.26,665.0992101938043,2,
2025-11-18T15:30:00Z,1360,touch,demand,657.11,660.8632084684074,3,
2025-11-18T15:30:00Z,1380,role_flip_retest,supply,663.26,665.0992101938043,3,
2025-11-18T17:00:00Z,1360,rejection,demand,657.11,660.8632084684074,3,
2025-11-18T18:00:00Z,1360,rejection,demand,657.11,660.8632084684074,3,
2025-11-18T18:00:00Z,1380,touch,supply,663.26,665.0992101938043,3,
2025-11-18T19:00:00Z,1380,rejection,supply,663.26,665.0992101938043,3,
2025-11-18T20:00:00Z,1382,created,demand,655.86,657.23,1,pivot
2025-11-18T21:00:00Z,1360,touch,demand,657.11,660.8632084684074,3,
2025-11-18T21:00:00Z,1380,rejection,supply,663.26,665.0992101938043,3,
2025-11-19T15:30:00Z,1360,rejection,demand,657.11,660.8632084684074,3,
2025-11-19T15:30:00Z,1380,broken,supply,663.26,665.0992101938043,3,
2025-11-19T17:00:00Z,1360,touch,demand,657.11,660.8632084684074,3,
2025-11-19T17:00:00Z,1360,rejection,demand,657.11,660.8632084684074,3,
2025-11-19T18:00:00Z,1360,rejection,demand,657.11,660.8632084684074,3,
2025-11-19T19:00:00Z,1360,rejection,demand,657.11,660.8632084684074,3,
2025-11-19T19:00:00Z,1383,created,supply,665.67,667.34,1,pivot
2025-11-19T19:00:00Z,1383,volume_confluence,supply,665.67,667.34,2,VAL:2025-11-17:664.814583
2025-11-19T19:00:00Z,1383,qualified,supply,665.67,667.34,2,pivot|volume_profile
2025-11-19T20:00:00Z,1360,rejection,demand,657.11,660.8632084684074,3,
2025-11-19T21:00:00Z,1360,merged,demand,657.11,660.9015769281942,3,pivot
2025-11-20T15:30:00Z,1371,touch,supply,674.17,676.0780984848317,4,
2025-11-20T15:30:00Z,1383,broken,supply,665.67,667.34,2,
2025-11-20T16:00:00Z,1371,rejection,supply,674.17,676.0780984848317,4,
2025-11-20T17:00:00Z,1360,touch,demand,657.11,660.9015769281942,3,
2025-11-20T17:00:00Z,1375,role_flip_retest,supply,668.72,669.24,3,
2025-11-20T18:00:00Z,1382,touch,demand,655.86,657.23,1,
2025-11-20T18:00:00Z,1382,rejection,demand,655.86,657.23,1,
2025-11-20T18:00:00Z,1382,volume_confluence,demand,655.86,657.23,2,VAL:2025-11-18:658.753750
2025-11-20T18:00:00Z,1382,qualified,demand,655.86,657.23,2,pivot|volume_profile
2025-11-20T19:00:00Z,1358,touch,demand,653.17,655.1606525479809,1,
2025-11-20T19:00:00Z,1360,broken,demand,657.11,660.9015769281942,3,
2025-11-20T19:00:00Z,1382,broken,demand,655.86,657.23,2,
2025-11-20T19:00:00Z,1371,merged,supply,674.17,676.0780984848317,4,pivot
2025-11-20T20:00:00Z,1358,rejection,demand,653.17,655.1606525479809,1,
2025-11-20T21:00:00Z,1358,broken,demand,653.17,655.1606525479809,1,
2025-11-20T21:00:00Z,1360,role_flip_retest,supply,657.11,660.9015769281942,4,
2025-11-20T21:00:00Z,1367,broken_zone_expired,demand,680.94,682.6909497442648,4,
2025-11-20T21:00:00Z,1382,role_flip_retest,supply,655.86,657.23,3,
2025-11-21T15:30:00Z,1382,rejection,supply,655.86,657.23,3,
2025-11-21T16:00:00Z,1358,role_flip_retest,supply,653.17,655.1606525479809,2,
2025-11-21T16:00:00Z,1382,rejection,supply,655.86,657.23,3,
2025-11-21T16:00:00Z,1358,volume_confluence,supply,653.17,655.1606525479809,3,POC:2025-11-20:655.341875
2025-11-21T16:00:00Z,1358,qualified,supply,653.17,655.1606525479809,3,pivot|role_flip|volume_profile
2025-11-21T17:00:00Z,1358,broken,supply,653.17,655.1606525479809,3,
2025-11-21T17:00:00Z,1360,touch,supply,657.11,660.9015769281942,4,
2025-11-21T17:00:00Z,1382,broken,supply,655.86,657.23,3,
2025-11-21T19:00:00Z,1360,broken,supply,657.11,660.9015769281942,4,
2025-11-21T19:00:00Z,1382,role_flip_retest,demand,655.86,657.23,3,
2025-11-21T19:00:00Z,1386,created,demand,650.85,652.77,1,pivot
2025-11-21T19:00:00Z,1386,volume_confluence,demand,650.85,652.77,2,VAL:2025-11-20:652.383125
2025-11-21T19:00:00Z,1386,qualified,demand,650.85,652.77,2,pivot|volume_profile
2025-11-24T16:00:00Z,1380,role_flip_retest,demand,663.26,665.0992101938043,3,
2025-11-24T17:00:00Z,1383,role_flip_retest,demand,665.67,667.34,3,
2025-11-24T18:00:00Z,1375,touch,supply,668.72,669.24,3,
2025-11-24T18:00:00Z,1383,rejection,demand,665.67,667.34,3,
2025-11-24T20:00:00Z,1375,rejection,supply,668.72,669.24,3,
2025-11-25T15:30:00Z,1380,touch,demand,663.26,665.0992101938043,3,
2025-11-25T15:30:00Z,1380,rejection,demand,663.26,665.0992101938043,3,
2025-11-25T15:30:00Z,1383,touch,demand,665.67,667.34,3,
2025-11-25T15:30:00Z,1383,rejection,demand,665.67,667.34,3,
2025-11-25T16:00:00Z,1375,broken,supply,668.72,669.24,3,
2025-11-25T16:00:00Z,1383,rejection,demand,665.67,667.34,3,
2025-11-25T17:00:00Z,1375,role_flip_retest,demand,668.72,669.24,3,
2025-11-25T18:00:00Z,1371,touch,supply,674.17,676.0780984848317,4,
2025-11-25T18:00:00Z,1371,rejection,supply,674.17,676.0780984848317,4,
2025-11-25T18:00:00Z,1383,merged,demand,664.48,667.34,4,pivot
2025-11-25T19:00:00Z,1371,rejection,supply,674.17,676.0780984848317,4,
2025-11-25T21:00:00Z,1371,touch,supply,674.17,676.0780984848317,4,
2025-11-26T15:30:00Z,1368,touch,supply,679.24,680.37,4,
2025-11-26T15:30:00Z,1368,rejection,supply,679.24,680.37,4,
2025-11-26T15:30:00Z,1371,broken,supply,674.17,676.0780984848317,4,
2025-11-26T17:00:00Z,1368,broken,supply,679.24,680.37,4,
2025-11-26T17:00:00Z,1373,broken,supply,680.21,680.86,4,
2025-11-26T18:00:00Z,1373,role_flip_retest,demand,680.21,680.86,4,
2025-11-26T19:00:00Z,1368,role_flip_retest,demand,679.24,680.37,4,
2025-11-26T20:00:00Z,1368,rejection,demand,679.24,680.37,4,
2025-11-26T21:00:00Z,1373,broken,demand,680.21,680.86,4,
2025-11-26T21:00:00Z,1388,created,supply,681.33408678624,681.7,1,pivot
2025-11-26T21:00:00Z,1388,volume_confluence,supply,681.33408678624,681.7,2,VAH:2025-11-26:681.596250
2025-11-26T21:00:00Z,1388,qualified,supply,681.33408678624,681.7,2,pivot|volume_profile
2025-11-28T15:30:00Z,1388,touch,supply,681.33408678624,681.7,2,
2025-11-28T15:30:00Z,1388,rejection,supply,681.33408678624,681.7,2,
2025-11-28T16:00:00Z,1388,broken,supply,681.33408678624,681.7,2,
2025-11-28T17:00:00Z,1388,role_flip_retest,demand,681.33408678624,681.7,3,
2025-12-01T15:30:00Z,1368,touch,demand,679.24,680.37,4,
2025-12-01T15:30:00Z,1368,rejection,demand,679.24,680.37,4,
2025-12-01T15:30:00Z,1388,touch,demand,681.33408678624,681.7,3,
2025-12-01T16:00:00Z,1368,rejection,demand,679.24,680.37,4,
2025-12-01T17:00:00Z,1368,rejection,demand,679.24,680.37,4,
2025-12-01T17:00:00Z,1388,rejection,demand,681.33408678624,681.7,3,
2025-12-01T17:00:00Z,1389,created,supply,683.3319649060243,683.67,1,pivot
2025-12-01T17:00:00Z,1389,volume_confluence,supply,683.3319649060243,683.67,2,VAH:2025-11-28:682.943542
2025-12-01T17:00:00Z,1389,qualified,supply,683.3319649060243,683.67,2,pivot|volume_profile
2025-12-01T18:00:00Z,1388,rejection,demand,681.33408678624,681.7,3,
2025-12-01T18:00:00Z,1368,merged,demand,678.74,680.37,4,pivot
2025-12-01T20:00:00Z,1368,touch,demand,678.74,680.37,4,
2025-12-01T20:00:00Z,1388,broken,demand,681.33408678624,681.7,3,
2025-12-01T21:00:00Z,1368,rejection,demand,678.74,680.37,4,
2025-12-02T16:00:00Z,1389,touch,supply,683.3319649060243,683.67,2,
2025-12-02T17:00:00Z,1368,touch,demand,678.74,680.37,4,
2025-12-02T17:00:00Z,1368,rejection,demand,678.74,680.37,4,
2025-12-02T17:00:00Z,1388,role_flip_retest,supply,681.33408678624,681.7,3,
2025-12-02T17:00:00Z,1389,rejection,supply,683.3319649060243,683.67,2,
2025-12-02T18:00:00Z,1373,role_flip_retest,supply,680.21,680.86,4,
2025-12-02T18:00:00Z,1388,rejection,supply,681.33408678624,681.7,3,
2025-12-02T19:00:00Z,1358,broken_zone_expired,supply,653.17,655.1606525479809,3,
2025-12-02T19:00:00Z,1368,rejection,demand,678.74,680.37,4,
2025-12-02T19:00:00Z,1373,broken,supply,680.21,680.86,4,
2025-12-02T19:00:00Z,1388,rejection,supply,681.33408678624,681.7,3,
2025-12-02T20:00:00Z,1373,role_flip_retest,demand,680.21,680.86,4,
2025-12-02T20:00:00Z,1388,broken,supply,681.33408678624,681.7,3,
2025-12-02T20:00:00Z,1368,merged,demand,678.74,680.56,4,pivot
2025-12-02T20:00:00Z,1389,merged,supply,683.3319649060243,683.82,3,pivot
2025-12-02T21:00:00Z,1360,broken_zone_expired,supply,657.11,660.9015769281942,4,
2025-12-03T15:30:00Z,1368,touch,demand,678.74,680.56,4,
2025-12-03T15:30:00Z,1368,rejection,demand,678.74,680.56,4,
2025-12-03T15:30:00Z,1373,touch,demand,680.21,680.86,4,
2025-12-03T15:30:00Z,1373,rejection,demand,680.21,680.86,4,
2025-12-03T16:00:00Z,1373,rejection,demand,680.21,680.86,4,
2025-12-03T16:00:00Z,1388,role_flip_retest,demand,681.33408678624,681.7,3,
2025-12-03T17:00:00Z,1388,rejection,demand,681.33408678624,681.7,3,
2025-12-03T17:00:00Z,1389,touch,supply,683.3319649060243,683.82,3,
2025-12-03T17:00:00Z,1389,rejection,supply,683.3319649060243,683.82,3,
2025-12-03T20:00:00Z,1370,touch,supply,684.6751468164755,685.8,3,
2025-12-03T20:00:00Z,1370,rejection,supply,684.6751468164755,685.8,3,
2025-12-03T20:00:00Z,1389,broken,supply,683.3319649060243,683.82,3,
2025-12-03T21:00:00Z,1370,rejection,supply,684.6751468164755,685.8,3,
2025-12-04T15:30:00Z,1370,rejection,supply,684.6751468164755,685.8,3,
2025-12-04T17:00:00Z,1389,role_flip_retest,demand,683.3319649060243,683.82,4,
2025-12-04T18:00:00Z,1389,rejection,demand,683.3319649060243,683.82,4,
2025-12-04T18:00:00Z,1370,merged,supply,684.6751468164755,685.8,3,pivot
2025-12-04T19:00:00Z,1370,touch,supply,684.6751468164755,685.8,3,
2025-12-04T19:00:00Z,1370,rejection,supply,684.6751468164755,685.8,3,
2025-12-04T19:00:00Z,1389,rejection,demand,683.3319649060243,683.82,4,
2025-12-04T20:00:00Z,1388,touch,demand,681.33408678624,681.7,3,
2025-12-04T20:00:00Z,1388,rejection,demand,681.33408678624,681.7,3,
2025-12-04T21:00:00Z,1389,rejection,demand,683.3319649060243,683.82,4,
2025-12-05T15:30:00Z,1370,broken,supply,684.6751468164755,685.8,3,
2025-12-05T16:00:00Z,1388,merged,demand,681.33408678624,682.529864488583,4,pivot
2025-12-05T17:00:00Z,1370,role_flip_retest,demand,684.6751468164755,685.8,4,
2025-12-05T17:00:00Z,1371,broken_zone_expired,supply,674.17,676.0780984848317,4,
2025-12-05T18:00:00Z,1370,rejection,demand,684.6751468164755,685.8,4,
2025-12-05T19:00:00Z,1370,rejection,demand,684.6751468164755,685.8,4,
2025-12-05T19:00:00Z,1395,created,supply,687.2417411510871,688.39,1,pivot
2025-12-05T20:00:00Z,1370,rejection,demand,684.6751468164755,685.8,4,
2025-12-05T21:00:00Z,1395,volume_confluence,supply,687.2417411510871,688.39,2,VAH:2025-12-05:687.040625
2025-12-05T21:00:00Z,1395,qualified,supply,687.2417411510871,688.39,2,pivot|volume_profile
2025-12-08T16:00:00Z,1370,broken,demand,684.6751468164755,685.8,4,
2025-12-08T16:00:00Z,1389,touch,demand,683.3319649060243,683.82,4,
2025-12-08T18:00:00Z,1388,touch,demand,681.33408678624,682.529864488583,4,
2025-12-08T18:00:00Z,1388,rejection,demand,681.33408678624,682.529864488583,4,
2025-12-08T18:00:00Z,1389,rejection,demand,683.3319649060243,683.82,4,
2025-12-08T19:00:00Z,1389,broken,demand,683.3319649060243,683.82,4,
2025-12-08T21:00:00Z,1388,rejection,demand,681.33408678624,682.529864488583,4,
2025-12-09T15:30:00Z,1388,merged,demand,681.33408678624,682.529864488583,4,pivot
2025-12-09T16:00:00Z,1370,role_flip_retest,supply,684.6751468164755,685.8,4,
2025-12-09T18:00:00Z,1370,rejection,supply,684.6751468164755,685.8,4,
2025-12-09T20:00:00Z,1370,merged,supply,684.6751468164755,685.8,4,pivot
2025-12-09T21:00:00Z,1389,role_flip_retest,supply,683.3319649060243,683.82,4,
2025-12-10T15:30:00Z,1388,touch,demand,681.33408678624,682.529864488583,4,
2025-12-10T15:30:00Z,1388,rejection,demand,681.33408678624,682.529864488583,4,
2025-12-10T16:00:00Z,1389,touch,supply,683.3319649060243,683.82,4,
2025-12-10T16:00:00Z,1389,rejection,supply,683.3319649060243,683.82,4,
2025-12-10T17:00:00Z,1388,rejection,demand,681.33408678624,682.529864488583,4,
2025-12-10T18:00:00Z,1388,merged,demand,681.31,682.529864488583,4,pivot
2025-12-10T19:00:00Z,1388,touch,demand,681.31,682.529864488583,4,
2025-12-10T19:00:00Z,1388,rejection,demand,681.31,682.529864488583,4,
2025-12-10T19:00:00Z,1389,rejection,supply,683.3319649060243,683.82,4,
2025-12-10T20:00:00Z,1370,broken,supply,684.6751468164755,685.8,4,
2025-12-10T20:00:00Z,1389,broken,supply,683.3319649060243,683.82,4,
2025-12-10T20:00:00Z,1395,touch,supply,687.2417411510871,688.39,2,
2025-12-10T20:00:00Z,1399,created,demand,682.44,683.83,1,order_block
2025-12-10T20:00:00Z,1399,volume_confluence,demand,682.44,683.83,2,POC:2025-12-04:683.438958
2025-12-10T20:00:00Z,1399,qualified,demand,682.44,683.83,2,order_block|volume_profile
2025-12-11T15:30:00Z,1388,touch,demand,681.31,682.529864488583,4,
2025-12-11T15:30:00Z,1388,rejection,demand,681.31,682.529864488583,4,
2025-12-11T15:30:00Z,1399,touch,demand,682.44,683.83,2,
2025-12-11T16:00:00Z,1388,rejection,demand,681.31,682.529864488583,4,
2025-12-11T16:00:00Z,1389,role_flip_retest,demand,683.3319649060243,683.82,4,
2025-12-11T16:00:00Z,1399,rejection,demand,682.44,683.83,2,
2025-12-11T17:00:00Z,1395,merged,supply,687.2417411510871,688.97,3,pivot
2025-12-11T18:00:00Z,1370,role_flip_retest,demand,684.6751468164755,685.8,4,
2025-12-11T18:00:00Z,1395,touch,supply,687.2417411510871,688.97,3,
2025-12-11T19:00:00Z,1388,merged,demand,681.31,682.65,4,pivot
2025-12-11T21:00:00Z,1395,broken,supply,687.2417411510871,688.97,3,
2025-12-12T16:00:00Z,1370,broken,demand,684.6751468164755,685.8,4,
2025-12-12T16:00:00Z,1388,touch,demand,681.31,682.65,4,
2025-12-12T16:00:00Z,1389,broken,demand,683.3319649060243,683.82,4,
2025-12-12T16:00:00Z,1399,broken,demand,682.44,683.83,2,
2025-12-12T16:00:00Z,1366,merged,supply,688.83,689.7,3,pivot
2025-12-12T16:00:00Z,1366,merged,supply,688.83,689.7,4,order_block
2025-12-12T17:00:00Z,1368,touch,demand,678.74,680.56,4,
2025-12-12T17:00:00Z,1368,rejection,demand,678.74,680.56,4,
2025-12-12T17:00:00Z,1373,touch,demand,680.21,680.86,4,
2025-12-12T17:00:00Z,1388,broken,demand,681.31,682.65,4,
2025-12-12T17:00:00Z,1399,role_flip_retest,supply,682.44,683.83,3,
2025-12-12T18:00:00Z,1368,rejection,demand,678.74,680.56,4,
2025-12-12T18:00:00Z,1373,rejection,demand,680.21,680.86,4,
2025-12-12T19:00:00Z,1389,role_flip_retest,supply,683.3319649060243,683.82,4,
2025-12-12T20:00:00Z,1399,rejection,supply,682.44,683.83,3,
2025-12-12T20:00:00Z,1368,merged,demand,678.74,680.56,4,pivot
2025-12-12T21:00:00Z,1368,touch,demand,678.74,680.56,4,
2025-12-12T21:00:00Z,1368,rejection,demand,678.74,680.56,4,
2025-12-12T21:00:00Z,1373,touch,demand,680.21,680.86,4,
2025-12-12T21:00:00Z,1373,rejection,demand,680.21,680.86,4,
2025-12-12T21:00:00Z,1399,rejection,supply,682.44,683.83,3,
2025-12-15T15:30:00Z,1370,role_flip_retest,supply,684.6751468164755,685.8,4,
2025-12-15T15:30:00Z,1389,touch,supply,683.3319649060243,683.82,4,
2025-12-15T15:30:00Z,1389,rejection,supply,683.3319649060243,683.82,4,
2025-12-15T15:30:00Z,1399,rejection,supply,682.44,683.83,3,
2025-12-15T16:00:00Z,1368,touch,demand,678.74,680.56,4,
2025-12-15T16:00:00Z,1368,rejection,demand,678.74,680.56,4,
2025-12-15T16:00:00Z,1373,touch,demand,680.21,680.86,4,
2025-12-15T16:00:00Z,1373,rejection,demand,680.21,680.86,4,
2025-12-15T16:00:00Z,1388,role_flip_retest,supply,681.31,682.65,4,
2025-12-15T16:00:00Z,1399,rejection,supply,682.44,683.83,3,
2025-12-15T17:00:00Z,1368,rejection,demand,678.74,680.56,4,
2025-12-15T17:00:00Z,1373,rejection,demand,680.21,680.86,4,
2025-12-15T17:00:00Z,1388,rejection,supply,681.31,682.65,4,
2025-12-15T17:00:00Z,1399,rejection,supply,682.44,683.83,3,
2025-12-15T18:00:00Z,1388,rejection,supply,681.31,682.65,4,
2025-12-15T18:00:00Z,1370,merged,supply,684.6751468164755,685.8,4,pivot
2025-12-15T19:00:00Z,1368,rejection,demand,678.74,680.56,4,
2025-12-15T19:00:00Z,1373,rejection,demand,680.21,680.86,4,
2025-12-15T19:00:00Z,1388,rejection,supply,681.31,682.65,4,
2025-12-15T19:00:00Z,1368,merged,demand,678.74,680.6459666588179,4,pivot
2025-12-15T20:00:00Z,1368,rejection,demand,678.74,680.6459666588179,4,
2025-12-15T20:00:00Z,1373,rejection,demand,680.21,680.86,4,
2025-12-15T21:00:00Z,1368,rejection,demand,678.74,680.6459666588179,4,
2025-12-15T21:00:00Z,1388,rejection,supply,681.31,682.65,4,
2025-12-16T15:30:00Z,1368,rejection,demand,678.74,680.6459666588179,4,
2025-12-16T16:00:00Z,1373,broken,demand,680.21,680.86,4,
2025-12-16T17:00:00Z,1368,broken,demand,678.74,680.6459666588179,4,
2025-12-16T18:00:00Z,1368,role_flip_retest,supply,678.74,680.6459666588179,4,
2025-12-16T21:00:00Z,1368,touch,supply,678.74,680.6459666588179,4,
2025-12-16T21:00:00Z,1373,role_flip_retest,supply,680.21,680.86,4,
2025-12-17T15:30:00Z,1373,rejection,supply,680.21,680.86,4,
2025-12-17T15:30:00Z,1407,created,demand,674.98,675.61,1,pivot
2025-12-17T16:00:00Z,1368,rejection,supply,678.74,680.6459666588179,4,
2025-12-17T16:00:00Z,1407,broken,demand,674.98,675.61,1,
2025-12-17T16:00:00Z,1368,merged,supply,677.94,680.6459666588179,5,order_block
2025-12-17T17:00:00Z,1407,role_flip_retest,supply,674.98,675.61,2,
2025-12-17T18:00:00Z,1407,rejection,supply,674.98,675.61,2,
2025-12-17T21:00:00Z,1407,volume_confluence,supply,674.98,675.61,3,VAH:2025-12-17:675.236875
2025-12-17T21:00:00Z,1407,qualified,supply,674.98,675.61,3,pivot|role_flip|volume_profile
2025-12-18T15:30:00Z,1368,touch,supply,677.94,680.6459666588179,5,
2025-12-18T15:30:00Z,1407,broken,supply,674.98,675.61,3,
2025-12-18T16:00:00Z,1373,touch,supply,680.21,680.86,4,
2025-12-18T16:00:00Z,1373,rejection,supply,680.21,680.86,4,
2025-12-18T17:00:00Z,1373,rejection,supply,680.21,680.86,4,
2025-12-18T17:00:00Z,1409,created,demand,671.19,671.5519072352483,1,pivot
2025-12-18T17:00:00Z,1409,volume_confluence,demand,671.19,671.5519072352483,2,VAL:2025-12-17:671.382708
2025-12-18T17:00:00Z,1409,qualified,demand,671.19,671.5519072352483,2,pivot|volume_profile
2025-12-18T18:00:00Z,1366,age_expired,supply,688.83,689.7,4,
2025-12-18T18:00:00Z,1407,role_flip_retest,demand,674.98,675.61,3,
2025-12-18T20:00:00Z,1368,rejection,supply,677.94,680.6459666588179,5,
2025-12-18T20:00:00Z,1407,touch,demand,674.98,675.61,3,
2025-12-18T20:00:00Z,1407,rejection,demand,674.98,675.61,3,
2025-12-18T20:00:00Z,1373,merged,supply,680.03,680.86,5,pivot
2025-12-18T21:00:00Z,1368,rejection,supply,677.94,680.6459666588179,5,
2025-12-18T21:00:00Z,1407,rejection,demand,674.98,675.61,3,
2025-12-19T16:00:00Z,1373,touch,supply,680.03,680.86,5,
2025-12-19T16:00:00Z,1373,rejection,supply,680.03,680.86,5,
2025-12-19T17:00:00Z,1373,rejection,supply,680.03,680.86,5,
2025-12-19T20:00:00Z,1395,broken_zone_expired,supply,687.2417411510871,688.97,3,
2025-12-22T15:30:00Z,1368,broken,supply,677.94,680.6459666588179,5,
2025-12-22T15:30:00Z,1373,broken,supply,680.03,680.86,5,
2025-12-22T15:30:00Z,1388,broken,supply,681.31,682.65,4,
2025-12-22T15:30:00Z,1389,broken,supply,683.3319649060243,683.82,4,
2025-12-22T15:30:00Z,1399,broken,supply,682.44,683.83,3,
2025-12-22T17:00:00Z,1370,touch,supply,684.6751468164755,685.8,4,
2025-12-22T17:00:00Z,1389,role_flip_retest,demand,683.3319649060243,683.82,4,
2025-12-22T17:00:00Z,1399,role_flip_retest,demand,682.44,683.83,3,
2025-12-22T19:00:00Z,1370,rejection,supply,684.6751468164755,685.8,4,
2025-12-22T21:00:00Z,1370,merged,supply,684.6751468164755,685.8,4,pivot
2025-12-23T16:00:00Z,1370,broken,supply,684.6751468164755,685.8,4,
2025-12-26T18:00:00Z,1412,created,supply,690.9168327542064,691.66,1,pivot
2025-12-26T18:00:00Z,1412,volume_confluence,supply,690.9168327542064,691.66,2,VAH:2025-12-24:690.766875
2025-12-26T18:00:00Z,1412,qualified,supply,690.9168327542064,691.66,2,pivot|volume_profile
2025-12-29T21:00:00Z,1413,created,demand,686.07,686.7944345594073,1,pivot
2025-12-29T21:00:00Z,1413,volume_confluence,demand,686.07,686.7944345594073,2,VAL:2025-12-23:686.305625
2025-12-29T21:00:00Z,1413,qualified,demand,686.07,686.7944345594073,2,pivot|volume_profile
2025-12-30T16:00:00Z,1375,age_expired,demand,668.72,669.24,3,
2025-12-30T16:00:00Z,1413,touch,demand,686.07,686.7944345594073,2,
2025-12-30T16:00:00Z,1413,rejection,demand,686.07,686.7944345594073,2,
2025-12-30T17:00:00Z,1414,created,supply,688.3,688.62,1,pivot
2025-12-30T17:00:00Z,1414,volume_confluence,supply,688.3,688.62,2,VAH:2025-12-29:688.352292
2025-12-30T17:00:00Z,1414,qualified,supply,688.3,688.62,2,pivot|volume_profile
2025-12-30T21:00:00Z,1413,touch,demand,686.07,686.7944345594073,2,
2025-12-30T21:00:00Z,1413,rejection,demand,686.07,686.7944345594073,2,
2025-12-31T15:30:00Z,1370,role_flip_retest,demand,684.6751468164755,685.8,4,
2025-12-31T15:30:00Z,1413,broken,demand,686.07,686.7944345594073,2,
2025-12-31T16:00:00Z,1370,age_expired,demand,684.6751468164755,685.8,4,
2025-12-31T16:00:00Z,1415,created,supply,687.63,687.93,1,order_block
2025-12-31T16:00:00Z,1415,volume_confluence,supply,687.63,687.93,2,VAH:2025-12-30:687.941250
2025-12-31T16:00:00Z,1415,qualified,supply,687.63,687.93,2,order_block|volume_profile
2025-12-31T17:00:00Z,1368,broken_zone_expired,supply,677.94,680.6459666588179,5,
2025-12-31T17:00:00Z,1373,broken_zone_expired,supply,680.03,680.86,5,
2025-12-31T17:00:00Z,1388,broken_zone_expired,supply,681.31,682.65,4,
2025-12-31T19:00:00Z,1416,created,demand,684.18,684.3333227441842,1,pivot
2025-12-31T19:00:00Z,1416,volume_confluence,demand,684.18,684.3333227441842,2,VAL:2025-12-22:684.075833
2025-12-31T19:00:00Z,1416,qualified,demand,684.18,684.3333227441842,2,pivot|volume_profile
2025-12-31T20:00:00Z,1413,role_flip_retest,supply,686.07,686.7944345594073,3,
2025-12-31T20:00:00Z,1416,touch,demand,684.18,684.3333227441842,2,
2025-12-31T20:00:00Z,1417,created,supply,684.8,686.05,1,order_block
2025-12-31T20:00:00Z,1417,volume_confluence,supply,684.8,686.05,2,VAH:2025-12-22:685.192500
2025-12-31T20:00:00Z,1417,qualified,supply,684.8,686.05,2,order_block|volume_profile
2025-12-31T21:00:00Z,1389,broken,demand,683.3319649060243,683.82,4,
2025-12-31T21:00:00Z,1399,broken,demand,682.44,683.83,3,
2025-12-31T21:00:00Z,1416,broken,demand,684.18,684.3333227441842,2,
2025-12-31T21:00:00Z,1417,merged,supply,684.8,686.05,2,order_block
2026-01-02T15:30:00Z,1413,touch,supply,686.07,686.7944345594073,3,
2026-01-02T15:30:00Z,1417,broken,supply,684.8,686.05,2,
2026-01-02T16:00:00Z,1389,role_flip_retest,supply,683.3319649060243,683.82,4,
2026-01-02T16:00:00Z,1399,role_flip_retest,supply,682.44,683.83,3,
2026-01-02T16:00:00Z,1413,rejection,supply,686.07,686.7944345594073,3,
2026-01-02T16:00:00Z,1416,role_flip_retest,supply,684.18,684.3333227441842,3,
2026-01-02T16:00:00Z,1413,merged,supply,685.71,686.84,4,order_block
2026-01-02T17:00:00Z,1399,rejection,supply,682.44,683.83,3,
2026-01-02T18:00:00Z,1399,rejection,supply,682.44,683.83,3,
2026-01-02T19:00:00Z,1413,merged,supply,685.71,686.87,5,pivot
2026-01-02T20:00:00Z,1389,touch,supply,683.3319649060243,683.82,4,
2026-01-02T20:00:00Z,1389,rejection,supply,683.3319649060243,683.82,4,
2026-01-02T20:00:00Z,1399,touch,supply,682.44,683.83,3,
2026-01-02T21:00:00Z,1389,rejection,supply,683.3319649060243,683.82,4,
2026-01-05T15:30:00Z,1389,broken,supply,683.3319649060243,683.82,4,
2026-01-05T15:30:00Z,1399,broken,supply,682.44,683.83,3,
2026-01-05T15:30:00Z,1413,broken,supply,685.71,686.87,5,
2026-01-05T15:30:00Z,1415,touch,supply,687.63,687.93,2,
2026-01-05T15:30:00Z,1415,rejection,supply,687.63,687.93,2,
2026-01-05T15:30:00Z,1416,broken,supply,684.18,684.3333227441842,3,
2026-01-05T15:30:00Z,1421,created,demand,679.82,680.52,1,pivot
2026-01-05T15:30:00Z,1421,volume_confluence,demand,679.82,680.52,2,VAL:2026-01-02:680.260625
2026-01-05T15:30:00Z,1421,qualified,demand,679.82,680.52,2,pivot|volume_profile
2026-01-05T16:00:00Z,1413,role_flip_retest,demand,685.71,686.87,5,
2026-01-05T16:00:00Z,1414,touch,supply,688.3,688.62,2,
2026-01-05T16:00:00Z,1415,broken,supply,687.63,687.93,2,
2026-01-05T17:00:00Z,1414,broken,supply,688.3,688.62,2,
2026-01-05T19:00:00Z,1415,role_flip_retest,demand,687.63,687.93,3,
2026-01-05T20:00:00Z,1422,created,supply,688.91,689.43,1,pivot
2026-01-05T20:00:00Z,1422,volume_confluence,supply,688.91,689.43,2,VAL:2025-12-26:689.817708
2026-01-05T20:00:00Z,1422,qualified,supply,688.91,689.43,2,pivot|volume_profile
2026-01-06T15:30:00Z,1414,role_flip_retest,demand,688.3,688.62,3,
2026-01-06T15:30:00Z,1415,rejection,demand,687.63,687.93,3,
2026-01-06T15:30:00Z,1422,broken,supply,688.91,689.43,2,
2026-01-06T17:00:00Z,1414,touch,demand,688.3,688.62,3,
2026-01-06T17:00:00Z,1414,rejection,demand,688.3,688.62,3,
2026-01-06T18:00:00Z,1412,touch,supply,690.9168327542064,691.66,2,
2026-01-06T18:00:00Z,1422,role_flip_retest,demand,688.91,689.43,3,
2026-01-06T20:00:00Z,1412,broken,supply,690.9168327542064,691.66,2,
2026-01-07T16:00:00Z,1412,role_flip_retest,demand,690.9168327542064,691.66,3,
2026-01-07T20:00:00Z,1380,age_expired,demand,663.26,665.0992101938043,3,
2026-01-07T20:00:00Z,1412,touch,demand,690.9168327542064,691.66,3,
2026-01-07T20:00:00Z,1412,rejection,demand,690.9168327542064,691.66,3,
2026-01-07T21:00:00Z,1412,broken,demand,690.9168327542064,691.66,3,
2026-01-07T21:00:00Z,1422,touch,demand,688.91,689.43,3,
2026-01-07T21:00:00Z,1422,rejection,demand,688.91,689.43,3,
2026-01-07T21:00:00Z,1423,created,supply,693.52,693.96,1,pivot
2026-01-07T21:00:00Z,1423,volume_confluence,supply,693.52,693.96,2,VAH:2026-01-07:693.090000
2026-01-07T21:00:00Z,1423,qualified,supply,693.52,693.96,2,pivot|volume_profile
2026-01-08T15:30:00Z,1414,touch,demand,688.3,688.62,3,
2026-01-08T15:30:00Z,1415,touch,demand,687.63,687.93,3,
2026-01-08T15:30:00Z,1415,rejection,demand,687.63,687.93,3,
2026-01-08T15:30:00Z,1422,broken,demand,688.91,689.43,3,
2026-01-08T16:00:00Z,1414,rejection,demand,688.3,688.62,3,
2026-01-08T16:00:00Z,1415,rejection,demand,687.63,687.93,3,
2026-01-08T17:00:00Z,1414,rejection,demand,688.3,688.62,3,
2026-01-08T18:00:00Z,1415,merged,demand,687.49,688.28,4,pivot
2026-01-08T19:00:00Z,1422,role_flip_retest,supply,688.91,689.43,3,
2026-01-08T20:00:00Z,1414,touch,demand,688.3,688.62,3,
2026-01-08T20:00:00Z,1414,rejection,demand,688.3,688.62,3,
2026-01-08T20:00:00Z,1415,touch,demand,687.49,688.28,4,
2026-01-08T20:00:00Z,1415,rejection,demand,687.49,688.28,4,
2026-01-08T20:00:00Z,1422,rejection,supply,688.91,689.43,3,
2026-01-09T15:30:00Z,1422,broken,supply,688.91,689.43,3,
2026-01-09T16:00:00Z,1422,role_flip_retest,demand,688.91,689.43,3,
2026-01-09T17:00:00Z,1423,touch,supply,693.52,693.96,2,
2026-01-09T19:00:00Z,1423,broken,supply,693.52,693.96,2,
2026-01-09T21:00:00Z,1417,broken_zone_expired,supply,684.8,686.05,2,
2026-01-09T21:00:00Z,1423,role_flip_retest,demand,693.52,693.96,3,
2026-01-12T15:30:00Z,1382,age_expired,demand,655.86,657.23,3,
2026-01-12T17:00:00Z,1423,rejection,demand,693.52,693.96,3,
2026-01-12T17:00:00Z,1425,created,supply,694.89,695.31,1,pivot
2026-01-12T17:00:00Z,1425,volume_confluence,supply,694.89,695.31,2,VAH:2026-01-09:695.182292
2026-01-12T17:00:00Z,1425,qualified,supply,694.89,695.31,2,pivot|volume_profile
2026-01-12T18:00:00Z,1426,created,demand,690.63,690.8299703474954,1,pivot
2026-01-12T18:00:00Z,1426,volume_confluence,demand,690.63,690.8299703474954,2,VAL:2026-01-07:691.156667
2026-01-12T18:00:00Z,1426,qualified,demand,690.63,690.8299703474954,2,pivot|volume_profile
2026-01-12T19:00:00Z,1425,touch,supply,694.89,695.31,2,
2026-01-12T20:00:00Z,1425,broken,supply,694.89,695.31,2,
2026-01-12T21:00:00Z,1383,age_expired,demand,664.48,667.34,4,
2026-01-12T21:00:00Z,1389,broken_zone_expired,supply,683.3319649060243,683.82,4,
2026-01-12T21:00:00Z,1399,broken_zone_expired,supply,682.44,683.83,3,
2026-01-12T21:00:00Z,1416,broken_zone_expired,supply,684.18,684.3333227441842,3,
2026-01-13T16:00:00Z,1423,touch,demand,693.52,693.96,3,
2026-01-13T17:00:00Z,1423,rejection,demand,693.52,693.96,3,
2026-01-13T18:00:00Z,1423,broken,demand,693.52,693.96,3,
2026-01-13T18:00:00Z,1427,created,supply,695.52,696.09,1,pivot
2026-01-13T18:00:00Z,1427,volume_confluence,supply,695.52,696.09,2,VAH:2026-01-12:695.976250
2026-01-13T18:00:00Z,1427,qualified,supply,695.52,696.09,2,pivot|volume_profile
2026-01-13T19:00:00Z,1423,role_flip_retest,supply,693.52,693.96,3,
2026-01-13T19:00:00Z,1428,created,demand,692.09,693.0368853413214,1,pivot
2026-01-13T19:00:00Z,1428,volume_confluence,demand,692.09,693.0368853413214,2,VAH:2026-01-06:692.225417
2026-01-13T19:00:00Z,1428,qualified,demand,692.09,693.0368853413214,2,pivot|volume_profile
2026-01-13T20:00:00Z,1428,touch,demand,692.09,693.0368853413214,2,
2026-01-13T21:00:00Z,1423,touch,supply,693.52,693.96,3,
2026-01-13T21:00:00Z,1428,rejection,demand,692.09,693.0368853413214,2,
2026-01-14T15:30:00Z,1412,role_flip_retest,supply,690.9168327542064,691.66,3,
2026-01-14T15:30:00Z,1422,broken,demand,688.91,689.43,3,
2026-01-14T15:30:00Z,1426,broken,demand,690.63,690.8299703474954,2,
2026-01-14T15:30:00Z,1428,broken,demand,692.09,693.0368853413214,2,
2026-01-14T16:00:00Z,1413,touch,demand,685.71,686.87,5,
2026-01-14T16:00:00Z,1413,rejection,demand,685.71,686.87,5,
2026-01-14T16:00:00Z,1414,broken,demand,688.3,688.62,3,
2026-01-14T16:00:00Z,1415,broken,demand,687.49,688.28,4,
2026-01-14T16:00:00Z,1422,role_flip_retest,supply,688.91,689.43,3,
2026-01-14T16:00:00Z,1426,role_flip_retest,supply,690.63,690.8299703474954,3,
2026-01-14T17:00:00Z,1414,role_flip_retest,supply,688.3,688.62,3,
2026-01-14T17:00:00Z,1415,role_flip_retest,supply,687.49,688.28,4,
2026-01-14T17:00:00Z,1422,rejection,supply,688.91,689.43,3,
2026-01-14T19:00:00Z,1413,rejection,demand,685.71,686.87,5,
2026-01-14T19:00:00Z,1415,touch,supply,687.49,688.28,4,
2026-01-14T20:00:00Z,1414,touch,supply,688.3,688.62,3,
2026-01-14T20:00:00Z,1414,rejection,supply,688.3,688.62,3,
2026-01-14T21:00:00Z,1386,age_expired,demand,650.85,652.77,2,
2026-01-14T21:00:00Z,1414,broken,supply,688.3,688.62,3,
2026-01-14T21:00:00Z,1415,broken,supply,687.49,688.28,4,
2026-01-14T21:00:00Z,1422,broken,supply,688.91,689.43,3,
2026-01-14T21:00:00Z,1426,touch,supply,690.63,690.8299703474954,3,
2026-01-14T21:00:00Z,1426,rejection,supply,690.63,690.8299703474954,3,
2026-01-14T21:00:00Z,1413,merged,demand,685.71,686.87,5,pivot
2026-01-15T15:30:00Z,1412,broken,supply,690.9168327542064,691.66,3,
2026-01-15T15:30:00Z,1423,touch,supply,693.52,693.96,3,
2026-01-15T15:30:00Z,1426,broken,supply,690.63,690.8299703474954,3,
2026-01-15T16:00:00Z,1423,broken,supply,693.52,693.96,3,
2026-01-15T18:00:00Z,1423,role_flip_retest,demand,693.52,693.96,3,
2026-01-15T19:00:00Z,1423,rejection,demand,693.52,693.96,3,
2026-01-15T20:00:00Z,1423,broken,demand,693.52,693.96,3,
2026-01-15T21:00:00Z,1412,role_flip_retest,demand,690.9168327542064,691.66,3,
2026-01-15T21:00:00Z,1427,merged,supply,695.04,696.09,3,pivot
2026-01-16T15:30:00Z,1423,role_flip_retest,supply,693.52,693.96,3,
2026-01-16T15:30:00Z,1428,role_flip_retest,supply,692.09,693.0368853413214,3,
2026-01-16T16:00:00Z,1412,touch,demand,690.9168327542064,691.66,3,
2026-01-16T16:00:00Z,1412,rejection,demand,690.9168327542064,691.66,3,
2026-01-16T16:00:00Z,1426,role_flip_retest,demand,690.63,690.8299703474954,3,
2026-01-16T16:00:00Z,1428,rejection,supply,692.09,693.0368853413214,3,
2026-01-16T17:00:00Z,1412,rejection,demand,690.9168327542064,691.66,3,
2026-01-16T18:00:00Z,1428,rejection,supply,692.09,693.0368853413214,3,
2026-01-16T19:00:00Z,1426,merged,demand,690.1,691.2002639333518,4,pivot
2026-01-16T20:00:00Z,1423,touch,supply,693.52,693.96,3,
2026-01-16T20:00:00Z,1423,rejection,supply,693.52,693.96,3,
2026-01-16T21:00:00Z,1412,touch,demand,690.9168327542064,691.66,3,
2026-01-16T21:00:00Z,1428,rejection,supply,692.09,693.0368853413214,3,
2026-01-20T15:30:00Z,1412,broken,demand,690.9168327542064,691.66,3,
2026-01-20T15:30:00Z,1413,broken,demand,685.71,686.87,5,
2026-01-20T15:30:00Z,1426,broken,demand,690.1,691.2002639333518,4,
2026-01-20T18:00:00Z,1421,touch,demand,679.82,680.52,2,
2026-01-20T18:00:00Z,1421,rejection,demand,679.82,680.52,2,
2026-01-20T19:00:00Z,1421,broken,demand,679.82,680.52,2,
2026-01-21T17:00:00Z,1432,created,demand,676.57,677.65,1,pivot
2026-01-21T17:00:00Z,1432,volume_confluence,demand,676.57,677.65,2,VAL:2026-01-20:676.740833
2026-01-21T17:00:00Z,1432,qualified,demand,676.57,677.65,2,pivot|volume_profile
2026-01-21T19:00:00Z,1425,broken_zone_expired,supply,694.89,695.31,2,
2026-01-21T19:00:00Z,1433,created,supply,684.73,685.13,1,pivot
2026-01-21T20:00:00Z,1415,role_flip_retest,demand,687.49,688.28,4,
2026-01-21T20:00:00Z,1433,broken,supply,684.73,685.13,1,
2026-01-21T20:00:00Z,1434,created,demand,679.91,683.2795184440786,1,order_block
2026-01-21T20:00:00Z,1434,volume_confluence,demand,679.91,683.2795184440786,2,VAH:2026-01-20:682.549167
2026-01-21T20:00:00Z,1434,qualified,demand,679.91,683.2795184440786,2,order_block|volume_profile
2026-01-21T21:00:00Z,1413,role_flip_retest,supply,685.71,686.87,5,
2026-01-21T21:00:00Z,1415,broken,demand,687.49,688.28,4,
2026-01-21T21:00:00Z,1433,role_flip_retest,demand,684.73,685.13,2,
2026-01-21T21:00:00Z,1433,volume_confluence,demand,684.73,685.13,3,VAH:2026-01-21:684.982292
2026-01-21T21:00:00Z,1433,qualified,demand,684.73,685.13,3,pivot|role_flip|volume_profile
2026-01-22T15:30:00Z,1413,broken,supply,685.71,686.87,5,
2026-01-22T15:30:00Z,1426,role_flip_retest,supply,690.1,691.2002639333518,4,
2026-01-22T16:00:00Z,1414,role_flip_retest,demand,688.3,688.62,3,
2026-01-22T17:00:00Z,1414,rejection,demand,688.3,688.62,3,
2026-01-22T17:00:00Z,1422,role_flip_retest,demand,688.91,689.43,3,
2026-01-22T17:00:00Z,1426,touch,supply,690.1,691.2002639333518,4,
2026-01-22T17:00:00Z,1426,rejection,supply,690.1,691.2002639333518,4,
2026-01-22T18:00:00Z,1422,rejection,demand,688.91,689.43,3,
2026-01-22T19:00:00Z,1412,role_flip_retest,supply,690.9168327542064,691.66,3,
2026-01-22T19:00:00Z,1426,rejection,supply,690.1,691.2002639333518,4,
2026-01-22T20:00:00Z,1412,rejection,supply,690.9168327542064,691.66,3,
2026-01-22T20:00:00Z,1422,touch,demand,688.91,689.43,3,
2026-01-22T20:00:00Z,1426,rejection,supply,690.1,691.2002639333518,4,
2026-01-22T21:00:00Z,1414,touch,demand,688.3,688.62,3,
2026-01-22T21:00:00Z,1414,rejection,demand,688.3,688.62,3,
2026-01-23T15:30:00Z,1414,rejection,demand,688.3,688.62,3,
2026-01-23T15:30:00Z,1426,merged,supply,690.1,691.2002639333518,4,pivot
2026-01-23T16:00:00Z,1414,rejection,demand,688.3,688.62,3,
2026-01-23T16:00:00Z,1422,touch,demand,688.91,689.43,3,
2026-01-23T16:00:00Z,1422,rejection,demand,688.91,689.43,3,
2026-01-23T16:00:00Z,1426,touch,supply,690.1,691.2002639333518,4,
2026-01-23T17:00:00Z,1412,touch,supply,690.9168327542064,691.66,3,
2026-01-23T17:00:00Z,1412,rejection,supply,690.9168327542064,691.66,3,
2026-01-23T17:00:00Z,1422,rejection,demand,688.91,689.43,3,
2026-01-23T17:00:00Z,1426,rejection,supply,690.1,691.2002639333518,4,
2026-01-23T18:00:00Z,1414,broken,demand,688.3,688.62,3,
2026-01-23T18:00:00Z,1422,broken,demand,688.91,689.43,3,
2026-01-23T18:00:00Z,1426,rejection,supply,690.1,691.2002639333518,4,
2026-01-23T18:00:00Z,1436,created,demand,687.16,688.15,1,pivot
2026-01-23T18:00:00Z,1436,volume_confluence,demand,687.16,688.15,2,POC:2026-01-14:687.578333
2026-01-23T18:00:00Z,1436,qualified,demand,687.16,688.15,2,pivot|volume_profile
2026-01-23T19:00:00Z,1436,touch,demand,687.16,688.15,2,
2026-01-23T19:00:00Z,1436,rejection,demand,687.16,688.15,2,
2026-01-23T20:00:00Z,1426,touch,supply,690.1,691.2002639333518,4,
2026-01-23T20:00:00Z,1426,rejection,supply,690.1,691.2002639333518,4,
2026-01-26T15:30:00Z,1412,broken,supply,690.9168327542064,691.66,3,
2026-01-26T15:30:00Z,1426,broken,supply,690.1,691.2002639333518,4,
2026-01-26T15:30:00Z,1428,touch,supply,692.09,693.0368853413214,3,
2026-01-26T18:00:00Z,1423,touch,supply,693.52,693.96,3,
2026-01-26T18:00:00Z,1423,rejection,supply,693.52,693.96,3,
2026-01-26T18:00:00Z,1428,broken,supply,692.09,693.0368853413214,3,
2026-01-26T19:00:00Z,1428,role_flip_retest,demand,692.09,693.0368853413214,3,
2026-01-26T21:00:00Z,1423,rejection,supply,693.52,693.96,3,
2026-01-26T21:00:00Z,1428,touch,demand,692.09,693.0368853413214,3,
2026-01-27T15:30:00Z,1423,broken,supply,693.52,693.96,3,
2026-01-27T15:30:00Z,1427,touch,supply,695.04,696.09,3,
2026-01-27T20:00:00Z,1427,merged,supply,695.04,696.53,3,pivot
2026-01-28T15:30:00Z,1427,broken,supply,695.04,696.53,3,
2026-01-28T18:00:00Z,1421,broken_zone_expired,demand,679.82,680.52,2,
2026-01-28T18:00:00Z,1438,created,supply,697.12,697.84,1,pivot
2026-01-28T20:00:00Z,1423,role_flip_retest,demand,693.52,693.96,3,
2026-01-29T15:30:00Z,1423,broken,demand,693.52,693.96,3,
2026-01-29T15:30:00Z,1428,broken,demand,692.09,693.0368853413214,3,
2026-01-29T15:30:00Z,1439,created,supply,694.91,696.29,1,order_block
2026-01-29T15:30:00Z,1439,volume_confluence,supply,694.91,696.29,2,POC:2026-01-27:695.975000
2026-01-29T15:30:00Z,1439,qualified,supply,694.91,696.29,2,order_block|volume_profile
2026-01-29T16:00:00Z,1414,role_flip_retest,supply,688.3,688.62,3,
2026-01-29T16:00:00Z,1415,role_flip_retest,supply,687.49,688.28,4,
2026-01-29T16:00:00Z,1422,role_flip_retest,supply,688.91,689.43,3,
2026-01-29T16:00:00Z,1436,broken,demand,687.16,688.15,2,
2026-01-29T16:00:00Z,1439,merged,supply,694.91,696.29,2,order_block
2026-01-29T17:00:00Z,1413,role_flip_retest,demand,685.71,686.87,5,
2026-01-29T17:00:00Z,1415,broken,supply,687.49,688.28,4,
2026-01-29T17:00:00Z,1422,rejection,supply,688.91,689.43,3,
2026-01-29T17:00:00Z,1433,touch,demand,684.73,685.13,3,
2026-01-29T17:00:00Z,1433,rejection,demand,684.73,685.13,3,
2026-01-29T18:00:00Z,1414,broken,supply,688.3,688.62,3,
2026-01-29T18:00:00Z,1422,rejection,supply,688.91,689.43,3,
2026-01-29T18:00:00Z,1438,merged,supply,696.35,697.84,2,pivot
2026-01-29T18:00:00Z,1438,qualified,supply,696.35,697.84,2,pivot|repeated_pivot
2026-01-29T18:00:00Z,1438,volume_confluence,supply,696.35,697.84,3,VAH:2026-01-27:696.345000
2026-01-29T19:00:00Z,1422,broken,supply,688.91,689.43,3,
2026-01-29T20:00:00Z,1428,role_flip_retest,supply,692.09,693.0368853413214,3,
2026-01-29T20:00:00Z,1433,merged,demand,684.73,686.07,4,pivot
2026-01-29T21:00:00Z,1412,role_flip_retest,demand,690.9168327542064,691.66,3,
2026-01-29T21:00:00Z,1426,role_flip_retest,demand,690.1,691.2002639333518,4,
2026-01-29T21:00:00Z,1428,broken,supply,692.09,693.0368853413214,3,
2026-01-30T15:30:00Z,1412,rejection,demand,690.9168327542064,691.66,3,
2026-01-30T15:30:00Z,1423,role_flip_retest,supply,693.52,693.96,3,
2026-01-30T16:00:00Z,1412,rejection,demand,690.9168327542064,691.66,3,
2026-01-30T16:00:00Z,1423,rejection,supply,693.52,693.96,3,
2026-01-30T16:00:00Z,1426,touch,demand,690.1,691.2002639333518,4,
2026-01-30T16:00:00Z,1426,rejection,demand,690.1,691.2002639333518,4,
2026-01-30T17:00:00Z,1412,broken,demand,690.9168327542064,691.66,3,
2026-01-30T17:00:00Z,1423,merged,supply,693.52,694.79,4,pivot
2026-01-30T18:00:00Z,1412,role_flip_retest,supply,690.9168327542064,691.66,3,
2026-01-30T18:00:00Z,1426,broken,demand,690.1,691.2002639333518,4,
2026-01-30T19:00:00Z,1414,role_flip_retest,demand,688.3,688.62,3,
2026-01-30T19:00:00Z,1415,role_flip_retest,demand,687.49,688.28,4,
2026-01-30T19:00:00Z,1422,role_flip_retest,demand,688.91,689.43,3,
2026-01-30T20:00:00Z,1412,rejection,supply,690.9168327542064,691.66,3,
2026-01-30T21:00:00Z,1412,broken,supply,690.9168327542064,691.66,3,
2026-01-30T21:00:00Z,1422,touch,demand,688.91,689.43,3,
2026-01-30T21:00:00Z,1422,rejection,demand,688.91,689.43,3,
2026-02-02T15:30:00Z,1412,role_flip_retest,demand,690.9168327542064,691.66,3,
2026-02-02T15:30:00Z,1422,rejection,demand,688.91,689.43,3,
2026-02-02T15:30:00Z,1423,touch,supply,693.52,694.79,4,
2026-02-02T15:30:00Z,1423,rejection,supply,693.52,694.79,4,
2026-02-02T15:30:00Z,1415,merged,demand,687.12,688.7249855003263,5,pivot
2026-02-02T16:00:00Z,1428,role_flip_retest,demand,692.09,693.0368853413214,3,
2026-02-02T16:00:00Z,1439,touch,supply,694.91,696.29,2,
2026-02-02T16:00:00Z,1439,rejection,supply,694.91,696.29,2,
2026-02-02T17:00:00Z,1423,broken,supply,693.52,694.79,4,
2026-02-02T18:00:00Z,1438,touch,supply,696.35,697.84,3,
2026-02-02T19:00:00Z,1439,broken,supply,694.91,696.29,2,
2026-02-02T20:00:00Z,1438,rejection,supply,696.35,697.84,3,
2026-02-02T21:00:00Z,1438,rejection,supply,696.35,697.84,3,
2026-02-02T21:00:00Z,1438,merged,supply,696.35,697.84,3,pivot
2026-02-03T15:30:00Z,1438,rejection,supply,696.35,697.84,3,
2026-02-03T16:00:00Z,1412,touch,demand,690.9168327542064,691.66,3,
2026-02-03T16:00:00Z,1412,rejection,demand,690.9168327542064,691.66,3,
2026-02-03T16:00:00Z,1428,touch,demand,692.09,693.0368853413214,3,
2026-02-03T16:00:00Z,1428,rejection,demand,692.09,693.0368853413214,3,
2026-02-03T17:00:00Z,1412,broken,demand,690.9168327542064,691.66,3,
2026-02-03T17:00:00Z,1428,broken,demand,692.09,693.0368853413214,3,
2026-02-03T18:00:00Z,1414,broken,demand,688.3,688.62,3,
2026-02-03T18:00:00Z,1415,touch,demand,687.12,688.7249855003263,5,
2026-02-03T18:00:00Z,1422,broken,demand,688.91,689.43,3,
2026-02-03T18:00:00Z,1426,role_flip_retest,supply,690.1,691.2002639333518,4,
2026-02-03T18:00:00Z,1438,merged,supply,696.21,697.84,3,pivot
2026-02-03T19:00:00Z,1413,broken,demand,685.71,686.87,5,
2026-02-03T19:00:00Z,1414,role_flip_retest,supply,688.3,688.62,3,
2026-02-03T19:00:00Z,1415,broken,demand,687.12,688.7249855003263,5,
2026-02-03T19:00:00Z,1433,touch,demand,684.73,686.07,4,
2026-02-03T19:00:00Z,1436,role_flip_retest,supply,687.16,688.15,3,
2026-02-03T20:00:00Z,1415,role_flip_retest,supply,687.12,688.7249855003263,5,
2026-02-03T20:00:00Z,1433,rejection,demand,684.73,686.07,4,
2026-02-03T20:00:00Z,1436,rejection,supply,687.16,688.15,3,
2026-02-03T21:00:00Z,1414,broken,supply,688.3,688.62,3,
2026-02-03T21:00:00Z,1415,broken,supply,687.12,688.7249855003263,5,
2026-02-03T21:00:00Z,1436,broken,supply,687.16,688.15,3,
2026-02-04T15:30:00Z,1412,role_flip_retest,supply,690.9168327542064,691.66,3,
2026-02-04T15:30:00Z,1422,role_flip_retest,supply,688.91,689.43,3,
2026-02-04T15:30:00Z,1426,touch,supply,690.1,691.2002639333518,4,
2026-02-04T15:30:00Z,1426,rejection,supply,690.1,691.2002639333518,4,
2026-02-04T15:30:00Z,1436,role_flip_retest,demand,687.16,688.15,3,
2026-02-04T16:00:00Z,1422,rejection,supply,688.91,689.43,3,
2026-02-04T16:00:00Z,1426,rejection,supply,690.1,691.2002639333518,4,
2026-02-04T16:00:00Z,1436,rejection,demand,687.16,688.15,3,
2026-02-04T16:00:00Z,1433,merged,demand,684.03,686.07,4,pivot
2026-02-04T17:00:00Z,1433,touch,demand,684.03,686.07,4,
2026-02-04T17:00:00Z,1433,rejection,demand,684.03,686.07,4,
2026-02-04T17:00:00Z,1436,broken,demand,687.16,688.15,3,
2026-02-04T18:00:00Z,1413,role_flip_retest,supply,685.71,686.87,5,
2026-02-04T18:00:00Z,1433,broken,demand,684.03,686.07,4,
2026-02-04T18:00:00Z,1434,touch,demand,679.91,683.2795184440786,2,
2026-02-04T18:00:00Z,1434,rejection,demand,679.91,683.2795184440786,2,
2026-02-04T19:00:00Z,1434,rejection,demand,679.91,683.2795184440786,2,
2026-02-04T20:00:00Z,1413,broken,supply,685.71,686.87,5,
2026-02-04T21:00:00Z,1427,broken_zone_expired,supply,695.04,696.53,3,
2026-02-04T21:00:00Z,1436,role_flip_retest,supply,687.16,688.15,3,
2026-02-04T21:00:00Z,1448,created,demand,681.76,683.6005148870073,1,pivot
2026-02-04T21:00:00Z,1448,volume_confluence,demand,681.76,683.6005148870073,2,VAL:2026-02-04:684.384375
2026-02-04T21:00:00Z,1448,qualified,demand,681.76,683.6005148870073,2,pivot|volume_profile
2026-02-05T15:30:00Z,1434,touch,demand,679.91,683.2795184440786,2,
2026-02-05T15:30:00Z,1448,broken,demand,681.76,683.6005148870073,2,
2026-02-05T16:00:00Z,1432,touch,demand,676.57,677.65,2,
2026-02-05T16:00:00Z,1434,broken,demand,679.91,683.2795184440786,2,
2026-02-05T17:00:00Z,1432,rejection,demand,676.57,677.65,2,
2026-02-05T18:00:00Z,1448,role_flip_retest,supply,681.76,683.6005148870073,3,
2026-02-05T19:00:00Z,1434,role_flip_retest,supply,679.91,683.2795184440786,3,
2026-02-05T20:00:00Z,1434,rejection,supply,679.91,683.2795184440786,3,
2026-02-05T20:00:00Z,1432,merged,demand,675.79,677.65,3,pivot
2026-02-05T21:00:00Z,1432,touch,demand,675.79,677.65,3,
2026-02-05T21:00:00Z,1434,rejection,supply,679.91,683.2795184440786,3,
2026-02-06T15:30:00Z,1434,broken,supply,679.91,683.2795184440786,3,
2026-02-06T15:30:00Z,1448,broken,supply,681.76,683.6005148870073,3,
2026-02-06T16:00:00Z,1434,role_flip_retest,demand,679.91,683.2795184440786,3,
2026-02-06T16:00:00Z,1448,role_flip_retest,demand,681.76,683.6005148870073,3,
2026-02-06T17:00:00Z,1413,role_flip_retest,demand,685.71,686.87,5,
2026-02-06T17:00:00Z,1436,touch,supply,687.16,688.15,3,
2026-02-06T18:00:00Z,1414,role_flip_retest,demand,688.3,688.62,3,
2026-02-06T18:00:00Z,1415,role_flip_retest,demand,687.12,688.7249855003263,5,
2026-02-06T18:00:00Z,1422,touch,supply,688.91,689.43,3,
2026-02-06T18:00:00Z,1436,broken,supply,687.16,688.15,3,
2026-02-06T19:00:00Z,1414,rejection,demand,688.3,688.62,3,
2026-02-06T19:00:00Z,1415,rejection,demand,687.12,688.7249855003263,5,
2026-02-06T21:00:00Z,1407,age_expired,demand,674.98,675.61,3,
2026-02-06T21:00:00Z,1412,touch,supply,690.9168327542064,691.66,3,
2026-02-06T21:00:00Z,1412,rejection,supply,690.9168327542064,691.66,3,
2026-02-06T21:00:00Z,1422,broken,supply,688.91,689.43,3,
2026-02-06T21:00:00Z,1426,touch,supply,690.1,691.2002639333518,4,
2026-02-06T21:00:00Z,1428,role_flip_retest,supply,692.09,693.0368853413214,3,
2026-02-09T15:30:00Z,1412,rejection,supply,690.9168327542064,691.66,3,
2026-02-09T15:30:00Z,1414,touch,demand,688.3,688.62,3,
2026-02-09T15:30:00Z,1414,rejection,demand,688.3,688.62,3,
2026-02-09T15:30:00Z,1415,touch,demand,687.12,688.7249855003263,5,
2026-02-09T15:30:00Z,1415,rejection,demand,687.12,688.7249855003263,5,
2026-02-09T15:30:00Z,1422,role_flip_retest,demand,688.91,689.43,3,
2026-02-09T16:00:00Z,1412,broken,supply,690.9168327542064,691.66,3,
2026-02-09T16:00:00Z,1426,broken,supply,690.1,691.2002639333518,4,
2026-02-09T16:00:00Z,1428,broken,supply,692.09,693.0368853413214,3,
2026-02-09T17:00:00Z,1423,role_flip_retest,demand,693.52,694.79,4,
2026-02-09T20:00:00Z,1423,rejection,demand,693.52,694.79,4,
2026-02-10T15:30:00Z,1423,rejection,demand,693.52,694.79,4,
2026-02-10T16:00:00Z,1409,age_expired,demand,671.19,671.5519072352483,2,
2026-02-10T16:00:00Z,1423,rejection,demand,693.52,694.79,4,
2026-02-10T16:00:00Z,1438,touch,supply,696.21,697.84,3,
2026-02-10T16:00:00Z,1438,rejection,supply,696.21,697.84,3,
2026-02-10T18:00:00Z,1423,rejection,demand,693.52,694.79,4,
2026-02-10T18:00:00Z,1439,broken_zone_expired,supply,694.91,696.29,2,
2026-02-10T18:00:00Z,1423,merged,demand,693.45,694.9267117473407,4,pivot
2026-02-10T19:00:00Z,1428,role_flip_retest,demand,692.09,693.0368853413214,3,
2026-02-10T19:00:00Z,1438,merged,supply,695.74,697.84,3,pivot
2026-02-10T21:00:00Z,1412,role_flip_retest,demand,690.9168327542064,691.66,3,
2026-02-10T21:00:00Z,1423,broken,demand,693.45,694.9267117473407,4,
2026-02-10T21:00:00Z,1428,touch,demand,692.09,693.0368853413214,3,
2026-02-11T15:30:00Z,1438,touch,supply,695.74,697.84,3,
2026-02-11T15:30:00Z,1438,rejection,supply,695.74,697.84,3,
2026-02-11T16:00:00Z,1412,touch,demand,690.9168327542064,691.66,3,
2026-02-11T16:00:00Z,1412,rejection,demand,690.9168327542064,691.66,3,
2026-02-11T16:00:00Z,1422,touch,demand,688.91,689.43,3,
2026-02-11T16:00:00Z,1422,rejection,demand,688.91,689.43,3,
2026-02-11T16:00:00Z,1423,role_flip_retest,supply,693.45,694.9267117473407,4,
2026-02-11T16:00:00Z,1426,role_flip_retest,demand,690.1,691.2002639333518,4,
2026-02-11T16:00:00Z,1428,touch,demand,692.09,693.0368853413214,3,
2026-02-11T17:00:00Z,1412,rejection,demand,690.9168327542064,691.66,3,
2026-02-11T17:00:00Z,1423,rejection,supply,693.45,694.9267117473407,4,
2026-02-11T18:00:00Z,1412,rejection,demand,690.9168327542064,691.66,3,
2026-02-11T18:00:00Z,1423,rejection,supply,693.45,694.9267117473407,4,
2026-02-11T18:00:00Z,1438,merged,supply,695.74,697.84,3,pivot
2026-02-11T19:00:00Z,1412,rejection,demand,690.9168327542064,691.66,3,
2026-02-11T19:00:00Z,1426,merged,demand,689.18,691.2002639333518,4,pivot
2026-02-11T20:00:00Z,1423,touch,supply,693.45,694.9267117473407,4,
2026-02-11T20:00:00Z,1423,rejection,supply,693.45,694.9267117473407,4,
2026-02-11T21:00:00Z,1428,broken,demand,692.09,693.0368853413214,3,
2026-02-12T15:30:00Z,1423,touch,supply,693.45,694.9267117473407,4,
2026-02-12T15:30:00Z,1423,rejection,supply,693.45,694.9267117473407,4,
2026-02-12T16:00:00Z,1412,broken,demand,690.9168327542064,691.66,3,
2026-02-12T16:00:00Z,1414,touch,demand,688.3,688.62,3,
2026-02-12T16:00:00Z,1414,rejection,demand,688.3,688.62,3,
2026-02-12T16:00:00Z,1415,touch,demand,687.12,688.7249855003263,5,
2026-02-12T16:00:00Z,1422,broken,demand,688.91,689.43,3,
2026-02-12T16:00:00Z,1423,rejection,supply,693.45,694.9267117473407,4,
2026-02-12T16:00:00Z,1426,broken,demand,689.18,691.2002639333518,4,
2026-02-12T16:00:00Z,1428,role_flip_retest,supply,692.09,693.0368853413214,3,
2026-02-12T16:00:00Z,1428,merged,supply,692.09,693.96,4,order_block
2026-02-12T17:00:00Z,1413,broken,demand,685.71,686.87,5,
2026-02-12T17:00:00Z,1414,broken,demand,688.3,688.62,3,
2026-02-12T17:00:00Z,1415,broken,demand,687.12,688.7249855003263,5,
2026-02-12T17:00:00Z,1433,broken_zone_expired,demand,684.03,686.07,4,
2026-02-12T17:00:00Z,1448,touch,demand,681.76,683.6005148870073,3,
2026-02-12T17:00:00Z,1448,rejection,demand,681.76,683.6005148870073,3,
2026-02-12T17:00:00Z,1428,merged,supply,692.09,693.96,4,order_block
2026-02-12T18:00:00Z,1434,touch,demand,679.91,683.2795184440786,3,
2026-02-12T18:00:00Z,1423,merged,supply,693.45,695.35,4,pivot
2026-02-12T19:00:00Z,1434,rejection,demand,679.91,683.2795184440786,3,
2026-02-12T19:00:00Z,1448,rejection,demand,681.76,683.6005148870073,3,
2026-02-12T20:00:00Z,1413,role_flip_retest,supply,685.71,686.87,5,
2026-02-12T20:00:00Z,1448,rejection,demand,681.76,683.6005148870073,3,
2026-02-12T21:00:00Z,1434,touch,demand,679.91,683.2795184440786,3,
2026-02-12T21:00:00Z,1448,broken,demand,681.76,683.6005148870073,3,
2026-02-12T21:00:00Z,1413,merged,supply,684.7,686.87,5,order_block
2026-02-13T15:30:00Z,1432,touch,demand,675.79,677.65,3,
2026-02-13T15:30:00Z,1432,rejection,demand,675.79,677.65,3,
2026-02-13T15:30:00Z,1448,role_flip_retest,supply,681.76,683.6005148870073,3,
2026-02-13T17:00:00Z,1413,touch,supply,684.7,686.87,5,
2026-02-13T17:00:00Z,1434,rejection,demand,679.91,683.2795184440786,3,
2026-02-13T17:00:00Z,1448,broken,supply,681.76,683.6005148870073,3,
2026-02-13T18:00:00Z,1458,created,demand,677.52,679.3405044652905,1,pivot
2026-02-13T18:00:00Z,1458,volume_confluence,demand,677.52,679.3405044652905,2,POC:2026-02-05:678.917083
2026-02-13T18:00:00Z,1458,qualified,demand,677.52,679.3405044652905,2,pivot|volume_profile
2026-02-13T19:00:00Z,1413,rejection,supply,684.7,686.87,5,
2026-02-13T20:00:00Z,1413,rejection,supply,684.7,686.87,5,
2026-02-13T20:00:00Z,1434,touch,demand,679.91,683.2795184440786,3,
2026-02-13T21:00:00Z,1413,merged,supply,684.7,686.87,5,pivot
2026-02-17T15:30:00Z,1432,touch,demand,675.79,677.65,3,
2026-02-17T15:30:00Z,1434,broken,demand,679.91,683.2795184440786,3,
2026-02-17T15:30:00Z,1458,broken,demand,677.52,679.3405044652905,2,
2026-02-17T16:00:00Z,1432,rejection,demand,675.79,677.65,3,
2026-02-17T17:00:00Z,1436,broken_zone_expired,supply,687.16,688.15,3,
2026-02-17T19:00:00Z,1413,touch,supply,684.7,686.87,5,
2026-02-17T19:00:00Z,1413,rejection,supply,684.7,686.87,5,
2026-02-17T19:00:00Z,1448,role_flip_retest,demand,681.76,683.6005148870073,3,
2026-02-17T19:00:00Z,1432,merged,demand,675.78,677.65,3,pivot
2026-02-17T20:00:00Z,1413,rejection,supply,684.7,686.87,5,
2026-02-18T15:30:00Z,1413,touch,supply,684.7,686.87,5,
2026-02-18T15:30:00Z,1448,rejection,demand,681.76,683.6005148870073,3,
2026-02-18T16:00:00Z,1413,broken,supply,684.7,686.87,5,
2026-02-18T17:00:00Z,1414,role_flip_retest,supply,688.3,688.62,3,
2026-02-18T17:00:00Z,1422,role_flip_retest,supply,688.91,689.43,3,
2026-02-18T19:00:00Z,1413,role_flip_retest,demand,684.7,686.87,5,
2026-02-18T19:00:00Z,1414,rejection,supply,688.3,688.62,3,
2026-02-18T19:00:00Z,1415,role_flip_retest,supply,687.12,688.7249855003263,5,
2026-02-18T19:00:00Z,1422,touch,supply,688.91,689.43,3,
2026-02-18T19:00:00Z,1422,rejection,supply,688.91,689.43,3,
2026-02-18T20:00:00Z,1415,rejection,supply,687.12,688.7249855003263,5,
2026-02-18T21:00:00Z,1415,rejection,supply,687.12,688.7249855003263,5,
2026-02-19T15:30:00Z,1448,touch,demand,681.76,683.6005148870073,3,
2026-02-19T15:30:00Z,1448,rejection,demand,681.76,683.6005148870073,3,
2026-02-19T15:30:00Z,1422,merged,supply,688.5,689.43,4,pivot
2026-02-19T17:00:00Z,1413,age_expired,demand,684.7,686.87,5,
2026-02-19T17:00:00Z,1448,touch,demand,681.76,683.6005148870073,3,
2026-02-19T19:00:00Z,1448,rejection,demand,681.76,683.6005148870073,3,
2026-02-19T20:00:00Z,1414,age_expired,supply,688.3,688.62,3,
2026-02-19T21:00:00Z,1448,rejection,demand,681.76,683.6005148870073,3,
2026-02-20T15:30:00Z,1448,rejection,demand,681.76,683.6005148870073,3,
2026-02-20T15:30:00Z,1448,merged,demand,681.54,683.6005148870073,4,pivot
2026-02-20T16:00:00Z,1415,touch,supply,687.12,688.7249855003263,5,
2026-02-20T16:00:00Z,1422,touch,supply,688.5,689.43,4,
2026-02-20T16:00:00Z,1426,role_flip_retest,supply,689.18,691.2002639333518,4,
2026-02-20T16:00:00Z,1448,merged,demand,681.54,683.74,5,order_block
2026-02-20T17:00:00Z,1426,rejection,supply,689.18,691.2002639333518,4,
2026-02-20T18:00:00Z,1422,rejection,supply,688.5,689.43,4,
2026-02-20T19:00:00Z,1415,age_expired,supply,687.12,688.7249855003263,5,
2026-02-20T19:00:00Z,1426,touch,supply,689.18,691.2002639333518,4,
2026-02-20T20:00:00Z,1422,rejection,supply,688.5,689.43,4,
2026-02-20T20:00:00Z,1426,rejection,supply,689.18,691.2002639333518,4,
2026-02-23T15:30:00Z,1412,broken_zone_expired,demand,690.9168327542064,691.66,3,
2026-02-23T15:30:00Z,1422,rejection,supply,688.5,689.43,4,
2026-02-23T15:30:00Z,1426,rejection,supply,689.18,691.2002639333518,4,
2026-02-23T15:30:00Z,1426,merged,supply,689.18,691.2002639333518,4,pivot
2026-02-23T16:00:00Z,1448,touch,demand,681.54,683.74,5,
2026-02-23T20:00:00Z,1448,broken,demand,681.54,683.74,5,
2026-02-23T20:00:00Z,1465,created,demand,680.37,681.96,1,pivot
2026-02-23T20:00:00Z,1465,volume_confluence,demand,680.37,681.96,2,POC:2026-02-17:682.077500
2026-02-23T20:00:00Z,1465,qualified,demand,680.37,681.96,2,pivot|volume_profile
2026-02-23T21:00:00Z,1465,touch,demand,680.37,681.96,2,
2026-02-23T21:00:00Z,1465,rejection,demand,680.37,681.96,2,
2026-02-24T15:30:00Z,1465,rejection,demand,680.37,681.96,2,
2026-02-24T18:00:00Z,1465,merged,demand,680.0,681.96,3,pivot
2026-02-24T21:00:00Z,1434,broken_zone_expired,demand,679.91,683.2795184440786,3,
2026-02-24T21:00:00Z,1458,broken_zone_expired,demand,677.52,679.3405044652905,2,
2026-02-25T15:30:00Z,1422,broken,supply,688.5,689.43,4,
2026-02-25T15:30:00Z,1426,touch,supply,689.18,691.2002639333518,4,
2026-02-25T17:00:00Z,1426,broken,supply,689.18,691.2002639333518,4,
2026-02-25T17:00:00Z,1428,touch,supply,692.09,693.96,4,
2026-02-25T17:00:00Z,1428,rejection,supply,692.09,693.96,4,
2026-02-25T21:00:00Z,1423,touch,supply,693.45,695.35,4,
2026-02-25T21:00:00Z,1423,rejection,supply,693.45,695.35,4,
2026-02-26T15:30:00Z,1428,rejection,supply,692.09,693.96,4,
2026-02-26T17:00:00Z,1428,merged,supply,692.09,693.96,5,pivot
2026-02-26T19:00:00Z,1468,created,demand,684.35,685.7752988813822,1,pivot
2026-02-26T19:00:00Z,1468,volume_confluence,demand,684.35,685.7752988813822,2,VAL:2026-02-18:685.331667
2026-02-26T19:00:00Z,1468,qualified,demand,684.35,685.7752988813822,2,pivot|volume_profile
2026-02-27T15:30:00Z,1465,touch,demand,680.0,681.96,3,
2026-02-27T15:30:00Z,1465,rejection,demand,680.0,681.96,3,
2026-02-27T15:30:00Z,1468,broken,demand,684.35,685.7752988813822,2,
2026-02-27T17:00:00Z,1423,age_expired,supply,693.45,695.35,4,
2026-02-27T18:00:00Z,1469,created,demand,681.64,682.87,1,pivot
2026-02-27T18:00:00Z,1469,volume_confluence,demand,681.64,682.87,2,VAL:2026-02-19:682.603333
2026-02-27T18:00:00Z,1469,qualified,demand,681.64,682.87,2,pivot|volume_profile
2026-02-27T19:00:00Z,1468,role_flip_retest,supply,684.35,685.7752988813822,3,
2026-02-27T20:00:00Z,1468,rejection,supply,684.35,685.7752988813822,3,
2026-02-27T21:00:00Z,1468,broken,supply,684.35,685.7752988813822,3,
2026-03-02T15:30:00Z,1465,touch,demand,680.0,681.96,3,
2026-03-02T15:30:00Z,1465,rejection,demand,680.0,681.96,3,
2026-03-02T15:30:00Z,1469,touch,demand,681.64,682.87,2,
2026-03-02T15:30:00Z,1469,rejection,demand,681.64,682.87,2,
2026-03-02T16:00:00Z,1465,rejection,demand,680.0,681.96,3,
2026-03-02T16:00:00Z,1469,rejection,demand,681.64,682.87,2,
2026-03-02T17:00:00Z,1468,role_flip_retest,demand,684.35,685.7752988813822,3,
2026-03-02T18:00:00Z,1468,rejection,demand,684.35,685.7752988813822,3,
2026-03-02T18:00:00Z,1432,merged,demand,675.78,678.7,3,pivot
2026-03-02T20:00:00Z,1468,rejection,demand,684.35,685.7752988813822,3,
2026-03-02T21:00:00Z,1468,rejection,demand,684.35,685.7752988813822,3,
2026-03-03T15:30:00Z,1432,broken,demand,675.78,678.7,3,
2026-03-03T15:30:00Z,1465,broken,demand,680.0,681.96,3,
2026-03-03T15:30:00Z,1468,broken,demand,684.35,685.7752988813822,3,
2026-03-03T15:30:00Z,1469,broken,demand,681.64,682.87,2,
2026-03-03T16:00:00Z,1471,created,supply,688.1484468762003,688.62,1,pivot
2026-03-03T16:00:00Z,1471,volume_confluence,supply,688.1484468762003,688.62,2,VAH:2026-02-24:688.176042
2026-03-03T16:00:00Z,1471,qualified,supply,688.1484468762003,688.62,2,pivot|volume_profile
2026-03-03T19:00:00Z,1448,broken_zone_expired,demand,681.54,683.74,5,
2026-03-03T19:00:00Z,1469,role_flip_retest,supply,681.64,682.87,3,
2026-03-03T19:00:00Z,1472,created,demand,669.66,671.8832811502166,1,pivot
2026-03-03T20:00:00Z,1469,rejection,supply,681.64,682.87,3,
2026-03-03T21:00:00Z,1469,rejection,supply,681.64,682.87,3,
2026-03-03T21:00:00Z,1472,volume_confluence,demand,669.66,671.8832811502166,2,VAL:2026-03-03:671.548542
2026-03-03T21:00:00Z,1472,qualified,demand,669.66,671.8832811502166,2,pivot|volume_profile
2026-03-04T15:30:00Z,1469,rejection,supply,681.64,682.87,3,
2026-03-04T16:00:00Z,1469,broken,supply,681.64,682.87,3,
2026-03-04T21:00:00Z,1422,broken_zone_expired,supply,688.5,689.43,4,
2026-03-05T15:30:00Z,1428,age_expired,supply,692.09,693.96,5,
2026-03-05T15:30:00Z,1469,role_flip_retest,demand,681.64,682.87,3,
2026-03-05T16:00:00Z,1426,broken_zone_expired,supply,689.18,691.2002639333518,4,
2026-03-05T16:00:00Z,1468,role_flip_retest,supply,684.35,685.7752988813822,3,
2026-03-05T16:00:00Z,1473,created,supply,686.6711128544699,687.09,1,pivot
2026-03-05T16:00:00Z,1473,volume_confluence,supply,686.6711128544699,687.09,2,VAH:2026-03-04:686.934375
2026-03-05T16:00:00Z,1473,qualified,supply,686.6711128544699,687.09,2,pivot|volume_profile
2026-03-05T17:00:00Z,1469,broken,demand,681.64,682.87,3,
2026-03-05T18:00:00Z,1465,role_flip_retest,supply,680.0,681.96,4,
2026-03-05T18:00:00Z,1469,role_flip_retest,supply,681.64,682.87,3,
2026-03-05T18:00:00Z,1469,merged,supply,681.64,685.11,4,order_block
2026-03-05T21:00:00Z,1465,touch,supply,680.0,681.96,4,
2026-03-05T21:00:00Z,1469,touch,supply,681.64,685.11,4,
2026-03-05T21:00:00Z,1469,rejection,supply,681.64,685.11,4,
2026-03-06T15:30:00Z,1472,touch,demand,669.66,671.8832811502166,2,
2026-03-06T16:00:00Z,1432,role_flip_retest,supply,675.78,678.7,4,
2026-03-06T16:00:00Z,1472,rejection,demand,669.66,671.8832811502166,2,
2026-03-06T17:00:00Z,1432,rejection,supply,675.78,678.7,4,
2026-03-06T18:00:00Z,1432,rejection,supply,675.78,678.7,4,
2026-03-06T18:00:00Z,1472,merged,demand,669.66,671.8832811502166,3,pivot
2026-03-06T19:00:00Z,1432,rejection,supply,675.78,678.7,4,
2026-03-06T21:00:00Z,1432,touch,supply,675.78,678.7,4,
2026-03-06T21:00:00Z,1432,rejection,supply,675.78,678.7,4,
2026-03-06T21:00:00Z,1472,touch,demand,669.66,671.8832811502166,3,
2026-03-06T21:00:00Z,1472,rejection,demand,669.66,671.8832811502166,3,
2026-03-09T14:30:00Z,1472,broken,demand,669.66,671.8832811502166,3,
2026-03-09T16:00:00Z,1472,role_flip_retest,supply,669.66,671.8832811502166,4,
2026-03-09T18:00:00Z,1472,rejection,supply,669.66,671.8832811502166,4,
2026-03-09T18:00:00Z,1476,created,demand,662.39,664.05,1,pivot
2026-03-09T20:00:00Z,1432,touch,supply,675.78,678.7,4,
2026-03-09T20:00:00Z,1472,broken,supply,669.66,671.8832811502166,4,
2026-03-09T20:00:00Z,1477,created,demand,668.09,671.27,1,order_block
2026-03-09T20:00:00Z,1476,volume_confluence,demand,662.39,664.05,2,VAL:2026-03-09:664.216042
2026-03-09T20:00:00Z,1476,qualified,demand,662.39,664.05,2,pivot|volume_profile
2026-03-09T20:00:00Z,1477,volume_confluence,demand,668.09,671.27,2,POC:2026-03-09:670.059375
2026-03-09T20:00:00Z,1477,qualified,demand,668.09,671.27,2,order_block|volume_profile
2026-03-10T15:00:00Z,1432,broken,supply,675.78,678.7,4,
2026-03-10T15:00:00Z,1465,touch,supply,680.0,681.96,4,
2026-03-10T16:00:00Z,1469,touch,supply,681.64,685.11,4,
2026-03-10T16:00:00Z,1469,rejection,supply,681.64,685.11,4,
2026-03-10T17:00:00Z,1469,rejection,supply,681.64,685.11,4,
2026-03-10T19:00:00Z,1465,rejection,supply,680.0,681.96,4,
2026-03-10T19:00:00Z,1469,rejection,supply,681.64,685.11,4,
2026-03-11T14:30:00Z,1469,merged,supply,681.64,685.11,5,pivot
2026-03-11T15:00:00Z,1465,touch,supply,680.0,681.96,4,
2026-03-11T15:00:00Z,1465,rejection,supply,680.0,681.96,4,
2026-03-12T14:30:00Z,1477,touch,demand,668.09,671.27,2,
2026-03-12T19:00:00Z,1477,broken,demand,668.09,671.27,2,
2026-03-12T19:00:00Z,1479,created,demand,666.92,668.51,1,pivot
2026-03-12T20:00:00Z,1477,role_flip_retest,supply,668.09,671.27,3,
2026-03-12T20:00:00Z,1479,broken,demand,666.92,668.51,1,
2026-03-13T15:00:00Z,1477,rejection,supply,668.09,671.27,3,
2026-03-13T15:00:00Z,1479,role_flip_retest,supply,666.92,668.51,2,
2026-03-13T15:00:00Z,1480,created,supply,669.28,672.34,1,order_block
2026-03-13T15:00:00Z,1479,volume_confluence,supply,666.92,668.51,3,POC:2026-03-12:668.176042
2026-03-13T15:00:00Z,1479,qualified,supply,666.92,668.51,3,pivot|role_flip|volume_profile
2026-03-13T15:00:00Z,1480,volume_confluence,supply,669.28,672.34,2,POC:2026-03-09:670.059375
2026-03-13T15:00:00Z,1480,qualified,supply,669.28,672.34,2,order_block|volume_profile
2026-03-13T16:00:00Z,1476,touch,demand,662.39,664.05,2,
2026-03-13T16:00:00Z,1479,rejection,supply,666.92,668.51,3,
2026-03-13T17:00:00Z,1480,merged,supply,669.28,672.34,3,pivot
2026-03-13T19:00:00Z,1476,rejection,demand,662.39,664.05,2,
2026-03-16T14:30:00Z,1477,touch,supply,668.09,671.27,3,
2026-03-16T14:30:00Z,1479,broken,supply,666.92,668.51,3,
2026-03-16T14:30:00Z,1480,touch,supply,669.28,672.34,3,
2026-03-16T15:00:00Z,1479,role_flip_retest,demand,666.92,668.51,3,
2026-03-16T16:00:00Z,1480,rejection,supply,669.28,672.34,3,
2026-03-16T16:00:00Z,1476,merged,demand,661.36,664.05,3,pivot
2026-03-16T18:00:00Z,1479,rejection,demand,666.92,668.51,3,
2026-03-16T18:00:00Z,1480,touch,supply,669.28,672.34,3,
2026-03-16T18:00:00Z,1480,rejection,supply,669.28,672.34,3,
2026-03-16T18:00:00Z,1480,merged,supply,669.28,672.34,4,pivot
2026-03-16T20:00:00Z,1479,touch,demand,666.92,668.51,3,
2026-03-16T20:00:00Z,1479,rejection,demand,666.92,668.51,3,
2026-03-16T20:00:00Z,1480,rejection,supply,669.28,672.34,4,
2026-03-17T14:30:00Z,1477,broken,supply,668.09,671.27,3,
2026-03-17T14:30:00Z,1480,broken,supply,669.28,672.34,4,
2026-03-17T15:00:00Z,1472,role_flip_retest,demand,669.66,671.8832811502166,4,
2026-03-17T15:00:00Z,1480,role_flip_retest,demand,669.28,672.34,5,
2026-03-17T17:00:00Z,1484,created,supply,673.89,674.44,1,pivot
2026-03-17T17:00:00Z,1484,volume_confluence,supply,673.89,674.44,2,VAL:2026-03-11:673.761250
2026-03-17T17:00:00Z,1484,qualified,supply,673.89,674.44,2,pivot|volume_profile
2026-03-17T18:00:00Z,1477,role_flip_retest,demand,668.09,671.27,3,
2026-03-18T14:30:00Z,1432,broken_zone_expired,supply,675.78,678.7,4,
2026-03-18T14:30:00Z,1472,broken,demand,669.66,671.8832811502166,4,
2026-03-18T14:30:00Z,1479,touch,demand,666.92,668.51,3,
2026-03-18T14:30:00Z,1479,rejection,demand,666.92,668.51,3,
2026-03-18T15:00:00Z,1477,broken,demand,668.09,671.27,3,
2026-03-18T15:00:00Z,1480,broken,demand,669.28,672.34,5,
2026-03-18T17:00:00Z,1479,broken,demand,666.92,668.51,3,
2026-03-18T19:00:00Z,1476,touch,demand,661.36,664.05,3,
2026-03-18T19:00:00Z,1479,role_flip_retest,supply,666.92,668.51,3,
2026-03-18T20:00:00Z,1438,age_expired,supply,695.74,697.84,3,
2026-03-19T14:30:00Z,1476,broken,demand,661.36,664.05,3,
2026-03-19T17:00:00Z,1485,created,demand,655.17,656.887815906999,1,pivot
2026-03-19T18:00:00Z,1485,touch,demand,655.17,656.887815906999,1,
2026-03-19T18:00:00Z,1485,rejection,demand,655.17,656.887815906999,1,
2026-03-19T19:00:00Z,1485,rejection,demand,655.17,656.887815906999,1,
2026-03-19T20:00:00Z,1476,role_flip_retest,supply,661.36,664.05,4,
2026-03-19T20:00:00Z,1485,volume_confluence,demand,655.17,656.887815906999,2,VAL:2026-03-19:656.308958
2026-03-19T20:00:00Z,1485,qualified,demand,655.17,656.887815906999,2,pivot|volume_profile
2026-03-20T14:30:00Z,1485,broken,demand,655.17,656.887815906999,2,
2026-03-20T16:00:00Z,1476,merged,supply,661.1717396464077,664.05,4,pivot
2026-03-23T15:00:00Z,1476,touch,supply,661.1717396464077,664.05,4,
2026-03-23T15:00:00Z,1476,rejection,supply,661.1717396464077,664.05,4,
2026-03-23T16:00:00Z,1476,rejection,supply,661.1717396464077,664.05,4,
2026-03-23T16:00:00Z,1487,created,demand,644.72,646.9635822975566,1,pivot
2026-03-23T16:00:00Z,1487,volume_confluence,demand,644.72,646.9635822975566,2,VAL:2026-03-20:647.463125
2026-03-23T16:00:00Z,1487,qualified,demand,644.72,646.9635822975566,2,pivot|volume_profile
2026-03-23T19:00:00Z,1476,merged,supply,661.07,664.05,4,pivot
2026-03-24T15:00:00Z,1485,role_flip_retest,supply,655.17,656.887815906999,3,
2026-03-24T16:00:00Z,1485,rejection,supply,655.17,656.887815906999,3,
2026-03-24T17:00:00Z,1485,rejection,supply,655.17,656.887815906999,3,
2026-03-24T17:00:00Z,1489,created,demand,649.88,651.34,1,pivot
2026-03-24T18:00:00Z,1485,rejection,supply,655.17,656.887815906999,3,
2026-03-24T19:00:00Z,1485,rejection,supply,655.17,656.887815906999,3,
2026-03-24T20:00:00Z,1485,rejection,supply,655.17,656.887815906999,3,
2026-03-25T15:00:00Z,1485,broken,supply,655.17,656.887815906999,3,
2026-03-25T16:00:00Z,1485,role_flip_retest,demand,655.17,656.887815906999,3,
2026-03-25T17:00:00Z,1485,rejection,demand,655.17,656.887815906999,3,
2026-03-25T17:00:00Z,1490,created,supply,658.6809455970355,660.89,1,pivot
2026-03-25T17:00:00Z,1490,volume_confluence,supply,658.6809455970355,660.89,2,VAH:2026-03-19:659.563125
2026-03-25T17:00:00Z,1490,qualified,supply,658.6809455970355,660.89,2,pivot|volume_profile
2026-03-25T18:00:00Z,1490,touch,supply,658.6809455970355,660.89,2,
2026-03-25T18:00:00Z,1490,rejection,supply,658.6809455970355,660.89,2,
2026-03-25T19:00:00Z,1485,touch,demand,655.17,656.887815906999,3,
2026-03-25T20:00:00Z,1472,broken_zone_expired,demand,669.66,671.8832811502166,4,
2026-03-26T14:30:00Z,1477,broken_zone_expired,demand,668.09,671.27,3,
2026-03-26T14:30:00Z,1480,broken_zone_expired,demand,669.28,672.34,5,
2026-03-26T14:30:00Z,1485,broken,demand,655.17,656.887815906999,3,
2026-03-26T14:30:00Z,1489,touch,demand,649.88,651.34,1,
2026-03-26T14:30:00Z,1489,rejection,demand,649.88,651.34,1,
2026-03-26T15:00:00Z,1489,rejection,demand,649.88,651.34,1,
2026-03-26T16:00:00Z,1489,rejection,demand,649.88,651.34,1,
2026-03-26T17:00:00Z,1489,broken,demand,649.88,651.34,1,
2026-03-26T18:00:00Z,1487,touch,demand,644.72,646.9635822975566,2,
2026-03-26T18:00:00Z,1489,role_flip_retest,supply,649.88,651.34,2,
2026-03-26T19:00:00Z,1487,rejection,demand,644.72,646.9635822975566,2,
2026-03-26T20:00:00Z,1489,volume_confluence,supply,649.88,651.34,3,VAH:2026-03-26:651.715625
2026-03-26T20:00:00Z,1489,qualified,supply,649.88,651.34,3,pivot|role_flip|volume_profile
2026-03-27T14:30:00Z,1487,broken,demand,644.72,646.9635822975566,2,
2026-03-30T16:00:00Z,1491,created,demand,633.1,634.04,1,pivot
2026-03-30T18:00:00Z,1491,touch,demand,633.1,634.04,1,
2026-03-30T19:00:00Z,1491,broken,demand,633.1,634.04,1,
2026-03-31T16:00:00Z,1492,created,demand,629.28,631.4175258527521,1,pivot
2026-03-31T16:00:00Z,1492,volume_confluence,demand,629.28,631.4175258527521,2,VAL:2026-03-30:632.283542
2026-03-31T16:00:00Z,1492,qualified,demand,629.28,631.4175258527521,2,pivot|volume_profile
2026-03-31T17:00:00Z,1493,created,demand,637.98,642.2988098812699,1,order_block
2026-03-31T17:00:00Z,1493,volume_confluence,demand,637.98,642.2988098812699,2,POC:2026-03-27:638.875833
2026-03-31T17:00:00Z,1493,qualified,demand,637.98,642.2988098812699,2,order_block|volume_profile
2026-03-31T20:00:00Z,1489,touch,supply,649.88,651.34,3,
2026-04-01T14:30:00Z,1485,role_flip_retest,supply,655.17,656.887815906999,3,
2026-04-01T14:30:00Z,1489,broken,supply,649.88,651.34,3,
2026-04-01T16:00:00Z,1485,broken,supply,655.17,656.887815906999,3,
2026-04-01T17:00:00Z,1485,role_flip_retest,demand,655.17,656.887815906999,3,
2026-04-01T19:00:00Z,1485,broken,demand,655.17,656.887815906999,3,
2026-04-02T14:30:00Z,1490,merged,supply,657.82,660.89,3,pivot
2026-04-02T15:00:00Z,1489,role_flip_retest,demand,649.88,651.34,3,
2026-04-02T15:00:00Z,1490,touch,supply,657.82,660.89,3,
2026-04-02T15:00:00Z,1490,rejection,supply,657.82,660.89,3,
2026-04-02T16:00:00Z,1485,role_flip_retest,supply,655.17,656.887815906999,3,
2026-04-02T17:00:00Z,1495,created,demand,645.11,646.42,1,pivot
2026-04-02T17:00:00Z,1495,volume_confluence,demand,645.11,646.42,2,POC:2026-03-26:646.282708
2026-04-02T17:00:00Z,1495,qualified,demand,645.11,646.42,2,pivot|volume_profile
2026-04-02T20:00:00Z,1485,touch,supply,655.17,656.887815906999,3,
2026-04-06T14:30:00Z,1485,broken,supply,655.17,656.887815906999,3,
2026-04-06T14:30:00Z,1490,touch,supply,657.82,660.89,3,
2026-04-06T15:00:00Z,1485,role_flip_retest,demand,655.17,656.887815906999,3,
2026-04-06T15:00:00Z,1490,rejection,supply,657.82,660.89,3,
2026-04-06T16:00:00Z,1485,rejection,demand,655.17,656.887815906999,3,
2026-04-06T17:00:00Z,1485,rejection,demand,655.17,656.887815906999,3,
2026-04-06T18:00:00Z,1490,rejection,supply,657.82,660.89,3,
2026-04-06T18:00:00Z,1490,merged,supply,657.82,660.89,3,pivot
2026-04-06T19:00:00Z,1485,rejection,demand,655.17,656.887815906999,3,
2026-04-06T20:00:00Z,1487,broken_zone_expired,demand,644.72,646.9635822975566,2,
2026-04-07T14:30:00Z,1485,broken,demand,655.17,656.887815906999,3,
2026-04-07T15:00:00Z,1485,role_flip_retest,supply,655.17,656.887815906999,3,
2026-04-07T16:00:00Z,1489,touch,demand,649.88,651.34,3,
2026-04-07T16:00:00Z,1489,rejection,demand,649.88,651.34,3,
2026-04-07T17:00:00Z,1485,touch,supply,655.17,656.887815906999,3,
2026-04-07T18:00:00Z,1490,touch,supply,657.82,660.89,3,
2026-04-07T18:00:00Z,1490,rejection,supply,657.82,660.89,3,
2026-04-07T19:00:00Z,1485,rejection,supply,655.17,656.887815906999,3,
2026-04-07T19:00:00Z,1489,merged,demand,649.88,652.58,4,pivot
2026-04-07T20:00:00Z,1485,broken,supply,655.17,656.887815906999,3,
2026-04-07T20:00:00Z,1490,touch,supply,657.82,660.89,3,
2026-04-07T20:00:00Z,1498,created,demand,653.43,656.73,1,order_block
2026-04-07T20:00:00Z,1498,volume_confluence,demand,653.43,656.73,2,VAL:2026-04-01:654.265000
2026-04-07T20:00:00Z,1498,qualified,demand,653.43,656.73,2,order_block|volume_profile
2026-04-08T14:30:00Z,1476,broken,supply,661.07,664.05,4,
2026-04-08T14:30:00Z,1479,broken,supply,666.92,668.51,3,
2026-04-08T14:30:00Z,1484,touch,supply,673.89,674.44,2,
2026-04-08T14:30:00Z,1490,broken,supply,657.82,660.89,3,
2026-04-08T15:00:00Z,1484,rejection,supply,673.89,674.44,2,
2026-04-08T16:00:00Z,1484,broken,supply,673.89,674.44,2,
2026-04-08T17:00:00Z,1499,created,supply,676.39,677.08,1,pivot
2026-04-08T18:00:00Z,1491,broken_zone_expired,demand,633.1,634.04,1,
2026-04-08T18:00:00Z,1499,touch,supply,676.39,677.08,1,
2026-04-08T18:00:00Z,1499,rejection,supply,676.39,677.08,1,
2026-04-08T19:00:00Z,1499,rejection,supply,676.39,677.08,1,
2026-04-08T20:00:00Z,1484,role_flip_retest,demand,673.89,674.44,3,
2026-04-08T20:00:00Z,1499,volume_confluence,supply,676.39,677.08,2,VAH:2026-04-08:676.026250
2026-04-08T20:00:00Z,1499,qualified,supply,676.39,677.08,2,pivot|volume_profile
2026-04-09T14:30:00Z,1484,rejection,demand,673.89,674.44,3,
2026-04-09T15:00:00Z,1484,rejection,demand,673.89,674.44,3,
2026-04-09T16:00:00Z,1499,broken,supply,676.39,677.08,2,
2026-04-09T17:00:00Z,1465,touch,supply,680.0,681.96,4,
2026-04-09T17:00:00Z,1465,rejection,supply,680.0,681.96,4,
2026-04-09T19:00:00Z,1465,rejection,supply,680.0,681.96,4,
2026-04-09T20:00:00Z,1465,rejection,supply,680.0,681.96,4,
2026-04-10T14:30:00Z,1469,touch,supply,681.64,685.11,5,
2026-04-10T14:30:00Z,1469,rejection,supply,681.64,685.11,5,
2026-04-10T15:00:00Z,1469,rejection,supply,681.64,685.11,5,
2026-04-10T16:00:00Z,1465,rejection,supply,680.0,681.96,4,
2026-04-10T16:00:00Z,1469,rejection,supply,681.64,685.11,5,
2026-04-10T17:00:00Z,1465,rejection,supply,680.0,681.96,4,
2026-04-10T19:00:00Z,1465,merged,supply,680.0,682.03,4,pivot
2026-04-13T14:30:00Z,1499,role_flip_retest,demand,676.39,677.08,3,
2026-04-13T15:00:00Z,1465,touch,supply,680.0,682.03,4,
2026-04-13T16:00:00Z,1465,rejection,supply,680.0,682.03,4,
2026-04-13T17:00:00Z,1465,broken,supply,680.0,682.03,4,
2026-04-13T17:00:00Z,1469,touch,supply,681.64,685.11,5,
2026-04-13T17:00:00Z,1499,merged,demand,676.39,677.4,4,pivot
2026-04-13T18:00:00Z,1465,role_flip_retest,demand,680.0,682.03,4,
2026-04-13T20:00:00Z,1468,broken,supply,684.35,685.7752988813822,3,
2026-04-13T20:00:00Z,1469,broken,supply,681.64,685.11,5,
2026-04-14T14:30:00Z,1471,broken,supply,688.1484468762003,688.62,2,
2026-04-14T14:30:00Z,1473,broken,supply,686.6711128544699,687.09,2,
2026-04-14T15:00:00Z,1465,age_expired,demand,680.0,682.03,4,
2026-04-15T19:00:00Z,1485,broken_zone_expired,supply,655.17,656.887815906999,3,
2026-04-15T20:00:00Z,1476,broken_zone_expired,supply,661.07,664.05,4,
2026-04-15T20:00:00Z,1479,broken_zone_expired,supply,666.92,668.51,3,
2026-04-15T20:00:00Z,1490,broken_zone_expired,supply,657.82,660.89,3,
2026-04-16T20:00:00Z,1502,created,supply,702.22,702.78,1,pivot
2026-04-16T20:00:00Z,1502,volume_confluence,supply,702.22,702.78,2,VAH:2026-04-16:701.806042
2026-04-16T20:00:00Z,1502,qualified,supply,702.22,702.78,2,pivot|volume_profile
2026-04-17T14:30:00Z,1502,broken,supply,702.22,702.78,2,
2026-04-17T20:00:00Z,1503,created,supply,711.91,712.39,1,pivot
2026-04-17T20:00:00Z,1503,volume_confluence,supply,711.91,712.39,2,VAH:2026-04-17:711.423125
2026-04-17T20:00:00Z,1503,qualified,supply,711.91,712.39,2,pivot|volume_profile
2026-04-20T19:00:00Z,1504,created,demand,706.14,707.16,1,pivot
2026-04-20T20:00:00Z,1504,volume_confluence,demand,706.14,707.16,2,VAL:2026-04-20:707.318125
2026-04-20T20:00:00Z,1504,qualified,demand,706.14,707.16,2,pivot|volume_profile
2026-04-21T16:00:00Z,1504,touch,demand,706.14,707.16,2,
2026-04-21T17:00:00Z,1504,broken,demand,706.14,707.16,2,
2026-04-21T18:00:00Z,1504,role_flip_retest,supply,706.14,707.16,3,
2026-04-21T18:00:00Z,1505,created,supply,710.77,711.28,1,pivot
2026-04-21T18:00:00Z,1505,volume_confluence,supply,710.77,711.28,2,VAH:2026-04-17:711.423125
2026-04-21T18:00:00Z,1505,qualified,supply,710.77,711.28,2,pivot|volume_profile
2026-04-21T19:00:00Z,1468,broken_zone_expired,supply,684.35,685.7752988813822,3,
2026-04-21T19:00:00Z,1469,broken_zone_expired,supply,681.64,685.11,5,
2026-04-21T20:00:00Z,1471,broken_zone_expired,supply,688.1484468762003,688.62,2,
2026-04-21T20:00:00Z,1473,broken_zone_expired,supply,686.6711128544699,687.09,2,
2026-04-21T20:00:00Z,1502,role_flip_retest,demand,702.22,702.78,3,
2026-04-21T20:00:00Z,1504,rejection,supply,706.14,707.16,3,
2026-04-22T14:30:00Z,1504,broken,supply,706.14,707.16,3,
2026-04-22T16:00:00Z,1502,merged,demand,702.22,704.0314055145469,4,pivot
2026-04-22T18:00:00Z,1505,merged,supply,710.04,711.28,3,pivot
2026-04-22T19:00:00Z,1505,touch,supply,710.04,711.28,3,
2026-04-22T19:00:00Z,1505,rejection,supply,710.04,711.28,3,
2026-04-23T15:00:00Z,1503,touch,supply,711.91,712.39,2,
2026-04-23T15:00:00Z,1503,rejection,supply,711.91,712.39,2,
2026-04-23T15:00:00Z,1505,broken,supply,710.04,711.28,3,
2026-04-23T16:00:00Z,1503,rejection,supply,711.91,712.39,2,
2026-04-23T18:00:00Z,1502,touch,demand,702.22,704.0314055145469,4,
2026-04-23T18:00:00Z,1502,rejection,demand,702.22,704.0314055145469,4,
2026-04-23T18:00:00Z,1503,merged,supply,710.19,712.39,3,order_block
2026-04-23T19:00:00Z,1503,merged,supply,710.19,712.39,4,pivot
2026-04-23T20:00:00Z,1504,role_flip_retest,demand,706.14,707.16,3,
2026-04-24T14:30:00Z,1503,touch,supply,710.19,712.39,4,
2026-04-24T14:30:00Z,1503,rejection,supply,710.19,712.39,4,
2026-04-24T14:30:00Z,1502,merged,demand,702.22,704.0314055145469,4,pivot
2026-04-24T15:00:00Z,1505,role_flip_retest,demand,710.04,711.28,4,
2026-04-24T16:00:00Z,1503,broken,supply,710.19,712.39,4,
2026-04-24T16:00:00Z,1505,rejection,demand,710.04,711.28,4,
2026-04-27T16:00:00Z,1503,role_flip_retest,demand,710.19,712.39,5,
2026-04-27T16:00:00Z,1511,created,supply,713.97,714.47,1,pivot
2026-04-27T16:00:00Z,1511,volume_confluence,supply,713.97,714.47,2,VAH:2026-04-24:714.356250
2026-04-27T16:00:00Z,1511,qualified,supply,713.97,714.47,2,pivot|volume_profile
2026-04-27T17:00:00Z,1511,touch,supply,713.97,714.47,2,
2026-04-27T18:00:00Z,1511,broken,supply,713.97,714.47,2,
2026-04-27T19:00:00Z,1512,created,demand,712.29,713.3432240762713,1,pivot
2026-04-27T19:00:00Z,1512,volume_confluence,demand,712.29,713.3432240762713,2,POC:2026-04-24:713.446250
2026-04-27T19:00:00Z,1512,qualified,demand,712.29,713.3432240762713,2,pivot|volume_profile
2026-04-28T14:30:00Z,1503,touch,demand,710.19,712.39,5,
2026-04-28T14:30:00Z,1505,touch,demand,710.04,711.28,4,
2026-04-28T14:30:00Z,1505,rejection,demand,710.04,711.28,4,
2026-04-28T14:30:00Z,1512,broken,demand,712.29,713.3432240762713,2,
2026-04-28T15:00:00Z,1512,role_flip_retest,supply,712.29,713.3432240762713,3,
2026-04-28T16:00:00Z,1503,broken,demand,710.19,712.39,5,
2026-04-28T16:00:00Z,1513,created,supply,715.15,715.63,1,pivot
2026-04-28T16:00:00Z,1513,volume_confluence,supply,715.15,715.63,2,VAH:2026-04-27:715.560417
2026-04-28T16:00:00Z,1513,qualified,supply,715.15,715.63,2,pivot|volume_profile
2026-04-28T17:00:00Z,1503,role_flip_retest,supply,710.19,712.39,5,
2026-04-28T18:00:00Z,1514,created,demand,709.25,710.3440908118857,1,pivot
2026-04-28T18:00:00Z,1514,volume_confluence,demand,709.25,710.3440908118857,2,POC:2026-04-22:709.229375
2026-04-28T18:00:00Z,1514,qualified,demand,709.25,710.3440908118857,2,pivot|volume_profile
2026-04-28T19:00:00Z,1505,rejection,demand,710.04,711.28,4,
2026-04-28T20:00:00Z,1505,rejection,demand,710.04,711.28,4,
2026-04-29T14:30:00Z,1514,touch,demand,709.25,710.3440908118857,2,
2026-04-29T14:30:00Z,1514,rejection,demand,709.25,710.3440908118857,2,
2026-04-29T15:00:00Z,1505,rejection,demand,710.04,711.28,4,
2026-04-29T15:00:00Z,1514,rejection,demand,709.25,710.3440908118857,2,
2026-04-29T16:00:00Z,1503,rejection,supply,710.19,712.39,5,
2026-04-29T17:00:00Z,1503,rejection,supply,710.19,712.39,5,
2026-04-29T17:00:00Z,1505,broken,demand,710.04,711.28,4,
2026-04-29T18:00:00Z,1514,rejection,demand,709.25,710.3440908118857,2,
2026-04-29T18:00:00Z,1515,created,supply,711.44,712.2,1,pivot
2026-04-29T18:00:00Z,1515,volume_confluence,supply,711.44,712.2,2,VAH:2026-04-28:712.199375
2026-04-29T18:00:00Z,1515,qualified,supply,711.44,712.2,2,pivot|volume_profile
2026-04-29T19:00:00Z,1514,rejection,demand,709.25,710.3440908118857,2,
2026-04-29T20:00:00Z,1514,rejection,demand,709.25,710.3440908118857,2,
2026-04-29T20:00:00Z,1515,touch,supply,711.44,712.2,2,
2026-04-30T14:30:00Z,1512,touch,supply,712.29,713.3432240762713,3,
2026-04-30T14:30:00Z,1512,rejection,supply,712.29,713.3432240762713,3,
2026-04-30T14:30:00Z,1515,rejection,supply,711.44,712.2,2,
2026-04-30T15:00:00Z,1503,broken,supply,710.19,712.39,5,
2026-04-30T15:00:00Z,1512,broken,supply,712.29,713.3432240762713,3,
2026-04-30T15:00:00Z,1515,broken,supply,711.44,712.2,2,
2026-04-30T15:00:00Z,1514,merged,demand,708.37,710.3440908118857,3,pivot
2026-04-30T16:00:00Z,1511,role_flip_retest,demand,713.97,714.47,3,
2026-04-30T17:00:00Z,1513,touch,supply,715.15,715.63,2,
2026-04-30T17:00:00Z,1513,rejection,supply,715.15,715.63,2,
2026-04-30T18:00:00Z,1511,rejection,demand,713.97,714.47,3,
2026-04-30T18:00:00Z,1513,broken,supply,715.15,715.63,2,
2026-04-30T18:00:00Z,1511,merged,demand,713.9,714.6,4,order_block
2026-05-01T14:30:00Z,1511,merged,demand,713.9,714.6,4,order_block
2026-05-01T18:00:00Z,1519,created,supply,724.19,724.87,1,pivot
2026-05-01T20:00:00Z,1519,volume_confluence,supply,724.19,724.87,2,VAH:2026-05-01:723.678333
2026-05-01T20:00:00Z,1519,qualified,supply,724.19,724.87,2,pivot|volume_profile
2026-05-04T16:00:00Z,1520,created,supply,720.77,722.12,1,order_block
2026-05-04T16:00:00Z,1520,volume_confluence,supply,720.77,722.12,2,VAL:2026-05-01:721.478333
2026-05-04T16:00:00Z,1520,qualified,supply,720.77,722.12,2,order_block|volume_profile
2026-05-04T17:00:00Z,1513,role_flip_retest,demand,715.15,715.63,3,
2026-05-04T20:00:00Z,1513,merged,demand,714.99,716.243733938479,4,pivot
2026-05-05T14:30:00Z,1520,broken,supply,720.77,722.12,2,
2026-05-05T15:00:00Z,1520,role_flip_retest,demand,720.77,722.12,3,
2026-05-05T18:00:00Z,1519,touch,supply,724.19,724.87,2,
2026-05-05T18:00:00Z,1519,rejection,supply,724.19,724.87,2,
2026-05-05T20:00:00Z,1484,age_expired,demand,673.89,674.44,3,
2026-05-05T20:00:00Z,1519,rejection,supply,724.19,724.87,2,
2026-05-06T14:30:00Z,1519,broken,supply,724.19,724.87,2,
2026-05-06T18:00:00Z,1522,created,supply,732.15,732.56,1,pivot
2026-05-06T19:00:00Z,1522,broken,supply,732.15,732.56,1,
2026-05-07T16:00:00Z,1505,broken_zone_expired,demand,710.04,711.28,4,
2026-05-07T19:00:00Z,1523,created,supply,735.8642150509502,736.13,1,pivot
2026-05-08T14:30:00Z,1503,broken_zone_expired,supply,710.19,712.39,5,
2026-05-08T14:30:00Z,1512,broken_zone_expired,supply,712.29,713.3432240762713,3,
2026-05-08T14:30:00Z,1515,broken_zone_expired,supply,711.44,712.2,2,
2026-05-08T14:30:00Z,1523,broken,supply,735.8642150509502,736.13,1,
2026-05-08T15:00:00Z,1523,role_flip_retest,demand,735.8642150509502,736.13,2,
2026-05-08T15:00:00Z,1524,created,demand,729.75,731.0315660325084,1,pivot
2026-05-08T15:00:00Z,1524,volume_confluence,demand,729.75,731.0315660325084,2,VAL:2026-05-06:730.499792
2026-05-08T15:00:00Z,1524,qualified,demand,729.75,731.0315660325084,2,pivot|volume_profile
2026-05-08T16:00:00Z,1523,rejection,demand,735.8642150509502,736.13,2,
2026-05-08T19:00:00Z,1523,touch,demand,735.8642150509502,736.13,2,
2026-05-08T19:00:00Z,1523,rejection,demand,735.8642150509502,736.13,2,
2026-05-08T20:00:00Z,1523,volume_confluence,demand,735.8642150509502,736.13,3,VAL:2026-05-08:736.366875
2026-05-08T20:00:00Z,1523,qualified,demand,735.8642150509502,736.13,3,pivot|role_flip|volume_profile
2026-05-12T14:30:00Z,1523,broken,demand,735.8642150509502,736.13,3,
2026-05-12T14:30:00Z,1525,created,supply,740.2,740.79,1,pivot
2026-05-12T14:30:00Z,1525,volume_confluence,supply,740.2,740.79,2,VAH:2026-05-11:739.976250
2026-05-12T14:30:00Z,1525,qualified,supply,740.2,740.79,2,pivot|volume_profile
2026-05-12T15:00:00Z,1523,role_flip_retest,supply,735.8642150509502,736.13,3,
2026-05-12T18:00:00Z,1522,role_flip_retest,demand,732.15,732.56,2,
2026-05-12T18:00:00Z,1522,volume_confluence,demand,732.15,732.56,3,POC:2026-05-06:731.910208
2026-05-12T18:00:00Z,1522,qualified,demand,732.15,732.56,3,pivot|role_flip|volume_profile
2026-05-12T19:00:00Z,1523,touch,supply,735.8642150509502,736.13,3,
2026-05-12T20:00:00Z,1489,age_expired,demand,649.88,652.58,4,
2026-05-12T20:00:00Z,1523,broken,supply,735.8642150509502,736.13,3,
2026-05-12T20:00:00Z,1522,merged,demand,731.83,732.56,4,pivot
2026-05-13T14:30:00Z,1523,role_flip_retest,demand,735.8642150509502,736.13,3,
2026-05-13T16:00:00Z,1525,touch,supply,740.2,740.79,2,
2026-05-13T16:00:00Z,1525,rejection,supply,740.2,740.79,2,
2026-05-13T17:00:00Z,1525,broken,supply,740.2,740.79,2,
2026-05-13T20:00:00Z,1519,broken_zone_expired,supply,724.19,724.87,2,
2026-05-14T15:00:00Z,1527,created,demand,742.22,742.65,1,order_block
2026-05-14T15:00:00Z,1527,volume_confluence,demand,742.22,742.65,2,POC:2026-05-13:742.327500
2026-05-14T15:00:00Z,1527,qualified,demand,742.22,742.65,2,order_block|volume_profile
2026-05-14T20:00:00Z,1528,created,supply,749.2744023988998,749.53,1,pivot
2026-05-14T20:00:00Z,1528,volume_confluence,supply,749.2744023988998,749.53,2,VAH:2026-05-14:748.659375
2026-05-14T20:00:00Z,1528,qualified,supply,749.2744023988998,749.53,2,pivot|volume_profile
2026-05-15T14:30:00Z,1527,broken,demand,742.22,742.65,2,
2026-05-15T15:00:00Z,1525,role_flip_retest,demand,740.2,740.79,3,
2026-05-15T15:00:00Z,1527,role_flip_retest,supply,742.22,742.65,3,
2026-05-15T17:00:00Z,1525,rejection,demand,740.2,740.79,3,
2026-05-15T17:00:00Z,1529,created,demand,737.96,739.17,1,pivot
2026-05-15T17:00:00Z,1529,volume_confluence,demand,737.96,739.17,2,POC:2026-05-11:738.891250
2026-05-15T17:00:00Z,1529,qualified,demand,737.96,739.17,2,pivot|volume_profile
2026-05-15T18:00:00Z,1525,rejection,demand,740.2,740.79,3,
2026-05-15T18:00:00Z,1527,broken,supply,742.22,742.65,3,
2026-05-15T19:00:00Z,1525,rejection,demand,740.2,740.79,3,
2026-05-15T20:00:00Z,1525,broken,demand,740.2,740.79,3,
2026-05-15T20:00:00Z,1529,touch,demand,737.96,739.17,2,
2026-05-18T14:30:00Z,1529,rejection,demand,737.96,739.17,2,
2026-05-18T15:00:00Z,1525,role_flip_retest,supply,740.2,740.79,3,
2026-05-18T15:00:00Z,1530,created,supply,742.97,743.46,1,pivot
2026-05-18T15:00:00Z,1530,volume_confluence,supply,742.97,743.46,2,VAH:2026-05-13:743.734167
2026-05-18T15:00:00Z,1530,qualified,supply,742.97,743.46,2,pivot|volume_profile
2026-05-18T16:00:00Z,1523,touch,demand,735.8642150509502,736.13,3,
2026-05-18T16:00:00Z,1523,rejection,demand,735.8642150509502,736.13,3,
2026-05-18T16:00:00Z,1529,broken,demand,737.96,739.17,2,
2026-05-18T17:00:00Z,1523,rejection,demand,735.8642150509502,736.13,3,
2026-05-18T18:00:00Z,1523,rejection,demand,735.8642150509502,736.13,3,
2026-05-18T19:00:00Z,1523,broken,demand,735.8642150509502,736.13,3,
2026-05-19T14:30:00Z,1523,role_flip_retest,supply,735.8642150509502,736.13,3,
2026-05-19T15:00:00Z,1522,touch,demand,731.83,732.56,4,
2026-05-19T15:00:00Z,1522,rejection,demand,731.83,732.56,4,
2026-05-19T16:00:00Z,1522,rejection,demand,731.83,732.56,4,
2026-05-19T17:00:00Z,1522,rejection,demand,731.83,732.56,4,
2026-05-19T17:00:00Z,1523,touch,supply,735.8642150509502,736.13,3,
2026-05-19T18:00:00Z,1523,broken,supply,735.8642150509502,736.13,3,
2026-05-19T18:00:00Z,1522,merged,demand,731.53,733.16,4,pivot
2026-05-19T19:00:00Z,1492,age_expired,demand,629.28,631.4175258527521,2,
2026-05-19T20:00:00Z,1493,age_expired,demand,637.98,642.2988098812699,2,
2026-05-19T20:00:00Z,1522,touch,demand,731.53,733.16,4,
2026-05-19T20:00:00Z,1522,rejection,demand,731.53,733.16,4,
2026-05-20T15:00:00Z,1523,role_flip_retest,demand,735.8642150509502,736.13,3,
2026-05-20T16:00:00Z,1525,touch,supply,740.2,740.79,3,
2026-05-20T17:00:00Z,1525,rejection,supply,740.2,740.79,3,
2026-05-20T18:00:00Z,1525,rejection,supply,740.2,740.79,3,
2026-05-20T19:00:00Z,1525,rejection,supply,740.2,740.79,3,
2026-05-20T19:00:00Z,1525,merged,supply,740.2,741.87,4,pivot
2026-05-21T15:00:00Z,1525,touch,supply,740.2,741.87,4,
2026-05-21T15:00:00Z,1525,rejection,supply,740.2,741.87,4,
2026-05-21T18:00:00Z,1525,broken,supply,740.2,741.87,4,
2026-05-21T18:00:00Z,1527,role_flip_retest,demand,742.22,742.65,3,
2026-05-21T18:00:00Z,1530,broken,supply,742.97,743.46,2,
2026-05-21T18:00:00Z,1533,created,demand,738.09,739.3,1,order_block
2026-05-21T18:00:00Z,1533,volume_confluence,demand,738.09,739.3,2,VAL:2026-05-13:739.162500
2026-05-21T18:00:00Z,1533,qualified,demand,738.09,739.3,2,order_block|volume_profile
2026-05-21T19:00:00Z,1527,broken,demand,742.22,742.65,3,
2026-05-21T19:00:00Z,1533,merged,demand,737.03,739.3,3,pivot
2026-05-21T20:00:00Z,1495,age_expired,demand,645.11,646.42,2,
2026-05-21T20:00:00Z,1525,role_flip_retest,demand,740.2,741.87,4,
2026-05-22T17:00:00Z,1535,created,supply,747.54,748.16,1,pivot
2026-05-22T17:00:00Z,1535,volume_confluence,supply,747.54,748.16,2,POC:2026-05-14:747.664375
2026-05-22T17:00:00Z,1535,qualified,supply,747.54,748.16,2,pivot|volume_profile
2026-05-22T18:00:00Z,1535,touch,supply,747.54,748.16,2,
2026-05-22T18:00:00Z,1535,rejection,supply,747.54,748.16,2,
2026-05-22T19:00:00Z,1535,rejection,supply,747.54,748.16,2,
2026-05-26T14:30:00Z,1528,broken,supply,749.2744023988998,749.53,2,
2026-05-26T14:30:00Z,1535,broken,supply,747.54,748.16,2,
2026-05-26T18:00:00Z,1536,created,supply,751.4,752.13,1,pivot
2026-05-26T20:00:00Z,1528,role_flip_retest,demand,749.2744023988998,749.53,3,
2026-05-27T14:30:00Z,1528,rejection,demand,749.2744023988998,749.53,3,
2026-05-27T15:00:00Z,1528,rejection,demand,749.2744023988998,749.53,3,
2026-05-27T15:00:00Z,1529,broken_zone_expired,demand,737.96,739.17,2,
2026-05-27T16:00:00Z,1498,age_expired,demand,653.43,656.73,2,
2026-05-27T16:00:00Z,1528,broken,demand,749.2744023988998,749.53,3,
2026-05-27T18:00:00Z,1536,merged,supply,750.5,752.13,2,pivot
2026-05-27T18:00:00Z,1536,qualified,supply,750.5,752.13,2,pivot|repeated_pivot
2026-05-27T18:00:00Z,1536,volume_confluence,supply,750.5,752.13,3,VAH:2026-05-26:750.485000
2026-05-27T19:00:00Z,1536,touch,supply,750.5,752.13,3,
2026-05-27T20:00:00Z,1499,age_expired,demand,676.39,677.4,4,
2026-05-27T20:00:00Z,1536,rejection,supply,750.5,752.13,3,
2026-05-28T14:30:00Z,1538,created,demand,748.22,749.400016970783,1,pivot
2026-05-28T14:30:00Z,1538,volume_confluence,demand,748.22,749.400016970783,2,POC:2026-05-26:749.075000
2026-05-28T14:30:00Z,1538,qualified,demand,748.22,749.400016970783,2,pivot|volume_profile
2026-05-28T15:00:00Z,1536,broken,supply,750.5,752.13,3,
2026-05-29T18:00:00Z,1539,created,supply,757.82,758.08,1,pivot
2026-05-29T20:00:00Z,1539,volume_confluence,supply,757.82,758.08,2,VAH:2026-05-29:757.444375
2026-05-29T20:00:00Z,1539,qualified,supply,757.82,758.08,2,pivot|volume_profile
2026-06-01T17:00:00Z,1530,broken_zone_expired,supply,742.97,743.46,2,
2026-06-01T17:00:00Z,1539,touch,supply,757.82,758.08,2,
2026-06-01T17:00:00Z,1540,created,demand,754.69,755.34,1,pivot
2026-06-01T17:00:00Z,1540,volume_confluence,demand,754.69,755.34,2,VAH:2026-05-28:755.026667
2026-06-01T17:00:00Z,1540,qualified,demand,754.69,755.34,2,pivot|volume_profile
2026-06-01T18:00:00Z,1527,broken_zone_expired,demand,742.22,742.65,3,
2026-06-01T18:00:00Z,1539,broken,supply,757.82,758.08,2,
2026-06-01T20:00:00Z,1539,role_flip_retest,demand,757.82,758.08,3,
2026-06-02T14:30:00Z,1539,broken,demand,757.82,758.08,3,
2026-06-02T14:30:00Z,1541,created,supply,759.55,760.27,1,pivot
2026-06-02T15:00:00Z,1541,touch,supply,759.55,760.27,1,
2026-06-02T18:00:00Z,1541,rejection,supply,759.55,760.27,1,
2026-06-02T19:00:00Z,1541,merged,supply,759.55,760.4,2,pivot
2026-06-02T19:00:00Z,1541,qualified,supply,759.55,760.4,2,pivot|repeated_pivot
2026-06-02T20:00:00Z,1535,broken_zone_expired,supply,747.54,748.16,2,
2026-06-02T20:00:00Z,1541,touch,supply,759.55,760.4,2,
2026-06-02T20:00:00Z,1541,rejection,supply,759.55,760.4,2,
2026-06-02T20:00:00Z,1541,volume_confluence,supply,759.55,760.4,3,VAH:2026-06-02:760.019792
2026-06-03T14:30:00Z,1539,role_flip_retest,supply,757.82,758.08,3,
2026-06-03T14:30:00Z,1540,touch,demand,754.69,755.34,2,
2026-06-03T14:30:00Z,1540,rejection,demand,754.69,755.34,2,
2026-06-03T16:00:00Z,1540,touch,demand,754.69,755.34,2,
2026-06-03T18:00:00Z,1540,rejection,demand,754.69,755.34,2,
2026-06-03T19:00:00Z,1540,rejection,demand,754.69,755.34,2,
2026-06-03T20:00:00Z,1540,broken,demand,754.69,755.34,2,
2026-06-03T20:00:00Z,1543,created,demand,753.57,754.5336890103099,1,pivot
2026-06-03T20:00:00Z,1543,volume_confluence,demand,753.57,754.5336890103099,2,POC:2026-05-28:754.286667
2026-06-03T20:00:00Z,1543,qualified,demand,753.57,754.5336890103099,2,pivot|volume_profile
2026-06-04T14:30:00Z,1536,role_flip_retest,demand,750.5,752.13,4,
2026-06-04T14:30:00Z,1543,broken,demand,753.57,754.5336890103099,2,
2026-06-04T15:00:00Z,1528,broken_zone_expired,demand,749.2744023988998,749.53,3,
2026-06-04T17:00:00Z,1536,merged,demand,750.5,752.13,4,pivot
2026-06-04T19:00:00Z,1539,touch,supply,757.82,758.08,3,
2026-06-04T19:00:00Z,1539,rejection,supply,757.82,758.08,3,
2026-06-04T20:00:00Z,1539,rejection,supply,757.82,758.08,3,
2026-06-05T14:30:00Z,1536,broken,demand,750.5,752.13,4,
2026-06-05T14:30:00Z,1538,touch,demand,748.22,749.400016970783,2,
2026-06-05T14:30:00Z,1539,merged,supply,756.79,758.08,4,order_block
2026-06-05T15:00:00Z,1536,role_flip_retest,supply,750.5,752.13,4,
2026-06-05T15:00:00Z,1538,rejection,demand,748.22,749.400016970783,2,
2026-06-05T16:00:00Z,1502,age_expired,demand,702.22,704.0314055145469,4,
2026-06-05T16:00:00Z,1538,broken,demand,748.22,749.400016970783,2,
2026-06-05T16:00:00Z,1539,merged,supply,756.79,758.31,5,pivot
2026-06-05T16:00:00Z,1547,created,supply,748.76,750.96,1,order_block
2026-06-05T19:00:00Z,1525,broken,demand,740.2,741.87,4,
2026-06-05T19:00:00Z,1533,touch,demand,737.03,739.3,3,
2026-06-05T19:00:00Z,1548,created,supply,744.54,745.3,1,order_block
2026-06-05T20:00:00Z,1523,touch,demand,735.8642150509502,736.13,3,
2026-06-05T20:00:00Z,1523,rejection,demand,735.8642150509502,736.13,3,
2026-06-05T20:00:00Z,1548,volume_confluence,supply,744.54,745.3,2,VAH:2026-06-05:745.972083
2026-06-05T20:00:00Z,1548,qualified,supply,744.54,745.3,2,order_block|volume_profile
2026-06-08T15:00:00Z,1548,touch,supply,744.54,745.3,2,
2026-06-08T16:00:00Z,1548,rejection,supply,744.54,745.3,2,
2026-06-08T16:00:00Z,1523,merged,demand,735.52,737.3089537825247,4,pivot
2026-06-08T19:00:00Z,1548,merged,supply,744.54,745.34,3,pivot
2026-06-08T20:00:00Z,1525,role_flip_retest,supply,740.2,741.87,4,
2026-06-08T20:00:00Z,1533,touch,demand,737.03,739.3,3,
2026-06-08T20:00:00Z,1533,rejection,demand,737.03,739.3,3,
2026-06-09T14:30:00Z,1525,broken,supply,740.2,741.87,4,
2026-06-09T14:30:00Z,1548,touch,supply,744.54,745.34,3,
2026-06-09T14:30:00Z,1548,rejection,supply,744.54,745.34,3,
2026-06-09T15:00:00Z,1504,age_expired,demand,706.14,707.16,3,
2026-06-09T15:00:00Z,1523,touch,demand,735.52,737.3089537825247,4,
2026-06-09T15:00:00Z,1523,rejection,demand,735.52,737.3089537825247,4,
2026-06-09T15:00:00Z,1533,touch,demand,737.03,739.3,3,
2026-06-09T15:00:00Z,1548,rejection,supply,744.54,745.34,3,
2026-06-09T16:00:00Z,1522,broken,demand,731.53,733.16,4,
2026-06-09T16:00:00Z,1523,broken,demand,735.52,737.3089537825247,4,
2026-06-09T16:00:00Z,1524,broken,demand,729.75,731.0315660325084,2,
2026-06-09T16:00:00Z,1533,broken,demand,737.03,739.3,3,
2026-06-09T16:00:00Z,1548,merged,supply,743.63,746.9,3,order_block
2026-06-09T17:00:00Z,1524,role_flip_retest,supply,729.75,731.0315660325084,3,
2026-06-09T17:00:00Z,1548,merged,supply,743.63,746.9,4,pivot
2026-06-09T18:00:00Z,1524,broken,supply,729.75,731.0315660325084,3,
2026-06-09T19:00:00Z,1533,role_flip_retest,supply,737.03,739.3,4,
2026-06-09T20:00:00Z,1520,merged,demand,720.77,725.2217348018604,4,pivot
2026-06-10T15:00:00Z,1523,role_flip_retest,supply,735.52,737.3089537825247,4,
2026-06-10T15:00:00Z,1533,touch,supply,737.03,739.3,4,
2026-06-10T15:00:00Z,1533,rejection,supply,737.03,739.3,4,
2026-06-10T16:00:00Z,1524,role_flip_retest,demand,729.75,731.0315660325084,3,
2026-06-10T17:00:00Z,1522,role_flip_retest,supply,731.53,733.16,4,
2026-06-10T18:00:00Z,1523,merged,supply,735.52,738.38,4,pivot
2026-06-10T19:00:00Z,1522,touch,supply,731.53,733.16,4,
2026-06-10T19:00:00Z,1522,rejection,supply,731.53,733.16,4,
2026-06-10T19:00:00Z,1524,broken,demand,729.75,731.0315660325084,3,
2026-06-11T14:30:00Z,1522,touch,supply,731.53,733.16,4,
2026-06-11T14:30:00Z,1522,rejection,supply,731.53,733.16,4,
2026-06-11T14:30:00Z,1524,role_flip_retest,supply,729.75,731.0315660325084,3,
2026-06-11T15:00:00Z,1520,touch,demand,720.77,725.2217348018604,4,
2026-06-11T15:00:00Z,1520,rejection,demand,720.77,725.2217348018604,4,
2026-06-11T15:00:00Z,1522,rejection,supply,731.53,733.16,4,
2026-06-11T15:00:00Z,1524,rejection,supply,729.75,731.0315660325084,3,
2026-06-11T16:00:00Z,1520,rejection,demand,720.77,725.2217348018604,4,
2026-06-11T17:00:00Z,1524,touch,supply,729.75,731.0315660325084,3,
2026-06-11T17:00:00Z,1524,rejection,supply,729.75,731.0315660325084,3,
2026-06-11T18:00:00Z,1522,broken,supply,731.53,733.16,4,
2026-06-11T18:00:00Z,1523,touch,supply,735.52,738.38,4,
2026-06-11T18:00:00Z,1523,rejection,supply,735.52,738.38,4,
2026-06-11T18:00:00Z,1524,broken,supply,729.75,731.0315660325084,3,
2026-06-11T19:00:00Z,1522,role_flip_retest,demand,731.53,733.16,4,
2026-06-11T19:00:00Z,1540,broken_zone_expired,demand,754.69,755.34,2,
2026-06-11T19:00:00Z,1520,merged,demand,720.77,725.57,5,pivot
2026-06-11T20:00:00Z,1533,touch,supply,737.03,739.3,4,
2026-06-11T20:00:00Z,1543,broken_zone_expired,demand,753.57,754.5336890103099,2,
2026-06-12T14:30:00Z,1533,rejection,supply,737.03,739.3,4,
2026-06-12T15:00:00Z,1523,broken,supply,735.52,738.38,4,
2026-06-12T15:00:00Z,1525,role_flip_retest,demand,740.2,741.87,4,
2026-06-12T15:00:00Z,1533,broken,supply,737.03,739.3,4,
2026-06-12T16:00:00Z,1525,broken,demand,740.2,741.87,4,
2026-06-12T16:00:00Z,1548,touch,supply,743.63,746.9,4,
2026-06-12T16:00:00Z,1548,rejection,supply,743.63,746.9,4,
2026-06-12T17:00:00Z,1523,role_flip_retest,demand,735.52,738.38,4,
2026-06-12T17:00:00Z,1533,role_flip_retest,demand,737.03,739.3,4,
2026-06-12T19:00:00Z,1548,merged,supply,742.39,746.9,4,pivot
2026-06-15T14:30:00Z,1536,broken,supply,750.5,752.13,4,
2026-06-15T14:30:00Z,1547,broken,supply,748.76,750.96,1,
2026-06-15T14:30:00Z,1548,broken,supply,742.39,746.9,4,
2026-06-15T15:00:00Z,1538,broken_zone_expired,demand,748.22,749.400016970783,2,
2026-06-15T19:00:00Z,1511,age_expired,demand,713.9,714.6,4,
2026-06-15T20:00:00Z,1539,merged,supply,756.15,758.31,5,pivot
2026-06-16T16:00:00Z,1536,role_flip_retest,demand,750.5,752.13,4,
2026-06-16T18:00:00Z,1536,touch,demand,750.5,752.13,4,
2026-06-16T19:00:00Z,1513,age_expired,demand,714.99,716.243733938479,4,
2026-06-17T14:30:00Z,1514,age_expired,demand,708.37,710.3440908118857,3,
2026-06-17T14:30:00Z,1536,broken,demand,750.5,752.13,4,
2026-06-17T15:00:00Z,1536,role_flip_retest,supply,750.5,752.13,4,
2026-06-17T17:00:00Z,1536,rejection,supply,750.5,752.13,4,
2026-06-17T18:00:00Z,1558,created,demand,747.85,749.06,1,pivot
2026-06-17T19:00:00Z,1536,rejection,supply,750.5,752.13,4,
2026-06-17T19:00:00Z,1558,broken,demand,747.85,749.06,1,
2026-06-17T19:00:00Z,1536,merged,supply,749.99,752.13,5,order_block
2026-06-17T20:00:00Z,1533,touch,demand,737.03,739.3,4,
2026-06-17T20:00:00Z,1533,rejection,demand,737.03,739.3,4,
2026-06-17T20:00:00Z,1536,merged,supply,749.99,752.13,5,order_block
2026-06-18T14:30:00Z,1558,role_flip_retest,supply,747.85,749.06,2,
2026-06-18T14:30:00Z,1558,volume_confluence,supply,747.85,749.06,3,POC:2026-06-17:749.725625
2026-06-18T14:30:00Z,1558,qualified,supply,747.85,749.06,3,pivot|role_flip|volume_profile
2026-06-18T16:00:00Z,1561,created,demand,739.22,741.02,1,pivot
2026-06-18T16:00:00Z,1561,volume_confluence,demand,739.22,741.02,2,VAH:2026-06-11:739.675000
2026-06-18T16:00:00Z,1561,qualified,demand,739.22,741.02,2,pivot|volume_profile
2026-06-18T18:00:00Z,1548,role_flip_retest,demand,742.39,746.9,5,
2026-06-18T18:00:00Z,1558,touch,supply,747.85,749.06,3,
2026-06-18T18:00:00Z,1558,rejection,supply,747.85,749.06,3,
2026-06-18T20:00:00Z,1558,touch,supply,747.85,749.06,3,
2026-06-18T20:00:00Z,1558,rejection,supply,747.85,749.06,3,
2026-06-22T14:30:00Z,1558,broken,supply,747.85,749.06,3,
2026-06-22T15:00:00Z,1536,touch,supply,749.99,752.13,5,
2026-06-22T15:00:00Z,1536,rejection,supply,749.99,752.13,5,
2026-06-22T15:00:00Z,1548,touch,demand,742.39,746.9,5,
2026-06-22T17:00:00Z,1524,broken_zone_expired,supply,729.75,731.0315660325084,3,
2026-06-22T18:00:00Z,1562,created,demand,743.15,744.72,1,pivot
2026-06-22T18:00:00Z,1536,merged,supply,749.8038968563882,752.13,5,pivot
2026-06-22T18:00:00Z,1562,volume_confluence,demand,743.15,744.72,2,VAL:2026-06-17:743.799375
2026-06-22T18:00:00Z,1562,qualified,demand,743.15,744.72,2,pivot|volume_profile
2026-06-22T19:00:00Z,1562,touch,demand,743.15,744.72,2,
2026-06-23T14:30:00Z,1522,touch,demand,731.53,733.16,4,
2026-06-23T14:30:00Z,1522,rejection,demand,731.53,733.16,4,
2026-06-23T14:30:00Z,1523,touch,demand,735.52,738.38,4,
2026-06-23T14:30:00Z,1533,touch,demand,737.03,739.3,4,
2026-06-23T14:30:00Z,1548,broken,demand,742.39,746.9,5,
2026-06-23T14:30:00Z,1561,broken,demand,739.22,741.02,2,
2026-06-23T14:30:00Z,1562,broken,demand,743.15,744.72,2,
2026-06-23T15:00:00Z,1525,broken_zone_expired,demand,740.2,741.87,4,
2026-06-23T15:00:00Z,1561,role_flip_retest,supply,739.22,741.02,3,
2026-06-23T16:00:00Z,1533,broken,demand,737.03,739.3,4,
2026-06-23T17:00:00Z,1522,merged,demand,731.53,733.74,4,pivot
2026-06-23T18:00:00Z,1533,role_flip_retest,supply,737.03,739.3,4,
2026-06-23T19:00:00Z,1520,age_expired,demand,720.77,725.57,5,
2026-06-23T19:00:00Z,1522,touch,demand,731.53,733.74,4,
2026-06-23T19:00:00Z,1522,rejection,demand,731.53,733.74,4,
2026-06-23T19:00:00Z,1523,broken,demand,735.52,738.38,4,
2026-06-23T20:00:00Z,1523,role_flip_retest,supply,735.52,738.38,4,
2026-06-23T20:00:00Z,1547,broken_zone_expired,supply,748.76,750.96,1,
2026-06-24T14:30:00Z,1533,touch,supply,737.03,739.3,4,
2026-06-24T14:30:00Z,1533,rejection,supply,737.03,739.3,4,
2026-06-24T15:00:00Z,1523,broken,supply,735.52,738.38,4,
2026-06-24T15:00:00Z,1533,broken,supply,737.03,739.3,4,
2026-06-24T15:00:00Z,1561,touch,supply,739.22,741.02,3,
2026-06-24T16:00:00Z,1561,rejection,supply,739.22,741.02,3,
2026-06-24T18:00:00Z,1522,touch,demand,731.53,733.74,4,
2026-06-24T19:00:00Z,1561,merged,supply,739.22,741.02,4,pivot
2026-06-25T14:30:00Z,1522,broken,demand,731.53,733.74,4,
2026-06-25T14:30:00Z,1561,touch,supply,739.22,741.02,4,
2026-06-25T14:30:00Z,1561,rejection,supply,739.22,741.02,4,
2026-06-25T14:30:00Z,1566,created,supply,731.93,733.35,1,order_block
2026-06-25T14:30:00Z,1566,volume_confluence,supply,731.93,733.35,2,VAL:2026-06-23:733.368958
2026-06-25T14:30:00Z,1566,qualified,supply,731.93,733.35,2,order_block|volume_profile
2026-06-25T15:00:00Z,1566,broken,supply,731.93,733.35,2,
2026-06-25T16:00:00Z,1566,role_flip_retest,demand,731.93,733.35,3,
2026-06-25T17:00:00Z,1567,created,demand,729.6,730.111269328869,1,pivot
2026-06-25T17:00:00Z,1567,volume_confluence,demand,729.6,730.111269328869,2,VAL:2026-06-24:731.029792
2026-06-25T17:00:00Z,1567,qualified,demand,729.6,730.111269328869,2,pivot|volume_profile
2026-06-25T18:00:00Z,1566,rejection,demand,731.93,733.35,3,
2026-06-25T19:00:00Z,1566,rejection,demand,731.93,733.35,3,
2026-06-26T14:30:00Z,1566,broken,demand,731.93,733.35,3,
2026-06-26T14:30:00Z,1567,touch,demand,729.6,730.111269328869,2,
2026-06-26T14:30:00Z,1567,rejection,demand,729.6,730.111269328869,2,
2026-06-26T17:00:00Z,1567,merged,demand,726.86,730.111269328869,3,pivot
2026-06-26T19:00:00Z,1566,role_flip_retest,supply,731.93,733.35,3,
2026-06-26T19:00:00Z,1569,created,supply,735.4,736.53,1,pivot
2026-06-26T19:00:00Z,1569,volume_confluence,supply,735.4,736.53,2,VAH:2026-06-23:736.423125
2026-06-26T19:00:00Z,1569,qualified,supply,735.4,736.53,2,pivot|volume_profile
2026-06-26T20:00:00Z,1522,role_flip_retest,supply,731.53,733.74,4,
2026-06-26T20:00:00Z,1566,rejection,supply,731.93,733.35,3,
2026-06-26T20:00:00Z,1567,touch,demand,726.86,730.111269328869,3,
2026-06-29T14:30:00Z,1522,age_expired,supply,731.53,733.74,4,
2026-06-29T14:30:00Z,1561,touch,supply,739.22,741.02,4,
2026-06-29T14:30:00Z,1561,rejection,supply,739.22,741.02,4,
2026-06-29T14:30:00Z,1566,broken,supply,731.93,733.35,3,
2026-06-29T14:30:00Z,1569,broken,supply,735.4,736.53,2,
2026-06-29T15:00:00Z,1566,role_flip_retest,demand,731.93,733.35,3,
2026-06-29T15:00:00Z,1569,role_flip_retest,demand,735.4,736.53,3,
2026-06-29T16:00:00Z,1523,role_flip_retest,demand,735.52,738.38,4,
2026-06-29T16:00:00Z,1569,rejection,demand,735.4,736.53,3,
2026-06-29T16:00:00Z,1570,created,demand,716.58,719.4177266009278,1,pivot
2026-06-29T17:00:00Z,1523,age_expired,demand,735.52,738.38,4,
2026-06-29T17:00:00Z,1561,merged,supply,737.2193967277099,741.02,4,pivot
2026-06-29T18:00:00Z,1533,role_flip_retest,demand,737.03,739.3,4,
2026-06-29T18:00:00Z,1561,touch,supply,737.2193967277099,741.02,4,
2026-06-29T20:00:00Z,1558,broken_zone_expired,supply,747.85,749.06,3,
2026-06-30T14:30:00Z,1561,broken,supply,737.2193967277099,741.02,4,
2026-06-30T20:00:00Z,1548,broken_zone_expired,demand,742.39,746.9,5,
2026-06-30T20:00:00Z,1562,broken_zone_expired,demand,743.15,744.72,2,
2026-07-01T17:00:00Z,1572,created,demand,742.37,744.0665710442573,1,pivot
2026-07-01T20:00:00Z,1573,created,supply,748.81,749.44,1,pivot
2026-07-01T20:00:00Z,1573,volume_confluence,supply,748.81,749.44,2,VAH:2026-07-01:748.114375
2026-07-01T20:00:00Z,1573,qualified,supply,748.81,749.44,2,pivot|volume_profile
2026-07-02T14:30:00Z,1536,touch,supply,749.8038968563882,752.13,5,
2026-07-02T14:30:00Z,1573,broken,supply,748.81,749.44,2,
2026-07-02T15:00:00Z,1536,rejection,supply,749.8038968563882,752.13,5,
2026-07-02T16:00:00Z,1572,touch,demand,742.37,744.0665710442573,1,
2026-07-02T16:00:00Z,1572,rejection,demand,742.37,744.0665710442573,1,
2026-07-02T17:00:00Z,1572,broken,demand,742.37,744.0665710442573,1,
2026-07-02T18:00:00Z,1536,merged,supply,749.8038968563882,752.13,5,pivot
2026-07-02T19:00:00Z,1561,role_flip_retest,demand,737.2193967277099,741.02,4,
2026-07-06T14:30:00Z,1575,created,demand,740.03,740.4318919765984,1,pivot
2026-07-06T14:30:00Z,1575,volume_confluence,demand,740.03,740.4318919765984,2,POC:2026-06-29:740.178958
2026-07-06T14:30:00Z,1575,qualified,demand,740.03,740.4318919765984,2,pivot|volume_profile
2026-07-06T15:00:00Z,1536,touch,supply,749.8038968563882,752.13,5,
2026-07-06T15:00:00Z,1573,role_flip_retest,demand,748.81,749.44,3,
2026-07-07T14:30:00Z,1536,rejection,supply,749.8038968563882,752.13,5,
2026-07-07T14:30:00Z,1573,touch,demand,748.81,749.44,3,
2026-07-07T15:00:00Z,1573,broken,demand,748.81,749.44,3,
2026-07-07T16:00:00Z,1536,merged,supply,749.8038968563882,752.41,5,pivot
2026-07-07T18:00:00Z,1577,created,demand,745.21,746.45,1,pivot
2026-07-07T18:00:00Z,1577,volume_confluence,demand,745.21,746.45,2,POC:2026-06-30:746.386042
2026-07-07T18:00:00Z,1577,qualified,demand,745.21,746.45,2,pivot|volume_profile
2026-07-07T19:00:00Z,1573,role_flip_retest,supply,748.81,749.44,3,
2026-07-07T20:00:00Z,1577,touch,demand,745.21,746.45,2,
2026-07-07T20:00:00Z,1577,rejection,demand,745.21,746.45,2,
2026-07-08T14:30:00Z,1577,broken,demand,745.21,746.45,2,
2026-07-08T15:00:00Z,1561,touch,demand,737.2193967277099,741.02,4,
2026-07-08T15:00:00Z,1561,rejection,demand,737.2193967277099,741.02,4,
2026-07-08T15:00:00Z,1572,role_flip_retest,supply,742.37,744.0665710442573,2,
2026-07-08T15:00:00Z,1572,volume_confluence,supply,742.37,744.0665710442573,3,POC:2026-07-02:741.675000
2026-07-08T15:00:00Z,1572,qualified,supply,742.37,744.0665710442573,3,pivot|role_flip|volume_profile
2026-07-08T16:00:00Z,1575,touch,demand,740.03,740.4318919765984,2,
2026-07-08T16:00:00Z,1575,rejection,demand,740.03,740.4318919765984,2,
2026-07-08T17:00:00Z,1561,rejection,demand,737.2193967277099,741.02,4,
2026-07-08T17:00:00Z,1572,broken,supply,742.37,744.0665710442573,3,
2026-07-08T18:00:00Z,1572,role_flip_retest,demand,742.37,744.0665710442573,3,
2026-07-08T18:00:00Z,1577,role_flip_retest,supply,745.21,746.45,3,
2026-07-08T19:00:00Z,1572,rejection,demand,742.37,744.0665710442573,3,
2026-07-08T19:00:00Z,1575,merged,demand,739.51,740.64,3,pivot
2026-07-09T14:30:00Z,1573,touch,supply,748.81,749.44,3,
2026-07-09T14:30:00Z,1573,rejection,supply,748.81,749.44,3,
2026-07-09T14:30:00Z,1577,broken,supply,745.21,746.45,3,
2026-07-09T15:00:00Z,1573,rejection,supply,748.81,749.44,3,
2026-07-09T15:00:00Z,1577,role_flip_retest,demand,745.21,746.45,3,
2026-07-09T16:00:00Z,1536,touch,supply,749.8038968563882,752.41,5,
2026-07-09T16:00:00Z,1573,broken,supply,748.81,749.44,3,
2026-07-10T14:30:00Z,1536,broken,supply,749.8038968563882,752.41,5,
2026-07-10T15:00:00Z,1573,role_flip_retest,demand,748.81,749.44,3,
2026-07-10T16:00:00Z,1536,role_flip_retest,demand,749.8038968563882,752.41,5,
2026-07-10T18:00:00Z,1573,merged,demand,748.15,749.44,4,pivot
2026-07-13T14:30:00Z,1536,touch,demand,749.8038968563882,752.41,5,
2026-07-13T14:30:00Z,1536,rejection,demand,749.8038968563882,752.41,5,
2026-07-13T15:00:00Z,1536,rejection,demand,749.8038968563882,752.41,5,
2026-07-13T16:00:00Z,1580,created,supply,754.9,755.42,1,pivot
2026-07-13T16:00:00Z,1580,volume_confluence,supply,754.9,755.42,2,VAH:2026-07-10:755.268542
2026-07-13T16:00:00Z,1580,qualified,supply,754.9,755.42,2,pivot|volume_profile
2026-07-13T17:00:00Z,1573,touch,demand,748.15,749.44,4,
2026-07-13T17:00:00Z,1573,rejection,demand,748.15,749.44,4,
2026-07-13T18:00:00Z,1536,broken,demand,749.8038968563882,752.41,5,
2026-07-13T19:00:00Z,1536,role_flip_retest,supply,749.8038968563882,752.41,5,
2026-07-13T19:00:00Z,1573,rejection,demand,748.15,749.44,4,
2026-07-13T20:00:00Z,1536,rejection,supply,749.8038968563882,752.41,5,
2026-07-14T14:30:00Z,1533,age_expired,demand,737.03,739.3,4,
2026-07-14T14:30:00Z,1573,rejection,demand,748.15,749.44,4,
2026-07-14T15:00:00Z,1573,rejection,demand,748.15,749.44,4,
2026-07-14T16:00:00Z,1573,merged,demand,748.0,749.44,4,pivot
2026-07-14T18:00:00Z,1582,created,supply,752.1056170490913,753.34,1,pivot
2026-07-14T18:00:00Z,1582,volume_confluence,supply,752.1056170490913,753.34,2,VAH:2026-07-06:752.305833
2026-07-14T18:00:00Z,1582,qualified,supply,752.1056170490913,753.34,2,pivot|volume_profile
2026-07-14T19:00:00Z,1582,touch,supply,752.1056170490913,753.34,2,
2026-07-14T20:00:00Z,1582,rejection,supply,752.1056170490913,753.34,2,
2026-07-15T14:30:00Z,1536,broken,supply,749.8038968563882,752.41,5,
2026-07-15T14:30:00Z,1580,touch,supply,754.9,755.42,2,
2026-07-15T14:30:00Z,1580,rejection,supply,754.9,755.42,2,
2026-07-15T14:30:00Z,1582,broken,supply,752.1056170490913,753.34,2,
2026-07-15T15:00:00Z,1580,rejection,supply,754.9,755.42,2,
2026-07-15T15:00:00Z,1582,role_flip_retest,demand,752.1056170490913,753.34,3,
2026-07-15T16:00:00Z,1536,role_flip_retest,demand,749.8038968563882,752.41,5,
2026-07-15T17:00:00Z,1582,broken,demand,752.1056170490913,753.34,3,
2026-07-15T17:00:00Z,1580,merged,supply,754.45,755.58,3,pivot
2026-07-15T18:00:00Z,1536,rejection,demand,749.8038968563882,752.41,5,
2026-07-15T18:00:00Z,1580,touch,supply,754.45,755.58,3,
2026-07-15T18:00:00Z,1580,rejection,supply,754.45,755.58,3,
2026-07-15T19:00:00Z,1580,rejection,supply,754.45,755.58,3,
2026-07-15T20:00:00Z,1584,created,demand,750.2,751.422996506627,1,pivot
2026-07-15T20:00:00Z,1584,volume_confluence,demand,750.2,751.422996506627,2,POC:2026-07-09:750.773750
2026-07-15T20:00:00Z,1584,qualified,demand,750.2,751.422996506627,2,pivot|volume_profile
2026-07-16T14:30:00Z,1536,age_expired,demand,749.8038968563882,752.41,5,
2026-07-16T14:30:00Z,1582,role_flip_retest,supply,752.1056170490913,753.34,3,
2026-07-16T14:30:00Z,1584,touch,demand,750.2,751.422996506627,2,
2026-07-16T14:30:00Z,1584,rejection,demand,750.2,751.422996506627,2,
2026-07-16T15:00:00Z,1580,touch,supply,754.45,755.58,3,
2026-07-16T15:00:00Z,1580,rejection,supply,754.45,755.58,3,
2026-07-16T15:00:00Z,1582,broken,supply,752.1056170490913,753.34,3,
2026-07-16T16:00:00Z,1582,role_flip_retest,demand,752.1056170490913,753.34,3,
2026-07-16T18:00:00Z,1582,broken,demand,752.1056170490913,753.34,3,
2026-07-16T18:00:00Z,1584,touch,demand,750.2,751.422996506627,2,
2026-07-16T20:00:00Z,1573,touch,demand,748.0,749.44,4,
2026-07-16T20:00:00Z,1573,rejection,demand,748.0,749.44,4,
