decision_timestamp,entry_timestamp,exit_timestamp,side,rrms_tier,quantity,entry_price,stop_price,target_price,exit_price,exit_reason,gross_pnl,costs,net_pnl,result_r,equity_after
2021-04-15T16:00:00Z,2021-04-15T16:00:00Z,2021-04-16T13:30:00Z,long,0,67,414.86148199999997,412.64801557374767,417.07494842625226,417.03324093140964,target,145.50784840444788,0.67,144.8378484044479,0.976639584757482,100144.83784840445
2021-04-19T16:15:00Z,2021-04-19T16:15:00Z,2021-04-20T14:30:00Z,short,0,75,414.708525,416.71062565939116,412.70642434060886,412.7476949830429,target,147.06225127178385,0.75,146.31225127178385,0.9743915760710951,100291.15009967623
2021-04-21T16:00:00Z,2021-04-21T16:00:00Z,2021-04-22T17:45:00Z,long,0,55,414.931489,412.22654816618467,417.6364298338153,412.18532551136803,stop,-151.03899187475804,0.55,-151.58899187475805,-1.0189367006391732,100139.56110780148
2021-04-27T15:30:00Z,2021-04-27T15:30:00Z,2021-04-27T15:45:00Z,short,0,333,417.148281,417.59861664657745,416.69794535342254,417.6403765082421,stop,-163.86780424462933,3.33,-167.19780424462934,-1.1149361860604348,99972.36330355685
2021-04-29T14:30:00Z,2021-04-29T14:30:00Z,2021-04-29T14:45:00Z,long,0,116,418.971893,417.68784197692787,420.2559440230722,417.64607319273017,stop,-153.79509764330282,1.16,-154.95509764330282,-1.040316765663907,99817.40820591354
2021-04-29T15:00:00Z,2021-04-29T15:00:00Z,2021-04-29T15:45:00Z,long,0,245,418.301826,417.69184322337526,418.91180877662475,417.6500740390529,stop,-159.67923043203484,2.45,-162.12923043203483,-1.0848699115879814,99655.2789754815
2021-05-03T15:45:00Z,2021-05-03T15:45:00Z,2021-05-04T13:30:00Z,long,0,104,418.95189100000005,417.5184035155643,420.3853784844358,417.47665167521274,stop,-153.42488977788025,1.04,-154.46488977788024,-1.036102052451408,99500.81408570362
2021-05-04T15:30:00Z,2021-05-04T15:30:00Z,2021-05-06T19:45:00Z,short,0,26,412.878708,418.5963481609496,407.1610678390504,418.6382077957657,stop,-149.74699468990798,0.26,-150.00699468990797,-1.0090701116817884,99350.80709101372
2021-05-10T17:00:00Z,2021-05-10T17:00:00Z,2021-05-10T17:30:00Z,long,0,429,421.852181,421.5049090435473,422.19945295645266,421.4627585526429,stop,-167.06222991617398,4.29,-171.35222991617397,-1.1501719039944045,99179.45486109755
2021-05-12T14:30:00Z,2021-05-12T14:30:00Z,2021-05-12T19:15:00Z,short,0,32,410.328963,414.892255188706,405.765670811294,405.80624737837513,target,144.72689989199534,0.32,144.40689989199535,0.988916649429921,99323.86176098954
2021-05-13T16:15:00Z,2021-05-13T16:15:00Z,2021-05-13T17:30:00Z,long,0,66,410.631059,408.3744676078578,412.8876503921422,408.333630161097,stop,-151.6303033675972,0.66,-152.2903033675972,-1.0225284235940224,99171.57145762195
2021-05-17T16:45:00Z,2021-05-17T16:45:00Z,2021-05-17T16:45:00Z,short,0,301,414.978498,415.4725647241627,414.4844312758373,414.5258797189649,target,136.2381025915609,3.0100000000000002,133.2281025915609,0.8958674190924621,99304.7995602135
2021-05-17T18:30:00Z,2021-05-17T18:30:00Z,2021-05-17T18:45:00Z,short,0,285,414.518544,415.0401443810006,413.99694361899947,415.08164839543866,stop,-160.4847527000132,2.85,-163.33475270001318,-1.0987422868428367,99141.46480751349
2021-05-18T14:45:00Z,2021-05-18T14:45:00Z,2021-05-18T18:15:00Z,long,0,191,415.381534,414.60483316875633,416.15823483124365,414.56337268543945,stop,-156.26881108106335,1.9100000000000001,-158.17881108106334,-1.0662552185433913,98983.28599643243
2021-05-20T15:30:00Z,2021-05-20T15:30:00Z,2021-05-21T19:45:00Z,long,0,27,414.90148600000003,409.4689900623861,420.33398193761394,414.908505,weekend_close,0.18951299999883986,0.27,-0.08048700000116016,-0.0005487348788248337,98983.20550943243
2021-05-24T15:00:00Z,2021-05-24T15:00:00Z,2021-05-28T19:45:00Z,long,0,39,419.34193,415.5737117515516,423.11014824844835,419.98799699999995,weekend_close,25.196612999998422,0.39,24.80661299999842,0.16879781320040907,99008.01212243242
2021-06-01T16:45:00Z,2021-06-01T16:45:00Z,2021-06-01T17:00:00Z,short,0,232,420.107985,420.746454060637,419.46951593936296,419.5114628909569,target,138.39312929799098,2.32,136.073129297991,0.918638263313609,99144.08525173042
2021-06-01T17:15:00Z,2021-06-01T17:15:00Z,2021-06-02T13:45:00Z,short,0,116,419.35805999999997,420.63150995144207,418.08461004855786,420.6735731024372,stop,-152.5995198827211,1.16,-153.7595198827211,-1.0408835470417894,98990.3257318477
2021-06-02T16:15:00Z,2021-06-02T16:15:00Z,2021-06-02T17:15:00Z,long,0,182,420.84208,420.0265281283427,421.6576318716573,419.9845254755299,stop,-156.07492345356138,1.82,-157.89492345356138,-1.0637637587749456,98832.43080839413
2021-06-03T14:30:00Z,2021-06-03T14:30:00Z,2021-06-04T13:30:00Z,short,0,56,417.588237,420.2276859065116,414.94878809348836,420.26970867510227,stop,-150.16241380572728,0.56,-150.72241380572729,-1.01970970851616,98681.70839458841
2021-06-07T17:15:00Z,2021-06-07T17:15:00Z,2021-06-07T18:45:00Z,short,0,380,421.45785,421.84717000779307,421.06852999220695,421.88935472479386,stop,-163.9717954216644,3.8000000000000003,-167.77179542166442,-1.1340406759380628,98513.93659916674
2021-06-08T14:45:00Z,2021-06-08T14:45:00Z,2021-06-08T15:00:00Z,long,0,293,422.102206,421.5986669456599,422.60574505434016,421.5565070789653,stop,-159.88978386317513,2.93,-162.81978386317513,-1.1035865366251334,98351.11681530357
2021-06-08T18:15:00Z,2021-06-08T18:15:00Z,2021-06-09T13:30:00Z,long,0,237,422.392235,421.77079814242524,423.0136718575748,422.97137049038906,target,137.25511122220132,2.37,134.88511122220132,0.9158380026091986,98486.00192652577
2021-06-09T15:00:00Z,2021-06-09T15:00:00Z,2021-06-09T15:45:00Z,long,0,229,422.872283,422.228677534067,423.51588846593296,422.1864546663136,stop,-157.05468841418605,2.29,-159.34468841418604,-1.0811411190825122,98326.65723811158
2021-06-09T16:00:00Z,2021-06-09T16:00:00Z,2021-06-09T16:15:00Z,long,0,921,422.512247,422.3521718788604,422.6723221211396,422.6300548889275,target,108.5010657022026,9.21,99.29106570220259,0.6734831006841164,98425.94830381378
2021-06-10T17:45:00Z,2021-06-10T17:45:00Z,2021-06-11T19:45:00Z,long,0,138,423.88238399999994,422.81770264061714,424.94706535938275,424.277568,weekend_close,54.53539200000398,1.3800000000000001,53.15539200000398,0.3617833604444061,98479.10369581378
2021-06-14T17:45:00Z,2021-06-14T17:45:00Z,2021-06-14T19:00:00Z,short,0,511,423.32766300000003,423.616266596501,423.03905940349904,423.6586282231607,stop,-169.12322903509755,5.11,-174.23322903509757,-1.1814309568366375,98304.87046677868
2021-06-15T14:45:00Z,2021-06-15T14:45:00Z,2021-06-16T16:15:00Z,long,0,167,424.292425,423.4108921439627,425.17395785603725,423.3685510547483,stop,-154.28694885702907,1.67,-155.95694885702906,-1.0593750860854931,98148.91351792165
2021-06-16T17:30:00Z,2021-06-16T17:30:00Z,2021-06-16T18:00:00Z,short,0,114,423.05769000000004,424.3473325275883,421.76804747241175,421.81022427715897,target,142.21109240388205,1.1400000000000001,141.07109240388206,0.9595416531084873,98289.98461032554
2021-06-16T18:15:00Z,2021-06-16T18:15:00Z,2021-06-18T13:30:00Z,short,0,49,421.397856,424.35384418355983,418.44186781644015,418.4837120032218,target,142.79305584213148,0.49,142.30305584213147,0.9824613010735345,98432.28766616767
2021-06-21T16:15:00Z,2021-06-21T16:15:00Z,2021-06-22T19:00:00Z,long,0,48,420.162012,417.14006819191496,423.18395580808505,423.1416374125042,target,143.02201980020254,0.48,142.54201980020255,0.9826871712700792,98574.82968596787
2021-06-23T18:45:00Z,2021-06-23T18:45:00Z,2021-06-23T19:15:00Z,long,0,366,423.332329,422.9287856340079,423.7358723659921,423.69349877875555,target,132.18813902452712,3.66,128.52813902452712,0.8702157149633513,98703.35782499239
2021-06-24T14:30:00Z,2021-06-24T14:30:00Z,2021-06-25T19:45:00Z,long,0,61,425.52254800000003,423.11447167991065,427.9306243200894,426.527343,weekend_close,61.29249499999662,0.61,60.68249499999662,0.4131077539780889,98764.04031999239
2021-06-30T16:15:00Z,2021-06-30T16:15:00Z,2021-06-30T18:00:00Z,long,0,319,428.062802,427.59915601071987,428.5264479892801,427.55639609511877,stop,-161.54348365710456,3.19,-164.73348365710456,-1.1137935339050693,98599.30683633528
2021-07-01T14:30:00Z,2021-07-01T14:30:00Z,2021-07-02T13:30:00Z,long,0,92,429.422938,427.822112255653,431.023763744347,430.9806613679726,target,143.31054985347782,0.92,142.39054985347784,0.9668281344412862,98741.69738618875
2021-07-06T16:30:00Z,2021-07-06T16:30:00Z,2021-07-06T19:15:00Z,short,0,64,430.476948,432.7836042750417,428.1702917249583,432.8268826354692,stop,-150.39581667002858,0.64,-151.03581667002857,-1.0230976591545025,98590.66156951872
2021-07-07T16:45:00Z,2021-07-07T16:45:00Z,2021-07-08T13:30:00Z,long,0,94,433.903386,432.3421446043691,435.46462739563094,432.29891038990866,stop,-150.82070734858746,0.9400000000000001,-151.76070734858746,-1.0340973629122312,98438.90086217014
2021-07-08T15:45:00Z,2021-07-08T15:45:00Z,2021-07-09T13:45:00Z,short,0,47,430.416954,433.52818320866044,427.3057247913395,433.5715360269813,stop,-148.2653552681212,0.47000000000000003,-148.7353552681212,-1.0171484692199235,98290.16550690202
2021-07-12T15:15:00Z,2021-07-12T15:15:00Z,2021-07-15T13:30:00Z,long,0,68,436.54365,434.37826035360905,438.709039646391,434.3348225275737,stop,-150.20026812498986,0.68,-150.88026812498987,-1.024678157173432,98139.28523877703
2021-07-15T15:30:00Z,2021-07-15T15:30:00Z,2021-07-15T17:30:00Z,short,0,97,435.00649500000003,436.5223689665537,433.49062103344636,433.5339700955497,target,142.83491573168146,0.97,141.86491573168146,0.9648063999511552,98281.15015450871
2021-07-15T18:00:00Z,2021-07-15T18:00:00Z,2021-07-16T13:30:00Z,short,0,50,432.726723,435.6697789143416,429.7836670856584,435.713345892233,stop,-149.33114461165076,0.5,-149.83114461165076,-1.0182011417555463,98131.31900989705
2021-07-19T18:00:00Z,2021-07-19T18:00:00Z,2021-07-20T14:00:00Z,short,0,23,422.087787,428.4279538465186,415.74762015348136,428.4707966419033,stop,-146.8092217637759,0.23,-147.03922176377588,-1.0083346064329028,97984.27978813328
2021-07-20T16:00:00Z,2021-07-20T16:00:00Z,2021-07-23T14:30:00Z,long,0,22,431.163112,424.62403100259127,437.70219299740876,437.658422778109,target,142.89683711839803,0.22,142.67683711839803,0.991777098445324,98126.95662525168
2021-07-26T16:30:00Z,2021-07-26T16:30:00Z,2021-07-27T13:30:00Z,long,0,107,440.404036,439.0302727834572,441.77779921654286,438.9863697561788,stop,-151.6902880888686,1.07,-152.7602880888686,-1.0392374949549248,97974.19633716281
2021-07-27T16:00:00Z,2021-07-27T16:00:00Z,2021-07-28T18:45:00Z,short,0,56,437.55624,440.1357704006955,434.9767095993045,440.17978397773555,stop,-146.91846275319085,0.56,-147.47846275319085,-1.0209393062495014,97826.71787440962
2021-08-02T15:45:00Z,2021-08-02T15:45:00Z,2021-08-02T15:45:00Z,long,0,156,439.883984,438.9443441266739,440.8236238733261,438.90044969226125,stop,-153.4313520072451,1.56,-154.9913520072451,-1.0573564787346574,97671.72652240237
2021-08-02T18:15:00Z,2021-08-02T18:15:00Z,2021-08-02T19:15:00Z,short,0,212,438.846111,439.5362176746326,438.1560043253674,438.19981992579994,target,137.01370773041367,2.12,134.89370773041367,0.9220184322066033,97806.62023013279
2021-08-03T18:00:00Z,2021-08-03T18:00:00Z,2021-08-06T13:30:00Z,long,0,71,440.24402,438.20130636760416,442.2867336323958,442.24250495903254,target,141.89243209131223,0.71,141.18243209131222,0.9734526306070385,97947.8026622241
2021-08-10T15:00:00Z,2021-08-10T15:00:00Z,2021-08-10T15:00:00Z,long,0,824,442.384234,442.2061281093899,442.5623398906101,442.161907496579,stop,-183.197038818917,8.24,-191.43703881891702,-1.304429082189279,97756.36562340519
2021-08-11T15:00:00Z,2021-08-11T15:00:00Z,2021-08-11T15:45:00Z,long,0,195,443.404336,442.65361954115485,444.15505245884515,442.60935417920075,stop,-155.0214550558539,1.95,-156.97145505585388,-1.0722847638608877,97599.39416834933
2021-08-11T18:45:00Z,2021-08-11T18:45:00Z,2021-08-12T13:45:00Z,long,0,328,443.404336,442.95819860162226,443.85047339837774,442.9139027817621,stop,-160.86209558203473,3.2800000000000002,-164.14209558203473,-1.1217020139033382,97435.2520727673
2021-08-12T17:00:00Z,2021-08-12T17:00:00Z,2021-08-13T13:30:00Z,long,0,129,444.37443299999995,443.24892013585037,445.49994586414954,445.4553958695631,target,139.4442101736484,1.29,138.1542101736484,0.9515332109263492,97573.40628294094
2021-08-16T15:45:00Z,2021-08-16T15:45:00Z,2021-08-16T17:30:00Z,short,0,128,444.215574,445.3522878282042,443.0788601717958,445.39682305698705,stop,-151.19987929434137,1.28,-152.47987929434137,-1.0479762165548514,97420.92640364659
2021-08-17T16:00:00Z,2021-08-17T16:00:00Z,2021-08-18T19:30:00Z,short,0,64,443.015694,445.2981205553907,440.7332674446093,440.77734077135375,target,143.2546066333598,0.64,142.6146066333598,0.976308842614561,97563.54101027995
2021-08-24T15:30:00Z,2021-08-24T15:30:00Z,2021-08-25T15:30:00Z,long,0,143,448.02479800000003,447.0072633392433,449.04233266075676,448.99742842749066,target,139.08615113115985,1.43,137.65615113115985,0.9460419036485068,97701.19716141111
2021-08-25T15:45:00Z,2021-08-25T15:45:00Z,2021-08-26T14:15:00Z,long,0,140,449.034899,447.9931470885675,450.07665091143247,447.9483477738587,stop,-152.11717165978143,1.4000000000000001,-153.51717165978144,-1.0526030373522168,97547.67998975133
2021-08-26T16:00:00Z,2021-08-26T16:00:00Z,2021-08-27T14:00:00Z,short,0,101,447.45525,448.896142034216,446.014357965784,448.9410316484194,stop,-150.06394649036417,1.01,-151.07394649036416,-1.0380941895020657,97396.60604326097
2021-08-30T14:30:00Z,2021-08-30T14:30:00Z,2021-09-03T19:45:00Z,long,0,52,452.215217,449.42509215900833,455.00534184099166,453.014694,weekend_close,41.57280400000127,0.52,41.05280400000127,0.28295400564206596,97437.65884726097
2021-09-07T15:45:00Z,2021-09-07T15:45:00Z,2021-09-08T14:30:00Z,short,0,89,451.414854,453.05605825831464,449.77364974168535,449.8186271066595,target,142.06419350730323,0.89,141.17419350730324,0.9665018143258933,97578.83304076828
2021-09-09T15:15:00Z,2021-09-09T15:15:00Z,2021-09-09T16:00:00Z,long,0,122,451.855181,450.66258732558515,453.0477746744149,450.6175210668526,stop,-150.99451184398606,1.22,-152.21451184398606,-1.0461735291020882,97426.6185289243
2021-09-09T18:00:00Z,2021-09-09T18:00:00Z,2021-09-10T13:30:00Z,short,0,73,449.275068,451.2726420299536,447.27749397004635,451.3177692941566,stop,-149.11719447343495,0.73,-149.84719447343494,-1.0275971069789576,97276.77133445087
2021-09-13T15:15:00Z,2021-09-13T15:15:00Z,2021-09-17T14:45:00Z,short,0,44,445.285467,448.5470959393649,442.02383806063506,442.0680404444411,target,141.5667684445898,0.44,141.1267684445898,0.983381805590485,97417.89810289546
2021-09-20T14:30:00Z,2021-09-20T14:30:00Z,2021-09-23T14:00:00Z,short,0,17,434.786517,443.0522497008564,426.5207842991436,443.09655492582647,stop,-141.27064473904989,0.17,-141.44064473904987,-1.0065699227080538,97276.45745815641
2021-09-23T14:30:00Z,2021-09-23T14:30:00Z,2021-09-24T19:45:00Z,long,0,25,443.314327,437.5112363792842,449.1174176207158,443.875608,weekend_close,14.032025000000203,0.25,13.782025000000203,0.09499782719781275,97290.2394831564
2021-09-27T14:30:00Z,2021-09-27T14:30:00Z,2021-09-27T15:15:00Z,long,0,184,443.87438299999997,443.08477190813653,444.6639940918634,443.04046343094575,stop,-153.44120070597592,1.84,-155.28120070597592,-1.0687787668516882,97134.95828245043
2021-09-27T17:45:00Z,2021-09-27T17:45:00Z,2021-09-27T17:45:00Z,short,0,242,442.775718,443.3774268082226,442.1740091917774,443.4217645509034,stop,-156.3432653186244,2.42,-158.76326531862438,-1.0903057125610376,96976.1950171318
2021-09-28T15:30:00Z,2021-09-28T15:30:00Z,2021-10-01T19:45:00Z,short,0,16,434.596536,443.28734653689946,425.90572546310057,434.333429,weekend_close,4.209711999999854,0.16,4.049711999999854,0.029123520634277898,96980.2447291318
2021-10-04T16:15:00Z,2021-10-04T16:15:00Z,2021-10-05T14:15:00Z,short,0,30,428.237172,433.0630928250038,423.41125117499615,433.10639913428633,stop,-146.07681402859043,0.3,-146.37681402859045,-1.0110458317107744,96833.8679151032
2021-10-05T15:45:00Z,2021-10-05T15:45:00Z,2021-10-06T13:45:00Z,long,0,27,434.063402,428.74711657539876,439.37968742460123,428.70424186374123,stop,-144.69732367898666,0.27,-144.96732367898667,-1.0099458000153365,96688.90059142422
2021-10-06T15:45:00Z,2021-10-06T15:45:00Z,2021-10-06T18:00:00Z,short,0,36,429.61703400000005,433.6173503899921,425.616717610008,433.6607121250311,stop,-145.57241250111883,0.36,-145.93241250111885,-1.0133393786482774,96542.9681789231
2021-10-07T14:30:00Z,2021-10-07T14:30:00Z,2021-10-08T19:45:00Z,long,0,14,441.454141,431.7913976501868,451.1168843498132,437.78621699999997,weekend_close,-51.35093600000039,0.14,-51.49093600000039,-0.38062937893006704,96491.4772429231
2021-10-11T18:45:00Z,2021-10-11T18:45:00Z,2021-10-12T13:45:00Z,short,0,58,436.566339,439.05068887474175,434.0819891252583,434.1253973241708,target,141.57461719809407,0.58,140.99461719809406,0.9785021427716301,96632.4718601212
2021-10-12T18:00:00Z,2021-10-12T18:00:00Z,2021-10-13T14:00:00Z,short,0,80,434.15658,435.9499235697251,432.3632364302749,432.40647275391797,target,140.0085796865642,0.8,139.20857968656418,0.9703144871168193,96771.68043980775
2021-10-14T14:30:00Z,2021-10-14T14:30:00Z,2021-10-15T19:45:00Z,long,0,22,440.64406,434.08420425584325,447.2039157441568,445.785417,weekend_close,113.10985399999936,0.22,112.88985399999936,0.7822362564254177,96884.57029380774
2021-10-18T15:45:00Z,2021-10-18T15:45:00Z,2021-10-19T13:30:00Z,long,0,87,446.464642,444.7953494226762,448.1339345773238,448.0891211838661,target,141.32968899634824,0.87,140.45968899634823,0.9671636990409396,97025.02998280409
2021-10-20T14:30:00Z,2021-10-20T14:30:00Z,2021-10-22T19:45:00Z,long,0,46,452.52524800000003,449.39540349127526,455.6550925087248,453.084687,weekend_close,25.734193999997274,0.46,25.274193999997273,0.17554833745520626,97050.30417680409
2021-10-25T15:00:00Z,2021-10-25T15:00:00Z,2021-10-25T17:00:00Z,long,0,106,454.215417,452.8454874254574,455.5853465745426,455.53978803988514,target,140.38333022782444,1.06,139.32333022782444,0.9594442402807387,97189.62750703191
2021-10-26T14:30:00Z,2021-10-26T14:30:00Z,2021-10-27T19:15:00Z,long,0,40,458.24582,454.6872140498125,461.80442595018746,454.6417453284075,stop,-144.16298686369828,0.4,-144.56298686369828,-1.0155872052656043,97045.0645201682
2021-10-28T16:15:00Z,2021-10-28T16:15:00Z,2021-10-29T13:30:00Z,long,0,94,457.62575799999996,456.0815452236825,459.1699707763174,456.0359370691601,stop,-149.4431674989445,0.9400000000000001,-150.3831674989445,-1.0360106815428507,96894.68135266926
2021-11-01T14:45:00Z,2021-11-01T14:45:00Z,2021-11-01T15:30:00Z,long,0,196,458.775873,458.0376268151753,459.51411918482466,459.4681677729062,target,135.6897754896197,1.96,133.7297754896197,0.9242103608950722,97028.41112815887
2021-11-01T16:45:00Z,2021-11-01T16:45:00Z,2021-11-01T18:00:00Z,long,0,100,459.915987,458.46589436543235,461.3660796345676,458.4200477759958,stop,-149.59392240041893,1.0,-150.59392240041893,-1.0385124288650815,96877.81720575845
2021-11-02T14:45:00Z,2021-11-02T14:45:00Z,2021-11-03T18:45:00Z,long,0,61,461.326128,458.96111044723466,463.6911455527653,463.64477643821004,target,141.43755473081376,0.61,140.82755473081374,0.9761654561551344,97018.64476048926
2021-11-08T15:45:00Z,2021-11-08T15:45:00Z,2021-11-08T17:00:00Z,long,0,174,469.056901,468.2212998134198,469.89250218658015,468.17447768343845,stop,-153.54165708170592,1.74,-155.28165708170593,-1.0680014950839394,96863.36310340755
2021-11-09T17:00:00Z,2021-11-09T17:00:00Z,2021-11-10T18:45:00Z,short,0,59,466.513344,468.9410647057105,464.0856232942895,464.13203185661894,target,140.49741645948376,0.59,139.90741645948376,0.9767648056892485,97003.27051986703
2021-11-11T18:45:00Z,2021-11-11T18:45:00Z,2021-11-11T19:30:00Z,short,0,297,464.30356500000005,464.79203800231903,463.81509199768107,464.83851720611926,stop,-158.88080521740676,2.97,-161.85080521740676,-1.1156240028253381,96841.41971464963
2021-11-16T15:45:00Z,2021-11-16T15:45:00Z,2021-11-16T16:15:00Z,long,0,107,468.366832,467.0105573607089,469.7231066392911,469.67613432862714,target,140.09534916310554,1.07,139.02534916310555,0.9579935294715006,96980.44506381273
2021-11-17T16:45:00Z,2021-11-17T16:45:00Z,2021-11-17T17:30:00Z,short,0,171,468.55314000000004,469.40255985333505,467.70372014666503,467.75049051867967,target,137.25306130578372,1.71,135.5430613057837,0.9331657109358324,97115.98812511851
2021-11-17T18:30:00Z,2021-11-17T18:30:00Z,2021-11-18T14:30:00Z,short,0,259,468.38315700000004,468.9452805353287,467.82103346467136,468.99217506338226,stop,-157.73567841599572,2.59,-160.32567841599572,-1.1012135669079846,96955.66244670252
2021-11-18T19:00:00Z,2021-11-18T19:00:00Z,2021-11-19T17:30:00Z,long,0,118,469.40693600000003,468.1762671232475,470.63760487675256,470.5905411162649,target,139.66540371925316,1.18,138.48540371925316,0.9536319138595158,97094.14785042178
2021-11-22T16:45:00Z,2021-11-22T16:45:00Z,2021-11-22T16:45:00Z,long,0,61,471.877183,469.5221763808688,474.2321896191312,469.47522416323073,stop,-146.51948904292533,0.61,-147.12948904292534,-1.0241834639339953,96947.01836137885
2021-11-23T16:30:00Z,2021-11-23T16:30:00Z,2021-11-26T14:30:00Z,short,0,32,466.543341,471.00404392953504,462.08263807046495,462.128846334272,target,141.263829303296,0.32,140.943829303296,0.9873992362425928,97087.96219068216
2021-11-29T18:45:00Z,2021-11-29T18:45:00Z,2021-11-30T14:30:00Z,long,0,47,465.84658,462.7758969694685,468.91726303053156,462.7296193797715,stop,-146.49714915073935,0.47000000000000003,-146.96714915073935,-1.0183273848643422,96940.99504153142
2021-11-30T16:45:00Z,2021-11-30T16:45:00Z,2021-12-03T19:15:00Z,short,0,19,457.344261,464.91708945494565,449.7714325450544,449.8164096883089,target,143.02917492213106,0.19,142.83917492213106,0.9927402101365939,97083.83421645356
2021-12-06T16:45:00Z,2021-12-06T16:45:00Z,2021-12-07T14:30:00Z,long,0,24,458.275823,452.25991171265105,464.29173428734896,464.2453051139202,target,143.26757073408498,0.24,143.02757073408497,0.9906200123749471,97226.86178718765
2021-12-07T15:30:00Z,2021-12-07T15:30:00Z,2021-12-10T20:45:00Z,long,0,14,467.57675299999994,457.69312087852177,477.4603851214781,470.66292899999996,weekend_close,43.206464000000324,0.14,43.06646400000032,0.31123942718539366,97269.92825118765
2021-12-13T17:30:00Z,2021-12-13T17:30:00Z,2021-12-13T20:45:00Z,short,0,120,467.803215,469.01458930548915,466.5918406945109,466.6384998785803,target,139.76581457036445,1.2,138.56581457036447,0.9532273519318636,97408.49406575802
2021-12-14T16:30:00Z,2021-12-14T16:30:00Z,2021-12-15T20:15:00Z,short,0,24,462.023793,468.0924577370805,455.9551282629195,468.1392669828542,stop,-146.7713755885011,0.24,-147.0113755885011,-1.0093610782989217,97261.48269016952
2021-12-21T16:45:00Z,2021-12-21T16:45:00Z,2021-12-22T15:45:00Z,long,0,25,460.34603,454.68336005130897,466.008699948691,465.96209907869616,target,140.40172696740427,0.25,140.15172696740427,0.9900045613628018,97401.63441713693
2021-12-22T16:00:00Z,2021-12-22T16:00:00Z,2021-12-27T14:30:00Z,long,0,24,466.176613,460.1160589646954,472.23716703530454,472.189943318601,target,144.31992764642519,0.24,144.07992764642518,0.9905580056921911,97545.71434478335
2021-12-27T15:45:00Z,2021-12-27T15:45:00Z,2021-12-31T20:45:00Z,long,0,31,474.817477,470.1987312370911,479.43622276290887,474.832512,weekend_close,0.466085000000362,0.31,0.15608500000036202,0.0010901227862433046,97545.87042978335
2022-01-03T16:15:00Z,2022-01-03T16:15:00Z,2022-01-03T18:30:00Z,short,0,132,475.242471,476.3430442499456,474.14189775005445,476.3906785543706,stop,-151.5633971769155,1.32,-152.88339717691548,-1.0523675315821581,97392.98703260643
2022-01-05T17:30:00Z,2022-01-05T17:30:00Z,2022-01-05T17:30:00Z,short,0,567,477.082287,477.33970792833634,476.8248660716637,476.87254855827086,target,118.92169646042447,5.67,113.25169646042447,0.7759215345077841,97506.23872906686
2022-01-05T18:15:00Z,2022-01-05T18:15:00Z,2022-01-05T19:00:00Z,short,0,81,475.522443,477.3109218428364,473.7339641571636,473.7813375535793,target,141.02954116007703,0.81,140.21954116007703,0.9679205618531571,97646.45827022694
2022-01-10T15:45:00Z,2022-01-10T15:45:00Z,2022-01-11T16:30:00Z,short,0,13,457.094286,467.56450731110914,446.6240646888909,467.61126376184023,stop,-136.7207109039229,0.13,-136.8507109039229,-1.005420749862362,97509.60755932302
2022-01-11T17:15:00Z,2022-01-11T17:15:00Z,2022-01-14T14:30:00Z,long,0,26,467.876783,462.25643222823834,473.49713377176164,462.2102065850155,stop,-147.33098678959675,0.26,-147.59098678959674,-1.0100039384561788,97362.01657253342
2022-01-18T16:00:00Z,2022-01-18T16:00:00Z,2022-01-19T20:45:00Z,short,0,25,457.474248,463.2094825043099,451.7390134956901,451.78418739703966,target,142.25151507400824,0.25,142.00151507400824,0.9903798351561521,97504.01808760743
2022-01-20T17:30:00Z,2022-01-20T17:30:00Z,2022-01-20T18:00:00Z,long,0,87,457.525748,455.84926073427425,459.2022352657258,455.8036758082008,stop,-149.8202806865316,0.87,-150.6902806865316,-1.0331555909846903,97353.3278069209
2022-01-24T18:00:00Z,2022-01-24T18:00:00Z,2022-01-24T20:45:00Z,short,0,11,425.23747199999997,438.402972996434,412.0719710035659,438.44681329373367,stop,-145.3027542310707,0.11,-145.41275423107072,-1.0040894985549154,97207.91505268983
2022-01-25T19:45:00Z,2022-01-25T19:45:00Z,2022-01-26T20:00:00Z,long,0,19,438.323828,430.9722400097133,445.6754159902867,430.9291427857123,stop,-140.49901907146585,0.19,-140.68901907146585,-1.0072225516542994,97067.22603361837
2022-01-27T15:30:00Z,2022-01-27T15:30:00Z,2022-01-27T16:00:00Z,short,0,67,437.35625999999996,439.5009397649604,435.21158023503955,439.54488985893687,stop,-146.63820054877272,0.67,-147.3082005487727,-1.025155314493997,96919.9178330696
2022-01-27T19:30:00Z,2022-01-27T19:30:00Z,2022-01-28T20:30:00Z,short,0,19,430.836912,438.1953100697722,423.4785139302278,438.23912960077917,stop,-140.64213441480445,0.19,-140.83213441480444,-1.0073140282024258,96779.0856986548
2022-01-31T15:45:00Z,2022-01-31T15:45:00Z,2022-02-02T14:30:00Z,long,0,14,444.714467,434.3653949013851,455.0635390986149,455.01803274470507,target,144.24992042587076,0.14,144.10992042587077,0.9946365864126823,96923.19561908067
2022-02-02T18:30:00Z,2022-02-02T18:30:00Z,2022-02-03T14:30:00Z,long,0,39,455.725568,452.0584304151279,459.39270558487215,452.01322457208636,stop,-144.78139368863242,0.39,-145.1713936886324,-1.0150542055660121,96778.02422539203
2022-02-03T17:00:00Z,2022-02-03T17:00:00Z,2022-02-04T14:30:00Z,short,0,30,450.16497899999996,454.9754289142543,445.35452908574564,445.3990645386542,target,142.97743384037233,0.3,142.67743384037232,0.9886631284223587,96920.7016592324
2022-02-07T18:30:00Z,2022-02-07T18:30:00Z,2022-02-07T19:15:00Z,short,0,208,448.9551,449.6522254769758,448.25797452302425,449.6971906995235,stop,-154.35486550088535,2.08,-156.43486550088537,-1.0788455225968268,96764.26679373153
2022-02-08T16:30:00Z,2022-02-08T16:30:00Z,2022-02-08T16:30:00Z,short,0,851,448.965099,449.13563402890424,448.7945639710958,449.1805475923071,stop,-183.3467520533403,8.51,-191.8567520533403,-1.3220075298061615,96572.41004167819
2022-02-08T18:30:00Z,2022-02-08T18:30:00Z,2022-02-08T20:00:00Z,long,0,81,449.894985,448.11869729957385,451.6712727004262,448.0738854298439,stop,-147.50906518264355,0.81,-148.31906518264356,-1.0308575405418705,96424.09097649554
2022-02-09T16:00:00Z,2022-02-09T16:00:00Z,2022-02-10T20:00:00Z,long,0,19,456.815677,449.25419454232957,464.3771594576704,449.20926912287536,stop,-144.52174966536813,0.19,-144.71174966536813,-1.0072638427400569,96279.37922683018
2022-02-14T16:30:00Z,2022-02-14T16:30:00Z,2022-02-15T14:30:00Z,short,0,26,439.74602100000004,445.18451214236575,434.30752985763434,445.22903059358,stop,-142.55824943307834,0.26,-142.81824943307834,-1.0100245545661612,96136.5609773971
2022-02-15T16:45:00Z,2022-02-15T16:45:00Z,2022-02-17T15:30:00Z,long,0,25,445.374533,439.8115579605303,450.93750803946966,439.76757680473423,stop,-140.1739048816438,0.25,-140.4239048816438,-1.009703648751446,95996.13707251546
2022-02-17T17:00:00Z,2022-02-17T17:00:00Z,2022-02-17T20:00:00Z,short,0,42,441.16587899999996,444.5679584803049,437.763799519695,437.80757589964696,target,141.04873021482592,0.42,140.62873021482594,0.9841930853575639,96136.76580273028
2022-02-22T17:00:00Z,2022-02-22T17:00:00Z,2022-02-22T18:45:00Z,short,0,36,431.19687600000003,435.170347723492,427.22340427650806,427.2661266169357,target,141.50697779031566,0.36,141.14697779031565,0.9867314167316354,96277.9127805206
2022-02-23T17:30:00Z,2022-02-23T17:30:00Z,2022-02-23T17:30:00Z,short,0,158,430.06698900000004,430.9785859137758,429.15539208622425,429.19830762543285,target,137.25165718161577,1.58,135.67165718161576,0.9419529197510991,96413.58443770221
2022-02-23T19:30:00Z,2022-02-23T19:30:00Z,2022-02-24T14:30:00Z,short,0,26,424.377558,429.7607521748618,418.99436382513824,419.03626326152073,target,138.87366320046158,0.26,138.6136632004616,0.9903589886047858,96552.19810090268
2022-03-01T18:00:00Z,2022-03-01T18:00:00Z,2022-03-01T18:15:00Z,short,0,49,431.286867,434.2281949225576,428.34553907744237,428.38837363135013,target,142.02617506384206,0.49,141.53617506384205,0.98203717664305,96693.73427596652
2022-03-01T19:30:00Z,2022-03-01T19:30:00Z,2022-03-01T20:45:00Z,short,0,52,430.336962,433.11402038080627,427.5599036191938,427.6026596095557,target,142.183724303105,0.52,141.663724303105,0.9810029235515765,96835.39800026962
2022-03-02T17:00:00Z,2022-03-02T17:00:00Z,2022-03-04T14:30:00Z,long,0,23,437.13370899999995,430.9863518174819,443.28106618251803,430.9432531823001,stop,-142.38048380709637,0.23,-142.61048380709636,-1.0086376362402962,96692.78751646253
2022-03-07T16:00:00Z,2022-03-07T16:00:00Z,2022-03-08T14:30:00Z,short,0,23,425.517444,431.69754264861837,419.33734535138166,419.3792790859168,target,141.17779302391438,0.23,140.9477930239144,0.9915966172244304,96833.73530948644
2022-03-09T17:00:00Z,2022-03-09T17:00:00Z,2022-03-10T16:00:00Z,long,0,23,427.422738,421.2132658863553,433.63221011364465,421.1711445597667,stop,-143.78664912536607,0.23,-144.01664912536606,-1.008393841800837,96689.71866036108
2022-03-10T16:45:00Z,2022-03-10T16:45:00Z,2022-03-11T14:30:00Z,short,0,27,421.237872,426.5274597055446,415.9482842944554,426.5701124515151,stop,-143.9704921909086,0.27,-144.2404921909086,-1.0099540359100865,96545.47816817017
2022-03-14T17:00:00Z,2022-03-14T17:00:00Z,2022-03-15T15:30:00Z,short,0,26,417.85821,423.2763379563544,412.4400820436456,423.31866559015003,stop,-141.97184534390124,0.26,-142.23184534390123,-1.0096578807693681,96403.24632282626
2022-03-15T16:15:00Z,2022-03-15T16:15:00Z,2022-03-16T13:30:00Z,long,0,33,423.18231399999996,418.8961489135538,427.4684790864461,427.4257322385375,target,140.032801871738,0.33,139.702801871738,0.9876936966157861,96542.949124698
2022-03-17T15:00:00Z,2022-03-17T15:00:00Z,2022-03-17T19:30:00Z,long,0,27,434.803476,429.5386794517629,440.0682725482371,440.02426572098227,target,140.9613224665216,0.27,140.6913224665216,0.9897418966222181,96683.64044716452
2022-03-21T16:30:00Z,2022-03-21T16:30:00Z,2022-03-21T17:00:00Z,long,0,42,445.54455,442.09355072303686,448.9955492769632,442.04934136796453,stop,-146.79876254549038,0.42,-147.21876254549036,-1.015708306702408,96536.42168461902
2022-03-22T15:30:00Z,2022-03-22T15:30:00Z,2022-03-25T19:45:00Z,long,0,22,449.434939,442.8664611877544,456.0034168122456,452.61473400000006,weekend_close,69.95549000000153,0.22,69.73549000000153,0.482576799466481,96606.15717461903
2022-03-28T14:45:00Z,2022-03-28T14:45:00Z,2022-03-28T15:45:00Z,long,0,60,452.69526499999995,450.2903945690042,455.1001354309957,450.2453655295473,stop,-146.99396822715812,0.6,-147.59396822715811,-1.022882330269289,96458.56320639187
2022-03-31T17:15:00Z,2022-03-31T17:15:00Z,2022-03-31T19:30:00Z,short,0,74,456.414354,458.359184115683,454.469523884317,454.51497083670546,target,140.55435408379628,0.74,139.81435408379627,0.9714900792921135,96598.37756047567
2022-04-04T16:00:00Z,2022-04-04T16:00:00Z,2022-04-05T19:00:00Z,long,0,40,455.555551,451.9731028324491,459.13799916755084,451.9279055221659,stop,-145.1058191133643,0.4,-145.5058191133643,-1.0154077066022085,96452.87174136231
2022-04-07T15:45:00Z,2022-04-07T15:45:00Z,2022-04-07T17:45:00Z,short,0,52,444.325563,447.0866371974447,441.5644888025553,447.13134586116445,stop,-145.9007087805519,0.52,-146.4207087805519,-1.019814267856466,96306.45103258175
2022-04-11T15:30:00Z,2022-04-11T15:30:00Z,2022-04-21T13:30:00Z,short,0,21,441.9558,448.67188510935284,435.2397148906472,448.71675229786376,stop,-141.9799982551388,0.21,-142.18999825513882,-1.0081695195366887,96164.26103432661
2022-04-21T15:30:00Z,2022-04-21T15:30:00Z,2022-04-21T15:45:00Z,long,0,92,446.714667,445.1566531177493,448.27268088225077,445.1121374524375,stop,-147.43271837575367,0.92,-148.35271837575365,-1.034990487525719,96015.90831595086
2022-04-21T18:00:00Z,2022-04-21T18:00:00Z,2022-04-22T13:30:00Z,short,0,29,441.685827,446.5941807930389,436.77747320696113,436.82115095428185,target,141.07560532582693,0.29,140.78560532582694,0.9890640019884384,96156.69392127669
2022-04-25T14:30:00Z,2022-04-25T14:30:00Z,2022-04-29T19:45:00Z,short,0,14,422.61773400000004,432.60019132598876,412.6352766740113,412.67654020167873,target,139.1767131764983,0.14,139.03671317649832,0.994864638435874,96295.73063445318
2022-05-02T16:30:00Z,2022-05-02T16:30:00Z,2022-05-02T18:00:00Z,short,0,27,411.45885,416.73426352559335,406.1834364744066,406.22405481805407,target,141.33946991253964,0.27,141.06946991253963,0.9904048576662511,96436.80010436573
2022-05-02T18:15:00Z,2022-05-02T18:15:00Z,2022-05-03T13:30:00Z,short,0,17,406.209375,414.69971410812593,397.7190358918741,414.74118407953677,stop,-145.04075435212462,0.17,-145.2107543521246,-1.0060621808805696,96291.5893500136
2022-05-03T15:15:00Z,2022-05-03T15:15:00Z,2022-05-04T19:00:00Z,long,0,19,417.74177,410.5158572794875,424.96768272051247,424.92518595224044,target,136.48490309256886,0.19,136.29490309256886,0.9927349290944235,96427.88425310617
2022-05-05T16:45:00Z,2022-05-05T16:45:00Z,2022-05-06T19:45:00Z,short,0,19,412.79871599999996,420.0983011533098,405.4991308466901,411.421138,weekend_close,26.173981999999455,0.19,25.983981999999454,0.18735009884498274,96453.86823510617
2022-05-09T14:45:00Z,2022-05-09T14:45:00Z,2022-05-11T17:45:00Z,short,0,16,402.35976,411.3340887464219,393.3854312535781,393.42476979670346,target,142.95984325274458,0.16,142.79984325274458,0.9945022581053705,96596.66807835891
2022-05-11T18:45:00Z,2022-05-11T18:45:00Z,2022-05-11T19:00:00Z,short,0,47,397.86021,400.8964261003616,394.82399389963837,394.8634762990283,target,140.8464839456687,0.47000000000000003,140.3764839456687,0.9837026095131832,96737.04456230458
2022-05-12T17:00:00Z,2022-05-12T17:00:00Z,2022-05-12T18:30:00Z,short,0,31,390.400956,395.02548813997726,385.77642386002276,385.81500150240873,target,142.1645894253295,0.31,141.8545894253295,0.9894956633632104,96878.89915172991
2022-05-12T18:45:00Z,2022-05-12T18:45:00Z,2022-05-13T13:30:00Z,short,0,18,385.571439,393.4460949405963,377.6967830594037,393.48543955009035,stop,-142.4520099016263,0.18,-142.6320099016263,-1.0062662559312148,96736.26714182828
2022-05-16T17:15:00Z,2022-05-16T17:15:00Z,2022-05-16T18:15:00Z,long,0,69,401.31012699999997,399.22337037666017,403.39688362333976,403.3565439349774,target,141.2027685134446,0.6900000000000001,140.5127685134446,0.975876588673877,96876.77991034173
2022-05-16T18:30:00Z,2022-05-16T18:30:00Z,2022-05-16T19:45:00Z,long,0,35,403.600356,399.53954516348205,407.6611668365179,399.4995912089657,stop,-143.5267676862003,0.35000000000000003,-143.87676768620028,-1.0123014729145074,96732.90314265553
2022-05-17T15:00:00Z,2022-05-17T15:00:00Z,2022-05-17T16:45:00Z,long,0,49,403.85038099999997,400.92552709795746,406.7752349020425,406.73455737855227,target,141.32464254906256,0.49,140.83464254906255,0.9826734855184296,96873.73778520459
2022-05-18T16:00:00Z,2022-05-18T16:00:00Z,2022-05-19T13:45:00Z,short,0,16,396.470349,405.35022387647757,387.5904741235224,387.62923317093475,target,141.45785326504392,0.16,141.29785326504393,0.9945090389120811,97015.03563846964
2022-05-19T14:45:00Z,2022-05-19T14:45:00Z,2022-05-20T13:30:00Z,short,0,17,388.541142,397.0130474117696,380.06923658823035,397.0527487165108,stop,-144.6973141806838,0.17,-144.8673141806838,-1.0058666028863044,96870.16832428896
2022-05-23T15:30:00Z,2022-05-23T15:30:00Z,2022-05-26T17:00:00Z,long,0,13,395.979594,385.45625564669245,406.5029323533076,406.46228206007225,target,136.27494478093905,0.13,136.14494478093906,0.9951868607152207,97006.3132690699
2022-05-31T16:45:00Z,2022-05-31T16:45:00Z,2022-06-01T14:15:00Z,long,0,38,415.31152699999996,411.5798618791749,419.043192120825,411.53870389298703,stop,-143.36727806649117,0.38,-143.74727806649116,-1.013709157850849,96862.5659910034
2022-06-01T16:30:00Z,2022-06-01T16:30:00Z,2022-06-02T16:15:00Z,short,0,22,407.509245,413.86369873765216,401.1547912623479,413.9050851075259,stop,-140.70848236556947,0.22,-140.92848236556947,-1.008086669916136,96721.63750863782
2022-06-02T17:30:00Z,2022-06-02T17:30:00Z,2022-06-03T15:00:00Z,long,0,33,414.37143299999997,410.0729788409581,418.6698871590418,410.031971543074,stop,-143.2022280785567,0.33,-143.5322280785567,-1.011866428254635,96578.10528055926
2022-06-06T15:45:00Z,2022-06-06T15:45:00Z,2022-06-06T16:00:00Z,long,0,59,413.98139399999997,411.5289492663543,416.43383873364564,411.48779637142763,stop,-147.12226008576755,0.59,-147.71226008576755,-1.0208579195383591,96430.3930204735
2022-06-06T18:30:00Z,2022-06-06T18:30:00Z,2022-06-07T13:30:00Z,short,0,93,411.678828,413.22498338206503,410.132672617935,410.1736858851968,target,139.9782166766995,0.93,139.0482166766995,0.9670063773320953,96569.4412371502
2022-06-08T16:30:00Z,2022-06-08T16:30:00Z,2022-06-08T16:30:00Z,long,0,247,414.051401,413.4669567058755,414.6358452941245,413.4256100102049,stop,-154.57037447939484,2.47,-157.04037447939484,-1.0878555855310608,96412.4008626708
2022-06-08T18:45:00Z,2022-06-08T18:45:00Z,2022-06-09T13:30:00Z,short,0,53,411.428853,414.14686902681916,408.71083697318085,408.75170805687816,target,141.88868198545782,0.53,141.35868198545782,0.9812837440267618,96553.75954465625
2022-06-09T14:45:00Z,2022-06-09T14:45:00Z,2022-06-09T18:30:00Z,short,0,53,410.048991,412.7783380972804,407.3196439027196,407.36037586710984,target,142.49660204317865,0.53,141.96660204317865,0.9814124174822574,96695.72614669942
2022-06-13T14:45:00Z,2022-06-13T14:45:00Z,2022-06-17T19:45:00Z,short,0,7,376.242372,394.3900273217275,358.0947166782725,365.876584,weekend_close,72.56051600000006,0.07,72.49051600000007,0.570640549228496,96768.21666269943
2022-06-21T14:30:00Z,2022-06-21T14:30:00Z,2022-06-24T13:45:00Z,long,0,17,375.157512,366.7423613632118,383.5726626367882,383.5343053705245,target,142.4054872989169,0.17,142.23548729891692,0.9942535471614393,96910.45214999835
2022-06-27T14:30:00Z,2022-06-27T14:30:00Z,2022-06-28T13:30:00Z,long,0,44,388.228819,384.92784838486574,391.52978961513423,391.4906366361727,target,143.5199759916004,0.44,143.0799759916004,0.9851095375596031,97053.53212598995
2022-06-28T15:00:00Z,2022-06-28T15:00:00Z,2022-06-28T15:00:00Z,long,0,469,388.798876,388.4888887995042,389.1088632004958,388.45003991062424,stop,-163.60412591723417,4.69,-168.29412591723417,-1.157583567327369,96885.23800007271
2022-06-28T17:00:00Z,2022-06-28T17:00:00Z,2022-06-29T13:30:00Z,short,0,29,384.46155,389.35030538506334,379.57279461493664,379.6107518943981,target,140.67314506245458,0.29,140.3831450624546,0.9901902885941093,97025.62114513517
2022-06-29T17:15:00Z,2022-06-29T17:15:00Z,2022-06-30T13:30:00Z,short,0,39,379.05209099999996,382.7619243438158,375.34225765618413,375.37979188194976,target,143.219665603958,0.39,142.829665603958,0.9871869646530448,97168.45081073913
2022-06-30T15:00:00Z,2022-06-30T15:00:00Z,2022-07-01T19:30:00Z,short,0,27,375.702426,380.9893348451204,370.4155171548796,381.0274337786049,stop,-143.77521002233266,0.27,-144.04521002233267,-1.009097742157761,97024.4056007168
2022-07-05T16:00:00Z,2022-07-05T16:00:00Z,2022-07-05T17:30:00Z,short,0,54,375.212475,377.879441151245,372.545508848755,377.9172290953601,stop,-146.05672114944548,0.54,-146.59672114944547,-1.017918466679002,96877.80887956735
2022-07-06T18:15:00Z,2022-07-06T18:15:00Z,2022-07-06T18:30:00Z,long,0,62,382.02819900000003,379.6958225810612,384.3605754189389,384.322139361397,target,142.22430240661083,0.62,141.60430240661083,0.9792331730210436,97019.41318197397
2022-07-11T15:45:00Z,2022-07-11T15:45:00Z,2022-07-12T19:00:00Z,short,0,36,384.721524,388.6632175294877,380.77983047051225,380.8179084535593,target,140.53015967186434,0.36,140.17015967186433,0.9878027089910999,97159.58334164583
2022-07-14T15:15:00Z,2022-07-14T15:15:00Z,2022-07-15T13:30:00Z,short,0,19,373.17267899999996,380.54692812547927,365.79842987452065,380.5849828182918,stop,-140.8337725475448,0.19,-141.0237725475448,-1.0065165540239867,97018.55956909829
2022-07-18T14:30:00Z,2022-07-18T14:30:00Z,2022-07-18T19:30:00Z,long,0,28,387.798776,382.61704412144684,392.9805078785531,382.5787824170347,stop,-146.15982032302804,0.28,-146.43982032302804,-1.0093138173767544,96872.11974877527
2022-07-19T16:15:00Z,2022-07-19T16:15:00Z,2022-07-20T14:15:00Z,long,0,34,389.308927,385.07050113912015,393.5473528608798,393.5079981255937,target,142.76841827018643,0.34,142.42841827018643,0.9883554090820252,97014.54816704545
2022-07-20T15:30:00Z,2022-07-20T15:30:00Z,2022-07-22T19:45:00Z,long,0,27,395.229519,389.9527516064086,400.5062863935914,395.080488,weekend_close,-4.023836999999446,0.27,-4.293836999999446,-0.030137959121169833,97010.25433004544
2022-07-25T17:30:00Z,2022-07-25T17:30:00Z,2022-07-25T17:30:00Z,long,0,264,395.469543,394.9183591926723,396.02072680732766,394.87886735675306,stop,-155.93836981718823,2.64,-158.57836981718822,-1.0897918902211647,96851.67596022825
2022-07-26T14:45:00Z,2022-07-26T14:45:00Z,2022-07-26T19:00:00Z,short,0,56,392.50074600000005,395.05000915489404,389.95148284510606,389.9904779933906,target,140.57500837013004,0.56,140.01500837013003,0.9807806627611322,96991.69096859838
2022-07-27T15:45:00Z,2022-07-27T15:45:00Z,2022-07-27T19:00:00Z,long,0,31,396.479644,391.8358736764472,401.1234143235528,401.0833019821205,target,142.71339744573447,0.31,142.40339744573447,0.9892086951031617,97134.09436604413
2022-07-28T16:15:00Z,2022-07-28T16:15:00Z,2022-07-29T14:00:00Z,long,0,23,404.010397,397.83901906752163,410.1817749324784,410.14075675498515,target,140.99827436465813,0.23,140.76827436465814,0.9917330978508468,97274.86264040878
2022-08-01T16:00:00Z,2022-08-01T16:00:00Z,2022-08-01T17:30:00Z,long,0,53,412.751271,410.01262565104264,415.4899163489573,409.97162438847755,stop,-147.32127041068844,0.53,-147.85127041068844,-1.018622806558179,97127.0113699981
2022-08-02T17:30:00Z,2022-08-02T17:30:00Z,2022-08-02T17:30:00Z,long,0,219,410.761072,410.09618270997004,411.42596129003,410.05517309169903,stop,-154.59186091791474,2.19,-156.78186091791474,-1.0767189651508828,96970.22950908019
2022-08-03T16:15:00Z,2022-08-03T16:15:00Z,2022-08-05T13:30:00Z,long,0,51,413.081304,410.25676975745336,415.9058382425466,410.21574408047763,stop,-146.14355589564008,0.51,-146.65355589564007,-1.0180651649419252,96823.57595318455
2022-08-08T15:30:00Z,2022-08-08T15:30:00Z,2022-08-08T16:30:00Z,long,0,43,415.721568,412.4006982430379,419.0424377569621,412.35945817321357,stop,-144.57072255181617,0.43,-145.00072255181618,-1.015429713772089,96678.57523063273
2022-08-08T18:15:00Z,2022-08-08T18:15:00Z,2022-08-09T13:45:00Z,short,0,87,412.898706,414.559648283352,411.23776371664803,411.2788874930197,target,140.9242101072881,0.87,140.0542101072881,0.9692200163220152,96818.62944074003
2022-08-09T14:45:00Z,2022-08-09T14:45:00Z,2022-08-10T13:30:00Z,short,0,75,411.718824,413.65111829821825,409.7865297017817,413.69248341004806,stop,-148.02445575360537,0.75,-148.77445575360537,-1.0265824475480612,96669.85498498642
2022-08-10T15:45:00Z,2022-08-10T15:45:00Z,2022-08-12T19:45:00Z,long,0,19,419.32192799999996,411.7893979013616,426.8544580986383,426.81177265282844,target,142.30704840374113,0.19,142.11704840374114,0.9930056109806464,96811.97203339016
2022-08-15T16:45:00Z,2022-08-15T16:45:00Z,2022-08-17T15:30:00Z,long,0,38,428.62285799999995,424.8771768618862,432.3685391381137,424.8346891442,stop,-143.95041652039765,0.38,-144.33041652039765,-1.014012863281955,96667.64161686976
2022-08-17T15:45:00Z,2022-08-17T15:45:00Z,2022-08-17T18:30:00Z,short,0,32,424.917504,429.3466358982874,420.4883721017126,429.38957056187724,stop,-143.10612998007127,0.32,-143.42612998007127,-1.0119514760014972,96524.21548688969
2022-08-18T15:15:00Z,2022-08-18T15:15:00Z,2022-08-18T15:15:00Z,short,0,295,426.907305,427.39709200791,426.41751799209004,427.43983171711074,stop,-157.0953815476645,2.95,-160.04538154766448,-1.1076788651985927,96364.17010534203
2022-08-22T14:30:00Z,2022-08-22T14:30:00Z,2022-08-26T19:30:00Z,short,0,16,414.85850999999997,423.56881043653163,406.1482095634683,406.18882438442466,target,138.71496984920486,0.16,138.55496984920487,0.994189084369113,96502.72507519124
2022-08-30T14:45:00Z,2022-08-30T14:45:00Z,2022-09-02T19:45:00Z,short,0,19,397.610235,405.18249145908254,390.03797854091744,392.30922699999996,weekend_close,100.71915200000046,0.19,100.52915200000047,0.6987359750149136,96603.25422719124
2022-09-06T17:45:00Z,2022-09-06T17:45:00Z,2022-09-07T15:00:00Z,short,0,39,389.841012,393.48162623399537,386.2003977660046,393.5209743966188,stop,-143.5185334681334,0.39,-143.90853346813338,-1.013554900204094,96459.34569372311
2022-09-07T16:15:00Z,2022-09-07T16:15:00Z,2022-09-07T17:45:00Z,long,0,58,393.83938,391.37453905928896,396.30422094071105,396.26459051861696,target,140.6622100797831,0.58,140.0822100797831,0.9798646552504215,96599.42790380289
2022-09-07T18:00:00Z,2022-09-07T18:00:00Z,2022-09-08T15:15:00Z,long,0,33,396.489645,392.1689299141417,400.8103600858583,400.7702790498497,target,141.2609236450404,0.33,140.9309236450404,0.9884090862245227,96740.35882744793
2022-09-08T15:45:00Z,2022-09-08T15:45:00Z,2022-09-08T16:15:00Z,long,0,33,399.659962,395.33038878301636,403.98953521698365,395.29085574413807,stop,-144.1805064434439,0.33,-144.51050644344392,-1.011440628532158,96595.84832100448
2022-09-12T14:30:00Z,2022-09-12T14:30:00Z,2022-09-13T13:30:00Z,long,0,20,411.421138,404.4860656120611,418.35621038793886,404.4456170054999,stop,-139.51041989000146,0.2,-139.71041989000145,-1.0072744167240324,96456.13790111447
2022-09-13T15:45:00Z,2022-09-13T15:45:00Z,2022-09-16T13:30:00Z,short,0,13,398.13018300000005,409.2196745693235,387.0406914306766,387.07939549981967,target,143.6602375023449,0.13,143.5302375023449,0.9956080881762147,96599.66813861682
2022-09-20T16:00:00Z,2022-09-20T16:00:00Z,2022-09-20T16:00:00Z,short,0,686,385.66143,385.87257410926054,385.45028589073945,385.9111613666715,stop,-171.3157175366374,6.86,-178.17571753663742,-1.230114198217974,96421.49242108018
2022-09-20T18:45:00Z,2022-09-20T18:45:00Z,2022-09-20T19:30:00Z,short,0,46,382.091787,385.1931374314038,378.99043656859624,385.2316567451469,stop,-144.43400827675657,0.46,-144.89400827675658,-1.0156445763922097,96276.59841280343
2022-09-21T15:15:00Z,2022-09-21T15:15:00Z,2022-09-21T18:00:00Z,long,0,60,386.08860500000003,383.7143620869868,388.46284791301326,383.6759906507781,stop,-144.7568609533164,0.6,-145.35686095331639,-1.0203734150130899,96131.24155185012
2022-09-22T14:30:00Z,2022-09-22T14:30:00Z,2022-09-23T16:15:00Z,short,0,14,375.592437,385.5603478296398,365.62452617036024,365.6610886229773,target,139.0388772783184,0.14,138.89887727831842,0.9953287651331533,96270.14042912844
2022-09-26T17:30:00Z,2022-09-26T17:30:00Z,2022-09-27T13:30:00Z,short,0,33,363.593637,367.9178708513998,359.2694031486002,367.95466263848493,stop,-143.91384607000276,0.33,-144.24384607000277,-1.0108208271553063,96125.89658305843
2022-09-27T17:45:00Z,2022-09-27T17:45:00Z,2022-09-28T14:30:00Z,short,0,27,361.38385800000003,366.68326851736475,356.0844474826353,366.7199368442165,stop,-144.074128793844,0.27,-144.34412879384402,-1.0088063241560181,95981.55245426459
2022-09-28T16:00:00Z,2022-09-28T16:00:00Z,2022-09-29T13:30:00Z,long,0,29,368.386835,363.5773971825118,373.19627281748825,363.54103944279353,stop,-140.5280711589881,0.29,-140.8180711589881,-1.009638910300428,95840.7343831056
2022-09-29T16:00:00Z,2022-09-29T16:00:00Z,2022-09-29T18:15:00Z,short,0,35,363.9636,367.9972936848551,359.9299063151449,359.96589930577636,target,139.91952429782685,0.35000000000000003,139.56952429782686,0.9885977978932388,95980.30390740343
2022-10-03T16:30:00Z,2022-10-03T16:30:00Z,2022-10-03T17:45:00Z,long,0,60,363.766373,361.40406510977647,366.1286808902235,366.09206802213447,target,139.54170132806894,0.6,138.94170132806894,0.9802680809381599,96119.2456087315
2022-10-03T18:30:00Z,2022-10-03T18:30:00Z,2022-10-04T13:30:00Z,long,0,30,367.546751,362.77827025279925,372.3152317472007,372.27800022402596,target,141.9374767207796,0.3,141.6374767207796,0.9900950584308291,96260.88308545227
2022-10-04T14:30:00Z,2022-10-04T14:30:00Z,2022-10-07T16:15:00Z,long,0,12,376.107607,364.51645570574436,387.6987582942556,364.48000406017377,stop,-139.53123527791445,0.12,-139.65123527791445,-1.0040075092103762,96121.23185017436
2022-10-10T15:45:00Z,2022-10-10T15:45:00Z,2022-10-11T19:15:00Z,short,0,31,360.36395999999996,365.00593948235604,355.7219805176439,355.7575527156956,target,142.7986258134345,0.31,142.4886258134345,0.9901825938212445,96263.7204759878
2022-10-12T14:30:00Z,2022-10-12T14:30:00Z,2022-10-13T13:30:00Z,short,0,61,358.374159,360.7311880711482,356.01712992885183,356.05273164184473,target,141.6070688474727,0.61,140.9970688474727,0.9806528847899674,96404.71754483526
2022-10-13T17:30:00Z,2022-10-13T17:30:00Z,2022-10-14T19:45:00Z,long,0,15,365.38653500000004,355.9637316983662,374.8093383016339,357.644232,weekend_close,-116.13454500000074,0.15,-116.28454500000075,-0.8227172691438709,96288.43299983526
2022-10-17T15:45:00Z,2022-10-17T15:45:00Z,2022-10-18T13:30:00Z,long,0,21,366.83668,360.1217315265423,373.5516284734577,373.51427331061035,target,140.2294595228173,0.21,140.0194595228173,0.9929477995200514,96428.45245935809
2022-10-18T14:30:00Z,2022-10-18T14:30:00Z,2022-10-20T17:45:00Z,long,0,21,372.007197,365.3899586363213,378.62443536367874,365.3534196404577,stop,-139.72932455038926,0.21,-139.93932455038927,-1.0070329937212283,96288.5131348077
2022-10-20T18:30:00Z,2022-10-20T18:30:00Z,2022-10-21T14:00:00Z,short,0,29,364.713525,369.65456237927197,359.77248762072804,369.6915278355099,stop,-144.3620822297862,0.29,-144.6520822297862,-1.0095051813278992,96143.86105257791
2022-10-24T16:45:00Z,2022-10-24T16:45:00Z,2022-10-25T15:30:00Z,long,0,26,378.11780799999997,372.5789191976285,383.6566968023714,383.6183311326912,target,143.01360144997193,0.26,142.75360144997194,0.9912679832713901,96286.61465402789
2022-10-26T16:00:00Z,2022-10-26T16:00:00Z,2022-10-26T18:30:00Z,long,0,34,386.848681,382.6247687599242,391.0725932400758,382.5865062830482,stop,-144.91394037636087,0.34,-145.25394037636087,-1.011426013168102,96141.36071365152
2022-10-27T16:30:00Z,2022-10-27T16:30:00Z,2022-10-28T14:15:00Z,short,0,42,380.13198300000005,383.55369701269353,376.71026898730656,383.5920523823948,stop,-145.32291406057948,0.42,-145.74291406057947,-1.0141319144504424,95995.61779959094
2022-11-01T16:30:00Z,2022-11-01T16:30:00Z,2022-11-02T16:30:00Z,short,0,53,384.42155399999996,387.121126654881,381.72198134511893,381.76015354325347,target,141.05422420756406,0.53,140.52422420756406,0.9821556207989315,96136.1420237985
2022-11-02T17:30:00Z,2022-11-02T17:30:00Z,2022-11-02T18:00:00Z,short,0,72,382.111785,384.0977467619998,380.1258232380002,384.136156536676,stop,-145.75475064067405,0.72,-146.47475064067405,-1.024375985279527,95989.66727315783
2022-11-03T14:45:00Z,2022-11-03T14:45:00Z,2022-11-04T19:45:00Z,short,0,12,372.19277700000004,383.6924335108383,360.69312048916174,376.37763399999994,weekend_close,-50.2182839999989,0.12,-50.3382839999989,-0.364781069421187,95939.32898915783
2022-11-07T15:45:00Z,2022-11-07T15:45:00Z,2022-11-08T14:30:00Z,long,0,34,376.927689,372.7943715588787,381.06100644112126,381.0229003404772,target,139.23718557622453,0.34,138.89718557622453,0.9883613825143235,96078.22617473405
2022-11-08T16:15:00Z,2022-11-08T16:15:00Z,2022-11-09T15:45:00Z,long,0,24,383.608357,377.61526586838016,389.60144813161986,377.5775043417933,stop,-144.74046379696074,0.24,-144.98046379696075,-1.0079694310561802,95933.24571093709
2022-11-09T17:00:00Z,2022-11-09T17:00:00Z,2022-11-09T18:30:00Z,short,0,58,379.012095,381.4669584499237,376.55723155007627,376.5948872732313,target,140.1980481525851,0.58,139.6180481525851,0.9805872203781871,96072.86375908967
2022-11-10T16:45:00Z,2022-11-10T16:45:00Z,2022-11-11T20:45:00Z,long,0,10,391.099106,377.8252090019449,404.3730029980551,398.46015,weekend_close,73.61043999999993,0.1,73.51043999999993,0.5537969746998251,96146.37419908967
2022-11-14T18:30:00Z,2022-11-14T18:30:00Z,2022-11-14T20:45:00Z,long,0,46,400.009997,396.9302845726917,403.0897094273083,396.8905915442344,stop,-143.49265096521833,0.46,-143.95265096521834,-1.0161356066938774,96002.42154812445
2022-11-15T16:45:00Z,2022-11-15T16:45:00Z,2022-11-15T18:15:00Z,long,0,53,400.94009,398.2567254834103,403.6234545165897,398.216899810862,stop,-144.32908002431373,0.53,-144.85908002431373,-1.0185683578359461,95857.56246810014
2022-11-16T16:00:00Z,2022-11-16T16:00:00Z,2022-11-17T14:30:00Z,short,0,41,395.46045,398.9275956650763,391.99330433492366,392.0325036653571,target,140.54579972035702,0.41000000000000003,140.13579972035703,0.9858098461425967,95997.6982678205
2022-11-17T15:30:00Z,2022-11-17T15:30:00Z,2022-11-18T14:30:00Z,short,0,30,391.920804,396.6777936202594,387.16381437974053,396.71746139962147,stop,-143.89972198864484,0.3,-144.19972198864485,-1.0104410106657622,95853.49854583186
2022-11-21T17:45:00Z,2022-11-21T17:45:00Z,2022-11-21T17:45:00Z,short,0,445,394.400556,394.7235144227417,394.0775975772583,394.117005337016,target,126.18004502787926,4.45,121.73004502787926,0.8470151069656077,95975.22859085974
2022-11-22T16:00:00Z,2022-11-22T16:00:00Z,2022-11-23T14:45:00Z,long,0,44,397.68976499999997,394.43674170387254,400.9427882961274,400.9026940172978,target,141.36887676110427,0.44,140.92887676110428,0.9846007008651816,96116.15746762084
2022-11-28T16:45:00Z,2022-11-28T16:45:00Z,2022-11-28T20:00:00Z,short,0,46,398.76012000000003,401.8768830148477,395.64335698515237,395.6829213208509,target,141.55113924086083,0.46,141.09113924086083,0.9840974961964064,96257.2486068617
2022-11-29T17:30:00Z,2022-11-29T17:30:00Z,2022-11-30T18:30:00Z,short,0,47,394.230573,397.256140742428,391.205005257572,397.29586635650224,stop,-144.06878775560585,0.47000000000000003,-144.53878775560585,-1.0164351349259007,96112.7098191061
2022-12-05T17:00:00Z,2022-12-05T17:00:00Z,2022-12-06T15:00:00Z,short,0,31,400.899906,405.5209254617839,396.27888653821606,396.31851442686985,target,142.02313876703414,0.31,141.71313876703414,0.9892604025877358,96254.42295787313
2022-12-06T16:00:00Z,2022-12-06T16:00:00Z,2022-12-09T20:45:00Z,short,0,24,395.400456,401.223837791145,389.57707420885504,393.309327,weekend_close,50.187096000000565,0.24,49.94709600000056,0.35737464494678717,96304.37005387314
2022-12-12T19:15:00Z,2022-12-12T19:15:00Z,2022-12-12T19:45:00Z,long,0,240,395.75957200000005,395.1592769660256,396.3598670339745,396.32023104727114,target,134.55817134506106,2.4,132.15817134506105,0.917314014119433,96436.5282252182
2022-12-14T15:45:00Z,2022-12-14T15:45:00Z,2022-12-14T19:00:00Z,long,0,47,404.260422,401.1896487289649,407.3311952710351,401.14952976409205,stop,-146.21193508767385,0.47000000000000003,-146.68193508767385,-1.016321284721871,96289.84629013052
2022-12-19T17:00:00Z,2022-12-19T17:00:00Z,2022-12-20T14:45:00Z,short,0,51,380.93190300000003,383.7352450485018,378.1285609514983,378.16637380759346,target,141.04198881273533,0.51,140.53198881273534,0.9829443374130082,96430.37827894326
2022-12-20T19:45:00Z,2022-12-20T19:45:00Z,2022-12-20T20:00:00Z,long,0,400,380.73807,380.3766870906081,381.0994529093919,380.338649421899,stop,-159.76823124040038,4.0,-163.76823124040038,-1.132927339563209,96266.61004770285
2022-12-21T16:30:00Z,2022-12-21T16:30:00Z,2022-12-22T15:00:00Z,long,0,25,386.49864599999995,380.7513224861563,392.2459695138436,380.7132473539077,stop,-144.63496615230582,0.25,-144.88496615230582,-1.0083647861709533,96121.72508155054
2022-12-22T16:45:00Z,2022-12-22T16:45:00Z,2022-12-23T20:45:00Z,short,0,21,378.532143,385.2504756074827,371.8138103925173,382.93829,weekend_close,-92.52908699999949,0.21,-92.73908699999949,-0.6573278308789584,96028.98599455055
2022-12-27T17:45:00Z,2022-12-27T17:45:00Z,2022-12-27T18:00:00Z,long,0,316,381.83818,381.38270194979276,382.2936580502073,382.25542868440226,target,131.85058427110744,3.16,128.69058427110744,0.8941126454214937,96157.67657882166
2022-12-28T17:45:00Z,2022-12-28T17:45:00Z,2022-12-29T14:45:00Z,short,0,40,378.212175,381.7675541150654,374.6567958849346,381.8057308704769,stop,-143.7422348190762,0.4,-144.1422348190762,-1.0135503848822598,96013.53434400258
2022-12-29T17:00:00Z,2022-12-29T17:00:00Z,2022-12-30T14:45:00Z,long,0,29,383.928389,379.0713002310271,388.78547776897284,379.03339310100404,stop,-141.95488107088238,0.29,-142.24488107088237,-1.0098633424880181,95871.28946293169
2023-01-03T17:45:00Z,2023-01-03T17:45:00Z,2023-01-03T20:45:00Z,short,0,60,378.80211599999996,381.18310544647096,376.42112655352895,381.2212237570156,stop,-145.14646542093828,0.6,-145.74646542093828,-1.0202093758189275,95725.54299751075
2023-01-04T16:00:00Z,2023-01-04T16:00:00Z,2023-01-05T14:30:00Z,long,0,44,383.008297,379.7518467794957,386.2647472205044,379.71387159481776,stop,-144.95471782801974,0.44,-145.39471782801974,-1.014732356225144,95580.14827968273
2023-01-05T16:00:00Z,2023-01-05T16:00:00Z,2023-01-06T14:30:00Z,short,0,36,379.36206,383.3185252451642,375.40559475483576,383.3568570976887,stop,-143.81269551679384,0.36,-144.17269551679385,-1.0122159173731065,95435.97558416594
2023-01-09T15:45:00Z,2023-01-09T15:45:00Z,2023-01-13T20:45:00Z,long,0,19,392.759272,385.3698654005206,400.1486785994794,398.430153,weekend_close,107.74673900000016,0.19,107.55673900000016,0.7660805944010213,95543.53232316594
2023-01-17T19:45:00Z,2023-01-17T19:45:00Z,2023-01-17T20:45:00Z,long,0,153,398.679864,397.7491761466245,399.6105518533755,397.70940122900987,stop,-148.48080396149123,1.53,-150.01080396149123,-1.0534818601468883,95393.52151920446
2023-01-18T18:00:00Z,2023-01-18T18:00:00Z,2023-01-19T15:30:00Z,short,0,28,393.330663,398.37698103396053,388.2843449660395,388.3231734005361,target,140.20970878498906,0.28,139.92970878498906,0.990323948239485,95533.45122798944
2023-01-24T18:00:00Z,2023-01-24T18:00:00Z,2023-01-24T18:30:00Z,long,0,187,400.08000400000003,399.31549339052935,400.8445146094707,400.8044301580098,target,135.467691547823,1.87,133.597691547823,0.9344882192078348,95667.04891953726
2023-01-24T19:30:00Z,2023-01-24T19:30:00Z,2023-01-24T20:30:00Z,long,0,171,400.450041,399.6144361049883,401.2856458950117,399.5744746613778,stop,-149.72184390439736,1.71,-151.43184390439737,-1.0597907502801054,95515.61707563286
2023-01-25T16:30:00Z,2023-01-25T16:30:00Z,2023-01-25T20:00:00Z,short,0,34,396.07038900000003,400.27075300680406,391.870024993196,400.3107800821047,stop,-144.1732967915591,0.34,-144.5132967915591,-1.0119101761703557,95371.10377884131
2023-01-26T18:15:00Z,2023-01-26T18:15:00Z,2023-01-26T20:45:00Z,long,0,61,402.220218,399.9077892180247,404.5326467819753,404.4921935172971,target,138.59050655512357,0.61,137.98050655512355,0.9781817000932206,95509.08428539643
2023-01-30T16:45:00Z,2023-01-30T16:45:00Z,2023-01-31T20:45:00Z,short,0,45,402.749721,405.8911260659614,399.60831593403867,405.93171517856797,stop,-143.18973803555764,0.45,-143.63973803555763,-1.0161039762604174,95365.44454736086
2023-02-06T15:30:00Z,2023-02-06T15:30:00Z,2023-02-07T17:45:00Z,short,0,26,408.69912600000004,414.112224240825,403.28602775917506,414.1536354632491,stop,-141.81724604447538,0.26,-142.07724604447537,-1.0094975594635132,95223.3673013164
2023-02-07T19:15:00Z,2023-02-07T19:15:00Z,2023-02-07T20:00:00Z,long,0,70,411.77117300000003,409.7346691465376,413.80767685346245,413.7662960857771,target,139.65861600439666,0.7000000000000001,138.95861600439667,0.9747701102563746,95362.32591732079
2023-02-08T18:30:00Z,2023-02-08T18:30:00Z,2023-02-08T19:30:00Z,short,0,181,411.608835,412.39657784789773,410.82109215210227,410.8621742613175,target,135.14559370153643,1.81,133.33559370153642,0.9351538267195513,95495.66151102232
2023-02-09T16:45:00Z,2023-02-09T16:45:00Z,2023-02-09T16:45:00Z,long,0,476,411.73116899999997,411.43061226675843,412.0317257332415,411.3894692055318,stop,-162.64910216685553,4.76,-167.40910216685552,-1.1701610896387693,95328.25240885546
2023-02-09T18:45:00Z,2023-02-09T18:45:00Z,2023-02-09T20:30:00Z,short,0,51,409.329063,412.10001900178355,406.5581069982165,406.5987628089163,target,139.24530974526868,0.51,138.7353097452687,0.9817190129806367,95466.98771860074
2023-02-13T16:15:00Z,2023-02-13T16:15:00Z,2023-02-17T14:30:00Z,long,0,30,411.901186,407.17649922639254,416.62587277360745,407.1357815764699,stop,-142.96213270590215,0.3,-143.26213270590216,-1.010734605774488,95323.72558589483
2023-02-21T16:45:00Z,2023-02-21T16:45:00Z,2023-02-24T14:30:00Z,short,0,25,400.80991500000005,406.4529795375534,395.1668504624467,395.2063671474929,target,140.088696312678,0.25,139.838696312678,0.9912252137616512,95463.56428220752
2023-02-27T16:00:00Z,2023-02-27T16:00:00Z,2023-03-01T14:30:00Z,long,0,44,399.259922,396.0071630724003,402.5126809275997,395.9675623560931,stop,-144.8638243319051,0.44,-145.3038243319051,-1.015248814133249,95318.26045787561
2023-03-01T15:45:00Z,2023-03-01T15:45:00Z,2023-03-01T16:15:00Z,short,0,58,395.850411,398.27414024574324,393.4266817542568,393.4660244224322,target,138.29442149893214,0.58,137.71442149893213,0.979641839837475,95455.97487937455
2023-03-01T19:30:00Z,2023-03-01T19:30:00Z,2023-03-02T19:00:00Z,short,0,60,394.030593,396.3935145964869,391.6676714035131,396.43315394794655,stop,-144.1536568767924,0.6,-144.7536568767924,-1.0210076168136273,95311.22122249776
2023-03-06T15:45:00Z,2023-03-06T15:45:00Z,2023-03-07T15:00:00Z,long,0,24,407.330729,401.448054371389,413.21340362861105,401.40790956595185,stop,-142.14766641715596,0.24,-142.38766641715597,-1.008524150765241,95168.8335560806
2023-03-07T15:30:00Z,2023-03-07T15:30:00Z,2023-03-07T19:30:00Z,short,0,40,401.649831,405.1827032588274,398.1169587411726,398.1567704370467,target,139.72242251813213,0.4,139.32242251813213,0.9859005103426411,95308.15597859873
2023-03-08T18:45:00Z,2023-03-08T18:45:00Z,2023-03-09T14:30:00Z,short,0,54,396.75032100000004,399.36004044931974,394.14060155068034,399.3999764533647,stop,-143.08139448169004,0.54,-143.62139448169003,-1.0191346253935263,95164.53458411705
2023-03-09T16:45:00Z,2023-03-09T16:45:00Z,2023-03-09T17:00:00Z,long,0,117,399.379934,398.1678242229794,400.5920437770206,398.1280074405571,stop,-146.47540745481848,1.17,-147.64540745481847,-1.0410992332268314,95016.88917666223
2023-03-09T19:30:00Z,2023-03-09T19:30:00Z,2023-03-10T14:30:00Z,short,0,31,394.69052700000003,399.16121069917364,390.2198433008264,390.2588652851565,target,137.38151316014938,0.31,137.07151316014938,0.9890347902851775,95153.96068982237
2023-03-13T14:30:00Z,2023-03-13T14:30:00Z,2023-03-13T15:15:00Z,short,0,25,383.93160300000005,389.4615998458711,378.401606154129,389.50054600585565,stop,-139.22357514639003,0.25,-139.47357514639003,-1.0088510285536794,95014.48711467598
2023-03-14T15:00:00Z,2023-03-14T15:00:00Z,2023-03-14T19:00:00Z,long,0,31,392.0392,387.45365863134697,396.624741368653,387.41491326548385,stop,-143.35288877000056,0.31,-143.66288877000056,-1.0106302314043762,94870.82422590598
2023-03-15T14:30:00Z,2023-03-15T14:30:00Z,2023-03-16T14:45:00Z,short,0,30,385.621434,390.24071055391653,381.0021574460835,390.2797346249719,stop,-139.74901874915702,0.3,-140.04901874915703,-1.0106129326709892,94730.77520715682
2023-03-16T15:45:00Z,2023-03-16T15:45:00Z,2023-03-17T19:45:00Z,long,0,21,393.569353,387.07985163702375,400.0588543629762,390.070989,weekend_close,-73.4656439999996,0.21,-73.6756439999996,-0.5406215059936389,94657.09956315682
2023-03-20T16:00:00Z,2023-03-20T16:00:00Z,2023-03-21T13:30:00Z,long,0,74,392.489245,390.58560637911376,394.3928836208862,394.35344433252413,target,137.9507506067872,0.74,137.2107506067872,0.9740290579211619,94794.3103137636
2023-03-22T15:30:00Z,2023-03-22T15:30:00Z,2023-03-22T18:00:00Z,long,0,61,398.93989,396.63834874147483,401.24143125852515,401.2013071153993,target,137.94644403935712,0.61,137.3364440393571,0.9782214883438651,94931.64675780297
2023-03-23T18:45:00Z,2023-03-23T18:45:00Z,2023-03-24T19:45:00Z,short,0,20,391.090887,397.8888460485979,384.29292795140213,395.75957200000005,weekend_close,-93.37370000000078,0.2,-93.57370000000078,-0.6882484826037677,94838.07305780298
2023-03-27T18:30:00Z,2023-03-27T18:30:00Z,2023-03-28T13:30:00Z,long,0,75,397.43974,395.55986419422476,399.3196158057752,395.52030820780533,stop,-143.95738441459827,0.75,-144.70738441459827,-1.026361308692408,94693.36567338838
2023-03-28T15:45:00Z,2023-03-28T15:45:00Z,2023-03-28T17:00:00Z,short,0,169,395.820414,396.6583104011131,394.98251759888694,395.0220158506468,target,134.9292872406915,1.69,133.2392872406915,0.9409255706384159,94826.60496062908
2023-03-28T17:45:00Z,2023-03-28T17:45:00Z,2023-03-29T13:30:00Z,short,0,74,394.25057100000004,396.15962651357825,392.3415154864218,396.1992424762296,stop,-144.20168924098664,0.74,-144.94168924098665,-1.025989795633728,94681.66327138808
2023-03-29T15:45:00Z,2023-03-29T15:45:00Z,2023-03-30T13:30:00Z,long,0,34,399.509947,395.42911024338133,403.5907837566187,403.550424678243,target,137.37624106026226,0.34,137.03624106026226,0.987659619490048,94818.69951244835
2023-04-04T17:15:00Z,2023-04-04T17:15:00Z,2023-04-05T14:30:00Z,short,0,92,408.479148,410.0224444984582,406.93585150154183,406.976545086692,target,138.23946802433693,0.92,137.31946802433694,0.9671524005913246,94956.01898047268
2023-04-05T15:30:00Z,2023-04-05T15:30:00Z,2023-04-06T16:30:00Z,short,0,64,406.529343,408.7232032157243,404.33548278427565,408.7640755360459,stop,-143.0228823069374,0.64,-143.66288230693738,-1.0231884966767457,94812.35609816575
2023-04-06T17:45:00Z,2023-04-06T17:45:00Z,2023-04-10T13:30:00Z,long,0,69,409.00089599999995,406.9642453198699,411.03754668013,406.92354889533794,stop,-143.3369502216787,0.6900000000000001,-144.0269502216787,-1.024892056859125,94668.32914794407
2023-04-10T15:45:00Z,2023-04-10T15:45:00Z,2023-04-10T15:45:00Z,short,0,214,407.679228,408.34041467788796,407.0180413221121,407.0587431262443,target,132.78376298372893,2.14,130.64376298372895,0.9233169605077999,94798.9729109278
2023-04-11T17:00:00Z,2023-04-11T17:00:00Z,2023-04-12T13:30:00Z,long,0,84,410.461042,408.7718700760031,412.15021392399694,412.1089989026045,target,138.42837981877847,0.84,137.58837981877846,0.9696803974392182,94936.56129074657
2023-04-13T16:30:00Z,2023-04-13T16:30:00Z,2023-04-13T18:15:00Z,long,0,76,411.451141,409.5954154739773,413.3068665260227,413.2655358393701,target,137.89400779212724,0.76,137.13400779212725,0.9723392894408178,95073.6952985387
2023-04-17T14:45:00Z,2023-04-17T14:45:00Z,2023-04-17T15:30:00Z,long,0,216,412.18121399999995,411.5221720679567,412.8402559320432,411.48101985074993,stop,-151.2419362380051,2.16,-153.4019362380051,-1.077616028236926,94920.2933623007
2023-04-17T18:00:00Z,2023-04-17T18:00:00Z,2023-04-17T18:30:00Z,short,0,177,411.278868,412.0788447524043,410.4788912475957,412.1200526368795,stop,-148.88968072767472,1.77,-150.65968072767473,-1.0640117157421445,94769.63368157302
2023-04-18T14:30:00Z,2023-04-18T14:30:00Z,2023-04-20T13:30:00Z,long,0,81,413.551351,411.8082034113412,415.2944985886588,411.76702259100006,stop,-144.5306011289963,0.81,-145.3406011289963,-1.0293611514447372,94624.29308044403
2023-04-20T15:45:00Z,2023-04-20T15:45:00Z,2023-04-20T19:00:00Z,short,0,90,412.35875999999996,413.9195781780265,410.79794182197344,410.8390216161556,target,136.776454545992,0.9,135.876454545992,0.9672737062514536,94760.16953499001
2023-04-24T17:15:00Z,2023-04-24T17:15:00Z,2023-04-24T17:45:00Z,short,0,322,411.63883200000004,412.08020817887603,411.19745582112404,412.1214161996939,stop,-155.39211230142314,3.22,-158.61211230142314,-1.1160189952893873,94601.5574226886
2023-04-25T15:45:00Z,2023-04-25T15:45:00Z,2023-04-25T19:00:00Z,short,0,52,409.219074,411.9257054354533,406.51244256454663,406.55309380880306,target,138.63096994223997,0.52,138.11096994223996,0.9812862425253183,94739.66839263083
2023-04-26T15:30:00Z,2023-04-26T15:30:00Z,2023-04-26T17:45:00Z,short,0,118,407.109285,408.3047983457923,405.9137716542077,405.95436303137313,target,136.28079229797015,1.18,135.10079229797014,0.9576822982834329,94874.76918492881
2023-04-26T18:15:00Z,2023-04-26T18:15:00Z,2023-04-27T13:30:00Z,short,0,58,405.019494,407.4484619213118,402.59052607868824,407.4892067675039,stop,-143.24334051522578,0.58,-143.8233405152258,-1.0208915258809683,94730.94584441358
2023-04-27T16:00:00Z,2023-04-27T16:00:00Z,2023-04-27T18:45:00Z,long,0,43,409.210917,405.9331231823842,412.4887108176158,412.4474619465341,target,139.1714327009655,0.43,138.7414327009655,0.9843648277062736,94869.68727711454
2023-05-01T14:30:00Z,2023-05-01T14:30:00Z,2023-05-02T13:45:00Z,long,0,61,416.0416,413.7421865259586,418.34101347404146,413.70081230730597,stop,-142.78804925433707,0.61,-143.39804925433708,-1.0223423143478025,94726.28922786021
2023-05-02T15:00:00Z,2023-05-02T15:00:00Z,2023-05-05T19:45:00Z,short,0,19,409.029093,416.21831352923607,401.8398724707639,412.65126100000003,weekend_close,-68.82119200000085,0.19,-69.01119200000085,-0.505224173501045,94657.2780358602
2023-05-08T18:45:00Z,2023-05-08T18:45:00Z,2023-05-09T13:30:00Z,long,0,125,413.011297,411.8842149860154,414.1383790139846,411.84302656451683,stop,-146.03380443539749,1.25,-147.28380443539749,-1.0454167672480388,94509.9942314248
2023-05-09T15:45:00Z,2023-05-09T15:45:00Z,2023-05-10T13:30:00Z,short,0,126,411.25887,412.3759960237356,410.1417439762644,412.41723362333795,stop,-145.95381654058144,1.26,-147.21381654058143,-1.0458655500934746,94362.78041488423
2023-05-10T17:45:00Z,2023-05-10T17:45:00Z,2023-05-10T18:30:00Z,short,0,53,409.179078,411.8282431700148,406.5299128299852,411.8694259943318,stop,-142.588443699584,0.53,-143.118443699584,-1.019320359823659,94219.66197118464
2023-05-11T17:45:00Z,2023-05-11T17:45:00Z,2023-05-11T17:45:00Z,long,0,1249,411.351131,411.238055992908,411.464206007092,411.19693218730873,stop,-192.59431705140497,12.49,-205.08431705140498,-1.4521229484221196,94014.57765413325
2023-05-15T15:30:00Z,2023-05-15T15:30:00Z,2023-05-16T19:45:00Z,long,0,90,412.01119700000004,410.45544409252983,413.56694990747025,410.4143985481206,stop,-143.71186066915186,0.9,-144.61186066915187,-1.032810830154425,93869.9657934641
2023-05-17T17:00:00Z,2023-05-17T17:00:00Z,2023-05-18T14:30:00Z,long,0,47,414.471443,411.51719597096354,417.4256900290365,417.3839474600336,target,136.88770962157798,0.47000000000000003,136.41770962157798,0.9824853614155001,94006.38350308567
2023-05-18T15:15:00Z,2023-05-18T15:15:00Z,2023-05-19T19:45:00Z,long,0,38,417.44174,413.7921998368671,421.09128016313286,418.56813900000003,weekend_close,42.80316200000186,0.38,42.42316200000186,0.3059012779959917,94048.80666508568
2023-05-22T15:00:00Z,2023-05-22T15:00:00Z,2023-05-22T15:30:00Z,long,0,221,418.861882,418.2247565257149,419.49900747428507,419.45705757353767,target,131.533801751829,2.21,129.323801751829,0.918462056778235,94178.13046683751
2023-05-22T16:30:00Z,2023-05-22T16:30:00Z,2023-05-22T17:00:00Z,long,0,286,418.94189,418.44923211425646,419.43454788574354,418.407387191045,stop,-152.86780336112508,2.86,-155.7278033611251,-1.1052351433149112,94022.40266347639
2023-05-23T15:30:00Z,2023-05-23T15:30:00Z,2023-05-23T16:30:00Z,short,0,109,417.848211,419.13779630791277,416.5586256920872,416.6002815546564,target,136.02430954244943,1.09,134.93430954244943,0.9599438189530812,94157.33697301884
2023-05-23T17:30:00Z,2023-05-23T17:30:00Z,2023-05-24T13:30:00Z,short,0,52,415.748421,418.43496352870017,413.06187847129985,413.10318465914696,target,137.5522897243584,0.52,137.03228972435838,0.980902521624351,94294.3692627432
2023-05-24T14:30:00Z,2023-05-24T14:30:00Z,2023-05-26T13:30:00Z,short,0,22,410.618934,416.77865217585025,404.4592158241498,416.82033004106785,stop,-136.43071290349212,0.22,-136.65071290349212,-1.0083896476660574,94157.71854983972
2023-05-30T14:30:00Z,2023-05-30T14:30:00Z,2023-05-31T13:30:00Z,long,0,60,420.73206899999997,418.4055486084488,423.05858939155115,418.36370805358797,stop,-142.1016567847198,0.6,-142.7016567847198,-1.022282441645073,94015.016893055
2023-05-31T15:45:00Z,2023-05-31T15:45:00Z,2023-06-01T15:15:00Z,short,0,42,416.628333,419.97022516550584,413.28644083449416,420.0122221880224,stop,-142.12334589694115,0.42,-142.54334589694113,-1.0155591562927337,93872.47354715806
2023-06-01T16:45:00Z,2023-06-01T16:45:00Z,2023-06-02T13:30:00Z,long,0,38,421.552151,417.93827127066675,425.1660307293332,425.12351412626026,target,135.71179879789065,0.38,135.33179879789066,0.9854680822256795,94007.80534595596
2023-06-05T16:45:00Z,2023-06-05T16:45:00Z,2023-06-05T18:30:00Z,long,0,69,429.34293,427.31965365889096,431.3662063411091,427.2769216935251,stop,-142.55457314677096,0.6900000000000001,-143.24457314677096,-1.0260626609892394,93864.56077280919
2023-06-07T14:45:00Z,2023-06-07T14:45:00Z,2023-06-07T14:45:00Z,long,0,1378,427.502746,427.4006258340954,427.6048661659046,427.35788577151203,stop,-199.6173948564243,13.780000000000001,-213.3973948564243,-1.5164510076557343,93651.16337795276
2023-06-07T17:15:00Z,2023-06-07T17:15:00Z,2023-06-08T14:45:00Z,short,0,101,426.577338,427.9617584815237,425.1929175184763,428.00455465737184,stop,-144.1488823945562,1.01,-145.1588823945562,-1.0381359395882606,93506.00449555821
2023-06-08T16:45:00Z,2023-06-08T16:45:00Z,2023-06-09T13:30:00Z,long,0,76,428.762872,426.9384561565132,430.5872878434868,430.5442291147025,target,135.38314071738796,0.76,134.62314071738797,0.9709174150324602,93640.6276362756
2023-06-12T15:00:00Z,2023-06-12T15:00:00Z,2023-06-12T16:15:00Z,long,0,201,430.553051,429.85694168886073,431.24916031113924,431.20603539510813,target,131.24986341673792,2.0100000000000002,129.23986341673793,0.9236830837039663,93769.86749969234
2023-06-12T16:45:00Z,2023-06-12T16:45:00Z,2023-06-12T19:00:00Z,long,0,103,431.473143,430.1083453338766,432.83794066612336,432.79465687205675,target,136.11592882184578,1.03,135.08592882184578,0.9609584663066136,93904.95342851419
2023-06-14T14:30:00Z,2023-06-14T14:30:00Z,2023-06-14T18:00:00Z,long,0,61,437.763772,435.4805982701225,440.0469457298775,435.4370502102955,stop,-141.93002917197407,0.61,-142.54002917197408,-1.0234533444066374,93762.41339934221
2023-06-15T16:00:00Z,2023-06-15T16:00:00Z,2023-06-16T19:45:00Z,long,0,35,440.764072,436.7703334541796,444.7578105458204,439.386057,weekend_close,-48.23052500000017,0.35000000000000003,-48.58052500000017,-0.34754778863844593,93713.83287434222
2023-06-21T14:30:00Z,2023-06-21T14:30:00Z,2023-06-23T19:00:00Z,short,0,53,435.306465,437.9271298849511,432.6858001150489,432.7290686950604,target,136.6020041617994,0.53,136.0720041617994,0.9796736391908066,93849.90487850402
2023-06-26T16:00:00Z,2023-06-26T16:00:00Z,2023-06-26T16:00:00Z,short,0,146,433.10668499999997,434.0666256557326,432.14674434426735,432.18995901870176,target,133.84199326953922,1.46,132.3819932695392,0.9445646206183482,93982.28687177355
2023-06-26T16:45:00Z,2023-06-26T16:45:00Z,2023-06-27T15:30:00Z,short,0,63,431.816814,434.02830666717745,429.6053213328226,434.07170949784415,stop,-142.0584163641803,0.63,-142.68841636418028,-1.0241478669404165,93839.59845540937
2023-06-27T16:45:00Z,2023-06-27T16:45:00Z,2023-06-29T15:30:00Z,long,0,54,435.193515,432.6235521321762,437.7634778678238,437.719701520037,target,136.41407208199882,0.54,135.87407208199883,0.9790750487253881,93975.47252749138
2023-07-05T16:30:00Z,2023-07-05T16:30:00Z,2023-07-05T16:30:00Z,long,0,1202,443.294325,443.17706673906554,443.4115832609345,443.13274903239164,stop,-194.21431306526222,12.02,-206.23431306526223,-1.4632313854991097,93769.23821442612
2023-07-05T18:30:00Z,2023-07-05T18:30:00Z,2023-07-05T18:45:00Z,short,0,197,442.67572800000005,443.38808754796577,441.96336845203433,443.43242635672055,stop,-149.06957627393962,1.97,-151.03957627393962,-1.0762800314952785,93618.19863815219
2023-07-06T15:45:00Z,2023-07-06T15:45:00Z,2023-07-07T19:45:00Z,short,0,26,437.78621699999997,443.05674361615456,432.51569038384537,438.563852,weekend_close,-20.218510000000833,0.26,-20.478510000000835,-0.14944142347860762,93597.72012815218
2023-07-10T15:15:00Z,2023-07-10T15:15:00Z,2023-07-11T13:30:00Z,short,0,55,438.42615300000006,440.95397860004897,435.89832739995114,440.998073997909,stop,-141.4556548849913,0.55,-142.00565488499132,-1.0213999723157217,93455.71447326719
2023-07-11T15:45:00Z,2023-07-11T15:45:00Z,2023-07-11T19:45:00Z,long,0,93,440.674063,439.167202282308,442.180923717692,442.13670562532025,target,136.02576415478387,0.93,135.09576415478386,0.964019174609055,93590.81023742197
2023-07-13T15:00:00Z,2023-07-13T15:00:00Z,2023-07-14T19:45:00Z,long,0,45,448.42483799999997,445.34511001562703,451.5045659843729,449.235072,weekend_close,36.460530000001654,0.45,36.01053000000165,0.2598391819214424,93626.82076742197
2023-07-17T16:15:00Z,2023-07-17T16:15:00Z,2023-07-17T19:15:00Z,long,0,124,450.615057,449.48561888110135,451.7444951188986,451.69932066938674,target,134.44869500395794,1.24,133.20869500395793,0.9511487627443642,93760.02946242593
2023-07-18T15:15:00Z,2023-07-18T15:15:00Z,2023-07-18T19:00:00Z,long,0,69,452.51524700000004,450.49686100867086,454.5336329913292,454.4881796280301,target,136.13235133407255,0.6900000000000001,135.44235133407255,0.9725258877452734,93895.47181376
2023-07-19T14:30:00Z,2023-07-19T14:30:00Z,2023-07-20T18:15:00Z,long,0,43,455.84558,452.64223807396786,459.0489219260321,452.59697385016045,stop,-139.69006444309986,0.43,-140.12006444309986,-1.0172520527260298,93755.3517493169
2023-07-24T16:00:00Z,2023-07-24T16:00:00Z,2023-07-25T16:45:00Z,long,0,104,454.52544800000004,453.183909715615,455.86698628438506,455.82139958575664,target,134.77896491868614,1.04,133.73896491868615,0.9585649554131749,93889.09071423559
2023-07-26T15:45:00Z,2023-07-26T15:45:00Z,2023-07-26T18:30:00Z,short,0,157,454.63453200000004,455.53025294081357,453.7388110591865,455.5758059661076,stop,-147.78001267889124,1.57,-149.35001267889123,-1.062020460572909,93739.7407015567
2023-07-27T15:00:00Z,2023-07-27T15:00:00Z,2023-07-27T18:00:00Z,long,0,49,457.525748,454.699354384753,460.35214161524704,454.65388444931455,stop,-140.7213139835883,0.49,-141.2113139835883,-1.0196256937247623,93598.52938757311
2023-08-01T17:15:00Z,2023-08-01T17:15:00Z,2023-08-01T18:00:00Z,short,0,337,456.25437,456.670485749294,455.838254250706,456.7161527978689,stop,-155.62080288182625,3.37,-158.99080288182626,-1.1337777978106882,93439.53858469128
2023-08-02T15:45:00Z,2023-08-02T15:45:00Z,2023-08-04T19:45:00Z,short,0,26,451.05489,456.29116722983474,445.81861277016526,446.84468,weekend_close,109.46546000000046,0.26,109.20546000000046,0.8021366737552545,93548.74404469128
2023-08-07T18:45:00Z,2023-08-07T18:45:00Z,2023-08-08T13:30:00Z,long,0,164,450.02499800000004,449.17200403437033,450.87799196562975,449.1270868339669,stop,-147.25743122943027,1.6400000000000001,-148.89743122943025,-1.064381698600719,93399.84661346185
2023-08-08T15:45:00Z,2023-08-08T15:45:00Z,2023-08-10T13:30:00Z,short,0,36,445.795416,449.61832679907866,441.9725052009213,449.6632886317586,stop,-139.24341474330913,0.36,-139.60341474330914,-1.0143769592251966,93260.24319871854
2023-08-10T15:15:00Z,2023-08-10T15:15:00Z,2023-08-10T15:45:00Z,long,0,97,448.854881,447.4243339196,450.2854280804,447.379591486208,stop,-143.1030828378191,0.97,-144.0730828378191,-1.0382667820877582,93116.17011588073
2023-08-10T18:00:00Z,2023-08-10T18:00:00Z,2023-08-11T19:45:00Z,short,0,37,444.835512,448.60502383010936,441.06600016989063,445.624558,weekend_close,-29.194701999999438,0.37,-29.56470199999944,-0.2119759894683238,93086.60541388072
2023-08-14T16:30:00Z,2023-08-14T16:30:00Z,2023-08-14T19:45:00Z,long,0,105,446.734669,445.41253051106105,448.05680748893894,448.01200180819006,target,134.11994485995706,1.05,133.06994485995705,0.958547700405528,93219.67535874069
2023-08-15T16:00:00Z,2023-08-15T16:00:00Z,2023-08-15T19:15:00Z,short,0,87,445.075488,446.6722488506814,443.4787271493186,443.52307502203354,target,135.0599290830828,0.87,134.1899290830828,0.9659636740894977,93353.86528782376
2023-08-16T16:45:00Z,2023-08-16T16:45:00Z,2023-08-16T19:00:00Z,short,0,73,442.225773,444.14219294908764,440.30935305091236,440.35338398621747,target,136.68439800612526,0.73,135.95439800612527,0.9718063176440922,93489.81968582989
2023-08-17T16:15:00Z,2023-08-17T16:15:00Z,2023-08-17T18:45:00Z,short,0,61,439.486047,441.78461946907254,437.18747453092743,437.23119327838054,target,137.54607701878587,0.61,136.93607701878585,0.9766295175915041,93626.75576284868
2023-08-23T15:15:00Z,2023-08-23T15:15:00Z,2023-08-24T19:30:00Z,long,0,39,442.024198,438.4246545311344,445.6237414688656,438.3808120656813,stop,-142.09205143842934,0.39,-142.48205143842932,-1.0149581373079177,93484.27371141025
2023-08-28T18:00:00Z,2023-08-28T18:00:00Z,2023-08-28T18:30:00Z,long,0,274,441.174113,440.6635645916481,441.6846614083519,441.64049294221104,target,127.78810416583121,2.74,125.04810416583122,0.893901410219467,93609.32181557608
2023-08-29T14:30:00Z,2023-08-29T14:30:00Z,2023-08-30T13:45:00Z,long,0,29,446.024598,441.28860323902774,450.7605927609723,450.71551670169623,target,136.03664234918995,0.29,135.74664234918995,0.988370751646529,93745.06845792527
2023-08-30T14:30:00Z,2023-08-30T14:30:00Z,2023-08-31T13:30:00Z,long,0,50,449.334929,446.5414280046444,452.1284299953556,452.08321715235604,target,137.41440761780268,0.5,136.91440761780268,0.9802352520756777,93881.98286554308
2023-08-31T14:30:00Z,2023-08-31T14:30:00Z,2023-09-01T15:45:00Z,long,0,54,452.715267,450.1116758097067,455.31885819029327,450.0666646421257,stop,-143.02452732521044,0.54,-143.56452732521043,-1.0211289574899751,93738.41833821786
2023-09-05T15:45:00Z,2023-09-05T15:45:00Z,2023-09-06T13:30:00Z,short,0,165,449.98499699999996,450.8328231275053,449.1371708724946,449.18208458958185,target,132.48054771898921,1.6500000000000001,130.8305477189892,0.9352299778153587,93869.24888593685
2023-09-06T15:00:00Z,2023-09-06T15:00:00Z,2023-09-08T19:45:00Z,short,0,30,445.64543100000003,450.28797794240535,441.0028840575947,445.554551,weekend_close,2.726400000000808,0.3,2.4264000000008084,0.01742147166273407,93871.67528593684
2023-09-11T15:45:00Z,2023-09-11T15:45:00Z,2023-09-11T17:15:00Z,long,0,110,446.864682,445.59083120612144,448.1385327938786,448.0937189405992,target,135.1940634659121,1.1,134.09406346591211,0.9569699579081129,94005.76934940275
2023-09-11T17:30:00Z,2023-09-11T17:30:00Z,2023-09-12T14:45:00Z,long,0,71,448.21481700000004,446.231120501731,450.19851349826905,446.1864973896809,stop,-144.01069233266026,0.71,-144.72069233266026,-1.0275360228229526,93861.04865707009
2023-09-12T16:15:00Z,2023-09-12T16:15:00Z,2023-09-12T17:15:00Z,short,0,386,447.315264,447.6794248920306,446.9511031079694,447.72419283451984,stop,-157.8465301246532,3.86,-161.70653012465323,-1.1503949042518604,93699.34212694544
2023-09-13T17:15:00Z,2023-09-13T17:15:00Z,2023-09-13T18:45:00Z,long,0,203,447.324728,446.63364577741595,448.01581022258404,446.5889824128382,stop,-149.35635419383993,2.0300000000000002,-151.38635419383994,-1.0790982068289017,93547.95577275161
2023-09-14T15:45:00Z,2023-09-14T15:45:00Z,2023-09-15T13:30:00Z,long,0,54,449.384934,446.8102316794212,451.9596363205788,446.76555065625325,stop,-141.4467005623236,0.54,-141.9867005623236,-1.0212378039709198,93405.96907218928
2023-09-20T14:30:00Z,2023-09-20T14:30:00Z,2023-09-20T18:00:00Z,long,0,71,443.84438,441.877209450919,445.811550549081,441.8330217299739,stop,-142.80643717185364,0.71,-143.51643717185365,-1.0275460208421778,93262.45263501743
2023-09-25T14:45:00Z,2023-09-25T14:45:00Z,2023-09-26T15:15:00Z,short,0,48,429.797016,432.680446479097,426.913585520903,426.95627687945506,target,136.35547778615637,0.48,135.87547778615638,0.9817261560720626,93398.32811280359
2023-09-26T15:45:00Z,2023-09-26T15:45:00Z,2023-09-27T17:15:00Z,short,0,34,427.097286,431.17940105372924,423.01517094627076,423.0574724633654,target,137.3536602455763,0.34,137.0136602455763,0.987187642580808,93535.34177304916
2023-09-28T14:30:00Z,2023-09-28T14:30:00Z,2023-09-28T15:15:00Z,long,0,92,426.422638,424.8991480821589,427.9461279178411,427.90333330504933,target,136.22396806453776,0.92,135.30396806453777,0.9653462670323358,93670.6457411137
2023-10-02T15:00:00Z,2023-10-02T15:00:00Z,2023-10-02T15:15:00Z,short,0,74,426.347361,428.23706344625003,424.4576585537499,428.27988715259465,stop,-143.006935292006,0.74,-143.74693529200601,-1.0279534518513453,93526.8988058217
2023-10-02T17:15:00Z,2023-10-02T17:15:00Z,2023-10-03T14:45:00Z,short,0,45,424.597536,427.6528082886405,421.5422637113595,421.5844179377306,target,135.59031280212167,0.45,135.14031280212168,0.982929761591129,93662.03911862381
2023-10-03T15:45:00Z,2023-10-03T15:45:00Z,2023-10-06T15:15:00Z,short,0,27,421.147881,426.1706136014739,416.12514839852605,426.21323066283406,stop,-136.76444089652017,0.27,-137.03444089652018,-1.0104757839078884,93525.0046777273
2023-10-09T18:00:00Z,2023-10-09T18:00:00Z,2023-10-10T15:00:00Z,long,0,35,432.163212,428.16272394805,436.16370005195,436.12008368194483,target,138.49050886806964,0.35000000000000003,138.14050886806965,0.9865975427725543,93663.14518659537
2023-10-11T15:00:00Z,2023-10-11T15:00:00Z,2023-10-11T15:15:00Z,long,0,147,435.55355099999997,434.6023512003233,436.50475079967663,434.55889096520326,stop,-146.21502511511625,1.47,-147.68502511511625,-1.0562029503561963,93515.46016148025
2023-10-11T17:45:00Z,2023-10-11T17:45:00Z,2023-10-11T18:15:00Z,short,0,84,433.336662,434.989854975363,431.68346902463696,435.03335396086055,stop,-142.52212471228722,0.84,-143.36212471228723,-1.0323610046103588,93372.09803676796
2023-10-12T16:15:00Z,2023-10-12T16:15:00Z,2023-10-12T17:00:00Z,long,0,86,436.573653,434.9543679969252,438.19293800307474,434.91087256012554,stop,-142.99911782920174,0.86,-143.85911782920175,-1.0330364554096991,93228.23891893876
2023-10-16T16:00:00Z,2023-10-16T16:00:00Z,2023-10-18T14:45:00Z,long,0,37,436.00359599999996,432.3163531838333,439.6908388161666,432.27312154851495,stop,-138.02755470494532,0.37,-138.39755470494532,-1.014436704598073,93089.84136423381
2023-10-18T17:30:00Z,2023-10-18T17:30:00Z,2023-10-18T18:45:00Z,short,0,80,432.9567,434.69129071831696,431.22210928168306,431.26523149261124,target,135.31748059110214,0.8,134.51748059110213,0.9693747865895889,93224.35884482492
2023-10-19T15:45:00Z,2023-10-19T15:45:00Z,2023-10-19T16:00:00Z,short,0,71,430.31696400000004,432.27147110973937,428.3624568902607,432.31469825685036,stop,-141.83913223637285,0.71,-142.54913223637286,-1.0272330281357207,93081.80971258855
2023-10-23T18:30:00Z,2023-10-23T18:30:00Z,2023-10-23T18:30:00Z,long,0,1142,422.462242,422.33998822124784,422.58449577875217,422.29775422242574,stop,-187.84504198981142,11.42,-199.2650419898114,-1.427258767420081,92882.54467059874
2023-10-24T16:15:00Z,2023-10-24T16:15:00Z,2023-10-24T16:15:00Z,long,0,292,422.912287,422.436380158922,423.38819384107796,422.39413652090616,stop,-151.29993989539935,2.92,-154.21993989539934,-1.109777026733898,92728.32473070335
2023-10-24T18:30:00Z,2023-10-24T18:30:00Z,2023-10-24T18:30:00Z,short,0,1351,422.91770399999996,423.0206362993482,422.8147717006517,423.0629383629781,stop,-196.21162438349154,13.51,-209.72162438349153,-1.5081210073132558,92518.60310631986
2023-10-25T16:00:00Z,2023-10-25T16:00:00Z,2023-10-26T13:30:00Z,short,0,43,419.488047,422.6712302239196,416.30486377608037,416.34649426245795,target,135.08676771430783,0.43,134.65676771430782,0.9837802342040464,92653.25987403416
2023-10-26T14:45:00Z,2023-10-26T14:45:00Z,2023-10-26T17:30:00Z,short,0,36,415.48844699999995,419.3396784826632,411.6372155173367,411.67837923888845,target,137.1624394000139,0.36,136.8024394000139,0.9867149710989657,92790.06231343417
2023-10-30T17:00:00Z,2023-10-30T17:00:00Z,2023-10-30T17:15:00Z,long,0,133,413.271323,412.2255799225523,414.3170660774477,414.27563437083995,target,133.57341232171433,1.33,132.24341232171432,0.9508180281400799,92922.30572575588
2023-10-30T18:30:00Z,2023-10-30T18:30:00Z,2023-10-31T17:45:00Z,long,0,53,415.30152599999997,412.7051335865595,417.89791841344044,417.8561286215991,target,135.39393894475467,0.53,134.86393894475466,0.980053172404437,93057.16966470063
2023-10-31T18:00:00Z,2023-10-31T18:00:00Z,2023-11-01T14:15:00Z,long,0,50,417.901786,415.11647442769817,420.68709757230187,420.6450288625446,target,137.16214312723025,0.5,136.66214312723025,0.9813059658118555,93193.83180782787
2023-11-01T14:30:00Z,2023-11-01T14:30:00Z,2023-11-02T13:30:00Z,long,0,28,421.20211600000005,416.30001673256174,426.10421526743835,426.06160484591163,target,136.06568768552438,0.28,135.78568768552438,0.9892677771998261,93329.61749551339
2023-11-07T15:45:00Z,2023-11-07T15:45:00Z,2023-11-09T19:00:00Z,long,0,61,436.92368799999997,434.65473590657746,439.1926400934225,434.6112704329868,stop,-141.05747158780167,0.61,-141.66747158780169,-1.0235639499598168,93187.95002392559
2023-11-13T17:15:00Z,2023-11-13T17:15:00Z,2023-11-14T14:30:00Z,long,0,65,440.634059,438.4907845263068,442.77733347369315,442.7330557403458,target,136.4347881224768,0.65,135.78478812247678,0.9746753231965465,93323.73481204806
2023-11-14T15:30:00Z,2023-11-14T15:30:00Z,2023-11-17T20:45:00Z,long,0,15,448.90488600000003,439.9751529498182,457.83461905018186,450.734922,weekend_close,27.45053999999925,0.15,27.300539999999252,0.20381751501103287,93351.03535204806
2023-11-20T15:45:00Z,2023-11-20T15:45:00Z,2023-11-20T18:45:00Z,long,0,74,452.215217,450.34175791996853,454.08867608003146,454.0432672124235,target,135.2757157193373,0.74,134.5357157193373,0.9704242979211168,93485.57106776739
2023-11-20T19:15:00Z,2023-11-20T19:15:00Z,2023-11-22T14:30:00Z,long,0,58,453.925388,451.52610410295495,456.32467189704505,456.27903942985535,target,136.51178293161013,0.58,135.93178293161012,0.9768128868541893,93621.502850699
2023-11-22T15:30:00Z,2023-11-22T15:30:00Z,2023-11-29T14:30:00Z,long,0,69,455.005496,452.9947609150524,457.0162310849476,456.97052946183913,target,135.58730886690074,0.6900000000000001,134.89730886690074,0.972297880747467,93756.4001595659
2023-11-29T18:45:00Z,2023-11-29T18:45:00Z,2023-11-29T19:30:00Z,long,0,272,456.025598,455.5094487037687,456.5417472962313,455.4638977588983,stop,-152.78246557965576,2.72,-155.50246557965576,-1.1076257301443804,93600.89769398625
2023-11-30T15:30:00Z,2023-11-30T15:30:00Z,2023-11-30T17:00:00Z,short,0,127,454.764519,455.8616901215961,453.6673478784039,453.71271461319174,target,133.57915712465046,1.27,132.30915712465045,0.9495368282139292,93733.2068511109
2023-11-30T17:15:00Z,2023-11-30T17:15:00Z,2023-11-30T20:45:00Z,short,0,108,454.134582,455.4290948337412,452.84006916625884,455.47463774322455,stop,-144.7260202682487,1.08,-145.80602026824872,-1.0429064185658354,93587.40083084264
2023-12-04T17:00:00Z,2023-12-04T17:00:00Z,2023-12-06T14:30:00Z,short,0,75,455.904405,457.7681749506093,454.0406350493907,457.81395176810435,stop,-143.21600760782616,0.75,-143.96600760782616,-1.02992687883867,93443.43482323481
2023-12-06T19:00:00Z,2023-12-06T19:00:00Z,2023-12-06T19:15:00Z,short,0,317,456.42435300000005,456.86517802456734,455.98352797543276,456.0291263282303,target,125.28685495101473,3.17,122.11685495101473,0.8738765957034736,93565.55167818583
2023-12-07T17:15:00Z,2023-12-07T17:15:00Z,2023-12-08T15:00:00Z,long,0,89,457.735769,456.16095666707986,459.31058133292015,459.26465027478685,target,136.0704334560288,0.89,135.18043345602882,0.9644839851935922,93700.73211164186
2023-12-11T16:45:00Z,2023-12-11T16:45:00Z,2023-12-11T18:00:00Z,long,0,142,460.34603,459.3576173519477,461.3344426480523,461.2883092037875,target,133.803646937826,1.42,132.383646937826,0.9432084925507487,93833.11575857969
2023-12-11T18:45:00Z,2023-12-11T18:45:00Z,2023-12-12T19:30:00Z,long,0,79,461.596155,459.8283455426248,463.36396445737523,463.3176280609295,target,135.9963718134303,0.79,135.2063718134303,0.9681320878725411,93968.32213039312
2023-12-18T16:45:00Z,2023-12-18T16:45:00Z,2023-12-19T20:30:00Z,long,0,57,472.08720400000004,469.6413472937074,474.5330607062927,474.4856074002221,target,136.7089938126561,0.5700000000000001,136.1389938126561,0.9765099460149047,94104.46112420577
2023-12-20T15:45:00Z,2023-12-20T15:45:00Z,2023-12-20T19:30:00Z,long,0,75,475.51754700000004,473.65449345207463,477.38060054792544,473.60712800272944,stop,-143.28142479529475,0.75,-144.03142479529475,-1.0307910899335515,93960.42969941048
2023-12-21T18:00:00Z,2023-12-21T18:00:00Z,2023-12-21T20:45:00Z,short,0,43,469.43305200000003,472.6807620732978,466.1853419267023,472.7280301495051,stop,-141.68406042871862,0.43,-142.11406042871863,-1.0176333708720435,93818.31563898176
2023-12-26T16:00:00Z,2023-12-26T16:00:00Z,2023-12-26T20:15:00Z,long,0,94,474.957491,473.47314612482876,476.44183587517125,476.3941916915837,target,135.04986500887003,0.9400000000000001,134.10986500887003,0.9611652355515615,93952.42550399063
2023-12-27T18:15:00Z,2023-12-27T18:15:00Z,2023-12-27T19:00:00Z,long,0,140,476.297625,475.29107383448223,477.30417616551773,475.24354472709877,stop,-147.5712382061704,1.4000000000000001,-148.9712382061704,-1.0571546776301992,93803.45426578446
2023-12-28T16:15:00Z,2023-12-28T16:15:00Z,2023-12-29T15:45:00Z,long,0,96,477.03769900000003,475.5767068137432,478.49869118625685,475.52914914306183,stop,-144.82078626606744,0.96,-145.78078626606745,-1.039396289194984,93657.67347951839
2024-01-02T16:45:00Z,2024-01-02T16:45:00Z,2024-01-03T14:30:00Z,short,0,54,472.61273400000005,475.16712304964443,470.05834495035566,470.1053507848507,target,135.39869361806393,0.54,134.85869361806394,0.9776831824020742,93792.53217313645
2024-01-03T15:45:00Z,2024-01-03T15:45:00Z,2024-01-05T20:45:00Z,short,0,36,468.873108,472.7323046984958,465.0139113015042,468.00679599999995,weekend_close,31.187232000001814,0.36,30.827232000001814,0.22188866411857597,93823.35940513645
2024-01-08T17:00:00Z,2024-01-08T17:00:00Z,2024-01-08T19:45:00Z,long,0,50,470.92708799999997,468.136869794015,473.7173062059849,473.66993447536436,target,137.1423237682194,0.5,136.6423237682194,0.9794382638255648,93960.00172890467
2024-01-09T17:15:00Z,2024-01-09T17:15:00Z,2024-01-10T19:15:00Z,long,0,56,474.25742099999997,471.7409773708038,476.7738646291961,476.7261872427332,target,138.25090959306135,0.56,137.69090959306135,0.9770798019102329,94097.69263849773
2024-01-11T17:30:00Z,2024-01-11T17:30:00Z,2024-01-11T18:45:00Z,short,0,50,472.91270399999996,475.7029082832491,470.12249971675084,475.7504785740774,stop,-141.88872870387286,0.5,-142.38872870387286,-1.0206330020973566,93955.30390979386
2024-01-16T16:00:00Z,2024-01-16T16:00:00Z,2024-01-16T16:00:00Z,short,0,756,476.162379,476.34871866396554,475.97603933603443,476.3963535358319,stop,-176.8847490889309,7.5600000000000005,-184.4447490889309,-1.3093000740680647,93770.85916070493
2024-01-16T18:45:00Z,2024-01-16T18:45:00Z,2024-01-17T14:30:00Z,short,0,80,474.25257,476.00274177216994,472.50239822783004,472.54964846765284,target,136.2337225877718,0.8,135.4337225877718,0.9672887880303199,93906.2928832927
2024-01-17T15:30:00Z,2024-01-17T15:30:00Z,2024-01-18T16:30:00Z,short,0,44,471.772818,474.9061719394653,468.63946406053464,474.95366255665925,stop,-139.95716049300836,0.44,-140.39716049300836,-1.0183479486533058,93765.89572279969
2024-01-18T16:45:00Z,2024-01-18T16:45:00Z,2024-01-19T14:30:00Z,long,0,52,474.577453,471.90781360710866,477.2470923928913,477.19936768365204,target,136.33956354990664,0.52,135.81956354990663,0.978377338380238,93901.71528634959
2024-01-22T15:30:00Z,2024-01-22T15:30:00Z,2024-01-26T20:45:00Z,long,0,26,484.42843799999997,479.2050439870387,489.6518320129612,487.42125300000004,weekend_close,77.81319000000167,0.26,77.55319000000166,0.5710492052865536,93979.26847634959
2024-01-29T16:15:00Z,2024-01-29T16:15:00Z,2024-01-29T16:15:00Z,long,0,779,487.628758,487.4480034544094,487.8095125455906,487.39925865406394,stop,-178.77999048419275,7.79,-186.56999048419274,-1.3249976378380806,93792.6984858654
2024-01-29T18:00:00Z,2024-01-29T18:00:00Z,2024-01-29T19:30:00Z,long,0,202,488.228818,487.53497131686265,488.9226646831373,488.873772416669,target,130.2807921671398,2.02,128.26079216713978,0.9151220753812096,93920.95927803255
2024-01-30T18:00:00Z,2024-01-30T18:00:00Z,2024-01-30T19:30:00Z,long,0,151,490.439039,489.50892020351165,491.3691577964883,491.3200208807087,target,133.0282639870141,1.51,131.5182639870141,0.9364200401035879,94052.47754201957
2024-01-31T16:45:00Z,2024-01-31T16:45:00Z,2024-02-02T14:45:00Z,short,0,33,486.45135,490.60663849044715,482.2960615095528,490.6556991542962,stop,-138.74352209177493,0.33,-139.07352209177495,-1.0142133726658993,93913.4040199278
2024-02-05T17:15:00Z,2024-02-05T17:15:00Z,2024-02-05T18:00:00Z,short,0,139,492.390756,493.40420817082713,491.3773038291729,493.4535485916442,stop,-147.72817023854532,1.3900000000000001,-149.1181702385453,-1.0585527590992856,93764.28584968924
2024-02-05T19:45:00Z,2024-02-05T19:45:00Z,2024-02-06T15:00:00Z,long,0,91,493.969392,492.4319213902605,495.5068626097395,492.3826781981215,stop,-144.39095597094763,0.91,-145.30095597094763,-1.0385328940688385,93618.9848937183
2024-02-06T18:15:00Z,2024-02-06T18:15:00Z,2024-02-06T18:30:00Z,short,0,294,492.580737,493.0577435542957,492.1037304457043,493.10704932865116,stop,-154.73582462344064,2.94,-157.67582462344063,-1.1243290554843828,93461.30906909486
2024-02-07T15:45:00Z,2024-02-07T15:45:00Z,2024-02-09T20:45:00Z,long,0,29,497.569752,492.7904656360728,502.3490383639272,501.129882,weekend_close,103.24377000000044,0.29,102.95377000000043,0.74281592055154,93564.26283909487
2024-02-12T16:45:00Z,2024-02-12T16:45:00Z,2024-02-12T19:15:00Z,long,0,46,503.32032699999996,500.3164336544674,506.3242203455325,500.26640201110195,stop,-140.48054948930883,0.46,-140.94054948930884,-1.0199846121217113,93423.32228960555
2024-02-14T17:00:00Z,2024-02-14T17:00:00Z,2024-02-14T17:00:00Z,long,0,156,495.399535,494.5031649371468,496.29590506285325,494.45371462065305,stop,-147.5479791781272,1.56,-149.1079791781272,-1.0663234069916352,93274.21431042743
2024-02-14T18:45:00Z,2024-02-14T18:45:00Z,2024-02-14T19:00:00Z,long,0,102,496.639659,495.2811706110284,497.9981473889716,495.23164249396734,stop,-143.61768361533052,1.02,-144.63768361533053,-1.043819378615475,93129.5766268121
2024-02-15T18:45:00Z,2024-02-15T18:45:00Z,2024-02-16T20:45:00Z,long,0,45,501.110106,498.0220155445828,504.19819645541713,499.44005100000004,weekend_close,-75.15247499999703,0.45,-75.60247499999703,-0.5440433252376933,93053.9741518121
2024-02-20T15:45:00Z,2024-02-20T15:45:00Z,2024-02-22T14:30:00Z,short,0,26,496.200375,501.5192811650881,490.8814688349119,501.5694330932046,stop,-139.59551042331998,0.26,-139.85551042331997,-1.0113090786431507,92914.11864138878
2024-02-22T16:30:00Z,2024-02-22T16:30:00Z,2024-02-23T20:45:00Z,long,0,13,505.440539,495.23919145215206,515.6418865478479,507.769218,weekend_close,30.27282700000029,0.13,30.142827000000292,0.22729144253978154,92944.26146838878
2024-02-26T18:00:00Z,2024-02-26T18:00:00Z,2024-02-26T18:15:00Z,short,0,172,507.259269,508.06698015176875,506.4515578482313,506.5022030040161,target,130.21535130923212,1.72,128.49535130923212,0.9249172731464461,93072.75681969801
2024-02-26T19:00:00Z,2024-02-26T19:00:00Z,2024-02-27T14:30:00Z,short,0,126,506.819313,507.9248384846012,505.71378751539885,505.7643588941504,target,132.9242173370518,1.26,131.6642173370518,0.9452103279433604,93204.42103703506
2024-02-27T17:45:00Z,2024-02-27T17:45:00Z,2024-02-27T20:15:00Z,short,0,88,505.289466,506.8698006623388,503.70913133766123,506.920487642405,stop,-143.52990453164148,0.88,-144.40990453164147,-1.0384013472035307,93060.01113250342
2024-02-29T19:45:00Z,2024-02-29T19:45:00Z,2024-02-29T20:30:00Z,long,0,179,507.440739,506.6630937337928,508.21838426620724,508.16756242778064,target,130.10139357273277,1.79,128.31139357273278,0.9217871681734225,93188.32252607615
2024-03-04T18:30:00Z,2024-03-04T18:30:00Z,2024-03-04T19:30:00Z,long,0,196,512.65126,511.94045820383496,513.362061796165,513.3107255899854,target,129.25525563714154,1.96,127.29525563714155,0.9137084254562585,93315.6177817133
2024-03-05T16:45:00Z,2024-03-05T16:45:00Z,2024-03-07T14:30:00Z,short,0,25,507.24927,512.6880809152551,501.81045908474493,512.7393497233467,stop,-137.25199308366598,0.25,-137.50199308366598,-1.0112651108939454,93178.11578862963
2024-03-07T16:45:00Z,2024-03-07T16:45:00Z,2024-03-08T20:45:00Z,long,0,31,514.321427,509.9511129264423,518.6917410735576,511.708824,weekend_close,-80.99069299999934,0.31,-81.30069299999934,-0.6000948572249962,93096.81509562963
2024-03-12T15:00:00Z,2024-03-12T15:00:00Z,2024-03-15T13:30:00Z,long,0,28,515.981593,511.0701539174661,520.8930320825339,511.01904690207436,stop,-138.9512907419171,0.28,-139.2312907419171,-1.012441774063539,92957.58380488772
2024-03-18T15:45:00Z,2024-03-18T15:45:00Z,2024-03-20T18:45:00Z,long,0,34,514.55145,510.53833625192726,518.5645637480728,518.512707291698,target,134.6827479177307,0.34,134.3427479177307,0.9845864183629166,93091.92655280545
2024-03-25T15:00:00Z,2024-03-25T15:00:00Z,2024-03-26T19:30:00Z,short,0,100,520.597935,521.9843267709408,519.2115432290592,519.2634643833821,target,133.4470616617864,1.0,132.4470616617864,0.9553364672087453,93224.37361446724
2024-03-27T15:45:00Z,2024-03-27T15:45:00Z,2024-03-27T18:15:00Z,short,0,174,519.957999,520.7575098413519,519.1584881586481,520.809585592336,stop,-148.17606706647234,1.74,-149.91606706647235,-1.0776421628994988,93074.45754740077
2024-03-28T14:30:00Z,2024-03-28T14:30:00Z,2024-04-02T13:30:00Z,long,0,47,523.202315,520.248499221392,526.156130778608,520.1964743714699,stop,-141.27450954091512,0.47000000000000003,-141.74450954091512,-1.0209982119979417,92932.71303785985
2024-04-02T14:30:00Z,2024-04-02T14:30:00Z,2024-04-04T13:30:00Z,short,0,27,517.118283,522.2690920868102,511.9674739131898,522.3213189960189,stop,-140.48197189251061,0.27,-140.75197189251062,-1.0120809970161835,92791.96106596733
2024-04-04T15:45:00Z,2024-04-04T15:45:00Z,2024-04-04T18:00:00Z,long,0,43,523.112306,519.9207429511022,526.3038690488978,519.8687508768071,stop,-139.47287029729432,0.43,-139.90287029729433,-1.0194237348112174,92652.05819567003
2024-04-08T15:30:00Z,2024-04-08T15:30:00Z,2024-04-08T15:45:00Z,long,0,114,519.55195,518.3341045225809,520.7697954774192,518.2822711121287,stop,-144.74339321733396,1.1400000000000001,-145.88339321733395,-1.0507727881728115,92506.1748024527
2024-04-09T16:30:00Z,2024-04-09T16:30:00Z,2024-04-09T19:45:00Z,short,0,73,517.208274,519.0961738847363,515.3203741152636,519.1480835021248,stop,-141.60609365511266,0.73,-142.33609365511265,-1.0327928498163401,92363.83870879759
2024-04-10T15:00:00Z,2024-04-10T15:00:00Z,2024-04-11T17:15:00Z,short,0,46,514.4185530000001,517.3747553622089,511.46235063779125,517.4264928377452,stop,-138.36523253627388,0.46,-138.8252325362739,-1.0208840491860351,92225.01347626132
2024-04-11T18:00:00Z,2024-04-11T18:00:00Z,2024-04-12T14:00:00Z,long,0,33,518.0518,513.9244066545937,522.1791933454062,513.8730142139282,stop,-137.8999309403689,0.33,-138.22993094036892,-1.0148743857267262,92086.78354532094
2024-04-15T18:00:00Z,2024-04-15T18:00:00Z,2024-04-17T16:00:00Z,short,0,23,506.319363,512.2211787013031,500.41754729869695,500.4675890534268,target,134.59080077118335,0.23,134.36080077118336,0.989826562236327,92221.14434609213
2024-04-17T16:30:00Z,2024-04-17T16:30:00Z,2024-04-19T16:00:00Z,short,0,30,500.429952,504.9759163224973,495.8839876775027,495.93357607627047,target,134.89127771188635,0.3,134.59127771188633,0.9868920223432333,92355.73562380401
2024-04-22T18:15:00Z,2024-04-22T18:15:00Z,2024-04-24T13:30:00Z,long,0,27,501.810176,496.7149340495823,506.9054179504177,506.85472740862264,target,136.20288803281085,0.27,135.93288803281084,0.9880887811833766,92491.66851183682
2024-04-24T14:45:00Z,2024-04-24T14:45:00Z,2024-04-24T15:15:00Z,long,0,104,505.480543,504.14768747543303,506.813398524567,504.0972727066855,stop,-143.86011050471052,1.04,-144.9001105047105,-1.0453273199037618,92346.76840133211
2024-04-25T15:45:00Z,2024-04-25T15:45:00Z,2024-04-26T13:30:00Z,short,0,26,499.490046,504.7142293765912,494.2658626234088,504.7647007995289,stop,-137.14102478775112,0.26,-137.4010247877511,-1.0115752871939065,92209.36737654437
2024-04-29T15:00:00Z,2024-04-29T15:00:00Z,2024-04-29T19:00:00Z,long,0,70,509.930988,507.9582889714257,511.9036870285743,507.90749314252855,stop,-141.64464002300235,0.7000000000000001,-142.34464002300234,-1.03081860335334,92067.02273652137
2024-04-30T14:30:00Z,2024-04-30T14:30:00Z,2024-04-30T15:00:00Z,short,0,101,508.259169,509.61825967887086,506.9000783211291,506.9507683289612,target,132.14846777491704,1.01,131.13846777491705,0.9553451371747254,92198.16120429628
2024-04-30T15:30:00Z,2024-04-30T15:30:00Z,2024-04-30T19:15:00Z,short,0,53,506.85930900000005,509.4323301375736,504.2862878624265,504.3367164912127,target,133.69740296572905,0.53,133.16740296572905,0.9765145229847557,92331.32860726201
2024-05-02T16:00:00Z,2024-05-02T16:00:00Z,2024-05-02T16:00:00Z,short,0,258,502.719723,503.25490676325086,502.1845392367491,502.2347576906728,target,125.1210498064197,2.58,122.54104980641971,0.8874807906019477,92453.86965706843
2024-05-06T14:45:00Z,2024-05-06T14:45:00Z,2024-05-09T14:30:00Z,long,0,29,514.4514399999999,509.782863529876,519.1200164701238,519.0681044684768,target,133.88326958582923,0.29,133.59326958582923,0.9867385696596697,92587.46292665426
2024-05-09T18:15:00Z,2024-05-09T18:15:00Z,2024-05-10T13:30:00Z,long,0,107,519.15191,517.8626266588914,520.4411933411087,520.3891492217746,target,132.38459672987472,1.07,131.31459672987472,0.9518770487790615,92718.77752338414
2024-05-14T14:45:00Z,2024-05-14T14:45:00Z,2024-05-14T14:45:00Z,long,0,336,521.172112,520.7593575082558,521.5848664917442,521.532708005095,target,121.16025771191198,3.36,117.80025771191198,0.8494056687631888,92836.57778109606
2024-05-16T14:45:00Z,2024-05-16T14:45:00Z,2024-05-17T19:45:00Z,long,0,37,530.95309,527.2630318000173,534.6431481999826,529.3770569999999,weekend_close,-58.31322100000193,0.37,-58.68322100000193,-0.429812462038539,92777.89456009606
2024-05-20T15:00:00Z,2024-05-20T15:00:00Z,2024-05-22T18:00:00Z,long,0,53,531.283123,528.6990477252112,533.8671982747888,528.6461778204388,stop,-139.75809451674786,0.53,-140.28809451674786,-1.0243297497506596,92637.60646557932
2024-05-23T15:45:00Z,2024-05-23T15:45:00Z,2024-05-23T16:45:00Z,long,0,111,531.0531,529.8061665827174,532.3000334172825,529.7531859660592,stop,-144.29045776742976,1.11,-145.40045776742977,-1.050508403885361,92492.20600781188
2024-05-28T15:30:00Z,2024-05-28T15:30:00Z,2024-05-28T17:45:00Z,long,0,150,529.922987,528.9990054026615,530.8469685973386,528.9461055021212,stop,-146.5322246818232,1.5,-148.0322246818232,-1.068074841232202,92344.17378313006
2024-05-29T14:30:00Z,2024-05-29T14:30:00Z,2024-05-30T13:30:00Z,short,0,53,526.707324,529.2886040997114,524.1260439002886,524.1784565046786,target,134.02997725203306,0.53,133.49997725203306,0.9758210647511597,92477.6737603821
2024-05-30T14:30:00Z,2024-05-30T14:30:00Z,2024-05-31T14:30:00Z,short,0,43,523.927602,527.1130968455186,520.7421071544813,520.7941813651968,target,134.73708729653765,0.43,134.30708729653765,0.9805134794668532,92611.98084767863
2024-06-03T14:45:00Z,2024-06-03T14:45:00Z,2024-06-05T18:30:00Z,long,0,22,527.382733,521.1664759705926,533.5989900294074,533.5456301304046,target,135.58373686889968,0.22,135.36373686889968,0.9898073875158079,92747.34458454752
2024-06-06T14:45:00Z,2024-06-06T14:45:00Z,2024-06-07T19:45:00Z,long,0,42,534.913486,531.6629510413211,538.164020958679,533.926602,weekend_close,-41.44912800000134,0.42,-41.86912800000134,-0.3066830576112857,92705.47545654752
2024-06-10T14:30:00Z,2024-06-10T14:30:00Z,2024-06-10T16:15:00Z,short,0,89,533.536641,535.0879424417678,531.9853395582322,535.141451236012,stop,-142.82811100506672,0.89,-143.7181110050667,-1.0409390415906583,92561.75734554244
2024-06-10T18:00:00Z,2024-06-10T18:00:00Z,2024-06-11T13:30:00Z,long,0,121,535.363531,534.223314622924,536.5037473770759,534.1698922914617,stop,-144.4302837331328,1.21,-145.6402837331328,-1.055623066584071,92416.11706180932
2024-06-11T15:45:00Z,2024-06-11T15:45:00Z,2024-06-11T17:45:00Z,short,0,155,533.936601,534.8300524311469,533.0431495688531,534.88353543639,stop,-146.77483764045803,1.55,-148.32483764045804,-1.0710536723430621,92267.79222416886
2024-06-12T14:30:00Z,2024-06-12T14:30:00Z,2024-06-14T19:45:00Z,long,0,14,543.974392,534.6368907273921,553.3118932726078,542.675727,weekend_close,-18.181309999998803,0.14,-18.321309999998803,-0.14015152039003942,92249.47091416887
2024-06-17T15:15:00Z,2024-06-17T15:15:00Z,2024-06-17T16:45:00Z,long,0,69,543.634358,541.6517713902806,545.6169446097194,545.5623829152585,target,133.03371915283287,0.6900000000000001,132.34371915283288,0.967435624681179,92381.8146333217
2024-06-18T18:45:00Z,2024-06-18T18:45:00Z,2024-06-20T13:30:00Z,long,0,148,547.774772,546.8412687911916,548.7082752088083,548.6534043812875,target,130.03759243055038,1.48,128.5575924305504,0.9305081901071691,92510.37222575225
2024-06-20T18:30:00Z,2024-06-20T18:30:00Z,2024-06-20T18:30:00Z,short,0,330,548.005194,548.4251760226429,547.5852119773571,547.6399704985548,target,120.52375547689735,3.3000000000000003,117.22375547689735,0.8458064447848579,92627.59598122914
2024-06-24T16:15:00Z,2024-06-24T16:15:00Z,2024-06-24T17:00:00Z,long,0,158,545.714566,544.839908844663,546.589223155337,544.7854248537785,stop,-146.80430110299199,1.58,-148.384301102992,-1.0737248766456766,92479.21168012614
2024-06-25T14:30:00Z,2024-06-25T14:30:00Z,2024-06-25T16:30:00Z,short,0,146,543.925602,544.8730985302527,542.9781054697473,543.0324032802943,target,130.4070130770417,1.46,128.9470130770417,0.9321392654284659,92608.15869320318
2024-06-25T17:45:00Z,2024-06-25T17:45:00Z,2024-06-25T18:00:00Z,short,0,291,543.795615,544.2719731178353,543.3192568821647,544.326400315147,stop,-154.45852670777697,2.91,-157.36852670777697,-1.135249500112442,92450.7901664954
2024-06-26T18:00:00Z,2024-06-26T18:00:00Z,2024-06-26T19:45:00Z,long,0,160,544.924487,544.0583450061306,545.7906289938694,545.73604993097,target,129.850068955202,1.6,128.250068955202,0.9254405589886111,92579.0402354506
2024-06-27T14:45:00Z,2024-06-27T14:45:00Z,2024-06-28T14:00:00Z,long,0,63,546.574652,544.3985073481509,548.7507966518491,548.6959215721839,target,133.63998304758604,0.63,133.00998304758605,0.9701880664917861,92712.05021849817
2024-07-01T15:15:00Z,2024-07-01T15:15:00Z,2024-07-02T15:30:00Z,short,0,59,543.825612,546.167688703196,541.483535296804,546.2223054720663,stop,-141.40491485191274,0.59,-141.99491485191274,-1.027589518644787,92570.05530364627
2024-07-02T16:00:00Z,2024-07-02T16:00:00Z,2024-07-02T17:00:00Z,long,0,154,545.694564,544.7941090679255,546.5950189320745,546.5403594301813,target,130.25249624791763,1.54,128.71249624791764,0.9281924063159703,92698.76779989418
2024-07-02T18:00:00Z,2024-07-02T18:00:00Z,2024-07-03T13:45:00Z,long,0,64,547.3347279999999,545.1916412863155,549.4778147136843,549.422866932213,target,133.64089166163467,0.64,133.00089166163468,0.9696942820574456,92831.76869155582
2024-07-03T16:15:00Z,2024-07-03T16:15:00Z,2024-07-05T17:45:00Z,long,0,38,550.8550799999999,547.2419547610536,554.4682052389462,554.4127584184223,target,135.19177990005005,0.38,134.81177990005006,0.9818863681174256,92966.58047145586
2024-07-08T14:30:00Z,2024-07-08T14:30:00Z,2024-07-10T16:15:00Z,long,0,50,555.545549,552.7612929257367,558.3298050742634,558.273972093756,target,136.4211546877982,0.5,135.9211546877982,0.9763552709408047,93102.50162614365
2024-07-10T16:45:00Z,2024-07-10T16:45:00Z,2024-07-11T14:00:00Z,long,0,47,559.235918,556.3058718061942,562.1659641938057,562.1097475973863,target,135.069991077159,0.47000000000000003,134.599991077159,0.9774008353317473,93237.10161722082
2024-07-11T17:15:00Z,2024-07-11T17:15:00Z,2024-07-12T14:00:00Z,short,0,48,556.6643280000001,559.5591557850032,553.7695002149969,559.6151117005817,stop,-141.63761762791728,0.48,-142.11761762791727,-1.0227840550378002,93094.9839995929
2024-07-15T15:30:00Z,2024-07-15T15:30:00Z,2024-07-15T17:30:00Z,long,0,53,563.786373,561.1562565072514,566.4164894927486,561.1001408816007,stop,-142.37030227516232,0.53,-142.90030227516232,-1.0251379077059857,92952.08369731775
2024-07-16T16:00:00Z,2024-07-16T16:00:00Z,2024-07-16T18:30:00Z,long,0,121,563.1663110000001,562.0206630512138,564.3119589487864,564.2555277528915,target,131.79522709985804,1.21,130.58522709985803,0.9420143020678562,93082.66892441761
2024-07-17T15:45:00Z,2024-07-17T15:45:00Z,2024-07-18T15:45:00Z,short,0,27,558.184176,563.1933541525568,553.1749978474431,553.2303153472279,target,133.75423762484536,0.27,133.48423762484535,0.9869604358648231,93216.15316204245
2024-07-18T16:45:00Z,2024-07-18T16:45:00Z,2024-07-19T15:30:00Z,short,0,30,553.9046040000001,558.5610590919422,549.2481489080579,549.3030737229487,target,138.04590831153973,0.3,137.74590831153972,0.9860570297342398,93353.89907035399
2024-07-22T15:45:00Z,2024-07-22T15:45:00Z,2024-07-22T16:45:00Z,long,0,97,551.615156,550.1815101236624,553.0488018763375,552.9934969961499,target,133.69907662654737,0.97,132.72907662654737,0.9544483883604451,93486.62814698054
2024-07-22T18:00:00Z,2024-07-22T18:00:00Z,2024-07-24T13:30:00Z,long,0,43,554.5954539999999,551.4062864112702,557.7846215887296,551.3511457826291,stop,-139.5052533469426,0.43,-139.9352533469426,-1.0204255896965988,93346.6928936336
2024-07-24T15:15:00Z,2024-07-24T15:15:00Z,2024-07-26T19:45:00Z,short,0,13,544.965498,555.018086671222,534.912909328778,544.434438,weekend_close,6.903780000000324,0.13,6.7737800000003245,0.05183341495824723,93353.46667363361
2024-07-29T18:15:00Z,2024-07-29T18:15:00Z,2024-07-29T18:30:00Z,long,0,213,545.204515,544.5473058363648,545.8617241636352,544.4928511057811,stop,-151.58440946861992,2.13,-153.71440946861992,-1.098073389949592,93199.75226416498
2024-07-30T16:45:00Z,2024-07-30T16:45:00Z,2024-07-31T13:30:00Z,short,0,29,540.715923,545.4651273455318,535.9667186544682,545.5196738582663,stop,-139.30877488972305,0.29,-139.59877488972305,-1.013591016102573,93060.15348927527
2024-07-31T15:45:00Z,2024-07-31T15:45:00Z,2024-08-01T17:15:00Z,long,0,15,551.325127,542.4910772024097,560.1591767975902,542.4368280946894,stop,-133.32448357965802,0.15,-133.47448357965803,-1.0072728939945261,92926.67900569561
2024-08-05T14:30:00Z,2024-08-05T14:30:00Z,2024-08-09T17:15:00Z,short,0,7,514.598535,533.7257054125879,495.47136458741204,533.7790779831291,stop,-134.2638008819041,0.07,-134.3338008819041,-1.003313222456549,92792.34520481371
2024-08-12T15:30:00Z,2024-08-12T15:30:00Z,2024-08-12T15:45:00Z,long,0,95,532.913286,531.4587760663479,534.367795933652,534.3143591540587,target,133.1019496355799,0.9500000000000001,132.1519496355799,0.956386148952567,92924.49715444929
2024-08-13T15:45:00Z,2024-08-13T15:45:00Z,2024-08-14T15:45:00Z,long,0,24,538.793874,533.094935291264,544.4928127087359,544.438363427465,target,135.46774625916078,0.24,135.22774625916077,0.9886910029104046,93059.72490070845
2024-08-14T16:15:00Z,2024-08-14T16:15:00Z,2024-08-15T13:30:00Z,long,0,29,544.544449,539.8471874589566,549.2417105410434,549.1867863699892,target,134.62778372968864,0.29,134.33778372968865,0.9861782933552106,93194.06268443813
2024-08-15T14:30:00Z,2024-08-15T14:30:00Z,2024-08-16T19:45:00Z,long,0,17,550.4550399999999,542.3148704805387,558.5952095194612,554.154579,weekend_close,62.89216300000123,0.17,62.72216300000123,0.4532508802401795,93256.78484743813
2024-08-19T14:45:00Z,2024-08-19T14:45:00Z,2024-08-19T18:30:00Z,long,0,61,555.665561,553.3835965015298,557.9475254984702,557.8917307459204,target,135.7963545011445,0.61,135.18635450114448,0.9711674951148911,93391.97120193928
2024-08-20T14:30:00Z,2024-08-20T14:30:00Z,2024-08-21T14:30:00Z,long,0,49,559.1559100000001,556.3532265804873,561.9585934195128,561.9023975601708,target,134.5778904483667,0.49,134.0878904483667,0.9763812570192134,93526.05909238764
2024-08-21T14:45:00Z,2024-08-21T14:45:00Z,2024-08-21T16:00:00Z,long,0,39,561.8861830000001,558.3671552949685,565.4052107050317,558.311318579439,stop,-139.4197124018823,0.39,-139.80971240188228,-1.0187087801085963,93386.24937998576
2024-08-22T15:00:00Z,2024-08-22T15:00:00Z,2024-08-22T15:15:00Z,long,0,178,560.586053,559.8017976869289,561.3703083130711,559.7458175071603,stop,-149.56191772547095,1.78,-151.34191772547095,-1.084130994931078,93234.9074622603
2024-08-22T17:30:00Z,2024-08-22T17:30:00Z,2024-08-23T14:00:00Z,short,0,44,557.434251,560.5745744980264,554.2939275019736,560.6306319554762,stop,-140.6407620409541,0.44,-141.08076204095408,-1.0210352396787545,93093.82670021935
2024-08-27T18:30:00Z,2024-08-27T18:30:00Z,2024-08-28T14:00:00Z,long,0,109,561.826177,560.5535852766552,563.0987687233448,560.4975299181275,stop,-144.822531924106,1.09,-145.912531924106,-1.0519061670101848,92947.91416829525
2024-08-28T16:15:00Z,2024-08-28T16:15:00Z,2024-08-29T13:45:00Z,short,0,44,558.1141829999999,561.2361658678683,554.9922001321315,561.2922894844551,stop,-139.8366853160269,0.44,-140.27668531602689,-1.0211800062285163,92807.63748297922
2024-08-29T15:30:00Z,2024-08-29T15:30:00Z,2024-08-29T18:30:00Z,long,0,34,562.186213,558.1409620630883,566.2314639369116,558.085147966882,stop,-139.43621112601022,0.34,-139.77621112601022,-1.0162694718406113,92667.86127185321
2024-09-03T16:15:00Z,2024-09-03T16:15:00Z,2024-09-03T19:30:00Z,short,0,33,555.904404,560.0817000213509,551.7271079786491,551.7822806894469,target,136.03006924825206,0.33,135.70006924825205,0.9843983499218848,92803.56134110146
2024-09-04T17:00:00Z,2024-09-04T17:00:00Z,2024-09-04T18:00:00Z,short,0,83,552.264768,553.9323328238767,550.5972031761233,550.6522628964409,target,133.8379235954054,0.8300000000000001,133.0079235954054,0.960985192667766,92936.56926469687
2024-09-04T18:45:00Z,2024-09-04T18:45:00Z,2024-09-05T14:00:00Z,short,0,48,550.3849560000001,553.2354547783567,547.5344572216435,553.2907783238345,stop,-139.4794715440512,0.48,-139.95947154405118,-1.0229165316518574,92796.60979315282
2024-09-05T17:15:00Z,2024-09-05T17:15:00Z,2024-09-06T14:15:00Z,short,0,40,548.395155,551.8013169800653,544.9889930199348,545.0434919192368,target,134.06652323053095,0.4,133.66652323053094,0.981064054005815,92930.27631638334
2024-09-09T16:45:00Z,2024-09-09T16:45:00Z,2024-09-11T14:00:00Z,long,0,31,547.4047350000001,543.0403934596666,551.7690765403336,542.9860894203206,stop,-136.97801297006424,0.31,-137.28801297006424,-1.0147339612978776,92792.98830341328
2024-09-11T16:15:00Z,2024-09-11T16:15:00Z,2024-09-11T16:15:00Z,short,0,188,546.035391,546.7742425001561,545.2965394998439,546.8289199244061,stop,-149.18343778835288,1.8800000000000001,-151.06343778835287,-1.087537785652957,92641.92486562493
2024-09-11T18:30:00Z,2024-09-11T18:30:00Z,2024-09-12T17:00:00Z,long,0,22,551.0551,544.7825122046,557.3276877954,557.2719550266205,target,136.77081058565022,0.22,136.55081058565023,0.9895206299339899,92778.47567621058
2024-09-12T18:00:00Z,2024-09-12T18:00:00Z,2024-09-13T19:45:00Z,long,0,19,559.195914,552.2157470067705,566.1760809932296,561.883806,weekend_close,51.069948000000636,0.19,50.87994800000064,0.3836429705188244,92829.35562421058
2024-09-16T15:15:00Z,2024-09-16T15:15:00Z,2024-09-16T15:15:00Z,long,0,1092,561.126107,560.9986513568639,561.2535626431362,560.9425514917282,stop,-200.44261503287726,10.92,-211.36261503287724,-1.5186107378948557,92617.9930091777
2024-09-17T14:30:00Z,2024-09-17T14:30:00Z,2024-09-17T16:45:00Z,long,0,31,566.0065950000001,561.5328556139455,570.4803343860547,561.476702328384,stop,-140.42667282009722,0.31,-140.73667282009723,-1.0147870226342748,92477.2563363576
2024-09-19T15:00:00Z,2024-09-19T15:00:00Z,2024-09-20T19:45:00Z,long,0,20,569.976992,563.3122126171633,576.6417713828367,568.04319,weekend_close,-38.676040000000285,0.2,-38.87604000000029,-0.2916528647603442,92438.3802963576
2024-09-23T15:15:00Z,2024-09-23T15:15:00Z,2024-09-24T14:00:00Z,long,0,92,569.296924,567.8007882958048,570.7930597041952,567.7440082169752,stop,-142.8682520382804,0.92,-143.78825203828038,-1.0446350412213894,92294.59204431932
2024-09-24T17:30:00Z,2024-09-24T17:30:00Z,2024-09-25T17:30:00Z,long,0,84,570.667061,569.0343589975676,572.2997630024324,568.9774555616679,stop,-141.9268568198995,0.84,-142.76685681989952,-1.040977126138159,92151.82518749942
2024-09-25T18:30:00Z,2024-09-25T18:30:00Z,2024-09-25T19:30:00Z,short,0,219,570.112983,570.7432459956001,569.4827200043999,569.5396682764003,target,125.55592446832361,2.19,123.36592446832361,0.8937772446299033,92275.19111196774
2024-09-26T15:45:00Z,2024-09-26T15:45:00Z,2024-09-26T17:15:00Z,long,0,93,571.787173,570.3061041106488,573.2682418893513,570.2490735002377,stop,-143.0432534778962,0.93,-143.9732534778962,-1.045258266440545,92131.21785848984
2024-09-30T14:30:00Z,2024-09-30T14:30:00Z,2024-09-30T16:00:00Z,short,0,101,570.852909,572.2210899323111,569.4847280676888,572.2783120413043,stop,-143.96570717173643,1.01,-144.97570717173642,-1.0491324702790847,91986.2421513181
2024-10-01T16:15:00Z,2024-10-01T16:15:00Z,2024-10-01T17:15:00Z,short,0,57,568.703124,571.1058385631319,566.3004094368681,566.3570394778118,target,133.7268177647286,0.5700000000000001,133.1568177647286,0.9722688487571232,92119.39896908283
2024-10-03T15:45:00Z,2024-10-03T15:45:00Z,2024-10-03T15:45:00Z,short,0,331,568.4631479999999,568.8803091529494,568.0459868470505,568.9371971838647,stop,-156.91027985922756,3.31,-160.22027985922756,-1.1603409867921668,91959.1786892236
2024-10-08T16:15:00Z,2024-10-08T16:15:00Z,2024-10-09T14:00:00Z,long,0,64,571.7671710000001,569.622872157964,573.9114698420361,573.854078695052,target,133.56209248332016,0.64,132.92209248332017,0.9685719426494751,92092.10078170692
2024-10-10T17:00:00Z,2024-10-10T17:00:00Z,2024-10-10T17:00:00Z,long,0,196,576.2676210000001,575.5637008716768,576.9715411283233,575.5061445015897,stop,-149.24939368843616,1.96,-151.20939368843617,-1.095971641339546,91940.89138801848
2024-10-15T16:45:00Z,2024-10-15T16:45:00Z,2024-10-15T18:45:00Z,short,0,83,581.871807,583.5296741580551,580.2139398419449,580.2719612359291,target,132.78719841788404,0.8300000000000001,131.95719841788403,0.9589705401583704,92072.84858643638
2024-10-16T18:45:00Z,2024-10-16T18:45:00Z,2024-10-17T13:30:00Z,long,0,70,582.5382480000001,580.5825608128533,584.4939351871468,584.4354857936281,target,132.80664555396356,0.7000000000000001,132.10664555396357,0.964999825141489,92204.95523199035
2024-10-17T14:30:00Z,2024-10-17T14:30:00Z,2024-10-18T19:45:00Z,long,0,50,583.918386,581.1608412719094,586.6759307280907,584.5115430000001,weekend_close,29.657850000000963,0.5,29.157850000000963,0.21147689611685597,92234.11308199035
2024-10-21T16:00:00Z,2024-10-21T16:00:00Z,2024-10-22T18:00:00Z,short,0,66,582.2717670000001,584.3580241304744,580.1855098695257,584.4164599328874,stop,-141.54973357056338,0.66,-142.20973357056337,-1.0328031484774014,92091.90334841979
2024-10-23T16:00:00Z,2024-10-23T16:00:00Z,2024-10-23T17:00:00Z,short,0,45,579.772017,582.8171918229756,576.7268421770244,576.7845148612421,target,134.43759624410632,0.45,133.98759624410633,0.9777770774580562,92225.89094466389
2024-10-28T16:00:00Z,2024-10-28T16:00:00Z,2024-10-28T16:15:00Z,long,0,278,580.95809,580.462033704086,581.4541462959139,581.3960008812843,target,121.73922499704213,2.7800000000000002,118.95922499704213,0.86262564311563,92344.85016966093
2024-10-29T17:00:00Z,2024-10-29T17:00:00Z,2024-10-30T13:30:00Z,long,0,114,582.0581999999999,580.8502610694812,583.2661389305187,580.7921760433743,stop,-144.32673105532353,1.1400000000000001,-145.46673105532352,-1.0563646260475275,92199.38343860561
2024-10-30T16:30:00Z,2024-10-30T16:30:00Z,2024-10-30T17:15:00Z,long,0,168,582.518246,581.696705692113,583.3397863078869,581.6385360215438,stop,-147.79127638063528,1.68,-149.4712763806353,-1.0829778769401472,92049.91216222498
2024-11-04T17:30:00Z,2024-11-04T17:30:00Z,2024-11-05T14:30:00Z,short,0,57,569.923002,572.3225961514892,567.5234078485108,572.3798284111043,stop,-140.03910543294603,0.5700000000000001,-140.60910543294602,-1.028018179479819,91909.30305679204
2024-11-05T17:00:00Z,2024-11-05T17:00:00Z,2024-11-06T14:30:00Z,long,0,29,575.517546,570.8044124162012,580.2306795837989,580.1726565158405,target,134.99820495937217,0.29,134.70820495937218,0.9855673371550028,92044.01126175141
2024-11-06T15:30:00Z,2024-11-06T15:30:00Z,2024-11-08T20:45:00Z,long,0,9,588.8788820000001,574.2734183768081,603.4843456231921,598.180176,weekend_close,83.71164599999884,0.09,83.62164599999883,0.6361519387338194,92127.63290775141
2024-11-11T16:00:00Z,2024-11-11T16:00:00Z,2024-11-11T18:00:00Z,long,0,67,599.7499690000001,597.7168818219018,601.7830561780984,597.6571101337196,stop,-140.2215440407931,0.67,-140.8915440407931,-1.03431809955511,91986.74136371062
2024-11-12T17:45:00Z,2024-11-12T17:45:00Z,2024-11-13T17:00:00Z,short,0,57,596.04039,598.451943705121,593.628836294879,598.5117888994915,stop,-140.86973727101736,0.5700000000000001,-141.43973727101735,-1.028962736439241,91845.3016264396
2024-11-13T18:30:00Z,2024-11-13T18:30:00Z,2024-11-13T19:30:00Z,long,0,78,598.809875,597.0559481240546,600.5638018759455,596.9962425292422,stop,-141.4633327191125,0.78,-142.2433327191125,-1.0397425889119865,91703.05829372049
2024-11-14T16:00:00Z,2024-11-14T16:00:00Z,2024-11-14T17:30:00Z,short,0,74,596.110383,597.9572657333581,594.2635002666418,594.3229266166685,target,132.271772366528,0.74,131.531772366528,0.9624089018903506,91834.59006608701
2024-11-14T18:00:00Z,2024-11-14T18:00:00Z,2024-11-15T14:30:00Z,short,0,57,594.970497,597.3619293012671,592.579064698733,592.6383226052028,target,132.9339405034416,0.5700000000000001,132.3639405034416,0.9710391523802939,91966.95400659046
2024-11-18T17:45:00Z,2024-11-18T17:45:00Z,2024-11-19T14:30:00Z,long,0,89,588.118806,586.5845892115409,589.653022788459,586.5259307526197,stop,-141.76589701683963,0.89,-142.65589701683962,-1.0447514715245243,91824.29810957362
2024-11-19T18:15:00Z,2024-11-19T18:15:00Z,2024-11-20T15:00:00Z,long,0,54,589.648959,587.1075615433125,592.1903564566875,587.0488507871581,stop,-140.40584349346045,0.54,-140.94584349346044,-1.027036603807705,91683.35226608015
2024-11-20T17:15:00Z,2024-11-20T17:15:00Z,2024-11-20T20:30:00Z,short,0,74,587.161278,589.0057890528537,585.3167669471463,589.064689631759,stop,-140.85246075016698,0.74,-141.592460750167,-1.0373543865723713,91541.75980532999
2024-11-21T15:45:00Z,2024-11-21T15:45:00Z,2024-11-21T15:45:00Z,long,0,75,589.088903,587.2642014070913,590.9136045929087,590.8545132324493,target,132.4207674337032,0.75,131.6707674337032,0.962135529048789,91673.4305727637
2024-11-21T17:15:00Z,2024-11-21T17:15:00Z,2024-11-22T14:30:00Z,long,0,38,591.749169,588.203140827474,595.2951971725261,595.2356676528088,target,132.48694880673406,0.38,132.10694880673407,0.9803922822001476,91805.53752157043
2024-11-25T16:00:00Z,2024-11-25T16:00:00Z,2024-11-29T15:00:00Z,long,0,40,598.019796,594.6156958668781,601.423896133122,601.3637537435086,target,133.75830974034216,0.4,133.35830974034215,0.979394733741562,91938.89583131077
2024-12-02T18:00:00Z,2024-12-02T18:00:00Z,2024-12-04T14:30:00Z,long,0,76,603.5903529999999,601.7848694514482,605.3958365485516,605.3352969648968,target,132.61574133215936,0.76,131.85574133215937,0.960930364770448,92070.75157264293
2024-12-05T18:00:00Z,2024-12-05T18:00:00Z,2024-12-05T20:15:00Z,long,0,75,608.470841,606.6342773443516,610.3074046556483,606.5736139166172,stop,-142.2920312537059,0.75,-143.0420312537059,-1.0384758935619256,91927.70954138922
2024-12-09T16:15:00Z,2024-12-09T16:15:00Z,2024-12-10T20:30:00Z,short,0,52,605.049489,607.6956729452695,602.4033050547305,602.463545385236,target,134.46906796772828,0.52,133.94906796772827,0.9734559909823828,92061.65860935695
2024-12-11T17:00:00Z,2024-12-11T17:00:00Z,2024-12-13T15:30:00Z,long,0,39,607.810775,604.3067563900597,611.3147936099404,604.2463257144207,stop,-139.0135221375955,0.39,-139.40352213759547,-1.0200999719120365,91922.25508721935
2024-12-16T16:45:00Z,2024-12-16T16:45:00Z,2024-12-17T14:30:00Z,long,0,64,606.550649,604.4217981821602,608.6794998178399,604.361356002342,stop,-140.1147518501166,0.64,-140.75475185011658,-1.0330892983331201,91781.50033536923
2024-12-17T16:45:00Z,2024-12-17T16:45:00Z,2024-12-17T19:45:00Z,short,0,80,604.9794959999999,606.6869005124817,603.2720914875182,603.332418696667,target,131.7661842666348,0.8,130.9661842666348,0.9588104584269992,91912.46651963587
2024-12-18T17:30:00Z,2024-12-18T17:30:00Z,2024-12-18T19:00:00Z,long,0,97,605.7405679999999,604.3269099738964,607.1542260261035,604.266477282899,stop,-142.98679955878936,0.97,-143.95679955878936,-1.0498230050668453,91768.50972007708
2024-12-23T16:15:00Z,2024-12-23T16:15:00Z,2024-12-23T16:45:00Z,short,0,67,589.980996,592.0096278601477,587.9523641398523,592.0688288229337,stop,-139.88479913655829,0.67,-140.55479913655827,-1.034112134461385,91627.95492094052
2024-12-23T19:00:00Z,2024-12-23T19:00:00Z,2024-12-24T14:30:00Z,long,0,47,593.7293669999999,590.8183459003374,596.6403880996625,596.5807240608525,target,134.01378186007184,0.47000000000000003,133.54378186007185,0.976068865039133,91761.4987028006
2024-12-26T17:30:00Z,2024-12-26T17:30:00Z,2024-12-27T14:30:00Z,long,0,35,601.570151,597.6731247473838,605.4671772526162,597.6133574349091,stop,-138.48777477818317,0.35000000000000003,-138.83777477818316,-1.0179027052814646,91622.66092802242
2024-12-30T15:30:00Z,2024-12-30T15:30:00Z,2025-01-03T20:45:00Z,short,0,13,584.701524,594.9181500304986,574.4848979695013,591.929187,weekend_close,-93.95961900000009,0.13,-94.08961900000008,-0.7084200770777098,91528.57130902242
2025-01-06T15:30:00Z,2025-01-06T15:30:00Z,2025-01-07T20:00:00Z,long,0,14,598.969891,589.5623732595631,608.3774087404369,589.5034170222372,stop,-132.53063568867924,0.14,-132.67063568867923,-1.0073299077640323,91395.90067333373
2025-01-08T18:45:00Z,2025-01-08T18:45:00Z,2025-01-08T18:45:00Z,short,0,275,589.101084,589.5981033334424,588.6040646665576,588.6629250730243,target,120.49370491831439,2.75,117.74370491831439,0.8614532638202185,91513.64437825205
2025-01-15T16:45:00Z,2025-01-15T16:45:00Z,2025-01-17T15:45:00Z,long,0,16,589.908985,581.7224536580034,598.0955163419967,598.0357067903625,target,130.02754864579947,0.16,129.86754864579947,0.9914726336811194,91643.51192689785
2025-01-21T15:30:00Z,2025-01-21T15:30:00Z,2025-01-22T14:30:00Z,long,0,43,600.390033,597.2415613680157,603.5385046319843,603.4781507815211,target,132.78906460540634,0.43,132.35906460540633,0.9776546023954836,91775.87099150325
2025-01-22T15:30:00Z,2025-01-22T15:30:00Z,2025-01-24T20:45:00Z,long,0,23,606.780672,600.9048951574774,612.6564488425225,607.8892050000001,weekend_close,25.496259000001828,0.23,25.266259000001828,0.18695961903285346,91801.13725050325
2025-01-28T17:15:00Z,2025-01-28T17:15:00Z,2025-01-31T15:00:00Z,long,0,28,603.6103549999999,598.7048972413021,608.5158127586977,608.4549611774219,target,135.64897296781464,0.28,135.36897296781464,0.9855565811059643,91936.50622347106
2025-02-04T17:30:00Z,2025-02-04T17:30:00Z,2025-02-04T17:45:00Z,long,0,155,599.879982,598.9907140788538,600.7692499211463,600.7091729961542,target,128.52460440388938,1.55,126.97460440388939,0.9211970618463298,92063.48082787496
2025-02-04T19:45:00Z,2025-02-04T19:45:00Z,2025-02-05T14:45:00Z,long,0,65,602.070201,599.9534907201135,604.1869112798865,599.8934953710415,stop,-141.48586588230444,0.65,-142.13586588230444,-1.0330679874979085,91921.34496199265
2025-02-05T18:30:00Z,2025-02-05T18:30:00Z,2025-02-06T14:30:00Z,long,0,68,602.6202559999999,600.6005937256094,604.6399182743904,604.579454282563,target,133.2254832142894,0.68,132.5454832142894,0.9651110026062729,92053.89044520694
2025-02-06T15:30:00Z,2025-02-06T15:30:00Z,2025-02-07T14:45:00Z,long,0,46,605.000494,602.0602168590165,607.9407711409835,607.8799770638694,target,132.45622093799375,0.46,131.99622093799374,0.9759226516006483,92185.88666614493
2025-02-10T17:00:00Z,2025-02-10T17:00:00Z,2025-02-12T14:30:00Z,long,0,62,604.4704409999999,602.2426676062101,606.6982143937897,602.1824433394495,stop,-141.8558549541276,0.62,-142.4758549541276,-1.0315221767871074,92043.4108111908
2025-02-12T16:45:00Z,2025-02-12T16:45:00Z,2025-02-12T17:45:00Z,short,0,58,602.029791,604.401752112464,599.6578298875361,604.4621922876753,stop,-141.07927468516436,0.58,-141.65927468516438,-1.0296970194161874,91901.75153650563
2025-02-12T19:30:00Z,2025-02-12T19:30:00Z,2025-02-12T19:30:00Z,long,0,572,603.1203059999999,602.8794077884083,603.3612042115915,603.3008680911703,target,103.28151614945318,5.72,97.56151614945318,0.7080255600218037,91999.31305265508
2025-02-13T16:00:00Z,2025-02-13T16:00:00Z,2025-02-14T20:45:00Z,long,0,34,607.150709,603.1992296848375,611.1021883151625,609.63903,weekend_close,84.60291400000142,0.34,84.26291400000142,0.6271881496355831,92083.57596665509
2025-02-18T17:30:00Z,2025-02-18T17:30:00Z,2025-02-18T17:45:00Z,long,0,369,610.101004,609.7268053953791,610.4752026046209,610.4141550843605,target,115.55275012901348,3.69,111.86275012901348,0.8101341924232451,92195.4387167841
2025-02-19T16:30:00Z,2025-02-19T16:30:00Z,2025-02-19T19:15:00Z,long,0,95,611.2311169999999,609.777619109893,612.6846148901069,612.6233464286179,target,132.26179571870546,0.9500000000000001,131.31179571870547,0.9509676195788794,92326.75051250281
2025-02-19T19:45:00Z,2025-02-19T19:45:00Z,2025-02-20T14:45:00Z,long,0,56,612.891283,610.4518632347526,615.3307027652475,610.3908180484292,stop,-140.02603728796748,0.56,-140.58603728796749,-1.0291238053145129,92186.16447521484
2025-02-20T17:00:00Z,2025-02-20T17:00:00Z,2025-02-21T18:00:00Z,short,0,33,607.389255,611.5697136059707,603.2087963940294,603.2691172736688,target,135.96454496893034,0.33,135.63454496893033,0.9831786685941551,92321.79902018377
2025-02-24T16:15:00Z,2025-02-24T16:15:00Z,2025-02-25T15:00:00Z,short,0,25,598.420152,603.8210913251652,593.0192126748349,593.0785145961023,target,133.54093509744303,0.25,133.29093509744303,0.9871685428968757,92455.0899552812
2025-02-26T17:00:00Z,2025-02-26T17:00:00Z,2025-02-26T18:00:00Z,long,0,45,598.1198059999999,595.0389045077972,601.2007074922027,594.9794006173464,stop,-141.31824221940803,0.45,-141.76824221940802,-1.0225595951790876,92313.3217130618
2025-02-27T18:15:00Z,2025-02-27T18:15:00Z,2025-02-27T18:15:00Z,short,0,343,594.5905349999999,594.9933032370622,594.1877667629377,595.0528025673858,stop,-158.55777561335663,3.43,-161.98777561335663,-1.1725541488340465,92151.33393744845
2025-03-03T15:45:00Z,2025-03-03T15:45:00Z,2025-03-03T19:45:00Z,long,0,16,595.1195059999999,586.8276631689587,603.4113488310411,586.7689804026418,stop,-133.60840955772983,0.16,-133.76840955772983,-1.0082831727176238,92017.56552789072
2025-03-05T16:45:00Z,2025-03-05T16:45:00Z,2025-03-05T17:45:00Z,short,0,19,573.422652,580.5455568960342,566.2997471039657,580.6036114517239,stop,-136.4382295827537,0.19,-136.6282295827537,-1.0095543260345266,91880.93729830797
2025-03-06T16:45:00Z,2025-03-06T16:45:00Z,2025-03-06T17:00:00Z,short,0,36,576.74232,580.5016066298625,572.9830333701374,573.0403316734744,target,133.27157975492037,0.36,132.91157975492035,0.9820981186158005,92013.84887806288
2025-03-06T17:45:00Z,2025-03-06T17:45:00Z,2025-03-07T20:45:00Z,short,0,19,572.472747,579.6090146284976,565.3364793715025,575.907585,weekend_close,-65.26192200000025,0.19,-65.45192200000025,-0.48272264709406465,91948.39695606288
2025-03-10T15:45:00Z,2025-03-10T15:45:00Z,2025-03-11T14:30:00Z,short,0,14,563.9436000000001,573.4040445028945,554.4831554971056,554.5386038126553,target,131.6699466228265,0.14,131.52994662282651,0.993081898474254,92079.92690268571
2025-03-11T15:30:00Z,2025-03-11T15:30:00Z,2025-03-11T19:00:00Z,short,0,22,557.04429,563.1643461875708,550.9242338124293,563.2206626221896,stop,-135.88019768817003,0.22,-136.10019768817003,-1.0108359192442506,91943.82670499754
2025-03-12T18:15:00Z,2025-03-12T18:15:00Z,2025-03-12T18:30:00Z,long,0,87,559.4559399999999,557.8796741112667,561.0322058887332,560.9761026681443,target,132.25415212856228,0.87,131.38415212856228,0.9580634072834148,92075.2108571261
2025-03-13T15:30:00Z,2025-03-13T15:30:00Z,2025-03-14T13:45:00Z,short,0,25,554.194575,559.6041239049375,548.7850260950624,559.660084317328,stop,-136.63773293320105,0.25,-136.88773293320105,-1.0121933295270331,91938.3231241929
2025-03-17T14:30:00Z,2025-03-17T14:30:00Z,2025-03-18T15:00:00Z,long,0,26,564.686463,559.4773152936261,569.8956107063739,559.4213675620967,stop,-136.89248138548464,0.26,-137.15248138548463,-1.0126599849431592,91801.17064280742
2025-03-18T16:00:00Z,2025-03-18T16:00:00Z,2025-03-19T15:45:00Z,short,0,22,559.554039,565.6900065885432,553.4180714114568,565.746575589202,stop,-136.2358049624454,0.22,-136.4558049624454,-1.0108489817943613,91664.71483784498
2025-03-19T16:00:00Z,2025-03-19T16:00:00Z,2025-03-19T19:00:00Z,long,0,31,565.8265769999999,561.5195776346745,570.1335763653253,570.0765630076888,target,131.749566238356,0.31,131.439566238356,0.9844408248173889,91796.15440408334
2025-03-20T15:45:00Z,2025-03-20T15:45:00Z,2025-03-20T17:15:00Z,long,0,34,569.096904,565.1044985302382,573.0893094697618,565.0479880803852,stop,-137.66314126690463,0.34,-138.00314126690463,-1.0166592422429954,91658.15126281643
2025-03-24T15:30:00Z,2025-03-24T15:30:00Z,2025-03-28T14:00:00Z,long,0,12,573.777372,562.4021414911995,585.1526025088006,562.3459012770503,stop,-137.17764867539654,0.12,-137.29764867539654,-1.0058231975253533,91520.85361414104
2025-03-31T14:30:00Z,2025-03-31T14:30:00Z,2025-03-31T19:30:00Z,short,0,13,549.495045,559.4313374322413,539.5587525677587,559.4872805659845,stop,-129.8990623577987,0.13,-130.0290623577987,-1.0066365934973116,91390.82455178324
2025-04-01T16:15:00Z,2025-04-01T16:15:00Z,2025-04-02T13:30:00Z,long,0,21,562.25622,555.8114100646363,568.7010299353636,555.7558289236299,stop,-136.50821260377165,0.21,-136.71821260377166,-1.0101758068374638,91254.10633917947
2025-04-02T15:15:00Z,2025-04-02T15:15:00Z,2025-04-02T16:15:00Z,long,0,46,561.176112,558.2522954123211,564.0999285876788,564.0435185948201,target,131.90070336172312,0.46,131.4407033617231,0.9772865394024217,91385.54704254119
2025-04-02T16:30:00Z,2025-04-02T16:30:00Z,2025-04-03T13:30:00Z,long,0,23,564.346429,558.5198401702012,570.1730178297987,558.4639881861841,stop,-135.29613871776417,0.23,-135.52613871776416,-1.011301978900636,91250.02090382343
2025-04-03T15:00:00Z,2025-04-03T15:00:00Z,2025-04-04T14:15:00Z,short,0,6,540.14598,562.6133104377781,517.678649562222,517.7304174271782,target,134.49337543693105,0.06,134.43337543693104,0.9972507697286386,91384.45427926036
2025-04-07T14:30:00Z,2025-04-07T14:30:00Z,2025-04-08T13:30:00Z,short,0,6,498.16017899999997,519.1602761712243,477.1600818287757,519.2121921988414,stop,-126.3120791930487,0.06,-126.3720791930487,-1.0029483686247889,91258.0822000673
2025-04-08T15:45:00Z,2025-04-08T15:45:00Z,2025-04-08T17:00:00Z,long,0,11,517.461741,505.0801462190868,529.8433357809131,505.0296382044649,stop,-136.75313075088565,0.11,-136.86313075088566,-1.0048869322322842,91121.21906931642
2025-04-10T18:00:00Z,2025-04-10T18:00:00Z,2025-04-10T18:00:00Z,short,0,235,524.1375810000001,524.717485075503,523.5576769244972,524.7699568240105,stop,-148.6083186424463,2.35,-150.9583186424463,-1.1077277279924935,90970.26075067397
2025-04-14T14:30:00Z,2025-04-14T14:30:00Z,2025-04-16T17:30:00Z,long,0,10,542.194214,528.5659537376541,555.8224742623458,528.5130971422803,stop,-136.81116857719644,0.1,-136.91116857719643,-1.0046122244632685,90833.34958209678
2025-04-16T18:30:00Z,2025-04-16T18:30:00Z,2025-04-21T14:00:00Z,short,0,15,525.9474,534.9338930856064,516.9609069143936,517.012603005085,target,134.02195492372527,0.15,133.87195492372527,0.9931345754006964,90967.22153702051
2025-04-21T15:00:00Z,2025-04-21T15:00:00Z,2025-04-22T16:15:00Z,short,0,9,514.528542,528.7534283841122,500.3036556158878,528.8063037269507,stop,-128.4998555425558,0.09,-128.5898555425558,-1.0044200945540527,90838.63168147796
2025-04-23T14:30:00Z,2025-04-23T14:30:00Z,2025-04-25T19:45:00Z,long,0,6,543.8743820000001,522.7377461849869,565.0110178150132,550.4649479999999,weekend_close,39.54339599999912,0.06,39.48339599999912,0.31133459731211033,90878.11507747795
2025-04-28T14:45:00Z,2025-04-28T14:45:00Z,2025-04-28T15:15:00Z,long,0,34,551.55515,547.629050928324,555.4812490716761,547.5742880232311,stop,-135.34930721014234,0.34,-135.68930721014235,-1.016495484171569,90742.42577026782
2025-04-28T17:45:00Z,2025-04-28T17:45:00Z,2025-04-28T19:00:00Z,short,0,45,546.395355,549.3983329263193,543.3923770736807,549.453272759612,stop,-137.60629918253983,0.45,-138.05629918253982,-1.021625145068007,90604.36947108527
2025-04-29T17:00:00Z,2025-04-29T17:00:00Z,2025-04-29T17:15:00Z,long,0,77,551.1351080000001,549.3839915039773,552.8862244960228,552.8309358735733,target,130.57874626513592,0.77,129.8087462651359,0.9627160028485595,90734.1782173504
2025-04-29T18:45:00Z,2025-04-29T18:45:00Z,2025-04-30T13:30:00Z,long,0,30,555.095504,550.6262493531514,559.5647586468486,550.571186728216,stop,-135.7295181535187,0.3,-136.02951815351872,-1.0145578245314786,90598.14869919688
2025-04-30T15:45:00Z,2025-04-30T15:45:00Z,2025-04-30T18:00:00Z,short,0,47,549.64503,552.530787251998,546.759272748002,552.5860403307232,stop,-138.2274855439905,0.47000000000000003,-138.6974855439905,-1.0226121163448494,90459.4512136529
2025-05-05T15:45:00Z,2025-05-05T15:45:00Z,2025-05-05T16:15:00Z,short,0,92,564.433551,565.897972825717,562.9691291742829,565.9545626229996,stop,-139.9330693159627,0.92,-140.8530693159627,-1.0454717323336262,90318.59814433694
2025-05-05T18:30:00Z,2025-05-05T18:30:00Z,2025-05-05T19:15:00Z,long,0,109,566.186613,564.9533565546042,567.4198694453958,564.8968612189487,stop,-140.58294413458327,1.09,-141.67294413458328,-1.0539184983818075,90176.92520020236
2025-05-06T15:15:00Z,2025-05-06T15:15:00Z,2025-05-07T18:00:00Z,short,0,29,560.903904,565.549902088986,556.2579059110141,556.3135317016051,target,133.12079665345118,0.29,132.8307966534512,0.9858747702142505,90309.7559968558
2025-05-08T15:15:00Z,2025-05-08T15:15:00Z,2025-05-08T15:30:00Z,long,0,29,564.376432,559.7399485758513,569.0129154241488,568.9560141326064,target,132.80788184558367,0.29,132.51788184558367,0.9855706824715516,90442.2738787014
2025-05-08T16:30:00Z,2025-05-08T16:30:00Z,2025-05-09T19:45:00Z,long,0,17,568.8568799999999,560.9181808268075,576.7955791731923,564.233571,weekend_close,-78.59625299999914,0.17,-78.76625299999914,-0.5836357945953955,90363.5076257014
2025-05-12T15:00:00Z,2025-05-12T15:00:00Z,2025-05-16T17:30:00Z,long,0,9,579.117906,564.7671286548127,593.4686833451872,593.4093364768527,target,128.62287429167452,0.09,128.53287429167452,0.9951677273874117,90492.04049999308
2025-05-19T18:00:00Z,2025-05-19T18:00:00Z,2025-05-20T18:15:00Z,long,0,54,594.419436,591.9461412575359,596.8927307424641,591.8869466434102,stop,-136.75442525585186,0.54,-137.29442525585185,-1.0279766955946525,90354.74607473722
2025-05-21T14:30:00Z,2025-05-21T14:30:00Z,2025-05-21T17:15:00Z,short,0,40,589.571037,592.9009838074004,586.2410901925997,586.2997143016189,target,130.85290793524564,0.4,130.45290793524563,0.9793918302638652,90485.19898267247
2025-05-27T15:00:00Z,2025-05-27T15:00:00Z,2025-05-27T17:00:00Z,long,0,17,588.098804,580.4275555764399,595.7700524235601,580.3695128208823,stop,-131.3979500450008,0.17,-131.5679500450008,-1.008869841230618,90353.63103262747
2025-05-27T18:45:00Z,2025-05-27T18:45:00Z,2025-05-30T16:15:00Z,long,0,26,590.6490590000001,585.4784578289931,595.8196601710071,585.4199099832102,stop,-135.95787443653603,0.26,-136.21787443653602,-1.0132572293850926,90217.41315819093
2025-06-02T17:00:00Z,2025-06-02T17:00:00Z,2025-06-02T19:00:00Z,long,0,67,590.038998,588.0474464585479,592.030549541452,591.971346486498,target,129.46734859536411,0.67,128.79734859536413,0.9652516876848561,90346.2105067863
2025-06-04T14:45:00Z,2025-06-04T14:45:00Z,2025-06-05T13:45:00Z,long,0,58,597.0597,594.7489426315419,599.3704573684581,594.6894677372787,stop,-137.4734712378347,0.58,-138.0534712378347,-1.0300658542569305,90208.15703554847
2025-06-09T15:45:00Z,2025-06-09T15:45:00Z,2025-06-09T16:45:00Z,long,0,129,599.709965,598.6633985345529,600.7565314654471,600.6964558123005,target,127.25731478676846,1.29,125.96731478676845,0.9330423289297549,90334.12435033525
2025-06-09T17:30:00Z,2025-06-09T17:30:00Z,2025-06-10T18:45:00Z,long,0,71,600.890083,598.9858259600846,602.7943400399154,602.7340606059114,target,130.92241001970876,0.71,130.21241001970876,0.9630935149347815,90464.33676035496
2025-06-11T14:30:00Z,2025-06-11T14:30:00Z,2025-06-11T18:00:00Z,long,0,36,604.800474,601.1239874432088,608.4769605567913,601.0638750444645,stop,-134.51756239928,0.36,-134.87756239928,-1.019070489626787,90329.45919795567
2025-06-12T16:45:00Z,2025-06-12T16:45:00Z,2025-06-13T13:30:00Z,long,0,91,603.2503190000001,601.7636152307847,604.7370227692155,601.7034388692616,stop,-140.76609189720227,0.91,-141.67609189720227,-1.0472026525903753,90187.78310605847
2025-06-16T16:00:00Z,2025-06-16T16:00:00Z,2025-06-17T13:45:00Z,long,0,33,603.2003139999999,599.2124997953107,607.1881282046892,599.1525785453312,stop,-133.5752700040698,0.33,-133.90527000406982,-1.017533728100301,90053.87783605441
2025-06-17T15:00:00Z,2025-06-17T15:00:00Z,2025-06-17T17:45:00Z,short,0,71,600.429951,602.30740918089,598.55249281911,598.6123480683918,target,129.0498081441766,0.71,128.3398081441766,0.9627926469985179,90182.21764419858
2025-06-17T18:00:00Z,2025-06-17T18:00:00Z,2025-06-20T14:45:00Z,short,0,37,597.960198,601.5541461045533,594.3662498954467,594.4256865204362,target,130.7769247438597,0.37,130.4069247438597,0.9806795693845556,90312.62456894244
2025-06-23T16:15:00Z,2025-06-23T16:15:00Z,2025-06-23T16:15:00Z,long,0,218,595.819576,595.1985157909764,596.4406362090235,595.1389959393973,stop,-148.36645321138099,2.18,-150.546453211381,-1.1119373783234765,90162.07811573106
2025-06-26T15:00:00Z,2025-06-26T15:00:00Z,2025-06-27T13:45:00Z,long,0,34,610.431037,606.5591166660245,614.3029573339754,614.241527038242,target,129.55666130022973,0.34,129.21666130022973,0.9815517134723457,90291.29477703129
2025-06-30T15:45:00Z,2025-06-30T15:45:00Z,2025-07-02T19:00:00Z,long,0,42,616.821676,613.6302324739438,620.0131195260562,619.9511182141036,target,131.436572992352,0.42,131.01657299235202,0.9774392649079479,90422.31135002364
2025-07-03T14:30:00Z,2025-07-03T14:30:00Z,2025-07-07T18:15:00Z,long,0,21,625.0625,618.883140305878,631.241859694122,618.8212519918474,stop,-131.0662081712054,0.21,-131.2762081712054,-1.0116336186254067,90291.03514185244
2025-07-09T18:15:00Z,2025-07-09T18:15:00Z,2025-07-10T14:30:00Z,long,0,86,623.182312,621.621317124027,624.7433068759731,624.6808325452855,target,128.8727668945519,0.86,128.01276689455187,0.9535717049408075,90419.04790874699
2025-07-10T15:45:00Z,2025-07-10T15:45:00Z,2025-07-11T13:30:00Z,long,0,42,625.802574,622.6282752703917,628.9768727296084,622.5660124428647,stop,-135.93558539968512,0.42,-136.3555853996851,-1.0227649738359357,90282.6923233473
2025-07-14T15:00:00Z,2025-07-14T15:00:00Z,2025-07-14T15:30:00Z,short,0,141,623.407653,624.3644853696433,622.4508206303567,624.4269218181802,stop,-143.71690336340737,1.41,-145.12690336340737,-1.0757044293598883,90137.5654199839
2025-07-14T18:15:00Z,2025-07-14T18:15:00Z,2025-07-15T13:30:00Z,long,0,121,624.8324769999999,623.7169970191477,625.9479569808522,625.8853621851541,target,127.3991074036577,1.21,126.1891074036577,0.934920575049164,90263.75452738756
2025-07-15T14:30:00Z,2025-07-15T14:30:00Z,2025-07-15T14:45:00Z,long,0,101,625.552549,624.2226543161993,626.8824436838007,624.1602320507677,stop,-140.62401187246041,1.01,-141.6340118724604,-1.0544571433465606,90122.1205155151
2025-07-15T18:15:00Z,2025-07-15T18:15:00Z,2025-07-15T18:30:00Z,short,0,625,624.6775260000001,624.8937315769626,624.4613204230375,624.5237665550798,target,96.09965307518564,6.25,89.84965307518564,0.6649201511817555,90211.97016859028
2025-07-16T14:30:00Z,2025-07-16T14:30:00Z,2025-07-16T15:15:00Z,short,0,64,622.4277510000001,624.5211404052933,620.3343615947068,620.3963950308663,target,130.00678202456038,0.64,129.3667820245604,0.96559004455772,90341.33695061484
2025-07-16T16:15:00Z,2025-07-16T16:15:00Z,2025-07-16T18:45:00Z,short,0,54,621.5078430000001,623.9733533190183,619.0423326809819,624.0357506543502,stop,-136.50701333490474,0.54,-137.04701333490473,-1.0293640366350991,90204.28993727994
2025-07-21T15:00:00Z,2025-07-21T15:00:00Z,2025-07-22T13:45:00Z,long,0,34,631.0831019999999,627.1618593950262,635.0043446049737,627.0991432090867,stop,-135.4545988910495,0.34,-135.7945988910495,-1.0185441690976411,90068.4953383889
2025-07-22T15:00:00Z,2025-07-22T15:00:00Z,2025-07-23T13:30:00Z,short,0,55,627.897204,630.3445950673793,625.4498129326207,630.407629526886,stop,-138.07340397873133,0.55,-138.62340397873135,-1.0298417610819182,89929.87193441016
2025-07-23T16:30:00Z,2025-07-23T16:30:00Z,2025-07-24T13:30:00Z,long,0,50,631.743168,629.093142941777,634.3931930582229,634.329753738917,target,129.32928694585257,0.5,128.82928694585257,0.972287311367871,90058.70122135601
2025-07-24T14:45:00Z,2025-07-24T14:45:00Z,2025-07-25T19:45:00Z,long,0,36,635.223516,631.5604281899681,638.8866038100319,636.9762959999999,weekend_close,63.10007999999698,0.36,62.74007999999698,0.47576801059124135,90121.44130135601
2025-07-28T15:30:00Z,2025-07-28T15:30:00Z,2025-07-28T17:15:00Z,long,0,244,637.1337070000001,636.5811122181154,637.6863017818847,636.5174541068936,stop,-150.36570591797,2.44,-152.80570591797,-1.1332949814882176,89968.63559543804
2025-07-29T17:30:00Z,2025-07-29T17:30:00Z,2025-07-29T17:30:00Z,short,0,170,636.1163819999999,636.9086883774482,635.3240756225516,635.3876080301138,target,123.89157488063802,1.7,122.19157488063802,0.9071919529424669,90090.82717031868
2025-07-30T18:30:00Z,2025-07-30T18:30:00Z,2025-07-30T18:30:00Z,long,0,134,636.833677,635.8264552157103,637.8408987842896,635.7628725701887,stop,-143.48779359470518,1.34,-144.82779359470518,-1.073055057653948,89945.99937672396
2025-08-04T16:00:00Z,2025-08-04T16:00:00Z,2025-08-07T13:30:00Z,long,0,22,629.922986,624.0122544814509,635.8337175185492,635.7701341467973,target,128.63725922954018,0.22,128.41725922954018,0.9875508857878351,90074.4166359535
2025-08-07T14:30:00Z,2025-08-07T14:30:00Z,2025-08-07T15:45:00Z,long,0,54,633.873381,631.3947820295417,636.3519799704583,631.3316425513387,stop,-137.25387622770745,0.54,-137.79387622770744,-1.0295083952969797,89936.6227597258
2025-08-07T17:30:00Z,2025-08-07T17:30:00Z,2025-08-08T13:30:00Z,short,0,44,629.937,632.9947888318748,626.8792111681253,633.058088310758,stop,-137.32788567335,0.44,-137.76788567335,-1.0239713998949591,89798.85487405244
2025-08-11T17:15:00Z,2025-08-11T17:15:00Z,2025-08-11T17:30:00Z,long,0,203,637.183712,636.5217483864653,637.8456756135347,636.4580962116266,stop,-147.3000050397951,2.0300000000000002,-149.3300050397951,-1.111263177209113,89649.52486901265
2025-08-12T15:45:00Z,2025-08-12T15:45:00Z,2025-08-13T13:30:00Z,long,0,31,640.9940929999999,636.7144913300245,645.2736946699753,645.2091673005083,target,130.66730331575968,0.31,130.35730331575968,0.9825854424747396,89779.8821723284
2025-08-13T14:30:00Z,2025-08-13T14:30:00Z,2025-08-15T19:45:00Z,long,0,34,644.314425,640.4453855530556,648.1834644469444,643.385655,weekend_close,-31.57817999999952,0.34,-31.91817999999952,-0.24263645095202882,89747.96399232841
2025-08-18T15:00:00Z,2025-08-18T15:00:00Z,2025-08-19T13:30:00Z,short,0,135,643.1556780000001,644.1527063359566,642.1586496640435,642.2228655290099,target,125.92968358366932,1.35,124.57968358366932,0.9255629330783287,89872.54367591208
2025-08-19T16:15:00Z,2025-08-19T16:15:00Z,2025-08-20T13:45:00Z,short,0,43,640.175976,643.2434919929668,637.1084600070332,637.1721708530339,target,129.16362131954236,0.43,128.73362131954235,0.97597050963394,90001.27729723162
2025-08-20T14:45:00Z,2025-08-20T14:45:00Z,2025-08-22T14:00:00Z,short,0,18,633.466647,640.642966183681,626.290327816319,640.7070304802993,stop,-130.32690264538792,0.18,-130.50690264538792,-1.0103206525131623,89870.77039458623
2025-08-25T17:00:00Z,2025-08-25T17:00:00Z,2025-08-25T18:15:00Z,long,0,126,645.044498,643.9805001598262,646.1084958401738,643.9161021098103,stop,-142.177882163905,1.26,-143.437882163905,-1.0699231212760612,89727.33251242232
2025-08-27T18:45:00Z,2025-08-27T18:45:00Z,2025-08-28T19:45:00Z,long,0,63,647.2447179999999,645.1305099678115,649.3589260321884,649.2939901395852,target,129.1041447938702,0.63,128.4741447938702,0.9645560458278797,89855.80665721619
2025-09-02T14:30:00Z,2025-09-02T14:30:00Z,2025-09-04T13:30:00Z,short,0,23,639.386055,645.198342612026,633.5737673879742,645.2628624462872,stop,-135.16657126460336,0.23,-135.39657126460335,-1.012821085127828,89720.41008595159
2025-09-04T15:30:00Z,2025-09-04T15:30:00Z,2025-09-05T13:30:00Z,long,0,27,646.284622,641.3389635274015,651.2302804725986,651.1651574445514,target,131.7744570028866,0.27,131.5044570028866,0.9848103081797063,89851.91454295447
2025-09-08T14:45:00Z,2025-09-08T14:45:00Z,2025-09-10T13:30:00Z,long,0,40,649.374931,646.0079841323346,652.7418778676653,652.6766036798786,target,132.06690719514427,0.4,131.66690719514426,0.9776431910733093,89983.58145014962
2025-09-11T15:45:00Z,2025-09-11T15:45:00Z,2025-09-12T19:45:00Z,long,0,26,657.1157049999999,651.968728815858,662.2626811841419,657.33426,weekend_close,5.682430000000977,0.26,5.422430000000977,0.04051990771641867,89989.00388014963
2025-09-15T15:00:00Z,2025-09-15T15:00:00Z,2025-09-17T18:00:00Z,long,0,43,661.026096,657.8989957291159,664.1531962708842,657.833205829543,stop,-137.29427732965428,0.43,-137.72427732965429,-1.0242364788486544,89851.27960281997
2025-09-18T15:15:00Z,2025-09-18T15:15:00Z,2025-09-19T19:45:00Z,long,0,32,662.976291,658.8918610538989,667.060720946101,663.573636,weekend_close,19.11504000000059,0.32,18.79504000000059,0.14380097290215216,89870.07464281996
2025-09-22T15:30:00Z,2025-09-22T15:30:00Z,2025-09-23T17:30:00Z,long,0,56,665.0064940000001,662.6274705236057,667.3855174763945,662.5612077765533,stop,-136.9360285130224,0.56,-137.4960285130224,-1.0320563238694842,89732.57861430694
2025-09-23T18:00:00Z,2025-09-23T18:00:00Z,2025-09-24T16:00:00Z,short,0,45,663.173676,666.1587204637036,660.1886315362964,660.25465039945,target,131.3561520247481,0.45,130.9061520247481,0.9745334235124459,89863.48476633169
2025-09-24T16:30:00Z,2025-09-24T16:30:00Z,2025-09-25T13:30:00Z,short,0,43,660.8539079999999,663.9388572844532,657.7689587155467,657.8347356114182,target,129.8244127090153,0.43,129.39441270901528,0.9754365829437122,89992.87917904071
2025-09-25T14:30:00Z,2025-09-25T14:30:00Z,2025-09-25T18:00:00Z,short,0,39,658.4141520000001,661.8358448250399,654.9924591749602,655.0579584208778,target,130.8915495857699,0.39,130.5015495857699,0.9779351187327452,90123.38072862648
2025-09-25T18:15:00Z,2025-09-25T18:15:00Z,2025-09-26T13:30:00Z,short,0,36,655.954398,659.6548659899206,652.2539300100793,659.7208314765196,stop,-135.59160515470694,0.36,-135.95160515470695,-1.0205286160577294,89987.42912347177
2025-09-29T14:30:00Z,2025-09-29T14:30:00Z,2025-10-02T13:30:00Z,long,0,29,664.826476,660.1779681874513,669.4749838125487,669.4080363141674,target,132.86524911085473,0.29,132.57524911085474,0.9834468389676414,90120.00437258263
2025-10-02T18:30:00Z,2025-10-02T18:30:00Z,2025-10-03T13:45:00Z,long,0,71,669.646958,667.7673315050453,671.5265844949548,671.4594318365054,target,128.68564239187765,0.71,127.97564239187766,0.9589531970013464,90247.9800149745
2025-10-06T16:15:00Z,2025-10-06T16:15:00Z,2025-10-07T13:30:00Z,long,0,104,671.46714,670.1770675330253,672.7572124669747,672.689936745728,target,127.17086155571542,1.04,126.13086155571541,0.9400997050747832,90374.11087653022
2025-10-07T16:45:00Z,2025-10-07T16:45:00Z,2025-10-08T14:00:00Z,short,0,49,669.063087,671.776488905621,666.349685094379,671.8436665545116,stop,-136.24839817107,0.49,-136.73839817107,-1.0284431321179244,90237.37247835915
2025-10-08T16:00:00Z,2025-10-08T16:00:00Z,2025-10-09T17:15:00Z,long,0,39,672.847278,669.3833418049401,676.3112141950598,669.3164034707596,stop,-137.70410664037365,0.39,-138.09410664037364,-1.0222112446211304,90099.27837171877
2025-10-09T17:45:00Z,2025-10-09T17:45:00Z,2025-10-10T13:30:00Z,short,0,71,669.942999,671.8403898556453,668.0456081443547,671.9075738946309,stop,-139.4848175187949,0.71,-140.1948175187949,-1.0406790402493802,89959.08355419997
2025-10-13T17:45:00Z,2025-10-13T17:45:00Z,2025-10-14T13:30:00Z,long,0,87,662.7762710000001,661.2335128665111,664.319029133489,661.1673895152245,stop,-139.97268917547422,0.87,-140.84268917547422,-1.0493423756026083,89818.24086502449
2025-10-14T15:00:00Z,2025-10-14T15:00:00Z,2025-10-14T15:45:00Z,short,0,43,659.694024,662.7943958438991,656.5936521561009,662.8606752834835,stop,-136.16600518978942,0.43,-136.59600518978942,-1.0246033196742126,89681.6448598347
2025-10-14T18:00:00Z,2025-10-14T18:00:00Z,2025-10-14T19:30:00Z,long,0,29,665.216515,660.7080897656322,669.7249402343678,660.6420189566556,stop,-132.66038525698502,0.29,-132.95038525698502,-1.0168730332703824,89548.69447457771
2025-10-15T15:15:00Z,2025-10-15T15:15:00Z,2025-10-15T17:00:00Z,long,0,26,668.356829,663.2439478850131,673.4697101149868,663.1776234902246,stop,-134.65934325415856,0.26,-134.91934325415855,-1.014927864167376,89413.77513132355
2025-10-15T18:30:00Z,2025-10-15T18:30:00Z,2025-10-16T13:30:00Z,short,0,82,664.2535680000001,665.8848041913553,662.6223318086448,665.9513926717744,stop,-139.22162308549719,0.8200000000000001,-140.04162308549718,-1.0469511900391832,89273.73350823805
2025-10-16T14:30:00Z,2025-10-16T14:30:00Z,2025-10-16T15:45:00Z,long,0,52,667.016695,664.4766742038643,669.5567157961358,664.4102265364439,stop,-135.5363601049171,0.52,-136.0563601049171,-1.030097260438433,89137.67714813312
2025-10-16T18:00:00Z,2025-10-16T18:00:00Z,2025-10-16T18:15:00Z,short,0,31,661.7438189999999,665.9357573792576,657.5518806207423,657.6176358088044,target,127.91167892706164,0.31,127.60167892706164,0.9819283631560647,89265.27882706019
2025-10-21T16:15:00Z,2025-10-21T16:15:00Z,2025-10-22T14:15:00Z,long,0,60,672.517245,670.3043188516397,674.7301711483603,670.2372884197545,stop,-136.79739481473234,0.6,-137.39739481473234,-1.0348093098101243,89127.88143224546
2025-10-22T15:45:00Z,2025-10-22T15:45:00Z,2025-10-22T16:30:00Z,short,0,40,668.513142,671.7888314279545,665.2374525720455,665.3039763173027,target,128.36662730789158,0.4,127.96662730789157,0.9766388887163258,89255.84805955335
2025-10-23T15:30:00Z,2025-10-23T15:30:00Z,2025-10-24T13:30:00Z,long,0,50,670.097003,667.4255622716926,672.7684437283074,672.7011668839345,target,130.20819419672875,0.5,129.70819419672875,0.9710729706431521,89385.55625375008
2025-10-27T14:30:00Z,2025-10-27T14:30:00Z,2025-10-29T13:45:00Z,long,0,20,683.098303,676.5914161249747,689.6051898750253,689.5362293560378,target,128.75852712075584,0.2,128.55852712075585,0.9878650850239016,89514.11478087083
2025-10-29T15:00:00Z,2025-10-29T15:00:00Z,2025-10-29T18:30:00Z,long,0,69,688.428836,686.4871422221929,690.3705297778072,686.4184935079707,stop,-138.71363195002823,0.6900000000000001,-139.40363195002823,-1.0405052099981933,89374.7111489208
2025-10-30T17:00:00Z,2025-10-30T17:00:00Z,2025-10-30T18:15:00Z,short,0,75,684.351558,686.1192301025508,682.5838858974491,682.6521442860388,target,127.45602854708409,0.75,126.70602854708409,0.9557279947583222,89501.41717746788
2025-11-03T19:00:00Z,2025-11-03T19:00:00Z,2025-11-04T14:30:00Z,long,0,102,683.658359,682.3433990656172,684.9733189343829,682.2751647257106,stop,-141.08581597751822,1.02,-142.10581597751823,-1.059495607326828,89359.31136149037
2025-11-04T16:30:00Z,2025-11-04T16:30:00Z,2025-11-06T15:00:00Z,short,0,26,678.142179,683.2339330894873,673.0504249105128,673.1177299530038,target,130.63567522190147,0.26,130.37567522190147,0.9848176009421458,89489.68703671228
2025-11-06T16:45:00Z,2025-11-06T16:45:00Z,2025-11-07T20:45:00Z,short,0,14,669.903003,679.1925601477162,660.6134458522838,670.987092,weekend_close,-15.177245999999286,0.14,-15.317245999999287,-0.11777622793018991,89474.36979071227
2025-11-10T18:45:00Z,2025-11-10T18:45:00Z,2025-11-13T18:30:00Z,long,0,16,680.2780210000001,672.2664416816663,688.2896003183339,672.1992150374981,stop,-129.2608954000316,0.16,-129.42089540003158,-1.0096393783422242,89344.94889531223
2025-11-13T19:30:00Z,2025-11-13T19:30:00Z,2025-11-14T14:30:00Z,short,0,23,673.442649,679.1034054981133,667.7818925018867,667.8486706911368,target,128.6615011038523,0.23,128.4315011038523,0.9864367617162569,89473.38039641609
2025-11-17T16:15:00Z,2025-11-17T16:15:00Z,2025-11-17T19:45:00Z,short,0,27,668.603133,673.497990161635,663.7082758383649,663.7746466659487,target,130.3691310193841,0.27,130.0991310193841,0.9843977413309675,89603.47952743547
2025-11-18T16:00:00Z,2025-11-18T16:00:00Z,2025-11-20T14:30:00Z,short,0,11,657.164277,668.6575902151454,645.6709637848545,668.724455974167,stop,-127.16196871583702,0.11,-127.27196871583702,-1.0066878677699524,89476.20755871963
2025-11-20T16:15:00Z,2025-11-20T16:15:00Z,2025-11-20T16:45:00Z,long,0,16,670.0069940000001,661.9370003978117,678.0769876021884,661.870806697772,stop,-130.17899683564974,0.16,-130.33899683564974,-1.0094416060031466,89345.86856188398
2025-11-20T19:00:00Z,2025-11-20T19:00:00Z,2025-11-21T20:45:00Z,short,0,11,654.9744959999999,667.108628576685,642.8403634233149,659.105904,weekend_close,-45.445488000000864,0.11,-45.555488000000864,-0.3413023529969939,89300.31307388398
2025-11-24T16:00:00Z,2025-11-24T16:00:00Z,2025-11-25T17:15:00Z,long,0,19,666.6066539999999,659.6108461193471,673.6024618806528,673.5351016344647,target,131.64050505483044,0.19,131.45050505483044,0.9889419138564394,89431.76357893882
2025-11-25T17:45:00Z,2025-11-25T17:45:00Z,2025-11-26T16:15:00Z,long,0,20,673.937387,667.4553563917664,680.4194176082335,680.3513756664727,target,128.27977332945466,0.2,128.07977332945467,0.9879602633067316,89559.84335226828
2025-12-01T18:45:00Z,2025-12-01T18:45:00Z,2025-12-01T19:15:00Z,long,0,70,682.8482779999999,680.9379678905336,684.7585881094662,680.8698740937446,stop,-138.48827343787661,0.7000000000000001,-139.1882734378766,-1.040880167257707,89420.6550788304
2025-12-02T19:30:00Z,2025-12-02T19:30:00Z,2025-12-02T19:30:00Z,short,0,409,681.301863,681.6295016653182,680.9742243346818,681.6976646154848,stop,-161.8828607332598,4.09,-165.9728607332598,-1.2385644871634003,89254.68221809714
2025-12-03T17:45:00Z,2025-12-03T17:45:00Z,2025-12-04T19:15:00Z,long,0,58,683.7383669999999,681.4584648732763,686.0182691267236,681.3903190267889,stop,-136.18678244623857,0.58,-136.76678244623858,-1.0342759654335114,89117.9154356509
2025-12-08T16:45:00Z,2025-12-08T16:45:00Z,2025-12-08T18:45:00Z,short,0,64,683.761617,685.8229829913395,681.7002510086605,681.7684210337613,target,127.56454183927417,0.64,126.92454183927417,0.962078531697315,89244.83997749016
2025-12-09T17:00:00Z,2025-12-09T17:00:00Z,2025-12-09T19:30:00Z,long,0,76,685.028496,683.2821226685923,686.7748693314078,683.2137944563254,stop,-137.91731731926757,0.76,-138.67731731926756,-1.0448519287703877,89106.1626601709
2025-12-11T18:00:00Z,2025-12-11T18:00:00Z,2025-12-12T15:15:00Z,long,0,52,687.3487279999999,684.8207399612925,689.8767160387074,684.7522578872963,stop,-135.01644586058865,0.52,-135.53644586058866,-1.0310452710987874,88970.62621431031
2025-12-15T16:45:00Z,2025-12-15T16:45:00Z,2025-12-16T14:45:00Z,short,0,50,680.5019430000001,683.155071319788,677.8488146802122,677.9165995616802,target,129.2671719159955,0.5,128.7671719159955,0.9706818245887812,89099.39338622631
2025-12-16T16:00:00Z,2025-12-16T16:00:00Z,2025-12-16T17:30:00Z,short,0,52,678.922101,681.4457407137775,676.3984612862225,676.4661011323511,target,127.71199311774126,0.52,127.19199311774126,0.9692349721298427,89226.58537934405
2025-12-16T18:45:00Z,2025-12-16T18:45:00Z,2025-12-16T20:30:00Z,short,0,63,677.7922140000001,679.8836766330734,675.7007513669267,679.9516650007366,stop,-136.04541304640372,0.63,-136.67541304640372,-1.0372889127589366,89089.90996629764
2025-12-17T17:45:00Z,2025-12-17T17:45:00Z,2025-12-18T14:30:00Z,short,0,26,673.542639,678.5806680861641,668.5046099138359,678.6485261529727,stop,-132.75306597729127,0.26,-133.01306597729126,-1.0154540725107086,88956.89690032034
2025-12-18T17:00:00Z,2025-12-18T17:00:00Z,2025-12-19T20:45:00Z,long,0,25,679.6179549999999,674.3596596833704,684.8762503166295,680.5219410000001,weekend_close,22.599650000003635,0.25,22.349650000003635,0.17001441459038746,88979.24655032034
2025-12-22T15:30:00Z,2025-12-22T15:30:00Z,2025-12-23T20:00:00Z,long,0,32,683.8383769999999,679.6872006868779,687.989553313122,687.9207543577907,target,130.63607544930346,0.32,130.31607544930347,0.9810176804386193,89109.56262576964
2025-12-24T16:00:00Z,2025-12-24T16:00:00Z,2025-12-26T20:45:00Z,long,0,47,689.538947,686.7505563644166,692.3273376355834,690.180975,weekend_close,30.175315999999157,0.47000000000000003,29.705315999999158,0.22666408068314048,89139.26794176963
2025-12-29T16:45:00Z,2025-12-29T16:45:00Z,2025-12-31T20:00:00Z,short,0,43,686.811312,689.9193567557776,683.7032672442225,683.771637570947,target,130.706000449283,0.43,130.276000449283,0.9747846852659486,89269.54394221892
2026-01-05T16:00:00Z,2026-01-05T16:00:00Z,2026-01-09T17:00:00Z,long,0,23,688.3888320000001,682.6160621208363,694.1616018791639,694.092185718976,target,131.1771355364458,0.23,130.9471355364458,0.9862429714244259,89400.49107775537
2026-01-12T18:15:00Z,2026-01-12T18:15:00Z,2026-01-13T15:00:00Z,long,0,84,695.019495,693.4243437816848,696.6146462183152,693.3550013473066,stop,-139.81746682624635,0.84,-140.65746682624635,-1.0497397572513538,89259.83361092913
2026-01-14T18:00:00Z,2026-01-14T18:00:00Z,2026-01-15T14:30:00Z,short,0,25,686.561337,691.7853860717172,681.3372879282828,691.8545646103244,stop,-132.33069025810948,0.25,-132.58069025810948,-1.0151565457215612,89127.25292067102
2026-01-15T16:15:00Z,2026-01-15T16:15:00Z,2026-01-16T20:45:00Z,long,0,22,694.549448,688.6053718485665,700.4935241514335,691.510842,weekend_close,-66.8493319999991,0.22,-67.0693319999991,-0.5128813834702899,89060.18358867102
2026-01-20T15:30:00Z,2026-01-20T15:30:00Z,2026-01-23T20:45:00Z,short,0,14,683.781615,692.8018312511316,674.7613987488684,689.258919,weekend_close,-76.68225600000005,0.14,-76.82225600000005,-0.6083339741784577,88983.36133267102
2026-01-26T16:45:00Z,2026-01-26T16:45:00Z,2026-01-28T14:30:00Z,long,0,35,692.979291,689.2483356241636,696.7102463758364,696.6405753511988,target,128.14495229195757,0.35000000000000003,127.79495229195757,0.9786459454450716,89111.15628496297
2026-01-28T15:45:00Z,2026-01-28T15:45:00Z,2026-01-28T16:30:00Z,long,0,232,695.889582,695.3139609334239,696.4652030665761,695.2444295373306,stop,-149.6753713393109,2.32,-151.9953713393109,-1.1381662359343547,88959.16091362367
2026-01-28T18:30:00Z,2026-01-28T18:30:00Z,2026-01-28T19:00:00Z,short,0,148,695.090484,695.9904820963432,694.1904859036567,694.2599049522471,target,122.92569906742165,1.48,121.44569906742164,0.9117564260268438,89080.60661269109
2026-01-29T16:45:00Z,2026-01-29T16:45:00Z,2026-01-30T20:45:00Z,short,0,18,688.411152,695.5124106391643,681.3098933608358,691.909184,weekend_close,-62.9645759999994,0.18,-63.1445759999994,-0.49400144090693543,89017.46203669108
2026-02-02T16:45:00Z,2026-02-02T16:45:00Z,2026-02-03T15:15:00Z,long,0,30,695.219515,690.8156799379113,699.6233500620887,690.7465983699176,stop,-134.18749890247227,0.3,-134.48749890247228,-1.017957431847196,88882.97453778861
2026-02-03T17:15:00Z,2026-02-03T17:15:00Z,2026-02-04T17:30:00Z,short,0,21,689.051088,695.1808472974315,682.9213287025686,682.9896208354389,target,127.29081045578357,0.21,127.08081045578358,0.9872275355244226,89010.0553482444
2026-02-04T17:45:00Z,2026-02-04T17:45:00Z,2026-02-05T15:15:00Z,short,0,21,683.03169,689.2686940240252,676.7946859759749,676.8623654445724,target,129.55581566397916,0.21,129.34581566397915,0.9875453874491077,89139.40116390838
2026-02-05T16:45:00Z,2026-02-05T16:45:00Z,2026-02-06T14:45:00Z,short,0,20,679.892004,686.3785612853845,673.4054467146156,686.447199141513,stop,-131.10390283025936,0.2,-131.30390283025935,-1.0121232038304298,89008.09726107812
2026-02-09T16:15:00Z,2026-02-09T16:15:00Z,2026-02-12T16:00:00Z,long,0,19,694.36943,687.3466462900153,701.3922137099846,687.2779116253863,stop,-134.73884911765947,0.19,-134.92884911765947,-1.011211318457247,88873.16841196046
2026-02-12T17:45:00Z,2026-02-12T17:45:00Z,2026-02-13T20:45:00Z,short,0,16,685.0414890000001,693.1300591096447,676.9529188903555,681.6681600000001,weekend_close,53.9732640000002,0.16,53.8132640000002,0.4158125545564191,88926.98167596046
2026-02-18T16:00:00Z,2026-02-18T16:00:00Z,2026-02-19T17:45:00Z,long,0,21,688.588852,682.3800878310286,694.7976161689713,682.3118498222456,stop,-131.81704573284264,0.21,-132.02704573284265,-1.012601220895787,88794.95463022761
2026-02-23T17:15:00Z,2026-02-23T17:15:00Z,2026-02-24T17:00:00Z,short,0,22,681.701823,687.5187995322217,675.8848464677783,687.5875514121749,stop,-129.48602506784778,0.22,-129.70602506784778,-1.0135382839378793,88665.24860515977
2026-02-24T17:15:00Z,2026-02-24T17:15:00Z,2026-02-25T14:45:00Z,long,0,28,687.308724,682.7162396915153,691.9012083084847,691.8320181876538,target,126.65223725430769,0.28,126.37223725430769,0.9827565832539594,88791.62084241408
2026-02-25T15:30:00Z,2026-02-25T15:30:00Z,2026-02-26T15:15:00Z,long,0,25,691.209114,685.9635699512003,696.4546580487997,685.8949735942051,stop,-132.8535101448722,0.25,-133.1035101448722,-1.0149834519096532,88658.51733226921
2026-02-26T17:15:00Z,2026-02-26T17:15:00Z,2026-02-27T20:45:00Z,short,0,24,686.191374,691.7101272585197,680.6726207414803,686.318625,weekend_close,-3.0540240000000267,0.24,-3.294024000000027,-0.024869928690527378,88655.22330826921
2026-03-02T16:00:00Z,2026-03-02T16:00:00Z,2026-03-02T16:00:00Z,short,0,137,684.1215810000001,685.0910878382057,683.1520741617945,685.1595969469895,stop,-142.2081847375464,1.37,-143.5781847375464,-1.0809783961185093,88511.64512353166
2026-03-02T18:45:00Z,2026-03-02T18:45:00Z,2026-03-02T19:30:00Z,long,0,63,686.288622,684.182823507082,688.394420492918,688.3255810508688,target,128.32842020473095,0.63,127.69842020473095,0.9625607852249949,88639.3435437364
2026-03-03T16:30:00Z,2026-03-03T16:30:00Z,2026-03-04T16:00:00Z,short,0,12,675.9324,686.3312235600063,665.5335764399938,686.3998566823623,stop,-125.60948018834688,0.12,-125.72948018834688,-1.0075617325269781,88513.61406354806
2026-03-05T16:45:00Z,2026-03-05T16:45:00Z,2026-03-06T14:30:00Z,short,0,26,680.171976,685.2273080447056,675.1166439552943,675.1841556196898,target,129.683329888064,0.26,129.42332988806402,0.9846673445561925,88643.03739343611
2026-03-10T14:30:00Z,2026-03-10T14:30:00Z,2026-03-12T13:30:00Z,long,0,17,677.707764,669.9969621612432,685.4185658387568,669.9299624650271,stop,-132.2226260945397,0.17,-132.39262609453968,-1.0099859518927246,88510.64476734157
2026-03-12T14:30:00Z,2026-03-12T14:30:00Z,2026-03-13T19:45:00Z,short,0,16,667.9931939999999,676.1642338004871,659.8221541995127,662.376231,weekend_close,89.87140799999906,0.16,89.71140799999907,0.6861994479167326,88600.35617534157
2026-03-16T16:00:00Z,2026-03-16T16:00:00Z,2026-03-16T19:00:00Z,long,0,39,668.536847,665.1990629920697,671.8746310079302,671.8074435448294,target,127.55326524834891,0.39,127.1632652483489,0.9768746381079687,88727.51944058992
2026-03-17T14:30:00Z,2026-03-17T14:30:00Z,2026-03-18T13:30:00Z,long,0,30,672.6372570000001,668.3370593729143,676.9374546270859,668.270225666977,stop,-131.01093999069235,0.3,-131.31093999069236,-1.0178674825206406,88596.20850059923
2026-03-18T15:30:00Z,2026-03-18T15:30:00Z,2026-03-18T19:30:00Z,short,0,30,666.843309,671.2033516558738,662.4832663441262,662.5495146707606,target,128.81382987718212,0.3,128.5138298771821,0.9825120227822309,88724.7223304764
2026-03-23T16:00:00Z,2026-03-23T16:00:00Z,2026-03-24T13:30:00Z,long,0,33,656.055599,652.057331888286,660.0538661117141,651.9921261550971,stop,-134.09460388179536,0.33,-134.42460388179538,-1.018809582023289,88590.29772659461
2026-03-24T15:45:00Z,2026-03-24T15:45:00Z,2026-03-24T15:45:00Z,short,0,251,656.1643770000001,656.6926604245863,655.6360935754138,656.7583296906288,stop,-149.08212534781012,2.5100000000000002,-151.5921253478101,-1.1432361162983171,88438.7056012468
2026-03-24T18:45:00Z,2026-03-24T18:45:00Z,2026-03-24T18:45:00Z,short,0,627,655.2644670000001,655.475796718836,655.0531372811641,655.5413442985079,stop,-173.602066164372,6.2700000000000005,-179.872066164372,-1.357486775111257,88258.83353508242
2026-03-25T15:00:00Z,2026-03-25T15:00:00Z,2026-03-25T15:15:00Z,long,0,31,658.7558690000001,654.6002340064296,662.9115039935706,654.5347739830289,stop,-130.85394552610603,0.31,-131.16394552610603,-1.0181584820412275,88127.66958955632
2026-03-25T15:45:00Z,2026-03-25T15:45:00Z,2026-03-25T17:30:00Z,long,0,68,656.7456679999999,654.8107643739276,658.6805716260723,658.6147035689097,target,127.094418685866,0.68,126.414418685866,0.9607897488328321,88254.08400824218
2026-03-25T17:45:00Z,2026-03-25T17:45:00Z,2026-03-25T18:45:00Z,long,0,46,658.905884,656.0819132658455,661.7298547341545,656.016305074519,stop,-132.9206305721275,0.46,-133.3806305721275,-1.0267737163179809,88120.70337767006
2026-03-26T14:45:00Z,2026-03-26T14:45:00Z,2026-03-26T17:15:00Z,short,0,28,652.594734,657.1822802381773,648.0071877618227,648.0719884805989,target,126.63687454323235,0.28,126.35687454323235,0.9836948305493539,88247.06025221328
2026-03-30T18:00:00Z,2026-03-30T18:00:00Z,2026-03-30T19:15:00Z,short,0,31,633.496644,637.6907385527164,629.3025494472835,629.3654797022282,target,128.0660932309246,0.31,127.75609323092459,0.9826112039134928,88374.81634544421
2026-03-31T16:00:00Z,2026-03-31T16:00:00Z,2026-03-31T16:30:00Z,long,0,25,639.853979,634.72846596104,644.97949203896,644.9149940897561,target,126.52537724390243,0.25,126.27537724390243,0.9854652697910219,88501.09172268811
2026-03-31T17:30:00Z,2026-03-31T17:30:00Z,2026-04-01T15:30:00Z,long,0,13,647.094703,636.9867619911023,657.2026440088977,657.1369237444968,target,130.5488696784588,0.13,130.4188696784588,0.9925088339619119,88631.51059236657
2026-04-07T16:00:00Z,2026-04-07T16:00:00Z,2026-04-07T17:30:00Z,short,0,38,653.754618,657.1812350298292,650.3280009701709,657.2469531533321,stop,-132.70873582661898,0.38,-133.08873582661897,-1.0220970487346048,88498.42185653995
2026-04-07T18:45:00Z,2026-04-07T18:45:00Z,2026-04-07T18:45:00Z,long,0,387,655.5355470000001,655.1928728844553,655.8782211155449,655.1273535971668,stop,-157.9708468964726,3.87,-161.8408468964726,-1.2203822344981798,88336.58100964347
2026-04-08T15:30:00Z,2026-04-08T15:30:00Z,2026-04-10T19:45:00Z,long,0,7,673.157309,655.6669898814861,690.647628118514,679.2420689999999,weekend_close,42.593319999998926,0.07,42.523319999998925,0.347321278636337,88379.10432964347
2026-04-13T16:45:00Z,2026-04-13T16:45:00Z,2026-04-13T19:30:00Z,long,0,53,681.5881519999999,679.0931510702455,684.0831529297543,684.0147446144614,target,128.6094085664579,0.53,128.0794085664579,0.9685738332367547,88507.18373820992
2026-04-14T16:45:00Z,2026-04-14T16:45:00Z,2026-04-16T16:15:00Z,long,0,14,693.56935,684.5486645704926,702.5900354295073,702.5197764259644,target,125.30596996350232,0.14,125.16596996350232,0.9911027821366691,88632.34970817342
2026-04-20T17:00:00Z,2026-04-20T17:00:00Z,2026-04-21T13:30:00Z,short,0,98,707.569236,708.924414026889,706.214057973111,708.9953064682917,stop,-139.75490589258084,0.98,-140.73490589258083,-1.0596913761864435,88491.61480228085
2026-04-21T17:15:00Z,2026-04-21T17:15:00Z,2026-04-22T13:30:00Z,short,0,31,704.639529,708.8432694079856,700.4357885920144,708.9141537349265,stop,-132.513366782719,0.31,-132.823366782719,-1.0192410375262855,88358.79143549813
2026-04-22T16:00:00Z,2026-04-22T16:00:00Z,2026-04-23T17:15:00Z,long,0,43,709.720965,706.6828565681438,712.7590734318561,706.6121882824871,stop,-133.67739885305514,0.43,-134.10739885305514,-1.0265521417244134,88224.68403664508
2026-04-27T17:45:00Z,2026-04-27T17:45:00Z,2026-04-28T13:30:00Z,long,0,67,714.921485,712.9619315378739,716.8810384621261,712.8906353447201,stop,-136.06692690375291,0.67,-136.7369269037529,-1.0414871013856282,88087.94710974132
2026-04-28T15:45:00Z,2026-04-28T15:45:00Z,2026-04-30T13:30:00Z,short,0,29,709.719021,714.2257644802337,705.2122775197663,714.2971870566818,stop,-132.76681564377122,0.29,-133.05681564377122,-1.0180668318055346,87954.89029409755
2026-04-30T15:00:00Z,2026-04-30T15:00:00Z,2026-04-30T18:00:00Z,long,0,35,713.941387,710.2036990052835,717.6790749947164,717.6073070872169,target,128.30720305259263,0.35000000000000003,127.95720305259263,0.9781233993808188,88082.84749715014
2026-04-30T18:30:00Z,2026-04-30T18:30:00Z,2026-05-01T13:45:00Z,long,0,23,717.9717899999999,712.2787760810702,723.6648039189297,723.5924374385378,target,129.27489108637042,0.23,129.04489108637043,0.985532007902171,88211.8923882365
2026-05-04T16:45:00Z,2026-05-04T16:45:00Z,2026-05-05T13:30:00Z,short,0,28,716.818311,721.3905635381547,712.2460584618453,721.4627025945084,stop,-130.04296464623576,0.28,-130.32296464623576,-1.0179646805744709,88081.56942359026
2026-05-05T15:45:00Z,2026-05-05T15:45:00Z,2026-05-06T13:30:00Z,long,0,28,723.202313,718.6242216070693,727.7804043929307,727.7076263524914,target,126.14877386975877,0.28,125.86877386975877,0.981918657070256,88207.43819746003
2026-05-06T14:30:00Z,2026-05-06T14:30:00Z,2026-05-08T14:15:00Z,long,0,17,730.1130039999999,722.6827712526317,737.5432367473682,737.4694824236934,target,125.0601332027893,0.17,124.8901332027893,0.988727900387185,88332.32833066281
2026-05-11T14:45:00Z,2026-05-11T14:45:00Z,2026-05-12T13:30:00Z,long,0,46,739.043897,736.2049293887117,741.8828646112884,736.1313088957728,stop,-133.97905279445172,0.46,-134.43905279445173,-1.0294545427733535,88197.88927786837
2026-05-12T15:00:00Z,2026-05-12T15:00:00Z,2026-05-13T15:00:00Z,short,0,24,733.7066219999999,739.1951655676206,728.2180784323792,739.2690850841774,stop,-133.49911402025919,0.24,-133.7391140202592,-1.0152899426820348,88064.15016384811
2026-05-13T15:30:00Z,2026-05-13T15:30:00Z,2026-05-13T18:00:00Z,long,0,36,739.343927,735.7015604971026,742.9862935028974,742.9119948735471,target,128.45044344769485,0.36,128.09044344769484,0.9768560826365862,88192.24060729581
2026-05-14T14:45:00Z,2026-05-14T14:45:00Z,2026-05-15T13:30:00Z,long,0,20,747.054698,740.5950925698088,753.5143034301913,740.5210330605519,stop,-130.67329878896317,0.2,-130.87329878896315,-1.013013102760742,88061.36730850684
2026-05-18T15:30:00Z,2026-05-18T15:30:00Z,2026-05-21T17:15:00Z,short,0,20,735.516441,742.0160725315613,729.0168094684386,742.0902741388145,stop,-131.47666277629014,0.2,-131.67666277629013,-1.0129548277997409,87929.69064573056
2026-05-21T18:30:00Z,2026-05-21T18:30:00Z,2026-05-22T13:30:00Z,long,0,29,743.424335,738.9129612646736,747.9357087353264,747.8609151644529,target,128.6608247691322,0.29,128.3708247691322,0.9812044898409571,88058.0614704997
2026-05-26T15:00:00Z,2026-05-26T15:00:00Z,2026-05-29T13:30:00Z,long,0,24,751.465139,746.1204051356845,756.8098728643156,756.7341918770292,target,126.45726904869935,0.24,126.21726904869935,0.9839690825658344,88184.2787395484
2026-06-01T17:45:00Z,2026-06-01T17:45:00Z,2026-06-03T13:45:00Z,long,0,37,759.5459470000001,755.9826997551199,763.1091942448802,755.9071014851444,stop,-134.63728404966048,0.37,-135.00728404966048,-1.0240225457547325,88049.27145549875
2026-06-03T15:45:00Z,2026-06-03T15:45:00Z,2026-06-05T13:30:00Z,short,0,33,755.1244800000001,759.0581367266714,751.1908232733288,751.2659423556561,target,127.33174226335143,0.33,127.00174226335143,0.9783613344422792,88176.2731977621
2026-06-08T18:00:00Z,2026-06-08T18:00:00Z,2026-06-08T19:15:00Z,short,0,48,741.055887,743.791254819242,738.320519180758,738.3943512326761,target,127.75371683154845,0.48,127.27371683154844,0.9693525487401109,88303.54691459365
2026-06-09T16:45:00Z,2026-06-09T16:45:00Z,2026-06-12T14:45:00Z,short,0,7,724.607532,742.2248707398581,706.9901932601418,742.2990932269321,stop,-123.84092858852466,0.07,-123.91092858852465,-1.0047806588905162,88179.63598600513
2026-06-15T14:30:00Z,2026-06-15T14:30:00Z,2026-06-17T19:30:00Z,long,0,9,753.725365,739.5208263754869,767.9299036245131,739.4468742928493,stop,-128.50641636435626,0.09,-128.59641636435626,-1.0059102294595252,88051.03956964078
2026-06-22T17:00:00Z,2026-06-22T17:00:00Z,2026-06-23T13:30:00Z,short,0,60,744.8855040000001,747.0520863600135,742.7189216399867,742.7931935321507,target,125.53862807096493,0.6,124.93862807096494,0.9611037670575865,88175.97819771174
2026-06-23T16:30:00Z,2026-06-23T16:30:00Z,2026-06-24T17:30:00Z,short,0,23,737.306262,742.883032720987,731.7294912790129,731.8026642281408,target,126.58274875276106,0.23,126.35274875276106,0.9850858223712047,88302.3309464645
2026-06-25T18:00:00Z,2026-06-25T18:00:00Z,2026-06-25T18:00:00Z,short,0,94,733.366656,734.7700963899218,731.9632156100782,732.0364119316392,target,125.04294242591504,0.9400000000000001,124.10294242591505,0.9407197326238877,88426.43388889042
2026-06-25T18:45:00Z,2026-06-25T18:45:00Z,2026-06-25T18:45:00Z,short,0,148,733.846608,734.7368131757703,732.9564028242296,733.029698464512,target,120.90261125222105,1.48,119.42261125222105,0.9064309638389972,88545.85650014263
2026-06-29T16:00:00Z,2026-06-29T16:00:00Z,2026-06-30T14:00:00Z,long,0,24,738.613854,733.1640964897268,744.0636115102731,743.9892051491221,target,129.00842757893133,0.24,128.76842757893132,0.984511905164245,88674.62492772157
2026-06-30T14:45:00Z,2026-06-30T14:45:00Z,2026-07-06T18:15:00Z,long,0,19,744.87448,738.1397049261556,751.6092550738443,751.534094148337,target,126.53266881840352,0.19,126.34266881840352,0.9873550453320856,88800.96759653997
2026-07-07T16:15:00Z,2026-07-07T16:15:00Z,2026-07-08T13:30:00Z,short,0,65,747.975195,750.0041104438193,745.9462795561807,746.0208741841363,target,127.03085303113653,0.65,126.38085303113652,0.958305493600848,88927.3484495711
2026-07-08T14:45:00Z,2026-07-08T14:45:00Z,2026-07-09T13:45:00Z,short,0,21,742.3557569999999,748.615831149088,736.0956828509119,748.6906927322028,stop,-133.03365037626077,0.21,-133.24365037626077,-1.0135560028673487,88794.10479919484
2026-07-09T18:30:00Z,2026-07-09T18:30:00Z,2026-07-10T19:45:00Z,long,0,31,751.5251450000001,747.3398141135751,755.710475886425,754.82451,weekend_close,102.28031499999895,0.31,101.97031499999895,0.7859271080977079,88896.07511419484
2026-07-13T16:15:00Z,2026-07-13T16:15:00Z,2026-07-13T16:30:00Z,short,0,61,751.3448579999999,753.5202676147873,749.1694483852126,749.2443653300511,target,128.13005286687894,0.61,127.52005286687894,0.9609650779047451,89023.59516706172
2026-07-14T16:30:00Z,2026-07-14T16:30:00Z,2026-07-14T16:30:00Z,long,0,255,750.8550779999999,750.332474868634,751.3776811313659,751.3025433632528,target,114.10366762947206,2.5500000000000003,111.55366762947206,0.8370890585929284,89135.1488346912
2026-07-14T18:15:00Z,2026-07-14T18:15:00Z,2026-07-15T13:30:00Z,long,0,71,752.67526,750.8130141614218,754.5375058385781,754.4620520879943,target,126.86223824759429,0.71,126.1522382475943,0.9541125297135351,89261.30107293879
2026-07-15T14:30:00Z,2026-07-15T14:30:00Z,2026-07-15T16:00:00Z,long,0,40,754.715464,751.4006383160055,758.0302896839945,751.3254982521739,stop,-135.5986299130427,0.4,-135.99862991304272,-1.0256846277747422,89125.30244302575
2026-07-16T18:30:00Z,2026-07-16T18:30:00Z,2026-07-16T19:45:00Z,short,0,54,750.8449079999999,753.2956403038083,748.3941756961915,748.4690151137611,target,128.29821585689683,0.54,127.75821585689683,0.9653820135974246,89253.06065888265
