decision_timestamp,entry_timestamp,exit_timestamp,side,rrms_tier,quantity,entry_price,stop_price,target_price,exit_price,exit_reason,gross_pnl,costs,net_pnl,result_r,equity_after
2020-08-03T04:00:00Z,2020-08-03T04:00:00Z,2020-08-07T20:00:00Z,short,0,13159,1.3092183483,1.3206173299123467,1.2978193666876532,1.30530636505,weekend_close,51.477787586748185,4.0,47.477787586748185,0.3165202740521152,100047.47778758674
2020-08-10T14:00:00Z,2020-08-10T14:00:00Z,2020-08-12T11:00:00Z,short,0,18664,1.3094233339499999,1.3174636265653275,1.3013830413346723,1.3014741381475659,target,148.3637904566287,4.0,144.3637904566287,0.9620146730461357,100191.84157804337
2020-08-12T17:00:00Z,2020-08-12T17:00:00Z,2020-08-14T20:00:00Z,short,0,13292,1.3043186913,1.315625167129009,1.293012215470991,1.30898662265,weekend_close,-62.04614350419983,4.0,-66.04614350419983,-0.439470646478235,100125.79543453918
2020-08-17T04:00:00Z,2020-08-17T04:00:00Z,2020-08-18T13:00:00Z,long,0,13128,1.31000669405,1.2985667018232965,1.3214466862767034,1.321354185008664,target,148.96986130534313,4.0,144.96986130534313,0.9652802623476684,100270.76529584453
2020-08-21T00:00:00Z,2020-08-21T00:00:00Z,2020-08-21T20:00:00Z,long,0,7888,1.3219425295,1.3028767254516918,1.3410083335483083,1.3088433745499999,weekend_close,-103.32613424560107,4.0,-107.32613424560107,-0.7136470251664087,100163.43916159893
2020-08-24T23:00:00Z,2020-08-24T23:00:00Z,2020-08-26T14:00:00Z,short,0,10600,1.3068685128,1.3210423047726074,1.2926947208273925,1.3211347777339415,stop,-151.22240829978057,4.0,-155.22240829978057,-1.0331479009151623,100008.21675329914
2020-08-26T18:00:00Z,2020-08-26T18:00:00Z,2020-08-28T20:00:00Z,long,0,9209,1.3198423825,1.3035538217166407,1.3361309432833595,1.33497154545,weekend_close,139.32446160654894,4.0,135.32446160654894,0.9021549203691249,100143.5412149057
2020-08-31T20:00:00Z,2020-08-31T20:00:00Z,2020-09-04T13:00:00Z,long,0,10236,1.3365335508,1.3218592361541532,1.3512078654458468,1.3217667060076224,stop,-151.15342329477778,4.0,-155.15342329477778,-1.032935629752646,99988.38779161092
2020-09-07T07:00:00Z,2020-09-07T07:00:00Z,2020-09-08T10:00:00Z,short,0,9061,1.3199825947500001,1.3365344678751987,1.3034307216248016,1.3035219617753153,target,149.14979538361905,4.0,145.14979538361905,0.9678167827405904,100133.53758699454
2020-09-08T13:00:00Z,2020-09-08T13:00:00Z,2020-09-10T16:00:00Z,short,0,6290,1.30372373295,1.3276016743623356,1.2798457915376644,1.279935380743072,target,149.62873538157703,4.0,145.62873538157703,0.9696155024181639,100279.16632237611
2020-09-14T14:00:00Z,2020-09-14T14:00:00Z,2020-09-18T20:00:00Z,long,0,8378,1.28959526535,1.2716431552531,1.3075473754469,1.29170457435,weekend_close,17.671790801999567,4.0,13.671790801999567,0.09090118512559597,100292.8381131781
2020-09-20T23:00:00Z,2020-09-20T23:00:00Z,2020-09-21T14:00:00Z,short,0,11436,1.29313447425,1.3062889860110423,1.2799799624889576,1.280069561086332,target,149.410346939707,4.0,145.410346939707,0.9665991978163339,100438.24846011781
2020-09-21T16:00:00Z,2020-09-21T16:00:00Z,2020-09-25T20:00:00Z,short,0,5907,1.2793504392,1.3048529249108751,1.2538479534891247,1.27446420625,weekend_close,28.862978035649423,4.0,24.862978035649423,0.16504549044288355,100463.11143815346
2020-09-28T05:00:00Z,2020-09-28T05:00:00Z,2020-09-28T10:00:00Z,long,0,11111,1.2769843826499998,1.263421848577313,1.2905469167226866,1.290456578438516,target,149.68956740620368,4.0,145.68956740620368,0.9667951518652013,100608.80100555967
2020-09-29T04:00:00Z,2020-09-29T04:00:00Z,2020-10-02T20:00:00Z,long,0,10659,1.2859000067,1.2717425336328856,1.3000574797671143,1.29376443015,weekend_close,83.8268895535505,4.0,79.8268895535505,0.528989438255142,100688.62789511321
2020-10-05T06:00:00Z,2020-10-05T06:00:00Z,2020-10-09T20:00:00Z,long,0,12446,1.2936005457,1.281465743263609,1.305735348136391,1.30461367065,weekend_close,137.0693531277008,4.0,133.0693531277008,0.8810803973254521,100821.69724824092
2020-10-12T11:00:00Z,2020-10-12T11:00:00Z,2020-10-14T06:00:00Z,long,0,12976,1.30139609135,1.2897418517440429,1.3130503309559571,1.2896515698144209,stop,-152.396911445675,4.0,-156.396911445675,-1.0341972834581425,100665.30033679525
2020-10-14T10:00:00Z,2020-10-14T10:00:00Z,2020-10-16T20:00:00Z,short,0,10600,1.2936294395999999,1.3078732047474582,1.2793856744525416,1.29152540045,weekend_close,22.3028149899978,4.0,18.3028149899978,0.12122361198449487,100683.60315178524
2020-10-19T09:00:00Z,2020-10-19T09:00:00Z,2020-10-21T16:00:00Z,long,0,8545,1.29969597235,1.2820228760646835,1.3173690686353163,1.3172768528005119,target,150.22862344962488,4.0,146.22862344962488,0.9682949817276006,100829.83177523487
2020-10-22T23:00:00Z,2020-10-22T23:00:00Z,2020-10-23T20:00:00Z,short,0,12097,1.3079984337,1.320500930948803,1.2954959364511969,1.30441630275,weekend_close,43.33303810214914,4.0,39.33303810214914,0.26006568055624085,100869.16481333702
2020-10-26T07:00:00Z,2020-10-26T07:00:00Z,2020-10-29T15:00:00Z,short,0,10834,1.3020988466999999,1.3160633965707118,1.288134296829288,1.288224466230066,target,150.31503801126436,4.0,146.31503801126436,0.9671040274289888,101015.47985134828
2020-10-29T20:00:00Z,2020-10-29T20:00:00Z,2020-10-30T20:00:00Z,short,0,9074,1.2930894774,1.309786267180337,1.2763926876196627,1.2951856566500002,weekend_close,-19.020730514502485,4.0,-23.020730514502485,-0.15194532652309972,100992.45912083378
2020-11-02T01:00:00Z,2020-11-02T01:00:00Z,2020-11-03T09:00:00Z,long,0,20895,1.29187542495,1.2846256809288958,1.299125168971104,1.299034230209276,target,149.5832358925751,4.0,145.5832358925751,0.961050746306561,101138.04235672635
2020-11-04T03:00:00Z,2020-11-04T03:00:00Z,2020-11-05T10:00:00Z,long,0,16315,1.2970507871999999,1.2877522874917668,1.306349286908233,1.3062578424581492,target,150.21310653670673,4.0,146.21310653670673,0.9637987186981004,101284.25546326306
2020-11-05T17:00:00Z,2020-11-05T17:00:00Z,2020-11-06T21:00:00Z,long,0,6463,1.3116318078,1.2881248776886607,1.3351387379113393,1.3150879374,weekend_close,22.336965604799797,4.0,18.336965604799797,0.12069725644842198,101302.59242886787
2020-11-09T04:00:00Z,2020-11-09T04:00:00Z,2020-11-12T22:15:00Z,long,0,9548,1.31848728765,1.3025735405200698,1.3344010347799302,1.3343076267074956,target,151.0525973209678,4.0,147.0525973209678,0.9678049443001455,101449.64502618884
2020-11-16T21:00:00Z,2020-11-16T21:00:00Z,2020-11-18T09:00:00Z,short,0,15489,1.31963261925,1.329457105275494,1.3098081332245062,1.3295501672728633,stop,-153.6129013261291,4.0,-157.6129013261291,-1.0357585918704593,101292.03212486272
2020-11-18T10:00:00Z,2020-11-18T10:00:00Z,2020-11-20T21:00:00Z,long,0,9954,1.3293030447,1.3140404997580861,1.344565589641914,1.32895196685,weekend_close,-3.494628918899923,4.0,-7.494628918899923,-0.049331638726031565,101284.53749594382
2020-11-23T03:00:00Z,2020-11-23T03:00:00Z,2020-11-27T21:00:00Z,long,0,9864,1.3322832533,1.3168813182461314,1.3476851883538685,1.3313068019999998,weekend_close,-9.631715623201234,4.0,-13.631715623201234,-0.08972679726422832,101270.90578032062
2020-11-30T21:00:00Z,2020-11-30T21:00:00Z,2020-12-01T16:00:00Z,long,0,16234,1.33295830055,1.3236012198515437,1.3423153812484565,1.3422214191717692,target,150.3774677057995,4.0,146.3774677057995,0.9636255644739106,101417.28324802642
2020-12-02T01:00:00Z,2020-12-02T01:00:00Z,2020-12-04T21:00:00Z,long,0,9059,1.3422339498000002,1.325441338025953,1.3590265615740473,1.3436059409999999,weekend_close,12.428868280796783,4.0,8.428868280796783,0.05540778126601209,101425.71211630722
2020-12-07T05:00:00Z,2020-12-07T05:00:00Z,2020-12-07T08:00:00Z,short,0,10923,1.34197105545,1.3558991718709277,1.3280429390290722,1.3281359020348042,target,151.12138075418264,4.0,147.12138075418264,0.9670333910325257,101572.8334970614
2020-12-07T10:00:00Z,2020-12-07T10:00:00Z,2020-12-11T21:00:00Z,short,0,5426,1.3266171303,1.354695469211611,1.298538791388389,1.3226075760500002,weekend_close,21.75584136049905,4.0,17.75584136049905,0.1165440362821456,101590.5893384219
2020-12-14T07:00:00Z,2020-12-14T07:00:00Z,2020-12-16T11:00:00Z,long,0,7687,1.33509345,1.3152699183454948,1.3549169816545052,1.3548221374657894,target,151.6544205495229,4.0,147.6544205495229,0.9689660123543633,101738.24375897142
2020-12-17T03:00:00Z,2020-12-17T03:00:00Z,2020-12-18T21:00:00Z,long,0,8981,1.3539147674,1.3369235310161298,1.3709060037838703,1.35241032465,weekend_close,-13.511400337749514,4.0,-17.511400337749514,-0.11475488934321665,101720.73235863367
2020-12-21T02:00:00Z,2020-12-21T02:00:00Z,2020-12-30T23:00:00Z,short,0,5989,1.3374363729,1.3629120167099984,1.3119607290900017,1.3630074205511682,stop,-153.14500438284594,4.0,-157.14500438284594,-1.0299617540819683,101563.58735425082
2020-12-31T05:00:00Z,2020-12-31T05:00:00Z,2021-01-08T21:00:00Z,long,0,10416,1.3615753036,1.3469495053888463,1.3762011018111537,1.356305052,weekend_close,-54.89494066560056,4.0,-58.89494066560056,-0.38659607468541646,101504.69241358522
2021-01-11T02:00:00Z,2021-01-11T02:00:00Z,2021-01-13T01:00:00Z,short,0,8847,1.3508754321,1.3680844793406568,1.3336663848593433,1.3681802452542107,stop,-153.09568197530135,4.0,-157.09568197530135,-1.0318377055774395,101347.59673160991
2021-01-14T09:00:00Z,2021-01-14T09:00:00Z,2021-01-15T21:00:00Z,short,0,17356,1.3658243856,1.3745831844563157,1.3570655867436845,1.35855009185,weekend_close,126.25264232500182,4.0,122.25264232500182,0.8041999840179168,101469.8493739349
2021-01-18T10:00:00Z,2021-01-18T10:00:00Z,2021-01-20T10:00:00Z,short,0,8163,1.3528252956,1.371469986188345,1.334180605011655,1.3715659890873781,stop,-152.980280937468,4.0,-156.980280937468,-1.031430868845687,101312.86909299744
2021-01-21T06:00:00Z,2021-01-21T06:00:00Z,2021-01-22T21:00:00Z,long,0,10445,1.36954086115,1.3549919378811608,1.3840897844188391,1.36847919975,weekend_close,-11.089053322998518,4.0,-15.089053322998518,-0.09929392894476397,101297.78003967444
2021-01-25T11:00:00Z,2021-01-25T11:00:00Z,2021-01-29T21:00:00Z,long,0,13615,1.3696458685000001,1.3584857436017028,1.3808059933982975,1.37012908425,weekend_close,6.578982436248323,4.0,2.5789824362483227,0.016973120080384933,101300.35902211069
2021-02-01T10:00:00Z,2021-02-01T10:00:00Z,2021-02-04T03:00:00Z,long,0,12427,1.3730661079,1.3608393466796536,1.3852928691203463,1.360744087925386,stop,-153.12574222452702,4.0,-157.12574222452702,-1.0341168462075077,101143.23327988616
2021-02-04T07:00:00Z,2021-02-04T07:00:00Z,2021-02-05T21:00:00Z,short,0,10039,1.3600447902,1.3751558866848421,1.3449336937151577,1.3737561562,weekend_close,-137.64840327400114,4.0,-141.64840327400114,-0.9337384665975829,101001.58487661216
2021-02-09T00:00:00Z,2021-02-09T00:00:00Z,2021-02-12T21:00:00Z,long,0,11306,1.3746312174500002,1.361231133003519,1.3880313018964814,1.38569799435,weekend_close,125.12097963139897,4.0,121.12097963139897,0.7994712643311637,101122.70585624356
2021-02-15T00:00:00Z,2021-02-15T00:00:00Z,2021-02-19T13:00:00Z,long,0,9238,1.3870220847499999,1.3706028246891426,1.4034413448108571,1.4033431039167203,target,150.77357506216364,4.0,146.77357506216364,0.9676456157739931,101269.47943130572
2021-02-22T05:00:00Z,2021-02-22T05:00:00Z,2021-02-22T22:15:00Z,long,0,11324,1.4022631515500001,1.3888490176506543,1.415677285449346,1.3887517982194186,stop,-153.00256511550504,4.0,-157.00256511550504,-1.033580364419195,101112.47686619022
2021-02-23T21:00:00Z,2021-02-23T21:00:00Z,2021-02-26T00:00:00Z,long,0,10019,1.4114537948499999,1.3963166370883473,1.4265909526116525,1.396218894923751,stop,-152.63846236108697,4.0,-156.63846236108697,-1.0328320292146826,100955.83840382913
2021-02-26T01:00:00Z,2021-02-26T01:00:00Z,2021-02-26T21:00:00Z,short,0,5828,1.3982871130499999,1.4242675084833365,1.3723067176166632,1.392797489,weekend_close,31.99352896339856,4.0,27.99352896339856,0.18488102939422277,100983.83193279253
2021-03-01T17:00:00Z,2021-03-01T17:00:00Z,2021-03-01T22:15:00Z,short,0,11112,1.3936424381999999,1.4072739618031713,1.3800109145968285,1.3801075153608502,target,150.40006258863144,4.0,146.40006258863144,0.9665061676437011,101130.23199538115
2021-03-02T08:00:00Z,2021-03-02T08:00:00Z,2021-03-05T21:00:00Z,short,0,9485,1.3877928477,1.403784856101301,1.3718008392986991,1.3844169024,weekend_close,32.02084117050173,4.0,28.020841170501733,0.18473144354154625,101158.25283655165
2021-03-08T09:00:00Z,2021-03-08T09:00:00Z,2021-03-11T07:00:00Z,short,0,11277,1.3818532635,1.395307666644431,1.368398860355569,1.3954053381810962,stop,-152.8267461787219,4.0,-156.8267461787219,-1.0336228814558164,101001.42609037293
2021-03-11T13:00:00Z,2021-03-11T13:00:00Z,2021-03-12T21:00:00Z,long,0,10138,1.3960327154499999,1.381088964611215,1.4109764662887847,1.39172757225,weekend_close,-43.645541761598594,4.0,-47.645541761598594,-0.3144925520895999,100953.78054861134
2021-03-16T06:00:00Z,2021-03-16T06:00:00Z,2021-03-19T20:00:00Z,short,0,10969,1.3871528925,1.4009575257251392,1.373348259274861,1.3865370508,weekend_close,6.755167607301917,4.0,2.7551676073019173,0.01819516988700664,100956.53571621864
2021-03-22T02:00:00Z,2021-03-22T02:00:00Z,2021-03-26T20:00:00Z,short,0,8431,1.38256821345,1.4005298284668595,1.3646065984331404,1.3790065237000002,weekend_close,30.028606282247537,4.0,26.028606282247537,0.17188043384973384,100982.56432250088
2021-03-29T17:00:00Z,2021-03-29T17:00:00Z,2021-04-02T20:00:00Z,long,0,14964,1.3778964459999998,1.3677740377167968,1.3880188542832028,1.3828631928,weekend_close,74.32239911520132,4.0,70.32239911520132,0.46426092113240963,101052.88672161609
2021-04-05T07:00:00Z,2021-04-05T07:00:00Z,2021-04-07T19:00:00Z,long,0,14149,1.3833168254,1.3726041775675661,1.3940294732324336,1.3725080952751363,stop,-152.9327225366952,4.0,-156.9327225366952,-1.0353589317887597,100895.95399907939
2021-04-08T15:00:00Z,2021-04-08T15:00:00Z,2021-04-09T20:00:00Z,short,0,11020,1.3730138823,1.3867472722221281,1.3592804923778719,1.37064093815,weekend_close,26.149844533000003,4.0,22.149844533000003,0.1463562714568989,100918.10384361239
2021-04-12T03:00:00Z,2021-04-12T03:00:00Z,2021-04-16T16:00:00Z,short,0,10766,1.3686841854,1.382744096949274,1.3546242738507261,1.3828408890360604,stop,-152.4110713458259,4.0,-156.4110713458259,-1.0333097486839646,100761.69277226657
2021-04-19T08:00:00Z,2021-04-19T08:00:00Z,2021-04-23T20:00:00Z,long,0,8754,1.3877371348,1.3704732915254834,1.4050009780745167,1.3879928337,weekend_close,2.238388170599911,4.0,-1.7616118294000889,-0.011656446936004719,100759.93116043718
2021-04-26T04:00:00Z,2021-04-26T04:00:00Z,2021-04-30T20:00:00Z,long,0,11292,1.3901673048999998,1.3767833142792492,1.4035512955207505,1.38170827365,weekend_close,-95.51938087499904,4.0,-99.51938087499904,-0.6584930149088649,100660.41177956217
2021-05-03T19:00:00Z,2021-05-03T19:00:00Z,2021-05-07T20:00:00Z,long,0,9089,1.39146239555,1.3748512734220448,1.4080735176779553,1.39934703885,weekend_close,71.66352295369944,4.0,67.66352295369944,0.44816664541062273,100728.07530251588
2021-05-10T11:00:00Z,2021-05-10T11:00:00Z,2021-05-14T20:00:00Z,long,0,6663,1.4101287021,1.3874537558532931,1.4328036483467068,1.410101286,weekend_close,-0.18267347430007064,4.0,-4.182673474300071,-0.027684576394136323,100723.89262904158
2021-05-17T12:00:00Z,2021-05-17T12:00:00Z,2021-05-18T07:00:00Z,long,0,13739,1.4092886433,1.3982923333361361,1.420284953263864,1.4201855333171354,target,149.71237194542246,4.0,145.71237194542246,0.9644824534298561,100869.60500098701
2021-05-19T18:00:00Z,2021-05-19T18:00:00Z,2021-05-21T20:00:00Z,short,0,11498,1.4151159349499998,1.428274970086645,1.4019568998133545,1.41574409515,weekend_close,-7.222585979602614,4.0,-11.222585979602613,-0.07417312734838183,100858.3824150074
2021-05-24T00:00:00Z,2021-05-24T00:00:00Z,2021-05-28T20:00:00Z,short,0,10785,1.4139210186,1.4279474491144677,1.3998945880855322,1.41874430515,weekend_close,-52.0191454417497,4.0,-56.0191454417497,-0.37031317652396467,100802.36326956566
2021-05-31T01:00:00Z,2021-05-31T01:00:00Z,2021-06-04T20:00:00Z,long,0,14294,1.41824427015,1.4076663181658005,1.4288222221341995,1.4158608828,weekend_close,-34.068138780898245,4.0,-38.068138780898245,-0.2517713304158861,100764.29513078475
2021-06-07T12:00:00Z,2021-06-07T12:00:00Z,2021-06-10T07:00:00Z,short,0,19993,1.4172307869,1.424790526421256,1.4096710473787442,1.4097697243520606,target,149.16902352095312,4.0,145.16902352095312,0.9604818397532042,100909.46415430571
2021-06-10T11:00:00Z,2021-06-10T11:00:00Z,2021-06-11T20:00:00Z,short,0,11129,1.40956632345,1.423166039971076,1.395966606928924,1.41144379415,weekend_close,-20.89437142029994,4.0,-24.89437142029994,-0.16448078371261934,100884.5697828854
2021-06-14T12:00:00Z,2021-06-14T12:00:00Z,2021-06-17T00:00:00Z,short,0,12022,1.41003629055,1.4226237609851704,1.3974488201148294,1.3975466415322375,target,150.1505604915395,4.0,146.1505604915395,0.9657957680879657,101030.72034337695
2021-06-17T03:00:00Z,2021-06-17T03:00:00Z,2021-06-18T14:00:00Z,short,0,7720,1.4000719880999999,1.4197017454218266,1.3804422307781732,1.3805388617343277,target,150.79573554298915,4.0,146.79573554298915,0.968681952552879,101177.51607891993
2021-06-21T18:00:00Z,2021-06-21T18:00:00Z,2021-06-25T20:00:00Z,long,0,7901,1.3930475064999999,1.373841254349051,1.4122537586509487,1.38875778015,weekend_close,-33.8931278913493,4.0,-37.8931278913493,-0.2497099039442761,101139.62295102858
2021-06-29T04:00:00Z,2021-06-29T04:00:00Z,2021-07-02T12:00:00Z,short,0,11466,1.38645794115,1.3996881551195905,1.3732277271804094,1.373323853121312,target,150.59545333693515,4.0,146.59545333693515,0.966366119728667,101286.21840436551
2021-07-04T23:00:00Z,2021-07-04T23:00:00Z,2021-07-09T20:00:00Z,long,0,9330,1.38326182155,1.3669795306221373,1.399544112477863,1.3899926937,weekend_close,62.79903715949907,4.0,58.79903715949907,0.3870553372029041,101345.01744152501
2021-07-12T23:00:00Z,2021-07-12T23:00:00Z,2021-07-16T19:00:00Z,long,0,12457,1.38860219535,1.376399594663461,1.400804796036539,1.3763032466918346,stop,-153.20800343476762,4.0,-157.20800343476762,-1.0342101312804894,101187.80943809023
2021-07-19T04:00:00Z,2021-07-19T04:00:00Z,2021-07-20T12:00:00Z,short,0,9889,1.3755337059,1.3908815360368372,1.3601858757631626,1.360281088774466,target,150.83313075440404,4.0,146.83313075440404,0.9674414660547412,101334.64256884463
2021-07-20T15:00:00Z,2021-07-20T15:00:00Z,2021-07-23T20:00:00Z,short,0,8380,1.36095972615,1.3790964206213683,1.3428230316786316,1.3755462815000001,weekend_close,-122.23533383300165,4.0,-126.23533383300165,-0.8305748515946321,101208.40723501163
2021-07-26T14:00:00Z,2021-07-26T14:00:00Z,2021-07-29T14:00:00Z,long,0,9188,1.3816517088500002,1.3651289417043497,1.3981744759956507,1.398076603782331,target,150.91193463825428,4.0,146.91193463825428,0.9677280042902405,101355.31916964988
2021-08-01T23:00:00Z,2021-08-01T23:00:00Z,2021-08-06T20:00:00Z,short,0,10030,1.39002769125,1.4051852889832483,1.3748700935167517,1.38757212325,weekend_close,24.62934704000019,4.0,20.62934704000019,0.13569197751278134,101375.94851668988
2021-08-09T04:00:00Z,2021-08-09T04:00:00Z,2021-08-13T20:00:00Z,short,0,11528,1.38680791665,1.399998353795219,1.373617479504781,1.38707208825,weekend_close,-3.0453702048003386,4.0,-7.045370204800339,-0.046333025682423826,101368.90314648509
2021-08-16T15:00:00Z,2021-08-16T15:00:00Z,2021-08-17T14:00:00Z,long,0,13794,1.38596201055,1.3749390822916354,1.3969849388083644,1.374842836555875,stop,-153.37788607496006,4.0,-157.37788607496006,-1.0350385013793948,101211.52526041013
2021-08-19T06:00:00Z,2021-08-19T06:00:00Z,2021-08-20T20:00:00Z,short,0,10372,1.3711640118,1.3857999693511185,1.3565280542488813,1.3626703802500002,weekend_close,88.09594643659703,4.0,84.09594643659703,0.5539765907825674,101295.62120684673
2021-08-23T10:00:00Z,2021-08-23T10:00:00Z,2021-08-27T20:00:00Z,long,0,11072,1.36692067775,1.3531979047045901,1.38064345079541,1.3760786677499999,weekend_close,101.39726527999821,4.0,97.39726527999821,0.6410306644721231,101393.01847212673
2021-08-31T01:00:00Z,2021-08-31T01:00:00Z,2021-09-03T14:00:00Z,long,0,13733,1.3763963410000002,1.365321949234667,1.3874707327653333,1.3873736098140397,target,150.75083262320427,4.0,146.75083262320427,0.9649288046615204,101539.76930474993
2021-09-06T15:00:00Z,2021-09-06T15:00:00Z,2021-09-10T20:00:00Z,short,0,12227,1.38261820995,1.3950746002430892,1.3701618196569108,1.3838668639,weekend_close,-15.26729184665082,4.0,-19.26729184665082,-0.12650525202744534,101520.50201290328
2021-09-13T04:00:00Z,2021-09-13T04:00:00Z,2021-09-17T20:00:00Z,short,0,13875,1.38391811895,1.394893136724051,1.3729431011759492,1.3730392071930315,target,150.9449006279384,4.0,146.9449006279384,0.9649755186474992,101667.44691353121
2021-09-22T08:00:00Z,2021-09-22T08:00:00Z,2021-09-24T20:00:00Z,short,0,11512,1.36353954555,1.3767860956430262,1.3502929954569736,1.3676107260500001,weekend_close,-46.86742991600248,4.0,-50.86742991600248,-0.3335694188524756,101616.5794836152
2021-09-27T17:00:00Z,2021-09-27T17:00:00Z,2021-09-28T12:00:00Z,long,0,12096,1.37071094305,1.3581104012475207,1.3833114848524792,1.3580153335194334,stop,-153.56609288173343,4.0,-157.56609288173343,-1.0337886707928206,101459.01339073347
2021-09-28T16:00:00Z,2021-09-28T16:00:00Z,2021-10-01T20:00:00Z,short,0,5779,1.35349024905,1.3798248980018046,1.3271556000981954,1.3546448185,weekend_close,-6.67225685154954,4.0,-10.672256851549541,-0.0701255113351384,101448.34113388191
2021-10-04T13:00:00Z,2021-10-04T13:00:00Z,2021-10-08T20:00:00Z,long,0,8689,1.36065023885,1.3431382770257412,1.3781622006742587,1.36135969815,weekend_close,6.164491857700901,4.0,2.1644918577009014,0.014224969942855036,101450.50562573962
2021-10-11T07:00:00Z,2021-10-11T07:00:00Z,2021-10-15T20:00:00Z,long,0,10249,1.366595655,1.3517483370227314,1.3814429729772686,1.3746737661000001,weekend_close,82.79256066390121,4.0,78.79256066390121,0.5177924479721286,101529.29818640352
2021-10-19T09:00:00Z,2021-10-19T09:00:00Z,2021-10-22T20:00:00Z,long,0,9360,1.37948155695,1.3632125706460851,1.395750543253915,1.37567869575,weekend_close,-35.59478083200059,4.0,-39.59478083200059,-0.2600169149034529,101489.70340557152
2021-10-25T18:00:00Z,2021-10-25T18:00:00Z,2021-10-29T20:00:00Z,short,0,14336,1.37678861805,1.3874074171816724,1.3661698189183276,1.36841078205,weekend_close,120.1046568959996,4.0,116.1046568959996,0.7626868200850496,101605.80806246752
2021-11-01T13:00:00Z,2021-11-01T13:00:00Z,2021-11-04T12:00:00Z,short,0,11873,1.36847919975,1.381315732120523,1.3556426673794773,1.3557375623661938,target,151.28146065793212,4.0,147.28146065793212,0.9663621124167805,101753.08952312545
2021-11-04T15:00:00Z,2021-11-04T15:00:00Z,2021-11-05T20:00:00Z,short,0,5940,1.3504154643000001,1.37610770149214,1.3247232271078604,1.3497494758500002,weekend_close,3.9559713929999285,4.0,-0.044028607000071496,-0.00028850050485105757,101753.04549451846
2021-11-08T08:00:00Z,2021-11-08T08:00:00Z,2021-11-09T09:00:00Z,short,0,13385,1.3479956337,1.3593985031866096,1.3365927642133906,1.3594936610818327,stop,-153.90109650582917,4.0,-157.90109650582917,-1.034552695967008,101595.14439801264
2021-11-09T11:00:00Z,2021-11-09T11:00:00Z,2021-11-10T18:00:00Z,long,0,9996,1.35890011635,1.34365505985882,1.3741451728411802,1.3435610040046297,stop,-153.32976700432184,4.0,-157.32976700432184,-1.0324181099953114,101437.81463100831
2021-11-11T21:00:00Z,2021-11-11T21:00:00Z,2021-11-12T21:00:00Z,short,0,9035,1.33624145655,1.3530815809639218,1.3194013321360782,1.3417039127,weekend_close,-49.35329131524865,4.0,-53.35329131524865,-0.35066123917701186,101384.46133969307
2021-11-15T06:00:00Z,2021-11-15T06:00:00Z,2021-11-19T21:00:00Z,long,0,10941,1.3438040597,1.3299051179390253,1.3577030014609748,1.34488085175,weekend_close,11.781181819048754,4.0,7.781181819048754,0.051168985930767026,101392.24252151212
2021-11-22T01:00:00Z,2021-11-22T01:00:00Z,2021-11-25T12:00:00Z,short,0,11614,1.34369093505,1.3567851549808854,1.3305967151191145,1.3306898568891727,target,150.99452175984692,4.0,146.99452175984692,0.9665842112764187,101539.23704327196
2021-11-25T18:00:00Z,2021-11-25T18:00:00Z,2021-11-26T21:00:00Z,short,0,12562,1.3324617211499998,1.3445857874919849,1.3203376548080148,1.33386836425,weekend_close,-17.670250622202012,4.0,-21.670250622202012,-0.1422842538961875,101517.56679264976
2021-11-29T15:00:00Z,2021-11-29T15:00:00Z,2021-11-30T15:00:00Z,long,0,21491,1.33021810875,1.3231327354038769,1.3373034820961232,1.3230401161123986,stop,-154.26223977469252,4.0,-158.26223977469252,-1.039340723775464,101359.30455287507
2021-12-01T00:00:00Z,2021-12-01T00:00:00Z,2021-12-03T21:00:00Z,short,0,11341,1.3294569315,1.3428621105947465,1.3160517524052535,1.32376765725,weekend_close,64.52205926925112,4.0,60.522059269251116,0.3980977522743497,101419.82661214432
2021-12-07T04:00:00Z,2021-12-07T04:00:00Z,2021-12-10T21:00:00Z,long,0,11550,1.32852799045,1.315357628053213,1.341698352846787,1.3270870974,weekend_close,-16.642314727500672,4.0,-20.642314727500672,-0.13569963699377152,101399.18429741681
2021-12-14T02:00:00Z,2021-12-14T02:00:00Z,2021-12-16T12:00:00Z,short,0,10840,1.320207579,1.334237894356281,1.3061772636437192,1.3343312910088858,stop,-153.10103817632137,4.0,-157.10103817632137,-1.0329572308889539,101242.08325924049
2021-12-20T12:00:00Z,2021-12-20T12:00:00Z,2021-12-23T07:00:00Z,short,0,9433,1.3202475762,1.3363464005410768,1.3041487518589234,1.3364399447891147,stop,-152.74261290111752,4.0,-156.74261290111752,-1.032150639666834,101085.34064633938
2021-12-23T12:00:00Z,2021-12-23T12:00:00Z,2021-12-24T21:00:00Z,long,0,7232,1.3434140324000001,1.322449173968857,1.3643788908311432,1.33963121925,weekend_close,-27.357304700801265,4.0,-31.357304700801265,-0.20681801927610327,101053.98334163858
2021-12-27T18:00:00Z,2021-12-27T18:00:00Z,2021-12-31T21:00:00Z,long,0,11006,1.3440640779000002,1.3302916074007993,1.357836548399201,1.3527053039999999,weekend_close,95.10533445659706,4.0,91.10533445659706,0.6010387152995383,101145.08867609518
2022-01-03T00:00:00Z,2022-01-03T00:00:00Z,2022-01-07T21:00:00Z,long,0,12189,1.35229965435,1.339853387085972,1.3647459216140283,1.3588548735000001,weekend_close,79.90156621935016,4.0,75.90156621935016,0.5003150164787493,101220.99024231454
2022-01-11T06:00:00Z,2022-01-11T06:00:00Z,2022-01-13T07:00:00Z,long,0,12002,1.35981018005,1.3471598776405054,1.3724604824594946,1.3723644102257224,target,150.67587056902067,4.0,146.67587056902067,0.9660600982561951,101367.66611288355
2022-01-13T13:00:00Z,2022-01-13T13:00:00Z,2022-01-14T21:00:00Z,long,0,11455,1.3715460015,1.3582727066898581,1.384819296310142,1.3678792417499999,weekend_close,-42.00273293625221,4.0,-46.00273293625221,-0.3025588069733125,101321.6633799473
2022-01-17T17:00:00Z,2022-01-17T17:00:00Z,2022-01-21T21:00:00Z,short,0,11239,1.3650344409,1.3785570077650755,1.3515118740349243,1.3553448675000002,weekend_close,108.90111544259733,4.0,104.90111544259733,0.6902291512395995,101426.5644953899
2022-01-24T11:00:00Z,2022-01-24T11:00:00Z,2022-01-28T21:00:00Z,short,0,8890,1.3497555104999999,1.3668683665413337,1.332642654458666,1.33974877585,weekend_close,88.95987103849914,4.0,84.95987103849914,0.5584568040475751,101511.5243664284
2022-01-31T09:00:00Z,2022-01-31T09:00:00Z,2022-02-02T12:00:00Z,long,0,11258,1.3433790299500001,1.329854681352712,1.3569033785472884,1.3568083953107901,target,151.1877952317736,4.0,147.1877952317736,0.9667055216021905,101658.71216166018
2022-02-02T13:00:00Z,2022-02-02T13:00:00Z,2022-02-04T21:00:00Z,long,0,8464,1.35811006105,1.3400955338311829,1.3761245882688173,1.3527553005000001,weekend_close,-45.322693295199564,4.0,-49.322693295199564,-0.3234806149102501,101609.38946836499
2022-02-07T16:00:00Z,2022-02-07T16:00:00Z,2022-02-10T16:00:00Z,short,0,13615,1.3529452872,1.364139785681297,1.3417507887187032,1.3642352754662945,stop,-153.71319024559907,4.0,-157.71319024559907,-1.0347745274732052,101451.67627811938
2022-02-10T17:00:00Z,2022-02-10T17:00:00Z,2022-02-11T21:00:00Z,long,0,7688,1.3639854723,1.3441921336648421,1.3837788109351579,1.3556550975,weekend_close,-64.04392146240073,4.0,-68.04392146240073,-0.4471537786678643,101383.63235665698
2022-02-14T08:00:00Z,2022-02-14T08:00:00Z,2022-02-18T21:00:00Z,short,0,12034,1.35380022735,1.36643704246085,1.34116341223915,1.3593551482,weekend_close,-66.8479175088984,4.0,-70.8479175088984,-0.465885775459312,101312.78443914808
2022-02-21T11:00:00Z,2022-02-21T11:00:00Z,2022-02-24T04:00:00Z,long,0,11885,1.3631354128,1.3503488823700782,1.3759219432299217,1.3502543579483124,stop,-153.09133691230662,4.0,-157.09133691230662,-1.0337138453272807,101155.69310223577
2022-02-24T06:00:00Z,2022-02-24T06:00:00Z,2022-02-24T15:00:00Z,short,0,8525,1.3496655168,1.367462437728508,1.331868595871492,1.331961826673203,target,150.923958330945,4.0,146.923958330945,0.9683968358844746,101302.61706056671
2022-02-28T04:00:00Z,2022-02-28T04:00:00Z,2022-03-04T21:00:00Z,short,0,9684,1.33464156855,1.3503323420307947,1.3189507950692052,1.32346763625,weekend_close,108.20836039319968,4.0,104.20836039319968,0.685809393367956,101406.82542095991
2022-03-07T05:00:00Z,2022-03-07T05:00:00Z,2022-03-11T17:00:00Z,short,0,9020,1.32152248695,1.3383859331962953,1.3046590407037046,1.3047503668365539,target,151.2845234232837,4.0,147.2845234232837,0.9682873177236198,101554.10994438319
2022-03-14T07:00:00Z,2022-03-14T07:00:00Z,2022-03-17T07:00:00Z,short,0,9988,1.302008853,1.3172589448775736,1.2867587611224265,1.317351153003715,stop,-153.2388924371049,4.0,-157.2388924371049,-1.032307261280044,101396.87105194609
2022-03-17T12:00:00Z,2022-03-17T12:00:00Z,2022-03-18T20:00:00Z,long,0,7823,1.32038742065,1.3009461788864765,1.3398286624135234,1.31771275365,weekend_close,-20.923919940999717,4.0,-24.923919940999717,-0.16387738161768828,101371.9471320051
2022-03-21T01:00:00Z,2022-03-21T01:00:00Z,2022-03-23T01:00:00Z,long,0,13087,1.3164671462500002,1.3048487138991336,1.3280855786008667,1.3279926126103647,target,150.83377825809094,4.0,146.83377825809094,0.9656913425531211,101518.78091026319
2022-03-23T07:00:00Z,2022-03-23T07:00:00Z,2022-03-25T20:00:00Z,long,0,9580,1.3276729306,1.3117780793923306,1.3435677818076692,1.3179977337,weekend_close,-92.68838630199963,4.0,-96.68838630199963,-0.6349687268275246,101422.09252396118
2022-03-28T02:00:00Z,2022-03-28T02:00:00Z,2022-04-01T20:00:00Z,short,0,11380,1.3159978737,1.3293659833077902,1.3026297640922098,1.3115017987,weekend_close,51.1653335000005,4.0,47.1653335000005,0.3100349468055795,101469.25785746118
2022-04-04T23:00:00Z,2022-04-04T23:00:00Z,2022-04-08T13:00:00Z,short,0,14829,1.31128320375,1.3215466047124504,1.3010198027875495,1.3011108741737447,target,150.84547528628903,4.0,146.84547528628903,0.9648446835687114,101616.10333274747
2022-04-11T06:00:00Z,2022-04-11T06:00:00Z,2022-04-14T05:00:00Z,short,0,12520,1.30199385405,1.314167735950269,1.289819972149731,1.3142597276917856,stop,-153.56873799515512,4.0,-157.56873799515512,-1.0338002752761066,101458.53459475232
2022-04-18T04:00:00Z,2022-04-18T04:00:00Z,2022-04-22T08:00:00Z,short,0,10653,1.3026288096,1.3169144020944443,1.2883432171055558,1.2884334011307532,target,151.22368642288646,4.0,147.22368642288646,0.9674031643756543,101605.7582811752
2022-04-25T11:00:00Z,2022-04-25T11:00:00Z,2022-04-28T11:00:00Z,short,0,5624,1.2708310356,1.2979301991491325,1.2437318720508677,1.2438189332819112,target,151.91606343693212,4.0,147.91606343693212,0.9705415710363543,101753.67434461214
2022-04-28T16:00:00Z,2022-04-28T16:00:00Z,2022-04-29T20:00:00Z,short,0,7189,1.24381792665,1.265047460625192,1.222588392674808,1.25744301485,weekend_close,-97.95075906979977,4.0,-101.95075906979977,-0.6680077780449001,101651.72358554234
2022-05-03T19:00:00Z,2022-05-03T19:00:00Z,2022-05-04T18:00:00Z,long,0,22205,1.2491674356,1.2423009235410627,1.2560339476589373,1.2559460252826011,target,150.5185839021584,4.0,146.5185839021584,0.9609609679220479,101798.2421694445
2022-05-05T04:00:00Z,2022-05-05T04:00:00Z,2022-05-05T11:00:00Z,long,0,8906,1.25811306175,1.2409679075669529,1.2752582159330472,1.2408810398134231,stop,-153.46838736715398,4.0,-157.46838736715398,-1.0312626624487948,101640.77378207733
2022-05-05T17:00:00Z,2022-05-05T17:00:00Z,2022-05-06T20:00:00Z,short,0,4797,1.2337236333000001,1.265502608509577,1.2019446580904232,1.2340763793,weekend_close,-1.6921225619995388,4.0,-5.692122561999539,-0.03733916794250137,101635.08165951533
2022-05-09T04:00:00Z,2022-05-09T04:00:00Z,2022-05-13T20:00:00Z,short,0,8855,1.2289989640499999,1.2462144260526178,1.211783502047382,1.22635083855,weekend_close,23.449151302499395,4.0,19.449151302499395,0.127583175450842,101654.53081081783
2022-05-16T01:00:00Z,2022-05-16T01:00:00Z,2022-05-17T07:00:00Z,long,0,9562,1.2270508875500001,1.2111049908936078,1.2429967842063925,1.242909774431498,target,151.64267636088337,4.0,147.64267636088337,0.9683095712676727,101802.17348717872
2022-05-17T10:00:00Z,2022-05-17T10:00:00Z,2022-05-20T20:00:00Z,long,0,5620,1.2455171801,1.2183474295738068,1.2726869306261932,1.2490875577499998,weekend_close,20.06552239299882,4.0,16.06552239299882,0.10521384342494829,101818.23900957171
2022-05-23T02:00:00Z,2022-05-23T02:00:00Z,2022-05-27T20:00:00Z,long,0,9060,1.25349273835,1.2366354848201246,1.2703499918798755,1.2629215892999999,weekend_close,85.4253896069981,4.0,81.4253896069981,0.5331443719654041,101899.66439917871
2022-05-30T01:00:00Z,2022-05-30T01:00:00Z,2022-06-01T14:00:00Z,long,0,13229,1.26290339705,1.2513501023811766,1.2744566917188236,1.2512625078740098,stop,-153.9973229091752,4.0,-157.9973229091752,-1.0337531875023585,101741.66707626954
2022-06-01T15:00:00Z,2022-06-01T15:00:00Z,2022-06-03T20:00:00Z,short,0,7355,1.2495725238,1.270321003746848,1.228824043853152,1.2489674216,weekend_close,4.45052668099989,4.0,0.45052668099989024,0.0029522392733945307,101742.11760295054
2022-06-06T16:00:00Z,2022-06-06T16:00:00Z,2022-06-10T12:00:00Z,long,0,11845,1.2544978087,1.2416141015068645,1.2673815158931356,1.241527188519759,stop,-153.6369960349557,4.0,-157.6369960349557,-1.0329569906235225,101584.48060691559
2022-06-13T12:00:00Z,2022-06-13T12:00:00Z,2022-06-17T20:00:00Z,short,0,5145,1.2161048667,1.2457168607473352,1.186492872652665,1.22287059495,weekend_close,-34.809671846249955,4.0,-38.809671846249955,-0.25473401340755514,101545.67093506934
2022-06-20T18:00:00Z,2022-06-20T18:00:00Z,2022-06-24T20:00:00Z,long,0,15772,1.22353064115,1.2138734142175451,1.2331878680824548,1.2268741128,weekend_close,52.73323486380064,4.0,48.73323486380064,0.31995288835175284,101594.40416993314
2022-06-27T05:00:00Z,2022-06-27T05:00:00Z,2022-06-29T08:00:00Z,long,0,13429,1.2284709869500001,1.217123260935233,1.2398187129647673,1.2170380623069674,stop,-153.53274503128605,4.0,-157.53274503128605,-1.0337566717712325,101436.87142490185
2022-06-29T12:00:00Z,2022-06-29T12:00:00Z,2022-07-01T14:00:00Z,short,0,9346,1.21540991535,1.2316887078238976,1.1991311228761024,1.1992150620547037,target,151.35709889783868,4.0,147.35709889783868,0.9685523503276184,101584.22852379968
2022-07-04T13:00:00Z,2022-07-04T13:00:00Z,2022-07-05T11:00:00Z,long,0,9519,1.2154450752000001,1.1994383989955608,1.2314517514044394,1.199354438307631,stop,-153.16677257846055,4.0,-157.16677257846055,-1.0314976631409898,101427.06175122122
2022-07-05T16:00:00Z,2022-07-05T16:00:00Z,2022-07-08T20:00:00Z,short,0,5507,1.1933764578,1.221002093900708,1.1657508216992918,1.2033442282,weekend_close,-54.89251159280042,4.0,-58.89251159280042,-0.3871085047604799,101368.16923962842
2022-07-11T10:00:00Z,2022-07-11T10:00:00Z,2022-07-14T13:00:00Z,short,0,9203,1.1943763878,1.210898064944887,1.177854710655113,1.1779371604848587,target,151.2902089812449,4.0,147.2902089812449,0.9687022871113051,101515.45944860966
2022-07-14T15:00:00Z,2022-07-14T15:00:00Z,2022-07-15T20:00:00Z,short,0,7751,1.1784875001,1.198131992827219,1.158843007372781,1.18645804625,weekend_close,-61.779703208651135,4.0,-65.77970320865114,-0.43200955664265844,101449.67974540101
2022-07-18T11:00:00Z,2022-07-18T11:00:00Z,2022-07-22T20:00:00Z,long,0,6772,1.1984138831,1.175943202418982,1.220884563781018,1.2002659755,weekend_close,12.54236973280041,4.0,8.54236973280041,0.056136481296820334,101458.2221151338
2022-07-25T17:00:00Z,2022-07-25T17:00:00Z,2022-07-29T06:00:00Z,long,0,9204,1.205184357,1.1886511238241992,1.2217175901758008,1.2216320699444885,target,151.38474994107156,4.0,147.38474994107156,0.9685413082417373,101605.60686507488
2022-08-01T02:00:00Z,2022-08-01T02:00:00Z,2022-08-05T12:00:00Z,long,0,11611,1.2189253188,1.2057996878734292,1.2320509497265708,1.205715281895278,stop,-153.38173850072585,4.0,-157.38173850072585,-1.032677048811245,101448.22512657415
2022-08-08T18:00:00Z,2022-08-08T18:00:00Z,2022-08-10T12:00:00Z,long,0,14779,1.2090246258,1.1987286596718643,1.2193205919281356,1.2192352394867005,target,150.90265967574848,4.0,146.90265967574848,0.9654226962490835,101595.1277862499
2022-08-10T17:00:00Z,2022-08-10T17:00:00Z,2022-08-12T20:00:00Z,long,0,5737,1.22487073495,1.1983087226001934,1.2514327472998068,1.2138950214,weekend_close,-62.967668636350886,4.0,-66.96766863635088,-0.4394600044951575,101528.16011761354
2022-08-15T07:00:00Z,2022-08-15T07:00:00Z,2022-08-18T16:00:00Z,short,0,10129,1.21040026605,1.2254354567203447,1.1953650753796552,1.1954487509349319,target,151.4438966005247,4.0,147.4438966005247,0.9681692582402128,101675.60401421407
2022-08-22T12:00:00Z,2022-08-22T12:00:00Z,2022-08-26T20:00:00Z,short,0,10306,1.18044236325,1.1952408481627455,1.1656438783372547,1.17443720485,weekend_close,61.88916247040045,4.0,57.88916247040045,0.3795682470111321,101733.49317668447
2022-08-29T01:00:00Z,2022-08-29T01:00:00Z,2022-09-02T20:00:00Z,short,0,6401,1.1677882491,1.1916254628383383,1.1439510353616618,1.15117557665,weekend_close,106.33771635244985,4.0,102.33771635244985,0.6707063277819196,101835.83089303692
2022-09-04T23:00:00Z,2022-09-04T23:00:00Z,2022-09-09T20:00:00Z,short,0,8542,1.1479946347499999,1.1658767474234282,1.1301125220765715,1.1586911027,weekend_close,-91.36922922890103,4.0,-95.36922922890103,-0.6243525338811771,101740.46166380802
2022-09-12T01:00:00Z,2022-09-12T01:00:00Z,2022-09-15T16:00:00Z,long,0,10538,1.1612612826000002,1.1467804592773798,1.1757421059226205,1.1467001846452305,stop,-153.44485024736284,4.0,-157.44485024736284,-1.0317560189488582,101583.01681356065
2022-09-19T08:00:00Z,2022-09-19T08:00:00Z,2022-09-22T00:00:00Z,short,0,10208,1.1378503449000001,1.1527772989393232,1.122923390860677,1.1230019954980373,target,151.57195069523718,4.0,147.57195069523718,0.9684829091118377,101730.58876425588
2022-09-23T00:00:00Z,2022-09-23T00:00:00Z,2022-09-23T09:00:00Z,short,0,11755,1.12618616145,1.1391668396425392,1.1132054832574607,1.1132834076412887,target,151.67187102140014,4.0,147.67187102140014,0.9677824910818625,101878.26063527729
2022-09-27T11:00:00Z,2022-09-27T11:00:00Z,2022-09-28T02:00:00Z,long,0,10028,1.0800455979,1.0648078480646244,1.0952833477353758,1.0647333115152597,stop,-153.5516078661763,4.0,-157.5516078661763,-1.0310688705171713,101720.70902741111
2022-09-28T05:00:00Z,2022-09-28T05:00:00Z,2022-09-28T15:00:00Z,short,0,7456,1.0647654612,1.0852277480231691,1.0443031743768307,1.0853037139655308,stop,-153.13321261979837,4.0,-157.13321261979837,-1.0299305074916414,101563.57581479131
2022-09-29T00:00:00Z,2022-09-29T00:00:00Z,2022-09-29T15:00:00Z,long,0,6632,1.08318081735,1.060210151521832,1.1061514831781678,1.1060740525743453,target,151.8279360078586,4.0,147.8279360078586,0.9703723471614076,101711.40375079917
2022-10-02T23:00:00Z,2022-10-02T23:00:00Z,2022-10-03T23:00:00Z,long,0,8427,1.1156880927,1.097583845824048,1.1337923395759517,1.1337129741121814,target,151.89567566045352,4.0,147.89567566045352,0.9693977752527324,101859.29942645963
2022-10-04T11:00:00Z,2022-10-04T11:00:00Z,2022-10-06T15:00:00Z,long,0,8120,1.1345594136,1.1157434424293586,1.1533753847706412,1.1156653403883885,stop,-153.4198744782846,4.0,-157.4198744782846,-1.0303313006399082,101701.87955198134
2022-10-10T16:00:00Z,2022-10-10T16:00:00Z,2022-10-13T11:00:00Z,short,0,8911,1.1039427186,1.1210610136247277,1.0868244235752722,1.1211394878956813,stop,-153.24041119381667,4.0,-157.24041119381667,-1.0308066704498349,101544.63914078752
2022-10-13T15:00:00Z,2022-10-13T15:00:00Z,2022-10-14T20:00:00Z,long,0,5779,1.1236686513,1.097314099503596,1.1500232030964042,1.1170618002,weekend_close,-38.18099250690083,4.0,-42.18099250690083,-0.27695452497024764,101502.45814828062
2022-10-17T11:00:00Z,2022-10-17T11:00:00Z,2022-10-17T14:00:00Z,long,0,10364,1.1275989264000001,1.112909449808385,1.1422884029916154,1.142208442803406,target,151.41302800489885,4.0,147.41302800489885,0.9682826303966042,101649.87117628552
2022-10-18T09:00:00Z,2022-10-18T09:00:00Z,2022-10-19T11:00:00Z,long,0,21731,1.1295390621999999,1.1225228870773627,1.136555237322637,1.1224443104752673,stop,-154.17604973016452,4.0,-158.17604973016452,-1.0374342771170053,101491.69512655537
2022-10-19T15:00:00Z,2022-10-19T15:00:00Z,2022-10-21T12:00:00Z,short,0,9077,1.1257511919,1.142522476492876,1.108979907307124,1.1090575359006356,target,151.52831550623114,4.0,147.52831550623114,0.9690958183783942,101639.2234420616
2022-10-24T01:00:00Z,2022-10-24T01:00:00Z,2022-10-26T07:00:00Z,long,0,6481,1.13289429705,1.1093713728077865,1.1564172212922135,1.156336272086723,target,151.92744021300152,4.0,147.92744021300152,0.9703209556877991,101787.1508822746
2022-10-26T11:00:00Z,2022-10-26T11:00:00Z,2022-10-28T20:00:00Z,long,0,5971,1.1565709543,1.1310008333592974,1.1821410752407027,1.1613586992,weekend_close,28.58762479790001,4.0,24.58762479790001,0.16104109835640049,101811.7385070725
2022-10-31T00:00:00Z,2022-10-31T00:00:00Z,2022-10-31T17:00:00Z,long,0,11334,1.15958616535,1.1461127144751202,1.1730596162248796,1.1460324865851068,stop,-153.61739512129847,4.0,-157.61739512129847,-1.0321482826101402,101654.1211119512
2022-11-01T16:00:00Z,2022-11-01T16:00:00Z,2022-11-01T16:00:00Z,long,0,32668,1.1460152154499998,1.1413476940101097,1.15068273688989,1.1506021890983076,target,149.84725514291708,4.0,145.84725514291708,0.9565097287554257,101799.96836709412
2022-11-02T00:00:00Z,2022-11-02T00:00:00Z,2022-11-03T07:00:00Z,short,0,11716,1.14877458015,1.161807578657236,1.135741581642764,1.135821083553479,target,151.76316612484013,4.0,147.76316612484013,0.9677038739649028,101947.73153321896
2022-11-03T11:00:00Z,2022-11-03T11:00:00Z,2022-11-04T20:00:00Z,short,0,5350,1.12643614395,1.1550178215862534,1.0978544663137464,1.13764462955,weekend_close,-59.96539796000051,4.0,-63.96539796000051,-0.4183151634261163,101883.76613525896
2022-11-07T00:00:00Z,2022-11-07T00:00:00Z,2022-11-07T18:00:00Z,long,0,7854,1.133179317,1.1137226048600504,1.1526360291399496,1.1525553446179098,target,152.17932091106354,4.0,148.17932091106354,0.9696773460624878,102031.94545617003
2022-11-09T00:00:00Z,2022-11-09T00:00:00Z,2022-11-09T15:00:00Z,long,0,8306,1.15527586365,1.136850122832356,1.173701604467644,1.1367705433237576,stop,-153.70519062976948,4.0,-157.70519062976948,-1.030455171120544,101874.24026554025
2022-11-09T19:00:00Z,2022-11-09T19:00:00Z,2022-11-10T13:00:00Z,short,0,5773,1.13508553845,1.1615516451436232,1.108619431756377,1.1616329537587833,stop,-153.25822857760565,4.0,-157.25822857760565,-1.029252102526075,101716.98203696265
2022-11-14T14:00:00Z,2022-11-14T14:00:00Z,2022-11-15T10:00:00Z,long,0,15023,1.17592730915,1.165771522791655,1.186083095508345,1.1860000696916595,target,151.3230816173508,4.0,147.3230816173508,0.9656073682389572,101864.30511858
2022-11-15T12:00:00Z,2022-11-15T12:00:00Z,2022-11-18T21:00:00Z,long,0,7204,1.18727810365,1.1660687347575225,1.2084874725424775,1.1888567742,weekend_close,11.372742642200357,4.0,7.3727426422003575,0.04825336719048874,101871.6778612222
2022-11-21T06:00:00Z,2022-11-21T06:00:00Z,2022-11-23T14:00:00Z,short,0,9565,1.1831871711,1.1991620468144717,1.1672122953855282,1.1992459881577486,stop,-153.6025851573663,4.0,-157.6025851573663,-1.031432649291419,101714.07527606483
2022-11-24T08:00:00Z,2022-11-24T08:00:00Z,2022-11-25T21:00:00Z,long,0,7507,1.20832957715,1.1880072069310925,1.2286519473689075,1.20903036195,weekend_close,5.260791493600154,4.0,1.2607914936001539,0.008264231901888686,101715.33606755843
2022-11-28T02:00:00Z,2022-11-28T02:00:00Z,2022-12-01T12:00:00Z,short,0,9705,1.2037857291,1.2195067365911616,1.1880647216088385,1.219592102062723,stop,-153.40084960322588,4.0,-157.40084960322588,-1.031647090870816,101557.9352179552
2022-12-01T14:00:00Z,2022-12-01T14:00:00Z,2022-12-02T21:00:00Z,long,0,5480,1.2215555029,1.193760958363979,1.249350047436021,1.22806902915,weekend_close,35.69412385000007,4.0,31.694123850000068,0.20808397256538388,101589.6293418052
2022-12-05T02:00:00Z,2022-12-05T02:00:00Z,2022-12-06T21:00:00Z,long,0,7893,1.2325012690500001,1.2131957869155154,1.2518067511844848,1.2131108632104313,stop,-153.048473291717,4.0,-157.048473291717,-1.0306494216939877,101432.58086851348
2022-12-07T00:00:00Z,2022-12-07T00:00:00Z,2022-12-09T16:00:00Z,short,0,8705,1.2132250683,1.2307025398789708,1.1957475967210294,1.2307886890567623,stop,-152.89131868761504,4.0,-156.89131868761504,-1.0312204889787768,101275.68954982587
2022-12-12T08:00:00Z,2022-12-12T08:00:00Z,2022-12-13T13:00:00Z,short,0,14895,1.2256291999500002,1.235828013211453,1.2154303866885474,1.2359145211723779,stop,-153.19985960731563,4.0,-157.19985960731563,-1.0348133105229322,101118.48969021856
2022-12-13T15:00:00Z,2022-12-13T15:00:00Z,2022-12-15T17:00:00Z,long,0,5975,1.2420769393,1.2166917014988723,1.2674621771011276,1.2166065330797673,stop,-152.18567716589018,4.0,-156.18567716589018,-1.0297269023817095,100962.30401305266
2022-12-19T01:00:00Z,2022-12-19T01:00:00Z,2022-12-22T11:00:00Z,short,0,11716,1.2178247463,1.2307506907257753,1.2048988018742248,1.204983144790356,target,150.4522032869888,4.0,146.4522032869888,0.9670618754191569,101108.75621633965
2022-12-22T19:00:00Z,2022-12-22T19:00:00Z,2022-12-23T21:00:00Z,short,0,7446,1.2010859181,1.221452549616721,1.180719286583279,1.20398927335,weekend_close,-21.618383191499714,4.0,-25.618383191499714,-0.1689310492517067,101083.13783314815
2022-12-26T02:00:00Z,2022-12-26T02:00:00Z,2022-12-30T21:00:00Z,short,0,17723,1.2070305019499998,1.2155853251938766,1.198475678706123,1.2097946797,weekend_close,-48.989522263254656,4.0,-52.989522263254656,-0.3494956106972255,101030.1483108849
2023-01-03T01:00:00Z,2023-01-03T01:00:00Z,2023-01-03T08:00:00Z,long,0,14502,1.20550937975,1.1950600357438448,1.2159587237561553,1.1949763815413428,stop,-152.74954002194778,4.0,-156.74954002194778,-1.0344019898821175,100873.39877086296
2023-01-03T16:00:00Z,2023-01-03T16:00:00Z,2023-01-06T10:00:00Z,short,0,9800,1.200815937,1.2162551034305717,1.1853767705694283,1.185459746943368,target,150.49066255499275,4.0,146.49066255499275,0.9681887204562138,101019.88943341795
2023-01-09T00:00:00Z,2023-01-09T00:00:00Z,2023-01-13T21:00:00Z,long,0,5013,1.2120948407,1.1818731637845612,1.242316517615439,1.2227144040000002,weekend_close,53.23587082290067,4.0,49.23587082290067,0.3249865298178423,101069.12530424085
2023-01-16T02:00:00Z,2023-01-16T02:00:00Z,2023-01-20T21:00:00Z,long,0,8595,1.22724090085,1.2096038801216888,1.2448779215783112,1.23933824025,weekend_close,103.9766321429992,4.0,99.9766321429992,0.6595191289029175,101169.10193638384
2023-01-23T01:00:00Z,2023-01-23T01:00:00Z,2023-01-24T14:00:00Z,long,0,9380,1.24256197325,1.2263839113017114,1.2587400351982885,1.2262980644279202,stop,-152.55546475110788,4.0,-156.55546475110788,-1.0316654805648573,101012.54647163274
2023-01-24T19:00:00Z,2023-01-24T19:00:00Z,2023-01-27T21:00:00Z,short,0,10244,1.23300868335,1.2477993758268917,1.2182179908731083,1.2384766873000002,weekend_close,-56.01423246380136,4.0,-60.01423246380136,-0.396092098516949,100952.53223916894
2023-01-30T03:00:00Z,2023-01-30T03:00:00Z,2023-02-01T19:00:00Z,long,0,13724,1.23920173805,1.2281684183220138,1.2502350577779862,1.2280824465327314,stop,-152.60115678299493,4.0,-156.60115678299493,-1.0342083810012042,100795.93108238594
2023-02-02T05:00:00Z,2023-02-02T05:00:00Z,2023-02-02T21:00:00Z,long,0,9155,1.23910173105,1.2225873457176202,1.25561611638238,1.22250176460342,stop,-151.97269281844106,4.0,-155.97269281844106,-1.031639132773408,100639.9583895675
2023-02-06T21:00:00Z,2023-02-06T21:00:00Z,2023-02-09T13:00:00Z,short,0,9296,1.20223083795,1.218469775419958,1.1859919004800419,1.2185550683042374,stop,-151.7500453729915,4.0,-155.7500453729915,-1.0317499518795805,100484.20834419451
2023-02-14T13:00:00Z,2023-02-14T13:00:00Z,2023-02-15T13:00:00Z,long,0,7735,1.2211954777,1.201710367721387,1.2406805876786131,1.2016262479956465,stop,-151.36799176317422,4.0,-155.36799176317422,-1.0308568776514464,100328.84035243135
2023-02-16T21:00:00Z,2023-02-16T21:00:00Z,2023-02-17T21:00:00Z,short,0,9242,1.1991760517999999,1.215458752543288,1.1828933510567117,1.2038942667,weekend_close,-43.605742105802214,4.0,-47.605742105802214,-0.3163493411195218,100281.23461032554
2023-02-20T00:00:00Z,2023-02-20T00:00:00Z,2023-02-24T21:00:00Z,long,0,9600,1.2029892033499998,1.1873211724457973,1.2186572342542024,1.1944963793999999,weekend_close,-81.53110991999952,4.0,-85.53110991999952,-0.5686413737080948,100195.70350040554
2023-02-27T10:00:00Z,2023-02-27T10:00:00Z,2023-02-28T08:00:00Z,short,0,14655,1.19730118305,1.2075564873918545,1.1870458787081455,1.2076410163459719,stop,-151.53025695246788,4.0,-155.53025695246788,-1.0348574093739433,100040.17324345307
2023-02-28T13:00:00Z,2023-02-28T13:00:00Z,2023-03-02T13:00:00Z,long,0,8540,1.2103747203000002,1.1928042308456028,1.2279452097543975,1.1927207345494437,stop,-150.76503830975193,4.0,-154.76503830975193,-1.031409504700078,99885.40820514332
2023-03-07T05:00:00Z,2023-03-07T05:00:00Z,2023-03-07T15:00:00Z,long,0,11960,1.2046043164,1.1920771825420176,1.2171314502579824,1.1919937371392395,stop,-150.82252795869533,4.0,-154.82252795869533,-1.033359072238769,99730.58567718463
2023-03-07T19:00:00Z,2023-03-07T19:00:00Z,2023-03-10T21:00:00Z,short,0,5030,1.1830621798499998,1.2127983215234217,1.153326038176578,1.2028441932,weekend_close,-99.50352715050091,4.0,-103.50352715050091,-0.6919943482991513,99627.08215003413
2023-03-13T03:00:00Z,2023-03-13T03:00:00Z,2023-03-17T20:00:00Z,long,0,5860,1.2137899593500001,1.188290066477307,1.2392898522226932,1.2179147399999999,weekend_close,24.171214608998657,4.0,20.171214608998657,0.13498828448140654,99647.25336464313
2023-03-20T13:00:00Z,2023-03-20T13:00:00Z,2023-03-24T20:00:00Z,long,0,8939,1.2231356135,1.206415368227708,1.239855858772292,1.2232243683,weekend_close,0.7933791571993194,4.0,-3.206620842800681,-0.021454383031920442,99644.04674380033
2023-03-27T18:00:00Z,2023-03-27T18:00:00Z,2023-03-31T01:00:00Z,long,0,10929,1.2280359565,1.214360302837049,1.241711610162951,1.2416246903502397,target,148.5112722492688,4.0,144.5112722492688,0.9668813979296027,99788.55801604959
2023-04-03T00:00:00Z,2023-04-03T00:00:00Z,2023-04-04T08:00:00Z,short,0,7867,1.2285439959000002,1.2475702055184417,1.2095177862815587,1.2476575354328279,stop,-150.3662155047554,4.0,-154.3662155047554,-1.0313138012239669,99634.19180054484
2023-04-04T11:00:00Z,2023-04-04T11:00:00Z,2023-04-07T20:00:00Z,long,0,6768,1.25052253045,1.2284423199390802,1.27260274096092,1.24188806175,weekend_close,-58.43808416159968,4.0,-62.43808416159968,-0.4178169064058872,99571.75371638325
2023-04-10T07:00:00Z,2023-04-10T07:00:00Z,2023-04-13T12:00:00Z,short,0,12716,1.2415230873,1.2532678387918528,1.2297783358081473,1.2533555675405683,stop,-150.46181873906608,4.0,-154.46181873906608,-1.0342530088780313,99417.29189764417
2023-04-13T13:00:00Z,2023-04-13T13:00:00Z,2023-04-14T20:00:00Z,long,0,9064,1.2532677226,1.2368165482086502,1.2697188969913498,1.2414930893999998,weekend_close,-106.72527532480147,4.0,-110.72527532480147,-0.742557289586111,99306.56662231937
2023-04-17T14:00:00Z,2023-04-17T14:00:00Z,2023-04-21T20:00:00Z,short,0,9479,1.23815832285,1.2538723031557335,1.2224443425442664,1.2432420208500001,weekend_close,-48.18837334200182,4.0,-52.18837334200182,-0.3503684829930453,99254.37824897737
2023-04-24T02:00:00Z,2023-04-24T02:00:00Z,2023-04-28T14:00:00Z,long,0,11872,1.2443070954000002,1.231767202513017,1.2568469882869833,1.2567590089978031,target,147.82911823311667,4.0,143.82911823311667,0.966115618631728,99398.20736721049
2023-05-02T00:00:00Z,2023-05-02T00:00:00Z,2023-05-05T06:00:00Z,short,0,9907,1.2483676081500001,1.2634163643317855,1.2333188519682148,1.2635048034772887,stop,-149.96419410744738,4.0,-153.96419410744738,-1.0327066277319317,99244.24317310304
2023-05-08T08:00:00Z,2023-05-08T08:00:00Z,2023-05-11T13:00:00Z,long,0,12009,1.26381346075,1.2514175542040842,1.2762093672959158,1.2513299549752899,stop,-149.91442084849402,4.0,-153.91442084849402,-1.0339372314504685,99090.32875225454
2023-05-11T17:00:00Z,2023-05-11T17:00:00Z,2023-05-12T20:00:00Z,short,0,7271,1.25119741005,1.271637974800558,1.2307568452994422,1.24604221685,weekend_close,37.483409757200135,4.0,33.483409757200135,0.22529037725552686,99123.81216201175
2023-05-15T17:00:00Z,2023-05-15T17:00:00Z,2023-05-19T20:00:00Z,long,0,9541,1.25340273205,1.237820150731215,1.2689853133687852,1.2445178776499999,weekend_close,-84.77039583040188,4.0,-88.77039583040188,-0.5970832094865421,99035.04176618134
2023-05-22T04:00:00Z,2023-05-22T04:00:00Z,2023-05-25T03:00:00Z,long,0,12043,1.24591220775,1.2335778217735762,1.2582465937264238,1.233491471326052,stop,-149.5829287536048,4.0,-153.5829287536048,-1.0339290177900469,98881.45883742774
2023-05-25T06:00:00Z,2023-05-25T06:00:00Z,2023-05-26T20:00:00Z,short,0,10175,1.2345935724,1.249169794896911,1.2200173499030889,1.2343513985499999,weekend_close,2.4641189237502745,4.0,-1.5358810762497255,-0.010355669526336772,98879.92295635148
2023-05-29T11:00:00Z,2023-05-29T11:00:00Z,2023-05-30T12:00:00Z,long,0,15137,1.2346264178,1.224828376723648,1.2444244588763518,1.2443373491642304,target,146.99436806035726,4.0,142.99436806035726,0.9641394780951261,99022.91732441184
2023-05-30T18:00:00Z,2023-05-30T18:00:00Z,2023-06-01T14:00:00Z,long,0,11288,1.23883171215,1.2256737554908959,1.2519896688091043,1.2519020295322876,target,147.53774261126105,4.0,143.53774261126105,0.9664083186179836,99166.45506702311
2023-06-01T16:00:00Z,2023-06-01T16:00:00Z,2023-06-02T20:00:00Z,long,0,6893,1.25341273275,1.2318349163520501,1.2749905491479498,1.24516783215,weekend_close,-56.832099835800335,4.0,-60.832099835800335,-0.4089940933387636,99105.62296718732
2023-06-04T23:00:00Z,2023-06-04T23:00:00Z,2023-06-09T20:00:00Z,short,0,8342,1.24357794345,1.2613963005829525,1.2257595863170476,1.2571879970000002,weekend_close,-113.53506671410094,4.0,-117.53506671410094,-0.7907325441677323,98988.08790047321
2023-06-12T12:00:00Z,2023-06-12T12:00:00Z,2023-06-14T12:00:00Z,long,0,14842,1.2564079424,1.2464039909804308,1.2664118938195694,1.266323244987002,target,147.16292099628393,4.0,143.16292099628393,0.9641987175835115,99131.2508214695
2023-06-14T13:00:00Z,2023-06-14T13:00:00Z,2023-06-16T20:00:00Z,long,0,8088,1.2675687236,1.249185749411785,1.2859516977882148,1.28175527085,weekend_close,114.74079415800011,4.0,110.74079415800011,0.7448189432282911,99241.9916156275
2023-06-20T08:00:00Z,2023-06-20T08:00:00Z,2023-06-21T09:00:00Z,short,0,15338,1.2801653821499999,1.289870764242221,1.2704600000577788,1.270548932257783,target,147.49710844682255,4.0,143.49710844682255,0.9639661384817435,99385.48872407433
2023-06-21T14:00:00Z,2023-06-21T14:00:00Z,2023-06-23T20:00:00Z,short,0,10230,1.27185596385,1.286428151752653,1.257283775947347,1.27128398365,weekend_close,5.851357445999314,4.0,1.851357445999314,0.012419093041425782,99387.34008152032
2023-06-26T09:00:00Z,2023-06-26T09:00:00Z,2023-06-28T14:00:00Z,long,0,12735,1.27382416145,1.2621178325084599,1.2855304903915403,1.2620294842601842,stop,-150.205214012305,4.0,-154.205214012305,-1.0343782635894687,99233.13486750802
2023-06-29T09:00:00Z,2023-06-29T09:00:00Z,2023-06-30T20:00:00Z,short,0,11919,1.26453647625,1.2770239558842522,1.2520489966157478,1.2701289028,weekend_close,-66.65613204945035,4.0,-70.65613204945035,-0.4747175048666776,99162.47873545857
2023-07-04T05:00:00Z,2023-07-04T05:00:00Z,2023-07-07T12:00:00Z,long,0,14592,1.2687488061999999,1.258555807409032,1.2789418049909678,1.2788522790646184,target,147.42987604051382,4.0,143.42987604051382,0.9643236754144285,99305.90861149908
2023-07-11T00:00:00Z,2023-07-11T00:00:00Z,2023-07-13T07:00:00Z,long,0,9063,1.28649504835,1.2700599954142642,1.3029301012857357,1.3028388961786457,target,148.12429287101625,4.0,144.12429287101625,0.967596084484862,99450.03290437009
2023-07-13T12:00:00Z,2023-07-13T12:00:00Z,2023-07-14T20:00:00Z,long,0,7883,1.3063614389,1.2874390128525235,1.3252838649474765,1.3090783580999998,weekend_close,21.417474053598696,4.0,17.417474053598696,0.11676611454865168,99467.45037842369
2023-07-17T04:00:00Z,2023-07-17T04:00:00Z,2023-07-19T06:00:00Z,short,0,12540,1.3086683868,1.3205655731611863,1.2967712004388137,1.2968619744228445,target,148.0524112095302,4.0,144.0524112095302,0.9655588104667112,99611.50278963322
2023-07-20T13:00:00Z,2023-07-20T13:00:00Z,2023-07-21T20:00:00Z,short,0,8158,1.2870399009,1.3053540715290866,1.2687257302709134,1.2854699766,weekend_close,12.807442439400205,4.0,8.807442439400205,0.058949327702646354,99620.31023207262
2023-07-24T17:00:00Z,2023-07-24T17:00:00Z,2023-07-26T19:00:00Z,short,0,11588,1.2831501732,1.2960448707434638,1.270255475656536,1.296135593884416,stop,-150.47505489101255,4.0,-154.47505489101255,-1.0338051988643653,99465.83517718161
2023-07-26T23:00:00Z,2023-07-26T23:00:00Z,2023-07-27T19:00:00Z,long,0,10340,1.2936005457,1.279172260230809,1.3080288311691908,1.279082718172593,stop,-150.1143366333877,4.0,-154.1143366333877,-1.0330177313576985,99311.72084054822
2023-07-31T11:00:00Z,2023-07-31T11:00:00Z,2023-08-01T15:00:00Z,long,0,12533,1.28682507145,1.2749391118089703,1.2987110310910297,1.2748498660711438,stop,-150.08524901320493,4.0,-154.08524901320493,-1.0343601336838077,99157.63559153501
2023-08-02T08:00:00Z,2023-08-02T08:00:00Z,2023-08-02T14:00:00Z,short,0,14168,1.27912545495,1.2896230615368847,1.2686278483631153,1.2687166523125006,target,147.47191576809044,4.0,143.47191576809044,0.9646461966738265,99301.10750730311
2023-08-02T17:00:00Z,2023-08-02T17:00:00Z,2023-08-04T20:00:00Z,short,0,9165,1.2725109179999998,1.288762440276603,1.2562593957233967,1.27514425385,weekend_close,-24.134523065251287,4.0,-28.134523065251287,-0.18889177194521048,99272.97298423786
2023-08-07T13:00:00Z,2023-08-07T13:00:00Z,2023-08-08T11:00:00Z,short,0,21277,1.27711559565,1.284113895149222,1.270117296150778,1.2702062043615086,target,147.01111844523237,4.0,143.01111844523237,0.9604325823967464,99415.98410268308
2023-08-08T14:00:00Z,2023-08-08T14:00:00Z,2023-08-11T20:00:00Z,short,0,8875,1.26938613675,1.28618741502429,1.2525848584757098,1.26951385975,weekend_close,-1.1335416250007058,4.0,-5.1335416250007055,-0.03442757246853776,99410.85056105808
2023-08-14T00:00:00Z,2023-08-14T00:00:00Z,2023-08-18T20:00:00Z,short,0,13367,1.2693411399,1.2804959668307898,1.2581863129692104,1.27339413135,weekend_close,-54.17633671214761,4.0,-58.17633671214761,-0.39016614823999096,99352.67422434593
2023-08-21T05:00:00Z,2023-08-21T05:00:00Z,2023-08-23T10:00:00Z,long,0,14382,1.2739491702,1.2635869909994384,1.2843113494005618,1.2634985399100684,stop,-150.300964829797,4.0,-154.300964829797,-1.035376393019826,99198.37325951613
2023-08-23T16:00:00Z,2023-08-23T16:00:00Z,2023-08-25T02:00:00Z,short,0,11216,1.27120600935,1.2844722659205154,1.2579397527794844,1.258027808562179,target,147.80670003619974,4.0,143.80670003619974,0.9664796801407164,99342.17995955233
2023-08-29T02:00:00Z,2023-08-29T02:00:00Z,2023-09-01T20:00:00Z,long,0,11081,1.26257337395,1.2491269119670754,1.2760198359329247,1.2590168626499998,weekend_close,-39.40970171530256,4.0,-43.40970171530256,-0.29133980046463775,99298.77025783704
2023-09-03T23:00:00Z,2023-09-03T23:00:00Z,2023-09-08T20:00:00Z,short,0,8007,1.2587618805,1.2773629997790208,1.2401607612209793,1.2467972697,weekend_close,95.80063867559998,4.0,91.80063867559998,0.616363335213543,99390.57089651264
2023-09-11T01:00:00Z,2023-09-11T01:00:00Z,2023-09-15T15:00:00Z,short,0,15101,1.24859759205,1.2584696651749165,1.2387255189250836,1.2388122297114084,target,147.76875667507372,4.0,143.76875667507372,0.9643849977407,99534.33965318771
2023-09-18T12:00:00Z,2023-09-18T12:00:00Z,2023-09-21T11:00:00Z,short,0,12424,1.2382733147999998,1.2502903862818358,1.2262562433181639,1.2263420812551962,target,148.23364556064033,4.0,144.23364556064033,0.9660653230482571,99678.57329874835
2023-09-21T13:00:00Z,2023-09-21T13:00:00Z,2023-09-22T20:00:00Z,short,0,8031,1.2267091243500001,1.2453246902990451,1.2080935584009551,1.22411068175,weekend_close,20.868092520600673,4.0,16.868092520600673,0.11282883512202907,99695.44139126895
2023-09-25T13:00:00Z,2023-09-25T13:00:00Z,2023-09-29T20:00:00Z,short,0,10784,1.2216344795999998,1.2355012866137536,1.207767672586246,1.22004039685,weekend_close,17.19058837599824,4.0,13.190588375998239,0.08820796795405084,99708.63197964495
2023-10-02T01:00:00Z,2023-10-02T01:00:00Z,2023-10-03T10:00:00Z,short,0,11484,1.2187346826,1.2317572398321044,1.2057121253678957,1.2057965252166716,target,148.58179939014434,4.0,144.58179939014434,0.9667722295858019,99853.2137790351
2023-10-04T06:00:00Z,2023-10-04T06:00:00Z,2023-10-05T18:00:00Z,short,0,13200,1.20747047115,1.2188172186817583,1.1961237236182416,1.218902535887066,stop,-150.90325452927172,4.0,-154.90325452927172,-1.0342254471822034,99698.31052450583
2023-10-09T00:00:00Z,2023-10-09T00:00:00Z,2023-10-13T20:00:00Z,long,0,10628,1.22205053755,1.207979710746882,1.236121364353118,1.2141350046000001,weekend_close,-84.12628419259792,4.0,-88.12628419259792,-0.5892970886987805,99610.18424031323
2023-10-17T15:00:00Z,2023-10-17T15:00:00Z,2023-10-20T20:00:00Z,short,0,13348,1.21806972915,1.229263084347145,1.206876373952855,1.2164851479999998,weekend_close,21.15098919020204,4.0,17.15098919020204,0.11479228209668016,99627.33522950343
2023-10-23T13:00:00Z,2023-10-23T13:00:00Z,2023-10-24T06:00:00Z,long,0,12911,1.21652015045,1.204945567174016,1.2280947337259842,1.2280087670946234,target,148.32952949873152,4.0,144.32952949873152,0.965806115055026,99771.66475900216
2023-10-24T20:00:00Z,2023-10-24T20:00:00Z,2023-10-27T20:00:00Z,short,0,8719,1.21620985935,1.2333739650301234,1.1990457536698764,1.2124448652000002,weekend_close,32.826983993847875,4.0,28.826983993847875,0.1926244223994278,99800.491742996
2023-10-30T03:00:00Z,2023-10-30T03:00:00Z,2023-11-03T11:00:00Z,short,0,12978,1.21127020515,1.222804763031068,1.1997356472689318,1.2228903593644802,stop,-150.80636139552482,4.0,-154.80636139552482,-1.0341417710084382,99645.68538160047
2023-11-06T14:00:00Z,2023-11-06T14:00:00Z,2023-11-09T19:00:00Z,long,0,9246,1.23859169535,1.222427545348219,1.254755845351781,1.2223419754200446,stop,-150.2449104723675,4.0,-154.2449104723675,-1.0320579454692749,99491.44047112811
2023-11-10T00:00:00Z,2023-11-10T00:00:00Z,2023-11-10T21:00:00Z,short,0,9002,1.22154948555,1.2381268261221117,1.2049721449778883,1.2226805816500002,weekend_close,-10.182127092201556,4.0,-14.182127092201556,-0.09503585898487878,99477.2583440359
2023-11-13T12:00:00Z,2023-11-13T12:00:00Z,2023-11-14T13:00:00Z,long,0,12003,1.22509075035,1.2126598031469822,1.2375216975530177,1.237435071034189,target,148.16888117232193,4.0,144.16888117232193,0.9662232867053909,99621.42722520823
2023-11-16T01:00:00Z,2023-11-16T01:00:00Z,2023-11-17T21:00:00Z,short,0,11891,1.2417930684,1.2543596896541085,1.2292264471458916,1.24626223225,weekend_close,-53.14282734035081,4.0,-57.14282734035081,-0.3824061072865963,99564.28439786787
2023-11-20T06:00:00Z,2023-11-20T06:00:00Z,2023-11-24T21:00:00Z,long,0,9725,1.24812236245,1.232765986919448,1.2634787379805519,1.26012678495,weekend_close,116.74300881250001,4.0,112.74300881250001,0.754938001024436,99677.02740668037
2023-11-27T10:00:00Z,2023-11-27T10:00:00Z,2023-12-01T21:00:00Z,long,0,11544,1.2609582608999998,1.248007210150351,1.2739093116496487,1.27080603735,weekend_close,113.6827313388027,4.0,109.6827313388027,0.7336297484401018,99786.71013801917
2023-12-04T02:00:00Z,2023-12-04T02:00:00Z,2023-12-07T03:00:00Z,long,0,11613,1.2677437358499999,1.2548548892630482,1.2806325824369515,1.2547670494207999,stop,-150.6982595022999,4.0,-154.6982595022999,-1.0335391854833609,99632.01187851687
2023-12-07T09:00:00Z,2023-12-07T09:00:00Z,2023-12-08T21:00:00Z,short,0,12951,1.2568770124500002,1.2684161013645916,1.2453379235354087,1.25496284125,weekend_close,24.790431211201913,4.0,20.790431211201913,0.1391197132565201,99652.80230972808
2023-12-11T08:00:00Z,2023-12-11T08:00:00Z,2023-12-14T09:00:00Z,short,0,12539,1.2539622165000002,1.2658829017481075,1.2420415312518929,1.26597151355123,stop,-150.58457572537012,4.0,-154.58457572537012,-1.034194050086726,99498.21773400271
2023-12-14T15:00:00Z,2023-12-14T15:00:00Z,2023-12-15T21:00:00Z,long,0,5941,1.2746192171,1.2494991791720416,1.2997392550279583,1.2679612365,weekend_close,-39.55506274460001,4.0,-43.55506274460001,-0.2918493971383089,99454.6626712581
2023-12-18T14:00:00Z,2023-12-18T14:00:00Z,2023-12-27T16:00:00Z,short,0,10952,1.2666313296,1.2802520770150327,1.2530105821849673,1.2803416946604238,stop,-150.15591814176122,4.0,-154.15591814176122,-1.0333937431252036,99300.50675311635
2023-12-27T17:00:00Z,2023-12-27T17:00:00Z,2024-01-02T15:00:00Z,long,0,8282,1.27971457375,1.2617315182477478,1.2976976292522522,1.2616431970414703,stop,-149.66714190004257,4.0,-153.66714190004257,-1.0317685908819478,99146.8396112163
2024-01-02T16:00:00Z,2024-01-02T16:00:00Z,2024-01-05T21:00:00Z,short,0,7043,1.2624216243,1.2835372393062663,1.2413060092937336,1.2720190351,weekend_close,-67.59456426440066,4.0,-71.59456426440066,-0.4814139012936519,99075.2450469519
2024-01-08T00:00:00Z,2024-01-08T00:00:00Z,2024-01-12T21:00:00Z,long,0,10554,1.2718290218000001,1.257748436981856,1.2859096066181444,1.2752207282999999,weekend_close,35.79607040099745,4.0,31.79607040099745,0.2139615163278026,99107.0411173529
2024-01-15T02:00:00Z,2024-01-15T02:00:00Z,2024-01-16T10:00:00Z,short,0,13020,1.274110806,1.2855283389389698,1.26269327306103,1.2627816615901444,target,147.50546021631928,4.0,143.50546021631928,0.9653508167405938,99250.54657756921
2024-01-17T09:00:00Z,2024-01-17T09:00:00Z,2024-01-19T21:00:00Z,short,0,13875,1.26509643705,1.2758260734727533,1.2543668006272466,1.27048392765,weekend_close,-74.75143207499984,4.0,-78.75143207499984,-0.5289814738039178,99171.79514549421
2024-01-22T04:00:00Z,2024-01-22T04:00:00Z,2024-01-26T21:00:00Z,long,0,11586,1.271388991,1.2585502599686118,1.2842277220313882,1.2701510832,weekend_close,-14.342399770799922,4.0,-18.342399770799922,-0.12331063377242381,99153.4527457234
2024-01-29T03:00:00Z,2024-01-29T03:00:00Z,2024-02-02T21:00:00Z,short,0,12550,1.2698711028,1.2817215885257842,1.2580206170742159,1.26334342785,weekend_close,81.92232062250078,4.0,77.92232062250078,0.5239405366219794,99231.3750663459
2024-02-05T05:00:00Z,2024-02-05T05:00:00Z,2024-02-09T21:00:00Z,short,0,8020,1.26073674225,1.2792940821551395,1.2421794023448605,1.2627983897,weekend_close,-16.534412548999406,4.0,-20.534412548999406,-0.13797239153321733,99210.84065379691
2024-02-12T04:00:00Z,2024-02-12T04:00:00Z,2024-02-16T21:00:00Z,long,0,13759,1.26297340195,1.2521581659953782,1.273788637904622,1.25992679895,weekend_close,-41.9182106770005,4.0,-45.9182106770005,-0.30857595860517273,99164.92244311991
2024-02-19T02:00:00Z,2024-02-19T02:00:00Z,2024-02-23T21:00:00Z,long,0,11218,1.2615082994,1.248249531838602,1.274767066961398,1.2670413009000001,weekend_close,62.069210827001505,4.0,58.069210827001505,0.3904157515011353,99222.99165394691
2024-02-26T10:00:00Z,2024-02-26T10:00:00Z,2024-03-01T21:00:00Z,short,0,16275,1.26785624385,1.2770007837454567,1.2587117039545435,1.26558358465,weekend_close,36.98752847999953,4.0,32.98752847999953,0.22164958472763793,99255.9791824269
2024-03-04T02:00:00Z,2024-03-04T02:00:00Z,2024-03-07T15:00:00Z,long,0,11944,1.2660586179,1.2535944780291877,1.2785227577708123,1.2784332611777682,target,147.80273930966422,4.0,143.80273930966422,0.9659508975648321,99399.78192173658
2024-03-12T12:00:00Z,2024-03-12T12:00:00Z,2024-03-15T20:00:00Z,short,0,11275,1.2790804581,1.2923041088832317,1.2658568073167682,1.2735491422,weekend_close,62.36558677249875,4.0,58.36558677249875,0.39146138996112495,99458.14750850908
2024-03-18T05:00:00Z,2024-03-18T05:00:00Z,2024-03-22T07:00:00Z,short,0,12925,1.27305587985,1.2845976315006264,1.2615141281993736,1.2616024341883476,target,148.03578517685736,4.0,144.03578517685736,0.9655352361321429,99602.18329368594
2024-03-25T20:00:00Z,2024-03-25T20:00:00Z,2024-03-29T20:00:00Z,long,0,11990,1.2639184681,1.2514586668101149,1.276378269389885,1.2627016047000001,weekend_close,-14.590192165997884,4.0,-18.590192165997884,-0.12443815970357062,99583.59310151995
2024-04-01T06:00:00Z,2024-04-01T06:00:00Z,2024-04-05T20:00:00Z,long,0,14444,1.26291339775,1.252572188837261,1.273254606662739,1.26368653575,weekend_close,11.167205272000094,4.0,7.1672052720000945,0.04798340370954349,99590.76030679194
2024-04-08T16:00:00Z,2024-04-08T16:00:00Z,2024-04-10T13:00:00Z,short,0,19384,1.26523642725,1.2729427806336637,1.2575300738663364,1.257618100971507,target,147.6736365823086,4.0,143.6736365823086,0.9617999788174366,99734.43394337424
2024-04-11T20:00:00Z,2024-04-11T20:00:00Z,2024-04-12T12:00:00Z,short,0,14140,1.2558970810499999,1.2664763918387194,1.2453177702612803,1.2454049425051987,target,148.35883902348803,4.0,144.35883902348803,0.965020625378236,99878.79278239774
2024-04-15T23:00:00Z,2024-04-15T23:00:00Z,2024-04-19T20:00:00Z,short,0,11771,1.24473786225,1.2574650121258644,1.2320107123741357,1.23706158825,weekend_close,90.35742125400046,4.0,86.35742125400046,0.5764413772362641,99965.15020365173
2024-04-22T01:00:00Z,2024-04-22T01:00:00Z,2024-04-26T08:00:00Z,short,0,9178,1.23714839355,1.2534850343123929,1.2208117527876072,1.2535727782647947,stop,-150.74300291238558,4.0,-154.74300291238558,-1.0320487399121945,99810.40720073936
2024-04-29T08:00:00Z,2024-04-29T08:00:00Z,2024-05-03T20:00:00Z,long,0,11221,1.25311271175,1.2397714199193095,1.2664540035806906,1.254612171,weekend_close,16.825432244249395,4.0,12.825432244249395,0.08567272172656767,99823.2326329836
2024-05-06T16:00:00Z,2024-05-06T16:00:00Z,2024-05-09T11:00:00Z,long,0,12037,1.25740301205,1.244964095208104,1.2698419288918958,1.2448769477214394,stop,-150.77623632288294,4.0,-154.77623632288294,-1.0337212803005378,99668.45639666072
2024-05-09T12:00:00Z,2024-05-09T12:00:00Z,2024-05-10T20:00:00Z,short,0,11685,1.2469027107,1.2596970583731175,1.2341083630268823,1.25259267535,weekend_close,-66.48723693525183,4.0,-70.48723693525183,-0.4714803768652067,99597.96915972547
2024-05-12T23:00:00Z,2024-05-12T23:00:00Z,2024-05-15T12:00:00Z,long,0,14037,1.2526076764,1.2419652913507393,1.2632500614492608,1.2631616339449594,target,148.14590205859452,4.0,144.14590205859452,0.9649149437261384,99742.11506178406
2024-05-15T13:00:00Z,2024-05-15T13:00:00Z,2024-05-17T20:00:00Z,long,0,8895,1.2645985157000001,1.2477788927472233,1.281418138652777,1.27000609335,weekend_close,48.10040319674798,4.0,44.10040319674798,0.2947680115285858,99786.2154649808
2024-05-19T23:00:00Z,2024-05-19T23:00:00Z,2024-05-24T20:00:00Z,long,0,10779,1.2701789063,1.2562928794776036,1.2840649331223963,1.27367583645,weekend_close,37.69341008685083,4.0,33.69341008685083,0.22510673873471548,99819.90887506766
2024-05-27T14:00:00Z,2024-05-27T14:00:00Z,2024-05-31T20:00:00Z,long,0,10729,1.2770143847500002,1.2630600311558857,1.2909687383441146,1.2740858077500001,weekend_close,-31.420702633000463,4.0,-35.42070263300046,-0.2365855432223166,99784.48817243466
2024-06-03T01:00:00Z,2024-06-03T01:00:00Z,2024-06-07T20:00:00Z,long,0,11662,1.27547427695,1.2626400652076957,1.2883084886923044,1.2716959750499999,weekend_close,-44.06255675780198,4.0,-48.06255675780198,-0.321117987091397,99736.42561567687
2024-06-10T14:00:00Z,2024-06-10T14:00:00Z,2024-06-12T12:00:00Z,short,0,11399,1.27075604085,1.2838793916667814,1.2576326900332186,1.2839692632241981,stop,-150.61752184348398,4.0,-154.61752184348398,-1.0335874227515707,99581.80809383339
2024-06-13T17:00:00Z,2024-06-13T17:00:00Z,2024-06-14T20:00:00Z,short,0,10512,1.27447578045,1.2886845840714183,1.2602669768285817,1.26833377715,weekend_close,64.56473868959917,4.0,60.56473868959917,0.40548704519428386,99642.37283252299
2024-06-17T11:00:00Z,2024-06-17T11:00:00Z,2024-06-21T20:00:00Z,short,0,11218,1.26685631385,1.2801791498912019,1.253533477808798,1.2643785002999999,weekend_close,27.79611240390108,4.0,23.79611240390108,0.1592186336979548,99666.16894492689
2024-06-24T06:00:00Z,2024-06-24T06:00:00Z,2024-06-28T20:00:00Z,short,0,14253,1.2647014647,1.2751899822882697,1.2542129471117305,1.264388501,weekend_close,4.4606716161016084,4.0,0.46067161610160845,0.00308156305310733,99666.629616543
2024-07-01T03:00:00Z,2024-07-01T03:00:00Z,2024-07-05T09:00:00Z,long,0,12361,1.2662036280500002,1.254109433462875,1.2782978226371253,1.2782083417895407,target,148.39026653445993,4.0,144.39026653445993,0.9658448308420506,99811.01988307746
2024-07-08T14:00:00Z,2024-07-08T14:00:00Z,2024-07-12T14:00:00Z,long,0,10419,1.2841998877,1.269830609560738,1.2985691658392622,1.2984782659976535,target,148.76642348325117,4.0,144.76642348325117,0.9669563188720937,99955.78630656071
2024-07-15T13:00:00Z,2024-07-15T13:00:00Z,2024-07-19T20:00:00Z,long,0,12565,1.2978058400499999,1.2858739749183248,1.309737705181675,1.29131460165,weekend_close,-81.56241049599984,4.0,-85.56241049599984,-0.5707056636066921,99870.22389606471
2024-07-22T08:00:00Z,2024-07-22T08:00:00Z,2024-07-26T20:00:00Z,short,0,14075,1.29231453165,1.3029574014537546,1.2816716618462454,1.28665505955,weekend_close,79.65706980750087,4.0,75.65706980750087,0.5050592903634746,99945.8809658722
2024-07-29T06:00:00Z,2024-07-29T06:00:00Z,2024-08-01T09:00:00Z,long,0,14372,1.2872801033,1.2768489981719369,1.2977112084280633,1.276759618742065,stop,-151.2004040666446,4.0,-155.2004040666446,-1.0352501847961892,99790.68056180555
2024-08-01T15:00:00Z,2024-08-01T15:00:00Z,2024-08-02T20:00:00Z,short,0,9648,1.27915545285,1.2946690293135537,1.2636418763864463,1.28075464655,weekend_close,-15.429020817599476,4.0,-19.429020817599476,-0.1298080686234255,99771.25154098796
2024-08-05T15:00:00Z,2024-08-05T15:00:00Z,2024-08-09T20:00:00Z,short,0,12197,1.2757906883999999,1.2880603720970694,1.2635210047029304,1.2760293158,weekend_close,-2.910538397801651,4.0,-6.910538397801651,-0.0461769765029157,99764.34100259015
2024-08-11T23:00:00Z,2024-08-11T23:00:00Z,2024-08-13T18:00:00Z,long,0,13612,1.27523426015,1.2642410427339057,1.2862274775660942,1.2861374416426645,target,148.41410647815,4.0,144.41410647815,0.9650789874183665,99908.7551090683
2024-08-15T02:00:00Z,2024-08-15T02:00:00Z,2024-08-16T18:00:00Z,short,0,13121,1.28264520855,1.294066107218306,1.271224309881694,1.2941566918458112,stop,-151.04217232433874,4.0,-155.04217232433874,-1.0346241965615157,99753.71293674396
2024-08-19T20:00:00Z,2024-08-19T20:00:00Z,2024-08-23T14:00:00Z,long,0,9812,1.29908592965,1.2838371483160327,1.3143347109839671,1.3142427075541983,target,148.7183047959941,4.0,144.7183047959941,0.9672322985280146,99898.43124153996
2024-08-27T12:00:00Z,2024-08-27T12:00:00Z,2024-08-30T20:00:00Z,long,0,11274,1.3221525442,1.308862244504938,1.3354428438950618,1.31230313235,weekend_close,-111.04226919689863,4.0,-115.04226919689863,-0.7677938598748412,99783.38897234306
2024-09-03T01:00:00Z,2024-09-03T01:00:00Z,2024-09-06T12:00:00Z,long,0,15371,1.31381696075,1.3040798923900336,1.3235540291099666,1.323461380327929,target,148.24437333234405,4.0,144.24437333234405,0.9637592062814967,99927.63334567541
2024-09-09T00:00:00Z,2024-09-09T00:00:00Z,2024-09-13T20:00:00Z,short,0,10580,1.31306307915,1.3272300790657894,1.2988960792342106,1.31246686625,weekend_close,6.307932481998866,4.0,2.307932481998866,0.015397830708559337,99929.9412781574
2024-09-16T07:00:00Z,2024-09-16T07:00:00Z,2024-09-20T06:00:00Z,long,0,10304,1.3170221851,1.3024751829740318,1.331569187225968,1.3314759773828622,target,148.93187568261266,4.0,144.93187568261266,0.9669066796924085,100074.87315384002
2024-09-24T13:00:00Z,2024-09-24T13:00:00Z,2024-09-27T20:00:00Z,long,0,9779,1.3387887086499999,1.3234383068757292,1.3541391104242706,1.33739137605,weekend_close,-13.664515495398597,4.0,-17.664515495398597,-0.1176759022780819,100057.20863834461
2024-09-30T02:00:00Z,2024-09-30T02:00:00Z,2024-10-01T15:00:00Z,short,0,13619,1.3380163322999998,1.349036277341491,1.3269963872585087,1.3270892770056169,target,148.8155660542018,4.0,144.8155660542018,0.9649184214342642,100202.02420439881
2024-10-02T17:00:00Z,2024-10-02T17:00:00Z,2024-10-03T08:00:00Z,short,0,11699,1.3270271016000001,1.3398737849264368,1.3141804182735635,1.3142724109028425,target,149.21712646604703,4.0,145.21712646604703,0.9662245746101465,100347.24133086485
2024-10-07T11:00:00Z,2024-10-07T11:00:00Z,2024-10-11T20:00:00Z,short,0,9086,1.3063385499,1.3229036508033845,1.2897734489966155,1.3068114704000002,weekend_close,-4.296955663002283,4.0,-8.296955663002283,-0.0551254250547307,100338.94437520186
2024-10-14T07:00:00Z,2024-10-14T07:00:00Z,2024-10-18T20:00:00Z,short,0,14696,1.3063385499,1.3165797895372395,1.2960973102627604,1.3051113514000001,weekend_close,18.034909155997937,4.0,14.034909155997937,0.09325195258723884,100352.97928435785
2024-10-21T01:00:00Z,2024-10-21T01:00:00Z,2024-10-23T16:00:00Z,long,0,13219,1.3044063020499999,1.293019415716132,1.3157931883838676,1.292928904357032,stop,-151.719720103342,4.0,-155.719720103342,-1.034522704236713,100197.2595642545
2024-10-24T16:00:00Z,2024-10-24T16:00:00Z,2024-10-25T20:00:00Z,long,0,12133,1.2964107424,1.284023968139494,1.308797516660506,1.2959242789499998,weekend_close,-5.902261038851709,4.0,-9.902261038851709,-0.06588824657914981,100187.35730321566
2024-10-28T03:00:00Z,2024-10-28T03:00:00Z,2024-11-01T20:00:00Z,short,0,12265,1.29512433495,1.307376283264632,1.2828723866353677,1.29256547325,weekend_close,31.384438750498273,4.0,27.384438750498273,0.18223472502720786,100214.74174196615
2024-11-04T04:00:00Z,2024-11-04T04:00:00Z,2024-11-08T21:00:00Z,long,0,9034,1.2994309538,1.2827926330617259,1.316069274538274,1.2918995607,weekend_close,-68.03860526540055,4.0,-72.03860526540055,-0.4792650037583963,100142.70313670074
2024-11-11T12:00:00Z,2024-11-11T12:00:00Z,2024-11-12T16:00:00Z,short,0,10310,1.28845480185,1.303024425164221,1.273885178535779,1.2739743504982766,target,149.29345343626804,4.0,145.29345343626804,0.9672507110096031,100287.99659013702
2024-11-12T19:00:00Z,2024-11-12T19:00:00Z,2024-11-15T21:00:00Z,short,0,7122,1.2743207913,1.2954422819685119,1.2531993006314883,1.2621183421,weekend_close,86.90584320240094,4.0,82.90584320240094,0.5511357789053793,100370.90243333942
2024-11-18T14:00:00Z,2024-11-18T14:00:00Z,2024-11-22T09:00:00Z,short,0,12947,1.26242662395,1.2740549913235697,1.2507982565764302,1.2508858124543905,target,149.41888643365596,4.0,145.41888643365596,0.9659016828444826,100516.32131977308
2024-11-25T08:00:00Z,2024-11-25T08:00:00Z,2024-11-27T16:00:00Z,long,0,12885,1.25725300155,1.2455517778931968,1.2689542252068033,1.268865398411039,target,149.62573355448592,4.0,145.62573355448592,0.9658783301774128,100661.94705332756
2024-11-28T17:00:00Z,2024-11-28T17:00:00Z,2024-11-29T21:00:00Z,long,0,10873,1.2688488132000002,1.2549623611129037,1.2827352652870967,1.2731558728499999,weekend_close,46.83065957444638,4.0,42.83065957444638,0.28367043479195175,100704.77771290201
2024-12-02T01:00:00Z,2024-12-02T01:00:00Z,2024-12-06T13:00:00Z,long,0,14889,1.2694788573,1.259333334338114,1.279624380261886,1.2795348065552676,target,149.72302846168003,4.0,145.72302846168003,0.9646909854232052,100850.50074136369
2024-12-09T07:00:00Z,2024-12-09T07:00:00Z,2024-12-13T15:00:00Z,short,0,13025,1.27303588125,1.2846499810211336,1.2614217814788664,1.26151008100357,target,150.123548209751,4.0,146.123548209751,0.9659550666911315,100996.62428957345
2024-12-16T19:00:00Z,2024-12-16T19:00:00Z,2024-12-19T16:00:00Z,long,0,9737,1.26975387655,1.254195977064764,1.2853117760352362,1.2541081833463694,stop,-152.34211472375142,4.0,-156.34211472375142,-1.0320478910401478,100840.2821748497
2024-12-19T21:00:00Z,2024-12-19T21:00:00Z,2024-12-20T21:00:00Z,short,0,6617,1.250212479,1.2730715379582873,1.2273534200417127,1.2568179710999998,weekend_close,-43.70854122569889,4.0,-47.70854122569889,-0.3154108690394835,100792.573633624
2024-12-23T08:00:00Z,2024-12-23T08:00:00Z,2024-12-27T21:00:00Z,long,0,14215,1.2559479102,1.2453127643603958,1.266583056039604,1.2570919973999999,weekend_close,16.263199547998884,4.0,12.263199547998884,0.0811172990179351,100804.836833172
2024-12-30T15:00:00Z,2024-12-30T15:00:00Z,2025-01-02T10:00:00Z,long,0,16761,1.2556178871,1.246596891058249,1.2646388831417512,1.2465096292758748,stop,-152.66350939016377,4.0,-156.66350939016377,-1.0361280535029112,100648.17332378184
2025-01-02T16:00:00Z,2025-01-02T16:00:00Z,2025-01-03T21:00:00Z,short,0,5846,1.23740837535,1.2632330536144007,1.2115836970855993,1.24237195995,weekend_close,-29.017115571600087,4.0,-33.01711557160009,-0.2186982960448075,100615.15620821025
2025-01-06T02:00:00Z,2025-01-06T02:00:00Z,2025-01-07T07:00:00Z,long,0,12006,1.24360204605,1.2310319736663609,1.256172118433639,1.2560841863853487,target,149.86057686619745,4.0,145.86057686619745,0.9664998907407469,100761.01678507644
2025-01-07T09:00:00Z,2025-01-07T09:00:00Z,2025-01-08T11:00:00Z,long,0,8742,1.2562279298,1.2389398433149277,1.2735160162850725,1.2388531175258957,stop,-151.89060890022085,4.0,-155.89060890022085,-1.0314833563744794,100605.12617617621
2025-01-08T12:00:00Z,2025-01-08T12:00:00Z,2025-01-10T21:00:00Z,short,0,6622,1.23710839635,1.259894467501287,1.214322325198713,1.22062043745,weekend_close,109.18326383579992,4.0,105.18326383579992,0.6970886590700289,100710.30944001202
2025-01-13T07:00:00Z,2025-01-13T07:00:00Z,2025-01-17T21:00:00Z,short,0,7062,1.2142799944499998,1.23567082710274,1.1928891617972597,1.21655015255,weekend_close,-16.03185650220139,4.0,-20.03185650220139,-0.13260680065214253,100690.27758350981
2025-01-20T12:00:00Z,2025-01-20T12:00:00Z,2025-01-20T14:00:00Z,long,0,13091,1.2206754413,1.2091381784169812,1.2322127041830189,1.232126449293726,target,149.90514564586712,4.0,145.90514564586712,0.966039750769118,100836.18272915568
2025-01-21T17:00:00Z,2025-01-21T17:00:00Z,2025-01-22T10:00:00Z,short,0,35806,1.2329336886,1.237157869682966,1.228709507517034,1.2372444707338437,stop,-154.35186508440847,4.0,-158.35186508440847,-1.0469473651078776,100677.83086407128
2025-01-22T15:00:00Z,2025-01-22T15:00:00Z,2025-01-24T15:00:00Z,long,0,12472,1.2336963527000002,1.2215884539605286,1.2458042514394718,1.245717045141871,target,149.92207613501353,4.0,145.92207613501353,0.9663092072691698,100823.7529402063
2025-01-27T16:00:00Z,2025-01-27T16:00:00Z,2025-01-31T21:00:00Z,long,0,11388,1.2474373145,1.2341575209223,1.2607171080777,1.2395582248500001,weekend_close,-89.72707293419815,4.0,-93.72707293419815,-0.6197638938010257,100730.0258672721
2025-02-03T04:00:00Z,2025-02-03T04:00:00Z,2025-02-05T09:00:00Z,short,0,5766,1.22622915795,1.252429342818018,1.200028973081982,1.2525170128720153,stop,-151.57577148034053,4.0,-155.57577148034053,-1.0298239067962585,100574.45009579175
2025-02-05T12:00:00Z,2025-02-05T12:00:00Z,2025-02-07T21:00:00Z,long,0,8418,1.2532677226,1.2353466470522267,1.2711887981477732,1.23921824865,weekend_close,-118.26847171109908,4.0,-122.26847171109908,-0.8104784872549264,100452.18162408065
2025-02-10T00:00:00Z,2025-02-10T00:00:00Z,2025-02-13T19:00:00Z,short,0,9717,1.2388532742,1.2543586468811119,1.2233479015188882,1.2544464519863936,stop,-151.51890855038636,4.0,-155.51890855038636,-1.0322117243919753,100296.66271553027
2025-02-13T21:00:00Z,2025-02-13T21:00:00Z,2025-02-14T21:00:00Z,long,0,7695,1.25614292385,1.2365925632503127,1.275693284449687,1.25849689905,weekend_close,18.113839164001043,4.0,14.113839164001043,0.09381704889636515,100310.77655469427
2025-02-17T15:00:00Z,2025-02-17T15:00:00Z,2025-02-21T21:00:00Z,long,0,13273,1.2596481692000001,1.2483123990130238,1.2709839393869764,1.2631915703999999,weekend_close,47.03156412759655,4.0,43.03156412759655,0.2860006400901653,100353.80811882186
2025-02-24T01:00:00Z,2025-02-24T01:00:00Z,2025-02-28T02:00:00Z,short,0,18394,1.26657633345,1.2747598290499018,1.2583928378500981,1.2584809253487477,target,148.906936614435,4.0,144.906936614435,0.9626626896954438,100498.7150554363
2025-03-03T16:00:00Z,2025-03-03T16:00:00Z,2025-03-05T20:00:00Z,long,0,7522,1.269988893,1.2499482506349693,1.2900295353650308,1.2899392332975552,target,150.0664597182099,4.0,146.0664597182099,0.9689593017704257,100644.78151515451
2025-03-06T20:00:00Z,2025-03-06T20:00:00Z,2025-03-07T21:00:00Z,long,0,12317,1.2895102594,1.2772539998313275,1.3017665189686727,1.2914295936,weekend_close,23.64043934139877,4.0,19.64043934139877,0.13010329836633744,100664.4219544959
2025-03-10T01:00:00Z,2025-03-10T01:00:00Z,2025-03-14T20:00:00Z,long,0,11123,1.2939005666999999,1.2803259999436183,1.3074751334563814,1.2931594725,weekend_close,-8.243190786598923,4.0,-12.243190786598923,-0.08108615409076694,100652.17876370931
2025-03-17T18:00:00Z,2025-03-17T18:00:00Z,2025-03-21T20:00:00Z,long,0,9711,1.29920593805,1.2836597800157956,1.3147520960842045,1.29194455755,weekend_close,-70.51526603550133,4.0,-74.51526603550133,-0.49358076184992694,100577.66349767381
2025-03-24T16:00:00Z,2025-03-24T16:00:00Z,2025-03-28T20:00:00Z,long,0,18319,1.29126538225,1.2830301154898005,1.2995006490101995,1.2935944420499998,weekend_close,42.66604647619755,4.0,38.66604647619755,0.256301019906342,100616.32954415001
2025-03-31T04:00:00Z,2025-03-31T04:00:00Z,2025-04-02T23:00:00Z,short,0,17441,1.2956392989,1.3042923115554506,1.2869862862445496,1.3043836120172594,stop,-152.50956507811975,4.0,-156.50956507811975,-1.0370558928139488,100459.8199790719
2025-04-07T14:00:00Z,2025-04-07T14:00:00Z,2025-04-11T00:00:00Z,short,0,6337,1.2799803951,1.3037587842518394,1.2562020059481604,1.3038500473667372,stop,-151.26198641431367,4.0,-155.26198641431367,-1.0303837496414634,100304.55799265757
2025-04-14T01:00:00Z,2025-04-14T01:00:00Z,2025-04-16T05:00:00Z,long,0,8681,1.3098416824999999,1.2925117122049639,1.327171652795036,1.3270787507793402,target,149.63498973295358,4.0,145.63498973295358,0.9680508151764019,100450.19298239052
2025-04-17T06:00:00Z,2025-04-17T06:00:00Z,2025-04-18T20:00:00Z,short,0,11192,1.32090253035,1.3343646907704663,1.3074403699295336,1.3298280814499999,weekend_close,-99.89476791119921,4.0,-103.89476791119921,-0.6895586556387234,100346.29821447932
2025-04-21T01:00:00Z,2025-04-21T01:00:00Z,2025-04-25T20:00:00Z,long,0,8265,1.3347334248,1.3165231457957116,1.3529437038042884,1.3314017953500001,weekend_close,-27.535917404248952,4.0,-31.535917404248952,-0.2095299029271376,100314.76229707507
2025-04-28T07:00:00Z,2025-04-28T07:00:00Z,2025-04-28T14:00:00Z,short,0,12989,1.3295669238,1.3411511925583768,1.3179826550416234,1.341245073141856,stop,-151.6874818013656,4.0,-155.6874818013656,-1.0346878577378864,100159.0748152737
2025-04-30T03:00:00Z,2025-04-30T03:00:00Z,2025-05-01T03:00:00Z,long,0,16308,1.33913873315,1.3299262282627418,1.3483512380372582,1.3298331334267635,stop,-151.75572028654122,4.0,-155.75572028654122,-1.0367297744851196,100003.31909498716
2025-05-01T20:00:00Z,2025-05-01T20:00:00Z,2025-05-02T20:00:00Z,short,0,9960,1.32780204735,1.3428623452685713,1.3127417494314289,1.3260178147500001,weekend_close,17.770956695999356,4.0,13.770956695999356,0.09180603078191263,100017.09005168316
2025-05-05T02:00:00Z,2025-05-05T02:00:00Z,2025-05-06T12:00:00Z,short,0,13569,1.32887197245,1.3399284419662043,1.3178155029337957,1.340022236957142,stop,-151.29793909740926,4.0,-155.29793909740926,-1.0351454489424017,99861.79211258575
2025-05-06T13:00:00Z,2025-05-06T13:00:00Z,2025-05-09T20:00:00Z,long,0,7241,1.3397637769,1.3190791144934386,1.3604484393065612,1.33041186465,weekend_close,-67.71719660224907,4.0,-71.71719660224907,-0.4788244518312833,99790.07491598351
2025-05-12T16:00:00Z,2025-05-12T16:00:00Z,2025-05-16T20:00:00Z,short,0,7893,1.3190476601999999,1.3380101702365512,1.3000851501634485,1.32679786935,weekend_close,-61.17240082095104,4.0,-65.17240082095104,-0.43543746539596795,99724.90251516255
2025-05-19T08:00:00Z,2025-05-19T08:00:00Z,2025-05-23T20:00:00Z,long,0,8296,1.3368735746,1.318842388144311,1.354904761055689,1.35398021475,weekend_close,141.9166866843997,4.0,137.9166866843997,0.9219848130187331,99862.81920184696
2025-05-26T05:00:00Z,2025-05-26T05:00:00Z,2025-05-30T20:00:00Z,long,0,7572,1.35834007715,1.338558302195808,1.378121852104192,1.34582078595,weekend_close,-94.79607296640046,4.0,-98.79607296640046,-0.6595744440615046,99764.02312888055
2025-06-02T10:00:00Z,2025-06-02T10:00:00Z,2025-06-06T20:00:00Z,long,0,8915,1.3542147884,1.3374291327258963,1.3710004440741037,1.3524353229,weekend_close,-15.863934932500687,4.0,-19.863934932500687,-0.1327411654268867,99744.15919394806
2025-06-09T11:00:00Z,2025-06-09T11:00:00Z,2025-06-13T20:00:00Z,long,0,12748,1.3559849123,1.344248714763678,1.3677211098363222,1.3571649918,weekend_close,15.04365346599841,4.0,11.04365346599841,0.07381477583010766,99755.20284741405
2025-06-16T06:00:00Z,2025-06-16T06:00:00Z,2025-06-17T16:00:00Z,short,0,15742,1.3569950036999998,1.3664997365377198,1.3474902708622798,1.3475845951812402,target,148.13865090231405,4.0,144.13865090231405,0.963342300706134,99899.34149831637
2025-06-17T18:00:00Z,2025-06-17T18:00:00Z,2025-06-20T20:00:00Z,short,0,6599,1.3444258835999998,1.3671305836810637,1.321721183518936,1.34553918115,weekend_close,-7.346650532450753,4.0,-11.346650532450752,-0.07573101565762036,99887.99484778392
2025-06-23T02:00:00Z,2025-06-23T02:00:00Z,2025-06-24T06:00:00Z,short,0,9839,1.3421360439,1.3573629260854758,1.3269091617145243,1.3574579414903019,stop,-150.7521503909792,4.0,-154.7521503909792,-1.032939165046707,99733.24269739294
2025-06-25T23:00:00Z,2025-06-25T23:00:00Z,2025-06-27T20:00:00Z,long,0,9278,1.3667706672500002,1.350646752431972,1.3828945820680283,1.3704840593999998,weekend_close,34.452852367696856,4.0,30.452852367696856,0.20356500197976843,99763.69554976064
2025-06-29T23:00:00Z,2025-06-29T23:00:00Z,2025-07-02T12:00:00Z,short,0,14364,1.3723939257,1.3828116280980511,1.3619762233019488,1.36207156163758,target,148.2704373925999,4.0,144.2704373925999,0.9641175871576383,99907.96598715323
2025-07-02T15:00:00Z,2025-07-02T15:00:00Z,2025-07-04T20:00:00Z,short,0,6076,1.3592748441,1.3839388107692119,1.334610877430788,1.365595585,weekend_close,-38.40482170839939,4.0,-42.40482170839939,-0.28296619278114066,99865.56116544483
2025-07-07T09:00:00Z,2025-07-07T09:00:00Z,2025-07-11T20:00:00Z,short,0,8666,1.35796993545,1.3752554335569904,1.3406844373430098,1.34892941845,weekend_close,78.34512032200071,4.0,74.34512032200071,0.49630869643857584,99939.90628576683
2025-07-14T01:00:00Z,2025-07-14T01:00:00Z,2025-07-18T20:00:00Z,short,0,10463,1.3498005073500001,1.3641278306117959,1.3354731840882044,1.34050882905,weekend_close,97.21883005290111,4.0,93.21883005290111,0.6218453095194804,100033.12511581973
2025-07-21T02:00:00Z,2025-07-21T02:00:00Z,2025-07-22T16:00:00Z,short,0,12451,1.34114111355,1.3531922746892975,1.3290899524107025,1.3532869981485258,stop,-151.22840913624518,4.0,-155.22840913624518,-1.0345180676799133,99877.89670668349
2025-07-22T17:00:00Z,2025-07-22T17:00:00Z,2025-07-25T20:00:00Z,long,0,9446,1.3530847093,1.3372247104421375,1.3689447081578625,1.3435809427499998,weekend_close,-89.77257883130171,4.0,-93.77257883130171,-0.6259285580304875,99784.12412785219
2025-07-28T10:00:00Z,2025-07-28T10:00:00Z,2025-07-30T16:00:00Z,short,0,10486,1.3413660978000002,1.3556399343723027,1.3270922612276976,1.3271851576859837,target,148.70133803557695,4.0,144.70133803557695,0.9667673472723033,99928.82546588777
2025-07-31T14:00:00Z,2025-07-31T14:00:00Z,2025-08-01T20:00:00Z,short,0,7601,1.3187876784,1.3385064914620055,1.2990688653379947,1.3279229481000001,weekend_close,-69.43718498970003,4.0,-73.43718498970003,-0.4899643916764464,99855.38828089807
2025-08-04T01:00:00Z,2025-08-04T01:00:00Z,2025-08-07T11:00:00Z,long,0,10641,1.3262628319,1.312187222482742,1.340338441317258,1.3402446176263658,target,148.78018191425815,4.0,144.78018191425815,0.9666282150051559,100000.16846281233
2025-08-07T15:00:00Z,2025-08-07T15:00:00Z,2025-08-08T20:00:00Z,long,0,9296,1.3404788269499999,1.324342889620872,1.3566147642791277,1.3449858444,weekend_close,41.897234215201394,4.0,37.897234215201394,0.2526487781824567,100038.06569702753
2025-08-11T07:00:00Z,2025-08-11T07:00:00Z,2025-08-15T20:00:00Z,long,0,11288,1.34694927985,1.3336561516996543,1.3602424080003457,1.3548201559500002,weekend_close,88.84644941680165,4.0,84.84644941680165,0.5654438446747724,100122.91214644433
2025-08-18T03:00:00Z,2025-08-18T03:00:00Z,2025-08-20T15:00:00Z,long,0,15446,1.35508984965,1.3453672817816293,1.3648124175183705,1.3452731060719045,stop,-151.62942130726103,4.0,-155.62942130726103,-1.0363219303050353,99967.28272513708
2025-08-21T11:00:00Z,2025-08-21T11:00:00Z,2025-08-22T20:00:00Z,short,0,15340,1.34724068655,1.3570153657673643,1.3374660073326357,1.3526746805999998,weekend_close,-83.35746872699832,4.0,-87.35746872699832,-0.5826022641073471,99879.92525641008
2025-08-24T23:00:00Z,2025-08-24T23:00:00Z,2025-08-29T20:00:00Z,long,0,7770,1.3516746106,1.3323928762594692,1.3709563449405306,1.35031047165,weekend_close,-10.599359641499,4.0,-14.599359641499,-0.09744660058150506,99865.32589676858
2025-09-01T01:00:00Z,2025-09-01T01:00:00Z,2025-09-02T08:00:00Z,long,0,11614,1.3519446295,1.33904717991065,1.3648420790893498,1.3389534466080564,stop,-150.87959810703256,4.0,-154.87959810703256,-1.0339714620484173,99710.44629866155
2025-09-02T13:00:00Z,2025-09-02T13:00:00Z,2025-09-05T20:00:00Z,short,0,5314,1.3350865374,1.3632306287529496,1.3069424460470505,1.35097956195,weekend_close,-84.45553245869984,4.0,-88.45553245869984,-0.5914475256128757,99621.99076620286
2025-09-08T12:00:00Z,2025-09-08T12:00:00Z,2025-09-12T20:00:00Z,long,0,10661,1.3530347058,1.3390192240077088,1.3670501875922914,1.3554351129,weekend_close,25.590740093098834,4.0,21.590740093098834,0.1444979063418689,99643.58150629596
2025-09-15T01:00:00Z,2025-09-15T01:00:00Z,2025-09-16T14:00:00Z,long,0,14365,1.35567989095,1.3452756438767175,1.3660841380232827,1.365988512133621,target,148.08334330271524,4.0,144.08334330271524,0.964045407214585,99787.66484959867
2025-09-16T17:00:00Z,2025-09-16T17:00:00Z,2025-09-19T06:00:00Z,long,0,9752,1.3659056067,1.3505570258525406,1.3812541875474593,1.350462486860731,stop,-150.60130467255175,4.0,-154.60130467255175,-1.032883252802333,99633.06354492612
2025-09-22T19:00:00Z,2025-09-22T19:00:00Z,2025-09-25T12:00:00Z,long,0,11476,1.3517846183000002,1.3387622532602883,1.364806983339712,1.33866853990256,stop,-150.520115689024,4.0,-154.520115689024,-1.0339620997677725,99478.54342923709
2025-09-25T13:00:00Z,2025-09-25T13:00:00Z,2025-09-26T20:00:00Z,short,0,8206,1.3382863133999998,1.3564691339842916,1.320103492815708,1.3402138084,weekend_close,-15.817023970000921,4.0,-19.81702397000092,-0.13281455412446994,99458.7264052671
2025-09-28T23:00:00Z,2025-09-28T23:00:00Z,2025-10-03T20:00:00Z,long,0,11005,1.3405388311500002,1.3269828910416215,1.3540947712583788,1.3480656288,weekend_close,82.83240813824725,4.0,78.83240813824725,0.5284271281262681,99537.55881340534
2025-10-06T12:00:00Z,2025-10-06T12:00:00Z,2025-10-09T15:00:00Z,short,0,11478,1.3423960257,1.3554039975054166,1.3293880538945835,1.3294811110583562,target,148.2373902567881,4.0,144.2373902567881,0.9660554359163117,99681.79620366213
2025-10-09T19:00:00Z,2025-10-09T19:00:00Z,2025-10-10T20:00:00Z,short,0,6926,1.32804203055,1.3496300170674027,1.3064540440325974,1.3363135354,weekend_close,-57.28844259109962,4.0,-61.28844259109962,-0.40990570255289355,99620.50776107103
2025-10-13T01:00:00Z,2025-10-13T01:00:00Z,2025-10-17T20:00:00Z,long,0,10737,1.3351734556000001,1.321256503854968,1.3490904073450323,1.3424860194000001,weekend_close,78.51499752060005,4.0,74.51499752060005,0.49867387529391843,99695.02275859163
2025-10-20T07:00:00Z,2025-10-20T07:00:00Z,2025-10-22T07:00:00Z,long,0,16523,1.34176891725,1.3327186484908413,1.3508191860091587,1.332625358185447,stop,-151.07902642360918,4.0,-155.07902642360918,-1.037057141885254,99539.94373216802
2025-10-22T12:00:00Z,2025-10-22T12:00:00Z,2025-10-24T20:00:00Z,short,0,9745,1.332706704,1.3480276956149986,1.3173857123850015,1.3311531742,weekend_close,15.139147901000085,4.0,11.139147901000085,0.07460763132167676,99551.08288006902
2025-10-27T00:00:00Z,2025-10-27T00:00:00Z,2025-10-29T08:00:00Z,short,0,14368,1.3320867474,1.3424796277445934,1.3216938670554066,1.3217863856261005,target,147.99559796738774,4.0,143.99559796738774,0.9643106631731316,99695.0784780364
2025-10-29T23:00:00Z,2025-10-29T23:00:00Z,2025-10-31T20:00:00Z,short,0,9541,1.3192676448,1.3349409654294875,1.3035943241705126,1.3152870636499998,weekend_close,37.978724752152075,4.0,33.978724752152075,0.22722293305191185,99729.05720278855
2025-11-03T17:00:00Z,2025-11-03T17:00:00Z,2025-11-04T12:00:00Z,short,0,16043,1.3146879654,1.3240122861178083,1.305363644682192,1.3054550201373196,target,148.12414084918296,4.0,144.12414084918296,0.9634605681997442,99873.18134363773
2025-11-06T04:00:00Z,2025-11-06T04:00:00Z,2025-11-07T21:00:00Z,long,0,12059,1.30644644485,1.2940237647600625,1.3188691249399374,1.31603287125,weekend_close,115.60271595760084,4.0,111.60271595760084,0.7449860956015257,99984.78405959533
2025-11-10T12:00:00Z,2025-11-10T12:00:00Z,2025-11-14T21:00:00Z,long,0,10961,1.31767723095,1.3039944398021972,1.3313600220978028,1.31717279145,weekend_close,-5.529161359500099,4.0,-9.5291613595001,-0.0635374535580415,99975.25489823583
2025-11-17T11:00:00Z,2025-11-17T11:00:00Z,2025-11-19T19:00:00Z,short,0,14304,1.3153379199000002,1.3258214727409965,1.3048543670590038,1.304945706864698,target,148.6502152569633,4.0,144.6502152569633,0.9646129638027959,100119.90511349279
2025-11-24T09:00:00Z,2025-11-24T09:00:00Z,2025-11-25T17:00:00Z,long,0,13928,1.3096216671,1.2988392946345675,1.3204040395654326,1.320311611282663,target,148.88954257612875,4.0,144.88954257612875,0.9647925766456209,100264.79465606892
2025-11-26T07:00:00Z,2025-11-26T07:00:00Z,2025-11-28T21:00:00Z,long,0,10694,1.3189723216,1.3049097147195898,1.3330349284804102,1.32338235675,weekend_close,47.1609158941005,4.0,43.1609158941005,0.28700181024144245,100307.95557196302
2025-12-01T01:00:00Z,2025-12-01T01:00:00Z,2025-12-03T18:00:00Z,long,0,13522,1.3237876586500001,1.3126606697320948,1.3349146475679055,1.3348212035425757,target,149.19559403740692,4.0,145.19559403740692,0.9650167482985671,100453.15116600042
2025-12-04T19:00:00Z,2025-12-04T19:00:00Z,2025-12-05T21:00:00Z,long,0,12380,1.3344134024,1.322243140549844,1.346583664250156,1.33269170505,weekend_close,-21.314613193000632,4.0,-25.314613193000632,-0.16801603385662664,100427.83655280742
2025-12-08T02:00:00Z,2025-12-08T02:00:00Z,2025-12-12T21:00:00Z,short,0,14630,1.333606641,1.34390293402411,1.32331034797589,1.33706858825,weekend_close,-50.648288267498984,4.0,-54.648288267498984,-0.3627866884693114,100373.18826453992
2025-12-15T08:00:00Z,2025-12-15T08:00:00Z,2025-12-19T21:00:00Z,short,0,13493,1.33628145375,1.347439337671493,1.325123569828507,1.3378736446,weekend_close,-21.483431139047863,4.0,-25.483431139047863,-0.16926514690466582,100347.70483340087
2025-12-22T04:00:00Z,2025-12-22T04:00:00Z,2025-12-23T08:00:00Z,long,0,12878,1.33939875135,1.3277113598032342,1.351086142896766,1.3509915668667631,target,149.29227822487462,4.0,145.29227822487462,0.9653315912682335,100492.99711162575
2025-12-23T13:00:00Z,2025-12-23T13:00:00Z,2025-12-26T21:00:00Z,long,0,9830,1.3503245161000001,1.33499068603227,1.3656583461677303,1.3503704674500001,weekend_close,0.45170177049962623,4.0,-3.5482982295003738,-0.023540514508886577,100489.44881339624
2025-12-29T07:00:00Z,2025-12-29T07:00:00Z,2026-01-02T21:00:00Z,long,0,15420,1.3497744776,1.339999543779691,1.359549411420309,1.3456807957499999,weekend_close,-63.124574127002184,4.0,-67.12457412700218,-0.44533142651050295,100422.32423926925
2026-01-05T04:00:00Z,2026-01-05T04:00:00Z,2026-01-06T07:00:00Z,short,0,10182,1.3415110876499998,1.3563049468545205,1.3267172284454791,1.3563998882008004,stop,-151.5977672082512,4.0,-155.5977672082512,-1.0329725643060796,100266.726472061
2026-01-07T12:00:00Z,2026-01-07T12:00:00Z,2026-01-09T21:00:00Z,short,0,13444,1.34994049755,1.361126949330231,1.338754045769769,1.34006879825,weekend_close,132.71512538920123,4.0,128.71512538920123,0.8558718163022844,100395.4415974502
2026-01-12T03:00:00Z,2026-01-12T03:00:00Z,2026-01-16T21:00:00Z,short,0,14803,1.34218104075,1.3523535444401178,1.3320085370598824,1.3381386631499999,weekend_close,59.839315612803816,4.0,55.839315612803816,0.37081943816899937,100451.280913063
2026-01-19T00:00:00Z,2026-01-19T00:00:00Z,2026-01-22T16:00:00Z,short,0,15840,1.34011118565,1.3496233137179552,1.330599057582045,1.3497177873499155,stop,-152.16857092666075,4.0,-156.16857092666075,-1.0364796270620658,100295.11234213634
2026-01-22T21:00:00Z,2026-01-22T21:00:00Z,2026-01-23T21:00:00Z,long,0,8953,1.3498044797,1.333000888611323,1.366608070788677,1.36356954345,weekend_close,123.23861575374976,4.0,119.23861575374976,0.79258570761895,100414.3509578901
2026-01-26T20:00:00Z,2026-01-26T20:00:00Z,2026-01-27T20:00:00Z,long,0,9542,1.36834077715,1.3525560971131065,1.3841254571868935,1.3840285684048903,target,149.69290415416307,4.0,145.69290415416307,0.9673044933392364,100560.04386204426
2026-01-29T05:00:00Z,2026-01-29T05:00:00Z,2026-01-30T21:00:00Z,long,0,9438,1.38401187405,1.368031352627846,1.399992395472154,1.367935590433162,stop,-151.727964775717,4.0,-155.727964775717,-1.0325133821729044,100404.31589726853
2026-02-02T19:00:00Z,2026-02-02T19:00:00Z,2026-02-06T21:00:00Z,short,0,9568,1.36490944965,1.3806488821219847,1.3491700171780154,1.36099026265,weekend_close,37.498781216001504,4.0,33.498781216001504,0.22244301410251527,100437.81467848453
2026-02-09T17:00:00Z,2026-02-09T17:00:00Z,2026-02-13T21:00:00Z,long,0,9004,1.36668066095,1.349949473418096,1.383411848481904,1.3649744450999999,weekend_close,-15.362767513400732,4.0,-19.362767513400733,-0.12853019830374787,100418.45191097113
2026-02-16T00:00:00Z,2026-02-16T00:00:00Z,2026-02-17T14:00:00Z,long,0,11925,1.36481053005,1.3521796821232457,1.3774413779767543,1.3520850295454971,stop,-151.75159351619624,4.0,-155.75159351619624,-1.034050156381789,100262.70031745493
2026-02-18T08:00:00Z,2026-02-18T08:00:00Z,2026-02-19T14:00:00Z,short,0,13253,1.3560650688,1.3674123741782578,1.3447177634217422,1.3448118936651818,target,149.13833006174508,4.0,145.13833006174508,0.9651063678609646,100407.83864751668
2026-02-19T16:00:00Z,2026-02-19T16:00:00Z,2026-02-20T21:00:00Z,short,0,9207,1.3453258206,1.3616830033737795,1.3289686378262207,1.3480543572,weekend_close,-25.12163647620049,4.0,-29.12163647620049,-0.19337001310675603,100378.71701104047
2026-02-23T03:00:00Z,2026-02-23T03:00:00Z,2026-02-27T21:00:00Z,long,0,10057,1.3524296634500002,1.3374582261757046,1.3674011007242957,1.3482256176,weekend_close,-42.28008911345116,4.0,-46.28008911345116,-0.3073705408527187,100332.43692192702
2026-03-02T04:00:00Z,2026-03-02T04:00:00Z,2026-03-03T08:00:00Z,short,0,11244,1.34468086575,1.3580649312848279,1.3312968002151722,1.3313899909911873,target,149.44259578809047,4.0,145.44259578809047,0.9664574219827416,100477.8795177151
2026-03-03T10:00:00Z,2026-03-03T10:00:00Z,2026-03-06T21:00:00Z,short,0,7005,1.3297169133,1.351230041642921,1.308203784957079,1.3401738055999999,weekend_close,-73.25053056149936,4.0,-77.25053056149936,-0.5126131738589761,100400.6289871536
2026-03-08T23:00:00Z,2026-03-08T23:00:00Z,2026-03-09T15:00:00Z,long,0,21917,1.33188822565,1.3250169286142197,1.3387595226857802,1.3386658095191921,target,148.5443056610841,4.0,144.5443056610841,0.9598009087534043,100545.17329281468
2026-03-09T20:00:00Z,2026-03-09T20:00:00Z,2026-03-13T15:00:00Z,long,0,7783,1.3430240051,1.3236476316359511,1.3624003785640488,1.3235549763017367,stop,-151.52745113688317,4.0,-155.52745113688317,-1.0313059600753471,100389.6458416778
2026-03-17T17:00:00Z,2026-03-17T17:00:00Z,2026-03-20T20:00:00Z,long,0,10048,1.3348384321500002,1.3198528148751605,1.34982404942484,1.3339266186,weekend_close,-9.161902550401408,4.0,-13.161902550401408,-0.0874106616998647,100376.4839391274
2026-03-23T03:00:00Z,2026-03-23T03:00:00Z,2026-03-23T14:00:00Z,short,0,10158,1.3318367649,1.34665885067109,1.3170146791289101,1.346753116790637,stop,-151.52030250509068,4.0,-155.52030250509068,-1.0329268383613417,100220.96363662231
2026-03-24T23:00:00Z,2026-03-24T23:00:00Z,2026-03-26T08:00:00Z,short,0,19152,1.3417260726,1.3495752146787756,1.3338769305212244,1.333970301906361,target,148.53852032457576,4.0,144.53852032457576,0.961495555295509,100365.5021569469
2026-03-26T12:00:00Z,2026-03-26T12:00:00Z,2026-03-27T20:00:00Z,short,0,9997,1.3325367159,1.3475951911215593,1.3174782406784404,1.3262028277,weekend_close,63.319880335399155,4.0,59.319880335399155,0.3940484064079506,100424.8220372823
2026-03-30T13:00:00Z,2026-03-30T13:00:00Z,2026-04-03T20:00:00Z,short,0,9662,1.32272240295,1.3383115149475446,1.3071332909524553,1.3211324728,weekend_close,15.36190510929975,4.0,11.36190510929975,0.07543323750997141,100436.1839423916
2026-04-06T15:00:00Z,2026-04-06T15:00:00Z,2026-04-07T22:00:00Z,long,0,12012,1.3239126674,1.31137082361396,1.3364545111860398,1.3363609593702568,target,149.52888314672558,4.0,145.52888314672558,0.965989677749129,100581.71282553831
2026-04-08T17:00:00Z,2026-04-08T17:00:00Z,2026-04-10T20:00:00Z,long,0,8297,1.3425639729,1.3243816643477015,1.3607462814522986,1.34621075865,weekend_close,30.257381367749936,4.0,26.257381367749936,0.17405291392629144,100607.97020690606
2026-04-13T07:00:00Z,2026-04-13T07:00:00Z,2026-04-14T07:00:00Z,short,0,11913,1.3410861174,1.3537530473768737,1.3284191874231261,1.35384781009019,stop,-152.0300450182349,4.0,-156.0300450182349,-1.0339885325717744,100451.94016188782
2026-04-14T12:00:00Z,2026-04-14T12:00:00Z,2026-04-17T20:00:00Z,long,0,7650,1.35729000365,1.3375941541654952,1.3769858531345047,1.35155038485,weekend_close,-43.90808382000052,4.0,-47.90808382000052,-0.3179601175323969,100404.03207806782
2026-04-20T04:00:00Z,2026-04-20T04:00:00Z,2026-04-24T20:00:00Z,short,0,11047,1.350505458,1.3641378577788046,1.3368730582211954,1.353294724,weekend_close,-30.813021501999525,4.0,-34.81302150199953,-0.23116658153621528,100369.21905656581
2026-04-27T07:00:00Z,2026-04-27T07:00:00Z,2026-05-01T20:00:00Z,long,0,11021,1.3536847513,1.340024485727599,1.3673450168724013,1.3577699494500002,weekend_close,45.02296881115088,4.0,41.02296881115088,0.27248772424791745,100410.24202537697
2026-05-04T07:00:00Z,2026-05-04T07:00:00Z,2026-05-08T20:00:00Z,short,0,13195,1.3579849344,1.3693994527352984,1.3465704160647014,1.3629153974,weekend_close,-65.05745928499995,4.0,-69.05745928499995,-0.4585045095198467,100341.18456609196
2026-05-11T00:00:00Z,2026-05-11T00:00:00Z,2026-05-13T10:00:00Z,long,0,15044,1.3595201597500002,1.3495159308822364,1.369524388617764,1.3494214647670746,stop,-151.92476732313264,4.0,-155.92476732313264,-1.0360200523375722,100185.25979876884
2026-05-13T12:00:00Z,2026-05-13T12:00:00Z,2026-05-15T05:00:00Z,short,0,10497,1.3502854733999998,1.364600414086847,1.3359705327131526,1.3360640506504424,target,149.28227460210402,4.0,145.28227460210402,0.9668472819225348,100330.54207337093
2026-05-18T17:00:00Z,2026-05-18T17:00:00Z,2026-05-22T20:00:00Z,long,0,8011,1.3430440065,1.324258246960337,1.361829766039663,1.34329096305,weekend_close,1.9783689220505278,4.0,-2.021631077949472,-0.01343341446916771,100328.52044229298
2026-05-25T14:00:00Z,2026-05-25T14:00:00Z,2026-05-29T20:00:00Z,long,0,10866,1.3495044587,1.3356557780809437,1.3633531393190563,1.34526082515,weekend_close,-46.111322154300154,4.0,-50.111322154300154,-0.33301037264574995,100278.40912013868
2026-06-01T09:00:00Z,2026-06-01T09:00:00Z,2026-06-05T16:00:00Z,long,0,12041,1.3471742956000001,1.334683030560207,1.3596655606397932,1.334589602748068,stop,-151.5322866301156,4.0,-155.5322866301156,-1.034073901496905,100122.87683350856
2026-06-08T23:00:00Z,2026-06-08T23:00:00Z,2026-06-12T20:00:00Z,short,0,13171,1.3339966137,1.3453988758023898,1.32259435159761,1.3405138293999999,weekend_close,-85.83824798469958,4.0,-89.83824798469958,-0.5982070185742435,100033.03858552386
2026-06-15T02:00:00Z,2026-06-15T02:00:00Z,2026-06-17T19:00:00Z,long,0,11086,1.34388906565,1.3303542706252423,1.3574238606747577,1.3302611458262985,stop,-151.07911916555466,4.0,-155.07911916555466,-1.0335387599896677,99877.9594663583
2026-06-18T12:00:00Z,2026-06-18T12:00:00Z,2026-06-19T20:00:00Z,short,0,6106,1.3210025233499998,1.3455376544560889,1.2964673922439107,1.32322761945,weekend_close,-13.586436786600618,4.0,-17.58643678660062,-0.11739042430010868,99860.3730295717
2026-06-22T10:00:00Z,2026-06-22T10:00:00Z,2026-06-26T20:00:00Z,short,0,15774,1.3227474012,1.3322431747883468,1.3132516276116533,1.3198223811,weekend_close,46.13926705739926,4.0,42.13926705739926,0.2813291862538036,99902.5122966291
2026-06-29T12:00:00Z,2026-06-29T12:00:00Z,2026-07-02T08:00:00Z,long,0,11471,1.32322761945,1.31016445195207,1.3362907869479297,1.3361972465928433,target,148.77459295555713,4.0,144.77459295555713,0.9661455932304682,100047.28688958465
2026-07-06T08:00:00Z,2026-07-06T08:00:00Z,2026-07-10T02:00:00Z,short,0,14491,1.3347865584,1.345142030016982,1.324431086783018,1.3452361899590832,stop,-151.42561092267442,4.0,-155.42561092267442,-1.0357485738781302,99891.86127866198
2026-07-13T00:00:00Z,2026-07-13T00:00:00Z,2026-07-15T16:00:00Z,short,0,11473,1.33855129485,1.3516104258850392,1.3254921638149608,1.3517050386148513,stop,-150.9129022141382,4.0,-154.9129022141382,-1.033942332959933,99736.94837644784
2026-07-15T18:00:00Z,2026-07-15T18:00:00Z,2026-07-17T20:00:00Z,long,0,5886,1.35484983285,1.3294363676405196,1.3802632980594804,1.3450858374,weekend_close,-57.47087721869971,4.0,-61.47087721869971,-0.4109464815264174,99675.47749922913
2026-07-20T03:00:00Z,2026-07-20T03:00:00Z,2026-07-22T12:00:00Z,short,0,14771,1.34581078665,1.3559324440701581,1.3356891292298418,1.335782627468888,target,148.12593926420527,4.0,144.12593926420527,0.9640079566451678,99819.60343849334
2026-07-22T14:00:00Z,2026-07-22T14:00:00Z,2026-07-24T20:00:00Z,short,0,13800,1.33860129135,1.3494508114869435,1.3277517712130567,1.3324732665999999,weekend_close,84.56674155000252,4.0,80.56674155000252,0.5381039533404822,99900.17018004335
